#ifndef CONGRATS_IMAGE_H
#define CONGRATS_IMAGE_H

// '83CB0178-BD34-4DB1-A57B-23EA1C6AD36D', 256x256px
const uint16_t congrats_map [] PROGMEM = {
	0xaedc, 0xaedc, 0xaedc, 0xaedc, 0xaedc, 0xaedc, 0xaedc, 0xaedc, 0xaedc, 0xaedc, 0xaedc, 0xaedc, 0xaedc, 0xaedc, 0xaedc, 0xaedc, 
	0xaedc, 0xaedc, 0xaedc, 0xaedc, 0xaedc, 0xaedc, 0xaedc, 0xaedc, 0xaedc, 0xaedc, 0xaedc, 0xaedc, 0xaedc, 0xaedc, 0xaedc, 0xaedc, 
	0xaedc, 0xaedc, 0xaedc, 0xaedc, 0xaedc, 0xaedc, 0xaedc, 0xaedc, 0xaedc, 0xaedc, 0xaedc, 0xaedc, 0xaedc, 0xaedc, 0xaedc, 0xaedc, 
	0xaedc, 0xaedc, 0xaedc, 0xaedc, 0xaedc, 0xaedc, 0xaedc, 0xaedc, 0xaedc, 0xaedc, 0xaedc, 0xaedc, 0xaedc, 0xaedc, 0xaedc, 0xaedc, 
	0xaedc, 0xaedc, 0xaedc, 0xaedc, 0xaedc, 0xaedc, 0xaedc, 0xaedc, 0xaedc, 0xaedc, 0xaedc, 0xaedc, 0xaedc, 0xaedc, 0xaedc, 0xaedc, 
	0xaedc, 0xaedc, 0xaedc, 0xaedc, 0xaedc, 0xaedc, 0xaedc, 0xaedc, 0xaedc, 0xaedc, 0xaedc, 0xaedc, 0xaedc, 0xaedc, 0xaedc, 0xaedc, 
	0xaedc, 0xaedc, 0xaedc, 0xaedc, 0xaedc, 0xaedc, 0xaedc, 0xaedc, 0xaedc, 0xaedc, 0xaedc, 0xaedc, 0xaedc, 0xaedc, 0xaedc, 0xaedc, 
	0xaedc, 0xaedc, 0xaedc, 0xaedc, 0xaedc, 0xaedc, 0xaedc, 0xaedc, 0xaedc, 0xaedc, 0xaedc, 0xaedc, 0xaedc, 0xaedc, 0xaedc, 0xaedc, 
	0xaedc, 0xaedc, 0xaedc, 0xaedc, 0xaedc, 0xaedc, 0xaedc, 0xaedc, 0xaedc, 0xaedc, 0xaedc, 0xaedc, 0xaedc, 0xaedc, 0xaedc, 0xaedc, 
	0xaedc, 0xaedc, 0xaedc, 0xaedc, 0xaedc, 0xaedc, 0xaedc, 0xaedc, 0xaedc, 0xaedc, 0xaedc, 0xaedc, 0xaedc, 0xaedc, 0xaedc, 0xaedc, 
	0xaedc, 0xaedc, 0xaedc, 0xaedc, 0xaedc, 0xaedc, 0xaedc, 0xaedc, 0xaedc, 0xaedc, 0xaedc, 0xaedc, 0xaedc, 0xaedc, 0xaedc, 0xaedc, 
	0xaedc, 0xaedc, 0xaedc, 0xaedc, 0xaedc, 0xaedc, 0xaedc, 0xaedc, 0xaedc, 0xaedc, 0xaedc, 0xaedc, 0xaedc, 0xaedc, 0xaedc, 0xaedc, 
	0xaedc, 0xaedc, 0xaedc, 0xaedc, 0xaedc, 0xaedc, 0xaedc, 0xaedc, 0xaedc, 0xaedc, 0xaedc, 0xaedc, 0xaedc, 0xaedc, 0xaedc, 0xaedc, 
	0xaedc, 0xaedc, 0xaedc, 0xaedc, 0xaedc, 0xaedc, 0xaedc, 0xaedc, 0xaedc, 0xaedc, 0xaedc, 0xaedc, 0xaedc, 0xaedc, 0xaedc, 0xaedc, 
	0xaedc, 0xaedc, 0xaedc, 0xaedc, 0xaedc, 0xaedc, 0xaedc, 0xaedc, 0xaedc, 0xaedc, 0xaedc, 0xaedc, 0xaedc, 0xaedc, 0xaedc, 0xaedc, 
	0xaedc, 0xaedc, 0xaedc, 0xaedc, 0xaedc, 0xaedc, 0xaedc, 0xaedc, 0xaedc, 0xaedc, 0xaedc, 0xaedc, 0xaedc, 0xaedc, 0xaedc, 0xaedc, 
	0xaedc, 0xaedc, 0xaedc, 0xaedc, 0xaedc, 0xaedc, 0xaedc, 0xaedc, 0xaedc, 0xaedc, 0xaedc, 0xaedc, 0xaedc, 0xaedc, 0xaedc, 0xaedc, 
	0xaedc, 0xaedc, 0xaedc, 0xaedc, 0xaedc, 0xaedc, 0xaedc, 0xaedc, 0xaedc, 0xaedc, 0xaedc, 0xaedc, 0xaedc, 0xaedc, 0xaedc, 0xaedc, 
	0xaedc, 0xaedc, 0xaedc, 0xaedc, 0xaedc, 0xaedc, 0xaedc, 0xaedc, 0xaedc, 0xaedc, 0xaedc, 0xaedc, 0xaedc, 0xaedc, 0xaedc, 0xaedc, 
	0xaedc, 0xaedc, 0xaedc, 0xaedc, 0xaedc, 0xaedc, 0xaedc, 0xaedc, 0xaedc, 0xaedc, 0xaedc, 0xaedc, 0xaedc, 0xaedc, 0xaedc, 0xaedc, 
	0xaedc, 0xaedc, 0xaedc, 0xaedc, 0xaedc, 0xaedc, 0xaedc, 0xaedc, 0xaedc, 0xaedc, 0xaedc, 0xaedc, 0xaedc, 0xaedc, 0xaedc, 0xaedc, 
	0xaedc, 0xaedc, 0xaedc, 0xaedc, 0xaedc, 0xaedc, 0xaedc, 0xaedc, 0xaedc, 0xaedc, 0xaedc, 0xaedc, 0xaedc, 0xaedc, 0xaedc, 0xaedc, 
	0xaedc, 0xaedc, 0xaedc, 0xaedc, 0xaedc, 0xaedc, 0xaedc, 0xaedc, 0xaedc, 0xaedc, 0xaedc, 0xaedc, 0xaedc, 0xaedc, 0xaedc, 0xaedc, 
	0xaedc, 0xaedc, 0xaedc, 0xaedc, 0xaedc, 0xaedc, 0xaedc, 0xaedc, 0xaedc, 0xaedc, 0xaedc, 0xaedc, 0xaedc, 0xaedc, 0xaedc, 0xaedc, 
	0xaedc, 0xaedc, 0xaedc, 0xaedc, 0xaedc, 0xaedc, 0xaedc, 0xaedc, 0xaedc, 0xaedc, 0xaedc, 0xaedc, 0xaedc, 0xaedc, 0xaedc, 0xaedc, 
	0xaedc, 0xaedc, 0xaedc, 0xaedc, 0xaedc, 0xaedc, 0xaedc, 0xaedc, 0xaedc, 0xaedc, 0xaedc, 0xaedc, 0xaedc, 0xaedc, 0xaedc, 0xaedc, 
	0xaedc, 0xaedc, 0xaedc, 0xaedc, 0xaedc, 0xaedc, 0xaedc, 0xaedc, 0xaedc, 0xaedc, 0xaedc, 0xaedc, 0xaedc, 0xaedc, 0xaedc, 0xaedc, 
	0xaedc, 0xaedc, 0xaedc, 0xaedc, 0xaedc, 0xaedc, 0xaedc, 0xaedc, 0xaedc, 0xaedc, 0xaedc, 0xaedc, 0xaedc, 0xaedc, 0xaedc, 0xaedc, 
	0xaedc, 0xaedc, 0xaedc, 0xaedc, 0xaedc, 0xaedc, 0xaedc, 0xaedc, 0xaedc, 0xaedc, 0xaedc, 0xaedc, 0xaedc, 0xaedc, 0xaedc, 0xaedc, 
	0xaedc, 0xaedc, 0xaedc, 0xaedc, 0xaedc, 0xaedc, 0xaedc, 0xaedc, 0xaedc, 0xaedc, 0xaedc, 0xaedc, 0xaedc, 0xaedc, 0xaedc, 0xaedc, 
	0xaedc, 0xaedc, 0xaedc, 0xaedc, 0xaedc, 0xaedc, 0xaedc, 0xaedc, 0xaedc, 0xaedc, 0xaedc, 0xaedc, 0xaedc, 0xaedc, 0xaedc, 0xaedc, 
	0xaedc, 0xaedc, 0xaedc, 0xaedc, 0xaedc, 0xaedc, 0xaedc, 0xaedc, 0xaedc, 0xaedc, 0xaedc, 0xaedc, 0xaedc, 0xaedc, 0xaedc, 0xaedc, 
	0xaedc, 0xaedc, 0xaedc, 0xaedc, 0xaedc, 0xaedc, 0xaedc, 0xaedc, 0xaedc, 0xaedc, 0xaedc, 0xaedc, 0xaedc, 0xaedc, 0xaedc, 0xaedc, 
	0xaedc, 0xaedc, 0xaedc, 0xaedc, 0xaedc, 0xaedc, 0xaedc, 0xaedc, 0xaedc, 0xaedc, 0xaedc, 0xaedc, 0xaedc, 0xaedc, 0xaedc, 0xaedc, 
	0xaedc, 0xaedc, 0xaedc, 0xaedc, 0xaedc, 0xaedc, 0xaedc, 0xaedc, 0xaedc, 0xaedc, 0xaedc, 0xaedc, 0xaedc, 0xaedc, 0xaedc, 0xaedc, 
	0xaedc, 0xaedc, 0xaedc, 0xaedc, 0xaedc, 0xaedc, 0xaedc, 0xaedc, 0xaedc, 0xaedc, 0xaedc, 0xaedc, 0xaedc, 0xaedc, 0xaedc, 0xaedc, 
	0xaedc, 0xaedc, 0xaedc, 0xaedc, 0xaedc, 0xaedc, 0xaedc, 0xaedc, 0xaedc, 0xaedc, 0xaedc, 0xaedc, 0xaedc, 0xaedc, 0xaedc, 0xaedc, 
	0xaedc, 0xaedc, 0xaedc, 0xaedc, 0xaedc, 0xaedc, 0xaedc, 0xaedc, 0xaedc, 0xaedc, 0xaedc, 0xaedc, 0xaedc, 0xaedc, 0xaedc, 0xaedc, 
	0xaedc, 0xaedc, 0xaedc, 0xaedc, 0xaedc, 0xaedc, 0xaedc, 0xaedc, 0xaedc, 0xaedc, 0xaedc, 0xaedc, 0xaedc, 0xaedc, 0xaedc, 0xaedc, 
	0xaedc, 0xaedc, 0xaedc, 0xaedc, 0xaedc, 0xaedc, 0xaedc, 0xaedc, 0xaedc, 0xaedc, 0xaedc, 0xaedc, 0xaedc, 0xaedc, 0xaedc, 0xaedc, 
	0xaedc, 0xaedc, 0xaedc, 0xaedc, 0xaedc, 0xaedc, 0xaedc, 0xaedc, 0xaedc, 0xaedc, 0xaedc, 0xaedc, 0xaedc, 0xaedc, 0xaedc, 0xaedc, 
	0xaedc, 0xaedc, 0xaedc, 0xaedc, 0xaedc, 0xaedc, 0xaedc, 0xaedc, 0xaedc, 0xaedc, 0xaedc, 0xaedc, 0xaedc, 0xaedc, 0xaedc, 0xaedc, 
	0xaedc, 0xaedc, 0xaedc, 0xaedc, 0xaedc, 0xaedc, 0xaedc, 0xaedc, 0xaedc, 0xaedc, 0xaedc, 0xaedc, 0xaedc, 0xaedc, 0xaedc, 0xaedc, 
	0xaedc, 0xaedc, 0xaedc, 0xaedc, 0xaedc, 0xaedc, 0xaedc, 0xaedc, 0xaedc, 0xaedc, 0xaedc, 0xaedc, 0xaedc, 0xaedc, 0xaedc, 0xaedc, 
	0xaedc, 0xaedc, 0xaedc, 0xaedc, 0xaedc, 0xaedc, 0xaedc, 0xaedc, 0xaedc, 0xaedc, 0xaedc, 0xaedc, 0xaedc, 0xaedc, 0xaedc, 0xaedc, 
	0xaedc, 0xaedc, 0xaedc, 0xaedc, 0xaedc, 0xaedc, 0xaedc, 0xaedc, 0xaedc, 0xaedc, 0xaedc, 0xaedc, 0xaedc, 0xaedc, 0xaedc, 0xaedc, 
	0xaedc, 0xaedc, 0xaedc, 0xaedc, 0xaedc, 0xaedc, 0xaedc, 0xaedc, 0xaedc, 0xaedc, 0xaedc, 0xaedc, 0xaedc, 0xaedc, 0xaedc, 0xaedc, 
	0xaedc, 0xaedc, 0xaedc, 0xaedc, 0xaedc, 0xaedc, 0xaedc, 0xaedc, 0xaedc, 0xaedc, 0xaedc, 0xaedc, 0xaedc, 0xaedc, 0xaedc, 0xaedc, 
	0xaedc, 0xaedc, 0xaedc, 0xaedc, 0xaedc, 0xaedc, 0xaedc, 0xaedc, 0xaedc, 0xaedc, 0xaedc, 0xaedc, 0xaedc, 0xaedc, 0xaedc, 0xaedc, 
	0xaedc, 0xaedc, 0xaedc, 0xaedc, 0xaedc, 0xaedc, 0xaedc, 0xaedc, 0xaedc, 0xaedc, 0xaedc, 0xaedc, 0xaedc, 0xaedc, 0xaedc, 0xaedc, 
	0xaedc, 0xaedc, 0xaedc, 0xaedc, 0xaedc, 0xaedc, 0xaedc, 0xaedc, 0xaedc, 0xaedc, 0xaedc, 0xaedc, 0xaedc, 0xaedc, 0xaedc, 0xaedc, 
	0xaedc, 0xaedc, 0xaedc, 0xaedc, 0xaedc, 0xaedc, 0xaedc, 0xaedc, 0xaedc, 0xaedc, 0xaedc, 0xaedc, 0xaedc, 0xaedc, 0xaedc, 0xaedc, 
	0xaedc, 0xaedc, 0xaedc, 0xaedc, 0xaedc, 0xaedc, 0xaedc, 0xaedc, 0xaedc, 0xaedc, 0xaedc, 0xaedc, 0xaedc, 0xaedc, 0xaedc, 0xaedc, 
	0xaedc, 0xaedc, 0xaedc, 0xaedc, 0xaedc, 0xaedc, 0xaedc, 0xaedc, 0xaedc, 0xaedc, 0xaedc, 0xaedc, 0xaedc, 0xaedc, 0xaedc, 0xaedc, 
	0xaedc, 0xaedc, 0xaedc, 0xaedc, 0xaedc, 0xaedc, 0xaedc, 0xaedc, 0xaedc, 0xaedc, 0xaedc, 0xaedc, 0xaedc, 0xaedc, 0xaedc, 0xaedc, 
	0xaedc, 0xaedc, 0xaedc, 0xaedc, 0xaedc, 0xaedc, 0xaedc, 0xaedc, 0xaedc, 0xaedc, 0xaedc, 0xaedc, 0xaedc, 0xaedc, 0xaedc, 0xaedc, 
	0xaedc, 0xaedc, 0xaedc, 0xaedc, 0xaedc, 0xaedc, 0xaedc, 0xaedc, 0xaedc, 0xaedc, 0xaedc, 0xaedc, 0xaedc, 0xaedc, 0xaedc, 0xaedc, 
	0xaedc, 0xaedc, 0xaedc, 0xaedc, 0xaedc, 0xaedc, 0xaedc, 0xaedc, 0xaedc, 0xaedc, 0xaedc, 0xaedc, 0xaedc, 0xaedc, 0xaedc, 0xaedc, 
	0xaedc, 0xaedc, 0xaedc, 0xaedc, 0xaedc, 0xaedc, 0xaedc, 0xaedc, 0xaedc, 0xaedc, 0xaedc, 0xaedc, 0xaedc, 0xaedc, 0xaedc, 0xaedc, 
	0xaedc, 0xaedc, 0xaedc, 0xaedc, 0xaedc, 0xaedc, 0xaedc, 0xaedc, 0xaedc, 0xaedc, 0xaedc, 0xaedc, 0xaedc, 0xaedc, 0xaedc, 0xaedc, 
	0xaedc, 0xaedc, 0xaedc, 0xaedc, 0xaedc, 0xaedc, 0xaedc, 0xaedc, 0xaedc, 0xaedc, 0xaedc, 0xaedc, 0xaedc, 0xaedc, 0xaedc, 0xaedc, 
	0xaedc, 0xaedc, 0xaedc, 0xaedc, 0xaedc, 0xaedc, 0xaedc, 0xaedc, 0xaedc, 0xaedc, 0xaedc, 0xaedc, 0xaedc, 0xaedc, 0xaedc, 0xaedc, 
	0xaedc, 0xaedc, 0xaedc, 0xaedc, 0xaedc, 0xaedc, 0xaedc, 0xaedc, 0xaedc, 0xaedc, 0xaedc, 0xaedc, 0xaedc, 0xaedc, 0xaedc, 0xaedc, 
	0xaedc, 0xaedc, 0xaedc, 0xaedc, 0xaedc, 0xaedc, 0xaedc, 0xaedc, 0xaedc, 0xaedc, 0xaedc, 0xaedc, 0xaedc, 0xaedc, 0xaedc, 0xaedc, 
	0xaedc, 0xaedc, 0xaedc, 0xaedc, 0xaedc, 0xaedc, 0xaedc, 0xaedc, 0xaedc, 0xaedc, 0xaedc, 0xaedc, 0xaedc, 0xaedc, 0xaedc, 0xaedc, 
	0xaedc, 0xaedc, 0xaedc, 0xaedc, 0xaedc, 0xaedc, 0xaedc, 0xaedc, 0xaedc, 0xaedc, 0xaedc, 0xaedc, 0xaedc, 0xaedc, 0xaedc, 0xaedc, 
	0xaedc, 0xaedc, 0xaedc, 0xaedc, 0xaedc, 0xaedc, 0xaedc, 0xaedc, 0xaedc, 0xaedc, 0xaedc, 0xaedc, 0xaedc, 0xaedc, 0xaedc, 0xaedc, 
	0xaedc, 0xaedc, 0xaedc, 0xaedc, 0xaedc, 0xaedc, 0xaedc, 0xaedc, 0xaedc, 0xaedc, 0xaedc, 0xaedc, 0xaedc, 0xaedc, 0xaedc, 0xaedc, 
	0xaedc, 0xaedc, 0xaedc, 0xaedc, 0xaedc, 0xaedc, 0xaedc, 0xaedc, 0xaedc, 0xaedc, 0xaedc, 0xaedc, 0xaedc, 0xaedc, 0xaedc, 0xaedc, 
	0xaedc, 0xaedc, 0xaedc, 0xaedc, 0xaedc, 0xaedc, 0xaedc, 0xaedc, 0xaedc, 0xaedc, 0xaedc, 0xaedc, 0xaedc, 0xaedc, 0xaedc, 0xaedc, 
	0xaedc, 0xaedc, 0xaedc, 0xaedc, 0xaedc, 0xaedc, 0xaedc, 0xaedc, 0xaedc, 0xaedc, 0xaedc, 0xaedc, 0xaedc, 0xaedc, 0xaedc, 0xaedc, 
	0xaedc, 0xaedc, 0xaedc, 0xaedc, 0xaedc, 0xaedc, 0xaedc, 0xaedc, 0xaedc, 0xaedc, 0xaedc, 0xaedc, 0xaedc, 0xaedc, 0xaedc, 0xaedc, 
	0xaedc, 0xaedc, 0xaedc, 0xaedc, 0xaedc, 0xaedc, 0xaedc, 0xaedc, 0xaedc, 0xaedc, 0xaedc, 0xaedc, 0xaedc, 0xaedc, 0xaedc, 0xaedc, 
	0xaedc, 0xaedc, 0xaedc, 0xaedc, 0xaedc, 0xaedc, 0xaedc, 0xaedc, 0xaedc, 0xaedc, 0xaedc, 0xaedc, 0xaedc, 0xaedc, 0xaedc, 0xaedc, 
	0xaedc, 0xaedc, 0xaedc, 0xaedc, 0xaedc, 0xaedc, 0xaedc, 0xaedc, 0xaedc, 0xaedc, 0xaedc, 0xaedc, 0xaedc, 0xaedc, 0xaedc, 0xaedc, 
	0xaedc, 0xaedc, 0xaedc, 0xaedc, 0xaedc, 0xaedc, 0xaedc, 0xaedc, 0xaedc, 0xaedc, 0xaedc, 0xaedc, 0xaedc, 0xaedc, 0xaedc, 0xaedc, 
	0xaedc, 0xaedc, 0xaedc, 0xaedc, 0xaedc, 0xaedc, 0xaedc, 0xaedc, 0xaedc, 0xaedc, 0xaedc, 0xaedc, 0xaedc, 0xaedc, 0xaedc, 0xaedc, 
	0xaedc, 0xaedc, 0xaedc, 0xaedc, 0xaedc, 0xaedc, 0xaedc, 0xaedc, 0xaedc, 0xaedc, 0xaedc, 0xaedc, 0xaedc, 0xaedc, 0xaedc, 0xaedc, 
	0xaedc, 0xaedc, 0xaedc, 0xaedc, 0xaedc, 0xaedc, 0xaedc, 0xaedc, 0xaedc, 0xaedc, 0xaedc, 0xaedc, 0xaedc, 0xaedc, 0xaedc, 0xaedc, 
	0xaedc, 0xaedc, 0xaedc, 0xaedc, 0xaedc, 0xaedc, 0xaedc, 0xaedc, 0xaedc, 0xaedc, 0xaedc, 0xaedc, 0xaedc, 0xaedc, 0xaedc, 0xaedc, 
	0xaedc, 0xaedc, 0xaedc, 0xaedc, 0xaedc, 0xaedc, 0xaedc, 0xaedc, 0xaedc, 0xaedc, 0xaedc, 0xaedc, 0xaedc, 0xaedc, 0xaedc, 0xaedc, 
	0xaedc, 0xaedc, 0xaedc, 0xaedc, 0xaedc, 0xaedc, 0xaedc, 0xaedc, 0xaedc, 0xaedc, 0xaedc, 0xaedc, 0xaedc, 0xaedc, 0xaedc, 0xaedc, 
	0xaedc, 0xaedc, 0xaedc, 0xaedc, 0xaedc, 0xaedc, 0xaedc, 0xaedc, 0xaedc, 0xaedc, 0xaedc, 0xaedc, 0xaedc, 0xaedc, 0xaedc, 0xaedc, 
	0xaedc, 0xaedc, 0xaedc, 0xaedc, 0xaedc, 0xaedc, 0xaedc, 0xaedc, 0xaedc, 0xaedc, 0xaedc, 0xaedc, 0xaedc, 0xaedc, 0xaedc, 0xaedc, 
	0xaedc, 0xaedc, 0xaedc, 0xaedc, 0xaedc, 0xaedc, 0xaedc, 0xaedc, 0xaedc, 0xaedc, 0xaedc, 0xaedc, 0xaedc, 0xaedc, 0xaedc, 0xaedc, 
	0xaedc, 0xaedc, 0xaedc, 0xaedc, 0xaedc, 0xaedc, 0xaedc, 0xaedc, 0xaedc, 0xaedc, 0xaedc, 0xaedc, 0xaedc, 0xaedc, 0xaedc, 0xaedc, 
	0xaedc, 0xaedc, 0xaedc, 0xaedc, 0xaedc, 0xaedc, 0xaedc, 0xaedc, 0xaedc, 0xaedc, 0xaedc, 0xaedc, 0xaedc, 0xaedc, 0xaedc, 0xaedc, 
	0xaedc, 0xaedc, 0xaedc, 0xaedc, 0xaedc, 0xaedc, 0xaedc, 0xaedc, 0xaedc, 0xaedc, 0xaedc, 0xaedc, 0xaedc, 0xaedc, 0xaedc, 0xaedc, 
	0xaedc, 0xaedc, 0xaedc, 0xaedc, 0xaedc, 0xaedc, 0xaedc, 0xaedc, 0xaedc, 0xaedc, 0xaedc, 0xaedc, 0xaedc, 0xaedc, 0xaedc, 0xaedc, 
	0xaedc, 0xaedc, 0xaedc, 0xaedc, 0xaedc, 0xaedc, 0xaedc, 0xaedc, 0xaedc, 0xaedc, 0xaedc, 0xaedc, 0xaedc, 0xaedc, 0xaedc, 0xaedc, 
	0xaedc, 0xaedc, 0xaedc, 0xaedc, 0xaedc, 0xaedc, 0xaedc, 0xaedc, 0xaedc, 0xaedc, 0xaedc, 0xaedc, 0xaedc, 0xaedc, 0xaedc, 0xaedc, 
	0xaedc, 0xaedc, 0xaedc, 0xaedc, 0xaedc, 0xaedc, 0xaedc, 0xaedc, 0xaedc, 0xaedc, 0xaedc, 0xaedc, 0xaedc, 0xaedc, 0xaedc, 0xaedc, 
	0xaedc, 0xaedc, 0xaedc, 0xaedc, 0xaedc, 0xaedc, 0xaedc, 0xaedc, 0xaedc, 0xaedc, 0xaedc, 0xaedc, 0xaedc, 0xaedc, 0xaedc, 0xaedc, 
	0xaedc, 0xaedc, 0xaedc, 0xaedc, 0xaedc, 0xaedc, 0xaedc, 0xaedc, 0xaedc, 0xaedc, 0xaedc, 0xaedc, 0xaedc, 0xaedc, 0xaedc, 0xaedc, 
	0xaedc, 0xaedc, 0xaedc, 0xaedc, 0xaedc, 0xaedc, 0xaedc, 0xaedc, 0xaedc, 0xaedc, 0xaedc, 0xaedc, 0xaedc, 0xaedc, 0xaedc, 0xaedc, 
	0xaedc, 0xaedc, 0xaedc, 0xaedc, 0xaedc, 0xaedc, 0xaedc, 0xaedc, 0xaedc, 0xaedc, 0xaedc, 0xaedc, 0xaedc, 0xaedc, 0xaedc, 0xaedc, 
	0xaedc, 0xaedc, 0xaedc, 0xaedc, 0xaedc, 0xaedc, 0xaedc, 0xaedc, 0xaedc, 0xaedc, 0xaedc, 0xaedc, 0xaedc, 0xaedc, 0xaedc, 0xaedc, 
	0xaedc, 0xaedc, 0xaedc, 0xaedc, 0xaedc, 0xaedc, 0xaedc, 0xaedc, 0xaedc, 0xaedc, 0xaedc, 0xaedc, 0xaedc, 0xaedc, 0xaedc, 0xaedc, 
	0xaedc, 0xaedc, 0xaedc, 0xaedc, 0xaedc, 0xaedc, 0xaedc, 0xaedc, 0xaedc, 0xaedc, 0xaedc, 0xaedc, 0xaedc, 0xaedc, 0xaedc, 0xaedc, 
	0xaedc, 0xaedc, 0xaedc, 0xaedc, 0xaedc, 0xaedc, 0xaedc, 0xaedc, 0xaedc, 0xaedc, 0xaedc, 0xaedc, 0xaedc, 0xaedc, 0xaedc, 0xaedc, 
	0xaedc, 0xaedc, 0xaedc, 0xaedc, 0xaedc, 0xaedc, 0xaedc, 0xaedc, 0xaedc, 0xaedc, 0xaedc, 0xaedc, 0xaedc, 0xaedc, 0xaedc, 0xaedc, 
	0xaedc, 0xaedc, 0xaedc, 0xaedc, 0xaedc, 0xaedc, 0xaedc, 0xaedc, 0xaedc, 0xaedc, 0xaedc, 0xaedc, 0xaedc, 0xaedc, 0xaedc, 0xaedc, 
	0xaedc, 0xaedc, 0xaedc, 0xaedc, 0xaedc, 0xaedc, 0xaedc, 0xaedc, 0xaedc, 0xaedc, 0xaedc, 0xaedc, 0xaedc, 0xaedc, 0xaedc, 0xaedc, 
	0xaedc, 0xaedc, 0xaedc, 0xaedc, 0xaedc, 0xaedc, 0xaedc, 0xaedc, 0xaedc, 0xaedc, 0xaedc, 0xaedc, 0xaedc, 0xaedc, 0xaedc, 0xaedc, 
	0xaedc, 0xaedc, 0xaedc, 0xaedc, 0xaedc, 0xaedc, 0xaedc, 0xaedc, 0xaedc, 0xaedc, 0xaedc, 0xaedc, 0xaedc, 0xaedc, 0xaedc, 0xaedc, 
	0xaedc, 0xaedc, 0xaedc, 0xaedc, 0xaedc, 0xaedc, 0xaedc, 0xaedc, 0xaedc, 0xaedc, 0xaedc, 0xaedc, 0xaedc, 0xaedc, 0xaedc, 0xaedc, 
	0xaedc, 0xaedc, 0xaedc, 0xaedc, 0xaedc, 0xaedc, 0xaedc, 0xaedc, 0xaedc, 0xaedc, 0xaedc, 0xaedc, 0xaedc, 0xaedc, 0xaedc, 0xaedc, 
	0xaedc, 0xaedc, 0xaedc, 0xaedc, 0xaedc, 0xaedc, 0xaedc, 0xaedc, 0xaedc, 0xaedc, 0xaedc, 0xaedc, 0xaedc, 0xaedc, 0xaedc, 0xaedc, 
	0xaedc, 0xaedc, 0xaedc, 0xaedc, 0xaedc, 0xaedc, 0xaedc, 0xaedc, 0xaedc, 0xaedc, 0xaedc, 0xaedc, 0xaedc, 0xaedc, 0xaedc, 0xaedc, 
	0xaedc, 0xaedc, 0xaedc, 0xaedc, 0xaedc, 0xaedc, 0xaedc, 0xaedc, 0xaedc, 0xaedc, 0xaedc, 0xaedc, 0xaedc, 0xaedc, 0xaedc, 0xaedc, 
	0xaedc, 0xaedc, 0xaedc, 0xaedc, 0xaedc, 0xaedc, 0xaedc, 0xaedc, 0xaedc, 0xaedc, 0xaedc, 0xaedc, 0xaedc, 0xaedc, 0xaedc, 0xaedc, 
	0xaedc, 0xaedc, 0xaedc, 0xaedc, 0xaedc, 0xaedc, 0xaedc, 0xaedc, 0xaedc, 0xaedc, 0xaedc, 0xaedc, 0xaedc, 0xaedc, 0xaedc, 0xaedc, 
	0xaedc, 0xaedc, 0xaedc, 0xaedc, 0xaedc, 0xaedc, 0xaedc, 0xaedc, 0xaedc, 0xaedc, 0xaedc, 0xaedc, 0xaedc, 0xaedc, 0xaedc, 0xaedc, 
	0xaedc, 0xaedc, 0xaedc, 0xaedc, 0xaedc, 0xaedc, 0xaedc, 0xaedc, 0xaedc, 0xaedc, 0xaedc, 0xaedc, 0xaedc, 0xaedc, 0xaedc, 0xaedc, 
	0xaedc, 0xaedc, 0xaedc, 0xaedc, 0xaedc, 0xaedc, 0xaedc, 0xaedc, 0xaedc, 0xaedc, 0xaedc, 0xaedc, 0xaedc, 0xaedc, 0xaedc, 0xaedc, 
	0xaedc, 0xaedc, 0xaedc, 0xaedc, 0xaedc, 0xaedc, 0xaedc, 0xaedc, 0xaedc, 0xaedc, 0xaedc, 0xaedc, 0xaedc, 0xaedc, 0xaedc, 0xaedc, 
	0xaedc, 0xaedc, 0xaedc, 0xaedc, 0xaedc, 0xaedc, 0xaedc, 0xaedc, 0xaedc, 0xaedc, 0xaedc, 0xaedc, 0xaedc, 0xaedc, 0xaedc, 0xaedc, 
	0xaedc, 0xaedc, 0xaedc, 0xaedc, 0xaedc, 0xaedc, 0xaedc, 0xaedc, 0xaedc, 0xaedc, 0xaedc, 0xaedc, 0xaedc, 0xaedc, 0xaedc, 0xaedc, 
	0xaedc, 0xaedc, 0xaedc, 0xaedc, 0xaedc, 0xaedc, 0xaedc, 0xaedc, 0xaedc, 0xaedc, 0xaedc, 0xaedc, 0xaedc, 0xaedc, 0xaedc, 0xaedc, 
	0xaedc, 0xaedc, 0xaedc, 0xaedc, 0xaedc, 0xaedc, 0xaedc, 0xaedc, 0xaedc, 0xaedc, 0xaedc, 0xaedc, 0xaedc, 0xaedc, 0xaedc, 0xaedc, 
	0xaedc, 0xaedc, 0xaedc, 0xaedc, 0xaedc, 0xaedc, 0xaedc, 0xaedc, 0xaedc, 0xaedc, 0xaedc, 0xaedc, 0xaedc, 0xaedc, 0xaedc, 0xaedc, 
	0xaedc, 0xaedc, 0xaedc, 0xaedc, 0xaedc, 0xaedc, 0xaedc, 0xaedc, 0xaedc, 0xaedc, 0xaedc, 0xaedc, 0xaedc, 0xaedc, 0xaedc, 0xaedc, 
	0xaedc, 0xaedc, 0xaedc, 0xaedc, 0xaedc, 0xaedc, 0xaedc, 0xaedc, 0xaedc, 0xaedc, 0xaedc, 0xaedc, 0xaedc, 0xaedc, 0xaedc, 0xaedc, 
	0xaedc, 0xaedc, 0xaedc, 0xaedc, 0xaedc, 0xaedc, 0xaedc, 0xaedc, 0xaedc, 0xaedc, 0xaedc, 0xaedc, 0xaedc, 0xaedc, 0xaedc, 0xaedc, 
	0xaedc, 0xaedc, 0xaedc, 0xaedc, 0xaedc, 0xaedc, 0xaedc, 0xaedc, 0xaedc, 0xaedc, 0xaedc, 0xaedc, 0xaedc, 0xaedc, 0xaedc, 0xaedc, 
	0xaedc, 0xaedc, 0xaedc, 0xaedc, 0xaedc, 0xaedc, 0xaedc, 0xaedc, 0xaedc, 0xaedc, 0xaedc, 0xaedc, 0xaedc, 0xaedc, 0xaedc, 0xaedc, 
	0xaedc, 0xaedc, 0xaedc, 0xaedc, 0xaedc, 0xaedc, 0xaedc, 0xaedc, 0xaedc, 0xaedc, 0xaedc, 0xaedc, 0xaedc, 0xaedc, 0xaedc, 0xaedc, 
	0xaedc, 0xaedc, 0xaedc, 0xaedc, 0xaedc, 0xaedc, 0xaedc, 0xaedc, 0xaedc, 0xaedc, 0xaedc, 0xaedc, 0xaedc, 0xaedc, 0xaedc, 0xaedc, 
	0xaedc, 0xaedc, 0xaedc, 0xaedc, 0xaedc, 0xaedc, 0xaedc, 0xaedc, 0xaedc, 0xaedc, 0xaedc, 0xaedc, 0xaedc, 0xaedc, 0xaedc, 0xaedc, 
	0xaedc, 0xaedc, 0xaedc, 0xaedc, 0xaedc, 0xaedc, 0xaedc, 0xaedc, 0xaedc, 0xaedc, 0xaedc, 0xaedc, 0xaedc, 0xaedc, 0xaedc, 0xaedc, 
	0xaedc, 0xaedc, 0xaedc, 0xaedc, 0xaedc, 0xaedc, 0xaedc, 0xaedc, 0xaedc, 0xaedc, 0xaedc, 0xaedc, 0xaedc, 0xaedc, 0xaedc, 0xaedc, 
	0xaedc, 0xaedc, 0xaedc, 0xaedc, 0xaedc, 0xaedc, 0xaedc, 0xaedc, 0xaedc, 0xaedc, 0xaedc, 0xaedc, 0xaedc, 0xaedc, 0xaedc, 0xaedc, 
	0xaedc, 0xaedc, 0xaedc, 0xaedc, 0xaedc, 0xaedc, 0xaedc, 0xaedc, 0xaedc, 0xaedc, 0xaedc, 0xaedc, 0xaedc, 0xaedc, 0xaedc, 0xaedc, 
	0xaedc, 0xaedc, 0xaedc, 0xaedc, 0xaedc, 0xaedc, 0xaedc, 0xaedc, 0xaedc, 0xaedc, 0xaedc, 0xaedc, 0xaedc, 0xaedc, 0xaedc, 0xaedc, 
	0xaedc, 0xaedc, 0xaedc, 0xaedc, 0xaedc, 0xaedc, 0xaedc, 0xaedc, 0xaedc, 0xaedc, 0xaedc, 0xaedc, 0xaedc, 0xaedc, 0xaedc, 0xaedc, 
	0xaedc, 0xaedc, 0xaedc, 0xaedc, 0xaedc, 0xaedc, 0xaedc, 0xaedc, 0xaedc, 0xaedc, 0xaedc, 0xaedc, 0xaedc, 0xaedc, 0xaedc, 0xaedc, 
	0xaedc, 0xaedc, 0xaedc, 0xaedc, 0xaedc, 0xaedc, 0xaedc, 0xaedc, 0xaedc, 0xaedc, 0xaedc, 0xaedc, 0xaedc, 0xaedc, 0xaedc, 0xaedc, 
	0xaedc, 0xaedc, 0xaedc, 0xaedc, 0xaedc, 0xaedc, 0xaedc, 0xaedc, 0xaedc, 0xaedc, 0xaedc, 0xaedc, 0xaedc, 0xaedc, 0xaedc, 0xaedc, 
	0xaedc, 0xaedc, 0xaedc, 0xaedc, 0xaedc, 0xaedc, 0xaedc, 0xaedc, 0xaedc, 0xaedc, 0xaedc, 0xaedc, 0xaedc, 0xaedc, 0xaedc, 0xaedc, 
	0xaedc, 0xaedc, 0xaedc, 0xaedc, 0xaedc, 0xaedc, 0xaedc, 0xaedc, 0xaedc, 0xaedc, 0xaedc, 0xaedc, 0xaedc, 0xaedc, 0xaedc, 0xaedc, 
	0xaedc, 0xaedc, 0xaedc, 0xaedc, 0xaedc, 0xaedc, 0xaedc, 0xaedc, 0xaedc, 0xaedc, 0xaedc, 0xaedc, 0xaedc, 0xaedc, 0xaedc, 0xaedc, 
	0xaedc, 0xaedc, 0xaedc, 0xaedc, 0xaedc, 0xaedc, 0xaedc, 0xaedc, 0xaedc, 0xaedc, 0xaedc, 0xaedc, 0xaedc, 0xaedc, 0xaedc, 0xaedc, 
	0xaedc, 0xaedc, 0xaedc, 0xaedc, 0xaedc, 0xaedc, 0xaedc, 0xaedc, 0xaedc, 0xaedc, 0xaedc, 0xaedc, 0xaedc, 0xaedc, 0xaedc, 0xaedc, 
	0xaedc, 0xaedc, 0xaedc, 0xaedc, 0xaedc, 0xaedc, 0xaedc, 0xaedc, 0xaedc, 0xaedc, 0xaedc, 0xaedc, 0xaedc, 0xaedc, 0xaedc, 0xaedc, 
	0xaedc, 0xaedc, 0xaedc, 0xaedc, 0xaedc, 0xaedc, 0xaedc, 0xaedc, 0xaedc, 0xaedc, 0xaedc, 0xaedc, 0xaedc, 0xaedc, 0xaedc, 0xaedc, 
	0xaedc, 0xaedc, 0xaedc, 0xaedc, 0xaedc, 0xaedc, 0xaedc, 0xaedc, 0xaedc, 0xaedc, 0xaedc, 0xaedc, 0xaedc, 0xaedc, 0xaedc, 0xaedc, 
	0xaedc, 0xaedc, 0xaedc, 0xaedc, 0xaedc, 0xaedc, 0xaedc, 0xaedc, 0xaedc, 0xaedc, 0xaedc, 0xaedc, 0xaedc, 0xaedc, 0xaedc, 0xaedc, 
	0xaedc, 0xaedc, 0xaedc, 0xaedc, 0xaedc, 0xaedc, 0xaedc, 0xaedc, 0xaedc, 0xaedc, 0xaedc, 0xaedc, 0xaedc, 0xaedc, 0xaedc, 0xaedc, 
	0xaedc, 0xaedc, 0xaedc, 0xaedc, 0xaedc, 0xaedc, 0xaedc, 0xaedc, 0xaedc, 0xaedc, 0xaedc, 0xaedc, 0xaedc, 0xaedc, 0xaedc, 0xaedc, 
	0xaedc, 0xaedc, 0xaedc, 0xaedc, 0xaedc, 0xaedc, 0xaedc, 0xaedc, 0xaedc, 0xaedc, 0xaedc, 0xaedc, 0xaedc, 0xaedc, 0xaedc, 0xaedc, 
	0xaedc, 0xaedc, 0xaedc, 0xaedc, 0xaedc, 0xaedc, 0xaedc, 0xaedc, 0xaedc, 0xaedc, 0xaedc, 0xaedc, 0xaedc, 0xaedc, 0xaedc, 0xaedc, 
	0xaedc, 0xaedc, 0xaedc, 0xaedc, 0xaedc, 0xaedc, 0xaedc, 0xaedc, 0xaedc, 0xaedc, 0xaedc, 0xaedc, 0xaedc, 0xaedc, 0xaedc, 0xaedc, 
	0xaedc, 0xaedc, 0xaedc, 0xaedc, 0xaedc, 0xaedc, 0xaedc, 0xaedc, 0xaedc, 0xaedc, 0xaedc, 0xaedc, 0xaedc, 0xaedc, 0xaedc, 0xaedc, 
	0xaedc, 0xaedc, 0xaedc, 0xaedc, 0xaedc, 0xaedc, 0xaedc, 0xaedc, 0xaedc, 0xaedc, 0xaedc, 0xaedc, 0xaedc, 0xaedc, 0xaedc, 0xaedc, 
	0xaedc, 0xaedc, 0xaedc, 0xaedc, 0xaedc, 0xaedc, 0xaedc, 0xaedc, 0xaedc, 0xaedc, 0xaedc, 0xaedc, 0xaedc, 0xaedc, 0xaedc, 0xaedc, 
	0xaedc, 0xaedc, 0xaedc, 0xaedc, 0xaedc, 0xaedc, 0xaedc, 0xaedc, 0xaedc, 0xaedc, 0xaedc, 0xaedc, 0xaedc, 0xaedc, 0xaedc, 0xaedc, 
	0xaedc, 0xaedc, 0xaedc, 0xaedc, 0xaedc, 0xaedc, 0xaedc, 0xaedc, 0xaedc, 0xaedc, 0xaedc, 0xaedc, 0xaedc, 0xaedc, 0xaedc, 0xaedc, 
	0xaedc, 0xaedc, 0xaedc, 0xaedc, 0xaedc, 0xaedc, 0xaedc, 0xaedc, 0xaedc, 0xaedc, 0xaedc, 0xaedc, 0xaedc, 0xaedc, 0xaedc, 0xaedc, 
	0xaedc, 0xaedc, 0xaedc, 0xaedc, 0xaedc, 0xaedc, 0xaedc, 0xaedc, 0xaedc, 0xaedc, 0xaedc, 0xaedc, 0xaedc, 0xaedc, 0xaedc, 0xaedc, 
	0xaedc, 0xaedc, 0xaedc, 0xaedc, 0xaedc, 0xaedc, 0xaedc, 0xaedc, 0xaedc, 0xaedc, 0xaedc, 0xaedc, 0xaedc, 0xaedc, 0xaedc, 0xaedc, 
	0xaedc, 0xaedc, 0xaedc, 0xaedc, 0xaedc, 0xaedc, 0xaedc, 0xaedc, 0xaedc, 0xaedc, 0xaedc, 0xaedc, 0xaedc, 0xaedc, 0xaedc, 0xaedc, 
	0xaedc, 0xaedc, 0xaedc, 0xaedc, 0xaedc, 0xaedc, 0xaedc, 0xaedc, 0xaedc, 0xaedc, 0xaedc, 0xaedc, 0xaedc, 0xaedc, 0xaedc, 0xaedc, 
	0xaedc, 0xaedc, 0xaedc, 0xaedc, 0xaedc, 0xaedc, 0xaedc, 0xaedc, 0xaedc, 0xaedc, 0xaedc, 0xaedc, 0xaedc, 0xaedc, 0xaedc, 0xaedc, 
	0xaedc, 0xaedc, 0xaedc, 0xaedc, 0xaedc, 0xaedc, 0xaedc, 0xaedc, 0xaedc, 0xaedc, 0xaedc, 0xaedc, 0xaedc, 0xaedc, 0xaedc, 0xaedc, 
	0xaedc, 0xaedc, 0xaedc, 0xaedc, 0xaedc, 0xaedc, 0xaedc, 0xaedc, 0xaedc, 0xaedc, 0xaedc, 0xaedc, 0xaedc, 0xaedc, 0xaedc, 0xaedc, 
	0xaedc, 0xaedc, 0xaedc, 0xaedc, 0xaedc, 0xaedc, 0xaedc, 0xaedc, 0xaedc, 0xaedc, 0xaedc, 0xaedc, 0xaedc, 0xaedc, 0xaedc, 0xaedc, 
	0xaedc, 0xaedc, 0xaedc, 0xaedc, 0xaedc, 0xaedc, 0xaedc, 0xaedc, 0xaedc, 0xaedc, 0xaedc, 0xaedc, 0xaedc, 0xaedc, 0xaedc, 0xaedc, 
	0xaedc, 0xaedc, 0xaedc, 0xaedc, 0xaedc, 0xaedc, 0xaedc, 0xaedc, 0xaedc, 0xaedc, 0xaedc, 0xaedc, 0xaedc, 0xaedc, 0xaedc, 0xaedc, 
	0xaedc, 0xaedc, 0xaedc, 0xaedc, 0xaedc, 0xaedc, 0xaedc, 0xaedc, 0xaedc, 0xaedc, 0xaedc, 0xaedc, 0xaedc, 0xaedc, 0xaedc, 0xaedc, 
	0xaedc, 0xaedc, 0xaedc, 0xaedc, 0xaedc, 0xaedc, 0xaedc, 0xaedc, 0xaedc, 0xaedc, 0xaedc, 0xaedc, 0xaedc, 0xaedc, 0xaedc, 0xaedc, 
	0xaedc, 0xaedc, 0xaedc, 0xaedc, 0xaedc, 0xaedc, 0xaedc, 0xaedc, 0xaedc, 0xaedc, 0xaedc, 0xaedc, 0xaedc, 0xaedc, 0xaedc, 0xaedc, 
	0xaedc, 0xaedc, 0xaedc, 0xaedc, 0xaedc, 0xaedc, 0xaedc, 0xaedc, 0xaedc, 0xaedc, 0xaedc, 0xaedc, 0xaedc, 0xaedc, 0xaedc, 0xaedc, 
	0xaedc, 0xaedc, 0xaedc, 0xaedc, 0xaedc, 0xaedc, 0xaedc, 0xaedc, 0xaedc, 0xaedc, 0xaedc, 0xaedc, 0xaedc, 0xaedc, 0xaedc, 0xaedc, 
	0xaedc, 0xaedc, 0xaedc, 0xaedc, 0xaedc, 0xaedc, 0xaedc, 0xaedc, 0xaedc, 0xaedc, 0xaedc, 0xaedc, 0xaedc, 0xaedc, 0xaedc, 0xaedc, 
	0xaedc, 0xaedc, 0xaedc, 0xaedc, 0xaedc, 0xaedc, 0xaedc, 0xaedc, 0xaedc, 0xaedc, 0xaedc, 0xaedc, 0xaedc, 0xaedc, 0xaedc, 0xaedc, 
	0xaedc, 0xaedc, 0xaedc, 0xaedc, 0xaedc, 0xaedc, 0xaedc, 0xaedc, 0xaedc, 0xaedc, 0xaedc, 0xaedc, 0xaedc, 0xaedc, 0xaedc, 0xaedc, 
	0xaedc, 0xaedc, 0xaedc, 0xaedc, 0xaedc, 0xaedc, 0xaedc, 0xaedc, 0xaedc, 0xaedc, 0xaedc, 0xaedc, 0xaedc, 0xaedc, 0xaedc, 0xaedc, 
	0xaedc, 0xaedc, 0xaedc, 0xaedc, 0xaedc, 0xaedc, 0xaedc, 0xaedc, 0xaedc, 0xaedc, 0xaedc, 0xaedc, 0xaedc, 0xaedc, 0xaedc, 0xaedc, 
	0xaedc, 0xaedc, 0xaedc, 0xaedc, 0xaedc, 0xaedc, 0xaedc, 0xaedc, 0xaedc, 0xaedc, 0xaedc, 0xaedc, 0xaedc, 0xaedc, 0xaedc, 0xaedc, 
	0xaedc, 0xaedc, 0xaedc, 0xaedc, 0xaedc, 0xaedc, 0xaedc, 0xaedc, 0xaedc, 0xaedc, 0xaedc, 0xaedc, 0xaedc, 0xaedc, 0xaedc, 0xaedc, 
	0xaedc, 0xaedc, 0xaedc, 0xaedc, 0xaedc, 0xaedc, 0xaedc, 0xaedc, 0xaedc, 0xaedc, 0xaedc, 0xaedc, 0xaedc, 0xaedc, 0xaedc, 0xaedc, 
	0xaedc, 0xaedc, 0xaedc, 0xaedc, 0xaedc, 0xaedc, 0xaedc, 0xaedc, 0xaedc, 0xaedc, 0xaedc, 0xaedc, 0xaedc, 0xaedc, 0xaedc, 0xaedc, 
	0xaedc, 0xaedc, 0xaedc, 0xaedc, 0xaedc, 0xaedc, 0xaedc, 0xaedc, 0xaedc, 0xaedc, 0xaedc, 0xaedc, 0xaedc, 0xaedc, 0xaedc, 0xaedc, 
	0xaedc, 0xaedc, 0xaedc, 0xaedc, 0xaedc, 0xaedc, 0xaedc, 0xaedc, 0xaedc, 0xaedc, 0xaedc, 0xaedc, 0xaedc, 0xaedc, 0xaedc, 0xaedc, 
	0xaedc, 0xaedc, 0xaedc, 0xaedc, 0xaedc, 0xaedc, 0xaedc, 0xaedc, 0xaedc, 0xaedc, 0xaedc, 0xaedc, 0xaedc, 0xaedc, 0xaedc, 0xaedc, 
	0xaedc, 0xaedc, 0xaedc, 0xaedc, 0xaedc, 0xaedc, 0xaedc, 0xaedc, 0xaedc, 0xaedc, 0xaedc, 0xaedc, 0xaedc, 0xaedc, 0xaedc, 0xaedc, 
	0xaedc, 0xaedc, 0xaedc, 0xaedc, 0xaedc, 0xaedc, 0xaedc, 0xaedc, 0xaedc, 0xaedc, 0xaedc, 0xaedc, 0xaedc, 0xaedc, 0xaedc, 0xaedc, 
	0xaedc, 0xaedc, 0xaedc, 0xaedc, 0xaedc, 0xaedc, 0xaedc, 0xaedc, 0xaedc, 0xaedc, 0xaedc, 0xaedc, 0xaedc, 0xaedc, 0xaedc, 0xaedc, 
	0xaedc, 0xaedc, 0xaedc, 0xaedc, 0xaedc, 0xaedc, 0xaedc, 0xaedc, 0xaedc, 0xaedc, 0xaedc, 0xaedc, 0xaedc, 0xaedc, 0xaedc, 0xaedc, 
	0xaedc, 0xaedc, 0xaedc, 0xaedc, 0xaedc, 0xaedc, 0xaedc, 0xaedc, 0xaedc, 0xaedc, 0xaedc, 0xaedc, 0xaedc, 0xaedc, 0xaedc, 0xaedc, 
	0xaedc, 0xaedc, 0xaedc, 0xaedc, 0xaedc, 0xaedc, 0xaedc, 0xaedc, 0xaedc, 0xaedc, 0xaedc, 0xaedc, 0xaedc, 0xaedc, 0xaedc, 0xaedc, 
	0xaedc, 0xaedc, 0xaedc, 0xaedc, 0xaedc, 0xaedc, 0xaedc, 0xaedc, 0xaedc, 0xaedc, 0xaedc, 0xaedc, 0xaedc, 0xaedc, 0xaedc, 0xaedc, 
	0xaedc, 0xaedc, 0xaedc, 0xaedc, 0xaedc, 0xaedc, 0xaedc, 0xaedc, 0xaedc, 0xaedc, 0xaedc, 0xaedc, 0xaedc, 0xaedc, 0xaedc, 0xaedc, 
	0xaedc, 0xaedc, 0xaedc, 0xaedc, 0xaedc, 0xaedc, 0xaedc, 0xaedc, 0xaedc, 0xaedc, 0xaedc, 0xaedc, 0xaedc, 0xaedc, 0xaedc, 0xaedc, 
	0xaedc, 0xaedc, 0xaedc, 0xaedc, 0xaedc, 0xaedc, 0xaedc, 0xaedc, 0xaedc, 0xaedc, 0xaedc, 0xaedc, 0xaedc, 0xaedc, 0xaedc, 0xaedc, 
	0xaedc, 0xaedc, 0xaedc, 0xaedc, 0xaedc, 0xaedc, 0xaedc, 0xaedc, 0xaedc, 0xaedc, 0xaedc, 0xaedc, 0xaedc, 0xaedc, 0xaedc, 0xaedc, 
	0xaedc, 0xaedc, 0xaedc, 0xaedc, 0xaedc, 0xaedc, 0xaedc, 0xaedc, 0xaedc, 0xaedc, 0xaedc, 0xaedc, 0xaedc, 0xaedc, 0xaedc, 0xaedc, 
	0xaedc, 0xaedc, 0xaedc, 0xaedc, 0xaedc, 0xaedc, 0xaedc, 0xaedc, 0xaedc, 0xaedc, 0xaedc, 0xaedc, 0xaedc, 0xaedc, 0xaedc, 0xaedc, 
	0xaedc, 0xaedc, 0xaedc, 0xaedc, 0xaedc, 0xaedc, 0xaedc, 0xaedc, 0xaedc, 0xaedc, 0xaedc, 0xaedc, 0xaedc, 0xaedc, 0xaedc, 0xaedc, 
	0xaedc, 0xaedc, 0xaedc, 0xaedc, 0xaedc, 0xaedc, 0xaedc, 0xaedc, 0xaedc, 0xaedc, 0xaedc, 0xaedc, 0xaedc, 0xaedc, 0xaedc, 0xaedc, 
	0xaedc, 0xaedc, 0xaedc, 0xaedc, 0xaedc, 0xaedc, 0xaedc, 0xaedc, 0xaedc, 0xaedc, 0xaedc, 0xaedc, 0xaedc, 0xaedc, 0xaedc, 0xaedc, 
	0xaedc, 0xaedc, 0xaedc, 0xaedc, 0xaedc, 0xaedc, 0xaedc, 0xaedc, 0xaedc, 0xaedc, 0xaedc, 0xaedc, 0xaedc, 0xaedc, 0xaedc, 0xaedc, 
	0xaedc, 0xaedc, 0xaedc, 0xaedc, 0xaedc, 0xaedc, 0xaedc, 0xaedc, 0xaedc, 0xaedc, 0xaedc, 0xaedc, 0xaedc, 0xaedc, 0xaedc, 0xaedc, 
	0xaedc, 0xaedc, 0xaedc, 0xaedc, 0xaedc, 0xaedc, 0xaedc, 0xaedc, 0xaedc, 0xaedc, 0xaedc, 0xaedc, 0xaedc, 0xaedc, 0xaedc, 0xaedc, 
	0xaedc, 0xaedc, 0xaedc, 0xaedc, 0xaedc, 0xaedc, 0xaedc, 0xaedc, 0xaedc, 0xaedc, 0xaedc, 0xaedc, 0xaedc, 0xaedc, 0xaedc, 0xaedc, 
	0xaedc, 0xaedc, 0xaedc, 0xaedc, 0xaedc, 0xaedc, 0xaedc, 0xaedc, 0xaedc, 0xaedc, 0xaedc, 0xaedc, 0xaedc, 0xaedc, 0xaedc, 0xaedc, 
	0xaedc, 0xaedc, 0xaedc, 0xaedc, 0xaedc, 0xaedc, 0xaedc, 0xaedc, 0xaedc, 0xaedc, 0xaedc, 0xaedc, 0xaedc, 0xaedc, 0xaedc, 0xaedc, 
	0xaedc, 0xaedc, 0xaedc, 0xaedc, 0xaedc, 0xaedc, 0xaedc, 0xaedc, 0xaedc, 0xaedc, 0xaedc, 0xaedc, 0xaedc, 0xaedc, 0xaedc, 0xaedc, 
	0xaedc, 0xaedc, 0xaedc, 0xaedc, 0xaedc, 0xaedc, 0xaedc, 0xaedc, 0xaedc, 0xaedc, 0xaedc, 0xaedc, 0xaedc, 0xaedc, 0xaedc, 0xaedc, 
	0xaedc, 0xaedc, 0xaedc, 0xaedc, 0xaedc, 0xaedc, 0xaedc, 0xaedc, 0xaedc, 0xaedc, 0xaedc, 0xaedc, 0xaedc, 0xaedc, 0xaedc, 0xaedc, 
	0xaedc, 0xaedc, 0xaedc, 0xaedc, 0xaedc, 0xaedc, 0xaedc, 0xaedc, 0xaedc, 0xaedc, 0xaedc, 0xaedc, 0xaedc, 0xaedc, 0xaedc, 0xaedc, 
	0xaedc, 0xaedc, 0xaedc, 0xaedc, 0xaedc, 0xaedc, 0xaedc, 0xaedc, 0xaedc, 0xaedc, 0xaedc, 0xaedc, 0xaedc, 0xaedc, 0xaedc, 0xaedc, 
	0xaedc, 0xaedc, 0xaedc, 0xaedc, 0xaedc, 0xaedc, 0xaedc, 0xaedc, 0xaedc, 0xaedc, 0xaedc, 0xaedc, 0xaedc, 0xaedc, 0xaedc, 0xaedc, 
	0xaedc, 0xaedc, 0xaedc, 0xaedc, 0xaedc, 0xaedc, 0xaedc, 0xaedc, 0xaedc, 0xaedc, 0xaedc, 0xaedc, 0xaedc, 0xaedc, 0xaedc, 0xaedc, 
	0xaedc, 0xaedc, 0xaedc, 0xaedc, 0xaedc, 0xaedc, 0xaedc, 0xaedc, 0xaedc, 0xaedc, 0xaedc, 0xaedc, 0xaedc, 0xaedc, 0xaedc, 0xaedc, 
	0xaedc, 0xaedc, 0xaedc, 0xaedc, 0xaedc, 0xaedc, 0xaedc, 0xaedc, 0xaedc, 0xaedc, 0xaedc, 0xaedc, 0xaedc, 0xaedc, 0xaedc, 0xaedc, 
	0xaedc, 0xaedc, 0xaedc, 0xaedc, 0xaedc, 0xaedc, 0xaedc, 0xaedc, 0xaedc, 0xaedc, 0xaedc, 0xaedc, 0xaedc, 0xaedc, 0xaedc, 0xaedc, 
	0xaedc, 0xaedc, 0xaedc, 0xaedc, 0xaedc, 0xaedc, 0xaedc, 0xaedc, 0xaedc, 0xaedc, 0xaedc, 0xaedc, 0xaedc, 0xaedc, 0xaedc, 0xaedc, 
	0xaedc, 0xaedc, 0xaedc, 0xaedc, 0xaedc, 0xaedc, 0xaedc, 0xaedc, 0xaedc, 0xaedc, 0xaedc, 0xaedc, 0xaedc, 0xaedc, 0xaedc, 0xaedc, 
	0xaedc, 0xaedc, 0xaedc, 0xaedc, 0xaedc, 0xaedc, 0xaedc, 0xaedc, 0xaedc, 0xaedc, 0xaedc, 0xaedc, 0xaedc, 0xaedc, 0xaedc, 0xaedc, 
	0xaedc, 0xaedc, 0xaedc, 0xaedc, 0xaedc, 0xaedc, 0xaedc, 0xaedc, 0xaedc, 0xaedc, 0xaedc, 0xaedc, 0xaedc, 0xaedc, 0xaedc, 0xaedc, 
	0xaedc, 0xaedc, 0xaedc, 0xaedc, 0xaedc, 0xaedc, 0xaedc, 0xaedc, 0xaedc, 0xaedc, 0xaedc, 0xaedc, 0xaedc, 0xaedc, 0xaedc, 0xaedc, 
	0xaedc, 0xaedc, 0xaedc, 0xaedc, 0xaedc, 0xaedc, 0xaedc, 0xaedc, 0xaedc, 0xaedc, 0xaedc, 0xaedc, 0xaedc, 0xaedc, 0xaedc, 0xaedc, 
	0xaedc, 0xaedc, 0xaedc, 0xaedc, 0xaedc, 0xaedc, 0xaedc, 0xaedc, 0xaedc, 0xaedc, 0xaedc, 0xaedc, 0xaedc, 0xaedc, 0xaedc, 0xaedc, 
	0xaedc, 0xaedc, 0xaedc, 0xaedc, 0xaedc, 0xaedc, 0xaedc, 0xaedc, 0xaedc, 0xaedc, 0xaedc, 0xaedc, 0xaedc, 0xaedc, 0xaedc, 0xaedc, 
	0xaedc, 0xaedc, 0xaedc, 0xaedc, 0xaedc, 0xaedc, 0xaedc, 0xaedc, 0xaedc, 0xaedc, 0xaedc, 0xaedc, 0xaedc, 0xaedc, 0xaedc, 0xaedc, 
	0xaedc, 0xaedc, 0xaedc, 0xaedc, 0xaedc, 0xaedc, 0xaedc, 0xaedc, 0xaedc, 0xaedc, 0xaedc, 0xaedc, 0xaedc, 0xaedc, 0xaedc, 0xaedc, 
	0xaedc, 0xaedc, 0xaedc, 0xaedc, 0xaedc, 0xaedc, 0xaedc, 0xaedc, 0xaedc, 0xaedc, 0xaedc, 0xaedc, 0xaedc, 0xaedc, 0xaedc, 0xaedc, 
	0xaedc, 0xaedc, 0xaedc, 0xaedc, 0xaedc, 0xaedc, 0xaedc, 0xaedc, 0xaedc, 0xaedc, 0xaedc, 0xaedc, 0xaedc, 0xaedc, 0xaedc, 0xaedc, 
	0xaedc, 0xaedc, 0xaedc, 0xaedc, 0xaedc, 0xaedc, 0xaedc, 0xaedc, 0xaedc, 0xaedc, 0xaedc, 0xaedc, 0xaedc, 0xaedc, 0xaedc, 0xaedc, 
	0xaedc, 0xaedc, 0xaedc, 0xaedc, 0xaedc, 0xaedc, 0xaedc, 0xaedc, 0xaedc, 0xaedc, 0xaedc, 0xaedc, 0xaedc, 0xaedc, 0xaedc, 0xaedc, 
	0xaedc, 0xaedc, 0xaedc, 0xaedc, 0xaedc, 0xaedc, 0xaedc, 0xaedc, 0xaedc, 0xaedc, 0xaedc, 0xaedc, 0xaedc, 0xaedc, 0xaedc, 0xaedc, 
	0xaedc, 0xaedc, 0xaedc, 0xaedc, 0xaedc, 0xaedc, 0xaedc, 0xaedc, 0xaedc, 0xaedc, 0xaedc, 0xaedc, 0xaedc, 0xaedc, 0xaedc, 0xaedc, 
	0xaedc, 0xaedc, 0xaedc, 0xaedc, 0xaedc, 0xaedc, 0xaedc, 0xaedc, 0xaedc, 0xaedc, 0xaedc, 0xaedc, 0xaedc, 0xaedc, 0xaedc, 0xaedc, 
	0xaedc, 0xaedc, 0xaedc, 0xaedc, 0xaedc, 0xaedc, 0xaedc, 0xaedc, 0xaedc, 0xaedc, 0xaedc, 0xaedc, 0xaedc, 0xaedc, 0xaedc, 0xaedc, 
	0xaedc, 0xaedc, 0xaedc, 0xaedc, 0xaedc, 0xaedc, 0xaedc, 0xaedc, 0xaedc, 0xaedc, 0xaedc, 0xaedc, 0xaedc, 0xaedc, 0xaedc, 0xaedc, 
	0xaedc, 0xaedc, 0xaedc, 0xaedc, 0xaedc, 0xaedc, 0xaedc, 0xaedc, 0xaedc, 0xaedc, 0xaedc, 0xaedc, 0xaedc, 0xaedc, 0xaedc, 0xaedc, 
	0xaedc, 0xaedc, 0xaedc, 0xaedc, 0xaedc, 0xaedc, 0xaedc, 0xaedc, 0xaedc, 0xaedc, 0xaedc, 0xaedc, 0xaedc, 0xaedc, 0xaedc, 0xaedc, 
	0xaedc, 0xaedc, 0xaedc, 0xaedc, 0xaedc, 0xaedc, 0xaedc, 0xaedc, 0xaedc, 0xaedc, 0xaedc, 0xaedc, 0xaedc, 0xaedc, 0xaedc, 0xaedc, 
	0xaedc, 0xaedc, 0xaedc, 0xaedc, 0xaedc, 0xaedc, 0xaedc, 0xaedc, 0xaedc, 0xaedc, 0xaedc, 0xaedc, 0xaedc, 0xaedc, 0xaedc, 0xaedc, 
	0xaedc, 0xaedc, 0xaedc, 0xaedc, 0xaedc, 0xaedc, 0xaedc, 0xaedc, 0xaedc, 0xaedc, 0xaedc, 0xaedc, 0xaedc, 0xaedc, 0xaedc, 0xaedc, 
	0xaedc, 0xaedc, 0xaedc, 0xaedc, 0xaedc, 0xaedc, 0xaedc, 0xaedc, 0xaedc, 0xaedc, 0xaedc, 0xaedc, 0xaedc, 0xaedc, 0xaedc, 0xaedc, 
	0xaedc, 0xaedc, 0xaedc, 0xaedc, 0xaedc, 0xaedc, 0xaedc, 0xaedc, 0xaedc, 0xaedc, 0xaedc, 0xaedc, 0xaedc, 0xaedc, 0xaedc, 0xaedc, 
	0xaedc, 0xaedc, 0xaedc, 0xaedc, 0xaedc, 0xaedc, 0xaedc, 0xaedc, 0xaedc, 0xaedc, 0xaedc, 0xaedc, 0xaedc, 0xaedc, 0xaedc, 0xaedc, 
	0xaedc, 0xaedc, 0xaedc, 0xaedc, 0xaedc, 0xaedc, 0xaedc, 0xaedc, 0xaedc, 0xaedc, 0xaedc, 0xaedc, 0xaedc, 0xaedc, 0xaedc, 0xaedc, 
	0xaedc, 0xaedc, 0xaedc, 0xaedc, 0xaedc, 0xaedc, 0xaedc, 0xaedc, 0xaedc, 0xaedc, 0xaedc, 0xaedc, 0xaedc, 0xaedc, 0xaedc, 0xaedc, 
	0xaedc, 0xaedc, 0xaedc, 0xaedc, 0xaedc, 0xaedc, 0xaedc, 0xaedc, 0xaedc, 0xaedc, 0xaedc, 0xaedc, 0xaedc, 0xaedc, 0xaedc, 0xaedc, 
	0xaedc, 0xaedc, 0xaedc, 0xaedc, 0xaedc, 0xaedc, 0xaedc, 0xaedc, 0xaedc, 0xaedc, 0xaedc, 0xaedc, 0xaedc, 0xaedc, 0xaedc, 0xaedc, 
	0xaedc, 0xaedc, 0xaedc, 0xaedc, 0xaedc, 0xaedc, 0xaedc, 0xaedc, 0xaedc, 0xaedc, 0xaedc, 0xaedc, 0xaedc, 0xaedc, 0xaedc, 0xaedc, 
	0xaedc, 0xaedc, 0xaedc, 0xaedc, 0xaedc, 0xaedc, 0xaedc, 0xaedc, 0xaedc, 0xaedc, 0xaedc, 0xaedc, 0xaedc, 0xaedc, 0xaedc, 0xaedc, 
	0xaedc, 0xaedc, 0xaedc, 0xaedc, 0xaedc, 0xaedc, 0xaedc, 0xaedc, 0xaedc, 0xaedc, 0xaedc, 0xaedc, 0xaedc, 0xaedc, 0xaedc, 0xaedc, 
	0xaedc, 0xaedc, 0xaedc, 0xaedc, 0xaedc, 0xaedc, 0xaedc, 0xaedc, 0xaedc, 0xaedc, 0xaedc, 0xaedc, 0xaedc, 0xaedc, 0xaedc, 0xaedc, 
	0xaedc, 0xaedc, 0xaedc, 0xaedc, 0xaedc, 0xaedc, 0xaedc, 0xaedc, 0xaedc, 0xaedc, 0xaedc, 0xaedc, 0xaedc, 0xaedc, 0xaedc, 0xaedc, 
	0xaedc, 0xaedc, 0xaedc, 0xaedc, 0xaedc, 0xaedc, 0xaedc, 0xaedc, 0xaedc, 0xaedc, 0xaedc, 0xaedc, 0xaedc, 0xaedc, 0xaedc, 0xaedc, 
	0xaedc, 0xaedc, 0xaedc, 0xaedc, 0xaedc, 0xaedc, 0xaedc, 0xaedc, 0xaedc, 0xaedc, 0xaedc, 0xaedc, 0xaedc, 0xaedc, 0xaedc, 0xaedc, 
	0xaedc, 0xaedc, 0xaedc, 0xaedc, 0xaedc, 0xaedc, 0xaedc, 0xaedc, 0xaedc, 0xaedc, 0xaedc, 0xaedc, 0xaedc, 0xaedc, 0xaedc, 0xaedc, 
	0xaedc, 0xaedc, 0xaedc, 0xaedc, 0xaedc, 0xaedc, 0xaedc, 0xaedc, 0xaedc, 0xaedc, 0xaedc, 0xaedc, 0xaedc, 0xaedc, 0xaedc, 0xaedc, 
	0xaedc, 0xaedc, 0xaedc, 0xaedc, 0xaedc, 0xaedc, 0xaedc, 0xaedc, 0xaedc, 0xaedc, 0xaedc, 0xaedc, 0xaedc, 0xaedc, 0xaedc, 0xaedc, 
	0xaedc, 0xaedc, 0xaedc, 0xaedc, 0xaedc, 0xaedc, 0xaedc, 0xaedc, 0xaedc, 0xaedc, 0xaedc, 0xaedc, 0xaedc, 0xaedc, 0xaedc, 0xaedc, 
	0xaedc, 0xaedc, 0xaedc, 0xaedc, 0xaedc, 0xaedc, 0xaedc, 0xaedc, 0xaedc, 0xaedc, 0xaedc, 0xaedc, 0xaedc, 0xaedc, 0xaedc, 0xaedc, 
	0xaedc, 0xaedc, 0xaedc, 0xaedc, 0xaedc, 0xaedc, 0xaedc, 0xaedc, 0xaedc, 0xaedc, 0xaedc, 0xaedc, 0xaedc, 0xaedc, 0xaedc, 0xaedc, 
	0xaedc, 0xaedc, 0xaedc, 0xaedc, 0xaedc, 0xaedc, 0xaedc, 0xaedc, 0xaedc, 0xaedc, 0xaedc, 0xaedc, 0xaedc, 0xaedc, 0xaedc, 0xaedc, 
	0xaedc, 0xaedc, 0xaedc, 0xaedc, 0xaedc, 0xaedc, 0xaedc, 0xaedc, 0xaedc, 0xaedc, 0xaedc, 0xaedc, 0xaedc, 0xaedc, 0xaedc, 0xaedc, 
	0xaedc, 0xaedc, 0xaedc, 0xaedc, 0xaedc, 0xaedc, 0xaedc, 0xaedc, 0xaedc, 0xaedc, 0xaedc, 0xaedc, 0xaedc, 0xaedc, 0xaedc, 0xaedc, 
	0xaedc, 0xaedc, 0xaedc, 0xaedc, 0xaedc, 0xaedc, 0xaedc, 0xaedc, 0xaedc, 0xaedc, 0xaedc, 0xaedc, 0xaedc, 0xaedc, 0xaedc, 0xaedc, 
	0xaedc, 0xaedc, 0xaedc, 0xaedc, 0xaedc, 0xaedc, 0xaedc, 0xaedc, 0xaedc, 0xaedc, 0xaedc, 0xaedc, 0xaedc, 0xaedc, 0xaedc, 0xaedc, 
	0xaedc, 0xaedc, 0xaedc, 0xaedc, 0xaedc, 0xaedc, 0xaedc, 0xaedc, 0xaedc, 0xaedc, 0xaedc, 0xaedc, 0xaedc, 0xaedc, 0xaedc, 0xaedc, 
	0xaedc, 0xaedc, 0xaedc, 0xaedc, 0xaedc, 0xaedc, 0xaedc, 0xaedc, 0xaedc, 0xaedc, 0xaedc, 0xaedc, 0xaedc, 0xaedc, 0xaedc, 0xaedc, 
	0xaedc, 0xaedc, 0xaedc, 0xaedc, 0xaedc, 0xaedc, 0xaedc, 0xaedc, 0xaedc, 0xaedc, 0xaedc, 0xaedc, 0xaedc, 0xaedc, 0xaedc, 0xaedc, 
	0xaedc, 0xaedc, 0xaedc, 0xaedc, 0xaedc, 0xaedc, 0xaedc, 0xaedc, 0xaedc, 0xaedc, 0xaedc, 0xaedc, 0xaedc, 0xaedc, 0xaedc, 0xaedc, 
	0xaedc, 0xaedc, 0xaedc, 0xaedc, 0xaedc, 0xaedc, 0xaedc, 0xaedc, 0xaedc, 0xaedc, 0xaedc, 0xaedc, 0xaedc, 0xaedc, 0xaedc, 0xaedc, 
	0xaedc, 0xaedc, 0xaedc, 0xaedc, 0xaedc, 0xaedc, 0xaedc, 0xaedc, 0xaedc, 0xaedc, 0xaedc, 0xaedc, 0xaedc, 0xaedc, 0xaedc, 0xaedc, 
	0xaedc, 0xaedc, 0xaedc, 0xaedc, 0xaedc, 0xaedc, 0xaedc, 0xaedc, 0xaedc, 0xaedc, 0xaedc, 0xaedc, 0xaedc, 0xaedc, 0xaedc, 0xaedc, 
	0xaedc, 0xaedc, 0xaedc, 0xaedc, 0xaedc, 0xaedc, 0xaedc, 0xaedc, 0xaedc, 0xaedc, 0xaedc, 0xaedc, 0xaedc, 0xaedc, 0xaedc, 0xaedc, 
	0xaedc, 0xaedc, 0xaedc, 0xaedc, 0xaedc, 0xaedc, 0xaedc, 0xaedc, 0xaedc, 0xaedc, 0xaedc, 0xaedc, 0xaedc, 0xaedc, 0xaedc, 0xaedc, 
	0xaedc, 0xaedc, 0xaedc, 0xaedc, 0xaedc, 0xaedc, 0xaedc, 0xaedc, 0xaedc, 0xaedc, 0xaedc, 0xaedc, 0xaedc, 0xaedc, 0xaedc, 0xaedc, 
	0xaedc, 0xaedc, 0xaedc, 0xaedc, 0xaedc, 0xaedc, 0xaedc, 0xaedc, 0xaedc, 0xaedc, 0xaedc, 0xaedc, 0xaedc, 0xaedc, 0xaedc, 0xaedc, 
	0xaedc, 0xaedc, 0xaedc, 0xaedc, 0xaedc, 0xaedc, 0xaedc, 0xaedc, 0xaedc, 0xaedc, 0xaedc, 0xaedc, 0xaedc, 0xaedc, 0xaedc, 0xaedc, 
	0xaedc, 0xaedc, 0xaedc, 0xaedc, 0xaedc, 0xaedc, 0xaedc, 0xaedc, 0xaedc, 0xaedc, 0xaedc, 0xaedc, 0xaedc, 0xaedc, 0xaedc, 0xaedc, 
	0xaedc, 0xaedc, 0xaedc, 0xaedc, 0xaedc, 0xaedc, 0xaedc, 0xaedc, 0xaedc, 0xaedc, 0xaedc, 0xaedc, 0xaedc, 0xaedc, 0xaedc, 0xaedc, 
	0xaedc, 0xaedc, 0xaedc, 0xaedc, 0xaedc, 0xaedc, 0xaedc, 0xaedc, 0xaedc, 0xaedc, 0xaedc, 0xaedc, 0xaedc, 0xaedc, 0xaedc, 0xaedc, 
	0xaedc, 0xaedc, 0xaedc, 0xaedc, 0xaedc, 0xaedc, 0xaedc, 0xaedc, 0xaedc, 0xaedc, 0xaedc, 0xaedc, 0xaedc, 0xaedc, 0xaedc, 0xaedc, 
	0xaedc, 0xaedc, 0xaedc, 0xaedc, 0xaedc, 0xaedc, 0xaedc, 0xaedc, 0xaedc, 0xaedc, 0xaedc, 0xaedc, 0xaedc, 0xaedc, 0xaedc, 0xaedc, 
	0xaedc, 0xaedc, 0xaedc, 0xaedc, 0xaedc, 0xaedc, 0xaedc, 0xaedc, 0xaedc, 0xaedc, 0xaedc, 0xaedc, 0xaedc, 0xaedc, 0xaedc, 0xaedc, 
	0xaedc, 0xaedc, 0xaedc, 0xaedc, 0xaedc, 0xaedc, 0xaedc, 0xaedc, 0xaedc, 0xaedc, 0xaedc, 0xaedc, 0xaedc, 0xaedc, 0xaedc, 0xaedc, 
	0xaedc, 0xaedc, 0xaedc, 0xaedc, 0xaedc, 0xaedc, 0xaedc, 0xaedc, 0xaedc, 0xaedc, 0xaedc, 0xaedc, 0xaedc, 0xaedc, 0xaedc, 0xaedc, 
	0xaedc, 0xaedc, 0xaedc, 0xaedc, 0xaedc, 0xaedc, 0xaedc, 0xaedc, 0xaedc, 0xaedc, 0xaedc, 0xaedc, 0xaedc, 0xaedc, 0xaedc, 0xaedc, 
	0xaedc, 0xaedc, 0xaedc, 0xaedc, 0xaedc, 0xaedc, 0xaedc, 0xaedc, 0xaedc, 0xaedc, 0xaedc, 0xaedc, 0xaedc, 0xaedc, 0xaedc, 0xaedc, 
	0xaedc, 0xaedc, 0xaedc, 0xaedc, 0xaedc, 0xaedc, 0xaedc, 0xaedc, 0xaedc, 0xaedc, 0xaedc, 0xaedc, 0xaedc, 0xaedc, 0xaedc, 0xaedc, 
	0xaedc, 0xaedc, 0xaedc, 0xaedc, 0xaedc, 0xaedc, 0xaedc, 0xaedc, 0xaedc, 0xaedc, 0xaedc, 0xaedc, 0xaedc, 0xaedc, 0xaedc, 0xaedc, 
	0xaedc, 0xaedc, 0xaedc, 0xaedc, 0xaedc, 0xaedc, 0xaedc, 0xaedc, 0xaedc, 0xaedc, 0xaedc, 0xaedc, 0xaedc, 0xaedc, 0xaedc, 0xaedc, 
	0xaedc, 0xaedc, 0xaedc, 0xaedc, 0xaedc, 0xaedc, 0xaedc, 0xaedc, 0xaedc, 0xaedc, 0xaedc, 0xaedc, 0xaedc, 0xaedc, 0xaedc, 0xaedc, 
	0xaedc, 0xaedc, 0xaedc, 0xaedc, 0xaedc, 0xaedc, 0xaedc, 0xaedc, 0xaedc, 0xaedc, 0xaedc, 0xaedc, 0xaedc, 0xaedc, 0xaedc, 0xaedc, 
	0xaedc, 0xaedc, 0xaedc, 0xaedc, 0xaedc, 0xaedc, 0xaedc, 0xaedc, 0xaedc, 0xaedc, 0xaedc, 0xaedc, 0xaedc, 0xaedc, 0xaedc, 0xaedc, 
	0xaedc, 0xaedc, 0xaedc, 0xaedc, 0xaedc, 0xaedc, 0xaedc, 0xaedc, 0xaedc, 0xaedc, 0xaedc, 0xaedc, 0xaedc, 0xaedc, 0xaedc, 0xaedc, 
	0xaedc, 0xaedc, 0xaedc, 0xaedc, 0xaedc, 0xaedc, 0xaedc, 0xaedc, 0xaedc, 0xaedc, 0xaedc, 0xaedc, 0xaedc, 0xaedc, 0xaedc, 0xaedc, 
	0xaedc, 0xaedc, 0xaedc, 0xaedc, 0xaedc, 0xaedc, 0xaedc, 0xaedc, 0xaedc, 0xaedc, 0xaedc, 0xaedc, 0xaedc, 0xaedc, 0xaedc, 0xaedc, 
	0xaedc, 0xaedc, 0xaedc, 0xaedc, 0xaedc, 0xaedc, 0xaedc, 0xaedc, 0xaedc, 0xaedc, 0xaedc, 0xaedc, 0xaedc, 0xaedc, 0xaedc, 0xaedc, 
	0xaedc, 0xaedc, 0xaedc, 0xaedc, 0xaedc, 0xaedc, 0xaedc, 0xaedc, 0xaedc, 0xaedc, 0xaedc, 0xaedc, 0xaedc, 0xaedc, 0xaedc, 0xaedc, 
	0xaedc, 0xaedc, 0xaedc, 0xaedc, 0xaedc, 0xaedc, 0xaedc, 0xaedc, 0xaedc, 0xaedc, 0xaedc, 0xaedc, 0xaedc, 0xaedc, 0xaedc, 0xaedc, 
	0xaedc, 0xaedc, 0xaedc, 0xaedc, 0xaedc, 0xaedc, 0xaedc, 0xaedc, 0xaedc, 0xaedc, 0xaedc, 0xaedc, 0xaedc, 0xaedc, 0xaedc, 0xaedc, 
	0xaedc, 0xaedc, 0xaedc, 0xaedc, 0xaedc, 0xaedc, 0xaedc, 0xaedc, 0xaedc, 0xaedc, 0xaedc, 0xaedc, 0xaedc, 0xaedc, 0xaedc, 0xaedc, 
	0xaedc, 0xaedc, 0xaedc, 0xaedc, 0xaedc, 0xaedc, 0xaedc, 0xaedc, 0xaedc, 0xaedc, 0xaedc, 0xaedc, 0xaedc, 0xaedc, 0xaedc, 0xaedc, 
	0xaedc, 0xaedc, 0xaedc, 0xaedc, 0xaedc, 0xaedc, 0xaedc, 0xaedc, 0xaedc, 0xaedc, 0xaedc, 0xaedc, 0xaedc, 0xaedc, 0xaedc, 0xaedc, 
	0xaedc, 0xaedc, 0xaedc, 0xaedc, 0xaedc, 0xaedc, 0xaedc, 0xaedc, 0xaedc, 0xaedc, 0xaedc, 0xaedc, 0xaedc, 0xaedc, 0xaedc, 0xaedc, 
	0xaedc, 0xaedc, 0xaedc, 0xaedc, 0xaedc, 0xaedc, 0xaedc, 0xaedc, 0xaedc, 0xaedc, 0xaedc, 0xaedc, 0xaedc, 0xaedc, 0xaedc, 0xaedc, 
	0xaedc, 0xaedc, 0xaedc, 0xaedc, 0xaedc, 0xaedc, 0xaedc, 0xaedc, 0xaedc, 0xaedc, 0xaedc, 0xaedc, 0xaedc, 0xaedc, 0xaedc, 0xaedc, 
	0xaedc, 0xaedc, 0xaedc, 0xaedc, 0xaedc, 0xaedc, 0xaedc, 0xaedc, 0xaedc, 0xaedc, 0xaedc, 0xaedc, 0xaedc, 0xaedc, 0xaedc, 0xaedc, 
	0xaedc, 0xaedc, 0xaedc, 0xaedc, 0xaedc, 0xaedc, 0xaedc, 0xaedc, 0xaedc, 0xaedc, 0xaedc, 0xaedc, 0xaedc, 0xaedc, 0xaedc, 0xaedc, 
	0xaedc, 0xaedc, 0xaedc, 0xaedc, 0xaedc, 0xaedc, 0xaedc, 0xaedc, 0xaedc, 0xaedc, 0xaedc, 0xaedc, 0xaedc, 0xaedc, 0xaedc, 0xaedc, 
	0xaedc, 0xaedc, 0xaedc, 0xaedc, 0xaedc, 0xaedc, 0xaedc, 0xaedc, 0xaedc, 0xaedc, 0xaedc, 0xaedc, 0xaedc, 0xaedc, 0xaedc, 0xaedc, 
	0xaedc, 0xaedc, 0xaedc, 0xaedc, 0xaedc, 0xaedc, 0xaedc, 0xaedc, 0xaedc, 0xaedc, 0xaedc, 0xaedc, 0xaedc, 0xaedc, 0xaedc, 0xaedc, 
	0xaedc, 0xaedc, 0xaedc, 0xaedc, 0xaedc, 0xaedc, 0xaedc, 0xaedc, 0xaedc, 0xaedc, 0xaedc, 0xaedc, 0xaedc, 0xaedc, 0xaedc, 0xaedc, 
	0xaedc, 0xaedc, 0xaedc, 0xaedc, 0xaedc, 0xaedc, 0xaedc, 0xaedc, 0xaedc, 0xaedc, 0xaedc, 0xaedc, 0xaedc, 0xaedc, 0xaedc, 0xaedc, 
	0xaedc, 0xaedc, 0xaedc, 0xaedc, 0xaedc, 0xaedc, 0xaedc, 0xaedc, 0xaedc, 0xaedc, 0xaedc, 0xaedc, 0xaedc, 0xaedc, 0xaedc, 0xaedc, 
	0xaedc, 0xaedc, 0xaedc, 0xaedc, 0xaedc, 0xaedc, 0xaedc, 0xaedc, 0xaedc, 0xaedc, 0xaedc, 0xaedc, 0xaedc, 0xaedc, 0xaedc, 0xaedc, 
	0xaedc, 0xaedc, 0xaedc, 0xaedc, 0xaedc, 0xaedc, 0xaedc, 0xaedc, 0xaedc, 0xaedc, 0xaedc, 0xaedc, 0xaedc, 0xaedc, 0xaedc, 0xaedc, 
	0xaedc, 0xaedc, 0xaedc, 0xaedc, 0xaedc, 0xaedc, 0xaedc, 0xaedc, 0xaedc, 0xaedc, 0xaedc, 0xaedc, 0xaedc, 0xaedc, 0xaedc, 0xaedc, 
	0xaedc, 0xaedc, 0xaedc, 0xaedc, 0xaedc, 0xaedc, 0xaedc, 0xaedc, 0xaedc, 0xaedc, 0xaedc, 0xaedc, 0xaedc, 0xaedc, 0xaedc, 0xaedc, 
	0xaedc, 0xaedc, 0xaedc, 0xaedc, 0xaedc, 0xaedc, 0xaedc, 0xaedc, 0xaedc, 0xaedc, 0xaedc, 0xaedc, 0xaedc, 0xaedc, 0xaedc, 0xaedc, 
	0xaedc, 0xaedc, 0xaedc, 0xaedc, 0xaedc, 0xaedc, 0xaedc, 0xaedc, 0xaedc, 0xaedc, 0xaedc, 0xaedc, 0xaedc, 0xaedc, 0xaedc, 0xaedc, 
	0xaedc, 0xaedc, 0xaedc, 0xaedc, 0xaedc, 0xaedc, 0xaedc, 0xaedc, 0xaedc, 0xaedc, 0xaedc, 0xaedc, 0xaedc, 0xaedc, 0xaedc, 0xaedc, 
	0xaedc, 0xaedc, 0xaedc, 0xaedc, 0xaedc, 0xaedc, 0xaedc, 0xaedc, 0xaedc, 0xaedc, 0xaedc, 0xaedc, 0xaedc, 0xaedc, 0xaedc, 0xaedc, 
	0xaedc, 0xaedc, 0xaedc, 0xaedc, 0xaedc, 0xaedc, 0xaedc, 0xaedc, 0xaedc, 0xaedc, 0xaedc, 0xaedc, 0xaedc, 0xaedc, 0xaedc, 0xaedc, 
	0xaedc, 0xaedc, 0xaedc, 0xaedc, 0xaedc, 0xaedc, 0xaedc, 0xaedc, 0xaedc, 0xaedc, 0xaedc, 0xaedc, 0xaedc, 0xaedc, 0xaedc, 0xaedc, 
	0xaedc, 0xaedc, 0xaedc, 0xaedc, 0xaedc, 0xaedc, 0xaedc, 0xaedc, 0xaedc, 0xaedc, 0xaedc, 0xaedc, 0xaedc, 0xaedc, 0xaedc, 0xaedc, 
	0xaedc, 0xaedc, 0xaedc, 0xaedc, 0xaedc, 0xaedc, 0xaedc, 0xaedc, 0xaedc, 0xaedc, 0xaedc, 0xaedc, 0xaedc, 0xaedc, 0xaedc, 0xaedc, 
	0xaedc, 0xaedc, 0xaedc, 0xaedc, 0xaedc, 0xaedc, 0xaedc, 0xaedc, 0xaedc, 0xaedc, 0xaedc, 0xaedc, 0xaedc, 0xaedc, 0xaedc, 0xaedc, 
	0xaedc, 0xaedc, 0xaedc, 0xaedc, 0xaedc, 0xaedc, 0xaedc, 0xaedc, 0xaedc, 0xaedc, 0xaedc, 0xaedc, 0xaedc, 0xaedc, 0xaedc, 0xaedc, 
	0xaedc, 0xaedc, 0xaedc, 0xaedc, 0xaedc, 0xaedc, 0xaedc, 0xaedc, 0xaedc, 0xaedc, 0xaedc, 0xaedc, 0xaedc, 0xaedc, 0xaedc, 0xaedc, 
	0xaedc, 0xaedc, 0xaedc, 0xaedc, 0xaedc, 0xaedc, 0xaedc, 0xaedc, 0xaedc, 0xaedc, 0xaedc, 0xaedc, 0xaedc, 0xaedc, 0xaedc, 0xaedc, 
	0xaedc, 0xaedc, 0xaedc, 0xaedc, 0xaedc, 0xaedc, 0xaedc, 0xaedc, 0xaedc, 0xaedc, 0xaedc, 0xaedc, 0xaedc, 0xaedc, 0xaedc, 0xaedc, 
	0xaedc, 0xaedc, 0xaedc, 0xaedc, 0xaedc, 0xaedc, 0xaedc, 0xaedc, 0xaedc, 0xaedc, 0xaedc, 0xaedc, 0xaedc, 0xaedc, 0xaedc, 0xaedc, 
	0xaedc, 0xaedc, 0xaedc, 0xaedc, 0xaedc, 0xaedc, 0xaedc, 0xaedc, 0xaedc, 0xaedc, 0xaedc, 0xaedc, 0xaedc, 0xaedc, 0xaedc, 0xaedc, 
	0xaedc, 0xaedc, 0xaedc, 0xaedc, 0xaedc, 0xaedc, 0xaedc, 0xaedc, 0xaedc, 0xaedc, 0xaedc, 0xaedc, 0xaedc, 0xaedc, 0xaedc, 0xaedc, 
	0xaedc, 0xaedc, 0xaedc, 0xaedc, 0xaedc, 0xaedc, 0xaedc, 0xaedc, 0xaedc, 0xaedc, 0xaedc, 0xaedc, 0xaedc, 0xaedc, 0xaedc, 0xaedc, 
	0xaedc, 0xaedc, 0xaedc, 0xaedc, 0xaedc, 0xaedc, 0xaedc, 0xaedc, 0xaedc, 0xaedc, 0xaedc, 0xaedc, 0xaedc, 0xaedc, 0xaedc, 0xaedc, 
	0xaedc, 0xaedc, 0xaedc, 0xaedc, 0xaedc, 0xaedc, 0xaedc, 0xaedc, 0xaedc, 0xaedc, 0xaedc, 0xaedc, 0xaedc, 0xaedc, 0xaedc, 0xaedc, 
	0xaedc, 0xaedc, 0xaedc, 0xaedc, 0xaedc, 0xaedc, 0xaedc, 0xaedc, 0xaedc, 0xaedc, 0xaedc, 0xaedc, 0xaedc, 0xaedc, 0xaedc, 0xaedc, 
	0xaedc, 0xaedc, 0xaedc, 0xaedc, 0xaedc, 0xaedc, 0xaedc, 0xaedc, 0xaedc, 0xaedc, 0xaedc, 0xaedc, 0xaedc, 0xaedc, 0xaedc, 0xaedc, 
	0xaedc, 0xaedc, 0xaedc, 0xaedc, 0xaedc, 0xaedc, 0xaedc, 0xaedc, 0xaedc, 0xaedc, 0xaedc, 0xaedc, 0xaedc, 0xaedc, 0xaedc, 0xaedc, 
	0xaedc, 0xaedc, 0xaedc, 0xaedc, 0xaedc, 0xaedc, 0xaedc, 0xaedc, 0xaedc, 0xaedc, 0xaedc, 0xaedc, 0xaedc, 0xaedc, 0xaedc, 0xaedc, 
	0xaedc, 0xaedc, 0xaedc, 0xaedc, 0xaedc, 0xaedc, 0xaedc, 0xaedc, 0xaedc, 0xaedc, 0xaedc, 0xaedc, 0xaedc, 0xaedc, 0xaedc, 0xaedc, 
	0xaedc, 0xaedc, 0xaedc, 0xaedc, 0xaedc, 0xaedc, 0xaedc, 0xaedc, 0xaedc, 0xaedc, 0xaedc, 0xaedc, 0xaedc, 0xaedc, 0xaedc, 0xaedc, 
	0xaedc, 0xaedc, 0xaedc, 0xaedc, 0xaedc, 0xaedc, 0xaedc, 0xaedc, 0xaedc, 0xaedc, 0xaedc, 0xaedc, 0xaedc, 0xaedc, 0xaedc, 0xaedc, 
	0xaedc, 0xaedc, 0xaedc, 0xaedc, 0xaedc, 0xaedc, 0xaedc, 0xaedc, 0xaedc, 0xaedc, 0xaedc, 0xaedc, 0xaedc, 0xaedc, 0xaedc, 0xaedc, 
	0xaedc, 0xaedc, 0xaedc, 0xaedc, 0xaedc, 0xaedc, 0xaedc, 0xaedc, 0xaedc, 0xaedc, 0xaedc, 0xaedc, 0xaedc, 0xaedc, 0xaedc, 0xaedc, 
	0xaedc, 0xaedc, 0xaedc, 0xaedc, 0xaedc, 0xaedc, 0xaedc, 0xaedc, 0xaedc, 0xaedc, 0xaedc, 0xaedc, 0xaedc, 0xaedc, 0xaedc, 0xaedc, 
	0xaedc, 0xaedc, 0xaedc, 0xaedc, 0xaedc, 0xaedc, 0xaedc, 0xaedc, 0xaedc, 0xaedc, 0xaedc, 0xaedc, 0xaedc, 0xaedc, 0xaedc, 0xaedc, 
	0xaedc, 0xaedc, 0xaedc, 0xaedc, 0xaedc, 0xaedc, 0xaedc, 0xaedc, 0xaedc, 0xaedc, 0xaedc, 0xaedc, 0xaedc, 0xaedc, 0xaedc, 0xaedc, 
	0xaedc, 0xaedc, 0xaedc, 0xaedc, 0xaedc, 0xaedc, 0xaedc, 0xaedc, 0xaedc, 0xaedc, 0xaedc, 0xaedc, 0xaedc, 0xaedc, 0xaedc, 0xaedc, 
	0xaedc, 0xaedc, 0xaedc, 0xaedc, 0xaedc, 0xaedc, 0xaedc, 0xaedc, 0xaedc, 0xaedc, 0xaedc, 0xaedc, 0xaedc, 0xaedc, 0xaedc, 0xaedc, 
	0xaedc, 0xaedc, 0xaedc, 0xaedc, 0xaedc, 0xaedc, 0xaedc, 0xaedc, 0xaedc, 0xaedc, 0xaedc, 0xaedc, 0xaedc, 0xaedc, 0xaedc, 0xaedc, 
	0xaedc, 0xaedc, 0xaedc, 0xaedc, 0xaedc, 0xaedc, 0xaedc, 0xaedc, 0xaedc, 0xaedc, 0xaedc, 0xaedc, 0xaedc, 0xaedc, 0xaedc, 0xaedc, 
	0xaedc, 0xaedc, 0xaedc, 0xaedc, 0xaedc, 0xaedc, 0xaedc, 0xaedc, 0xaedc, 0xaedc, 0xaedc, 0xaedc, 0xaedc, 0xaedc, 0xaedc, 0xaedc, 
	0xaedc, 0xaedc, 0xaedc, 0xaedc, 0xaedc, 0xaedc, 0xaedc, 0xaedc, 0xaedc, 0xaedc, 0xaedc, 0xaedc, 0xaedc, 0xaedc, 0xaedc, 0xaedc, 
	0xaedc, 0xaedc, 0xaedc, 0xaedc, 0xaedc, 0xaedc, 0xaedc, 0xaedc, 0xaedc, 0xaedc, 0xaedc, 0xaedc, 0xaedc, 0xaedc, 0xaedc, 0xaedc, 
	0xaedc, 0xaedc, 0xaedc, 0xaedc, 0xaedc, 0xaedc, 0xaedc, 0xaedc, 0xaedc, 0xaedc, 0xaedc, 0xaedc, 0xaedc, 0xaedc, 0xaedc, 0xaedc, 
	0xaedc, 0xaedc, 0xaedc, 0xaedc, 0xaedc, 0xaedc, 0xaedc, 0xaedc, 0xaedc, 0xaedc, 0xaedc, 0xaedc, 0xaedc, 0xaedc, 0xaedc, 0xaedc, 
	0xaedc, 0xaedc, 0xaedc, 0xaedc, 0xaedc, 0xaedc, 0xaedc, 0xaedc, 0xaedc, 0xaedc, 0xaedc, 0xaedc, 0xaedc, 0xaedc, 0xaedc, 0xaedc, 
	0xaedc, 0xaedc, 0xaedc, 0xaedc, 0xaedc, 0xaedc, 0xaedc, 0xaedc, 0xaedc, 0xaedc, 0xaedc, 0xaedc, 0xaedc, 0xaedc, 0xaedc, 0xaedc, 
	0xaedc, 0xaedc, 0xaedc, 0xaedc, 0xaedc, 0xaedc, 0xaedc, 0xaedc, 0xaedc, 0xaedc, 0xaedc, 0xaedc, 0xaedc, 0xaedc, 0xaedc, 0xaedc, 
	0xaedc, 0xaedc, 0xaedc, 0xaedc, 0xaedc, 0xaedc, 0xaedc, 0xaedc, 0xaedc, 0xaedc, 0xaedc, 0xaedc, 0xaedc, 0xaedc, 0xaedc, 0xaedc, 
	0xaedc, 0xaedc, 0xaedc, 0xaedc, 0xaedc, 0xaedc, 0xaedc, 0xaedc, 0xaedc, 0xaedc, 0xaedc, 0xaedc, 0xaedc, 0xaedc, 0xaedc, 0xaedc, 
	0xaedc, 0xaedc, 0xaedc, 0xaedc, 0xaedc, 0xaedc, 0xaedc, 0xaedc, 0xaedc, 0xaedc, 0xaedc, 0xaedc, 0xaedc, 0xaedc, 0xaedc, 0xaedc, 
	0xaedc, 0xaedc, 0xaedc, 0xaedc, 0xaedc, 0xaedc, 0xaedc, 0xaedc, 0xaedc, 0xaedc, 0xaedc, 0xaedc, 0xaedc, 0xaedc, 0xaedc, 0xaedc, 
	0xaedc, 0xaedc, 0xaedc, 0xaedc, 0xaedc, 0xaedc, 0xaedc, 0xaedc, 0xaedc, 0xaedc, 0xaedc, 0xaedc, 0xaedc, 0xaedc, 0xaedc, 0xaedc, 
	0xaedc, 0xaedc, 0xaedc, 0xaedc, 0xaedc, 0xaedc, 0xaedc, 0xaedc, 0xaedc, 0xaedc, 0xaedc, 0xaedc, 0xaedc, 0xaedc, 0xaedc, 0xaedc, 
	0xaedc, 0xaedc, 0xaedc, 0xaedc, 0xaedc, 0xaedc, 0xaedc, 0xaedc, 0xaedc, 0xaedc, 0xaedc, 0xaedc, 0xaedc, 0xaedc, 0xaedc, 0xaedc, 
	0xaedc, 0xaedc, 0xaedc, 0xaedc, 0xaedc, 0xaedc, 0xaedc, 0xaedc, 0xaedc, 0xaedc, 0xaedc, 0xaedc, 0xaedc, 0xaedc, 0xaedc, 0xaedc, 
	0xaedc, 0xaedc, 0xaedc, 0xaedc, 0xaedc, 0xaedc, 0xaedc, 0xaedc, 0xaedc, 0xaedc, 0xaedc, 0xaedc, 0xaedc, 0xaedc, 0xaedc, 0xaedc, 
	0xaedc, 0xaedc, 0xaedc, 0xaedc, 0xaedc, 0xaedc, 0xaedc, 0xaedc, 0xaedc, 0xaedc, 0xaedc, 0xaedc, 0xaedc, 0xaedc, 0xaedc, 0xaedc, 
	0xaedc, 0xaedc, 0xaedc, 0xaedc, 0xaedc, 0xaedc, 0xaedc, 0xaedc, 0xaedc, 0xaedc, 0xaedc, 0xaedc, 0xaedc, 0xaedc, 0xaedc, 0xaedc, 
	0xaedc, 0xaedc, 0xaedc, 0xaedc, 0xaedc, 0xaedc, 0xaedc, 0xaedc, 0xaedc, 0xaedc, 0xaedc, 0xaedc, 0xaedc, 0xaedc, 0xaedc, 0xaedc, 
	0xaedc, 0xaedc, 0xaedc, 0xaedc, 0xaedc, 0xaedc, 0xaedc, 0xaedc, 0xaedc, 0xaedc, 0xaedc, 0xaedc, 0xaedc, 0xaedc, 0xaedc, 0xaedc, 
	0xaedc, 0xaedc, 0xaedc, 0xaedc, 0xaedc, 0xaedc, 0xaedc, 0xaedc, 0xaedc, 0xaedc, 0xaedc, 0xaedc, 0xaedc, 0xaedc, 0xaedc, 0xaedc, 
	0xaedc, 0xaedc, 0xaedc, 0xaedc, 0xaedc, 0xaedc, 0xaedc, 0xaedc, 0xaedc, 0xaedc, 0xaedc, 0xaedc, 0xaedc, 0xaedc, 0xaedc, 0xaedc, 
	0xaedc, 0xaedc, 0xaedc, 0xaedc, 0xaedc, 0xaedc, 0xaedc, 0xaedc, 0xaedc, 0xaedc, 0xaedc, 0xaedc, 0xaedc, 0xaedc, 0xaedc, 0xaedc, 
	0xaedc, 0xaedc, 0xaedc, 0xaedc, 0xaedc, 0xaedc, 0xaedc, 0xaedc, 0xaedc, 0xaedc, 0xaedc, 0xaedc, 0xaedc, 0xaedc, 0xaedc, 0xaedc, 
	0xaedc, 0xaedc, 0xaedc, 0xaedc, 0xaedc, 0xaedc, 0xaedc, 0xaedc, 0xaedc, 0xaedc, 0xaedc, 0xaedc, 0xaedc, 0xaedc, 0xaedc, 0xaedc, 
	0xaedc, 0xaedc, 0xaedc, 0xaedc, 0xaedc, 0xaedc, 0xaedc, 0xaedc, 0xaedc, 0xaedc, 0xaedc, 0xaedc, 0xaedc, 0xaedc, 0xaedc, 0xaedc, 
	0xaedc, 0xaedc, 0xaedc, 0xaedc, 0xaedc, 0xaedc, 0xaedc, 0xaedc, 0xaedc, 0xaedc, 0xaedc, 0xaedc, 0xaedc, 0xaedc, 0xaedc, 0xaedc, 
	0xaedc, 0xaedc, 0xaedc, 0xaedc, 0xaedc, 0xaedc, 0xaedc, 0xaedc, 0xaedc, 0xaedc, 0xaedc, 0xaedc, 0xaedc, 0xaedc, 0xaedc, 0xaedc, 
	0xaedc, 0xaedc, 0xaedc, 0xaedc, 0xaedc, 0xaedc, 0xaedc, 0xaedc, 0xaedc, 0xaedc, 0xaedc, 0xaedc, 0xaedc, 0xaedc, 0xaedc, 0xaedc, 
	0xaedc, 0xaedc, 0xaedc, 0xaedc, 0xaedc, 0xaedc, 0xaedc, 0xaedc, 0xaedc, 0xaedc, 0xaedc, 0xaedc, 0xaedc, 0xaedc, 0xaedc, 0xaedc, 
	0xaedc, 0xaedc, 0xaedc, 0xaedc, 0xaedc, 0xaedc, 0xaedc, 0xaedc, 0xaedc, 0xaedc, 0xaedc, 0xaedc, 0xaedc, 0xaedc, 0xaedc, 0xaedc, 
	0xaedc, 0xaedc, 0xaedc, 0xaedc, 0xaedc, 0xaedc, 0xaedc, 0xaedc, 0xaedc, 0xaedc, 0xaedc, 0xaedc, 0xaedc, 0xaedc, 0xaedc, 0xaedc, 
	0xaedc, 0xaedc, 0xaedc, 0xaedc, 0xaedc, 0xaedc, 0xaedc, 0xaedc, 0xaedc, 0xaedc, 0xaedc, 0xaedc, 0xaedc, 0xaedc, 0xaedc, 0xaedc, 
	0xaedc, 0xaedc, 0xaedc, 0xaedc, 0xaedc, 0xaedc, 0xaedc, 0xaedc, 0xaedc, 0xaedc, 0xaedc, 0xaedc, 0xaedc, 0xaedc, 0xaedc, 0xaedc, 
	0xaedc, 0xaedc, 0xaedc, 0xaedc, 0xaedc, 0xaedc, 0xaedc, 0xaedc, 0xaedc, 0xaedc, 0xaedc, 0xaedc, 0xaedc, 0xaedc, 0xaedc, 0xaedc, 
	0xaedc, 0xaedc, 0xaedc, 0xaedc, 0xaedc, 0xaedc, 0xaedc, 0xaedc, 0xaedc, 0xaedc, 0xaedc, 0xaedc, 0xaedc, 0xaedc, 0xaedc, 0xaedc, 
	0xaedc, 0xaedc, 0xaedc, 0xaedc, 0xaedc, 0xaedc, 0xaedc, 0xaedc, 0xaedc, 0xaedc, 0xaedc, 0xaedc, 0xaedc, 0xaedc, 0xaedc, 0xaedc, 
	0xaedc, 0xaedc, 0xaedc, 0xaedc, 0xaedc, 0xaedc, 0xaedc, 0xaedc, 0xaedc, 0xaedc, 0xaedc, 0xaedc, 0xaedc, 0xaedc, 0xaedc, 0xaedc, 
	0xaedc, 0xaedc, 0xaedc, 0xaedc, 0xaedc, 0xaedc, 0xaedc, 0xaedc, 0xaedc, 0xaedc, 0xaedc, 0xaedc, 0xaedc, 0xaedc, 0xaedc, 0xaedc, 
	0xaedc, 0xaedc, 0xaedc, 0xaedc, 0xaedc, 0xaedc, 0xaedc, 0xaedc, 0xaedc, 0xaedc, 0xaedc, 0xaedc, 0xaedc, 0xaedc, 0xaedc, 0xaedc, 
	0xaedc, 0xaedc, 0xaedc, 0xaedc, 0xaedc, 0xaedc, 0xaedc, 0xaedc, 0xaedc, 0xaedc, 0xaedc, 0xaedc, 0xaedc, 0xaedc, 0xaedc, 0xaedc, 
	0xaedc, 0xaedc, 0xaedc, 0xaedc, 0xaedc, 0xaedc, 0xaedc, 0xaedc, 0xaedc, 0xaedc, 0xaedc, 0xaedc, 0xaedc, 0xaedc, 0xaedc, 0xaedc, 
	0xaedc, 0xaedc, 0xaedc, 0xaedc, 0xaedc, 0xaedc, 0xaedc, 0xaedc, 0xaedc, 0xaedc, 0xaedc, 0xaedc, 0xaedc, 0xaedc, 0xaedc, 0xaedc, 
	0xaedc, 0xaedc, 0xaedc, 0xaedc, 0xaedc, 0xaedc, 0xaedc, 0xaedc, 0xaedc, 0xaedc, 0xaedc, 0xaedc, 0xaedc, 0xaedc, 0xaedc, 0xaedc, 
	0xaedc, 0xaedc, 0xaedc, 0xaedc, 0xaedc, 0xaedc, 0xaedc, 0xaedc, 0xaedc, 0xaedc, 0xaedc, 0xaedc, 0xaedc, 0xaedc, 0xaedc, 0xaedc, 
	0xaedc, 0xaedc, 0xaedc, 0xaedc, 0xaedc, 0xaedc, 0xaedc, 0xaedc, 0xaedc, 0xaedc, 0xaedc, 0xaedc, 0xaedc, 0xaedc, 0xaedc, 0xaedc, 
	0xaedc, 0xaedc, 0xaedc, 0xaedc, 0xaedc, 0xaedc, 0xaedc, 0xaedc, 0xaedc, 0xaedc, 0xaedc, 0xaedc, 0xaedc, 0xaedc, 0xaedc, 0xaedc, 
	0xaedc, 0xaedc, 0xaedc, 0xaedc, 0xaedc, 0xaedc, 0xaedc, 0xaedc, 0xaedc, 0xaedc, 0xaedc, 0xaedc, 0xaedc, 0xaedc, 0xaedc, 0xaedc, 
	0xaedc, 0xaedc, 0xaedc, 0xaedc, 0xaedc, 0xaedc, 0xaedc, 0xaedc, 0xaedc, 0xaedc, 0xaedc, 0xaedc, 0xaedc, 0xaedc, 0xaedc, 0xaedc, 
	0xaedc, 0xaedc, 0xaedc, 0xaedc, 0xaedc, 0xaedc, 0xaedc, 0xaedc, 0xaedc, 0xaedc, 0xaedc, 0xaedc, 0xaedc, 0xaedc, 0xaedc, 0xaedc, 
	0xaedc, 0xaedc, 0xaedc, 0xaedc, 0xaedc, 0xaedc, 0xaedc, 0xaedc, 0xaedc, 0xaedc, 0xaedc, 0xaedc, 0xaedc, 0xaedc, 0xaedc, 0xaedc, 
	0xaedc, 0xaedc, 0xaedc, 0xaedc, 0xaedc, 0xaedc, 0xaedc, 0xaedc, 0xaedc, 0xaedc, 0xaedc, 0xaedc, 0xaedc, 0xaedc, 0xaedc, 0xaedc, 
	0xaedc, 0xaedc, 0xaedc, 0xaedc, 0xaedc, 0xaedc, 0xaedc, 0xaedc, 0xaedc, 0xaedc, 0xaedc, 0xaedc, 0xaedc, 0xaedc, 0xaedc, 0xaedc, 
	0xaedc, 0xaedc, 0xaedc, 0xaedc, 0xaedc, 0xaedc, 0xaedc, 0xaedc, 0xaedc, 0xaedc, 0xaedc, 0xaedc, 0xaedc, 0xaedc, 0xaedc, 0xaedc, 
	0xaedc, 0xaedc, 0xaedc, 0xaedc, 0xaedc, 0xaedc, 0xaedc, 0xaedc, 0xaedc, 0xaedc, 0xaedc, 0xaedc, 0xaedc, 0xaedc, 0xaedc, 0xaedc, 
	0xaedc, 0xaedc, 0xaedc, 0xaedc, 0xaedc, 0xaedc, 0xaedc, 0xaedc, 0xaedc, 0xaedc, 0xaedc, 0xaedc, 0xaedc, 0xaedc, 0xaedc, 0xaedc, 
	0xaedc, 0xaedc, 0xaedc, 0xaedc, 0xaedc, 0xaedc, 0xaedc, 0xaedc, 0xaedc, 0xaedc, 0xaedc, 0xaedc, 0xaedc, 0xaedc, 0xaedc, 0xaedc, 
	0xaedc, 0xaedc, 0xaedc, 0xaedc, 0xaedc, 0xaedc, 0xaedc, 0xaedc, 0xaedc, 0xaedc, 0xaedc, 0xaedc, 0xaedc, 0xaedc, 0xaedc, 0xaedc, 
	0xaedc, 0xaedc, 0xaedc, 0xaedc, 0xaedc, 0xaedc, 0xaedc, 0xaedc, 0xaedc, 0xaedc, 0xaedc, 0xaedc, 0xaedc, 0xaedc, 0xaedc, 0xaedc, 
	0xaedc, 0xaedc, 0xaedc, 0xaedc, 0xaedc, 0xaedc, 0xaedc, 0xaedc, 0xaedc, 0xaedc, 0xaedc, 0xaedc, 0xaedc, 0xaedc, 0xaedc, 0xaedc, 
	0xaedc, 0xaedc, 0xaedc, 0xaedc, 0xaedc, 0xaedc, 0xaedc, 0xaedc, 0xaedc, 0xaedc, 0xaedc, 0xaedc, 0xaedc, 0xaedc, 0xaedc, 0xaedc, 
	0xaedc, 0xaedc, 0xaedc, 0xaedc, 0xaedc, 0xaedc, 0xaedc, 0xaedc, 0xaedc, 0xaedc, 0xaedc, 0xaedc, 0xaedc, 0xaedc, 0xaedc, 0xaedc, 
	0xaedc, 0xaedc, 0xaedc, 0xaedc, 0xaedc, 0xaedc, 0xaedc, 0xaedc, 0xaedc, 0xaedc, 0xaedc, 0xaedc, 0xaedc, 0xaedc, 0xaedc, 0xaedc, 
	0xaedc, 0xaedc, 0xaedc, 0xaedc, 0xaedc, 0xaedc, 0xaedc, 0xaedc, 0xaedc, 0xaedc, 0xaedc, 0xaedc, 0xaedc, 0xaedc, 0xaedc, 0xaedc, 
	0xaedc, 0xaedc, 0xaedc, 0xaedc, 0xaedc, 0xaedc, 0xaedc, 0xaedc, 0xaedc, 0xaedc, 0xaedc, 0xaedc, 0xaedc, 0xaedc, 0xaedc, 0xaedc, 
	0xaedc, 0xaedc, 0xaedc, 0xaedc, 0xaedc, 0xaedc, 0xaedc, 0xaedc, 0xaedc, 0xaedc, 0xaedc, 0xaedc, 0xaedc, 0xaedc, 0xaedc, 0xaedc, 
	0xaedc, 0xaedc, 0xaedc, 0xaedc, 0xaedc, 0xaedc, 0xaedc, 0xaedc, 0xaedc, 0xaedc, 0xaedc, 0xaedc, 0xaedc, 0xaedc, 0xaedc, 0xaedc, 
	0xaedc, 0xaedc, 0xaedc, 0xaedc, 0xaedc, 0xaedc, 0xaedc, 0xaedc, 0xaedc, 0xaedc, 0xaedc, 0xaedc, 0xaedc, 0xaedc, 0xaedc, 0xaedc, 
	0xaedc, 0xaedc, 0xaedc, 0xaedc, 0xaedc, 0xaedc, 0xaedc, 0xaedc, 0xaedc, 0xaedc, 0xaedc, 0xaedc, 0xaedc, 0xaedc, 0xaedc, 0xaedc, 
	0xaedc, 0xaedc, 0xaedc, 0xaedc, 0xaedc, 0xaedc, 0xaedc, 0xaedc, 0xaedc, 0xaedc, 0xaedc, 0xaedc, 0xaedc, 0xaedc, 0xaedc, 0xaedc, 
	0xaedc, 0xaedc, 0xaedc, 0xaedc, 0xaedc, 0xaedc, 0xaedc, 0xaedc, 0xaedc, 0xaedc, 0xaedc, 0xaedc, 0xaedc, 0xaedc, 0xaedc, 0xaedc, 
	0xaedc, 0xaedc, 0xaedc, 0xaedc, 0xaedc, 0xaedc, 0xaedc, 0xaedc, 0xaedc, 0xaedc, 0xaedc, 0xaedc, 0xaedc, 0xaedc, 0xaedc, 0xaedc, 
	0xaedc, 0xaedc, 0xaedc, 0xaedc, 0xaedc, 0xaedc, 0xaedc, 0xaedc, 0xaedc, 0xaedc, 0xaedc, 0xaedc, 0xaedc, 0xaedc, 0xaedc, 0xaedc, 
	0xaedc, 0xaedc, 0xaedc, 0xaedc, 0xaedc, 0xaedc, 0xaedc, 0xaedc, 0xaedc, 0xaedc, 0xaedc, 0xaedc, 0xaedc, 0xaedc, 0xaedc, 0xaedc, 
	0xaedc, 0xaedc, 0xaedc, 0xaedc, 0xaedc, 0xaedc, 0xaedc, 0xaedc, 0xaedc, 0xaedc, 0xaedc, 0xaedc, 0xaedc, 0xaedc, 0xaedc, 0xaedc, 
	0xaedc, 0xaedc, 0xaedc, 0xaedc, 0xaedc, 0xaedc, 0xaedc, 0xaedc, 0xaedc, 0xaedc, 0xaedc, 0xaedc, 0xaedc, 0xaedc, 0xaedc, 0xaedc, 
	0xaedc, 0xaedc, 0xaedc, 0xaedc, 0xaedc, 0xaedc, 0xaedc, 0xaedc, 0xaedc, 0xaedc, 0xaedc, 0xaedc, 0xaedc, 0xaedc, 0xaedc, 0xaedc, 
	0xaedc, 0xaedc, 0xaedc, 0xaedc, 0xaedc, 0xaedc, 0xaedc, 0xaedc, 0xaedc, 0xaedc, 0xaedc, 0xaedc, 0xaedc, 0xaedc, 0xaedc, 0xaedc, 
	0xaedc, 0xaedc, 0xaedc, 0xaedc, 0xaedc, 0xaedc, 0xaedc, 0xaedc, 0xaedc, 0xaedc, 0xaedc, 0xaedc, 0xaedc, 0xaedc, 0xaedc, 0xaedc, 
	0xaedc, 0xaedc, 0xaedc, 0xaedc, 0xaedc, 0xaedc, 0xaedc, 0xaedc, 0xaedc, 0xaedc, 0xaedc, 0xaedc, 0xaedc, 0xaedc, 0xaedc, 0xaedc, 
	0xaedc, 0xaedc, 0xaedc, 0xaedc, 0xaedc, 0xaedc, 0xaedc, 0xaedc, 0xaedc, 0xaedc, 0xaedc, 0xaedc, 0xaedc, 0xaedc, 0xaedc, 0xaedc, 
	0xaedc, 0xaedc, 0xaedc, 0xaedc, 0xaedc, 0xaedc, 0xaedc, 0xaedc, 0xaedc, 0xaedc, 0xaedc, 0xaedc, 0xaedc, 0xaedc, 0xaedc, 0xaedc, 
	0xaedc, 0xaedc, 0xaedc, 0xaedc, 0xaedc, 0xaedc, 0xaedc, 0xaedc, 0xaedc, 0xaedc, 0xaedc, 0xaedc, 0xaedc, 0xaedc, 0xaedc, 0xaedc, 
	0xaedc, 0xaedc, 0xaedc, 0xaedc, 0xaedc, 0xaedc, 0xaedc, 0xaedc, 0xaedc, 0xaedc, 0xaedc, 0xaedc, 0xaedc, 0xaedc, 0xaedc, 0xaedc, 
	0xaedc, 0xaedc, 0xaedc, 0xaedc, 0xaedc, 0xaedc, 0xaedc, 0xaedc, 0xaedc, 0xaedc, 0xaedc, 0xaedc, 0xaedc, 0xaedc, 0xaedc, 0xaedc, 
	0xaedc, 0xaedc, 0xaedc, 0xaedc, 0xaedc, 0xaedc, 0xaedc, 0xaedc, 0xaedc, 0xaedc, 0xaedc, 0xaedc, 0xaedc, 0xaedc, 0xaedc, 0xaedc, 
	0xaedc, 0xaedc, 0xaedc, 0xaedc, 0xaedc, 0xaedc, 0xaedc, 0xaedc, 0xaedc, 0xaedc, 0xaedc, 0xaedc, 0xaedc, 0xaedc, 0xaedc, 0xaedc, 
	0xaedc, 0xaedc, 0xaedc, 0xaedc, 0xaedc, 0xaedc, 0xaedc, 0xaedc, 0xaedc, 0xaedc, 0xaedc, 0xaedc, 0xaedc, 0xaedc, 0xaedc, 0xaedc, 
	0xaedc, 0xaedc, 0xaedc, 0xaedc, 0xaedc, 0xaedc, 0xaedc, 0xaedc, 0xaedc, 0xaedc, 0xaedc, 0xaedc, 0xaedc, 0xaedc, 0xaedc, 0xaedc, 
	0xaedc, 0xaedc, 0xaedc, 0xaedc, 0xaedc, 0xaedc, 0xaedc, 0xaedc, 0xaedc, 0xaedc, 0xaedc, 0xaedc, 0xaedc, 0xaedc, 0xaedc, 0xaedc, 
	0xaedc, 0xaedc, 0xaedc, 0xaedc, 0xaedc, 0xaedc, 0xaedc, 0xaedc, 0xaedc, 0xaedc, 0xaedc, 0xaedc, 0xaedc, 0xaedc, 0xaedc, 0xaedc, 
	0xaedc, 0xaedc, 0xaedc, 0xaedc, 0xaedc, 0xaedc, 0xaedc, 0xaedc, 0xaedc, 0xaedc, 0xaedc, 0xaedc, 0xaedc, 0xaedc, 0xaedc, 0xaedc, 
	0xaedc, 0xaedc, 0xaedc, 0xaedc, 0xaedc, 0xaedc, 0xaedc, 0xaedc, 0xaedc, 0xaedc, 0xaedc, 0xaedc, 0xaedc, 0xaedc, 0xaedc, 0xaedc, 
	0xaedc, 0xaedc, 0xaedc, 0xaedc, 0xaedc, 0xaedc, 0xaedc, 0xaedc, 0xaedc, 0xaedc, 0xaedc, 0xaedc, 0xaedc, 0xaedc, 0xaedc, 0xaedc, 
	0xaedc, 0xaedc, 0xaedc, 0xaedc, 0xaedc, 0xaedc, 0xaedc, 0xaedc, 0xaedc, 0xaedc, 0xaedc, 0xaedc, 0xaedc, 0xaedc, 0xaedc, 0xaedc, 
	0xaedc, 0xaedc, 0xaedc, 0xaedc, 0xaedc, 0xaedc, 0xaedc, 0xaedc, 0xaedc, 0xaedc, 0xaedc, 0xaedc, 0xaedc, 0xaedc, 0xaedc, 0xaedc, 
	0xaedc, 0xaedc, 0xaedc, 0xaedc, 0xaedc, 0xaedc, 0xaedc, 0xaedc, 0xaedc, 0xaedc, 0xaedc, 0xaedc, 0xaedc, 0xaedc, 0xaedc, 0xaedc, 
	0xaedc, 0xaedc, 0xaedc, 0xaedc, 0xaedc, 0xaedc, 0xaedc, 0xaedc, 0xaedc, 0xaedc, 0xaedc, 0xaedc, 0xaedc, 0xaedc, 0xaedc, 0xaedc, 
	0xaedc, 0xaedc, 0xaedc, 0xaedc, 0xaedc, 0xaedc, 0xaedc, 0xaedc, 0xaedc, 0xaedc, 0xaedc, 0xaedc, 0xaedc, 0xaedc, 0xaedc, 0xaedc, 
	0xaedc, 0xaedc, 0xaedc, 0xaedc, 0xaedc, 0xaedc, 0xaedc, 0xaedc, 0xaedc, 0xaedc, 0xaedc, 0xaedc, 0xaedc, 0xaedc, 0xaedc, 0xaedc, 
	0xaedc, 0xaedc, 0xaedc, 0xaedc, 0xaedc, 0xaedc, 0xaedc, 0xaedc, 0xaedc, 0xaedc, 0xaedc, 0xaedc, 0xaedc, 0xaedc, 0xaedc, 0xaedc, 
	0xaedc, 0xaedc, 0xaedc, 0xaedc, 0xaedc, 0xaedc, 0xaedc, 0xaedc, 0xaedc, 0xaedc, 0xaedc, 0xaedc, 0xaedc, 0xaedc, 0xaedc, 0xaedc, 
	0xaedc, 0xaedc, 0xaedc, 0xaedc, 0xaedc, 0xaedc, 0xaedc, 0xaedc, 0xaedc, 0xaedc, 0xaedc, 0xaedc, 0xaedc, 0xaedc, 0xaedc, 0xaedc, 
	0xaedc, 0xaedc, 0xaedc, 0xaedc, 0xaedc, 0xaedc, 0xaedc, 0xaedc, 0xaedc, 0xaedc, 0xaedc, 0xaedc, 0xaedc, 0xaedc, 0xaedc, 0xaedc, 
	0xaedc, 0xaedc, 0xaedc, 0xaedc, 0xaedc, 0xaedc, 0xaedc, 0xaedc, 0xaedc, 0xaedc, 0xaedc, 0xaedc, 0xaedc, 0xaedc, 0xaedc, 0xaedc, 
	0xaedc, 0xaedc, 0xaedc, 0xaedc, 0xaedc, 0xaedc, 0xaedc, 0xaedc, 0xaedc, 0xaedc, 0xaedc, 0xaedc, 0xaedc, 0xaedc, 0xaedc, 0xaedc, 
	0xaedc, 0xaedc, 0xaedc, 0xaedc, 0xaedc, 0xaedc, 0xaedc, 0xaedc, 0xaedc, 0xaedc, 0xaedc, 0xaedc, 0xaedc, 0xaedc, 0xaedc, 0xaedc, 
	0xaedc, 0xaedc, 0xaedc, 0xaedc, 0xaedc, 0xaedc, 0xaedc, 0xaedc, 0xaedc, 0xaedc, 0xaedc, 0xaedc, 0xaedc, 0xaedc, 0xaedc, 0xaedc, 
	0xaedc, 0xaedc, 0xaedc, 0xaedc, 0xaedc, 0xaedc, 0xaedc, 0xaedc, 0xaedc, 0xaedc, 0xaedc, 0xaedc, 0xaedc, 0xaedc, 0xaedc, 0xaedc, 
	0xaedc, 0xaedc, 0xaedc, 0xaedc, 0xaedc, 0xaedc, 0xaedc, 0xaedc, 0xaedc, 0xaedc, 0xaedc, 0xaedc, 0xaedc, 0xaedc, 0xaedc, 0xaedc, 
	0xaedc, 0xaedc, 0xaedc, 0xaedc, 0xaedc, 0xaedc, 0xaedc, 0xaedc, 0xaedc, 0xaedc, 0xaedc, 0xaedc, 0xaedc, 0xaedc, 0xaedc, 0xaedc, 
	0xaedc, 0xaedc, 0xaedc, 0xaedc, 0xaedc, 0xaedc, 0xaedc, 0xaedc, 0xaedc, 0xaedc, 0xaedc, 0xaedc, 0xaedc, 0xaedc, 0xaedc, 0xaedc, 
	0xaedc, 0xaedc, 0xaedc, 0xaedc, 0xaedc, 0xaedc, 0xaedc, 0xaedc, 0xaedc, 0xaedc, 0xaedc, 0xaedc, 0xaedc, 0xaedc, 0xaedc, 0xaedc, 
	0xaedc, 0xaedc, 0xaedc, 0xaedc, 0xaedc, 0xaedc, 0xaedc, 0xaedc, 0xaedc, 0xaedc, 0xaedc, 0xaedc, 0xaedc, 0xaedc, 0xaedc, 0xaedc, 
	0xaedc, 0xaedc, 0xaedc, 0xaedc, 0xaedc, 0xaedc, 0xaedc, 0xaedc, 0xaedc, 0xaedc, 0xaedc, 0xaedc, 0xaedc, 0xaedc, 0xaedc, 0xaedc, 
	0xaedc, 0xaedc, 0xaedc, 0xaedc, 0xaedc, 0xaedc, 0xaedc, 0xaedc, 0xaedc, 0xaedc, 0xaedc, 0xaedc, 0xaedc, 0xaedc, 0xaedc, 0xaedc, 
	0xaedc, 0xaedc, 0xaedc, 0xaedc, 0xaedc, 0xaedc, 0xaedc, 0xaedc, 0xaedc, 0xaedc, 0xaedc, 0xaedc, 0xaedc, 0xaedc, 0xaedc, 0xaedc, 
	0xaedc, 0xaedc, 0xaedc, 0xaedc, 0xaedc, 0xaedc, 0xaedc, 0xaedc, 0xaedc, 0xaedc, 0xaedc, 0xaedc, 0xaedc, 0xaedc, 0xaedc, 0xaedc, 
	0xaedc, 0xaedc, 0xaedc, 0xaedc, 0xaedc, 0xaedc, 0xaedc, 0xaedc, 0xaedc, 0xaedc, 0xaedc, 0xaedc, 0xaedc, 0xaedc, 0xaedc, 0xaedc, 
	0xaedc, 0xaedc, 0xaedc, 0xaedc, 0xaedc, 0xaedc, 0xaedc, 0xaedc, 0xaedc, 0xaedc, 0xaedc, 0xaedc, 0xaedc, 0xaedc, 0xaedc, 0xaedc, 
	0xaedc, 0xaedc, 0xaedc, 0xaedc, 0xaedc, 0xaedc, 0xaedc, 0xaedc, 0xaedc, 0xaedc, 0xaedc, 0xaedc, 0xaedc, 0xaedc, 0xaedc, 0xaedc, 
	0xaedc, 0xaedc, 0xaedc, 0xaedc, 0xaedc, 0xaedc, 0xaedc, 0xaedc, 0xaedc, 0xaedc, 0xaedc, 0xaedc, 0xaedc, 0xaedc, 0xaedc, 0xaedc, 
	0xaedc, 0xaedc, 0xaedc, 0xaedc, 0xaedc, 0xaedc, 0xaedc, 0xaedc, 0xaedc, 0xaedc, 0xaedc, 0xaedc, 0xaedc, 0xaedc, 0xaedc, 0xaedc, 
	0xaedc, 0xaedc, 0xaedc, 0xaedc, 0xaedc, 0xaedc, 0xaedc, 0xaedc, 0xaedc, 0xaedc, 0xaedc, 0xaedc, 0xaedc, 0xaedc, 0xaedc, 0xaedc, 
	0xaedc, 0xaedc, 0xaedc, 0xaedc, 0xaedc, 0xaedc, 0xaedc, 0xaedc, 0xaedc, 0xaedc, 0xaedc, 0xaedc, 0xaedc, 0xaedc, 0xaedc, 0xaedc, 
	0xaedc, 0xaedc, 0xaedc, 0xaedc, 0xaedc, 0xaedc, 0xaedc, 0xaedc, 0xaedc, 0xaedc, 0xaedc, 0xaedc, 0xaedc, 0xaedc, 0xaedc, 0xaedc, 
	0xaedc, 0xaedc, 0xaedc, 0xaedc, 0xaedc, 0xaedc, 0xaedc, 0xaedc, 0xaedc, 0xaedc, 0xaedc, 0xaedc, 0xaedc, 0xaedc, 0xaedc, 0xaedc, 
	0xaedc, 0xaedc, 0xaedc, 0xaedc, 0xaedc, 0xaedc, 0xaedc, 0xaedc, 0xaedc, 0xaedc, 0xaedc, 0xaedc, 0xaedc, 0xaedc, 0xaedc, 0xaedc, 
	0xaedc, 0xaedc, 0xaedc, 0xaedc, 0xaedc, 0xaedc, 0xaedc, 0xaedc, 0xaedc, 0xaedc, 0xaedc, 0xaedc, 0xaedc, 0xaedc, 0xaedc, 0xaedc, 
	0xaedc, 0xaedc, 0xaedc, 0xaedc, 0xaedc, 0xaedc, 0xaedc, 0xaedc, 0xaedc, 0xaedc, 0xaedc, 0xaedc, 0xaedc, 0xaedc, 0xaedc, 0xaedc, 
	0xaedc, 0xaedc, 0xaedc, 0xaedc, 0xaedc, 0xaedc, 0xaedc, 0xaedc, 0xaedc, 0xaedc, 0xaedc, 0xaedc, 0xaedc, 0xaedc, 0xaedc, 0xaedc, 
	0xaedc, 0xaedc, 0xaedc, 0xaedc, 0xaedc, 0xaedc, 0xaedc, 0xaedc, 0xaedc, 0xaedc, 0xaedc, 0xaedc, 0xaedc, 0xaedc, 0xaedc, 0xaedc, 
	0xaedc, 0xaedc, 0xaedc, 0xaedc, 0xaedc, 0xaedc, 0xaedc, 0xaedc, 0xaedc, 0xaedc, 0xaedc, 0xaedc, 0xaedc, 0xaedc, 0xaedc, 0xaedc, 
	0xaedc, 0xaedc, 0xaedc, 0xaedc, 0xaedc, 0xaedc, 0xaedc, 0xaedc, 0xaedc, 0xaedc, 0xaedc, 0xaedc, 0xaedc, 0xaedc, 0xaedc, 0xaedc, 
	0xaedc, 0xaedc, 0xaedc, 0xaedc, 0xaedc, 0xaedc, 0xaedc, 0xaedc, 0xaedc, 0xaedc, 0xaedc, 0xaedc, 0xaedc, 0xaedc, 0xaedc, 0xaedc, 
	0xaedc, 0xaedc, 0xaedc, 0xaedc, 0xaedc, 0xaedc, 0xaedc, 0xaedc, 0xaedc, 0xaedc, 0xaedc, 0xaedc, 0xaedc, 0xaedc, 0xaedc, 0xaedc, 
	0xaedc, 0xaedc, 0xaedc, 0xaedc, 0xaedc, 0xaedc, 0xaedc, 0xaedc, 0xaedc, 0xaedc, 0xaedc, 0xaedc, 0xaedc, 0xaedc, 0xaedc, 0xaedc, 
	0xaedc, 0xaedc, 0xaedc, 0xaedc, 0xaedc, 0xaedc, 0xaedc, 0xaedc, 0xaedc, 0xaedc, 0xaedc, 0xaedc, 0xaedc, 0xaedc, 0xaedc, 0xaedc, 
	0xaedc, 0xaedc, 0xaedc, 0xaedc, 0xaedc, 0xaedc, 0xaedc, 0xaedc, 0xaedc, 0xaedc, 0xaedc, 0xaedc, 0xaedc, 0xaedc, 0xaedc, 0xaedc, 
	0xaedc, 0xaedc, 0xaedc, 0xaedc, 0xaedc, 0xaedc, 0xaedc, 0xaedc, 0xaedc, 0xaedc, 0xaedc, 0xaedc, 0xaedc, 0xaedc, 0xaedc, 0xaedc, 
	0xaedc, 0xaedc, 0xaedc, 0xaedc, 0xaedc, 0xaedc, 0xaedc, 0xaedc, 0xaedc, 0xaedc, 0xaedc, 0xaedc, 0xaedc, 0xaedc, 0xaedc, 0xaedc, 
	0xaedc, 0xaedc, 0xaedc, 0xaedc, 0xaedc, 0xaedc, 0xaedc, 0xaedc, 0xaedc, 0xaedc, 0xaedc, 0xaedc, 0xaedc, 0xaedc, 0xaedc, 0xaedc, 
	0xaedc, 0xaedc, 0xaedc, 0xaedc, 0xaedc, 0xaedc, 0xaedc, 0xaedc, 0xaedc, 0xaedc, 0xaedc, 0xaedc, 0xaedc, 0xaedc, 0xaedc, 0xaedc, 
	0xaedc, 0xaedc, 0xaedc, 0xaedc, 0xaedc, 0xaedc, 0xaedc, 0xaedc, 0xaedc, 0xaedc, 0xaedc, 0xaedc, 0xaedc, 0xaedc, 0xaedc, 0xaedc, 
	0xaedc, 0xaedc, 0xaedc, 0xaedc, 0xaedc, 0xaedc, 0xaedc, 0xaedc, 0xaedc, 0xaedc, 0xaedc, 0xaedc, 0xaedc, 0xaedc, 0xaedc, 0xaedc, 
	0xaedc, 0xaedc, 0xaedc, 0xaedc, 0xaedc, 0xaedc, 0xaedc, 0xaedc, 0xaedc, 0xaedc, 0xaedc, 0xaedc, 0xaedc, 0xaedc, 0xaedc, 0xaedc, 
	0xaedc, 0xaedc, 0xaedc, 0xaedc, 0xaedc, 0xaedc, 0xaedc, 0xaedc, 0xaedc, 0xaedc, 0xaedc, 0xaedc, 0xaedc, 0xaedc, 0xaedc, 0xaedc, 
	0xaedc, 0xaedc, 0xaedc, 0xaedc, 0xaedc, 0xaedc, 0xaedc, 0xaedc, 0xaedc, 0xaedc, 0xaedc, 0xaedc, 0xaedc, 0xaedc, 0xaedc, 0xaedc, 
	0xaedc, 0xaedc, 0xaedc, 0xaedc, 0xaedc, 0xaedc, 0xaedc, 0xaedc, 0xaedc, 0xaedc, 0xaedc, 0xaedc, 0xaedc, 0xaedc, 0xaedc, 0xaedc, 
	0xaedc, 0xaedc, 0xaedc, 0xaedc, 0xaedc, 0xaedc, 0xaedc, 0xaedc, 0xaedc, 0xaedc, 0xaedc, 0xaedc, 0xaedc, 0xaedc, 0xaedc, 0xaedc, 
	0xaedc, 0xaedc, 0xaedc, 0xaedc, 0xaedc, 0xaedc, 0xaedc, 0xaedc, 0xaedc, 0xaedc, 0xaedc, 0xaedc, 0xaedc, 0xaedc, 0xaedc, 0xaedc, 
	0xaedc, 0xaedc, 0xaedc, 0xaedc, 0xaedc, 0xaedc, 0xaedc, 0xaedc, 0xaedc, 0xaedc, 0xaedc, 0xaedc, 0xaedc, 0xaedc, 0xaedc, 0xaedc, 
	0xaedc, 0xaedc, 0xaedc, 0xaedc, 0xaedc, 0xaedc, 0xaedc, 0xaedc, 0xaedc, 0xaedc, 0xaedc, 0xaedc, 0xaedc, 0xaedc, 0xaedc, 0xaedc, 
	0xaedc, 0xaedc, 0xaedc, 0xaedc, 0xaedc, 0xaedc, 0xaedc, 0xaedc, 0xaedc, 0xaedc, 0xaedc, 0xaedc, 0xaedc, 0xaedc, 0xaedc, 0xaedc, 
	0xaedc, 0xaedc, 0xaedc, 0xaedc, 0xaedc, 0xaedc, 0xaedc, 0xaedc, 0xaedc, 0xaedc, 0xaedc, 0xaedc, 0xaedc, 0xaedc, 0xaedc, 0xaedc, 
	0xaedc, 0xaedc, 0xaedc, 0xaedc, 0xaedc, 0xaedc, 0xaedc, 0xaedc, 0xaedc, 0xaedc, 0xaedc, 0xaedc, 0xaedc, 0xaedc, 0xaedc, 0xaedc, 
	0xaedc, 0xaedc, 0xaedc, 0xaedc, 0xaedc, 0xaedc, 0xaedc, 0xaedc, 0xaedc, 0xaedc, 0xaedc, 0xaedc, 0xaedc, 0xaedc, 0xaedc, 0xaedc, 
	0xaedc, 0xaedc, 0xaedc, 0xaedc, 0xaedc, 0xaedc, 0xaedc, 0xaedc, 0xaedc, 0xaedc, 0xaedc, 0xaedc, 0xaedc, 0xaedc, 0xaedc, 0xaedc, 
	0xaedc, 0xaedc, 0xaedc, 0xaedc, 0xaedc, 0xaedc, 0xaedc, 0xaedc, 0xaedc, 0xaedc, 0xaedc, 0xaedc, 0xaedc, 0xaedc, 0xaedc, 0xaedc, 
	0xaedc, 0xaedc, 0xaedc, 0xaedc, 0xaedc, 0xaedc, 0xaedc, 0xaedc, 0xaedc, 0xaedc, 0xaedc, 0xaedc, 0xaedc, 0xaedc, 0xaedc, 0xaedc, 
	0xaedc, 0xaedc, 0xaedc, 0xaedc, 0xaedc, 0xaedc, 0xaedc, 0xaedc, 0xaedc, 0xaedc, 0xaedc, 0xaedc, 0xaedc, 0xaedc, 0xaedc, 0xaedc, 
	0xaedc, 0xaedc, 0xaedc, 0xaedc, 0xaedc, 0xaedc, 0xaedc, 0xaedc, 0xaedc, 0xaedc, 0xaedc, 0xaedc, 0xaedc, 0xaedc, 0xaedc, 0xaedc, 
	0xaedc, 0xaedc, 0xaedc, 0xaedc, 0xaedc, 0xaedc, 0xaedc, 0xaedc, 0xb6be, 0xaedc, 0xaedc, 0xaede, 0xaedc, 0xaefc, 0xaedc, 0xaebd, 
	0xaefc, 0xaefc, 0xaefc, 0xaefc, 0xaefc, 0xaefc, 0xaefc, 0xaefc, 0xaedc, 0xaedc, 0xb6bd, 0xb6bd, 0xaedd, 0xaedc, 0xaedc, 0xb6dc, 
	0xaedd, 0xaedd, 0xaedd, 0xaedd, 0xaedd, 0xaedd, 0xaedd, 0xaedd, 0xaedd, 0xaedd, 0xaedd, 0xaedd, 0xaedd, 0xaedd, 0xaedd, 0xaedd, 
	0xaedd, 0xaedd, 0xaedd, 0xaedd, 0xaedd, 0xaedd, 0xaedd, 0xaedd, 0xaedd, 0xaedd, 0xaedd, 0xaedd, 0xaedd, 0xaedd, 0xaedd, 0xaedd, 
	0xaedd, 0xaedd, 0xaedd, 0xaedd, 0xaedd, 0xaedd, 0xaedd, 0xaedd, 0xaedd, 0xaedd, 0xaedd, 0xaedd, 0xaedd, 0xaedd, 0xaedd, 0xaedd, 
	0xaefc, 0xaedc, 0xaedd, 0xaedc, 0xb6dc, 0xb6dd, 0xaedd, 0xaedc, 0xaedc, 0xaedc, 0xaedc, 0xaedc, 0xaedc, 0xaedc, 0xaedc, 0xaedc, 
	0xaedc, 0xaedc, 0xaedc, 0xaedc, 0xaedc, 0xaedc, 0xaedc, 0xaedc, 0xaedc, 0xaedc, 0xaedc, 0xaedc, 0xaedc, 0xaedc, 0xaedc, 0xaedc, 
	0xaedc, 0xaedc, 0xaedc, 0xaedc, 0xaedc, 0xaedc, 0xaedc, 0xaedc, 0xaedc, 0xaedc, 0xaedc, 0xaedc, 0xaedc, 0xaedc, 0xaedc, 0xaedc, 
	0xaedc, 0xaedc, 0xaedc, 0xaedc, 0xaedc, 0xaedc, 0xaedc, 0xaedc, 0xaedc, 0xaedc, 0xaedc, 0xaedc, 0xaedc, 0xaedc, 0xaedc, 0xaedc, 
	0xaedc, 0xaedc, 0xaedc, 0xaedc, 0xaedc, 0xaedc, 0xaedc, 0xaedc, 0xaedc, 0xaedc, 0xaedc, 0xaedc, 0xaedc, 0xaedc, 0xaedc, 0xaedc, 
	0xaedc, 0xaedc, 0xaedc, 0xaedc, 0xaedc, 0xaedc, 0xaedc, 0xaedc, 0xaedc, 0xaedc, 0xaedc, 0xaedc, 0xaedc, 0xaedc, 0xaedc, 0xaedc, 
	0xaedc, 0xaedc, 0xaedc, 0xaedc, 0xaedc, 0xaedc, 0xaedc, 0xaedc, 0xaedc, 0xaedc, 0xaedc, 0xaedc, 0xaedc, 0xaedc, 0xaedc, 0xaedc, 
	0xaedc, 0xaedc, 0xaedc, 0xaedc, 0xaedc, 0xaedc, 0xaedc, 0xaedc, 0xaedc, 0xaedc, 0xaedc, 0xaedc, 0xaedc, 0xaedc, 0xaedc, 0xaedc, 
	0xaedc, 0xaedc, 0xaedc, 0xaedc, 0xaedc, 0xaedc, 0xaedc, 0xaedc, 0xaedc, 0xaedc, 0xaedc, 0xaedc, 0xaedc, 0xaedc, 0xaedc, 0xaedc, 
	0xaedc, 0xaedc, 0xaedc, 0xaedc, 0xaedc, 0xaedc, 0xaedc, 0xaedc, 0xaedc, 0xaedc, 0xaedc, 0xaedc, 0xaedc, 0xaedc, 0xaedc, 0xaedc, 
	0xaedc, 0xaedc, 0xaedc, 0xaedc, 0xaedc, 0xaedc, 0xaedc, 0xaedc, 0xaedc, 0xaedc, 0xaedc, 0xaedc, 0xaedc, 0xaedc, 0xaedc, 0xaedc, 
	0xaedc, 0xaedc, 0xaedc, 0xaedc, 0xaedc, 0xaedc, 0xaedc, 0xaedc, 0xaedc, 0xaedc, 0xaedc, 0xb6dd, 0xb6dc, 0xaedc, 0xb6dc, 0xb6bd, 
	0xaedd, 0xaedd, 0xaedd, 0xaedd, 0xaedd, 0xaedd, 0xaedd, 0xaedd, 0xaefc, 0xaedc, 0xaedd, 0xaedc, 0xaedc, 0xaefc, 0xaefc, 0xaedc, 
	0xaedc, 0xaedc, 0xaedc, 0xaedc, 0xaedc, 0xaedc, 0xaedc, 0xaedc, 0xaedc, 0xaedc, 0xaedc, 0xaedc, 0xaedc, 0xaedc, 0xaedc, 0xaedc, 
	0xaedc, 0xaedc, 0xaedc, 0xaedc, 0xaedc, 0xaedc, 0xaedc, 0xaedc, 0xaedc, 0xaedc, 0xaedc, 0xaedc, 0xaedc, 0xaedc, 0xaedc, 0xaedc, 
	0xaedc, 0xaedc, 0xaedc, 0xaedc, 0xaedc, 0xaedc, 0xaedc, 0xaedc, 0xaedc, 0xaedc, 0xaedc, 0xaedc, 0xaedc, 0xaedc, 0xaedc, 0xaedc, 
	0xb6dc, 0xb6bd, 0xb6bd, 0xaedc, 0xaedb, 0xaefc, 0xaedd, 0xaedd, 0xaedc, 0xaedc, 0xaedc, 0xaedc, 0xaedc, 0xaedc, 0xaedc, 0xaedc, 
	0xaedc, 0xaedc, 0xaedc, 0xaedc, 0xaedc, 0xaedc, 0xaedc, 0xaedc, 0xaedc, 0xaedc, 0xaedc, 0xaedc, 0xaedc, 0xaedc, 0xaedc, 0xaedc, 
	0xaedc, 0xaedc, 0xaedc, 0xaedc, 0xaedc, 0xaedc, 0xaedc, 0xaedc, 0xaedc, 0xaedc, 0xaedc, 0xaedc, 0xaedc, 0xaedc, 0xaedc, 0xaedc, 
	0xaedc, 0xaedc, 0xaedc, 0xaedc, 0xaedc, 0xaedc, 0xaedc, 0xaedc, 0xaedc, 0xaedc, 0xaedc, 0xaedc, 0xaedc, 0xaedc, 0xaedc, 0xaedc, 
	0xaedc, 0xaedc, 0xaedc, 0xaedc, 0xaedc, 0xaedc, 0xaedc, 0xaedc, 0xaedc, 0xaedc, 0xaedc, 0xaedc, 0xaedc, 0xaedc, 0xaedc, 0xaedc, 
	0xaedc, 0xaedc, 0xaedc, 0xaedc, 0xaedc, 0xaedc, 0xaedc, 0xaedc, 0xaedc, 0xaedc, 0xaedc, 0xaedc, 0xaedc, 0xaedc, 0xaedc, 0xaedc, 
	0xaedc, 0xaedc, 0xaedc, 0xaedc, 0xaedc, 0xaedc, 0xaedc, 0xaedc, 0xaedc, 0xaedc, 0xaedc, 0xaedc, 0xaedc, 0xaedc, 0xaedc, 0xaedc, 
	0xaedc, 0xaedc, 0xaedc, 0xaedc, 0xaedc, 0xaedc, 0xaedc, 0xaedc, 0xaedc, 0xaedc, 0xaedc, 0xaedc, 0xaedc, 0xaedc, 0xaedc, 0xaedc, 
	0xaedc, 0xaedc, 0xaedc, 0xaedc, 0xaedc, 0xaedc, 0xaedc, 0xaedc, 0xaedc, 0xaedc, 0xaedc, 0xaedc, 0xaedc, 0xaedc, 0xaedc, 0xaedc, 
	0xaedc, 0xaedc, 0xaedc, 0xaedc, 0xaedc, 0xaedc, 0xaedc, 0xaedc, 0xaedc, 0xaedc, 0xaedc, 0xaedc, 0xaedc, 0xaedc, 0xaedc, 0xaedc, 
	0xaedc, 0xaedc, 0xaedc, 0xaedc, 0xaedc, 0xaedc, 0xaedc, 0xaedc, 0xaedc, 0xaedc, 0xaedc, 0xaedc, 0xaedc, 0xaedc, 0xaedc, 0xaedc, 
	0xaedc, 0xaedc, 0xaedc, 0xaedc, 0xaedc, 0xaedc, 0xaedc, 0xaedc, 0xaedc, 0xaedc, 0xb6dc, 0xaedc, 0xaedd, 0xaefd, 0xaedd, 0xaedd, 
	0xb6dc, 0xb6dc, 0xb6dc, 0xb6dc, 0xb6dc, 0xb6dc, 0xb6dc, 0xb6dc, 0xb6dd, 0xb6dc, 0xb6bc, 0xb6dc, 0xaedc, 0xaedc, 0xaedd, 0xaedd, 
	0xaedd, 0xaedd, 0xaedd, 0xaedd, 0xaedd, 0xaedd, 0xaedd, 0xaedd, 0xaedd, 0xaedd, 0xaedd, 0xaedd, 0xaedd, 0xaedd, 0xaedd, 0xaedd, 
	0xaedd, 0xaedd, 0xaedd, 0xaedd, 0xaedd, 0xaedd, 0xaedd, 0xaedd, 0xaedd, 0xaedd, 0xaedd, 0xaedd, 0xaedd, 0xaedd, 0xaedd, 0xaedd, 
	0xaedd, 0xaedd, 0xaedd, 0xaedd, 0xaedd, 0xaedd, 0xaedd, 0xaedd, 0xaedd, 0xaedd, 0xaedd, 0xaedd, 0xaedd, 0xaedd, 0xaedd, 0xaedd, 
	0xaedd, 0xaedd, 0xaede, 0xaede, 0xaefd, 0xaefc, 0xaedc, 0xb6dd, 0xaedc, 0xaedc, 0xaedc, 0xaedc, 0xaedc, 0xaedc, 0xaedc, 0xaedc, 
	0xaedc, 0xaedc, 0xaedc, 0xaedc, 0xaedc, 0xaedc, 0xaedc, 0xaedc, 0xaedc, 0xaedc, 0xaedc, 0xaedc, 0xaedc, 0xaedc, 0xaedc, 0xaedc, 
	0xaedc, 0xaedc, 0xaedc, 0xaedc, 0xaedc, 0xaedc, 0xaedc, 0xaedc, 0xaedc, 0xaedc, 0xaedc, 0xaedc, 0xaedc, 0xaedc, 0xaedc, 0xaedc, 
	0xaedc, 0xaedc, 0xaedc, 0xaedc, 0xaedc, 0xaedc, 0xaedc, 0xaedc, 0xaedc, 0xaedc, 0xaedc, 0xaedc, 0xaedc, 0xaedc, 0xaedc, 0xaedc, 
	0xaedc, 0xaedc, 0xaedc, 0xaedc, 0xaedc, 0xaedc, 0xaedc, 0xaedc, 0xaedc, 0xaedc, 0xaedc, 0xaedc, 0xaedc, 0xaedc, 0xaedc, 0xaedc, 
	0xaedc, 0xaedc, 0xaedc, 0xaedc, 0xaedc, 0xaedc, 0xaedc, 0xaedc, 0xaedc, 0xaedc, 0xaedc, 0xaedc, 0xaedc, 0xaedc, 0xaedc, 0xaedc, 
	0xaedc, 0xaedc, 0xaedc, 0xaedc, 0xaedc, 0xaedc, 0xaedc, 0xaedc, 0xaedc, 0xaedc, 0xaedc, 0xaedc, 0xaedc, 0xaedc, 0xaedc, 0xaedc, 
	0xaedc, 0xaedc, 0xaedc, 0xaedc, 0xaedc, 0xaedc, 0xaedc, 0xaedc, 0xaedc, 0xaedc, 0xaedc, 0xaedc, 0xaedc, 0xaedc, 0xaedc, 0xaedc, 
	0xaedc, 0xaedc, 0xaedc, 0xaedc, 0xaedc, 0xaedc, 0xaedc, 0xaedc, 0xaedc, 0xaedc, 0xaedc, 0xaedc, 0xaedc, 0xaedc, 0xaedc, 0xaedc, 
	0xaedc, 0xaedc, 0xaedc, 0xaedc, 0xaedc, 0xaedc, 0xaedc, 0xaedc, 0xaedc, 0xaedc, 0xaedc, 0xaedc, 0xaedc, 0xaedc, 0xaedc, 0xaedc, 
	0xaedc, 0xaedc, 0xaedc, 0xaedc, 0xaedc, 0xaedc, 0xaedc, 0xaedc, 0xaedc, 0xaedc, 0xaedc, 0xaedc, 0xaedc, 0xaedc, 0xaedc, 0xaedc, 
	0xaedc, 0xaedc, 0xaedc, 0xaedc, 0xaedc, 0xaedc, 0xaedc, 0xaedc, 0xaedd, 0xaedd, 0xaedc, 0xaedd, 0xaedd, 0xbed9, 0xbed6, 0xc6d5, 
	0xc6d5, 0xc6d5, 0xc6d5, 0xc6d5, 0xc6d5, 0xc6d5, 0xc6d5, 0xc6d5, 0xc6d6, 0xc6d6, 0xc6d5, 0xc6d6, 0xbed6, 0xbef7, 0xbef8, 0xbef8, 
	0xc6d9, 0xc6d9, 0xc6d9, 0xc6d9, 0xc6d9, 0xc6d9, 0xc6d9, 0xc6d9, 0xc6d9, 0xc6d9, 0xc6d9, 0xc6d9, 0xc6d9, 0xc6d9, 0xc6d9, 0xc6d9, 
	0xc6d9, 0xc6d9, 0xc6d9, 0xc6d9, 0xc6d9, 0xc6d9, 0xc6d9, 0xc6d9, 0xc6d9, 0xc6d9, 0xc6d9, 0xc6d9, 0xc6d9, 0xc6d9, 0xc6d9, 0xc6d9, 
	0xc6d9, 0xc6d9, 0xc6d9, 0xc6d9, 0xc6d9, 0xc6d9, 0xc6d9, 0xc6d9, 0xc6d9, 0xc6d9, 0xc6d9, 0xc6d9, 0xc6d9, 0xc6d9, 0xc6d9, 0xc6d9, 
	0xbef8, 0xbef8, 0xbed9, 0xb6bc, 0xaede, 0xaedd, 0xaedc, 0xb6dd, 0xaedc, 0xaedc, 0xaedc, 0xaedc, 0xaedc, 0xaedc, 0xaedc, 0xaedc, 
	0xaedc, 0xaedc, 0xaedc, 0xaedc, 0xaedc, 0xaedc, 0xaedc, 0xaedc, 0xaedc, 0xaedc, 0xaedc, 0xaedc, 0xaedc, 0xaedc, 0xaedc, 0xaedc, 
	0xaedc, 0xaedc, 0xaedc, 0xaedc, 0xaedc, 0xaedc, 0xaedc, 0xaedc, 0xaedc, 0xaedc, 0xaedc, 0xaedc, 0xaedc, 0xaedc, 0xaedc, 0xaedc, 
	0xaedc, 0xaedc, 0xaedc, 0xaedc, 0xaedc, 0xaedc, 0xaedc, 0xaedc, 0xaedc, 0xaedc, 0xaedc, 0xaedc, 0xaedc, 0xaedc, 0xaedc, 0xaedc, 
	0xaedc, 0xaedc, 0xaedc, 0xaedc, 0xaedc, 0xaedc, 0xaedc, 0xaedc, 0xaedc, 0xaedc, 0xaedc, 0xaedc, 0xaedc, 0xaedc, 0xaedc, 0xaedc, 
	0xaedc, 0xaedc, 0xaedc, 0xaedc, 0xaedc, 0xaedc, 0xaedc, 0xaedc, 0xaedc, 0xaedc, 0xaedc, 0xaedc, 0xaedc, 0xaedc, 0xaedc, 0xaedc, 
	0xaedc, 0xaedc, 0xaedc, 0xaedc, 0xaedc, 0xaedc, 0xaedc, 0xaedc, 0xaedc, 0xaedc, 0xaedc, 0xaedc, 0xaedc, 0xaedc, 0xaedc, 0xaedc, 
	0xaedc, 0xaedc, 0xaedc, 0xaedc, 0xaedc, 0xaedc, 0xaedc, 0xaedc, 0xaedc, 0xaedc, 0xaedc, 0xaedc, 0xaedc, 0xaedc, 0xaedc, 0xaedc, 
	0xaedc, 0xaedc, 0xaedc, 0xaedc, 0xaedc, 0xaedc, 0xaedc, 0xaedc, 0xaedc, 0xaedc, 0xaedc, 0xaedc, 0xaedc, 0xaedc, 0xaedc, 0xaedc, 
	0xaedc, 0xaedc, 0xaedc, 0xaedc, 0xaedc, 0xaedc, 0xaedc, 0xaedc, 0xaedc, 0xaedc, 0xaedc, 0xaedc, 0xaedc, 0xaedc, 0xaedc, 0xaedc, 
	0xaedc, 0xaedc, 0xaedc, 0xaedc, 0xaedc, 0xaedc, 0xaedc, 0xaedc, 0xaedc, 0xaedc, 0xaedc, 0xaedc, 0xaedc, 0xaedc, 0xaedc, 0xaedc, 
	0xaedc, 0xaedc, 0xaedc, 0xaedc, 0xaedc, 0xaedc, 0xaedc, 0xaedc, 0xaefc, 0xaedd, 0xaedd, 0xb6be, 0xc6b7, 0xe6ac, 0xf6a7, 0xf6a5, 
	0xf6a5, 0xf6a5, 0xf6a5, 0xf6a5, 0xf6a5, 0xf6a5, 0xf6a5, 0xf6a5, 0xf6a6, 0xf6a5, 0xf6a5, 0xeea6, 0xeec8, 0xeeea, 0xeeeb, 0xeeeb, 
	0xeeeb, 0xeeeb, 0xeeeb, 0xeeeb, 0xeeeb, 0xeeeb, 0xeeeb, 0xeeeb, 0xeeeb, 0xeeeb, 0xeeeb, 0xeeeb, 0xeeeb, 0xeeeb, 0xeeeb, 0xeeeb, 
	0xeeeb, 0xeeeb, 0xeeeb, 0xeeeb, 0xeeeb, 0xeeeb, 0xeeeb, 0xeeeb, 0xeeeb, 0xeeeb, 0xeeeb, 0xeeeb, 0xeeeb, 0xeeeb, 0xeeeb, 0xeeeb, 
	0xeeeb, 0xeeeb, 0xeeeb, 0xeeeb, 0xeeeb, 0xeeeb, 0xeeeb, 0xeeeb, 0xeeeb, 0xeeeb, 0xeeeb, 0xeeeb, 0xeeeb, 0xeeeb, 0xeeeb, 0xeeeb, 
	0xeecc, 0xe6ec, 0xe6cd, 0xd6b3, 0xbebb, 0xaedd, 0xaedc, 0xaedd, 0xaedc, 0xaedc, 0xaedc, 0xaedc, 0xaedc, 0xaedc, 0xaedc, 0xaedc, 
	0xaedc, 0xaedc, 0xaedc, 0xaedc, 0xaedc, 0xaedc, 0xaedc, 0xaedc, 0xaedc, 0xaedc, 0xaedc, 0xaedc, 0xaedc, 0xaedc, 0xaedc, 0xaedc, 
	0xaedc, 0xaedc, 0xaedc, 0xaedc, 0xaedc, 0xaedc, 0xaedc, 0xaedc, 0xaedc, 0xaedc, 0xaedc, 0xaedc, 0xaedc, 0xaedc, 0xaedc, 0xaedc, 
	0xaedc, 0xaedc, 0xaedc, 0xaedc, 0xaedc, 0xaedc, 0xaedc, 0xaedc, 0xaedc, 0xaedc, 0xaedc, 0xaedc, 0xaedc, 0xaedc, 0xaedc, 0xaedc, 
	0xaedc, 0xaedc, 0xaedc, 0xaedc, 0xaedc, 0xaedc, 0xaedc, 0xaedc, 0xaedc, 0xaedc, 0xaedc, 0xaedc, 0xaedc, 0xaedc, 0xaedc, 0xaedc, 
	0xaedc, 0xaedc, 0xaedc, 0xaedc, 0xaedc, 0xaedc, 0xaedc, 0xaedc, 0xaedc, 0xaedc, 0xaedc, 0xaedc, 0xaedc, 0xaedc, 0xaedc, 0xaedc, 
	0xaedc, 0xaedc, 0xaedc, 0xaedc, 0xaedc, 0xaedc, 0xaedc, 0xaedc, 0xaedc, 0xaedc, 0xaedc, 0xaedc, 0xaedc, 0xaedc, 0xaedc, 0xaedc, 
	0xaedc, 0xaedc, 0xaedc, 0xaedc, 0xaedc, 0xaedc, 0xaedc, 0xaedc, 0xaedc, 0xaedc, 0xaedc, 0xaedc, 0xaedc, 0xaedc, 0xaedc, 0xaedc, 
	0xaedc, 0xaedc, 0xaedc, 0xaedc, 0xaedc, 0xaedc, 0xaedc, 0xaedc, 0xaedc, 0xaedc, 0xaedc, 0xaedc, 0xaedc, 0xaedc, 0xaedc, 0xaedc, 
	0xaedc, 0xaedc, 0xaedc, 0xaedc, 0xaedc, 0xaedc, 0xaedc, 0xaedc, 0xaedc, 0xaedc, 0xaedc, 0xaedc, 0xaedc, 0xaedc, 0xaedc, 0xaedc, 
	0xaedc, 0xaedc, 0xaedc, 0xaedc, 0xaedc, 0xaedc, 0xaedc, 0xaedc, 0xaedc, 0xaedc, 0xaedc, 0xaedc, 0xaedc, 0xaedc, 0xaedc, 0xaedc, 
	0xaedc, 0xaedc, 0xaedc, 0xaedc, 0xaedc, 0xaedc, 0xaedc, 0xaedc, 0xaedc, 0xaedc, 0xaefd, 0xb6db, 0xcecf, 0xf6c0, 0xfe80, 0xfe80, 
	0xfea0, 0xfea0, 0xfea0, 0xfea0, 0xfea0, 0xfea0, 0xfea0, 0xfea0, 0xfea0, 0xfea0, 0xfea0, 0xfec1, 0xfec3, 0xfee5, 0xfee6, 0xfee6, 
	0xfee5, 0xfee5, 0xfee5, 0xfee5, 0xfee5, 0xfee5, 0xfee5, 0xfee5, 0xfee5, 0xfee5, 0xfee5, 0xfee5, 0xfee5, 0xfee5, 0xfee5, 0xfee5, 
	0xfee5, 0xfee5, 0xfee5, 0xfee5, 0xfee5, 0xfee5, 0xfee5, 0xfee5, 0xfee5, 0xfee5, 0xfee5, 0xfee5, 0xfee5, 0xfee5, 0xfee5, 0xfee5, 
	0xfee5, 0xfee5, 0xfee5, 0xfee5, 0xfee5, 0xfee5, 0xfee5, 0xfee5, 0xfee5, 0xfee5, 0xfee5, 0xfee5, 0xfee5, 0xfee5, 0xfee5, 0xfee5, 
	0xfee6, 0xff05, 0xff05, 0xeeeb, 0xc6f6, 0xaedc, 0xb6dc, 0xaedd, 0xaedc, 0xaedc, 0xaedc, 0xaedc, 0xaedc, 0xaedc, 0xaedc, 0xaedc, 
	0xaedc, 0xaedc, 0xaedc, 0xaedc, 0xaedc, 0xaedc, 0xaedc, 0xaedc, 0xaedc, 0xaedc, 0xaedc, 0xaedc, 0xaedc, 0xaedc, 0xaedc, 0xaedc, 
	0xaedc, 0xaedc, 0xaedc, 0xaedc, 0xaedc, 0xaedc, 0xaedc, 0xaedc, 0xaedc, 0xaedc, 0xaedc, 0xaedc, 0xaedc, 0xaedc, 0xaedc, 0xaedc, 
	0xaedc, 0xaedc, 0xaedc, 0xaedc, 0xaedc, 0xaedc, 0xaedc, 0xaedc, 0xaedc, 0xaedc, 0xaedc, 0xaedc, 0xaedc, 0xaedc, 0xaedc, 0xaedc, 
	0xaedc, 0xaedc, 0xaedc, 0xaedc, 0xaedc, 0xaedc, 0xaedc, 0xaedc, 0xaedc, 0xaedc, 0xaedc, 0xaedc, 0xaedc, 0xaedc, 0xaedc, 0xaedc, 
	0xaedc, 0xaedc, 0xaedc, 0xaedc, 0xaedc, 0xaedc, 0xaedc, 0xaedc, 0xaedc, 0xaedc, 0xaedc, 0xaedc, 0xaedc, 0xaedc, 0xaedc, 0xaedc, 
	0xaedc, 0xaedc, 0xaedc, 0xaedc, 0xaedc, 0xaedc, 0xaedc, 0xaedc, 0xaedc, 0xaedc, 0xaedc, 0xaedc, 0xaedc, 0xaedc, 0xaedc, 0xaedc, 
	0xaedc, 0xaedc, 0xaedc, 0xaedc, 0xaedc, 0xaedc, 0xaedc, 0xaedc, 0xaedc, 0xaedc, 0xaedc, 0xaedc, 0xaedc, 0xaedc, 0xaedc, 0xaedc, 
	0xaedc, 0xaedc, 0xaedc, 0xaedc, 0xaedc, 0xaedc, 0xaedc, 0xaedc, 0xaedc, 0xaedc, 0xaedc, 0xaedc, 0xaedc, 0xaedc, 0xaedc, 0xaedc, 
	0xaedc, 0xaedc, 0xaedc, 0xaedc, 0xaedc, 0xaedc, 0xaedc, 0xaedc, 0xaedc, 0xaedc, 0xaedc, 0xaedc, 0xaedc, 0xaedc, 0xaedc, 0xaedc, 
	0xaedc, 0xaedc, 0xaedc, 0xaedc, 0xaedc, 0xaedc, 0xaedc, 0xaedc, 0xaedc, 0xaedc, 0xaedc, 0xaedc, 0xaedc, 0xaedc, 0xaedc, 0xaedc, 
	0xaedc, 0xaedc, 0xaedc, 0xaedc, 0xaedc, 0xaedc, 0xaedc, 0xaedc, 0xb6bd, 0xaedd, 0xaefc, 0xb6da, 0xd6eb, 0xfec0, 0xfe80, 0xf6a1, 
	0xfea0, 0xfea0, 0xfea0, 0xfea0, 0xfea0, 0xfea0, 0xfea0, 0xfea0, 0xfe80, 0xfea0, 0xfe80, 0xfea2, 0xfec4, 0xfee6, 0xfee6, 0xfee5, 
	0xfee5, 0xfee5, 0xfee5, 0xfee5, 0xfee5, 0xfee5, 0xfee5, 0xfee5, 0xfee5, 0xfee5, 0xfee5, 0xfee5, 0xfee5, 0xfee5, 0xfee5, 0xfee5, 
	0xfee5, 0xfee5, 0xfee5, 0xfee5, 0xfee5, 0xfee5, 0xfee5, 0xfee5, 0xfee5, 0xfee5, 0xfee5, 0xfee5, 0xfee5, 0xfee5, 0xfee5, 0xfee5, 
	0xfee5, 0xfee5, 0xfee5, 0xfee5, 0xfee5, 0xfee5, 0xfee5, 0xfee5, 0xfee5, 0xfee5, 0xfee5, 0xfee5, 0xfee5, 0xfee5, 0xfee5, 0xfee5, 
	0xff06, 0xf726, 0xff04, 0xef09, 0xc6f5, 0xaedc, 0xb6bc, 0xaefc, 0xaedc, 0xaedc, 0xaedc, 0xaedc, 0xaedc, 0xaedc, 0xaedc, 0xaedc, 
	0xaedc, 0xaedc, 0xaedc, 0xaedc, 0xaedc, 0xaedc, 0xaedc, 0xaedc, 0xaedc, 0xaedc, 0xaedc, 0xaedc, 0xaedc, 0xaedc, 0xaedc, 0xaedc, 
	0xaedc, 0xaedc, 0xaedc, 0xaedc, 0xaedc, 0xaedc, 0xaedc, 0xaedc, 0xaedc, 0xaedc, 0xaedc, 0xaedc, 0xaedc, 0xaedc, 0xaedc, 0xaedc, 
	0xaedc, 0xaedc, 0xaedc, 0xaedc, 0xaedc, 0xaedc, 0xaedc, 0xaedc, 0xaedc, 0xaedc, 0xaedc, 0xaedc, 0xaedc, 0xaedc, 0xaedc, 0xaedc, 
	0xaedc, 0xaedc, 0xaedc, 0xaedc, 0xaedc, 0xaedc, 0xaedc, 0xaedc, 0xaedc, 0xaedc, 0xaedc, 0xaedc, 0xaedc, 0xaedc, 0xaedc, 0xaedc, 
	0xaedc, 0xaedc, 0xaedc, 0xaedc, 0xaedc, 0xaedc, 0xaedc, 0xaedc, 0xaedc, 0xaedc, 0xaedc, 0xaedc, 0xaedc, 0xaedc, 0xaedc, 0xaedc, 
	0xaedc, 0xaedc, 0xaedc, 0xaedc, 0xaedc, 0xaedc, 0xaedc, 0xaedc, 0xaedc, 0xaedc, 0xaedc, 0xaedc, 0xaedc, 0xaedc, 0xaedc, 0xaedc, 
	0xaedc, 0xaedc, 0xaedc, 0xaedc, 0xaedc, 0xaedc, 0xaedc, 0xaedc, 0xaedc, 0xaedc, 0xaedc, 0xaedc, 0xaedc, 0xaedc, 0xaedc, 0xaedc, 
	0xaedc, 0xaedc, 0xaedc, 0xaedc, 0xaedc, 0xaedc, 0xaedc, 0xaedc, 0xaedc, 0xaedc, 0xaedc, 0xaedc, 0xaedc, 0xaedc, 0xaedc, 0xaedc, 
	0xaedc, 0xaedc, 0xaedc, 0xaedc, 0xaedc, 0xaedc, 0xaedc, 0xaedc, 0xaedc, 0xaedc, 0xaedc, 0xaedc, 0xaedc, 0xaedc, 0xaedc, 0xaedc, 
	0xaedc, 0xaedc, 0xaedc, 0xaedc, 0xaedc, 0xaedc, 0xaedc, 0xaedc, 0xaedc, 0xaedc, 0xaedc, 0xaedc, 0xaedc, 0xaedc, 0xaedc, 0xaedc, 
	0xaedc, 0xaedc, 0xaedc, 0xaedc, 0xaedc, 0xaedc, 0xaedc, 0xaedc, 0xb6bd, 0xaedc, 0xaefc, 0xbebb, 0xe6ac, 0xfe61, 0xfe42, 0xf6c0, 
	0xfea0, 0xfea0, 0xfea0, 0xfea0, 0xfea0, 0xfea0, 0xfea0, 0xfea0, 0xfea0, 0xfea0, 0xfea0, 0xfec2, 0xfee4, 0xfee6, 0xff05, 0xff05, 
	0xfee6, 0xfee6, 0xfee6, 0xfee6, 0xfee6, 0xfee6, 0xfee6, 0xfee6, 0xfee6, 0xfee6, 0xfee6, 0xfee6, 0xfee6, 0xfee6, 0xfee6, 0xfee6, 
	0xfee6, 0xfee6, 0xfee6, 0xfee6, 0xfee6, 0xfee6, 0xfee6, 0xfee6, 0xfee6, 0xfee6, 0xfee6, 0xfee6, 0xfee6, 0xfee6, 0xfee6, 0xfee6, 
	0xfee6, 0xfee6, 0xfee6, 0xfee6, 0xfee6, 0xfee6, 0xfee6, 0xfee6, 0xfee6, 0xfee6, 0xfee6, 0xfee6, 0xfee6, 0xfee6, 0xfee6, 0xfee6, 
	0xfee5, 0xfee6, 0xfee5, 0xf6ca, 0xc6f5, 0xb6dc, 0xb6bd, 0xaefd, 0xaedc, 0xaedc, 0xaedc, 0xaedc, 0xaedc, 0xaedc, 0xaedc, 0xaedc, 
	0xaedc, 0xaedc, 0xaedc, 0xaedc, 0xaedc, 0xaedc, 0xaedc, 0xaedc, 0xaedc, 0xaedc, 0xaedc, 0xaedc, 0xaedc, 0xaedc, 0xaedc, 0xaedc, 
	0xaedc, 0xaedc, 0xaedc, 0xaedc, 0xaedc, 0xaedc, 0xaedc, 0xaedc, 0xaedc, 0xaedc, 0xaedc, 0xaedc, 0xaedc, 0xaedc, 0xaedc, 0xaedc, 
	0xaedc, 0xaedc, 0xaedc, 0xaedc, 0xaedc, 0xaedc, 0xaedc, 0xaedc, 0xaedc, 0xaedc, 0xaedc, 0xaedc, 0xaedc, 0xaedc, 0xaedc, 0xaedc, 
	0xaedc, 0xaedc, 0xaedc, 0xaedc, 0xaedc, 0xaedc, 0xaedc, 0xaedc, 0xaedc, 0xaedc, 0xaedc, 0xaedc, 0xaedc, 0xaedc, 0xaedc, 0xaedc, 
	0xaedc, 0xaedc, 0xaedc, 0xaedc, 0xaedc, 0xaedc, 0xaedc, 0xaedc, 0xaedc, 0xaedc, 0xaedc, 0xaedc, 0xaedc, 0xaedc, 0xaedc, 0xaedc, 
	0xaedc, 0xaedc, 0xaedc, 0xaedc, 0xaedc, 0xaedc, 0xaedc, 0xaedc, 0xaedc, 0xaedc, 0xaedc, 0xaedc, 0xaedc, 0xaedc, 0xaedc, 0xaedc, 
	0xaedc, 0xaedc, 0xaedc, 0xaedc, 0xaedc, 0xaedc, 0xaedc, 0xaedc, 0xaedc, 0xaedc, 0xaedc, 0xaedc, 0xaedc, 0xaedc, 0xaedc, 0xaedc, 
	0xaedc, 0xaedc, 0xaedc, 0xaedc, 0xaedc, 0xaedc, 0xaedc, 0xaedc, 0xaedc, 0xaedc, 0xaedc, 0xaedc, 0xaedc, 0xaedc, 0xaedc, 0xaedc, 
	0xaedc, 0xaedc, 0xaedc, 0xaedc, 0xaedc, 0xaedc, 0xaedc, 0xaedc, 0xaedc, 0xaedc, 0xaedc, 0xaedc, 0xaedc, 0xaedc, 0xaedc, 0xaedc, 
	0xaedc, 0xaedc, 0xaedc, 0xaedc, 0xaedc, 0xaedc, 0xaedc, 0xaedc, 0xb6bd, 0xaedc, 0xb6bc, 0xb6bd, 0xaefc, 0xaefc, 0xb6bd, 0xaedc, 
	0xaebc, 0xaebd, 0xb6bd, 0xaedc, 0xaedc, 0xaedd, 0xaebe, 0xb6dd, 0xb6bd, 0xb6bd, 0xa6fd, 0xaefa, 0xe68d, 0xfe81, 0xfea0, 0xfec0, 
	0xfea0, 0xfea0, 0xfea0, 0xfea0, 0xfe80, 0xfea0, 0xfea0, 0xfea0, 0xfea0, 0xfea0, 0xfea0, 0xfec2, 0xfee4, 0xfee6, 0xfee6, 0xfee5, 
	0xfee5, 0xfee5, 0xfee5, 0xfee5, 0xfee5, 0xfee5, 0xfee5, 0xfee5, 0xfee5, 0xfee5, 0xfee5, 0xfee5, 0xfee5, 0xfee5, 0xfee5, 0xfee5, 
	0xfee5, 0xfee5, 0xfee5, 0xfee5, 0xfee5, 0xfee5, 0xfee5, 0xfee5, 0xfee5, 0xfee5, 0xfee5, 0xfee5, 0xfee5, 0xfee5, 0xfee5, 0xfee5, 
	0xfee5, 0xfee5, 0xfee5, 0xfee5, 0xfee5, 0xfee5, 0xfee5, 0xfee5, 0xfee5, 0xfee5, 0xfee6, 0xfee5, 0xfee5, 0xfee5, 0xfee5, 0xfee6, 
	0xff06, 0xfec6, 0xfee5, 0xeeea, 0xced5, 0xaedb, 0xaefc, 0xb6bd, 0xaebd, 0xaedc, 0xaedc, 0xaedc, 0xb6bc, 0xb6bc, 0xb6bc, 0xb6bc, 
	0xb6dc, 0xb6bd, 0xaedd, 0xaedc, 0xaedc, 0xaedc, 0xaedc, 0xaedd, 0xaedc, 0xaedc, 0xaedc, 0xaedc, 0xaedc, 0xaedc, 0xaedc, 0xaedc, 
	0xaedc, 0xaedc, 0xaedc, 0xaedc, 0xaedc, 0xaedc, 0xaedc, 0xaedc, 0xaedc, 0xaedc, 0xaedc, 0xaedc, 0xaedc, 0xaedc, 0xaedc, 0xaedc, 
	0xaedc, 0xaedc, 0xaedc, 0xaedc, 0xaedc, 0xaedc, 0xaedc, 0xaedc, 0xaedc, 0xaedc, 0xaedc, 0xaedc, 0xaedc, 0xaedc, 0xaedc, 0xaedc, 
	0xaedc, 0xaedc, 0xaedc, 0xaedc, 0xaedc, 0xaedc, 0xaedc, 0xaedc, 0xaedc, 0xaedc, 0xaedc, 0xaedc, 0xaedc, 0xaedc, 0xaedc, 0xaedc, 
	0xaedc, 0xaedc, 0xaedc, 0xaedc, 0xaedc, 0xaedc, 0xaedc, 0xaedc, 0xaedc, 0xaedc, 0xaedc, 0xaedc, 0xaedc, 0xaedc, 0xaedc, 0xaedc, 
	0xaedc, 0xaedc, 0xaedc, 0xaedc, 0xaedc, 0xaedc, 0xaedc, 0xaedc, 0xaedc, 0xaedc, 0xaedc, 0xaedc, 0xaedc, 0xaedc, 0xaedc, 0xaedc, 
	0xaedc, 0xaedc, 0xaedc, 0xaedc, 0xaedc, 0xaedc, 0xaedc, 0xaedc, 0xaedc, 0xaedc, 0xaedc, 0xaedc, 0xaedc, 0xaedc, 0xaedc, 0xaedc, 
	0xaedc, 0xaedc, 0xaedc, 0xaedc, 0xaedc, 0xaedc, 0xaedc, 0xaedc, 0xaedc, 0xaedc, 0xaedc, 0xaedc, 0xaedc, 0xaedc, 0xaedc, 0xaedc, 
	0xaedc, 0xaedc, 0xaedc, 0xaedc, 0xaedc, 0xaedc, 0xaedc, 0xaedc, 0xaedc, 0xaedc, 0xaedc, 0xaedc, 0xaedc, 0xaedc, 0xaedc, 0xaedc, 
	0xaedc, 0xaedc, 0xaedc, 0xaedc, 0xaedc, 0xaedc, 0xaedc, 0xaedc, 0xaedd, 0xaedc, 0xb6dc, 0xaebd, 0xaedd, 0xb6dc, 0xb6dc, 0xaefc, 
	0xaefb, 0xaefc, 0xb6bd, 0xaedc, 0xaedc, 0xaefc, 0xaefc, 0xaefc, 0xaefb, 0xb6dc, 0xaefd, 0xb6da, 0xe6ac, 0xfe80, 0xfe80, 0xfe80, 
	0xfea0, 0xfe80, 0xfea0, 0xfea0, 0xfe80, 0xfea0, 0xfea0, 0xfea0, 0xfe81, 0xfe80, 0xfea0, 0xfec2, 0xfee5, 0xfee6, 0xfee6, 0xfee5, 
	0xfee6, 0xfee6, 0xfee6, 0xfee6, 0xfee6, 0xfee6, 0xfee6, 0xfee6, 0xfee6, 0xfee6, 0xfee6, 0xfee6, 0xfee6, 0xfee6, 0xfee6, 0xfee6, 
	0xfee6, 0xfee6, 0xfee6, 0xfee6, 0xfee6, 0xfee6, 0xfee6, 0xfee6, 0xfee6, 0xfee6, 0xfee6, 0xfee6, 0xfee6, 0xfee6, 0xfee6, 0xfee6, 
	0xfee6, 0xfee6, 0xfee6, 0xfee6, 0xfee6, 0xfee6, 0xfee6, 0xfee6, 0xfee5, 0xfee6, 0xfee6, 0xfee6, 0xfee5, 0xfee5, 0xfee6, 0xfee6, 
	0xf6e5, 0xff05, 0xff03, 0xef09, 0xced6, 0xb6bc, 0xaedc, 0xb6dc, 0xaedd, 0xaedd, 0xaefd, 0xaefd, 0xaefc, 0xaefc, 0xaefd, 0xaefd, 
	0xaedd, 0xaefc, 0xaedd, 0xb6dc, 0xaedc, 0xaede, 0xaedd, 0xb6dc, 0xaedc, 0xaedc, 0xaedc, 0xaedc, 0xaedc, 0xaedc, 0xaedc, 0xaedc, 
	0xaedc, 0xaedc, 0xaedc, 0xaedc, 0xaedc, 0xaedc, 0xaedc, 0xaedc, 0xaedc, 0xaedc, 0xaedc, 0xaedc, 0xaedc, 0xaedc, 0xaedc, 0xaedc, 
	0xaedc, 0xaedc, 0xaedc, 0xaedc, 0xaedc, 0xaedc, 0xaedc, 0xaedc, 0xaedc, 0xaedc, 0xaedc, 0xaedc, 0xaedc, 0xaedc, 0xaedc, 0xaedc, 
	0xaedc, 0xaedc, 0xaedc, 0xaedc, 0xaedc, 0xaedc, 0xaedc, 0xaedc, 0xaedc, 0xaedc, 0xaedc, 0xaedc, 0xaedc, 0xaedc, 0xaedc, 0xaedc, 
	0xaedc, 0xaedc, 0xaedc, 0xaedc, 0xaedc, 0xaedc, 0xaedc, 0xaedc, 0xaedc, 0xaedc, 0xaedc, 0xaedc, 0xaedc, 0xaedc, 0xaedc, 0xaedc, 
	0xaedc, 0xaedc, 0xaedc, 0xaedc, 0xaedc, 0xaedc, 0xaedc, 0xaedc, 0xaedc, 0xaedc, 0xaedc, 0xaedc, 0xaedc, 0xaedc, 0xaedc, 0xaedc, 
	0xaedc, 0xaedc, 0xaedc, 0xaedc, 0xaedc, 0xaedc, 0xaedc, 0xaedc, 0xaedc, 0xaedc, 0xaedc, 0xaedc, 0xaedc, 0xaedc, 0xaedc, 0xaedc, 
	0xaedc, 0xaedc, 0xaedc, 0xaedc, 0xaedc, 0xaedc, 0xaedc, 0xaedc, 0xaedc, 0xaedc, 0xaedc, 0xaedc, 0xaedc, 0xaedc, 0xaedc, 0xaedc, 
	0xaedc, 0xaedc, 0xaedc, 0xaedc, 0xaedc, 0xaedc, 0xaedc, 0xaedc, 0xaedc, 0xaedc, 0xaedc, 0xaedc, 0xaedc, 0xaedc, 0xaedc, 0xaedc, 
	0xaedc, 0xaedc, 0xaedc, 0xaedc, 0xaedc, 0xaedc, 0xaedc, 0xaedc, 0xaefc, 0xaedc, 0xaedc, 0xaedd, 0xb6bd, 0xb6bc, 0xaefd, 0xa6fe, 
	0xaedd, 0xb6bc, 0xb6ba, 0xbeb9, 0xbeb8, 0xbeb8, 0xb6b9, 0xbe9a, 0xb6d9, 0xbe9a, 0xbeba, 0xc6b6, 0xe6aa, 0xfec0, 0xfea0, 0xfe80, 
	0xfea0, 0xfe80, 0xfea0, 0xfea0, 0xfea0, 0xfea0, 0xfea0, 0xfe80, 0xfea0, 0xfe80, 0xfea0, 0xfec1, 0xfee4, 0xfee5, 0xfee6, 0xfee5, 
	0xfee5, 0xfee5, 0xfee5, 0xfee5, 0xfee5, 0xfee5, 0xfee5, 0xfee5, 0xfee5, 0xfee5, 0xfee5, 0xfee5, 0xfee5, 0xfee5, 0xfee5, 0xfee5, 
	0xfee5, 0xfee5, 0xfee5, 0xfee5, 0xfee5, 0xfee5, 0xfee5, 0xfee5, 0xfee5, 0xfee5, 0xfee5, 0xfee5, 0xfee5, 0xfee5, 0xfee5, 0xfee5, 
	0xfee5, 0xfee5, 0xfee5, 0xfee5, 0xfee5, 0xfee5, 0xfee5, 0xfee5, 0xfee5, 0xfee5, 0xfee5, 0xfee5, 0xfee5, 0xfee5, 0xfee6, 0xfee6, 
	0xfec6, 0xfee6, 0xff04, 0xeee9, 0xd6b4, 0xbe99, 0xb6b9, 0xb6b9, 0xbeb8, 0xbeb9, 0xb6b9, 0xb6b9, 0xb6b9, 0xb6ba, 0xaebb, 0xaedd, 
	0xaedd, 0xaefd, 0xaefc, 0xb6bd, 0xb6be, 0xaefd, 0xaefc, 0xb6bc, 0xaedc, 0xaedc, 0xaedc, 0xaedc, 0xaedc, 0xaedc, 0xaedc, 0xaedc, 
	0xaedc, 0xaedc, 0xaedc, 0xaedc, 0xaedc, 0xaedc, 0xaedc, 0xaedc, 0xaedc, 0xaedc, 0xaedc, 0xaedc, 0xaedc, 0xaedc, 0xaedc, 0xaedc, 
	0xaedc, 0xaedc, 0xaedc, 0xaedc, 0xaedc, 0xaedc, 0xaedc, 0xaedc, 0xaedc, 0xaedc, 0xaedc, 0xaedc, 0xaedc, 0xaedc, 0xaedc, 0xaedc, 
	0xaedc, 0xaedc, 0xaedc, 0xaedc, 0xaedc, 0xaedc, 0xaedc, 0xaedc, 0xaedc, 0xaedc, 0xaedc, 0xaedc, 0xaedc, 0xaedc, 0xaedc, 0xaedc, 
	0xaedc, 0xaedc, 0xaedc, 0xaedc, 0xaedc, 0xaedc, 0xaedc, 0xaedc, 0xaedc, 0xaedc, 0xaedc, 0xaedc, 0xaedc, 0xaedc, 0xaedc, 0xaedc, 
	0xaedc, 0xaedc, 0xaedc, 0xaedc, 0xaedc, 0xaedc, 0xaedc, 0xaedc, 0xaedc, 0xaedc, 0xaedc, 0xaedc, 0xaedc, 0xaedc, 0xaedc, 0xaedc, 
	0xaedc, 0xaedc, 0xaedc, 0xaedc, 0xaedc, 0xaedc, 0xaedc, 0xaedc, 0xaedc, 0xaedc, 0xaedc, 0xaedc, 0xaedc, 0xaedc, 0xaedc, 0xaedc, 
	0xaedc, 0xaedc, 0xaedc, 0xaedc, 0xaedc, 0xaedc, 0xaedc, 0xaedc, 0xaedc, 0xaedc, 0xaedc, 0xaedc, 0xaedc, 0xaedc, 0xaedc, 0xaedc, 
	0xaedc, 0xaedc, 0xaedc, 0xaedc, 0xaedc, 0xaedc, 0xaedc, 0xaedc, 0xaedc, 0xaedc, 0xaedc, 0xaedc, 0xaedc, 0xaedc, 0xaedc, 0xaedc, 
	0xaedc, 0xaedc, 0xaedc, 0xaedc, 0xaedc, 0xaedc, 0xaedc, 0xaedc, 0xaefc, 0xb6dc, 0xaedc, 0xaedd, 0xb6dc, 0xaedd, 0xaedd, 0xbebb, 
	0xce75, 0xd66f, 0xde8a, 0xde68, 0xe668, 0xe668, 0xe667, 0xe668, 0xde88, 0xe667, 0xe668, 0xe668, 0xf683, 0xfea0, 0xfea0, 0xfea0, 
	0xfea0, 0xfe80, 0xfea0, 0xfea0, 0xfea0, 0xfea0, 0xfea0, 0xfea0, 0xfea0, 0xfea0, 0xfea0, 0xfec1, 0xfee3, 0xfee5, 0xfee5, 0xfee5, 
	0xff05, 0xff05, 0xff05, 0xff05, 0xff05, 0xff05, 0xff05, 0xff05, 0xff05, 0xff05, 0xff05, 0xff05, 0xff05, 0xff05, 0xff05, 0xff05, 
	0xff05, 0xff05, 0xff05, 0xff05, 0xff05, 0xff05, 0xff05, 0xff05, 0xff05, 0xff05, 0xff05, 0xff05, 0xff05, 0xff05, 0xff05, 0xff05, 
	0xff05, 0xff05, 0xff05, 0xff05, 0xff05, 0xff05, 0xff05, 0xff05, 0xff05, 0xff05, 0xfee5, 0xfee5, 0xfee5, 0xff06, 0xff05, 0xff05, 
	0xff06, 0xff06, 0xff05, 0xf6c5, 0xee87, 0xe668, 0xde68, 0xde68, 0xe667, 0xe668, 0xe668, 0xe668, 0xe668, 0xe669, 0xde6b, 0xd66d, 
	0xbeb5, 0xb6bd, 0xaefc, 0xaedc, 0xb6bd, 0xaefb, 0xaefc, 0xaedc, 0xaedc, 0xaedc, 0xaedc, 0xaedc, 0xaedc, 0xaedc, 0xaedc, 0xaedc, 
	0xaedc, 0xaedc, 0xaedc, 0xaedc, 0xaedc, 0xaedc, 0xaedc, 0xaedc, 0xaedc, 0xaedc, 0xaedc, 0xaedc, 0xaedc, 0xaedc, 0xaedc, 0xaedc, 
	0xaedc, 0xaedc, 0xaedc, 0xaedc, 0xaedc, 0xaedc, 0xaedc, 0xaedc, 0xaedc, 0xaedc, 0xaedc, 0xaedc, 0xaedc, 0xaedc, 0xaedc, 0xaedc, 
	0xaedc, 0xaedc, 0xaedc, 0xaedc, 0xaedc, 0xaedc, 0xaedc, 0xaedc, 0xaedc, 0xaedc, 0xaedc, 0xaedc, 0xaedc, 0xaedc, 0xaedc, 0xaedc, 
	0xaedc, 0xaedc, 0xaedc, 0xaedc, 0xaedc, 0xaedc, 0xaedc, 0xaedc, 0xaedc, 0xaedc, 0xaedc, 0xaedc, 0xaedc, 0xaedc, 0xaedc, 0xaedc, 
	0xaedc, 0xaedc, 0xaedc, 0xaedc, 0xaedc, 0xaedc, 0xaedc, 0xaedc, 0xaedc, 0xaedc, 0xaedc, 0xaedc, 0xaedc, 0xaedc, 0xaedc, 0xaedc, 
	0xaedc, 0xaedc, 0xaedc, 0xaedc, 0xaedc, 0xaedc, 0xaedc, 0xaedc, 0xaedc, 0xaedc, 0xaedc, 0xaedc, 0xaedc, 0xaedc, 0xaedc, 0xaedc, 
	0xaedc, 0xaedc, 0xaedc, 0xaedc, 0xaedc, 0xaedc, 0xaedc, 0xaedc, 0xaedc, 0xaedc, 0xaedc, 0xaedc, 0xaedc, 0xaedc, 0xaedc, 0xaedc, 
	0xaedc, 0xaedc, 0xaedc, 0xaedc, 0xaedc, 0xaedc, 0xaedc, 0xaedc, 0xaedc, 0xaedc, 0xaedc, 0xaedc, 0xaedc, 0xaedc, 0xaedc, 0xaedc, 
	0xaedc, 0xaedc, 0xaedc, 0xaedc, 0xaedc, 0xaedc, 0xaedc, 0xaedc, 0xaedd, 0xb6db, 0xaedc, 0xaefd, 0xb6fd, 0xaedd, 0xb6b8, 0xd670, 
	0xee64, 0xee61, 0xf640, 0xfe20, 0xfe01, 0xfe21, 0xfe20, 0xfe20, 0xfe21, 0xfe20, 0xfe20, 0xfe20, 0xfe40, 0xfe60, 0xfe80, 0xfe80, 
	0xfe80, 0xfe80, 0xfea1, 0xfec1, 0xfec1, 0xfec1, 0xfec1, 0xfec1, 0xfec1, 0xfea1, 0xfea1, 0xfec3, 0xfee5, 0xfee6, 0xfee7, 0xff07, 
	0xff07, 0xff07, 0xff07, 0xff07, 0xff07, 0xff07, 0xff07, 0xff07, 0xff07, 0xff07, 0xff07, 0xff07, 0xff07, 0xff07, 0xff07, 0xff07, 
	0xff07, 0xff07, 0xff07, 0xff07, 0xff07, 0xff07, 0xff07, 0xff07, 0xff07, 0xff07, 0xff07, 0xff07, 0xff07, 0xff07, 0xff07, 0xff07, 
	0xff07, 0xff07, 0xff07, 0xff07, 0xff07, 0xff07, 0xff07, 0xff07, 0xff07, 0xff07, 0xff06, 0xff07, 0xff07, 0xfee7, 0xfee5, 0xfec3, 
	0xfec5, 0xfec6, 0xfea5, 0xfe83, 0xfe41, 0xfe20, 0xfe20, 0xfe20, 0xfe20, 0xfe20, 0xfe00, 0xfe00, 0xfe00, 0xfe20, 0xfe20, 0xf642, 
	0xde69, 0xce75, 0xb6bb, 0xaefb, 0xaedc, 0xaedd, 0xaedc, 0xaedc, 0xaedc, 0xaedc, 0xaedc, 0xaedc, 0xaedc, 0xaedc, 0xaedc, 0xaedc, 
	0xaedc, 0xaedc, 0xaedc, 0xaedc, 0xaedc, 0xaedc, 0xaedc, 0xaedc, 0xaedc, 0xaedc, 0xaedc, 0xaedc, 0xaedc, 0xaedc, 0xaedc, 0xaedc, 
	0xaedc, 0xaedc, 0xaedc, 0xaedc, 0xaedc, 0xaedc, 0xaedc, 0xaedc, 0xaedc, 0xaedc, 0xaedc, 0xaedc, 0xaedc, 0xaedc, 0xaedc, 0xaedc, 
	0xaedc, 0xaedc, 0xaedc, 0xaedc, 0xaedc, 0xaedc, 0xaedc, 0xaedc, 0xaedc, 0xaedc, 0xaedc, 0xaedc, 0xaedc, 0xaedc, 0xaedc, 0xaedc, 
	0xaedc, 0xaedc, 0xaedc, 0xaedc, 0xaedc, 0xaedc, 0xaedc, 0xaedc, 0xaedc, 0xaedc, 0xaedc, 0xaedc, 0xaedc, 0xaedc, 0xaedc, 0xaedc, 
	0xaedc, 0xaedc, 0xaedc, 0xaedc, 0xaedc, 0xaedc, 0xaedc, 0xaedc, 0xaedc, 0xaedc, 0xaedc, 0xaedc, 0xaedc, 0xaedc, 0xaedc, 0xaedc, 
	0xaedc, 0xaedc, 0xaedc, 0xaedc, 0xaedc, 0xaedc, 0xaedc, 0xaedc, 0xaedc, 0xaedc, 0xaedc, 0xaedc, 0xaedc, 0xaedc, 0xaedc, 0xaedc, 
	0xaedc, 0xaedc, 0xaedc, 0xaedc, 0xaedc, 0xaedc, 0xaedc, 0xaedc, 0xaedc, 0xaedc, 0xaedc, 0xaedc, 0xaedc, 0xaedc, 0xaedc, 0xaedc, 
	0xaedc, 0xaedc, 0xaedc, 0xaedc, 0xaedc, 0xaedc, 0xaedc, 0xaedc, 0xaedc, 0xaedc, 0xaedc, 0xaedc, 0xaedc, 0xaedc, 0xaedc, 0xaedc, 
	0xaedc, 0xaedc, 0xaedc, 0xaedc, 0xaedc, 0xaedc, 0xaedc, 0xaedc, 0xb6be, 0xaedc, 0xaedc, 0xaedd, 0xaede, 0xb6db, 0xce90, 0xf643, 
	0xfe40, 0xfe20, 0xfe00, 0xfe00, 0xfe20, 0xfe20, 0xf640, 0xf640, 0xfe20, 0xfe20, 0xfe20, 0xfe20, 0xfe40, 0xf640, 0xf660, 0xfe60, 
	0xfe41, 0xfe61, 0xfe83, 0xfec4, 0xfee4, 0xfee4, 0xfee4, 0xfee4, 0xfee4, 0xfee4, 0xfec5, 0xfee7, 0xfee8, 0xff09, 0xff0a, 0xff0a, 
	0xff0a, 0xff0a, 0xff0a, 0xff0a, 0xff0a, 0xff0a, 0xff0a, 0xff0a, 0xff0a, 0xff0a, 0xff0a, 0xff0a, 0xff0a, 0xff0a, 0xff0a, 0xff0a, 
	0xff0a, 0xff0a, 0xff0a, 0xff0a, 0xff0a, 0xff0a, 0xff0a, 0xff0a, 0xff0a, 0xff0a, 0xff0a, 0xff0a, 0xff0a, 0xff0a, 0xff0a, 0xff0a, 
	0xff0a, 0xff0a, 0xff0a, 0xff0a, 0xff0a, 0xff0a, 0xff0a, 0xff0a, 0xff0a, 0xff09, 0xff09, 0xff2a, 0xff0a, 0xfee9, 0xfe85, 0xfe42, 
	0xfe60, 0xfe61, 0xfe41, 0xfe40, 0xfe20, 0xfe20, 0xfe20, 0xfe21, 0xf620, 0xf620, 0xf620, 0xfe20, 0xfe20, 0xfe20, 0xfe20, 0xf641, 
	0xf620, 0xe686, 0xc695, 0xb6bc, 0xaedd, 0xb6be, 0xb6dc, 0xaedd, 0xaedc, 0xaedc, 0xaedc, 0xaedc, 0xaedc, 0xaedc, 0xaedc, 0xaedc, 
	0xaedc, 0xaedc, 0xaedc, 0xaedc, 0xaedc, 0xaedc, 0xaedc, 0xaedc, 0xaedc, 0xaedc, 0xaedc, 0xaedc, 0xaedc, 0xaedc, 0xaedc, 0xaedc, 
	0xaedc, 0xaedc, 0xaedc, 0xaedc, 0xaedc, 0xaedc, 0xaedc, 0xaedc, 0xaedc, 0xaedc, 0xaedc, 0xaedc, 0xaedc, 0xaedc, 0xaedc, 0xaedc, 
	0xaedc, 0xaedc, 0xaedc, 0xaedc, 0xaedc, 0xaedc, 0xaedc, 0xaedc, 0xaedc, 0xaedc, 0xaedc, 0xaedc, 0xaedc, 0xaedc, 0xaedc, 0xaedc, 
	0xaedc, 0xaedc, 0xaedc, 0xaedc, 0xaedc, 0xaedc, 0xaedc, 0xaedc, 0xaedc, 0xaedc, 0xaedc, 0xaedc, 0xaedc, 0xaedc, 0xaedc, 0xaedc, 
	0xaedc, 0xaedc, 0xaedc, 0xaedc, 0xaedc, 0xaedc, 0xaedc, 0xaedc, 0xaedc, 0xaedc, 0xaedc, 0xaedc, 0xaedc, 0xaedc, 0xaedc, 0xaedc, 
	0xaedc, 0xaedc, 0xaedc, 0xaedc, 0xaedc, 0xaedc, 0xaedc, 0xaedc, 0xaedc, 0xaedc, 0xaedc, 0xaedc, 0xaedc, 0xaedc, 0xaedc, 0xaedc, 
	0xaedc, 0xaedc, 0xaedc, 0xaedc, 0xaedc, 0xaedc, 0xaedc, 0xaedc, 0xaedc, 0xaedc, 0xaedc, 0xaedc, 0xaedc, 0xaedc, 0xaedc, 0xaedc, 
	0xaedc, 0xaedc, 0xaedc, 0xaedc, 0xaedc, 0xaedc, 0xaedc, 0xaedc, 0xaedc, 0xaedc, 0xaedc, 0xaedc, 0xaedc, 0xaedc, 0xaedc, 0xaedc, 
	0xaedc, 0xaedc, 0xaedc, 0xaedc, 0xaedc, 0xaedc, 0xaedc, 0xaedc, 0xaedd, 0xaebd, 0xb6dc, 0xaedd, 0xaedd, 0xc6b5, 0xe667, 0xfe20, 
	0xfe20, 0xfe00, 0xfe00, 0xfe00, 0xfe20, 0xfe20, 0xfe20, 0xfe20, 0xfe00, 0xfe20, 0xfe01, 0xfe00, 0xfe20, 0xfe20, 0xfe20, 0xfe00, 
	0xfe40, 0xfe41, 0xfea4, 0xfee6, 0xfee6, 0xfee6, 0xfee6, 0xfee6, 0xff05, 0xfee6, 0xfee7, 0xff09, 0xff2b, 0xff2b, 0xff2b, 0xff2b, 
	0xff2b, 0xff2b, 0xff2b, 0xff2b, 0xff2b, 0xff2b, 0xff2b, 0xff2b, 0xff2b, 0xff2b, 0xff2b, 0xff2b, 0xff2b, 0xff2b, 0xff2b, 0xff2b, 
	0xff2b, 0xff2b, 0xff2b, 0xff2b, 0xff2b, 0xff2b, 0xff2b, 0xff2b, 0xff2b, 0xff2b, 0xff2b, 0xff2b, 0xff2b, 0xff2b, 0xff2b, 0xff2b, 
	0xff2b, 0xff2b, 0xff2b, 0xff2b, 0xff2b, 0xff2b, 0xff2b, 0xff2b, 0xff0b, 0xff2b, 0xff2a, 0xff2c, 0xff2c, 0xfee9, 0xfe64, 0xf620, 
	0xf640, 0xf640, 0xf620, 0xf620, 0xfe20, 0xfe20, 0xfe20, 0xfe20, 0xfe20, 0xfe40, 0xfe40, 0xfe40, 0xfe20, 0xfe20, 0xfe20, 0xfe20, 
	0xfe00, 0xf660, 0xde6b, 0xbe9a, 0xaede, 0xaedc, 0xb6db, 0xaede, 0xaedc, 0xaedc, 0xaedc, 0xaedc, 0xaedc, 0xaedc, 0xaedc, 0xaedc, 
	0xaedc, 0xaedc, 0xaedc, 0xaedc, 0xaedc, 0xaedc, 0xaedc, 0xaedc, 0xaedc, 0xaedc, 0xaedc, 0xaedc, 0xaedc, 0xaedc, 0xaedc, 0xaedc, 
	0xaedc, 0xaedc, 0xaedc, 0xaedc, 0xaedc, 0xaedc, 0xaedc, 0xaedc, 0xaedc, 0xaedc, 0xaedc, 0xaedc, 0xaedc, 0xaedc, 0xaedc, 0xaedc, 
	0xaedc, 0xaedc, 0xaedc, 0xaedc, 0xaedc, 0xaedc, 0xaedc, 0xaedc, 0xaedc, 0xaedc, 0xaedc, 0xaedc, 0xaedc, 0xaedc, 0xaedc, 0xaedc, 
	0xaedc, 0xaedc, 0xaedc, 0xaedc, 0xaedc, 0xaedc, 0xaedc, 0xaedc, 0xaedc, 0xaedc, 0xaedc, 0xaedc, 0xaedc, 0xaedc, 0xaedc, 0xaedc, 
	0xaedc, 0xaedc, 0xaedc, 0xaedc, 0xaedc, 0xaedc, 0xaedc, 0xaedc, 0xaedc, 0xaedc, 0xaedc, 0xaedc, 0xaedc, 0xaedc, 0xaedc, 0xaedc, 
	0xaedc, 0xaedc, 0xaedc, 0xaedc, 0xaedc, 0xaedc, 0xaedc, 0xaedc, 0xaedc, 0xaedc, 0xaedc, 0xaedc, 0xaedc, 0xaedc, 0xaedc, 0xaedc, 
	0xaedc, 0xaedc, 0xaedc, 0xaedc, 0xaedc, 0xaedc, 0xaedc, 0xaedc, 0xaedc, 0xaedc, 0xaedc, 0xaedc, 0xaedc, 0xaedc, 0xaedc, 0xaedc, 
	0xaedc, 0xaedc, 0xaedc, 0xaedc, 0xaedc, 0xaedc, 0xaedc, 0xaedc, 0xaedc, 0xaedc, 0xaedc, 0xaedc, 0xaedc, 0xaedc, 0xaedc, 0xaedc, 
	0xaedc, 0xaedc, 0xaedc, 0xaedc, 0xaedc, 0xaedc, 0xaedc, 0xaedc, 0xa6fb, 0xaebe, 0xb6bd, 0xaedc, 0xaedb, 0xd68e, 0xf642, 0xfe00, 
	0xf640, 0xf620, 0xfe20, 0xfe40, 0xf640, 0xfe20, 0xfe20, 0xfe20, 0xfe20, 0xf640, 0xf640, 0xfe40, 0xfe20, 0xf620, 0xf640, 0xfe20, 
	0xfe20, 0xfe40, 0xfea3, 0xff06, 0xff06, 0xfee6, 0xfee5, 0xfee5, 0xff05, 0xfee6, 0xff08, 0xff0a, 0xff2b, 0xff2b, 0xff2b, 0xff2b, 
	0xff2b, 0xff2b, 0xff2b, 0xff2b, 0xff2b, 0xff2b, 0xff2b, 0xff2b, 0xff2b, 0xff2b, 0xff2b, 0xff2b, 0xff2b, 0xff2b, 0xff2b, 0xff2b, 
	0xff2b, 0xff2b, 0xff2b, 0xff2b, 0xff2b, 0xff2b, 0xff2b, 0xff2b, 0xff2b, 0xff2b, 0xff2b, 0xff2b, 0xff2b, 0xff2b, 0xff2b, 0xff2b, 
	0xff2b, 0xff2b, 0xff2b, 0xff2b, 0xff2b, 0xff2b, 0xff2b, 0xff2b, 0xff2b, 0xff2a, 0xff0a, 0xff2b, 0xff2c, 0xfee9, 0xfe83, 0xfe20, 
	0xfe20, 0xfe20, 0xfe00, 0xfe20, 0xfe40, 0xf640, 0xf640, 0xf620, 0xfe00, 0xfe20, 0xfe40, 0xfe40, 0xfe20, 0xfe20, 0xfe20, 0xfe40, 
	0xfe21, 0xfe20, 0xee44, 0xc6b5, 0xaefd, 0xaefb, 0xb6bd, 0xaedd, 0xaedc, 0xaedc, 0xaedc, 0xaedc, 0xaedc, 0xaedc, 0xaedc, 0xaedc, 
	0xaedc, 0xaedc, 0xaedc, 0xaedc, 0xaedc, 0xaedc, 0xaedc, 0xaedc, 0xaedc, 0xaedc, 0xaedc, 0xaedc, 0xaedc, 0xaedc, 0xaedc, 0xaedc, 
	0xaedc, 0xaedc, 0xaedc, 0xaedc, 0xaedc, 0xaedc, 0xaedc, 0xaedc, 0xaedc, 0xaedc, 0xaedc, 0xaedc, 0xaedc, 0xaedc, 0xaedc, 0xaedc, 
	0xaedc, 0xaedc, 0xaedc, 0xaedc, 0xaedc, 0xaedc, 0xaedc, 0xaedc, 0xaedc, 0xaedc, 0xaedc, 0xaedc, 0xaedc, 0xaedc, 0xaedc, 0xaedc, 
	0xaedc, 0xaedc, 0xaedc, 0xaedc, 0xaedc, 0xaedc, 0xaedc, 0xaedc, 0xaedc, 0xaedc, 0xaedc, 0xaedc, 0xaedc, 0xaedc, 0xaedc, 0xaedc, 
	0xaedc, 0xaedc, 0xaedc, 0xaedc, 0xaedc, 0xaedc, 0xaedc, 0xaedc, 0xaedc, 0xaedc, 0xaedc, 0xaedc, 0xaedc, 0xaedc, 0xaedc, 0xaedc, 
	0xaedc, 0xaedc, 0xaedc, 0xaedc, 0xaedc, 0xaedc, 0xaedc, 0xaedc, 0xaedc, 0xaedc, 0xaedc, 0xaedc, 0xaedc, 0xaedc, 0xaedc, 0xaedc, 
	0xaedc, 0xaedc, 0xaedc, 0xaedc, 0xaedc, 0xaedc, 0xaedc, 0xaedc, 0xaedc, 0xaedc, 0xaedc, 0xaedc, 0xaedc, 0xaedc, 0xaedc, 0xaedc, 
	0xb6bd, 0xb6fd, 0xaefc, 0xaebc, 0xb6dd, 0xaefd, 0xa6dc, 0xb6bc, 0xaedd, 0xaefd, 0xb6dc, 0xb6bc, 0xaedc, 0xa6dd, 0xaedc, 0xaefc, 
	0xaedc, 0xaedc, 0xaedc, 0xaedc, 0xaedc, 0xaedc, 0xaedc, 0xaedc, 0xaefd, 0xaedc, 0xaedd, 0xaefd, 0xbebb, 0xde6b, 0xf620, 0xfe21, 
	0xfe40, 0xfe20, 0xf640, 0xf620, 0xf620, 0xfe20, 0xfe40, 0xf600, 0xfe20, 0xfe20, 0xfe20, 0xfe20, 0xfe20, 0xfe20, 0xfe20, 0xfe20, 
	0xfe20, 0xfe40, 0xfea5, 0xfee7, 0xff04, 0xff06, 0xff07, 0xfee6, 0xfee5, 0xfee5, 0xff07, 0xff0a, 0xff2b, 0xff2b, 0xff2b, 0xff2b, 
	0xff0b, 0xff0b, 0xff2b, 0xff2b, 0xff2b, 0xff2b, 0xff2b, 0xff2b, 0xff0c, 0xff0c, 0xff2b, 0xff2b, 0xff2b, 0xff2b, 0xff2b, 0xff2b, 
	0xff2b, 0xff2b, 0xff0b, 0xff0b, 0xff0b, 0xff2b, 0xff0b, 0xff0b, 0xff2b, 0xff2b, 0xff2b, 0xff2b, 0xff2b, 0xff2b, 0xff0b, 0xff0b, 
	0xff2b, 0xff2b, 0xff2b, 0xff2b, 0xff2b, 0xff2b, 0xff2b, 0xff2b, 0xff0a, 0xff0a, 0xff0b, 0xff0d, 0xff0b, 0xfeeb, 0xf643, 0xfe20, 
	0xfe20, 0xfe20, 0xfe20, 0xfe20, 0xfe20, 0xfe20, 0xfe20, 0xfe20, 0xf620, 0xf620, 0xf640, 0xf620, 0xfe00, 0xfe40, 0xf640, 0xfe20, 
	0xfe20, 0xfe20, 0xf621, 0xd672, 0xaedc, 0xaedd, 0xaedc, 0xaebd, 0xaedd, 0xaedc, 0xaedc, 0xaedd, 0xb6fd, 0xaedd, 0xaedc, 0xaedc, 
	0xaedc, 0xaedd, 0xb6dc, 0xb6dc, 0xaedd, 0xaefd, 0xaefc, 0xaedc, 0xaedc, 0xaedc, 0xaedc, 0xaedc, 0xaedc, 0xaedc, 0xaedc, 0xaedc, 
	0xaedc, 0xaedc, 0xaedc, 0xaedc, 0xaedc, 0xaedc, 0xaedc, 0xaedc, 0xaedc, 0xaedc, 0xaedc, 0xaedc, 0xaedc, 0xaedc, 0xaedc, 0xaedc, 
	0xaedc, 0xaedc, 0xaedc, 0xaedc, 0xaedc, 0xaedc, 0xaedc, 0xaedc, 0xaedc, 0xaedc, 0xaedc, 0xaedc, 0xaedc, 0xaedc, 0xaedc, 0xaedc, 
	0xaedc, 0xaedc, 0xaedc, 0xaedc, 0xaedc, 0xaedc, 0xaedc, 0xaedc, 0xaedc, 0xaedc, 0xaedc, 0xaedc, 0xaedc, 0xaedc, 0xaedc, 0xaedc, 
	0xaedc, 0xaedc, 0xaedc, 0xaedc, 0xaedc, 0xaedc, 0xaedc, 0xaedc, 0xaedc, 0xaedc, 0xaedc, 0xaedc, 0xaedc, 0xaedc, 0xaedc, 0xaedc, 
	0xaedc, 0xaedc, 0xaedc, 0xaedc, 0xaedc, 0xaedc, 0xaedc, 0xaedc, 0xaedc, 0xaedc, 0xaedc, 0xaedc, 0xaedc, 0xaedc, 0xaedc, 0xaedc, 
	0xaedc, 0xaedc, 0xaedc, 0xaedc, 0xaedc, 0xaedc, 0xaedc, 0xaedc, 0xaedc, 0xaedc, 0xaedc, 0xaedc, 0xaedc, 0xaedc, 0xaedc, 0xaedc, 
	0xaebd, 0xaedd, 0xaefc, 0xb6dc, 0xb6dd, 0xaedd, 0xb6dc, 0xb6fd, 0xaedd, 0xb69c, 0xb6bc, 0xb6fc, 0xaedc, 0xaedd, 0xb6dd, 0xb69c, 
	0xaedc, 0xaedc, 0xaedc, 0xaedc, 0xaedc, 0xaedc, 0xaedc, 0xaedc, 0xaebc, 0xaedc, 0xaedd, 0xaedd, 0xb6ba, 0xde8a, 0xf640, 0xfe20, 
	0xfe20, 0xfe20, 0xfe20, 0xfe20, 0xfe20, 0xfe00, 0xfe41, 0xfe40, 0xfe20, 0xfe20, 0xfe20, 0xfe20, 0xfe20, 0xfe20, 0xfe20, 0xfe20, 
	0xfe40, 0xfe21, 0xfea4, 0xff06, 0xfee4, 0xfee5, 0xff06, 0xff04, 0xfee5, 0xfee5, 0xff07, 0xff0a, 0xff2b, 0xff2b, 0xff2b, 0xff2b, 
	0xff2b, 0xff2b, 0xff2b, 0xff2b, 0xff2b, 0xff2b, 0xff2b, 0xff2b, 0xff2a, 0xff2a, 0xff2b, 0xff2b, 0xff2b, 0xff2b, 0xff0b, 0xff0b, 
	0xff0a, 0xff2b, 0xff2b, 0xff2b, 0xff2b, 0xff2b, 0xff2b, 0xff2b, 0xff2b, 0xff2b, 0xff2b, 0xff2b, 0xff2b, 0xff2b, 0xff0b, 0xff0b, 
	0xff2b, 0xff2b, 0xff2b, 0xff2b, 0xff2b, 0xff2b, 0xff2b, 0xff2b, 0xff2c, 0xff2a, 0xff2a, 0xff2c, 0xff2a, 0xff0a, 0xf683, 0xfe60, 
	0xfe20, 0xfe20, 0xfe20, 0xfe20, 0xfe20, 0xfe20, 0xfe20, 0xfe20, 0xfe21, 0xfe20, 0xfe40, 0xfe20, 0xfe00, 0xfe20, 0xf620, 0xfe20, 
	0xfe20, 0xfe20, 0xf641, 0xce71, 0xaedc, 0xaefd, 0xb6dc, 0xaebd, 0xaedc, 0xaedc, 0xaedc, 0xaedc, 0xaedc, 0xaedc, 0xaedd, 0xb6fd, 
	0xaedc, 0xaede, 0xaedc, 0xaefb, 0xaedd, 0xaedc, 0xaedc, 0xb6bd, 0xaedc, 0xaedc, 0xaedc, 0xaedc, 0xaedc, 0xaedc, 0xaedc, 0xaedc, 
	0xaedc, 0xaedc, 0xaedc, 0xaedc, 0xaedc, 0xaedc, 0xaedc, 0xaedc, 0xaedc, 0xaedc, 0xaedc, 0xaedc, 0xaedc, 0xaedc, 0xaedc, 0xaedc, 
	0xaedc, 0xaedc, 0xaedc, 0xaedc, 0xaedc, 0xaedc, 0xaedc, 0xaedc, 0xaedc, 0xaedc, 0xaedc, 0xaedc, 0xaedc, 0xaedc, 0xaedc, 0xaedc, 
	0xaedc, 0xaedc, 0xaedc, 0xaedc, 0xaedc, 0xaedc, 0xaedc, 0xaedc, 0xaedc, 0xaedc, 0xaedc, 0xaedc, 0xaedc, 0xaedc, 0xaedc, 0xaedc, 
	0xaedc, 0xaedc, 0xaedc, 0xaedc, 0xaedc, 0xaedc, 0xaedc, 0xaedc, 0xaedc, 0xaedc, 0xaedc, 0xaedc, 0xaedc, 0xaedc, 0xaedc, 0xaedc, 
	0xaedc, 0xaedc, 0xaedc, 0xaedc, 0xaedc, 0xaedc, 0xaedc, 0xaedc, 0xaedc, 0xaedc, 0xaedc, 0xaedc, 0xaedc, 0xaedc, 0xaedc, 0xaedc, 
	0xaedc, 0xaedc, 0xaedc, 0xaedc, 0xaedc, 0xaedc, 0xaedc, 0xaedc, 0xaedc, 0xaedc, 0xaedc, 0xaedc, 0xaedc, 0xaedc, 0xaedc, 0xaedc, 
	0xaedd, 0xaedc, 0xaefc, 0xb6dc, 0xaedd, 0xaedd, 0xb6bc, 0xaefc, 0xc5fa, 0xd4f8, 0xcd59, 0xb6bc, 0xaefd, 0xb6dd, 0xb6dd, 0xaedc, 
	0xaedc, 0xaedc, 0xaedc, 0xaedc, 0xaedc, 0xaedc, 0xaedc, 0xaedc, 0xb6dd, 0xaedc, 0xaedc, 0xaedc, 0xb6ba, 0xde8a, 0xfe40, 0xfe20, 
	0xfe21, 0xfe01, 0xfe20, 0xfe20, 0xf620, 0xe584, 0xdd85, 0xd5a4, 0xe586, 0xe586, 0xe586, 0xe586, 0xe586, 0xe586, 0xe586, 0xe586, 
	0xd5a6, 0xdd86, 0xf666, 0xff05, 0xfec5, 0xfee6, 0xff06, 0xfee6, 0xfee5, 0xfee5, 0xff07, 0xff0a, 0xff2b, 0xff2b, 0xff2b, 0xff2b, 
	0xff2b, 0xff2b, 0xff2b, 0xff2b, 0xff2b, 0xff2b, 0xff2b, 0xff2b, 0xff2b, 0xff2b, 0xff2b, 0xff0b, 0xff2b, 0xff2b, 0xff2b, 0xff0b, 
	0xff0b, 0xff2b, 0xff2b, 0xff2b, 0xff0b, 0xff0b, 0xff2b, 0xff4b, 0xff2b, 0xff0b, 0xff0b, 0xff0b, 0xff2b, 0xff2b, 0xff2b, 0xff2b, 
	0xff2b, 0xff2b, 0xff2b, 0xff2b, 0xff2b, 0xff2b, 0xff2b, 0xff2b, 0xff2d, 0xff2c, 0xff2b, 0xff0c, 0xff2a, 0xfeeb, 0xdde8, 0xd587, 
	0xe586, 0xe586, 0xe586, 0xe586, 0xe586, 0xe586, 0xe586, 0xe586, 0xdd85, 0xdd85, 0xdda5, 0xede2, 0xfe20, 0xfe40, 0xf621, 0xfe20, 
	0xfe20, 0xf640, 0xfe61, 0xd671, 0xaebc, 0xaebd, 0xaedc, 0xb6dd, 0xaedc, 0xaedc, 0xaedd, 0xaedc, 0xaedc, 0xaedc, 0xaedc, 0xaedd, 
	0xaedd, 0xaedd, 0xaedc, 0xaedc, 0xaedd, 0xaedd, 0xaedc, 0xb6dc, 0xaedc, 0xaedc, 0xaedc, 0xaedc, 0xaedc, 0xaedc, 0xaedc, 0xaedc, 
	0xaedc, 0xaedc, 0xaedc, 0xaedc, 0xaedc, 0xaedc, 0xaedc, 0xaedc, 0xaedc, 0xaedc, 0xaedc, 0xaedc, 0xaedc, 0xaedc, 0xaedc, 0xaedc, 
	0xaedc, 0xaedc, 0xaedc, 0xaedc, 0xaedc, 0xaedc, 0xaedc, 0xaedc, 0xaedc, 0xaedc, 0xaedc, 0xaedc, 0xaedc, 0xaedc, 0xaedc, 0xaedc, 
	0xaedc, 0xaedc, 0xaedc, 0xaedc, 0xaedc, 0xaedc, 0xaedc, 0xaedc, 0xaedc, 0xaedc, 0xaedc, 0xaedc, 0xaedc, 0xaedc, 0xaedc, 0xaedc, 
	0xaedc, 0xaedc, 0xaedc, 0xaedc, 0xaedc, 0xaedc, 0xaedc, 0xaedc, 0xaedc, 0xaedc, 0xaedc, 0xaedc, 0xaedc, 0xaedc, 0xaedc, 0xaedc, 
	0xaedc, 0xaedc, 0xaedc, 0xaedc, 0xaedc, 0xaedc, 0xaedc, 0xaedc, 0xaedc, 0xaedc, 0xaedc, 0xaedc, 0xaedc, 0xaedc, 0xaedc, 0xaedc, 
	0xaedc, 0xaedc, 0xaedc, 0xaedc, 0xaedc, 0xaedc, 0xaedc, 0xaedc, 0xaedc, 0xaedc, 0xaedc, 0xaedc, 0xaedc, 0xaedc, 0xaedc, 0xaedc, 
	0xb6dd, 0xaedc, 0xaedc, 0xb6dd, 0xaebc, 0xaedd, 0xaedc, 0xb67b, 0xe456, 0xf313, 0xeb74, 0xc5ba, 0xaefd, 0xb6bd, 0xb6bd, 0xa71c, 
	0xaedc, 0xaedc, 0xaedc, 0xaedc, 0xaedc, 0xaedc, 0xaedc, 0xaedd, 0xaedc, 0xaedc, 0xaedc, 0xaefd, 0xbeba, 0xde6a, 0xfe40, 0xfe20, 
	0xfe20, 0xfe20, 0xfe20, 0xf620, 0xe5c5, 0xb471, 0x9c16, 0x9435, 0x9435, 0x9435, 0x9435, 0x9435, 0x9435, 0x9435, 0x9435, 0x9435, 
	0x9436, 0xa433, 0xd5ed, 0xff07, 0xfee6, 0xfee6, 0xff05, 0xfee5, 0xfee5, 0xfee5, 0xff07, 0xff0a, 0xff2b, 0xff2b, 0xff2b, 0xff2b, 
	0xff2b, 0xff2b, 0xff2b, 0xff2b, 0xff2b, 0xff2b, 0xff2b, 0xff2b, 0xff2b, 0xff0b, 0xff0b, 0xff0b, 0xff0b, 0xff2b, 0xff2b, 0xff4b, 
	0xff2b, 0xff2b, 0xff2b, 0xff2b, 0xff0b, 0xff0b, 0xff2b, 0xff2b, 0xff2b, 0xff2b, 0xff2b, 0xff2b, 0xff0b, 0xff2b, 0xff2b, 0xff2b, 
	0xff2b, 0xff2b, 0xff2b, 0xff2b, 0xff2b, 0xff2b, 0xff2b, 0xff2b, 0xff2a, 0xff0a, 0xff0a, 0xff2b, 0xff2b, 0xeece, 0xbd12, 0x9c14, 
	0x9435, 0x9435, 0x9435, 0x9435, 0x9435, 0x9435, 0x9435, 0x9435, 0x9c35, 0x9c16, 0x9c15, 0xbcec, 0xede2, 0xfe40, 0xf620, 0xfe20, 
	0xfe20, 0xf620, 0xf641, 0xd671, 0xb6bc, 0xb6dd, 0xaedc, 0xaedc, 0xaedc, 0xaedc, 0xaedd, 0xaedd, 0xaedd, 0xaedc, 0xaedc, 0xaedc, 
	0xaefc, 0xaedc, 0xaedd, 0xaebe, 0xaebd, 0xaedd, 0xaedd, 0xaedc, 0xaedc, 0xaedc, 0xaedc, 0xaedc, 0xaedc, 0xaedc, 0xaedc, 0xaedc, 
	0xaedc, 0xaedc, 0xaedc, 0xaedc, 0xaedc, 0xaedc, 0xaedc, 0xaedc, 0xaedc, 0xaedc, 0xaedc, 0xaedc, 0xaedc, 0xaedc, 0xaedc, 0xaedc, 
	0xaedc, 0xaedc, 0xaedc, 0xaedc, 0xaedc, 0xaedc, 0xaedc, 0xaedc, 0xaedc, 0xaedc, 0xaedc, 0xaedc, 0xaedc, 0xaedc, 0xaedc, 0xaedc, 
	0xaedc, 0xaedc, 0xaedc, 0xaedc, 0xaedc, 0xaedc, 0xaedc, 0xaedc, 0xaedc, 0xaedc, 0xaedc, 0xaedc, 0xaedc, 0xaedc, 0xaedc, 0xaedc, 
	0xaedc, 0xaedc, 0xaedc, 0xaedc, 0xaedc, 0xaedc, 0xaedc, 0xaedc, 0xaedc, 0xaedc, 0xaedc, 0xaedc, 0xaedc, 0xaedc, 0xaedc, 0xaedc, 
	0xaedc, 0xaedc, 0xaedc, 0xaedc, 0xaedc, 0xaedc, 0xaedc, 0xaedc, 0xaedc, 0xaedc, 0xaedc, 0xaedc, 0xaedc, 0xaedc, 0xaedc, 0xaedc, 
	0xaedc, 0xaedc, 0xaedc, 0xaedc, 0xaedc, 0xaedc, 0xaedc, 0xaedc, 0xaedc, 0xaedc, 0xaedc, 0xaedc, 0xaedc, 0xaedc, 0xaedc, 0xaedc, 
	0xb6bc, 0xaedc, 0xaedd, 0xaedc, 0xb69c, 0xb6fd, 0xa6fc, 0xc599, 0xeb73, 0xfa92, 0xfa92, 0xdc77, 0xb67c, 0xb6dd, 0xb6bc, 0xb6fc, 
	0xaedc, 0xaedc, 0xaedc, 0xaedc, 0xaedc, 0xaedc, 0xaedd, 0xaedd, 0xaefc, 0xaedc, 0xb6dd, 0xae9c, 0xae19, 0xd60a, 0xfe20, 0xfe20, 
	0xfe20, 0xf620, 0xfe40, 0xfe40, 0xddc5, 0x9c53, 0x7bd8, 0x7bd8, 0x83b8, 0x83b8, 0x83b8, 0x83b8, 0x83b8, 0x83b8, 0x83b8, 0x83b8, 
	0x7bd8, 0x8bf5, 0xcdeb, 0xff24, 0xff05, 0xfee5, 0xfee5, 0xfec6, 0xfee5, 0xfee5, 0xff07, 0xff0a, 0xff2b, 0xff2b, 0xff2b, 0xff2b, 
	0xff2b, 0xff2b, 0xff2b, 0xff2b, 0xff2b, 0xff2b, 0xff2b, 0xff2b, 0xff2a, 0xff2a, 0xff2b, 0xff2b, 0xff2a, 0xff0a, 0xfee9, 0xfee9, 
	0xff08, 0xff09, 0xff09, 0xff2a, 0xff2a, 0xff2b, 0xff0b, 0xff0b, 0xff2b, 0xff2b, 0xff2b, 0xff2b, 0xff2b, 0xff0b, 0xff2b, 0xff2b, 
	0xff2b, 0xff2b, 0xff2b, 0xff2b, 0xff2b, 0xff2b, 0xff2b, 0xff2b, 0xff0b, 0xff0b, 0xff0b, 0xff2b, 0xff4a, 0xeeec, 0xacf3, 0x83b7, 
	0x83b8, 0x83b8, 0x83b8, 0x83b8, 0x83b8, 0x83b8, 0x83b8, 0x83b8, 0x7bd7, 0x7bd8, 0x7bb8, 0xaccd, 0xede2, 0xfe40, 0xfe40, 0xfe00, 
	0xfe20, 0xf620, 0xf620, 0xc5ef, 0xae3b, 0xb6bd, 0xaefc, 0xa6dc, 0xaedc, 0xaedc, 0xaedc, 0xaedc, 0xaedc, 0xb6fd, 0xaedd, 0xaedc, 
	0xaefb, 0xb6dc, 0xbedc, 0xbedb, 0xb6dc, 0xaedc, 0xaedc, 0xaedd, 0xaedc, 0xaedc, 0xaedc, 0xaedc, 0xaedc, 0xaedc, 0xaedc, 0xaedc, 
	0xaedc, 0xaedc, 0xaedc, 0xaedc, 0xaedc, 0xaedc, 0xaedc, 0xaedc, 0xaedc, 0xaedc, 0xaedc, 0xaedc, 0xaedc, 0xaedc, 0xaedc, 0xaedc, 
	0xaedc, 0xaedc, 0xaedc, 0xaedc, 0xaedc, 0xaedc, 0xaedc, 0xaedc, 0xaedc, 0xaedc, 0xaedc, 0xaedc, 0xaedc, 0xaedc, 0xaedc, 0xaedc, 
	0xaedc, 0xaedc, 0xaedc, 0xaedc, 0xaedc, 0xaedc, 0xaedc, 0xaedc, 0xaedc, 0xaedc, 0xaedc, 0xaedc, 0xaedc, 0xaedc, 0xaedc, 0xaedc, 
	0xaedc, 0xaedc, 0xaedc, 0xaedc, 0xaedc, 0xaedc, 0xaedc, 0xaedc, 0xaedc, 0xaedc, 0xaedc, 0xaedc, 0xaedc, 0xaedc, 0xaedc, 0xaedc, 
	0xaedc, 0xaedc, 0xaedc, 0xaedc, 0xaedc, 0xaedc, 0xaedc, 0xaedc, 0xaedc, 0xaedc, 0xaedc, 0xaedc, 0xaedc, 0xaedc, 0xaedc, 0xaedc, 
	0xaedc, 0xaedc, 0xaedc, 0xaedc, 0xaedc, 0xaedc, 0xaedc, 0xaedc, 0xaedc, 0xaedc, 0xaedc, 0xaedc, 0xaedc, 0xaedc, 0xaedc, 0xaedc, 
	0xb6bc, 0xaedc, 0xaedd, 0xa6dd, 0xb6bd, 0xb6fd, 0xb67b, 0xdc76, 0xf2d2, 0xfad2, 0xfa92, 0xeb74, 0xcd99, 0xaefc, 0xaefd, 0xb6bc, 
	0xaedc, 0xaedc, 0xaedc, 0xaedc, 0xaedc, 0xaedc, 0xaedc, 0xaedc, 0xaefd, 0xb6dd, 0xae5d, 0x957a, 0x94f6, 0xcd69, 0xfe20, 0xfe20, 
	0xfe20, 0xf640, 0xfe20, 0xfe20, 0xe5c4, 0xa433, 0x83d8, 0x83d8, 0x83d8, 0x83d8, 0x83d8, 0x83d8, 0x83d8, 0x83d8, 0x83d8, 0x83d8, 
	0x83d8, 0x8bd7, 0xd5cc, 0xff05, 0xfee5, 0xfee6, 0xfee6, 0xfee6, 0xfee5, 0xfee5, 0xff07, 0xff0a, 0xff2b, 0xff2b, 0xff2b, 0xff2b, 
	0xff0b, 0xff2b, 0xff2b, 0xff2b, 0xff2b, 0xff2b, 0xff2b, 0xff2b, 0xff2c, 0xff2b, 0xff09, 0xfee8, 0xfea6, 0xfe84, 0xfe64, 0xfe63, 
	0xfe63, 0xfe63, 0xfe84, 0xfea5, 0xfec7, 0xfee9, 0xff2a, 0xff2b, 0xff2a, 0xff2a, 0xff2b, 0xff2b, 0xff2b, 0xff0b, 0xff2b, 0xff2b, 
	0xff2b, 0xff2b, 0xff2b, 0xff2b, 0xff2b, 0xff2b, 0xff2b, 0xff2b, 0xff2a, 0xff2a, 0xff4a, 0xff2b, 0xff0b, 0xeeac, 0xb4f4, 0x83d8, 
	0x83d8, 0x83d8, 0x83d8, 0x83d8, 0x83d8, 0x83d8, 0x83d8, 0x83d8, 0x83d8, 0x83f8, 0x83d8, 0xb4ed, 0xf602, 0xfe20, 0xfe40, 0xfe40, 
	0xfe00, 0xfe40, 0xf601, 0xb50d, 0x8cf8, 0xa5dc, 0xae9c, 0xaefd, 0xb6fd, 0xb6fd, 0xaedd, 0xaedc, 0xaedc, 0xaedd, 0xb6fd, 0xaedc, 
	0xaedd, 0xbedb, 0xd6f4, 0xd712, 0xc6da, 0xaedd, 0xaefc, 0xaede, 0xaedc, 0xaedc, 0xaedc, 0xaedc, 0xaedc, 0xaedc, 0xaedc, 0xaedc, 
	0xaedc, 0xaedc, 0xaedc, 0xaedc, 0xaedc, 0xaedc, 0xaedc, 0xaedc, 0xaedc, 0xaedc, 0xaedc, 0xaedc, 0xaedc, 0xaedc, 0xaedc, 0xaedc, 
	0xaedc, 0xaedc, 0xaedc, 0xaedc, 0xaedc, 0xaedc, 0xaedc, 0xaedc, 0xaedc, 0xaedc, 0xaedc, 0xaedc, 0xaedc, 0xaedc, 0xaedc, 0xaedc, 
	0xaedc, 0xaedc, 0xaedc, 0xaedc, 0xaedc, 0xaedc, 0xaedc, 0xaedc, 0xaedc, 0xaedc, 0xaedc, 0xaedc, 0xaedc, 0xaedc, 0xaedc, 0xaedc, 
	0xaedc, 0xaedc, 0xaedc, 0xaedc, 0xaedc, 0xaedc, 0xaedc, 0xaedc, 0xaedc, 0xaedc, 0xaedc, 0xaedc, 0xaedc, 0xaedc, 0xaedc, 0xaedc, 
	0xaedc, 0xaedc, 0xaedc, 0xaedc, 0xaedc, 0xaedc, 0xaedc, 0xaedc, 0xaedc, 0xaedc, 0xaedc, 0xaedc, 0xaedc, 0xaedc, 0xaedc, 0xaedc, 
	0xaedc, 0xaedc, 0xaedc, 0xaedc, 0xaedc, 0xaedc, 0xaedc, 0xaedc, 0xaedc, 0xaedc, 0xaedc, 0xaedc, 0xaedc, 0xaedc, 0xaedc, 0xaedc, 
	0xaedd, 0xb6bc, 0xaefd, 0xaedd, 0xb6bd, 0xb6dc, 0xcd78, 0xf354, 0xfa92, 0xfaf2, 0xfab2, 0xfad2, 0xdc77, 0xb65b, 0xa71d, 0xaedc, 
	0xaedc, 0xaedc, 0xaedd, 0xaedd, 0xaedd, 0xaedc, 0xaedc, 0xaedc, 0xae9d, 0xa5fc, 0x9d1a, 0x8438, 0x8c15, 0xcd28, 0xfe20, 0xfe20, 
	0xfe20, 0xf640, 0xfe20, 0xfe01, 0xe5c4, 0x9c33, 0x83b7, 0x8bd8, 0x83d8, 0x83d8, 0x83d8, 0x83d8, 0x83d8, 0x83d8, 0x83d8, 0x83d8, 
	0x83d8, 0x93f7, 0xddcd, 0xfee5, 0xfee5, 0xff05, 0xfee5, 0xff25, 0xfee5, 0xfee5, 0xff07, 0xff0a, 0xff2b, 0xff2b, 0xff2b, 0xff2b, 
	0xff2b, 0xff2b, 0xff2b, 0xff2b, 0xff2b, 0xff2a, 0xff2a, 0xff2a, 0xfee9, 0xfec8, 0xfe85, 0xf662, 0xfe41, 0xfe40, 0xfe20, 0xfe20, 
	0xfe20, 0xfe20, 0xfe40, 0xfe60, 0xfe82, 0xfec4, 0xfee6, 0xff08, 0xff0a, 0xff0a, 0xff2a, 0xff2b, 0xff2b, 0xff0b, 0xff2b, 0xff2b, 
	0xff2b, 0xff2b, 0xff2b, 0xff2b, 0xff2b, 0xff2b, 0xff2b, 0xff2b, 0xff2b, 0xff4c, 0xff4b, 0xff0c, 0xfeec, 0xf6ac, 0xb4f4, 0x83d7, 
	0x83d8, 0x83d8, 0x83d8, 0x83d8, 0x83d8, 0x83d8, 0x83d8, 0x83d8, 0x8398, 0x83d7, 0x83b8, 0xb4ce, 0xf5e2, 0xfe00, 0xf620, 0xf620, 
	0xfe20, 0xfe40, 0xfe01, 0xb4ad, 0x7bf6, 0x8c79, 0x9d5a, 0xae3c, 0xaebc, 0xaedd, 0xb6fd, 0xaedc, 0xaedc, 0xaedc, 0xaedc, 0xaedc, 
	0xb6bd, 0xd6f6, 0xf72c, 0xf72c, 0xd6f6, 0xb6dc, 0xaedc, 0xaedc, 0xaedc, 0xaedc, 0xaedc, 0xaedc, 0xaedc, 0xaedc, 0xaedc, 0xaedc, 
	0xaedc, 0xaedc, 0xaedc, 0xaedc, 0xaedc, 0xaedc, 0xaedc, 0xaedc, 0xaedc, 0xaedc, 0xaedc, 0xaedc, 0xaedc, 0xaedc, 0xaedc, 0xaedc, 
	0xaedc, 0xaedc, 0xaedc, 0xaedc, 0xaedc, 0xaedc, 0xaedc, 0xaedc, 0xaedc, 0xaedc, 0xaedc, 0xaedc, 0xaedc, 0xaedc, 0xaedc, 0xaedc, 
	0xaedc, 0xaedc, 0xaedc, 0xaedc, 0xaedc, 0xaedc, 0xaedc, 0xaedc, 0xaedc, 0xaedc, 0xaedc, 0xaedc, 0xaedc, 0xaedc, 0xaedc, 0xaedc, 
	0xaedc, 0xaedc, 0xaedc, 0xaedc, 0xaedc, 0xaedc, 0xaedc, 0xaedc, 0xaedc, 0xaedc, 0xaedc, 0xaedc, 0xaedc, 0xaedc, 0xaedc, 0xaedc, 
	0xaedc, 0xaedc, 0xaedc, 0xaedc, 0xaedc, 0xaedc, 0xaedc, 0xaedc, 0xaedc, 0xaedc, 0xaedc, 0xaedc, 0xaedc, 0xaedc, 0xaedc, 0xaedc, 
	0xaedc, 0xaedc, 0xaedc, 0xaedc, 0xaedc, 0xaedc, 0xaedc, 0xaedc, 0xaedc, 0xaedc, 0xaedc, 0xaedc, 0xaedc, 0xaedc, 0xaedc, 0xaedc, 
	0xa6fd, 0xbebc, 0xaefc, 0xaedd, 0xaedc, 0xae9b, 0xdc97, 0xfab2, 0xfab3, 0xfab2, 0xfab2, 0xfa92, 0xeb95, 0xc599, 0xaedc, 0xb6dd, 
	0xaedc, 0xaedd, 0xaedd, 0xaedd, 0xaedd, 0xaedc, 0xaedc, 0xaedc, 0xa5bb, 0x8cb9, 0x83d7, 0x7b97, 0x9416, 0xd549, 0xfe20, 0xf640, 
	0xfe00, 0xfe40, 0xfe20, 0xfe00, 0xe5e2, 0x9c52, 0x7bd7, 0x83d9, 0x83d7, 0x83d7, 0x83d7, 0x83d7, 0x83d7, 0x83d7, 0x83d7, 0x83d7, 
	0x73d7, 0x83f7, 0xd5ed, 0xfee6, 0xff06, 0xff06, 0xfec6, 0xff05, 0xfee5, 0xfee5, 0xff07, 0xff0a, 0xff2b, 0xff2b, 0xff2b, 0xff2b, 
	0xff2b, 0xff2b, 0xff2b, 0xff2b, 0xff2b, 0xff2a, 0xff0a, 0xff0a, 0xfe83, 0xfe61, 0xfe20, 0xfe20, 0xfe20, 0xfe40, 0xfe40, 0xfe20, 
	0xf640, 0xfe60, 0xfe80, 0xfea0, 0xfea0, 0xfea0, 0xfea1, 0xfea2, 0xff09, 0xff0a, 0xff2a, 0xff2b, 0xff2b, 0xff0b, 0xff0b, 0xff2b, 
	0xff2b, 0xff2b, 0xff2b, 0xff2b, 0xff2b, 0xff2b, 0xff2b, 0xff2b, 0xff2a, 0xff2b, 0xff2b, 0xff0b, 0xff2b, 0xf6ea, 0xacf4, 0x7bb8, 
	0x83d7, 0x83d7, 0x83d7, 0x83d7, 0x83d7, 0x83d7, 0x83d7, 0x83d7, 0x83d8, 0x83f7, 0x7bb8, 0xb4cf, 0xf601, 0xfe20, 0xfe40, 0xf621, 
	0xfe40, 0xf620, 0xf5e1, 0xbccf, 0x8bf8, 0x83b8, 0x8417, 0x94f9, 0xa67b, 0xa69c, 0xaedc, 0xaedc, 0xaedc, 0xaedc, 0xaedc, 0xaedc, 
	0xb6fa, 0xdf11, 0xff2a, 0xff0b, 0xdf11, 0xbef9, 0xaedd, 0xb6dc, 0xaedc, 0xaedc, 0xaedc, 0xaedc, 0xaedc, 0xaedc, 0xaedc, 0xaedc, 
	0xaedc, 0xaedc, 0xaedc, 0xaedc, 0xaedc, 0xaedc, 0xaedc, 0xaedc, 0xaedc, 0xaedc, 0xaedc, 0xaedc, 0xaedc, 0xaedc, 0xaedc, 0xaedc, 
	0xaedc, 0xaedc, 0xaedc, 0xaedc, 0xaedc, 0xaedc, 0xaedc, 0xaedc, 0xaedc, 0xaedc, 0xaedc, 0xaedc, 0xaedc, 0xaedc, 0xaedc, 0xaedc, 
	0xaedc, 0xaedc, 0xaedc, 0xaedc, 0xaedc, 0xaedc, 0xaedc, 0xaedc, 0xaedc, 0xaedc, 0xaedc, 0xaedc, 0xaedc, 0xaedc, 0xaedc, 0xaedc, 
	0xaedc, 0xaedc, 0xaedc, 0xaedc, 0xaedc, 0xaedc, 0xaedc, 0xaedc, 0xaedc, 0xaedc, 0xaedc, 0xaedc, 0xaedc, 0xaedc, 0xaedc, 0xaedc, 
	0xaedc, 0xaedc, 0xaedc, 0xaedc, 0xaedc, 0xaedc, 0xaedc, 0xaedc, 0xaedc, 0xaedc, 0xaedc, 0xaedc, 0xaedc, 0xaedc, 0xaedc, 0xaedc, 
	0xaedc, 0xaedc, 0xaedc, 0xaedc, 0xaedc, 0xaedc, 0xaedc, 0xaedc, 0xb6dd, 0xaedc, 0xaedc, 0xb6dc, 0xaefc, 0xaedd, 0xb6bc, 0xaefd, 
	0xaebc, 0xa71d, 0xaebd, 0xaebd, 0xaf1d, 0xcd79, 0xf354, 0xfab2, 0xfad2, 0xfa92, 0xf2f2, 0xfab2, 0xfa93, 0xdc97, 0xae9b, 0xaebd, 
	0xaedc, 0xb6dd, 0xb6bd, 0xaebc, 0xaefb, 0xaefc, 0xa65c, 0x955b, 0x8bf8, 0x83f7, 0x83d8, 0x83d8, 0x8c15, 0xd548, 0xfe00, 0xf640, 
	0xf640, 0xfe21, 0xfe00, 0xf620, 0xe5c5, 0x9c51, 0x7bb8, 0x83d7, 0x83d8, 0x83d8, 0x83d8, 0x83d8, 0x83d8, 0x83d8, 0x83d8, 0x83d8, 
	0x83d7, 0x8bf7, 0xd5ed, 0xfee6, 0xfee6, 0xfee5, 0xfee6, 0xfee5, 0xfee5, 0xfee5, 0xff07, 0xff0a, 0xff2b, 0xff2b, 0xff0b, 0xff2b, 
	0xff2b, 0xff4b, 0xff0b, 0xff0b, 0xff2c, 0xff2a, 0xfec6, 0xfe63, 0xfe40, 0xfe20, 0xfe20, 0xfe20, 0xfe20, 0xfe20, 0xfe20, 0xfe40, 
	0xfe80, 0xfe80, 0xfe80, 0xfea0, 0xfea0, 0xfea0, 0xfea0, 0xfea0, 0xfea1, 0xfec5, 0xff0a, 0xff2b, 0xff0b, 0xff0b, 0xff0b, 0xff2a, 
	0xff2b, 0xff2b, 0xff2b, 0xff2b, 0xff2b, 0xff2b, 0xff2b, 0xff2b, 0xff0b, 0xff2b, 0xff2b, 0xff0b, 0xff0b, 0xeecc, 0xacf3, 0x83d8, 
	0x83d8, 0x83d8, 0x83d8, 0x83d8, 0x83d8, 0x83d8, 0x83d8, 0x83d8, 0x83d8, 0x83b8, 0x83d7, 0xb4ce, 0xf601, 0xfe00, 0xfe40, 0xfe20, 
	0xfe40, 0xfe20, 0xfe21, 0xb4ce, 0x83d7, 0x83d8, 0x83f7, 0x83d8, 0x8c99, 0x959a, 0xaebd, 0xb6de, 0xaebc, 0xaedb, 0xaedc, 0xb6dd, 
	0xcf17, 0xf70d, 0xff2a, 0xff0c, 0xf70d, 0xcef5, 0xaefd, 0xaedc, 0xb6bc, 0xb6bd, 0xaedc, 0xaedc, 0xaedd, 0xaedd, 0xaedc, 0xaefd, 
	0xaedc, 0xaedc, 0xaedc, 0xaedc, 0xaedc, 0xaedc, 0xaedc, 0xaedc, 0xaedc, 0xaedc, 0xaedc, 0xaedc, 0xaedc, 0xaedc, 0xaedc, 0xaedc, 
	0xaedc, 0xaedc, 0xaedc, 0xaedc, 0xaedc, 0xaedc, 0xaedc, 0xaedc, 0xaedc, 0xaedc, 0xaedc, 0xaedc, 0xaedc, 0xaedc, 0xaedc, 0xaedc, 
	0xaedc, 0xaedc, 0xaedc, 0xaedc, 0xaedc, 0xaedc, 0xaedc, 0xaedc, 0xaedc, 0xaedc, 0xaedc, 0xaedc, 0xaedc, 0xaedc, 0xaedc, 0xaedc, 
	0xaedc, 0xaedc, 0xaedc, 0xaedc, 0xaedc, 0xaedc, 0xaedc, 0xaedc, 0xaedc, 0xaedc, 0xaedc, 0xaedc, 0xaedc, 0xaedc, 0xaedc, 0xaedc, 
	0xaedc, 0xaedc, 0xaedc, 0xaedc, 0xaedc, 0xaedc, 0xaedc, 0xaedc, 0xaedc, 0xaedc, 0xaedc, 0xaedc, 0xaedc, 0xaedc, 0xaedc, 0xaedc, 
	0xaedc, 0xaedc, 0xaedc, 0xaedc, 0xaedc, 0xaedc, 0xaedc, 0xaedc, 0xaedd, 0xaedc, 0xaedc, 0xaebc, 0xaebc, 0xb6bc, 0xaedc, 0xaedc, 
	0xb6dc, 0xaefd, 0xaedd, 0xb6dd, 0xbe7b, 0xdc77, 0xfad3, 0xfab2, 0xfab3, 0xfa72, 0xfad2, 0xfad2, 0xfa92, 0xeb95, 0xcd9a, 0xaefc, 
	0xb6dd, 0xaebc, 0xaebc, 0xaefd, 0xb6dd, 0xae1c, 0x94fa, 0x8c18, 0x83f8, 0x7bd7, 0x83b7, 0x83d8, 0x8bf6, 0xcd49, 0xfe00, 0xfe40, 
	0xf640, 0xfe20, 0xfe20, 0xf620, 0xe5e4, 0x9c32, 0x7bb8, 0x83d7, 0x83d8, 0x83d8, 0x83d8, 0x83d8, 0x83d8, 0x83d8, 0x83d8, 0x83d8, 
	0x83d7, 0x8bf7, 0xd5ed, 0xfee5, 0xfee6, 0xfee5, 0xfee6, 0xfee5, 0xfee5, 0xfee5, 0xff07, 0xff0a, 0xff2b, 0xff2b, 0xff0b, 0xff2b, 
	0xff0b, 0xff2a, 0xff2a, 0xff0c, 0xff0b, 0xfec7, 0xfe62, 0xfe21, 0xfe20, 0xfe20, 0xfe20, 0xfe20, 0xfe20, 0xfe20, 0xfe40, 0xfe60, 
	0xfe80, 0xfe80, 0xfea0, 0xfea0, 0xfea0, 0xfea0, 0xfea0, 0xfea0, 0xfea0, 0xfea2, 0xfee5, 0xff09, 0xff0b, 0xff0b, 0xff2b, 0xff2b, 
	0xff2b, 0xff2b, 0xff2b, 0xff2b, 0xff2b, 0xff2b, 0xff2b, 0xff2b, 0xff0b, 0xff2b, 0xff2b, 0xff0b, 0xff2b, 0xeecc, 0xacf3, 0x83d8, 
	0x83d8, 0x83d8, 0x83d8, 0x83d8, 0x83d8, 0x83d8, 0x83d8, 0x83d8, 0x83d8, 0x83b8, 0x83d8, 0xb4ce, 0xf601, 0xfe00, 0xfe40, 0xfe20, 
	0xfe40, 0xfe20, 0xfe21, 0xb4af, 0x83d8, 0x83d8, 0x83d7, 0x83d8, 0x8bb7, 0x8438, 0x9559, 0xae7b, 0xb6dd, 0xb6fe, 0xb6dc, 0xbedb, 
	0xe711, 0xf72b, 0xff4a, 0xff2c, 0xfeeb, 0xe710, 0xbef8, 0xaedd, 0xaefc, 0xaebe, 0xb6bd, 0xb6fb, 0xaefb, 0xaedd, 0xaebd, 0xb6bd, 
	0xaedc, 0xaedc, 0xaedc, 0xaedc, 0xaedc, 0xaedc, 0xaedc, 0xaedc, 0xaedc, 0xaedc, 0xaedc, 0xaedc, 0xaedc, 0xaedc, 0xaedc, 0xaedc, 
	0xaedc, 0xaedc, 0xaedc, 0xaedc, 0xaedc, 0xaedc, 0xaedc, 0xaedc, 0xaedc, 0xaedc, 0xaedc, 0xaedc, 0xaedc, 0xaedc, 0xaedc, 0xaedc, 
	0xaedc, 0xaedc, 0xaedc, 0xaedc, 0xaedc, 0xaedc, 0xaedc, 0xaedc, 0xaedc, 0xaedc, 0xaedc, 0xaedc, 0xaedc, 0xaedc, 0xaedc, 0xaedc, 
	0xaedc, 0xaedc, 0xaedc, 0xaedc, 0xaedc, 0xaedc, 0xaedc, 0xaedc, 0xaedc, 0xaedc, 0xaedc, 0xaedc, 0xaedc, 0xaedc, 0xaedc, 0xaedc, 
	0xaedc, 0xaedc, 0xaedc, 0xaedc, 0xaedc, 0xaedc, 0xaedc, 0xaedc, 0xaedc, 0xaedc, 0xaedc, 0xaedc, 0xaedc, 0xaedc, 0xaedc, 0xaedc, 
	0xaedc, 0xaedc, 0xaedc, 0xaedc, 0xaedc, 0xaedc, 0xaedc, 0xaedc, 0xaedc, 0xb6bd, 0xaefd, 0xa71d, 0xaefc, 0xb6fd, 0xaefc, 0xaefc, 
	0xb6bb, 0xb65b, 0xbdfa, 0xc5da, 0xd4f8, 0xf354, 0xfa72, 0xfad2, 0xfab3, 0xfab2, 0xfab2, 0xfad2, 0xfa92, 0xfab3, 0xec16, 0xc5b9, 
	0xb63b, 0xb67b, 0xb6dc, 0xaebc, 0xa5bb, 0x8c99, 0x83d8, 0x83b8, 0x7bd8, 0x7bd8, 0x8bd7, 0x8bb8, 0x83f7, 0xc54a, 0xfe20, 0xfe20, 
	0xfe40, 0xfe20, 0xfe20, 0xf620, 0xe603, 0xa432, 0x7bb8, 0x83d8, 0x83d8, 0x83d8, 0x83d8, 0x83d8, 0x83d8, 0x83d8, 0x83d8, 0x83d8, 
	0x83d7, 0x8bf7, 0xd5ed, 0xfee5, 0xfee6, 0xff05, 0xfee6, 0xfee5, 0xfee5, 0xfee5, 0xff07, 0xff0a, 0xff2b, 0xff2b, 0xff0b, 0xff2b, 
	0xff0c, 0xff0a, 0xff2a, 0xff2b, 0xfec8, 0xfe62, 0xfe20, 0xfe20, 0xfe20, 0xfe20, 0xfe20, 0xfe20, 0xfe20, 0xfe20, 0xfe60, 0xfe80, 
	0xfea0, 0xfea0, 0xfea0, 0xfea0, 0xfea0, 0xfea0, 0xfea0, 0xfea0, 0xfea0, 0xfe80, 0xfea1, 0xfee6, 0xff0a, 0xff2b, 0xff2b, 0xff0b, 
	0xff2b, 0xff2b, 0xff2b, 0xff2b, 0xff2b, 0xff2b, 0xff2b, 0xff2b, 0xff0b, 0xff2b, 0xff2b, 0xff0b, 0xff2b, 0xeecc, 0xacf3, 0x83d8, 
	0x83d8, 0x83d8, 0x83d8, 0x83d8, 0x83d8, 0x83d8, 0x83d8, 0x83d8, 0x83d7, 0x83d8, 0x83d8, 0xbccd, 0xf620, 0xfe20, 0xfe20, 0xfe40, 
	0xfe20, 0xfe20, 0xf621, 0xacaf, 0x83d8, 0x83d8, 0x83d8, 0x83d7, 0x8bb8, 0x83b8, 0x8c39, 0x9519, 0x9e1a, 0xb6bd, 0xc6d9, 0xdef2, 
	0xff0c, 0xff2a, 0xff4a, 0xff2b, 0xff0a, 0xff0b, 0xdf12, 0xc6da, 0xa71b, 0xaefc, 0xaedc, 0xb6bc, 0xb6bd, 0xaedc, 0xaedb, 0xaedc, 
	0xaedc, 0xaedc, 0xaedc, 0xaedc, 0xaedc, 0xaedc, 0xaedc, 0xaedc, 0xaedc, 0xaedc, 0xaedc, 0xaedc, 0xaedc, 0xaedc, 0xaedc, 0xaedc, 
	0xaedc, 0xaedc, 0xaedc, 0xaedc, 0xaedc, 0xaedc, 0xaedc, 0xaedc, 0xaedc, 0xaedc, 0xaedc, 0xaedc, 0xaedc, 0xaedc, 0xaedc, 0xaedc, 
	0xaedc, 0xaedc, 0xaedc, 0xaedc, 0xaedc, 0xaedc, 0xaedc, 0xaedc, 0xaedc, 0xaedc, 0xaedc, 0xaedc, 0xaedc, 0xaedc, 0xaedc, 0xaedc, 
	0xaedc, 0xaedc, 0xaedc, 0xaedc, 0xaedc, 0xaedc, 0xaedc, 0xaedc, 0xaedc, 0xaedc, 0xaedc, 0xaedc, 0xaedc, 0xaedc, 0xaedc, 0xaedc, 
	0xaedc, 0xaedc, 0xaedc, 0xaedc, 0xaedc, 0xaedc, 0xaedc, 0xaedc, 0xaedc, 0xaedc, 0xaedc, 0xaedc, 0xaedc, 0xaedc, 0xaedc, 0xaedc, 
	0xaedc, 0xaedc, 0xaedc, 0xaedc, 0xaedc, 0xaedc, 0xaedc, 0xaedc, 0xaefd, 0xaedc, 0xaedc, 0xb65b, 0xc579, 0xd4f8, 0xd497, 0xd457, 
	0xdc16, 0xe374, 0xeb34, 0xeb54, 0xf333, 0xfad2, 0xfab2, 0xfad2, 0xfab2, 0xf2d2, 0xfad2, 0xfab2, 0xfab2, 0xfa92, 0xfad3, 0xeb94, 
	0xe3f5, 0xe436, 0xdc77, 0xcc77, 0xbbf6, 0xab96, 0x9b96, 0x8bb6, 0x8bb7, 0x83d8, 0x83d7, 0x83d8, 0x83f7, 0xc52a, 0xfe40, 0xfe20, 
	0xfe40, 0xfe00, 0xfe40, 0xf620, 0xee02, 0xa432, 0x83d8, 0x83d8, 0x83d8, 0x83d8, 0x83d8, 0x83d8, 0x83d8, 0x83d8, 0x83d8, 0x83d8, 
	0x83d7, 0x8bf7, 0xd5ed, 0xfee5, 0xfee6, 0xff05, 0xfee6, 0xfee5, 0xfee5, 0xfee5, 0xff07, 0xff0a, 0xff2b, 0xff2b, 0xff0b, 0xff2b, 
	0xff2c, 0xff0b, 0xff2b, 0xff09, 0xfe84, 0xfe20, 0xfe20, 0xfe20, 0xfe20, 0xfe20, 0xfe20, 0xfe20, 0xfe20, 0xfe40, 0xfe80, 0xfea0, 
	0xfea0, 0xfea0, 0xfea0, 0xfea0, 0xfea0, 0xfea0, 0xfea0, 0xfea0, 0xfea0, 0xfea0, 0xfe80, 0xfec2, 0xff07, 0xff2a, 0xff2b, 0xff0b, 
	0xff2b, 0xff2b, 0xff2b, 0xff2b, 0xff2b, 0xff2b, 0xff2b, 0xff2b, 0xff0b, 0xff2b, 0xff0b, 0xff0b, 0xff2b, 0xeecc, 0xacf3, 0x83d8, 
	0x83d8, 0x83d8, 0x83d8, 0x83d8, 0x83d8, 0x83d8, 0x83d8, 0x83d8, 0x7bd8, 0x83d8, 0x83d7, 0xbcec, 0xf620, 0xfe20, 0xfe00, 0xfe40, 
	0xfe20, 0xfe20, 0xf601, 0xac90, 0x83d8, 0x83b7, 0x83b8, 0x83d7, 0x7c17, 0x83d8, 0x83b8, 0x7bd8, 0x94da, 0xbe59, 0xdf11, 0xf72c, 
	0xff0c, 0xff2b, 0xff2a, 0xff0a, 0xff2b, 0xff2a, 0xf70c, 0xe711, 0xc6f7, 0xb6db, 0xaedd, 0xaefc, 0xaedc, 0xb6bd, 0xaedc, 0xa6fc, 
	0xaedc, 0xaedc, 0xaedc, 0xaedc, 0xaedc, 0xaedc, 0xaedc, 0xaedc, 0xaedc, 0xaedc, 0xaedc, 0xaedc, 0xaedc, 0xaedc, 0xaedc, 0xaedc, 
	0xaedc, 0xaedc, 0xaedc, 0xaedc, 0xaedc, 0xaedc, 0xaedc, 0xaedc, 0xaedc, 0xaedc, 0xaedc, 0xaedc, 0xaedc, 0xaedc, 0xaedc, 0xaedc, 
	0xaedc, 0xaedc, 0xaedc, 0xaedc, 0xaedc, 0xaedc, 0xaedc, 0xaedc, 0xaedc, 0xaedc, 0xaedc, 0xaedc, 0xaedc, 0xaedc, 0xaedc, 0xaedc, 
	0xaedc, 0xaedc, 0xaedc, 0xaedc, 0xaedc, 0xaedc, 0xaedc, 0xaedc, 0xaedc, 0xaedc, 0xaedc, 0xaedc, 0xaedc, 0xaedc, 0xaedc, 0xaedc, 
	0xaedc, 0xaedc, 0xaedc, 0xaedc, 0xaedc, 0xaedc, 0xaedc, 0xaedc, 0xaedc, 0xaedc, 0xaedc, 0xaedc, 0xaedc, 0xaedc, 0xaedc, 0xaedc, 
	0xaedc, 0xaedc, 0xaedc, 0xaedc, 0xaedc, 0xaedc, 0xaedc, 0xaedc, 0xb6fd, 0xa6fc, 0xbe1a, 0xdc16, 0xeab3, 0xfa52, 0xf9f1, 0xf9b0, 
	0xf9b0, 0xf970, 0xf990, 0xf9f0, 0xfa51, 0xfad2, 0xfad2, 0xfa92, 0xfab2, 0xfad2, 0xfab2, 0xfab2, 0xfad2, 0xfad2, 0xfa92, 0xfa92, 
	0xfab2, 0xfab2, 0xfad2, 0xf2d2, 0xead3, 0xead4, 0xe314, 0xd313, 0x9b96, 0x8bb8, 0x83d8, 0x7bd8, 0x83f7, 0xbd0b, 0xfe20, 0xfe01, 
	0xfe20, 0xfe00, 0xfe40, 0xfe20, 0xf601, 0xb470, 0x83d7, 0x7bd8, 0x83d8, 0x83d8, 0x83d8, 0x83d8, 0x83d8, 0x83d8, 0x83d8, 0x83d8, 
	0x83d8, 0x8bf7, 0xd5ed, 0xfee5, 0xfee6, 0xff05, 0xfee6, 0xfee5, 0xfee5, 0xfee5, 0xff07, 0xff0a, 0xff2b, 0xff2b, 0xff0b, 0xff2b, 
	0xff2a, 0xff2b, 0xff0a, 0xfec6, 0xfe41, 0xfe20, 0xfe20, 0xfe20, 0xfe20, 0xfe20, 0xfe20, 0xfe20, 0xfe40, 0xfe60, 0xfe80, 0xfea0, 
	0xfea0, 0xfea0, 0xfea0, 0xfea0, 0xfe80, 0xfe80, 0xfea0, 0xfea0, 0xfea0, 0xfea0, 0xfe80, 0xfe80, 0xfec4, 0xff09, 0xff2b, 0xff0a, 
	0xff2b, 0xff2b, 0xff2b, 0xff2b, 0xff2b, 0xff2b, 0xff2b, 0xff2b, 0xff0b, 0xff2a, 0xff0b, 0xff0b, 0xff2b, 0xeecc, 0xacf3, 0x83d8, 
	0x83d8, 0x83d8, 0x83d8, 0x83d8, 0x83d8, 0x83d8, 0x83d8, 0x83d8, 0x7bd8, 0x83d8, 0x8bf6, 0xcd0a, 0xf620, 0xfe40, 0xfe00, 0xfe20, 
	0xfe20, 0xfe20, 0xede2, 0xa491, 0x83d8, 0x83b7, 0x83d8, 0x83d7, 0x83d8, 0x83d7, 0x8bf7, 0x9c73, 0xc56c, 0xe66a, 0xf6eb, 0xff2a, 
	0xff0c, 0xff2b, 0xff0b, 0xff0b, 0xff2b, 0xff2b, 0xff0b, 0xf72b, 0xeeef, 0xded6, 0xbeda, 0xaefc, 0xaefd, 0xaedd, 0xaedd, 0xb6bd, 
	0xaedc, 0xaedc, 0xaedc, 0xaedc, 0xaedc, 0xaedc, 0xaedc, 0xaedc, 0xaedc, 0xaedc, 0xaedc, 0xaedc, 0xaedc, 0xaedc, 0xaedc, 0xaedc, 
	0xaedc, 0xaedc, 0xaedc, 0xaedc, 0xaedc, 0xaedc, 0xaedc, 0xaedc, 0xaedc, 0xaedc, 0xaedc, 0xaedc, 0xaedc, 0xaedc, 0xaedc, 0xaedc, 
	0xaedc, 0xaedc, 0xaedc, 0xaedc, 0xaedc, 0xaedc, 0xaedc, 0xaedc, 0xaedc, 0xaedc, 0xaedc, 0xaedc, 0xaedc, 0xaedc, 0xaedc, 0xaedc, 
	0xaedc, 0xaedc, 0xaedc, 0xaedc, 0xaedc, 0xaedc, 0xaedc, 0xaedc, 0xaedc, 0xaedc, 0xaedc, 0xaedc, 0xaedc, 0xaedc, 0xaedc, 0xaedc, 
	0xaedc, 0xaedc, 0xaedc, 0xaedc, 0xaedc, 0xaedc, 0xaedc, 0xaedc, 0xaedc, 0xaedc, 0xaedc, 0xaedc, 0xaedc, 0xaedc, 0xaedc, 0xaedc, 
	0xaedc, 0xaedc, 0xaedc, 0xaedc, 0xaedc, 0xaedc, 0xaedc, 0xaedc, 0xbe9c, 0xa6fc, 0xc5ba, 0xf2d3, 0xf94f, 0xf990, 0xf9b0, 0xf9af, 
	0xf990, 0xf9b0, 0xf9d0, 0xf9d0, 0xfa10, 0xfa92, 0xfad2, 0xfa92, 0xfab2, 0xfab2, 0xfa92, 0xfab2, 0xfab2, 0xfab2, 0xfab2, 0xfad2, 
	0xfab2, 0xfa92, 0xfab2, 0xfad2, 0xfab1, 0xfa92, 0xfab2, 0xeaf3, 0xa376, 0x8bb8, 0x83d8, 0x7bd8, 0x83f7, 0xb4ad, 0xf621, 0xfe21, 
	0xfe20, 0xfe20, 0xfe20, 0xfe20, 0xf600, 0xc4ec, 0x8bf7, 0x7bb8, 0x83d8, 0x83d8, 0x83d8, 0x83d8, 0x83d8, 0x83d8, 0x83d8, 0x83d8, 
	0x83d8, 0x8bf7, 0xd5cd, 0xfee5, 0xfee6, 0xff05, 0xfee5, 0xfee5, 0xfee5, 0xfee5, 0xff07, 0xff0a, 0xff2b, 0xff2b, 0xff0b, 0xff2b, 
	0xff2a, 0xff2b, 0xfee9, 0xfe83, 0xf620, 0xfe20, 0xfe21, 0xfe20, 0xfe20, 0xfe20, 0xfe20, 0xfe20, 0xfe60, 0xfe80, 0xfea0, 0xfea0, 
	0xfe80, 0xfea0, 0xfea0, 0xfea0, 0xfe80, 0xfe80, 0xfea0, 0xfea0, 0xfea0, 0xfea1, 0xfe80, 0xfe80, 0xfea2, 0xfee7, 0xff2a, 0xff2b, 
	0xff2b, 0xff2b, 0xff2b, 0xff2b, 0xff2b, 0xff2b, 0xff2b, 0xff2b, 0xff0b, 0xff2a, 0xff2b, 0xff0b, 0xff2b, 0xeeac, 0xacd3, 0x83b8, 
	0x83d8, 0x83d8, 0x83d8, 0x83d8, 0x83d8, 0x83d8, 0x83d8, 0x83d8, 0x83d8, 0x83d8, 0x9414, 0xd567, 0xfe40, 0xfe20, 0xfe00, 0xf640, 
	0xfe20, 0xfe20, 0xe5a5, 0x9c52, 0x83d8, 0x83b7, 0x83d7, 0x83d8, 0x83b8, 0xa454, 0xcd6c, 0xe624, 0xf680, 0xfea0, 0xfec2, 0xfee6, 
	0xfee8, 0xff29, 0xff2b, 0xff0c, 0xff2b, 0xff0c, 0xfeec, 0xff2a, 0xff2a, 0xff0c, 0xef0f, 0xd6f4, 0xbeda, 0xaedc, 0xaedc, 0xb6dc, 
	0xaedc, 0xaedc, 0xaedc, 0xaedc, 0xaedc, 0xaedc, 0xaedc, 0xaedc, 0xaedc, 0xaedc, 0xaedc, 0xaedc, 0xaedc, 0xaedc, 0xaedc, 0xaedc, 
	0xaedc, 0xaedc, 0xaedc, 0xaedc, 0xaedc, 0xaedc, 0xaedc, 0xaedc, 0xaedc, 0xaedc, 0xaedc, 0xaedc, 0xaedc, 0xaedc, 0xaedc, 0xaedc, 
	0xaedc, 0xaedc, 0xaedc, 0xaedc, 0xaedc, 0xaedc, 0xaedc, 0xaedc, 0xaedc, 0xaedc, 0xaedc, 0xaedc, 0xaedc, 0xaedc, 0xaedc, 0xaedc, 
	0xaedc, 0xaedc, 0xaedc, 0xaedc, 0xaedc, 0xaedc, 0xaedc, 0xaedc, 0xaedc, 0xaedc, 0xaedc, 0xaedc, 0xaedc, 0xaedc, 0xaedc, 0xaedc, 
	0xaedc, 0xaedc, 0xaedc, 0xaedc, 0xaedc, 0xaedc, 0xaedc, 0xaedc, 0xaedc, 0xaedc, 0xaedc, 0xaedc, 0xaedc, 0xaedc, 0xaedc, 0xaedc, 
	0xaedc, 0xaedc, 0xaedc, 0xaedc, 0xaedc, 0xaedc, 0xaedc, 0xaedc, 0xb6bd, 0xaefd, 0xbe1b, 0xdbd5, 0xf211, 0xf990, 0xf9af, 0xf9d0, 
	0xf98f, 0xf9af, 0xf990, 0xf98f, 0xf9b0, 0xf9f1, 0xfa71, 0xfad2, 0xfab2, 0xfab2, 0xfab2, 0xfab2, 0xfab2, 0xfa92, 0xfab2, 0xfaf2, 
	0xf2f2, 0xfab2, 0xfab2, 0xfad2, 0xfab1, 0xfa92, 0xfab3, 0xe2f4, 0x9b97, 0x83d8, 0x83d8, 0x83d8, 0x83f7, 0xac71, 0xede3, 0xf620, 
	0xfe20, 0xfe20, 0xf620, 0xfe20, 0xfe20, 0xcd68, 0x93f6, 0x83d7, 0x83d8, 0x83d8, 0x83d8, 0x83d8, 0x83d8, 0x83d8, 0x83d8, 0x83d8, 
	0x83d8, 0x8bf7, 0xcdcd, 0xfee5, 0xfee6, 0xff05, 0xfee5, 0xfee5, 0xfee5, 0xfee5, 0xff07, 0xff0a, 0xff2b, 0xff2b, 0xff0b, 0xff2b, 
	0xff2b, 0xff2b, 0xfec7, 0xfe41, 0xf620, 0xfe40, 0xfe20, 0xfe20, 0xfe20, 0xfe20, 0xfe20, 0xfe40, 0xfe60, 0xfe80, 0xfea0, 0xfea0, 
	0xfe80, 0xfea0, 0xfea0, 0xfea0, 0xfea0, 0xfea0, 0xfea0, 0xfea0, 0xfea0, 0xfea0, 0xfea0, 0xfe80, 0xfe80, 0xfec4, 0xff08, 0xff2b, 
	0xff2b, 0xff2b, 0xff2b, 0xff2b, 0xff2b, 0xff2b, 0xff2b, 0xff2b, 0xff0b, 0xff2a, 0xff2b, 0xff0b, 0xff0b, 0xeeac, 0xacd3, 0x83b8, 
	0x83d8, 0x83d8, 0x83d8, 0x83d8, 0x83d8, 0x83d8, 0x83d8, 0x83d8, 0x83d7, 0x83d8, 0x9c52, 0xe5c4, 0xfe40, 0xfe20, 0xfe20, 0xf640, 
	0xfe40, 0xf620, 0xdd67, 0x9434, 0x7bd8, 0x83b8, 0x83f7, 0x83b8, 0x83f8, 0xbd2b, 0xfe81, 0xfec0, 0xfea0, 0xfea0, 0xfe80, 0xfea0, 
	0xfec3, 0xfee5, 0xff0a, 0xff0b, 0xff2b, 0xff2b, 0xff0c, 0xff2b, 0xff4b, 0xff2b, 0xff29, 0xf72b, 0xd6f4, 0xb6bc, 0xaedd, 0xaefc, 
	0xaedc, 0xaedc, 0xaedc, 0xaedc, 0xaedc, 0xaedc, 0xaedc, 0xaedc, 0xaedc, 0xaedc, 0xaedc, 0xaedc, 0xaedc, 0xaedc, 0xaedc, 0xaedc, 
	0xaedc, 0xaedc, 0xaedc, 0xaedc, 0xaedc, 0xaedc, 0xaedc, 0xaedc, 0xaedc, 0xaedc, 0xaedc, 0xaedc, 0xaedc, 0xaedc, 0xaedc, 0xaedc, 
	0xaedc, 0xaedc, 0xaedc, 0xaedc, 0xaedc, 0xaedc, 0xaedc, 0xaedc, 0xaedc, 0xaedc, 0xaedc, 0xaedc, 0xaedc, 0xaedc, 0xaedc, 0xaedc, 
	0xaedc, 0xaedc, 0xaedc, 0xaedc, 0xaedc, 0xaedc, 0xaedc, 0xaedc, 0xaedc, 0xaedc, 0xaedc, 0xaedc, 0xaedc, 0xaedc, 0xaedc, 0xaedc, 
	0xaedc, 0xaedc, 0xaedc, 0xaedc, 0xaedc, 0xaedc, 0xaedc, 0xaedc, 0xaedc, 0xaedc, 0xaedc, 0xaedc, 0xaedc, 0xaedc, 0xaedc, 0xaedc, 
	0xaedc, 0xaedc, 0xaedc, 0xaedc, 0xaedc, 0xaedc, 0xaedc, 0xaedc, 0xa6fd, 0xaedd, 0xb6dc, 0xbdfa, 0xdbd5, 0xf211, 0xf96f, 0xf9d0, 
	0xf9af, 0xf9af, 0xf9af, 0xf9b0, 0xf1b0, 0xf990, 0xf9f0, 0xfa71, 0xfab2, 0xf2d2, 0xfad2, 0xfab2, 0xfad2, 0xfad2, 0xfab2, 0xfa72, 
	0xfab2, 0xfa93, 0xfab3, 0xfad2, 0xfab2, 0xfad2, 0xd334, 0xa375, 0x8bb8, 0x7bd7, 0x83d7, 0x8bb8, 0x83d7, 0xa433, 0xe5c5, 0xf620, 
	0xfe20, 0xfe40, 0xf620, 0xfe40, 0xfe20, 0xddc5, 0x9415, 0x83d7, 0x83d8, 0x83d8, 0x83d8, 0x83d8, 0x83d8, 0x83d8, 0x83d8, 0x83d8, 
	0x83d8, 0x8bf7, 0xcdcd, 0xfee5, 0xfee6, 0xff05, 0xfee6, 0xfee5, 0xfee5, 0xfee5, 0xff07, 0xff0a, 0xff2b, 0xff2b, 0xff0b, 0xff2b, 
	0xff2c, 0xff0a, 0xfe85, 0xfe20, 0xfe20, 0xfe40, 0xfe20, 0xfe20, 0xfe20, 0xfe20, 0xfe40, 0xfe40, 0xfe60, 0xfea0, 0xfea0, 0xfea0, 
	0xfea0, 0xfea0, 0xfea0, 0xfea0, 0xfea0, 0xfea0, 0xfea0, 0xfea0, 0xfea0, 0xfea0, 0xfea0, 0xfe80, 0xfe80, 0xfec1, 0xff07, 0xff0c, 
	0xff2b, 0xff2b, 0xff2b, 0xff2b, 0xff2b, 0xff2b, 0xff2b, 0xff2b, 0xff0b, 0xff2a, 0xff2b, 0xff2b, 0xff0b, 0xee8c, 0xacb4, 0x83b9, 
	0x83d8, 0x83d8, 0x83d8, 0x83d8, 0x83d8, 0x83d8, 0x83d8, 0x83d8, 0x83d7, 0x8bf7, 0xa491, 0xee02, 0xfe40, 0xf620, 0xfe20, 0xf640, 
	0xfe40, 0xf620, 0xd529, 0x93f5, 0x7bd9, 0x8bb8, 0x83f7, 0x83b9, 0x7bf7, 0xb4d0, 0xee07, 0xfe80, 0xfe80, 0xfe81, 0xfe81, 0xfea0, 
	0xfe80, 0xfea3, 0xfec7, 0xff0a, 0xff2b, 0xff2a, 0xff2a, 0xff0b, 0xff0b, 0xff0c, 0xff0c, 0xe710, 0xcef7, 0xb6dc, 0xaedd, 0xaedc, 
	0xaedc, 0xaedc, 0xaedc, 0xaedc, 0xaedc, 0xaedc, 0xaedc, 0xaedc, 0xaedc, 0xaedc, 0xaedc, 0xaedc, 0xaedc, 0xaedc, 0xaedc, 0xaedc, 
	0xaedc, 0xaedc, 0xaedc, 0xaedc, 0xaedc, 0xaedc, 0xaedc, 0xaedc, 0xaedc, 0xaedc, 0xaedc, 0xaedc, 0xaedc, 0xaedc, 0xaedc, 0xaedc, 
	0xaedc, 0xaedc, 0xaedc, 0xaedc, 0xaedc, 0xaedc, 0xaedc, 0xaedc, 0xaedc, 0xaedc, 0xaedc, 0xaedc, 0xaedc, 0xaedc, 0xaedc, 0xaedc, 
	0xaedc, 0xaedc, 0xaedc, 0xaedc, 0xaedc, 0xaedc, 0xaedc, 0xaedc, 0xaedc, 0xaedc, 0xaedc, 0xaedc, 0xaedc, 0xaedc, 0xaedc, 0xaedc, 
	0xaedc, 0xaedc, 0xaedc, 0xaedc, 0xaedc, 0xaedc, 0xaedc, 0xaedc, 0xaedc, 0xaedc, 0xaedc, 0xaedc, 0xaedc, 0xaedc, 0xaedc, 0xaedc, 
	0xaedc, 0xaedc, 0xaedc, 0xaedc, 0xaedc, 0xaedc, 0xaedc, 0xaedc, 0xaedc, 0xaefd, 0xb6dc, 0xaedc, 0xb63a, 0xdbd5, 0xf1d0, 0xf9b0, 
	0xf9b0, 0xf9b0, 0xf9af, 0xf9af, 0xf9b0, 0xf990, 0xf9d0, 0xf9f0, 0xfa51, 0xfab2, 0xfad2, 0xfab2, 0xfab2, 0xfab2, 0xfad2, 0xfa92, 
	0xf2d2, 0xfa92, 0xfad2, 0xfad2, 0xfab3, 0xdb14, 0xab76, 0x7bf8, 0x83d8, 0x83d7, 0x83b6, 0x83b9, 0x7c18, 0x8bd5, 0xd566, 0xfe01, 
	0xfe20, 0xfe20, 0xfe20, 0xfe20, 0xfe20, 0xede1, 0xb4b0, 0x7bf8, 0x7bd7, 0x83d8, 0x83d9, 0x83d8, 0x83b7, 0x83d8, 0x83d8, 0x83d7, 
	0x83d8, 0x83f8, 0xc58e, 0xfec7, 0xff04, 0xff05, 0xfee6, 0xfee5, 0xff06, 0xfee6, 0xfee6, 0xff29, 0xff2b, 0xff2c, 0xff2b, 0xff2b, 
	0xff4b, 0xfee9, 0xfe82, 0xfe20, 0xfe20, 0xfe20, 0xfe20, 0xfe20, 0xfe20, 0xfe20, 0xfe40, 0xfe60, 0xfe80, 0xfea0, 0xfea0, 0xfea0, 
	0xfea0, 0xfea0, 0xfea0, 0xfea0, 0xfea0, 0xfea0, 0xfea0, 0xfea0, 0xfea0, 0xfea0, 0xfea0, 0xfea0, 0xfe80, 0xfea1, 0xfee6, 0xff2a, 
	0xff2b, 0xff2b, 0xff2b, 0xff2b, 0xff2b, 0xff2b, 0xff2b, 0xff2b, 0xff0b, 0xff2b, 0xff2b, 0xff29, 0xfeec, 0xe66f, 0x9c94, 0x83d8, 
	0x83f7, 0x83b7, 0x8bb7, 0x83d8, 0x7bd8, 0x83b7, 0x83d6, 0x83d6, 0x7bd8, 0x8bd6, 0xcd0b, 0xfe20, 0xfe20, 0xfe20, 0xfe20, 0xf620, 
	0xf640, 0xf602, 0xbccc, 0x83d7, 0x83f8, 0x83d8, 0x83d7, 0x83d8, 0x83d9, 0x83f7, 0x9493, 0xbd2d, 0xe5e6, 0xfe82, 0xfea0, 0xfea0, 
	0xfea0, 0xf6a0, 0xfec2, 0xff08, 0xff2a, 0xff2a, 0xff0b, 0xff0a, 0xff2c, 0xe710, 0xd6d6, 0xbefa, 0xb6fc, 0xaedc, 0xaedc, 0xb6fd, 
	0xaedc, 0xaedc, 0xaedc, 0xaedc, 0xaedc, 0xaedc, 0xaedc, 0xaedc, 0xaedc, 0xaedc, 0xaedc, 0xaedc, 0xaedc, 0xaedc, 0xaedc, 0xaedc, 
	0xaedc, 0xaedc, 0xaedc, 0xaedc, 0xaedc, 0xaedc, 0xaedc, 0xaedc, 0xaedc, 0xaedc, 0xaedc, 0xaedc, 0xaedc, 0xaedc, 0xaedc, 0xaedc, 
	0xaedc, 0xaedc, 0xaedc, 0xaedc, 0xaedc, 0xaedc, 0xaedc, 0xaedc, 0xaedc, 0xaedc, 0xaedc, 0xaedc, 0xaedc, 0xaedc, 0xaedc, 0xaedc, 
	0xaedc, 0xaedc, 0xaedc, 0xaedc, 0xaedc, 0xaedc, 0xaedc, 0xaedc, 0xaedc, 0xaedc, 0xaedc, 0xaedc, 0xaedc, 0xaedc, 0xaedc, 0xaedc, 
	0xaedc, 0xaedc, 0xaedc, 0xaedc, 0xaedc, 0xaedc, 0xaedc, 0xaedc, 0xaedc, 0xaedc, 0xaedc, 0xaedc, 0xaedc, 0xaedc, 0xaedc, 0xaedc, 
	0xaedc, 0xaedc, 0xaedc, 0xaedc, 0xaedc, 0xaedc, 0xaedc, 0xaedc, 0xb6dc, 0xb6dc, 0xb6bc, 0xaedd, 0xaefc, 0xc5fa, 0xe3d5, 0xf9f1, 
	0xf990, 0xf990, 0xf9af, 0xf9d0, 0xf9b0, 0xf990, 0xf9b0, 0xf9af, 0xfa10, 0xfa92, 0xfab2, 0xfab2, 0xfab2, 0xfab2, 0xfad2, 0xfab2, 
	0xfa92, 0xfab2, 0xfab2, 0xfa92, 0xdaf4, 0xa396, 0x8bb7, 0x83d8, 0x7bd7, 0x83d8, 0x83b7, 0x83d8, 0x7bf7, 0x8bd6, 0xc52a, 0xfe01, 
	0xfe20, 0xfe20, 0xfe40, 0xfe20, 0xfe20, 0xf600, 0xc50a, 0x8bf6, 0x83f7, 0x83d8, 0x83b9, 0x83f6, 0x83d7, 0x83d9, 0x83d7, 0x83d8, 
	0x83b7, 0x83f8, 0xbd50, 0xf6c7, 0xfee5, 0xfee5, 0xfee6, 0xfee5, 0xff06, 0xfee5, 0xfee6, 0xff09, 0xff2b, 0xff2b, 0xff2b, 0xff2b, 
	0xff2b, 0xfec9, 0xfe61, 0xfe20, 0xfe20, 0xfe20, 0xfe20, 0xfe20, 0xfe20, 0xfe20, 0xfe40, 0xfe60, 0xfe80, 0xfea0, 0xfea0, 0xfea0, 
	0xfea0, 0xfea0, 0xfea0, 0xfea0, 0xfea0, 0xfea0, 0xfea0, 0xfea0, 0xfea0, 0xfea0, 0xfea0, 0xfea0, 0xfe80, 0xfea0, 0xfee5, 0xff0a, 
	0xff2b, 0xff2b, 0xff2b, 0xff2b, 0xff2b, 0xff2b, 0xff2b, 0xff2b, 0xff0b, 0xff2b, 0xff2b, 0xff2a, 0xff0b, 0xde4f, 0x9475, 0x83b8, 
	0x7bd8, 0x83b7, 0x83d7, 0x83f8, 0x83d8, 0x83b8, 0x83b8, 0x83b8, 0x83d8, 0x9c33, 0xdd85, 0xfe20, 0xfe20, 0xfe20, 0xfe20, 0xfe40, 
	0xfe40, 0xedc3, 0xac90, 0x83d7, 0x83d8, 0x83d8, 0x7bd8, 0x83d8, 0x83b7, 0x83d9, 0x8bd8, 0x8bf7, 0xa434, 0xc52b, 0xee23, 0xfea0, 
	0xfe81, 0xfea0, 0xfe80, 0xfea2, 0xfee7, 0xff2a, 0xff2a, 0xf70e, 0xd6f6, 0xc6d8, 0xb6bb, 0xaedd, 0xaedd, 0xaedc, 0xaedc, 0xaedc, 
	0xaedc, 0xaedc, 0xaedc, 0xaedc, 0xaedc, 0xaedc, 0xaedc, 0xaedc, 0xaedc, 0xaedc, 0xaedc, 0xaedc, 0xaedc, 0xaedc, 0xaedc, 0xaedc, 
	0xaedc, 0xaedc, 0xaedc, 0xaedc, 0xaedc, 0xaedc, 0xaedc, 0xaedc, 0xaedc, 0xaedc, 0xaedc, 0xaedc, 0xaedc, 0xaedc, 0xaedc, 0xaedc, 
	0xaedc, 0xaedc, 0xaedc, 0xaedc, 0xaedc, 0xaedc, 0xaedc, 0xaedc, 0xaedc, 0xaedc, 0xaedc, 0xaedc, 0xaedc, 0xaedc, 0xaedc, 0xaedc, 
	0xaedc, 0xaedc, 0xaedc, 0xaedc, 0xaedc, 0xaedc, 0xaedc, 0xaedc, 0xaedc, 0xaedc, 0xaedc, 0xaedc, 0xaedc, 0xaedc, 0xaedc, 0xaedc, 
	0xaedc, 0xaedc, 0xaedc, 0xaedc, 0xaedc, 0xaedc, 0xaedc, 0xaedc, 0xaedc, 0xaedc, 0xaedc, 0xaedc, 0xaedc, 0xaedc, 0xaedc, 0xaedc, 
	0xaedc, 0xaedc, 0xaedc, 0xaedc, 0xaedc, 0xaedc, 0xaedc, 0xaedc, 0xaedd, 0xb6bc, 0xaefd, 0xaefd, 0xb6dd, 0xb6fd, 0xc5fa, 0xdbf5, 
	0xea31, 0xf990, 0xf98f, 0xf9af, 0xf990, 0xf990, 0xf9af, 0xf9af, 0xf1f0, 0xfa71, 0xfab2, 0xfab2, 0xfab2, 0xfab2, 0xfad2, 0xfab2, 
	0xfab2, 0xfab2, 0xfab2, 0xdaf4, 0xa396, 0x7bf7, 0x83d8, 0x83d8, 0x83d7, 0x83d8, 0x83d8, 0x83f7, 0x7bd6, 0x83d8, 0xac90, 0xede3, 
	0xfe00, 0xf640, 0xfe40, 0xfe20, 0xfe20, 0xfe40, 0xdda3, 0xa451, 0x83d8, 0x83d8, 0x83d8, 0x83d6, 0x83d8, 0x83b9, 0x83d7, 0x83d8, 
	0x83d7, 0x83d8, 0xacb2, 0xf6a8, 0xfee6, 0xfee6, 0xff05, 0xfee5, 0xfee5, 0xfee5, 0xfee6, 0xff08, 0xff2a, 0xff2b, 0xff2b, 0xff2b, 
	0xff2a, 0xfec8, 0xf641, 0xfe20, 0xfe20, 0xfe20, 0xfe20, 0xfe20, 0xfe20, 0xfe20, 0xfe40, 0xfe60, 0xfe80, 0xfea0, 0xfea0, 0xfea0, 
	0xfea0, 0xfea0, 0xfea0, 0xfea0, 0xfea0, 0xfea0, 0xfea0, 0xfea0, 0xfe80, 0xfea0, 0xfea0, 0xfea0, 0xfe80, 0xfea0, 0xfee5, 0xff0a, 
	0xff2b, 0xff2b, 0xff2b, 0xff2b, 0xff2b, 0xff2b, 0xff2b, 0xff2b, 0xff0b, 0xff0a, 0xff2b, 0xff2b, 0xff0b, 0xd62f, 0x8c36, 0x83d9, 
	0x83b9, 0x83d7, 0x83d7, 0x83d8, 0x83d8, 0x8bb8, 0x83b8, 0x83b8, 0x83d7, 0xbccd, 0xee00, 0xf620, 0xfe20, 0xfe20, 0xfe20, 0xfe20, 
	0xfe20, 0xd586, 0x9c35, 0x83d8, 0x83d8, 0x83d7, 0x7bd8, 0x83d7, 0x83f7, 0x83d8, 0x83b7, 0x7bd7, 0x7bf7, 0x8c16, 0xbd0e, 0xee44, 
	0xfe80, 0xfea0, 0xfe80, 0xfe80, 0xfec5, 0xff2b, 0xef30, 0xd6d5, 0xb6fc, 0xaedc, 0xaede, 0xa6dd, 0xaedc, 0xaefc, 0xaedc, 0xaedc, 
	0xaedc, 0xaedc, 0xaedc, 0xaedc, 0xaedc, 0xaedc, 0xaedc, 0xaedc, 0xaedc, 0xaedc, 0xaedc, 0xaedc, 0xaedc, 0xaedc, 0xaedc, 0xaedc, 
	0xaedc, 0xaedc, 0xaedc, 0xaedc, 0xaedc, 0xaedc, 0xaedc, 0xaedc, 0xaedc, 0xaedc, 0xaedc, 0xaedc, 0xaedc, 0xaedc, 0xaedc, 0xaedc, 
	0xaedc, 0xaedc, 0xaedc, 0xaedc, 0xaedc, 0xaedc, 0xaedc, 0xaedc, 0xaedc, 0xaedc, 0xaedc, 0xaedc, 0xaedc, 0xaedc, 0xaedc, 0xaedc, 
	0xaedc, 0xaedc, 0xaedc, 0xaedc, 0xaedc, 0xaedc, 0xaedc, 0xaedc, 0xaedc, 0xaedc, 0xaedc, 0xaedc, 0xaedc, 0xaedc, 0xaedc, 0xaedc, 
	0xaedc, 0xaedc, 0xaedc, 0xaedc, 0xaedc, 0xaedc, 0xaedc, 0xaedc, 0xaedc, 0xaedc, 0xaedc, 0xaedc, 0xaedc, 0xaedc, 0xaedc, 0xaedc, 
	0xaedc, 0xaedc, 0xaedc, 0xaedc, 0xaedc, 0xaedc, 0xaedc, 0xaedc, 0xaefd, 0xaebc, 0xaefd, 0xaefd, 0xb69c, 0xaedc, 0xaefc, 0xb63b, 
	0xdbd5, 0xf231, 0xf98f, 0xf98f, 0xf98f, 0xf9b0, 0xf9b0, 0xf9af, 0xf9f0, 0xfa71, 0xfab2, 0xfab2, 0xfab2, 0xfab2, 0xfab2, 0xfab2, 
	0xf2d1, 0xfab2, 0xdb14, 0xa396, 0x83d7, 0x7bd8, 0x8bb8, 0x7bf8, 0x83d7, 0x83d8, 0x83d9, 0x83f7, 0x83b7, 0x83d8, 0x9434, 0xd566, 
	0xfe00, 0xf620, 0xfe20, 0xfe20, 0xf620, 0xfe21, 0xf600, 0xc4ec, 0x8bd7, 0x83d8, 0x83f7, 0x83d7, 0x83b8, 0x83b8, 0x83d8, 0x83f7, 
	0x83f8, 0x83b8, 0x9414, 0xe688, 0xfee6, 0xfee6, 0xff05, 0xfee5, 0xfee5, 0xfee5, 0xfee6, 0xff08, 0xff2a, 0xff2b, 0xff2b, 0xff0b, 
	0xff2b, 0xfec8, 0xfe41, 0xfe20, 0xfe20, 0xfe20, 0xfe20, 0xfe20, 0xfe20, 0xfe20, 0xfe40, 0xfe60, 0xfea0, 0xfea0, 0xfea0, 0xfea0, 
	0xfea0, 0xfea0, 0xfea0, 0xfea0, 0xfea0, 0xfea0, 0xfea0, 0xfea0, 0xfea0, 0xfea0, 0xfea0, 0xfea0, 0xfe80, 0xfea0, 0xfec4, 0xff09, 
	0xff2b, 0xff2b, 0xff2b, 0xff2b, 0xff2b, 0xff2b, 0xff2b, 0xff2b, 0xff2b, 0xff0a, 0xff2b, 0xff2b, 0xff0b, 0xcdcf, 0x83d7, 0x83b8, 
	0x83d9, 0x83f7, 0x83d7, 0x7bd8, 0x83d7, 0x83d7, 0x83d7, 0x83f7, 0x9434, 0xdd47, 0xfe20, 0xf620, 0xfe40, 0xfe21, 0xf600, 0xfe20, 
	0xfe21, 0xbd0b, 0x8bf7, 0x83b8, 0x83b7, 0x83d7, 0x7bd8, 0x83d7, 0x7c17, 0x83f7, 0x83b8, 0x83d8, 0x7bf7, 0x7bb9, 0x93f6, 0xb4f0, 
	0xee83, 0xfea0, 0xfea0, 0xfe81, 0xfea2, 0xeeec, 0xced6, 0xb6bb, 0xaedc, 0xaedc, 0xaedd, 0xb6fc, 0xaedc, 0xaedc, 0xaefc, 0xaedd, 
	0xaedc, 0xaedc, 0xaedc, 0xaedc, 0xaedc, 0xaedc, 0xaedc, 0xaedc, 0xaedc, 0xaedc, 0xaedc, 0xaedc, 0xaedc, 0xaedc, 0xaedc, 0xaedc, 
	0xaedc, 0xaedc, 0xaedc, 0xaedc, 0xaedc, 0xaedc, 0xaedc, 0xaedc, 0xaedc, 0xaedc, 0xaedc, 0xaedc, 0xaedc, 0xaedc, 0xaedc, 0xaedc, 
	0xaedc, 0xaedc, 0xaedc, 0xaedc, 0xaedc, 0xaedc, 0xaedc, 0xaedc, 0xaedc, 0xaedc, 0xaedc, 0xaedc, 0xaedc, 0xaedc, 0xaedc, 0xaedc, 
	0xaedc, 0xaedc, 0xaedc, 0xaedc, 0xaedc, 0xaedc, 0xaedc, 0xaedc, 0xaedc, 0xaedc, 0xaedc, 0xaedc, 0xaedc, 0xaedc, 0xaedc, 0xaedc, 
	0xaedc, 0xaedc, 0xaedc, 0xaedc, 0xaedc, 0xaedc, 0xaedc, 0xaedc, 0xaedc, 0xaedc, 0xaedc, 0xaedc, 0xaedc, 0xaedc, 0xaedc, 0xaedc, 
	0xaedc, 0xaedc, 0xaedc, 0xaedc, 0xaedc, 0xaedc, 0xaedc, 0xaedc, 0xaefd, 0xb6bc, 0xaebd, 0xaefd, 0xaefd, 0xaedd, 0xaefc, 0xb6fd, 
	0xc5b9, 0xeb13, 0xf9d0, 0xf990, 0xf98f, 0xf1d0, 0xf9b0, 0xf98f, 0xfa10, 0xfa92, 0xfab2, 0xfab2, 0xfab2, 0xfab2, 0xfab2, 0xfab2, 
	0xfad1, 0xead3, 0xab76, 0x83d8, 0x83d8, 0x83d8, 0x83d8, 0x83d8, 0x83d8, 0x83d7, 0x7bd8, 0x83d8, 0x83b8, 0x7bf8, 0x83f7, 0xbcec, 
	0xfe01, 0xfe40, 0xfe20, 0xfe00, 0xf620, 0xfe21, 0xfe20, 0xdda6, 0x9c73, 0x83b8, 0x7bd7, 0x83f8, 0x83b9, 0x83d7, 0x8bf9, 0x83b7, 
	0x7b97, 0x7b57, 0x8394, 0xde49, 0xff06, 0xfee5, 0xfee5, 0xfee6, 0xfee5, 0xfee5, 0xfee6, 0xff07, 0xff0a, 0xff2b, 0xff2b, 0xff0b, 
	0xff2b, 0xfec8, 0xfe61, 0xfe20, 0xfe20, 0xfe20, 0xfe20, 0xfe20, 0xfe20, 0xfe20, 0xfe40, 0xfe60, 0xfea0, 0xfea0, 0xfea0, 0xfea0, 
	0xfea0, 0xfea0, 0xfea0, 0xfea0, 0xfea0, 0xfea0, 0xfea0, 0xfea0, 0xfea0, 0xfea0, 0xfea0, 0xfea0, 0xfe80, 0xfea0, 0xfec4, 0xff09, 
	0xff2b, 0xff2b, 0xff2b, 0xff2b, 0xff2b, 0xff2b, 0xff2b, 0xff2b, 0xff2b, 0xff0a, 0xff2b, 0xff2b, 0xf6cb, 0xb531, 0x7357, 0x7b57, 
	0x8397, 0x83d7, 0x7bd8, 0x83d8, 0x83f7, 0x83d7, 0x83b8, 0x83f7, 0xb4ed, 0xf5c3, 0xfe20, 0xf620, 0xfe40, 0xfe20, 0xfe20, 0xfe40, 
	0xedc3, 0xac91, 0x7bf7, 0x83d8, 0x83b8, 0x83d7, 0x7bf7, 0x83d8, 0x7bb8, 0x83d8, 0x83b8, 0x8398, 0x83d8, 0x83d8, 0x83d7, 0x8bf7, 
	0xcd8b, 0xf680, 0xfea1, 0xfe80, 0xfea0, 0xcded, 0xa5d9, 0xaebc, 0xb6bd, 0xaebd, 0xaebd, 0xb6dd, 0xb6bc, 0xb6bc, 0xaedd, 0xaefd, 
	0xaedc, 0xaedc, 0xaedc, 0xaedc, 0xaedc, 0xaedc, 0xaedc, 0xaedc, 0xaedc, 0xaedc, 0xaedc, 0xaedc, 0xaedc, 0xaedc, 0xaedc, 0xaedc, 
	0xaedc, 0xaedc, 0xaedc, 0xaedc, 0xaedc, 0xaedc, 0xaedc, 0xaedc, 0xaedc, 0xaedc, 0xaedc, 0xaedc, 0xaedc, 0xaedc, 0xaedc, 0xaedc, 
	0xaedc, 0xaedc, 0xaedc, 0xaedc, 0xaedc, 0xaedc, 0xaedc, 0xaedc, 0xaedc, 0xaedc, 0xaedc, 0xaedc, 0xaedc, 0xaedc, 0xaedc, 0xaedc, 
	0xaedc, 0xaedc, 0xaedc, 0xaedc, 0xaedc, 0xaedc, 0xaedc, 0xaedc, 0xaedc, 0xaedc, 0xaedc, 0xaedc, 0xaedc, 0xaedc, 0xaedc, 0xaedc, 
	0xaedc, 0xaedc, 0xaedc, 0xaedc, 0xaedc, 0xaedc, 0xaedc, 0xaedc, 0xaedc, 0xaedc, 0xaedc, 0xaedc, 0xaedc, 0xaedc, 0xaedc, 0xaedc, 
	0xaedc, 0xaedc, 0xaedc, 0xaedc, 0xaedc, 0xaedc, 0xaedc, 0xaedc, 0xb6bc, 0xaedd, 0xaebc, 0xaebd, 0xaf1d, 0xaefd, 0xaebc, 0xaedd, 
	0xb67b, 0xe313, 0xf9b0, 0xf9b0, 0xf9b0, 0xf1d0, 0xf9b0, 0xf9af, 0xfa10, 0xfa92, 0xfab2, 0xfab2, 0xfab2, 0xfab2, 0xfad2, 0xfab2, 
	0xfad1, 0xf2b4, 0xa377, 0x7bf8, 0x83d8, 0x7bf7, 0x7bf7, 0x83b8, 0x83d8, 0x83d7, 0x83d7, 0x83d8, 0x83b8, 0x7bf8, 0x83d8, 0xa471, 
	0xe5c4, 0xfe40, 0xfe20, 0xfe20, 0xfe40, 0xfe20, 0xfe40, 0xee20, 0xbd69, 0x93d5, 0x8398, 0x8417, 0x83d8, 0x83b7, 0x8397, 0x7b57, 
	0x6b36, 0x7317, 0x7b56, 0xcdcb, 0xfee6, 0xfee5, 0xfee5, 0xfee6, 0xfee5, 0xfee5, 0xfee6, 0xfee7, 0xff09, 0xff2b, 0xff2b, 0xff2b, 
	0xff2b, 0xfec9, 0xfe62, 0xfe20, 0xfe20, 0xfe20, 0xfe20, 0xfe20, 0xfe20, 0xfe20, 0xfe40, 0xfe60, 0xfe80, 0xfea0, 0xfea0, 0xfea0, 
	0xfea0, 0xfea0, 0xfea0, 0xfea0, 0xfea0, 0xfea0, 0xfea0, 0xfea0, 0xfe80, 0xfea0, 0xfea0, 0xfea0, 0xfea0, 0xfea0, 0xfee5, 0xff0a, 
	0xff2b, 0xff2b, 0xff2b, 0xff2b, 0xff2b, 0xff2b, 0xff2b, 0xff2b, 0xff2b, 0xff0b, 0xff2b, 0xff2b, 0xeeac, 0xa473, 0x6b17, 0x7316, 
	0x7336, 0x7b77, 0x7b98, 0x83d8, 0x83f7, 0x7bb8, 0x8bd8, 0x9c34, 0xdda6, 0xfe21, 0xfe00, 0xfe20, 0xfe40, 0xfe40, 0xfe20, 0xf640, 
	0xcd48, 0x9435, 0x7bf7, 0x83d8, 0x83d8, 0x83d8, 0x83d7, 0x83d8, 0x83b8, 0x8bd8, 0x83d7, 0x83d6, 0x83f7, 0x83d8, 0x83d8, 0x83f6, 
	0xa473, 0xee44, 0xfea1, 0xfea0, 0xf663, 0xacd1, 0x8478, 0xa5bb, 0xaedd, 0xaefd, 0xaedc, 0xaedc, 0xb6dd, 0xb6dd, 0xaebd, 0xaedc, 
	0xaedc, 0xaedc, 0xaedc, 0xaedc, 0xaedc, 0xaedc, 0xaedc, 0xaedc, 0xaedc, 0xaedc, 0xaedc, 0xaedc, 0xaedc, 0xaedc, 0xaedc, 0xaedc, 
	0xaedc, 0xaedc, 0xaedc, 0xaedc, 0xaedc, 0xaedc, 0xaedc, 0xaedc, 0xaedc, 0xaedc, 0xaedc, 0xaedc, 0xaedc, 0xaedc, 0xaedc, 0xaedc, 
	0xaedc, 0xaedc, 0xaedc, 0xaedc, 0xaedc, 0xaedc, 0xaedc, 0xaedc, 0xaedc, 0xaedc, 0xaedc, 0xaedc, 0xaedc, 0xaedc, 0xaedc, 0xaedc, 
	0xaedc, 0xaedc, 0xaedc, 0xaedc, 0xaedc, 0xaedc, 0xaedc, 0xaedc, 0xaedc, 0xaedc, 0xaedc, 0xaedc, 0xaedc, 0xaedc, 0xaedc, 0xaedc, 
	0xaedc, 0xaedc, 0xaedc, 0xaedc, 0xaedc, 0xaedc, 0xaedc, 0xaedc, 0xaedc, 0xaedc, 0xaedc, 0xaedc, 0xaedc, 0xaedc, 0xaedc, 0xaedc, 
	0xaedc, 0xaedc, 0xaedc, 0xaedc, 0xaedc, 0xaedc, 0xaedc, 0xaedc, 0xaebc, 0xaefd, 0xaedc, 0xb6bc, 0xb6bc, 0xb6dc, 0xaedc, 0xaefd, 
	0xb63b, 0xeab3, 0xf990, 0xf9d0, 0xf98f, 0xf9d0, 0xf9b0, 0xf9b0, 0xfa31, 0xfa92, 0xfab2, 0xfab2, 0xfab2, 0xfab2, 0xfad2, 0xfab2, 
	0xfad1, 0xf2b3, 0xb356, 0x7bf8, 0x7bd8, 0x83d8, 0x83d7, 0x83d7, 0x83d8, 0x7bd7, 0x83d8, 0x83b7, 0x83d9, 0x83d7, 0x83d8, 0x8bf6, 
	0xc50b, 0xf601, 0xfe20, 0xfe40, 0xfe20, 0xfe20, 0xf640, 0xfe20, 0xe602, 0xbcae, 0x8bd6, 0x7bd7, 0x7bb7, 0x7b57, 0x7336, 0x6b16, 
	0x6b15, 0x7317, 0x7337, 0xb50e, 0xfec6, 0xff05, 0xfee6, 0xfee6, 0xfee5, 0xfee5, 0xfee5, 0xff07, 0xff09, 0xff2a, 0xff2b, 0xff2b, 
	0xff2b, 0xfee9, 0xfe82, 0xfe20, 0xfe20, 0xfe20, 0xfe20, 0xfe20, 0xfe20, 0xfe20, 0xfe40, 0xfe60, 0xfe80, 0xfea0, 0xfea0, 0xfea0, 
	0xfea0, 0xfea0, 0xfea0, 0xfea0, 0xfea0, 0xfea0, 0xfea0, 0xfea0, 0xfea0, 0xfea0, 0xfea0, 0xfea0, 0xfea0, 0xfea1, 0xfee6, 0xff2b, 
	0xff2b, 0xff2b, 0xff2b, 0xff2b, 0xff2b, 0xff2b, 0xff2b, 0xff2b, 0xff0b, 0xff0b, 0xff0b, 0xff4b, 0xe64d, 0x93f5, 0x6b37, 0x7316, 
	0x6af7, 0x7336, 0x7357, 0x7b77, 0x7bb7, 0x7bb8, 0x9c34, 0xc52b, 0xf601, 0xfe40, 0xfe20, 0xfe20, 0xf640, 0xfe40, 0xf621, 0xede2, 
	0xac90, 0x83f7, 0x7bd8, 0x8bd7, 0x83d8, 0x83d8, 0x83b8, 0x83d7, 0x83d6, 0x83b7, 0x7bb8, 0x83d9, 0x83f8, 0x83b7, 0x83b8, 0x83d8, 
	0x8bd6, 0xcd8b, 0xfe82, 0xfea0, 0xd5ab, 0x93f6, 0x7b97, 0x8c79, 0xa61a, 0xaebc, 0xaefc, 0xaedb, 0xaefc, 0xb6fd, 0xaebc, 0xaedc, 
	0xaedc, 0xaedc, 0xaedc, 0xaedc, 0xaedc, 0xaedc, 0xaedc, 0xaedc, 0xaedc, 0xaedc, 0xaedc, 0xaedc, 0xaedc, 0xaedc, 0xaedc, 0xaedc, 
	0xaedc, 0xaedc, 0xaedc, 0xaedc, 0xaedc, 0xaedc, 0xaedc, 0xaedc, 0xaedc, 0xaedc, 0xaedc, 0xaedc, 0xaedc, 0xaedc, 0xaedc, 0xaedc, 
	0xaedc, 0xaedc, 0xaedc, 0xaedc, 0xaedc, 0xaedc, 0xaedc, 0xaedc, 0xaedc, 0xaedc, 0xaedc, 0xaedc, 0xaedc, 0xaedc, 0xaedc, 0xaedc, 
	0xaedc, 0xaedc, 0xaedc, 0xaedc, 0xaedc, 0xaedc, 0xaedc, 0xaedc, 0xaedc, 0xaedc, 0xaedc, 0xaedc, 0xaedc, 0xaedc, 0xaedc, 0xaedc, 
	0xaedc, 0xaedc, 0xaedc, 0xaedc, 0xaedc, 0xaedc, 0xaedc, 0xaedc, 0xaedc, 0xaedc, 0xaedc, 0xaedc, 0xaedc, 0xaedc, 0xaedc, 0xaedc, 
	0xaedc, 0xaedc, 0xaedc, 0xaedc, 0xaedc, 0xaedc, 0xaedc, 0xaedc, 0xaefc, 0xaedc, 0xb6dd, 0xaedc, 0xaedc, 0xaedc, 0xb6dd, 0xaefd, 
	0xc5da, 0xf272, 0xf990, 0xf9d0, 0xf98f, 0xf990, 0xf98f, 0xf9d0, 0xfa51, 0xfab2, 0xfad2, 0xfab2, 0xfab2, 0xfab2, 0xfad2, 0xfab2, 
	0xfad1, 0xf2b3, 0xb355, 0x8bd7, 0x83d8, 0x83b8, 0x8bb8, 0x83d7, 0x83d7, 0x7bd8, 0x83d8, 0x83b7, 0x7bd8, 0x83b7, 0x8bd7, 0x7bd8, 
	0xa471, 0xedc3, 0xf621, 0xf640, 0xfe20, 0xfe00, 0xf640, 0xfe20, 0xfe20, 0xdda6, 0xa453, 0x7b77, 0x7355, 0x7317, 0x6af6, 0x6b16, 
	0x6b16, 0x7337, 0x6af7, 0x9c50, 0xf667, 0xff06, 0xff06, 0xfee5, 0xfee5, 0xfee5, 0xfee5, 0xfee7, 0xff09, 0xff2a, 0xff2b, 0xff2b, 
	0xff2c, 0xff0a, 0xfe83, 0xfe20, 0xfe20, 0xfe20, 0xfe40, 0xfe20, 0xfe20, 0xfe20, 0xfe40, 0xfe60, 0xfe80, 0xfea0, 0xfea0, 0xfea0, 
	0xfea0, 0xfea0, 0xfea0, 0xfea0, 0xfea0, 0xfea0, 0xfea0, 0xfea0, 0xfea0, 0xfea0, 0xfea0, 0xfea0, 0xfea0, 0xfea1, 0xfee6, 0xff2b, 
	0xff2b, 0xff2b, 0xff2b, 0xff2b, 0xff2b, 0xff2b, 0xff2b, 0xff2b, 0xff2b, 0xff2b, 0xff0b, 0xff2a, 0xd5ed, 0x8376, 0x6b17, 0x6b16, 
	0x6b17, 0x6b16, 0x6af6, 0x7316, 0x7b57, 0x83b7, 0xacae, 0xee22, 0xfe00, 0xf640, 0xf620, 0xfe20, 0xf640, 0xf622, 0xf621, 0xdd66, 
	0x9c15, 0x7bd7, 0x83d9, 0x8bd7, 0x83d8, 0x83d8, 0x83b8, 0x83d7, 0x7bf7, 0x83d9, 0x83d8, 0x83d6, 0x83d8, 0x83d8, 0x83f7, 0x83d8, 
	0x83f7, 0xa494, 0xe624, 0xf644, 0xacd1, 0x83d7, 0x8bd8, 0x7bd7, 0x8cb9, 0xae1d, 0xb6dd, 0xaedc, 0xaedc, 0xaedd, 0xaedc, 0xaedc, 
	0xaedc, 0xaedc, 0xaedc, 0xaedc, 0xaedc, 0xaedc, 0xaedc, 0xaedc, 0xaedc, 0xaedc, 0xaedc, 0xaedc, 0xaedc, 0xaedc, 0xaedc, 0xaedc, 
	0xaedc, 0xaedc, 0xaedc, 0xaedc, 0xaedc, 0xaedc, 0xaedc, 0xaedc, 0xaedc, 0xaedc, 0xaedc, 0xaedc, 0xaedc, 0xaedc, 0xaedc, 0xaedc, 
	0xaedc, 0xaedc, 0xaedc, 0xaedc, 0xaedc, 0xaedc, 0xaedc, 0xaedc, 0xaedc, 0xaedc, 0xaedc, 0xaedc, 0xaedc, 0xaedc, 0xaedc, 0xaedc, 
	0xaedc, 0xaedc, 0xaedc, 0xaedc, 0xaedc, 0xaedc, 0xaedc, 0xaedc, 0xaedc, 0xaedc, 0xaedc, 0xaedc, 0xaedc, 0xaedc, 0xaedc, 0xaedc, 
	0xaedc, 0xaedc, 0xaedc, 0xaedc, 0xaedc, 0xaedc, 0xaedc, 0xaedc, 0xaedc, 0xaedc, 0xaedc, 0xaedc, 0xaedc, 0xaedc, 0xaedc, 0xaedc, 
	0xaedc, 0xaedc, 0xaedc, 0xaedc, 0xaedc, 0xaedc, 0xaedc, 0xaedc, 0xaedc, 0xaedc, 0xaedc, 0xb6dd, 0xaedc, 0xaedc, 0xaedc, 0xaebc, 
	0xc558, 0xf231, 0xf9d0, 0xf9af, 0xf98f, 0xf9b0, 0xf990, 0xf9d1, 0xfa51, 0xfab1, 0xfad2, 0xfab2, 0xfa93, 0xfa93, 0xfad2, 0xf2f1, 
	0xfa92, 0xf2d2, 0xcb34, 0x93b7, 0x7bd9, 0x73f8, 0x7bf8, 0x83d7, 0x83d8, 0x83d8, 0x83d8, 0x83d8, 0x83d8, 0x83d8, 0x83d8, 0x83d8, 
	0x83f6, 0xc52a, 0xf602, 0xfe20, 0xfe40, 0xfe40, 0xf640, 0xfe21, 0xf620, 0xfe21, 0xd528, 0x8bb2, 0x6af7, 0x6b17, 0x7316, 0x72f7, 
	0x7af7, 0x7336, 0x6af6, 0x93d3, 0xe649, 0xff05, 0xff06, 0xfee5, 0xfee5, 0xfee6, 0xfee6, 0xfee6, 0xff07, 0xff0a, 0xff2b, 0xff2a, 
	0xff2c, 0xff0a, 0xfec6, 0xf661, 0xfe00, 0xfe00, 0xfe40, 0xf640, 0xf620, 0xfe20, 0xfe20, 0xfe40, 0xfe60, 0xfea0, 0xfea0, 0xfea0, 
	0xfea0, 0xfea0, 0xfea0, 0xfea0, 0xfea0, 0xfea0, 0xfea0, 0xfea0, 0xfe80, 0xfea0, 0xfea0, 0xfe80, 0xfe81, 0xfec3, 0xff08, 0xff2c, 
	0xff2b, 0xff2b, 0xff2b, 0xff2b, 0xff2b, 0xff2b, 0xff2b, 0xff2b, 0xff0c, 0xff0b, 0xff2a, 0xf6ec, 0xbd31, 0x72f6, 0x7316, 0x6af6, 
	0x6b16, 0x6af7, 0x7335, 0x6b16, 0x72f7, 0xa430, 0xddc4, 0xf640, 0xfe40, 0xf640, 0xf620, 0xfe00, 0xfe00, 0xfe40, 0xe5e3, 0xac8e, 
	0x83d8, 0x83d8, 0x83d8, 0x83d8, 0x83d8, 0x83d7, 0x83d7, 0x83d7, 0x83f7, 0x83b8, 0x7bd8, 0x83b8, 0x83d8, 0x83f8, 0x83d8, 0x7bd8, 
	0x8399, 0x9416, 0xa4f1, 0xa4f1, 0x9416, 0x8398, 0x83f7, 0x83d7, 0x83d8, 0x94fa, 0xae5c, 0xaedc, 0xaefc, 0xaedd, 0xaedd, 0xaebd, 
	0xaedc, 0xaedc, 0xaedc, 0xaedc, 0xaedc, 0xaedc, 0xaedc, 0xaedc, 0xaedc, 0xaedc, 0xaedc, 0xaedc, 0xaedc, 0xaedc, 0xaedc, 0xaedc, 
	0xaedc, 0xaedc, 0xaedc, 0xaedc, 0xaedc, 0xaedc, 0xaedc, 0xaedc, 0xaedc, 0xaedc, 0xaedc, 0xaedc, 0xaedc, 0xaedc, 0xaedc, 0xaedc, 
	0xaedc, 0xaedc, 0xaedc, 0xaedc, 0xaedc, 0xaedc, 0xaedc, 0xaedc, 0xaedc, 0xaedc, 0xaedc, 0xaedc, 0xaedc, 0xaedc, 0xaedc, 0xaedc, 
	0xaedc, 0xaedc, 0xaedc, 0xaedc, 0xaedc, 0xaedc, 0xaedc, 0xaedc, 0xaedc, 0xaedc, 0xaedc, 0xaedc, 0xaedc, 0xaedc, 0xaedc, 0xaedc, 
	0xaedc, 0xaedc, 0xaedc, 0xaedc, 0xaedc, 0xaedc, 0xaedc, 0xaedc, 0xaedc, 0xaedc, 0xaedc, 0xaedc, 0xaedc, 0xaedc, 0xaedc, 0xaedc, 
	0xaedc, 0xaedc, 0xaedc, 0xaedc, 0xaedc, 0xaedc, 0xaedc, 0xaedc, 0xaedd, 0xaedc, 0xaedc, 0xaedc, 0xaedc, 0xaedd, 0xb6dd, 0xb6bc, 
	0xdc36, 0xf9d1, 0xf1b0, 0xf9b0, 0xf98f, 0xf9cf, 0xf1cf, 0xf9f0, 0xfab2, 0xfab2, 0xfab2, 0xfab2, 0xfab2, 0xfab2, 0xfab2, 0xfa72, 
	0xfab2, 0xfab2, 0xd334, 0x93b7, 0x7bd8, 0x83b8, 0x8bb7, 0x83d7, 0x83d8, 0x83d8, 0x83d8, 0x83d8, 0x83d8, 0x83d8, 0x83d8, 0x83d8, 
	0x83b8, 0xa473, 0xdd86, 0xfe20, 0xfe20, 0xfe20, 0xfe21, 0xf620, 0xfe21, 0xf620, 0xee20, 0xcd28, 0x8b92, 0x6b15, 0x6b16, 0x7316, 
	0x6b16, 0x6b56, 0x6b17, 0x8356, 0xcd4c, 0xf6c5, 0xfee6, 0xff06, 0xfee5, 0xfee6, 0xfee6, 0xfee5, 0xff07, 0xff0a, 0xff2b, 0xff2b, 
	0xff2b, 0xff2b, 0xfee8, 0xfe83, 0xfe20, 0xfe20, 0xfe20, 0xfe20, 0xfe20, 0xfe20, 0xfe20, 0xfe20, 0xfe60, 0xfe80, 0xfea0, 0xfea0, 
	0xfea0, 0xfea0, 0xfea0, 0xfea0, 0xfea0, 0xfea0, 0xfea0, 0xfea0, 0xfe80, 0xfea0, 0xfea0, 0xfea0, 0xfea1, 0xfee5, 0xff09, 0xff2c, 
	0xff2b, 0xff2b, 0xff2b, 0xff2b, 0xff2b, 0xff2b, 0xff2b, 0xff2b, 0xff2b, 0xff0b, 0xff2a, 0xeeac, 0xa453, 0x7316, 0x6b36, 0x6b56, 
	0x7b16, 0x6b17, 0x6317, 0x7336, 0x9bf0, 0xd565, 0xfe40, 0xfe01, 0xf600, 0xfe01, 0xfe40, 0xf640, 0xfe20, 0xf601, 0xc52a, 0x93f6, 
	0x83d8, 0x83d8, 0x83d8, 0x83d8, 0x83d8, 0x83d8, 0x83d8, 0x83d8, 0x7bd7, 0x83d8, 0x83d8, 0x8bb8, 0x83b8, 0x83d8, 0x8bb8, 0x83d7, 
	0x83d7, 0x83b8, 0x8bd7, 0x8bd7, 0x8399, 0x83b9, 0x83d8, 0x7bb9, 0x83d8, 0x8438, 0x9d59, 0xae7c, 0xaedd, 0xaedc, 0xaedc, 0xb6dd, 
	0xaedc, 0xaedc, 0xaedc, 0xaedc, 0xaedc, 0xaedc, 0xaedc, 0xaedc, 0xaedc, 0xaedc, 0xaedc, 0xaedc, 0xaedc, 0xaedc, 0xaedc, 0xaedc, 
	0xaedc, 0xaedc, 0xaedc, 0xaedc, 0xaedc, 0xaedc, 0xaedc, 0xaedc, 0xaedc, 0xaedc, 0xaedc, 0xaedc, 0xaedc, 0xaedc, 0xaedc, 0xaedc, 
	0xaedc, 0xaedc, 0xaedc, 0xaedc, 0xaedc, 0xaedc, 0xaedc, 0xaedc, 0xaedc, 0xaedc, 0xaedc, 0xaedc, 0xaedc, 0xaedc, 0xaedc, 0xaedc, 
	0xaedc, 0xaedc, 0xaedc, 0xaedc, 0xaedc, 0xaedc, 0xaedc, 0xaedc, 0xaedc, 0xaedc, 0xaedc, 0xaedc, 0xaedc, 0xaedc, 0xaedc, 0xaedc, 
	0xaedc, 0xaedc, 0xaedc, 0xaedc, 0xaedc, 0xaedc, 0xaedc, 0xaedc, 0xaedc, 0xaedc, 0xaedc, 0xaedc, 0xaedc, 0xaedc, 0xaedc, 0xaedc, 
	0xaedc, 0xaedc, 0xaedc, 0xaedc, 0xaedc, 0xaedc, 0xaedc, 0xaedc, 0xaedd, 0xaedc, 0xaedc, 0xaedc, 0xaedc, 0xb6fd, 0xb6dd, 0xb69c, 
	0xdbd5, 0xf990, 0xf9b0, 0xf9b0, 0xf9b0, 0xf9af, 0xf9af, 0xf9d0, 0xe2d3, 0xdaf4, 0xdaf4, 0xead3, 0xfab2, 0xfad2, 0xfab2, 0xfab3, 
	0xfad2, 0xfab2, 0xdb14, 0x93b6, 0x7bd8, 0x8bb8, 0x8bb7, 0x83d7, 0x83d8, 0x83d8, 0x83d8, 0x83d8, 0x83d8, 0x83d8, 0x83d8, 0x83d8, 
	0x83d8, 0x83f7, 0xb4ce, 0xedc3, 0xfe20, 0xfe01, 0xfe20, 0xf640, 0xfe20, 0xfe20, 0xfe40, 0xf600, 0xcd27, 0x8bd1, 0x6b17, 0x6b16, 
	0x6af8, 0x6b36, 0x6b36, 0x6b36, 0xacd0, 0xf6e8, 0xfee6, 0xfee4, 0xfee5, 0xfee6, 0xfee5, 0xfee5, 0xfee6, 0xff09, 0xff2b, 0xff2b, 
	0xff2b, 0xff2b, 0xff0a, 0xfea6, 0xfe61, 0xfe20, 0xfe00, 0xfe22, 0xfe40, 0xfe20, 0xfe20, 0xfe20, 0xfe40, 0xfe60, 0xfea0, 0xfea0, 
	0xfea0, 0xfea0, 0xfea0, 0xfea0, 0xfea0, 0xfea0, 0xfea0, 0xfea0, 0xfe80, 0xfea1, 0xfe80, 0xfea0, 0xfec2, 0xff08, 0xff2b, 0xff2b, 
	0xff2b, 0xff2b, 0xff2b, 0xff2b, 0xff2b, 0xff2b, 0xff2b, 0xff2b, 0xff2b, 0xff2a, 0xff4b, 0xd62e, 0x83b5, 0x6b16, 0x6b17, 0x6ad7, 
	0x7317, 0x6af6, 0x7336, 0x9c2f, 0xd584, 0xfe20, 0xfe20, 0xfe20, 0xfe20, 0xfe20, 0xf620, 0xf640, 0xfe20, 0xdd66, 0xa472, 0x83d8, 
	0x83d8, 0x83d8, 0x83d8, 0x83d8, 0x83d8, 0x83d8, 0x83d8, 0x83d8, 0x83b8, 0x83d8, 0x7bf8, 0x83d8, 0x7bd8, 0x83d7, 0x8bb8, 0x83d8, 
	0x83f7, 0x83b7, 0x83b8, 0x83d8, 0x83d8, 0x83d7, 0x83f7, 0x83d7, 0x83d8, 0x7bb7, 0x8c38, 0xa59b, 0xb69d, 0xb6fc, 0xaedc, 0xb6dc, 
	0xaedc, 0xaedc, 0xaedc, 0xaedc, 0xaedc, 0xaedc, 0xaedc, 0xaedc, 0xaedc, 0xaedc, 0xaedc, 0xaedc, 0xaedc, 0xaedc, 0xaedc, 0xaedc, 
	0xaedc, 0xaedc, 0xaedc, 0xaedc, 0xaedc, 0xaedc, 0xaedc, 0xaedc, 0xaedc, 0xaedc, 0xaedc, 0xaedc, 0xaedc, 0xaedc, 0xaedc, 0xaedc, 
	0xaedc, 0xaedc, 0xaedc, 0xaedc, 0xaedc, 0xaedc, 0xaedc, 0xaedc, 0xaedc, 0xaedc, 0xaedc, 0xaedc, 0xaedc, 0xaedc, 0xaedc, 0xaedc, 
	0xaedc, 0xaedc, 0xaedc, 0xaedc, 0xaedc, 0xaedc, 0xaedc, 0xaedc, 0xaedc, 0xaedc, 0xaedc, 0xaedc, 0xaedc, 0xaedc, 0xaedc, 0xaedc, 
	0xaedc, 0xaedc, 0xaedc, 0xaedc, 0xaedc, 0xaedc, 0xaedc, 0xaedc, 0xaedc, 0xaedc, 0xaedc, 0xaedc, 0xaedc, 0xaedc, 0xaedc, 0xaedc, 
	0xaedc, 0xaedc, 0xaedc, 0xaedc, 0xaedc, 0xaedc, 0xaedc, 0xaedc, 0xaedc, 0xb6dd, 0xaedd, 0xaedc, 0xaedc, 0xb6fd, 0xb6dd, 0xb67c, 
	0xe373, 0xf9b0, 0xf9af, 0xf9af, 0xf990, 0xf990, 0xea11, 0xd292, 0xab76, 0x9b96, 0x9bb6, 0xb375, 0xd314, 0xf2d3, 0xfab2, 0xfab2, 
	0xfab2, 0xfa92, 0xe2f3, 0xa396, 0x83d7, 0x7bd8, 0x83d8, 0x83d8, 0x83d8, 0x83d8, 0x83d8, 0x83d8, 0x83d8, 0x83d8, 0x83d8, 0x83d8, 
	0x83f8, 0x83d6, 0x8c15, 0xbd0b, 0xf621, 0xfe40, 0xf620, 0xfe20, 0xfe00, 0xfe20, 0xf601, 0xfe20, 0xf620, 0xd547, 0x9bf0, 0x7b35, 
	0x7317, 0x72f6, 0x7317, 0x6b16, 0x8bd3, 0xe62a, 0xfee6, 0xfec6, 0xfee5, 0xfee5, 0xfee5, 0xfee5, 0xff06, 0xff08, 0xff0a, 0xff2b, 
	0xff2b, 0xff2b, 0xff0b, 0xfee9, 0xfe84, 0xfe40, 0xfe20, 0xfe01, 0xfe40, 0xfe20, 0xfe20, 0xfe20, 0xfe40, 0xfe60, 0xfe80, 0xfea0, 
	0xfea0, 0xfea0, 0xfe80, 0xfea0, 0xfea0, 0xfea0, 0xfea0, 0xfea0, 0xfea0, 0xfea0, 0xfe80, 0xfea2, 0xfee5, 0xff2a, 0xff2b, 0xff0b, 
	0xff2b, 0xff2b, 0xff2b, 0xff2b, 0xff2b, 0xff2b, 0xff2b, 0xff2b, 0xff0b, 0xff0b, 0xfeec, 0xbd10, 0x7336, 0x6b56, 0x6b17, 0x72f7, 
	0x6b15, 0x8354, 0xac4d, 0xdd82, 0xfe20, 0xfe20, 0xfe00, 0xfe40, 0xfe20, 0xfe20, 0xf620, 0xfe20, 0xedc2, 0xb4cf, 0x8417, 0x83d7, 
	0x83d8, 0x83d8, 0x83d8, 0x83d8, 0x83d8, 0x83d8, 0x83d8, 0x83d8, 0x8bb7, 0x83b8, 0x7bb8, 0x7bd7, 0x7bf7, 0x7bf7, 0x83d8, 0x83d8, 
	0x83b9, 0x83d7, 0x83f7, 0x83f7, 0x7bd7, 0x83d7, 0x83d8, 0x83d7, 0x7bd7, 0x83d8, 0x83b7, 0x8c78, 0xa5fb, 0xb6dd, 0xaedc, 0xaedc, 
	0xaedc, 0xaedc, 0xaedc, 0xaedc, 0xaedc, 0xaedc, 0xaedc, 0xaedc, 0xaedc, 0xaedc, 0xaedc, 0xaedc, 0xaedc, 0xaedc, 0xaedc, 0xaedc, 
	0xaedc, 0xaedc, 0xaedc, 0xaedc, 0xaedc, 0xaedc, 0xaedc, 0xaedc, 0xaedc, 0xaedc, 0xaedc, 0xaedc, 0xaedc, 0xaedc, 0xaedc, 0xaedc, 
	0xaedc, 0xaedc, 0xaedc, 0xaedc, 0xaedc, 0xaedc, 0xaedc, 0xaedc, 0xaedc, 0xaedc, 0xaedc, 0xaedc, 0xaedc, 0xaedc, 0xaedc, 0xaedc, 
	0xaedc, 0xaedc, 0xaedc, 0xaedc, 0xaedc, 0xaedc, 0xaedc, 0xaedc, 0xaedc, 0xaedc, 0xaedc, 0xaedc, 0xaedc, 0xaedc, 0xaedc, 0xaedc, 
	0xaedc, 0xaedc, 0xaedc, 0xaedc, 0xaedc, 0xaedc, 0xaedc, 0xaedc, 0xaedc, 0xaedc, 0xaedc, 0xaedc, 0xaedc, 0xaedc, 0xaedc, 0xaedc, 
	0xaedc, 0xaedc, 0xaedc, 0xaedc, 0xaedc, 0xaedc, 0xaedc, 0xaedc, 0xaedc, 0xaedc, 0xb6fd, 0xaedc, 0xaedc, 0xb6fd, 0xb6bc, 0xb65b, 
	0xeaf2, 0xf98f, 0xf98f, 0xf990, 0xf1f1, 0xd253, 0xab35, 0x9396, 0x83d8, 0x7bf8, 0x7bf7, 0x83d7, 0x9bb7, 0xb375, 0xdb14, 0xfad2, 
	0xf2d2, 0xfa92, 0xead3, 0xab75, 0x83d7, 0x7bd7, 0x7bd8, 0x83d8, 0x83d8, 0x83d8, 0x83d8, 0x83d8, 0x83d8, 0x83d8, 0x83d8, 0x83d8, 
	0x83b9, 0x8bd8, 0x83b7, 0x9433, 0xcd48, 0xf620, 0xfe20, 0xfe01, 0xfe40, 0xf620, 0xf640, 0xfe40, 0xfe20, 0xfe00, 0xdd85, 0xac6d, 
	0x8393, 0x72f5, 0x72f7, 0x6b35, 0x7b55, 0xc54e, 0xff06, 0xfee5, 0xfee6, 0xfee5, 0xfee5, 0xfee5, 0xff06, 0xff07, 0xff09, 0xff0b, 
	0xff2b, 0xff2a, 0xff0b, 0xff0b, 0xfec7, 0xfe82, 0xfe40, 0xfe00, 0xfe20, 0xfe20, 0xfe20, 0xfe20, 0xfe20, 0xfe40, 0xfe60, 0xfe80, 
	0xfea0, 0xfea0, 0xfea0, 0xfea0, 0xfea0, 0xfea0, 0xfea0, 0xfe80, 0xfea0, 0xfea0, 0xfea1, 0xfec5, 0xff09, 0xff2b, 0xff2b, 0xff0b, 
	0xff2b, 0xff2b, 0xff2b, 0xff2b, 0xff2b, 0xff2b, 0xff2b, 0xff2b, 0xf70b, 0xff2a, 0xeeac, 0xa452, 0x7335, 0x6b17, 0x6af7, 0x7b36, 
	0x8bb1, 0xbcca, 0xedc2, 0xfe00, 0xfe20, 0xfe20, 0xf620, 0xf620, 0xfe00, 0xf640, 0xfe40, 0xf5c1, 0xc4cc, 0x8c16, 0x7bd7, 0x83b9, 
	0x83d8, 0x83d8, 0x83d8, 0x83d8, 0x83d8, 0x83d8, 0x83d8, 0x83d8, 0x83d8, 0x7c17, 0x6c56, 0x6c56, 0x83f7, 0x8bb8, 0x83b8, 0x83b8, 
	0x83b8, 0x83d7, 0x7bb8, 0x83b9, 0x83d7, 0x83d8, 0x83d9, 0x83d7, 0x7bd7, 0x83f8, 0x83b8, 0x83d8, 0x94f9, 0xa65c, 0xb6fd, 0xaedc, 
	0xaedc, 0xaedc, 0xaedc, 0xaedc, 0xaedc, 0xaedc, 0xaedc, 0xaedc, 0xaedc, 0xaedc, 0xaedc, 0xaedc, 0xaedc, 0xaedc, 0xaedc, 0xaedc, 
	0xaedc, 0xaedc, 0xaedc, 0xaedc, 0xaedc, 0xaedc, 0xaedc, 0xaedc, 0xaedc, 0xaedc, 0xaedc, 0xaedc, 0xaedc, 0xaedc, 0xaedc, 0xaedc, 
	0xaedc, 0xaedc, 0xaedc, 0xaedc, 0xaedc, 0xaedc, 0xaedc, 0xaedc, 0xaedc, 0xaedc, 0xaedc, 0xaedc, 0xaedc, 0xaedc, 0xaedc, 0xaedc, 
	0xaedc, 0xaedc, 0xaedc, 0xaedc, 0xaedc, 0xaedc, 0xaedc, 0xaedc, 0xaedc, 0xaedc, 0xaedc, 0xaedc, 0xaedc, 0xaedc, 0xaedc, 0xaedc, 
	0xaedc, 0xaedc, 0xaedc, 0xaedc, 0xaedc, 0xaedc, 0xaedc, 0xaedc, 0xaedc, 0xaedc, 0xaedc, 0xaedc, 0xaedc, 0xaedc, 0xaedc, 0xaedc, 
	0xaedc, 0xaedc, 0xaedc, 0xaedc, 0xaedc, 0xaedc, 0xaedc, 0xaedc, 0xaedc, 0xaedc, 0xaedd, 0xaedd, 0xaedc, 0xaedd, 0xb6bc, 0xae7b, 
	0xe333, 0xf1f1, 0xf1f1, 0xda72, 0xb334, 0x9396, 0x83d8, 0x83d8, 0x83d8, 0x83d8, 0x83d8, 0x83b8, 0x83b9, 0x83b8, 0x9b96, 0xb355, 
	0xdb14, 0xf2b3, 0xe2d4, 0xab76, 0x83d8, 0x83d8, 0x83b8, 0x83b8, 0x83d8, 0x83d8, 0x83d8, 0x83d8, 0x83d8, 0x83d8, 0x83d8, 0x83d8, 
	0x83b7, 0x83d8, 0x83b7, 0x7b77, 0x8bf1, 0xcd46, 0xfe40, 0xfe21, 0xf640, 0xfe20, 0xfe20, 0xf620, 0xf640, 0xfe40, 0xfe20, 0xede1, 
	0xbd27, 0xa40e, 0x7b35, 0x6b36, 0x6b16, 0x9c91, 0xeea7, 0xff05, 0xfee6, 0xfee5, 0xfee5, 0xfee5, 0xfee5, 0xff06, 0xff08, 0xff0a, 
	0xff2b, 0xff2a, 0xff2b, 0xff2b, 0xff0a, 0xfec6, 0xf662, 0xf620, 0xf620, 0xfe20, 0xfe20, 0xfe20, 0xfe20, 0xf620, 0xfe40, 0xfe60, 
	0xfe80, 0xfe80, 0xfea0, 0xfea0, 0xfea0, 0xfe80, 0xfe80, 0xfe80, 0xfea0, 0xfea0, 0xfec4, 0xff09, 0xff2c, 0xff2b, 0xff2a, 0xff2b, 
	0xff2b, 0xff2b, 0xff2b, 0xff2b, 0xff2b, 0xff2b, 0xff2b, 0xff2b, 0xff2b, 0xf70b, 0xc5cf, 0x7b76, 0x6316, 0x6b16, 0x8b92, 0xa42e, 
	0xd547, 0xee00, 0xfe40, 0xfe02, 0xfe20, 0xf620, 0xf620, 0xfe40, 0xf620, 0xfe60, 0xf601, 0xc4aa, 0x8394, 0x7376, 0x83b7, 0x83d9, 
	0x83d8, 0x83d8, 0x83d8, 0x83d8, 0x83d8, 0x83d8, 0x83d8, 0x83d8, 0x7bf8, 0x4d36, 0x2e34, 0x2e15, 0x5cd7, 0x83b8, 0x8398, 0x7bd7, 
	0x83d7, 0x83d6, 0x83d7, 0x83d8, 0x83d7, 0x83d7, 0x83d8, 0x83d7, 0x83f8, 0x7bb7, 0x83d8, 0x83d8, 0x8417, 0x955a, 0xae9d, 0xaedd, 
	0xaedc, 0xaedc, 0xaedc, 0xaedc, 0xaedc, 0xaedc, 0xaedc, 0xaedc, 0xaedc, 0xaedc, 0xaedc, 0xaedc, 0xaedc, 0xaedc, 0xaedc, 0xaedc, 
	0xaedc, 0xaedc, 0xaedc, 0xaedc, 0xaedc, 0xaedc, 0xaedc, 0xaedc, 0xaedc, 0xaedc, 0xaedc, 0xaedc, 0xaedc, 0xaedc, 0xaedc, 0xaedc, 
	0xaedc, 0xaedc, 0xaedc, 0xaedc, 0xaedc, 0xaedc, 0xaedc, 0xaedc, 0xaedc, 0xaedc, 0xaedc, 0xaedc, 0xaedc, 0xaedc, 0xaedc, 0xaedc, 
	0xaedc, 0xaedc, 0xaedc, 0xaedc, 0xaedc, 0xaedc, 0xaedc, 0xaedc, 0xaedc, 0xaedc, 0xaedc, 0xaedc, 0xaedc, 0xaedc, 0xaedc, 0xaedc, 
	0xaedc, 0xaedc, 0xaedc, 0xaedc, 0xaedc, 0xaedc, 0xaedc, 0xaedc, 0xaedc, 0xaedc, 0xaedc, 0xaedc, 0xaedc, 0xaedc, 0xaedc, 0xaedc, 
	0xaedc, 0xaedc, 0xaedc, 0xaedc, 0xaedc, 0xaedc, 0xaedc, 0xaedc, 0xaedc, 0xaedc, 0xb6dd, 0xaedd, 0xaedc, 0xaedc, 0xb6dc, 0xae9c, 
	0xd4f8, 0xd3b6, 0xbb75, 0x9396, 0x83f7, 0x8bb8, 0x83d8, 0x83d8, 0x83d7, 0x7bf8, 0x83d8, 0x8bb8, 0x8b98, 0x83b8, 0x83d8, 0x8bb7, 
	0xa396, 0xc335, 0xb356, 0x93b7, 0x83d8, 0x8bd8, 0x8bd8, 0x83d7, 0x83d8, 0x83d8, 0x83d8, 0x83d8, 0x83d8, 0x83d8, 0x83d8, 0x83d8, 
	0x83d6, 0x7bb6, 0x7b57, 0x7317, 0x6b16, 0x9c10, 0xd565, 0xf601, 0xf621, 0xfe40, 0xfe00, 0xf5e0, 0xfe40, 0xfe40, 0xfe20, 0xfe40, 
	0xfe40, 0xe5a4, 0xb4c9, 0x940f, 0x7b55, 0x8b75, 0xcd8b, 0xff05, 0xff06, 0xfee5, 0xfee5, 0xfee6, 0xfee6, 0xff05, 0xff07, 0xff0a, 
	0xff2b, 0xff2b, 0xff0b, 0xff2b, 0xff2b, 0xff09, 0xfea6, 0xfe63, 0xfe41, 0xfe20, 0xfe20, 0xfe20, 0xfe20, 0xfe20, 0xfe20, 0xfe40, 
	0xfe60, 0xfe80, 0xfea0, 0xfea0, 0xfea0, 0xfea0, 0xfea0, 0xfea0, 0xfea2, 0xfec5, 0xff08, 0xff2b, 0xff2c, 0xff2b, 0xff0b, 0xff2b, 
	0xff2b, 0xff2b, 0xff2b, 0xff2b, 0xff2b, 0xff2b, 0xff2b, 0xff2b, 0xff2b, 0xee8c, 0xacb1, 0x7b55, 0x8392, 0xa44d, 0xcd27, 0xee01, 
	0xfe40, 0xfe40, 0xfe20, 0xfe20, 0xfe40, 0xf620, 0xfe20, 0xfe40, 0xf640, 0xede1, 0xc4e9, 0x8b93, 0x6b16, 0x7336, 0x7b78, 0x83d6, 
	0x83d8, 0x83d8, 0x83d8, 0x83d8, 0x83d8, 0x83d8, 0x83d8, 0x83d8, 0x6497, 0x1e55, 0x0773, 0x0753, 0x2e15, 0x6c77, 0x83d8, 0x7bf7, 
	0x83b8, 0x83d7, 0x83d7, 0x83d8, 0x83d7, 0x83b8, 0x83b8, 0x83b8, 0x83d8, 0x7bb7, 0x83d8, 0x83f8, 0x83b7, 0x8c78, 0x9dbb, 0xaebd, 
	0xaedc, 0xaedc, 0xaedc, 0xaedc, 0xaedc, 0xaedc, 0xaedc, 0xaedc, 0xaedc, 0xaedc, 0xaedc, 0xaedc, 0xaedc, 0xaedc, 0xaedc, 0xaedc, 
	0xaedc, 0xaedc, 0xaedc, 0xaedc, 0xaedc, 0xaedc, 0xaedc, 0xaedc, 0xaedc, 0xaedc, 0xaedc, 0xaedc, 0xaedc, 0xaedc, 0xaedc, 0xaedc, 
	0xaedc, 0xaedc, 0xaedc, 0xaedc, 0xaedc, 0xaedc, 0xaedc, 0xaedc, 0xaedc, 0xaedc, 0xaedc, 0xaedc, 0xaedc, 0xaedc, 0xaedc, 0xaedc, 
	0xaedc, 0xaedc, 0xaedc, 0xaedc, 0xaedc, 0xaedc, 0xaedc, 0xaedc, 0xaedc, 0xaedc, 0xaedc, 0xaedc, 0xaedc, 0xaedc, 0xaedc, 0xaedc, 
	0xaedc, 0xaedc, 0xaedc, 0xaedc, 0xaedc, 0xaedc, 0xaedc, 0xaedc, 0xaedc, 0xaedc, 0xaedc, 0xaedc, 0xaedc, 0xaedc, 0xaedc, 0xaedc, 
	0xaedc, 0xaedc, 0xaedc, 0xaedc, 0xaedc, 0xaedc, 0xaedc, 0xaedc, 0xaefd, 0xaedc, 0xaedc, 0xb6dd, 0xaedc, 0xaedc, 0xaedd, 0xb6bc, 
	0xaedc, 0xa57a, 0x9458, 0x83b8, 0x7bd9, 0x83b8, 0x7bf8, 0x83d7, 0x8bb7, 0x83d8, 0x7bf8, 0x83d8, 0x83d7, 0x83f7, 0x7bd8, 0x83d8, 
	0x7bd8, 0x83d7, 0x83d7, 0x7bd8, 0x7bd8, 0x83d8, 0x7bf7, 0x83d7, 0x83d8, 0x83d8, 0x83d8, 0x83d8, 0x83d8, 0x83d8, 0x83d8, 0x83d8, 
	0x73b8, 0x7337, 0x6af6, 0x6b17, 0x7317, 0x7335, 0x9c0f, 0xe564, 0xfe00, 0xf620, 0xfe60, 0xfe40, 0xfe00, 0xfe20, 0xfe40, 0xfe00, 
	0xfe00, 0xfe40, 0xf620, 0xedc2, 0xd546, 0xb48b, 0xcd6a, 0xf6c8, 0xff06, 0xfee5, 0xfee5, 0xfee6, 0xfee6, 0xfee5, 0xff06, 0xff09, 
	0xff2a, 0xff0b, 0xff0b, 0xff2a, 0xff2b, 0xff2b, 0xff0a, 0xfec7, 0xfe62, 0xfe41, 0xfe20, 0xfe20, 0xfe40, 0xfe40, 0xfe20, 0xfe20, 
	0xfe40, 0xfe60, 0xfe80, 0xfea0, 0xfea0, 0xfea0, 0xfea0, 0xfec1, 0xfec5, 0xfee9, 0xff2b, 0xff2b, 0xff0b, 0xff0b, 0xff0b, 0xff2b, 
	0xff2b, 0xff2b, 0xff2b, 0xff2b, 0xff2b, 0xff2b, 0xff2b, 0xff2b, 0xff0b, 0xe66b, 0xb4ad, 0xbcab, 0xdd46, 0xedc2, 0xfe21, 0xfe20, 
	0xf621, 0xfe20, 0xfe20, 0xfe00, 0xfe20, 0xfe40, 0xfe40, 0xfe00, 0xf601, 0xd507, 0x93b2, 0x6316, 0x6b35, 0x6b18, 0x6af8, 0x7b56, 
	0x83d7, 0x83d7, 0x83d7, 0x83d8, 0x83d8, 0x83d8, 0x83d8, 0x83d8, 0x4595, 0x0ed4, 0x0f12, 0x0f12, 0x0ed3, 0x4d55, 0x8417, 0x83b8, 
	0x83f8, 0x83d8, 0x83d8, 0x83b8, 0x83d8, 0x83d7, 0x83f7, 0x83f7, 0x83b7, 0x83f8, 0x83d7, 0x83b7, 0x8bb8, 0x83d7, 0x8cd8, 0xa65c, 
	0xaedc, 0xaedc, 0xaedc, 0xaedc, 0xaedc, 0xaedc, 0xaedc, 0xaedc, 0xaedc, 0xaedc, 0xaedc, 0xaedc, 0xaedc, 0xaedc, 0xaedc, 0xaedc, 
	0xaedc, 0xaedc, 0xaedc, 0xaedc, 0xaedc, 0xaedc, 0xaedc, 0xaedc, 0xaedc, 0xaedc, 0xaedc, 0xaedc, 0xaedc, 0xaedc, 0xaedc, 0xaedc, 
	0xaedc, 0xaedc, 0xaedc, 0xaedc, 0xaedc, 0xaedc, 0xaedc, 0xaedc, 0xaedc, 0xaedc, 0xaedc, 0xaedc, 0xaedc, 0xaedc, 0xaedc, 0xaedc, 
	0xaedc, 0xaedc, 0xaedc, 0xaedc, 0xaedc, 0xaedc, 0xaedc, 0xaedc, 0xaedc, 0xaedc, 0xaedc, 0xaedc, 0xaedc, 0xaedc, 0xaedc, 0xaedc, 
	0xaedc, 0xaedc, 0xaedc, 0xaedc, 0xaedc, 0xaedc, 0xaedc, 0xaedc, 0xaedc, 0xaedc, 0xaedc, 0xaedc, 0xaedc, 0xaedc, 0xaedc, 0xaedc, 
	0xaedc, 0xaedc, 0xaedc, 0xaedc, 0xaedc, 0xaedc, 0xaedc, 0xaedc, 0xb6dd, 0xaedc, 0xaedc, 0xaedc, 0xb6dd, 0xb6dd, 0xa6bc, 0xaf1c, 
	0xae3c, 0x8cd9, 0x83d8, 0x83b8, 0x83b8, 0x83d7, 0x83d7, 0x83d8, 0x83d8, 0x83d8, 0x83d8, 0x83d8, 0x83d8, 0x83d8, 0x83d8, 0x83d8, 
	0x83d8, 0x83d8, 0x83d8, 0x83d8, 0x83d8, 0x83d8, 0x83d8, 0x83d8, 0x83d8, 0x83d8, 0x83d8, 0x83d7, 0x83d8, 0x83d8, 0x83b8, 0x7b98, 
	0x7337, 0x6b17, 0x6af6, 0x7317, 0x7318, 0x72f7, 0x7b54, 0x8bf1, 0xdd65, 0xee01, 0xf640, 0xfe20, 0xfe20, 0xfe20, 0xf640, 0xf640, 
	0xfe20, 0xf620, 0xf620, 0xfe40, 0xfe00, 0xf5e1, 0xee23, 0xf6c5, 0xfee6, 0xfee5, 0xfee5, 0xfee6, 0xfee6, 0xfee5, 0xff06, 0xff08, 
	0xff0b, 0xff0a, 0xff2a, 0xff2b, 0xff2b, 0xff2b, 0xff2b, 0xff2b, 0xfee8, 0xfea6, 0xf683, 0xf640, 0xfe40, 0xfe20, 0xfe20, 0xfe20, 
	0xfe20, 0xfe20, 0xfe40, 0xfe60, 0xfe80, 0xfec2, 0xfee5, 0xfee6, 0xff2b, 0xff2b, 0xff2b, 0xff2b, 0xff2b, 0xff2b, 0xff2b, 0xff2b, 
	0xff2b, 0xff2a, 0xff0b, 0xff0c, 0xff2c, 0xff4a, 0xff2a, 0xff0b, 0xff2b, 0xf666, 0xede2, 0xf5e0, 0xfe20, 0xfe40, 0xfe20, 0xfe20, 
	0xf620, 0xfe40, 0xfe20, 0xfe20, 0xf620, 0xfe40, 0xf620, 0xf5e1, 0xb509, 0x8b91, 0x72f7, 0x6b36, 0x7316, 0x7317, 0x7316, 0x6b35, 
	0x7357, 0x8398, 0x7bd8, 0x83d7, 0x83f7, 0x83d8, 0x83b7, 0x6496, 0x1e93, 0x0f13, 0x0733, 0x0713, 0x0713, 0x2654, 0x6c76, 0x8399, 
	0x83b7, 0x7bf7, 0x7bf7, 0x8bb8, 0x8bb8, 0x83d8, 0x7bd8, 0x83d7, 0x83d7, 0x83d8, 0x83b7, 0x83d7, 0x83f8, 0x7bd7, 0x8438, 0x9d1b, 
	0xaebc, 0xb6fd, 0xaebc, 0xaedc, 0xb6fd, 0xaebc, 0xaedd, 0xaedd, 0xaedc, 0xaedc, 0xaedc, 0xaedc, 0xaedc, 0xaedc, 0xaedc, 0xaedc, 
	0xaedc, 0xaedc, 0xaedc, 0xaedc, 0xaedc, 0xaedc, 0xaedc, 0xaedc, 0xaedc, 0xaedc, 0xaedc, 0xaedc, 0xaedc, 0xaedc, 0xaedc, 0xaedc, 
	0xaedc, 0xaedc, 0xaedc, 0xaedc, 0xaedc, 0xaedc, 0xaedc, 0xaedc, 0xaedc, 0xaedc, 0xaedc, 0xaedc, 0xaedc, 0xaedc, 0xaedc, 0xaedc, 
	0xaedc, 0xaedc, 0xaedc, 0xaedc, 0xaedc, 0xaedc, 0xaedc, 0xaedc, 0xaedc, 0xaedc, 0xaedc, 0xaedc, 0xaedc, 0xaedc, 0xaedc, 0xaedc, 
	0xaedc, 0xaedc, 0xaedc, 0xaedc, 0xaedc, 0xaedc, 0xaedc, 0xaedc, 0xaedc, 0xaedc, 0xaedc, 0xaedc, 0xaedc, 0xaedc, 0xaedc, 0xaedc, 
	0xaedc, 0xaedc, 0xaedc, 0xaedc, 0xaedc, 0xaedc, 0xaedc, 0xaedc, 0xaedc, 0xaedc, 0xaedc, 0xaedd, 0xaedc, 0xaedd, 0xb6fd, 0xaebc, 
	0x955a, 0x8458, 0x83d8, 0x83b8, 0x83d8, 0x83d7, 0x83d7, 0x83d8, 0x83d8, 0x83d8, 0x83d8, 0x83d8, 0x83d8, 0x83d8, 0x83d8, 0x83d8, 
	0x83d8, 0x83d8, 0x83d8, 0x83d8, 0x83d8, 0x83d8, 0x83d8, 0x83d8, 0x83d8, 0x83d7, 0x83d7, 0x83d8, 0x83d8, 0x83b8, 0x7b77, 0x7357, 
	0x7317, 0x6b16, 0x6b16, 0x6b35, 0x6b16, 0x6af7, 0x7316, 0x7b54, 0x8bd0, 0xc528, 0xf601, 0xfe00, 0xfe00, 0xf620, 0xfe40, 0xfe20, 
	0xfe00, 0xfe20, 0xf620, 0xfe20, 0xfe40, 0xfe20, 0xfe40, 0xfe83, 0xfee5, 0xfee5, 0xfee5, 0xfee5, 0xfee5, 0xff05, 0xff05, 0xff06, 
	0xff09, 0xff2a, 0xff2b, 0xff2b, 0xff2b, 0xff2b, 0xff2b, 0xff2b, 0xff2c, 0xff0a, 0xfee8, 0xfec6, 0xfea4, 0xfe83, 0xfe62, 0xf642, 
	0xf661, 0xfe61, 0xfe62, 0xfe84, 0xfec6, 0xfee8, 0xff0a, 0xff2b, 0xff2b, 0xff2b, 0xff2b, 0xff2b, 0xff2b, 0xff2b, 0xff2b, 0xff2b, 
	0xff2b, 0xff2b, 0xff2b, 0xff0b, 0xff2b, 0xff2a, 0xff2b, 0xfeec, 0xfea7, 0xf661, 0xfe40, 0xfe40, 0xfe22, 0xfe00, 0xfe20, 0xfe20, 
	0xfe20, 0xfe40, 0xf640, 0xf620, 0xfe40, 0xfe40, 0xe585, 0xc489, 0x8b73, 0x72f6, 0x6b17, 0x6b36, 0x6b16, 0x72f7, 0x7317, 0x6b16, 
	0x6b36, 0x7377, 0x8397, 0x83d7, 0x83d8, 0x8398, 0x7417, 0x4576, 0x16d4, 0x0f13, 0x0733, 0x0f13, 0x0f13, 0x1eb4, 0x4d35, 0x83d8, 
	0x8bb8, 0x7bd8, 0x7bf8, 0x83d8, 0x83b8, 0x83d8, 0x83d8, 0x83d7, 0x83d7, 0x83f8, 0x83d8, 0x83b8, 0x83d8, 0x7bb7, 0x7bd7, 0x8c79, 
	0x9dda, 0xb6bd, 0xaefc, 0xaedc, 0xaefd, 0xaebd, 0xaedd, 0xaedc, 0xaedc, 0xaedc, 0xaedc, 0xaedc, 0xaedc, 0xaedc, 0xaedc, 0xaedc, 
	0xaedc, 0xaedc, 0xaedc, 0xaedc, 0xaedc, 0xaedc, 0xaedc, 0xaedc, 0xaedc, 0xaedc, 0xaedc, 0xaedc, 0xaedc, 0xaedc, 0xaedc, 0xaedc, 
	0xaedc, 0xaedc, 0xaedc, 0xaedc, 0xaedc, 0xaedc, 0xaedc, 0xaedc, 0xaedc, 0xaedc, 0xaedc, 0xaedc, 0xaedc, 0xaedc, 0xaedc, 0xaedc, 
	0xaedc, 0xaedc, 0xaedc, 0xaedc, 0xaedc, 0xaedc, 0xaedc, 0xaedc, 0xaedc, 0xaedc, 0xaedc, 0xaedc, 0xaedc, 0xaedc, 0xaedc, 0xaedc, 
	0xaedc, 0xaedc, 0xaedc, 0xaedc, 0xaedc, 0xaedc, 0xaedc, 0xaedc, 0xaedc, 0xaedc, 0xaedc, 0xaedc, 0xaedc, 0xaedc, 0xaedc, 0xaedc, 
	0xaedc, 0xaedc, 0xaedc, 0xaedc, 0xaedc, 0xaedc, 0xaedc, 0xaedc, 0xaedc, 0xaedc, 0xaedd, 0xb6fd, 0xa6db, 0xaedc, 0xb6dd, 0xa5fb, 
	0x8458, 0x7bd7, 0x83b8, 0x83d8, 0x83d7, 0x83f7, 0x83d8, 0x83d8, 0x83d8, 0x83d8, 0x83d8, 0x83d8, 0x83d8, 0x83d8, 0x83d8, 0x83d8, 
	0x83d8, 0x83d8, 0x83d8, 0x83d8, 0x83d8, 0x83d8, 0x83d8, 0x83d8, 0x83d8, 0x83b7, 0x83d7, 0x83d8, 0x83d8, 0x7b77, 0x7336, 0x6b16, 
	0x6af6, 0x6b16, 0x7316, 0x6b35, 0x6b16, 0x7317, 0x72f7, 0x6af7, 0x6b16, 0x8b94, 0xbc8a, 0xe5c1, 0xfe40, 0xfe40, 0xfe20, 0xfe00, 
	0xfe40, 0xfe20, 0xf600, 0xfe01, 0xfe20, 0xfe40, 0xf640, 0xf660, 0xfec4, 0xfee5, 0xfee6, 0xff06, 0xff05, 0xff05, 0xfee5, 0xfee5, 
	0xff07, 0xff09, 0xff0b, 0xff2c, 0xff2b, 0xff2b, 0xff2b, 0xff2b, 0xff2b, 0xff0b, 0xff0b, 0xff0b, 0xff0a, 0xff09, 0xfee8, 0xfee8, 
	0xfee7, 0xfee8, 0xfee9, 0xfeea, 0xff0b, 0xff0b, 0xff0b, 0xff0b, 0xff2b, 0xff2b, 0xff2b, 0xff2b, 0xff2b, 0xff2b, 0xff2b, 0xff2b, 
	0xff2b, 0xff2b, 0xff2b, 0xff0b, 0xff2a, 0xff2b, 0xff0b, 0xfeeb, 0xfe45, 0xfe21, 0xfe20, 0xfe20, 0xfe20, 0xf620, 0xfe40, 0xfe40, 
	0xfe21, 0xfe20, 0xfe20, 0xfe20, 0xfe01, 0xdd85, 0xa44d, 0x7b55, 0x72f7, 0x6af6, 0x6b36, 0x6b36, 0x6af7, 0x72f7, 0x7336, 0x6b16, 
	0x6b16, 0x6b37, 0x7b37, 0x83b8, 0x83b8, 0x8bb8, 0x5cb6, 0x2675, 0x0f14, 0x0733, 0x0733, 0x0f13, 0x0f13, 0x0733, 0x2e35, 0x6c56, 
	0x8bb8, 0x83d8, 0x7bd8, 0x83d8, 0x83d8, 0x83d8, 0x83d8, 0x83d8, 0x7bd7, 0x83d8, 0x83d8, 0x83b8, 0x83d8, 0x83d7, 0x7bd7, 0x83f7, 
	0x8cd9, 0xae3c, 0xaefd, 0xaedc, 0xaedc, 0xb6dd, 0xaedd, 0xaefc, 0xaedc, 0xaedc, 0xaedc, 0xaedc, 0xaedc, 0xaedc, 0xaedc, 0xaedc, 
	0xaedc, 0xaedc, 0xaedc, 0xaedc, 0xaedc, 0xaedc, 0xaedc, 0xaedc, 0xaedc, 0xaedc, 0xaedc, 0xaedc, 0xaedc, 0xaedc, 0xaedc, 0xaedc, 
	0xaedc, 0xaedc, 0xaedc, 0xaedc, 0xaedc, 0xaedc, 0xaedc, 0xaedc, 0xaedc, 0xaedc, 0xaedc, 0xaedc, 0xaedc, 0xaedc, 0xaedc, 0xaedc, 
	0xaedc, 0xaedc, 0xaedc, 0xaedc, 0xaedc, 0xaedc, 0xaedc, 0xaedc, 0xaedc, 0xaedc, 0xaedc, 0xaedc, 0xaedc, 0xaedc, 0xaedc, 0xaedc, 
	0xaedc, 0xaedc, 0xaedc, 0xaedc, 0xaedc, 0xaedc, 0xaedc, 0xaedc, 0xaedc, 0xaedc, 0xaedc, 0xaedc, 0xaedc, 0xaedc, 0xaedc, 0xaedc, 
	0xaedc, 0xaedc, 0xaedc, 0xaedc, 0xaedc, 0xaedc, 0xaedc, 0xaedc, 0xaefc, 0xb6dd, 0xb6dd, 0xaedc, 0xaedb, 0xaefc, 0xae5c, 0x94fa, 
	0x83f8, 0x83b7, 0x83b8, 0x83d8, 0x83d7, 0x83d7, 0x83d8, 0x83d8, 0x83d8, 0x83d8, 0x83d8, 0x83d8, 0x83d8, 0x83d8, 0x83d8, 0x83d8, 
	0x83d8, 0x83d8, 0x83d8, 0x83d8, 0x83d8, 0x83d8, 0x83d8, 0x83d8, 0x83d7, 0x83d7, 0x83d8, 0x83d8, 0x7b98, 0x7357, 0x6b16, 0x6af6, 
	0x6af6, 0x6b17, 0x6b17, 0x6b17, 0x6b17, 0x7337, 0x7317, 0x6b16, 0x72f7, 0x7317, 0x7b74, 0x9c2e, 0xcd47, 0xee02, 0xfe20, 0xfe20, 
	0xf620, 0xfe20, 0xf620, 0xfe40, 0xfe60, 0xfe40, 0xfe20, 0xf620, 0xfe82, 0xfea5, 0xfee6, 0xff06, 0xfee6, 0xfee6, 0xfee6, 0xfee5, 
	0xff06, 0xff08, 0xff0a, 0xff0c, 0xff0b, 0xff2b, 0xff2b, 0xff2b, 0xff2a, 0xff2a, 0xff2b, 0xff2b, 0xff2b, 0xff2b, 0xff2b, 0xff2b, 
	0xff2b, 0xff0b, 0xff2c, 0xff2c, 0xff2c, 0xff2b, 0xff2a, 0xff2a, 0xff2b, 0xff2b, 0xff2b, 0xff2b, 0xff2b, 0xff2b, 0xff2b, 0xff2b, 
	0xff0a, 0xff0b, 0xff2b, 0xff0a, 0xff2a, 0xff2b, 0xff0a, 0xfec8, 0xfe60, 0xfe40, 0xfe20, 0xfe20, 0xfe20, 0xfe40, 0xfe20, 0xf620, 
	0xfe20, 0xfe20, 0xfe20, 0xedc2, 0xc4c9, 0x93b1, 0x7336, 0x6336, 0x6b35, 0x6b35, 0x6b36, 0x6b17, 0x6af7, 0x7316, 0x7336, 0x6b16, 
	0x72f7, 0x6af6, 0x7316, 0x7377, 0x8398, 0x7bf8, 0x4575, 0x16f3, 0x0734, 0x0733, 0x0f33, 0x0f13, 0x0f13, 0x0753, 0x16d4, 0x4d35, 
	0x83d8, 0x83b8, 0x83d8, 0x83d8, 0x83d7, 0x83d7, 0x83d8, 0x83d8, 0x83d7, 0x83d7, 0x83d7, 0x83b8, 0x83d8, 0x83d8, 0x83d8, 0x83d7, 
	0x8418, 0x9d7a, 0xaebc, 0xaedc, 0xaebc, 0xb6dd, 0xaedd, 0xaefc, 0xaedc, 0xaedc, 0xaedc, 0xaedc, 0xaedc, 0xaedc, 0xaedc, 0xaedc, 
	0xaedc, 0xaedc, 0xaedc, 0xaedc, 0xaedc, 0xaedc, 0xaedc, 0xaedc, 0xaedc, 0xaedc, 0xaedc, 0xaedc, 0xaedc, 0xaedc, 0xaedc, 0xaedc, 
	0xaedc, 0xaedc, 0xaedc, 0xaedc, 0xaedc, 0xaedc, 0xaedc, 0xaedc, 0xaedc, 0xaedc, 0xaedc, 0xaedc, 0xaedc, 0xaedc, 0xaedc, 0xaedc, 
	0xaedc, 0xaedc, 0xaedc, 0xaedc, 0xaedc, 0xaedc, 0xaedc, 0xaedc, 0xaedc, 0xaedc, 0xaedc, 0xaedc, 0xaedc, 0xaedc, 0xaedc, 0xaedc, 
	0xaedc, 0xaedc, 0xaedc, 0xaedc, 0xaedc, 0xaedc, 0xaedc, 0xaedc, 0xaedc, 0xaedc, 0xaedc, 0xaedc, 0xaedc, 0xaedc, 0xaedc, 0xaedc, 
	0xaedc, 0xaedc, 0xaedc, 0xaedc, 0xaedc, 0xaedc, 0xaedc, 0xaedc, 0xaedc, 0xaedd, 0xb6dd, 0xaedc, 0xaefc, 0xaedc, 0x9d7b, 0x8c39, 
	0x83d8, 0x83b8, 0x83d8, 0x83d8, 0x7bd7, 0x83d7, 0x83d7, 0x83d8, 0x83d8, 0x83d8, 0x83d8, 0x83d8, 0x83d8, 0x83d8, 0x83d8, 0x83d8, 
	0x83d8, 0x83d8, 0x83d8, 0x83d8, 0x83d8, 0x83d8, 0x83d8, 0x83d8, 0x83d7, 0x83d8, 0x83d8, 0x7b77, 0x7336, 0x7316, 0x6b16, 0x6b17, 
	0x7316, 0x6b17, 0x6b17, 0x6af8, 0x6b17, 0x6b16, 0x6b15, 0x6b16, 0x6b16, 0x6b16, 0x6af6, 0x7316, 0x8393, 0xac8c, 0xd565, 0xee03, 
	0xfe00, 0xfe40, 0xfe40, 0xfe20, 0xf620, 0xfe01, 0xfe00, 0xfe20, 0xf640, 0xfe83, 0xfec5, 0xff06, 0xff05, 0xfee6, 0xfee6, 0xfee5, 
	0xff05, 0xff07, 0xff09, 0xff0b, 0xff2b, 0xff2b, 0xff2b, 0xff2b, 0xff0c, 0xff2b, 0xff2b, 0xff0b, 0xff0b, 0xff2a, 0xff2a, 0xff2a, 
	0xff2b, 0xff2b, 0xff2b, 0xff2a, 0xff2b, 0xff2b, 0xff2b, 0xff2b, 0xff2b, 0xff2b, 0xff2b, 0xff2b, 0xff2b, 0xff2b, 0xff2b, 0xff2b, 
	0xff2b, 0xff2b, 0xff2a, 0xff2a, 0xff2b, 0xff0b, 0xfec7, 0xf682, 0xf620, 0xf620, 0xfe20, 0xfe20, 0xfe00, 0xfe20, 0xfe20, 0xfe20, 
	0xfe20, 0xede1, 0xcd26, 0x9c2e, 0x7b54, 0x6b16, 0x6b16, 0x7317, 0x7317, 0x6b17, 0x6af7, 0x7317, 0x7316, 0x7316, 0x6b17, 0x6af7, 
	0x72f7, 0x7316, 0x6b16, 0x6b37, 0x7b57, 0x6476, 0x2654, 0x0f13, 0x0714, 0x0733, 0x0f13, 0x0f13, 0x0713, 0x0733, 0x0f14, 0x2e14, 
	0x7457, 0x83d7, 0x83b7, 0x83d8, 0x83d8, 0x83d7, 0x83d8, 0x83d8, 0x83d8, 0x83b7, 0x83d7, 0x83d8, 0x83b8, 0x83d8, 0x83d8, 0x83b8, 
	0x83b8, 0x8c99, 0xa61b, 0xaedd, 0xaedd, 0xb6bd, 0xaedd, 0xaefc, 0xaedc, 0xaedc, 0xaedc, 0xaedc, 0xaedc, 0xaedc, 0xaedc, 0xaedc, 
	0xaedc, 0xaedc, 0xaedc, 0xaedc, 0xaedc, 0xaedc, 0xaedc, 0xaedc, 0xaedc, 0xaedc, 0xaedc, 0xaedc, 0xaedc, 0xaedc, 0xaedc, 0xaedc, 
	0xaedc, 0xaedc, 0xaedc, 0xaedc, 0xaedc, 0xaedc, 0xaedc, 0xaedc, 0xaedc, 0xaedc, 0xaedc, 0xaedc, 0xaedc, 0xaedc, 0xaedc, 0xaedc, 
	0xaedc, 0xaedc, 0xaedc, 0xaedc, 0xaedc, 0xaedc, 0xaedc, 0xaedc, 0xaedc, 0xaedc, 0xaedc, 0xaedc, 0xaedc, 0xaedc, 0xaedc, 0xaedc, 
	0xaedc, 0xaedc, 0xaedc, 0xaedc, 0xaedc, 0xaedc, 0xaedc, 0xaedc, 0xaedc, 0xaedc, 0xaedc, 0xaedc, 0xaedc, 0xaedc, 0xaedc, 0xaedc, 
	0xaedc, 0xaedc, 0xaedc, 0xaedc, 0xaedc, 0xaedc, 0xaedc, 0xaedc, 0xaedc, 0xaedc, 0xb6dd, 0xaedc, 0xb6dd, 0xae5c, 0x8cb9, 0x83d8, 
	0x83b8, 0x83b8, 0x83d8, 0x83d8, 0x83d7, 0x83f8, 0x83d7, 0x83d8, 0x83d8, 0x83d8, 0x83d8, 0x83d8, 0x83d8, 0x83d8, 0x83d8, 0x83d8, 
	0x83d8, 0x83d8, 0x83d8, 0x83d8, 0x83d8, 0x83d8, 0x83d8, 0x83d8, 0x83d7, 0x83d8, 0x8398, 0x7357, 0x6b16, 0x6af6, 0x6b16, 0x7316, 
	0x6b16, 0x6b16, 0x6b16, 0x7317, 0x6b17, 0x6b16, 0x6b16, 0x6b17, 0x6b36, 0x6b16, 0x72f8, 0x7318, 0x6b35, 0x7315, 0x8bb2, 0xb4aa, 
	0xd585, 0xe5e2, 0xfe20, 0xfe20, 0xfe20, 0xfe20, 0xfe20, 0xfe40, 0xf640, 0xfe61, 0xfec4, 0xfee5, 0xff05, 0xff05, 0xfee5, 0xfee5, 
	0xfee5, 0xff06, 0xff08, 0xff09, 0xff0a, 0xff2b, 0xff2b, 0xff2b, 0xff0b, 0xff0b, 0xff0b, 0xff2b, 0xff2b, 0xff2b, 0xff2c, 0xff2c, 
	0xff2b, 0xff2b, 0xff2b, 0xff2a, 0xff0a, 0xff0b, 0xff0b, 0xfeec, 0xff2b, 0xff2b, 0xff2b, 0xff2b, 0xff2b, 0xff2b, 0xff2b, 0xff2b, 
	0xff2b, 0xff2b, 0xff2a, 0xff2b, 0xff2c, 0xfeea, 0xfea5, 0xf660, 0xfe20, 0xfe20, 0xfe40, 0xfe40, 0xfe20, 0xfe20, 0xf601, 0xeda4, 
	0xcd27, 0xac4d, 0x8373, 0x6b16, 0x6b16, 0x7317, 0x7317, 0x72f6, 0x72f7, 0x6af7, 0x72f7, 0x7316, 0x7316, 0x6b17, 0x6af7, 0x6b16, 
	0x6b16, 0x6b16, 0x6b37, 0x6b16, 0x6b55, 0x4514, 0x0ed3, 0x0733, 0x0f13, 0x0733, 0x0f13, 0x0f14, 0x0713, 0x0f12, 0x0f13, 0x0ed4, 
	0x4d16, 0x7c37, 0x8bb7, 0x83d8, 0x83d8, 0x83d7, 0x7bd7, 0x83d8, 0x83d8, 0x83b7, 0x83d8, 0x83d8, 0x83d8, 0x83d7, 0x83d8, 0x83d8, 
	0x83b8, 0x8417, 0x953a, 0xae7d, 0xb6dd, 0xaedd, 0xaedd, 0xaedc, 0xaedc, 0xaedc, 0xaedc, 0xaedc, 0xaedc, 0xaedc, 0xaedc, 0xaedc, 
	0xaedc, 0xaedc, 0xaedc, 0xaedc, 0xaedc, 0xaedc, 0xaedc, 0xaedc, 0xaedc, 0xaedc, 0xaedc, 0xaedc, 0xaedc, 0xaedc, 0xaedc, 0xaedc, 
	0xaedc, 0xaedc, 0xaedc, 0xaedc, 0xaedc, 0xaedc, 0xaedc, 0xaedc, 0xaedc, 0xaedc, 0xaedc, 0xaedc, 0xaedc, 0xaedc, 0xaedc, 0xaedc, 
	0xaedc, 0xaedc, 0xaedc, 0xaedc, 0xaedc, 0xaedc, 0xaedc, 0xaedc, 0xaedc, 0xaedc, 0xaedc, 0xaedc, 0xaedc, 0xaedc, 0xaedc, 0xaedc, 
	0xaedc, 0xaedc, 0xaedc, 0xaedc, 0xaedc, 0xaedc, 0xaedc, 0xaedc, 0xaedc, 0xaedc, 0xaedc, 0xaedc, 0xaedc, 0xaedc, 0xaedc, 0xaedc, 
	0xaedc, 0xaedc, 0xaedc, 0xaedc, 0xaedc, 0xaedc, 0xaedc, 0xaedc, 0xaebd, 0xaedc, 0xaedc, 0xaedc, 0xae7c, 0x9d5a, 0x8418, 0x83d8, 
	0x83d8, 0x83d7, 0x83d8, 0x83d8, 0x83d8, 0x83f8, 0x83d7, 0x83d8, 0x83d8, 0x83d8, 0x83d8, 0x83d8, 0x83d8, 0x83d8, 0x83d8, 0x83d8, 
	0x83d8, 0x83d8, 0x83d8, 0x83d8, 0x83d8, 0x83d8, 0x83d8, 0x83d8, 0x83d7, 0x7b97, 0x7b57, 0x7317, 0x6af6, 0x6af6, 0x6b16, 0x7316, 
	0x6b17, 0x6b16, 0x6b15, 0x7316, 0x7317, 0x6b16, 0x6b16, 0x7318, 0x6b16, 0x7318, 0x7318, 0x6b15, 0x7316, 0x7317, 0x7316, 0x7315, 
	0x8bb2, 0xa44d, 0xc508, 0xe584, 0xee01, 0xf620, 0xee40, 0xf640, 0xf620, 0xf641, 0xfe63, 0xfec5, 0xfee5, 0xfee5, 0xfee5, 0xfee5, 
	0xfee6, 0xfee5, 0xff06, 0xff07, 0xff0a, 0xff0b, 0xff2b, 0xff0b, 0xff2b, 0xff2b, 0xff2b, 0xff2b, 0xff2b, 0xff0c, 0xff0c, 0xff0c, 
	0xff0b, 0xff0b, 0xff2b, 0xff2b, 0xff2b, 0xff2b, 0xff2b, 0xff2b, 0xff2b, 0xff2b, 0xff2b, 0xff2b, 0xff2b, 0xff2b, 0xff2b, 0xff2b, 
	0xff2b, 0xff2b, 0xff2b, 0xff2c, 0xff0b, 0xfea7, 0xf663, 0xfe20, 0xfe21, 0xf620, 0xee40, 0xee41, 0xe5e2, 0xd584, 0xb4aa, 0x9bf0, 
	0x7b54, 0x7316, 0x6b17, 0x7337, 0x7316, 0x72d6, 0x6af7, 0x6b36, 0x7316, 0x7335, 0x7316, 0x6b16, 0x6b16, 0x6af7, 0x6b17, 0x7336, 
	0x6b16, 0x6b16, 0x6b37, 0x7317, 0x5415, 0x1e13, 0x0733, 0x0733, 0x0f13, 0x0733, 0x0733, 0x0f14, 0x0734, 0x0713, 0x0ef3, 0x0734, 
	0x2e15, 0x64b6, 0x83d7, 0x83d8, 0x83b8, 0x83d8, 0x7bd7, 0x83d8, 0x83b8, 0x83d8, 0x83d8, 0x83d8, 0x83d8, 0x83d8, 0x83d8, 0x83d8, 
	0x83d8, 0x83d7, 0x8c58, 0xa5db, 0xb6bd, 0xaedc, 0xaefc, 0xaebd, 0xaedc, 0xaedc, 0xaedc, 0xaedc, 0xaedc, 0xaedc, 0xaedc, 0xaedc, 
	0xaedc, 0xaedc, 0xaedc, 0xaedc, 0xaedc, 0xaedc, 0xaedc, 0xaedc, 0xaedc, 0xaedc, 0xaedc, 0xaedc, 0xaedc, 0xaedc, 0xaedc, 0xaedc, 
	0xaedc, 0xaedc, 0xaedc, 0xaedc, 0xaedc, 0xaedc, 0xaedc, 0xaedc, 0xaedc, 0xaedc, 0xaedc, 0xaedc, 0xaedc, 0xaedc, 0xaedc, 0xaedc, 
	0xaedc, 0xaedc, 0xaedc, 0xaedc, 0xaedc, 0xaedc, 0xaedc, 0xaedc, 0xaedc, 0xaedc, 0xaedc, 0xaedc, 0xaedc, 0xaedc, 0xaedc, 0xaedc, 
	0xaedc, 0xaedc, 0xaedc, 0xaedc, 0xaedc, 0xaedc, 0xaedc, 0xaedc, 0xaedc, 0xaedc, 0xaedc, 0xaedc, 0xaedc, 0xaedc, 0xaedc, 0xaedc, 
	0xaedc, 0xaedc, 0xaedc, 0xaedc, 0xaedc, 0xaedc, 0xaedc, 0xaedc, 0xaedd, 0xaefc, 0xaedc, 0xb6dd, 0xae1c, 0x8c98, 0x83f7, 0x83d8, 
	0x83d8, 0x83d8, 0x83d8, 0x7bd7, 0x83d8, 0x83d8, 0x83b7, 0x83f7, 0x83d8, 0x83d8, 0x83d8, 0x83d8, 0x83d8, 0x83d8, 0x83d8, 0x83d8, 
	0x83d8, 0x83d8, 0x83d8, 0x83d8, 0x83d8, 0x83d8, 0x83d8, 0x83d8, 0x83b8, 0x7b77, 0x7316, 0x6b16, 0x6b17, 0x6b17, 0x7316, 0x7316, 
	0x6b18, 0x6b16, 0x6b16, 0x6b17, 0x6af7, 0x7316, 0x7316, 0x6b16, 0x7316, 0x6b16, 0x6af6, 0x6af7, 0x7318, 0x6b16, 0x6b16, 0x7318, 
	0x6af6, 0x7316, 0x7b55, 0x8bb2, 0x9c2e, 0xb4aa, 0xd527, 0xed84, 0xf5c2, 0xedc1, 0xee02, 0xf665, 0xfec6, 0xfee5, 0xfee5, 0xfee7, 
	0xfec6, 0xfee5, 0xff05, 0xff06, 0xff09, 0xff0b, 0xff0b, 0xff2b, 0xff2b, 0xff0b, 0xff0b, 0xff0b, 0xff2b, 0xff2a, 0xff2a, 0xff2a, 
	0xff2a, 0xff2b, 0xff2b, 0xff2b, 0xff2b, 0xff2b, 0xff2b, 0xff2a, 0xff2b, 0xff2b, 0xff2b, 0xff2b, 0xff2b, 0xff2b, 0xff2b, 0xff2b, 
	0xff2b, 0xff2b, 0xff2b, 0xff0c, 0xf6a8, 0xee44, 0xede1, 0xf5c1, 0xedc3, 0xdd64, 0xcd08, 0xbc6c, 0xa3f0, 0x8b73, 0x7b55, 0x6335, 
	0x6b16, 0x7317, 0x72f7, 0x6b16, 0x6b16, 0x6b36, 0x6b17, 0x6b16, 0x6b17, 0x7336, 0x6b17, 0x6b17, 0x6b36, 0x7336, 0x7317, 0x72f6, 
	0x7af6, 0x6b16, 0x6b17, 0x7357, 0x3cd5, 0x0ed3, 0x0753, 0x0714, 0x0733, 0x0f13, 0x0733, 0x0f14, 0x0f14, 0x0733, 0x0713, 0x0734, 
	0x16b5, 0x5d16, 0x7bf7, 0x7bd8, 0x83d8, 0x83d8, 0x7bd7, 0x83b8, 0x83b8, 0x83d8, 0x83d8, 0x83b7, 0x83d7, 0x83d7, 0x83d7, 0x83d7, 
	0x83d7, 0x83d8, 0x7bd7, 0x9519, 0xae9c, 0xaedc, 0xaefc, 0xb6dd, 0xaedc, 0xaedc, 0xaedc, 0xaedc, 0xaedc, 0xaedc, 0xaedc, 0xaedc, 
	0xaedc, 0xaedc, 0xaedc, 0xaedc, 0xaedc, 0xaedc, 0xaedc, 0xaedc, 0xaedc, 0xaedc, 0xaedc, 0xaedc, 0xaedc, 0xaedc, 0xaedc, 0xaedc, 
	0xaedc, 0xaedc, 0xaedc, 0xaedc, 0xaedc, 0xaedc, 0xaedc, 0xaedc, 0xaedc, 0xaedc, 0xaedc, 0xaedc, 0xaedc, 0xaedc, 0xaedc, 0xaedc, 
	0xaedc, 0xaedc, 0xaedc, 0xaedc, 0xaedc, 0xaedc, 0xaedc, 0xaedc, 0xaedc, 0xaedc, 0xaedc, 0xaedc, 0xaedc, 0xaedc, 0xaedc, 0xaedc, 
	0xaedc, 0xaedc, 0xaedc, 0xaedc, 0xaedc, 0xaedc, 0xaedc, 0xaedc, 0xaedc, 0xaedc, 0xaedc, 0xaedc, 0xaedc, 0xaedc, 0xaedc, 0xaedc, 
	0xaedc, 0xaedc, 0xaedc, 0xaedc, 0xaedc, 0xaedc, 0xaedc, 0xaedc, 0xaedd, 0xaebd, 0xaedc, 0xaebc, 0x9d5a, 0x83d8, 0x83b8, 0x83d7, 
	0x8bf8, 0x7bb7, 0x83d8, 0x83d8, 0x83d7, 0x83d8, 0x7bb8, 0x83d8, 0x83f7, 0x83b9, 0x83b9, 0x83f8, 0x83d7, 0x83d9, 0x7bb8, 0x83d6, 
	0x83d8, 0x83d7, 0x83d8, 0x83d8, 0x83d8, 0x83d8, 0x83d7, 0x83d8, 0x7b58, 0x7337, 0x6b16, 0x6b16, 0x6b16, 0x6b16, 0x6b16, 0x6b16, 
	0x6b16, 0x6b16, 0x6b16, 0x6b16, 0x6b16, 0x6b16, 0x6b16, 0x6b16, 0x6b16, 0x6b16, 0x6b16, 0x6b16, 0x6b16, 0x6b16, 0x6b16, 0x6b16, 
	0x6b17, 0x6b17, 0x6b17, 0x7316, 0x7316, 0x7355, 0x7b74, 0x7b74, 0x8bf1, 0x9c2f, 0xa44d, 0xac8d, 0xcd8b, 0xf6c7, 0xff05, 0xfec6, 
	0xff05, 0xfee6, 0xfee5, 0xff04, 0xff07, 0xff29, 0xff2a, 0xff0c, 0xff2a, 0xff2b, 0xff2b, 0xff2b, 0xff2b, 0xff2b, 0xff2b, 0xff2a, 
	0xff2b, 0xff2b, 0xff2b, 0xff2b, 0xff2b, 0xff2b, 0xff2b, 0xff2b, 0xff2b, 0xff0c, 0xff0c, 0xff2b, 0xff2a, 0xff2b, 0xff0b, 0xff0b, 
	0xff2b, 0xff0b, 0xff2a, 0xee6c, 0xb4ee, 0x9c6e, 0xa46e, 0x9bef, 0x83b2, 0x7b93, 0x7b74, 0x7335, 0x7316, 0x6b16, 0x6b16, 0x6b16, 
	0x6af6, 0x7317, 0x7317, 0x6b16, 0x6356, 0x6b17, 0x72f7, 0x6b16, 0x6336, 0x72f6, 0x72f6, 0x6b17, 0x6b17, 0x6af7, 0x6b37, 0x5b96, 
	0x5bd6, 0x5bd5, 0x4c35, 0x3535, 0x1e54, 0x0714, 0x0733, 0x0712, 0x0713, 0x0713, 0x0713, 0x0713, 0x0713, 0x0713, 0x0713, 0x0713, 
	0x0734, 0x2674, 0x4d55, 0x64b6, 0x7457, 0x7437, 0x7c17, 0x83d7, 0x83d7, 0x83b8, 0x83b8, 0x83d8, 0x83f8, 0x83d9, 0x83b8, 0x83d7, 
	0x83b8, 0x83d7, 0x83f7, 0x8438, 0xadbc, 0xb6dd, 0xaedc, 0xaedd, 0xaedc, 0xaedc, 0xaedc, 0xaedc, 0xaedc, 0xaedc, 0xaedc, 0xaedc, 
	0xaedc, 0xaedc, 0xaedc, 0xaedc, 0xaedc, 0xaedc, 0xaedc, 0xaedc, 0xaedc, 0xaedc, 0xaedc, 0xaedc, 0xaedc, 0xaedc, 0xaedc, 0xaedc, 
	0xaedc, 0xaedc, 0xaedc, 0xaedc, 0xaedc, 0xaedc, 0xaedc, 0xaedc, 0xaedc, 0xaedc, 0xaedc, 0xaedc, 0xaedc, 0xaedc, 0xaedc, 0xaedc, 
	0xaedc, 0xaedc, 0xaedc, 0xaedc, 0xaedc, 0xaedc, 0xaedc, 0xaedc, 0xaedc, 0xaedc, 0xaedc, 0xaedc, 0xaedc, 0xaedc, 0xaedc, 0xaedc, 
	0xaedc, 0xaedc, 0xaedc, 0xaedc, 0xaedc, 0xaedc, 0xaedc, 0xaedc, 0xaedc, 0xaedc, 0xaedc, 0xaedc, 0xaedc, 0xaedc, 0xaedc, 0xaedc, 
	0xaedc, 0xaedc, 0xaedc, 0xaedc, 0xaedc, 0xaedc, 0xaedc, 0xaedc, 0xaedd, 0xaedc, 0xaedd, 0xa61b, 0x8cb8, 0x83d8, 0x83b8, 0x83d7, 
	0x83b7, 0x83d8, 0x83f8, 0x83d8, 0x83d8, 0x83d8, 0x83d7, 0x83d8, 0x83d7, 0x9458, 0x9cb9, 0x8c17, 0x7bb7, 0x83d8, 0x83d8, 0x83d7, 
	0x83d8, 0x83d8, 0x83d8, 0x83d7, 0x83d8, 0x83d8, 0x83b8, 0x7b97, 0x7337, 0x7316, 0x6af6, 0x6b16, 0x7316, 0x6b16, 0x6b16, 0x7316, 
	0x6b16, 0x6b16, 0x6b16, 0x6b16, 0x6b16, 0x6b16, 0x6b16, 0x6b16, 0x6b16, 0x6b16, 0x6b16, 0x6b16, 0x6b16, 0x6b16, 0x6b16, 0x6b16, 
	0x6b36, 0x6b16, 0x6b16, 0x6b16, 0x6b16, 0x7316, 0x7316, 0x7315, 0x72f8, 0x7316, 0x7b36, 0x7b16, 0x93d4, 0xc5ac, 0xf706, 0xfee5, 
	0xfee6, 0xff06, 0xff07, 0xfec6, 0xfee5, 0xff08, 0xff2a, 0xff49, 0xff2b, 0xff2b, 0xff2b, 0xff2b, 0xff2b, 0xff2b, 0xff2b, 0xff2b, 
	0xff2b, 0xff2b, 0xff2b, 0xff2b, 0xff2b, 0xff2b, 0xff2b, 0xff2b, 0xff0b, 0xff2a, 0xff2a, 0xff2b, 0xff2c, 0xff0b, 0xff0b, 0xff2a, 
	0xff0b, 0xff6b, 0xe66e, 0xacb2, 0x8374, 0x7316, 0x72f7, 0x7af7, 0x7316, 0x7316, 0x72f7, 0x6af7, 0x6af7, 0x6b17, 0x7316, 0x6b36, 
	0x6b16, 0x7337, 0x7316, 0x6b16, 0x6b16, 0x72d7, 0x72f6, 0x6375, 0x6b56, 0x6396, 0x5bf5, 0x4c74, 0x44b4, 0x44d4, 0x4513, 0x3d53, 
	0x25f3, 0x1e13, 0x1673, 0x16d3, 0x0f13, 0x0f33, 0x0f33, 0x0f33, 0x0713, 0x0713, 0x0713, 0x0713, 0x0713, 0x0713, 0x0713, 0x0713, 
	0x0733, 0x0ef3, 0x16b4, 0x1695, 0x1e75, 0x2e35, 0x35d5, 0x4595, 0x4d56, 0x5cf7, 0x6497, 0x6c57, 0x7c17, 0x7bf7, 0x83d8, 0x8bb8, 
	0x83b8, 0x83d7, 0x7bd7, 0x83f8, 0x94fa, 0xae7c, 0xaefc, 0xaedd, 0xaedc, 0xaedc, 0xaedc, 0xaedc, 0xaedc, 0xaedc, 0xaedc, 0xaedc, 
	0xaedc, 0xaedc, 0xaedc, 0xaedc, 0xaedc, 0xaedc, 0xaedc, 0xaedc, 0xaedc, 0xaedc, 0xaedc, 0xaedc, 0xaedc, 0xaedc, 0xaedc, 0xaedc, 
	0xaedc, 0xaedc, 0xaedc, 0xaedc, 0xaedc, 0xaedc, 0xaedc, 0xaedc, 0xaedc, 0xaedc, 0xaedc, 0xaedc, 0xaedc, 0xaedc, 0xaedc, 0xaedc, 
	0xaedc, 0xaedc, 0xaedc, 0xaedc, 0xaedc, 0xaedc, 0xaedc, 0xaedc, 0xaedc, 0xaedc, 0xaedc, 0xaedc, 0xaedc, 0xaedc, 0xaedc, 0xaedc, 
	0xaedc, 0xaedc, 0xaedc, 0xaedc, 0xaedc, 0xaedc, 0xaedc, 0xaedc, 0xaedc, 0xaedc, 0xaedc, 0xaedc, 0xaedc, 0xaedc, 0xaedc, 0xaedc, 
	0xaedc, 0xaedc, 0xaedc, 0xaedc, 0xaedc, 0xaedc, 0xaedc, 0xaedc, 0xaedc, 0xaedc, 0xaebc, 0x953a, 0x83f7, 0x83d8, 0x83d8, 0x83d8, 
	0x83d8, 0x83d8, 0x83d7, 0x83d8, 0x83d7, 0x83b7, 0x83d7, 0x83d7, 0x9458, 0xc61c, 0xdedd, 0xad5a, 0x83d8, 0x83d8, 0x83f8, 0x83d8, 
	0x83d8, 0x83d8, 0x83d8, 0x83b7, 0x83d8, 0x83d8, 0x7b97, 0x7356, 0x6b16, 0x6b16, 0x6af6, 0x6b16, 0x7316, 0x6b16, 0x6b16, 0x7316, 
	0x6b16, 0x6b16, 0x6b16, 0x6b16, 0x6b16, 0x6b16, 0x6b16, 0x6b16, 0x6b16, 0x6b16, 0x6b16, 0x6b16, 0x6b16, 0x6b16, 0x6b16, 0x6b16, 
	0x6b16, 0x6b16, 0x6b16, 0x6b16, 0x6b17, 0x7317, 0x6af7, 0x6af7, 0x7316, 0x6b16, 0x6b16, 0x6317, 0x6b16, 0x93f2, 0xcdcb, 0xf705, 
	0xfee5, 0xff06, 0xfee6, 0xfee6, 0xfee6, 0xfee6, 0xff07, 0xff4a, 0xff2b, 0xff2b, 0xff0b, 0xff2b, 0xff2b, 0xff2b, 0xff2b, 0xff0b, 
	0xff2b, 0xff2b, 0xff2b, 0xff2b, 0xff2b, 0xff2b, 0xff2b, 0xff2b, 0xff0a, 0xff2a, 0xff2a, 0xff0b, 0xff2b, 0xff2b, 0xff0b, 0xff2b, 
	0xff2a, 0xeeac, 0xacf2, 0x7356, 0x6b15, 0x6b16, 0x6af7, 0x7316, 0x6af6, 0x6af6, 0x6af7, 0x6af7, 0x6b17, 0x6b17, 0x6b16, 0x6b16, 
	0x6b16, 0x7316, 0x7316, 0x6b16, 0x7317, 0x72f7, 0x6395, 0x44b4, 0x2d54, 0x2594, 0x1df3, 0x1e32, 0x1652, 0x1672, 0x0eb2, 0x0eb1, 
	0x1691, 0x0eb1, 0x0f12, 0x0733, 0x0713, 0x0f13, 0x0713, 0x0714, 0x0713, 0x0713, 0x0713, 0x0713, 0x0713, 0x0713, 0x0713, 0x0713, 
	0x0f13, 0x0733, 0x0733, 0x0f13, 0x0f13, 0x16f3, 0x0ef3, 0x06f3, 0x06f3, 0x1e94, 0x2675, 0x2635, 0x2e15, 0x3db5, 0x54f6, 0x7bf7, 
	0x83d8, 0x83d8, 0x7bd7, 0x83d8, 0x8437, 0xa5db, 0xb6fd, 0xaedc, 0xaedc, 0xaedc, 0xaedc, 0xaedc, 0xaedc, 0xaedc, 0xaedc, 0xaedc, 
	0xaedc, 0xaedc, 0xaedc, 0xaedc, 0xaedc, 0xaedc, 0xaedc, 0xaedc, 0xaedc, 0xaedc, 0xaedc, 0xaedc, 0xaedc, 0xaedc, 0xaedc, 0xaedc, 
	0xaedc, 0xaedc, 0xaedc, 0xaedc, 0xaedc, 0xaedc, 0xaedc, 0xaedc, 0xaedc, 0xaedc, 0xaedc, 0xaedc, 0xaedc, 0xaedc, 0xaedc, 0xaedc, 
	0xaedc, 0xaedc, 0xaedc, 0xaedc, 0xaedc, 0xaedc, 0xaedc, 0xaedc, 0xaedc, 0xaedc, 0xaedc, 0xaedc, 0xaedc, 0xaedc, 0xaedc, 0xaedc, 
	0xaedc, 0xaedc, 0xaedc, 0xaedc, 0xaedc, 0xaedc, 0xaedc, 0xaedc, 0xaedc, 0xaedc, 0xaedc, 0xaedc, 0xaedc, 0xaedc, 0xaedc, 0xaedc, 
	0xaedc, 0xaedc, 0xaedc, 0xaedc, 0xaedc, 0xaedc, 0xaedc, 0xaedc, 0xaedc, 0xaefc, 0xa63b, 0x8c99, 0x83b8, 0x83d8, 0x83f7, 0x83d8, 
	0x83f8, 0x7bb7, 0x83d7, 0x83d8, 0x83b7, 0x83d7, 0x83f8, 0x83b7, 0xad1a, 0xf77f, 0xffff, 0xd69e, 0x8c38, 0x83b8, 0x83b7, 0x83d8, 
	0x83d8, 0x83d8, 0x83d8, 0x83d8, 0x83d8, 0x83b8, 0x7b77, 0x7316, 0x6b16, 0x6b16, 0x6b16, 0x7316, 0x7316, 0x6b16, 0x6b16, 0x6b16, 
	0x6b16, 0x6b16, 0x6b16, 0x6b16, 0x6b16, 0x6b16, 0x6b16, 0x6b16, 0x6b16, 0x6b16, 0x6b16, 0x6b16, 0x6b16, 0x6b16, 0x6b16, 0x6b16, 
	0x6af7, 0x6b17, 0x6b17, 0x6b16, 0x7316, 0x7316, 0x7317, 0x7317, 0x7316, 0x7336, 0x6b17, 0x6b36, 0x6b36, 0x72f7, 0x9bf3, 0xd5eb, 
	0xfee4, 0xff07, 0xfee5, 0xfee4, 0xff06, 0xfee7, 0xfee6, 0xff28, 0xff0a, 0xff0a, 0xff2b, 0xff2b, 0xff2b, 0xff2b, 0xff2b, 0xff0b, 
	0xff2b, 0xff2b, 0xff2b, 0xff2b, 0xff2b, 0xff2b, 0xff2b, 0xff2b, 0xff2b, 0xff0b, 0xff0b, 0xff0b, 0xff2a, 0xff2b, 0xff2b, 0xff2b, 
	0xf6ac, 0xb4f0, 0x8376, 0x6b17, 0x6b36, 0x7335, 0x7335, 0x6b16, 0x7335, 0x7335, 0x7335, 0x7336, 0x7316, 0x6b16, 0x6b16, 0x6b16, 
	0x6b16, 0x7316, 0x7316, 0x6b16, 0x6b17, 0x6b37, 0x4c75, 0x1e33, 0x0e92, 0x0eb1, 0x0eb1, 0x1691, 0x1692, 0x1692, 0x0e92, 0x1692, 
	0x0e92, 0x0e92, 0x0eb2, 0x0ed3, 0x0713, 0x0733, 0x0714, 0x0714, 0x0713, 0x0713, 0x0713, 0x0713, 0x0713, 0x0713, 0x0713, 0x0713, 
	0x0ef4, 0x0f13, 0x0733, 0x0713, 0x0f13, 0x0f13, 0x0733, 0x0733, 0x0732, 0x0f32, 0x0733, 0x0753, 0x0753, 0x0733, 0x2634, 0x6496, 
	0x83d8, 0x83d8, 0x83d8, 0x83d8, 0x7bd7, 0x9519, 0xae9c, 0xaedc, 0xaedc, 0xaedc, 0xaedc, 0xaedc, 0xaedc, 0xaedc, 0xaedc, 0xaedc, 
	0xaedc, 0xaedc, 0xaedc, 0xaedc, 0xaedc, 0xaedc, 0xaedc, 0xaedc, 0xaedc, 0xaedc, 0xaedc, 0xaedc, 0xaedc, 0xaedc, 0xaedc, 0xaedc, 
	0xaedc, 0xaedc, 0xaedc, 0xaedc, 0xaedc, 0xaedc, 0xaedc, 0xaedc, 0xaedc, 0xaedc, 0xaedc, 0xaedc, 0xaedc, 0xaedc, 0xaedc, 0xaedc, 
	0xaedc, 0xaedc, 0xaedc, 0xaedc, 0xaedc, 0xaedc, 0xaedc, 0xaedc, 0xaedc, 0xaedc, 0xaedc, 0xaedc, 0xaedc, 0xaedc, 0xaedc, 0xaedc, 
	0xaedc, 0xaedc, 0xaedc, 0xaedc, 0xaedc, 0xaedc, 0xaedc, 0xaedc, 0xaedc, 0xaedc, 0xaedc, 0xaedc, 0xaedc, 0xaedc, 0xaedc, 0xaedc, 
	0xaedc, 0xaedc, 0xaedc, 0xaedc, 0xaedc, 0xaedc, 0xaedc, 0xaedc, 0xaedc, 0xaedd, 0x9d5a, 0x83f8, 0x8bb8, 0x83d7, 0x7bd7, 0x83b8, 
	0x83d8, 0x83d7, 0x83f8, 0x83b7, 0x83b8, 0x83d8, 0x83d8, 0x8c18, 0xce3c, 0xffff, 0xfffe, 0xef5e, 0xad1a, 0x83d8, 0x83b8, 0x83f8, 
	0x83d8, 0x83d7, 0x83d8, 0x83d8, 0x83b8, 0x7b77, 0x7336, 0x6b16, 0x6b16, 0x6b16, 0x6b16, 0x7316, 0x6b16, 0x6b16, 0x6b16, 0x7316, 
	0x6b16, 0x6b16, 0x6b16, 0x6b16, 0x6b16, 0x6b16, 0x6b16, 0x6b16, 0x6b16, 0x6b16, 0x6b16, 0x6b16, 0x6b16, 0x6b16, 0x6b16, 0x6b16, 
	0x6b17, 0x6b17, 0x6b17, 0x6b16, 0x6b16, 0x6b16, 0x6b16, 0x6b16, 0x6af6, 0x7316, 0x6af7, 0x6af7, 0x7335, 0x6b15, 0x7b15, 0x93f3, 
	0xd5aa, 0xf6c6, 0xff44, 0xfee5, 0xfec6, 0xff06, 0xfee5, 0xfee4, 0xff08, 0xff09, 0xff2a, 0xff2b, 0xff0c, 0xff0b, 0xff0b, 0xff2a, 
	0xff2b, 0xff2b, 0xff2b, 0xff2b, 0xff2b, 0xff2b, 0xff2b, 0xff2b, 0xff2b, 0xff0b, 0xff2b, 0xff0b, 0xff0a, 0xff2a, 0xff2c, 0xee8c, 
	0xb4f2, 0x8375, 0x6ad7, 0x7337, 0x72f7, 0x72d7, 0x7316, 0x6b17, 0x6b17, 0x6b17, 0x6b17, 0x7316, 0x6b16, 0x6b16, 0x6b17, 0x6b17, 
	0x6b16, 0x6b17, 0x72f6, 0x7316, 0x6b17, 0x6356, 0x3cd4, 0x0eb2, 0x0e91, 0x1691, 0x1691, 0x0e92, 0x06b2, 0x0eb2, 0x0eb2, 0x0e91, 
	0x0eb2, 0x0e92, 0x1672, 0x0eb2, 0x0712, 0x0732, 0x0733, 0x0f13, 0x0713, 0x0713, 0x0713, 0x0713, 0x0713, 0x0713, 0x0713, 0x0713, 
	0x0714, 0x0734, 0x0733, 0x0733, 0x0733, 0x0713, 0x0713, 0x0f14, 0x0f13, 0x0f13, 0x0713, 0x0ef3, 0x0f13, 0x0753, 0x1e75, 0x5cf7, 
	0x83d7, 0x83d8, 0x83d8, 0x83b8, 0x83d8, 0x8458, 0xa5db, 0xb6dd, 0xaedc, 0xaedc, 0xaedc, 0xaedc, 0xaedc, 0xaedc, 0xaedc, 0xaedc, 
	0xaedc, 0xaedc, 0xaedc, 0xaedc, 0xaedc, 0xaedc, 0xaedc, 0xaedc, 0xaedc, 0xaedc, 0xaedc, 0xaedc, 0xaedc, 0xaedc, 0xaedc, 0xaedc, 
	0xaedc, 0xaedc, 0xaedc, 0xaedc, 0xaedc, 0xaedc, 0xaedc, 0xaedc, 0xaedc, 0xaedc, 0xaedc, 0xaedc, 0xaedc, 0xaedc, 0xaedc, 0xaedc, 
	0xaedc, 0xaedc, 0xaedc, 0xaedc, 0xaedc, 0xaedc, 0xaedc, 0xaedc, 0xaedc, 0xaedc, 0xaedc, 0xaedc, 0xaedc, 0xaedc, 0xaedc, 0xaedc, 
	0xaedc, 0xaedc, 0xaedc, 0xaedc, 0xaedc, 0xaedc, 0xaedc, 0xaedc, 0xaedc, 0xaedc, 0xaedc, 0xaedc, 0xaedc, 0xaedc, 0xaedc, 0xaedc, 
	0xaedc, 0xaedc, 0xaedc, 0xaedc, 0xaedc, 0xaedc, 0xaedc, 0xaedc, 0xaedd, 0xae5c, 0x8c99, 0x83b8, 0x8bd8, 0x83d7, 0x7bd7, 0x83d8, 
	0x83d7, 0x83d8, 0x83f8, 0x83b8, 0x83d9, 0x7bb7, 0x7bb6, 0xad3b, 0xef5e, 0xffff, 0xffff, 0xffdf, 0xd67d, 0x9458, 0x83d8, 0x83d7, 
	0x83d7, 0x83d7, 0x83d8, 0x83d8, 0x7b98, 0x7357, 0x6b16, 0x7316, 0x6b16, 0x6b16, 0x6b16, 0x6b16, 0x6b16, 0x6b16, 0x7316, 0x7316, 
	0x6b16, 0x6b16, 0x6b16, 0x6b16, 0x6b16, 0x6b16, 0x6b16, 0x6b16, 0x6b16, 0x6b16, 0x6b16, 0x6b16, 0x6b16, 0x6b16, 0x6b16, 0x6b16, 
	0x7316, 0x6b16, 0x6b16, 0x6b16, 0x6b16, 0x6b16, 0x6b17, 0x6b17, 0x6b35, 0x6b16, 0x7317, 0x7318, 0x6af7, 0x6b16, 0x6b36, 0x6b17, 
	0x93f3, 0xc58d, 0xf6c7, 0xff06, 0xff06, 0xff05, 0xfee4, 0xfee5, 0xfee6, 0xff07, 0xff09, 0xff0b, 0xff0b, 0xff0b, 0xff0b, 0xff2a, 
	0xff2b, 0xff2b, 0xff2b, 0xff2b, 0xff2b, 0xff2b, 0xff2b, 0xff2b, 0xff2b, 0xff0a, 0xff2b, 0xff2b, 0xff49, 0xff6a, 0xde6e, 0xb4d1, 
	0x7356, 0x6b36, 0x6b16, 0x7336, 0x7316, 0x7316, 0x7336, 0x6b36, 0x6b17, 0x6b17, 0x6b17, 0x6b17, 0x6b17, 0x6b16, 0x6b17, 0x6b17, 
	0x6b16, 0x6b17, 0x72f6, 0x72f6, 0x7316, 0x6b36, 0x4c54, 0x25d3, 0x0e92, 0x1692, 0x1692, 0x0e92, 0x0e92, 0x0e92, 0x0e91, 0x0e91, 
	0x1691, 0x1671, 0x1692, 0x0e92, 0x0eb1, 0x0ed1, 0x0ef2, 0x0f13, 0x0713, 0x0713, 0x0713, 0x0713, 0x0713, 0x0713, 0x0713, 0x0713, 
	0x0733, 0x0713, 0x0f13, 0x0f13, 0x0f13, 0x0713, 0x0f13, 0x0f13, 0x0734, 0x0714, 0x0713, 0x0713, 0x0713, 0x0f13, 0x35f5, 0x7456, 
	0x83d7, 0x83d8, 0x83d8, 0x83b7, 0x8bf8, 0x83d8, 0x951a, 0xb69d, 0xaedc, 0xaedc, 0xaedc, 0xaedc, 0xaedc, 0xaedc, 0xaedc, 0xaedc, 
	0xaedc, 0xaedc, 0xaedc, 0xaedc, 0xaedc, 0xaedc, 0xaedc, 0xaedc, 0xaedc, 0xaedc, 0xaedc, 0xaedc, 0xaedc, 0xaedc, 0xaedc, 0xaedc, 
	0xaedc, 0xaedc, 0xaedc, 0xaedc, 0xaedc, 0xaedc, 0xaedc, 0xaedc, 0xaedc, 0xaedc, 0xaedc, 0xaedc, 0xaedc, 0xaedc, 0xaedc, 0xaedc, 
	0xaedc, 0xaedc, 0xaedc, 0xaedc, 0xaedc, 0xaedc, 0xaedc, 0xaedc, 0xaedc, 0xaedc, 0xaedc, 0xaedc, 0xaedc, 0xaedc, 0xaedc, 0xaedc, 
	0xaedc, 0xaedc, 0xaedc, 0xaedc, 0xaedc, 0xaedc, 0xaedc, 0xaedc, 0xaedc, 0xaedc, 0xaedc, 0xaedc, 0xaedc, 0xaedc, 0xaedc, 0xaedc, 
	0xaedc, 0xaedc, 0xaedc, 0xaedc, 0xaedc, 0xaedc, 0xaedc, 0xaedc, 0xaedd, 0x9d7b, 0x8418, 0x83b7, 0x83d8, 0x83d8, 0x83d8, 0x83d8, 
	0x83d8, 0x83d7, 0x83b7, 0x83d8, 0x83f9, 0x83d7, 0x9cb8, 0xd69e, 0xffdf, 0xffff, 0xffff, 0xffff, 0xef7e, 0xb59a, 0x9438, 0x7bb7, 
	0x83d7, 0x83d8, 0x83d8, 0x83b8, 0x7b77, 0x7336, 0x6b16, 0x7317, 0x6b16, 0x6b16, 0x6b16, 0x6b16, 0x6b16, 0x7316, 0x7316, 0x7316, 
	0x6b16, 0x6b16, 0x6b16, 0x6b16, 0x6b16, 0x6b16, 0x6b16, 0x6b16, 0x6b16, 0x6b16, 0x6b16, 0x6b16, 0x6b16, 0x6b16, 0x6b16, 0x6b16, 
	0x6b16, 0x6b16, 0x6b16, 0x6b16, 0x6b17, 0x7317, 0x7317, 0x7317, 0x6b36, 0x6af6, 0x6b16, 0x7336, 0x6af7, 0x6b16, 0x6b55, 0x6b36, 
	0x6b16, 0x8bb5, 0xbd0e, 0xee87, 0xff05, 0xfee6, 0xfee6, 0xff06, 0xfee5, 0xfee6, 0xff07, 0xff09, 0xff0a, 0xff0b, 0xff2b, 0xff2b, 
	0xff2b, 0xff2b, 0xff2b, 0xff2b, 0xff2b, 0xff2b, 0xff2b, 0xff2b, 0xff2b, 0xff0b, 0xff0b, 0xff0b, 0xf6eb, 0xd62e, 0xa4b2, 0x7b56, 
	0x6b16, 0x7356, 0x7336, 0x6af6, 0x6b36, 0x6b36, 0x6b17, 0x6af7, 0x7316, 0x7316, 0x7316, 0x6b16, 0x6b16, 0x6b16, 0x6b16, 0x6b16, 
	0x7316, 0x6b17, 0x7317, 0x7316, 0x7316, 0x72f6, 0x6375, 0x5455, 0x1e13, 0x1672, 0x0ed2, 0x0eb2, 0x1691, 0x1692, 0x0e92, 0x0e92, 
	0x0eb1, 0x0eb2, 0x0eb2, 0x0eb2, 0x0e92, 0x0e92, 0x0ed3, 0x0f14, 0x0713, 0x0713, 0x0713, 0x0713, 0x0713, 0x0713, 0x0713, 0x0713, 
	0x0713, 0x0f13, 0x0f13, 0x0733, 0x0733, 0x0733, 0x0713, 0x0f13, 0x0733, 0x0f13, 0x0733, 0x0753, 0x0ef4, 0x2e15, 0x64b6, 0x8bb6, 
	0x83d7, 0x83d8, 0x83d8, 0x83d7, 0x83d8, 0x83b8, 0x8c78, 0xa61b, 0xaedc, 0xaedc, 0xaedc, 0xaedc, 0xaedc, 0xaedc, 0xaedc, 0xaedc, 
	0xaedc, 0xaedc, 0xaedc, 0xaedc, 0xaedc, 0xaedc, 0xaedc, 0xaedc, 0xaedc, 0xaedc, 0xaedc, 0xaedc, 0xaedc, 0xaedc, 0xaedc, 0xaedc, 
	0xaedc, 0xaedc, 0xaedc, 0xaedc, 0xaedc, 0xaedc, 0xaedc, 0xaedc, 0xaedc, 0xaedc, 0xaedc, 0xaedc, 0xaedc, 0xaedc, 0xaedc, 0xaedc, 
	0xaedc, 0xaedc, 0xaedc, 0xaedc, 0xaedc, 0xaedc, 0xaedc, 0xaedc, 0xaedc, 0xaedc, 0xaedc, 0xaedc, 0xaedc, 0xaedc, 0xaedc, 0xaedc, 
	0xaedc, 0xaedc, 0xaedc, 0xaedc, 0xaedc, 0xaedc, 0xaedc, 0xaedc, 0xaedc, 0xaedc, 0xaedc, 0xaedc, 0xaedc, 0xaedc, 0xaedc, 0xaedc, 
	0xaedc, 0xaedc, 0xaedc, 0xaedc, 0xaedc, 0xaedc, 0xaedc, 0xaedc, 0xae9c, 0x8cb9, 0x83d8, 0x83d7, 0x7bd7, 0x83d8, 0x83d8, 0x83d8, 
	0x83d8, 0x83d8, 0x83d8, 0x83d8, 0x83d7, 0x9c99, 0xce5d, 0xf7bf, 0xffff, 0xffff, 0xffff, 0xffff, 0xffff, 0xef3e, 0xad3a, 0x8bf9, 
	0x83d7, 0x83d8, 0x83d8, 0x7b97, 0x7336, 0x6b16, 0x6af6, 0x7317, 0x6b16, 0x7316, 0x6b16, 0x6b16, 0x6b16, 0x6b16, 0x6b16, 0x6b16, 
	0x6b16, 0x6b16, 0x6b16, 0x6b16, 0x6b16, 0x6b16, 0x6b16, 0x6b16, 0x6b16, 0x6b16, 0x6b16, 0x6b16, 0x6b16, 0x6b16, 0x6b16, 0x6b16, 
	0x6b16, 0x6b17, 0x6b17, 0x6b17, 0x6b17, 0x6b16, 0x6b16, 0x6b16, 0x7317, 0x7317, 0x72f6, 0x6b16, 0x7336, 0x7316, 0x72f6, 0x72d8, 
	0x7316, 0x6af5, 0x8394, 0xb50f, 0xe668, 0xfee5, 0xfee5, 0xfee6, 0xfee5, 0xfee5, 0xfee6, 0xff07, 0xff29, 0xff2a, 0xff2b, 0xff0c, 
	0xff2b, 0xff2b, 0xff2b, 0xff2b, 0xff2b, 0xff2b, 0xff2b, 0xff2b, 0xff2a, 0xff2b, 0xff0a, 0xf6eb, 0xd5f0, 0x9c35, 0x7316, 0x6b36, 
	0x7317, 0x72f7, 0x72f7, 0x7316, 0x6b16, 0x6b17, 0x7317, 0x7315, 0x7316, 0x7316, 0x7316, 0x6b17, 0x6b17, 0x6b16, 0x6b16, 0x6b16, 
	0x72f6, 0x6b17, 0x6b16, 0x6b36, 0x6b36, 0x7317, 0x72f7, 0x6b56, 0x4494, 0x25b4, 0x0e93, 0x0eb1, 0x1671, 0x0e91, 0x0eb2, 0x0e92, 
	0x1692, 0x0e92, 0x0e92, 0x1672, 0x1691, 0x0e91, 0x0ed2, 0x06f3, 0x0713, 0x0713, 0x0713, 0x0713, 0x0713, 0x0713, 0x0713, 0x0713, 
	0x0733, 0x0713, 0x0713, 0x0713, 0x0713, 0x0f13, 0x0713, 0x0733, 0x0ef3, 0x0f14, 0x0734, 0x0ef3, 0x2df4, 0x6497, 0x83d8, 0x7bd8, 
	0x83d7, 0x83d8, 0x83d8, 0x83d7, 0x83b7, 0x8bb8, 0x8418, 0x9579, 0xaedc, 0xaedc, 0xaedc, 0xaedc, 0xaedc, 0xaedc, 0xaedc, 0xaedc, 
	0xaedc, 0xaedc, 0xaedc, 0xaedc, 0xaedc, 0xaedc, 0xaedc, 0xaedc, 0xaedc, 0xaedc, 0xaedc, 0xaedc, 0xaedc, 0xaedc, 0xaedc, 0xaedc, 
	0xaedc, 0xaedc, 0xaedc, 0xaedc, 0xaedc, 0xaedc, 0xaedc, 0xaedc, 0xaedc, 0xaedc, 0xaedc, 0xaedc, 0xaedc, 0xaedc, 0xaedc, 0xaedc, 
	0xaedc, 0xaedc, 0xaedc, 0xaedc, 0xaedc, 0xaedc, 0xaedc, 0xaedc, 0xaedc, 0xaedc, 0xaedc, 0xaedc, 0xaedc, 0xaedc, 0xaedc, 0xaedc, 
	0xaedc, 0xaedc, 0xaedc, 0xaedc, 0xaedc, 0xaedc, 0xaedc, 0xaedc, 0xaedc, 0xaedc, 0xaedc, 0xaedc, 0xaedc, 0xaedc, 0xaedc, 0xaedc, 
	0xb6fc, 0xaedd, 0xaedc, 0xaedd, 0xaebc, 0xb6fd, 0xaebc, 0xb6dd, 0xa5bb, 0x8458, 0x83d8, 0x83d8, 0x83b7, 0x83f7, 0x83d7, 0x83d8, 
	0x83b8, 0x83d8, 0x83f7, 0x8bf6, 0xa4f9, 0xde9d, 0xffbf, 0xffff, 0xffff, 0xffff, 0xffff, 0xffff, 0xffff, 0xffff, 0xef3f, 0xbddb, 
	0x9457, 0x83d7, 0x83b8, 0x7357, 0x7336, 0x7316, 0x6af6, 0x6b17, 0x6b16, 0x6b16, 0x6b16, 0x6b16, 0x6b16, 0x6b16, 0x6b16, 0x6b16, 
	0x6b16, 0x6b16, 0x6b16, 0x6b16, 0x6b16, 0x6b16, 0x6b16, 0x6b16, 0x6b16, 0x6b16, 0x6b16, 0x6b16, 0x6b16, 0x6b16, 0x6b16, 0x6b16, 
	0x6b16, 0x6b16, 0x6b16, 0x6b16, 0x6b16, 0x6b16, 0x6b16, 0x6b16, 0x6b16, 0x6b16, 0x6b16, 0x6b16, 0x6b16, 0x6b16, 0x6b16, 0x6b16, 
	0x6af7, 0x6b16, 0x6b16, 0x7b56, 0x9c71, 0xd5ea, 0xf6c6, 0xfee6, 0xff05, 0xfee5, 0xfee7, 0xff05, 0xf726, 0xff09, 0xff0a, 0xff0c, 
	0xff2b, 0xff0c, 0xff0b, 0xff2a, 0xff0b, 0xff0b, 0xff2a, 0xff0b, 0xff0c, 0xff4b, 0xe6ac, 0xb550, 0x8bd4, 0x7336, 0x6b16, 0x6b17, 
	0x6b16, 0x6b16, 0x6b16, 0x6b16, 0x6b16, 0x6b16, 0x6b16, 0x6b16, 0x6b16, 0x6b16, 0x6b16, 0x6b16, 0x6b16, 0x6b16, 0x6b16, 0x6b16, 
	0x6b16, 0x6b16, 0x6b16, 0x6b16, 0x6b16, 0x6b16, 0x6b16, 0x6b16, 0x7b16, 0x4476, 0x1df3, 0x0e91, 0x0e92, 0x1672, 0x1e71, 0x0692, 
	0x0e92, 0x0e92, 0x0e92, 0x0e92, 0x0e92, 0x0e92, 0x0e92, 0x0e92, 0x0ed2, 0x0ef3, 0x0f13, 0x0733, 0x0733, 0x0713, 0x0f13, 0x0f13, 
	0x0733, 0x0f13, 0x0f13, 0x0733, 0x0713, 0x0733, 0x0733, 0x0733, 0x0713, 0x0f13, 0x16d3, 0x35f4, 0x6497, 0x83d8, 0x83b8, 0x7bd7, 
	0x83d8, 0x83b8, 0x83d7, 0x83d8, 0x83d8, 0x7bd7, 0x83f8, 0x9459, 0xae5c, 0xb6dd, 0xaedc, 0xaedc, 0xb6dc, 0xb6dd, 0xaebc, 0xaefc, 
	0xaedc, 0xaedc, 0xaedc, 0xaedc, 0xaedc, 0xaedc, 0xaedc, 0xaedc, 0xaedc, 0xaedc, 0xaedc, 0xaedc, 0xaedc, 0xaedc, 0xaedc, 0xaedc, 
	0xaedc, 0xaedc, 0xaedc, 0xaedc, 0xaedc, 0xaedc, 0xaedc, 0xaedc, 0xaedc, 0xaedc, 0xaedc, 0xaedc, 0xaedc, 0xaedc, 0xaedc, 0xaedc, 
	0xaedc, 0xaedc, 0xaedc, 0xaedc, 0xaedc, 0xaedc, 0xaedc, 0xaedc, 0xaedc, 0xaedc, 0xaedc, 0xaedc, 0xaedc, 0xaedc, 0xaedc, 0xaedc, 
	0xaedc, 0xaedc, 0xaedc, 0xaedc, 0xaedc, 0xaedc, 0xaedc, 0xaedc, 0xaedc, 0xaedc, 0xaedc, 0xaedc, 0xaedc, 0xaedc, 0xaedc, 0xaedc, 
	0xaedc, 0xaedc, 0xaedc, 0xb6fd, 0xaedc, 0xaedd, 0xaedd, 0xaebc, 0x9d3a, 0x8417, 0x83b8, 0x83b8, 0x83b7, 0x83f7, 0x83d7, 0x83d8, 
	0x83f8, 0x8c59, 0xa4fa, 0xce5e, 0xe75f, 0xf79f, 0xffff, 0xffff, 0xffff, 0xffff, 0xffff, 0xffff, 0xffff, 0xffff, 0xffff, 0xf7bf, 
	0xdedd, 0xb57a, 0x8c39, 0x7337, 0x6af6, 0x7337, 0x6b16, 0x7337, 0x6b16, 0x6b16, 0x6b16, 0x6b16, 0x6b16, 0x6b16, 0x6b16, 0x6b16, 
	0x6b16, 0x6b16, 0x6b16, 0x6b16, 0x6b16, 0x6b16, 0x6b16, 0x6b16, 0x6b16, 0x6b16, 0x6b16, 0x6b16, 0x6b16, 0x6b16, 0x6b16, 0x6b16, 
	0x6b16, 0x6b16, 0x6b16, 0x6b16, 0x6b16, 0x6b16, 0x6b16, 0x6b16, 0x6b16, 0x6b16, 0x6b16, 0x6b16, 0x6b16, 0x6b16, 0x6b16, 0x6b16, 
	0x7337, 0x7336, 0x6b15, 0x6af5, 0x7b16, 0x93d4, 0xc54d, 0xe687, 0xff06, 0xfee5, 0xfec7, 0xfec6, 0xff04, 0xfee5, 0xfee5, 0xff29, 
	0xff28, 0xff0b, 0xff0b, 0xff2a, 0xff2a, 0xff2b, 0xff2b, 0xff0b, 0xf70c, 0xd5ee, 0xa472, 0x8376, 0x7317, 0x6af6, 0x6b15, 0x7336, 
	0x6b16, 0x6b16, 0x6b16, 0x6b16, 0x6b16, 0x6b16, 0x6b16, 0x6b16, 0x6b16, 0x6b16, 0x6b16, 0x6b16, 0x6b16, 0x6b16, 0x6b16, 0x6b16, 
	0x6b16, 0x6b16, 0x6b16, 0x6b16, 0x6b16, 0x6b16, 0x6b16, 0x6b16, 0x6b15, 0x6b36, 0x5454, 0x25f2, 0x0e92, 0x0e92, 0x0eb1, 0x0e92, 
	0x0e92, 0x0e92, 0x0e92, 0x0e92, 0x0e92, 0x0e92, 0x0e92, 0x0e92, 0x0eb2, 0x0ed2, 0x0f13, 0x0733, 0x0733, 0x0713, 0x0f13, 0x0f13, 
	0x0713, 0x0f13, 0x0733, 0x0733, 0x0f13, 0x0f13, 0x0f13, 0x0f13, 0x0733, 0x06f4, 0x2df5, 0x64b6, 0x7bf7, 0x7bd7, 0x83d8, 0x83d8, 
	0x83d8, 0x83d8, 0x83d8, 0x83d8, 0x83d8, 0x7bd7, 0x83f8, 0x8c19, 0x9ddb, 0xb6bd, 0xaedc, 0xaedc, 0xaedc, 0xb6dd, 0xaedd, 0xaedc, 
	0xaedc, 0xaedc, 0xaedc, 0xaedc, 0xaedc, 0xaedc, 0xaedc, 0xaedc, 0xaedc, 0xaedc, 0xaedc, 0xaedc, 0xaedc, 0xaedc, 0xaedc, 0xaedc, 
	0xaedc, 0xaedc, 0xaedc, 0xaedc, 0xaedc, 0xaedc, 0xaedc, 0xaedc, 0xaedc, 0xaedc, 0xaedc, 0xaedc, 0xaedc, 0xaedc, 0xaedc, 0xaedc, 
	0xaedc, 0xaedc, 0xaedc, 0xaedc, 0xaedc, 0xaedc, 0xaedc, 0xaedc, 0xaedc, 0xaedc, 0xaedc, 0xaedc, 0xaedc, 0xaedc, 0xaedc, 0xaedc, 
	0xaedc, 0xaedc, 0xaedc, 0xaedc, 0xaedc, 0xaedc, 0xaedc, 0xaedc, 0xaedc, 0xaedc, 0xaedc, 0xaedc, 0xaedc, 0xaedc, 0xaedc, 0xaedc, 
	0xaedd, 0xaedc, 0xaebd, 0xb6fd, 0xaedc, 0xaedc, 0xb6dd, 0xa65b, 0x8c78, 0x83d7, 0x83b8, 0x83b8, 0x83d7, 0x83f7, 0x7bd7, 0x83d8, 
	0x9478, 0xce5e, 0xe75f, 0xe79f, 0xefbf, 0xe7bf, 0xf7ff, 0xf7ff, 0xffff, 0xffff, 0xffff, 0xffff, 0xffff, 0xffff, 0xffff, 0xffff, 
	0xffff, 0xf79f, 0xdebe, 0xa4b9, 0x7336, 0x6b17, 0x6b17, 0x6af6, 0x6b16, 0x6b16, 0x6b16, 0x6b16, 0x6b16, 0x6b16, 0x6b16, 0x6b16, 
	0x6b16, 0x6b16, 0x6b16, 0x6b16, 0x6b16, 0x6b16, 0x6b16, 0x6b16, 0x6b16, 0x6b16, 0x6b16, 0x6b16, 0x6b16, 0x6b16, 0x6b16, 0x6b16, 
	0x6b16, 0x6b16, 0x6b16, 0x6b16, 0x6b16, 0x6b16, 0x6b16, 0x6b16, 0x6b16, 0x6b16, 0x6b16, 0x6b16, 0x6b16, 0x6b16, 0x6b16, 0x6b16, 
	0x6af6, 0x6af7, 0x7317, 0x7336, 0x6af6, 0x6ad6, 0x8394, 0x9c71, 0xd5cb, 0xeea7, 0xff07, 0xfee5, 0xff05, 0xfee6, 0xfec6, 0xff06, 
	0xff27, 0xff0a, 0xff0c, 0xff0b, 0xff2a, 0xff4b, 0xf6ec, 0xe66d, 0xad10, 0x93f3, 0x7317, 0x6af7, 0x6b16, 0x6b16, 0x6af6, 0x72f6, 
	0x6b16, 0x6b16, 0x6b16, 0x6b16, 0x6b16, 0x6b16, 0x6b16, 0x6b16, 0x6b16, 0x6b16, 0x6b16, 0x6b16, 0x6b16, 0x6b16, 0x6b16, 0x6b16, 
	0x6b16, 0x6b16, 0x6b16, 0x6b16, 0x6b16, 0x6b16, 0x6b16, 0x6b16, 0x6b16, 0x6af7, 0x7336, 0x4c74, 0x25d3, 0x1672, 0x06b1, 0x1671, 
	0x0e92, 0x0e92, 0x0e92, 0x0e92, 0x0e92, 0x0e92, 0x0e92, 0x0e92, 0x0e91, 0x0eb2, 0x06f3, 0x0713, 0x0713, 0x0713, 0x0713, 0x0713, 
	0x0f13, 0x0f13, 0x0733, 0x0713, 0x0ef3, 0x0f13, 0x0733, 0x0733, 0x0ef3, 0x2df5, 0x64b7, 0x83d8, 0x83b7, 0x83d7, 0x83d7, 0x83d8, 
	0x83d8, 0x83d8, 0x83d8, 0x83d8, 0x83d8, 0x83d7, 0x83d8, 0x83d8, 0x9519, 0xb67d, 0xaedc, 0xaefc, 0xaedc, 0xaebc, 0xb6dd, 0xaedc, 
	0xaedc, 0xaedc, 0xaedc, 0xaedc, 0xaedc, 0xaedc, 0xaedc, 0xaedc, 0xaedc, 0xaedc, 0xaedc, 0xaedc, 0xaedc, 0xaedc, 0xaedc, 0xaedc, 
	0xaedc, 0xaedc, 0xaedc, 0xaedc, 0xaedc, 0xaedc, 0xaedc, 0xaedc, 0xaedc, 0xaedc, 0xaedc, 0xaedc, 0xaedc, 0xaedc, 0xaedc, 0xaedc, 
	0xaedc, 0xaedc, 0xaedc, 0xaedc, 0xaedc, 0xaedc, 0xaedc, 0xaedc, 0xaedc, 0xaedc, 0xaedc, 0xaedc, 0xaedc, 0xaedc, 0xaedc, 0xaedc, 
	0xaedc, 0xaedc, 0xaedc, 0xaedc, 0xaedc, 0xaedc, 0xaedc, 0xaedc, 0xaedc, 0xaedc, 0xaedc, 0xaedc, 0xaedc, 0xaedc, 0xaedc, 0xaedc, 
	0xaedc, 0xb6dd, 0xaebd, 0xaedc, 0xaefc, 0xaedc, 0xb6bd, 0x9dba, 0x8418, 0x83d7, 0x83d8, 0x83b8, 0x83d8, 0x83d8, 0x7bd7, 0x83d8, 
	0xb57b, 0xdf1f, 0xefdf, 0xefde, 0xefdf, 0xe7bf, 0xefbf, 0xefbf, 0xf7df, 0xffff, 0xffff, 0xffff, 0xffff, 0xffff, 0xffff, 0xffdf, 
	0xffff, 0xffff, 0xffff, 0xc5fb, 0x83b7, 0x6af6, 0x6b17, 0x7356, 0x6b16, 0x6b16, 0x6b16, 0x6b16, 0x6b16, 0x6b16, 0x6b16, 0x6b16, 
	0x6b16, 0x6b16, 0x6b16, 0x6b16, 0x6b16, 0x6b16, 0x6b16, 0x6b16, 0x6b16, 0x6b16, 0x6b16, 0x6b16, 0x6b16, 0x6b16, 0x6b16, 0x6b16, 
	0x6b16, 0x6b16, 0x6b16, 0x6b16, 0x6b16, 0x6b16, 0x6b16, 0x6b16, 0x6b16, 0x6b16, 0x6b16, 0x6b16, 0x6b16, 0x6b16, 0x6b16, 0x6b16, 
	0x6b16, 0x6af7, 0x6af8, 0x7317, 0x6b16, 0x6b16, 0x6b16, 0x6b16, 0x8bb4, 0xb4ef, 0xe649, 0xfee4, 0xfee6, 0xfee8, 0xfee6, 0xf704, 
	0xfee5, 0xff06, 0xff29, 0xff0b, 0xff0b, 0xf6ca, 0xcd8e, 0xa432, 0x7b55, 0x7317, 0x6b17, 0x6b16, 0x6b35, 0x6b17, 0x7317, 0x7316, 
	0x6b16, 0x6b16, 0x6b16, 0x6b16, 0x6b16, 0x6b16, 0x6b16, 0x6b16, 0x6b16, 0x6b16, 0x6b16, 0x6b16, 0x6b16, 0x6b16, 0x6b16, 0x6b16, 
	0x6b16, 0x6b16, 0x6b16, 0x6b16, 0x6b16, 0x6b16, 0x6b16, 0x6b16, 0x6b17, 0x6357, 0x72f7, 0x6b36, 0x4c55, 0x2db2, 0x0e91, 0x0e92, 
	0x0e92, 0x0e92, 0x0e92, 0x0e92, 0x0e92, 0x0e92, 0x0e92, 0x0e92, 0x0e91, 0x0eb2, 0x0ef3, 0x0713, 0x0713, 0x0713, 0x0713, 0x0733, 
	0x0f13, 0x0713, 0x0734, 0x0713, 0x0f13, 0x0733, 0x0753, 0x0ef4, 0x35d4, 0x6496, 0x83b8, 0x83b9, 0x83d8, 0x83b7, 0x83d7, 0x7bd8, 
	0x83d8, 0x83d8, 0x83d8, 0x83d7, 0x83d8, 0x83d8, 0x83d8, 0x83d7, 0x8c78, 0xae1c, 0xb6dd, 0xaefc, 0xaedc, 0xaedd, 0xb6dd, 0xaedc, 
	0xaedc, 0xaedc, 0xaedc, 0xaedc, 0xaedc, 0xaedc, 0xaedc, 0xaedc, 0xaedc, 0xaedc, 0xaedc, 0xaedc, 0xaedc, 0xaedc, 0xaedc, 0xaedc, 
	0xaedc, 0xaedc, 0xaedc, 0xaedc, 0xaedc, 0xaedc, 0xaedc, 0xaedc, 0xaedc, 0xaedc, 0xaedc, 0xaedc, 0xaedc, 0xaedc, 0xaedc, 0xaedc, 
	0xaedc, 0xaedc, 0xaedc, 0xaedc, 0xaedc, 0xaedc, 0xaedc, 0xaedc, 0xaedc, 0xaedc, 0xaedc, 0xaedc, 0xaedc, 0xaedc, 0xaedc, 0xaedc, 
	0xaedc, 0xaedc, 0xaedc, 0xaedc, 0xaedc, 0xaedc, 0xaedc, 0xaedc, 0xaedc, 0xaedc, 0xaedc, 0xaedc, 0xaedc, 0xaedc, 0xaedc, 0xaedc, 
	0xaedc, 0xb6dd, 0xaedd, 0xaebc, 0xaefc, 0xaedc, 0xb67d, 0x8cf9, 0x83d8, 0x83d8, 0x83d8, 0x83b8, 0x83d8, 0x83d8, 0x83b7, 0x83d8, 
	0x9457, 0xbdfc, 0xdf3f, 0xe79f, 0xefbf, 0xefdf, 0xefbf, 0xefbf, 0xefbf, 0xefbf, 0xf7df, 0xffff, 0xffff, 0xffdf, 0xffff, 0xffff, 
	0xffff, 0xef5e, 0xce5c, 0x9478, 0x6b16, 0x7317, 0x7336, 0x62d4, 0x6b16, 0x6b16, 0x6b16, 0x6b16, 0x6b16, 0x6b16, 0x6b16, 0x6b16, 
	0x6b16, 0x6b16, 0x6b16, 0x6b16, 0x6b16, 0x6b16, 0x6b16, 0x6b16, 0x6b16, 0x6b16, 0x6b16, 0x6b16, 0x6b16, 0x6b16, 0x6b16, 0x6b16, 
	0x6b16, 0x6b16, 0x6b16, 0x6b16, 0x6b16, 0x6b16, 0x6b16, 0x6b16, 0x6b16, 0x6b16, 0x6b16, 0x6b16, 0x6b16, 0x6b16, 0x6b16, 0x6b16, 
	0x7336, 0x7336, 0x6b16, 0x6af7, 0x6af6, 0x6b16, 0x6b36, 0x6b16, 0x6af7, 0x7b35, 0xbd0b, 0xf683, 0xfec4, 0xfec6, 0xff05, 0xff06, 
	0xfee5, 0xfee5, 0xfee6, 0xfec6, 0xfea7, 0xe626, 0xa44f, 0x6af6, 0x7316, 0x7317, 0x6b17, 0x6b16, 0x6b16, 0x6b16, 0x7316, 0x7316, 
	0x6b16, 0x6b16, 0x6b16, 0x6b16, 0x6b16, 0x6b16, 0x6b16, 0x6b16, 0x6b16, 0x6b16, 0x6b16, 0x6b16, 0x6b16, 0x6b16, 0x6b16, 0x6b16, 
	0x6b16, 0x6b16, 0x6b16, 0x6b16, 0x6b16, 0x6b16, 0x6b16, 0x6b16, 0x6af7, 0x7336, 0x7316, 0x6af7, 0x6b36, 0x5454, 0x25d3, 0x0e92, 
	0x0e92, 0x0e92, 0x0e92, 0x0e92, 0x0e92, 0x0e92, 0x0e92, 0x0e92, 0x0e91, 0x0eb2, 0x0ef3, 0x0713, 0x0733, 0x0713, 0x0713, 0x0733, 
	0x0713, 0x0713, 0x0714, 0x0f13, 0x0733, 0x0753, 0x16d4, 0x35f5, 0x7457, 0x83d7, 0x83b7, 0x7bd8, 0x83d8, 0x83d8, 0x7bd8, 0x83b8, 
	0x83d7, 0x83d8, 0x83d8, 0x83d7, 0x83d7, 0x83d8, 0x83d8, 0x83d8, 0x8417, 0x9d7b, 0xb6bd, 0xaedc, 0xaedc, 0xaedd, 0xaebc, 0xb6dc, 
	0xaedc, 0xaedc, 0xaedc, 0xaedc, 0xaedc, 0xaedc, 0xaedc, 0xaedc, 0xaedc, 0xaedc, 0xaedc, 0xaedc, 0xaedc, 0xaedc, 0xaedc, 0xaedc, 
	0xaedc, 0xaedc, 0xaedc, 0xaedc, 0xaedc, 0xaedc, 0xaedc, 0xaedc, 0xaedc, 0xaedc, 0xaedc, 0xaedc, 0xaedc, 0xaedc, 0xaedc, 0xaedc, 
	0xaedc, 0xaedc, 0xaedc, 0xaedc, 0xaedc, 0xaedc, 0xaedc, 0xaedc, 0xaedc, 0xaedc, 0xaedc, 0xaedc, 0xaedc, 0xaedc, 0xaedc, 0xaedc, 
	0xaedc, 0xaedc, 0xaedc, 0xaedc, 0xaedc, 0xaedc, 0xaedc, 0xaedc, 0xaedc, 0xaedc, 0xaedc, 0xaedc, 0xaedc, 0xaedc, 0xaedc, 0xaedc, 
	0xaedc, 0xb6dd, 0xb6bd, 0xaedc, 0xaefc, 0xb6dd, 0xae1c, 0x8c78, 0x83b8, 0x83d8, 0x83d8, 0x83d7, 0x83d8, 0x83d8, 0x83d7, 0x83d8, 
	0x83f7, 0x8c18, 0x9cda, 0xbddc, 0xdefe, 0xef9f, 0xef9f, 0xefbf, 0xefbf, 0xefbf, 0xf7df, 0xffff, 0xfffe, 0xffff, 0xffff, 0xef7e, 
	0xce1c, 0x9c98, 0x7b97, 0x7337, 0x6b16, 0x7336, 0x6b17, 0x7318, 0x6b16, 0x6b16, 0x6b16, 0x6b16, 0x6b16, 0x6b16, 0x6b16, 0x6b16, 
	0x6b16, 0x6b16, 0x6b16, 0x6b16, 0x6b16, 0x6b16, 0x6b16, 0x6b16, 0x6b16, 0x6b16, 0x6b16, 0x6b16, 0x6b16, 0x6b16, 0x6b16, 0x6b16, 
	0x6b16, 0x6b16, 0x6b16, 0x6b16, 0x6b16, 0x6b16, 0x6b16, 0x6b16, 0x6b16, 0x6b16, 0x6b16, 0x6b16, 0x6b16, 0x6b16, 0x6b16, 0x6b16, 
	0x6b16, 0x6b16, 0x6b16, 0x7316, 0x7316, 0x7316, 0x6b17, 0x7317, 0x6b35, 0x72f6, 0xb4ab, 0xf641, 0xfe41, 0xfe83, 0xfec4, 0xfea5, 
	0xfee5, 0xfea5, 0xfea4, 0xfe61, 0xfe41, 0xddc2, 0x9c0f, 0x6b36, 0x7317, 0x72f6, 0x7316, 0x7317, 0x7317, 0x6b16, 0x6af6, 0x6b17, 
	0x6b16, 0x6b16, 0x6b16, 0x6b16, 0x6b16, 0x6b16, 0x6b16, 0x6b16, 0x6b16, 0x6b16, 0x6b16, 0x6b16, 0x6b16, 0x6b16, 0x6b16, 0x6b16, 
	0x6b16, 0x6b16, 0x6b16, 0x6b16, 0x6b16, 0x6b16, 0x6b16, 0x6b16, 0x7316, 0x7317, 0x6b17, 0x7316, 0x7316, 0x6b17, 0x4c35, 0x2612, 
	0x0e92, 0x0e92, 0x0e92, 0x0e92, 0x0e92, 0x0e92, 0x0e92, 0x0e92, 0x0e92, 0x0ed2, 0x0ef3, 0x0713, 0x0733, 0x0713, 0x0713, 0x0733, 
	0x0f13, 0x0f13, 0x0713, 0x0713, 0x0733, 0x0713, 0x35f5, 0x6c75, 0x8bb8, 0x7bd7, 0x7bf7, 0x83d7, 0x83d8, 0x83d8, 0x8bb8, 0x83d8, 
	0x83d8, 0x83d8, 0x83d8, 0x83d8, 0x83d7, 0x83d8, 0x83d8, 0x83d8, 0x83d8, 0x94d9, 0xae7d, 0xaedc, 0xaedc, 0xb6dd, 0xaebc, 0xaedc, 
	0xaedc, 0xaedc, 0xaedc, 0xaedc, 0xaedc, 0xaedc, 0xaedc, 0xaedc, 0xaedc, 0xaedc, 0xaedc, 0xaedc, 0xaedc, 0xaedc, 0xaedc, 0xaedc, 
	0xaedc, 0xaedc, 0xaedc, 0xaedc, 0xaedc, 0xaedc, 0xaedc, 0xaedc, 0xaedc, 0xaedc, 0xaedc, 0xaedc, 0xaedc, 0xaedc, 0xaedc, 0xaedc, 
	0xaedc, 0xaedc, 0xaedc, 0xaedc, 0xaedc, 0xaedc, 0xaedc, 0xaedc, 0xaedc, 0xaedc, 0xaedc, 0xaedc, 0xaedc, 0xaedc, 0xaedc, 0xaedc, 
	0xaedc, 0xaedc, 0xaedc, 0xaedc, 0xaedc, 0xaedc, 0xaedc, 0xaedc, 0xaedc, 0xaedc, 0xaedc, 0xaedc, 0xaedc, 0xaedc, 0xaedc, 0xaedc, 
	0xaefc, 0xaedd, 0xb6bd, 0xaedc, 0xaefc, 0xaebc, 0x9d7b, 0x8418, 0x83b8, 0x83d8, 0x83d7, 0x83d7, 0x83d8, 0x83b8, 0x83d8, 0x83d8, 
	0x83d8, 0x83d8, 0x83b8, 0x8bf8, 0xa4f9, 0xce9d, 0xef9f, 0xefbf, 0xe7bf, 0xefbf, 0xefbf, 0xf7df, 0xffff, 0xffff, 0xe6fe, 0xb59a, 
	0x83b8, 0x7337, 0x7317, 0x6b16, 0x6b16, 0x7316, 0x6af6, 0x6af8, 0x6b16, 0x6b16, 0x6b16, 0x6b16, 0x6b16, 0x6b16, 0x6b16, 0x6b16, 
	0x6b16, 0x6b16, 0x6b16, 0x6b16, 0x6b16, 0x6b16, 0x6b16, 0x6b16, 0x6b16, 0x6b16, 0x6b16, 0x6b16, 0x6b16, 0x6b16, 0x6b16, 0x6b16, 
	0x6b16, 0x6b16, 0x6b16, 0x6b16, 0x6b16, 0x6b16, 0x6b16, 0x6b16, 0x6b16, 0x6b16, 0x6b16, 0x6b16, 0x6b16, 0x6b16, 0x6b16, 0x6b16, 
	0x7317, 0x6b16, 0x6b15, 0x6b16, 0x7317, 0x72f8, 0x7317, 0x7315, 0x6b16, 0x7b16, 0xb4ab, 0xf600, 0xfe00, 0xfe20, 0xfe60, 0xfe40, 
	0xfe40, 0xf641, 0xfe61, 0xfe40, 0xfe20, 0xe5a2, 0x9bf1, 0x6b37, 0x7317, 0x6b16, 0x6b16, 0x7317, 0x6af8, 0x6af7, 0x6b16, 0x7336, 
	0x6b16, 0x6b16, 0x6b16, 0x6b16, 0x6b16, 0x6b16, 0x6b16, 0x6b16, 0x6b16, 0x6b16, 0x6b16, 0x6b16, 0x6b16, 0x6b16, 0x6b16, 0x6b16, 
	0x6b16, 0x6b16, 0x6b16, 0x6b16, 0x6b16, 0x6b16, 0x6b16, 0x6b16, 0x7316, 0x6b37, 0x6b37, 0x7af6, 0x7336, 0x6ad8, 0x6b36, 0x3552, 
	0x0e92, 0x0e92, 0x0e92, 0x0e92, 0x0e92, 0x0e92, 0x0e92, 0x0e92, 0x0e92, 0x0ed2, 0x0ef3, 0x0713, 0x0733, 0x0713, 0x0713, 0x0733, 
	0x0f13, 0x0733, 0x0713, 0x0713, 0x0732, 0x0ef4, 0x4576, 0x8bb7, 0x83b8, 0x7bd8, 0x83d7, 0x83b7, 0x83d7, 0x83d8, 0x8bb8, 0x83d8, 
	0x83d8, 0x83d8, 0x83d8, 0x83d8, 0x83d8, 0x83d8, 0x83d8, 0x83d8, 0x83d8, 0x8478, 0xa5fb, 0xaebc, 0xaedd, 0xaedd, 0xaedc, 0xaedc, 
	0xaedc, 0xaedc, 0xaedc, 0xaedc, 0xaedc, 0xaedc, 0xaedc, 0xaedc, 0xaedc, 0xaedc, 0xaedc, 0xaedc, 0xaedc, 0xaedc, 0xaedc, 0xaedc, 
	0xaedc, 0xaedc, 0xaedc, 0xaedc, 0xaedc, 0xaedc, 0xaedc, 0xaedc, 0xaedc, 0xaedc, 0xaedc, 0xaedc, 0xaedc, 0xaedc, 0xaedc, 0xaedc, 
	0xaedc, 0xaedc, 0xaedc, 0xaedc, 0xaedc, 0xaedc, 0xaedc, 0xaedc, 0xaedc, 0xaedc, 0xaedc, 0xaedc, 0xaedc, 0xaedc, 0xaedc, 0xaedc, 
	0xaedc, 0xaedc, 0xaedc, 0xaedc, 0xaedc, 0xaedc, 0xaedc, 0xaedc, 0xaedc, 0xaedc, 0xaedc, 0xaedc, 0xaedc, 0xaedc, 0xaedc, 0xaedc, 
	0xaefc, 0xaedd, 0xb6bd, 0xb6fd, 0xaefc, 0xae7c, 0x94f9, 0x83b8, 0x83d8, 0x83d8, 0x83d7, 0x83f8, 0x83d8, 0x83b8, 0x83d8, 0x83d8, 
	0x83d8, 0x83d7, 0x83d6, 0x8bf8, 0x83b8, 0x9479, 0xce7d, 0xe79e, 0xe7df, 0xefbf, 0xef9f, 0xf7df, 0xffff, 0xe71e, 0xad3b, 0x7b78, 
	0x7317, 0x6af6, 0x7336, 0x6b16, 0x6b17, 0x7317, 0x6b15, 0x7335, 0x6b16, 0x6b16, 0x6b16, 0x6b16, 0x6b16, 0x6b16, 0x6b16, 0x6b16, 
	0x6b16, 0x6b16, 0x6b16, 0x6b16, 0x6b16, 0x6b16, 0x6b16, 0x6b16, 0x6b16, 0x6b16, 0x6b16, 0x6b16, 0x6b16, 0x6b16, 0x6b16, 0x6b16, 
	0x6b16, 0x6b16, 0x6b16, 0x6b16, 0x6b16, 0x6b16, 0x6b16, 0x6b16, 0x6b16, 0x6b16, 0x6b16, 0x6b16, 0x6b16, 0x6b16, 0x6b16, 0x6b16, 
	0x6af7, 0x7316, 0x7316, 0x6af6, 0x6af6, 0x6b15, 0x7316, 0x6af7, 0x6b17, 0x7315, 0xacaa, 0xee01, 0xfe20, 0xfe40, 0xf620, 0xfe21, 
	0xfe00, 0xfe20, 0xfe40, 0xfe20, 0xfe21, 0xe5c2, 0x9bf0, 0x6b16, 0x6b16, 0x6b17, 0x6b17, 0x6b16, 0x6b15, 0x7335, 0x7316, 0x6af7, 
	0x6b16, 0x6b16, 0x6b16, 0x6b16, 0x6b16, 0x6b16, 0x6b16, 0x6b16, 0x6b16, 0x6b16, 0x6b16, 0x6b16, 0x6b16, 0x6b16, 0x6b16, 0x6b16, 
	0x6b16, 0x6b16, 0x6b16, 0x6b16, 0x6b16, 0x6b16, 0x6b16, 0x6b16, 0x6b16, 0x7316, 0x6b16, 0x72f6, 0x7336, 0x6b18, 0x6b57, 0x2d53, 
	0x0e92, 0x0e92, 0x0e92, 0x0e92, 0x0e92, 0x0e92, 0x0e92, 0x0e92, 0x0eb2, 0x0ed2, 0x0713, 0x0733, 0x0733, 0x0733, 0x0713, 0x0733, 
	0x0733, 0x0733, 0x0733, 0x0f12, 0x0f33, 0x0ef4, 0x3d97, 0x83d8, 0x7bd7, 0x83d8, 0x83d8, 0x83b7, 0x8bb8, 0x7bf8, 0x7bf8, 0x83b7, 
	0x83d8, 0x83d7, 0x7bd7, 0x83d8, 0x83d8, 0x83d8, 0x83d8, 0x83d8, 0x83b8, 0x8437, 0x9dba, 0xaebc, 0xb6dd, 0xaebc, 0xb6fd, 0xaedc, 
	0xaedc, 0xaedc, 0xaedc, 0xaedc, 0xaedc, 0xaedc, 0xaedc, 0xaedc, 0xaedc, 0xaedc, 0xaedc, 0xaedc, 0xaedc, 0xaedc, 0xaedc, 0xaedc, 
	0xaedc, 0xaedc, 0xaedc, 0xaedc, 0xaedc, 0xaedc, 0xaedc, 0xaedc, 0xaedc, 0xaedc, 0xaedc, 0xaedc, 0xaedc, 0xaedc, 0xaedc, 0xaedc, 
	0xaedc, 0xaedc, 0xaedc, 0xaedc, 0xaedc, 0xaedc, 0xaedc, 0xaedc, 0xaedc, 0xaedc, 0xaedc, 0xaedc, 0xaedc, 0xaedc, 0xaedc, 0xaedc, 
	0xaedc, 0xaedc, 0xaedc, 0xaedc, 0xaedc, 0xaedc, 0xaedc, 0xaedc, 0xaedc, 0xaedc, 0xaedc, 0xaedc, 0xaedc, 0xaedc, 0xaedc, 0xaedc, 
	0xaedc, 0xb6bd, 0xaedc, 0xaf1c, 0xaedc, 0xadfc, 0x8c59, 0x83d7, 0x83d8, 0x83d8, 0x83d8, 0x83d8, 0x83d8, 0x83d8, 0x83d8, 0x83d8, 
	0x83d8, 0x83b7, 0x83d8, 0x83d8, 0x83d8, 0x83d7, 0x9c98, 0xd67e, 0xefbf, 0xe79f, 0xefbf, 0xefbf, 0xe75e, 0xad5a, 0x83f8, 0x7357, 
	0x6b16, 0x6b16, 0x6b16, 0x6b16, 0x6b16, 0x6b16, 0x6b16, 0x6b16, 0x6b16, 0x6b16, 0x6b16, 0x6b16, 0x6b16, 0x6b16, 0x6b16, 0x6b16, 
	0x7317, 0x7316, 0x72f7, 0x7318, 0x6b36, 0x6b36, 0x6af7, 0x7316, 0x6b16, 0x6b16, 0x6b16, 0x6b16, 0x6b16, 0x6b16, 0x6b16, 0x6b16, 
	0x6b16, 0x6b16, 0x6b16, 0x6b16, 0x6b16, 0x6b16, 0x6b16, 0x6b16, 0x6b17, 0x6b17, 0x6b16, 0x7316, 0x6b17, 0x6af6, 0x72f7, 0x72f7, 
	0x6b16, 0x6b16, 0x6b16, 0x6b16, 0x6b16, 0x6b16, 0x6b16, 0x6b16, 0x6b18, 0x7316, 0xb48b, 0xf5e1, 0xfe20, 0xfe20, 0xfe20, 0xf640, 
	0xf620, 0xf640, 0xf640, 0xfe20, 0xfe20, 0xe5c2, 0x9bef, 0x6b16, 0x6b17, 0x6b17, 0x6b17, 0x6b17, 0x6b17, 0x6b17, 0x6b17, 0x6b17, 
	0x7316, 0x72f6, 0x72f6, 0x7316, 0x7317, 0x6b17, 0x6b16, 0x6b16, 0x6b16, 0x6b16, 0x6b16, 0x6b16, 0x6b16, 0x6b16, 0x6b16, 0x6b16, 
	0x6b16, 0x6b16, 0x6b16, 0x6b16, 0x6b16, 0x6b16, 0x6b16, 0x6b16, 0x6b16, 0x6b16, 0x7317, 0x72f6, 0x6b36, 0x7317, 0x5bd6, 0x25b2, 
	0x0e92, 0x0e92, 0x0e92, 0x0e92, 0x0e92, 0x0e92, 0x0e91, 0x0e91, 0x0eb2, 0x0ed2, 0x0f13, 0x0712, 0x0713, 0x0733, 0x0733, 0x0f13, 
	0x0733, 0x0f14, 0x0733, 0x16f3, 0x0733, 0x0f13, 0x3dd5, 0x7c17, 0x83b8, 0x83d8, 0x7bd7, 0x83d8, 0x83d8, 0x83d8, 0x83d7, 0x83d7, 
	0x83d8, 0x83d8, 0x83d8, 0x83d8, 0x83d8, 0x83d8, 0x83d8, 0x83d8, 0x83d8, 0x83b8, 0x94da, 0xae7c, 0xaefc, 0xaedd, 0xb6bd, 0xaedc, 
	0xaedc, 0xaedc, 0xaedc, 0xaedc, 0xaedc, 0xaedc, 0xaedc, 0xaedc, 0xaedc, 0xaedc, 0xaedc, 0xaedc, 0xaedc, 0xaedc, 0xaedc, 0xaedc, 
	0xaedc, 0xaedc, 0xaedc, 0xaedc, 0xaedc, 0xaedc, 0xaedc, 0xaedc, 0xaedc, 0xaedc, 0xaedc, 0xaedc, 0xaedc, 0xaedc, 0xaedc, 0xaedc, 
	0xaedc, 0xaedc, 0xaedc, 0xaedc, 0xaedc, 0xaedc, 0xaedc, 0xaedc, 0xaedc, 0xaedc, 0xaedc, 0xaedc, 0xaedc, 0xaedc, 0xaedc, 0xaedc, 
	0xaedc, 0xaedc, 0xaedc, 0xaedc, 0xaedc, 0xaedc, 0xaedc, 0xaedc, 0xaedc, 0xaedc, 0xaedc, 0xaedc, 0xaedc, 0xaedc, 0xaedc, 0xaedc, 
	0xaedc, 0xb6dd, 0xaedc, 0xaefc, 0xaedc, 0xa5bb, 0x8c38, 0x83d7, 0x83d8, 0x83d8, 0x83d8, 0x83d8, 0x83d8, 0x83d8, 0x83d8, 0x83d8, 
	0x83d8, 0x83d7, 0x83d8, 0x83d8, 0x83b8, 0x83b8, 0x8c17, 0xad3a, 0xdf3f, 0xefbf, 0xefdf, 0xefbf, 0xce5c, 0x8c38, 0x7b77, 0x7336, 
	0x6b16, 0x6b16, 0x6b16, 0x6b16, 0x6b16, 0x6b16, 0x6b16, 0x6b16, 0x6b16, 0x6b16, 0x6b16, 0x6b16, 0x6b16, 0x6b16, 0x6b16, 0x6b16, 
	0x6b16, 0x7317, 0x7316, 0x6b16, 0x6b35, 0x7316, 0x72f6, 0x6b36, 0x6b16, 0x6b16, 0x6b16, 0x6b16, 0x6b16, 0x6b16, 0x6b16, 0x6b16, 
	0x6b16, 0x6b16, 0x6b16, 0x6b16, 0x6b16, 0x6b16, 0x6b16, 0x6b16, 0x7316, 0x7317, 0x6b17, 0x6b16, 0x6b16, 0x6b36, 0x6b17, 0x6b16, 
	0x6b16, 0x6b16, 0x6b16, 0x6b16, 0x6b16, 0x6b16, 0x6b16, 0x6b16, 0x6b15, 0x7335, 0xb4aa, 0xf601, 0xfe40, 0xfe20, 0xfe20, 0xfe20, 
	0xfe20, 0xfe40, 0xf620, 0xfe00, 0xfe00, 0xe5c3, 0x9c0f, 0x6b17, 0x7316, 0x7316, 0x7316, 0x7316, 0x7316, 0x7316, 0x7316, 0x7316, 
	0x6b16, 0x6b16, 0x6b17, 0x6b17, 0x6b16, 0x6b16, 0x7316, 0x7317, 0x6b16, 0x6b16, 0x6b16, 0x6b16, 0x6b16, 0x6b16, 0x6b16, 0x6b16, 
	0x6b16, 0x6b16, 0x6b16, 0x6b16, 0x6b16, 0x6b16, 0x6b16, 0x6b16, 0x7316, 0x6b16, 0x7317, 0x7316, 0x6b36, 0x7337, 0x5416, 0x1e13, 
	0x0e92, 0x0e92, 0x0e92, 0x0e92, 0x0e92, 0x0e92, 0x0e92, 0x0e91, 0x0eb2, 0x0ef3, 0x0f34, 0x0734, 0x0714, 0x0714, 0x0f13, 0x0f13, 
	0x0713, 0x0713, 0x0733, 0x0f13, 0x0733, 0x0713, 0x2e14, 0x7437, 0x83b8, 0x83d8, 0x83d8, 0x83d8, 0x83d8, 0x83d8, 0x83d8, 0x83d7, 
	0x83d8, 0x83d8, 0x83d8, 0x83d8, 0x83d8, 0x83d8, 0x83d8, 0x83d8, 0x83b7, 0x83b8, 0x8c99, 0xa65c, 0xaedc, 0xb6dd, 0xb6bd, 0xaefc, 
	0xaedc, 0xaedc, 0xaedc, 0xaedc, 0xaedc, 0xaedc, 0xaedc, 0xaedc, 0xaedc, 0xaedc, 0xaedc, 0xaedc, 0xaedc, 0xaedc, 0xaedc, 0xaedc, 
	0xaedc, 0xaedc, 0xaedc, 0xaedc, 0xaedc, 0xaedc, 0xaedc, 0xaedc, 0xaedc, 0xaedc, 0xaedc, 0xaedc, 0xaedc, 0xaedc, 0xaedc, 0xaedc, 
	0xaedc, 0xaedc, 0xaedc, 0xaedc, 0xaedc, 0xaedc, 0xaedc, 0xaedc, 0xaedc, 0xaedc, 0xaedc, 0xaedc, 0xaedc, 0xaedc, 0xaedc, 0xaedc, 
	0xaedc, 0xaedc, 0xaedc, 0xaedc, 0xaedc, 0xaedc, 0xaedc, 0xaedc, 0xaedc, 0xaedc, 0xaedc, 0xaedc, 0xaedc, 0xaedc, 0xaedc, 0xaedc, 
	0xaedc, 0xb6dd, 0xaedc, 0xaefc, 0xae9c, 0x951a, 0x83f8, 0x83d7, 0x83d8, 0x83d8, 0x83d8, 0x83d8, 0x83d8, 0x83d8, 0x83d8, 0x83d8, 
	0x83d8, 0x83d7, 0x83f7, 0x83b7, 0x83d8, 0x83d8, 0x83d7, 0x8c17, 0xc65d, 0xef9f, 0xefde, 0xe73e, 0xad3a, 0x83d8, 0x7b77, 0x6b16, 
	0x6b16, 0x6b16, 0x6b16, 0x6b16, 0x6b16, 0x6b16, 0x6b16, 0x6b16, 0x6b16, 0x6b16, 0x6b16, 0x6b16, 0x6b16, 0x6b16, 0x6b16, 0x6b16, 
	0x7316, 0x6b56, 0x6b17, 0x6af6, 0x6b36, 0x7316, 0x72f7, 0x6336, 0x6b16, 0x6b16, 0x6b16, 0x6b16, 0x6b16, 0x6b16, 0x6b16, 0x6b16, 
	0x6b16, 0x6b16, 0x6b16, 0x6b16, 0x6b16, 0x6b16, 0x6b16, 0x6b16, 0x6b16, 0x6b17, 0x7317, 0x6b16, 0x6b16, 0x7317, 0x7336, 0x7335, 
	0x6b16, 0x6b16, 0x6b16, 0x6b16, 0x6b16, 0x6b16, 0x6b16, 0x6b16, 0x7316, 0x7316, 0xb4ab, 0xf620, 0xfe40, 0xfe40, 0xfe20, 0xfe20, 
	0xfe00, 0xfe20, 0xf620, 0xfe20, 0xfe40, 0xe5e3, 0x9c0f, 0x7317, 0x6b16, 0x6b16, 0x6b16, 0x6b16, 0x6b16, 0x6b16, 0x6b16, 0x6b16, 
	0x6b37, 0x6b36, 0x6b16, 0x6b16, 0x6b16, 0x7316, 0x7316, 0x6af6, 0x6b16, 0x6b16, 0x6b16, 0x6b16, 0x6b16, 0x6b16, 0x6b16, 0x6b16, 
	0x6b16, 0x6b16, 0x6b16, 0x6b16, 0x6b16, 0x6b16, 0x6b16, 0x6b16, 0x7316, 0x6b16, 0x72f7, 0x6b16, 0x6b16, 0x7337, 0x4c75, 0x1673, 
	0x0e92, 0x0e92, 0x0e92, 0x0e92, 0x0e92, 0x0e92, 0x0e92, 0x0e92, 0x0e91, 0x0ef2, 0x0733, 0x0733, 0x0f13, 0x0ef3, 0x0712, 0x0732, 
	0x0f13, 0x0713, 0x0733, 0x0f13, 0x0733, 0x0733, 0x1674, 0x6c77, 0x83b7, 0x83d8, 0x83d8, 0x83d8, 0x83d8, 0x83d8, 0x83d8, 0x83d8, 
	0x83d8, 0x83d8, 0x83d8, 0x83d8, 0x83d8, 0x83d8, 0x83d8, 0x83d8, 0x83b7, 0x83d8, 0x8437, 0xa5db, 0xaebc, 0xb6fd, 0xaebc, 0xaefc, 
	0xaedc, 0xaedc, 0xaedc, 0xaedc, 0xaedc, 0xaedc, 0xaedc, 0xaedc, 0xaedc, 0xaedc, 0xaedc, 0xaedc, 0xaedc, 0xaedc, 0xaedc, 0xaedc, 
	0xaedc, 0xaedc, 0xaedc, 0xaedc, 0xaedc, 0xaedc, 0xaedc, 0xaedc, 0xaedc, 0xaedc, 0xaedc, 0xaedc, 0xaedc, 0xaedc, 0xaedc, 0xaedc, 
	0xaedc, 0xaedc, 0xaedc, 0xaedc, 0xaedc, 0xaedc, 0xaedc, 0xaedc, 0xaedc, 0xaedc, 0xaedc, 0xaedc, 0xaedc, 0xaedc, 0xaedc, 0xaedc, 
	0xaedc, 0xaedc, 0xaedc, 0xaedc, 0xaedc, 0xaedc, 0xaedc, 0xaedc, 0xaedc, 0xaedc, 0xaedc, 0xaedc, 0xaedc, 0xaedc, 0xaedc, 0xaedc, 
	0xaedc, 0xb6dd, 0xaedc, 0xaedc, 0xae7c, 0x8c99, 0x83d8, 0x83d7, 0x83d8, 0x83d8, 0x83d8, 0x83d8, 0x83d8, 0x83d8, 0x83d8, 0x83d8, 
	0x83b8, 0x83b7, 0x83f8, 0x83d7, 0x83d8, 0x83d8, 0x83d8, 0x83d8, 0xa53a, 0xe75f, 0xefdf, 0xce7d, 0x8c38, 0x7b77, 0x7357, 0x6af6, 
	0x6b16, 0x6b16, 0x6b16, 0x6b16, 0x6b16, 0x6b16, 0x6b16, 0x6b16, 0x6b16, 0x6b16, 0x6b16, 0x6b16, 0x6b16, 0x6b16, 0x6b16, 0x6b16, 
	0x72f7, 0x6b15, 0x7b16, 0x8334, 0x7316, 0x6b16, 0x72d8, 0x6b17, 0x6b16, 0x6b16, 0x6b16, 0x6b16, 0x6b16, 0x6b16, 0x6b16, 0x6b16, 
	0x6b16, 0x6b16, 0x6b16, 0x6b16, 0x6b16, 0x6b16, 0x6b16, 0x6b16, 0x6b16, 0x6b17, 0x7317, 0x7315, 0x7316, 0x72f7, 0x72d7, 0x72f6, 
	0x6b16, 0x6b16, 0x6b16, 0x6b16, 0x6b16, 0x6b16, 0x6b16, 0x6b16, 0x7317, 0x7af7, 0xb48b, 0xf600, 0xf620, 0xf620, 0xfe40, 0xf620, 
	0xfe20, 0xf640, 0xfe40, 0xfe40, 0xfe20, 0xe5c3, 0x9bef, 0x72f6, 0x6b16, 0x6b16, 0x6b16, 0x6b16, 0x6b16, 0x6b16, 0x6b16, 0x6b16, 
	0x72f8, 0x72f7, 0x72f6, 0x7316, 0x7317, 0x7317, 0x7317, 0x7316, 0x6b16, 0x6b16, 0x6b16, 0x6b16, 0x6b16, 0x6b16, 0x6b16, 0x6b16, 
	0x6b16, 0x6b16, 0x6b16, 0x6b16, 0x6b16, 0x6b16, 0x6b16, 0x6b16, 0x7317, 0x6b16, 0x72f6, 0x6b36, 0x6b16, 0x6b36, 0x3cb4, 0x0e92, 
	0x0e92, 0x0e92, 0x0e92, 0x0e92, 0x0e92, 0x0e92, 0x0e92, 0x0e92, 0x06d2, 0x0f12, 0x0f13, 0x0733, 0x0733, 0x0733, 0x0733, 0x0733, 
	0x0f13, 0x0713, 0x0733, 0x0713, 0x0f13, 0x0713, 0x0ed4, 0x64d6, 0x83d8, 0x83d8, 0x83d8, 0x83d8, 0x83d8, 0x83d8, 0x83d8, 0x83d8, 
	0x83d8, 0x83d8, 0x83d8, 0x83d8, 0x83d8, 0x83d8, 0x83d8, 0x83d8, 0x83d8, 0x83d8, 0x7bf7, 0x9d5a, 0xae9c, 0xaedd, 0xaedc, 0xaedc, 
	0xaedc, 0xaedc, 0xaedc, 0xaedc, 0xaedc, 0xaedc, 0xaedc, 0xaedc, 0xaedc, 0xaedc, 0xaedc, 0xaedc, 0xaedc, 0xaedc, 0xaedc, 0xaedc, 
	0xaedc, 0xaedc, 0xaedc, 0xaedc, 0xaedc, 0xaedc, 0xaedc, 0xaedc, 0xaedc, 0xaedc, 0xaedc, 0xaedc, 0xaedc, 0xaedc, 0xaedc, 0xaedc, 
	0xaedc, 0xaedc, 0xaedc, 0xaedc, 0xaedc, 0xaedc, 0xaedc, 0xaedc, 0xaedc, 0xaedc, 0xaedc, 0xaedc, 0xaedc, 0xaedc, 0xaedc, 0xaedc, 
	0xaedc, 0xaedc, 0xaedc, 0xaedc, 0xaedc, 0xaedc, 0xaedc, 0xaedc, 0xaedc, 0xaedc, 0xaedc, 0xaedc, 0xaedc, 0xaedc, 0xaedc, 0xaedc, 
	0xaedc, 0xb6dd, 0xaedc, 0xaedc, 0xa61c, 0x8438, 0x83d8, 0x83d8, 0x83d8, 0x83d8, 0x83d8, 0x83d8, 0x83d8, 0x83d8, 0x83d8, 0x83d8, 
	0x83d8, 0x83d7, 0x83d8, 0x83d8, 0x83b7, 0x83d8, 0x83d8, 0x83b8, 0x9479, 0xc61d, 0xd69e, 0xad5b, 0x83f8, 0x7b97, 0x7336, 0x6b17, 
	0x6b16, 0x6b16, 0x6b16, 0x6b16, 0x6b16, 0x6b16, 0x6b16, 0x6b16, 0x6b16, 0x6b16, 0x6b16, 0x6b16, 0x6b16, 0x6b16, 0x6b16, 0x6b16, 
	0x7316, 0x7316, 0xa3cf, 0xc44a, 0xa3d0, 0x7335, 0x6b16, 0x7317, 0x6b16, 0x6b16, 0x6b16, 0x6b16, 0x6b16, 0x6b16, 0x6b16, 0x6b16, 
	0x6b16, 0x6b16, 0x6b16, 0x6b16, 0x6b16, 0x6b16, 0x6b16, 0x6b16, 0x7336, 0x6af7, 0x6af7, 0x7316, 0x7355, 0x7336, 0x6b16, 0x6b16, 
	0x7316, 0x7316, 0x7316, 0x7316, 0x7316, 0x7316, 0x7316, 0x7316, 0x6b36, 0x7316, 0xb48c, 0xf601, 0xfe40, 0xfe20, 0xfe40, 0xfe40, 
	0xfe40, 0xfe40, 0xfe20, 0xfe00, 0xfe20, 0xe5c3, 0x9c0f, 0x7336, 0x6b16, 0x6b16, 0x6b16, 0x6b16, 0x6b16, 0x6b16, 0x6b16, 0x6b16, 
	0x6b15, 0x6b16, 0x7336, 0x6b16, 0x6b16, 0x6b16, 0x6b16, 0x6b16, 0x6b16, 0x6b16, 0x6b16, 0x6b16, 0x6b16, 0x6b16, 0x6b16, 0x6b16, 
	0x6b16, 0x6b16, 0x6b16, 0x6b16, 0x6b16, 0x6b16, 0x6b16, 0x6b16, 0x7316, 0x6b16, 0x72f6, 0x6b36, 0x72f6, 0x6b35, 0x3513, 0x0e92, 
	0x0e92, 0x0e92, 0x0e92, 0x0e92, 0x0e92, 0x0e92, 0x0e92, 0x0e92, 0x0ed3, 0x06f3, 0x0733, 0x0733, 0x0713, 0x0f13, 0x0ef4, 0x0ef4, 
	0x0f13, 0x0733, 0x0733, 0x0713, 0x0f13, 0x0f13, 0x0ef4, 0x5516, 0x83d8, 0x83d8, 0x83d8, 0x83d8, 0x83d8, 0x83d8, 0x83d8, 0x83d8, 
	0x83d8, 0x83d8, 0x83d8, 0x83d8, 0x83d8, 0x83d8, 0x83d8, 0x83d8, 0x83d8, 0x83d8, 0x83d7, 0x8cd9, 0xae7d, 0xaedc, 0xaedc, 0xaebd, 
	0xaedc, 0xaedc, 0xaedc, 0xaedc, 0xaedc, 0xaedc, 0xaedc, 0xaedc, 0xaedc, 0xaedc, 0xaedc, 0xaedc, 0xaedc, 0xaedc, 0xaedc, 0xaedc, 
	0xaedc, 0xaedc, 0xaedc, 0xaedc, 0xaedc, 0xaedc, 0xaedc, 0xaedc, 0xaedc, 0xaedc, 0xaedc, 0xaedc, 0xaedc, 0xaedc, 0xaedc, 0xaedc, 
	0xaedc, 0xaedc, 0xaedc, 0xaedc, 0xaedc, 0xaedc, 0xaedc, 0xaedc, 0xaedc, 0xaedc, 0xaedc, 0xaedc, 0xaedc, 0xaedc, 0xaedc, 0xaedc, 
	0xaedc, 0xaedc, 0xaedc, 0xaedc, 0xaedc, 0xaedc, 0xaedc, 0xaedc, 0xaedc, 0xaedc, 0xaedc, 0xaedc, 0xaedc, 0xaedc, 0xaedc, 0xaedc, 
	0xaedc, 0xb6dd, 0xaedd, 0xaebc, 0x9d9b, 0x83f8, 0x83b8, 0x83d8, 0x83d8, 0x83d8, 0x83d8, 0x83d8, 0x83d8, 0x83d8, 0x83d8, 0x83d8, 
	0x83d8, 0x83d7, 0x83d7, 0x83d7, 0x83d8, 0x83d8, 0x83d8, 0x83b8, 0x83d7, 0x8c38, 0x9478, 0x83f7, 0x83d8, 0x7b76, 0x6af5, 0x6b16, 
	0x6b16, 0x6b16, 0x6b16, 0x6b16, 0x6b16, 0x6b16, 0x6b16, 0x6b16, 0x6b16, 0x6b16, 0x6b16, 0x6b16, 0x6b16, 0x6b16, 0x6b16, 0x6b16, 
	0x6b36, 0x9392, 0xdcc6, 0xfd62, 0xd4a5, 0x9392, 0x6b36, 0x6b36, 0x6b16, 0x6b16, 0x6b16, 0x6b16, 0x6b16, 0x6b16, 0x6b16, 0x6b16, 
	0x6b16, 0x6b16, 0x6b16, 0x6b16, 0x6b16, 0x6b16, 0x6b16, 0x6b16, 0x72f7, 0x6b16, 0x6b16, 0x6b17, 0x6af7, 0x6af7, 0x6b17, 0x6b56, 
	0x6b16, 0x6b16, 0x6b16, 0x6b16, 0x6b16, 0x6b16, 0x6b16, 0x6b16, 0x6b16, 0x7335, 0xb48b, 0xf5e2, 0xfe40, 0xfe20, 0xfe20, 0xfe20, 
	0xfe20, 0xfe00, 0xfe00, 0xfe20, 0xfe40, 0xdde2, 0x9c0f, 0x6b17, 0x7316, 0x7316, 0x7316, 0x7316, 0x7316, 0x7316, 0x7316, 0x7316, 
	0x6b36, 0x6b37, 0x6b17, 0x6b17, 0x6b17, 0x7336, 0x7336, 0x7316, 0x6b16, 0x6b16, 0x6b16, 0x6b16, 0x6b16, 0x6b16, 0x6b16, 0x6b16, 
	0x6b16, 0x6b16, 0x6b16, 0x6b16, 0x6b16, 0x6b16, 0x6b16, 0x6b16, 0x6b16, 0x6b16, 0x7316, 0x6b36, 0x72f7, 0x6395, 0x2d93, 0x1692, 
	0x0e92, 0x0e92, 0x0e92, 0x0e92, 0x0e92, 0x0e92, 0x0e92, 0x1692, 0x0ef2, 0x06f3, 0x06f3, 0x0713, 0x0f13, 0x0f13, 0x0f13, 0x0f14, 
	0x0f13, 0x0713, 0x0733, 0x0f13, 0x0ef3, 0x0f13, 0x0ef3, 0x4575, 0x7bf8, 0x83d8, 0x83d8, 0x83d8, 0x83d8, 0x83d8, 0x83d8, 0x83d8, 
	0x83d8, 0x83d8, 0x83d8, 0x83d8, 0x83d8, 0x83d8, 0x83d8, 0x83d8, 0x83d8, 0x83d8, 0x83d8, 0x8c58, 0xae1c, 0xaedc, 0xaefc, 0xb6bd, 
	0xaedc, 0xaedc, 0xaedc, 0xaedc, 0xaedc, 0xaedc, 0xaedc, 0xaedc, 0xaedc, 0xaedc, 0xaedc, 0xaedc, 0xaedc, 0xaedc, 0xaedc, 0xaedc, 
	0xaedc, 0xaedc, 0xaedc, 0xaedc, 0xaedc, 0xaedc, 0xaedc, 0xaedc, 0xaedc, 0xaedc, 0xaedc, 0xaedc, 0xaedc, 0xaedc, 0xaedc, 0xaedc, 
	0xaedc, 0xaedc, 0xaedc, 0xaedc, 0xaedc, 0xaedc, 0xaedc, 0xaedc, 0xaedc, 0xaedc, 0xaedc, 0xaedc, 0xaedc, 0xaedc, 0xaedc, 0xaedc, 
	0xaedc, 0xaedc, 0xaedc, 0xaedc, 0xaedc, 0xaedc, 0xaedc, 0xaedc, 0xaedc, 0xaedc, 0xaedc, 0xaedc, 0xaedc, 0xaedc, 0xaedc, 0xaedc, 
	0xaedc, 0xaedd, 0xaedd, 0xae9c, 0x953a, 0x83d8, 0x83b8, 0x83f7, 0x83d8, 0x83d8, 0x83d8, 0x83d8, 0x83d8, 0x83d8, 0x83d8, 0x83d8, 
	0x83d7, 0x83d8, 0x83b8, 0x83d8, 0x83d8, 0x83d8, 0x83d8, 0x83d8, 0x83d7, 0x83d7, 0x83f8, 0x83d8, 0x83b8, 0x7336, 0x6af6, 0x7357, 
	0x6b16, 0x6b16, 0x6b16, 0x6b16, 0x6b16, 0x6b16, 0x6b16, 0x6b16, 0x6b16, 0x6b16, 0x6b16, 0x6b16, 0x6b16, 0x6b16, 0x6b16, 0x6b16, 
	0x7336, 0xbc0c, 0xf504, 0xfd41, 0xf521, 0xb3ed, 0x7b16, 0x6af6, 0x6b16, 0x6b16, 0x6b16, 0x6b16, 0x6b16, 0x6b16, 0x6b16, 0x6b16, 
	0x6b16, 0x6b16, 0x6b16, 0x6b16, 0x6b16, 0x6b16, 0x6b16, 0x6b16, 0x7316, 0x7335, 0x7336, 0x6b17, 0x7316, 0x8374, 0x93d2, 0x9bf1, 
	0x9c30, 0x9c30, 0x9c30, 0x9c30, 0x9c30, 0x9c30, 0x9c30, 0x9c30, 0x9c30, 0x9c4f, 0xcd48, 0xf603, 0xfe60, 0xfe61, 0xfe42, 0xfe42, 
	0xfe60, 0xfe60, 0xfe60, 0xfe61, 0xfe61, 0xe622, 0xac8d, 0x93d3, 0x8bd3, 0x8bd3, 0x8bd3, 0x8bd3, 0x8bd3, 0x8bd3, 0x8bd3, 0x8bd3, 
	0x8bb4, 0x8bb3, 0x83b4, 0x7b55, 0x7316, 0x6b17, 0x6b16, 0x6af5, 0x6b16, 0x6b16, 0x6b16, 0x6b16, 0x6b16, 0x6b16, 0x6b16, 0x6b16, 
	0x6b16, 0x6b16, 0x6b16, 0x6b16, 0x6b16, 0x6b16, 0x6b16, 0x6b16, 0x72f6, 0x6b17, 0x7316, 0x6b36, 0x72f7, 0x5bf5, 0x1e13, 0x1691, 
	0x0e91, 0x0e92, 0x0e92, 0x0e92, 0x0e92, 0x0e92, 0x1692, 0x1672, 0x0eb3, 0x2614, 0x3574, 0x3595, 0x1e34, 0x06f3, 0x0733, 0x0f33, 
	0x0f13, 0x0f13, 0x0733, 0x0f13, 0x0713, 0x0733, 0x0ef3, 0x35f5, 0x7bf8, 0x7bf8, 0x83d8, 0x83d8, 0x83d8, 0x7bd8, 0x83d8, 0x83b8, 
	0x83d8, 0x83d8, 0x83d8, 0x83d8, 0x83d8, 0x83d8, 0x83d8, 0x83d8, 0x83d8, 0x83d7, 0x83d8, 0x83f8, 0xa5bb, 0xaedc, 0xaefc, 0xb6dd, 
	0xaedc, 0xaedc, 0xaedc, 0xaedc, 0xaedc, 0xaedc, 0xaedc, 0xaedc, 0xaedc, 0xaedc, 0xaedc, 0xaedc, 0xaedc, 0xaedc, 0xaedc, 0xaedc, 
	0xaedc, 0xaedc, 0xaedc, 0xaedc, 0xaedc, 0xaedc, 0xaedc, 0xaedc, 0xaedc, 0xaedc, 0xaedc, 0xaedc, 0xaedc, 0xaedc, 0xaedc, 0xaedc, 
	0xaedc, 0xaedc, 0xaedc, 0xaedc, 0xaedc, 0xaedc, 0xaedc, 0xaedc, 0xaedc, 0xaedc, 0xaedc, 0xaedc, 0xaedc, 0xaedc, 0xaedc, 0xaedc, 
	0xaedc, 0xaedc, 0xaedc, 0xaedc, 0xaedc, 0xaedc, 0xaedc, 0xaedc, 0xaedc, 0xaedc, 0xaedc, 0xaedc, 0xaedc, 0xaedc, 0xaedc, 0xaedc, 
	0xaedc, 0xaebd, 0xaedd, 0xae7c, 0x8cd8, 0x83d8, 0x83b8, 0x7bf7, 0x83d8, 0x83d8, 0x83d8, 0x83d8, 0x83d8, 0x83d8, 0x83d8, 0x83d8, 
	0x83b7, 0x83d8, 0x83d8, 0x83d8, 0x83d7, 0x83b7, 0x83d7, 0x83d8, 0x83d8, 0x83d8, 0x83d8, 0x83d7, 0x7b77, 0x7317, 0x7317, 0x6af5, 
	0x6b16, 0x6b16, 0x6b16, 0x6b16, 0x6b16, 0x6b16, 0x6b16, 0x6b16, 0x6b16, 0x6b16, 0x6b16, 0x6b16, 0x6b16, 0x6b16, 0x6b16, 0x6b16, 
	0x8b91, 0xe4c6, 0xfd03, 0xfd22, 0xfd64, 0xd4c7, 0x8b72, 0x7316, 0x6b16, 0x6b16, 0x6b16, 0x6b16, 0x6b16, 0x6b16, 0x6b16, 0x6b16, 
	0x6b16, 0x6b16, 0x6b16, 0x6b16, 0x6b16, 0x6b16, 0x6b16, 0x6b16, 0x6b16, 0x6b16, 0x6af7, 0x7b55, 0xa46e, 0xcdc6, 0xee42, 0xee03, 
	0xee24, 0xee24, 0xee24, 0xee24, 0xee24, 0xee24, 0xee24, 0xee24, 0xee44, 0xe666, 0xf6a5, 0xfea5, 0xfec5, 0xfee5, 0xfec5, 0xff04, 
	0xfea5, 0xfee5, 0xfee4, 0xfea5, 0xfea5, 0xfee3, 0xee48, 0xe66a, 0xe668, 0xe668, 0xe668, 0xe668, 0xe668, 0xe668, 0xe668, 0xe668, 
	0xee28, 0xee68, 0xde29, 0xb52e, 0x8bd3, 0x72f7, 0x6af8, 0x7336, 0x6b16, 0x6b16, 0x6b16, 0x6b16, 0x6b16, 0x6b16, 0x6b16, 0x6b16, 
	0x6b16, 0x6b16, 0x6b16, 0x6b16, 0x6b16, 0x6b16, 0x6b16, 0x6b16, 0x72f6, 0x6b17, 0x7316, 0x6b16, 0x6af7, 0x4c15, 0x1653, 0x0e91, 
	0x0e91, 0x0e91, 0x0e92, 0x0e92, 0x0e92, 0x1692, 0x1672, 0x1672, 0x44f4, 0x5415, 0x6336, 0x6b36, 0x5bf6, 0x3d35, 0x1e54, 0x06f3, 
	0x0f13, 0x0ef3, 0x0733, 0x0f13, 0x0733, 0x0753, 0x0f13, 0x2655, 0x7418, 0x7bf8, 0x83d8, 0x83d8, 0x83d8, 0x7bd8, 0x83d8, 0x8bd8, 
	0x83d8, 0x83d8, 0x83d8, 0x83d8, 0x83d8, 0x83d8, 0x83d8, 0x83d8, 0x83d8, 0x83d8, 0x83d8, 0x83d8, 0x9d5a, 0xaedc, 0xa6db, 0xb6bd, 
	0xaedc, 0xaedc, 0xaedc, 0xaedc, 0xaedc, 0xaedc, 0xaedc, 0xaedc, 0xaedc, 0xaedc, 0xaedc, 0xaedc, 0xaedc, 0xaedc, 0xaedc, 0xaedc, 
	0xaedc, 0xaedc, 0xaedc, 0xaedc, 0xaedc, 0xaedc, 0xaedc, 0xaedc, 0xaedc, 0xaedc, 0xaedc, 0xaedc, 0xaedc, 0xaedc, 0xaedc, 0xaedc, 
	0xaedc, 0xaedc, 0xaedc, 0xaedc, 0xaedc, 0xaedc, 0xaedc, 0xaedc, 0xaedc, 0xaedc, 0xaedc, 0xaedc, 0xaedc, 0xaedc, 0xaedc, 0xaedc, 
	0xaedc, 0xaedc, 0xaedc, 0xaedc, 0xaedc, 0xaedc, 0xaedc, 0xaedc, 0xaedc, 0xaedc, 0xaedc, 0xaedc, 0xaedc, 0xaedc, 0xaedc, 0xaedc, 
	0xb6bd, 0xaefc, 0xaefc, 0xae1c, 0x8c39, 0x83d8, 0x83d7, 0x83b7, 0x83d8, 0x83d8, 0x83d8, 0x83d8, 0x83d8, 0x83d8, 0x83d8, 0x83d8, 
	0x83d8, 0x83d8, 0x83d8, 0x83d8, 0x83d8, 0x83d8, 0x83d8, 0x83d8, 0x83d8, 0x83d7, 0x83d8, 0x83d8, 0x7b57, 0x7316, 0x7316, 0x6b16, 
	0x6b36, 0x6b15, 0x72f7, 0x6b16, 0x6b16, 0x72f7, 0x72f6, 0x72f7, 0x6b17, 0x7316, 0x7316, 0x7316, 0x6af6, 0x6b16, 0x7336, 0x7316, 
	0xbbcd, 0xf542, 0xfd42, 0xfd03, 0xfd62, 0xf4e4, 0xbc2c, 0x7b16, 0x6af6, 0x6b36, 0x6b36, 0x6b16, 0x6b16, 0x7317, 0x72f7, 0x72f7, 
	0x6b16, 0x6b16, 0x7316, 0x6ad7, 0x6b16, 0x7336, 0x6af7, 0x6b36, 0x7317, 0x6316, 0x6b17, 0xac4f, 0xee03, 0xfea0, 0xfec0, 0xfea0, 
	0xfec0, 0xfea0, 0xfea0, 0xfe80, 0xfea0, 0xfec1, 0xfea0, 0xfe81, 0xfee4, 0xfee4, 0xff05, 0xfee5, 0xfee5, 0xfee5, 0xfee5, 0xfee5, 
	0xfee6, 0xfee6, 0xfee6, 0xfee6, 0xfee6, 0xfee6, 0xfee6, 0xfee6, 0xfee5, 0xfee5, 0xfee5, 0xff06, 0xff06, 0xff05, 0xff05, 0xfee6, 
	0xff05, 0xff06, 0xfee6, 0xfea7, 0xd56b, 0x8373, 0x6b16, 0x7317, 0x6b16, 0x6b16, 0x6b16, 0x6b16, 0x6b16, 0x6b16, 0x6b16, 0x6b16, 
	0x6b16, 0x6b16, 0x6b16, 0x6b16, 0x6b16, 0x6b16, 0x6b16, 0x6b16, 0x7af7, 0x6b16, 0x7316, 0x7316, 0x72f5, 0x5435, 0x1633, 0x0eb1, 
	0x0eb1, 0x1691, 0x1672, 0x0e92, 0x0eb2, 0x1e33, 0x3d14, 0x5415, 0x6b36, 0x6b16, 0x6b17, 0x72f7, 0x72f6, 0x6375, 0x4c55, 0x3516, 
	0x1694, 0x06f3, 0x0732, 0x0f12, 0x0f13, 0x0734, 0x0714, 0x16b4, 0x6497, 0x83d7, 0x83b7, 0x7bf8, 0x83d8, 0x83b8, 0x7bd7, 0x83d8, 
	0x83d8, 0x83d8, 0x83d8, 0x83d8, 0x83d8, 0x83d8, 0x83d8, 0x83d8, 0x83d8, 0x83d8, 0x83d8, 0x83d8, 0x94d9, 0xae9c, 0xaedc, 0xaedd, 
	0xaedc, 0xaedc, 0xaedc, 0xaedc, 0xaedc, 0xaedc, 0xaedc, 0xaedc, 0xaedc, 0xaedc, 0xaedc, 0xaedc, 0xaedc, 0xaedc, 0xaedc, 0xaedc, 
	0xaedc, 0xaedc, 0xaedc, 0xaedc, 0xaedc, 0xaedc, 0xaedc, 0xaedc, 0xaedc, 0xaedc, 0xaedc, 0xaedc, 0xaedc, 0xaedc, 0xaedc, 0xaedc, 
	0xaedc, 0xaedc, 0xaedc, 0xaedc, 0xaedc, 0xaedc, 0xaedc, 0xaedc, 0xaedc, 0xaedc, 0xaedc, 0xaedc, 0xaedc, 0xaedc, 0xaedc, 0xaedc, 
	0xaedc, 0xaedc, 0xaedc, 0xaedc, 0xaedc, 0xaedc, 0xaedc, 0xaedc, 0xaedc, 0xaedc, 0xaedc, 0xaedc, 0xaedc, 0xaedc, 0xaedc, 0xaedc, 
	0xb6bd, 0xaefc, 0xaefc, 0xa5db, 0x8438, 0x83d8, 0x83d7, 0x83d8, 0x83d8, 0x83d8, 0x83d8, 0x83d8, 0x83d8, 0x83d8, 0x83d8, 0x83d8, 
	0x83d8, 0x83d8, 0x83d8, 0x83d8, 0x83d8, 0x83d8, 0x83d8, 0x83d8, 0x83d8, 0x83d7, 0x83d8, 0x83b8, 0x7357, 0x6b16, 0x6b16, 0x6b16, 
	0x72f8, 0x7316, 0x7337, 0x6b36, 0x6b16, 0x6b16, 0x6b35, 0x6356, 0x6315, 0x6b17, 0x6af7, 0x72f8, 0x7337, 0x6b17, 0x72f7, 0x8b72, 
	0xdca7, 0xfd43, 0xfd22, 0xfd22, 0xfd41, 0xfd42, 0xd4c7, 0x8b72, 0x7316, 0x7317, 0x7317, 0x7316, 0x7316, 0x7316, 0x6b36, 0x6b56, 
	0x7317, 0x7317, 0x7336, 0x7336, 0x7336, 0x7336, 0x6af7, 0x6af6, 0x7316, 0x6b17, 0x7b94, 0xc52a, 0xfe81, 0xfea0, 0xfec0, 0xfea0, 
	0xfea0, 0xfea0, 0xfea0, 0xfea0, 0xfea0, 0xfec0, 0xfec0, 0xfec2, 0xff05, 0xff05, 0xff06, 0xff06, 0xff06, 0xff06, 0xff06, 0xff06, 
	0xfee5, 0xfee5, 0xfee5, 0xfee5, 0xfee5, 0xfee5, 0xfee5, 0xfee5, 0xff07, 0xfee6, 0xfee6, 0xfee6, 0xfee5, 0xfee5, 0xfee6, 0xfee7, 
	0xff06, 0xfee5, 0xff05, 0xff05, 0xee68, 0x9c71, 0x6b55, 0x6af7, 0x6b16, 0x6b16, 0x6b16, 0x6b16, 0x6b16, 0x6b16, 0x6b16, 0x6b16, 
	0x6b16, 0x6b16, 0x6b16, 0x6b16, 0x6b16, 0x6b16, 0x6b16, 0x6b16, 0x6b16, 0x6336, 0x6b17, 0x6b37, 0x6356, 0x4495, 0x1673, 0x16b0, 
	0x0e92, 0x1692, 0x16b2, 0x1652, 0x2d73, 0x4c54, 0x5b95, 0x6356, 0x7316, 0x6b16, 0x6b17, 0x6b17, 0x72f6, 0x72f6, 0x6b35, 0x6b75, 
	0x5435, 0x2d75, 0x0eb5, 0x0f13, 0x0f13, 0x0733, 0x0f13, 0x16b3, 0x6497, 0x83f7, 0x83b7, 0x7bf8, 0x83d8, 0x83b7, 0x7bd7, 0x83d8, 
	0x83d8, 0x83d8, 0x83d8, 0x83d8, 0x83d8, 0x83d8, 0x83d8, 0x83d8, 0x83d8, 0x83d7, 0x83d8, 0x83d8, 0x8c99, 0xae5c, 0xaedc, 0xaedd, 
	0xaedc, 0xaedc, 0xaedc, 0xaedc, 0xaedc, 0xaedc, 0xaedc, 0xaedc, 0xaedc, 0xaedc, 0xaedc, 0xaedc, 0xaedc, 0xaedc, 0xaedc, 0xaedc, 
	0xaedc, 0xaedc, 0xaedc, 0xaedc, 0xaedc, 0xaedc, 0xaedc, 0xaedc, 0xaedc, 0xaedc, 0xaedc, 0xaedc, 0xaedc, 0xaedc, 0xaedc, 0xaedc, 
	0xaedc, 0xaedc, 0xaedc, 0xaedc, 0xaedc, 0xaedc, 0xaedc, 0xaedc, 0xaedc, 0xaedc, 0xaedc, 0xaedc, 0xaedc, 0xaedc, 0xaedc, 0xaedc, 
	0xaedc, 0xaedc, 0xaedc, 0xaedc, 0xaedc, 0xaedc, 0xaedc, 0xaedc, 0xaedc, 0xaedc, 0xaedc, 0xaedc, 0xaedc, 0xaedc, 0xaedc, 0xaedc, 
	0xb6bd, 0xaedc, 0xaedc, 0x9d7a, 0x83f8, 0x83d8, 0x83d7, 0x83d8, 0x83d8, 0x83d8, 0x83d8, 0x83d8, 0x83d8, 0x83d8, 0x83d8, 0x83d8, 
	0x83d8, 0x83d8, 0x83d8, 0x83d8, 0x83d8, 0x83d8, 0x83d8, 0x83d8, 0x83d8, 0x83d8, 0x83d8, 0x7bb7, 0x7336, 0x6b16, 0x6b16, 0x6b16, 
	0x72f7, 0x6b15, 0x6b17, 0x6b17, 0x72f7, 0x72f7, 0x6b16, 0x6b17, 0x72f6, 0x7337, 0x6af6, 0x6af6, 0x6b55, 0x6316, 0x7af6, 0xac2c, 
	0xf543, 0xfd22, 0xfd02, 0xfd21, 0xfd22, 0xfd41, 0xed23, 0xb3ec, 0x7354, 0x6af7, 0x6af8, 0x7317, 0x72f7, 0x72f7, 0x7316, 0x6af6, 
	0x72f7, 0x6af7, 0x7316, 0x6b16, 0x6af7, 0x7316, 0x7316, 0x7316, 0x7316, 0x6b17, 0x8bf2, 0xde04, 0xfec0, 0xfe81, 0xfea0, 0xfea0, 
	0xfea0, 0xfea0, 0xfea0, 0xfea0, 0xfe81, 0xfe80, 0xf680, 0xfec3, 0xfee5, 0xfee5, 0xfee5, 0xfee5, 0xfee5, 0xfee6, 0xfee6, 0xfee6, 
	0xfee6, 0xfee6, 0xfee6, 0xfee6, 0xfee6, 0xfee6, 0xfee6, 0xfee6, 0xf6e4, 0xfee5, 0xfee5, 0xfee5, 0xfee4, 0xfee5, 0xfee6, 0xfee6, 
	0xff06, 0xfee5, 0xfee5, 0xff04, 0xf6e5, 0xb50f, 0x7375, 0x72f7, 0x6b16, 0x6b16, 0x6b16, 0x6b16, 0x6b16, 0x6b16, 0x6b16, 0x6b16, 
	0x6b16, 0x6b16, 0x6b16, 0x6b16, 0x6b16, 0x6b16, 0x6b16, 0x6b16, 0x6b16, 0x6b16, 0x72f7, 0x7317, 0x6356, 0x4495, 0x1673, 0x0ed1, 
	0x0e92, 0x1632, 0x2d73, 0x4c55, 0x6376, 0x6b36, 0x6b16, 0x72f6, 0x7316, 0x6b16, 0x6b16, 0x6b17, 0x7317, 0x72f7, 0x72f6, 0x72f6, 
	0x6b17, 0x6b56, 0x5456, 0x2d95, 0x0e94, 0x0713, 0x0f13, 0x0ed3, 0x6477, 0x83f7, 0x83d8, 0x7bf8, 0x83d8, 0x83b7, 0x7bd7, 0x83d8, 
	0x83d8, 0x83d8, 0x83d8, 0x83d8, 0x83d8, 0x83d8, 0x83d8, 0x83d8, 0x83d8, 0x83d7, 0x83d8, 0x83b8, 0x8c58, 0xa61b, 0xaedc, 0xaedd, 
	0xaedc, 0xaedc, 0xaedc, 0xaedc, 0xaedc, 0xaedc, 0xaedc, 0xaedc, 0xaedc, 0xaedc, 0xaedc, 0xaedc, 0xaedc, 0xaedc, 0xaedc, 0xaedc, 
	0xaedc, 0xaedc, 0xaedc, 0xaedc, 0xaedc, 0xaedc, 0xaedc, 0xaedc, 0xaedc, 0xaedc, 0xaedc, 0xaedc, 0xaedc, 0xaedc, 0xaedc, 0xaedc, 
	0xaedc, 0xaedc, 0xaedc, 0xaedc, 0xaedc, 0xaedc, 0xaedc, 0xaedc, 0xaedc, 0xaedc, 0xaedc, 0xaedc, 0xaedc, 0xaedc, 0xaedc, 0xaedc, 
	0xaedc, 0xaedc, 0xaedc, 0xaedc, 0xaedc, 0xaedc, 0xaedc, 0xaedc, 0xaedc, 0xaedc, 0xaedc, 0xaedc, 0xaedc, 0xaedc, 0xaedc, 0xaedc, 
	0xb6dd, 0xaedc, 0xb6bd, 0x9519, 0x83d8, 0x83d8, 0x83d7, 0x83d8, 0x83d8, 0x83d8, 0x83d8, 0x83d8, 0x83d8, 0x83d8, 0x83d8, 0x83d8, 
	0x83d8, 0x83d8, 0x83d8, 0x83d8, 0x83d8, 0x83d8, 0x83d8, 0x83d8, 0x83d8, 0x83d8, 0x83d7, 0x7b97, 0x7336, 0x6b16, 0x6b16, 0x6b16, 
	0x7316, 0x6b16, 0x6b17, 0x7316, 0x7316, 0x7336, 0x7316, 0x72f7, 0x72f5, 0x6b36, 0x6316, 0x6b16, 0x6b56, 0x6b16, 0x9b72, 0xdcc7, 
	0xfd22, 0xfd21, 0xfd22, 0xfd43, 0xfd02, 0xfd22, 0xfd42, 0xdca6, 0x8b92, 0x72f6, 0x6b17, 0x6b55, 0x6b16, 0x6b17, 0x7337, 0x7318, 
	0x7336, 0x6b16, 0x6b36, 0x6b36, 0x6af6, 0x6b16, 0x7316, 0x7316, 0x6b16, 0x6af7, 0x93f1, 0xe623, 0xfea0, 0xfe61, 0xfea0, 0xfea0, 
	0xfe80, 0xfe81, 0xfea0, 0xfea0, 0xfea1, 0xfe80, 0xfea0, 0xfee2, 0xfee5, 0xfee5, 0xfee5, 0xfee5, 0xfee5, 0xfee5, 0xfee5, 0xfee6, 
	0xfee6, 0xfee6, 0xfee6, 0xfee6, 0xfee6, 0xfee6, 0xfee6, 0xfee6, 0xff05, 0xff06, 0xff07, 0xfee6, 0xfee5, 0xfee5, 0xfee5, 0xfee4, 
	0xff06, 0xfee5, 0xfee6, 0xfec6, 0xfee5, 0xbd0e, 0x7355, 0x7317, 0x6b16, 0x6b16, 0x6b16, 0x6b16, 0x6b16, 0x6b16, 0x6b16, 0x6b16, 
	0x6b16, 0x6b16, 0x6b16, 0x6b16, 0x6b16, 0x6b16, 0x6b16, 0x6b16, 0x72f6, 0x6b16, 0x72f7, 0x72f7, 0x72f6, 0x5bf5, 0x2d54, 0x25d3, 
	0x3553, 0x4495, 0x5b96, 0x6b17, 0x72f7, 0x7317, 0x7316, 0x7316, 0x6b36, 0x6b16, 0x72f6, 0x72f6, 0x7317, 0x6b37, 0x6b37, 0x6b37, 
	0x7316, 0x6316, 0x6336, 0x6376, 0x4c95, 0x2dd6, 0x2e15, 0x4595, 0x7457, 0x83d7, 0x83d8, 0x7bd8, 0x83d8, 0x83d7, 0x83d7, 0x83d8, 
	0x83d8, 0x83d8, 0x83d8, 0x83d8, 0x83d8, 0x83d8, 0x83d8, 0x83d8, 0x83d8, 0x83d7, 0x83d8, 0x83b8, 0x8418, 0x9dbb, 0xb6dd, 0xaedc, 
	0xaedc, 0xaedc, 0xaedc, 0xaedc, 0xaedc, 0xaedc, 0xaedc, 0xaedc, 0xaedc, 0xaedc, 0xaedc, 0xaedc, 0xaedc, 0xaedc, 0xaedc, 0xaedc, 
	0xaedc, 0xaedc, 0xaedc, 0xaedc, 0xaedc, 0xaedc, 0xaedc, 0xaedc, 0xaedc, 0xaedc, 0xaedc, 0xaedc, 0xaedc, 0xaedc, 0xaedc, 0xaedc, 
	0xaedc, 0xaedc, 0xaedc, 0xaedc, 0xaedc, 0xaedc, 0xaedc, 0xaedc, 0xaedc, 0xaedc, 0xaedc, 0xaedc, 0xaedc, 0xaedc, 0xaedc, 0xaedc, 
	0xaedc, 0xaedc, 0xaedc, 0xaedc, 0xaedc, 0xaedc, 0xaedc, 0xaedc, 0xaedc, 0xaedc, 0xaedc, 0xaedc, 0xaedc, 0xaedc, 0xaedc, 0xaedc, 
	0xaedd, 0xaedc, 0xae9c, 0x8cb9, 0x83d8, 0x83d8, 0x83d7, 0x83d8, 0x83d8, 0x83d8, 0x83d8, 0x83d8, 0x83d8, 0x83d8, 0x83d8, 0x83d8, 
	0x83d8, 0x83d8, 0x83d8, 0x83d8, 0x83d8, 0x83d8, 0x83d8, 0x83d8, 0x83d8, 0x83d8, 0x83b7, 0x7377, 0x7336, 0x6b16, 0x6b16, 0x7316, 
	0x7336, 0x7317, 0x7316, 0x6b16, 0x6335, 0x6336, 0x6b16, 0x7b16, 0x72f7, 0x7336, 0x7336, 0x8b53, 0x9370, 0x9bb0, 0xc449, 0xfd02, 
	0xfd03, 0xfd42, 0xfd22, 0xfd43, 0xfd23, 0xfd03, 0xfd23, 0xf523, 0xbc4a, 0xa390, 0x8b53, 0x8354, 0x7316, 0x7317, 0x7335, 0x6b15, 
	0x6af7, 0x6b17, 0x6b17, 0x6b17, 0x7316, 0x7316, 0x7316, 0x6af7, 0x6b17, 0x6b17, 0x93f2, 0xe625, 0xfe80, 0xfe60, 0xfea0, 0xfea0, 
	0xfea0, 0xfea1, 0xfea0, 0xfea0, 0xfe80, 0xfe80, 0xfe80, 0xfec1, 0xfee6, 0xff06, 0xff06, 0xff05, 0xff05, 0xfee5, 0xfee5, 0xfee5, 
	0xfee5, 0xfee5, 0xfee5, 0xfee5, 0xfee5, 0xfee5, 0xfee5, 0xfee5, 0xfee4, 0xfee4, 0xfee5, 0xfee5, 0xfee5, 0xfee5, 0xfee6, 0xfee6, 
	0xfee6, 0xfee5, 0xff07, 0xfee7, 0xfee6, 0xbd0f, 0x7335, 0x7316, 0x6b16, 0x6b16, 0x6b16, 0x6b16, 0x6b16, 0x6b16, 0x6b16, 0x6b16, 
	0x6b16, 0x6b16, 0x6b16, 0x6b16, 0x6b16, 0x6b16, 0x6b16, 0x6b16, 0x72f6, 0x6b16, 0x6b36, 0x6b16, 0x72f6, 0x6b36, 0x5bb6, 0x5bd5, 
	0x6376, 0x6b37, 0x7317, 0x7316, 0x6b16, 0x6b15, 0x6b16, 0x6b17, 0x6b17, 0x7316, 0x7316, 0x6b16, 0x6b16, 0x6b16, 0x7316, 0x72f7, 
	0x7335, 0x6b16, 0x6b17, 0x7317, 0x7356, 0x73d6, 0x7437, 0x7c17, 0x7bf7, 0x83b7, 0x8bb8, 0x83d8, 0x83d7, 0x83d7, 0x83d8, 0x83d8, 
	0x83d8, 0x83d8, 0x83d8, 0x83d8, 0x83d8, 0x83d8, 0x83d8, 0x83d8, 0x83d8, 0x83d7, 0x83f8, 0x83b8, 0x83f8, 0x9d5a, 0xb6bd, 0xaedc, 
	0xaedc, 0xaedc, 0xaedc, 0xaedc, 0xaedc, 0xaedc, 0xaedc, 0xaedc, 0xaedc, 0xaedc, 0xaedc, 0xaedc, 0xaedc, 0xaedc, 0xaedc, 0xaedc, 
	0xaedc, 0xaedc, 0xaedc, 0xaedc, 0xaedc, 0xaedc, 0xaedc, 0xaedc, 0xaedc, 0xaedc, 0xaedc, 0xaedc, 0xaedc, 0xaedc, 0xaedc, 0xaedc, 
	0xaedc, 0xaedc, 0xaedc, 0xaedc, 0xaedc, 0xaedc, 0xaedc, 0xaedc, 0xaedc, 0xaedc, 0xaedc, 0xaedc, 0xaedc, 0xaedc, 0xaedc, 0xaedc, 
	0xaedc, 0xaedc, 0xaedc, 0xaedc, 0xaedc, 0xaedc, 0xaedc, 0xaedc, 0xaedc, 0xaedc, 0xaedc, 0xaedc, 0xaedc, 0xaedc, 0xaedc, 0xaedc, 
	0xaedd, 0xaedc, 0xae5c, 0x8c78, 0x83b8, 0x83d8, 0x83d7, 0x83b8, 0x83d8, 0x83d8, 0x83d8, 0x83d8, 0x83d8, 0x83d8, 0x83d8, 0x83d8, 
	0x83d8, 0x83d8, 0x83d8, 0x83d8, 0x83d8, 0x83d8, 0x83d8, 0x83d8, 0x83d8, 0x83f8, 0x7bb7, 0x7356, 0x7316, 0x6b17, 0x6b17, 0x7316, 
	0x6316, 0x72f7, 0x72f7, 0x6af6, 0x7335, 0x8b52, 0xa3b0, 0xabed, 0xc449, 0xc447, 0xcc48, 0xe465, 0xe484, 0xe4c6, 0xf542, 0xfd23, 
	0xfd22, 0xfd42, 0xfd22, 0xfd21, 0xfd42, 0xfd22, 0xfd22, 0xfd43, 0xf543, 0xecc6, 0xdca7, 0xd4a7, 0xcc6a, 0xbc2c, 0xb40d, 0xa3ce, 
	0x9372, 0x8b73, 0x72f6, 0x6af8, 0x7317, 0x7317, 0x6b16, 0x6b16, 0x6b17, 0x6b16, 0x93f2, 0xe624, 0xfe80, 0xfea0, 0xfea0, 0xfea0, 
	0xfea0, 0xfea0, 0xfea0, 0xf6c0, 0xf6c3, 0xf6e4, 0xf6e4, 0xfee5, 0xff08, 0xff09, 0xff09, 0xff08, 0xff08, 0xff08, 0xff07, 0xff07, 
	0xff07, 0xff07, 0xff07, 0xff07, 0xff07, 0xff07, 0xff07, 0xff07, 0xff08, 0xff08, 0xff08, 0xff08, 0xff07, 0xff05, 0xfee5, 0xfee6, 
	0xfee5, 0xfee5, 0xff05, 0xfee5, 0xfee5, 0xbd2e, 0x7336, 0x7316, 0x6b16, 0x6b16, 0x6b16, 0x6b16, 0x6b16, 0x6b16, 0x6b16, 0x6b16, 
	0x6b16, 0x6b16, 0x6b16, 0x6b16, 0x6b16, 0x6b16, 0x6b16, 0x6b16, 0x6b37, 0x6b16, 0x6b16, 0x6b16, 0x6b16, 0x6b17, 0x6af7, 0x72f7, 
	0x72f7, 0x6b17, 0x7316, 0x7af6, 0x72f6, 0x6b16, 0x6b16, 0x6b16, 0x6b17, 0x7317, 0x7316, 0x7316, 0x6b16, 0x6b16, 0x72f6, 0x72f6, 
	0x72f6, 0x7af7, 0x7317, 0x6b16, 0x6b36, 0x7b56, 0x83b8, 0x83d8, 0x83d7, 0x8bb8, 0x8bb8, 0x83b8, 0x83d7, 0x83d7, 0x83d8, 0x83d8, 
	0x83d8, 0x83d8, 0x83d8, 0x83d8, 0x83d8, 0x83d8, 0x83d8, 0x83d8, 0x83b8, 0x83d7, 0x83d8, 0x83b8, 0x83f8, 0x9519, 0xaebc, 0xaedc, 
	0xaedc, 0xaedc, 0xaedc, 0xaedc, 0xaedc, 0xaedc, 0xaedc, 0xaedc, 0xaedc, 0xaedc, 0xaedc, 0xaedc, 0xaedc, 0xaedc, 0xaedc, 0xaedc, 
	0xaedc, 0xaedc, 0xaedc, 0xaedc, 0xaedc, 0xaedc, 0xaedc, 0xaedc, 0xaedc, 0xaedc, 0xaedc, 0xaedc, 0xaedc, 0xaedc, 0xaedc, 0xaedc, 
	0xaedc, 0xaedc, 0xaedc, 0xaedc, 0xaedc, 0xaedc, 0xaedc, 0xaedc, 0xaedc, 0xaedc, 0xaedc, 0xaedc, 0xaedc, 0xaedc, 0xaedc, 0xaedc, 
	0xaedc, 0xaedc, 0xaedc, 0xaedc, 0xaedc, 0xaedc, 0xaedc, 0xaedc, 0xaedc, 0xaedc, 0xaedc, 0xaedc, 0xaedc, 0xaedc, 0xaedc, 0xaedc, 
	0xaedc, 0xaedc, 0xa5fb, 0x8c58, 0x83b8, 0x83d8, 0x83d7, 0x83d8, 0x83d8, 0x83d8, 0x83d8, 0x83d8, 0x83d8, 0x83d8, 0x83d8, 0x83d8, 
	0x83d8, 0x83d8, 0x83d8, 0x83d8, 0x83d8, 0x83d8, 0x83d8, 0x83d8, 0x83d7, 0x83d8, 0x7b97, 0x7336, 0x6b16, 0x7317, 0x6b17, 0x6b16, 
	0x6b16, 0x7317, 0x7317, 0x7317, 0x9391, 0xd428, 0xf483, 0xf4e0, 0xfcc0, 0xfca0, 0xfca0, 0xfcc0, 0xfca0, 0xfce1, 0xfd40, 0xfd02, 
	0xfd22, 0xfd22, 0xfd22, 0xfd21, 0xfd22, 0xfd21, 0xfd22, 0xfd22, 0xfd21, 0xfd22, 0xfd22, 0xfd41, 0xfd22, 0xfd23, 0xf4e4, 0xecc4, 
	0xdce5, 0xc4a9, 0x8b72, 0x72f6, 0x6b36, 0x6b16, 0x6b16, 0x7316, 0x6b17, 0x7316, 0x93d1, 0xe623, 0xfea0, 0xfea0, 0xfea0, 0xfea0, 
	0xfea0, 0xfea0, 0xfec2, 0xfeeb, 0xf754, 0xf778, 0xf778, 0xff5a, 0xf799, 0xf799, 0xf799, 0xf799, 0xf799, 0xffb8, 0xffb8, 0xffb7, 
	0xff96, 0xff96, 0xff96, 0xff96, 0xff96, 0xff96, 0xff96, 0xff96, 0xff99, 0xff96, 0xffb6, 0xff96, 0xff71, 0xff29, 0xff05, 0xfee4, 
	0xff05, 0xfee5, 0xfee5, 0xfee5, 0xfee5, 0xbd2d, 0x7356, 0x6b17, 0x6b16, 0x6b16, 0x6b16, 0x6b16, 0x6b16, 0x6b16, 0x6b16, 0x6b16, 
	0x6b16, 0x6b16, 0x6b16, 0x6b16, 0x6b16, 0x6b16, 0x6b16, 0x6b16, 0x6b16, 0x7317, 0x72f7, 0x72f7, 0x7317, 0x6b17, 0x6b17, 0x6b17, 
	0x6b36, 0x7316, 0x72f6, 0x6b16, 0x6b17, 0x7317, 0x7317, 0x7316, 0x6b16, 0x6b16, 0x7316, 0x7316, 0x7316, 0x6b16, 0x6b36, 0x6336, 
	0x6b17, 0x6b17, 0x6b36, 0x6316, 0x6b16, 0x7b57, 0x83b8, 0x7bf8, 0x83d7, 0x83d8, 0x83d8, 0x83d8, 0x83d7, 0x83d7, 0x83d8, 0x83d8, 
	0x83d8, 0x83d8, 0x83d8, 0x83d8, 0x83d8, 0x83d8, 0x83d8, 0x83d8, 0x83b8, 0x83f7, 0x83d7, 0x83b8, 0x83d8, 0x8cd8, 0xae7c, 0xaedc, 
	0xaedc, 0xaedc, 0xaedc, 0xaedc, 0xaedc, 0xaedc, 0xaedc, 0xaedc, 0xaedc, 0xaedc, 0xaedc, 0xaedc, 0xaedc, 0xaedc, 0xaedc, 0xaedc, 
	0xaedc, 0xaedc, 0xaedc, 0xaedc, 0xaedc, 0xaedc, 0xaedc, 0xaedc, 0xaedc, 0xaedc, 0xaedc, 0xaedc, 0xaedc, 0xaedc, 0xaedc, 0xaedc, 
	0xaedc, 0xaedc, 0xaedc, 0xaedc, 0xaedc, 0xaedc, 0xaedc, 0xaedc, 0xaedc, 0xaedc, 0xaedc, 0xaedc, 0xaedc, 0xaedc, 0xaedc, 0xaedc, 
	0xaedc, 0xaedc, 0xaedc, 0xaedc, 0xaedc, 0xaedc, 0xaedc, 0xaedc, 0xaedc, 0xaedc, 0xaedc, 0xaedc, 0xaedc, 0xaedc, 0xaedc, 0xaedc, 
	0xaedc, 0xaedd, 0x9dbb, 0x8c38, 0x83b8, 0x83d8, 0x83d7, 0x83d8, 0x83d8, 0x83d8, 0x83d8, 0x83d8, 0x83d8, 0x83d8, 0x83d8, 0x83d8, 
	0x83d8, 0x83d8, 0x83d8, 0x83d8, 0x83d8, 0x83d8, 0x83d8, 0x83d8, 0x83d7, 0x83d8, 0x7b97, 0x6b36, 0x6b17, 0x7317, 0x6b16, 0x6b16, 
	0x7316, 0x72f6, 0x6af6, 0x6b36, 0xa3ce, 0xf482, 0xfcc0, 0xfcc0, 0xfca1, 0xfcc0, 0xfce0, 0xfce0, 0xfcc0, 0xfcc0, 0xfd00, 0xfd22, 
	0xfd03, 0xfd21, 0xfd42, 0xfd23, 0xfd22, 0xfd22, 0xfd23, 0xfd22, 0xfd22, 0xfd42, 0xfd42, 0xfd22, 0xfd22, 0xfd22, 0xfd22, 0xfd42, 
	0xfd22, 0xe4e6, 0x9b71, 0x72f6, 0x6b55, 0x6b16, 0x6af7, 0x7316, 0x7316, 0x7316, 0x93d1, 0xe624, 0xfe81, 0xfe81, 0xfe80, 0xfea0, 
	0xfea1, 0xfea0, 0xfec5, 0xff33, 0xf79f, 0xe7ff, 0xe7de, 0xefbf, 0xefbf, 0xe7bf, 0xefbf, 0xefbf, 0xf7df, 0xffff, 0xffff, 0xfffe, 
	0xffff, 0xffff, 0xffff, 0xffff, 0xffff, 0xffff, 0xffff, 0xffff, 0xffff, 0xfffd, 0xffff, 0xffff, 0xffdb, 0xff70, 0xff27, 0xfee6, 
	0xfee4, 0xfec6, 0xfee6, 0xfee6, 0xfee6, 0xbd2d, 0x7376, 0x6af6, 0x6b16, 0x6b16, 0x6b16, 0x6b16, 0x6b16, 0x6b16, 0x6b16, 0x6b16, 
	0x6b16, 0x6b16, 0x6b16, 0x6b16, 0x6b16, 0x6b16, 0x6b16, 0x6b16, 0x7316, 0x7317, 0x6b17, 0x6b17, 0x6b16, 0x7316, 0x72f5, 0x6b35, 
	0x72f6, 0x6b17, 0x6b37, 0x6b17, 0x7316, 0x7315, 0x6b16, 0x6b17, 0x7316, 0x6b16, 0x6b16, 0x6b16, 0x7317, 0x7317, 0x72f7, 0x6b16, 
	0x6b16, 0x6b16, 0x7316, 0x72f6, 0x72f7, 0x7358, 0x83b7, 0x83b7, 0x83d8, 0x7bf8, 0x83d8, 0x83d8, 0x83d7, 0x83d7, 0x83d8, 0x83b8, 
	0x83d8, 0x83d8, 0x83d8, 0x83d8, 0x83d8, 0x83d8, 0x83d8, 0x83d8, 0x83b8, 0x83f7, 0x83d7, 0x83b8, 0x83d8, 0x8cb8, 0xae5c, 0xaedc, 
	0xaedc, 0xaedc, 0xaedc, 0xaedc, 0xaedc, 0xaedc, 0xaedc, 0xaedc, 0xaedc, 0xaedc, 0xaedc, 0xaedc, 0xaedc, 0xaedc, 0xaedc, 0xaedc, 
	0xaedc, 0xaedc, 0xaedc, 0xaedc, 0xaedc, 0xaedc, 0xaedc, 0xaedc, 0xaedc, 0xaedc, 0xaedc, 0xaedc, 0xaedc, 0xaedc, 0xaedc, 0xaedc, 
	0xaedc, 0xaedc, 0xaedc, 0xaedc, 0xaedc, 0xaedc, 0xaedc, 0xaedc, 0xaedc, 0xaedc, 0xaedc, 0xaedc, 0xaedc, 0xaedc, 0xaedc, 0xaedc, 
	0xaedc, 0xaedc, 0xaedc, 0xaedc, 0xaedc, 0xaedc, 0xaedc, 0xaedc, 0xaedc, 0xaedc, 0xaedc, 0xaedc, 0xaedc, 0xaedc, 0xaedc, 0xaedc, 
	0xaedc, 0xb6dd, 0xa57b, 0x8418, 0x7bd7, 0x83d8, 0x83b8, 0x83f8, 0x83d8, 0x83d8, 0x83d8, 0x83d8, 0x83d8, 0x83d8, 0x83d8, 0x83d8, 
	0x83d8, 0x83d8, 0x83d8, 0x83d8, 0x83d8, 0x83d8, 0x83d8, 0x83d8, 0x83d7, 0x83d8, 0x7b77, 0x7336, 0x6b16, 0x6b16, 0x7316, 0x6b16, 
	0x6b36, 0x72f7, 0x6af7, 0x6b16, 0x8b72, 0xcc46, 0xfcc0, 0xfca1, 0xfcc0, 0xfce0, 0xfcc0, 0xfca1, 0xfcc0, 0xfce0, 0xfce0, 0xfcc0, 
	0xfd01, 0xfd22, 0xfd42, 0xfd22, 0xfd22, 0xfd22, 0xfd22, 0xfd22, 0xfd22, 0xfd42, 0xfd41, 0xfd02, 0xfd42, 0xfd44, 0xfd02, 0xfd22, 
	0xfd22, 0xbc2b, 0x8335, 0x6b17, 0x7336, 0x72f6, 0x72f7, 0x6b35, 0x7316, 0x6b36, 0x93d2, 0xe624, 0xfea0, 0xfea0, 0xfea0, 0xfea0, 
	0xfea0, 0xfea0, 0xf6e8, 0xf79a, 0xefbf, 0xefbf, 0xefbf, 0xefbf, 0xefbf, 0xefbf, 0xe7bf, 0xefbf, 0xf7df, 0xffff, 0xffff, 0xffff, 
	0xffff, 0xffff, 0xffff, 0xffff, 0xffff, 0xffff, 0xffff, 0xffff, 0xffff, 0xffff, 0xffff, 0xffff, 0xffff, 0xff95, 0xfee7, 0xff05, 
	0xfee5, 0xfee6, 0xfee6, 0xff05, 0xfec6, 0xbd2d, 0x7356, 0x7317, 0x6b16, 0x6b16, 0x6b16, 0x6b16, 0x6b16, 0x6b16, 0x6b16, 0x6b16, 
	0x6b16, 0x6b16, 0x6b16, 0x6b16, 0x6b16, 0x6b16, 0x6b16, 0x6b16, 0x7336, 0x6b17, 0x7338, 0x6af6, 0x7336, 0x7316, 0x6b16, 0x6b16, 
	0x6b16, 0x7316, 0x6b16, 0x6b17, 0x7317, 0x6b16, 0x7336, 0x6af7, 0x6b16, 0x6b16, 0x6b16, 0x6b16, 0x6b16, 0x6b16, 0x6b16, 0x6b16, 
	0x6b17, 0x6b16, 0x6b16, 0x6b16, 0x6b16, 0x7337, 0x7b97, 0x83d8, 0x83d8, 0x83d8, 0x83d8, 0x83d8, 0x83d8, 0x83d8, 0x83d8, 0x83d8, 
	0x83d8, 0x83d8, 0x83d8, 0x83d8, 0x83d8, 0x83d8, 0x83d8, 0x83d8, 0x83b8, 0x83f8, 0x83d7, 0x83d8, 0x83d8, 0x8c59, 0xae1c, 0xaefc, 
	0xaedc, 0xaedc, 0xaedc, 0xaedc, 0xaedc, 0xaedc, 0xaedc, 0xaedc, 0xaedc, 0xaedc, 0xaedc, 0xaedc, 0xaedc, 0xaedc, 0xaedc, 0xaedc, 
	0xaedc, 0xaedc, 0xaedc, 0xaedc, 0xaedc, 0xaedc, 0xaedc, 0xaedc, 0xaedc, 0xaedc, 0xaedc, 0xaedc, 0xaedc, 0xaedc, 0xaedc, 0xaedc, 
	0xaedc, 0xaedc, 0xaedc, 0xaedc, 0xaedc, 0xaedc, 0xaedc, 0xaedc, 0xaedc, 0xaedc, 0xaedc, 0xaedc, 0xaedc, 0xaedc, 0xaedc, 0xaedc, 
	0xaedc, 0xaedc, 0xaedc, 0xaedc, 0xaedc, 0xaedc, 0xaedc, 0xaedc, 0xaedc, 0xaedc, 0xaedc, 0xaedc, 0xaedc, 0xaedc, 0xaedc, 0xaedc, 
	0xaedc, 0xaebd, 0x9d5b, 0x83f8, 0x7bd7, 0x83d8, 0x83b8, 0x83d7, 0x83d8, 0x83d8, 0x83d8, 0x83d8, 0x83d8, 0x83d8, 0x83d8, 0x83d8, 
	0x83d8, 0x83d8, 0x83d8, 0x83d8, 0x83d8, 0x83d8, 0x83d8, 0x83d8, 0x83d7, 0x83d8, 0x7b77, 0x7336, 0x6b16, 0x6b16, 0x7316, 0x6b16, 
	0x7336, 0x72f6, 0x7316, 0x6b36, 0x7336, 0x9391, 0xcc27, 0xfca0, 0xfcc0, 0xfca1, 0xfcc0, 0xfcc0, 0xfcc0, 0xfca0, 0xfca0, 0xfce0, 
	0xfd01, 0xfd01, 0xfd22, 0xfd22, 0xfd22, 0xfd22, 0xfd22, 0xfd22, 0xfd22, 0xfd23, 0xfd22, 0xfd23, 0xfd42, 0xfd42, 0xfd22, 0xf523, 
	0xbc0b, 0x9371, 0x7316, 0x6316, 0x7316, 0x72f7, 0x72f6, 0x6b17, 0x7316, 0x6b36, 0x93d2, 0xe624, 0xfea0, 0xfea0, 0xfea0, 0xfea0, 
	0xfea0, 0xfea0, 0xf6e8, 0xf79a, 0xefbf, 0xefbf, 0xefbf, 0xefbf, 0xefbf, 0xefbf, 0xe7bf, 0xefbf, 0xf7df, 0xffff, 0xffff, 0xffff, 
	0xffff, 0xffff, 0xffff, 0xffff, 0xffff, 0xffff, 0xffff, 0xffff, 0xffff, 0xffff, 0xffff, 0xffff, 0xffff, 0xff95, 0xfee7, 0xff05, 
	0xfee5, 0xfee6, 0xfee6, 0xff05, 0xfec6, 0xbd2d, 0x7356, 0x7317, 0x6b16, 0x6b16, 0x6b16, 0x6b16, 0x6b16, 0x6b16, 0x6b16, 0x6b16, 
	0x6b16, 0x6b16, 0x6b16, 0x6b16, 0x6b16, 0x6b16, 0x6b16, 0x6b16, 0x7316, 0x6b17, 0x7317, 0x6b16, 0x7336, 0x6b17, 0x6b17, 0x7316, 
	0x6af7, 0x7317, 0x7337, 0x6af6, 0x6b17, 0x6b16, 0x6b16, 0x7317, 0x6b16, 0x6b16, 0x6b16, 0x6b16, 0x6b16, 0x6b16, 0x6b16, 0x6b16, 
	0x6b17, 0x6b16, 0x6b16, 0x6b16, 0x6b16, 0x7337, 0x7b97, 0x83d8, 0x83d8, 0x83d8, 0x83d8, 0x83d8, 0x83d8, 0x83d8, 0x83d8, 0x83d8, 
	0x83d8, 0x83d8, 0x83d8, 0x83d8, 0x83d8, 0x83d8, 0x83d8, 0x83d8, 0x83b8, 0x83d8, 0x83d7, 0x83d8, 0x83d8, 0x8c38, 0xa5fc, 0xaefc, 
	0xaedc, 0xaedc, 0xaedc, 0xaedc, 0xaedc, 0xaedc, 0xaedc, 0xaedc, 0xaedc, 0xaedc, 0xaedc, 0xaedc, 0xaedc, 0xaedc, 0xaedc, 0xaedc, 
	0xaedc, 0xaedc, 0xaedc, 0xaedc, 0xaedc, 0xaedc, 0xaedc, 0xaedc, 0xaedc, 0xaedc, 0xaedc, 0xaedc, 0xaedc, 0xaedc, 0xaedc, 0xaedc, 
	0xaedc, 0xaedc, 0xaedc, 0xaedc, 0xaedc, 0xaedc, 0xaedc, 0xaedc, 0xaedc, 0xaedc, 0xaedc, 0xaedc, 0xaedc, 0xaedc, 0xaedc, 0xaedc, 
	0xaedc, 0xaedc, 0xaedc, 0xaedc, 0xaedc, 0xaedc, 0xaedc, 0xaedc, 0xaedc, 0xaedc, 0xaedc, 0xaedc, 0xaedc, 0xaedc, 0xaedc, 0xaedc, 
	0xaedc, 0xaebc, 0x951a, 0x83d8, 0x83d7, 0x83d8, 0x83b8, 0x83d7, 0x83d8, 0x83d8, 0x83d8, 0x83d8, 0x83d8, 0x83d8, 0x83d8, 0x83d8, 
	0x83d8, 0x83d8, 0x83d8, 0x83d8, 0x83d8, 0x83d8, 0x83d8, 0x83d8, 0x83d7, 0x83d8, 0x7357, 0x7316, 0x6b16, 0x6b16, 0x7316, 0x6b16, 
	0x6b16, 0x6b16, 0x7316, 0x7316, 0x6316, 0x6317, 0x9371, 0xcc46, 0xfcc0, 0xfcc1, 0xfca0, 0xfcc0, 0xfce0, 0xfca1, 0xfca0, 0xfce0, 
	0xfcc0, 0xfce1, 0xfd01, 0xfd22, 0xfd22, 0xfd22, 0xfd22, 0xfd22, 0xfd22, 0xfd23, 0xfd42, 0xfd22, 0xfd22, 0xfd41, 0xf503, 0xc46a, 
	0x8353, 0x7316, 0x6af7, 0x6b17, 0x7317, 0x72f7, 0x6b16, 0x6b17, 0x7316, 0x6b36, 0x93d2, 0xe624, 0xfea0, 0xfea0, 0xfea0, 0xfea0, 
	0xfea0, 0xfea0, 0xf6e8, 0xf79a, 0xefbf, 0xefbf, 0xefbf, 0xefbf, 0xefbf, 0xefbf, 0xe7bf, 0xefbf, 0xf7df, 0xffff, 0xffff, 0xffff, 
	0xffff, 0xffff, 0xffff, 0xffff, 0xffff, 0xffff, 0xffff, 0xffff, 0xffff, 0xffff, 0xffff, 0xffff, 0xffff, 0xff95, 0xfee7, 0xff05, 
	0xfee5, 0xfee6, 0xfee6, 0xff05, 0xfec6, 0xbd2d, 0x7356, 0x7317, 0x6b16, 0x6b16, 0x6b16, 0x6b16, 0x6b16, 0x6b16, 0x6b16, 0x6b16, 
	0x6b16, 0x6b16, 0x6b16, 0x6b16, 0x6b16, 0x6b16, 0x6b16, 0x6b16, 0x6b16, 0x7317, 0x6af6, 0x7316, 0x6b16, 0x6b17, 0x6b16, 0x7336, 
	0x6b16, 0x6af6, 0x6b16, 0x6b16, 0x6b16, 0x6af6, 0x7316, 0x6b16, 0x6b16, 0x6b16, 0x6b16, 0x6b16, 0x6b16, 0x6b16, 0x6b16, 0x6b16, 
	0x6b17, 0x6b16, 0x6b16, 0x6b16, 0x6b16, 0x7336, 0x7b97, 0x83d8, 0x83d8, 0x83d8, 0x83d8, 0x83d8, 0x83d8, 0x83d8, 0x83d8, 0x83d8, 
	0x83d8, 0x83d8, 0x83d8, 0x83d8, 0x83d8, 0x83d8, 0x83d8, 0x83d8, 0x83d8, 0x83d8, 0x83d7, 0x83d8, 0x83d8, 0x8418, 0xa5bb, 0xaedc, 
	0xaedc, 0xaedc, 0xaedc, 0xaedc, 0xaedc, 0xaedc, 0xaedc, 0xaedc, 0xaedc, 0xaedc, 0xaedc, 0xaedc, 0xaedc, 0xaedc, 0xaedc, 0xaedc, 
	0xaedc, 0xaedc, 0xaedc, 0xaedc, 0xaedc, 0xaedc, 0xaedc, 0xaedc, 0xaedc, 0xaedc, 0xaedc, 0xaedc, 0xaedc, 0xaedc, 0xaedc, 0xaedc, 
	0xaedc, 0xaedc, 0xaedc, 0xaedc, 0xaedc, 0xaedc, 0xaedc, 0xaedc, 0xaedc, 0xaedc, 0xaedc, 0xaedc, 0xaedc, 0xaedc, 0xaedc, 0xaedc, 
	0xaedc, 0xaedc, 0xaedc, 0xaedc, 0xaedc, 0xaedc, 0xaedc, 0xaedc, 0xaedc, 0xaedc, 0xaedc, 0xaedc, 0xaedc, 0xaedc, 0xaedc, 0xaedc, 
	0xaefc, 0xae9c, 0x94f9, 0x83d7, 0x83d7, 0x83d8, 0x83b8, 0x83d7, 0x83d8, 0x83d8, 0x83d8, 0x83d8, 0x83d8, 0x83d8, 0x83d8, 0x83d8, 
	0x83d8, 0x83d8, 0x83d8, 0x83d8, 0x83d8, 0x83d8, 0x83d8, 0x83d8, 0x83d8, 0x83b8, 0x7357, 0x7316, 0x6b16, 0x6b16, 0x7316, 0x6b16, 
	0x6af6, 0x6b36, 0x6b17, 0x72f7, 0x7315, 0x6316, 0x7336, 0x8b72, 0xcc26, 0xf4e1, 0xfce0, 0xfca0, 0xfcc0, 0xfcc0, 0xfca1, 0xfce0, 
	0xfcc0, 0xfce0, 0xfd01, 0xfd22, 0xfd22, 0xfd22, 0xfd22, 0xfd22, 0xfd02, 0xfd42, 0xfd42, 0xfd21, 0xfd21, 0xf503, 0xc44b, 0x7b74, 
	0x6b36, 0x6b36, 0x6b17, 0x6b17, 0x6b16, 0x7316, 0x6b17, 0x6b16, 0x7316, 0x6b36, 0x93d2, 0xe624, 0xfea0, 0xfea0, 0xfea0, 0xfea0, 
	0xfea0, 0xfea0, 0xf6e8, 0xf79a, 0xefbf, 0xefbf, 0xefbf, 0xefbf, 0xefbf, 0xefbf, 0xe7bf, 0xefbf, 0xf7df, 0xffff, 0xffff, 0xffff, 
	0xffff, 0xffff, 0xffff, 0xffff, 0xffff, 0xffff, 0xffff, 0xffff, 0xffff, 0xffff, 0xffff, 0xffff, 0xffff, 0xff95, 0xfee7, 0xff05, 
	0xfee5, 0xfee6, 0xfee6, 0xff05, 0xfec6, 0xbd2d, 0x7356, 0x7317, 0x6b16, 0x6b16, 0x6b16, 0x6b16, 0x6b16, 0x6b16, 0x6b16, 0x6b16, 
	0x6b16, 0x6b16, 0x6b16, 0x6b16, 0x6b16, 0x6b16, 0x6b16, 0x6b16, 0x6b16, 0x7337, 0x6b16, 0x6b16, 0x6b16, 0x7317, 0x7316, 0x8bf8, 
	0x9cb9, 0x83b7, 0x6af6, 0x7337, 0x6b16, 0x6b17, 0x7337, 0x6af5, 0x6b16, 0x6b16, 0x6b16, 0x6b16, 0x6b16, 0x6b16, 0x6b16, 0x6b16, 
	0x6b17, 0x6b16, 0x6b16, 0x7316, 0x6b17, 0x7336, 0x7b77, 0x83d8, 0x83d8, 0x83d8, 0x83d8, 0x83d8, 0x83d8, 0x83d8, 0x83d8, 0x83d8, 
	0x83d8, 0x83d8, 0x83d8, 0x83d8, 0x83d8, 0x83d8, 0x83d8, 0x83d8, 0x83d8, 0x83d8, 0x83d7, 0x83d8, 0x83d8, 0x83f7, 0x9d9a, 0xaedd, 
	0xaedc, 0xaedc, 0xaedc, 0xaedc, 0xaedc, 0xaedc, 0xaedc, 0xaedc, 0xaedc, 0xaedc, 0xaedc, 0xaedc, 0xaedc, 0xaedc, 0xaedc, 0xaedc, 
	0xaedc, 0xaedc, 0xaedc, 0xaedc, 0xaedc, 0xaedc, 0xaedc, 0xaedc, 0xaedc, 0xaedc, 0xaedc, 0xaedc, 0xaedc, 0xaedc, 0xaedc, 0xaedc, 
	0xaedc, 0xaedc, 0xaedc, 0xaedc, 0xaedc, 0xaedc, 0xaedc, 0xaedc, 0xaedc, 0xaedc, 0xaedc, 0xaedc, 0xaedc, 0xaedc, 0xaedc, 0xaedc, 
	0xaedc, 0xaedc, 0xaedc, 0xaedc, 0xaedc, 0xaedc, 0xaedc, 0xaedc, 0xaedc, 0xaedc, 0xaedc, 0xaedc, 0xaedc, 0xaedc, 0xaedc, 0xaedc, 
	0xaedd, 0xae9c, 0x94d9, 0x83d8, 0x83d7, 0x83d7, 0x83b8, 0x83d7, 0x83d8, 0x83d8, 0x83d8, 0x83d8, 0x83d8, 0x83d8, 0x83d8, 0x83d8, 
	0x83d8, 0x83d8, 0x83d8, 0x83d8, 0x83d8, 0x83d8, 0x83d8, 0x83d8, 0x83d8, 0x83b8, 0x7336, 0x6b16, 0x6b16, 0x6b16, 0x7316, 0x6b16, 
	0x72f7, 0x7336, 0x6b16, 0x72f7, 0x72f7, 0x7316, 0x6b16, 0x6b17, 0x9352, 0xc448, 0xf4e0, 0xfce0, 0xfcc0, 0xfca0, 0xfca1, 0xfce0, 
	0xfcc0, 0xfcc0, 0xfce1, 0xfd22, 0xfd22, 0xfd22, 0xfd22, 0xfd22, 0xfd22, 0xf541, 0xfd23, 0xfd22, 0xf523, 0xbc2b, 0x8b35, 0x6b37, 
	0x6b16, 0x6b15, 0x7316, 0x6af7, 0x6b16, 0x6b35, 0x7316, 0x7316, 0x7316, 0x6b36, 0x93d2, 0xe624, 0xfea0, 0xfea0, 0xfea0, 0xfea0, 
	0xfea0, 0xfea0, 0xf6e8, 0xf79a, 0xefbf, 0xefbf, 0xefbf, 0xefbf, 0xefbf, 0xefbf, 0xe7bf, 0xefbf, 0xf7df, 0xffff, 0xffff, 0xffff, 
	0xffff, 0xffff, 0xffff, 0xffff, 0xffff, 0xffff, 0xffff, 0xffff, 0xffff, 0xffff, 0xffff, 0xffff, 0xffff, 0xff95, 0xfee7, 0xff05, 
	0xfee5, 0xfee6, 0xfee6, 0xff05, 0xfec6, 0xbd2d, 0x7356, 0x7317, 0x6b16, 0x6b16, 0x6b16, 0x6b16, 0x6b16, 0x6b16, 0x6b16, 0x6b16, 
	0x6b16, 0x6b16, 0x6b16, 0x6b16, 0x6b16, 0x6b16, 0x6b16, 0x6b16, 0x6b16, 0x7317, 0x6b16, 0x7316, 0x7316, 0x6b17, 0x7b97, 0xbd9c, 
	0xe71e, 0xbd9c, 0x7357, 0x7317, 0x6b16, 0x6b16, 0x7317, 0x6b16, 0x6b16, 0x6b16, 0x6b16, 0x6b16, 0x6b16, 0x6b16, 0x6b16, 0x6b16, 
	0x6b17, 0x6b16, 0x6b16, 0x7316, 0x6b17, 0x6b16, 0x7b77, 0x83d8, 0x83d8, 0x83d8, 0x83d8, 0x83d8, 0x83d8, 0x83d8, 0x83d8, 0x83d8, 
	0x83d8, 0x83d8, 0x83d8, 0x83d8, 0x83d8, 0x83d8, 0x83d8, 0x83d8, 0x83d8, 0x83d7, 0x83d7, 0x83d8, 0x83d8, 0x83f7, 0x9d7a, 0xaedd, 
	0xaedc, 0xaedc, 0xaedc, 0xaedc, 0xaedc, 0xaedc, 0xaedc, 0xaedc, 0xaedc, 0xaedc, 0xaedc, 0xaedc, 0xaedc, 0xaedc, 0xaedc, 0xaedc, 
	0xaedc, 0xaedc, 0xaedc, 0xaedc, 0xaedc, 0xaedc, 0xaedc, 0xaedc, 0xaedc, 0xaedc, 0xaedc, 0xaedc, 0xaedc, 0xaedc, 0xaedc, 0xaedc, 
	0xaedc, 0xaedc, 0xaedc, 0xaedc, 0xaedc, 0xaedc, 0xaedc, 0xaedc, 0xaedc, 0xaedc, 0xaedc, 0xaedc, 0xaedc, 0xaedc, 0xaedc, 0xaedc, 
	0xaedc, 0xaedc, 0xaedc, 0xaedc, 0xaedc, 0xaedc, 0xaedc, 0xaedc, 0xaedc, 0xaedc, 0xaedc, 0xaedc, 0xaedc, 0xaedc, 0xaedc, 0xaedc, 
	0xaedc, 0xae9c, 0x8cd9, 0x83d8, 0x83d8, 0x83b7, 0x83b8, 0x83f7, 0x83d8, 0x83d8, 0x83d8, 0x83d8, 0x83d8, 0x83d8, 0x83d8, 0x83d8, 
	0x83d8, 0x83d8, 0x83d8, 0x83d8, 0x83d8, 0x83d8, 0x83d8, 0x83d8, 0x83d8, 0x7bb8, 0x7336, 0x6b16, 0x6b17, 0x6b16, 0x6b16, 0x6b16, 
	0x7317, 0x72f6, 0x7315, 0x6b16, 0x6b17, 0x6b16, 0x72f5, 0x7317, 0x6b17, 0x9352, 0xcc09, 0xf4a1, 0xfce0, 0xfcc0, 0xfcc0, 0xfcc0, 
	0xfcc0, 0xfcc0, 0xfce1, 0xfd22, 0xfd22, 0xfd22, 0xfd22, 0xfd22, 0xfd21, 0xfd43, 0xfd03, 0xf4e4, 0xbc4c, 0x8373, 0x6af6, 0x7316, 
	0x72f6, 0x72f7, 0x72f6, 0x7316, 0x6b16, 0x6b36, 0x6b16, 0x72f7, 0x7316, 0x6b36, 0x93d2, 0xe624, 0xfea0, 0xfea0, 0xfea0, 0xfea0, 
	0xfea0, 0xfea0, 0xf6e8, 0xf79a, 0xefbf, 0xefbf, 0xefbf, 0xefbf, 0xefbf, 0xefbf, 0xe7bf, 0xefbf, 0xf7df, 0xffff, 0xffff, 0xffff, 
	0xffff, 0xffff, 0xffff, 0xffff, 0xffff, 0xffff, 0xffff, 0xffff, 0xffff, 0xffff, 0xffff, 0xffff, 0xffff, 0xff95, 0xfee7, 0xff05, 
	0xfee5, 0xfee6, 0xfee6, 0xff05, 0xfec6, 0xbd2d, 0x7356, 0x7317, 0x6b16, 0x6b16, 0x6b16, 0x6b16, 0x6b16, 0x6b16, 0x6b16, 0x6b16, 
	0x6b16, 0x6b16, 0x6b16, 0x6b16, 0x6b16, 0x6b16, 0x6b16, 0x6b16, 0x7316, 0x6b16, 0x6b16, 0x7316, 0x6af6, 0x6af5, 0x9458, 0xe71f, 
	0xfffe, 0xe6ff, 0x8bf8, 0x6af6, 0x7317, 0x6b16, 0x6af6, 0x7337, 0x6b16, 0x6b16, 0x6b16, 0x6b16, 0x6b16, 0x6b16, 0x6b16, 0x6b16, 
	0x6b17, 0x6b16, 0x6b16, 0x7316, 0x6b16, 0x6b16, 0x7377, 0x83d8, 0x83d8, 0x83d8, 0x83d8, 0x83d8, 0x83d8, 0x83d8, 0x83d8, 0x83d8, 
	0x83d8, 0x83d8, 0x83d8, 0x83d8, 0x83d8, 0x83d8, 0x83d8, 0x83d8, 0x83d8, 0x83d7, 0x83d7, 0x83d8, 0x83d8, 0x83d7, 0x9d5a, 0xaebd, 
	0xaedc, 0xaedc, 0xaedc, 0xaedc, 0xaedc, 0xaedc, 0xaedc, 0xaedc, 0xaedc, 0xaedc, 0xaedc, 0xaedc, 0xaedc, 0xaedc, 0xaedc, 0xaedc, 
	0xaedc, 0xaedc, 0xaedc, 0xaedc, 0xaedc, 0xaedc, 0xaedc, 0xaedc, 0xaedc, 0xaedc, 0xaedc, 0xaedc, 0xaedc, 0xaedc, 0xaedc, 0xaedc, 
	0xaedc, 0xaedc, 0xaedc, 0xaedc, 0xaedc, 0xaedc, 0xaedc, 0xaedc, 0xaedc, 0xaedc, 0xaedc, 0xaedc, 0xaedc, 0xaedc, 0xaedc, 0xaedc, 
	0xaedc, 0xaedc, 0xaedc, 0xaedc, 0xaedc, 0xaedc, 0xaedc, 0xaedc, 0xaedc, 0xaedc, 0xaedc, 0xaedc, 0xaedc, 0xaedc, 0xaedc, 0xaedc, 
	0xaedc, 0xae7c, 0x8c98, 0x83b8, 0x83f8, 0x83b8, 0x83b8, 0x83d7, 0x83d8, 0x83d8, 0x83d8, 0x83d8, 0x83d8, 0x83d8, 0x83d8, 0x83d8, 
	0x83d8, 0x83d8, 0x83d8, 0x83d8, 0x83d8, 0x83d8, 0x83d8, 0x83d8, 0x83d8, 0x7b97, 0x7336, 0x6b16, 0x7317, 0x6b16, 0x6b16, 0x6b16, 
	0x6b17, 0x72f7, 0x72f6, 0x6b36, 0x6336, 0x6b16, 0x7316, 0x72f7, 0x6b36, 0x72d7, 0xa370, 0xe484, 0xfce0, 0xfce0, 0xfce0, 0xfca0, 
	0xfcc0, 0xfcc0, 0xfce1, 0xfd22, 0xfd42, 0xfd22, 0xfd22, 0xfd22, 0xfd21, 0xfd23, 0xfd22, 0xdca5, 0x8b73, 0x6317, 0x6b35, 0x72f6, 
	0x7317, 0x72f8, 0x7316, 0x6b16, 0x7317, 0x7317, 0x6b16, 0x6af6, 0x7316, 0x6b36, 0x93d2, 0xe624, 0xfea0, 0xfea0, 0xfea0, 0xfea0, 
	0xfea0, 0xfea0, 0xf6e8, 0xf79a, 0xefbf, 0xefbf, 0xefbf, 0xefbf, 0xefbf, 0xefbf, 0xe7bf, 0xefbf, 0xf7df, 0xffff, 0xffff, 0xffff, 
	0xffff, 0xffff, 0xffff, 0xffff, 0xffff, 0xffff, 0xffff, 0xffff, 0xffff, 0xffff, 0xffff, 0xffff, 0xffff, 0xff95, 0xfee7, 0xff05, 
	0xfee5, 0xfee6, 0xfee6, 0xff05, 0xfec6, 0xbd2d, 0x7356, 0x7317, 0x6b16, 0x6b16, 0x6b16, 0x6b16, 0x6b16, 0x6b16, 0x6b16, 0x6b16, 
	0x6b16, 0x6b16, 0x6b16, 0x6b16, 0x6b16, 0x6b16, 0x6b16, 0x6b16, 0x6b16, 0x7316, 0x6b16, 0x6b16, 0x6b16, 0x7b77, 0xbdbb, 0xffdf, 
	0xfffe, 0xf79f, 0xb57a, 0x7356, 0x7317, 0x7317, 0x6af6, 0x7337, 0x6b16, 0x6b16, 0x6b16, 0x6b16, 0x6b16, 0x6b16, 0x6b16, 0x6b16, 
	0x6b17, 0x6b16, 0x6b16, 0x7317, 0x6b16, 0x6b16, 0x7357, 0x83d8, 0x83d8, 0x83d8, 0x83d8, 0x83d8, 0x83d8, 0x83d8, 0x83d8, 0x83d8, 
	0x83d8, 0x83d8, 0x83d8, 0x83d8, 0x83d8, 0x83d8, 0x83d8, 0x83d8, 0x83d8, 0x83d7, 0x83d8, 0x83d8, 0x83d8, 0x83d7, 0x9d3a, 0xaebc, 
	0xaedc, 0xaedc, 0xaedc, 0xaedc, 0xaedc, 0xaedc, 0xaedc, 0xaedc, 0xaedc, 0xaedc, 0xaedc, 0xaedc, 0xaedc, 0xaedc, 0xaedc, 0xaedc, 
	0xaedc, 0xaedc, 0xaedc, 0xaedc, 0xaedc, 0xaedc, 0xaedc, 0xaedc, 0xaedc, 0xaedc, 0xaedc, 0xaedc, 0xaedc, 0xaedc, 0xaedc, 0xaedc, 
	0xaedc, 0xaedc, 0xaedc, 0xaedc, 0xaedc, 0xaedc, 0xaedc, 0xaedc, 0xaedc, 0xaedc, 0xaedc, 0xaedc, 0xaedc, 0xaedc, 0xaedc, 0xaedc, 
	0xaedc, 0xaedc, 0xaedc, 0xaedc, 0xaedc, 0xaedc, 0xaedc, 0xaedc, 0xaedc, 0xaedc, 0xaedc, 0xaedc, 0xaedc, 0xaedc, 0xaedc, 0xaedc, 
	0xaebd, 0xa65c, 0x8c98, 0x83b8, 0x83f8, 0x83d8, 0x83d8, 0x7bd7, 0x83d8, 0x83d8, 0x83d8, 0x83d8, 0x83d8, 0x83d8, 0x83d8, 0x83d8, 
	0x83d8, 0x83d8, 0x83d8, 0x83d8, 0x83d8, 0x83d8, 0x83d8, 0x83d8, 0x83d8, 0x7b98, 0x7336, 0x6b16, 0x7317, 0x6b16, 0x6b16, 0x6b16, 
	0x6b36, 0x6b16, 0x7317, 0x7317, 0x6af6, 0x7316, 0x7336, 0x6b16, 0x7315, 0x6af7, 0x93b1, 0xd484, 0xfca0, 0xfcc0, 0xfce1, 0xfcc0, 
	0xfcc0, 0xfcc0, 0xfce1, 0xfd22, 0xfd42, 0xfd22, 0xfd22, 0xfd22, 0xfd43, 0xfd01, 0xfd42, 0xdcc7, 0x8353, 0x6af7, 0x7317, 0x6b16, 
	0x6b36, 0x6b35, 0x6b16, 0x6b16, 0x72f7, 0x72f8, 0x7318, 0x6b35, 0x7316, 0x6b36, 0x93d2, 0xe624, 0xfea0, 0xfea0, 0xfea0, 0xfea0, 
	0xfea0, 0xfea0, 0xf6e8, 0xf79a, 0xefbf, 0xefbf, 0xefbf, 0xefbf, 0xefbf, 0xefbf, 0xe7bf, 0xefbf, 0xf7df, 0xffff, 0xffff, 0xffff, 
	0xffff, 0xffff, 0xffff, 0xffff, 0xffff, 0xffff, 0xffff, 0xffff, 0xffff, 0xffff, 0xffff, 0xffff, 0xffff, 0xff95, 0xfee7, 0xff05, 
	0xfee5, 0xfee6, 0xfee6, 0xff05, 0xfec6, 0xbd2d, 0x7356, 0x7317, 0x6b16, 0x6b16, 0x6b16, 0x6b16, 0x6b16, 0x6b16, 0x6b16, 0x6b16, 
	0x6b16, 0x6b16, 0x6b16, 0x6b16, 0x6b16, 0x6b16, 0x6b16, 0x6b16, 0x6af6, 0x7337, 0x6b16, 0x6b16, 0x7337, 0x9459, 0xe71f, 0xfffe, 
	0xffff, 0xffff, 0xe6fd, 0x8c17, 0x6b16, 0x7317, 0x7336, 0x6b16, 0x6b16, 0x6b16, 0x6b16, 0x6b16, 0x6b16, 0x6b16, 0x6b16, 0x6b16, 
	0x7316, 0x6b16, 0x6b16, 0x7317, 0x6b16, 0x6b16, 0x7357, 0x83b8, 0x83d8, 0x83d8, 0x83d8, 0x83d8, 0x83d8, 0x83d8, 0x83d8, 0x83d8, 
	0x83d8, 0x83d8, 0x83d8, 0x83d8, 0x83d8, 0x83d8, 0x83d8, 0x83d8, 0x83d8, 0x83d7, 0x83d8, 0x83d8, 0x83d8, 0x83d7, 0x953a, 0xae9c, 
	0xaedc, 0xaedc, 0xaedc, 0xaedc, 0xaedc, 0xaedc, 0xaedc, 0xaedc, 0xaedc, 0xaedc, 0xaedc, 0xaedc, 0xaedc, 0xaedc, 0xaedc, 0xaedc, 
	0xaedc, 0xaedc, 0xaedc, 0xaedc, 0xaedc, 0xaedc, 0xaedc, 0xaedc, 0xaedc, 0xaedc, 0xaedc, 0xaedc, 0xaedc, 0xaedc, 0xaedc, 0xaedc, 
	0xaedc, 0xaedc, 0xaedc, 0xaedc, 0xaedc, 0xaedc, 0xaedc, 0xaedc, 0xaedc, 0xaedc, 0xaedc, 0xaedc, 0xaedc, 0xaedc, 0xaedc, 0xaedc, 
	0xaedc, 0xaedc, 0xaedc, 0xaedc, 0xaedc, 0xaedc, 0xaedc, 0xaedc, 0xaedc, 0xaedc, 0xaedc, 0xaedc, 0xaedc, 0xaedc, 0xaedc, 0xaedc, 
	0xaefc, 0xae3c, 0x8c99, 0x83d8, 0x83b8, 0x83d8, 0x83d7, 0x83d8, 0x83d8, 0x83d8, 0x83d8, 0x83d8, 0x83d8, 0x83d8, 0x83d8, 0x83d8, 
	0x83d8, 0x83d8, 0x83d8, 0x83d8, 0x83d8, 0x83d8, 0x83d8, 0x83d8, 0x83d8, 0x7b97, 0x7336, 0x6b16, 0x6b16, 0x6b16, 0x7316, 0x6b16, 
	0x6b16, 0x6b16, 0x6b16, 0x6b16, 0x6b16, 0x6b16, 0x6b16, 0x6b16, 0x7316, 0x6af5, 0xabaf, 0xecc3, 0xfca0, 0xfcc0, 0xfcc0, 0xfca0, 
	0xfcc0, 0xfce0, 0xfd01, 0xfd42, 0xfd41, 0xfd41, 0xfd22, 0xfd23, 0xfd23, 0xfd23, 0xf542, 0xece5, 0x8b91, 0x6af7, 0x7317, 0x72f6, 
	0x6b16, 0x6b16, 0x6b16, 0x6b16, 0x6b16, 0x6b16, 0x6b16, 0x6b16, 0x7316, 0x6b36, 0x93d2, 0xe624, 0xfea0, 0xfea0, 0xfea0, 0xfea0, 
	0xfea1, 0xfe80, 0xfee7, 0xef7a, 0xe7df, 0xe7df, 0xef9f, 0xe7de, 0xefbf, 0xefbf, 0xefbf, 0xefbf, 0xf7df, 0xffff, 0xffff, 0xffff, 
	0xffff, 0xffff, 0xffff, 0xffff, 0xffff, 0xffff, 0xffff, 0xffff, 0xffff, 0xffff, 0xfffe, 0xffff, 0xffff, 0xff94, 0xff08, 0xff05, 
	0xfee5, 0xfee6, 0xfee6, 0xff05, 0xfec6, 0xbd2d, 0x7356, 0x7317, 0x6b16, 0x6b16, 0x6b16, 0x6b16, 0x6b16, 0x6b16, 0x6b16, 0x6b16, 
	0x7316, 0x6b17, 0x6b16, 0x6b16, 0x7317, 0x7317, 0x6af6, 0x7335, 0x6af5, 0x7317, 0x7317, 0x6af6, 0x8bf7, 0xce5d, 0xffff, 0xfffe, 
	0xffff, 0xffff, 0xf7be, 0xc61b, 0x83d8, 0x6af7, 0x7317, 0x7316, 0x6b15, 0x7336, 0x6af5, 0x6b16, 0x7337, 0x6af6, 0x6b17, 0x6b17, 
	0x6b17, 0x6b16, 0x6b16, 0x6b16, 0x7317, 0x6b16, 0x7357, 0x83b8, 0x83d8, 0x83d8, 0x83d8, 0x83d8, 0x83d8, 0x83d8, 0x83d8, 0x83d8, 
	0x83d8, 0x83d8, 0x83d8, 0x83d8, 0x83d8, 0x83d8, 0x83d8, 0x83d8, 0x83d7, 0x83d8, 0x83d8, 0x83d7, 0x83d7, 0x83d8, 0x951a, 0xae9c, 
	0xaedc, 0xaedc, 0xaedc, 0xaedc, 0xaedc, 0xaedc, 0xaedc, 0xaedc, 0xaedc, 0xaedc, 0xaedc, 0xaedc, 0xaedc, 0xaedc, 0xaedc, 0xaedc, 
	0xaedc, 0xaedc, 0xaedc, 0xaedc, 0xaedc, 0xaedc, 0xaedc, 0xaedc, 0xaedc, 0xaedc, 0xaedc, 0xaedc, 0xaedc, 0xaedc, 0xaedc, 0xaedc, 
	0xaedc, 0xaedc, 0xaedc, 0xaedc, 0xaedc, 0xaedc, 0xaedc, 0xaedc, 0xaedc, 0xaedc, 0xaedc, 0xaedc, 0xaedc, 0xaedc, 0xaedc, 0xaedc, 
	0xaedc, 0xaedc, 0xaedc, 0xaedc, 0xaedc, 0xaedc, 0xaedc, 0xaedc, 0xaedc, 0xaedc, 0xaedc, 0xaedc, 0xaedc, 0xaedc, 0xaedc, 0xaedc, 
	0xaedc, 0xae3c, 0x8c99, 0x83d8, 0x83b8, 0x83d8, 0x83d7, 0x83d8, 0x83d8, 0x83d8, 0x83d8, 0x83d8, 0x83d8, 0x83d8, 0x83d8, 0x83d8, 
	0x83d8, 0x83d8, 0x83d8, 0x83d8, 0x83d8, 0x83d8, 0x83d8, 0x83d8, 0x83d8, 0x7b97, 0x7336, 0x6b16, 0x6b16, 0x6b16, 0x7316, 0x6b16, 
	0x6b16, 0x6b16, 0x6b16, 0x6b16, 0x6b16, 0x6b16, 0x6b16, 0x6b16, 0x6b37, 0x6b35, 0xabec, 0xf500, 0xfcc0, 0xfcc0, 0xfce0, 0xfcc0, 
	0xfcc0, 0xfce0, 0xfce2, 0xfce4, 0xfd04, 0xfd23, 0xfd42, 0xfd21, 0xfd41, 0xfd21, 0xfd41, 0xf4e4, 0x9bb0, 0x6af7, 0x7317, 0x6b16, 
	0x6b16, 0x6b16, 0x6b16, 0x6b16, 0x6b16, 0x6b16, 0x6b16, 0x6b16, 0x7316, 0x6b36, 0x93d2, 0xe624, 0xfea0, 0xfea0, 0xfea0, 0xfea0, 
	0xfea0, 0xfe80, 0xff07, 0xf77b, 0xe7df, 0xefbf, 0xef9f, 0xefbf, 0xe7bf, 0xe7df, 0xe7bf, 0xefbf, 0xf7ff, 0xffff, 0xffff, 0xffff, 
	0xffff, 0xffff, 0xffff, 0xffff, 0xffff, 0xffff, 0xffff, 0xffff, 0xffff, 0xffdf, 0xffff, 0xffff, 0xffff, 0xff73, 0xff07, 0xfee4, 
	0xfee5, 0xfee6, 0xfee6, 0xff05, 0xfec6, 0xbd2d, 0x7356, 0x7317, 0x6b16, 0x6b16, 0x6b16, 0x6b16, 0x6b16, 0x6b16, 0x6b16, 0x6b16, 
	0x6b16, 0x7337, 0x7317, 0x6b16, 0x6b15, 0x6af6, 0x6b17, 0x6b17, 0x7317, 0x7317, 0x6b16, 0x8bf7, 0xc5fc, 0xf79f, 0xffff, 0xffff, 
	0xffff, 0xffff, 0xffff, 0xf79f, 0xbdbb, 0x83f7, 0x7336, 0x6b17, 0x6b17, 0x6b17, 0x6b16, 0x7317, 0x6b16, 0x6af6, 0x7317, 0x7317, 
	0x6b17, 0x6b16, 0x6b16, 0x6b16, 0x6b17, 0x6b16, 0x7357, 0x83b8, 0x83d8, 0x83d8, 0x83d8, 0x83d8, 0x83d8, 0x83d8, 0x83d8, 0x83d8, 
	0x83d8, 0x83d8, 0x83d8, 0x83d8, 0x83d8, 0x83d8, 0x83d8, 0x83d8, 0x83d7, 0x83d8, 0x83d8, 0x83d7, 0x83d7, 0x83d8, 0x951a, 0xae9c, 
	0xaedc, 0xaedc, 0xaedc, 0xaedc, 0xaedc, 0xaedc, 0xaedc, 0xaedc, 0xaedc, 0xaedc, 0xaedc, 0xaedc, 0xaedc, 0xaedc, 0xaedc, 0xaedc, 
	0xaedc, 0xaedc, 0xaedc, 0xaedc, 0xaedc, 0xaedc, 0xaedc, 0xaedc, 0xaedc, 0xaedc, 0xaedc, 0xaedc, 0xaedc, 0xaedc, 0xaedc, 0xaedc, 
	0xaedc, 0xaedc, 0xaedc, 0xaedc, 0xaedc, 0xaedc, 0xaedc, 0xaedc, 0xaedc, 0xaedc, 0xaedc, 0xaedc, 0xaedc, 0xaedc, 0xaedc, 0xaedc, 
	0xaedc, 0xaedc, 0xaedc, 0xaedc, 0xaedc, 0xaedc, 0xaedc, 0xaedc, 0xaedc, 0xaedc, 0xaedc, 0xaedc, 0xaedc, 0xaedc, 0xaedc, 0xaedc, 
	0xaedc, 0xae3c, 0x8c78, 0x83d8, 0x83b8, 0x83d8, 0x83d7, 0x83d8, 0x83d8, 0x83d8, 0x83d8, 0x83d8, 0x83d8, 0x83d8, 0x83d8, 0x83d8, 
	0x83d8, 0x83d8, 0x83d8, 0x83d8, 0x83d8, 0x83d8, 0x83d8, 0x83d8, 0x83d8, 0x7b97, 0x7336, 0x6b16, 0x6b16, 0x6b16, 0x7316, 0x6b16, 
	0x6b16, 0x6b16, 0x6b16, 0x6b16, 0x6b16, 0x6b16, 0x6b16, 0x6b16, 0x6b17, 0x7316, 0xbbcb, 0xfce0, 0xfca0, 0xfca0, 0xfcc0, 0xfcc1, 
	0xfca0, 0xfce1, 0xfd02, 0xfd42, 0xfd42, 0xfd21, 0xfd22, 0xfd44, 0xfd42, 0xfd23, 0xfd22, 0xfce3, 0xabce, 0x72f7, 0x6b17, 0x6b15, 
	0x6b16, 0x6b16, 0x6b16, 0x6b16, 0x6b16, 0x6b16, 0x6b16, 0x6b16, 0x7316, 0x6b36, 0x93d2, 0xe624, 0xfea0, 0xfea0, 0xfea0, 0xfea0, 
	0xfea0, 0xfea0, 0xff07, 0xf779, 0xef9f, 0xe7be, 0xefbf, 0xe7bf, 0xefbf, 0xefbf, 0xefbf, 0xefbf, 0xf7df, 0xffff, 0xffff, 0xffff, 
	0xffff, 0xffff, 0xffff, 0xffff, 0xffff, 0xffff, 0xffff, 0xffff, 0xfffe, 0xffff, 0xffff, 0xffff, 0xfffe, 0xff73, 0xff08, 0xfee6, 
	0xfee5, 0xfee6, 0xfee6, 0xff05, 0xfec6, 0xbd2d, 0x7356, 0x7317, 0x6b16, 0x6b16, 0x6b16, 0x6b16, 0x6b16, 0x6b16, 0x6b16, 0x6b16, 
	0x6af5, 0x7317, 0x6af7, 0x7336, 0x7336, 0x7316, 0x7337, 0x6af7, 0x7337, 0x7376, 0x9cd9, 0xd69d, 0xf79f, 0xffff, 0xffff, 0xffff, 
	0xffff, 0xffdf, 0xffff, 0xffff, 0xf79f, 0xce3b, 0x9478, 0x7357, 0x7318, 0x6af6, 0x7337, 0x7337, 0x6af6, 0x6b17, 0x6b16, 0x6b16, 
	0x6b17, 0x6b16, 0x6b16, 0x6b16, 0x6b17, 0x6b16, 0x7357, 0x83b8, 0x83d8, 0x83d8, 0x83d8, 0x83d8, 0x83d8, 0x83d8, 0x83d8, 0x83d8, 
	0x83d8, 0x83d8, 0x83d8, 0x83d8, 0x83d8, 0x83d8, 0x83d8, 0x83d8, 0x83d7, 0x83d8, 0x83d8, 0x83d8, 0x83d7, 0x83d8, 0x94fa, 0xae9c, 
	0xaedc, 0xaedc, 0xaedc, 0xaedc, 0xaedc, 0xaedc, 0xaedc, 0xaedc, 0xaedc, 0xaedc, 0xaedc, 0xaedc, 0xaedc, 0xaedc, 0xaedc, 0xaedc, 
	0xaedc, 0xaedc, 0xaedc, 0xaedc, 0xaedc, 0xaedc, 0xaedc, 0xaedc, 0xaedc, 0xaedc, 0xaedc, 0xaedc, 0xaedc, 0xaedc, 0xaedc, 0xaedc, 
	0xaedc, 0xaedc, 0xaedc, 0xaedc, 0xaedc, 0xaedc, 0xaedc, 0xaedc, 0xaedc, 0xaedc, 0xaedc, 0xaedc, 0xaedc, 0xaedc, 0xaedc, 0xaedc, 
	0xaedc, 0xaedc, 0xaedc, 0xaedc, 0xaedc, 0xaedc, 0xaedc, 0xaedc, 0xaedc, 0xaedc, 0xaedc, 0xaedc, 0xaedc, 0xaedc, 0xaedc, 0xaedc, 
	0xaedc, 0xae1c, 0x8c78, 0x83d8, 0x83b8, 0x83d8, 0x83d7, 0x83d8, 0x83d8, 0x83d8, 0x83d8, 0x83d8, 0x83d8, 0x83d8, 0x83d8, 0x83d8, 
	0x83d8, 0x83d8, 0x83d8, 0x83d8, 0x83d8, 0x83d8, 0x83d8, 0x83d8, 0x83d8, 0x7b97, 0x7336, 0x6b16, 0x6b16, 0x6b16, 0x7316, 0x6b16, 
	0x6b16, 0x6b16, 0x6b16, 0x6b16, 0x6b16, 0x6b16, 0x6b16, 0x6b16, 0x7316, 0x7b34, 0xcc08, 0xfce0, 0xfca0, 0xfcc0, 0xfce0, 0xfcc1, 
	0xfca0, 0xfd00, 0xfd41, 0xfd42, 0xfd23, 0xfd21, 0xfd21, 0xfd22, 0xf542, 0xfd42, 0xfd42, 0xfd42, 0xbc4b, 0x7b35, 0x6b17, 0x7316, 
	0x6b16, 0x6b16, 0x6b16, 0x6b16, 0x6b16, 0x6b16, 0x6b16, 0x6b16, 0x7316, 0x6b36, 0x93d2, 0xe624, 0xfea0, 0xfea0, 0xfea0, 0xfea0, 
	0xfea0, 0xfe80, 0xfee4, 0xf754, 0xf79e, 0xefbf, 0xefbf, 0xe7bf, 0xefbf, 0xefbf, 0xefbf, 0xefbf, 0xf7df, 0xffff, 0xffff, 0xfffe, 
	0xffff, 0xffff, 0xffff, 0xffff, 0xffff, 0xffff, 0xffff, 0xffff, 0xffff, 0xffff, 0xffff, 0xfffe, 0xffda, 0xff50, 0xff07, 0xfee5, 
	0xfee5, 0xfee6, 0xfee6, 0xff05, 0xfec6, 0xbd2d, 0x7356, 0x7317, 0x6b16, 0x6b16, 0x6b16, 0x6b16, 0x6b16, 0x6b16, 0x6b16, 0x6b16, 
	0x7316, 0x7317, 0x6af7, 0x6b16, 0x7336, 0x6af5, 0x7336, 0x83d7, 0x9cfa, 0xc63e, 0xe73f, 0xf7bf, 0xffff, 0xffff, 0xffdf, 0xffff, 
	0xffff, 0xffff, 0xffff, 0xfffe, 0xfffe, 0xffff, 0xe6fe, 0xc5fd, 0x9478, 0x7b96, 0x6b16, 0x6af7, 0x6b16, 0x7316, 0x7316, 0x6b16, 
	0x6b17, 0x6b16, 0x6b16, 0x6b16, 0x6b17, 0x6b16, 0x7357, 0x83b8, 0x83d8, 0x83d8, 0x83d8, 0x83d8, 0x83d8, 0x83d8, 0x83d8, 0x83d8, 
	0x83d8, 0x83d8, 0x83d8, 0x83d8, 0x83d8, 0x83d8, 0x83d8, 0x83d8, 0x83d7, 0x83d8, 0x83d8, 0x83d8, 0x83d7, 0x83d8, 0x94fa, 0xae9c, 
	0xaedc, 0xaedc, 0xaedc, 0xaedc, 0xaedc, 0xaedc, 0xaedc, 0xaedc, 0xaedc, 0xaedc, 0xaedc, 0xaedc, 0xaedc, 0xaedc, 0xaedc, 0xaedc, 
	0xaedc, 0xaedc, 0xaedc, 0xaedc, 0xaedc, 0xaedc, 0xaedc, 0xaedc, 0xaedc, 0xaedc, 0xaedc, 0xaedc, 0xaedc, 0xaedc, 0xaedc, 0xaedc, 
	0xaedc, 0xaedc, 0xaedc, 0xaedc, 0xaedc, 0xaedc, 0xaedc, 0xaedc, 0xaedc, 0xaedc, 0xaedc, 0xaedc, 0xaedc, 0xaedc, 0xaedc, 0xaedc, 
	0xaedc, 0xaedc, 0xaedc, 0xaedc, 0xaedc, 0xaedc, 0xaedc, 0xaedc, 0xaedc, 0xaedc, 0xaedc, 0xaedc, 0xaedc, 0xaedc, 0xaedc, 0xaedc, 
	0xaedc, 0xae1c, 0x8c78, 0x83d8, 0x83b8, 0x83d8, 0x83d7, 0x83d8, 0x83d8, 0x83d8, 0x83d8, 0x83d8, 0x83d8, 0x83d8, 0x83d8, 0x83d8, 
	0x83d8, 0x83d8, 0x83d8, 0x83d8, 0x83d8, 0x83d8, 0x83d8, 0x83d8, 0x83d8, 0x7b97, 0x7336, 0x6b16, 0x6b16, 0x6b16, 0x7316, 0x6b16, 
	0x6b16, 0x6b16, 0x6b16, 0x6b16, 0x6b16, 0x6b16, 0x6b16, 0x6b16, 0x6b16, 0x8b72, 0xd465, 0xfcc0, 0xfca1, 0xfca1, 0xfce0, 0xfcc0, 
	0xfcc0, 0xecc2, 0xd486, 0xc42a, 0xd468, 0xf503, 0xfd41, 0xfd02, 0xfd22, 0xfd22, 0xfd23, 0xfd22, 0xcc88, 0x7b54, 0x6b17, 0x72f7, 
	0x6b16, 0x6b16, 0x6b16, 0x6b16, 0x6b16, 0x6b16, 0x6b16, 0x6b16, 0x7316, 0x6b36, 0x93d2, 0xe624, 0xfea0, 0xfea0, 0xfea0, 0xfea0, 
	0xfea0, 0xfe60, 0xfec0, 0xf708, 0xf751, 0xf753, 0xf772, 0xf774, 0xf776, 0xef76, 0xef76, 0xf776, 0xff75, 0xff95, 0xff95, 0xff94, 
	0xff94, 0xff94, 0xff94, 0xff94, 0xff94, 0xff94, 0xff94, 0xff94, 0xffb4, 0xff95, 0xff94, 0xff92, 0xff6f, 0xff29, 0xfee5, 0xfee4, 
	0xfee5, 0xfee6, 0xfee6, 0xff05, 0xfec6, 0xbd2d, 0x7356, 0x7317, 0x6b16, 0x6b16, 0x6b16, 0x6b16, 0x6b16, 0x6b16, 0x6b16, 0x6b16, 
	0x6b16, 0x6b17, 0x7317, 0x6b16, 0x6b17, 0x6af6, 0x83d7, 0xc61d, 0xe75e, 0xefbf, 0xefbf, 0xef9f, 0xefdf, 0xf7df, 0xf7df, 0xffff, 
	0xfffe, 0xffff, 0xffff, 0xffff, 0xffff, 0xffff, 0xffff, 0xffdf, 0xef5d, 0xbd9b, 0x7b97, 0x6af7, 0x7317, 0x6b15, 0x7316, 0x7317, 
	0x6b17, 0x6b16, 0x6b16, 0x6b16, 0x6b17, 0x6b16, 0x7357, 0x83b8, 0x83d8, 0x83d8, 0x83d8, 0x83d8, 0x83d8, 0x83d8, 0x83d8, 0x83d8, 
	0x83d8, 0x83d8, 0x83d8, 0x83d8, 0x83d8, 0x83d8, 0x83d8, 0x83d8, 0x83d7, 0x83d8, 0x83d8, 0x83d8, 0x83d7, 0x83d8, 0x94fa, 0xae9c, 
	0xaedc, 0xaedc, 0xaedc, 0xaedc, 0xaedc, 0xaedc, 0xaedc, 0xaedc, 0xaedc, 0xaedc, 0xaedc, 0xaedc, 0xaedc, 0xaedc, 0xaedc, 0xaedc, 
	0xaedc, 0xaedc, 0xaedc, 0xaedc, 0xaedc, 0xaedc, 0xaedc, 0xaedc, 0xaedc, 0xaedc, 0xaedc, 0xaedc, 0xaedc, 0xaedc, 0xaedc, 0xaedc, 
	0xaedc, 0xaedc, 0xaedc, 0xaedc, 0xaedc, 0xaedc, 0xaedc, 0xaedc, 0xaedc, 0xaedc, 0xaedc, 0xaedc, 0xaedc, 0xaedc, 0xaedc, 0xaedc, 
	0xaedc, 0xaedc, 0xaedc, 0xaedc, 0xaedc, 0xaedc, 0xaedc, 0xaedc, 0xaedc, 0xaedc, 0xaedc, 0xaedc, 0xaedc, 0xaedc, 0xaedc, 0xaedc, 
	0xaedc, 0xae3c, 0x8c78, 0x83d8, 0x83b8, 0x83d8, 0x83d7, 0x83d8, 0x83d8, 0x83d8, 0x83d8, 0x83d8, 0x83d8, 0x83d8, 0x83d8, 0x83d8, 
	0x83d8, 0x83d8, 0x83d8, 0x83d8, 0x83d8, 0x83d8, 0x83d8, 0x83d8, 0x83d8, 0x7b97, 0x7336, 0x6b16, 0x6b16, 0x6b16, 0x7316, 0x6b16, 
	0x6b16, 0x6b16, 0x6b16, 0x6b16, 0x6b16, 0x6b16, 0x6b16, 0x6b16, 0x72f7, 0x9391, 0xe484, 0xfca0, 0xfca0, 0xfcc0, 0xfce0, 0xfc81, 
	0xe4a4, 0xbbeb, 0x8b33, 0x7b16, 0x8373, 0xabed, 0xdc87, 0xf504, 0xfd22, 0xfd22, 0xfd23, 0xfd21, 0xdc87, 0x7b73, 0x6b16, 0x72f7, 
	0x6b16, 0x6b16, 0x6b16, 0x6b16, 0x6b16, 0x6b16, 0x6b16, 0x6b16, 0x7316, 0x6b36, 0x93d2, 0xe624, 0xfea0, 0xfea0, 0xfea0, 0xfea0, 
	0xfea0, 0xfe81, 0xfea0, 0xfea0, 0xfec1, 0xfea2, 0xfea2, 0xfec4, 0xff07, 0xff07, 0xff07, 0xff07, 0xff06, 0xff06, 0xff06, 0xff06, 
	0xfee6, 0xfee6, 0xfee6, 0xfee6, 0xfee6, 0xfee6, 0xfee6, 0xfee6, 0xff05, 0xfee6, 0xff06, 0xff06, 0xff06, 0xfee5, 0xfee5, 0xff06, 
	0xfee5, 0xfee6, 0xfee6, 0xff05, 0xfec6, 0xbd2d, 0x7356, 0x7317, 0x6b16, 0x6b16, 0x6b16, 0x6b16, 0x6b16, 0x6b16, 0x6b16, 0x6b16, 
	0x6b16, 0x6af6, 0x7336, 0x6b16, 0x6b17, 0x7317, 0x8c38, 0xdedf, 0xf7df, 0xe79e, 0xe7bf, 0xefdf, 0xefbf, 0xefbf, 0xf7df, 0xf7df, 
	0xffff, 0xffff, 0xffff, 0xffff, 0xffff, 0xffff, 0xfffe, 0xfffe, 0xffff, 0xd65d, 0x83d8, 0x6b17, 0x7337, 0x6b15, 0x6b16, 0x7317, 
	0x6b17, 0x6b16, 0x6b16, 0x6b16, 0x6b17, 0x6b16, 0x7357, 0x83b8, 0x83d8, 0x83d8, 0x83d8, 0x83d8, 0x83d8, 0x83d8, 0x83d8, 0x83d8, 
	0x83d8, 0x83d8, 0x83d8, 0x83d8, 0x83d8, 0x83d8, 0x83d8, 0x83d8, 0x83d7, 0x83d8, 0x83d8, 0x83d8, 0x83d7, 0x83d8, 0x94fa, 0xae9c, 
	0xaedc, 0xaedc, 0xaedc, 0xaedc, 0xaedc, 0xaedc, 0xaedc, 0xaedc, 0xaedc, 0xaedc, 0xaedc, 0xaedc, 0xaedc, 0xaedc, 0xaedc, 0xaedc, 
	0xaedc, 0xaedc, 0xaedc, 0xaedc, 0xaedc, 0xaedc, 0xaedc, 0xaedc, 0xaedc, 0xaedc, 0xaedc, 0xaedc, 0xaedc, 0xaedc, 0xaedc, 0xaedc, 
	0xaedc, 0xaedc, 0xaedc, 0xaedc, 0xaedc, 0xaedc, 0xaedc, 0xaedc, 0xaedc, 0xaedc, 0xaedc, 0xaedc, 0xaedc, 0xaedc, 0xaedc, 0xaedc, 
	0xaedc, 0xaedc, 0xaedc, 0xaedc, 0xaedc, 0xaedc, 0xaedc, 0xaedc, 0xaedc, 0xaedc, 0xaedc, 0xaedc, 0xaedc, 0xaedc, 0xaedc, 0xaedc, 
	0xaedc, 0xae3c, 0x8c99, 0x83d8, 0x83b8, 0x83d8, 0x83d7, 0x83d8, 0x83d8, 0x83d8, 0x83d8, 0x83d8, 0x83d8, 0x83d8, 0x83d8, 0x83d8, 
	0x83d8, 0x83d8, 0x83d8, 0x83d8, 0x83d8, 0x83d8, 0x83d8, 0x83d8, 0x83d8, 0x7b97, 0x7336, 0x6b16, 0x6b16, 0x6b16, 0x7316, 0x6b16, 
	0x6b16, 0x6b16, 0x6b16, 0x6b16, 0x6b16, 0x6b16, 0x6b16, 0x6b16, 0x72f7, 0xa3ce, 0xf4c1, 0xfca1, 0xfcc0, 0xf4c0, 0xdc84, 0xcbeb, 
	0x8b91, 0x7b14, 0x6af6, 0x6b36, 0x6b17, 0x72f6, 0x8b72, 0xac2d, 0xdca6, 0xed23, 0xfd42, 0xfd61, 0xecc6, 0x8b93, 0x6b36, 0x7317, 
	0x6b16, 0x6b16, 0x6b16, 0x6b16, 0x6b16, 0x6b16, 0x6b16, 0x6b16, 0x7316, 0x6b36, 0x93d2, 0xe624, 0xfea0, 0xfea0, 0xfea0, 0xfea0, 
	0xfe80, 0xfea1, 0xfea0, 0xfe80, 0xfe80, 0xfe80, 0xfe80, 0xfea3, 0xfee5, 0xfee6, 0xfee6, 0xfee6, 0xfee6, 0xfee5, 0xfee5, 0xfee5, 
	0xfee6, 0xfee6, 0xfee6, 0xfee6, 0xfee6, 0xfee6, 0xfee6, 0xfee6, 0xfee5, 0xfee5, 0xfee5, 0xfee5, 0xfee5, 0xfee6, 0xfee6, 0xff06, 
	0xfee5, 0xfee6, 0xfee6, 0xff05, 0xfec6, 0xbd2d, 0x7356, 0x7317, 0x6b16, 0x6b16, 0x6b16, 0x6b16, 0x6b16, 0x6b16, 0x6b16, 0x6b16, 
	0x7317, 0x6b16, 0x7316, 0x6af5, 0x6af6, 0x6af7, 0x7377, 0xa4da, 0xc63d, 0xe73f, 0xefdf, 0xe7bf, 0xe7bf, 0xefbf, 0xefbf, 0xefbf, 
	0xf7df, 0xffff, 0xffff, 0xffff, 0xffff, 0xffff, 0xf7bf, 0xef5f, 0xbdbb, 0x9c99, 0x7356, 0x6af6, 0x7316, 0x6b16, 0x7316, 0x7317, 
	0x6b17, 0x6b16, 0x6b16, 0x6b16, 0x6b17, 0x6b16, 0x7357, 0x83b8, 0x83d8, 0x83d8, 0x83d8, 0x83d8, 0x83d8, 0x83d8, 0x83d8, 0x83d8, 
	0x83d8, 0x83d8, 0x83d8, 0x83d8, 0x83d8, 0x83d8, 0x83d8, 0x83d8, 0x83d7, 0x83d8, 0x83d8, 0x83d7, 0x83d7, 0x83d8, 0x951a, 0xae9c, 
	0xaedc, 0xaedc, 0xaedc, 0xaedc, 0xaedc, 0xaedc, 0xaedc, 0xaedc, 0xaedc, 0xaedc, 0xaedc, 0xaedc, 0xaedc, 0xaedc, 0xaedc, 0xaedc, 
	0xaedc, 0xaedc, 0xaedc, 0xaedc, 0xaedc, 0xaedc, 0xaedc, 0xaedc, 0xaedc, 0xaedc, 0xaedc, 0xaedc, 0xaedc, 0xaedc, 0xaedc, 0xaedc, 
	0xaedc, 0xaedc, 0xaedc, 0xaedc, 0xaedc, 0xaedc, 0xaedc, 0xaedc, 0xaedc, 0xaedc, 0xaedc, 0xaedc, 0xaedc, 0xaedc, 0xaedc, 0xaedc, 
	0xaedc, 0xaedc, 0xaedc, 0xaedc, 0xaedc, 0xaedc, 0xaedc, 0xaedc, 0xaedc, 0xaedc, 0xaedc, 0xaedc, 0xaedc, 0xaedc, 0xaedc, 0xaedc, 
	0xaefc, 0xae3c, 0x8c99, 0x83d8, 0x83b8, 0x83d8, 0x83d7, 0x83d8, 0x83d8, 0x83d8, 0x83d8, 0x83d8, 0x83d8, 0x83d8, 0x83d8, 0x83d8, 
	0x83d8, 0x83d8, 0x83d8, 0x83d8, 0x83d8, 0x83d8, 0x83d8, 0x83d8, 0x83d8, 0x7b97, 0x7336, 0x6b16, 0x6b16, 0x6b16, 0x7316, 0x6b16, 
	0x6b16, 0x6b16, 0x6b16, 0x6b16, 0x6b16, 0x6b16, 0x6b16, 0x6b16, 0x6b15, 0x9bb0, 0xec83, 0xfca0, 0xe4a2, 0xc40a, 0x9372, 0x7314, 
	0x6b16, 0x7317, 0x7317, 0x6b16, 0x6b16, 0x6b17, 0x7316, 0x7b16, 0x9353, 0xb44c, 0xdcc8, 0xf503, 0xec87, 0x8b73, 0x6b35, 0x6b16, 
	0x6b16, 0x6b16, 0x6b16, 0x6b16, 0x6b16, 0x6b16, 0x6b16, 0x6b16, 0x7316, 0x6b36, 0x93d2, 0xe624, 0xfea0, 0xfea0, 0xfea0, 0xfea0, 
	0xfea0, 0xfec0, 0xfea0, 0xfe80, 0xfea0, 0xfea0, 0xf6c0, 0xfec3, 0xfee5, 0xfee5, 0xff05, 0xff06, 0xfee6, 0xfee5, 0xfee5, 0xff05, 
	0xfee5, 0xfee5, 0xfee5, 0xfee5, 0xfee5, 0xfee5, 0xfee5, 0xfee5, 0xf706, 0xfee6, 0xfee5, 0xff05, 0xfee6, 0xfee6, 0xfee6, 0xff04, 
	0xfee5, 0xfee6, 0xfee6, 0xff05, 0xfec6, 0xbd2d, 0x7356, 0x7317, 0x6b16, 0x6b16, 0x6b16, 0x6b16, 0x6b16, 0x6b16, 0x6b16, 0x6b16, 
	0x6b16, 0x6b17, 0x7317, 0x6b16, 0x7316, 0x7317, 0x6b17, 0x7336, 0x83d8, 0x94b9, 0xc65c, 0xe79f, 0xefbf, 0xefbf, 0xefbf, 0xef9f, 
	0xf7bf, 0xffff, 0xffff, 0xffff, 0xfffe, 0xef7f, 0xc5fb, 0x8c57, 0x7b78, 0x6b16, 0x6b16, 0x7336, 0x6b16, 0x7317, 0x6b17, 0x6b16, 
	0x6b17, 0x6b16, 0x6b16, 0x6b16, 0x7317, 0x6b16, 0x7357, 0x83b8, 0x83d8, 0x83d8, 0x83d8, 0x83d8, 0x83d8, 0x83d8, 0x83d8, 0x83d8, 
	0x83d8, 0x83d8, 0x83d8, 0x83d8, 0x83d8, 0x83d8, 0x83d8, 0x83d8, 0x83d7, 0x83d8, 0x83d8, 0x83d7, 0x83d7, 0x83d8, 0x951a, 0xae9c, 
	0xaedc, 0xaedc, 0xaedc, 0xaedc, 0xaedc, 0xaedc, 0xaedc, 0xaedc, 0xaedc, 0xaedc, 0xaedc, 0xaedc, 0xaedc, 0xaedc, 0xaedc, 0xaedc, 
	0xaedc, 0xaedc, 0xaedc, 0xaedc, 0xaedc, 0xaedc, 0xaedc, 0xaedc, 0xaedc, 0xaedc, 0xaedc, 0xaedc, 0xaedc, 0xaedc, 0xaedc, 0xaedc, 
	0xaedc, 0xaedc, 0xaedc, 0xaedc, 0xaedc, 0xaedc, 0xaedc, 0xaedc, 0xaedc, 0xaedc, 0xaedc, 0xaedc, 0xaedc, 0xaedc, 0xaedc, 0xaedc, 
	0xaedc, 0xaedc, 0xaedc, 0xaedc, 0xaedc, 0xaedc, 0xaedc, 0xaedc, 0xaedc, 0xaedc, 0xaedc, 0xaedc, 0xaedc, 0xaedc, 0xaedc, 0xaedc, 
	0xaebc, 0xa67c, 0x8c98, 0x8b97, 0x83d8, 0x7bd7, 0x83d8, 0x83d7, 0x83d8, 0x83d8, 0x83d8, 0x83d8, 0x83d8, 0x83d8, 0x83d8, 0x83d8, 
	0x83d8, 0x83d8, 0x83d8, 0x83d8, 0x83d8, 0x83d8, 0x83d8, 0x83d8, 0x83d7, 0x7bb7, 0x7336, 0x6b16, 0x6b16, 0x6b16, 0x6b16, 0x6b16, 
	0x6b16, 0x6b16, 0x6b16, 0x6b16, 0x6b16, 0x6b16, 0x6b16, 0x6b16, 0x62f9, 0x8353, 0xa3cd, 0xb3cd, 0xa371, 0x8315, 0x72f6, 0x6b36, 
	0x6b16, 0x6b16, 0x6b16, 0x6b16, 0x6b16, 0x6b16, 0x6b16, 0x6b16, 0x6b17, 0x7336, 0x8b92, 0x9bee, 0x9bd0, 0x8335, 0x6af7, 0x6355, 
	0x7336, 0x6b16, 0x7316, 0x72f6, 0x6b37, 0x6af7, 0x7315, 0x7317, 0x72f6, 0x6b16, 0x8bd2, 0xee24, 0xfe80, 0xfe80, 0xfea0, 0xfea0, 
	0xfea0, 0xfea0, 0xfe80, 0xfea0, 0xfea0, 0xfea0, 0xfea1, 0xfea2, 0xfee5, 0xfee5, 0xfee5, 0xfee5, 0xfee5, 0xfee5, 0xfee5, 0xfee5, 
	0xfee5, 0xfee5, 0xfee5, 0xfee5, 0xfee5, 0xfee5, 0xfee5, 0xfee5, 0xfee5, 0xfee5, 0xfee5, 0xfee5, 0xfee5, 0xfee5, 0xfee5, 0xfee5, 
	0xff05, 0xfee6, 0xfec7, 0xfee4, 0xf6c6, 0xbd0e, 0x7b15, 0x6b17, 0x6b36, 0x6b16, 0x7317, 0x7335, 0x6ad6, 0x6af8, 0x7357, 0x62f6, 
	0x6b16, 0x6b16, 0x6b16, 0x6b16, 0x6b16, 0x6b16, 0x6b16, 0x6b16, 0x6af5, 0x7337, 0x7bb8, 0xad5b, 0xe75f, 0xef9f, 0xefbf, 0xefdf, 
	0xefdf, 0xefbf, 0xffff, 0xffff, 0xe6fe, 0xa4da, 0x7b78, 0x6b17, 0x6b16, 0x6b16, 0x6b16, 0x6b16, 0x6b16, 0x6b16, 0x6b16, 0x6b16, 
	0x7316, 0x6b16, 0x6b16, 0x6b16, 0x6b16, 0x6b16, 0x7377, 0x83b8, 0x83d8, 0x83d8, 0x83d8, 0x83d8, 0x83d8, 0x83d8, 0x83d8, 0x83d8, 
	0x83d8, 0x83d8, 0x83d8, 0x83d8, 0x83d8, 0x83d8, 0x83d8, 0x83d8, 0x83d8, 0x83d7, 0x83d8, 0x83b8, 0x83b8, 0x83f7, 0x953a, 0xae9c, 
	0xaedc, 0xaedc, 0xaedc, 0xaedc, 0xaedc, 0xaedc, 0xaedc, 0xaedc, 0xaedc, 0xaedc, 0xaedc, 0xaedc, 0xaedc, 0xaedc, 0xaedc, 0xaedc, 
	0xaedc, 0xaedc, 0xaedc, 0xaedc, 0xaedc, 0xaedc, 0xaedc, 0xaedc, 0xaedc, 0xaedc, 0xaedc, 0xaedc, 0xaedc, 0xaedc, 0xaedc, 0xaedc, 
	0xaedc, 0xaedc, 0xaedc, 0xaedc, 0xaedc, 0xaedc, 0xaedc, 0xaedc, 0xaedc, 0xaedc, 0xaedc, 0xaedc, 0xaedc, 0xaedc, 0xaedc, 0xaedc, 
	0xaedc, 0xaedc, 0xaedc, 0xaedc, 0xaedc, 0xaedc, 0xaedc, 0xaedc, 0xaedc, 0xaedc, 0xaedc, 0xaedc, 0xaedc, 0xaedc, 0xaedc, 0xaedc, 
	0xaedd, 0xae7c, 0x8cb9, 0x8b97, 0x83d7, 0x7bd7, 0x83d8, 0x83d7, 0x83d8, 0x83d8, 0x83d8, 0x83d8, 0x83d8, 0x83d8, 0x83d8, 0x83d8, 
	0x83d8, 0x83d8, 0x83d8, 0x83d8, 0x83d8, 0x83d8, 0x83d8, 0x83d8, 0x83d8, 0x7bb7, 0x7336, 0x6b16, 0x7316, 0x6b16, 0x6b16, 0x6b16, 
	0x6b16, 0x6b16, 0x6b16, 0x6b16, 0x6b16, 0x6b16, 0x6b16, 0x6b16, 0x6b36, 0x7315, 0x7315, 0x7336, 0x6b36, 0x6316, 0x6b16, 0x72f7, 
	0x6b16, 0x6b16, 0x6b16, 0x6b16, 0x6b16, 0x6b16, 0x6b16, 0x6b16, 0x72f6, 0x72f6, 0x72f6, 0x7b15, 0x72f6, 0x72d8, 0x6af7, 0x7316, 
	0x6af6, 0x6316, 0x72f8, 0x72f7, 0x6b35, 0x6b36, 0x7337, 0x6b16, 0x6b17, 0x6b37, 0x8bf2, 0xe643, 0xfea0, 0xfea1, 0xfea1, 0xfe81, 
	0xfea0, 0xfea0, 0xfea0, 0xfea0, 0xfe80, 0xfea0, 0xfea1, 0xfec2, 0xfee6, 0xfee6, 0xfee6, 0xfee6, 0xfee6, 0xfee6, 0xfee6, 0xfee6, 
	0xfee6, 0xfee6, 0xfee6, 0xfee6, 0xfee6, 0xfee6, 0xfee6, 0xfee6, 0xfee6, 0xfee6, 0xfee6, 0xfee6, 0xfee6, 0xfee6, 0xfee6, 0xfee6, 
	0xff06, 0xfee6, 0xfee6, 0xff04, 0xf706, 0xbd4e, 0x7b55, 0x6b37, 0x6b16, 0x6b17, 0x6b17, 0x7356, 0x6b36, 0x6af7, 0x6af7, 0x6b35, 
	0x6b16, 0x6b16, 0x6b16, 0x6b16, 0x6b16, 0x6b16, 0x6b16, 0x6b16, 0x6af6, 0x6b16, 0x6b16, 0x7b96, 0xa519, 0xdf1f, 0xefbf, 0xe79f, 
	0xefbf, 0xefbf, 0xffff, 0xdefd, 0x9cb8, 0x7356, 0x6af6, 0x6b16, 0x6b16, 0x6b16, 0x6b16, 0x6b16, 0x6b16, 0x6b16, 0x6b16, 0x6b16, 
	0x6b16, 0x6b16, 0x6b16, 0x6b16, 0x6b16, 0x6b16, 0x7377, 0x83b8, 0x83d8, 0x83d8, 0x83d8, 0x83d8, 0x83d8, 0x83d8, 0x83d8, 0x83d8, 
	0x83d8, 0x83d8, 0x83d8, 0x83d8, 0x83d8, 0x83d8, 0x83d8, 0x83d8, 0x83d7, 0x83d7, 0x83d8, 0x83d8, 0x83b8, 0x83f7, 0x955a, 0xae9d, 
	0xaedc, 0xaedc, 0xaedc, 0xaedc, 0xaedc, 0xaedc, 0xaedc, 0xaedc, 0xaedc, 0xaedc, 0xaedc, 0xaedc, 0xaedc, 0xaedc, 0xaedc, 0xaedc, 
	0xaedc, 0xaedc, 0xaedc, 0xaedc, 0xaedc, 0xaedc, 0xaedc, 0xaedc, 0xaedc, 0xaedc, 0xaedc, 0xaedc, 0xaedc, 0xaedc, 0xaedc, 0xaedc, 
	0xaedc, 0xaedc, 0xaedc, 0xaedc, 0xaedc, 0xaedc, 0xaedc, 0xaedc, 0xaedc, 0xaedc, 0xaedc, 0xaedc, 0xaedc, 0xaedc, 0xaedc, 0xaedc, 
	0xaedc, 0xaedc, 0xaedc, 0xaedc, 0xaedc, 0xaedc, 0xaedc, 0xaedc, 0xaedc, 0xaedc, 0xaedc, 0xaedc, 0xaedc, 0xaedc, 0xaedc, 0xaedc, 
	0xb6dd, 0xae9c, 0x8cd9, 0x83b7, 0x83d7, 0x7bd7, 0x83d8, 0x83d7, 0x83d8, 0x83d8, 0x83d8, 0x83d8, 0x83d8, 0x83d8, 0x83d8, 0x83d8, 
	0x83d8, 0x83d8, 0x83d8, 0x83d8, 0x83d8, 0x83d8, 0x83d8, 0x83d8, 0x83d8, 0x83b7, 0x7356, 0x6b16, 0x6b16, 0x6b16, 0x7316, 0x6b16, 
	0x6b16, 0x6b16, 0x6b16, 0x6b16, 0x6b16, 0x6b16, 0x6b16, 0x6b16, 0x7336, 0x6b16, 0x6af6, 0x6b16, 0x6b36, 0x6b36, 0x6b16, 0x7317, 
	0x6b16, 0x6b16, 0x6b16, 0x6b16, 0x6b16, 0x6b16, 0x6b16, 0x6b16, 0x72f7, 0x7316, 0x6b15, 0x6b16, 0x6b16, 0x6b36, 0x7317, 0x72f7, 
	0x7316, 0x6b17, 0x7316, 0x7335, 0x6b15, 0x6af7, 0x7af7, 0x7334, 0x7b35, 0x7b55, 0x9410, 0xe624, 0xfe80, 0xfea1, 0xfea0, 0xfea0, 
	0xfe80, 0xfe80, 0xfe80, 0xfe80, 0xfe80, 0xfe80, 0xfea1, 0xfec2, 0xfee5, 0xfee5, 0xfee5, 0xfee5, 0xfee5, 0xfee5, 0xfee5, 0xfee5, 
	0xfee5, 0xfee5, 0xfee5, 0xfee5, 0xfee5, 0xfee5, 0xfee5, 0xfee5, 0xfee5, 0xfee5, 0xfee5, 0xfee5, 0xfee5, 0xfee5, 0xfee5, 0xfee5, 
	0xff05, 0xfee5, 0xfee6, 0xff05, 0xf6c7, 0xbd2e, 0x8354, 0x7316, 0x7337, 0x7b17, 0x72b8, 0x6af7, 0x6b36, 0x7335, 0x72d7, 0x7337, 
	0x6b16, 0x6b16, 0x6b16, 0x6b16, 0x6b16, 0x6b16, 0x6b16, 0x6b16, 0x7318, 0x6b16, 0x6af5, 0x6af6, 0x7b76, 0xb5bc, 0xe77f, 0xefbf, 
	0xefbf, 0xefbf, 0xef5f, 0xad3a, 0x7336, 0x6ad6, 0x6b16, 0x7336, 0x6b16, 0x6b16, 0x6b16, 0x6b16, 0x6b16, 0x6b16, 0x6b16, 0x6b16, 
	0x6b16, 0x6b16, 0x6b16, 0x6b16, 0x6b16, 0x6b16, 0x7b77, 0x83d8, 0x83d8, 0x83d8, 0x83d8, 0x83d8, 0x83d8, 0x83d8, 0x83d8, 0x83d8, 
	0x83d8, 0x83d8, 0x83d8, 0x83d8, 0x83d8, 0x83d8, 0x83d8, 0x83d8, 0x83d8, 0x83d7, 0x83d7, 0x83d8, 0x83b8, 0x83f7, 0x9d7a, 0xaebd, 
	0xaedc, 0xaedc, 0xaedc, 0xaedc, 0xaedc, 0xaedc, 0xaedc, 0xaedc, 0xaedc, 0xaedc, 0xaedc, 0xaedc, 0xaedc, 0xaedc, 0xaedc, 0xaedc, 
	0xaedc, 0xaedc, 0xaedc, 0xaedc, 0xaedc, 0xaedc, 0xaedc, 0xaedc, 0xaedc, 0xaedc, 0xaedc, 0xaedc, 0xaedc, 0xaedc, 0xaedc, 0xaedc, 
	0xaedc, 0xaedc, 0xaedc, 0xaedc, 0xaedc, 0xaedc, 0xaedc, 0xaedc, 0xaedc, 0xaedc, 0xaedc, 0xaedc, 0xaedc, 0xaedc, 0xaedc, 0xaedc, 
	0xaedc, 0xaedc, 0xaedc, 0xaedc, 0xaedc, 0xaedc, 0xaedc, 0xaedc, 0xaedc, 0xaedc, 0xaedc, 0xaedc, 0xaedc, 0xaedc, 0xaedc, 0xaedc, 
	0xb6dd, 0xae9c, 0x94f9, 0x83b7, 0x83d7, 0x7bd7, 0x83b8, 0x83d7, 0x83d8, 0x83d8, 0x83d8, 0x83d8, 0x83d8, 0x83d8, 0x83d8, 0x83d8, 
	0x83d8, 0x83d8, 0x83d8, 0x83d8, 0x83d8, 0x83d8, 0x83d8, 0x83d8, 0x83d8, 0x83b8, 0x7357, 0x6b16, 0x6b16, 0x6b16, 0x7316, 0x6b16, 
	0x6b16, 0x6b16, 0x6b16, 0x6b16, 0x6b16, 0x6b16, 0x6b16, 0x6b16, 0x6af7, 0x72f6, 0x72f6, 0x7b16, 0x7317, 0x7317, 0x6b16, 0x7315, 
	0x6b16, 0x6b16, 0x6b16, 0x6b16, 0x6b16, 0x6b16, 0x6b16, 0x6b16, 0x6b17, 0x6b36, 0x7336, 0x6b17, 0x7317, 0x7336, 0x6b36, 0x6af7, 
	0x7b17, 0x6b17, 0x6316, 0x6b17, 0x7317, 0x93b2, 0xac4d, 0xbcc9, 0xc4c9, 0xc4e9, 0xcd28, 0xf641, 0xfe60, 0xfe60, 0xfe60, 0xfe60, 
	0xfe60, 0xfe60, 0xfe60, 0xfe60, 0xfe60, 0xfe80, 0xfea0, 0xfea1, 0xfec2, 0xfec2, 0xfec2, 0xfec2, 0xfec2, 0xfec2, 0xfec2, 0xfec2, 
	0xfec2, 0xfec2, 0xfec2, 0xfec2, 0xfec2, 0xfec2, 0xfec2, 0xfec2, 0xfec2, 0xfec2, 0xfec2, 0xfec2, 0xfec2, 0xfec2, 0xfec2, 0xfec2, 
	0xfec2, 0xfec3, 0xfea4, 0xfec2, 0xfec3, 0xdde7, 0xbcca, 0xb4ea, 0xb50a, 0xb4cb, 0xa410, 0x8374, 0x6af7, 0x7335, 0x72f6, 0x6b16, 
	0x6b16, 0x6b16, 0x6b16, 0x6b16, 0x6b16, 0x6b16, 0x6b16, 0x6b16, 0x6b17, 0x7316, 0x7316, 0x7317, 0x7317, 0x83f7, 0xce9d, 0xefdf, 
	0xefbf, 0xefbf, 0xce5d, 0x7bb7, 0x7318, 0x7317, 0x7336, 0x6af6, 0x6b16, 0x6b16, 0x6b16, 0x6b16, 0x6b16, 0x6b16, 0x6b16, 0x6b16, 
	0x6b16, 0x6b16, 0x7316, 0x6b16, 0x6b16, 0x6b16, 0x7b77, 0x83d8, 0x83d8, 0x83d8, 0x83d8, 0x83d8, 0x83d8, 0x83d8, 0x83d8, 0x83d8, 
	0x83d8, 0x83d8, 0x83d8, 0x83d8, 0x83d8, 0x83d8, 0x83d8, 0x83d8, 0x83d8, 0x83d7, 0x83d7, 0x83d8, 0x83b8, 0x83f7, 0x9d9a, 0xb6dd, 
	0xaedc, 0xaedc, 0xaedc, 0xaedc, 0xaedc, 0xaedc, 0xaedc, 0xaedc, 0xaedc, 0xaedc, 0xaedc, 0xaedc, 0xaedc, 0xaedc, 0xaedc, 0xaedc, 
	0xaedc, 0xaedc, 0xaedc, 0xaedc, 0xaedc, 0xaedc, 0xaedc, 0xaedc, 0xaedc, 0xaedc, 0xaedc, 0xaedc, 0xaedc, 0xaedc, 0xaedc, 0xaedc, 
	0xaedc, 0xaedc, 0xaedc, 0xaedc, 0xaedc, 0xaedc, 0xaedc, 0xaedc, 0xaedc, 0xaedc, 0xaedc, 0xaedc, 0xaedc, 0xaedc, 0xaedc, 0xaedc, 
	0xaedc, 0xaedc, 0xaedc, 0xaedc, 0xaedc, 0xaedc, 0xaedc, 0xaedc, 0xaedc, 0xaedc, 0xaedc, 0xaedc, 0xaedc, 0xaedc, 0xaedc, 0xaedc, 
	0xb6dc, 0xaebc, 0x951a, 0x83d8, 0x83d7, 0x83d8, 0x83b8, 0x83d7, 0x83d8, 0x83d8, 0x83d8, 0x83d8, 0x83d8, 0x83d8, 0x83d8, 0x83d8, 
	0x83d8, 0x83d8, 0x83d8, 0x83d8, 0x83d8, 0x83d8, 0x83d8, 0x83d8, 0x83d8, 0x83d8, 0x7357, 0x6b16, 0x6b16, 0x6b16, 0x7316, 0x6b16, 
	0x6b16, 0x6b16, 0x6b16, 0x6b16, 0x6b16, 0x6b16, 0x6b16, 0x6b16, 0x6b16, 0x6b17, 0x6b17, 0x6b17, 0x6b17, 0x6af6, 0x6af6, 0x7316, 
	0x6b16, 0x6b16, 0x6b16, 0x6b16, 0x6b16, 0x6b16, 0x6b16, 0x6b16, 0x6b36, 0x6b16, 0x72f7, 0x72f8, 0x72f7, 0x72f6, 0x6b16, 0x6b16, 
	0x6ad6, 0x7337, 0x6b36, 0x7316, 0x9c10, 0xd566, 0xee21, 0xf620, 0xfe20, 0xf620, 0xf621, 0xfe40, 0xfe20, 0xfe40, 0xfe20, 0xfe01, 
	0xfe40, 0xf620, 0xf620, 0xfe40, 0xfe60, 0xfe80, 0xfe80, 0xfe81, 0xfea0, 0xfea0, 0xfea0, 0xfea0, 0xfea0, 0xfea0, 0xfea0, 0xfea0, 
	0xfea0, 0xfea0, 0xfea0, 0xfea0, 0xfea0, 0xfea0, 0xfea0, 0xfea0, 0xfea0, 0xfea0, 0xfea0, 0xfea0, 0xfea0, 0xfea0, 0xfea0, 0xfea0, 
	0xfea0, 0xfea1, 0xfe81, 0xfe80, 0xfea0, 0xfea0, 0xf681, 0xfea0, 0xf680, 0xf680, 0xe624, 0xbd0a, 0x8373, 0x72f7, 0x72f7, 0x6b36, 
	0x6b16, 0x6b16, 0x6b16, 0x6b16, 0x6b16, 0x6b16, 0x6b16, 0x6b16, 0x6b16, 0x7337, 0x6af6, 0x72f7, 0x72f7, 0x6b36, 0xad7b, 0xe77f, 
	0xefde, 0xe75f, 0xa51a, 0x6b16, 0x6af7, 0x7316, 0x6b16, 0x6b17, 0x6b16, 0x6b16, 0x6b16, 0x6b16, 0x6b16, 0x6b16, 0x6b16, 0x6b16, 
	0x6b16, 0x6b16, 0x7316, 0x6b16, 0x6b16, 0x7336, 0x7b77, 0x83d8, 0x83d8, 0x83d8, 0x83d8, 0x83d8, 0x83d8, 0x83d8, 0x83d8, 0x83d8, 
	0x83d8, 0x83d8, 0x83d8, 0x83d8, 0x83d8, 0x83d8, 0x83d8, 0x83d8, 0x83d8, 0x83d7, 0x83d8, 0x83d8, 0x83b7, 0x8417, 0x9dbb, 0xaedd, 
	0xaedc, 0xaedc, 0xaedc, 0xaedc, 0xaedc, 0xaedc, 0xaedc, 0xaedc, 0xaedc, 0xaedc, 0xaedc, 0xaedc, 0xaedc, 0xaedc, 0xaedc, 0xaedc, 
	0xaedc, 0xaedc, 0xaedc, 0xaedc, 0xaedc, 0xaedc, 0xaedc, 0xaedc, 0xaedc, 0xaedc, 0xaedc, 0xaedc, 0xaedc, 0xaedc, 0xaedc, 0xaedc, 
	0xaedc, 0xaedc, 0xaedc, 0xaedc, 0xaedc, 0xaedc, 0xaedc, 0xaedc, 0xaedc, 0xaedc, 0xaedc, 0xaedc, 0xaedc, 0xaedc, 0xaedc, 0xaedc, 
	0xaedc, 0xaedc, 0xaedc, 0xaedc, 0xaedc, 0xaedc, 0xaedc, 0xaedc, 0xaedc, 0xaedc, 0xaedc, 0xaedc, 0xaedc, 0xaedc, 0xaedc, 0xaedc, 
	0xb6bc, 0xaebc, 0x953a, 0x83d8, 0x83d7, 0x83d8, 0x83b8, 0x83d7, 0x83d8, 0x83d8, 0x83d8, 0x83d8, 0x83d8, 0x83d8, 0x83d8, 0x83d8, 
	0x83d8, 0x83d8, 0x83d8, 0x83d8, 0x83d8, 0x83d8, 0x83d8, 0x83d8, 0x83d7, 0x83d8, 0x7377, 0x7316, 0x6b16, 0x6b16, 0x7316, 0x6b16, 
	0x6b16, 0x6b16, 0x6b16, 0x6b16, 0x6b16, 0x6b16, 0x6b16, 0x6b16, 0x7336, 0x6b36, 0x6b15, 0x6b35, 0x6b35, 0x6b35, 0x7316, 0x7317, 
	0x6b16, 0x6b16, 0x6b16, 0x6b16, 0x6b16, 0x6b16, 0x6b16, 0x6b16, 0x7336, 0x6b16, 0x7316, 0x7316, 0x7315, 0x6b15, 0x7316, 0x7336, 
	0x6b36, 0x6b36, 0x7316, 0x8b72, 0xd545, 0xfe20, 0xfe40, 0xfe20, 0xf600, 0xfe40, 0xfe20, 0xfe20, 0xf600, 0xfe20, 0xfe20, 0xfe01, 
	0xfe20, 0xfe20, 0xf620, 0xfe40, 0xfe80, 0xfea0, 0xfea0, 0xfea0, 0xfe80, 0xfe80, 0xfe80, 0xfe80, 0xfe80, 0xfe80, 0xfe80, 0xfe80, 
	0xfe80, 0xfe80, 0xfe80, 0xfe80, 0xfe80, 0xfe80, 0xfe80, 0xfe80, 0xfe80, 0xfe80, 0xfe80, 0xfe80, 0xfe80, 0xfe80, 0xfe80, 0xfe80, 
	0xf6a0, 0xfec0, 0xfea0, 0xfe80, 0xfe80, 0xfe80, 0xfe81, 0xfea1, 0xfe81, 0xfe80, 0xfea0, 0xe642, 0xa48b, 0x7316, 0x6b18, 0x6b17, 
	0x6b16, 0x6b16, 0x6b16, 0x6b16, 0x6b16, 0x6b16, 0x6b16, 0x6b16, 0x6b36, 0x7317, 0x6af6, 0x7316, 0x6af6, 0x7317, 0x8c38, 0xd6be, 
	0xefbf, 0xce7d, 0x83d7, 0x7317, 0x6af6, 0x7336, 0x6b16, 0x7317, 0x6b16, 0x6b16, 0x6b16, 0x6b16, 0x6b16, 0x6b16, 0x6b16, 0x6b16, 
	0x6b17, 0x6b16, 0x6b16, 0x6b16, 0x6b16, 0x7337, 0x7b97, 0x83d8, 0x83d8, 0x83d8, 0x83d8, 0x83d8, 0x83d8, 0x83d8, 0x83d8, 0x83d8, 
	0x83d8, 0x83d8, 0x83d8, 0x83d8, 0x83d8, 0x83d8, 0x83d8, 0x83d8, 0x83d8, 0x83d8, 0x83d8, 0x83d8, 0x83b7, 0x8437, 0xa5db, 0xaedc, 
	0xaedc, 0xaedc, 0xaedc, 0xaedc, 0xaedc, 0xaedc, 0xaedc, 0xaedc, 0xaedc, 0xaedc, 0xaedc, 0xaedc, 0xaedc, 0xaedc, 0xaedc, 0xaedc, 
	0xaedc, 0xaedc, 0xaedc, 0xaedc, 0xaedc, 0xaedc, 0xaedc, 0xaedc, 0xaedc, 0xaedc, 0xaedc, 0xaedc, 0xaedc, 0xaedc, 0xaedc, 0xaedc, 
	0xaedc, 0xaedc, 0xaedc, 0xaedc, 0xaedc, 0xaedc, 0xaedc, 0xaedc, 0xaedc, 0xaedc, 0xaedc, 0xaedc, 0xaedc, 0xaedc, 0xaedc, 0xaedc, 
	0xaedc, 0xaedc, 0xaedc, 0xaedc, 0xaedc, 0xaedc, 0xaedc, 0xaedc, 0xaedc, 0xaedc, 0xaedc, 0xaedc, 0xaedc, 0xaedc, 0xaedc, 0xaedc, 
	0xb6bc, 0xaedc, 0x9d7b, 0x83f8, 0x83d7, 0x83d8, 0x83b8, 0x83d7, 0x83d8, 0x83d8, 0x83d8, 0x83d8, 0x83d8, 0x83d8, 0x83d8, 0x83d8, 
	0x83d8, 0x83d8, 0x83d8, 0x83d8, 0x83d8, 0x83d8, 0x83d8, 0x83d8, 0x83d7, 0x83d8, 0x7b77, 0x7336, 0x6b16, 0x6b16, 0x7316, 0x6b16, 
	0x6b16, 0x6b16, 0x6b16, 0x6b16, 0x6b16, 0x6b16, 0x6b16, 0x6b16, 0x6b16, 0x6b16, 0x72f6, 0x72f6, 0x72f7, 0x7317, 0x6b16, 0x6b16, 
	0x6b16, 0x6b16, 0x6b16, 0x6b16, 0x6b16, 0x6b16, 0x6b16, 0x6b16, 0x72f6, 0x72f6, 0x6b16, 0x6b17, 0x6b17, 0x6b16, 0x6b16, 0x72f6, 
	0x6b37, 0x6af6, 0x72f7, 0x93b2, 0xee02, 0xfe20, 0xfe20, 0xfe40, 0xf620, 0xfe40, 0xfe40, 0xf620, 0xf620, 0xfe40, 0xfe20, 0xfe20, 
	0xfe20, 0xfe20, 0xfe40, 0xfe60, 0xfea0, 0xfea0, 0xfea0, 0xfea0, 0xfea0, 0xfea0, 0xfea0, 0xfea0, 0xfea0, 0xfea0, 0xfea0, 0xfea0, 
	0xfea0, 0xfea0, 0xfea0, 0xfea0, 0xfea0, 0xfea0, 0xfea0, 0xfea0, 0xfea0, 0xfea0, 0xfea0, 0xfea0, 0xfea0, 0xfea0, 0xfea0, 0xfea0, 
	0xfe80, 0xfea0, 0xfea0, 0xfec0, 0xfea0, 0xfea0, 0xfea0, 0xfe80, 0xfea0, 0xfe80, 0xfe80, 0xfe81, 0xcd87, 0x7b55, 0x6b36, 0x6af6, 
	0x6b16, 0x6b16, 0x6b16, 0x6b16, 0x6b16, 0x6b16, 0x6b16, 0x6b16, 0x6b16, 0x6af6, 0x7316, 0x7317, 0x6b16, 0x6b16, 0x7356, 0xa4fb, 
	0xc61d, 0xa4db, 0x7336, 0x7337, 0x6b16, 0x7336, 0x6b16, 0x6af6, 0x6b16, 0x6b16, 0x6b16, 0x6b16, 0x6b16, 0x6b16, 0x6b16, 0x6b16, 
	0x6b17, 0x6b16, 0x6b16, 0x6b16, 0x6b16, 0x7337, 0x7b97, 0x83d8, 0x83d8, 0x83d8, 0x83d8, 0x83d8, 0x83d8, 0x83d8, 0x83d8, 0x83d8, 
	0x83d8, 0x83d8, 0x83d8, 0x83d8, 0x83d8, 0x83d8, 0x83d8, 0x83d8, 0x83b8, 0x83d8, 0x83d8, 0x83d8, 0x83d8, 0x8c58, 0xa61c, 0xaedc, 
	0xaedc, 0xaedc, 0xaedc, 0xaedc, 0xaedc, 0xaedc, 0xaedc, 0xaedc, 0xaedc, 0xaedc, 0xaedc, 0xaedc, 0xaedc, 0xaedc, 0xaedc, 0xaedc, 
	0xaedc, 0xaedc, 0xaedc, 0xaedc, 0xaedc, 0xaedc, 0xaedc, 0xaedc, 0xaedc, 0xaedc, 0xaedc, 0xaedc, 0xaedc, 0xaedc, 0xaedc, 0xaedc, 
	0xaedc, 0xaedc, 0xaedc, 0xaedc, 0xaedc, 0xaedc, 0xaedc, 0xaedc, 0xaedc, 0xaedc, 0xaedc, 0xaedc, 0xaedc, 0xaedc, 0xaedc, 0xaedc, 
	0xaedc, 0xaedc, 0xaedc, 0xaedc, 0xaedc, 0xaedc, 0xaedc, 0xaedc, 0xaedc, 0xaedc, 0xaedc, 0xaedc, 0xaedc, 0xaedc, 0xaedc, 0xaedc, 
	0xb6bc, 0xaefd, 0x9d9b, 0x8c18, 0x83d7, 0x83d8, 0x83b8, 0x83d7, 0x83d8, 0x83d8, 0x83d8, 0x83d8, 0x83d8, 0x83d8, 0x83d8, 0x83d8, 
	0x83d8, 0x83d8, 0x83d8, 0x83d8, 0x83d8, 0x83d8, 0x83d8, 0x83d8, 0x83d7, 0x83d8, 0x7b77, 0x7336, 0x6b16, 0x6b16, 0x7316, 0x6b16, 
	0x6b16, 0x6b16, 0x6b16, 0x6b16, 0x6b16, 0x6b16, 0x6b16, 0x6b16, 0x6b16, 0x6b17, 0x6b37, 0x6b17, 0x6b17, 0x6b16, 0x6b16, 0x6b36, 
	0x6b16, 0x6b16, 0x6b16, 0x6b16, 0x6b16, 0x6b16, 0x6b16, 0x6b16, 0x72f8, 0x7316, 0x6b15, 0x6b16, 0x6b17, 0x7316, 0x6b16, 0x6af7, 
	0x7317, 0x72f6, 0x7336, 0x93b1, 0xee21, 0xfe20, 0xf620, 0xfe22, 0xfe20, 0xfe00, 0xfe00, 0xfe20, 0xfe40, 0xfe20, 0xf620, 0xfe40, 
	0xfe20, 0xfe20, 0xfe40, 0xfe60, 0xfe80, 0xfea0, 0xfea0, 0xfe80, 0xfea0, 0xfea0, 0xfea0, 0xfea0, 0xfea0, 0xfea0, 0xfea0, 0xfea0, 
	0xfea0, 0xfea0, 0xfea0, 0xfea0, 0xfea0, 0xfea0, 0xfea0, 0xfea0, 0xfea0, 0xfea0, 0xfea0, 0xfea0, 0xfea0, 0xfea0, 0xfea0, 0xfea0, 
	0xfea1, 0xfe80, 0xfe80, 0xfea0, 0xfea1, 0xfe80, 0xfea0, 0xfec0, 0xfe80, 0xf6c0, 0xfea0, 0xfe81, 0xddc6, 0x7b54, 0x6b36, 0x72f7, 
	0x6b16, 0x6b16, 0x6b16, 0x6b16, 0x6b16, 0x6b16, 0x6b16, 0x6b16, 0x7317, 0x6af5, 0x7336, 0x6af6, 0x6b17, 0x6b16, 0x7316, 0x7337, 
	0x7376, 0x6b17, 0x7317, 0x6b16, 0x7336, 0x6af6, 0x7317, 0x6b16, 0x6b16, 0x6b16, 0x6b16, 0x6b16, 0x6b16, 0x6b16, 0x6b16, 0x6b16, 
	0x7317, 0x6b16, 0x6b16, 0x6b16, 0x6b16, 0x7357, 0x7b97, 0x83d8, 0x83d8, 0x83d8, 0x83d8, 0x83d8, 0x83d8, 0x83d8, 0x83d8, 0x83d8, 
	0x83d8, 0x83d8, 0x83d8, 0x83d8, 0x83d8, 0x83d8, 0x83d8, 0x83d8, 0x83b8, 0x83d8, 0x83d8, 0x83d8, 0x83d8, 0x8c78, 0xae3c, 0xaedc, 
	0xaedc, 0xaedc, 0xaedc, 0xaedc, 0xaedc, 0xaedc, 0xaedc, 0xaedc, 0xaedc, 0xaedc, 0xaedc, 0xaedc, 0xaedc, 0xaedc, 0xaedc, 0xaedc, 
	0xaedc, 0xaedc, 0xaedc, 0xaedc, 0xaedc, 0xaedc, 0xaedc, 0xaedc, 0xaedc, 0xaedc, 0xaedc, 0xaedc, 0xaedc, 0xaedc, 0xaedc, 0xaedc, 
	0xaedc, 0xaedc, 0xaedc, 0xaedc, 0xaedc, 0xaedc, 0xaedc, 0xaedc, 0xaedc, 0xaedc, 0xaedc, 0xaedc, 0xaedc, 0xaedc, 0xaedc, 0xaedc, 
	0xaedc, 0xaedc, 0xaedc, 0xaedc, 0xaedc, 0xaedc, 0xaedc, 0xaedc, 0xaedc, 0xaedc, 0xaedc, 0xaedc, 0xaedc, 0xaedc, 0xaedc, 0xaedc, 
	0xb6bc, 0xaedd, 0x9e1b, 0x8438, 0x83d8, 0x83b7, 0x83d8, 0x83d8, 0x83d8, 0x83d8, 0x83d8, 0x83d8, 0x83d8, 0x83d8, 0x83d8, 0x83d8, 
	0x83d8, 0x83d8, 0x83d8, 0x83d8, 0x83d8, 0x83d8, 0x83d8, 0x83d8, 0x83d7, 0x83d8, 0x7b97, 0x7336, 0x6b16, 0x7317, 0x6b16, 0x7316, 
	0x6b16, 0x6b16, 0x6b16, 0x6b16, 0x6b16, 0x6b16, 0x6b16, 0x6b16, 0x6b16, 0x6b16, 0x6b16, 0x6b16, 0x6b16, 0x6b16, 0x6b16, 0x6b16, 
	0x6b16, 0x6b16, 0x6b16, 0x6b16, 0x6b16, 0x6b16, 0x6b16, 0x6b16, 0x6b16, 0x6b16, 0x6b16, 0x6b16, 0x6b16, 0x6b16, 0x6b16, 0x6b16, 
	0x6b16, 0x6b16, 0x72f8, 0x8bd0, 0xee01, 0xf620, 0xfe21, 0xf640, 0xfe20, 0xfe20, 0xfe20, 0xfe20, 0xfe20, 0xfe20, 0xfe20, 0xfe20, 
	0xfe20, 0xfe20, 0xfe40, 0xfe60, 0xfe80, 0xfea0, 0xfe80, 0xfe80, 0xfea0, 0xfea0, 0xfea0, 0xfea0, 0xfea0, 0xfea0, 0xfea0, 0xfea0, 
	0xfea0, 0xfea0, 0xfea0, 0xfea0, 0xfea0, 0xfea0, 0xfea0, 0xfea0, 0xfea0, 0xfea0, 0xfea0, 0xfea0, 0xfea0, 0xfea0, 0xfea0, 0xfea0, 
	0xfea0, 0xfea0, 0xfea0, 0xfea0, 0xfea0, 0xfea0, 0xfea0, 0xfea0, 0xfea0, 0xfe80, 0xfec0, 0xfe60, 0xdde5, 0x7374, 0x6b16, 0x7316, 
	0x6b16, 0x6b16, 0x6b16, 0x6b16, 0x6b16, 0x6b16, 0x6b16, 0x6b16, 0x6b16, 0x6b16, 0x6b16, 0x6b16, 0x6b16, 0x6b16, 0x6b16, 0x6b16, 
	0x6b16, 0x6b16, 0x6b16, 0x6b16, 0x6b16, 0x6b16, 0x6b16, 0x6b16, 0x6b16, 0x6b16, 0x6b16, 0x6b16, 0x6b16, 0x6b16, 0x6b16, 0x6b16, 
	0x6b16, 0x6b16, 0x7317, 0x6b17, 0x6b16, 0x7357, 0x83b7, 0x83d8, 0x83d8, 0x83d8, 0x83d8, 0x83d8, 0x83d8, 0x83d8, 0x83d8, 0x83d8, 
	0x83d8, 0x83d8, 0x83d8, 0x83d8, 0x83d8, 0x83d8, 0x83d8, 0x83d8, 0x83b8, 0x83d7, 0x83d7, 0x83d8, 0x83d8, 0x94b9, 0xae3c, 0xa6fd, 
	0xaedc, 0xaedc, 0xaedc, 0xaedc, 0xaedc, 0xaedc, 0xaedc, 0xaedc, 0xaedc, 0xaedc, 0xaedc, 0xaedc, 0xaedc, 0xaedc, 0xaedc, 0xaedc, 
	0xaedc, 0xaedc, 0xaedc, 0xaedc, 0xaedc, 0xaedc, 0xaedc, 0xaedc, 0xaedc, 0xaedc, 0xaedc, 0xaedc, 0xaedc, 0xaedc, 0xaedc, 0xaedc, 
	0xaedc, 0xaedc, 0xaedc, 0xaedc, 0xaedc, 0xaedc, 0xaedc, 0xaedc, 0xaedc, 0xaedc, 0xaedc, 0xaedc, 0xaedc, 0xaedc, 0xaedc, 0xaedc, 
	0xaedc, 0xaedc, 0xaedc, 0xaedc, 0xaedc, 0xaedc, 0xaedc, 0xaedc, 0xaedc, 0xaedc, 0xaedc, 0xaedc, 0xaedc, 0xaedc, 0xaedc, 0xaedc, 
	0xaefd, 0xaedc, 0xae1b, 0x8c38, 0x8bd8, 0x83d7, 0x83d7, 0x7bb7, 0x83d7, 0x83d7, 0x83d7, 0x83d7, 0x83d7, 0x83d7, 0x83d7, 0x83d7, 
	0x83d7, 0x83d7, 0x83d7, 0x83d7, 0x83d7, 0x83d7, 0x83d7, 0x83d7, 0x83d8, 0x83d8, 0x83b8, 0x7357, 0x7317, 0x6b16, 0x6b16, 0x6b16, 
	0x6b16, 0x6b16, 0x6b16, 0x6b16, 0x6b16, 0x6b16, 0x6b16, 0x6b16, 0x6b16, 0x6b16, 0x6b16, 0x6b16, 0x6b16, 0x6b16, 0x6b16, 0x6b16, 
	0x6b16, 0x6b16, 0x6b16, 0x6b16, 0x6b16, 0x6b16, 0x6b16, 0x6b16, 0x6b16, 0x6b16, 0x6b16, 0x6b16, 0x6b16, 0x6b16, 0x6b16, 0x6b16, 
	0x72f7, 0x7316, 0x7af7, 0x93d0, 0xf5e1, 0xfe00, 0xfe00, 0xf620, 0xfe40, 0xfe40, 0xfe40, 0xfe40, 0xfe40, 0xfe40, 0xfe40, 0xfe40, 
	0xfe20, 0xfe20, 0xfe40, 0xfe60, 0xfe80, 0xfea0, 0xfea0, 0xfe80, 0xfe80, 0xfe80, 0xfe80, 0xfe80, 0xfe80, 0xfe80, 0xfe80, 0xfe80, 
	0xfe80, 0xfe80, 0xfe80, 0xfe80, 0xfe80, 0xfe80, 0xfe80, 0xfe80, 0xfe80, 0xfe80, 0xfe80, 0xfe80, 0xfe80, 0xfe80, 0xfe80, 0xfe80, 
	0xfe80, 0xfe80, 0xfe80, 0xfe80, 0xfe80, 0xfe80, 0xfe80, 0xfe80, 0xfe81, 0xfe80, 0xfea0, 0xfe80, 0xdde5, 0x7b54, 0x6af7, 0x6ad7, 
	0x6b16, 0x6b16, 0x6b16, 0x6b16, 0x6b16, 0x6b16, 0x6b16, 0x6b16, 0x6b16, 0x6b16, 0x6b16, 0x6b16, 0x6b16, 0x6b16, 0x6b16, 0x6b16, 
	0x6b16, 0x6b16, 0x6b16, 0x6b16, 0x6b16, 0x6b16, 0x6b16, 0x6b16, 0x6b16, 0x6b16, 0x6b16, 0x6b16, 0x6b16, 0x6b16, 0x6b16, 0x6b16, 
	0x6b16, 0x6b16, 0x7316, 0x6b16, 0x6b16, 0x7b77, 0x83d8, 0x83d8, 0x83d7, 0x83d7, 0x83d7, 0x83d7, 0x83d7, 0x83d7, 0x83d7, 0x83d7, 
	0x83d7, 0x83d7, 0x83d7, 0x83d7, 0x83d7, 0x83d7, 0x83d7, 0x83d7, 0x83b8, 0x8bd7, 0x8bd7, 0x83d8, 0x7bf8, 0x9519, 0xae7c, 0xaedd, 
	0xaedc, 0xaedc, 0xaedc, 0xaedc, 0xaedc, 0xaedc, 0xaedc, 0xaedc, 0xaedc, 0xaedc, 0xaedc, 0xaedc, 0xaedc, 0xaedc, 0xaedc, 0xaedc, 
	0xaedc, 0xaedc, 0xaedc, 0xaedc, 0xaedc, 0xaedc, 0xaedc, 0xaedc, 0xaedc, 0xaedc, 0xaedc, 0xaedc, 0xaedc, 0xaedc, 0xaedc, 0xaedc, 
	0xaedc, 0xaedc, 0xaedc, 0xaedc, 0xaedc, 0xaedc, 0xaedc, 0xaedc, 0xaedc, 0xaedc, 0xaedc, 0xaedc, 0xaedc, 0xaedc, 0xaedc, 0xaedc, 
	0xaedc, 0xaedc, 0xaedc, 0xaedc, 0xaedc, 0xaedc, 0xaedc, 0xaedc, 0xaedc, 0xaedc, 0xaedc, 0xaedc, 0xaedc, 0xaedc, 0xaedc, 0xaedc, 
	0xb6bd, 0xaedc, 0xae5c, 0x8c99, 0x8bd8, 0x8bd8, 0x83f8, 0x83d8, 0x83d8, 0x83d8, 0x83d8, 0x83d8, 0x83d8, 0x83d8, 0x83d8, 0x83d8, 
	0x83f8, 0x83d8, 0x83d8, 0x83d8, 0x83d8, 0x83d8, 0x83d8, 0x83d8, 0x83b7, 0x83b8, 0x83b8, 0x7357, 0x6b17, 0x6b17, 0x6b17, 0x6b17, 
	0x6b17, 0x6b17, 0x6b17, 0x6b17, 0x6b17, 0x6b17, 0x6b17, 0x6b17, 0x6b17, 0x6b17, 0x6b17, 0x6b17, 0x6b17, 0x6b17, 0x6b17, 0x6b17, 
	0x6b17, 0x6b17, 0x6b17, 0x6b17, 0x6b17, 0x6b17, 0x6b17, 0x6b17, 0x6b17, 0x6b17, 0x6b17, 0x6b17, 0x6b17, 0x6b17, 0x6b17, 0x6b17, 
	0x7316, 0x6b16, 0x6b16, 0x8bd0, 0xf600, 0xfe00, 0xfe00, 0xf640, 0xf640, 0xf640, 0xf640, 0xf640, 0xf640, 0xf640, 0xf640, 0xf640, 
	0xfe40, 0xfe40, 0xfe60, 0xfe80, 0xfea0, 0xfea0, 0xfec0, 0xfea0, 0xfea0, 0xfea0, 0xfea0, 0xfea0, 0xfea0, 0xfea0, 0xfea0, 0xfea0, 
	0xfea0, 0xfea0, 0xfea0, 0xfea0, 0xfea0, 0xfea0, 0xfea0, 0xfea0, 0xfea0, 0xfea0, 0xfea0, 0xfea0, 0xfea0, 0xfea0, 0xfea0, 0xfea0, 
	0xfea0, 0xfea0, 0xfea0, 0xfea0, 0xfea0, 0xfea0, 0xfea0, 0xfea0, 0xfea0, 0xfec0, 0xfea0, 0xfe80, 0xdde5, 0x7b55, 0x6b16, 0x6b15, 
	0x6b17, 0x6b17, 0x6b17, 0x6b17, 0x6b17, 0x6b17, 0x6b17, 0x6b17, 0x6b17, 0x6b17, 0x6b17, 0x6b17, 0x6b17, 0x6b17, 0x6b17, 0x6b17, 
	0x6b17, 0x6b17, 0x6b17, 0x6b17, 0x6b17, 0x6b17, 0x6b17, 0x6b17, 0x6b17, 0x6b17, 0x6b17, 0x6b17, 0x6b17, 0x6b17, 0x6b17, 0x6b17, 
	0x6b17, 0x7317, 0x6b17, 0x6af6, 0x6b17, 0x7b78, 0x83b8, 0x83b8, 0x83d8, 0x83d8, 0x83d8, 0x83d8, 0x83d8, 0x83d8, 0x83d8, 0x83d8, 
	0x83d8, 0x83d8, 0x83d8, 0x83d8, 0x83d8, 0x83d8, 0x83d8, 0x83d8, 0x83d7, 0x83d7, 0x83d7, 0x83b8, 0x83d8, 0x953a, 0xb69c, 0xb6bc, 
	0xaedc, 0xaedc, 0xaedc, 0xaedc, 0xaedc, 0xaedc, 0xaedc, 0xaedc, 0xaedc, 0xaedc, 0xaedc, 0xaedc, 0xaedc, 0xaedc, 0xaedc, 0xaedc, 
	0xaedc, 0xaedc, 0xaedc, 0xaedc, 0xaedc, 0xaedc, 0xaedc, 0xaedc, 0xaedc, 0xaedc, 0xaedc, 0xaedc, 0xaedc, 0xaedc, 0xaedc, 0xaedc, 
	0xaedc, 0xaedc, 0xaedc, 0xaedc, 0xaedc, 0xaedc, 0xaedc, 0xaedc, 0xaedc, 0xaedc, 0xaedc, 0xaedc, 0xaedc, 0xaedc, 0xaedc, 0xaedc, 
	0xaedc, 0xaedc, 0xaedc, 0xaedc, 0xaedc, 0xaedc, 0xaedc, 0xaedc, 0xaedc, 0xaedc, 0xaedc, 0xaedc, 0xaedc, 0xaedc, 0xaedc, 0xaedc, 
	0xb6dd, 0xaedc, 0xaebd, 0x8cd9, 0x7bd7, 0x83d7, 0x83d7, 0x83d8, 0x83d8, 0x83d8, 0x83d8, 0x83d8, 0x83d8, 0x83d8, 0x83d8, 0x83d8, 
	0x83b7, 0x83b7, 0x83b7, 0x83b7, 0x83d8, 0x83d8, 0x83d8, 0x83d8, 0x7bf7, 0x83d7, 0x83d7, 0x7b97, 0x7316, 0x7316, 0x7316, 0x72f6, 
	0x7316, 0x7316, 0x7316, 0x7316, 0x7316, 0x7316, 0x7316, 0x7316, 0x7316, 0x7316, 0x7316, 0x7316, 0x7316, 0x7316, 0x7316, 0x7316, 
	0x7316, 0x7316, 0x7316, 0x7316, 0x7316, 0x7316, 0x7316, 0x7316, 0x7316, 0x7316, 0x7316, 0x7316, 0x7316, 0x7316, 0x7316, 0x7316, 
	0x7317, 0x6b16, 0x6b16, 0x8bf1, 0xf601, 0xfe00, 0xfe00, 0xf640, 0xfe20, 0xfe20, 0xfe20, 0xfe20, 0xfe20, 0xfe20, 0xfe20, 0xfe20, 
	0xfe00, 0xfe20, 0xfe20, 0xfe60, 0xfe80, 0xfea0, 0xfea0, 0xfea0, 0xfe80, 0xfe80, 0xfe80, 0xfe80, 0xfe80, 0xfe80, 0xfe80, 0xfe80, 
	0xfe80, 0xfe80, 0xfe80, 0xfe80, 0xfe80, 0xfe80, 0xfe80, 0xfe80, 0xfe80, 0xfe80, 0xfe80, 0xfe80, 0xfe80, 0xfe80, 0xfe80, 0xfe80, 
	0xfe80, 0xfe80, 0xfe80, 0xfe80, 0xfe80, 0xfe80, 0xfe80, 0xfe80, 0xfe80, 0xfe80, 0xfe80, 0xfe80, 0xddc5, 0x7b34, 0x7316, 0x6b35, 
	0x7316, 0x7316, 0x7316, 0x7316, 0x7316, 0x7316, 0x7316, 0x7316, 0x7316, 0x7316, 0x7316, 0x7316, 0x7316, 0x7316, 0x7316, 0x7316, 
	0x7316, 0x7316, 0x7316, 0x7316, 0x7316, 0x7316, 0x7316, 0x7316, 0x7316, 0x7316, 0x7316, 0x7316, 0x7316, 0x7316, 0x7316, 0x7316, 
	0x7316, 0x7336, 0x7316, 0x6b16, 0x7336, 0x7b97, 0x83d8, 0x83d7, 0x83d7, 0x83d7, 0x83d7, 0x83d7, 0x83d7, 0x83d7, 0x83d7, 0x83d7, 
	0x83d7, 0x83d7, 0x83d7, 0x83d7, 0x83d7, 0x83d7, 0x83d7, 0x83d7, 0x83d8, 0x7bd7, 0x83d8, 0x8bd9, 0x8bf8, 0x9d7a, 0xaedd, 0xaf1d, 
	0xaedc, 0xaedc, 0xaedc, 0xaedc, 0xaedc, 0xaedc, 0xaedc, 0xaedc, 0xaedc, 0xaedc, 0xaedc, 0xaedc, 0xaedc, 0xaedc, 0xaedc, 0xaedc, 
	0xaedc, 0xaedc, 0xaedc, 0xaedc, 0xaedc, 0xaedc, 0xaedc, 0xaedc, 0xaedc, 0xaedc, 0xaedc, 0xaedc, 0xaedc, 0xaedc, 0xaedc, 0xaedc, 
	0xaedc, 0xaedc, 0xaedc, 0xaedc, 0xaedc, 0xaedc, 0xaedc, 0xaedc, 0xaedc, 0xaedc, 0xaedc, 0xaedc, 0xaedc, 0xaedc, 0xaedc, 0xaedc, 
	0xaedc, 0xaedc, 0xaedc, 0xaedc, 0xaedc, 0xaedc, 0xaedc, 0xaedc, 0xaedc, 0xaedc, 0xaedc, 0xaedc, 0xaedc, 0xaedc, 0xaedc, 0xaedc, 
	0xb6dd, 0xaebc, 0xb6bd, 0x951a, 0x7bf8, 0x7bf7, 0x7bd7, 0x7bb8, 0x83d8, 0x83d8, 0x83d8, 0x83d8, 0x83d8, 0x83d8, 0x83d8, 0x83d8, 
	0x83d8, 0x83d8, 0x83d8, 0x83d8, 0x83d8, 0x83d8, 0x7bd8, 0x7bd8, 0x83d8, 0x83d8, 0x83d8, 0x7b97, 0x6b36, 0x6b16, 0x6b16, 0x6b16, 
	0x6b16, 0x6b16, 0x6b16, 0x6b16, 0x6b16, 0x6b16, 0x6b16, 0x6b16, 0x6b16, 0x6b16, 0x6b16, 0x6b16, 0x6b16, 0x6b16, 0x6b16, 0x6b16, 
	0x6b16, 0x6b16, 0x6b16, 0x6b16, 0x6b16, 0x6b16, 0x6b16, 0x6b16, 0x6b16, 0x6b16, 0x6b16, 0x6b16, 0x6b16, 0x6b16, 0x6b16, 0x6b16, 
	0x7318, 0x6af7, 0x6b16, 0x93f1, 0xede1, 0xfe20, 0xfe40, 0xf660, 0xfe40, 0xfe40, 0xfe40, 0xfe40, 0xfe40, 0xfe40, 0xfe40, 0xfe40, 
	0xfe20, 0xfe20, 0xfe40, 0xfe60, 0xfe80, 0xfea0, 0xfea0, 0xfea0, 0xfea0, 0xfea0, 0xfea0, 0xfea0, 0xfea0, 0xfea0, 0xfea0, 0xfea0, 
	0xfea0, 0xfea0, 0xfea0, 0xfea0, 0xfea0, 0xfea0, 0xfea0, 0xfea0, 0xfea0, 0xfea0, 0xfea0, 0xfea0, 0xfea0, 0xfea0, 0xfea0, 0xfea0, 
	0xfea0, 0xfea0, 0xfea0, 0xfea0, 0xfea0, 0xfea0, 0xfea0, 0xfea0, 0xfea0, 0xfea0, 0xfea0, 0xfec0, 0xdde4, 0x8354, 0x72d8, 0x6af7, 
	0x6b16, 0x6b16, 0x6b16, 0x6b16, 0x6b16, 0x6b16, 0x6b16, 0x6b16, 0x6b16, 0x6b16, 0x6b16, 0x6b16, 0x6b16, 0x6b16, 0x6b16, 0x6b16, 
	0x6b16, 0x6b16, 0x6b16, 0x6b16, 0x6b16, 0x6b16, 0x6b16, 0x6b16, 0x6b16, 0x6b16, 0x6b16, 0x6b16, 0x6b16, 0x6b16, 0x6b16, 0x6b16, 
	0x6b16, 0x6b16, 0x6b16, 0x6b16, 0x7356, 0x7bb8, 0x83f8, 0x7bd7, 0x83d8, 0x83d8, 0x83d8, 0x83d8, 0x83d8, 0x83d8, 0x83d8, 0x83d8, 
	0x83d8, 0x83d8, 0x83d8, 0x83d8, 0x83d8, 0x83d8, 0x83d8, 0x83d8, 0x83d8, 0x7bd7, 0x83d8, 0x83b8, 0x8438, 0x9ddb, 0xaefd, 0xaedc, 
	0xaedc, 0xaedc, 0xaedc, 0xaedc, 0xaedc, 0xaedc, 0xaedc, 0xaedc, 0xaedc, 0xaedc, 0xaedc, 0xaedc, 0xaedc, 0xaedc, 0xaedc, 0xaedc, 
	0xaedc, 0xaedc, 0xaedc, 0xaedc, 0xaedc, 0xaedc, 0xaedc, 0xaedc, 0xaedc, 0xaedc, 0xaedc, 0xaedc, 0xaedc, 0xaedc, 0xaedc, 0xaedc, 
	0xaedc, 0xaedc, 0xaedc, 0xaedc, 0xaedc, 0xaedc, 0xaedc, 0xaedc, 0xaedc, 0xaedc, 0xaedc, 0xaedc, 0xaedc, 0xaedc, 0xaedc, 0xaedc, 
	0xaedc, 0xaedc, 0xaedc, 0xaedc, 0xaedc, 0xaedc, 0xaedc, 0xaedc, 0xaedc, 0xaedc, 0xaedc, 0xaedc, 0xaedc, 0xaedc, 0xaedc, 0xaedc, 
	0xb6bd, 0xa6fc, 0xaefd, 0xa57a, 0x9bd7, 0xa356, 0xab15, 0xb316, 0xab35, 0xab35, 0xab35, 0xab35, 0xab35, 0xab35, 0xab35, 0xab35, 
	0xab35, 0xab35, 0xab35, 0xab35, 0xab35, 0xab35, 0xab35, 0xab35, 0xaaf6, 0xab16, 0xab36, 0xa336, 0x9b16, 0x9315, 0x9316, 0x9315, 
	0x9af5, 0x9af5, 0x9af5, 0x9af5, 0x9af5, 0x9af5, 0x9af5, 0x9af5, 0x9af5, 0x9af5, 0x9af5, 0x9af5, 0x9af5, 0x9af5, 0x9af5, 0x9af5, 
	0x9af5, 0x9af5, 0x9af5, 0x9af5, 0x9af5, 0x9af5, 0x9af5, 0x9af5, 0x9af5, 0x9af5, 0x9af5, 0x9af5, 0x9af5, 0x9af5, 0x9af5, 0x9af5, 
	0x9b14, 0x92f5, 0x9af5, 0xb3b1, 0xf4e6, 0xfd24, 0xfd44, 0xfd45, 0xfd44, 0xfd44, 0xfd44, 0xfd44, 0xfd44, 0xfd44, 0xfd44, 0xfd44, 
	0xfd45, 0xfd44, 0xfd44, 0xfd64, 0xfd84, 0xfd84, 0xfd84, 0xfd84, 0xfd85, 0xfd85, 0xfd85, 0xfd85, 0xfd85, 0xfd85, 0xfd85, 0xfd85, 
	0xfd85, 0xfd85, 0xfd85, 0xfd85, 0xfd85, 0xfd85, 0xfd85, 0xfd85, 0xfd85, 0xfd85, 0xfd85, 0xfd85, 0xfd85, 0xfd85, 0xfd85, 0xfd85, 
	0xfd85, 0xfd85, 0xfd85, 0xfd85, 0xfd85, 0xfd85, 0xfd85, 0xfd85, 0xfd85, 0xfd66, 0xf566, 0xfd85, 0xe508, 0xa334, 0x9ad6, 0x9315, 
	0x9af5, 0x9af5, 0x9af5, 0x9af5, 0x9af5, 0x9af5, 0x9af5, 0x9af5, 0x9af5, 0x9af5, 0x9af5, 0x9af5, 0x9af5, 0x9af5, 0x9af5, 0x9af5, 
	0x9af5, 0x9af5, 0x9af5, 0x9af5, 0x9af5, 0x9af5, 0x9af5, 0x9af5, 0x9af5, 0x9af5, 0x9af5, 0x9af5, 0x9af5, 0x9af5, 0x9af5, 0x9af5, 
	0x9af5, 0x9ad5, 0x9af5, 0x9af6, 0x9b16, 0xa357, 0xab77, 0xa377, 0xab77, 0xab77, 0xab77, 0xab77, 0xab77, 0xab77, 0xab77, 0xab77, 
	0xab77, 0xab77, 0xab77, 0xab77, 0xab77, 0xab77, 0xab77, 0xab77, 0xa397, 0xa376, 0xa376, 0x9b76, 0x9477, 0xa63b, 0xb6fd, 0xb6bd, 
	0xaedc, 0xaedc, 0xaedc, 0xaedc, 0xaedc, 0xaedc, 0xaedc, 0xaedc, 0xaedc, 0xaedc, 0xaedc, 0xaedc, 0xaedc, 0xaedc, 0xaedc, 0xaedc, 
	0xaedc, 0xaedc, 0xaedc, 0xaedc, 0xaedc, 0xaedc, 0xaedc, 0xaedc, 0xaedc, 0xaedc, 0xaedc, 0xaedc, 0xaedc, 0xaedc, 0xaedc, 0xaedc, 
	0xaedc, 0xaedc, 0xaedc, 0xaedc, 0xaedc, 0xaedc, 0xaedc, 0xaedc, 0xaedc, 0xaedc, 0xaedc, 0xaedc, 0xaedc, 0xaedc, 0xaedc, 0xaedc, 
	0xaedc, 0xaedc, 0xaedc, 0xaedc, 0xaedc, 0xaedc, 0xaedc, 0xaedc, 0xaedc, 0xaedc, 0xaedc, 0xaedc, 0xaedc, 0xaedc, 0xaedc, 0xaedc, 
	0xaefd, 0xaebb, 0xbdfa, 0xc437, 0xd2b3, 0xe212, 0xe9f1, 0xf9f2, 0xf9f0, 0xf9f0, 0xf9f0, 0xf9f0, 0xf9f0, 0xf9f0, 0xf9f0, 0xf9f0, 
	0xf1d0, 0xf9d0, 0xf9d0, 0xf1f0, 0xf1d0, 0xf1f0, 0xf1f0, 0xf9f0, 0xea51, 0xf272, 0xf2b2, 0xead3, 0xead3, 0xe2d2, 0xe2d3, 0xe2f3, 
	0xead3, 0xead3, 0xead3, 0xead3, 0xead3, 0xead3, 0xead3, 0xead3, 0xead3, 0xead3, 0xead3, 0xead3, 0xead3, 0xead3, 0xead3, 0xead3, 
	0xead3, 0xead3, 0xead3, 0xead3, 0xead3, 0xead3, 0xead3, 0xead3, 0xead3, 0xead3, 0xead3, 0xead3, 0xead3, 0xead3, 0xead3, 0xead3, 
	0xe2f2, 0xe2d2, 0xeab4, 0xeaf2, 0xfb2f, 0xfb2f, 0xfb30, 0xfb11, 0xfb30, 0xfb30, 0xfb30, 0xfb30, 0xfb30, 0xfb30, 0xfb30, 0xfb30, 
	0xfb30, 0xfb30, 0xfb30, 0xfb30, 0xfb30, 0xfb30, 0xfb30, 0xfb30, 0xfb30, 0xfb30, 0xfb30, 0xfb30, 0xfb30, 0xfb30, 0xfb30, 0xfb30, 
	0xfb30, 0xfb30, 0xfb30, 0xfb30, 0xfb30, 0xfb30, 0xfb30, 0xfb30, 0xfb30, 0xfb30, 0xfb30, 0xfb30, 0xfb30, 0xfb30, 0xfb30, 0xfb30, 
	0xfb30, 0xfb30, 0xfb30, 0xfb30, 0xfb30, 0xfb30, 0xfb30, 0xfb30, 0xfb30, 0xfb10, 0xfb30, 0xfb2f, 0xf34f, 0xe2b3, 0xe2b3, 0xe311, 
	0xead3, 0xead3, 0xead3, 0xead3, 0xead3, 0xead3, 0xead3, 0xead3, 0xead3, 0xead3, 0xead3, 0xead3, 0xead3, 0xead3, 0xead3, 0xead3, 
	0xead3, 0xead3, 0xead3, 0xead3, 0xead3, 0xead3, 0xead3, 0xead3, 0xead3, 0xead3, 0xead3, 0xead3, 0xead3, 0xead3, 0xead3, 0xead3, 
	0xead3, 0xeab3, 0xeab3, 0xead3, 0xead3, 0xeaf3, 0xeaf3, 0xeaf3, 0xead3, 0xead3, 0xead3, 0xead3, 0xead3, 0xead3, 0xead3, 0xead3, 
	0xead3, 0xead3, 0xead3, 0xead3, 0xead3, 0xead3, 0xead3, 0xead3, 0xe2f4, 0xeaf4, 0xe2f4, 0xd314, 0xc3f6, 0xc558, 0xbe5b, 0xaedd, 
	0xaedc, 0xaedc, 0xaedc, 0xaedc, 0xaedc, 0xaedc, 0xaedc, 0xaedc, 0xaedc, 0xaedc, 0xaedc, 0xaedc, 0xaedc, 0xaedc, 0xaedc, 0xaedc, 
	0xaedc, 0xaedc, 0xaedc, 0xaedc, 0xaedc, 0xaedc, 0xaedc, 0xaedc, 0xaedc, 0xaedc, 0xaedc, 0xaedc, 0xaedc, 0xaedc, 0xaedc, 0xaedc, 
	0xaedc, 0xaedc, 0xaedc, 0xaedc, 0xaedc, 0xaedc, 0xaedc, 0xaedc, 0xaedc, 0xaedc, 0xaedc, 0xaedc, 0xaedc, 0xaedc, 0xaedc, 0xaedc, 
	0xaedc, 0xaedc, 0xaedc, 0xaedc, 0xaedc, 0xaedc, 0xaedc, 0xaedc, 0xaedc, 0xaedc, 0xaedc, 0xaedc, 0xaedc, 0xaedc, 0xaedc, 0xaedc, 
	0xb67c, 0xcd38, 0xeb34, 0xf9d1, 0xf970, 0xf1cf, 0xf1ee, 0xf9ae, 0xf9b0, 0xf9b0, 0xf9b0, 0xf9b0, 0xf9b0, 0xf9b0, 0xf9b0, 0xf9b0, 
	0xf990, 0xf9b0, 0xf9b0, 0xf9b0, 0xf9b0, 0xf9b0, 0xf9d1, 0xf9f1, 0xfa71, 0xfa92, 0xfab2, 0xfab2, 0xfab2, 0xfab2, 0xfa92, 0xfab2, 
	0xfab2, 0xfab2, 0xfab2, 0xfab2, 0xfab2, 0xfab2, 0xfab2, 0xfab2, 0xfab2, 0xfab2, 0xfab2, 0xfab2, 0xfab2, 0xfab2, 0xfab2, 0xfab2, 
	0xfab2, 0xfab2, 0xfab2, 0xfab2, 0xfab2, 0xfab2, 0xfab2, 0xfab2, 0xfab2, 0xfab2, 0xfab2, 0xfab2, 0xfab2, 0xfab2, 0xfab2, 0xfab2, 
	0xfab2, 0xfa92, 0xfa93, 0xfad1, 0xfa92, 0xf2b2, 0xfad2, 0xfab2, 0xfab2, 0xfab2, 0xfab2, 0xfab2, 0xfab2, 0xfab2, 0xfab2, 0xfab2, 
	0xfab2, 0xfab2, 0xfab2, 0xfab2, 0xfab2, 0xfab2, 0xfab2, 0xfab3, 0xfab2, 0xfab2, 0xfab2, 0xfab2, 0xfab2, 0xfab2, 0xfab2, 0xfab2, 
	0xfab2, 0xfab2, 0xfab2, 0xfab2, 0xfab2, 0xfab2, 0xfab2, 0xfab2, 0xfab2, 0xfab2, 0xfab2, 0xfab2, 0xfab2, 0xfab2, 0xfab2, 0xfab2, 
	0xfab2, 0xfab2, 0xfab2, 0xfab2, 0xfab2, 0xfab2, 0xfab2, 0xfab2, 0xfab2, 0xfab2, 0xfad1, 0xfa93, 0xfab2, 0xfab2, 0xfa93, 0xfab2, 
	0xfab2, 0xfab2, 0xfab2, 0xfab2, 0xfab2, 0xfab2, 0xfab2, 0xfab2, 0xfab2, 0xfab2, 0xfab2, 0xfab2, 0xfab2, 0xfab2, 0xfab2, 0xfab2, 
	0xfab2, 0xfab2, 0xfab2, 0xfab2, 0xfab2, 0xfab2, 0xfab2, 0xfab2, 0xfab2, 0xfab2, 0xfab2, 0xfab2, 0xfab2, 0xfab2, 0xfab2, 0xfab2, 
	0xfad2, 0xfab2, 0xfab2, 0xfab2, 0xfab2, 0xfab2, 0xfab2, 0xfab2, 0xfab2, 0xfab2, 0xfab2, 0xfab2, 0xfab2, 0xfab2, 0xfab2, 0xfab2, 
	0xfab2, 0xfab2, 0xfab2, 0xfab2, 0xfab2, 0xfab2, 0xfab2, 0xfab2, 0xfab2, 0xfab1, 0xfab2, 0xfa93, 0xfab3, 0xeb74, 0xccb7, 0xbe1b, 
	0xaedc, 0xaedc, 0xaedc, 0xaedc, 0xaedc, 0xaedc, 0xaedc, 0xaedc, 0xaedc, 0xaedc, 0xaedc, 0xaedc, 0xaedc, 0xaedc, 0xaedc, 0xaedc, 
	0xaedc, 0xaedc, 0xaedc, 0xaedc, 0xaedc, 0xaedc, 0xaedc, 0xaedc, 0xaedc, 0xaedc, 0xaedc, 0xaedc, 0xaedc, 0xaedc, 0xaedc, 0xaedc, 
	0xaedc, 0xaedc, 0xaedc, 0xaedc, 0xaedc, 0xaedc, 0xaedc, 0xaedc, 0xaedc, 0xaedc, 0xaedc, 0xaedc, 0xaedc, 0xaedc, 0xaedc, 0xaedc, 
	0xaedc, 0xaedc, 0xaedc, 0xaedc, 0xaedc, 0xaedc, 0xaedc, 0xaedc, 0xb6bc, 0xaefd, 0xaedc, 0xb6bc, 0xaedd, 0xaedd, 0xaedd, 0xb6bc, 
	0xd4b6, 0xead2, 0xf990, 0xf990, 0xf1cf, 0xf9af, 0xf990, 0xf9b0, 0xf98f, 0xf990, 0xf990, 0xf9b0, 0xf9b0, 0xf9d0, 0xf9b0, 0xf9b0, 
	0xf98f, 0xf9b0, 0xf9b0, 0xf9b0, 0xf9af, 0xf9d0, 0xfa31, 0xfab2, 0xfad2, 0xfab2, 0xfab2, 0xfab2, 0xfab2, 0xfad2, 0xfab2, 0xfab2, 
	0xfab2, 0xfab2, 0xfab2, 0xfab2, 0xfab2, 0xfab2, 0xfab2, 0xfab2, 0xfab2, 0xfab2, 0xfab2, 0xfab2, 0xfab2, 0xfab2, 0xfab2, 0xfab2, 
	0xfa92, 0xfad2, 0xfab2, 0xfa92, 0xfab2, 0xfaf2, 0xfad2, 0xfab2, 0xfab2, 0xfab2, 0xfab2, 0xfab2, 0xfab2, 0xfab2, 0xfab2, 0xfad2, 
	0xfab2, 0xfab2, 0xfab2, 0xfab2, 0xfab2, 0xfab2, 0xfab2, 0xfab2, 0xfad3, 0xfad2, 0xfab2, 0xfa92, 0xfab2, 0xf2d2, 0xfad2, 0xfab2, 
	0xfab2, 0xfab2, 0xfab2, 0xfab2, 0xfab2, 0xfab2, 0xfab2, 0xfab2, 0xfaf2, 0xfab2, 0xfa92, 0xfab2, 0xfab2, 0xfad2, 0xfad2, 0xfab2, 
	0xfab2, 0xfab2, 0xfad2, 0xfab2, 0xfab2, 0xfab2, 0xfab2, 0xfab2, 0xfab2, 0xfab2, 0xfab2, 0xfab2, 0xfab2, 0xfab2, 0xfab2, 0xfab2, 
	0xf2d2, 0xfad2, 0xfad2, 0xfad2, 0xfab2, 0xfa92, 0xfab2, 0xfab2, 0xfab2, 0xfab2, 0xfab2, 0xfab2, 0xfab2, 0xfab2, 0xfab2, 0xfab2, 
	0xfad2, 0xfab2, 0xfab2, 0xfab2, 0xfab2, 0xfab2, 0xfab2, 0xf2d2, 0xfab2, 0xfab2, 0xfa92, 0xfab2, 0xfab2, 0xfab2, 0xfab2, 0xfad2, 
	0xfad2, 0xfab2, 0xfab2, 0xfab2, 0xfab2, 0xfab2, 0xfab2, 0xfab2, 0xfab2, 0xfab2, 0xfab2, 0xfab2, 0xfab2, 0xfab2, 0xfab2, 0xfab2, 
	0xfab2, 0xfab2, 0xfab2, 0xfa92, 0xfa92, 0xfab2, 0xfad2, 0xfab2, 0xfab2, 0xfad2, 0xfab2, 0xfab2, 0xfab2, 0xfad2, 0xfab2, 0xfa92, 
	0xfab2, 0xfab2, 0xfab2, 0xfab2, 0xfab2, 0xfab2, 0xfab2, 0xfad2, 0xfab2, 0xfab2, 0xfab2, 0xfad2, 0xfab2, 0xfab2, 0xf333, 0xf3b4, 
	0xcdba, 0xaf1d, 0xb6bc, 0xaedc, 0xaefd, 0xb6dd, 0xb6bc, 0xa6fc, 0xaedc, 0xaedc, 0xaedc, 0xaedc, 0xaedc, 0xaedc, 0xaedc, 0xaedc, 
	0xaedc, 0xaedc, 0xaedc, 0xaedc, 0xaedc, 0xaedc, 0xaedc, 0xaedc, 0xaedc, 0xaedc, 0xaedc, 0xaedc, 0xaedc, 0xaedc, 0xaedc, 0xaedc, 
	0xaedc, 0xaedc, 0xaedc, 0xaedc, 0xaedc, 0xaedc, 0xaedc, 0xaedc, 0xaedc, 0xaedc, 0xaedc, 0xaedc, 0xaedc, 0xaedc, 0xaedc, 0xaedc, 
	0xaedc, 0xaedc, 0xaedc, 0xaedc, 0xaedc, 0xaedc, 0xaedc, 0xaedc, 0xb6bc, 0xa6dc, 0xaedc, 0xaedc, 0xaedd, 0xaefd, 0xb69c, 0xcd18, 
	0xf292, 0xf9d0, 0xf970, 0xf9d0, 0xf1d0, 0xf98f, 0xf9b0, 0xf1d0, 0xf9b0, 0xf9b0, 0xf9b0, 0xf9b0, 0xf98f, 0xf98f, 0xf98f, 0xf9b0, 
	0xf990, 0xf9b0, 0xf9af, 0xf9af, 0xf9d0, 0xfa31, 0xfa72, 0xfad2, 0xfa92, 0xfab2, 0xfab2, 0xfab2, 0xfa92, 0xfa92, 0xfa92, 0xfab2, 
	0xfab2, 0xfab2, 0xfab2, 0xfab2, 0xfab2, 0xfab2, 0xfab2, 0xfab2, 0xfad2, 0xfab2, 0xfab2, 0xfab2, 0xfab2, 0xfab2, 0xfa92, 0xfa92, 
	0xfab2, 0xfad2, 0xf2d2, 0xfab2, 0xfa92, 0xfab2, 0xfab2, 0xfab2, 0xfab2, 0xfad2, 0xfab2, 0xf2b2, 0xfab2, 0xfad2, 0xfab2, 0xfab2, 
	0xfab2, 0xfab2, 0xfab2, 0xfab2, 0xfad2, 0xfad2, 0xfab2, 0xfab2, 0xfa71, 0xfa92, 0xfab2, 0xfab2, 0xfab2, 0xfad2, 0xfab2, 0xfa92, 
	0xfab2, 0xfab2, 0xfab2, 0xfab2, 0xfab2, 0xfad2, 0xfab2, 0xfab2, 0xfab2, 0xfab2, 0xfab2, 0xfab2, 0xfab2, 0xfab2, 0xfab2, 0xfab2, 
	0xfab2, 0xfab2, 0xfa92, 0xfab2, 0xfab2, 0xfad2, 0xfab2, 0xfab2, 0xfab2, 0xfab2, 0xfab2, 0xfab2, 0xfab2, 0xfab2, 0xfab2, 0xfab2, 
	0xfa92, 0xfa92, 0xfa92, 0xfab2, 0xfab2, 0xfab2, 0xfab2, 0xfab2, 0xfab2, 0xfab2, 0xfab2, 0xfab2, 0xf2d2, 0xfab2, 0xfab2, 0xfab2, 
	0xfab2, 0xfab2, 0xfab2, 0xfab2, 0xfab2, 0xfab2, 0xfab2, 0xfab2, 0xf2b2, 0xf2d2, 0xfab2, 0xfab2, 0xfab2, 0xfad2, 0xfad2, 0xfa92, 
	0xfab2, 0xfab2, 0xfab2, 0xfab2, 0xfab2, 0xfab2, 0xfab2, 0xfab2, 0xfab2, 0xfab2, 0xfab2, 0xfab2, 0xfab2, 0xfab2, 0xfab2, 0xfab2, 
	0xfab2, 0xfad2, 0xfad2, 0xfab2, 0xfab2, 0xfad2, 0xf2d2, 0xfab2, 0xfab2, 0xfab2, 0xfab2, 0xfa92, 0xfab2, 0xfab2, 0xfab2, 0xfab2, 
	0xfad2, 0xfad2, 0xfab2, 0xfab2, 0xfab2, 0xfab2, 0xfab2, 0xfab2, 0xfab2, 0xfab2, 0xfab2, 0xfad2, 0xfab2, 0xfa92, 0xf2d2, 0xf313, 
	0xdc57, 0xbe3a, 0xaedc, 0xb6dd, 0xb6dd, 0xaedc, 0xaedc, 0xb6dc, 0xaedc, 0xaedc, 0xaedc, 0xaedc, 0xaedc, 0xaedc, 0xaedc, 0xaedc, 
	0xaedc, 0xaedc, 0xaedc, 0xaedc, 0xaedc, 0xaedc, 0xaedc, 0xaedc, 0xaedc, 0xaedc, 0xaedc, 0xaedc, 0xaedc, 0xaedc, 0xaedc, 0xaedc, 
	0xaedc, 0xaedc, 0xaedc, 0xaedc, 0xaedc, 0xaedc, 0xaedc, 0xaedc, 0xaedc, 0xaedc, 0xaedc, 0xaedc, 0xaedc, 0xaedc, 0xaedc, 0xaedc, 
	0xaedc, 0xaedc, 0xaedc, 0xaedc, 0xaedc, 0xaedc, 0xaedc, 0xaedc, 0xb6dd, 0xa6dc, 0xb6dd, 0xaefd, 0xaedc, 0xb6fc, 0xbdb9, 0xeb14, 
	0xf970, 0xf96f, 0xf9b0, 0xf9d0, 0xf98f, 0xf98f, 0xf9b0, 0xf9b0, 0xf9d0, 0xf1af, 0xf9af, 0xf9b0, 0xf9b0, 0xf9b0, 0xf9b0, 0xf9d0, 
	0xf1af, 0xf9b0, 0xf98f, 0xf9af, 0xfa11, 0xfa92, 0xfab2, 0xfad2, 0xfab2, 0xfad2, 0xfad2, 0xfad2, 0xfab2, 0xfab2, 0xfad2, 0xf2d2, 
	0xfab2, 0xfab2, 0xfab2, 0xfab2, 0xfab2, 0xfad2, 0xf2d2, 0xf2f2, 0xfab2, 0xfab2, 0xfab2, 0xfab2, 0xfab2, 0xfab2, 0xfab2, 0xfad2, 
	0xfab2, 0xf2b2, 0xf2d2, 0xfad2, 0xfab2, 0xfab2, 0xfab2, 0xfab2, 0xfab2, 0xfab2, 0xfab2, 0xfab2, 0xfab2, 0xfab2, 0xfab2, 0xfa92, 
	0xfab2, 0xfab2, 0xfab2, 0xfab2, 0xfab2, 0xfad2, 0xfab2, 0xfab2, 0xfab2, 0xfad2, 0xfad2, 0xfab2, 0xfa92, 0xfab2, 0xfab2, 0xfab2, 
	0xfab2, 0xfab2, 0xfab2, 0xfad2, 0xfad2, 0xfad2, 0xfab2, 0xfab2, 0xfa92, 0xfad2, 0xfad2, 0xfad2, 0xfab2, 0xfab2, 0xfa92, 0xfa92, 
	0xf2b2, 0xfab2, 0xfab2, 0xfab2, 0xfab2, 0xfab2, 0xfab2, 0xfab2, 0xfab2, 0xfab2, 0xfab2, 0xfab2, 0xfab2, 0xfab2, 0xfab2, 0xfab2, 
	0xfad2, 0xfab2, 0xfab2, 0xfab2, 0xfab2, 0xfab2, 0xfab2, 0xfab2, 0xfab2, 0xfab2, 0xfab2, 0xfab2, 0xfab2, 0xfab2, 0xfab2, 0xfab2, 
	0xfab2, 0xfab2, 0xfab2, 0xfab2, 0xfab2, 0xfab2, 0xfab2, 0xfa92, 0xfab2, 0xfad2, 0xfab2, 0xfa92, 0xfa92, 0xfad2, 0xfab2, 0xfa92, 
	0xfab2, 0xfab2, 0xfab2, 0xfab2, 0xfab2, 0xfab2, 0xfab2, 0xfab2, 0xfab2, 0xfab2, 0xfab2, 0xfab2, 0xfab2, 0xfab2, 0xfab2, 0xfab2, 
	0xfab2, 0xfab2, 0xfab2, 0xfab2, 0xfab2, 0xfab2, 0xfab2, 0xfab2, 0xfab2, 0xfab2, 0xfab2, 0xfab2, 0xfab2, 0xfab2, 0xfab2, 0xfad2, 
	0xfab2, 0xfab2, 0xfab2, 0xfa92, 0xfa92, 0xfab2, 0xfab2, 0xfad2, 0xfab2, 0xfab2, 0xfab2, 0xfab2, 0xfab2, 0xfa92, 0xfab2, 0xfab2, 
	0xf2f3, 0xd4d7, 0xb6bb, 0xb6dc, 0xb6bc, 0xaedc, 0xaedc, 0xb6dc, 0xaedc, 0xaedc, 0xaedc, 0xaedc, 0xaedc, 0xaedc, 0xaedc, 0xaedc, 
	0xaedc, 0xaedc, 0xaedc, 0xaedc, 0xaedc, 0xaedc, 0xaedc, 0xaedc, 0xaedc, 0xaedc, 0xaedc, 0xaedc, 0xaedc, 0xaedc, 0xaedc, 0xaedc, 
	0xaedc, 0xaedc, 0xaedc, 0xaedc, 0xaedc, 0xaedc, 0xaedc, 0xaedc, 0xaedc, 0xaedc, 0xaedc, 0xaedc, 0xaedc, 0xaedc, 0xaedc, 0xaedc, 
	0xaedc, 0xaedc, 0xaedc, 0xaedc, 0xaedc, 0xaedc, 0xaedc, 0xaedc, 0xaedd, 0xaedc, 0xb6dd, 0xaefd, 0xaedc, 0xb6bc, 0xd476, 0xf9d1, 
	0xf9d0, 0xf9b0, 0xf9b0, 0xf9b0, 0xf98f, 0xf9b0, 0xf9b0, 0xf98f, 0xf9b0, 0xf990, 0xf98f, 0xf98f, 0xf9b0, 0xf9b0, 0xf9af, 0xf1af, 
	0xf1af, 0xf9b0, 0xf9b0, 0xf9d0, 0xfa51, 0xfab2, 0xfab2, 0xfab2, 0xfab2, 0xfab2, 0xfab2, 0xfab2, 0xfab2, 0xfab2, 0xfab2, 0xfab2, 
	0xfad2, 0xfad2, 0xfab2, 0xfab2, 0xfa92, 0xfa92, 0xfa92, 0xfab2, 0xfab2, 0xfab2, 0xfab2, 0xfab2, 0xfab2, 0xfab2, 0xfab2, 0xfab2, 
	0xfab2, 0xfab2, 0xfab2, 0xfab2, 0xfa92, 0xfab2, 0xfab2, 0xfab2, 0xfab2, 0xfa92, 0xfab2, 0xfab2, 0xfa92, 0xfa92, 0xfad2, 0xfab2, 
	0xfab2, 0xfad2, 0xfab2, 0xfab2, 0xfa92, 0xfa92, 0xfab2, 0xfab2, 0xf2d2, 0xf2d2, 0xf2b2, 0xfab2, 0xfab2, 0xfab2, 0xfab2, 0xfab2, 
	0xfab2, 0xfab2, 0xfad2, 0xfad2, 0xfab2, 0xfa92, 0xfa92, 0xfab2, 0xfab2, 0xfad2, 0xfad2, 0xfab2, 0xfad2, 0xfab2, 0xfab2, 0xfab2, 
	0xfab2, 0xfab3, 0xfab3, 0xfab2, 0xfab2, 0xfab2, 0xfab2, 0xfab2, 0xfab2, 0xfab2, 0xfab2, 0xfab2, 0xfab2, 0xfab2, 0xfab2, 0xfab2, 
	0xfa92, 0xfab2, 0xfab2, 0xfab2, 0xfab2, 0xfab2, 0xfab3, 0xfad3, 0xfab2, 0xfad2, 0xfad2, 0xfab2, 0xfa92, 0xfa92, 0xfab2, 0xfab2, 
	0xfab2, 0xfab2, 0xfab2, 0xfad2, 0xfad2, 0xfab2, 0xfab2, 0xfab2, 0xfa72, 0xfab2, 0xfab2, 0xfab2, 0xfab2, 0xfab2, 0xf2b2, 0xfa92, 
	0xfab2, 0xfab2, 0xfab2, 0xfab2, 0xfab2, 0xfab2, 0xfab2, 0xfab2, 0xfab2, 0xfab2, 0xfab2, 0xfab2, 0xfab2, 0xfab2, 0xfab2, 0xfab2, 
	0xfa92, 0xfab2, 0xfad2, 0xfab2, 0xfab2, 0xfab2, 0xfa92, 0xfa92, 0xfab2, 0xfab2, 0xfab2, 0xfab2, 0xfab2, 0xfab2, 0xfab2, 0xfad2, 
	0xfab2, 0xfab2, 0xfab2, 0xfad2, 0xfad2, 0xfab2, 0xfab2, 0xfab2, 0xfab2, 0xfab2, 0xfab2, 0xfab2, 0xfab2, 0xfab2, 0xfab2, 0xfab2, 
	0xfa92, 0xf395, 0xc5da, 0xaedc, 0xaedc, 0xb6dd, 0xaedc, 0xaedc, 0xaedc, 0xaedc, 0xaedc, 0xaedc, 0xaedc, 0xaedc, 0xaedc, 0xaedc, 
	0xaedc, 0xaedc, 0xaedc, 0xaedc, 0xaedc, 0xaedc, 0xaedc, 0xaedc, 0xaedc, 0xaedc, 0xaedc, 0xaedc, 0xaedc, 0xaedc, 0xaedc, 0xaedc, 
	0xaedc, 0xaedc, 0xaedc, 0xaedc, 0xaedc, 0xaedc, 0xaedc, 0xaedc, 0xaedc, 0xaedc, 0xaedc, 0xaedc, 0xaedc, 0xaedc, 0xaedc, 0xaedc, 
	0xaedc, 0xaedc, 0xaedc, 0xaedc, 0xaedc, 0xaedc, 0xaedc, 0xaedc, 0xaedd, 0xb6dd, 0xaedc, 0xaedc, 0xb6dc, 0xb63b, 0xeb13, 0xf98f, 
	0xf1d0, 0xf9af, 0xf98f, 0xf9b0, 0xf9b0, 0xf1d0, 0xf1d0, 0xf9af, 0xf96f, 0xf9b0, 0xf9d0, 0xf9af, 0xf98f, 0xf990, 0xf9b0, 0xf9b0, 
	0xf9b0, 0xf9b0, 0xf9b0, 0xf9f0, 0xfa92, 0xfad2, 0xfab2, 0xfab2, 0xfaf2, 0xfad2, 0xfab2, 0xfab2, 0xfab2, 0xfab2, 0xfab2, 0xfa92, 
	0xfa92, 0xfab2, 0xfab2, 0xfab2, 0xfab2, 0xfab2, 0xfab2, 0xfab2, 0xfab2, 0xfad2, 0xfad2, 0xfad2, 0xfab2, 0xfab2, 0xfab2, 0xfab2, 
	0xfab2, 0xfab2, 0xfa92, 0xfab2, 0xfab2, 0xfab2, 0xfab2, 0xfab2, 0xfad2, 0xfab2, 0xfad2, 0xfad2, 0xfab2, 0xfab2, 0xfab2, 0xfad2, 
	0xfab2, 0xfab2, 0xfad2, 0xfab2, 0xfab2, 0xfab2, 0xfad2, 0xfad2, 0xfab2, 0xfab2, 0xfad2, 0xfad2, 0xfab2, 0xfab2, 0xfab2, 0xfab2, 
	0xfad2, 0xfab2, 0xfab2, 0xfab2, 0xfab2, 0xfa92, 0xfab2, 0xfab2, 0xfab2, 0xfab2, 0xfab2, 0xfab2, 0xfab2, 0xfab2, 0xfad2, 0xf2f2, 
	0xfa92, 0xfa92, 0xfab2, 0xfab2, 0xfa92, 0xfab2, 0xfab2, 0xf2d2, 0xfab2, 0xfab2, 0xfab2, 0xfab2, 0xfab2, 0xfab2, 0xfab2, 0xfab2, 
	0xfab2, 0xfab2, 0xfab2, 0xfab2, 0xfa92, 0xfa92, 0xfa92, 0xfa92, 0xfab2, 0xfab2, 0xfad2, 0xfab2, 0xfab2, 0xfad2, 0xfad2, 0xf2d2, 
	0xfad2, 0xfab2, 0xfab2, 0xfab2, 0xfab2, 0xfab2, 0xfab2, 0xfaf2, 0xfab2, 0xf2d2, 0xfad2, 0xfab2, 0xfab2, 0xfab2, 0xf2d2, 0xf2d2, 
	0xfab2, 0xfab2, 0xfab2, 0xfab2, 0xfab2, 0xfab2, 0xfab2, 0xfab2, 0xfab2, 0xfab2, 0xfab2, 0xfab2, 0xfab2, 0xfab2, 0xfab2, 0xfab2, 
	0xf2d2, 0xfad3, 0xfab2, 0xfa92, 0xfab2, 0xfab2, 0xfad2, 0xfad2, 0xfad2, 0xfab2, 0xfad2, 0xfab2, 0xfab2, 0xfab2, 0xfab2, 0xfab2, 
	0xfad2, 0xfab2, 0xfab2, 0xfab2, 0xfad2, 0xfad2, 0xfab2, 0xfa92, 0xfab2, 0xfad2, 0xfad2, 0xfab2, 0xfab2, 0xfab2, 0xfab2, 0xfab2, 
	0xfad2, 0xfad3, 0xd4f8, 0xaebc, 0xaefc, 0xb6dd, 0xb6bc, 0xaedc, 0xaedc, 0xaedc, 0xaedc, 0xaedc, 0xaedc, 0xaedc, 0xaedc, 0xaedc, 
	0xaedc, 0xaedc, 0xaedc, 0xaedc, 0xaedc, 0xaedc, 0xaedc, 0xaedc, 0xaedc, 0xaedc, 0xaedc, 0xaedc, 0xaedc, 0xaedc, 0xaedc, 0xaedc, 
	0xaedc, 0xaedc, 0xaedc, 0xaedc, 0xaedc, 0xaedc, 0xaedc, 0xaedc, 0xaedc, 0xaedc, 0xaedc, 0xaedc, 0xaedc, 0xaedc, 0xaedc, 0xaedc, 
	0xaedc, 0xaedc, 0xaedc, 0xaedc, 0xaedc, 0xaedc, 0xaedc, 0xaedc, 0xaedc, 0xb6dd, 0xaedc, 0xaedc, 0xb6dd, 0xbdda, 0xf231, 0xf1cf, 
	0xf990, 0xf98f, 0xf9af, 0xf9b0, 0xf9b0, 0xf9af, 0xf990, 0xf9b0, 0xf98f, 0xf9b0, 0xf1d0, 0xf9b0, 0xf9b0, 0xf9b0, 0xf990, 0xf96f, 
	0xf96f, 0xf96f, 0xf98f, 0xfa10, 0xfa92, 0xfad2, 0xfab2, 0xfab2, 0xfab2, 0xfa92, 0xfa92, 0xfab2, 0xfab2, 0xfad2, 0xfad2, 0xfab2, 
	0xfab2, 0xfab2, 0xfad2, 0xfad2, 0xfad2, 0xfad2, 0xfad2, 0xfad2, 0xfab2, 0xfab2, 0xfab2, 0xfa92, 0xfab2, 0xfab2, 0xfad2, 0xfaf2, 
	0xfab2, 0xfab2, 0xfab2, 0xfad2, 0xfaf2, 0xfad2, 0xfa92, 0xfa92, 0xfa72, 0xfa92, 0xfa92, 0xfad2, 0xfad3, 0xfab2, 0xfa92, 0xfab2, 
	0xfa92, 0xfab2, 0xfab2, 0xfad2, 0xfab2, 0xfa92, 0xfa92, 0xfa72, 0xfa92, 0xfa92, 0xfa92, 0xfab2, 0xfab2, 0xfab2, 0xfab2, 0xfab2, 
	0xfab2, 0xfab2, 0xfab2, 0xfab2, 0xfab2, 0xfad2, 0xfad2, 0xfad2, 0xfad2, 0xfab2, 0xfab2, 0xfab2, 0xfab2, 0xfab2, 0xfab2, 0xfab2, 
	0xfad2, 0xfad2, 0xfad2, 0xfab2, 0xfa92, 0xfa92, 0xfab2, 0xfab2, 0xfab2, 0xfab2, 0xfab2, 0xfab2, 0xfab2, 0xfab2, 0xfab2, 0xfab2, 
	0xfad2, 0xfab2, 0xfab2, 0xfa92, 0xfab2, 0xfad3, 0xfad2, 0xfab2, 0xfa92, 0xfab2, 0xf2d2, 0xfad2, 0xfad2, 0xfab2, 0xfa92, 0xfa72, 
	0xfab2, 0xfab2, 0xfab2, 0xfab2, 0xfab2, 0xfab2, 0xfab2, 0xfab2, 0xfab2, 0xfad2, 0xfab2, 0xfab2, 0xfab2, 0xfa92, 0xfa92, 0xfa92, 
	0xfab2, 0xfab2, 0xfab2, 0xfab2, 0xfab2, 0xfab2, 0xfab2, 0xfab2, 0xfab2, 0xfab2, 0xfab2, 0xfab2, 0xfab2, 0xfab2, 0xfab2, 0xfab2, 
	0xfab2, 0xfa92, 0xfa72, 0xfa92, 0xfab2, 0xfab2, 0xfab2, 0xfab2, 0xfa92, 0xfab2, 0xfab2, 0xfab2, 0xfab2, 0xfab2, 0xfab2, 0xfab2, 
	0xfab2, 0xfab2, 0xfab2, 0xfa92, 0xfab2, 0xfab2, 0xfad2, 0xfad2, 0xfab2, 0xfab2, 0xfad2, 0xfad2, 0xfab2, 0xfab2, 0xfab2, 0xfab2, 
	0xfad2, 0xfa92, 0xe456, 0xb69c, 0xaedc, 0xa6fd, 0xaedc, 0xb6dc, 0xaedc, 0xaedc, 0xaedc, 0xaedc, 0xaedc, 0xaedc, 0xaedc, 0xaedc, 
	0xaedc, 0xaedc, 0xaedc, 0xaedc, 0xaedc, 0xaedc, 0xaedc, 0xaedc, 0xaedc, 0xaedc, 0xaedc, 0xaedc, 0xaedc, 0xaedc, 0xaedc, 0xaedc, 
	0xaedc, 0xaedc, 0xaedc, 0xaedc, 0xaedc, 0xaedc, 0xaedc, 0xaedc, 0xaedc, 0xaedc, 0xaedc, 0xaedc, 0xaedc, 0xaedc, 0xaedc, 0xaedc, 
	0xaedc, 0xaedc, 0xaedc, 0xaedc, 0xaedc, 0xaedc, 0xaedc, 0xaedc, 0xaedc, 0xaedd, 0xaedc, 0xaedc, 0xb6dd, 0xc599, 0xf9d0, 0xf9cf, 
	0xf9b0, 0xf9b0, 0xf9b0, 0xf9af, 0xf98f, 0xf990, 0xf990, 0xf9b0, 0xf9d0, 0xf9b0, 0xf1af, 0xf9b0, 0xf9b0, 0xf98f, 0xf1af, 0xf1f0, 
	0xfa51, 0xfab2, 0xfb13, 0xfb94, 0xfbf5, 0xfbf5, 0xfbf5, 0xfbf5, 0xfbf5, 0xfbd5, 0xfbd5, 0xfb94, 0xfaf2, 0xfa92, 0xfab2, 0xfa92, 
	0xfad2, 0xfab2, 0xfa92, 0xfa92, 0xfab2, 0xfb13, 0xfb74, 0xfbb4, 0xfbd5, 0xfbd5, 0xfbd5, 0xfbd5, 0xfb94, 0xfb33, 0xfad2, 0xfa92, 
	0xfad2, 0xfad2, 0xfab2, 0xf2b2, 0xfad2, 0xfa92, 0xf2d2, 0xf374, 0xfbd5, 0xfbb5, 0xfb13, 0xfab2, 0xfab2, 0xfab2, 0xfab2, 0xfab2, 
	0xfab2, 0xfab2, 0xfab2, 0xfab2, 0xfa92, 0xfad3, 0xfb74, 0xfbd5, 0xf394, 0xfaf2, 0xfa92, 0xfab2, 0xfad2, 0xfad2, 0xfab2, 0xfab2, 
	0xfab2, 0xfb33, 0xfbb4, 0xf3f5, 0xfbf5, 0xfc15, 0xfc15, 0xfbf5, 0xfc15, 0xfbd5, 0xfbf5, 0xfbf5, 0xf3f5, 0xfbf5, 0xfb94, 0xfad2, 
	0xfab2, 0xfa92, 0xfa92, 0xfaf2, 0xfb74, 0xfbd5, 0xfbf5, 0xfbf5, 0xfbf5, 0xfbf5, 0xfbf5, 0xfbf5, 0xfbf5, 0xfbf5, 0xfbf5, 0xfbf5, 
	0xfbd5, 0xfb94, 0xfb54, 0xfad2, 0xfa92, 0xfa92, 0xfab2, 0xfab2, 0xfab2, 0xfab2, 0xfab2, 0xfab2, 0xfa92, 0xfa92, 0xfaf3, 0xfb54, 
	0xfb94, 0xfbd5, 0xfbf5, 0xfbf5, 0xfbd5, 0xfbb5, 0xfb54, 0xfaf3, 0xfab2, 0xfa92, 0xfa92, 0xfad2, 0xfab2, 0xfa92, 0xfaf3, 0xfb74, 
	0xfbf5, 0xfbf5, 0xfbf5, 0xfbf5, 0xfbf5, 0xfbf5, 0xfbf5, 0xfbf5, 0xfbf5, 0xfbf5, 0xfbf5, 0xfbf5, 0xfbf5, 0xfbf5, 0xfbf5, 0xfbf5, 
	0xfbd5, 0xfb13, 0xfa92, 0xfad2, 0xfad3, 0xfab2, 0xfa92, 0xfad2, 0xfb13, 0xfb94, 0xfbf5, 0xfbf5, 0xfbf5, 0xfbf5, 0xfbf5, 0xfbf5, 
	0xfbf5, 0xfbf5, 0xfc16, 0xfbf5, 0xfbd5, 0xfb53, 0xfad2, 0xfa71, 0xfab2, 0xfab2, 0xfab2, 0xfab2, 0xfad2, 0xfad2, 0xfad2, 0xfab2, 
	0xfab2, 0xfab2, 0xebd5, 0xb69c, 0xb6bd, 0xa6fd, 0xaedc, 0xb6dc, 0xaedc, 0xaedc, 0xaedc, 0xaedc, 0xaedc, 0xaedc, 0xaedc, 0xaedc, 
	0xaedc, 0xaedc, 0xaedc, 0xaedc, 0xaedc, 0xaedc, 0xaedc, 0xaedc, 0xaedc, 0xaedc, 0xaedc, 0xaedc, 0xaedc, 0xaedc, 0xaedc, 0xaedc, 
	0xaedc, 0xaedc, 0xaedc, 0xaedc, 0xaedc, 0xaedc, 0xaedc, 0xaedc, 0xaedc, 0xaedc, 0xaedc, 0xaedc, 0xaedc, 0xaedc, 0xaedc, 0xaedc, 
	0xaedc, 0xaedc, 0xaedc, 0xaedc, 0xaedc, 0xaedc, 0xaedc, 0xaedc, 0xaedc, 0xaedc, 0xb6bc, 0xaefd, 0xaedc, 0xc599, 0xf9b0, 0xf98f, 
	0xf1af, 0xf9b0, 0xf9b0, 0xf9af, 0xf9b0, 0xf9b0, 0xf990, 0xf1b0, 0xf990, 0xf98f, 0xf9b0, 0xf9b0, 0xf98f, 0xf1d0, 0xfad2, 0xfbd6, 
	0xfd79, 0xfe5c, 0xff1e, 0xff5e, 0xff7e, 0xff7e, 0xff7e, 0xff9e, 0xff7e, 0xff9e, 0xff5e, 0xfe1b, 0xfc15, 0xfad2, 0xfab2, 0xfad2, 
	0xfab2, 0xfab2, 0xfad2, 0xfb53, 0xfc36, 0xfd59, 0xfe9c, 0xff3e, 0xff5e, 0xff7e, 0xff9e, 0xff5e, 0xfebc, 0xfd79, 0xfc36, 0xfb54, 
	0xfab2, 0xfad3, 0xfab2, 0xfa92, 0xfa92, 0xfab2, 0xfbd5, 0xfdba, 0xff3e, 0xfe7d, 0xfcb7, 0xf313, 0xfab2, 0xfab2, 0xfab2, 0xfad2, 
	0xfab2, 0xfab2, 0xfab2, 0xfa92, 0xfaf3, 0xfc36, 0xfdfb, 0xff3e, 0xfe5c, 0xfc77, 0xfad2, 0xfab2, 0xfab2, 0xfa92, 0xfab2, 0xfb34, 
	0xfc96, 0xfdba, 0xfedd, 0xff5e, 0xff7e, 0xff7e, 0xff7e, 0xff7e, 0xff9f, 0xff5e, 0xff7e, 0xff9e, 0xff7e, 0xff7e, 0xfe9c, 0xf538, 
	0xfaf3, 0xfa92, 0xfad2, 0xfc16, 0xfdfb, 0xff5e, 0xffbf, 0xff7e, 0xff7e, 0xff7e, 0xff7e, 0xff7e, 0xff7e, 0xff7e, 0xff7e, 0xff7e, 
	0xff9e, 0xff1d, 0xfe3b, 0xfcd7, 0xf394, 0xf2d2, 0xfab2, 0xfab2, 0xfad2, 0xfab2, 0xfab2, 0xfab2, 0xfad2, 0xf374, 0xf4b7, 0xfdfb, 
	0xfedc, 0xff3e, 0xff9e, 0xff7e, 0xff5e, 0xff1d, 0xfe3b, 0xfd79, 0xfbf5, 0xfb13, 0xfa92, 0xfad2, 0xfab2, 0xf2d2, 0xfc56, 0xfe3c, 
	0xff7e, 0xff7e, 0xff7e, 0xff7e, 0xff7e, 0xff7e, 0xff7e, 0xff7e, 0xff7e, 0xff7e, 0xff7e, 0xff7e, 0xff7e, 0xff7e, 0xff7e, 0xff7e, 
	0xfefe, 0xfd38, 0xfb74, 0xfab2, 0xfa92, 0xfa92, 0xfb54, 0xfc36, 0xfdfa, 0xfe9c, 0xff5e, 0xff9e, 0xff7e, 0xff7e, 0xff9e, 0xff9e, 
	0xff7f, 0xff7e, 0xff7e, 0xff9f, 0xff1e, 0xfddb, 0xfc16, 0xfab2, 0xfad2, 0xfab2, 0xfa92, 0xfab2, 0xfab2, 0xfab2, 0xfab2, 0xfab2, 
	0xfab2, 0xfab2, 0xeb75, 0xae9b, 0xb6bc, 0xaefd, 0xb6bc, 0xaedc, 0xaedc, 0xaedc, 0xaedc, 0xaedc, 0xaedc, 0xaedc, 0xaedc, 0xaedc, 
	0xaedc, 0xaedc, 0xaedc, 0xaedc, 0xaedc, 0xaedc, 0xaedc, 0xaedc, 0xaedc, 0xaedc, 0xaedc, 0xaedc, 0xaedc, 0xaedc, 0xaedc, 0xaedc, 
	0xaedc, 0xaedc, 0xaedc, 0xaedc, 0xaedc, 0xaedc, 0xaedc, 0xaedc, 0xaedc, 0xaedc, 0xaedc, 0xaedc, 0xaedc, 0xaedc, 0xaedc, 0xaedc, 
	0xaedc, 0xaedc, 0xaedc, 0xaedc, 0xaedc, 0xaedc, 0xaedc, 0xaedc, 0xaedc, 0xaedc, 0xaedc, 0xaedc, 0xaefd, 0xc579, 0xf9f1, 0xf9af, 
	0xf9b0, 0xf9b0, 0xf9b0, 0xf9b0, 0xf9b0, 0xf9b0, 0xf9b0, 0xf9b0, 0xf9d0, 0xf9af, 0xf9b0, 0xf98f, 0xfa31, 0xfbf5, 0xfe1b, 0xff5e, 
	0xffff, 0xffff, 0xffff, 0xffff, 0xffff, 0xffdf, 0xffff, 0xffff, 0xffff, 0xffff, 0xffdf, 0xffdf, 0xfdfa, 0xfb13, 0xfab2, 0xfa92, 
	0xfad2, 0xfa91, 0xfb74, 0xfd79, 0xff3e, 0xffdf, 0xffff, 0xffff, 0xffff, 0xffff, 0xffff, 0xffff, 0xffff, 0xffff, 0xff3e, 0xfdda, 
	0xfbf5, 0xfa92, 0xfab2, 0xf2b2, 0xfab2, 0xfaf3, 0xfd79, 0xffbf, 0xffff, 0xffff, 0xff1d, 0xf436, 0xfad2, 0xfab2, 0xfa92, 0xfab2, 
	0xfab2, 0xfab2, 0xfad2, 0xfa92, 0xfb53, 0xfe3b, 0xffbf, 0xffff, 0xffff, 0xfe5b, 0xfb54, 0xfab2, 0xfad2, 0xfab2, 0xfb94, 0xf5fa, 
	0xff7e, 0xffbf, 0xffff, 0xffff, 0xffff, 0xffff, 0xffff, 0xffff, 0xffff, 0xffff, 0xffdf, 0xffff, 0xffff, 0xffff, 0xffff, 0xff1d, 
	0xfc16, 0xfa92, 0xf333, 0xfe1a, 0xffdf, 0xffff, 0xffff, 0xffff, 0xffff, 0xffff, 0xffff, 0xffff, 0xffff, 0xffff, 0xffff, 0xffff, 
	0xffff, 0xf7ff, 0xffdf, 0xff7e, 0xfdfa, 0xf3d5, 0xfa92, 0xf2d2, 0xfab2, 0xfab2, 0xfab2, 0xfad2, 0xfc36, 0xfe1b, 0xff9e, 0xffff, 
	0xffff, 0xffff, 0xffff, 0xf7ff, 0xffff, 0xffdf, 0xffff, 0xffdf, 0xff1d, 0xfd58, 0xfb13, 0xfab2, 0xf2d2, 0xfb74, 0xfe5b, 0xffff, 
	0xffff, 0xffff, 0xffff, 0xffff, 0xffff, 0xffff, 0xffff, 0xffff, 0xffff, 0xffff, 0xffff, 0xffff, 0xffff, 0xffff, 0xffff, 0xffff, 
	0xffff, 0xff3e, 0xfc97, 0xfad2, 0xfad2, 0xf373, 0xfd59, 0xff3d, 0xffdf, 0xf7ff, 0xffdf, 0xffff, 0xffff, 0xffff, 0xffff, 0xffdf, 
	0xffff, 0xffff, 0xffff, 0xffff, 0xf7ff, 0xf7ff, 0xfdda, 0xfad3, 0xfab2, 0xfab2, 0xfab2, 0xfab2, 0xfab2, 0xfab2, 0xfab2, 0xfab2, 
	0xfab2, 0xfab2, 0xeb94, 0xb67c, 0xaefd, 0xaedc, 0xaedc, 0xaedd, 0xaedc, 0xaedc, 0xaedc, 0xaedc, 0xaedc, 0xaedc, 0xaedc, 0xaedc, 
	0xaedc, 0xaedc, 0xaedc, 0xaedc, 0xaedc, 0xaedc, 0xaedc, 0xaedc, 0xaedc, 0xaedc, 0xaedc, 0xaedc, 0xaedc, 0xaedc, 0xaedc, 0xaedc, 
	0xaedc, 0xaedc, 0xaedc, 0xaedc, 0xaedc, 0xaedc, 0xaedc, 0xaedc, 0xaedc, 0xaedc, 0xaedc, 0xaedc, 0xaedc, 0xaedc, 0xaedc, 0xaedc, 
	0xaedc, 0xaedc, 0xaedc, 0xaedc, 0xaedc, 0xaedc, 0xaedc, 0xaedc, 0xaedc, 0xaedc, 0xaedc, 0xaedc, 0xaefd, 0xc579, 0xf9f1, 0xf9af, 
	0xf9b0, 0xf9b0, 0xf9b0, 0xf9b0, 0xf9b0, 0xf9b0, 0xf9b0, 0xf9b0, 0xf98f, 0xf9af, 0xf9b0, 0xf271, 0xfcb7, 0xfefd, 0xffff, 0xffff, 
	0xffff, 0xffdf, 0xffdf, 0xffff, 0xffff, 0xffff, 0xffff, 0xffff, 0xffff, 0xffff, 0xffff, 0xffff, 0xfe3b, 0xfb74, 0xfad2, 0xfa92, 
	0xfa92, 0xfbf5, 0xfdda, 0xff7e, 0xffff, 0xffdf, 0xffdf, 0xffff, 0xffff, 0xffff, 0xffff, 0xffff, 0xffff, 0xffff, 0xffdf, 0xffbf, 
	0xfe1b, 0xfc15, 0xfad2, 0xfab2, 0xfab2, 0xfb33, 0xfe1a, 0xffdf, 0xffff, 0xffff, 0xffbf, 0xfe1b, 0xfb74, 0xfa92, 0xfad2, 0xfab2, 
	0xfab2, 0xfab2, 0xfad2, 0xfab2, 0xfb94, 0xfe7c, 0xffdf, 0xffff, 0xffff, 0xff1d, 0xfbd5, 0xfad2, 0xfab2, 0xfb94, 0xfdda, 0xff9f, 
	0xffff, 0xffff, 0xffff, 0xffff, 0xffff, 0xffff, 0xffff, 0xffff, 0xffff, 0xffff, 0xffff, 0xffff, 0xffff, 0xf7ff, 0xffff, 0xff7e, 
	0xfc16, 0xfad3, 0xfb74, 0xfe5c, 0xffff, 0xffff, 0xffff, 0xffff, 0xffff, 0xffff, 0xffff, 0xffff, 0xffff, 0xffff, 0xffff, 0xffff, 
	0xffdf, 0xffff, 0xffdf, 0xffff, 0xff9e, 0xfdda, 0xfb54, 0xfa92, 0xfad3, 0xfa92, 0xfad2, 0xfc77, 0xfe5c, 0xffbf, 0xffff, 0xffdf, 
	0xffdf, 0xffff, 0xffff, 0xffff, 0xffff, 0xffff, 0xffff, 0xffff, 0xffdf, 0xff3e, 0xfd79, 0xfb54, 0xfa92, 0xfbb4, 0xfedd, 0xffff, 
	0xffff, 0xffff, 0xffff, 0xffff, 0xffff, 0xffff, 0xffff, 0xffff, 0xffff, 0xffff, 0xffff, 0xffff, 0xffff, 0xffff, 0xffff, 0xffff, 
	0xffff, 0xffdf, 0xfd18, 0xfa92, 0xfb33, 0xfd79, 0xff5e, 0xffff, 0xffff, 0xffff, 0xffff, 0xffff, 0xffff, 0xffff, 0xffff, 0xffdf, 
	0xffff, 0xffff, 0xffff, 0xffdf, 0xffff, 0xffff, 0xfe1b, 0xfb53, 0xfab2, 0xfab2, 0xfab2, 0xfab2, 0xfab2, 0xfab2, 0xfab2, 0xfab2, 
	0xfab2, 0xfab2, 0xeb94, 0xb67c, 0xaefd, 0xaedc, 0xaedc, 0xaedd, 0xaedc, 0xaedc, 0xaedc, 0xaedc, 0xaedc, 0xaedc, 0xaedc, 0xaedc, 
	0xaedc, 0xaedc, 0xaedc, 0xaedc, 0xaedc, 0xaedc, 0xaedc, 0xaedc, 0xaedc, 0xaedc, 0xaedc, 0xaedc, 0xaedc, 0xaedc, 0xaedc, 0xaedc, 
	0xaedc, 0xaedc, 0xaedc, 0xaedc, 0xaedc, 0xaedc, 0xaedc, 0xaedc, 0xaedc, 0xaedc, 0xaedc, 0xaedc, 0xaedc, 0xaedc, 0xaedc, 0xaedc, 
	0xaedc, 0xaedc, 0xaedc, 0xaedc, 0xaedc, 0xaedc, 0xaedc, 0xaedc, 0xaedc, 0xaedc, 0xaedc, 0xaedc, 0xaefd, 0xc579, 0xf9f1, 0xf9af, 
	0xf9b0, 0xf9b0, 0xf9b0, 0xf9b0, 0xf9b0, 0xf9b0, 0xf9b0, 0xf9b0, 0xf9b0, 0xf98f, 0xfa31, 0xfc57, 0xff1e, 0xf7ff, 0xf7ff, 0xffdf, 
	0xf7ff, 0xffff, 0xffff, 0xffff, 0xffff, 0xffff, 0xffff, 0xffff, 0xffff, 0xffff, 0xffff, 0xff9e, 0xfd79, 0xfb13, 0xfab2, 0xfab2, 
	0xfb13, 0xfdb9, 0xff9f, 0xffff, 0xffff, 0xffff, 0xffff, 0xffff, 0xffff, 0xffff, 0xffff, 0xffff, 0xffff, 0xffff, 0xf7df, 0xf7ff, 
	0xffdf, 0xfdfb, 0xfb74, 0xfab2, 0xfab2, 0xfb53, 0xfe7b, 0xffdf, 0xffff, 0xf7ff, 0xffff, 0xff9f, 0xfcb7, 0xfad2, 0xfad2, 0xfa92, 
	0xfab2, 0xfab2, 0xfad2, 0xfad2, 0xfbb5, 0xfebc, 0xffff, 0xffff, 0xf7ff, 0xff5e, 0xf3f5, 0xfab2, 0xfad3, 0xf538, 0xffbf, 0xffff, 
	0xffdf, 0xffff, 0xffff, 0xffff, 0xffff, 0xffff, 0xffff, 0xffff, 0xffff, 0xffff, 0xffff, 0xffff, 0xffff, 0xffff, 0xffbf, 0xfe9c, 
	0xfbb5, 0xfad2, 0xfbb4, 0xfe9c, 0xffff, 0xffff, 0xffff, 0xffff, 0xffff, 0xffff, 0xffff, 0xffff, 0xffff, 0xffff, 0xffff, 0xffff, 
	0xffff, 0xffff, 0xffff, 0xffff, 0xffff, 0xff5e, 0xfc77, 0xfab2, 0xfab2, 0xfa92, 0xfbd5, 0xfe5c, 0xffff, 0xf7ff, 0xffff, 0xffff, 
	0xffff, 0xffff, 0xffff, 0xffff, 0xffff, 0xffff, 0xf7ff, 0xffdf, 0xffff, 0xffff, 0xff7e, 0xfd18, 0xfaf3, 0xfb53, 0xfe1b, 0xffbf, 
	0xffff, 0xffff, 0xffff, 0xffff, 0xffff, 0xffff, 0xffff, 0xffff, 0xffff, 0xffff, 0xffff, 0xffff, 0xffff, 0xffff, 0xffff, 0xffff, 
	0xffff, 0xff1d, 0xfc56, 0xfad2, 0xfc97, 0xff3e, 0xffff, 0xffff, 0xffdf, 0xffff, 0xffdf, 0xffff, 0xffff, 0xffff, 0xffff, 0xffff, 
	0xffff, 0xffff, 0xffff, 0xffff, 0xffff, 0xff5e, 0xfd39, 0xfaf3, 0xfab2, 0xfab2, 0xfab2, 0xfab2, 0xfab2, 0xfab2, 0xfab2, 0xfab2, 
	0xfab2, 0xfab2, 0xeb94, 0xb67c, 0xaefd, 0xaedc, 0xaedc, 0xaedd, 0xaedc, 0xaedc, 0xaedc, 0xaedc, 0xaedc, 0xaedc, 0xaedc, 0xaedc, 
	0xaedc, 0xaedc, 0xaedc, 0xaedc, 0xaedc, 0xaedc, 0xaedc, 0xaedc, 0xaedc, 0xaedc, 0xaedc, 0xaedc, 0xaedc, 0xaedc, 0xaedc, 0xaedc, 
	0xaedc, 0xaedc, 0xaedc, 0xaedc, 0xaedc, 0xaedc, 0xaedc, 0xaedc, 0xaedc, 0xaedc, 0xaedc, 0xaedc, 0xaedc, 0xaedc, 0xaedc, 0xaedc, 
	0xaedc, 0xaedc, 0xaedc, 0xaedc, 0xaedc, 0xaedc, 0xaedc, 0xaedc, 0xaedc, 0xaedc, 0xaedc, 0xaedc, 0xaefd, 0xc579, 0xf9f1, 0xf9af, 
	0xf9b0, 0xf9b0, 0xf9b0, 0xf9b0, 0xf9b0, 0xf9b0, 0xf9b0, 0xf9b0, 0xf9b0, 0xf9b0, 0xf394, 0xfedd, 0xffff, 0xffff, 0xffde, 0xffdf, 
	0xffff, 0xff7e, 0xfebd, 0xfe7b, 0xfe9c, 0xfe9c, 0xfe9c, 0xfe9c, 0xfe9c, 0xfe9c, 0xfe7b, 0xfd79, 0xfbb5, 0xfa92, 0xfab2, 0xfad2, 
	0xfc97, 0xff5e, 0xffff, 0xffdf, 0xffff, 0xffff, 0xff9e, 0xfefd, 0xfe9c, 0xfe9c, 0xfe9c, 0xfefd, 0xff7e, 0xffff, 0xffff, 0xffff, 
	0xffff, 0xff9e, 0xfd18, 0xfad2, 0xfab2, 0xfb33, 0xfe5b, 0xffff, 0xffff, 0xffff, 0xffff, 0xf7df, 0xfe7c, 0xfbb5, 0xfa92, 0xfab2, 
	0xfad2, 0xfab2, 0xfab2, 0xfab2, 0xfbb5, 0xfebc, 0xffff, 0xffff, 0xffff, 0xff3d, 0xfbd5, 0xfab2, 0xfbb5, 0xfedd, 0xf7ff, 0xffdf, 
	0xffdf, 0xffff, 0xff9e, 0xfedd, 0xfe9c, 0xfebc, 0xfe9c, 0xfe7c, 0xfe9c, 0xfebc, 0xf69b, 0xfe9c, 0xfe9c, 0xfe9c, 0xfdda, 0xec96, 
	0xfb13, 0xfa92, 0xfb94, 0xfe9c, 0xffff, 0xffff, 0xffff, 0xffbf, 0xfefd, 0xfe7c, 0xfe9c, 0xfebc, 0xfe7c, 0xfe7c, 0xfe9c, 0xfe9c, 
	0xfebc, 0xff9e, 0xffff, 0xffff, 0xffff, 0xffbf, 0xfdda, 0xf333, 0xfab2, 0xfb33, 0xfdba, 0xffbf, 0xffff, 0xf7ff, 0xffff, 0xffdf, 
	0xff7f, 0xfedc, 0xfe9c, 0xfe9c, 0xfe9c, 0xff1d, 0xffdf, 0xffff, 0xf7ff, 0xffff, 0xffff, 0xff1d, 0xf415, 0xfab2, 0xfbf5, 0xfd99, 
	0xfe9c, 0xfe7c, 0xfe9c, 0xfe9c, 0xfe7c, 0xff1d, 0xffdf, 0xffff, 0xffff, 0xffff, 0xff9e, 0xfe9c, 0xfe9c, 0xfe9c, 0xfe9c, 0xfe9c, 
	0xfe1b, 0xfcb7, 0xfaf3, 0xfb53, 0xfe1b, 0xffff, 0xffff, 0xffdf, 0xf7ff, 0xff9f, 0xfedd, 0xfedc, 0xfe9c, 0xfe7c, 0xfebc, 0xfe9c, 
	0xfe7c, 0xfe7c, 0xfe9c, 0xfe9c, 0xfe5b, 0xfd39, 0xfbb5, 0xfa92, 0xfab2, 0xfab2, 0xfab2, 0xfab2, 0xfab2, 0xfab2, 0xfab2, 0xfab2, 
	0xfab2, 0xfab2, 0xeb94, 0xb67c, 0xaefd, 0xaedc, 0xaedc, 0xaedd, 0xaedc, 0xaedc, 0xaedc, 0xaedc, 0xaedc, 0xaedc, 0xaedc, 0xaedc, 
	0xaedc, 0xaedc, 0xaedc, 0xaedc, 0xaedc, 0xaedc, 0xaedc, 0xaedc, 0xaedc, 0xaedc, 0xaedc, 0xaedc, 0xaedc, 0xaedc, 0xaedc, 0xaedc, 
	0xaedc, 0xaedc, 0xaedc, 0xaedc, 0xaedc, 0xaedc, 0xaedc, 0xaedc, 0xaedc, 0xaedc, 0xaedc, 0xaedc, 0xaedc, 0xaedc, 0xaedc, 0xaedc, 
	0xaedc, 0xaedc, 0xaedc, 0xaedc, 0xaedc, 0xaedc, 0xaedc, 0xaedc, 0xaedc, 0xaedc, 0xaedc, 0xaedc, 0xaefd, 0xc579, 0xf9f1, 0xf9af, 
	0xf9b0, 0xf9b0, 0xf9b0, 0xf9b0, 0xf9b0, 0xf9b0, 0xf9b0, 0xf9b0, 0xf98f, 0xfa92, 0xfd9a, 0xffff, 0xffff, 0xffff, 0xffff, 0xff9e, 
	0xfd7a, 0xfc16, 0xfb13, 0xfb33, 0xfb95, 0xfb94, 0xfb94, 0xfbb4, 0xfb94, 0xfb94, 0xfb74, 0xfb13, 0xfa92, 0xfa92, 0xfab2, 0xfb33, 
	0xfdda, 0xffff, 0xffff, 0xffff, 0xffff, 0xff3d, 0xfd79, 0xfc36, 0xfb94, 0xfbb4, 0xfbb5, 0xfc16, 0xf518, 0xfefd, 0xffff, 0xffff, 
	0xffff, 0xffff, 0xfe9c, 0xfb74, 0xfab2, 0xfb33, 0xfe3b, 0xffff, 0xffdf, 0xffff, 0xffff, 0xffff, 0xffbf, 0xfd58, 0xfad3, 0xfab2, 
	0xfad2, 0xfab2, 0xfab2, 0xfab2, 0xfbb5, 0xfebc, 0xffff, 0xffff, 0xffff, 0xff3d, 0xfbd5, 0xfab2, 0xfc97, 0xff9f, 0xf7ff, 0xffdf, 
	0xffff, 0xff5e, 0xf558, 0xfc15, 0xfb94, 0xfbb5, 0xfbb4, 0xf3b4, 0xfb94, 0xfbb4, 0xfb94, 0xfb94, 0xfb94, 0xfb94, 0xfb33, 0xfa92, 
	0xfab2, 0xfa92, 0xfbb5, 0xfe9c, 0xffff, 0xffff, 0xffff, 0xff7e, 0xfc56, 0xfb94, 0xfb94, 0xfbb4, 0xfb94, 0xfb94, 0xfb94, 0xfb94, 
	0xfbd5, 0xfd79, 0xff9e, 0xffff, 0xffff, 0xffff, 0xfe9c, 0xf373, 0xfab2, 0xfbf5, 0xfefd, 0xffff, 0xffdf, 0xffff, 0xffff, 0xfe9c, 
	0xfcb7, 0xf3f5, 0xfbb4, 0xfbb5, 0xfbb4, 0xfc36, 0xfdda, 0xff7e, 0xffff, 0xffdf, 0xffff, 0xffdf, 0xfd58, 0xfb13, 0xfa92, 0xf333, 
	0xfb94, 0xfb94, 0xfbb4, 0xfbb4, 0xf3d4, 0xf578, 0xff7e, 0xffff, 0xffff, 0xffff, 0xfe7c, 0xf436, 0xfbb4, 0xfbb4, 0xfbb4, 0xfbb4, 
	0xfb54, 0xf2f2, 0xfab2, 0xfbd5, 0xfebd, 0xffff, 0xffff, 0xffff, 0xff9f, 0xfd79, 0xfbf5, 0xfbb4, 0xfbb5, 0xfb94, 0xfb94, 0xfb74, 
	0xfbb4, 0xfb94, 0xfb94, 0xfbb4, 0xfb94, 0xfb13, 0xfab2, 0xfab2, 0xfab2, 0xfab2, 0xfab2, 0xfab2, 0xfab2, 0xfab2, 0xfab2, 0xfab2, 
	0xfab2, 0xfab2, 0xeb94, 0xb67c, 0xaefd, 0xaedc, 0xaedc, 0xaedd, 0xaedc, 0xaedc, 0xaedc, 0xaedc, 0xaedc, 0xaedc, 0xaedc, 0xaedc, 
	0xaedc, 0xaedc, 0xaedc, 0xaedc, 0xaedc, 0xaedc, 0xaedc, 0xaedc, 0xaedc, 0xaedc, 0xaedc, 0xaedc, 0xaedc, 0xaedc, 0xaedc, 0xaedc, 
	0xaedc, 0xaedc, 0xaedc, 0xaedc, 0xaedc, 0xaedc, 0xaedc, 0xaedc, 0xaedc, 0xaedc, 0xaedc, 0xaedc, 0xaedc, 0xaedc, 0xaedc, 0xaedc, 
	0xaedc, 0xaedc, 0xaedc, 0xaedc, 0xaedc, 0xaedc, 0xaedc, 0xaedc, 0xaedc, 0xaedc, 0xaedc, 0xaedc, 0xaefd, 0xc579, 0xf9f1, 0xf9af, 
	0xf9b0, 0xf9b0, 0xf9b0, 0xf9b0, 0xf9b0, 0xf9b0, 0xf9b0, 0xf9b0, 0xf9b0, 0xfbb5, 0xff3e, 0xf7ff, 0xffff, 0xffff, 0xffbf, 0xfd38, 
	0xfa92, 0xf1f0, 0xf1af, 0xfa51, 0xfad2, 0xfad2, 0xfa92, 0xfab2, 0xfab2, 0xfa72, 0xfa92, 0xfab2, 0xfad2, 0xfad3, 0xfad2, 0xfbd5, 
	0xfefc, 0xffff, 0xffdf, 0xf7ff, 0xff9e, 0xfd18, 0xfb13, 0xfa92, 0xfa92, 0xfab2, 0xfab2, 0xfa92, 0xf313, 0xfcf8, 0xff3e, 0xffff, 
	0xffff, 0xffdf, 0xff5e, 0xfc36, 0xfab2, 0xfb33, 0xfe3b, 0xffff, 0xffff, 0xffff, 0xffff, 0xffff, 0xffff, 0xfedd, 0xfbf5, 0xf2b2, 
	0xfab2, 0xfa92, 0xfab2, 0xfad2, 0xfbb5, 0xfebc, 0xffff, 0xffff, 0xffdf, 0xff5e, 0xfbd5, 0xfad2, 0xfd39, 0xffbf, 0xffff, 0xffff, 
	0xffff, 0xfe3b, 0xf374, 0xfab2, 0xfa92, 0xfab2, 0xfa92, 0xfab2, 0xfa92, 0xfab2, 0xfab2, 0xfab2, 0xfab2, 0xf2b2, 0xfad2, 0xfab2, 
	0xfa92, 0xfab2, 0xfbb5, 0xfe9c, 0xffff, 0xffff, 0xffff, 0xff3e, 0xfbd5, 0xfad2, 0xfab2, 0xfad2, 0xfab2, 0xfab2, 0xfab2, 0xfad2, 
	0xfa92, 0xf3d5, 0xff1e, 0xffff, 0xffff, 0xffff, 0xfebc, 0xfb74, 0xfad3, 0xfcb7, 0xff9f, 0xf7ff, 0xffdf, 0xffff, 0xfefd, 0xfc56, 
	0xfad2, 0xfa92, 0xfa92, 0xfab2, 0xfad2, 0xfab2, 0xfb94, 0xfdba, 0xffdf, 0xffff, 0xffff, 0xffdf, 0xfe7c, 0xfb74, 0xfa92, 0xfab2, 
	0xfa92, 0xfa92, 0xfab2, 0xfa92, 0xfab2, 0xfcb7, 0xff7e, 0xffff, 0xffff, 0xffff, 0xfe1b, 0xfb33, 0xfa92, 0xfab2, 0xfab2, 0xfab2, 
	0xfa92, 0xfa92, 0xfaf3, 0xfc36, 0xff1e, 0xffff, 0xffff, 0xf7ff, 0xfefd, 0xfbd5, 0xfa92, 0xfa92, 0xfab2, 0xfab2, 0xfab2, 0xfab2, 
	0xfab2, 0xfab2, 0xfab2, 0xfa92, 0xfab2, 0xfab2, 0xfab2, 0xfad3, 0xfab2, 0xfab2, 0xfab2, 0xfab2, 0xfab2, 0xfab2, 0xfab2, 0xfab2, 
	0xfab2, 0xfab2, 0xeb94, 0xb67c, 0xaefd, 0xaedc, 0xaedc, 0xaedd, 0xaedc, 0xaedc, 0xaedc, 0xaedc, 0xaedc, 0xaedc, 0xaedc, 0xaedc, 
	0xaedc, 0xaedc, 0xaedc, 0xaedc, 0xaedc, 0xaedc, 0xaedc, 0xaedc, 0xaedc, 0xaedc, 0xaedc, 0xaedc, 0xaedc, 0xaedc, 0xaedc, 0xaedc, 
	0xaedc, 0xaedc, 0xaedc, 0xaedc, 0xaedc, 0xaedc, 0xaedc, 0xaedc, 0xaedc, 0xaedc, 0xaedc, 0xaedc, 0xaedc, 0xaedc, 0xaedc, 0xaedc, 
	0xaedc, 0xaedc, 0xaedc, 0xaedc, 0xaedc, 0xaedc, 0xaedc, 0xaedc, 0xaedc, 0xaedc, 0xaedc, 0xaedc, 0xaefd, 0xc579, 0xf9f1, 0xf9af, 
	0xf9b0, 0xf9b0, 0xf9b0, 0xf9b0, 0xf9b0, 0xf9b0, 0xf9b0, 0xf9b0, 0xf9f0, 0xfcf8, 0xffbf, 0xffff, 0xffff, 0xffff, 0xfe1b, 0xfad2, 
	0xf9b0, 0xf990, 0xf9d0, 0xfa51, 0xfab2, 0xfab2, 0xfab2, 0xfab2, 0xfad2, 0xfab2, 0xfad2, 0xfad2, 0xf2d2, 0xfa92, 0xfa91, 0xfc56, 
	0xff9e, 0xffff, 0xffdf, 0xffff, 0xfe9c, 0xfb94, 0xfa92, 0xfab2, 0xfab2, 0xfad3, 0xfab2, 0xfab2, 0xfa92, 0xfb74, 0xfe3b, 0xffff, 
	0xffff, 0xffdf, 0xff9f, 0xfcf8, 0xfab2, 0xfb33, 0xfe5b, 0xffdf, 0xffff, 0xffdf, 0xffdf, 0xffff, 0xffff, 0xffdf, 0xfdba, 0xf353, 
	0xfab2, 0xfa92, 0xfab2, 0xfab2, 0xfbb5, 0xfebc, 0xffff, 0xffff, 0xffff, 0xff7e, 0xfbd4, 0xfaf3, 0xfd9a, 0xffdf, 0xffff, 0xf7ff, 
	0xffff, 0xfd99, 0xfad2, 0xfab2, 0xfad2, 0xf2d2, 0xfab2, 0xfa92, 0xfab2, 0xfab2, 0xfab2, 0xfab2, 0xfab2, 0xf2d2, 0xf2d2, 0xfab2, 
	0xfab2, 0xfab2, 0xfbb4, 0xfe9c, 0xffff, 0xffff, 0xffff, 0xff5e, 0xfbf5, 0xfab2, 0xfa92, 0xf2d2, 0xfab2, 0xfab2, 0xfab2, 0xfad2, 
	0xfad2, 0xfbf5, 0xff1e, 0xffff, 0xffff, 0xffff, 0xfebc, 0xfbb5, 0xfb13, 0xfd7a, 0xffdf, 0xffff, 0xffff, 0xffff, 0xf599, 0xfaf3, 
	0xfab2, 0xfab2, 0xfab2, 0xf2b2, 0xfad2, 0xfa72, 0xfa92, 0xfc16, 0xff5e, 0xffff, 0xffff, 0xffff, 0xff1d, 0xfb94, 0xfa92, 0xfad2, 
	0xfad2, 0xfab2, 0xfad2, 0xfab2, 0xfa92, 0xfc97, 0xff7e, 0xffff, 0xffdf, 0xffff, 0xfe1b, 0xfb13, 0xfa92, 0xfab2, 0xfab2, 0xfad2, 
	0xfad2, 0xfab2, 0xfab2, 0xfc76, 0xff7e, 0xffff, 0xffff, 0xffff, 0xfe7c, 0xfb33, 0xfa92, 0xfad2, 0xfab2, 0xfab2, 0xfab2, 0xf2d2, 
	0xfab2, 0xfad2, 0xf2d2, 0xfab2, 0xfab2, 0xfab2, 0xfab2, 0xfa92, 0xfab2, 0xfab2, 0xfab2, 0xfab2, 0xfab2, 0xfab2, 0xfab2, 0xfab2, 
	0xfab2, 0xfab2, 0xeb94, 0xb67c, 0xaefd, 0xaedc, 0xaedc, 0xaedd, 0xaedc, 0xaedc, 0xaedc, 0xaedc, 0xaedc, 0xaedc, 0xaedc, 0xaedc, 
	0xaedc, 0xaedc, 0xaedc, 0xaedc, 0xaedc, 0xaedc, 0xaedc, 0xaedc, 0xaedc, 0xaedc, 0xaedc, 0xaedc, 0xaedc, 0xaedc, 0xaedc, 0xaedc, 
	0xaedc, 0xaedc, 0xaedc, 0xaedc, 0xaedc, 0xaedc, 0xaedc, 0xaedc, 0xaedc, 0xaedc, 0xaedc, 0xaedc, 0xaedc, 0xaedc, 0xaedc, 0xaedc, 
	0xaedc, 0xaedc, 0xaedc, 0xaedc, 0xaedc, 0xaedc, 0xaedc, 0xaedc, 0xaedc, 0xaedc, 0xaedc, 0xaedc, 0xaefd, 0xc579, 0xf9f1, 0xf9af, 
	0xf9b0, 0xf9b0, 0xf9b0, 0xf9b0, 0xf9b0, 0xf9b0, 0xf9b0, 0xf9b0, 0xfa11, 0xfdfb, 0xffff, 0xffff, 0xf7de, 0xff9f, 0xfc97, 0xf9b0, 
	0xf9d0, 0xf98f, 0xf9b0, 0xfa31, 0xfab2, 0xfab2, 0xfab2, 0xfab2, 0xf2d2, 0xfab2, 0xfab2, 0xfa92, 0xfab2, 0xfa92, 0xfab2, 0xfcd7, 
	0xff9f, 0xffff, 0xffff, 0xffff, 0xfdfa, 0xfb33, 0xf2d2, 0xfab2, 0xfab2, 0xfab2, 0xfa71, 0xfad3, 0xfad3, 0xfad2, 0xfd99, 0xffff, 
	0xffdf, 0xffff, 0xffbf, 0xfd79, 0xfad2, 0xfb34, 0xf65b, 0xffff, 0xf7ff, 0xffff, 0xffff, 0xffff, 0xffff, 0xffff, 0xff3e, 0xfc57, 
	0xfad2, 0xfab2, 0xfab2, 0xfab2, 0xfbb5, 0xfebc, 0xffff, 0xffff, 0xffff, 0xff3d, 0xfbd5, 0xfad2, 0xfd79, 0xffdf, 0xffff, 0xffff, 
	0xf7be, 0xfd79, 0xfad2, 0xfab3, 0xfab2, 0xfab2, 0xfab2, 0xf2d2, 0xfab2, 0xfad2, 0xfad2, 0xfa92, 0xfa92, 0xfab2, 0xfa92, 0xfa92, 
	0xfab2, 0xf2d2, 0xfbb4, 0xfebc, 0xffff, 0xffff, 0xf7ff, 0xff5e, 0xfbd5, 0xfa92, 0xfa92, 0xfad2, 0xfab2, 0xfa92, 0xfa92, 0xfab2, 
	0xfa92, 0xfc16, 0xfefd, 0xffff, 0xffff, 0xffff, 0xfedc, 0xfb94, 0xfb13, 0xfdfb, 0xffbf, 0xffff, 0xffff, 0xffbf, 0xf4d7, 0xfad2, 
	0xf2d2, 0xf2b2, 0xfab2, 0xfa92, 0xfad2, 0xfab2, 0xfad2, 0xfbb4, 0xfe7c, 0xffff, 0xffff, 0xffff, 0xff5e, 0xfbf5, 0xfab2, 0xf2b2, 
	0xfab2, 0xfab2, 0xf2d2, 0xfad3, 0xfab2, 0xfcb7, 0xff9e, 0xffff, 0xffff, 0xffff, 0xfe3b, 0xfb33, 0xfab2, 0xfab2, 0xfa92, 0xfab2, 
	0xfa92, 0xfad2, 0xf2d2, 0xfc97, 0xff5e, 0xf7ff, 0xffff, 0xffff, 0xfe7c, 0xfb13, 0xfab2, 0xf2f2, 0xfab2, 0xfab2, 0xfa92, 0xfab2, 
	0xfab2, 0xfab2, 0xfab2, 0xfab3, 0xfab2, 0xfab2, 0xfad2, 0xfad2, 0xfab2, 0xfab2, 0xfab2, 0xfab2, 0xfab2, 0xfab2, 0xfab2, 0xfab2, 
	0xfab2, 0xfab2, 0xeb94, 0xb67c, 0xaefd, 0xaedc, 0xaedc, 0xaedd, 0xaedc, 0xaedc, 0xaedc, 0xaedc, 0xaedc, 0xaedc, 0xaedc, 0xaedc, 
	0xaedc, 0xaedc, 0xaedc, 0xaedc, 0xaedc, 0xaedc, 0xaedc, 0xaedc, 0xaedc, 0xaedc, 0xaedc, 0xaedc, 0xaedc, 0xaedc, 0xaedc, 0xaedc, 
	0xaedc, 0xaedc, 0xaedc, 0xaedc, 0xaedc, 0xaedc, 0xaedc, 0xaedc, 0xaedc, 0xaedc, 0xaedc, 0xaedc, 0xaedc, 0xaedc, 0xaedc, 0xaedc, 
	0xaedc, 0xaedc, 0xaedc, 0xaedc, 0xaedc, 0xaedc, 0xaedc, 0xaedc, 0xaedc, 0xaedc, 0xaedc, 0xaedc, 0xaefd, 0xc579, 0xf9f1, 0xf9af, 
	0xf9b0, 0xf9b0, 0xf9b0, 0xf9b0, 0xf9b0, 0xf9b0, 0xf9b0, 0xf9b0, 0xfa71, 0xfe5b, 0xffff, 0xffff, 0xffff, 0xff3d, 0xfb54, 0xf9d0, 
	0xf9b0, 0xf98f, 0xf9b0, 0xfa51, 0xfab2, 0xfab2, 0xfab2, 0xfab2, 0xfab2, 0xfad2, 0xfab2, 0xfab2, 0xfab2, 0xfab2, 0xfab2, 0xfcb7, 
	0xffdf, 0xffff, 0xffff, 0xffdf, 0xfdfa, 0xfb33, 0xfab2, 0xfab2, 0xfab2, 0xfab2, 0xfab2, 0xfab2, 0xfab2, 0xfaf3, 0xfd99, 0xffbf, 
	0xffff, 0xffff, 0xffdf, 0xfd79, 0xfab3, 0xfb34, 0xfe3b, 0xffff, 0xffff, 0xffff, 0xffff, 0xffdf, 0xffff, 0xffff, 0xffff, 0xfe5b, 
	0xfb74, 0xfad2, 0xfa92, 0xfad2, 0xf3b4, 0xfedd, 0xffff, 0xffff, 0xffff, 0xff3e, 0xfbd5, 0xfad2, 0xfd99, 0xffdf, 0xffff, 0xffff, 
	0xf7be, 0xfd99, 0xfad2, 0xfad2, 0xfab2, 0xfab2, 0xfab2, 0xfab2, 0xfab2, 0xfab2, 0xfa92, 0xfab2, 0xfab2, 0xfa92, 0xfab2, 0xf2d2, 
	0xfab2, 0xfab2, 0xfb94, 0xfe9c, 0xffff, 0xffff, 0xffff, 0xff5e, 0xfbb5, 0xfab2, 0xfa92, 0xfad2, 0xfad2, 0xfab2, 0xfa92, 0xfad2, 
	0xfab2, 0xf3d5, 0xff3e, 0xffff, 0xffff, 0xffff, 0xfe9c, 0xfbb5, 0xfb13, 0xfdfa, 0xffff, 0xffff, 0xffff, 0xffbf, 0xfcd8, 0xfab2, 
	0xfab2, 0xfab2, 0xfab2, 0xfab2, 0xfab2, 0xfab2, 0xfab2, 0xfb74, 0xfe7c, 0xffff, 0xffff, 0xffff, 0xff7e, 0xfbf5, 0xfab2, 0xfab2, 
	0xfab2, 0xfab2, 0xfab2, 0xfab2, 0xfab2, 0xfcb7, 0xff9e, 0xffff, 0xffff, 0xffff, 0xfe3b, 0xfb33, 0xfad2, 0xfab2, 0xfab2, 0xfab2, 
	0xfa92, 0xfad2, 0xfad2, 0xfc76, 0xff5e, 0xffff, 0xffff, 0xffff, 0xf69c, 0xfb13, 0xfa92, 0xf2f2, 0xfab2, 0xfab2, 0xfa92, 0xfad3, 
	0xfab2, 0xfa92, 0xfab3, 0xfab3, 0xfa92, 0xfad2, 0xfad2, 0xfa92, 0xfab2, 0xfab2, 0xfab2, 0xfab2, 0xfab2, 0xfab2, 0xfab2, 0xfab2, 
	0xfab2, 0xfab2, 0xeb94, 0xb67c, 0xaefd, 0xaedc, 0xaedc, 0xaedd, 0xaedc, 0xaedc, 0xaedc, 0xaedc, 0xaedc, 0xaedc, 0xaedc, 0xaedc, 
	0xaedc, 0xaedc, 0xaedc, 0xaedc, 0xaedc, 0xaedc, 0xaedc, 0xaedc, 0xaedc, 0xaedc, 0xaedc, 0xaedc, 0xaedc, 0xaedc, 0xaedc, 0xaedc, 
	0xaedc, 0xaedc, 0xaedc, 0xaedc, 0xaedc, 0xaedc, 0xaedc, 0xaedc, 0xaedc, 0xaedc, 0xaedc, 0xaedc, 0xaedc, 0xaedc, 0xaedc, 0xaedc, 
	0xaedc, 0xaedc, 0xaedc, 0xaedc, 0xaedc, 0xaedc, 0xaedc, 0xaedc, 0xaedc, 0xaedc, 0xaedc, 0xaedc, 0xaefd, 0xc579, 0xf9f1, 0xf9af, 
	0xf9b0, 0xf9b0, 0xf9b0, 0xf9b0, 0xf9b0, 0xf9b0, 0xf9b0, 0xf9b0, 0xfa92, 0xfe7c, 0xffff, 0xffff, 0xffff, 0xff1d, 0xfb33, 0xf9b0, 
	0xf9b0, 0xf98f, 0xf9b0, 0xfa51, 0xfab2, 0xfab2, 0xfab2, 0xfab2, 0xfab2, 0xfad2, 0xfab2, 0xfab2, 0xfab2, 0xfab2, 0xfab2, 0xfcb7, 
	0xffdf, 0xffff, 0xffff, 0xffdf, 0xfdfa, 0xfb33, 0xfab2, 0xfab2, 0xfab2, 0xfab2, 0xfab2, 0xfab2, 0xfab2, 0xfaf3, 0xfd99, 0xffbf, 
	0xffff, 0xffff, 0xffdf, 0xfd79, 0xfab3, 0xfb34, 0xfe3b, 0xffff, 0xffff, 0xffff, 0xffff, 0xffff, 0xffff, 0xffff, 0xffff, 0xff5e, 
	0xfcf8, 0xf2d2, 0xfab2, 0xfad2, 0xfbb5, 0xfebd, 0xffff, 0xffff, 0xffff, 0xff3e, 0xfbd5, 0xfad2, 0xfd99, 0xffdf, 0xffff, 0xffff, 
	0xffbf, 0xfd59, 0xfab2, 0xfad2, 0xfa92, 0xfa92, 0xfab2, 0xfad2, 0xfab2, 0xfa92, 0xfa92, 0xfad2, 0xfaf2, 0xfab2, 0xfab2, 0xfa92, 
	0xfab2, 0xfab2, 0xfbb5, 0xfe9c, 0xffff, 0xffff, 0xffff, 0xff5e, 0xfbd5, 0xf2d2, 0xfa92, 0xfad2, 0xf2d2, 0xfab2, 0xfa92, 0xf2d2, 
	0xfad3, 0xfbd5, 0xfefd, 0xffff, 0xffff, 0xffff, 0xfedc, 0xf394, 0xfb34, 0xfe1b, 0xffff, 0xffff, 0xffff, 0xffbf, 0xfcd7, 0xfab2, 
	0xfab2, 0xfab2, 0xfa92, 0xfab2, 0xfab2, 0xfab2, 0xfab2, 0xfb94, 0xfe7c, 0xffff, 0xffff, 0xffff, 0xff7e, 0xfc15, 0xfad2, 0xfab2, 
	0xfab2, 0xfab2, 0xfab2, 0xfab2, 0xfab2, 0xfcb7, 0xff9e, 0xffff, 0xffff, 0xffff, 0xfe3b, 0xfb33, 0xfad2, 0xfab2, 0xfab2, 0xfab2, 
	0xfad3, 0xfa92, 0xfab2, 0xfc76, 0xff5e, 0xf7ff, 0xffff, 0xf7ff, 0xfe9c, 0xfb54, 0xfa91, 0xf2d2, 0xfad2, 0xfab2, 0xfa92, 0xfab2, 
	0xfa92, 0xfab2, 0xf2b2, 0xf2b2, 0xfab2, 0xfa92, 0xfab2, 0xfaf3, 0xfab2, 0xfab2, 0xfab2, 0xfab2, 0xfab2, 0xfab2, 0xfab2, 0xfab2, 
	0xfab2, 0xfab2, 0xeb94, 0xb67c, 0xaefd, 0xaedc, 0xaedc, 0xaedd, 0xaedc, 0xaedc, 0xaedc, 0xaedc, 0xaedc, 0xaedc, 0xaedc, 0xaedc, 
	0xaedc, 0xaedc, 0xaedc, 0xaedc, 0xaedc, 0xaedc, 0xaedc, 0xaedc, 0xaedc, 0xaedc, 0xaedc, 0xaedc, 0xaedc, 0xaedc, 0xaedc, 0xaedc, 
	0xaedc, 0xaedc, 0xaedc, 0xaedc, 0xaedc, 0xaedc, 0xaedc, 0xaedc, 0xaedc, 0xaedc, 0xaedc, 0xaedc, 0xaedc, 0xaedc, 0xaedc, 0xaedc, 
	0xaedc, 0xaedc, 0xaedc, 0xaedc, 0xaedc, 0xaedc, 0xaedc, 0xaedc, 0xaedc, 0xaedc, 0xaedc, 0xaedc, 0xaefd, 0xc579, 0xf9f1, 0xf9af, 
	0xf9b0, 0xf9b0, 0xf9b0, 0xf9b0, 0xf9b0, 0xf9b0, 0xf9b0, 0xf9b0, 0xfab2, 0xfe9c, 0xffff, 0xffff, 0xffff, 0xff1d, 0xfb33, 0xf9af, 
	0xf9b0, 0xf98f, 0xf9b0, 0xfa51, 0xfab2, 0xfab2, 0xfab2, 0xfab2, 0xfab2, 0xfad2, 0xfab2, 0xfab2, 0xfab2, 0xfab2, 0xfab2, 0xfcb7, 
	0xffdf, 0xffff, 0xffff, 0xffdf, 0xfdfa, 0xfb33, 0xfab2, 0xfab2, 0xfab2, 0xfab2, 0xfab2, 0xfab2, 0xfab2, 0xfaf3, 0xfd99, 0xffbf, 
	0xffff, 0xffff, 0xffdf, 0xfd79, 0xfab3, 0xfb34, 0xfe3b, 0xffff, 0xffff, 0xffff, 0xffdf, 0xffbf, 0xffff, 0xffff, 0xffff, 0xffff, 
	0xfe9d, 0xf3b4, 0xfab2, 0xfad2, 0xfbd5, 0xfe9c, 0xffff, 0xffff, 0xffff, 0xff3e, 0xfbd5, 0xfad2, 0xfd99, 0xffdf, 0xffff, 0xffff, 
	0xffdf, 0xfd79, 0xfaf2, 0xfad2, 0xfa92, 0xfb13, 0xfbf5, 0xfcb7, 0xf4f7, 0xfcf8, 0xfcd8, 0xfcd8, 0xf4f7, 0xfcd7, 0xfc36, 0xfb33, 
	0xfad2, 0xfa92, 0xfbb5, 0xfe9c, 0xffff, 0xffdf, 0xffff, 0xff5e, 0xfbd5, 0xfaf3, 0xfad2, 0xfaf3, 0xfaf2, 0xfad3, 0xfad2, 0xfaf2, 
	0xfaf2, 0xfc56, 0xff3d, 0xf7ff, 0xffff, 0xffff, 0xfedc, 0xfb54, 0xfb13, 0xfdda, 0xffff, 0xffff, 0xffff, 0xffdf, 0xfcd8, 0xfad2, 
	0xfab2, 0xfad2, 0xfab2, 0xfad2, 0xfab2, 0xfab2, 0xfab2, 0xfb74, 0xfe7c, 0xffff, 0xffff, 0xffff, 0xff7e, 0xfbf5, 0xfad2, 0xfab2, 
	0xfab2, 0xfab2, 0xfab2, 0xfab2, 0xfab2, 0xfcb7, 0xff9e, 0xffff, 0xffff, 0xffff, 0xfe3b, 0xfb33, 0xfad2, 0xfab2, 0xfab2, 0xfab2, 
	0xfad3, 0xfa92, 0xfa92, 0xfc15, 0xff1d, 0xf7ff, 0xffff, 0xffff, 0xfefd, 0xfc76, 0xfb13, 0xfad2, 0xfab2, 0xfab2, 0xfab2, 0xfad2, 
	0xfaf3, 0xfaf3, 0xfab2, 0xfa92, 0xfad3, 0xfad2, 0xfa92, 0xfab2, 0xfab2, 0xfab2, 0xfab2, 0xfab2, 0xfab2, 0xfab2, 0xfab2, 0xfab2, 
	0xfab2, 0xfab2, 0xeb94, 0xb67c, 0xaefd, 0xaedc, 0xaedc, 0xaedd, 0xaedc, 0xaedc, 0xaedc, 0xaedc, 0xaedc, 0xaedc, 0xaedc, 0xaedc, 
	0xaedc, 0xaedc, 0xaedc, 0xaedc, 0xaedc, 0xaedc, 0xaedc, 0xaedc, 0xaedc, 0xaedc, 0xaedc, 0xaedc, 0xaedc, 0xaedc, 0xaedc, 0xaedc, 
	0xaedc, 0xaedc, 0xaedc, 0xaedc, 0xaedc, 0xaedc, 0xaedc, 0xaedc, 0xaedc, 0xaedc, 0xaedc, 0xaedc, 0xaedc, 0xaedc, 0xaedc, 0xaedc, 
	0xaedc, 0xaedc, 0xaedc, 0xaedc, 0xaedc, 0xaedc, 0xaedc, 0xaedc, 0xaedc, 0xaedc, 0xaedc, 0xaedc, 0xaefd, 0xc579, 0xf9f1, 0xf9af, 
	0xf9b0, 0xf9b0, 0xf9b0, 0xf9b0, 0xf9b0, 0xf9b0, 0xf9b0, 0xf9b0, 0xfab2, 0xfe7c, 0xffff, 0xffff, 0xffff, 0xff1d, 0xfb33, 0xf9b0, 
	0xf9b0, 0xf98f, 0xf9b0, 0xfa51, 0xfab2, 0xfab2, 0xfab2, 0xfab2, 0xfab2, 0xfad2, 0xfab2, 0xfab2, 0xfab2, 0xfab2, 0xfab2, 0xfcb7, 
	0xffdf, 0xffff, 0xffff, 0xffdf, 0xfdfa, 0xfb33, 0xfab2, 0xfab2, 0xfab2, 0xfab2, 0xfab2, 0xfab2, 0xfab2, 0xfaf3, 0xfd99, 0xffbf, 
	0xffff, 0xffff, 0xffdf, 0xfd79, 0xfab3, 0xfb34, 0xfe3b, 0xffff, 0xffff, 0xffff, 0xffdf, 0xfe7c, 0xff5e, 0xffff, 0xffff, 0xf7ff, 
	0xffbf, 0xfd79, 0xf313, 0xfab2, 0xfbb5, 0xfebc, 0xffff, 0xf7ff, 0xffff, 0xff3e, 0xfbd5, 0xfad2, 0xfd99, 0xffdf, 0xffff, 0xffff, 
	0xffbf, 0xfd99, 0xfaf3, 0xfa92, 0xfad2, 0xfcb7, 0xfebc, 0xff9e, 0xff9f, 0xffbf, 0xff9f, 0xff9f, 0xff9f, 0xff9f, 0xfefd, 0xfd99, 
	0xfb54, 0xfa92, 0xfbb5, 0xfe9c, 0xffff, 0xffff, 0xffff, 0xff9e, 0xfd99, 0xfcf7, 0xfcd7, 0xfcf8, 0xfcf8, 0xfcf8, 0xfcd7, 0xfcf7, 
	0xfd18, 0xfe5b, 0xffff, 0xffff, 0xffff, 0xffff, 0xfe5b, 0xfaf3, 0xfb13, 0xfdfa, 0xffff, 0xffff, 0xffff, 0xffbf, 0xfcb7, 0xfa92, 
	0xfab2, 0xfab2, 0xfab2, 0xfab2, 0xfab2, 0xfa92, 0xfab2, 0xfb74, 0xfe7c, 0xffff, 0xffff, 0xffff, 0xff7e, 0xfbf5, 0xfab2, 0xfab2, 
	0xfab2, 0xfab2, 0xfab2, 0xfab2, 0xfab2, 0xfcb7, 0xff9e, 0xffff, 0xffff, 0xffff, 0xfe3b, 0xfb33, 0xfad2, 0xfab2, 0xfab2, 0xfab2, 
	0xfa92, 0xfad2, 0xfa92, 0xfb74, 0xfe9c, 0xffff, 0xffdf, 0xffdf, 0xf7ff, 0xfedc, 0xfd99, 0xfcf8, 0xfcd8, 0xfcf8, 0xfd18, 0xfcf7, 
	0xfcb7, 0xfc56, 0xfbd5, 0xfb33, 0xfab2, 0xfab2, 0xfad3, 0xfad2, 0xfab2, 0xfab2, 0xfab2, 0xfab2, 0xfab2, 0xfab2, 0xfab2, 0xfab2, 
	0xfab2, 0xfab2, 0xeb94, 0xb67c, 0xaefd, 0xaedc, 0xaedc, 0xaedd, 0xaedc, 0xaedc, 0xaedc, 0xaedc, 0xaedc, 0xaedc, 0xaedc, 0xaedc, 
	0xaedc, 0xaedc, 0xaedc, 0xaedc, 0xaedc, 0xaedc, 0xaedc, 0xaedc, 0xaedc, 0xaedc, 0xaedc, 0xaedc, 0xaedc, 0xaedc, 0xaedc, 0xaedc, 
	0xaedc, 0xaedc, 0xaedc, 0xaedc, 0xaedc, 0xaedc, 0xaedc, 0xaedc, 0xaedc, 0xaedc, 0xaedc, 0xaedc, 0xaedc, 0xaedc, 0xaedc, 0xaedc, 
	0xaedc, 0xaedc, 0xaedc, 0xaedc, 0xaedc, 0xaedc, 0xaedc, 0xaedc, 0xaedc, 0xaedc, 0xaedc, 0xaedc, 0xaefd, 0xc579, 0xf9f1, 0xf9af, 
	0xf9b0, 0xf9b0, 0xf9b0, 0xf9b0, 0xf9b0, 0xf9b0, 0xf9b0, 0xf9b0, 0xfab2, 0xfe7c, 0xffff, 0xffff, 0xffff, 0xff1d, 0xfb33, 0xf9b0, 
	0xf9b0, 0xf98f, 0xf9b0, 0xfa51, 0xfab2, 0xfab2, 0xfab2, 0xfab2, 0xfab2, 0xfad2, 0xfab2, 0xfab2, 0xfab2, 0xfab2, 0xfab2, 0xfcb7, 
	0xffdf, 0xffff, 0xffff, 0xffdf, 0xfdfa, 0xfb33, 0xfab2, 0xfab2, 0xfab2, 0xfab2, 0xfab2, 0xfab2, 0xfab2, 0xfaf3, 0xfd99, 0xffbf, 
	0xffff, 0xffff, 0xffdf, 0xfd79, 0xfab3, 0xfb34, 0xfe3b, 0xffff, 0xffff, 0xffff, 0xffbf, 0xfd18, 0xfdfa, 0xffdf, 0xffff, 0xffff, 
	0xffff, 0xff1d, 0xfc56, 0xfa92, 0xfb94, 0xfedc, 0xffff, 0xffff, 0xffff, 0xff3e, 0xfbd5, 0xfad2, 0xfd99, 0xffdf, 0xffff, 0xffff, 
	0xff9f, 0xfd99, 0xfaf2, 0xfa92, 0xfb74, 0xfe1b, 0xffff, 0xffff, 0xffff, 0xffff, 0xf7ff, 0xffff, 0xffff, 0xffff, 0xffff, 0xff5d, 
	0xfc16, 0xfab2, 0xfbb4, 0xfebc, 0xffff, 0xffff, 0xffff, 0xffdf, 0xffdf, 0xff9e, 0xff9e, 0xff9e, 0xff9e, 0xff9e, 0xff9e, 0xff9e, 
	0xffbf, 0xffff, 0xffff, 0xffdf, 0xffff, 0xffbf, 0xfd59, 0xfaf2, 0xfb34, 0xfdfa, 0xffff, 0xffff, 0xffff, 0xffbf, 0xfcb8, 0xfab2, 
	0xfab2, 0xfad2, 0xfab2, 0xfab2, 0xfab2, 0xfab2, 0xfab2, 0xfb74, 0xfe7c, 0xffff, 0xffff, 0xffff, 0xff7e, 0xfbf5, 0xfab2, 0xfab2, 
	0xfab2, 0xfab2, 0xfab2, 0xfab2, 0xfab2, 0xfcb7, 0xff9e, 0xffff, 0xffff, 0xffff, 0xfe3b, 0xfb33, 0xfad2, 0xfab2, 0xfab2, 0xfab2, 
	0xfab2, 0xfad2, 0xfab2, 0xfaf2, 0xfd79, 0xffbf, 0xffff, 0xffdf, 0xffff, 0xffff, 0xff9e, 0xff7e, 0xff9e, 0xffbe, 0xff9e, 0xff7e, 
	0xffbf, 0xff5e, 0xfefd, 0xfdda, 0xfc16, 0xfad2, 0xfab2, 0xf2d2, 0xfab2, 0xfab2, 0xfab2, 0xfab2, 0xfab2, 0xfab2, 0xfab2, 0xfab2, 
	0xfab2, 0xfab2, 0xeb94, 0xb67c, 0xaefd, 0xaedc, 0xaedc, 0xaedd, 0xaedc, 0xaedc, 0xaedc, 0xaedc, 0xaedc, 0xaedc, 0xaedc, 0xaedc, 
	0xaedc, 0xaedc, 0xaedc, 0xaedc, 0xaedc, 0xaedc, 0xaedc, 0xaedc, 0xaedc, 0xaedc, 0xaedc, 0xaedc, 0xaedc, 0xaedc, 0xaedc, 0xaedc, 
	0xaedc, 0xaedc, 0xaedc, 0xaedc, 0xaedc, 0xaedc, 0xaedc, 0xaedc, 0xaedc, 0xaedc, 0xaedc, 0xaedc, 0xaedc, 0xaedc, 0xaedc, 0xaedc, 
	0xaedc, 0xaedc, 0xaedc, 0xaedc, 0xaedc, 0xaedc, 0xaedc, 0xaedc, 0xaedc, 0xaedc, 0xaedc, 0xaedc, 0xaefd, 0xc579, 0xf9f1, 0xf9af, 
	0xf9b0, 0xf9b0, 0xf9b0, 0xf9b0, 0xf9b0, 0xf9b0, 0xf9b0, 0xf9b0, 0xfab2, 0xfe7c, 0xffff, 0xffff, 0xffff, 0xff1d, 0xfb33, 0xf9b0, 
	0xf9b0, 0xf98f, 0xf9b0, 0xfa51, 0xfab2, 0xfab2, 0xfab2, 0xfab2, 0xfab2, 0xfad2, 0xfab2, 0xfab2, 0xfab2, 0xfab2, 0xfab2, 0xfcb7, 
	0xffdf, 0xffff, 0xffff, 0xffdf, 0xfdfa, 0xfb33, 0xfab2, 0xfab2, 0xfab2, 0xfab2, 0xfab2, 0xfab2, 0xfab2, 0xfaf3, 0xfd99, 0xffbf, 
	0xffff, 0xffff, 0xffdf, 0xfd79, 0xfab3, 0xfb34, 0xfe3b, 0xffff, 0xffff, 0xffff, 0xff9e, 0xfc77, 0xf436, 0xfefd, 0xffdf, 0xffff, 
	0xffff, 0xffdf, 0xfe1b, 0xf333, 0xfbb4, 0xfedc, 0xffdf, 0xffff, 0xffff, 0xff3e, 0xfbd5, 0xfad2, 0xfd99, 0xffdf, 0xffff, 0xffff, 
	0xffbf, 0xf5b9, 0xfaf2, 0xfab2, 0xfb94, 0xfe5c, 0xffff, 0xffff, 0xffff, 0xffff, 0xffff, 0xffff, 0xffff, 0xffff, 0xffff, 0xffbf, 
	0xfc97, 0xfab2, 0xfbb4, 0xfebc, 0xffff, 0xffff, 0xffff, 0xffff, 0xffff, 0xffff, 0xffff, 0xffff, 0xffff, 0xffff, 0xffff, 0xffff, 
	0xffff, 0xffff, 0xffff, 0xffff, 0xffff, 0xfe9c, 0xfbf5, 0xf2d2, 0xfb33, 0xfdda, 0xffdf, 0xffff, 0xffff, 0xff9f, 0xfcb7, 0xfab2, 
	0xfab2, 0xfad2, 0xfab2, 0xfad2, 0xfab2, 0xfab2, 0xfab2, 0xfb74, 0xfe7c, 0xffff, 0xffff, 0xffff, 0xff7e, 0xfc15, 0xfab2, 0xfab2, 
	0xfab2, 0xfab2, 0xfab2, 0xfab2, 0xfab2, 0xfcb7, 0xff9e, 0xffff, 0xffff, 0xffff, 0xfe3b, 0xfb33, 0xfad2, 0xfab2, 0xfab2, 0xfab2, 
	0xfad2, 0xfa92, 0xfab2, 0xfad2, 0xfbb5, 0xfe5c, 0xf7ff, 0xffff, 0xffdf, 0xffff, 0xffff, 0xffff, 0xffff, 0xffff, 0xffff, 0xffff, 
	0xefff, 0xffff, 0xffff, 0xffdf, 0xfe9c, 0xfc77, 0xfaf3, 0xf2b2, 0xfab2, 0xfab2, 0xfab2, 0xfab2, 0xfab2, 0xfab2, 0xfab2, 0xfab2, 
	0xfab2, 0xfab2, 0xeb94, 0xb67c, 0xaefd, 0xaedc, 0xaedc, 0xaedd, 0xaedc, 0xaedc, 0xaedc, 0xaedc, 0xaedc, 0xaedc, 0xaedc, 0xaedc, 
	0xaedc, 0xaedc, 0xaedc, 0xaedc, 0xaedc, 0xaedc, 0xaedc, 0xaedc, 0xaedc, 0xaedc, 0xaedc, 0xaedc, 0xaedc, 0xaedc, 0xaedc, 0xaedc, 
	0xaedc, 0xaedc, 0xaedc, 0xaedc, 0xaedc, 0xaedc, 0xaedc, 0xaedc, 0xaedc, 0xaedc, 0xaedc, 0xaedc, 0xaedc, 0xaedc, 0xaedc, 0xaedc, 
	0xaedc, 0xaedc, 0xaedc, 0xaedc, 0xaedc, 0xaedc, 0xaedc, 0xaedc, 0xaedc, 0xaedc, 0xaedc, 0xaedc, 0xaefd, 0xc579, 0xf9f1, 0xf9af, 
	0xf9b0, 0xf9b0, 0xf9b0, 0xf9b0, 0xf9b0, 0xf9b0, 0xf9b0, 0xf9b0, 0xfab2, 0xfe7c, 0xffff, 0xffff, 0xffff, 0xff1d, 0xfb33, 0xf9af, 
	0xf9b0, 0xf98f, 0xf9b0, 0xfa51, 0xfab2, 0xfab2, 0xfab2, 0xfab2, 0xfab2, 0xfad2, 0xfab2, 0xfab2, 0xfab2, 0xfab2, 0xfab2, 0xfcb7, 
	0xffdf, 0xffff, 0xffff, 0xffdf, 0xfdfa, 0xfb33, 0xfab2, 0xfab2, 0xfab2, 0xfab2, 0xfab2, 0xfab2, 0xfab2, 0xfaf3, 0xfd99, 0xffbf, 
	0xffff, 0xffff, 0xffdf, 0xfd79, 0xfab3, 0xfb34, 0xfe3b, 0xffff, 0xffff, 0xffff, 0xff9f, 0xfc57, 0xfb13, 0xfd59, 0xff5e, 0xffff, 
	0xffff, 0xffff, 0xff5e, 0xf4b7, 0xfbf5, 0xfebc, 0xffff, 0xffff, 0xffff, 0xff3e, 0xfbd5, 0xfad2, 0xfd99, 0xffdf, 0xffff, 0xffff, 
	0xffbf, 0xfd79, 0xfab2, 0xfa92, 0xfb13, 0xfd59, 0xff5e, 0xffff, 0xffbe, 0xffdf, 0xffdf, 0xffff, 0xffff, 0xffff, 0xffff, 0xff9e, 
	0xfcb7, 0xfa92, 0xfbb4, 0xfebc, 0xffff, 0xffff, 0xffff, 0xffff, 0xffff, 0xffff, 0xffff, 0xffff, 0xffff, 0xffff, 0xffff, 0xffff, 
	0xffdf, 0xffff, 0xffff, 0xffdf, 0xfefd, 0xfcb7, 0xfaf3, 0xfa92, 0xfb33, 0xfdfa, 0xffff, 0xffff, 0xffff, 0xffbf, 0xf4d7, 0xf2f2, 
	0xfab2, 0xfad2, 0xfab2, 0xfad2, 0xf2d2, 0xfab2, 0xfab2, 0xfb74, 0xfe9c, 0xffff, 0xffff, 0xffff, 0xff7e, 0xfc16, 0xfab2, 0xfab2, 
	0xfab2, 0xfab2, 0xfab2, 0xfab2, 0xfab2, 0xfcb7, 0xff9e, 0xffff, 0xffff, 0xffff, 0xfe3b, 0xfb33, 0xfad2, 0xfab2, 0xfab2, 0xfab2, 
	0xfad2, 0xfa92, 0xfad2, 0xfab2, 0xfad2, 0xfc56, 0xfe7c, 0xffbf, 0xffff, 0xffff, 0xffff, 0xffff, 0xffdf, 0xffff, 0xf7ff, 0xffff, 
	0xffff, 0xffdf, 0xffdf, 0xffff, 0xffff, 0xfe9c, 0xfc76, 0xfad2, 0xfab2, 0xfab2, 0xfab2, 0xfab2, 0xfab2, 0xfab2, 0xfab2, 0xfab2, 
	0xfab2, 0xfab2, 0xeb94, 0xb67c, 0xaefd, 0xaedc, 0xaedc, 0xaedd, 0xaedc, 0xaedc, 0xaedc, 0xaedc, 0xaedc, 0xaedc, 0xaedc, 0xaedc, 
	0xaedc, 0xaedc, 0xaedc, 0xaedc, 0xaedc, 0xaedc, 0xaedc, 0xaedc, 0xaedc, 0xaedc, 0xaedc, 0xaedc, 0xaedc, 0xaedc, 0xaedc, 0xaedc, 
	0xaedc, 0xaedc, 0xaedc, 0xaedc, 0xaedc, 0xaedc, 0xaedc, 0xaedc, 0xaedc, 0xaedc, 0xaedc, 0xaedc, 0xaedc, 0xaedc, 0xaedc, 0xaedc, 
	0xaedc, 0xaedc, 0xaedc, 0xaedc, 0xaedc, 0xaedc, 0xaedc, 0xaedc, 0xaedc, 0xaedc, 0xaedc, 0xaedc, 0xaefd, 0xc579, 0xf9f1, 0xf9af, 
	0xf9b0, 0xf9b0, 0xf9b0, 0xf9b0, 0xf9b0, 0xf9b0, 0xf9b0, 0xf9b0, 0xfab2, 0xfe7c, 0xffff, 0xffff, 0xffff, 0xff1d, 0xfb33, 0xf9b0, 
	0xf9b0, 0xf98f, 0xf9b0, 0xfa51, 0xfab2, 0xfab2, 0xfab2, 0xfab2, 0xfab2, 0xfad2, 0xfab2, 0xfab2, 0xfab2, 0xfab2, 0xfab2, 0xfcb7, 
	0xffdf, 0xffff, 0xffff, 0xffdf, 0xfdfa, 0xfb33, 0xfab2, 0xfab2, 0xfab2, 0xfab2, 0xfab2, 0xfab2, 0xfab2, 0xfaf3, 0xfd99, 0xffbf, 
	0xffff, 0xffff, 0xffdf, 0xfd79, 0xfab3, 0xfb34, 0xfe3b, 0xffff, 0xffff, 0xffff, 0xff9f, 0xfc77, 0xfa92, 0xf3f5, 0xfedc, 0xffff, 
	0xffff, 0xffff, 0xffff, 0xfe5c, 0xfc56, 0xfe9c, 0xffff, 0xffff, 0xffff, 0xff3e, 0xfbd5, 0xfad2, 0xfd99, 0xffdf, 0xffff, 0xffff, 
	0xffdf, 0xfd79, 0xfaf2, 0xfad2, 0xfa92, 0xfb74, 0xfcd7, 0xfdba, 0xfe1a, 0xfdfa, 0xfe3a, 0xff3d, 0xffff, 0xffff, 0xffff, 0xffdf, 
	0xfcb7, 0xfa72, 0xfbb5, 0xfebc, 0xffff, 0xffff, 0xffff, 0xffff, 0xffff, 0xffff, 0xffff, 0xffff, 0xffff, 0xffff, 0xffff, 0xffff, 
	0xffff, 0xffff, 0xff7e, 0xfe7c, 0xfcb7, 0xf2f2, 0xfa92, 0xfab2, 0xfb33, 0xfdda, 0xffff, 0xffff, 0xffff, 0xffff, 0xfd9a, 0xfbf6, 
	0xfc16, 0xfc16, 0xfc16, 0xfc16, 0xfc15, 0xfbf6, 0xfc16, 0xfcd8, 0xfebc, 0xffff, 0xffff, 0xffff, 0xff7e, 0xfc15, 0xfab2, 0xfab2, 
	0xfab2, 0xfab2, 0xfab2, 0xfab2, 0xfab2, 0xfcb7, 0xff9e, 0xffff, 0xffff, 0xffff, 0xfe3b, 0xfb33, 0xfad2, 0xfab2, 0xfab2, 0xfab2, 
	0xfa92, 0xfad2, 0xfab2, 0xfab2, 0xfad2, 0xfab2, 0xfbf5, 0xfe1a, 0xff5e, 0xffbf, 0xffff, 0xffff, 0xffff, 0xffff, 0xf7ff, 0xffff, 
	0xffff, 0xffff, 0xffff, 0xffff, 0xffff, 0xffff, 0xfdfb, 0xfb33, 0xfab2, 0xfab2, 0xfab2, 0xfab2, 0xfab2, 0xfab2, 0xfab2, 0xfab2, 
	0xfab2, 0xfab2, 0xeb94, 0xb67c, 0xaefd, 0xaedc, 0xaedc, 0xaedd, 0xaedc, 0xaedc, 0xaedc, 0xaedc, 0xaedc, 0xaedc, 0xaedc, 0xaedc, 
	0xaedc, 0xaedc, 0xaedc, 0xaedc, 0xaedc, 0xaedc, 0xaedc, 0xaedc, 0xaedc, 0xaedc, 0xaedc, 0xaedc, 0xaedc, 0xaedc, 0xaedc, 0xaedc, 
	0xaedc, 0xaedc, 0xaedc, 0xaedc, 0xaedc, 0xaedc, 0xaedc, 0xaedc, 0xaedc, 0xaedc, 0xaedc, 0xaedc, 0xaedc, 0xaedc, 0xaedc, 0xaedc, 
	0xaedc, 0xaedc, 0xaedc, 0xaedc, 0xaedc, 0xaedc, 0xaedc, 0xaedc, 0xaedc, 0xaedc, 0xaedc, 0xaedc, 0xaefd, 0xc579, 0xf9f1, 0xf9af, 
	0xf9b0, 0xf9b0, 0xf9b0, 0xf9b0, 0xf9b0, 0xf9b0, 0xf9b0, 0xf9b0, 0xf2b2, 0xfe7c, 0xffff, 0xffff, 0xffff, 0xfedc, 0xfb54, 0xf9af, 
	0xf1af, 0xf9b0, 0xf9b0, 0xfa31, 0xfad2, 0xfad2, 0xfab2, 0xfa92, 0xfab2, 0xfab2, 0xfad2, 0xfab2, 0xfa92, 0xfab2, 0xfab2, 0xfcb7, 
	0xffbf, 0xffff, 0xffff, 0xffdf, 0xfdda, 0xfb33, 0xfa92, 0xfab2, 0xfab2, 0xfad2, 0xfab2, 0xfa92, 0xfab2, 0xfaf2, 0xf599, 0xffbf, 
	0xffff, 0xffff, 0xffdf, 0xfd79, 0xfab2, 0xfb33, 0xfe5b, 0xffff, 0xffdf, 0xffff, 0xffbf, 0xfc97, 0xfa92, 0xfaf3, 0xfc97, 0xff9f, 
	0xffff, 0xffff, 0xffff, 0xff7f, 0xfe1a, 0xfefc, 0xffff, 0xffff, 0xffff, 0xff3e, 0xfbd4, 0xfaf2, 0xfd9a, 0xffdf, 0xffff, 0xffff, 
	0xffdf, 0xfd79, 0xfad2, 0xf2d2, 0xfad2, 0xfab2, 0xfad2, 0xfb13, 0xfb13, 0xfb13, 0xfbb4, 0xfe3b, 0xffdf, 0xffff, 0xffff, 0xffbf, 
	0xfcb7, 0xfa92, 0xfbb4, 0xfebc, 0xffff, 0xffff, 0xffff, 0xffbf, 0xf69c, 0xfdba, 0xfe3b, 0xffbf, 0xf7ff, 0xffff, 0xffff, 0xffdf, 
	0xffbf, 0xfdda, 0xfcb8, 0xfb74, 0xfaf3, 0xfab2, 0xfa92, 0xfad2, 0xf333, 0xfdfa, 0xffdf, 0xffff, 0xffff, 0xffff, 0xffdf, 0xff9e, 
	0xff9e, 0xff9e, 0xff9e, 0xff9e, 0xff9e, 0xffbe, 0xff9e, 0xff9e, 0xffff, 0xffff, 0xffff, 0xffff, 0xff5e, 0xfc16, 0xfab2, 0xfad2, 
	0xfab2, 0xfab2, 0xfab2, 0xfab2, 0xfab2, 0xfcb7, 0xff9e, 0xffff, 0xffff, 0xffff, 0xfe3b, 0xfb33, 0xfad2, 0xfab2, 0xfab2, 0xfab2, 
	0xfab2, 0xfab2, 0xfab2, 0xfab2, 0xfab2, 0xfad2, 0xfaf3, 0xfb13, 0xf496, 0xfd18, 0xfdba, 0xfdfa, 0xfdfa, 0xfe1b, 0xfdfb, 0xfdda, 
	0xfe3b, 0xfebd, 0xffff, 0xf7ff, 0xffff, 0xffff, 0xff7e, 0xfc16, 0xfad2, 0xfa92, 0xfa92, 0xfab2, 0xfab2, 0xfab2, 0xfab2, 0xfab2, 
	0xfab2, 0xfab2, 0xeb94, 0xb67c, 0xaefd, 0xaedc, 0xaedc, 0xaedd, 0xaedc, 0xaedc, 0xaedc, 0xaedc, 0xaedc, 0xaedc, 0xaedc, 0xaedc, 
	0xaedc, 0xaedc, 0xaedc, 0xaedc, 0xaedc, 0xaedc, 0xaedc, 0xaedc, 0xaedc, 0xaedc, 0xaedc, 0xaedc, 0xaedc, 0xaedc, 0xaedc, 0xaedc, 
	0xaedc, 0xaedc, 0xaedc, 0xaedc, 0xaedc, 0xaedc, 0xaedc, 0xaedc, 0xaedc, 0xaedc, 0xaedc, 0xaedc, 0xaedc, 0xaedc, 0xaedc, 0xaedc, 
	0xaedc, 0xaedc, 0xaedc, 0xaedc, 0xaedc, 0xaedc, 0xaedc, 0xaedc, 0xaedc, 0xaedc, 0xaedc, 0xaedc, 0xaefd, 0xc579, 0xf9f1, 0xf9af, 
	0xf9b0, 0xf9b0, 0xf9b0, 0xf9b0, 0xf9b0, 0xf9b0, 0xf9b0, 0xf9b0, 0xfab2, 0xfe7c, 0xffff, 0xffff, 0xffff, 0xff1d, 0xfb53, 0xf98f, 
	0xf1af, 0xf9b0, 0xf9b0, 0xf251, 0xfad2, 0xfab2, 0xfab2, 0xfab2, 0xfab2, 0xfab2, 0xfab2, 0xfab2, 0xfab2, 0xfab2, 0xfab2, 0xfcb7, 
	0xf7df, 0xffff, 0xffff, 0xffff, 0xfdda, 0xfb54, 0xfab2, 0xfab2, 0xfa92, 0xfab2, 0xfab2, 0xfab2, 0xfab2, 0xfaf3, 0xfd79, 0xff9f, 
	0xffff, 0xffdf, 0xffdf, 0xfd79, 0xfab2, 0xfb34, 0xfe5b, 0xffff, 0xffff, 0xffff, 0xffbf, 0xfc77, 0xfa92, 0xfab2, 0xfbb5, 0xfe3b, 
	0xffff, 0xffff, 0xffff, 0xffdf, 0xff5e, 0xffbf, 0xffff, 0xffff, 0xffff, 0xff3e, 0xfbd5, 0xfaf3, 0xfd99, 0xffdf, 0xffff, 0xffff, 
	0xffdf, 0xfd79, 0xfad2, 0xfab2, 0xfab2, 0xfa92, 0xfab2, 0xfab2, 0xfa92, 0xfa92, 0xfb33, 0xfdfa, 0xffdf, 0xffff, 0xffff, 0xffdf, 
	0xfcb7, 0xfab2, 0xfbb4, 0xfebc, 0xffff, 0xffff, 0xffff, 0xff7e, 0xfbf5, 0xfab2, 0xfb33, 0xfd79, 0xffbf, 0xffff, 0xffff, 0xf7ff, 
	0xff7e, 0xfd59, 0xf333, 0xfad2, 0xfab2, 0xfab2, 0xfad2, 0xfad2, 0xfb13, 0xfdda, 0xffdf, 0xffff, 0xffff, 0xffff, 0xffff, 0xffdf, 
	0xffff, 0xffff, 0xffff, 0xffff, 0xffff, 0xffff, 0xffff, 0xffff, 0xffff, 0xffff, 0xffff, 0xffff, 0xff5e, 0xfc16, 0xfab2, 0xfab2, 
	0xfab2, 0xfab2, 0xfab2, 0xfab2, 0xfab2, 0xfcb7, 0xff9e, 0xffff, 0xffff, 0xffff, 0xfe3b, 0xfb33, 0xfad2, 0xfab2, 0xfab2, 0xfab2, 
	0xfab2, 0xfab2, 0xfab2, 0xfab2, 0xfab2, 0xfab2, 0xfad2, 0xfad2, 0xfa92, 0xfad2, 0xfaf3, 0xfad2, 0xf2d2, 0xfad2, 0xfad2, 0xfad2, 
	0xf353, 0xfc56, 0xfe7c, 0xffff, 0xffff, 0xffff, 0xffff, 0xfd18, 0xfad2, 0xfab2, 0xfab2, 0xfab2, 0xfab2, 0xfab2, 0xfab2, 0xfab2, 
	0xfab2, 0xfab2, 0xeb94, 0xb67c, 0xaefd, 0xaedc, 0xaedc, 0xaedd, 0xaedc, 0xaedc, 0xaedc, 0xaedc, 0xaedc, 0xaedc, 0xaedc, 0xaedc, 
	0xaedc, 0xaedc, 0xaedc, 0xaedc, 0xaedc, 0xaedc, 0xaedc, 0xaedc, 0xaedc, 0xaedc, 0xaedc, 0xaedc, 0xaedc, 0xaedc, 0xaedc, 0xaedc, 
	0xaedc, 0xaedc, 0xaedc, 0xaedc, 0xaedc, 0xaedc, 0xaedc, 0xaedc, 0xaedc, 0xaedc, 0xaedc, 0xaedc, 0xaedc, 0xaedc, 0xaedc, 0xaedc, 
	0xaedc, 0xaedc, 0xaedc, 0xaedc, 0xaedc, 0xaedc, 0xaedc, 0xaedc, 0xaedc, 0xaedc, 0xaedc, 0xaedc, 0xaefd, 0xc579, 0xf9f1, 0xf9af, 
	0xf9b0, 0xf9b0, 0xf9b0, 0xf9b0, 0xf9b0, 0xf9b0, 0xf9b0, 0xf9b0, 0xfab2, 0xfe7c, 0xffff, 0xffff, 0xffff, 0xff1d, 0xf333, 0xf98f, 
	0xf9b0, 0xf990, 0xf9b0, 0xfa51, 0xfad2, 0xfab2, 0xfab2, 0xfad2, 0xfab2, 0xfab2, 0xfab2, 0xfab2, 0xfab2, 0xfab2, 0xf2b2, 0xfcd7, 
	0xf7df, 0xffff, 0xffff, 0xffff, 0xfdda, 0xfb53, 0xfab2, 0xfad2, 0xfab2, 0xfab2, 0xfab2, 0xfad2, 0xfab2, 0xfaf3, 0xfd99, 0xffbf, 
	0xffff, 0xffff, 0xffdf, 0xfd99, 0xfad2, 0xfb34, 0xfe3b, 0xffdf, 0xffff, 0xffff, 0xff9f, 0xfc77, 0xfa92, 0xfa92, 0xfaf3, 0xf476, 
	0xff5e, 0xffdf, 0xf7ff, 0xffff, 0xffff, 0xffff, 0xffff, 0xffff, 0xffff, 0xff3e, 0xfbd5, 0xfaf2, 0xfd79, 0xffbf, 0xffff, 0xffff, 
	0xffdf, 0xfd79, 0xfad3, 0xfab2, 0xfab2, 0xfab2, 0xfab2, 0xfa92, 0xfab2, 0xfab2, 0xfb33, 0xfdfa, 0xffdf, 0xffff, 0xffff, 0xffdf, 
	0xfcb7, 0xfab2, 0xfbb4, 0xfebc, 0xffff, 0xffff, 0xffff, 0xff5e, 0xfbd5, 0xfa92, 0xfab2, 0xfc15, 0xfedd, 0xf7ff, 0xffff, 0xffff, 
	0xffff, 0xfe9c, 0xf3d4, 0xfab2, 0xfab2, 0xfa92, 0xfab2, 0xfa92, 0xfb33, 0xfdfb, 0xffdf, 0xffff, 0xffff, 0xffff, 0xffff, 0xffff, 
	0xffff, 0xffff, 0xffff, 0xffff, 0xffff, 0xffff, 0xffff, 0xffff, 0xffff, 0xffff, 0xffff, 0xffff, 0xff5e, 0xfc16, 0xfab2, 0xfab2, 
	0xfab2, 0xfab2, 0xfab2, 0xfab2, 0xfab2, 0xfcb7, 0xff9e, 0xffff, 0xffff, 0xffff, 0xfe3b, 0xfb33, 0xfad2, 0xfab2, 0xfab2, 0xfab2, 
	0xfab2, 0xfab2, 0xfab2, 0xfab2, 0xfab2, 0xfab2, 0xfab2, 0xfab2, 0xfab2, 0xfab2, 0xfad2, 0xfab2, 0xfab2, 0xfab2, 0xfab2, 0xfab2, 
	0xfa72, 0xfb13, 0xf579, 0xffdf, 0xffdf, 0xffff, 0xffdf, 0xfd79, 0xfaf3, 0xfab2, 0xfab2, 0xfab2, 0xfab2, 0xfab2, 0xfab2, 0xfab2, 
	0xfab2, 0xfab2, 0xeb94, 0xb67c, 0xaefd, 0xaedc, 0xaedc, 0xaedd, 0xaedc, 0xaedc, 0xaedc, 0xaedc, 0xaedc, 0xaedc, 0xaedc, 0xaedc, 
	0xaedc, 0xaedc, 0xaedc, 0xaedc, 0xaedc, 0xaedc, 0xaedc, 0xaedc, 0xaedc, 0xaedc, 0xaedc, 0xaedc, 0xaedc, 0xaedc, 0xaedc, 0xaedc, 
	0xaedc, 0xaedc, 0xaedc, 0xaedc, 0xaedc, 0xaedc, 0xaedc, 0xaedc, 0xaedc, 0xaedc, 0xaedc, 0xaedc, 0xaedc, 0xaedc, 0xaedc, 0xaedc, 
	0xaedc, 0xaedc, 0xaedc, 0xaedc, 0xaedc, 0xaedc, 0xaedc, 0xaedc, 0xaedc, 0xaedc, 0xaedc, 0xaedc, 0xaefd, 0xc579, 0xf9f1, 0xf9af, 
	0xf9b0, 0xf9b0, 0xf9b0, 0xf9b0, 0xf9b0, 0xf9b0, 0xf9b0, 0xf9b0, 0xfa92, 0xfe5b, 0xffff, 0xffff, 0xffff, 0xff1d, 0xfb54, 0xf990, 
	0xf9b0, 0xf98f, 0xf9af, 0xfa31, 0xfab2, 0xfab2, 0xfad2, 0xf2d2, 0xfab2, 0xfab2, 0xfab2, 0xfab2, 0xfab2, 0xfab2, 0xf2b2, 0xfcd7, 
	0xffdf, 0xffff, 0xffff, 0xffff, 0xfdda, 0xfb53, 0xf2b2, 0xfab2, 0xf2d2, 0xfab2, 0xfab2, 0xfad2, 0xf2b2, 0xf2f2, 0xfd99, 0xffbf, 
	0xffff, 0xffff, 0xffbf, 0xfd79, 0xfad2, 0xfb34, 0xfe3b, 0xffff, 0xffff, 0xffff, 0xff9f, 0xfc97, 0xfab2, 0xfab2, 0xfa92, 0xfb54, 
	0xfdda, 0xffbf, 0xffff, 0xffff, 0xffff, 0xffdf, 0xffff, 0xffff, 0xffff, 0xff3e, 0xfbd5, 0xfad2, 0xfd79, 0xffdf, 0xffff, 0xffff, 
	0xffdf, 0xfd79, 0xfad3, 0xfab2, 0xfab2, 0xf2d2, 0xfad2, 0xfab2, 0xf2b2, 0xfab2, 0xfb33, 0xfdfa, 0xffff, 0xffff, 0xf7ff, 0xffdf, 
	0xfc97, 0xfab2, 0xfb94, 0xfebc, 0xffff, 0xffff, 0xffff, 0xff5e, 0xfbd5, 0xfad2, 0xfad2, 0xfaf2, 0xfcb7, 0xff7e, 0xffff, 0xffff, 
	0xffff, 0xffff, 0xfdfb, 0xfb33, 0xfa92, 0xfab2, 0xfab2, 0xfab2, 0xfb13, 0xfdfa, 0xffff, 0xffff, 0xffff, 0xffff, 0xffff, 0xffff, 
	0xffff, 0xffff, 0xffff, 0xffff, 0xffff, 0xffff, 0xffff, 0xffff, 0xffdf, 0xffff, 0xffff, 0xffff, 0xff5e, 0xfc16, 0xfa92, 0xfab2, 
	0xfab2, 0xfab2, 0xfab2, 0xfab2, 0xfab2, 0xfcb7, 0xff9e, 0xffff, 0xffff, 0xffff, 0xfe3b, 0xfb33, 0xfad2, 0xfab2, 0xfab2, 0xfab2, 
	0xfab2, 0xfab2, 0xfab2, 0xfab2, 0xfab2, 0xfab2, 0xfab2, 0xfab2, 0xfad2, 0xfab2, 0xfab2, 0xfab2, 0xfab2, 0xfab2, 0xfab2, 0xfa92, 
	0xfab3, 0xfad2, 0xf517, 0xffdf, 0xffff, 0xffff, 0xffdf, 0xfdba, 0xfb13, 0xfad2, 0xfab2, 0xfab2, 0xfab2, 0xfab2, 0xfab2, 0xfab2, 
	0xfab2, 0xfab2, 0xeb94, 0xb67c, 0xaefd, 0xaedc, 0xaedc, 0xaedd, 0xaedc, 0xaedc, 0xaedc, 0xaedc, 0xaedc, 0xaedc, 0xaedc, 0xaedc, 
	0xaedc, 0xaedc, 0xaedc, 0xaedc, 0xaedc, 0xaedc, 0xaedc, 0xaedc, 0xaedc, 0xaedc, 0xaedc, 0xaedc, 0xaedc, 0xaedc, 0xaedc, 0xaedc, 
	0xaedc, 0xaedc, 0xaedc, 0xaedc, 0xaedc, 0xaedc, 0xaedc, 0xaedc, 0xaedc, 0xaedc, 0xaedc, 0xaedc, 0xaedc, 0xaedc, 0xaedc, 0xaedc, 
	0xaedc, 0xaedc, 0xaedc, 0xaedc, 0xaedc, 0xaedc, 0xaedc, 0xaedc, 0xaedc, 0xaedc, 0xaedc, 0xaedc, 0xaefd, 0xc579, 0xf9f1, 0xf9af, 
	0xf9b0, 0xf9b0, 0xf9b0, 0xf9b0, 0xf9b0, 0xf9b0, 0xf9b0, 0xf9b0, 0xfa31, 0xfe1b, 0xf7ff, 0xffff, 0xffff, 0xff5e, 0xfc36, 0xf990, 
	0xf1d0, 0xf9d0, 0xf1d0, 0xfa51, 0xfab2, 0xfab2, 0xfab2, 0xfab2, 0xfab2, 0xfab2, 0xfab2, 0xfab2, 0xfab2, 0xfab2, 0xfad2, 0xfcb7, 
	0xffbf, 0xffff, 0xffff, 0xffff, 0xfdfa, 0xfb34, 0xfab2, 0xfab2, 0xfad2, 0xfab2, 0xfab2, 0xfab2, 0xfab2, 0xfaf3, 0xfdb9, 0xffbf, 
	0xffff, 0xffff, 0xffbf, 0xfd59, 0xf2d2, 0xfb34, 0xfe3b, 0xffff, 0xffff, 0xffff, 0xff9f, 0xfc97, 0xfab2, 0xfab2, 0xfa72, 0xfad2, 
	0xfc15, 0xfedd, 0xffdf, 0xffff, 0xffff, 0xffff, 0xffff, 0xffff, 0xffff, 0xff3e, 0xfbd5, 0xfad2, 0xfd99, 0xffdf, 0xffff, 0xffff, 
	0xffdf, 0xfd79, 0xfad3, 0xfab2, 0xfab2, 0xf2d2, 0xfad2, 0xfab2, 0xfad2, 0xfab2, 0xfb33, 0xfdfa, 0xffff, 0xffff, 0xffff, 0xffbf, 
	0xfc97, 0xfab2, 0xfb94, 0xfebc, 0xffff, 0xffff, 0xffff, 0xff5e, 0xfbb5, 0xfab2, 0xfab2, 0xfa92, 0xfb54, 0xfdfb, 0xffff, 0xffff, 
	0xffdf, 0xf7ff, 0xff7e, 0xfc97, 0xfad2, 0xfad2, 0xf2f2, 0xf2d2, 0xfb13, 0xfdfa, 0xffff, 0xffff, 0xffff, 0xffff, 0xfefd, 0xfe3b, 
	0xfe5b, 0xfe5b, 0xfe5b, 0xfe3b, 0xfe5b, 0xfe5b, 0xfe5b, 0xfe9c, 0xff7e, 0xffff, 0xffff, 0xffff, 0xff7e, 0xfc15, 0xfab2, 0xfad2, 
	0xfab2, 0xfab2, 0xfab2, 0xfab2, 0xfab2, 0xfcb7, 0xff9e, 0xffff, 0xffff, 0xffff, 0xfe3b, 0xfb33, 0xfad2, 0xfab2, 0xfab2, 0xfab2, 
	0xfad2, 0xfab2, 0xfab2, 0xfab2, 0xfab2, 0xfab2, 0xfab2, 0xfab2, 0xfad2, 0xfab2, 0xfab2, 0xfab2, 0xfab2, 0xfab2, 0xfab2, 0xfab2, 
	0xf2d2, 0xfad2, 0xfd18, 0xffbf, 0xffff, 0xffff, 0xffff, 0xfdba, 0xfb13, 0xfad2, 0xfab2, 0xfab2, 0xfab2, 0xfab2, 0xfab2, 0xfab2, 
	0xfab2, 0xfab2, 0xeb94, 0xb67c, 0xaefd, 0xaedc, 0xaedc, 0xaedd, 0xaedc, 0xaedc, 0xaedc, 0xaedc, 0xaedc, 0xaedc, 0xaedc, 0xaedc, 
	0xaedc, 0xaedc, 0xaedc, 0xaedc, 0xaedc, 0xaedc, 0xaedc, 0xaedc, 0xaedc, 0xaedc, 0xaedc, 0xaedc, 0xaedc, 0xaedc, 0xaedc, 0xaedc, 
	0xaedc, 0xaedc, 0xaedc, 0xaedc, 0xaedc, 0xaedc, 0xaedc, 0xaedc, 0xaedc, 0xaedc, 0xaedc, 0xaedc, 0xaedc, 0xaedc, 0xaedc, 0xaedc, 
	0xaedc, 0xaedc, 0xaedc, 0xaedc, 0xaedc, 0xaedc, 0xaedc, 0xaedc, 0xaedc, 0xaedc, 0xaedc, 0xaedc, 0xaefd, 0xc579, 0xf9f1, 0xf9af, 
	0xf9b0, 0xf9b0, 0xf9b0, 0xf9b0, 0xf9b0, 0xf9b0, 0xf9b0, 0xf9b0, 0xf9f0, 0xfd79, 0xf7ff, 0xffff, 0xffff, 0xffff, 0xfdba, 0xfa51, 
	0xf98f, 0xf96f, 0xf9b0, 0xfa51, 0xfab2, 0xfab2, 0xfab2, 0xfa92, 0xfab2, 0xfab2, 0xfab2, 0xfab2, 0xfab2, 0xfab2, 0xfad2, 0xfc77, 
	0xf79e, 0xffff, 0xffff, 0xf7ff, 0xfe7c, 0xfb74, 0xfa71, 0xfab2, 0xfab2, 0xfad2, 0xfad2, 0xfa92, 0xfa71, 0xfb13, 0xfe1b, 0xffff, 
	0xffff, 0xffff, 0xff9e, 0xfd18, 0xfaf3, 0xfb54, 0xfe3b, 0xffff, 0xffff, 0xffff, 0xff9f, 0xf497, 0xfab2, 0xfab2, 0xfa92, 0xfab2, 
	0xfaf3, 0xfd59, 0xffbf, 0xffff, 0xffff, 0xffff, 0xffff, 0xffff, 0xffff, 0xff3e, 0xfbd5, 0xfad2, 0xfd79, 0xffdf, 0xffff, 0xffff, 
	0xffbf, 0xfd99, 0xfad2, 0xfa92, 0xfab2, 0xfad2, 0xfab2, 0xfa92, 0xfab2, 0xfab2, 0xfb53, 0xfdfa, 0xffdf, 0xffff, 0xffff, 0xff9f, 
	0xfc97, 0xfab2, 0xfbb4, 0xfebc, 0xffff, 0xffff, 0xffff, 0xff5e, 0xf415, 0xfab2, 0xfa92, 0xf2d2, 0xfab2, 0xfbd5, 0xfefd, 0xffff, 
	0xffff, 0xffff, 0xffff, 0xfedd, 0xfbb5, 0xfa92, 0xfad2, 0xfab2, 0xfb13, 0xfdfa, 0xffff, 0xffff, 0xffff, 0xff7e, 0xfd38, 0xfb74, 
	0xfb54, 0xfb74, 0xfb74, 0xfb53, 0xfb54, 0xfb54, 0xfb74, 0xfbf5, 0xfedc, 0xffff, 0xffff, 0xffff, 0xff7e, 0xfc15, 0xfa92, 0xfab2, 
	0xfab2, 0xfab2, 0xfab2, 0xfab2, 0xfab2, 0xfcb7, 0xff9e, 0xffff, 0xffff, 0xffff, 0xfe3b, 0xfb33, 0xfad2, 0xfab2, 0xfab2, 0xfab2, 
	0xfab2, 0xfab2, 0xfab2, 0xfab2, 0xfab2, 0xfab2, 0xfab2, 0xfab2, 0xfab2, 0xfab2, 0xfab2, 0xfab2, 0xfab2, 0xfad2, 0xfad2, 0xfad2, 
	0xf2d2, 0xfad2, 0xfcf8, 0xffbf, 0xffff, 0xffff, 0xffff, 0xfd99, 0xfaf3, 0xfad2, 0xfab2, 0xfab2, 0xfab2, 0xfab2, 0xfab2, 0xfab2, 
	0xfab2, 0xfab2, 0xeb94, 0xb67c, 0xaefd, 0xaedc, 0xaedc, 0xaedd, 0xaedc, 0xaedc, 0xaedc, 0xaedc, 0xaedc, 0xaedc, 0xaedc, 0xaedc, 
	0xaedc, 0xaedc, 0xaedc, 0xaedc, 0xaedc, 0xaedc, 0xaedc, 0xaedc, 0xaedc, 0xaedc, 0xaedc, 0xaedc, 0xaedc, 0xaedc, 0xaedc, 0xaedc, 
	0xaedc, 0xaedc, 0xaedc, 0xaedc, 0xaedc, 0xaedc, 0xaedc, 0xaedc, 0xaedc, 0xaedc, 0xaedc, 0xaedc, 0xaedc, 0xaedc, 0xaedc, 0xaedc, 
	0xaedc, 0xaedc, 0xaedc, 0xaedc, 0xaedc, 0xaedc, 0xaedc, 0xaedc, 0xaedc, 0xaedc, 0xaedc, 0xaedc, 0xaefd, 0xc579, 0xf9f1, 0xf9af, 
	0xf9b0, 0xf9b0, 0xf9b0, 0xf9b0, 0xf9b0, 0xf9b0, 0xf9b0, 0xf9b0, 0xf9b0, 0xfc16, 0xff5e, 0xffdf, 0xffff, 0xf7ff, 0xff1d, 0xfc97, 
	0xfa31, 0xf98f, 0xf96f, 0xfa31, 0xfad2, 0xfad2, 0xfad2, 0xfab2, 0xfab2, 0xfab2, 0xfab2, 0xfad2, 0xfab2, 0xfab2, 0xfab2, 0xfbf5, 
	0xff3d, 0xffff, 0xffff, 0xffff, 0xff5e, 0xf497, 0xfaf3, 0xfab2, 0xfa92, 0xfad2, 0xfad2, 0xfa92, 0xf312, 0xfc56, 0xfefd, 0xffff, 
	0xffff, 0xffff, 0xff3e, 0xfc76, 0xfad2, 0xfb34, 0xfe3b, 0xffff, 0xffff, 0xffff, 0xff9f, 0xfc97, 0xfab2, 0xfad2, 0xfab2, 0xfad2, 
	0xfab2, 0xf3d4, 0xfe9c, 0xffdf, 0xffff, 0xffff, 0xffff, 0xffff, 0xffff, 0xff5e, 0xfbd5, 0xfab2, 0xfd59, 0xffbf, 0xffff, 0xffff, 
	0xffbf, 0xfe1a, 0xfb53, 0xf2b2, 0xfa92, 0xfab2, 0xfab2, 0xfab2, 0xfa72, 0xfab2, 0xfbb4, 0xfe7c, 0xffdf, 0xffff, 0xffff, 0xff9e, 
	0xfc77, 0xfa92, 0xfbb4, 0xfebc, 0xffff, 0xffff, 0xffff, 0xff5e, 0xfbd5, 0xfa92, 0xfa92, 0xfad3, 0xfab3, 0xfad2, 0xfd39, 0xff9f, 
	0xffff, 0xffdf, 0xffff, 0xffff, 0xfd99, 0xfb53, 0xfa92, 0xfa92, 0xfb13, 0xfdfa, 0xffff, 0xffff, 0xffff, 0xff9f, 0xfcd7, 0xfa72, 
	0xfab2, 0xfab2, 0xfad2, 0xfab2, 0xfab2, 0xfab2, 0xfad2, 0xfb74, 0xfe9b, 0xffff, 0xffff, 0xffff, 0xff7e, 0xfc15, 0xfab2, 0xfab2, 
	0xfab2, 0xfab2, 0xfab2, 0xfab2, 0xfab2, 0xfcb7, 0xff9e, 0xffff, 0xffff, 0xffff, 0xfe3b, 0xfb33, 0xfad2, 0xfab2, 0xfab2, 0xfab2, 
	0xfab2, 0xfab2, 0xfab2, 0xfab2, 0xfab2, 0xfab2, 0xfab2, 0xfab2, 0xfab2, 0xfab2, 0xfab2, 0xfab2, 0xfab2, 0xfab2, 0xfa92, 0xfa92, 
	0xfab2, 0xfad2, 0xfd38, 0xffbf, 0xffff, 0xf7ff, 0xffff, 0xfd99, 0xfaf3, 0xfab2, 0xfab2, 0xfab2, 0xfab2, 0xfab2, 0xfab2, 0xfab2, 
	0xfab2, 0xfab2, 0xeb94, 0xb67c, 0xaefd, 0xaedc, 0xaedc, 0xaedd, 0xaedc, 0xaedc, 0xaedc, 0xaedc, 0xaedc, 0xaedc, 0xaedc, 0xaedc, 
	0xaedc, 0xaedc, 0xaedc, 0xaedc, 0xaedc, 0xaedc, 0xaedc, 0xaedc, 0xaedc, 0xaedc, 0xaedc, 0xaedc, 0xaedc, 0xaedc, 0xaedc, 0xaedc, 
	0xaedc, 0xaedc, 0xaedc, 0xaedc, 0xaedc, 0xaedc, 0xaedc, 0xaedc, 0xaedc, 0xaedc, 0xaedc, 0xaedc, 0xaedc, 0xaedc, 0xaedc, 0xaedc, 
	0xaedc, 0xaedc, 0xaedc, 0xaedc, 0xaedc, 0xaedc, 0xaedc, 0xaedc, 0xaedc, 0xaedc, 0xaedc, 0xaedc, 0xaefd, 0xc579, 0xf9f1, 0xf9af, 
	0xf9b0, 0xf9b0, 0xf9b0, 0xf9b0, 0xf9b0, 0xf9b0, 0xf9b0, 0xf9b0, 0xf1b0, 0xfab2, 0xfe7c, 0xffdf, 0xffff, 0xf7ff, 0xffff, 0xfefe, 
	0xfcb8, 0xf333, 0xfa31, 0xfa72, 0xfad3, 0xfad2, 0xfaf3, 0xfad2, 0xfad3, 0xfad2, 0xfab2, 0xfad2, 0xfab2, 0xfab2, 0xfa92, 0xfb94, 
	0xfe3b, 0xffff, 0xffff, 0xffdf, 0xffff, 0xfe9c, 0xfc97, 0xfb13, 0xfad2, 0xfaf3, 0xfad2, 0xfb13, 0xfc76, 0xfe3b, 0xffff, 0xffff, 
	0xffff, 0xffdf, 0xfefd, 0xf3d4, 0xfa92, 0xfb13, 0xfe1b, 0xffff, 0xffff, 0xffff, 0xff9e, 0xfc97, 0xfa92, 0xfab2, 0xfab2, 0xfab2, 
	0xfad3, 0xf2b2, 0xfcd7, 0xff5e, 0xffff, 0xffff, 0xffff, 0xffff, 0xffff, 0xff3e, 0xfbd5, 0xfab2, 0xfd38, 0xff7e, 0xffff, 0xffff, 
	0xffff, 0xfefd, 0xfc56, 0xfb33, 0xfad3, 0xfad2, 0xfad2, 0xfaf3, 0xfad2, 0xfb74, 0xfcd7, 0xff5e, 0xffff, 0xffff, 0xffff, 0xff7e, 
	0xfc56, 0xfa92, 0xfbb4, 0xfebc, 0xffff, 0xffff, 0xffff, 0xff7e, 0xfbd4, 0xfab2, 0xfad2, 0xfa92, 0xfab2, 0xfad2, 0xfb33, 0xfe1b, 
	0xffdf, 0xffff, 0xffff, 0xffdf, 0xff5e, 0xf4b7, 0xfab2, 0xfab2, 0xfb33, 0xfdfb, 0xffdf, 0xffff, 0xffff, 0xffbf, 0xf4f7, 0xfab2, 
	0xfa92, 0xfab2, 0xfad2, 0xfab2, 0xfab2, 0xfab2, 0xf2d2, 0xfb74, 0xfe7b, 0xffff, 0xffff, 0xffdf, 0xff5e, 0xfc15, 0xfab2, 0xfab2, 
	0xfab2, 0xfab2, 0xfab2, 0xfab2, 0xfab2, 0xfcb7, 0xff9e, 0xffff, 0xffff, 0xffff, 0xfe3b, 0xfb33, 0xfad2, 0xfab2, 0xfab2, 0xfab2, 
	0xfab2, 0xfab2, 0xfab2, 0xfab2, 0xfab2, 0xfad2, 0xfad2, 0xfad2, 0xfad2, 0xfaf3, 0xfad2, 0xfad2, 0xfad2, 0xfad3, 0xfaf3, 0xfad3, 
	0xfaf2, 0xfbf5, 0xfe7c, 0xf7ff, 0xffff, 0xffff, 0xffdf, 0xfd18, 0xfad2, 0xfab2, 0xfab2, 0xfab2, 0xfab2, 0xfab2, 0xfad2, 0xfab2, 
	0xfab2, 0xfab2, 0xeb94, 0xb67c, 0xaefd, 0xaedc, 0xaedc, 0xaedd, 0xaedc, 0xaedc, 0xaedc, 0xaedc, 0xaedc, 0xaedc, 0xaedc, 0xaedc, 
	0xaedc, 0xaedc, 0xaedc, 0xaedc, 0xaedc, 0xaedc, 0xaedc, 0xaedc, 0xaedc, 0xaedc, 0xaedc, 0xaedc, 0xaedc, 0xaedc, 0xaedc, 0xaedc, 
	0xaedc, 0xaedc, 0xaedc, 0xaedc, 0xaedc, 0xaedc, 0xaedc, 0xaedc, 0xaedc, 0xaedc, 0xaedc, 0xaedc, 0xaedc, 0xaedc, 0xaedc, 0xaedc, 
	0xaedc, 0xaedc, 0xaedc, 0xaedc, 0xaedc, 0xaedc, 0xaedc, 0xaedc, 0xaedc, 0xb6dd, 0xb6dd, 0xaedc, 0xaefd, 0xcd59, 0xf9d0, 0xf9af, 
	0xf9b0, 0xf9b0, 0xf9b0, 0xf9b0, 0xf9b0, 0xf9b0, 0xf9b0, 0xf9b0, 0xf9d0, 0xf9af, 0xfc36, 0xff7f, 0xf7ff, 0xffdf, 0xffff, 0xffff, 
	0xff9e, 0xf6bc, 0xfdda, 0xfd99, 0xfd99, 0xfdba, 0xfdba, 0xfd9a, 0xfdb9, 0xfd99, 0xfd79, 0xfc77, 0xfb13, 0xfab2, 0xfab2, 0xfad2, 
	0xfd18, 0xff5e, 0xf7ff, 0xf7ff, 0xffff, 0xffff, 0xff3d, 0xfe5c, 0xfdba, 0xfdba, 0xfdba, 0xfe3b, 0xff1d, 0xffdf, 0xffff, 0xffff, 
	0xffff, 0xffdf, 0xfd59, 0xfb13, 0xfa92, 0xf333, 0xfe3c, 0xffdf, 0xffff, 0xffff, 0xffbf, 0xfc77, 0xfa92, 0xf2d2, 0xfab2, 0xfab2, 
	0xf2d2, 0xfa92, 0xfb54, 0xfe1b, 0xffdf, 0xf7ff, 0xffff, 0xffff, 0xffff, 0xff3d, 0xfbb5, 0xfab2, 0xfbf6, 0xff1d, 0xffff, 0xffff, 
	0xffff, 0xffdf, 0xff1d, 0xfe1b, 0xfdba, 0xfdba, 0xfdba, 0xfd99, 0xfdba, 0xfe5b, 0xff5d, 0xffff, 0xffdf, 0xffff, 0xffff, 0xfe5b, 
	0xfb74, 0xfad2, 0xfbb5, 0xf69c, 0xffff, 0xffff, 0xefff, 0xff5e, 0xfbb5, 0xfab2, 0xfa92, 0xfab2, 0xfab2, 0xfab2, 0xfaf3, 0xfbf6, 
	0xf73d, 0xffff, 0xffff, 0xffdf, 0xffff, 0xfe7b, 0xf394, 0xfab3, 0xfb13, 0xfe1b, 0xffff, 0xffff, 0xffff, 0xffbf, 0xfcb7, 0xfab2, 
	0xfab2, 0xfab2, 0xfad2, 0xfab2, 0xfab2, 0xfab2, 0xf2b2, 0xfb94, 0xfe7c, 0xffff, 0xffff, 0xffff, 0xff5e, 0xfc15, 0xfad2, 0xfa93, 
	0xf2b2, 0xfab2, 0xfab2, 0xf2b2, 0xfad2, 0xfcb7, 0xff7e, 0xffff, 0xffff, 0xffff, 0xfe1b, 0xfb53, 0xfad2, 0xfab2, 0xfab2, 0xf2b2, 
	0xfab2, 0xfab2, 0xfab2, 0xfa92, 0xf2d2, 0xfbd5, 0xfd39, 0xfdb9, 0xfd99, 0xfd99, 0xfd99, 0xfd99, 0xfd99, 0xfd99, 0xfd99, 0xfd99, 
	0xfdfb, 0xfebc, 0xffbf, 0xffff, 0xffdf, 0xf7ff, 0xff3e, 0xfc56, 0xfab2, 0xfab2, 0xfab2, 0xfab2, 0xfab2, 0xfab2, 0xfab2, 0xfab2, 
	0xfab2, 0xfad2, 0xf354, 0xb6bc, 0xb6dd, 0xb6bc, 0xb6dc, 0xaedd, 0xaedc, 0xaedc, 0xaedc, 0xaedc, 0xaedc, 0xaedc, 0xaedc, 0xaedc, 
	0xaedc, 0xaedc, 0xaedc, 0xaedc, 0xaedc, 0xaedc, 0xaedc, 0xaedc, 0xaedc, 0xaedc, 0xaedc, 0xaedc, 0xaedc, 0xaedc, 0xaedc, 0xaedc, 
	0xaedc, 0xaedc, 0xaedc, 0xaedc, 0xaedc, 0xaedc, 0xaedc, 0xaedc, 0xaedc, 0xaedc, 0xaedc, 0xaedc, 0xaedc, 0xaedc, 0xaedc, 0xaedc, 
	0xaedc, 0xaedc, 0xaedc, 0xaedc, 0xaedc, 0xaedc, 0xaedc, 0xaedc, 0xaedc, 0xb6dd, 0xaedc, 0xaedc, 0xaefd, 0xc559, 0xf9d0, 0xf1af, 
	0xf9b0, 0xf9b0, 0xf9b0, 0xf9b0, 0xf9b0, 0xf9b0, 0xf9b0, 0xf9b0, 0xf1d0, 0xf990, 0xfa72, 0xf538, 0xffdf, 0xffff, 0xffdf, 0xffff, 
	0xffff, 0xffff, 0xffdf, 0xffdf, 0xffdf, 0xffdf, 0xffff, 0xffdf, 0xffff, 0xffff, 0xf7ff, 0xff3d, 0xfcf8, 0xfaf3, 0xfab2, 0xfad2, 
	0xfb74, 0xfe1b, 0xffff, 0xffff, 0xffdf, 0xffff, 0xffff, 0xffff, 0xffff, 0xffff, 0xffff, 0xffff, 0xffff, 0xffff, 0xffff, 0xffff, 
	0xffff, 0xfe9c, 0xfbf5, 0xf291, 0xfab2, 0xf374, 0xfe3b, 0xffff, 0xffdf, 0xffdf, 0xff9f, 0xfc76, 0xfab2, 0xfab2, 0xfa92, 0xfab2, 
	0xfab2, 0xfad2, 0xfad2, 0xfc76, 0xfefd, 0xffff, 0xffff, 0xffff, 0xffff, 0xf73d, 0xfbd5, 0xfad2, 0xfb13, 0xfd9a, 0xffff, 0xf7ff, 
	0xffff, 0xffff, 0xffff, 0xffff, 0xffff, 0xffdf, 0xffdf, 0xffff, 0xffff, 0xffff, 0xffff, 0xffff, 0xffff, 0xf7ff, 0xff7e, 0xfd18, 
	0xfad2, 0xfa92, 0xfb95, 0xfe9c, 0xffff, 0xffdf, 0xffff, 0xff3e, 0xfbb5, 0xfad2, 0xfa92, 0xfab2, 0xfab2, 0xfa92, 0xfab2, 0xfb54, 
	0xfd59, 0xff5e, 0xffff, 0xffff, 0xffff, 0xff7e, 0xfd59, 0xfab3, 0xfaf3, 0xfdfa, 0xffff, 0xffff, 0xffff, 0xffbf, 0xfcb7, 0xfab2, 
	0xfab2, 0xfab2, 0xfad2, 0xfab2, 0xfab2, 0xfab2, 0xf2d2, 0xfb74, 0xfe7b, 0xffff, 0xffdf, 0xffff, 0xff5e, 0xfbf5, 0xfab2, 0xfab2, 
	0xfab2, 0xfab2, 0xfad2, 0xfab2, 0xfab2, 0xfc97, 0xff7e, 0xffdf, 0xffdf, 0xffff, 0xfe3b, 0xfb33, 0xfab2, 0xfab2, 0xfab2, 0xfab2, 
	0xfab2, 0xfa92, 0xfa92, 0xfab2, 0xfc15, 0xfe5b, 0xff9e, 0xffdf, 0xffff, 0xffff, 0xffff, 0xffff, 0xffff, 0xffff, 0xffff, 0xffff, 
	0xffdf, 0xffff, 0xffff, 0xffff, 0xffff, 0xffff, 0xfdfb, 0xfb53, 0xfab2, 0xfab2, 0xfab2, 0xfab2, 0xfab2, 0xfab2, 0xfab2, 0xfab2, 
	0xfab2, 0xfab2, 0xf354, 0xb6bc, 0xb6dd, 0xaedc, 0xb6dc, 0xaedd, 0xaedc, 0xaedc, 0xaedc, 0xaedc, 0xaedc, 0xaedc, 0xaedc, 0xaedc, 
	0xaedc, 0xaedc, 0xaedc, 0xaedc, 0xaedc, 0xaedc, 0xaedc, 0xaedc, 0xaedc, 0xaedc, 0xaedc, 0xaedc, 0xaedc, 0xaedc, 0xaedc, 0xaedc, 
	0xaedc, 0xaedc, 0xaedc, 0xaedc, 0xaedc, 0xaedc, 0xaedc, 0xaedc, 0xaedc, 0xaedc, 0xaedc, 0xaedc, 0xaedc, 0xaedc, 0xaedc, 0xaedc, 
	0xaedc, 0xaedc, 0xaedc, 0xaedc, 0xaedc, 0xaedc, 0xaedc, 0xaedc, 0xaefd, 0xaedc, 0xaedc, 0xaedc, 0xaefd, 0xc559, 0xf9d0, 0xf9af, 
	0xf9b0, 0xf9b0, 0xf9b0, 0xf9b0, 0xf9b0, 0xf9b0, 0xf9b0, 0xf9b0, 0xf9af, 0xf9b0, 0xf9af, 0xfaf3, 0xfd9a, 0xff7e, 0xffff, 0xffff, 
	0xffdf, 0xffff, 0xffff, 0xffff, 0xffff, 0xffff, 0xffff, 0xffff, 0xffdf, 0xffdf, 0xffff, 0xffff, 0xfe1b, 0xfb53, 0xfab2, 0xfab2, 
	0xf2d2, 0xfc56, 0xfe7c, 0xffdf, 0xffff, 0xffff, 0xffff, 0xffff, 0xffff, 0xffff, 0xffff, 0xffff, 0xffff, 0xffff, 0xffff, 0xffdf, 
	0xfefd, 0xfc97, 0xfaf3, 0xfab2, 0xfab2, 0xf353, 0xfe3b, 0xffff, 0xffff, 0xffff, 0xff9f, 0xfc76, 0xfab2, 0xfa92, 0xfa92, 0xfad2, 
	0xfa92, 0xfad2, 0xfab2, 0xf313, 0xfd99, 0xffbf, 0xffff, 0xffff, 0xffff, 0xff5e, 0xfbb5, 0xfab2, 0xfab2, 0xfbf5, 0xfe7c, 0xffff, 
	0xffff, 0xffff, 0xffff, 0xffff, 0xffff, 0xffff, 0xffff, 0xffff, 0xffdf, 0xffdf, 0xffdf, 0xffff, 0xffff, 0xffbf, 0xfdfa, 0xfb74, 
	0xfad2, 0xfab2, 0xfbb5, 0xfebc, 0xffff, 0xffdf, 0xffff, 0xff5e, 0xfbb5, 0xfad2, 0xfab2, 0xfab2, 0xfad2, 0xfab2, 0xfa92, 0xfad2, 
	0xfb94, 0xfe1b, 0xffff, 0xffff, 0xffbf, 0xffff, 0xfe9c, 0xfb13, 0xfb33, 0xfdfa, 0xffff, 0xffff, 0xffff, 0xffbf, 0xfcb7, 0xfad2, 
	0xfab2, 0xfab2, 0xfad2, 0xfab2, 0xfab2, 0xfab2, 0xfad2, 0xfb54, 0xf6bc, 0xffff, 0xffdf, 0xffff, 0xff7f, 0xfc15, 0xfab2, 0xfab2, 
	0xfab2, 0xfab2, 0xfad2, 0xfad2, 0xfab2, 0xfc97, 0xff7e, 0xffff, 0xffdf, 0xffff, 0xfe3b, 0xfb33, 0xfa92, 0xfab2, 0xfad2, 0xfab2, 
	0xfab2, 0xf2d2, 0xfad2, 0xf2d2, 0xfcd7, 0xff9f, 0xffff, 0xffff, 0xffff, 0xffff, 0xffff, 0xffff, 0xffff, 0xffff, 0xffff, 0xffff, 
	0xffff, 0xffff, 0xffdf, 0xffff, 0xf7ff, 0xfefd, 0xfc56, 0xfad2, 0xfab2, 0xfab2, 0xfab2, 0xfab2, 0xfab2, 0xfab2, 0xfab2, 0xfab2, 
	0xfab2, 0xfab2, 0xf354, 0xb69c, 0xaefd, 0xaedc, 0xaedc, 0xaedd, 0xaedc, 0xaedc, 0xaedc, 0xaedc, 0xaedc, 0xaedc, 0xaedc, 0xaedc, 
	0xaedc, 0xaedc, 0xaedc, 0xaedc, 0xaedc, 0xaedc, 0xaedc, 0xaedc, 0xaedc, 0xaedc, 0xaedc, 0xaedc, 0xaedc, 0xaedc, 0xaedc, 0xaedc, 
	0xaedc, 0xaedc, 0xaedc, 0xaedc, 0xaedc, 0xaedc, 0xaedc, 0xaedc, 0xaedc, 0xaedc, 0xaedc, 0xaedc, 0xaedc, 0xaedc, 0xaedc, 0xaedc, 
	0xaedc, 0xaedc, 0xaedc, 0xaedc, 0xaedc, 0xaedc, 0xaedc, 0xaedc, 0xaefd, 0xaedc, 0xaedc, 0xaedd, 0xaefd, 0xc559, 0xf9f1, 0xf9af, 
	0xf9b0, 0xf9b0, 0xf9b0, 0xf9b0, 0xf9b0, 0xf9b0, 0xf9b0, 0xf9b0, 0xf990, 0xf9b0, 0xf1af, 0xf9af, 0xfa92, 0xfcd8, 0xfefe, 0xffbf, 
	0xffff, 0xffff, 0xffff, 0xffff, 0xffff, 0xffff, 0xffff, 0xffff, 0xffff, 0xffff, 0xffff, 0xffff, 0xfe1b, 0xf354, 0xfab2, 0xfa92, 
	0xfab2, 0xfad2, 0xfc16, 0xfe3b, 0xffbf, 0xffff, 0xffff, 0xffff, 0xffff, 0xffff, 0xffff, 0xffff, 0xffff, 0xffff, 0xff9f, 0xfebc, 
	0xfc77, 0xf2f2, 0xfa92, 0xfad3, 0xfa92, 0xfb13, 0xfdba, 0xffff, 0xf7ff, 0xffff, 0xff1e, 0xfc15, 0xfa92, 0xfab2, 0xfab2, 0xf2d2, 
	0xfad2, 0xfa92, 0xfab2, 0xfab2, 0xfc15, 0xfe9c, 0xffff, 0xffff, 0xffff, 0xfefd, 0xfb74, 0xfab2, 0xfad3, 0xfad2, 0xf435, 0xfe5c, 
	0xffdf, 0xffff, 0xffff, 0xffff, 0xffff, 0xffff, 0xffff, 0xffff, 0xffff, 0xffff, 0xffff, 0xf7ff, 0xff9e, 0xfdda, 0xfc16, 0xfa92, 
	0xfad2, 0xfab2, 0xfb53, 0xfe1b, 0xffdf, 0xf7ff, 0xf7ff, 0xfedd, 0xfb74, 0xfad2, 0xfab2, 0xfab2, 0xfad2, 0xfab2, 0xfa92, 0xfab2, 
	0xfad2, 0xfc97, 0xff3d, 0xffff, 0xffff, 0xffff, 0xfe5b, 0xfb53, 0xf313, 0xfd59, 0xffbf, 0xffff, 0xffff, 0xff3e, 0xfc56, 0xf2b2, 
	0xfab2, 0xfab2, 0xfad2, 0xfab2, 0xfab2, 0xfab2, 0xfab2, 0xfb33, 0xfe1a, 0xffdf, 0xffff, 0xf7ff, 0xfefd, 0xfbb4, 0xfab2, 0xfab2, 
	0xfad2, 0xf2b2, 0xfab2, 0xfab2, 0xfab2, 0xfc56, 0xff1d, 0xffff, 0xf7ff, 0xffdf, 0xfd9a, 0xfaf3, 0xfa92, 0xfab2, 0xfab2, 0xfab2, 
	0xfa92, 0xfab2, 0xfad2, 0xfab2, 0xfcb7, 0xff7e, 0xffff, 0xffff, 0xffff, 0xffff, 0xffff, 0xffff, 0xffff, 0xffff, 0xffff, 0xffff, 
	0xffff, 0xf7ff, 0xffff, 0xffbf, 0xfedc, 0xfcb7, 0xfad2, 0xfab2, 0xfab2, 0xfab2, 0xfab2, 0xfab2, 0xfab2, 0xfab2, 0xfab2, 0xfab2, 
	0xfad2, 0xfab2, 0xeb74, 0xbe9c, 0xaefd, 0xaefc, 0xaedc, 0xb6dd, 0xaedc, 0xaedc, 0xaedc, 0xaedc, 0xaedc, 0xaedc, 0xaedc, 0xaedc, 
	0xaedc, 0xaedc, 0xaedc, 0xaedc, 0xaedc, 0xaedc, 0xaedc, 0xaedc, 0xaedc, 0xaedc, 0xaedc, 0xaedc, 0xaedc, 0xaedc, 0xaedc, 0xaedc, 
	0xaedc, 0xaedc, 0xaedc, 0xaedc, 0xaedc, 0xaedc, 0xaedc, 0xaedc, 0xaedc, 0xaedc, 0xaedc, 0xaedc, 0xaedc, 0xaedc, 0xaedc, 0xaedc, 
	0xaedc, 0xaedc, 0xaedc, 0xaedc, 0xaedc, 0xaedc, 0xaedc, 0xaedc, 0xaedd, 0xaedc, 0xb6dd, 0xb6dd, 0xaedd, 0xc579, 0xf9f1, 0xf98f, 
	0xf9b0, 0xf9b0, 0xf9b0, 0xf9b0, 0xf9b0, 0xf9b0, 0xf9b0, 0xf9b0, 0xf9b0, 0xf9b0, 0xf9b0, 0xf1af, 0xf98f, 0xfa31, 0xfbd5, 0xfd59, 
	0xfebc, 0xff1e, 0xff7f, 0xff9f, 0xff9f, 0xff9f, 0xffbf, 0xffbf, 0xffdf, 0xffdf, 0xffbf, 0xfedc, 0xfcb7, 0xfad2, 0xfa92, 0xfad2, 
	0xfa92, 0xfab2, 0xf2f2, 0xfb94, 0xfcf8, 0xfe7c, 0xff3d, 0xff7e, 0xff9f, 0xff9f, 0xffbf, 0xffbe, 0xf75e, 0xfe9c, 0xfd59, 0xfbf5, 
	0xfab2, 0xfab2, 0xfab2, 0xfa92, 0xfab2, 0xfab2, 0xfc36, 0xfe7c, 0xff7e, 0xfefd, 0xfd79, 0xfb53, 0xfa92, 0xfad2, 0xfab2, 0xfab2, 
	0xfad2, 0xfa71, 0xfab2, 0xfab2, 0xf2f2, 0xfcd7, 0xfebd, 0xff5e, 0xfefd, 0xfd18, 0xfb13, 0xfab2, 0xfab2, 0xfa92, 0xfad2, 0xfbf5, 
	0xf5b9, 0xfe9c, 0xff5e, 0xffbf, 0xffdf, 0xffdf, 0xffbf, 0xffbf, 0xffdf, 0xff9e, 0xff3e, 0xfe9c, 0xfd38, 0xfb94, 0xfab2, 0xfab2, 
	0xf2d2, 0xfad2, 0xfad3, 0xfcb7, 0xfebd, 0xffbf, 0xff1e, 0xfcf8, 0xfaf3, 0xfab2, 0xfa92, 0xfab2, 0xfab2, 0xfab2, 0xfab2, 0xfab2, 
	0xfa92, 0xfb33, 0xfd39, 0xfefd, 0xff7e, 0xfebd, 0xfcb7, 0xfad2, 0xfad2, 0xfc16, 0xfe5b, 0xff7f, 0xff5e, 0xfdda, 0xfb54, 0xfab2, 
	0xfab2, 0xfab2, 0xfab2, 0xfab2, 0xfab2, 0xfab2, 0xfab2, 0xfaf3, 0xfc97, 0xfebc, 0xff9e, 0xff1d, 0xfd59, 0xfb13, 0xfad3, 0xfad2, 
	0xfad2, 0xfad2, 0xfab2, 0xfab2, 0xfa92, 0xfb53, 0xf599, 0xff3e, 0xff7e, 0xfe3b, 0xfc36, 0xfab2, 0xfad2, 0xfad2, 0xfab2, 0xfab2, 
	0xfad2, 0xfab2, 0xfa92, 0xfab2, 0xfbb4, 0xfdfa, 0xff5e, 0xffbe, 0xffbf, 0xffbf, 0xffbf, 0xffbf, 0xffbf, 0xffbf, 0xffbf, 0xffbf, 
	0xff9e, 0xff9e, 0xfefd, 0xfdda, 0xfc36, 0xfaf2, 0xfab2, 0xfab2, 0xfab2, 0xfab2, 0xfab2, 0xfab2, 0xfab2, 0xfab2, 0xfab2, 0xfab2, 
	0xfad2, 0xfa92, 0xeb94, 0xbe5b, 0xaefd, 0xaefc, 0xaedc, 0xb6dd, 0xaedc, 0xaedc, 0xaedc, 0xaedc, 0xaedc, 0xaedc, 0xaedc, 0xaedc, 
	0xaedc, 0xaedc, 0xaedc, 0xaedc, 0xaedc, 0xaedc, 0xaedc, 0xaedc, 0xaedc, 0xaedc, 0xaedc, 0xaedc, 0xaedc, 0xaedc, 0xaedc, 0xaedc, 
	0xaedc, 0xaedc, 0xaedc, 0xaedc, 0xaedc, 0xaedc, 0xaedc, 0xaedc, 0xaedc, 0xaedc, 0xaedc, 0xaedc, 0xaedc, 0xaedc, 0xaedc, 0xaedc, 
	0xaedc, 0xaedc, 0xaedc, 0xaedc, 0xaedc, 0xaedc, 0xaedc, 0xaedc, 0xb6dd, 0xaedc, 0xb6dd, 0xb6dd, 0xaedc, 0xbd99, 0xfa11, 0xf98f, 
	0xf9b0, 0xf9b0, 0xf9b0, 0xf9b0, 0xf9b0, 0xf9b0, 0xf9b0, 0xf9b0, 0xf9b0, 0xf9b0, 0xf9b0, 0xf9d0, 0xf9d0, 0xf98f, 0xf98f, 0xf231, 
	0xf2f2, 0xfb74, 0xfc36, 0xfcb7, 0xfd18, 0xfd39, 0xfd39, 0xfd39, 0xfd18, 0xfd18, 0xfcf8, 0xfc15, 0xfb13, 0xfa92, 0xfa92, 0xfad2, 
	0xfab2, 0xfaf2, 0xfab2, 0xfa92, 0xfad3, 0xfb94, 0xfc56, 0xfcb7, 0xfcf8, 0xfd18, 0xfd18, 0xfcf8, 0xfc56, 0xfb94, 0xfaf3, 0xfa71, 
	0xfab2, 0xfad2, 0xfad2, 0xfa92, 0xfab2, 0xfab2, 0xfad2, 0xfbd5, 0xfcd7, 0xfc76, 0xfb94, 0xfab2, 0xfab2, 0xfad2, 0xfab2, 0xfab2, 
	0xfab2, 0xfab2, 0xfab2, 0xfab2, 0xfab2, 0xfb13, 0xfc36, 0xf518, 0xfc56, 0xf313, 0xfad2, 0xfab2, 0xf2b2, 0xfad3, 0xfa92, 0xf2d2, 
	0xf313, 0xfbd5, 0xfc77, 0xfcd8, 0xfd18, 0xfd18, 0xfd18, 0xfd18, 0xfcf8, 0xfcf8, 0xfc56, 0xfb74, 0xfaf3, 0xfa91, 0xfa92, 0xfad3, 
	0xfa92, 0xfab2, 0xfa92, 0xfb33, 0xfc15, 0xf4b7, 0xfc56, 0xfaf2, 0xfab2, 0xfa92, 0xfab2, 0xfab2, 0xfab2, 0xfab2, 0xfad2, 0xfab2, 
	0xfab2, 0xfab2, 0xfb33, 0xfc57, 0xfcf8, 0xf415, 0xfb33, 0xfa91, 0xfa92, 0xfad2, 0xfbf5, 0xfcb7, 0xfc97, 0xf394, 0xfa71, 0xfa92, 
	0xfab2, 0xfab2, 0xfab2, 0xfab2, 0xfab2, 0xfab2, 0xfab2, 0xfab2, 0xfad2, 0xfc16, 0xfcb7, 0xfc56, 0xfb33, 0xfa71, 0xfab2, 0xfa92, 
	0xfab2, 0xfab2, 0xfa92, 0xfad2, 0xfab2, 0xfa92, 0xfb74, 0xfc97, 0xfcd7, 0xfbf5, 0xfaf3, 0xfab2, 0xfad2, 0xfab2, 0xfa92, 0xfab2, 
	0xf2f2, 0xfad2, 0xfab2, 0xfab2, 0xf2d2, 0xfb94, 0xfcb7, 0xf518, 0xfd18, 0xfd18, 0xfd18, 0xfd18, 0xfd18, 0xfd18, 0xfd18, 0xfd18, 
	0xfcd7, 0xfcb7, 0xfc15, 0xfb54, 0xfa92, 0xfa92, 0xfb13, 0xf2b2, 0xfab2, 0xfab2, 0xfab2, 0xfab2, 0xfab2, 0xfab2, 0xfab2, 0xfab2, 
	0xfab2, 0xfab2, 0xe3d5, 0xbe5b, 0xaedd, 0xaedc, 0xb6dc, 0xb6bd, 0xaedc, 0xaedc, 0xaedc, 0xaedc, 0xaedc, 0xaedc, 0xaedc, 0xaedc, 
	0xaedc, 0xaedc, 0xaedc, 0xaedc, 0xaedc, 0xaedc, 0xaedc, 0xaedc, 0xaedc, 0xaedc, 0xaedc, 0xaedc, 0xaedc, 0xaedc, 0xaedc, 0xaedc, 
	0xaedc, 0xaedc, 0xaedc, 0xaedc, 0xaedc, 0xaedc, 0xaedc, 0xaedc, 0xaedc, 0xaedc, 0xaedc, 0xaedc, 0xaedc, 0xaedc, 0xaedc, 0xaedc, 
	0xaedc, 0xaedc, 0xaedc, 0xaedc, 0xaedc, 0xaedc, 0xaedc, 0xaedc, 0xaedc, 0xaedc, 0xb6fd, 0xb6bc, 0xaefc, 0xbdb9, 0xfa52, 0xf98f, 
	0xf9b0, 0xf9b0, 0xf9b0, 0xf9b0, 0xf9b0, 0xf9b0, 0xf9b0, 0xf9b0, 0xf9b0, 0xf1af, 0xf98f, 0xf98f, 0xf1af, 0xf9d0, 0xf9b0, 0xf970, 
	0xf98f, 0xf9b0, 0xf9f0, 0xfa71, 0xfad2, 0xfaf3, 0xfab2, 0xfab2, 0xfaf3, 0xfaf2, 0xfaf3, 0xfa92, 0xfa92, 0xfad3, 0xfad2, 0xfa92, 
	0xfab2, 0xfab2, 0xfab2, 0xfab3, 0xfab2, 0xfa91, 0xfa92, 0xfaf3, 0xfad2, 0xfaf2, 0xfaf2, 0xfad2, 0xfa92, 0xfa92, 0xfab2, 0xfaf3, 
	0xfad2, 0xfa91, 0xfad2, 0xfab2, 0xfab2, 0xfad2, 0xfab2, 0xfa92, 0xfab2, 0xfad2, 0xfa92, 0xfa92, 0xfad2, 0xf2b2, 0xfab2, 0xfab2, 
	0xfab2, 0xfad2, 0xfab2, 0xfab2, 0xfab2, 0xfa71, 0xfa92, 0xf2f2, 0xfab2, 0xfab2, 0xfad2, 0xfa92, 0xfab2, 0xfad2, 0xfa92, 0xfab2, 
	0xfa92, 0xfab2, 0xfab2, 0xfab2, 0xfad3, 0xfad3, 0xfad2, 0xfaf3, 0xfaf3, 0xf313, 0xf2d2, 0xfa71, 0xfa92, 0xfad2, 0xfab2, 0xfab2, 
	0xfab3, 0xfab2, 0xfab2, 0xfad2, 0xfab2, 0xfab2, 0xfab2, 0xfad2, 0xfab2, 0xfab2, 0xfab2, 0xfab2, 0xfab2, 0xfab2, 0xfad2, 0xfa92, 
	0xfad2, 0xfad2, 0xfa92, 0xfab2, 0xfad2, 0xf291, 0xfab2, 0xfad2, 0xfad2, 0xfab2, 0xfad2, 0xfab2, 0xfa92, 0xfab2, 0xfab2, 0xfad2, 
	0xfab2, 0xfab2, 0xfab2, 0xfab2, 0xfab2, 0xfab2, 0xfab2, 0xfab2, 0xfab2, 0xfab2, 0xfad3, 0xfa92, 0xfa92, 0xfad2, 0xfad2, 0xfab2, 
	0xfab2, 0xfab2, 0xfa92, 0xfad2, 0xfad2, 0xfa92, 0xfa91, 0xfab2, 0xf2d2, 0xfa92, 0xfa92, 0xfad2, 0xfad2, 0xfa92, 0xfa92, 0xfad2, 
	0xfa92, 0xfa92, 0xfab2, 0xfad3, 0xfab2, 0xfa92, 0xfad3, 0xf2f2, 0xfad2, 0xfad2, 0xfad2, 0xfad2, 0xfad2, 0xfad2, 0xfad2, 0xfad2, 
	0xfad3, 0xfab2, 0xfab2, 0xfa92, 0xfa92, 0xfab2, 0xfad2, 0xfa92, 0xfab2, 0xfab2, 0xfab2, 0xfab2, 0xfab2, 0xfab2, 0xfab2, 0xfab2, 
	0xfab2, 0xfad2, 0xdc56, 0xb67c, 0xaedd, 0xaedc, 0xaedc, 0xaedd, 0xaedc, 0xaedc, 0xaedc, 0xaedc, 0xaedc, 0xaedc, 0xaedc, 0xaedc, 
	0xaedc, 0xaedc, 0xaedc, 0xaedc, 0xaedc, 0xaedc, 0xaedc, 0xaedc, 0xaedc, 0xaedc, 0xaedc, 0xaedc, 0xaedc, 0xaedc, 0xaedc, 0xaedc, 
	0xaedc, 0xaedc, 0xaedc, 0xaedc, 0xaedc, 0xaedc, 0xaedc, 0xaedc, 0xaedc, 0xaedc, 0xaedc, 0xaedc, 0xaedc, 0xaedc, 0xaedc, 0xaedc, 
	0xaedc, 0xaedc, 0xaedc, 0xaedc, 0xaedc, 0xaedc, 0xaedc, 0xaedc, 0xaedc, 0xaedc, 0xaedd, 0xb6bc, 0xa71d, 0xbdfa, 0xf292, 0xf9af, 
	0xf9b0, 0xf9b0, 0xf9b0, 0xf9b0, 0xf9b0, 0xf9b0, 0xf9b0, 0xf9b0, 0xf9af, 0xf9b0, 0xf9b0, 0xf9af, 0xf990, 0xf990, 0xf18f, 0xf9b0, 
	0xf9b0, 0xf990, 0xf990, 0xf9f1, 0xfa92, 0xfad2, 0xfab2, 0xfad2, 0xfab2, 0xfab2, 0xfad2, 0xfab2, 0xfab2, 0xfab2, 0xfab2, 0xfab2, 
	0xfab2, 0xfa92, 0xfab2, 0xfab3, 0xfab2, 0xfab2, 0xfad2, 0xfa92, 0xfab2, 0xfad3, 0xfab2, 0xfab2, 0xfad2, 0xfad2, 0xfab2, 0xfa92, 
	0xf2d2, 0xfa92, 0xfab2, 0xfab2, 0xfab2, 0xfad2, 0xfab2, 0xfad3, 0xfab2, 0xfaf3, 0xfab2, 0xfa92, 0xfab2, 0xfab2, 0xfad2, 0xfa92, 
	0xfab2, 0xfa92, 0xfab2, 0xfab2, 0xfab2, 0xfad2, 0xfad2, 0xfa92, 0xfa92, 0xf2d2, 0xfa92, 0xfa92, 0xfad2, 0xfab2, 0xfad2, 0xfab2, 
	0xfa92, 0xfab2, 0xfad2, 0xfab2, 0xfab2, 0xfab2, 0xfab3, 0xfab2, 0xfa92, 0xfab2, 0xfad3, 0xfab2, 0xf2d2, 0xfad2, 0xfa92, 0xfab2, 
	0xf2d2, 0xfa92, 0xfab2, 0xfab2, 0xfad2, 0xfab2, 0xfa92, 0xf2d2, 0xfad2, 0xfab2, 0xfab2, 0xfab2, 0xfab2, 0xfab2, 0xfad2, 0xfa92, 
	0xfab2, 0xfab2, 0xfad2, 0xf2b2, 0xfab2, 0xfad3, 0xfa92, 0xfab2, 0xfa92, 0xfab2, 0xf2b2, 0xfab2, 0xfa92, 0xf2d2, 0xfad2, 0xfa71, 
	0xfab2, 0xfab2, 0xfab2, 0xfab2, 0xfab2, 0xfab2, 0xfad2, 0xfa92, 0xfad2, 0xfa92, 0xfab2, 0xfab2, 0xfad3, 0xfad3, 0xf271, 0xfad2, 
	0xfab2, 0xfab2, 0xfab2, 0xfab2, 0xf2b2, 0xfab2, 0xfad2, 0xfab2, 0xfad2, 0xfab2, 0xfab2, 0xfad2, 0xfa92, 0xfab2, 0xfab2, 0xf2b2, 
	0xfad2, 0xfad2, 0xfa92, 0xfab2, 0xfad3, 0xfab2, 0xfab2, 0xfab2, 0xfab2, 0xfab2, 0xfab2, 0xfab2, 0xfab2, 0xfab2, 0xfab2, 0xfab2, 
	0xfab2, 0xfab2, 0xfad3, 0xfad2, 0xfab2, 0xfab3, 0xfa92, 0xfad2, 0xfab2, 0xfab2, 0xfab2, 0xfab2, 0xfab2, 0xfab2, 0xfab2, 0xfab2, 
	0xfab2, 0xfaf3, 0xdc97, 0xb69c, 0xaedd, 0xaedc, 0xaedc, 0xaedd, 0xaedc, 0xaedc, 0xaedc, 0xaedc, 0xaedc, 0xaedc, 0xaedc, 0xaedc, 
	0xaedc, 0xaedc, 0xaedc, 0xaedc, 0xaedc, 0xaedc, 0xaedc, 0xaedc, 0xaedc, 0xaedc, 0xaedc, 0xaedc, 0xaedc, 0xaedc, 0xaedc, 0xaedc, 
	0xaedc, 0xaedc, 0xaedc, 0xaedc, 0xaedc, 0xaedc, 0xaedc, 0xaedc, 0xaedc, 0xaedc, 0xaedc, 0xaedc, 0xaedc, 0xaedc, 0xaedc, 0xaedc, 
	0xaedc, 0xaedc, 0xaedc, 0xaedc, 0xaedc, 0xaedc, 0xaedc, 0xaedc, 0xaedc, 0xb6bc, 0xaedd, 0xb6dd, 0xb6dc, 0xb69b, 0xdc56, 0xf990, 
	0xf9b0, 0xf990, 0xf1b0, 0xf9b0, 0xf990, 0xf98f, 0xf9af, 0xf9af, 0xf9b0, 0xf9b0, 0xf9b0, 0xf9b0, 0xf9b0, 0xf9b0, 0xf9b0, 0xf9b0, 
	0xf990, 0xf9b0, 0xf9b0, 0xf9f0, 0xfa51, 0xfab2, 0xfad2, 0xfab2, 0xfab2, 0xfab2, 0xfab2, 0xfab2, 0xfab2, 0xfab2, 0xfab2, 0xfab2, 
	0xfab2, 0xfab2, 0xfab2, 0xfab2, 0xfab2, 0xfab2, 0xfab2, 0xfab2, 0xfab2, 0xfab2, 0xfab2, 0xfab2, 0xfab2, 0xfab2, 0xfab2, 0xfab2, 
	0xfab2, 0xfab2, 0xfab2, 0xfab2, 0xfab2, 0xfab2, 0xfab2, 0xfab2, 0xfab2, 0xfab2, 0xfab2, 0xfab2, 0xfab2, 0xfab2, 0xfab2, 0xfab2, 
	0xfab2, 0xfab2, 0xfab2, 0xfab2, 0xfab2, 0xfab2, 0xfab2, 0xfab2, 0xfab2, 0xfab2, 0xfab2, 0xfab2, 0xfab2, 0xfab2, 0xfab2, 0xfab2, 
	0xfab2, 0xfab2, 0xfab2, 0xfab2, 0xfab2, 0xfab2, 0xfab2, 0xfab2, 0xfab2, 0xfab2, 0xfab2, 0xfab2, 0xfab2, 0xfab2, 0xfab2, 0xfab2, 
	0xfab2, 0xfab2, 0xfab2, 0xfab2, 0xfab2, 0xfab2, 0xfab2, 0xfab2, 0xfab2, 0xfab2, 0xfab2, 0xfab2, 0xfab2, 0xfab2, 0xfab2, 0xfab2, 
	0xfab2, 0xfab2, 0xfab2, 0xfab2, 0xfab2, 0xfab2, 0xfab2, 0xfab2, 0xfab2, 0xfab2, 0xfab2, 0xfab2, 0xfab2, 0xfab2, 0xfab2, 0xfab2, 
	0xfab2, 0xfab2, 0xfab2, 0xfab2, 0xfab2, 0xfab2, 0xfab2, 0xfab2, 0xfab2, 0xfab2, 0xfab2, 0xfab2, 0xfab2, 0xfab2, 0xfab2, 0xfab2, 
	0xfab2, 0xfab2, 0xfab2, 0xfab2, 0xfab2, 0xfab2, 0xfab2, 0xfab2, 0xfab2, 0xfab2, 0xfab2, 0xfab2, 0xfab2, 0xfab2, 0xfab2, 0xfab2, 
	0xfab2, 0xfab2, 0xfab2, 0xfab2, 0xfab2, 0xfab2, 0xfab2, 0xfa92, 0xfab2, 0xfab2, 0xfab2, 0xfab2, 0xfab2, 0xfab2, 0xfab2, 0xfab2, 
	0xfab2, 0xfab2, 0xfab2, 0xfab2, 0xfab2, 0xfab2, 0xfab2, 0xfab2, 0xfab2, 0xfab2, 0xfab2, 0xfab2, 0xfab2, 0xfad2, 0xfad2, 0xfab2, 
	0xfab2, 0xf354, 0xc599, 0xaefc, 0xaedc, 0xaedc, 0xb6fd, 0xaebc, 0xaedc, 0xaedc, 0xaedc, 0xaedc, 0xaedc, 0xaedc, 0xaedc, 0xaedc, 
	0xaedc, 0xaedc, 0xaedc, 0xaedc, 0xaedc, 0xaedc, 0xaedc, 0xaedc, 0xaedc, 0xaedc, 0xaedc, 0xaedc, 0xaedc, 0xaedc, 0xaedc, 0xaedc, 
	0xaedc, 0xaedc, 0xaedc, 0xaedc, 0xaedc, 0xaedc, 0xaedc, 0xaedc, 0xaedc, 0xaedc, 0xaedc, 0xaedc, 0xaedc, 0xaedc, 0xaedc, 0xaedc, 
	0xaedc, 0xaedc, 0xaedc, 0xaedc, 0xaedc, 0xaedc, 0xaedc, 0xaedc, 0xaedc, 0xaedc, 0xaefd, 0xaedd, 0xb6bc, 0xaedc, 0xc558, 0xf2b3, 
	0xf98f, 0xf98f, 0xf18f, 0xf98f, 0xf98f, 0xf9b0, 0xf9d0, 0xf9b0, 0xf9b0, 0xf9b0, 0xf9b0, 0xf9b0, 0xf9b0, 0xf9b0, 0xf9b0, 0xf9b0, 
	0xf990, 0xf990, 0xf9b0, 0xf9d0, 0xfa11, 0xfa92, 0xfab2, 0xfab2, 0xfab3, 0xfab3, 0xfad3, 0xfad3, 0xfab2, 0xfab2, 0xfab2, 0xf2d2, 
	0xfab2, 0xfab2, 0xfab2, 0xfab2, 0xfab2, 0xfab2, 0xfab2, 0xfab2, 0xfab2, 0xfab2, 0xfab2, 0xfab2, 0xfab2, 0xfab2, 0xfab2, 0xfab2, 
	0xfab2, 0xfab2, 0xfab2, 0xfab2, 0xfab2, 0xfab2, 0xfab2, 0xfab2, 0xfab2, 0xfab2, 0xfab2, 0xfab2, 0xfab2, 0xfab2, 0xfab2, 0xfab2, 
	0xfab2, 0xfab2, 0xfab2, 0xfab2, 0xfab2, 0xfab2, 0xfab2, 0xfab2, 0xfab2, 0xfab2, 0xfab2, 0xfab2, 0xfab2, 0xfab2, 0xfab2, 0xfab2, 
	0xfab2, 0xfab2, 0xfab2, 0xfab2, 0xfab2, 0xfab2, 0xfab2, 0xfab2, 0xfab2, 0xfab2, 0xfab2, 0xfab2, 0xfab2, 0xfab2, 0xfab2, 0xfab2, 
	0xfab2, 0xfab2, 0xfab2, 0xfab2, 0xfab2, 0xfab2, 0xfab2, 0xfab2, 0xfab2, 0xfab2, 0xfab2, 0xfab2, 0xfab2, 0xfab2, 0xfab2, 0xfab2, 
	0xfab2, 0xfab2, 0xfab2, 0xfab2, 0xfab2, 0xfab2, 0xfab2, 0xfab2, 0xfab2, 0xfab2, 0xfab2, 0xfab2, 0xfab2, 0xfab2, 0xfab2, 0xfab2, 
	0xfab2, 0xfab2, 0xfab2, 0xfab2, 0xfab2, 0xfab2, 0xfab2, 0xfab2, 0xfab2, 0xfab2, 0xfab2, 0xfab2, 0xfab2, 0xfab2, 0xfab2, 0xfab2, 
	0xfab2, 0xfab2, 0xfab2, 0xfab2, 0xfab2, 0xfab2, 0xfab2, 0xfab2, 0xfab2, 0xfab2, 0xfab2, 0xfab2, 0xfab2, 0xfab2, 0xfab2, 0xfab2, 
	0xfa92, 0xfab2, 0xfab2, 0xfab2, 0xfab2, 0xfab2, 0xfad2, 0xfad2, 0xfab2, 0xfab2, 0xfab2, 0xfab2, 0xfab2, 0xfab2, 0xfab2, 0xfab2, 
	0xfab2, 0xfab2, 0xfab2, 0xfab2, 0xfab2, 0xfab2, 0xfab2, 0xfab2, 0xfa92, 0xfad3, 0xfad2, 0xfab2, 0xfa92, 0xfab2, 0xfab2, 0xfa92, 
	0xfab2, 0xdc76, 0xb67b, 0xaefd, 0xb6dd, 0xaedc, 0xaedc, 0xb6dd, 0xaedc, 0xaedc, 0xaedc, 0xaedc, 0xaedc, 0xaedc, 0xaedc, 0xaedc, 
	0xaedc, 0xaedc, 0xaedc, 0xaedc, 0xaedc, 0xaedc, 0xaedc, 0xaedc, 0xaedc, 0xaedc, 0xaedc, 0xaedc, 0xaedc, 0xaedc, 0xaedc, 0xaedc, 
	0xaedc, 0xaedc, 0xaedc, 0xaedc, 0xaedc, 0xaedc, 0xaedc, 0xaedc, 0xaedc, 0xaedc, 0xaedc, 0xaedc, 0xaedc, 0xaedc, 0xaedc, 0xaedc, 
	0xaedc, 0xaedc, 0xaedc, 0xaedc, 0xaedc, 0xaedc, 0xaedc, 0xaedc, 0xaedc, 0xaedc, 0xaefd, 0xaedc, 0xb6bc, 0xaf1d, 0xae7b, 0xdc77, 
	0xf210, 0xf1f0, 0xf9cf, 0xf9f0, 0xf9cf, 0xf1af, 0xf990, 0xf990, 0xf9b0, 0xf9b0, 0xf9b0, 0xf9b0, 0xf9b0, 0xf9b0, 0xf9b0, 0xf9b0, 
	0xf9b0, 0xf9b0, 0xf9b0, 0xf9b0, 0xf9f0, 0xfa51, 0xfa92, 0xfad2, 0xfa92, 0xfa92, 0xfab2, 0xfa92, 0xfa92, 0xfab2, 0xfab2, 0xfad2, 
	0xfab2, 0xfab2, 0xfab2, 0xfab2, 0xfab2, 0xfab2, 0xfab2, 0xfab2, 0xfab2, 0xfab2, 0xfab2, 0xfab2, 0xfab2, 0xfab2, 0xfab2, 0xfab2, 
	0xfab2, 0xfab2, 0xfab2, 0xfab2, 0xfab2, 0xfab2, 0xfab2, 0xfab2, 0xfab2, 0xfab2, 0xfab2, 0xfab2, 0xfab2, 0xfab2, 0xfab2, 0xfab2, 
	0xfab2, 0xfab2, 0xfab2, 0xfab2, 0xfab2, 0xfab2, 0xfab2, 0xfab2, 0xfab2, 0xfab2, 0xfab2, 0xfab2, 0xfab2, 0xfab2, 0xfab2, 0xfab2, 
	0xfab2, 0xfab2, 0xfab2, 0xfab2, 0xfab2, 0xfab2, 0xfab2, 0xfab2, 0xfab2, 0xfab2, 0xfab2, 0xfab2, 0xfab2, 0xfab2, 0xfab2, 0xfab2, 
	0xfab2, 0xfab2, 0xfab2, 0xfab2, 0xfab2, 0xfab2, 0xfab2, 0xfab2, 0xfab2, 0xfab2, 0xfab2, 0xfab2, 0xfab2, 0xfab2, 0xfab2, 0xfab2, 
	0xfab2, 0xfab2, 0xfab2, 0xfab2, 0xfab2, 0xfab2, 0xfab2, 0xfab2, 0xfab2, 0xfab2, 0xfab2, 0xfab2, 0xfab2, 0xfab2, 0xfab2, 0xfab2, 
	0xfab2, 0xfab2, 0xfab2, 0xfab2, 0xfab2, 0xfab2, 0xfab2, 0xfab2, 0xfab2, 0xfab2, 0xfab2, 0xfab2, 0xfab2, 0xfab2, 0xfab2, 0xfab2, 
	0xfab2, 0xfab2, 0xfab2, 0xfab2, 0xfab2, 0xfab2, 0xfab2, 0xfab2, 0xfab2, 0xfab2, 0xfab2, 0xfab2, 0xfab2, 0xfab2, 0xfab2, 0xfab2, 
	0xfab2, 0xfab2, 0xfab3, 0xfab3, 0xfab2, 0xfab2, 0xfab2, 0xf2b2, 0xfab2, 0xfab2, 0xfab2, 0xfab2, 0xfab2, 0xfab2, 0xfab2, 0xfab2, 
	0xfab2, 0xfab2, 0xfab2, 0xfab2, 0xfab2, 0xfab2, 0xfab2, 0xfab2, 0xfab2, 0xf292, 0xfab2, 0xfab2, 0xfab2, 0xfab2, 0xfab2, 0xfab2, 
	0xf3b5, 0xbdd9, 0xaefc, 0xaedc, 0xb6dd, 0xaedc, 0xaedc, 0xaefd, 0xaedc, 0xaedc, 0xaedc, 0xaedc, 0xaedc, 0xaedc, 0xaedc, 0xaedc, 
	0xaedc, 0xaedc, 0xaedc, 0xaedc, 0xaedc, 0xaedc, 0xaedc, 0xaedc, 0xaedc, 0xaedc, 0xaedc, 0xaedc, 0xaedc, 0xaedc, 0xaedc, 0xaedc, 
	0xaedc, 0xaedc, 0xaedc, 0xaedc, 0xaedc, 0xaedc, 0xaedc, 0xaedc, 0xaedc, 0xaedc, 0xaedc, 0xaedc, 0xaedc, 0xaedc, 0xaedc, 0xaedc, 
	0xaedc, 0xaedc, 0xaedc, 0xaedc, 0xaedc, 0xaedc, 0xaedc, 0xaedc, 0xaedc, 0xaedc, 0xaedd, 0xa6dd, 0xaedd, 0xaf1d, 0xaefc, 0xbe1a, 
	0xe3b5, 0xea51, 0xf94f, 0xf96f, 0xf9cf, 0xf9b0, 0xf9b0, 0xf9b0, 0xf9af, 0xf9af, 0xf9af, 0xf9af, 0xf9af, 0xf9af, 0xf9af, 0xf9af, 
	0xf9b0, 0xf9b0, 0xf9af, 0xf98f, 0xf9af, 0xf9f0, 0xfa51, 0xfa92, 0xfad2, 0xfad2, 0xfab2, 0xfa92, 0xfa92, 0xfa92, 0xfab2, 0xfa91, 
	0xfab2, 0xfab2, 0xfab2, 0xfab2, 0xfab2, 0xfab2, 0xfab2, 0xfab2, 0xfab2, 0xfab2, 0xfab2, 0xfab2, 0xfab2, 0xfab2, 0xfab2, 0xfab2, 
	0xfab2, 0xfab2, 0xfab2, 0xfab2, 0xfab2, 0xfab2, 0xfab2, 0xfab2, 0xfab2, 0xfab2, 0xfab2, 0xfab2, 0xfab2, 0xfab2, 0xfab2, 0xfab2, 
	0xfab2, 0xfab2, 0xfab2, 0xfab2, 0xfab2, 0xfab2, 0xfab2, 0xfab2, 0xfab2, 0xfab2, 0xfab2, 0xfab2, 0xfab2, 0xfab2, 0xfab2, 0xfab2, 
	0xfab2, 0xfab2, 0xfab2, 0xfab2, 0xfab2, 0xfab2, 0xfab2, 0xfab2, 0xfab2, 0xfab2, 0xfab2, 0xfab2, 0xfab2, 0xfab2, 0xfab2, 0xfab2, 
	0xfab2, 0xfab2, 0xfab2, 0xfab2, 0xfab2, 0xfab2, 0xfab2, 0xfab2, 0xfab2, 0xfab2, 0xfab2, 0xfab2, 0xfab2, 0xfab2, 0xfab2, 0xfab2, 
	0xfab2, 0xfab2, 0xfab2, 0xfab2, 0xfab2, 0xfab2, 0xfab2, 0xfab2, 0xfab2, 0xfab2, 0xfab2, 0xfab2, 0xfab2, 0xfab2, 0xfab2, 0xfab2, 
	0xfab2, 0xfab2, 0xfab2, 0xfab2, 0xfab2, 0xfab2, 0xfab2, 0xfab2, 0xfab2, 0xfab2, 0xfab2, 0xfab2, 0xfab2, 0xfab2, 0xfab2, 0xfab2, 
	0xfab2, 0xfab2, 0xfab2, 0xfab2, 0xfab2, 0xfab2, 0xfab2, 0xfab2, 0xfab2, 0xfab2, 0xfab2, 0xfab2, 0xfab2, 0xfab2, 0xfab2, 0xfab2, 
	0xfab2, 0xfab2, 0xfa92, 0xfab2, 0xfab2, 0xfab2, 0xfab2, 0xfab2, 0xfab2, 0xfab2, 0xfab2, 0xfab2, 0xfab2, 0xfab2, 0xfab2, 0xfab2, 
	0xfab2, 0xfab2, 0xfab2, 0xfab2, 0xfab2, 0xfab2, 0xfab2, 0xfab2, 0xfad3, 0xfa92, 0xfab2, 0xf2d2, 0xfab2, 0xfa92, 0xfaf3, 0xeb94, 
	0xcd79, 0xb6bc, 0xb6dd, 0xb69c, 0xaedc, 0xb6dc, 0xaedc, 0xaefd, 0xaedc, 0xaedc, 0xaedc, 0xaedc, 0xaedc, 0xaedc, 0xaedc, 0xaedc, 
	0xaedc, 0xaedc, 0xaedc, 0xaedc, 0xaedc, 0xaedc, 0xaedc, 0xaedc, 0xaedc, 0xaedc, 0xaedc, 0xaedc, 0xaedc, 0xaedc, 0xaedc, 0xaedc, 
	0xaedc, 0xaedc, 0xaedc, 0xaedc, 0xaedc, 0xaedc, 0xaedc, 0xaedc, 0xaedc, 0xaedc, 0xaedc, 0xaedc, 0xaedc, 0xaedc, 0xaedc, 0xaedc, 
	0xaedc, 0xaedc, 0xaedc, 0xaedc, 0xaedc, 0xaedc, 0xaedc, 0xaedc, 0xaedc, 0xb6bc, 0xaedc, 0xb6dd, 0xb6dd, 0xaefd, 0xaedd, 0xaedc, 
	0xbe5b, 0xdc57, 0xfa72, 0xf9d0, 0xf1af, 0xf9af, 0xf9af, 0xf9b0, 0xf9cf, 0xf9cf, 0xf9cf, 0xf9cf, 0xf9cf, 0xf9cf, 0xf9cf, 0xf9cf, 
	0xf1af, 0xf9cf, 0xf9af, 0xf9af, 0xf9af, 0xf9d0, 0xfa10, 0xfa51, 0xfab1, 0xfab2, 0xfab2, 0xfab2, 0xfad2, 0xfad2, 0xfad2, 0xfad2, 
	0xfad2, 0xfad2, 0xfad2, 0xfad2, 0xfad2, 0xfad2, 0xfad2, 0xfad2, 0xfad2, 0xfad2, 0xfad2, 0xfad2, 0xfad2, 0xfad2, 0xfad2, 0xfad2, 
	0xfad2, 0xfad2, 0xfad2, 0xfad2, 0xfad2, 0xfad2, 0xfad2, 0xfad2, 0xfad2, 0xfad2, 0xfad2, 0xfad2, 0xfad2, 0xfad2, 0xfad2, 0xfad2, 
	0xfad2, 0xfad2, 0xfad2, 0xfad2, 0xfad2, 0xfad2, 0xfad2, 0xfad2, 0xfad2, 0xfad2, 0xfad2, 0xfad2, 0xfad2, 0xfad2, 0xfad2, 0xfad2, 
	0xfad2, 0xfad2, 0xfad2, 0xfad2, 0xfad2, 0xfad2, 0xfad2, 0xfad2, 0xfad2, 0xfad2, 0xfad2, 0xfad2, 0xfad2, 0xfad2, 0xfad2, 0xfad2, 
	0xfad2, 0xfad2, 0xfad2, 0xfad2, 0xfad2, 0xfad2, 0xfad2, 0xfad2, 0xfad2, 0xfad2, 0xfad2, 0xfad2, 0xfad2, 0xfad2, 0xfad2, 0xfad2, 
	0xfad2, 0xfad2, 0xfad2, 0xfad2, 0xfad2, 0xfad2, 0xfad2, 0xfad2, 0xfad2, 0xfad2, 0xfad2, 0xfad2, 0xfad2, 0xfad2, 0xfad2, 0xfad2, 
	0xfad2, 0xfad2, 0xfad2, 0xfad2, 0xfad2, 0xfad2, 0xfad2, 0xfad2, 0xfad2, 0xfad2, 0xfad2, 0xfad2, 0xfad2, 0xfad2, 0xfad2, 0xfad2, 
	0xfad2, 0xfad2, 0xfad2, 0xfad2, 0xfad2, 0xfad2, 0xfad2, 0xfad2, 0xfad2, 0xfad2, 0xfad2, 0xfad2, 0xfad2, 0xfad2, 0xfad2, 0xfad2, 
	0xfad2, 0xfab2, 0xfab2, 0xfab2, 0xfa92, 0xfa91, 0xfa92, 0xfab2, 0xfab2, 0xfab2, 0xfab2, 0xfab2, 0xfab2, 0xfab2, 0xfab2, 0xfab2, 
	0xfab2, 0xfab2, 0xfab2, 0xfab2, 0xfab2, 0xfab2, 0xfab2, 0xfab2, 0xf2d2, 0xfab2, 0xfad2, 0xf2d2, 0xfa92, 0xfaf3, 0xe416, 0xcd79, 
	0xb6bc, 0xaedc, 0xb6bd, 0xaebc, 0xaedc, 0xb6dc, 0xaefc, 0xaedc, 0xaedc, 0xaedc, 0xaedc, 0xaedc, 0xaedc, 0xaedc, 0xaedc, 0xaedc, 
	0xaedc, 0xaedc, 0xaedc, 0xaedc, 0xaedc, 0xaedc, 0xaedc, 0xaedc, 0xaedc, 0xaedc, 0xaedc, 0xaedc, 0xaedc, 0xaedc, 0xaedc, 0xaedc, 
	0xaedc, 0xaedc, 0xaedc, 0xaedc, 0xaedc, 0xaedc, 0xaedc, 0xaedc, 0xaedc, 0xaedc, 0xaedc, 0xaedc, 0xaedc, 0xaedc, 0xaedc, 0xaedc, 
	0xaedc, 0xaedc, 0xaedc, 0xaedc, 0xaedc, 0xaedc, 0xaedc, 0xaedc, 0xb6dd, 0xaedc, 0xa6fc, 0xbebd, 0xb6bd, 0xa6dc, 0xb6bc, 0xaefd, 
	0xaebc, 0xbe5b, 0xcd59, 0xe3b5, 0xf272, 0xf9f1, 0xf9f1, 0xf9d0, 0xf9d0, 0xf9d0, 0xf9d0, 0xf9d0, 0xf9d0, 0xf9d0, 0xf9d0, 0xf9d0, 
	0xf9d0, 0xf9d0, 0xf9b0, 0xf9b0, 0xf9b0, 0xf9d0, 0xf9d0, 0xf9f1, 0xfa31, 0xfa72, 0xfab2, 0xfad2, 0xfaf3, 0xfaf3, 0xf2d3, 0xf2b3, 
	0xf2b3, 0xf2b3, 0xf2b3, 0xf2b3, 0xf2b3, 0xf2b3, 0xf2b3, 0xf2b3, 0xf2b3, 0xf2b3, 0xf2b3, 0xf2b3, 0xf2b3, 0xf2b3, 0xf2b3, 0xf2b3, 
	0xf2b3, 0xf2b3, 0xf2b3, 0xf2b3, 0xf2b3, 0xf2b3, 0xf2b3, 0xf2b3, 0xf2b3, 0xf2b3, 0xf2b3, 0xf2b3, 0xf2b3, 0xf2b3, 0xf2b3, 0xf2b3, 
	0xf2b3, 0xf2b3, 0xf2b3, 0xf2b3, 0xf2b3, 0xf2b3, 0xf2b3, 0xf2b3, 0xf2b3, 0xf2b3, 0xf2b3, 0xf2b3, 0xf2b3, 0xf2b3, 0xf2b3, 0xf2b3, 
	0xf2b3, 0xf2b3, 0xf2b3, 0xf2b3, 0xf2b3, 0xf2b3, 0xf2b3, 0xf2b3, 0xf2b3, 0xf2b3, 0xf2b3, 0xf2b3, 0xf2b3, 0xf2b3, 0xf2b3, 0xf2b3, 
	0xf2b3, 0xf2b3, 0xf2b3, 0xf2b3, 0xf2b3, 0xf2b3, 0xf2b3, 0xf2b3, 0xf2b3, 0xf2b3, 0xf2b3, 0xf2b3, 0xf2b3, 0xf2b3, 0xf2b3, 0xf2b3, 
	0xf2b3, 0xf2b3, 0xf2b3, 0xf2b3, 0xf2b3, 0xf2b3, 0xf2b3, 0xf2b3, 0xf2b3, 0xf2b3, 0xf2b3, 0xf2b3, 0xf2b3, 0xf2b3, 0xf2b3, 0xf2b3, 
	0xf2b3, 0xf2b3, 0xf2b3, 0xf2b3, 0xf2b3, 0xf2b3, 0xf2b3, 0xf2b3, 0xf2b3, 0xf2b3, 0xf2b3, 0xf2b3, 0xf2b3, 0xf2b3, 0xf2b3, 0xf2b3, 
	0xf2b3, 0xf2b3, 0xf2b3, 0xf2b3, 0xf2b3, 0xf2b3, 0xf2b3, 0xf2b3, 0xf2b3, 0xf2b3, 0xf2b3, 0xf2b3, 0xf2b3, 0xf2b3, 0xf2b3, 0xf2b3, 
	0xfad3, 0xfab3, 0xf2b3, 0xf2d3, 0xfb13, 0xfaf3, 0xfaf3, 0xfaf3, 0xfad3, 0xfad3, 0xfad3, 0xfad3, 0xfad3, 0xfad3, 0xfad3, 0xfad3, 
	0xfad3, 0xfad3, 0xfad3, 0xfad3, 0xfad3, 0xfad3, 0xfad3, 0xfad3, 0xfad2, 0xfaf2, 0xfaf3, 0xfb34, 0xebf6, 0xd4f8, 0xbe1a, 0xaefc, 
	0xb6dd, 0xaebc, 0xaedd, 0xaefd, 0xaedc, 0xaedc, 0xaefc, 0xb6bd, 0xaedc, 0xaedc, 0xaedc, 0xaedc, 0xaedc, 0xaedc, 0xaedc, 0xaedc, 
	0xaedc, 0xaedc, 0xaedc, 0xaedc, 0xaedc, 0xaedc, 0xaedc, 0xaedc, 0xaedc, 0xaedc, 0xaedc, 0xaedc, 0xaedc, 0xaedc, 0xaedc, 0xaedc, 
	0xaedc, 0xaedc, 0xaedc, 0xaedc, 0xaedc, 0xaedc, 0xaedc, 0xaedc, 0xaedc, 0xaedc, 0xaedc, 0xaedc, 0xaedc, 0xaedc, 0xaedc, 0xaedc, 
	0xaedc, 0xaedc, 0xaedc, 0xaedc, 0xaedc, 0xaedc, 0xaedc, 0xaedc, 0xb6bc, 0xaefd, 0xaefc, 0xaedc, 0xb6dc, 0xaedc, 0xb6bc, 0xaedd, 
	0xa6fc, 0xa71d, 0xb6dc, 0xbe3b, 0xbdb9, 0xc579, 0xccd7, 0xd436, 0xdc36, 0xdc36, 0xdc36, 0xdc36, 0xdc36, 0xdc36, 0xdc36, 0xdc36, 
	0xdc36, 0xdc36, 0xdc36, 0xdc36, 0xdc36, 0xdc36, 0xdc36, 0xdc36, 0xd436, 0xdc56, 0xdc96, 0xd4b7, 0xccb7, 0xcc77, 0xbbd6, 0xb355, 
	0xbb75, 0xbb75, 0xbb75, 0xbb75, 0xbb75, 0xbb75, 0xbb75, 0xbb75, 0xbb75, 0xbb75, 0xbb75, 0xbb75, 0xbb75, 0xbb75, 0xbb75, 0xbb75, 
	0xbb75, 0xbb75, 0xbb75, 0xbb75, 0xbb75, 0xbb75, 0xbb75, 0xbb75, 0xbb75, 0xbb75, 0xbb75, 0xbb75, 0xbb75, 0xbb75, 0xbb75, 0xbb75, 
	0xbb75, 0xbb75, 0xbb75, 0xbb75, 0xbb75, 0xbb75, 0xbb75, 0xbb75, 0xbb75, 0xbb75, 0xbb75, 0xbb75, 0xbb75, 0xbb75, 0xbb75, 0xbb75, 
	0xbb75, 0xbb75, 0xbb75, 0xbb75, 0xbb75, 0xbb75, 0xbb75, 0xbb75, 0xbb75, 0xbb75, 0xbb75, 0xbb75, 0xbb75, 0xbb75, 0xbb75, 0xbb75, 
	0xbb75, 0xbb75, 0xbb75, 0xbb75, 0xbb75, 0xbb75, 0xbb75, 0xbb75, 0xbb75, 0xbb75, 0xbb75, 0xbb75, 0xbb75, 0xbb75, 0xbb75, 0xbb75, 
	0xbb75, 0xbb75, 0xbb75, 0xbb75, 0xbb75, 0xbb75, 0xbb75, 0xbb75, 0xbb75, 0xbb75, 0xbb75, 0xbb75, 0xbb75, 0xbb75, 0xbb75, 0xbb75, 
	0xbb75, 0xbb75, 0xbb75, 0xbb75, 0xbb75, 0xbb75, 0xbb75, 0xbb75, 0xbb75, 0xbb75, 0xbb75, 0xbb75, 0xbb75, 0xbb75, 0xbb75, 0xbb75, 
	0xbb75, 0xbb75, 0xbb75, 0xbb75, 0xbb75, 0xbb75, 0xbb75, 0xbb75, 0xbb75, 0xbb75, 0xbb75, 0xbb75, 0xbb75, 0xbb75, 0xbb75, 0xbb75, 
	0xb355, 0xb395, 0xbc16, 0xc4b7, 0xcd18, 0xd538, 0xcd18, 0xccf8, 0xd518, 0xd518, 0xd518, 0xd518, 0xd518, 0xd518, 0xd518, 0xd518, 
	0xd518, 0xd518, 0xd518, 0xd518, 0xd518, 0xd518, 0xd518, 0xd518, 0xcd38, 0xc558, 0xc558, 0xc5b9, 0xb65b, 0xaedc, 0xaefd, 0xb6bd, 
	0xb6dd, 0xb6bd, 0xaefd, 0xaefd, 0xaedc, 0xaedc, 0xaedd, 0xb6bd, 0xaedc, 0xaedc, 0xaedc, 0xaedc, 0xaedc, 0xaedc, 0xaedc, 0xaedc, 
	0xaedc, 0xaedc, 0xaedc, 0xaedc, 0xaedc, 0xaedc, 0xaedc, 0xaedc, 0xaedc, 0xaedc, 0xaedc, 0xaedc, 0xaedc, 0xaedc, 0xaedc, 0xaedc, 
	0xaedc, 0xaedc, 0xaedc, 0xaedc, 0xaedc, 0xaedc, 0xaedc, 0xaedc, 0xaedc, 0xaedc, 0xaedc, 0xaedc, 0xaedc, 0xaedc, 0xaedc, 0xaedc, 
	0xaedc, 0xaedc, 0xaedc, 0xaedc, 0xaedc, 0xaedc, 0xaedc, 0xaedc, 0xaedd, 0xb6dd, 0xb6dd, 0x9efc, 0xaefc, 0xbebd, 0xaedd, 0xaedc, 
	0xbebc, 0xaebc, 0xa6fc, 0xaf1d, 0xaedd, 0xb6bc, 0xb6bc, 0xb69c, 0xb6bc, 0xb6bc, 0xb6bc, 0xb6bc, 0xb6bc, 0xb6bc, 0xb6bc, 0xb6bc, 
	0xb69c, 0xb69b, 0xb69b, 0xae9b, 0xb6bc, 0xb69b, 0xb69b, 0xb69b, 0xb69c, 0xb67c, 0xb69b, 0xb6bc, 0xb6dd, 0xb65d, 0x9d3a, 0x8c38, 
	0x8bd8, 0x8bd8, 0x8bd8, 0x8bd8, 0x8bd8, 0x8bd8, 0x8bd8, 0x8bd8, 0x8bd8, 0x8bd8, 0x8bd8, 0x8bd8, 0x8bd8, 0x8bd8, 0x8bd8, 0x8bd8, 
	0x8bd8, 0x8bd8, 0x8bd8, 0x8bd8, 0x8bd8, 0x8bd8, 0x8bd8, 0x8bd8, 0x8bd8, 0x8bd8, 0x8bd8, 0x8bd8, 0x8bd8, 0x8bd8, 0x8bd8, 0x8bd8, 
	0x8bd8, 0x8bd8, 0x8bd8, 0x8bd8, 0x8bd8, 0x8bd8, 0x8bd8, 0x8bd8, 0x8bd8, 0x8bd8, 0x8bd8, 0x8bd8, 0x8bd8, 0x8bd8, 0x8bd8, 0x8bd8, 
	0x8bd8, 0x8bd8, 0x8bd8, 0x8bd8, 0x8bd8, 0x8bd8, 0x8bd8, 0x8bd8, 0x8bd8, 0x8bd8, 0x8bd8, 0x8bd8, 0x8bd8, 0x8bd8, 0x8bd8, 0x8bd8, 
	0x8bd8, 0x8bd8, 0x8bd8, 0x8bd8, 0x8bd8, 0x8bd8, 0x8bd8, 0x8bd8, 0x8bd8, 0x8bd8, 0x8bd8, 0x8bd8, 0x8bd8, 0x8bd8, 0x8bd8, 0x8bd8, 
	0x8bd8, 0x8bd8, 0x8bd8, 0x8bd8, 0x8bd8, 0x8bd8, 0x8bd8, 0x8bd8, 0x8bd8, 0x8bd8, 0x8bd8, 0x8bd8, 0x8bd8, 0x8bd8, 0x8bd8, 0x8bd8, 
	0x8bd8, 0x8bd8, 0x8bd8, 0x8bd8, 0x8bd8, 0x8bd8, 0x8bd8, 0x8bd8, 0x8bd8, 0x8bd8, 0x8bd8, 0x8bd8, 0x8bd8, 0x8bd8, 0x8bd8, 0x8bd8, 
	0x8bd8, 0x8bd8, 0x8bd8, 0x8bd8, 0x8bd8, 0x8bd8, 0x8bd8, 0x8bd8, 0x8bd8, 0x8bd8, 0x8bd8, 0x8bd8, 0x8bd8, 0x8bd8, 0x8bd8, 0x8bd8, 
	0x83d8, 0x9499, 0xadbb, 0xb69d, 0xb6dc, 0xaebb, 0xaebb, 0xb6dd, 0xaebc, 0xaebc, 0xaebc, 0xaebc, 0xaebc, 0xaebc, 0xaebc, 0xaebc, 
	0xaebc, 0xaebc, 0xaebc, 0xaebc, 0xaebc, 0xaebc, 0xaebc, 0xaebc, 0xb69c, 0xb6dd, 0xaefd, 0xaefd, 0xaedd, 0xb6dd, 0xb6dd, 0xb6dd, 
	0xa6fd, 0xbebd, 0xb6bd, 0xaedc, 0xaefc, 0xaefc, 0xb6bc, 0xa6dd, 0xaedc, 0xaedc, 0xaedc, 0xaedc, 0xaedc, 0xaedc, 0xaedc, 0xaedc, 
	0xaedc, 0xaedc, 0xaedc, 0xaedc, 0xaedc, 0xaedc, 0xaedc, 0xaedc, 0xaedc, 0xaedc, 0xaedc, 0xaedc, 0xaedc, 0xaedc, 0xaedc, 0xaedc, 
	0xaedc, 0xaedc, 0xaedc, 0xaedc, 0xaedc, 0xaedc, 0xaedc, 0xaedc, 0xaedc, 0xaedc, 0xaedc, 0xaedc, 0xaedc, 0xaedc, 0xaedc, 0xaedc, 
	0xaedc, 0xaedc, 0xaedc, 0xaedc, 0xaedc, 0xaedc, 0xaedc, 0xaedc, 0xaedc, 0xaedc, 0xaedc, 0xaedc, 0xaedc, 0xaedc, 0xaedc, 0xaedc, 
	0xaedc, 0xaedc, 0xaedc, 0xaedc, 0xaedc, 0xaedc, 0xaedc, 0xaedc, 0xaedd, 0xaedd, 0xaedd, 0xaedd, 0xaedd, 0xaedd, 0xaedd, 0xaedd, 
	0xaedd, 0xaedd, 0xaedd, 0xaedd, 0xaedd, 0xaedd, 0xaedd, 0xaedd, 0xaedc, 0xb6fd, 0xb6fd, 0xaedc, 0xaedc, 0xb6dd, 0xae5c, 0x9dda, 
	0x8c39, 0x83d8, 0x83b7, 0x83d8, 0x83d7, 0x83d7, 0x83f8, 0x83b8, 0x83d8, 0x83b8, 0x83d7, 0x83d8, 0x83d8, 0x83d7, 0x83d7, 0x83d8, 
	0x83d8, 0x83d8, 0x83d8, 0x83d8, 0x83d8, 0x83d8, 0x83d8, 0x83d8, 0x83d8, 0x83d8, 0x83d8, 0x83d8, 0x83d8, 0x83d8, 0x83d8, 0x83d8, 
	0x83d8, 0x83d8, 0x83d8, 0x83d8, 0x83d8, 0x83d8, 0x83d8, 0x83d8, 0x83d8, 0x83d8, 0x83d8, 0x83d8, 0x83d8, 0x83d8, 0x83d8, 0x83d8, 
	0x83d8, 0x83d8, 0x83d8, 0x83d8, 0x83d8, 0x83d8, 0x83d8, 0x83d8, 0x83d8, 0x83d8, 0x83d8, 0x83d8, 0x83d8, 0x83d8, 0x83d8, 0x83d8, 
	0x83d8, 0x83d8, 0x83d8, 0x83d8, 0x83d8, 0x83d8, 0x83d8, 0x83d8, 0x83d8, 0x83d8, 0x83d8, 0x83d8, 0x83d8, 0x83d8, 0x83d8, 0x83d8, 
	0x83d8, 0x83d8, 0x83d8, 0x83d8, 0x83d8, 0x83d8, 0x83d8, 0x83d8, 0x83d8, 0x83d8, 0x83d8, 0x83d8, 0x83d8, 0x83d8, 0x83d8, 0x83d8, 
	0x83d8, 0x83d8, 0x83d8, 0x83d8, 0x83d8, 0x83d8, 0x83d8, 0x83d8, 0x83d8, 0x83d8, 0x83d8, 0x83d8, 0x83d8, 0x83d8, 0x83d8, 0x83d8, 
	0x83d8, 0x83d8, 0x83d8, 0x83d8, 0x83d8, 0x83d8, 0x83d8, 0x83d8, 0x83d7, 0x83d8, 0x83d8, 0x83d8, 0x7bd7, 0x7bf7, 0x83d8, 0x83b8, 
	0x84b7, 0xa5db, 0xb6bd, 0xaedc, 0xaedc, 0xaedc, 0xaedc, 0xaefd, 0xaedc, 0xaedc, 0xaedc, 0xaedc, 0xaedc, 0xaedc, 0xaedc, 0xaedc, 
	0xaedc, 0xaedc, 0xaedc, 0xaedc, 0xaedc, 0xaedc, 0xaedc, 0xaedc, 0xaedc, 0xaedc, 0xaedc, 0xaedc, 0xaedc, 0xaedc, 0xaedc, 0xaedc, 
	0xaedc, 0xaedc, 0xaedc, 0xaedc, 0xaedc, 0xaedc, 0xaedc, 0xaedc, 0xaedc, 0xaedc, 0xaedc, 0xaedc, 0xaedc, 0xaedc, 0xaedc, 0xaedc, 
	0xaedc, 0xaedc, 0xaedc, 0xaedc, 0xaedc, 0xaedc, 0xaedc, 0xaedc, 0xaedc, 0xaedc, 0xaedc, 0xaedc, 0xaedc, 0xaedc, 0xaedc, 0xaedc, 
	0xaedc, 0xaedc, 0xaedc, 0xaedc, 0xaedc, 0xaedc, 0xaedc, 0xaedc, 0xaedc, 0xaedc, 0xaedc, 0xaedc, 0xaedc, 0xaedc, 0xaedc, 0xaedc, 
	0xaedc, 0xaedc, 0xaedc, 0xaedc, 0xaedc, 0xaedc, 0xaedc, 0xaedc, 0xaedc, 0xaedc, 0xaedc, 0xaedc, 0xaedc, 0xaedc, 0xaedc, 0xaedc, 
	0xaedc, 0xaedc, 0xaedc, 0xaedc, 0xaedc, 0xaedc, 0xaedc, 0xaedc, 0xaedd, 0xaedd, 0xaedd, 0xaedd, 0xaedd, 0xaedd, 0xaedd, 0xaedd, 
	0xaedd, 0xaedd, 0xaedd, 0xaedd, 0xaedd, 0xaedd, 0xaedd, 0xaedd, 0xaedd, 0xaedc, 0xaedc, 0xaedc, 0xaedd, 0xb6dd, 0xb6bd, 0xae7c, 
	0x9d7b, 0x8478, 0x7bd7, 0x83d8, 0x83d8, 0x83d7, 0x83d7, 0x83d8, 0x83d8, 0x83d8, 0x83d8, 0x83d8, 0x83d8, 0x83d8, 0x83d7, 0x7bd7, 
	0x83d8, 0x83d8, 0x83d8, 0x83d8, 0x83d8, 0x83d8, 0x83d8, 0x83d8, 0x83d8, 0x83d8, 0x83d8, 0x83d8, 0x83d8, 0x83d8, 0x83d8, 0x83d8, 
	0x83d8, 0x83d8, 0x83d8, 0x83d8, 0x83d8, 0x83d8, 0x83d8, 0x83d8, 0x83d8, 0x83d8, 0x83d8, 0x83d8, 0x83d8, 0x83d8, 0x83d8, 0x83d8, 
	0x83d8, 0x83d8, 0x83d8, 0x83d8, 0x83d8, 0x83d8, 0x83d8, 0x83d8, 0x83d8, 0x83d8, 0x83d8, 0x83d8, 0x83d8, 0x83d8, 0x83d8, 0x83d8, 
	0x83d8, 0x83d8, 0x83d8, 0x83d8, 0x83d8, 0x83d8, 0x83d8, 0x83d8, 0x83d8, 0x83d8, 0x83d8, 0x83d8, 0x83d8, 0x83d8, 0x83d8, 0x83d8, 
	0x83d8, 0x83d8, 0x83d8, 0x83d8, 0x83d8, 0x83d8, 0x83d8, 0x83d8, 0x83d8, 0x83d8, 0x83d8, 0x83d8, 0x83d8, 0x83d8, 0x83d8, 0x83d8, 
	0x83d8, 0x83d8, 0x83d8, 0x83d8, 0x83d8, 0x83d8, 0x83d8, 0x83d8, 0x83d8, 0x83d8, 0x83d8, 0x83d8, 0x83d8, 0x83d8, 0x83d8, 0x83d8, 
	0x83d8, 0x83d8, 0x83d8, 0x83d8, 0x83d8, 0x83d8, 0x83d8, 0x83d8, 0x83d8, 0x83d8, 0x7bb7, 0x83d7, 0x8bd8, 0x83b7, 0x7bf7, 0x94ba, 
	0x9dfb, 0xae7d, 0xb6dd, 0xaedc, 0xaefc, 0xaedc, 0xaedc, 0xaedd, 0xaedc, 0xaedc, 0xaedc, 0xaedc, 0xaedc, 0xaedc, 0xaedc, 0xaedc, 
	0xaedc, 0xaedc, 0xaedc, 0xaedc, 0xaedc, 0xaedc, 0xaedc, 0xaedc, 0xaedc, 0xaedc, 0xaedc, 0xaedc, 0xaedc, 0xaedc, 0xaedc, 0xaedc, 
	0xaedc, 0xaedc, 0xaedc, 0xaedc, 0xaedc, 0xaedc, 0xaedc, 0xaedc, 0xaedc, 0xaedc, 0xaedc, 0xaedc, 0xaedc, 0xaedc, 0xaedc, 0xaedc, 
	0xaedc, 0xaedc, 0xaedc, 0xaedc, 0xaedc, 0xaedc, 0xaedc, 0xaedc, 0xaedc, 0xaedc, 0xaedc, 0xaedc, 0xaedc, 0xaedc, 0xaedc, 0xaedc, 
	0xaedc, 0xaedc, 0xaedc, 0xaedc, 0xaedc, 0xaedc, 0xaedc, 0xaedc, 0xaedc, 0xaedc, 0xaedc, 0xaedc, 0xaedc, 0xaedc, 0xaedc, 0xaedc, 
	0xaedc, 0xaedc, 0xaedc, 0xaedc, 0xaedc, 0xaedc, 0xaedc, 0xaedc, 0xaedc, 0xaedc, 0xaedc, 0xaedc, 0xaedc, 0xaedc, 0xaedc, 0xaedc, 
	0xaedc, 0xaedc, 0xaedc, 0xaedc, 0xaedc, 0xaedc, 0xaedc, 0xaedc, 0xaedc, 0xaedc, 0xaedc, 0xaedc, 0xaedc, 0xaedc, 0xaedc, 0xaedc, 
	0xaedc, 0xaedc, 0xaedc, 0xaedc, 0xaedc, 0xaedc, 0xaedc, 0xaedc, 0xb6dd, 0xaedc, 0xaedc, 0xaedc, 0xaefc, 0xaedc, 0xb6dd, 0xb6dd, 
	0xaebc, 0x9dba, 0x8c98, 0x83d8, 0x83b8, 0x83d8, 0x83d8, 0x7bd7, 0x83d8, 0x83d8, 0x83d7, 0x83d7, 0x83d8, 0x83d8, 0x83d8, 0x83d7, 
	0x83d8, 0x83d8, 0x83d8, 0x83d8, 0x83d8, 0x83d8, 0x83d8, 0x83d8, 0x83d8, 0x83d8, 0x83d8, 0x83d8, 0x83d8, 0x83d8, 0x83d8, 0x83d8, 
	0x83d8, 0x83d8, 0x83d8, 0x83d8, 0x83d8, 0x83d8, 0x83d8, 0x83d8, 0x83d8, 0x83d8, 0x83d8, 0x83d8, 0x83d8, 0x83d8, 0x83d8, 0x83d8, 
	0x83d8, 0x83d8, 0x83d8, 0x83d8, 0x83d8, 0x83d8, 0x83d8, 0x83d8, 0x83d8, 0x83d8, 0x83d8, 0x83d8, 0x83d8, 0x83d8, 0x83d8, 0x83d8, 
	0x83d8, 0x83d8, 0x83d8, 0x83d8, 0x83d8, 0x83d8, 0x83d8, 0x83d8, 0x83d8, 0x83d8, 0x83d8, 0x83d8, 0x83d8, 0x83d8, 0x83d8, 0x83d8, 
	0x83d8, 0x83d8, 0x83d8, 0x83d8, 0x83d8, 0x83d8, 0x83d8, 0x83d8, 0x83d8, 0x83d8, 0x83d8, 0x83d8, 0x83d8, 0x83d8, 0x83d8, 0x83d8, 
	0x83d8, 0x83d8, 0x83d8, 0x83d8, 0x83d8, 0x83d8, 0x83d8, 0x83d8, 0x83d8, 0x83d8, 0x83d8, 0x83d8, 0x83d8, 0x83d8, 0x83d8, 0x83d8, 
	0x83d7, 0x83d7, 0x83d8, 0x83d8, 0x83d8, 0x83d8, 0x83d8, 0x83d8, 0x83d8, 0x7bd7, 0x83f7, 0x8bd7, 0x8b98, 0x83d8, 0x94da, 0xa61c, 
	0xaedd, 0xb6dd, 0xaedd, 0xaebc, 0xb6dd, 0xb6dd, 0xaebc, 0xb6dd, 0xaedc, 0xaedc, 0xaedc, 0xaedc, 0xaedc, 0xaedc, 0xaedc, 0xaedc, 
	0xaedc, 0xaedc, 0xaedc, 0xaedc, 0xaedc, 0xaedc, 0xaedc, 0xaedc, 0xaedc, 0xaedc, 0xaedc, 0xaedc, 0xaedc, 0xaedc, 0xaedc, 0xaedc, 
	0xaedc, 0xaedc, 0xaedc, 0xaedc, 0xaedc, 0xaedc, 0xaedc, 0xaedc, 0xaedc, 0xaedc, 0xaedc, 0xaedc, 0xaedc, 0xaedc, 0xaedc, 0xaedc, 
	0xaedc, 0xaedc, 0xaedc, 0xaedc, 0xaedc, 0xaedc, 0xaedc, 0xaedc, 0xaedc, 0xaedc, 0xaedc, 0xaedc, 0xaedc, 0xaedc, 0xaedc, 0xaedc, 
	0xaedc, 0xaedc, 0xaedc, 0xaedc, 0xaedc, 0xaedc, 0xaedc, 0xaedc, 0xaedc, 0xaedc, 0xaedc, 0xaedc, 0xaedc, 0xaedc, 0xaedc, 0xaedc, 
	0xaedc, 0xaedc, 0xaedc, 0xaedc, 0xaedc, 0xaedc, 0xaedc, 0xaedc, 0xaedc, 0xaedc, 0xaedc, 0xaedc, 0xaedc, 0xaedc, 0xaedc, 0xaedc, 
	0xaedc, 0xaedc, 0xaedc, 0xaedc, 0xaedc, 0xaedc, 0xaedc, 0xaedc, 0xaedc, 0xaedc, 0xaedc, 0xaedc, 0xaedc, 0xaedc, 0xaedc, 0xaedc, 
	0xaedc, 0xaedc, 0xaedc, 0xaedc, 0xaedc, 0xaedc, 0xaedc, 0xaedc, 0xb6dd, 0xaedc, 0xaedc, 0xaefc, 0xaedc, 0xaedc, 0xaedc, 0xaedd, 
	0xaf1c, 0xaebd, 0xa5bb, 0x8c99, 0x83f8, 0x83d7, 0x83d8, 0x83d8, 0x83d8, 0x83d8, 0x83d7, 0x83b7, 0x83d7, 0x83d8, 0x83d8, 0x83d8, 
	0x83d8, 0x83d8, 0x83d8, 0x83d8, 0x83d8, 0x83d8, 0x83d8, 0x83d8, 0x83d8, 0x83d8, 0x83d8, 0x83d8, 0x83d8, 0x83d8, 0x83d8, 0x83d8, 
	0x83d8, 0x83d8, 0x83d8, 0x83d8, 0x83d8, 0x83d8, 0x83d8, 0x83d8, 0x83d8, 0x83d8, 0x83d8, 0x83d8, 0x83d8, 0x83d8, 0x83d8, 0x83d8, 
	0x83d8, 0x83d8, 0x83d8, 0x83d8, 0x83d8, 0x83d8, 0x83d8, 0x83d8, 0x83d8, 0x83d8, 0x83d8, 0x83d8, 0x83d8, 0x83d8, 0x83d8, 0x83d8, 
	0x83d8, 0x83d8, 0x83d8, 0x83d8, 0x83d8, 0x83d8, 0x83d8, 0x83d8, 0x83d8, 0x83d8, 0x83d8, 0x83d8, 0x83d8, 0x83d8, 0x83d8, 0x83d8, 
	0x83d8, 0x83d8, 0x83d8, 0x83d8, 0x83d8, 0x83d8, 0x83d8, 0x83d8, 0x83d8, 0x83d8, 0x83d8, 0x83d8, 0x83d8, 0x83d8, 0x83d8, 0x83d8, 
	0x83d8, 0x83d8, 0x83d8, 0x83d8, 0x83d8, 0x83d8, 0x83d8, 0x83d8, 0x83d8, 0x83d8, 0x83d8, 0x83d8, 0x83d8, 0x83d8, 0x83d8, 0x83d8, 
	0x83d7, 0x83d7, 0x83d8, 0x83d8, 0x83d8, 0x83d8, 0x83d8, 0x83d7, 0x83d8, 0x83d8, 0x83d7, 0x83d7, 0x83f8, 0x9cfa, 0xae3c, 0xaedc, 
	0xaefc, 0xaefd, 0xaedc, 0xaebc, 0xb6dd, 0xaedc, 0xaedc, 0xb6fd, 0xaedc, 0xaedc, 0xaedc, 0xaedc, 0xaedc, 0xaedc, 0xaedc, 0xaedc, 
	0xaedc, 0xaedc, 0xaedc, 0xaedc, 0xaedc, 0xaedc, 0xaedc, 0xaedc, 0xaedc, 0xaedc, 0xaedc, 0xaedc, 0xaedc, 0xaedc, 0xaedc, 0xaedc, 
	0xaedc, 0xaedc, 0xaedc, 0xaedc, 0xaedc, 0xaedc, 0xaedc, 0xaedc, 0xaedc, 0xaedc, 0xaedc, 0xaedc, 0xaedc, 0xaedc, 0xaedc, 0xaedc, 
	0xaedc, 0xaedc, 0xaedc, 0xaedc, 0xaedc, 0xaedc, 0xaedc, 0xaedc, 0xaedc, 0xaedc, 0xaedc, 0xaedc, 0xaedc, 0xaedc, 0xaedc, 0xaedc, 
	0xaedc, 0xaedc, 0xaedc, 0xaedc, 0xaedc, 0xaedc, 0xaedc, 0xaedc, 0xaedc, 0xaedc, 0xaedc, 0xaedc, 0xaedc, 0xaedc, 0xaedc, 0xaedc, 
	0xaedc, 0xaedc, 0xaedc, 0xaedc, 0xaedc, 0xaedc, 0xaedc, 0xaedc, 0xaedc, 0xaedc, 0xaedc, 0xaedc, 0xaedc, 0xaedc, 0xaedc, 0xaedc, 
	0xaedc, 0xaedc, 0xaedc, 0xaedc, 0xaedc, 0xaedc, 0xaedc, 0xaedc, 0xaedc, 0xaedc, 0xaedc, 0xaedc, 0xaedc, 0xaedc, 0xaedc, 0xaedc, 
	0xaedc, 0xaedc, 0xaedc, 0xaedc, 0xaedc, 0xaedc, 0xaedc, 0xaedc, 0xaedc, 0xaedc, 0xaedd, 0xaefc, 0xaefc, 0xaedc, 0xaedc, 0xaedc, 
	0xaedc, 0xb6dd, 0xb69d, 0xa5fb, 0x94f9, 0x8417, 0x83b7, 0x8bb9, 0x83d8, 0x83d8, 0x83d8, 0x83d8, 0x83d7, 0x83d8, 0x83d8, 0x83d8, 
	0x83d8, 0x83d8, 0x83d8, 0x83d8, 0x83d8, 0x83d8, 0x83d8, 0x83d8, 0x83d8, 0x83d8, 0x83d8, 0x83d8, 0x83d8, 0x83d8, 0x83d8, 0x83d8, 
	0x83d8, 0x83d8, 0x83d8, 0x83d8, 0x83d8, 0x83d8, 0x83d8, 0x83d8, 0x83d8, 0x83d8, 0x83d8, 0x83d8, 0x83d8, 0x83d8, 0x83d8, 0x83d8, 
	0x83d8, 0x83d8, 0x83d8, 0x83d8, 0x83d8, 0x83d8, 0x83d8, 0x83d8, 0x83d8, 0x83d8, 0x83d8, 0x83d8, 0x83d8, 0x83d8, 0x83d8, 0x83d8, 
	0x83d8, 0x83d8, 0x83d8, 0x83d8, 0x83d8, 0x83d8, 0x83d8, 0x83d8, 0x83d8, 0x83d8, 0x83d8, 0x83d8, 0x83d8, 0x83d8, 0x83d8, 0x83d8, 
	0x83d8, 0x83d8, 0x83d8, 0x83d8, 0x83d8, 0x83d8, 0x83d8, 0x83d8, 0x83d8, 0x83d8, 0x83d8, 0x83d8, 0x83d8, 0x83d8, 0x83d8, 0x83d8, 
	0x83d8, 0x83d8, 0x83d8, 0x83d8, 0x83d8, 0x83d8, 0x83d8, 0x83d8, 0x83d8, 0x83d8, 0x83d8, 0x83d8, 0x83d8, 0x83d8, 0x83d8, 0x83d8, 
	0x83d8, 0x83d8, 0x83d8, 0x83d8, 0x83d8, 0x83d8, 0x83d7, 0x83d7, 0x83b8, 0x8bd8, 0x83d8, 0x8438, 0x9d5a, 0xae5c, 0xaebc, 0xaefc, 
	0xaedc, 0xaefc, 0xaedd, 0xaedd, 0xaedd, 0xaedc, 0xaedc, 0xaedc, 0xaedc, 0xaedc, 0xaedc, 0xaedc, 0xaedc, 0xaedc, 0xaedc, 0xaedc, 
	0xaedc, 0xaedc, 0xaedc, 0xaedc, 0xaedc, 0xaedc, 0xaedc, 0xaedc, 0xaedc, 0xaedc, 0xaedc, 0xaedc, 0xaedc, 0xaedc, 0xaedc, 0xaedc, 
	0xaedc, 0xaedc, 0xaedc, 0xaedc, 0xaedc, 0xaedc, 0xaedc, 0xaedc, 0xaedc, 0xaedc, 0xaedc, 0xaedc, 0xaedc, 0xaedc, 0xaedc, 0xaedc, 
	0xaedc, 0xaedc, 0xaedc, 0xaedc, 0xaedc, 0xaedc, 0xaedc, 0xaedc, 0xaedc, 0xaedc, 0xaedc, 0xaedc, 0xaedc, 0xaedc, 0xaedc, 0xaedc, 
	0xaedc, 0xaedc, 0xaedc, 0xaedc, 0xaedc, 0xaedc, 0xaedc, 0xaedc, 0xaedc, 0xaedc, 0xaedc, 0xaedc, 0xaedc, 0xaedc, 0xaedc, 0xaedc, 
	0xaedc, 0xaedc, 0xaedc, 0xaedc, 0xaedc, 0xaedc, 0xaedc, 0xaedc, 0xaedc, 0xaedc, 0xaedc, 0xaedc, 0xaedc, 0xaedc, 0xaedc, 0xaedc, 
	0xaedc, 0xaedc, 0xaedc, 0xaedc, 0xaedc, 0xaedc, 0xaedc, 0xaedc, 0xaedc, 0xaedc, 0xaedc, 0xaedc, 0xaedc, 0xaedc, 0xaedc, 0xaedc, 
	0xaedc, 0xaedc, 0xaedc, 0xaedc, 0xaedc, 0xaedc, 0xaedc, 0xaedc, 0xaedc, 0xaedd, 0xaedc, 0xaedc, 0xaedc, 0xb6fd, 0xaedd, 0xaedc, 
	0xaedc, 0xaedc, 0xb6dd, 0xb6bd, 0xa63b, 0x9539, 0x8438, 0x83b7, 0x83d7, 0x83b7, 0x83d7, 0x83d8, 0x83d8, 0x83d7, 0x83d7, 0x83d8, 
	0x83d8, 0x83d8, 0x83d8, 0x83d8, 0x83d8, 0x83d8, 0x83d8, 0x83d8, 0x83d8, 0x83d8, 0x83d8, 0x83d8, 0x83d8, 0x83d8, 0x83d8, 0x83d8, 
	0x83d8, 0x83d8, 0x83d8, 0x83d8, 0x83d8, 0x83d8, 0x83d8, 0x83d8, 0x83d8, 0x83d8, 0x83d8, 0x83d8, 0x83d8, 0x83d8, 0x83d8, 0x83d8, 
	0x83d8, 0x83d8, 0x83d8, 0x83d8, 0x83d8, 0x83d8, 0x83d8, 0x83d8, 0x83d8, 0x83d8, 0x83d8, 0x83d8, 0x83d8, 0x83d8, 0x83d8, 0x83d8, 
	0x83d8, 0x83d8, 0x83d8, 0x83d8, 0x83d8, 0x83d8, 0x83d8, 0x83d8, 0x83d8, 0x83d8, 0x83d8, 0x83d8, 0x83d8, 0x83d8, 0x83d8, 0x83d8, 
	0x83d8, 0x83d8, 0x83d8, 0x83d8, 0x83d8, 0x83d8, 0x83d8, 0x83d8, 0x83d8, 0x83d8, 0x83d8, 0x83d8, 0x83d8, 0x83d8, 0x83d8, 0x83d8, 
	0x83d8, 0x83d8, 0x83d8, 0x83d8, 0x83d8, 0x83d8, 0x83d8, 0x83d8, 0x83d8, 0x83d8, 0x83d8, 0x83d8, 0x83d8, 0x83d8, 0x83d8, 0x83d8, 
	0x83d8, 0x83d8, 0x83d8, 0x83d8, 0x83d8, 0x83d8, 0x83d8, 0x83d8, 0x7bb7, 0x83d7, 0x8c79, 0x9d7b, 0xae9c, 0xaedc, 0xaedc, 0xb6fc, 
	0xaedc, 0xb6dc, 0xaedc, 0xaedc, 0xaedc, 0xaedd, 0xaedc, 0xaedc, 0xaedc, 0xaedc, 0xaedc, 0xaedc, 0xaedc, 0xaedc, 0xaedc, 0xaedc, 
	0xaedc, 0xaedc, 0xaedc, 0xaedc, 0xaedc, 0xaedc, 0xaedc, 0xaedc, 0xaedc, 0xaedc, 0xaedc, 0xaedc, 0xaedc, 0xaedc, 0xaedc, 0xaedc, 
	0xaedc, 0xaedc, 0xaedc, 0xaedc, 0xaedc, 0xaedc, 0xaedc, 0xaedc, 0xaedc, 0xaedc, 0xaedc, 0xaedc, 0xaedc, 0xaedc, 0xaedc, 0xaedc, 
	0xaedc, 0xaedc, 0xaedc, 0xaedc, 0xaedc, 0xaedc, 0xaedc, 0xaedc, 0xaedc, 0xaedc, 0xaedc, 0xaedc, 0xaedc, 0xaedc, 0xaedc, 0xaedc, 
	0xaedc, 0xaedc, 0xaedc, 0xaedc, 0xaedc, 0xaedc, 0xaedc, 0xaedc, 0xaedc, 0xaedc, 0xaedc, 0xaedc, 0xaedc, 0xaedc, 0xaedc, 0xaedc, 
	0xaedc, 0xaedc, 0xaedc, 0xaedc, 0xaedc, 0xaedc, 0xaedc, 0xaedc, 0xaedc, 0xaedc, 0xaedc, 0xaedc, 0xaedc, 0xaedc, 0xaedc, 0xaedc, 
	0xaedc, 0xaedc, 0xaedc, 0xaedc, 0xaedc, 0xaedc, 0xaedc, 0xaedc, 0xaedc, 0xaedc, 0xaedc, 0xaedc, 0xaedc, 0xaedc, 0xaedc, 0xaedc, 
	0xaedc, 0xaedc, 0xaedc, 0xaedc, 0xaedc, 0xaedc, 0xaedc, 0xaedc, 0xaefc, 0xaedd, 0xaedc, 0xaedc, 0xaedc, 0xaedc, 0xaedc, 0xaedc, 
	0xb6fd, 0xaedd, 0xaedc, 0xaefc, 0xaedc, 0xae7c, 0x9d7b, 0x8478, 0x83f8, 0x83d7, 0x83b7, 0x83d8, 0x83d8, 0x83d8, 0x83b8, 0x83d8, 
	0x83d8, 0x83d8, 0x83d8, 0x83d8, 0x83d8, 0x83d8, 0x83d8, 0x83d8, 0x83d8, 0x83d8, 0x83d8, 0x83d8, 0x83d8, 0x83d8, 0x83d8, 0x83d8, 
	0x83d8, 0x83d8, 0x83d8, 0x83d8, 0x83d8, 0x83d8, 0x83d8, 0x83d8, 0x83d8, 0x83d8, 0x83d8, 0x83d8, 0x83d8, 0x83d8, 0x83d8, 0x83d8, 
	0x83d8, 0x83d8, 0x83d8, 0x83d8, 0x83d8, 0x83d8, 0x83d8, 0x83d8, 0x83d8, 0x83d8, 0x83d8, 0x83d8, 0x83d8, 0x83d8, 0x83d8, 0x83d8, 
	0x83d8, 0x83d8, 0x83d8, 0x83d8, 0x83d8, 0x83d8, 0x83d8, 0x83d8, 0x83d8, 0x83d8, 0x83d8, 0x83d8, 0x83d8, 0x83d8, 0x83d8, 0x83d8, 
	0x83d8, 0x83d8, 0x83d8, 0x83d8, 0x83d8, 0x83d8, 0x83d8, 0x83d8, 0x83d8, 0x83d8, 0x83d8, 0x83d8, 0x83d8, 0x83d8, 0x83d8, 0x83d8, 
	0x83d8, 0x83d8, 0x83d8, 0x83d8, 0x83d8, 0x83d8, 0x83d8, 0x83d8, 0x83d8, 0x83d8, 0x83d8, 0x83d8, 0x83d8, 0x83d8, 0x83d8, 0x83d8, 
	0x83d8, 0x83d8, 0x83d8, 0x83d8, 0x83d8, 0x83d8, 0x83d8, 0x83d8, 0x8418, 0x8c98, 0x9dbb, 0xaebd, 0xaedc, 0xaedc, 0xaedd, 0xb6fd, 
	0xb6dd, 0xaedc, 0xaedc, 0xaedc, 0xaedc, 0xaedd, 0xaedd, 0xaedc, 0xaedc, 0xaedc, 0xaedc, 0xaedc, 0xaedc, 0xaedc, 0xaedc, 0xaedc, 
	0xaedc, 0xaedc, 0xaedc, 0xaedc, 0xaedc, 0xaedc, 0xaedc, 0xaedc, 0xaedc, 0xaedc, 0xaedc, 0xaedc, 0xaedc, 0xaedc, 0xaedc, 0xaedc, 
	0xaedc, 0xaedc, 0xaedc, 0xaedc, 0xaedc, 0xaedc, 0xaedc, 0xaedc, 0xaedc, 0xaedc, 0xaedc, 0xaedc, 0xaedc, 0xaedc, 0xaedc, 0xaedc, 
	0xaedc, 0xaedc, 0xaedc, 0xaedc, 0xaedc, 0xaedc, 0xaedc, 0xaedc, 0xaedc, 0xaedc, 0xaedc, 0xaedc, 0xaedc, 0xaedc, 0xaedc, 0xaedc, 
	0xaedc, 0xaedc, 0xaedc, 0xaedc, 0xaedc, 0xaedc, 0xaedc, 0xaedc, 0xaedc, 0xaedc, 0xaedc, 0xaedc, 0xaedc, 0xaedc, 0xaedc, 0xaedc, 
	0xaedc, 0xaedc, 0xaedc, 0xaedc, 0xaedc, 0xaedc, 0xaedc, 0xaedc, 0xaedc, 0xaedc, 0xaedc, 0xaedc, 0xaedc, 0xaedc, 0xaedc, 0xaedc, 
	0xaedc, 0xaedc, 0xaedc, 0xaedc, 0xaedc, 0xaedc, 0xaedc, 0xaedc, 0xaedc, 0xaedc, 0xaedc, 0xaedc, 0xaedc, 0xaedc, 0xaedc, 0xaedc, 
	0xaedc, 0xaedc, 0xaedc, 0xaedc, 0xaedc, 0xaedc, 0xaedc, 0xaedc, 0xaedc, 0xaedc, 0xaedc, 0xaedd, 0xb6dd, 0xaedd, 0xaedd, 0xaedd, 
	0xaedc, 0xaedd, 0xaefd, 0xaefc, 0xaedc, 0xb6dd, 0xae9d, 0xa5db, 0x945a, 0x8c18, 0x83d8, 0x83d8, 0x83d8, 0x83d7, 0x83b8, 0x83d8, 
	0x83d8, 0x83d8, 0x83d8, 0x83d8, 0x83d8, 0x83d8, 0x83d8, 0x83d8, 0x83d8, 0x83d8, 0x83d8, 0x83d8, 0x83d8, 0x83d8, 0x83d8, 0x83d8, 
	0x83d8, 0x83d8, 0x83d8, 0x83d8, 0x83d8, 0x83d8, 0x83d8, 0x83d8, 0x83d8, 0x83d8, 0x83d8, 0x83d8, 0x83d8, 0x83d8, 0x83d8, 0x83d8, 
	0x83d8, 0x83d8, 0x83d8, 0x83d8, 0x83d8, 0x83d8, 0x83d8, 0x83d8, 0x83d8, 0x83d8, 0x83d8, 0x83d8, 0x83d8, 0x83d8, 0x83d8, 0x83d8, 
	0x83d8, 0x83d8, 0x83d8, 0x83d8, 0x83d8, 0x83d8, 0x83d8, 0x83d8, 0x83d8, 0x83d8, 0x83d8, 0x83d8, 0x83d8, 0x83d8, 0x83d8, 0x83d8, 
	0x83d8, 0x83d8, 0x83d8, 0x83d8, 0x83d8, 0x83d8, 0x83d8, 0x83d8, 0x83d8, 0x83d8, 0x83d8, 0x83d8, 0x83d8, 0x83d8, 0x83d8, 0x83d8, 
	0x83d8, 0x83d8, 0x83d8, 0x83d8, 0x83d8, 0x83d8, 0x83d8, 0x83d8, 0x83d8, 0x83d8, 0x83d8, 0x83d8, 0x83d8, 0x83d8, 0x83d8, 0x83d8, 
	0x83d8, 0x83d8, 0x83d7, 0x83d7, 0x83d8, 0x83d8, 0x83f8, 0x83f8, 0x94da, 0xae1c, 0xaedc, 0xaefb, 0xb6dc, 0xb6dd, 0xb6bd, 0xaedd, 
	0xb6dd, 0xaebd, 0xaedc, 0xaefc, 0xaedc, 0xaedc, 0xaedc, 0xb6dd, 0xaedc, 0xaedc, 0xaedc, 0xaedc, 0xaedc, 0xaedc, 0xaedc, 0xaedc, 
	0xaedc, 0xaedc, 0xaedc, 0xaedc, 0xaedc, 0xaedc, 0xaedc, 0xaedc, 0xaedc, 0xaedc, 0xaedc, 0xaedc, 0xaedc, 0xaedc, 0xaedc, 0xaedc, 
	0xaedc, 0xaedc, 0xaedc, 0xaedc, 0xaedc, 0xaedc, 0xaedc, 0xaedc, 0xaedc, 0xaedc, 0xaedc, 0xaedc, 0xaedc, 0xaedc, 0xaedc, 0xaedc, 
	0xaedc, 0xaedc, 0xaedc, 0xaedc, 0xaedc, 0xaedc, 0xaedc, 0xaedc, 0xaedc, 0xaedc, 0xaedc, 0xaedc, 0xaedc, 0xaedc, 0xaedc, 0xaedc, 
	0xaedc, 0xaedc, 0xaedc, 0xaedc, 0xaedc, 0xaedc, 0xaedc, 0xaedc, 0xaedc, 0xaedc, 0xaedc, 0xaedc, 0xaedc, 0xaedc, 0xaedc, 0xaedc, 
	0xaedc, 0xaedc, 0xaedc, 0xaedc, 0xaedc, 0xaedc, 0xaedc, 0xaedc, 0xaedc, 0xaedc, 0xaedc, 0xaedc, 0xaedc, 0xaedc, 0xaedc, 0xaedc, 
	0xaedc, 0xaedc, 0xaedc, 0xaedc, 0xaedc, 0xaedc, 0xaedc, 0xaedc, 0xaedc, 0xaedc, 0xaedc, 0xaedc, 0xaedc, 0xaedc, 0xaedc, 0xaedc, 
	0xaedc, 0xaedc, 0xaedc, 0xaedc, 0xaedc, 0xaedc, 0xaedc, 0xaedc, 0xaedc, 0xaedc, 0xaedc, 0xaedc, 0xaedc, 0xaedc, 0xaedc, 0xaedc, 
	0xaedc, 0xaedc, 0xaedc, 0xaedc, 0xaedc, 0xaedc, 0xaedc, 0xaedc, 0xa63b, 0x9559, 0x8437, 0x83d7, 0x83b8, 0x83b8, 0x83d7, 0x83f7, 
	0x83f8, 0x83d8, 0x83d7, 0x83b7, 0x83b7, 0x83b7, 0x83d8, 0x83d8, 0x83d8, 0x83d8, 0x83d8, 0x83d8, 0x83d8, 0x83d8, 0x83d8, 0x83d8, 
	0x83d8, 0x83d8, 0x83d8, 0x83d8, 0x83d8, 0x83d8, 0x83d8, 0x83d8, 0x83d8, 0x83d8, 0x83d8, 0x83d8, 0x83d8, 0x83d8, 0x83d8, 0x83d8, 
	0x83d8, 0x83d8, 0x83d8, 0x83d8, 0x83d8, 0x83d8, 0x83d8, 0x83d8, 0x83d8, 0x83d8, 0x83d8, 0x83d8, 0x83d8, 0x83d8, 0x83d8, 0x83d8, 
	0x83d8, 0x83d8, 0x83d8, 0x83d8, 0x83d8, 0x83d8, 0x83d8, 0x83d8, 0x83d8, 0x83d8, 0x83d8, 0x83d8, 0x83d8, 0x83d8, 0x83d8, 0x83d8, 
	0x83d8, 0x83d8, 0x83d8, 0x83d8, 0x83d8, 0x83d8, 0x83d8, 0x83d8, 0x83d8, 0x83d8, 0x83d8, 0x83d8, 0x83d8, 0x83d8, 0x83d8, 0x83d8, 
	0x83d8, 0x83d8, 0x83d8, 0x83d8, 0x83d8, 0x83d8, 0x83d8, 0x83d8, 0x83d8, 0x83d7, 0x83d7, 0x83d8, 0x83d8, 0x83b7, 0x83b8, 0x8bf9, 
	0x83d8, 0x83b7, 0x83b8, 0x83d8, 0x83d7, 0x7bf7, 0x8c98, 0x9d7b, 0xa69c, 0xaebc, 0xaedc, 0xaedd, 0xaedc, 0xaedc, 0xaedc, 0xaedd, 
	0xaedc, 0xaedc, 0xaedc, 0xaedc, 0xaedc, 0xaedc, 0xaedc, 0xaedc, 0xaedc, 0xaedc, 0xaedc, 0xaedc, 0xaedc, 0xaedc, 0xaedc, 0xaedc, 
	0xaedc, 0xaedc, 0xaedc, 0xaedc, 0xaedc, 0xaedc, 0xaedc, 0xaedc, 0xaedc, 0xaedc, 0xaedc, 0xaedc, 0xaedc, 0xaedc, 0xaedc, 0xaedc, 
	0xaedc, 0xaedc, 0xaedc, 0xaedc, 0xaedc, 0xaedc, 0xaedc, 0xaedc, 0xaedc, 0xaedc, 0xaedc, 0xaedc, 0xaedc, 0xaedc, 0xaedc, 0xaedc, 
	0xaedc, 0xaedc, 0xaedc, 0xaedc, 0xaedc, 0xaedc, 0xaedc, 0xaedc, 0xaedc, 0xaedc, 0xaedc, 0xaedc, 0xaedc, 0xaedc, 0xaedc, 0xaedc, 
	0xaedc, 0xaedc, 0xaedc, 0xaedc, 0xaedc, 0xaedc, 0xaedc, 0xaedc, 0xaedc, 0xaedc, 0xaedc, 0xaedc, 0xaedc, 0xaedc, 0xaedc, 0xaedc, 
	0xaedc, 0xaedc, 0xaedc, 0xaedc, 0xaedc, 0xaedc, 0xaedc, 0xaedc, 0xaedc, 0xaedc, 0xaedc, 0xaedc, 0xaedc, 0xaedc, 0xaedc, 0xaedc, 
	0xaedc, 0xaedc, 0xaedc, 0xaedc, 0xaedc, 0xaedc, 0xaedc, 0xaedc, 0xaedc, 0xaedc, 0xaedc, 0xaedc, 0xaedc, 0xaedc, 0xaedc, 0xaedc, 
	0xaedc, 0xaedc, 0xaedc, 0xaedc, 0xaedc, 0xaedc, 0xaedc, 0xaedc, 0xaedc, 0xaedc, 0xaedc, 0xaedc, 0xaedc, 0xaedc, 0xaedc, 0xaedc, 
	0xaedc, 0xaedc, 0xaedc, 0xaedc, 0xaedc, 0xaedc, 0xaedc, 0xaedc, 0xb6bd, 0xae5c, 0x9d7a, 0x8c99, 0x83f8, 0x83d8, 0x83d8, 0x83b7, 
	0x83b7, 0x83b7, 0x83d7, 0x83d8, 0x83f8, 0x83d8, 0x83d8, 0x83d7, 0x83d8, 0x83d8, 0x83d8, 0x83d8, 0x83d8, 0x83d8, 0x83d8, 0x83d8, 
	0x83d8, 0x83d8, 0x83d8, 0x83d8, 0x83d8, 0x83d8, 0x83d8, 0x83d8, 0x83d8, 0x83d8, 0x83d8, 0x83d8, 0x83d8, 0x83d8, 0x83d8, 0x83d8, 
	0x83d8, 0x83d8, 0x83d8, 0x83d8, 0x83d8, 0x83d8, 0x83d8, 0x83d8, 0x83d8, 0x83d8, 0x83d8, 0x83d8, 0x83d8, 0x83d8, 0x83d8, 0x83d8, 
	0x83d8, 0x83d8, 0x83d8, 0x83d8, 0x83d8, 0x83d8, 0x83d8, 0x83d8, 0x83d8, 0x83d8, 0x83d8, 0x83d8, 0x83d8, 0x83d8, 0x83d8, 0x83d8, 
	0x83d8, 0x83d8, 0x83d8, 0x83d8, 0x83d8, 0x83d8, 0x83d8, 0x83d8, 0x83d8, 0x83d8, 0x83d8, 0x83d8, 0x83d8, 0x83d8, 0x83d8, 0x83d8, 
	0x83d8, 0x83d8, 0x83d8, 0x83d8, 0x83d8, 0x83d8, 0x83d8, 0x83d8, 0x83d8, 0x83d8, 0x83b7, 0x83d7, 0x83d8, 0x83d8, 0x83d8, 0x83d7, 
	0x7bd7, 0x83f8, 0x8bd9, 0x83b8, 0x83f8, 0x94d9, 0xa5db, 0xae9c, 0xaebc, 0xaedc, 0xaedd, 0xaedd, 0xaedc, 0xaedc, 0xaedc, 0xaedc, 
	0xaedc, 0xaedc, 0xaedc, 0xaedc, 0xaedc, 0xaedc, 0xaedc, 0xaedc, 0xaedc, 0xaedc, 0xaedc, 0xaedc, 0xaedc, 0xaedc, 0xaedc, 0xaedc, 
	0xaedc, 0xaedc, 0xaedc, 0xaedc, 0xaedc, 0xaedc, 0xaedc, 0xaedc, 0xaedc, 0xaedc, 0xaedc, 0xaedc, 0xaedc, 0xaedc, 0xaedc, 0xaedc, 
	0xaedc, 0xaedc, 0xaedc, 0xaedc, 0xaedc, 0xaedc, 0xaedc, 0xaedc, 0xaedc, 0xaedc, 0xaedc, 0xaedc, 0xaedc, 0xaedc, 0xaedc, 0xaedc, 
	0xaedc, 0xaedc, 0xaedc, 0xaedc, 0xaedc, 0xaedc, 0xaedc, 0xaedc, 0xaedc, 0xaedc, 0xaedc, 0xaedc, 0xaedc, 0xaedc, 0xaedc, 0xaedc, 
	0xaedc, 0xaedc, 0xaedc, 0xaedc, 0xaedc, 0xaedc, 0xaedc, 0xaedc, 0xaedc, 0xaedc, 0xaedc, 0xaedc, 0xaedc, 0xaedc, 0xaedc, 0xaedc, 
	0xaedc, 0xaedc, 0xaedc, 0xaedc, 0xaedc, 0xaedc, 0xaedc, 0xaedc, 0xaedc, 0xaedc, 0xaedc, 0xaedc, 0xaedc, 0xaedc, 0xaedc, 0xaedc, 
	0xaedc, 0xaedc, 0xaedc, 0xaedc, 0xaedc, 0xaedc, 0xaedc, 0xaedc, 0xaedc, 0xaedc, 0xaedc, 0xaedc, 0xaedc, 0xaedc, 0xaedc, 0xaedc, 
	0xaedc, 0xaedc, 0xaedc, 0xaedc, 0xaedc, 0xaedc, 0xaedc, 0xaedc, 0xaedc, 0xaedc, 0xaedc, 0xaedc, 0xaedc, 0xaedc, 0xaedc, 0xaedc, 
	0xaedc, 0xaedc, 0xaedc, 0xaedc, 0xaedc, 0xaedc, 0xaedc, 0xaedc, 0xaedc, 0xb6fd, 0xb6bd, 0xa5fc, 0x94f9, 0x8438, 0x83d7, 0x83b8, 
	0x8bd8, 0x83b8, 0x83d8, 0x7bd8, 0x7bd8, 0x7bd7, 0x83d7, 0x83d7, 0x83d8, 0x83d8, 0x83d8, 0x83d8, 0x83d8, 0x83d8, 0x83d8, 0x83d8, 
	0x83d8, 0x83d8, 0x83d8, 0x83d8, 0x83d8, 0x83d8, 0x83d8, 0x83d8, 0x83d8, 0x83d8, 0x83d8, 0x83d8, 0x83d8, 0x83d8, 0x83d8, 0x83d8, 
	0x83d8, 0x83d8, 0x83d8, 0x83d8, 0x83d8, 0x83d8, 0x83d8, 0x83d8, 0x83d8, 0x83d8, 0x83d8, 0x83d8, 0x83d8, 0x83d8, 0x83d8, 0x83d8, 
	0x83d8, 0x83d8, 0x83d8, 0x83d8, 0x83d8, 0x83d8, 0x83d8, 0x83d8, 0x83d8, 0x83d8, 0x83d8, 0x83d8, 0x83d8, 0x83d8, 0x83d8, 0x83d8, 
	0x83d8, 0x83d8, 0x83d8, 0x83d8, 0x83d8, 0x83d8, 0x83d8, 0x83d8, 0x83d8, 0x83d8, 0x83d8, 0x83d8, 0x83d8, 0x83d8, 0x83d8, 0x83d8, 
	0x83d8, 0x83d8, 0x83d8, 0x83d8, 0x83d8, 0x83d8, 0x83d8, 0x83d8, 0x83b7, 0x83d8, 0x83d8, 0x83d8, 0x83d8, 0x83d8, 0x83d8, 0x7bd7, 
	0x83d8, 0x83b7, 0x7bd7, 0x8c58, 0x9d5b, 0xae5c, 0xb6dc, 0xaefc, 0xaedd, 0xaedd, 0xaedd, 0xaedc, 0xaedc, 0xaedc, 0xaedc, 0xaedc, 
	0xaedc, 0xaedc, 0xaedc, 0xaedc, 0xaedc, 0xaedc, 0xaedc, 0xaedc, 0xaedc, 0xaedc, 0xaedc, 0xaedc, 0xaedc, 0xaedc, 0xaedc, 0xaedc, 
	0xaedc, 0xaedc, 0xaedc, 0xaedc, 0xaedc, 0xaedc, 0xaedc, 0xaedc, 0xaedc, 0xaedc, 0xaedc, 0xaedc, 0xaedc, 0xaedc, 0xaedc, 0xaedc, 
	0xaedc, 0xaedc, 0xaedc, 0xaedc, 0xaedc, 0xaedc, 0xaedc, 0xaedc, 0xaedc, 0xaedc, 0xaedc, 0xaedc, 0xaedc, 0xaedc, 0xaedc, 0xaedc, 
	0xaedc, 0xaedc, 0xaedc, 0xaedc, 0xaedc, 0xaedc, 0xaedc, 0xaedc, 0xaedc, 0xaedc, 0xaedc, 0xaedc, 0xaedc, 0xaedc, 0xaedc, 0xaedc, 
	0xaedc, 0xaedc, 0xaedc, 0xaedc, 0xaedc, 0xaedc, 0xaedc, 0xaedc, 0xaedc, 0xaedc, 0xaedc, 0xaedc, 0xaedc, 0xaedc, 0xaedc, 0xaedc, 
	0xaedc, 0xaedc, 0xaedc, 0xaedc, 0xaedc, 0xaedc, 0xaedc, 0xaedc, 0xaedc, 0xaedc, 0xaedc, 0xaedc, 0xaedc, 0xaedc, 0xaedc, 0xaedc, 
	0xaedc, 0xaedc, 0xaedc, 0xaedc, 0xaedc, 0xaedc, 0xaedc, 0xaedc, 0xaedc, 0xaedc, 0xaedc, 0xaedc, 0xaedc, 0xaedc, 0xaedc, 0xaedc, 
	0xaedc, 0xaedc, 0xaedc, 0xaedc, 0xaedc, 0xaedc, 0xaedc, 0xaedc, 0xaedc, 0xaedc, 0xaedc, 0xaedc, 0xaedc, 0xaedc, 0xaedc, 0xaedc, 
	0xaedc, 0xaedc, 0xaedc, 0xaedc, 0xaedc, 0xaedc, 0xaedc, 0xaedc, 0xaedc, 0xaedc, 0xaedc, 0xaebd, 0xae5c, 0x9d9b, 0x8c99, 0x83f8, 
	0x83d8, 0x83d8, 0x83d8, 0x83d8, 0x83d8, 0x83d7, 0x83d8, 0x83d8, 0x83d8, 0x83d8, 0x83d8, 0x83d8, 0x83d8, 0x83d8, 0x83d8, 0x83d8, 
	0x83d8, 0x83d8, 0x83d8, 0x83d8, 0x83d8, 0x83d8, 0x83d8, 0x83d8, 0x83d8, 0x83d8, 0x83d8, 0x83d8, 0x83d8, 0x83d8, 0x83d8, 0x83d8, 
	0x83d8, 0x83d8, 0x83d8, 0x83d8, 0x83d8, 0x83d8, 0x83d8, 0x83d8, 0x83d8, 0x83d8, 0x83d8, 0x83d8, 0x83d8, 0x83d8, 0x83d8, 0x83d8, 
	0x83d8, 0x83d8, 0x83d8, 0x83d8, 0x83d8, 0x83d8, 0x83d8, 0x83d8, 0x83d8, 0x83d8, 0x83d8, 0x83d8, 0x83d8, 0x83d8, 0x83d8, 0x83d8, 
	0x83d8, 0x83d8, 0x83d8, 0x83d8, 0x83d8, 0x83d8, 0x83d8, 0x83d8, 0x83d8, 0x83d8, 0x83d8, 0x83d8, 0x83d8, 0x83d8, 0x83d8, 0x83d8, 
	0x83d8, 0x83d8, 0x83d8, 0x83d8, 0x83d8, 0x83d8, 0x83d8, 0x83d8, 0x83d8, 0x83d8, 0x83d8, 0x83b8, 0x83b8, 0x83b8, 0x83d8, 0x83d8, 
	0x83b8, 0x8418, 0x8cf9, 0x9dfb, 0xaebc, 0xaedc, 0xaedc, 0xb6dc, 0xaedd, 0xaedc, 0xaedc, 0xaedc, 0xaedc, 0xaedc, 0xaedd, 0xaedd, 
	0xaedc, 0xaedc, 0xaedc, 0xaedc, 0xaedc, 0xaedc, 0xaedc, 0xaedc, 0xaedc, 0xaedc, 0xaedc, 0xaedc, 0xaedc, 0xaedc, 0xaedc, 0xaedc, 
	0xaedc, 0xaedc, 0xaedc, 0xaedc, 0xaedc, 0xaedc, 0xaedc, 0xaedc, 0xaedc, 0xaedc, 0xaedc, 0xaedc, 0xaedc, 0xaedc, 0xaedc, 0xaedc, 
	0xaedc, 0xaedc, 0xaedc, 0xaedc, 0xaedc, 0xaedc, 0xaedc, 0xaedc, 0xaedc, 0xaedc, 0xaedc, 0xaedc, 0xaedc, 0xaedc, 0xaedc, 0xaedc, 
	0xaedc, 0xaedc, 0xaedc, 0xaedc, 0xaedc, 0xaedc, 0xaedc, 0xaedc, 0xaedc, 0xaedc, 0xaedc, 0xaedc, 0xaedc, 0xaedc, 0xaedc, 0xaedc, 
	0xaedc, 0xaedc, 0xaedc, 0xaedc, 0xaedc, 0xaedc, 0xaedc, 0xaedc, 0xaedc, 0xaedc, 0xaedc, 0xaedc, 0xaedc, 0xaedc, 0xaedc, 0xaedc, 
	0xaedc, 0xaedc, 0xaedc, 0xaedc, 0xaedc, 0xaedc, 0xaedc, 0xaedc, 0xaedc, 0xaedc, 0xaedc, 0xaedc, 0xaedc, 0xaedc, 0xaedc, 0xaedc, 
	0xaedc, 0xaedc, 0xaedc, 0xaedc, 0xaedc, 0xaedc, 0xaedc, 0xaedc, 0xaedc, 0xaedc, 0xaedc, 0xaedc, 0xaedc, 0xaedc, 0xaedc, 0xaedc, 
	0xaedc, 0xaedc, 0xaedc, 0xaedc, 0xaedc, 0xaedc, 0xaedc, 0xaedc, 0xaedc, 0xaedc, 0xaedc, 0xaedc, 0xaedc, 0xaedc, 0xaedc, 0xaedc, 
	0xaedc, 0xaedc, 0xaedc, 0xaedc, 0xaedc, 0xaedc, 0xaedc, 0xaedc, 0xaebd, 0xaedd, 0xaedc, 0xaedc, 0xb6fd, 0xb6bd, 0xa5fc, 0x953a, 
	0x8438, 0x8418, 0x83d7, 0x83d8, 0x8bd8, 0x8bd8, 0x83d8, 0x83d8, 0x83d8, 0x83d8, 0x83d8, 0x83d8, 0x83d8, 0x83d8, 0x83d8, 0x83d8, 
	0x83d8, 0x83d8, 0x83d8, 0x83d8, 0x83d8, 0x83d8, 0x83d8, 0x83d8, 0x83d8, 0x83d8, 0x83d8, 0x83d8, 0x83d8, 0x83d8, 0x83d8, 0x83d8, 
	0x83d8, 0x83d8, 0x83d8, 0x83d8, 0x83d8, 0x83d8, 0x83d8, 0x83d8, 0x83d8, 0x83d8, 0x83d8, 0x83d8, 0x83d8, 0x83d8, 0x83d8, 0x83d8, 
	0x83d8, 0x83d8, 0x83d8, 0x83d8, 0x83d8, 0x83d8, 0x83d8, 0x83d8, 0x83d8, 0x83d8, 0x83d8, 0x83d8, 0x83d8, 0x83d8, 0x83d8, 0x83d8, 
	0x83d8, 0x83d8, 0x83d8, 0x83d8, 0x83d8, 0x83d8, 0x83d8, 0x83d8, 0x83d8, 0x83d8, 0x83d8, 0x83d8, 0x83d8, 0x83d8, 0x83d8, 0x83d8, 
	0x83d8, 0x83d8, 0x83d8, 0x83d8, 0x83d8, 0x83d8, 0x83d8, 0x83d8, 0x83f8, 0x83d7, 0x83d8, 0x83d8, 0x83d8, 0x83b8, 0x83d7, 0x83d8, 
	0x8c99, 0x9d5b, 0xae5c, 0xaedc, 0xa6fc, 0xaedc, 0xaedc, 0xb6bd, 0xaedc, 0xaedc, 0xaedc, 0xaedc, 0xaedd, 0xaedd, 0xaedd, 0xaedc, 
	0xaedc, 0xaedc, 0xaedc, 0xaedc, 0xaedc, 0xaedc, 0xaedc, 0xaedc, 0xaedc, 0xaedc, 0xaedc, 0xaedc, 0xaedc, 0xaedc, 0xaedc, 0xaedc, 
	0xaedc, 0xaedc, 0xaedc, 0xaedc, 0xaedc, 0xaedc, 0xaedc, 0xaedc, 0xaedc, 0xaedc, 0xaedc, 0xaedc, 0xaedc, 0xaedc, 0xaedc, 0xaedc, 
	0xaedc, 0xaedc, 0xaedc, 0xaedc, 0xaedc, 0xaedc, 0xaedc, 0xaedc, 0xaedc, 0xaedc, 0xaedc, 0xaedc, 0xaedc, 0xaedc, 0xaedc, 0xaedc, 
	0xaedc, 0xaedc, 0xaedc, 0xaedc, 0xaedc, 0xaedc, 0xaedc, 0xaedc, 0xaedc, 0xaedc, 0xaedc, 0xaedc, 0xaedc, 0xaedc, 0xaedc, 0xaedc, 
	0xaedc, 0xaedc, 0xaedc, 0xaedc, 0xaedc, 0xaedc, 0xaedc, 0xaedc, 0xaedc, 0xaedc, 0xaedc, 0xaedc, 0xaedc, 0xaedc, 0xaedc, 0xaedc, 
	0xaedc, 0xaedc, 0xaedc, 0xaedc, 0xaedc, 0xaedc, 0xaedc, 0xaedc, 0xaedc, 0xaedc, 0xaedc, 0xaedc, 0xaedc, 0xaedc, 0xaedc, 0xaedc, 
	0xaedc, 0xaedc, 0xaedc, 0xaedc, 0xaedc, 0xaedc, 0xaedc, 0xaedc, 0xaedc, 0xaedc, 0xaedc, 0xaedc, 0xaedc, 0xaedc, 0xaedc, 0xaedc, 
	0xaedc, 0xaedc, 0xaedc, 0xaedc, 0xaedc, 0xaedc, 0xaedc, 0xaedc, 0xaedc, 0xaedc, 0xaedc, 0xaedc, 0xaedc, 0xaedc, 0xaedc, 0xaedc, 
	0xaedc, 0xaedc, 0xaedc, 0xaedc, 0xaedc, 0xaedc, 0xaedc, 0xaedc, 0xaebd, 0xb6dd, 0xaefc, 0xaedc, 0xaedc, 0xaedd, 0xb6bd, 0xae7d, 
	0x9dbc, 0x951a, 0x8458, 0x83d7, 0x83b7, 0x83b7, 0x83d8, 0x7bd8, 0x83d8, 0x83d8, 0x83d8, 0x83d8, 0x83d8, 0x83d8, 0x83d8, 0x83d8, 
	0x83d8, 0x83d8, 0x83d8, 0x83d8, 0x83d8, 0x83d8, 0x83d8, 0x83d8, 0x83d8, 0x83d8, 0x83d8, 0x83d8, 0x83d8, 0x83d8, 0x83d8, 0x83d8, 
	0x83d8, 0x83d8, 0x83d8, 0x83d8, 0x83d8, 0x83d8, 0x83d8, 0x83d8, 0x83d8, 0x83d8, 0x83d8, 0x83d8, 0x83d8, 0x83d8, 0x83d8, 0x83d8, 
	0x83d8, 0x83d8, 0x83d8, 0x83d8, 0x83d8, 0x83d8, 0x83d8, 0x83d8, 0x83d8, 0x83d8, 0x83d8, 0x83d8, 0x83d8, 0x83d8, 0x83d8, 0x83d8, 
	0x83d8, 0x83d8, 0x83d8, 0x83d8, 0x83d8, 0x83d8, 0x83d8, 0x83d8, 0x83d8, 0x83d8, 0x83d8, 0x83d8, 0x83d8, 0x83d8, 0x83d8, 0x83d8, 
	0x83d8, 0x83d8, 0x83d8, 0x83d8, 0x83d8, 0x83d8, 0x83d8, 0x83d8, 0x7bd7, 0x7bd7, 0x83d7, 0x83d8, 0x83d7, 0x83f7, 0x8c79, 0x9cfa, 
	0xa63b, 0xae7c, 0xb6bd, 0xb6bd, 0xaedd, 0xb6fd, 0xaefc, 0xaedc, 0xaedc, 0xaedc, 0xaedc, 0xaedc, 0xaedd, 0xaedc, 0xaedc, 0xaedc, 
	0xaedc, 0xaedc, 0xaedc, 0xaedc, 0xaedc, 0xaedc, 0xaedc, 0xaedc, 0xaedc, 0xaedc, 0xaedc, 0xaedc, 0xaedc, 0xaedc, 0xaedc, 0xaedc, 
	0xaedc, 0xaedc, 0xaedc, 0xaedc, 0xaedc, 0xaedc, 0xaedc, 0xaedc, 0xaedc, 0xaedc, 0xaedc, 0xaedc, 0xaedc, 0xaedc, 0xaedc, 0xaedc, 
	0xaedc, 0xaedc, 0xaedc, 0xaedc, 0xaedc, 0xaedc, 0xaedc, 0xaedc, 0xaedc, 0xaedc, 0xaedc, 0xaedc, 0xaedc, 0xaedc, 0xaedc, 0xaedc, 
	0xaedc, 0xaedc, 0xaedc, 0xaedc, 0xaedc, 0xaedc, 0xaedc, 0xaedc, 0xaedc, 0xaedc, 0xaedc, 0xaedc, 0xaedc, 0xaedc, 0xaedc, 0xaedc, 
	0xaedc, 0xaedc, 0xaedc, 0xaedc, 0xaedc, 0xaedc, 0xaedc, 0xaedc, 0xaedc, 0xaedc, 0xaedc, 0xaedc, 0xaedc, 0xaedc, 0xaedc, 0xaedc, 
	0xaedc, 0xaedc, 0xaedc, 0xaedc, 0xaedc, 0xaedc, 0xaedc, 0xaedc, 0xaedc, 0xaedc, 0xaedc, 0xaedc, 0xaedc, 0xaedc, 0xaedc, 0xaedc, 
	0xaedc, 0xaedc, 0xaedc, 0xaedc, 0xaedc, 0xaedc, 0xaedc, 0xaedc, 0xaedc, 0xaedc, 0xaedc, 0xaedc, 0xaedc, 0xaedc, 0xaedc, 0xaedc, 
	0xaedc, 0xaedc, 0xaedc, 0xaedc, 0xaedc, 0xaedc, 0xaedc, 0xaedc, 0xaedc, 0xaedc, 0xaedc, 0xaedc, 0xaedc, 0xaedc, 0xaedc, 0xaedc, 
	0xaedc, 0xaedc, 0xaedc, 0xaedc, 0xaedc, 0xaedc, 0xaedc, 0xaedc, 0xb6fd, 0xaedc, 0xaebc, 0xaedc, 0xb6fd, 0xaedd, 0xaedc, 0xaedd, 
	0xb6de, 0xa65c, 0x9d7a, 0x8cb8, 0x8438, 0x83f7, 0x83d7, 0x83d8, 0x83d8, 0x83d8, 0x83d8, 0x83d8, 0x83d8, 0x83d8, 0x83d8, 0x83d8, 
	0x83d8, 0x83d8, 0x83d8, 0x83d8, 0x83d8, 0x83d8, 0x83d8, 0x83d8, 0x83d8, 0x83d8, 0x83d8, 0x83d8, 0x83d8, 0x83d8, 0x83d8, 0x83d8, 
	0x83d8, 0x83d8, 0x83d8, 0x83d8, 0x83d8, 0x83d8, 0x83d8, 0x83d8, 0x83d8, 0x83d8, 0x83d8, 0x83d8, 0x83d8, 0x83d8, 0x83d8, 0x83d8, 
	0x83d8, 0x83d8, 0x83d8, 0x83d8, 0x83d8, 0x83d8, 0x83d8, 0x83d8, 0x83d8, 0x83d8, 0x83d8, 0x83d8, 0x83d8, 0x83d8, 0x83d8, 0x83d8, 
	0x83d8, 0x83d8, 0x83d8, 0x83d8, 0x83d8, 0x83d8, 0x83d8, 0x83d8, 0x83d8, 0x83d8, 0x83d8, 0x83d8, 0x83d8, 0x83d8, 0x83d8, 0x83d8, 
	0x83d8, 0x83d8, 0x83d8, 0x83d8, 0x83d8, 0x83d8, 0x83d8, 0x83d8, 0x83f8, 0x83d8, 0x83d7, 0x7bf7, 0x8457, 0x8cf9, 0xa5db, 0xb69d, 
	0xaedc, 0xaedc, 0xb6dd, 0xb6dd, 0xb6bd, 0xaebd, 0xaedc, 0xaefc, 0xaedc, 0xaedc, 0xaedc, 0xaedc, 0xaedc, 0xaedc, 0xaedc, 0xaedc, 
	0xaedc, 0xaedc, 0xaedc, 0xaedc, 0xaedc, 0xaedc, 0xaedc, 0xaedc, 0xaedc, 0xaedc, 0xaedc, 0xaedc, 0xaedc, 0xaedc, 0xaedc, 0xaedc, 
	0xaedc, 0xaedc, 0xaedc, 0xaedc, 0xaedc, 0xaedc, 0xaedc, 0xaedc, 0xaedc, 0xaedc, 0xaedc, 0xaedc, 0xaedc, 0xaedc, 0xaedc, 0xaedc, 
	0xaedc, 0xaedc, 0xaedc, 0xaedc, 0xaedc, 0xaedc, 0xaedc, 0xaedc, 0xaedc, 0xaedc, 0xaedc, 0xaedc, 0xaedc, 0xaedc, 0xaedc, 0xaedc, 
	0xaedc, 0xaedc, 0xaedc, 0xaedc, 0xaedc, 0xaedc, 0xaedc, 0xaedc, 0xaedc, 0xaedc, 0xaedc, 0xaedc, 0xaedc, 0xaedc, 0xaedc, 0xaedc, 
	0xaedc, 0xaedc, 0xaedc, 0xaedc, 0xaedc, 0xaedc, 0xaedc, 0xaedc, 0xaedc, 0xaedc, 0xaedc, 0xaedc, 0xaedc, 0xaedc, 0xaedc, 0xaedc, 
	0xaedc, 0xaedc, 0xaedc, 0xaedc, 0xaedc, 0xaedc, 0xaedc, 0xaedc, 0xaedc, 0xaedc, 0xaedc, 0xaedc, 0xaedc, 0xaedc, 0xaedc, 0xaedc, 
	0xaedc, 0xaedc, 0xaedc, 0xaedc, 0xaedc, 0xaedc, 0xaedc, 0xaedc, 0xaedc, 0xaedc, 0xaedc, 0xaedc, 0xaedc, 0xaedc, 0xaedc, 0xaedc, 
	0xaedc, 0xaedc, 0xaedc, 0xaedc, 0xaedc, 0xaedc, 0xaedc, 0xaedc, 0xaedc, 0xaedc, 0xaedc, 0xaedc, 0xaedc, 0xaedc, 0xaedc, 0xaedc, 
	0xaedc, 0xaedc, 0xaedc, 0xaedc, 0xaedc, 0xaedc, 0xaedc, 0xaedc, 0xaedc, 0xaedc, 0xb6fd, 0xb6dd, 0xaebc, 0xaedc, 0xaefc, 0xaedc, 
	0xaedb, 0xb6fc, 0xb6bd, 0xae3d, 0x9d7b, 0x8c99, 0x83f7, 0x83d7, 0x83d8, 0x83d8, 0x83d8, 0x83d8, 0x83d8, 0x83d8, 0x83d8, 0x83d8, 
	0x83d8, 0x83d8, 0x83d8, 0x83d8, 0x83d8, 0x83d8, 0x83d8, 0x83d8, 0x83d8, 0x83d8, 0x83d8, 0x83d8, 0x83d8, 0x83d8, 0x83d8, 0x83d8, 
	0x83d8, 0x83d8, 0x83d8, 0x83d8, 0x83d8, 0x83d8, 0x83d8, 0x83d8, 0x83d8, 0x83d8, 0x83d8, 0x83d8, 0x83d8, 0x83d8, 0x83d8, 0x83d8, 
	0x83d8, 0x83d8, 0x83d8, 0x83d8, 0x83d8, 0x83d8, 0x83d8, 0x83d8, 0x83d8, 0x83d8, 0x83d8, 0x83d8, 0x83d8, 0x83d8, 0x83d8, 0x83d8, 
	0x83d8, 0x83d8, 0x83d8, 0x83d8, 0x83d8, 0x83d8, 0x83d8, 0x83d8, 0x83d8, 0x83d8, 0x83d8, 0x83d8, 0x83d8, 0x83d8, 0x83d8, 0x83d8, 
	0x83d8, 0x83d8, 0x83d8, 0x83d8, 0x83d8, 0x83d8, 0x83d8, 0x83d8, 0x83b8, 0x83d8, 0x8c18, 0x94b9, 0xa59b, 0xae7d, 0xaedc, 0xaefc, 
	0xb6dd, 0xaedd, 0xaedc, 0xaedc, 0xaedc, 0xaedc, 0xaedd, 0xaedd, 0xaedc, 0xaedc, 0xaedc, 0xaedc, 0xaedc, 0xaedc, 0xaedd, 0xaedd, 
	0xaedc, 0xaedc, 0xaedc, 0xaedc, 0xaedc, 0xaedc, 0xaedc, 0xaedc, 0xaedc, 0xaedc, 0xaedc, 0xaedc, 0xaedc, 0xaedc, 0xaedc, 0xaedc, 
	0xaedc, 0xaedc, 0xaedc, 0xaedc, 0xaedc, 0xaedc, 0xaedc, 0xaedc, 0xaedc, 0xaedc, 0xaedc, 0xaedc, 0xaedc, 0xaedc, 0xaedc, 0xaedc, 
	0xaedc, 0xaedc, 0xaedc, 0xaedc, 0xaedc, 0xaedc, 0xaedc, 0xaedc, 0xaedc, 0xaedc, 0xaedc, 0xaedc, 0xaedc, 0xaedc, 0xaedc, 0xaedc, 
	0xaedc, 0xaedc, 0xaedc, 0xaedc, 0xaedc, 0xaedc, 0xaedc, 0xaedc, 0xaedc, 0xaedc, 0xaedc, 0xaedc, 0xaedc, 0xaedc, 0xaedc, 0xaedc, 
	0xaedc, 0xaedc, 0xaedc, 0xaedc, 0xaedc, 0xaedc, 0xaedc, 0xaedc, 0xaedc, 0xaedc, 0xaedc, 0xaedc, 0xaedc, 0xaedc, 0xaedc, 0xaedc, 
	0xaedc, 0xaedc, 0xaedc, 0xaedc, 0xaedc, 0xaedc, 0xaedc, 0xaedc, 0xaedc, 0xaedc, 0xaedc, 0xaedc, 0xaedc, 0xaedc, 0xaedc, 0xaedc, 
	0xaedc, 0xaedc, 0xaedc, 0xaedc, 0xaedc, 0xaedc, 0xaedc, 0xaedc, 0xaedc, 0xaedc, 0xaedc, 0xaedc, 0xaedc, 0xaedc, 0xaedc, 0xaedc, 
	0xaedc, 0xaedc, 0xaedc, 0xaedc, 0xaedc, 0xaedc, 0xaedc, 0xaedc, 0xaedc, 0xaedc, 0xaedc, 0xaedc, 0xaedc, 0xaedc, 0xaedc, 0xaedc, 
	0xaedc, 0xaedc, 0xaedc, 0xaedc, 0xaedc, 0xaedc, 0xaedc, 0xaedc, 0xaedc, 0xaedc, 0xaedc, 0xaedc, 0xaedc, 0xaedc, 0xaedc, 0xaedc, 
	0xaedc, 0xaedc, 0xaefd, 0xaedd, 0xb6bd, 0xae3c, 0x9d5a, 0x8cb8, 0x8bf9, 0x83d8, 0x83b7, 0x83d8, 0x83d8, 0x83b7, 0x83d7, 0x83d8, 
	0x83b8, 0x8bd8, 0x83d8, 0x83d7, 0x7bd7, 0x83f7, 0x83d8, 0x83d8, 0x83d8, 0x83d8, 0x83d8, 0x83d8, 0x83d8, 0x83d8, 0x83d8, 0x83d8, 
	0x83d8, 0x83d8, 0x83d8, 0x83d8, 0x83d8, 0x83d8, 0x83d8, 0x83d8, 0x83d8, 0x83d8, 0x83d8, 0x83d8, 0x83d8, 0x83d8, 0x83d8, 0x83d8, 
	0x83d8, 0x83d8, 0x83d8, 0x83d8, 0x83d8, 0x83d8, 0x83d8, 0x83d8, 0x83d8, 0x83d8, 0x83d8, 0x83d8, 0x83d8, 0x83d8, 0x83d8, 0x83d8, 
	0x83d8, 0x83d8, 0x83d8, 0x83d8, 0x83d8, 0x83d8, 0x83b8, 0x83d8, 0x83d7, 0x83d8, 0x83d8, 0x83d7, 0x7bb8, 0x83d8, 0x8bb8, 0x8bb8, 
	0x83d7, 0x83d7, 0x83d8, 0x83d8, 0x83d8, 0x83d8, 0x83d8, 0x83d8, 0x8417, 0x94d9, 0xa5db, 0xa67c, 0xaebc, 0xaedc, 0xaedc, 0xaedc, 
	0xaedc, 0xaedc, 0xaedc, 0xaedc, 0xaedc, 0xaedc, 0xaedc, 0xaedc, 0xaedc, 0xaedc, 0xaedc, 0xaedc, 0xaedc, 0xaedc, 0xaedc, 0xaedc, 
	0xaedc, 0xaedc, 0xaedc, 0xaedc, 0xaedc, 0xaedc, 0xaedc, 0xaedc, 0xaedc, 0xaedc, 0xaedc, 0xaedc, 0xaedc, 0xaedc, 0xaedc, 0xaedc, 
	0xaedc, 0xaedc, 0xaedc, 0xaedc, 0xaedc, 0xaedc, 0xaedc, 0xaedc, 0xaedc, 0xaedc, 0xaedc, 0xaedc, 0xaedc, 0xaedc, 0xaedc, 0xaedc, 
	0xaedc, 0xaedc, 0xaedc, 0xaedc, 0xaedc, 0xaedc, 0xaedc, 0xaedc, 0xaedc, 0xaedc, 0xaedc, 0xaedc, 0xaedc, 0xaedc, 0xaedc, 0xaedc, 
	0xaedc, 0xaedc, 0xaedc, 0xaedc, 0xaedc, 0xaedc, 0xaedc, 0xaedc, 0xaedc, 0xaedc, 0xaedc, 0xaedc, 0xaedc, 0xaedc, 0xaedc, 0xaedc, 
	0xaedc, 0xaedc, 0xaedc, 0xaedc, 0xaedc, 0xaedc, 0xaedc, 0xaedc, 0xaedc, 0xaedc, 0xaedc, 0xaedc, 0xaedc, 0xaedc, 0xaedc, 0xaedc, 
	0xaedc, 0xaedc, 0xaedc, 0xaedc, 0xaedc, 0xaedc, 0xaedc, 0xaedc, 0xaedc, 0xaedc, 0xaedc, 0xaedc, 0xaedc, 0xaedc, 0xaedc, 0xaedc, 
	0xaedc, 0xaedc, 0xaedc, 0xaedc, 0xaedc, 0xaedc, 0xaedc, 0xaedc, 0xaedc, 0xaedc, 0xaedc, 0xaedc, 0xaedc, 0xaedc, 0xaedc, 0xaedc, 
	0xaedc, 0xaedc, 0xaedc, 0xaedc, 0xaedc, 0xaedc, 0xaedc, 0xaedc, 0xaedc, 0xaedc, 0xaedc, 0xaedc, 0xaedc, 0xaedc, 0xaedc, 0xaedc, 
	0xaedc, 0xaedc, 0xaedc, 0xaedc, 0xaedc, 0xaedc, 0xaedc, 0xaedc, 0xaedc, 0xaedc, 0xaedc, 0xaedc, 0xaedc, 0xaedc, 0xaedc, 0xaedc, 
	0xaedc, 0xaedc, 0xaedc, 0xaedc, 0xaedd, 0xb6dd, 0xb69d, 0xae3c, 0x9d7a, 0x8cd9, 0x8438, 0x83d8, 0x8bd8, 0x8bd8, 0x83d8, 0x7bb7, 
	0x83d7, 0x83d7, 0x83d7, 0x83d7, 0x83d8, 0x83d8, 0x83d8, 0x83b8, 0x83d7, 0x83d7, 0x83d7, 0x83d7, 0x83d7, 0x83d8, 0x83d8, 0x83d8, 
	0x83d8, 0x83d8, 0x83d8, 0x83d8, 0x83d8, 0x83d8, 0x83d8, 0x83d8, 0x83d8, 0x83d8, 0x83d8, 0x83d8, 0x83d8, 0x83d8, 0x83d8, 0x83d8, 
	0x83d8, 0x83d8, 0x83d8, 0x83d8, 0x83d8, 0x83d8, 0x83d8, 0x83d8, 0x83d8, 0x83d8, 0x83d8, 0x83d8, 0x83d8, 0x83d8, 0x83d8, 0x83d8, 
	0x83d8, 0x83d8, 0x83d8, 0x83d8, 0x83d8, 0x83d8, 0x83d7, 0x7bd7, 0x83b8, 0x83d8, 0x83d8, 0x83d7, 0x83d7, 0x83d7, 0x83d7, 0x83d7, 
	0x83d8, 0x83d8, 0x83b8, 0x83b7, 0x83b7, 0x83f7, 0x8c78, 0x8cd9, 0xa5bb, 0xae3c, 0xb69d, 0xaedd, 0xaedd, 0xaefc, 0xaedd, 0xb6dd, 
	0xaedc, 0xaedc, 0xaedc, 0xaedc, 0xaedc, 0xaedc, 0xaedc, 0xaedc, 0xaedc, 0xaedc, 0xaedc, 0xaedc, 0xaedc, 0xaedc, 0xaedc, 0xaedc, 
	0xaedc, 0xaedc, 0xaedc, 0xaedc, 0xaedc, 0xaedc, 0xaedc, 0xaedc, 0xaedc, 0xaedc, 0xaedc, 0xaedc, 0xaedc, 0xaedc, 0xaedc, 0xaedc, 
	0xaedc, 0xaedc, 0xaedc, 0xaedc, 0xaedc, 0xaedc, 0xaedc, 0xaedc, 0xaedc, 0xaedc, 0xaedc, 0xaedc, 0xaedc, 0xaedc, 0xaedc, 0xaedc, 
	0xaedc, 0xaedc, 0xaedc, 0xaedc, 0xaedc, 0xaedc, 0xaedc, 0xaedc, 0xaedc, 0xaedc, 0xaedc, 0xaedc, 0xaedc, 0xaedc, 0xaedc, 0xaedc, 
	0xaedc, 0xaedc, 0xaedc, 0xaedc, 0xaedc, 0xaedc, 0xaedc, 0xaedc, 0xaedc, 0xaedc, 0xaedc, 0xaedc, 0xaedc, 0xaedc, 0xaedc, 0xaedc, 
	0xaedc, 0xaedc, 0xaedc, 0xaedc, 0xaedc, 0xaedc, 0xaedc, 0xaedc, 0xaedc, 0xaedc, 0xaedc, 0xaedc, 0xaedc, 0xaedc, 0xaedc, 0xaedc, 
	0xaedc, 0xaedc, 0xaedc, 0xaedc, 0xaedc, 0xaedc, 0xaedc, 0xaedc, 0xaedc, 0xaedc, 0xaedc, 0xaedc, 0xaedc, 0xaedc, 0xaedc, 0xaedc, 
	0xaedc, 0xaedc, 0xaedc, 0xaedc, 0xaedc, 0xaedc, 0xaedc, 0xaedc, 0xaedc, 0xaedc, 0xaedc, 0xaedc, 0xaedc, 0xaedc, 0xaedc, 0xaedc, 
	0xaedc, 0xaedc, 0xaedc, 0xaedc, 0xaedc, 0xaedc, 0xaedc, 0xaedc, 0xaedc, 0xaedc, 0xaedc, 0xaedc, 0xaedc, 0xaedc, 0xaedc, 0xaedc, 
	0xaedc, 0xaedc, 0xaedc, 0xaedc, 0xaedc, 0xaedc, 0xaedc, 0xaedc, 0xaedc, 0xaedc, 0xaedc, 0xaedc, 0xaedc, 0xaedc, 0xaedc, 0xaedc, 
	0xaedd, 0xaedd, 0xaedc, 0xaedc, 0xaedc, 0xaefc, 0xaedc, 0xaedc, 0xaebc, 0xa65c, 0x9dba, 0x94f9, 0x8458, 0x83f7, 0x83d7, 0x83d8, 
	0x83f7, 0x83d7, 0x83d7, 0x83d8, 0x83d8, 0x83d8, 0x83d8, 0x83d8, 0x83f7, 0x83f7, 0x83f7, 0x83d8, 0x83d8, 0x83d7, 0x83b8, 0x83b8, 
	0x83d8, 0x83d8, 0x83d8, 0x83d8, 0x83d8, 0x83d8, 0x83d8, 0x83d8, 0x83d8, 0x83d8, 0x83d8, 0x83d8, 0x83d8, 0x83d8, 0x83d8, 0x83d8, 
	0x83d8, 0x83d8, 0x83d8, 0x83d8, 0x83d8, 0x83d8, 0x83d8, 0x83d8, 0x83d8, 0x83d8, 0x83d8, 0x83d8, 0x83d8, 0x83d8, 0x83d8, 0x83d8, 
	0x83d7, 0x83d7, 0x83d7, 0x83d7, 0x83d8, 0x83f8, 0x83f8, 0x7bf8, 0x7bb7, 0x83b7, 0x83d8, 0x83f8, 0x83d8, 0x83d7, 0x83d7, 0x83d7, 
	0x83d8, 0x83b8, 0x83d7, 0x83f7, 0x8c78, 0x9539, 0xa5db, 0xae7d, 0xb6bc, 0xb6dd, 0xb6fd, 0xaedc, 0xaedc, 0xaedc, 0xaedc, 0xaedc, 
	0xaedc, 0xaedc, 0xaedc, 0xaedc, 0xaedc, 0xaedc, 0xaedc, 0xaedc, 0xaedc, 0xaedc, 0xaedc, 0xaedc, 0xaedc, 0xaedc, 0xaedc, 0xaedc, 
	0xaedc, 0xaedc, 0xaedc, 0xaedc, 0xaedc, 0xaedc, 0xaedc, 0xaedc, 0xaedc, 0xaedc, 0xaedc, 0xaedc, 0xaedc, 0xaedc, 0xaedc, 0xaedc, 
	0xaedc, 0xaedc, 0xaedc, 0xaedc, 0xaedc, 0xaedc, 0xaedc, 0xaedc, 0xaedc, 0xaedc, 0xaedc, 0xaedc, 0xaedc, 0xaedc, 0xaedc, 0xaedc, 
	0xaedc, 0xaedc, 0xaedc, 0xaedc, 0xaedc, 0xaedc, 0xaedc, 0xaedc, 0xaedc, 0xaedc, 0xaedc, 0xaedc, 0xaedc, 0xaedc, 0xaedc, 0xaedc, 
	0xaedc, 0xaedc, 0xaedc, 0xaedc, 0xaedc, 0xaedc, 0xaedc, 0xaedc, 0xaedc, 0xaedc, 0xaedc, 0xaedc, 0xaedc, 0xaedc, 0xaedc, 0xaedc, 
	0xaedc, 0xaedc, 0xaedc, 0xaedc, 0xaedc, 0xaedc, 0xaedc, 0xaedc, 0xaedc, 0xaedc, 0xaedc, 0xaedc, 0xaedc, 0xaedc, 0xaedc, 0xaedc, 
	0xaedc, 0xaedc, 0xaedc, 0xaedc, 0xaedc, 0xaedc, 0xaedc, 0xaedc, 0xaedc, 0xaedc, 0xaedc, 0xaedc, 0xaedc, 0xaedc, 0xaedc, 0xaedc, 
	0xaedc, 0xaedc, 0xaedc, 0xaedc, 0xaedc, 0xaedc, 0xaedc, 0xaedc, 0xaedc, 0xaedc, 0xaedc, 0xaedc, 0xaedc, 0xaedc, 0xaedc, 0xaedc, 
	0xaedc, 0xaedc, 0xaedc, 0xaedc, 0xaedc, 0xaedc, 0xaedc, 0xaedc, 0xaedc, 0xaedc, 0xaedc, 0xaedc, 0xaedc, 0xaedc, 0xaedc, 0xaedc, 
	0xaedc, 0xaedc, 0xaedc, 0xaedc, 0xaedc, 0xaedc, 0xaedc, 0xaedc, 0xaedc, 0xaedc, 0xaedc, 0xaedc, 0xaedc, 0xaedc, 0xaedc, 0xaedc, 
	0xaebc, 0xaedd, 0xb6fd, 0xaedc, 0xaedc, 0xaedc, 0xaedc, 0xa6dc, 0xb6dd, 0xb6fd, 0xaedc, 0xa67b, 0x9dfa, 0x953a, 0x8c99, 0x8418, 
	0x83f8, 0x83d7, 0x83b8, 0x83d8, 0x8bd8, 0x83d8, 0x83d7, 0x7bd7, 0x83b7, 0x83d7, 0x83d8, 0x83d8, 0x83d8, 0x83d7, 0x83d8, 0x83d8, 
	0x83d8, 0x83d8, 0x83d8, 0x83d8, 0x83d8, 0x83d8, 0x83d8, 0x83d8, 0x83d8, 0x83d8, 0x83d8, 0x83d8, 0x83d8, 0x83d8, 0x83d8, 0x83d8, 
	0x83d8, 0x83d8, 0x83d8, 0x83d8, 0x83d8, 0x83d8, 0x83d8, 0x83d8, 0x83d8, 0x83d8, 0x83d8, 0x83d8, 0x83d8, 0x83d8, 0x83d8, 0x83d8, 
	0x83d8, 0x83d8, 0x83b7, 0x83b7, 0x83b7, 0x83d7, 0x83d7, 0x83d7, 0x83f8, 0x83f7, 0x83d7, 0x83b7, 0x83b7, 0x8397, 0x83b8, 0x83d8, 
	0x83f7, 0x8c38, 0x8cd9, 0x9d7b, 0xa61c, 0xae7c, 0xb6dd, 0xb6dd, 0xaefc, 0xaefc, 0xaedc, 0xaedc, 0xaedc, 0xaedd, 0xaedc, 0xaedc, 
	0xaedc, 0xaedc, 0xaedc, 0xaedc, 0xaedc, 0xaedc, 0xaedc, 0xaedc, 0xaedc, 0xaedc, 0xaedc, 0xaedc, 0xaedc, 0xaedc, 0xaedc, 0xaedc, 
	0xaedc, 0xaedc, 0xaedc, 0xaedc, 0xaedc, 0xaedc, 0xaedc, 0xaedc, 0xaedc, 0xaedc, 0xaedc, 0xaedc, 0xaedc, 0xaedc, 0xaedc, 0xaedc, 
	0xaedc, 0xaedc, 0xaedc, 0xaedc, 0xaedc, 0xaedc, 0xaedc, 0xaedc, 0xaedc, 0xaedc, 0xaedc, 0xaedc, 0xaedc, 0xaedc, 0xaedc, 0xaedc, 
	0xaedc, 0xaedc, 0xaedc, 0xaedc, 0xaedc, 0xaedc, 0xaedc, 0xaedc, 0xaedc, 0xaedc, 0xaedc, 0xaedc, 0xaedc, 0xaedc, 0xaedc, 0xaedc, 
	0xaedc, 0xaedc, 0xaedc, 0xaedc, 0xaedc, 0xaedc, 0xaedc, 0xaedc, 0xaedc, 0xaedc, 0xaedc, 0xaedc, 0xaedc, 0xaedc, 0xaedc, 0xaedc, 
	0xaedc, 0xaedc, 0xaedc, 0xaedc, 0xaedc, 0xaedc, 0xaedc, 0xaedc, 0xaedc, 0xaedc, 0xaedc, 0xaedc, 0xaedc, 0xaedc, 0xaedc, 0xaedc, 
	0xaedc, 0xaedc, 0xaedc, 0xaedc, 0xaedc, 0xaedc, 0xaedc, 0xaedc, 0xaedc, 0xaedc, 0xaedc, 0xaedc, 0xaedc, 0xaedc, 0xaedc, 0xaedc, 
	0xaedc, 0xaedc, 0xaedc, 0xaedc, 0xaedc, 0xaedc, 0xaedc, 0xaedc, 0xaedc, 0xaedc, 0xaedc, 0xaedc, 0xaedc, 0xaedc, 0xaedc, 0xaedc, 
	0xaedc, 0xaedc, 0xaedc, 0xaedc, 0xaedc, 0xaedc, 0xaedc, 0xaedc, 0xaedc, 0xaedc, 0xaedc, 0xaedc, 0xaedc, 0xaedc, 0xaedc, 0xaedc, 
	0xaedc, 0xaedc, 0xaedc, 0xaedc, 0xaedc, 0xaedc, 0xaedc, 0xaedc, 0xaedc, 0xaedc, 0xaedc, 0xaedc, 0xaedc, 0xaedc, 0xaedc, 0xaedc, 
	0xaedc, 0xaedc, 0xaedc, 0xaedc, 0xaedc, 0xb6dd, 0xaedd, 0xaefd, 0xb6bd, 0xaedd, 0xaedc, 0xaefc, 0xaefc, 0xb6bd, 0xae1c, 0x9d9b, 
	0x94fa, 0x8c99, 0x8418, 0x83d7, 0x83b7, 0x83b7, 0x83d7, 0x83f8, 0x83d8, 0x83d8, 0x83d8, 0x83d8, 0x83d8, 0x83d8, 0x83d7, 0x83d7, 
	0x83d8, 0x83d8, 0x83d8, 0x83d8, 0x83d8, 0x83d8, 0x83d8, 0x83d8, 0x83d8, 0x83d8, 0x83d8, 0x83d8, 0x83d8, 0x83d8, 0x83d8, 0x83d8, 
	0x83d8, 0x83d8, 0x83d8, 0x83d8, 0x83d8, 0x83d8, 0x83d8, 0x83d8, 0x83d8, 0x83d8, 0x83d8, 0x83d8, 0x83d8, 0x83d8, 0x83d8, 0x83d8, 
	0x83d8, 0x83d8, 0x83d8, 0x83d8, 0x83d8, 0x83d8, 0x83d8, 0x83d8, 0x83d8, 0x83b8, 0x83b8, 0x83d8, 0x83d8, 0x83f8, 0x8438, 0x8c79, 
	0x9d39, 0xa5bb, 0xae5c, 0xb6bd, 0xaefd, 0xaedd, 0xaedc, 0xaedc, 0xaedc, 0xaedc, 0xb6dd, 0xb6dd, 0xb6dd, 0xaedd, 0xaedc, 0xaedc, 
	0xaedc, 0xaedc, 0xaedc, 0xaedc, 0xaedc, 0xaedc, 0xaedc, 0xaedc, 0xaedc, 0xaedc, 0xaedc, 0xaedc, 0xaedc, 0xaedc, 0xaedc, 0xaedc, 
	0xaedc, 0xaedc, 0xaedc, 0xaedc, 0xaedc, 0xaedc, 0xaedc, 0xaedc, 0xaedc, 0xaedc, 0xaedc, 0xaedc, 0xaedc, 0xaedc, 0xaedc, 0xaedc, 
	0xaedc, 0xaedc, 0xaedc, 0xaedc, 0xaedc, 0xaedc, 0xaedc, 0xaedc, 0xaedc, 0xaedc, 0xaedc, 0xaedc, 0xaedc, 0xaedc, 0xaedc, 0xaedc, 
	0xaedc, 0xaedc, 0xaedc, 0xaedc, 0xaedc, 0xaedc, 0xaedc, 0xaedc, 0xaedc, 0xaedc, 0xaedc, 0xaedc, 0xaedc, 0xaedc, 0xaedc, 0xaedc, 
	0xaedc, 0xaedc, 0xaedc, 0xaedc, 0xaedc, 0xaedc, 0xaedc, 0xaedc, 0xaedc, 0xaedc, 0xaedc, 0xaedc, 0xaedc, 0xaedc, 0xaedc, 0xaedc, 
	0xaedc, 0xaedc, 0xaedc, 0xaedc, 0xaedc, 0xaedc, 0xaedc, 0xaedc, 0xaedc, 0xaedc, 0xaedc, 0xaedc, 0xaedc, 0xaedc, 0xaedc, 0xaedc, 
	0xaedc, 0xaedc, 0xaedc, 0xaedc, 0xaedc, 0xaedc, 0xaedc, 0xaedc, 0xaedc, 0xaedc, 0xaedc, 0xaedc, 0xaedc, 0xaedc, 0xaedc, 0xaedc, 
	0xaedc, 0xaedc, 0xaedc, 0xaedc, 0xaedc, 0xaedc, 0xaedc, 0xaedc, 0xaedc, 0xaedc, 0xaedc, 0xaedc, 0xaedc, 0xaedc, 0xaedc, 0xaedc, 
	0xaedc, 0xaedc, 0xaedc, 0xaedc, 0xaedc, 0xaedc, 0xaedc, 0xaedc, 0xaedc, 0xaedc, 0xaedc, 0xaedc, 0xaedc, 0xaedc, 0xaedc, 0xaedc, 
	0xaedc, 0xaedc, 0xaedc, 0xaedc, 0xaedc, 0xaedc, 0xaedc, 0xaedc, 0xaedc, 0xaedc, 0xaedc, 0xaedc, 0xaedc, 0xaedc, 0xaedc, 0xaedc, 
	0xaefc, 0xaefc, 0xaedc, 0xaedc, 0xaebc, 0xaebd, 0xaebd, 0xaebd, 0xaedc, 0xaedd, 0xb6dd, 0xaebc, 0xaebc, 0xaedc, 0xaefc, 0xaefc, 
	0xae7c, 0xa61b, 0x9d7a, 0x94f9, 0x8c78, 0x8438, 0x83f8, 0x83d8, 0x83d8, 0x83d8, 0x83b8, 0x83b8, 0x83d8, 0x83d7, 0x83d7, 0x83d7, 
	0x83d8, 0x83d8, 0x83d8, 0x83d8, 0x83d8, 0x83d8, 0x83d8, 0x83d8, 0x83d8, 0x83d8, 0x83d8, 0x83d8, 0x83d8, 0x83d8, 0x83d8, 0x83d8, 
	0x83d8, 0x83d8, 0x83d8, 0x83d8, 0x83d8, 0x83d8, 0x83d8, 0x83d8, 0x83d8, 0x83d8, 0x83d8, 0x83d8, 0x83d8, 0x83d8, 0x83d8, 0x83d8, 
	0x7bb8, 0x83d8, 0x83d8, 0x83d8, 0x83b8, 0x83b7, 0x83d7, 0x83d7, 0x8bb9, 0x83b8, 0x83d8, 0x8418, 0x8c98, 0x9539, 0xa5db, 0xae3c, 
	0xaebc, 0xaebd, 0xb6dd, 0xb6dc, 0xaedc, 0xaedc, 0xaefc, 0xaefc, 0xaebd, 0xb6dd, 0xb6dd, 0xb6dd, 0xaedd, 0xaedc, 0xaedc, 0xaedc, 
	0xaedc, 0xaedc, 0xaedc, 0xaedc, 0xaedc, 0xaedc, 0xaedc, 0xaedc, 0xaedc, 0xaedc, 0xaedc, 0xaedc, 0xaedc, 0xaedc, 0xaedc, 0xaedc, 
	0xaedc, 0xaedc, 0xaedc, 0xaedc, 0xaedc, 0xaedc, 0xaedc, 0xaedc, 0xaedc, 0xaedc, 0xaedc, 0xaedc, 0xaedc, 0xaedc, 0xaedc, 0xaedc, 
	0xaedc, 0xaedc, 0xaedc, 0xaedc, 0xaedc, 0xaedc, 0xaedc, 0xaedc, 0xaedc, 0xaedc, 0xaedc, 0xaedc, 0xaedc, 0xaedc, 0xaedc, 0xaedc, 
	0xaedc, 0xaedc, 0xaedc, 0xaedc, 0xaedc, 0xaedc, 0xaedc, 0xaedc, 0xaedc, 0xaedc, 0xaedc, 0xaedc, 0xaedc, 0xaedc, 0xaedc, 0xaedc, 
	0xaedc, 0xaedc, 0xaedc, 0xaedc, 0xaedc, 0xaedc, 0xaedc, 0xaedc, 0xaedc, 0xaedc, 0xaedc, 0xaedc, 0xaedc, 0xaedc, 0xaedc, 0xaedc, 
	0xaedc, 0xaedc, 0xaedc, 0xaedc, 0xaedc, 0xaedc, 0xaedc, 0xaedc, 0xaedc, 0xaedc, 0xaedc, 0xaedc, 0xaedc, 0xaedc, 0xaedc, 0xaedc, 
	0xaedc, 0xaedc, 0xaedc, 0xaedc, 0xaedc, 0xaedc, 0xaedc, 0xaedc, 0xaedc, 0xaedc, 0xaedc, 0xaedc, 0xaedc, 0xaedc, 0xaedc, 0xaedc, 
	0xaedc, 0xaedc, 0xaedc, 0xaedc, 0xaedc, 0xaedc, 0xaedc, 0xaedc, 0xaedc, 0xaedc, 0xaedc, 0xaedc, 0xaedc, 0xaedc, 0xaedc, 0xaedc, 
	0xaedc, 0xaedc, 0xaedc, 0xaedc, 0xaedc, 0xaedc, 0xaedc, 0xaedc, 0xaedc, 0xaedc, 0xaedc, 0xaedc, 0xaedc, 0xaedc, 0xaedc, 0xaedc, 
	0xaedc, 0xaedc, 0xaedc, 0xaedc, 0xaedc, 0xaedc, 0xaedc, 0xaedc, 0xaedc, 0xaedc, 0xaedc, 0xaedc, 0xaedc, 0xaedc, 0xaedc, 0xaedc, 
	0xaedc, 0xaedc, 0xaedc, 0xb6fd, 0xb6dd, 0xaedd, 0xb6dd, 0xb6dd, 0xaefc, 0xaedc, 0xb6dd, 0xb6dd, 0xb6dd, 0xaedd, 0xaedc, 0xa6db, 
	0xaefc, 0xaefc, 0xaebd, 0xae9c, 0xae1c, 0x9d9b, 0x94f9, 0x8c99, 0x8458, 0x7c37, 0x7bf7, 0x83f7, 0x83d8, 0x83d8, 0x83d8, 0x83f8, 
	0x83d8, 0x83d8, 0x83d8, 0x83d8, 0x83d8, 0x83d8, 0x83d8, 0x83d8, 0x83d8, 0x83d8, 0x83d8, 0x83d8, 0x83d8, 0x83d8, 0x83d8, 0x83d8, 
	0x83d8, 0x83d8, 0x83d8, 0x83d8, 0x83d8, 0x83d8, 0x83d8, 0x83d8, 0x83d8, 0x83d8, 0x83d8, 0x83d8, 0x83d8, 0x83d8, 0x83d8, 0x83d8, 
	0x83d7, 0x83d8, 0x83d8, 0x83d7, 0x83d7, 0x83d7, 0x8417, 0x8437, 0x8458, 0x8cb9, 0x9d5a, 0xa5dc, 0xae3c, 0xae9c, 0xaedc, 0xaedc, 
	0xaefd, 0xaefc, 0xaedc, 0xaedc, 0xb6dc, 0xb6fd, 0xaefd, 0xaedd, 0xaedd, 0xaebd, 0xaedc, 0xaedc, 0xaedd, 0xaedd, 0xaedd, 0xb6fd, 
	0xaedc, 0xaedc, 0xaedc, 0xaedc, 0xaedc, 0xaedc, 0xaedc, 0xaedc, 0xaedc, 0xaedc, 0xaedc, 0xaedc, 0xaedc, 0xaedc, 0xaedc, 0xaedc, 
	0xaedc, 0xaedc, 0xaedc, 0xaedc, 0xaedc, 0xaedc, 0xaedc, 0xaedc, 0xaedc, 0xaedc, 0xaedc, 0xaedc, 0xaedc, 0xaedc, 0xaedc, 0xaedc, 
	0xaedc, 0xaedc, 0xaedc, 0xaedc, 0xaedc, 0xaedc, 0xaedc, 0xaedc, 0xaedc, 0xaedc, 0xaedc, 0xaedc, 0xaedc, 0xaedc, 0xaedc, 0xaedc, 
	0xaedc, 0xaedc, 0xaedc, 0xaedc, 0xaedc, 0xaedc, 0xaedc, 0xaedc, 0xaedc, 0xaedc, 0xaedc, 0xaedc, 0xaedc, 0xaedc, 0xaedc, 0xaedc, 
	0xaedc, 0xaedc, 0xaedc, 0xaedc, 0xaedc, 0xaedc, 0xaedc, 0xaedc, 0xaedc, 0xaedc, 0xaedc, 0xaedc, 0xaedc, 0xaedc, 0xaedc, 0xaedc, 
	0xaedc, 0xaedc, 0xaedc, 0xaedc, 0xaedc, 0xaedc, 0xaedc, 0xaedc, 0xaedc, 0xaedc, 0xaedc, 0xaedc, 0xaedc, 0xaedc, 0xaedc, 0xaedc, 
	0xaedc, 0xaedc, 0xaedc, 0xaedc, 0xaedc, 0xaedc, 0xaedc, 0xaedc, 0xaedc, 0xaedc, 0xaedc, 0xaedc, 0xaedc, 0xaedc, 0xaedc, 0xaedc, 
	0xaedc, 0xaedc, 0xaedc, 0xaedc, 0xaedc, 0xaedc, 0xaedc, 0xaedc, 0xaedc, 0xaedc, 0xaedc, 0xaedc, 0xaedc, 0xaedc, 0xaedc, 0xaedc, 
	0xaedc, 0xaedc, 0xaedc, 0xaedc, 0xaedc, 0xaedc, 0xaedc, 0xaedc, 0xaedc, 0xaedc, 0xaedc, 0xaedc, 0xaedc, 0xaedc, 0xaedc, 0xaedc, 
	0xaedc, 0xaedc, 0xaedc, 0xaedc, 0xaedc, 0xaedc, 0xaedc, 0xaedc, 0xaedc, 0xaedc, 0xaedc, 0xaedc, 0xaedc, 0xaedc, 0xaedc, 0xaedc, 
	0xb6dc, 0xaedc, 0xaedc, 0xaedc, 0xaedc, 0xaedc, 0xaedc, 0xaefc, 0xaedc, 0xaedc, 0xaefc, 0xaefc, 0xaedc, 0xaedc, 0xb6dd, 0xb6dd, 
	0xaebd, 0xaedd, 0xaefc, 0xaefc, 0xaedc, 0xaedc, 0xaebc, 0xae7c, 0xa5db, 0x9d7a, 0x94fa, 0x9499, 0x8c39, 0x83f8, 0x83d8, 0x83d8, 
	0x83d8, 0x83d8, 0x83d8, 0x83d8, 0x83d8, 0x83d8, 0x83d8, 0x83d8, 0x83d8, 0x83d8, 0x83d8, 0x83d8, 0x83d8, 0x83d8, 0x83d8, 0x83d8, 
	0x83d8, 0x83d8, 0x83d8, 0x83d8, 0x83d8, 0x83d8, 0x83d8, 0x83d8, 0x83d8, 0x83d8, 0x83d8, 0x83d8, 0x83d8, 0x83d8, 0x83d8, 0x83d8, 
	0x83d7, 0x83d7, 0x83f8, 0x8418, 0x8c58, 0x94b9, 0x9d3b, 0xa57b, 0xa63b, 0xae7c, 0xaebd, 0xaedd, 0xaedd, 0xaedd, 0xaedc, 0xaedc, 
	0xaebc, 0xb6dd, 0xaefd, 0xaefc, 0xaedc, 0xaedd, 0xb6dd, 0xb6bd, 0xaedd, 0xaedc, 0xaedc, 0xaedc, 0xaedc, 0xaedc, 0xaebd, 0xb6bd, 
	0xaedc, 0xaedc, 0xaedc, 0xaedc, 0xaedc, 0xaedc, 0xaedc, 0xaedc, 0xaedc, 0xaedc, 0xaedc, 0xaedc, 0xaedc, 0xaedc, 0xaedc, 0xaedc, 
	0xaedc, 0xaedc, 0xaedc, 0xaedc, 0xaedc, 0xaedc, 0xaedc, 0xaedc, 0xaedc, 0xaedc, 0xaedc, 0xaedc, 0xaedc, 0xaedc, 0xaedc, 0xaedc, 
	0xaedc, 0xaedc, 0xaedc, 0xaedc, 0xaedc, 0xaedc, 0xaedc, 0xaedc, 0xaedc, 0xaedc, 0xaedc, 0xaedc, 0xaedc, 0xaedc, 0xaedc, 0xaedc, 
	0xaedc, 0xaedc, 0xaedc, 0xaedc, 0xaedc, 0xaedc, 0xaedc, 0xaedc, 0xaedc, 0xaedc, 0xaedc, 0xaedc, 0xaedc, 0xaedc, 0xaedc, 0xaedc, 
	0xaedc, 0xaedc, 0xaedc, 0xaedc, 0xaedc, 0xaedc, 0xaedc, 0xaedc, 0xaedc, 0xaedc, 0xaedc, 0xaedc, 0xaedc, 0xaedc, 0xaedc, 0xaedc, 
	0xaedc, 0xaedc, 0xaedc, 0xaedc, 0xaedc, 0xaedc, 0xaedc, 0xaedc, 0xaedc, 0xaedc, 0xaedc, 0xaedc, 0xaedc, 0xaedc, 0xaedc, 0xaedc, 
	0xaedc, 0xaedc, 0xaedc, 0xaedc, 0xaedc, 0xaedc, 0xaedc, 0xaedc, 0xaedc, 0xaedc, 0xaedc, 0xaedc, 0xaedc, 0xaedc, 0xaedc, 0xaedc, 
	0xaedc, 0xaedc, 0xaedc, 0xaedc, 0xaedc, 0xaedc, 0xaedc, 0xaedc, 0xaedc, 0xaedc, 0xaedc, 0xaedc, 0xaedc, 0xaedc, 0xaedc, 0xaedc, 
	0xaedc, 0xaedc, 0xaedc, 0xaedc, 0xaedc, 0xaedc, 0xaedc, 0xaedc, 0xaedc, 0xaedc, 0xaedc, 0xaedc, 0xaedc, 0xaedc, 0xaedc, 0xaedc, 
	0xaedc, 0xaedc, 0xaedc, 0xaedc, 0xaedc, 0xaedc, 0xaedc, 0xaedc, 0xaedc, 0xaedc, 0xaedc, 0xaedc, 0xaedc, 0xaedc, 0xaedc, 0xaedc, 
	0xaedc, 0xaedc, 0xaedc, 0xaedc, 0xaedc, 0xaedc, 0xaedc, 0xaedc, 0xaedc, 0xaedc, 0xaedc, 0xaedc, 0xaedc, 0xaedc, 0xaedc, 0xaedc, 
	0xaedc, 0xaedc, 0xaedc, 0xaedc, 0xaedc, 0xaedc, 0xaedc, 0xaedc, 0xaedc, 0xaedc, 0xaebc, 0xa65c, 0xa61b, 0x9dbb, 0x9d7a, 0x9519, 
	0x8c99, 0x8c78, 0x8438, 0x83f8, 0x83f8, 0x83f8, 0x83d8, 0x83b8, 0x83d8, 0x83d7, 0x83b8, 0x83b8, 0x83b8, 0x83b8, 0x83b8, 0x83b8, 
	0x83b8, 0x83b8, 0x83b8, 0x83b8, 0x83b8, 0x83b8, 0x83b7, 0x83d8, 0x83b8, 0x83d8, 0x83d8, 0x83f8, 0x83f8, 0x8418, 0x8c38, 0x8c59, 
	0x8cd9, 0x9519, 0x9d7a, 0x9ddb, 0xa63b, 0xa67b, 0xaebc, 0xaefc, 0xaedc, 0xaedc, 0xaedc, 0xaedc, 0xaedc, 0xaedc, 0xaedc, 0xaedc, 
	0xaedc, 0xaedc, 0xaedc, 0xaedc, 0xaedc, 0xaedc, 0xaedc, 0xaedc, 0xaedc, 0xaedc, 0xaedc, 0xaedc, 0xaedc, 0xaedc, 0xaedc, 0xaedc, 
	0xaedc, 0xaedc, 0xaedc, 0xaedc, 0xaedc, 0xaedc, 0xaedc, 0xaedc, 0xaedc, 0xaedc, 0xaedc, 0xaedc, 0xaedc, 0xaedc, 0xaedc, 0xaedc, 
	0xaedc, 0xaedc, 0xaedc, 0xaedc, 0xaedc, 0xaedc, 0xaedc, 0xaedc, 0xaedc, 0xaedc, 0xaedc, 0xaedc, 0xaedc, 0xaedc, 0xaedc, 0xaedc, 
	0xaedc, 0xaedc, 0xaedc, 0xaedc, 0xaedc, 0xaedc, 0xaedc, 0xaedc, 0xaedc, 0xaedc, 0xaedc, 0xaedc, 0xaedc, 0xaedc, 0xaedc, 0xaedc, 
	0xaedc, 0xaedc, 0xaedc, 0xaedc, 0xaedc, 0xaedc, 0xaedc, 0xaedc, 0xaedc, 0xaedc, 0xaedc, 0xaedc, 0xaedc, 0xaedc, 0xaedc, 0xaedc, 
	0xaedc, 0xaedc, 0xaedc, 0xaedc, 0xaedc, 0xaedc, 0xaedc, 0xaedc, 0xaedc, 0xaedc, 0xaedc, 0xaedc, 0xaedc, 0xaedc, 0xaedc, 0xaedc, 
	0xaedc, 0xaedc, 0xaedc, 0xaedc, 0xaedc, 0xaedc, 0xaedc, 0xaedc, 0xaedc, 0xaedc, 0xaedc, 0xaedc, 0xaedc, 0xaedc, 0xaedc, 0xaedc, 
	0xaedc, 0xaedc, 0xaedc, 0xaedc, 0xaedc, 0xaedc, 0xaedc, 0xaedc, 0xaedc, 0xaedc, 0xaedc, 0xaedc, 0xaedc, 0xaedc, 0xaedc, 0xaedc, 
	0xaedc, 0xaedc, 0xaedc, 0xaedc, 0xaedc, 0xaedc, 0xaedc, 0xaedc, 0xaedc, 0xaedc, 0xaedc, 0xaedc, 0xaedc, 0xaedc, 0xaedc, 0xaedc, 
	0xaedc, 0xaedc, 0xaedc, 0xaedc, 0xaedc, 0xaedc, 0xaedc, 0xaedc, 0xaedc, 0xaedc, 0xaedc, 0xaedc, 0xaedc, 0xaedc, 0xaedc, 0xaedc, 
	0xaedc, 0xaedc, 0xaedc, 0xaedc, 0xaedc, 0xaedc, 0xaedc, 0xaedc, 0xaedc, 0xaedc, 0xaedc, 0xaedc, 0xaedc, 0xaedc, 0xaedc, 0xaedc, 
	0xaedc, 0xaedc, 0xaedc, 0xaedc, 0xaedc, 0xaedc, 0xaedc, 0xaedc, 0xaedc, 0xaedc, 0xaedc, 0xaedc, 0xaedc, 0xaedc, 0xaedc, 0xaedc, 
	0xaedc, 0xaedc, 0xaedc, 0xaedc, 0xaedc, 0xaedc, 0xaedc, 0xaedc, 0xaedc, 0xaedc, 0xb6dd, 0xb6bd, 0xb6bd, 0xb6bd, 0xb69d, 0xb69d, 
	0xae5c, 0xae3c, 0xa5fb, 0x9dbb, 0x9d7a, 0x953a, 0x94f9, 0x8cd8, 0x8c98, 0x8c78, 0x8478, 0x8458, 0x8458, 0x8438, 0x8437, 0x8438, 
	0x8438, 0x8437, 0x8437, 0x8438, 0x8458, 0x8458, 0x8478, 0x8c78, 0x8cb8, 0x8cf9, 0x9519, 0x955a, 0x9d7a, 0x9dbb, 0xa5fb, 0xae3c, 
	0xae5d, 0xb67d, 0xb69d, 0xb6bd, 0xb6bd, 0xaebc, 0xaedc, 0xaedc, 0xaedc, 0xaedc, 0xaedc, 0xaedc, 0xaedc, 0xaedc, 0xaedc, 0xaedc, 
	0xaedc, 0xaedc, 0xaedc, 0xaedc, 0xaedc, 0xaedc, 0xaedc, 0xaedc, 0xaedc, 0xaedc, 0xaedc, 0xaedc, 0xaedc, 0xaedc, 0xaedc, 0xaedc, 
	0xaedc, 0xaedc, 0xaedc, 0xaedc, 0xaedc, 0xaedc, 0xaedc, 0xaedc, 0xaedc, 0xaedc, 0xaedc, 0xaedc, 0xaedc, 0xaedc, 0xaedc, 0xaedc, 
	0xaedc, 0xaedc, 0xaedc, 0xaedc, 0xaedc, 0xaedc, 0xaedc, 0xaedc, 0xaedc, 0xaedc, 0xaedc, 0xaedc, 0xaedc, 0xaedc, 0xaedc, 0xaedc, 
	0xaedc, 0xaedc, 0xaedc, 0xaedc, 0xaedc, 0xaedc, 0xaedc, 0xaedc, 0xaedc, 0xaedc, 0xaedc, 0xaedc, 0xaedc, 0xaedc, 0xaedc, 0xaedc, 
	0xaedc, 0xaedc, 0xaedc, 0xaedc, 0xaedc, 0xaedc, 0xaedc, 0xaedc, 0xaedc, 0xaedc, 0xaedc, 0xaedc, 0xaedc, 0xaedc, 0xaedc, 0xaedc, 
	0xaedc, 0xaedc, 0xaedc, 0xaedc, 0xaedc, 0xaedc, 0xaedc, 0xaedc, 0xaedc, 0xaedc, 0xaedc, 0xaedc, 0xaedc, 0xaedc, 0xaedc, 0xaedc, 
	0xaedc, 0xaedc, 0xaedc, 0xaedc, 0xaedc, 0xaedc, 0xaedc, 0xaedc, 0xaedc, 0xaedc, 0xaedc, 0xaedc, 0xaedc, 0xaedc, 0xaedc, 0xaedc, 
	0xaedc, 0xaedc, 0xaedc, 0xaedc, 0xaedc, 0xaedc, 0xaedc, 0xaedc, 0xaedc, 0xaedc, 0xaedc, 0xaedc, 0xaedc, 0xaedc, 0xaedc, 0xaedc, 
	0xaedc, 0xaedc, 0xaedc, 0xaedc, 0xaedc, 0xaedc, 0xaedc, 0xaedc, 0xaedc, 0xaedc, 0xaedc, 0xaedc, 0xaedc, 0xaedc, 0xaedc, 0xaedc, 
	0xaedc, 0xaedc, 0xaedc, 0xaedc, 0xaedc, 0xaedc, 0xaedc, 0xaedc, 0xaedc, 0xaedc, 0xaedc, 0xaedc, 0xaedc, 0xaedc, 0xaedc, 0xaedc, 
	0xaedc, 0xaedc, 0xaedc, 0xaedc, 0xaedc, 0xaedc, 0xaedc, 0xaedc, 0xaedc, 0xaedc, 0xaedc, 0xaedc, 0xaedc, 0xaedc, 0xaedc, 0xaedc, 
	0xaedc, 0xaedc, 0xaedc, 0xaedc, 0xaedc, 0xaedc, 0xaedc, 0xaedc, 0xaedc, 0xaedc, 0xaedc, 0xaedc, 0xaedc, 0xaedc, 0xaedc, 0xaedc, 
	0xaedc, 0xaedc, 0xaedc, 0xaedc, 0xaedc, 0xaedc, 0xaedc, 0xaedc, 0xaedd, 0xb6dd, 0xaedd, 0xaedc, 0xaedc, 0xaefd, 0xaefc, 0xaedc, 
	0xaedc, 0xaedc, 0xaedc, 0xaedc, 0xaebc, 0xae9c, 0xae9c, 0xae9c, 0xae5c, 0xae5c, 0xae3c, 0xa63c, 0xa61b, 0xa61b, 0xa5fb, 0xa5fb, 
	0xa5fb, 0xa5fb, 0xa5fb, 0xa61b, 0xa61b, 0xae3c, 0xae3c, 0xae5c, 0xa67c, 0xae9c, 0xae9c, 0xaebc, 0xaedc, 0xaedc, 0xaefc, 0xb6fd, 
	0xaedc, 0xaedc, 0xb6fd, 0xb6fd, 0xb6fd, 0xb6dd, 0xb6dd, 0xb6dd, 0xaedc, 0xaedc, 0xaedc, 0xaedc, 0xaedc, 0xaedc, 0xaedc, 0xaedc, 
	0xaedc, 0xaedc, 0xaedc, 0xaedc, 0xaedc, 0xaedc, 0xaedc, 0xaedc, 0xaedc, 0xaedc, 0xaedc, 0xaedc, 0xaedc, 0xaedc, 0xaedc, 0xaedc, 
	0xaedc, 0xaedc, 0xaedc, 0xaedc, 0xaedc, 0xaedc, 0xaedc, 0xaedc, 0xaedc, 0xaedc, 0xaedc, 0xaedc, 0xaedc, 0xaedc, 0xaedc, 0xaedc, 
	0xaedc, 0xaedc, 0xaedc, 0xaedc, 0xaedc, 0xaedc, 0xaedc, 0xaedc, 0xaedc, 0xaedc, 0xaedc, 0xaedc, 0xaedc, 0xaedc, 0xaedc, 0xaedc, 
	0xaedc, 0xaedc, 0xaedc, 0xaedc, 0xaedc, 0xaedc, 0xaedc, 0xaedc, 0xaedc, 0xaedc, 0xaedc, 0xaedc, 0xaedc, 0xaedc, 0xaedc, 0xaedc, 
	0xaedc, 0xaedc, 0xaedc, 0xaedc, 0xaedc, 0xaedc, 0xaedc, 0xaedc, 0xaedc, 0xaedc, 0xaedc, 0xaedc, 0xaedc, 0xaedc, 0xaedc, 0xaedc, 
	0xaedc, 0xaedc, 0xaedc, 0xaedc, 0xaedc, 0xaedc, 0xaedc, 0xaedc, 0xaedc, 0xaedc, 0xaedc, 0xaedc, 0xaedc, 0xaedc, 0xaedc, 0xaedc, 
	0xaedc, 0xaedc, 0xaedc, 0xaedc, 0xaedc, 0xaedc, 0xaedc, 0xaedc, 0xaedc, 0xaedc, 0xaedc, 0xaedc, 0xaedc, 0xaedc, 0xaedc, 0xaedc, 
	0xaedc, 0xaedc, 0xaedc, 0xaedc, 0xaedc, 0xaedc, 0xaedc, 0xaedc, 0xaedc, 0xaedc, 0xaedc, 0xaedc, 0xaedc, 0xaedc, 0xaedc, 0xaedc, 
	0xaedc, 0xaedc, 0xaedc, 0xaedc, 0xaedc, 0xaedc, 0xaedc, 0xaedc, 0xaedc, 0xaedc, 0xaedc, 0xaedc, 0xaedc, 0xaedc, 0xaedc, 0xaedc, 
	0xaedc, 0xaedc, 0xaedc, 0xaedc, 0xaedc, 0xaedc, 0xaedc, 0xaedc, 0xaedc, 0xaedc, 0xaedc, 0xaedc, 0xaedc, 0xaedc, 0xaedc, 0xaedc, 
	0xaedc, 0xaedc, 0xaedc, 0xaedc, 0xaedc, 0xaedc, 0xaedc, 0xaedc, 0xaedc, 0xaedc, 0xaedc, 0xaedc, 0xaedc, 0xaedc, 0xaedc, 0xaedc, 
	0xaedc, 0xaedc, 0xaedc, 0xaedc, 0xaedc, 0xaedc, 0xaedc, 0xaedc, 0xaedc, 0xaedc, 0xaedc, 0xaedc, 0xaedc, 0xaedc, 0xaedc, 0xaedc, 
	0xaedc, 0xaedc, 0xaedc, 0xaedc, 0xaedc, 0xaedc, 0xaedc, 0xaedc, 0xaedc, 0xaedc, 0xaedc, 0xaedc, 0xaedc, 0xaedc, 0xaedc, 0xaedc, 
	0xaedd, 0xb6fd, 0xb6fd, 0xaedd, 0xaedc, 0xaedc, 0xaedc, 0xaedd, 0xb6fd, 0xb6fd, 0xaedd, 0xaedc, 0xaedc, 0xaebd, 0xaebc, 0xaebc, 
	0xaebc, 0xaebd, 0xaebd, 0xaedc, 0xaedc, 0xaedc, 0xaedd, 0xb6fd, 0xb6fd, 0xb6fd, 0xb6fd, 0xb6fd, 0xaedd, 0xaedc, 0xaedc, 0xaedc, 
	0xaedc, 0xaedc, 0xaedc, 0xaedc, 0xaedc, 0xaedc, 0xaebd, 0xaebd, 0xaedc, 0xaedc, 0xaedc, 0xaedc, 0xaedc, 0xaedc, 0xaedc, 0xaedc, 
	0xaedc, 0xaedc, 0xaedc, 0xaedc, 0xaedc, 0xaedc, 0xaedc, 0xaedc, 0xaedc, 0xaedc, 0xaedc, 0xaedc, 0xaedc, 0xaedc, 0xaedc, 0xaedc, 
	0xaedc, 0xaedc, 0xaedc, 0xaedc, 0xaedc, 0xaedc, 0xaedc, 0xaedc, 0xaedc, 0xaedc, 0xaedc, 0xaedc, 0xaedc, 0xaedc, 0xaedc, 0xaedc, 
	0xaedc, 0xaedc, 0xaedc, 0xaedc, 0xaedc, 0xaedc, 0xaedc, 0xaedc, 0xaedc, 0xaedc, 0xaedc, 0xaedc, 0xaedc, 0xaedc, 0xaedc, 0xaedc, 
	0xaedc, 0xaedc, 0xaedc, 0xaedc, 0xaedc, 0xaedc, 0xaedc, 0xaedc, 0xaedc, 0xaedc, 0xaedc, 0xaedc, 0xaedc, 0xaedc, 0xaedc, 0xaedc, 
	0xaedc, 0xaedc, 0xaedc, 0xaedc, 0xaedc, 0xaedc, 0xaedc, 0xaedc, 0xaedc, 0xaedc, 0xaedc, 0xaedc, 0xaedc, 0xaedc, 0xaedc, 0xaedc, 
	0xaedc, 0xaedc, 0xaedc, 0xaedc, 0xaedc, 0xaedc, 0xaedc, 0xaedc, 0xaedc, 0xaedc, 0xaedc, 0xaedc, 0xaedc, 0xaedc, 0xaedc, 0xaedc, 
	0xaedc, 0xaedc, 0xaedc, 0xaedc, 0xaedc, 0xaedc, 0xaedc, 0xaedc, 0xaedc, 0xaedc, 0xaedc, 0xaedc, 0xaedc, 0xaedc, 0xaedc, 0xaedc, 
	0xaedc, 0xaedc, 0xaedc, 0xaedc, 0xaedc, 0xaedc, 0xaedc, 0xaedc, 0xaedc, 0xaedc, 0xaedc, 0xaedc, 0xaedc, 0xaedc, 0xaedc, 0xaedc, 
	0xaedc, 0xaedc, 0xaedc, 0xaedc, 0xaedc, 0xaedc, 0xaedc, 0xaedc, 0xaedc, 0xaedc, 0xaedc, 0xaedc, 0xaedc, 0xaedc, 0xaedc, 0xaedc, 
	0xaedc, 0xaedc, 0xaedc, 0xaedc, 0xaedc, 0xaedc, 0xaedc, 0xaedc, 0xaedc, 0xaedc, 0xaedc, 0xaedc, 0xaedc, 0xaedc, 0xaedc, 0xaedc, 
	0xaedc, 0xaedc, 0xaedc, 0xaedc, 0xaedc, 0xaedc, 0xaedc, 0xaedc, 0xaedc, 0xaedc, 0xaedc, 0xaedc, 0xaedc, 0xaedc, 0xaedc, 0xaedc, 
	0xaedc, 0xaedc, 0xaedc, 0xaedc, 0xaedc, 0xaedc, 0xaedc, 0xaedc, 0xaedc, 0xaedc, 0xaedc, 0xaedc, 0xaedc, 0xaedc, 0xaedc, 0xaedc, 
	0xaedc, 0xaedc, 0xaedc, 0xaedc, 0xaedc, 0xaedc, 0xaedc, 0xaedc, 0xaedc, 0xaedc, 0xaedc, 0xaedc, 0xaedd, 0xb6dd, 0xaedd, 0xaedd, 
	0xb6bd, 0xb6bd, 0xaebd, 0xaebd, 0xaedd, 0xb6dd, 0xb6dd, 0xb6dd, 0xaedc, 0xaedc, 0xaedc, 0xaedc, 0xaedd, 0xaedd, 0xaedd, 0xaedc, 
	0xaedc, 0xaedd, 0xaedd, 0xaedd, 0xaedc, 0xaedc, 0xaedc, 0xaedc, 0xaebd, 0xaebc, 0xaebc, 0xaebc, 0xaebd, 0xaedd, 0xaebd, 0xaebd, 
	0xb6fd, 0xaedd, 0xaedd, 0xaedc, 0xaedd, 0xaedd, 0xaedc, 0xaedc, 0xaedc, 0xaedc, 0xaedc, 0xaedc, 0xaedc, 0xaedc, 0xaedc, 0xaedc, 
	0xaedc, 0xaedc, 0xaedc, 0xaedc, 0xaedc, 0xaedc, 0xaedc, 0xaedc, 0xaedc, 0xaedc, 0xaedc, 0xaedc, 0xaedc, 0xaedc, 0xaedc, 0xaedc, 
	0xaedc, 0xaedc, 0xaedc, 0xaedc, 0xaedc, 0xaedc, 0xaedc, 0xaedc, 0xaedc, 0xaedc, 0xaedc, 0xaedc, 0xaedc, 0xaedc, 0xaedc, 0xaedc, 
	0xaedc, 0xaedc, 0xaedc, 0xaedc, 0xaedc, 0xaedc, 0xaedc, 0xaedc, 0xaedc, 0xaedc, 0xaedc, 0xaedc, 0xaedc, 0xaedc, 0xaedc, 0xaedc, 
	0xaedc, 0xaedc, 0xaedc, 0xaedc, 0xaedc, 0xaedc, 0xaedc, 0xaedc, 0xaedc, 0xaedc, 0xaedc, 0xaedc, 0xaedc, 0xaedc, 0xaedc, 0xaedc, 
	0xaedc, 0xaedc, 0xaedc, 0xaedc, 0xaedc, 0xaedc, 0xaedc, 0xaedc, 0xaedc, 0xaedc, 0xaedc, 0xaedc, 0xaedc, 0xaedc, 0xaedc, 0xaedc, 
	0xaedc, 0xaedc, 0xaedc, 0xaedc, 0xaedc, 0xaedc, 0xaedc, 0xaedc, 0xaedc, 0xaedc, 0xaedc, 0xaedc, 0xaedc, 0xaedc, 0xaedc, 0xaedc, 
	0xaedc, 0xaedc, 0xaedc, 0xaedc, 0xaedc, 0xaedc, 0xaedc, 0xaedc, 0xaedc, 0xaedc, 0xaedc, 0xaedc, 0xaedc, 0xaedc, 0xaedc, 0xaedc, 
	0xaedc, 0xaedc, 0xaedc, 0xaedc, 0xaedc, 0xaedc, 0xaedc, 0xaedc, 0xaedc, 0xaedc, 0xaedc, 0xaedc, 0xaedc, 0xaedc, 0xaedc, 0xaedc, 
	0xaedc, 0xaedc, 0xaedc, 0xaedc, 0xaedc, 0xaedc, 0xaedc, 0xaedc, 0xaedc, 0xaedc, 0xaedc, 0xaedc, 0xaedc, 0xaedc, 0xaedc, 0xaedc, 
	0xaedc, 0xaedc, 0xaedc, 0xaedc, 0xaedc, 0xaedc, 0xaedc, 0xaedc, 0xaedc, 0xaedc, 0xaedc, 0xaedc, 0xaedc, 0xaedc, 0xaedc, 0xaedc, 
	0xaedc, 0xaedc, 0xaedc, 0xaedc, 0xaedc, 0xaedc, 0xaedc, 0xaedc, 0xaedc, 0xaedc, 0xaedc, 0xaedc, 0xaedc, 0xaedc, 0xaedc, 0xaedc, 
	0xaedc, 0xaedc, 0xaedc, 0xaedc, 0xaedc, 0xaedc, 0xaedc, 0xaedc, 0xaedc, 0xaedc, 0xaedc, 0xaedc, 0xaedc, 0xaedc, 0xaedc, 0xaedc, 
	0xaedc, 0xaedc, 0xaedc, 0xaedc, 0xaedc, 0xaedc, 0xaedc, 0xaedc, 0xaefc, 0xaefc, 0xaedc, 0xaedc, 0xaedd, 0xaedd, 0xb6bd, 0xaebd, 
	0xb6dd, 0xb6dd, 0xaedd, 0xaedd, 0xaedd, 0xaedc, 0xaedc, 0xaedc, 0xaedc, 0xaedc, 0xaedc, 0xaedd, 0xaedd, 0xaedd, 0xaedd, 0xaedd, 
	0xaedd, 0xaedd, 0xaedd, 0xaedd, 0xaedd, 0xaedc, 0xaedc, 0xaedc, 0xaefd, 0xaefd, 0xaedd, 0xaedd, 0xaedd, 0xaedd, 0xaedd, 0xaedd, 
	0xb6bd, 0xaebd, 0xaebd, 0xaebd, 0xaedd, 0xaedd, 0xaedd, 0xaedd, 0xaedc, 0xaedc, 0xaedc, 0xaedc, 0xaedc, 0xaedc, 0xaedc, 0xaedc, 
	0xaedc, 0xaedc, 0xaedc, 0xaedc, 0xaedc, 0xaedc, 0xaedc, 0xaedc, 0xaedc, 0xaedc, 0xaedc, 0xaedc, 0xaedc, 0xaedc, 0xaedc, 0xaedc, 
	0xaedc, 0xaedc, 0xaedc, 0xaedc, 0xaedc, 0xaedc, 0xaedc, 0xaedc, 0xaedc, 0xaedc, 0xaedc, 0xaedc, 0xaedc, 0xaedc, 0xaedc, 0xaedc, 
	0xaedc, 0xaedc, 0xaedc, 0xaedc, 0xaedc, 0xaedc, 0xaedc, 0xaedc, 0xaedc, 0xaedc, 0xaedc, 0xaedc, 0xaedc, 0xaedc, 0xaedc, 0xaedc, 
	0xaedc, 0xaedc, 0xaedc, 0xaedc, 0xaedc, 0xaedc, 0xaedc, 0xaedc, 0xaedc, 0xaedc, 0xaedc, 0xaedc, 0xaedc, 0xaedc, 0xaedc, 0xaedc, 
	0xaedc, 0xaedc, 0xaedc, 0xaedc, 0xaedc, 0xaedc, 0xaedc, 0xaedc, 0xaedc, 0xaedc, 0xaedc, 0xaedc, 0xaedc, 0xaedc, 0xaedc, 0xaedc, 
	0xaedc, 0xaedc, 0xaedc, 0xaedc, 0xaedc, 0xaedc, 0xaedc, 0xaedc, 0xaedc, 0xaedc, 0xaedc, 0xaedc, 0xaedc, 0xaedc, 0xaedc, 0xaedc, 
	0xaedc, 0xaedc, 0xaedc, 0xaedc, 0xaedc, 0xaedc, 0xaedc, 0xaedc, 0xaedc, 0xaedc, 0xaedc, 0xaedc, 0xaedc, 0xaedc, 0xaedc, 0xaedc, 
	0xaedc, 0xaedc, 0xaedc, 0xaedc, 0xaedc, 0xaedc, 0xaedc, 0xaedc, 0xaedc, 0xaedc, 0xaedc, 0xaedc, 0xaedc, 0xaedc, 0xaedc, 0xaedc, 
	0xaedc, 0xaedc, 0xaedc, 0xaedc, 0xaedc, 0xaedc, 0xaedc, 0xaedc, 0xaedc, 0xaedc, 0xaedc, 0xaedc, 0xaedc, 0xaedc, 0xaedc, 0xaedc, 
	0xaedc, 0xaedc, 0xaedc, 0xaedc, 0xaedc, 0xaedc, 0xaedc, 0xaedc, 0xaedc, 0xaedc, 0xaedc, 0xaedc, 0xaedc, 0xaedc, 0xaedc, 0xaedc, 
	0xaedc, 0xaedc, 0xaedc, 0xaedc, 0xaedc, 0xaedc, 0xaedc, 0xaedc, 0xaedc, 0xaedc, 0xaedc, 0xaedc, 0xaedc, 0xaedc, 0xaedc, 0xaedc, 
	0xaedc, 0xaedc, 0xaedc, 0xaedc, 0xaedc, 0xaedc, 0xaedc, 0xaedc, 0xaedc, 0xaedc, 0xaedc, 0xaedc, 0xaedc, 0xaedc, 0xaedc, 0xaedc, 
	0xaedc, 0xaedc, 0xaedc, 0xaedc, 0xaedc, 0xaedc, 0xaedc, 0xaedc, 0xaedc, 0xaedc, 0xaedc, 0xaedd, 0xb6dd, 0xb6dd, 0xb6dd, 0xb6dd, 
	0xaebc, 0xaedc, 0xaedc, 0xaedc, 0xaefc, 0xaefc, 0xaefc, 0xaedc, 0xaedd, 0xaedd, 0xaedd, 0xaedc, 0xaedc, 0xaedc, 0xaedc, 0xaedc, 
	0xaedc, 0xaedc, 0xaedc, 0xaedc, 0xaedc, 0xaedd, 0xaedd, 0xaedd, 0xaedc, 0xaedc, 0xaedc, 0xaedc, 0xaedc, 0xaedc, 0xaedc, 0xaedc, 
	0xaedd, 0xaedd, 0xaedd, 0xaedd, 0xaedc, 0xaedc, 0xaedc, 0xaedc, 0xaedc, 0xaedc, 0xaedc, 0xaedc, 0xaedc, 0xaedc, 0xaedc, 0xaedc, 
	0xaedc, 0xaedc, 0xaedc, 0xaedc, 0xaedc, 0xaedc, 0xaedc, 0xaedc, 0xaedc, 0xaedc, 0xaedc, 0xaedc, 0xaedc, 0xaedc, 0xaedc, 0xaedc, 
	0xaedc, 0xaedc, 0xaedc, 0xaedc, 0xaedc, 0xaedc, 0xaedc, 0xaedc, 0xaedc, 0xaedc, 0xaedc, 0xaedc, 0xaedc, 0xaedc, 0xaedc, 0xaedc, 
	0xaedc, 0xaedc, 0xaedc, 0xaedc, 0xaedc, 0xaedc, 0xaedc, 0xaedc, 0xaedc, 0xaedc, 0xaedc, 0xaedc, 0xaedc, 0xaedc, 0xaedc, 0xaedc, 
	0xaedc, 0xaedc, 0xaedc, 0xaedc, 0xaedc, 0xaedc, 0xaedc, 0xaedc, 0xaedc, 0xaedc, 0xaedc, 0xaedc, 0xaedc, 0xaedc, 0xaedc, 0xaedc, 
	0xaedc, 0xaedc, 0xaedc, 0xaedc, 0xaedc, 0xaedc, 0xaedc, 0xaedc, 0xaedc, 0xaedc, 0xaedc, 0xaedc, 0xaedc, 0xaedc, 0xaedc, 0xaedc, 
	0xaedc, 0xaedc, 0xaedc, 0xaedc, 0xaedc, 0xaedc, 0xaedc, 0xaedc, 0xaedc, 0xaedc, 0xaedc, 0xaedc, 0xaedc, 0xaedc, 0xaedc, 0xaedc, 
	0xaedc, 0xaedc, 0xaedc, 0xaedc, 0xaedc, 0xaedc, 0xaedc, 0xaedc, 0xaedc, 0xaedc, 0xaedc, 0xaedc, 0xaedc, 0xaedc, 0xaedc, 0xaedc, 
	0xaedc, 0xaedc, 0xaedc, 0xaedc, 0xaedc, 0xaedc, 0xaedc, 0xaedc, 0xaedc, 0xaedc, 0xaedc, 0xaedc, 0xaedc, 0xaedc, 0xaedc, 0xaedc, 
	0xaedc, 0xaedc, 0xaedc, 0xaedc, 0xaedc, 0xaedc, 0xaedc, 0xaedc, 0xaedc, 0xaedc, 0xaedc, 0xaedc, 0xaedc, 0xaedc, 0xaedc, 0xaedc, 
	0xaedc, 0xaedc, 0xaedc, 0xaedc, 0xaedc, 0xaedc, 0xaedc, 0xaedc, 0xaedc, 0xaedc, 0xaedc, 0xaedc, 0xaedc, 0xaedc, 0xaedc, 0xaedc, 
	0xaedc, 0xaedc, 0xaedc, 0xaedc, 0xaedc, 0xaedc, 0xaedc, 0xaedc, 0xaedc, 0xaedc, 0xaedc, 0xaedc, 0xaedc, 0xaedc, 0xaedc, 0xaedc, 
	0xaedc, 0xaedc, 0xaedc, 0xaedc, 0xaedc, 0xaedc, 0xaedc, 0xaedc, 0xaedc, 0xaedc, 0xaedc, 0xaedc, 0xaedc, 0xaedc, 0xaedc, 0xaedc, 
	0xaedc, 0xaedc, 0xaedc, 0xaedc, 0xaedc, 0xaedc, 0xaedc, 0xaedc, 0xaedd, 0xaedc, 0xaedc, 0xaedc, 0xaedc, 0xaedc, 0xaedc, 0xaedc, 
	0xaedd, 0xb6dd, 0xb6dd, 0xaedc, 0xaedc, 0xaedc, 0xaedd, 0xaedd, 0xaedc, 0xaedc, 0xaedc, 0xaedc, 0xaedc, 0xaedc, 0xaedc, 0xaedc, 
	0xaedd, 0xaedd, 0xaedd, 0xaedc, 0xaedc, 0xaedc, 0xaedc, 0xaedc, 0xaedd, 0xaedd, 0xb6dd, 0xb6dd, 0xaedd, 0xaedc, 0xaedc, 0xaedc, 
	0xaedc, 0xaedc, 0xaedc, 0xaedc, 0xaedc, 0xaedc, 0xaedd, 0xaedd, 0xaedc, 0xaedc, 0xaedc, 0xaedc, 0xaedc, 0xaedc, 0xaedc, 0xaedc, 
	0xaedc, 0xaedc, 0xaedc, 0xaedc, 0xaedc, 0xaedc, 0xaedc, 0xaedc, 0xaedc, 0xaedc, 0xaedc, 0xaedc, 0xaedc, 0xaedc, 0xaedc, 0xaedc, 
	0xaedc, 0xaedc, 0xaedc, 0xaedc, 0xaedc, 0xaedc, 0xaedc, 0xaedc, 0xaedc, 0xaedc, 0xaedc, 0xaedc, 0xaedc, 0xaedc, 0xaedc, 0xaedc, 
	0xaedc, 0xaedc, 0xaedc, 0xaedc, 0xaedc, 0xaedc, 0xaedc, 0xaedc, 0xaedc, 0xaedc, 0xaedc, 0xaedc, 0xaedc, 0xaedc, 0xaedc, 0xaedc, 
	0xaedc, 0xaedc, 0xaedc, 0xaedc, 0xaedc, 0xaedc, 0xaedc, 0xaedc, 0xaedc, 0xaedc, 0xaedc, 0xaedc, 0xaedc, 0xaedc, 0xaedc, 0xaedc, 
	0xaedc, 0xaedc, 0xaedc, 0xaedc, 0xaedc, 0xaedc, 0xaedc, 0xaedc, 0xaedc, 0xaedc, 0xaedc, 0xaedc, 0xaedc, 0xaedc, 0xaedc, 0xaedc, 
	0xaedc, 0xaedc, 0xaedc, 0xaedc, 0xaedc, 0xaedc, 0xaedc, 0xaedc, 0xaedc, 0xaedc, 0xaedc, 0xaedc, 0xaedc, 0xaedc, 0xaedc, 0xaedc, 
	0xaedc, 0xaedc, 0xaedc, 0xaedc, 0xaedc, 0xaedc, 0xaedc, 0xaedc, 0xaedc, 0xaedc, 0xaedc, 0xaedc, 0xaedc, 0xaedc, 0xaedc, 0xaedc, 
	0xaedc, 0xaedc, 0xaedc, 0xaedc, 0xaedc, 0xaedc, 0xaedc, 0xaedc, 0xaedc, 0xaedc, 0xaedc, 0xaedc, 0xaedc, 0xaedc, 0xaedc, 0xaedc, 
	0xaedc, 0xaedc, 0xaedc, 0xaedc, 0xaedc, 0xaedc, 0xaedc, 0xaedc, 0xaedc, 0xaedc, 0xaedc, 0xaedc, 0xaedc, 0xaedc, 0xaedc, 0xaedc, 
	0xaedc, 0xaedc, 0xaedc, 0xaedc, 0xaedc, 0xaedc, 0xaedc, 0xaedc, 0xaedc, 0xaedc, 0xaedc, 0xaedc, 0xaedc, 0xaedc, 0xaedc, 0xaedc, 
	0xaedc, 0xaedc, 0xaedc, 0xaedc, 0xaedc, 0xaedc, 0xaedc, 0xaedc, 0xaedc, 0xaedc, 0xaedc, 0xaedc, 0xaedc, 0xaedc, 0xaedc, 0xaedc, 
	0xaedc, 0xaedc, 0xaedc, 0xaedc, 0xaedc, 0xaedc, 0xaedc, 0xaedc, 0xaedc, 0xaedc, 0xaedc, 0xaedc, 0xaedc, 0xaedc, 0xaedc, 0xaedc, 
	0xaedc, 0xaedc, 0xaedc, 0xaedc, 0xaedc, 0xaedc, 0xaedc, 0xaedc, 0xaedc, 0xaedc, 0xaedc, 0xaedc, 0xaedc, 0xaedc, 0xaedc, 0xaedc, 
	0xaedc, 0xaedc, 0xaedc, 0xaedc, 0xaedc, 0xaedc, 0xaedc, 0xaedc, 0xaedc, 0xaedc, 0xaedc, 0xaedc, 0xaedc, 0xaedc, 0xaedc, 0xaedc, 
	0xaedc, 0xaedc, 0xaedc, 0xaedc, 0xaedc, 0xaedc, 0xaedc, 0xaedc, 0xaedc, 0xaedc, 0xaedc, 0xaedc, 0xaedc, 0xaedc, 0xaedc, 0xaedc, 
	0xaedc, 0xaedc, 0xaedc, 0xaedc, 0xaedc, 0xaedc, 0xaedc, 0xaedc, 0xaedc, 0xaedc, 0xaedc, 0xaedc, 0xaedc, 0xaedc, 0xaedc, 0xaedc, 
	0xaedc, 0xaedc, 0xaedc, 0xaedc, 0xaedc, 0xaedc, 0xaedc, 0xaedc, 0xaedc, 0xaedc, 0xaedc, 0xaedc, 0xaedc, 0xaedc, 0xaedc, 0xaedc, 
	0xaedc, 0xaedc, 0xaedc, 0xaedc, 0xaedc, 0xaedc, 0xaedc, 0xaedc, 0xaedc, 0xaedc, 0xaedc, 0xaedc, 0xaedc, 0xaedc, 0xaedc, 0xaedc, 
	0xaedc, 0xaedc, 0xaedc, 0xaedc, 0xaedc, 0xaedc, 0xaedc, 0xaedc, 0xaedc, 0xaedc, 0xaedc, 0xaedc, 0xaedc, 0xaedc, 0xaedc, 0xaedc, 
	0xaedc, 0xaedc, 0xaedc, 0xaedc, 0xaedc, 0xaedc, 0xaedc, 0xaedc, 0xaedc, 0xaedc, 0xaedc, 0xaedc, 0xaedc, 0xaedc, 0xaedc, 0xaedc, 
	0xaedc, 0xaedc, 0xaedc, 0xaedc, 0xaedc, 0xaedc, 0xaedc, 0xaedc, 0xaedc, 0xaedc, 0xaedc, 0xaedc, 0xaedc, 0xaedc, 0xaedc, 0xaedc, 
	0xaedc, 0xaedc, 0xaedc, 0xaedc, 0xaedc, 0xaedc, 0xaedc, 0xaedc, 0xaedc, 0xaedc, 0xaedc, 0xaedc, 0xaedc, 0xaedc, 0xaedc, 0xaedc, 
	0xaedc, 0xaedc, 0xaedc, 0xaedc, 0xaedc, 0xaedc, 0xaedc, 0xaedc, 0xaedc, 0xaedc, 0xaedc, 0xaedc, 0xaedc, 0xaedc, 0xaedc, 0xaedc, 
	0xaedc, 0xaedc, 0xaedc, 0xaedc, 0xaedc, 0xaedc, 0xaedc, 0xaedc, 0xaedc, 0xaedc, 0xaedc, 0xaedc, 0xaedc, 0xaedc, 0xaedc, 0xaedc, 
	0xaedc, 0xaedc, 0xaedc, 0xaedc, 0xaedc, 0xaedc, 0xaedc, 0xaedc, 0xaedc, 0xaedc, 0xaedc, 0xaedc, 0xaedc, 0xaedc, 0xaedc, 0xaedc, 
	0xaedc, 0xaedc, 0xaedc, 0xaedc, 0xaedc, 0xaedc, 0xaedc, 0xaedc, 0xaedc, 0xaedc, 0xaedc, 0xaedc, 0xaedc, 0xaedc, 0xaedc, 0xaedc, 
	0xaedc, 0xaedc, 0xaedc, 0xaedc, 0xaedc, 0xaedc, 0xaedc, 0xaedc, 0xaedc, 0xaedc, 0xaedc, 0xaedc, 0xaedc, 0xaedc, 0xaedc, 0xaedc, 
	0xaedc, 0xaedc, 0xaedc, 0xaedc, 0xaedc, 0xaedc, 0xaedc, 0xaedc, 0xaedc, 0xaedc, 0xaedc, 0xaedc, 0xaedc, 0xaedc, 0xaedc, 0xaedc, 
	0xaedc, 0xaedc, 0xaedc, 0xaedc, 0xaedc, 0xaedc, 0xaedc, 0xaedc, 0xaedc, 0xaedc, 0xaedc, 0xaedc, 0xaedc, 0xaedc, 0xaedc, 0xaedc, 
	0xaedc, 0xaedc, 0xaedc, 0xaedc, 0xaedc, 0xaedc, 0xaedc, 0xaedc, 0xaedc, 0xaedc, 0xaedc, 0xaedc, 0xaedc, 0xaedc, 0xaedc, 0xaedc, 
	0xaedc, 0xaedc, 0xaedc, 0xaedc, 0xaedc, 0xaedc, 0xaedc, 0xaedc, 0xaedc, 0xaedc, 0xaedc, 0xaedc, 0xaedc, 0xaedc, 0xaedc, 0xaedc, 
	0xaedc, 0xaedc, 0xaedc, 0xaedc, 0xaedc, 0xaedc, 0xaedc, 0xaedc, 0xaedc, 0xaedc, 0xaedc, 0xaedc, 0xaedc, 0xaedc, 0xaedc, 0xaedc, 
	0xaedc, 0xaedc, 0xaedc, 0xaedc, 0xaedc, 0xaedc, 0xaedc, 0xaedc, 0xaedc, 0xaedc, 0xaedc, 0xaedc, 0xaedc, 0xaedc, 0xaedc, 0xaedc, 
	0xaedc, 0xaedc, 0xaedc, 0xaedc, 0xaedc, 0xaedc, 0xaedc, 0xaedc, 0xaedc, 0xaedc, 0xaedc, 0xaedc, 0xaedc, 0xaedc, 0xaedc, 0xaedc, 
	0xaedc, 0xaedc, 0xaedc, 0xaedc, 0xaedc, 0xaedc, 0xaedc, 0xaedc, 0xaedc, 0xaedc, 0xaedc, 0xaedc, 0xaedc, 0xaedc, 0xaedc, 0xaedc, 
	0xaedc, 0xaedc, 0xaedc, 0xaedc, 0xaedc, 0xaedc, 0xaedc, 0xaedc, 0xaedc, 0xaedc, 0xaedc, 0xaedc, 0xaedc, 0xaedc, 0xaedc, 0xaedc, 
	0xaedc, 0xaedc, 0xaedc, 0xaedc, 0xaedc, 0xaedc, 0xaedc, 0xaedc, 0xaedc, 0xaedc, 0xaedc, 0xaedc, 0xaedc, 0xaedc, 0xaedc, 0xaedc, 
	0xaedc, 0xaedc, 0xaedc, 0xaedc, 0xaedc, 0xaedc, 0xaedc, 0xaedc, 0xaedc, 0xaedc, 0xaedc, 0xaedc, 0xaedc, 0xaedc, 0xaedc, 0xaedc, 
	0xaedc, 0xaedc, 0xaedc, 0xaedc, 0xaedc, 0xaedc, 0xaedc, 0xaedc, 0xaedc, 0xaedc, 0xaedc, 0xaedc, 0xaedc, 0xaedc, 0xaedc, 0xaedc, 
	0xaedc, 0xaedc, 0xaedc, 0xaedc, 0xaedc, 0xaedc, 0xaedc, 0xaedc, 0xaedc, 0xaedc, 0xaedc, 0xaedc, 0xaedc, 0xaedc, 0xaedc, 0xaedc, 
	0xaedc, 0xaedc, 0xaedc, 0xaedc, 0xaedc, 0xaedc, 0xaedc, 0xaedc, 0xaedc, 0xaedc, 0xaedc, 0xaedc, 0xaedc, 0xaedc, 0xaedc, 0xaedc, 
	0xaedc, 0xaedc, 0xaedc, 0xaedc, 0xaedc, 0xaedc, 0xaedc, 0xaedc, 0xaedc, 0xaedc, 0xaedc, 0xaedc, 0xaedc, 0xaedc, 0xaedc, 0xaedc, 
	0xaedc, 0xaedc, 0xaedc, 0xaedc, 0xaedc, 0xaedc, 0xaedc, 0xaedc, 0xaedc, 0xaedc, 0xaedc, 0xaedc, 0xaedc, 0xaedc, 0xaedc, 0xaedc, 
	0xaedc, 0xaedc, 0xaedc, 0xaedc, 0xaedc, 0xaedc, 0xaedc, 0xaedc, 0xaedc, 0xaedc, 0xaedc, 0xaedc, 0xaedc, 0xaedc, 0xaedc, 0xaedc, 
	0xaedc, 0xaedc, 0xaedc, 0xaedc, 0xaedc, 0xaedc, 0xaedc, 0xaedc, 0xaedc, 0xaedc, 0xaedc, 0xaedc, 0xaedc, 0xaedc, 0xaedc, 0xaedc, 
	0xaedc, 0xaedc, 0xaedc, 0xaedc, 0xaedc, 0xaedc, 0xaedc, 0xaedc, 0xaedc, 0xaedc, 0xaedc, 0xaedc, 0xaedc, 0xaedc, 0xaedc, 0xaedc, 
	0xaedc, 0xaedc, 0xaedc, 0xaedc, 0xaedc, 0xaedc, 0xaedc, 0xaedc, 0xaedc, 0xaedc, 0xaedc, 0xaedc, 0xaedc, 0xaedc, 0xaedc, 0xaedc, 
	0xaedc, 0xaedc, 0xaedc, 0xaedc, 0xaedc, 0xaedc, 0xaedc, 0xaedc, 0xaedc, 0xaedc, 0xaedc, 0xaedc, 0xaedc, 0xaedc, 0xaedc, 0xaedc, 
	0xaedc, 0xaedc, 0xaedc, 0xaedc, 0xaedc, 0xaedc, 0xaedc, 0xaedc, 0xaedc, 0xaedc, 0xaedc, 0xaedc, 0xaedc, 0xaedc, 0xaedc, 0xaedc, 
	0xaedc, 0xaedc, 0xaedc, 0xaedc, 0xaedc, 0xaedc, 0xaedc, 0xaedc, 0xaedc, 0xaedc, 0xaedc, 0xaedc, 0xaedc, 0xaedc, 0xaedc, 0xaedc, 
	0xaedc, 0xaedc, 0xaedc, 0xaedc, 0xaedc, 0xaedc, 0xaedc, 0xaedc, 0xaedc, 0xaedc, 0xaedc, 0xaedc, 0xaedc, 0xaedc, 0xaedc, 0xaedc, 
	0xaedc, 0xaedc, 0xaedc, 0xaedc, 0xaedc, 0xaedc, 0xaedc, 0xaedc, 0xaedc, 0xaedc, 0xaedc, 0xaedc, 0xaedc, 0xaedc, 0xaedc, 0xaedc, 
	0xaedc, 0xaedc, 0xaedc, 0xaedc, 0xaedc, 0xaedc, 0xaedc, 0xaedc, 0xaedc, 0xaedc, 0xaedc, 0xaedc, 0xaedc, 0xaedc, 0xaedc, 0xaedc, 
	0xaedc, 0xaedc, 0xaedc, 0xaedc, 0xaedc, 0xaedc, 0xaedc, 0xaedc, 0xaedc, 0xaedc, 0xaedc, 0xaedc, 0xaedc, 0xaedc, 0xaedc, 0xaedc, 
	0xaedc, 0xaedc, 0xaedc, 0xaedc, 0xaedc, 0xaedc, 0xaedc, 0xaedc, 0xaedc, 0xaedc, 0xaedc, 0xaedc, 0xaedc, 0xaedc, 0xaedc, 0xaedc, 
	0xaedc, 0xaedc, 0xaedc, 0xaedc, 0xaedc, 0xaedc, 0xaedc, 0xaedc, 0xaedc, 0xaedc, 0xaedc, 0xaedc, 0xaedc, 0xaedc, 0xaedc, 0xaedc, 
	0xaedc, 0xaedc, 0xaedc, 0xaedc, 0xaedc, 0xaedc, 0xaedc, 0xaedc, 0xaedc, 0xaedc, 0xaedc, 0xaedc, 0xaedc, 0xaedc, 0xaedc, 0xaedc, 
	0xaedc, 0xaedc, 0xaedc, 0xaedc, 0xaedc, 0xaedc, 0xaedc, 0xaedc, 0xaedc, 0xaedc, 0xaedc, 0xaedc, 0xaedc, 0xaedc, 0xaedc, 0xaedc, 
	0xaedc, 0xaedc, 0xaedc, 0xaedc, 0xaedc, 0xaedc, 0xaedc, 0xaedc, 0xaedc, 0xaedc, 0xaedc, 0xaedc, 0xaedc, 0xaedc, 0xaedc, 0xaedc, 
	0xaedc, 0xaedc, 0xaedc, 0xaedc, 0xaedc, 0xaedc, 0xaedc, 0xaedc, 0xaedc, 0xaedc, 0xaedc, 0xaedc, 0xaedc, 0xaedc, 0xaedc, 0xaedc, 
	0xaedc, 0xaedc, 0xaedc, 0xaedc, 0xaedc, 0xaedc, 0xaedc, 0xaedc, 0xaedc, 0xaedc, 0xaedc, 0xaedc, 0xaedc, 0xaedc, 0xaedc, 0xaedc, 
	0xaedc, 0xaedc, 0xaedc, 0xaedc, 0xaedc, 0xaedc, 0xaedc, 0xaedc, 0xaedc, 0xaedc, 0xaedc, 0xaedc, 0xaedc, 0xaedc, 0xaedc, 0xaedc, 
	0xaedc, 0xaedc, 0xaedc, 0xaedc, 0xaedc, 0xaedc, 0xaedc, 0xaedc, 0xaedc, 0xaedc, 0xaedc, 0xaedc, 0xaedc, 0xaedc, 0xaedc, 0xaedc, 
	0xaedc, 0xaedc, 0xaedc, 0xaedc, 0xaedc, 0xaedc, 0xaedc, 0xaedc, 0xaedc, 0xaedc, 0xaedc, 0xaedc, 0xaedc, 0xaedc, 0xaedc, 0xaedc, 
	0xaedc, 0xaedc, 0xaedc, 0xaedc, 0xaedc, 0xaedc, 0xaedc, 0xaedc, 0xaedc, 0xaedc, 0xaedc, 0xaedc, 0xaedc, 0xaedc, 0xaedc, 0xaedc, 
	0xaedc, 0xaedc, 0xaedc, 0xaedc, 0xaedc, 0xaedc, 0xaedc, 0xaedc, 0xaedc, 0xaedc, 0xaedc, 0xaedc, 0xaedc, 0xaedc, 0xaedc, 0xaedc, 
	0xaedc, 0xaedc, 0xaedc, 0xaedc, 0xaedc, 0xaedc, 0xaedc, 0xaedc, 0xaedc, 0xaedc, 0xaedc, 0xaedc, 0xaedc, 0xaedc, 0xaedc, 0xaedc, 
	0xaedc, 0xaedc, 0xaedc, 0xaedc, 0xaedc, 0xaedc, 0xaedc, 0xaedc, 0xaedc, 0xaedc, 0xaedc, 0xaedc, 0xaedc, 0xaedc, 0xaedc, 0xaedc, 
	0xaedc, 0xaedc, 0xaedc, 0xaedc, 0xaedc, 0xaedc, 0xaedc, 0xaedc, 0xaedc, 0xaedc, 0xaedc, 0xaedc, 0xaedc, 0xaedc, 0xaedc, 0xaedc, 
	0xaedc, 0xaedc, 0xaedc, 0xaedc, 0xaedc, 0xaedc, 0xaedc, 0xaedc, 0xaedc, 0xaedc, 0xaedc, 0xaedc, 0xaedc, 0xaedc, 0xaedc, 0xaedc, 
	0xaedc, 0xaedc, 0xaedc, 0xaedc, 0xaedc, 0xaedc, 0xaedc, 0xaedc, 0xaedc, 0xaedc, 0xaedc, 0xaedc, 0xaedc, 0xaedc, 0xaedc, 0xaedc, 
	0xaedc, 0xaedc, 0xaedc, 0xaedc, 0xaedc, 0xaedc, 0xaedc, 0xaedc, 0xaedc, 0xaedc, 0xaedc, 0xaedc, 0xaedc, 0xaedc, 0xaedc, 0xaedc, 
	0xaedc, 0xaedc, 0xaedc, 0xaedc, 0xaedc, 0xaedc, 0xaedc, 0xaedc, 0xaedc, 0xaedc, 0xaedc, 0xaedc, 0xaedc, 0xaedc, 0xaedc, 0xaedc, 
	0xaedc, 0xaedc, 0xaedc, 0xaedc, 0xaedc, 0xaedc, 0xaedc, 0xaedc, 0xaedc, 0xaedc, 0xaedc, 0xaedc, 0xaedc, 0xaedc, 0xaedc, 0xaedc, 
	0xaedc, 0xaedc, 0xaedc, 0xaedc, 0xaedc, 0xaedc, 0xaedc, 0xaedc, 0xaedc, 0xaedc, 0xaedc, 0xaedc, 0xaedc, 0xaedc, 0xaedc, 0xaedc, 
	0xaedc, 0xaedc, 0xaedc, 0xaedc, 0xaedc, 0xaedc, 0xaedc, 0xaedc, 0xaedc, 0xaedc, 0xaedc, 0xaedc, 0xaedc, 0xaedc, 0xaedc, 0xaedc, 
	0xaedc, 0xaedc, 0xaedc, 0xaedc, 0xaedc, 0xaedc, 0xaedc, 0xaedc, 0xaedc, 0xaedc, 0xaedc, 0xaedc, 0xaedc, 0xaedc, 0xaedc, 0xaedc, 
	0xaedc, 0xaedc, 0xaedc, 0xaedc, 0xaedc, 0xaedc, 0xaedc, 0xaedc, 0xaedc, 0xaedc, 0xaedc, 0xaedc, 0xaedc, 0xaedc, 0xaedc, 0xaedc, 
	0xaedc, 0xaedc, 0xaedc, 0xaedc, 0xaedc, 0xaedc, 0xaedc, 0xaedc, 0xaedc, 0xaedc, 0xaedc, 0xaedc, 0xaedc, 0xaedc, 0xaedc, 0xaedc, 
	0xaedc, 0xaedc, 0xaedc, 0xaedc, 0xaedc, 0xaedc, 0xaedc, 0xaedc, 0xaedc, 0xaedc, 0xaedc, 0xaedc, 0xaedc, 0xaedc, 0xaedc, 0xaedc, 
	0xaedc, 0xaedc, 0xaedc, 0xaedc, 0xaedc, 0xaedc, 0xaedc, 0xaedc, 0xaedc, 0xaedc, 0xaedc, 0xaedc, 0xaedc, 0xaedc, 0xaedc, 0xaedc, 
	0xaedc, 0xaedc, 0xaedc, 0xaedc, 0xaedc, 0xaedc, 0xaedc, 0xaedc, 0xaedc, 0xaedc, 0xaedc, 0xaedc, 0xaedc, 0xaedc, 0xaedc, 0xaedc, 
	0xaedc, 0xaedc, 0xaedc, 0xaedc, 0xaedc, 0xaedc, 0xaedc, 0xaedc, 0xaedc, 0xaedc, 0xaedc, 0xaedc, 0xaedc, 0xaedc, 0xaedc, 0xaedc, 
	0xaedc, 0xaedc, 0xaedc, 0xaedc, 0xaedc, 0xaedc, 0xaedc, 0xaedc, 0xaedc, 0xaedc, 0xaedc, 0xaedc, 0xaedc, 0xaedc, 0xaedc, 0xaedc, 
	0xaedc, 0xaedc, 0xaedc, 0xaedc, 0xaedc, 0xaedc, 0xaedc, 0xaedc, 0xaedc, 0xaedc, 0xaedc, 0xaedc, 0xaedc, 0xaedc, 0xaedc, 0xaedc, 
	0xaedc, 0xaedc, 0xaedc, 0xaedc, 0xaedc, 0xaedc, 0xaedc, 0xaedc, 0xaedc, 0xaedc, 0xaedc, 0xaedc, 0xaedc, 0xaedc, 0xaedc, 0xaedc, 
	0xaedc, 0xaedc, 0xaedc, 0xaedc, 0xaedc, 0xaedc, 0xaedc, 0xaedc, 0xaedc, 0xaedc, 0xaedc, 0xaedc, 0xaedc, 0xaedc, 0xaedc, 0xaedc, 
	0xaedc, 0xaedc, 0xaedc, 0xaedc, 0xaedc, 0xaedc, 0xaedc, 0xaedc, 0xaedc, 0xaedc, 0xaedc, 0xaedc, 0xaedc, 0xaedc, 0xaedc, 0xaedc, 
	0xaedc, 0xaedc, 0xaedc, 0xaedc, 0xaedc, 0xaedc, 0xaedc, 0xaedc, 0xaedc, 0xaedc, 0xaedc, 0xaedc, 0xaedc, 0xaedc, 0xaedc, 0xaedc, 
	0xaedc, 0xaedc, 0xaedc, 0xaedc, 0xaedc, 0xaedc, 0xaedc, 0xaedc, 0xaedc, 0xaedc, 0xaedc, 0xaedc, 0xaedc, 0xaedc, 0xaedc, 0xaedc, 
	0xaedc, 0xaedc, 0xaedc, 0xaedc, 0xaedc, 0xaedc, 0xaedc, 0xaedc, 0xaedc, 0xaedc, 0xaedc, 0xaedc, 0xaedc, 0xaedc, 0xaedc, 0xaedc, 
	0xaedc, 0xaedc, 0xaedc, 0xaedc, 0xaedc, 0xaedc, 0xaedc, 0xaedc, 0xaedc, 0xaedc, 0xaedc, 0xaedc, 0xaedc, 0xaedc, 0xaedc, 0xaedc, 
	0xaedc, 0xaedc, 0xaedc, 0xaedc, 0xaedc, 0xaedc, 0xaedc, 0xaedc, 0xaedc, 0xaedc, 0xaedc, 0xaedc, 0xaedc, 0xaedc, 0xaedc, 0xaedc, 
	0xaedc, 0xaedc, 0xaedc, 0xaedc, 0xaedc, 0xaedc, 0xaedc, 0xaedc, 0xaedc, 0xaedc, 0xaedc, 0xaedc, 0xaedc, 0xaedc, 0xaedc, 0xaedc, 
	0xaedc, 0xaedc, 0xaedc, 0xaedc, 0xaedc, 0xaedc, 0xaedc, 0xaedc, 0xaedc, 0xaedc, 0xaedc, 0xaedc, 0xaedc, 0xaedc, 0xaedc, 0xaedc, 
	0xaedc, 0xaedc, 0xaedc, 0xaedc, 0xaedc, 0xaedc, 0xaedc, 0xaedc, 0xaedc, 0xaedc, 0xaedc, 0xaedc, 0xaedc, 0xaedc, 0xaedc, 0xaedc, 
	0xaedc, 0xaedc, 0xaedc, 0xaedc, 0xaedc, 0xaedc, 0xaedc, 0xaedc, 0xaedc, 0xaedc, 0xaedc, 0xaedc, 0xaedc, 0xaedc, 0xaedc, 0xaedc, 
	0xaedc, 0xaedc, 0xaedc, 0xaedc, 0xaedc, 0xaedc, 0xaedc, 0xaedc, 0xaedc, 0xaedc, 0xaedc, 0xaedc, 0xaedc, 0xaedc, 0xaedc, 0xaedc, 
	0xaedc, 0xaedc, 0xaedc, 0xaedc, 0xaedc, 0xaedc, 0xaedc, 0xaedc, 0xaedc, 0xaedc, 0xaedc, 0xaedc, 0xaedc, 0xaedc, 0xaedc, 0xaedc, 
	0xaedc, 0xaedc, 0xaedc, 0xaedc, 0xaedc, 0xaedc, 0xaedc, 0xaedc, 0xaedc, 0xaedc, 0xaedc, 0xaedc, 0xaedc, 0xaedc, 0xaedc, 0xaedc, 
	0xaedc, 0xaedc, 0xaedc, 0xaedc, 0xaedc, 0xaedc, 0xaedc, 0xaedc, 0xaedc, 0xaedc, 0xaedc, 0xaedc, 0xaedc, 0xaedc, 0xaedc, 0xaedc, 
	0xaedc, 0xaedc, 0xaedc, 0xaedc, 0xaedc, 0xaedc, 0xaedc, 0xaedc, 0xaedc, 0xaedc, 0xaedc, 0xaedc, 0xaedc, 0xaedc, 0xaedc, 0xaedc, 
	0xaedc, 0xaedc, 0xaedc, 0xaedc, 0xaedc, 0xaedc, 0xaedc, 0xaedc, 0xaedc, 0xaedc, 0xaedc, 0xaedc, 0xaedc, 0xaedc, 0xaedc, 0xaedc, 
	0xaedc, 0xaedc, 0xaedc, 0xaedc, 0xaedc, 0xaedc, 0xaedc, 0xaedc, 0xaedc, 0xaedc, 0xaedc, 0xaedc, 0xaedc, 0xaedc, 0xaedc, 0xaedc, 
	0xaedc, 0xaedc, 0xaedc, 0xaedc, 0xaedc, 0xaedc, 0xaedc, 0xaedc, 0xaedc, 0xaedc, 0xaedc, 0xaedc, 0xaedc, 0xaedc, 0xaedc, 0xaedc, 
	0xaedc, 0xaedc, 0xaedc, 0xaedc, 0xaedc, 0xaedc, 0xaedc, 0xaedc, 0xaedc, 0xaedc, 0xaedc, 0xaedc, 0xaedc, 0xaedc, 0xaedc, 0xaedc, 
	0xaedc, 0xaedc, 0xaedc, 0xaedc, 0xaedc, 0xaedc, 0xaedc, 0xaedc, 0xaedc, 0xaedc, 0xaedc, 0xaedc, 0xaedc, 0xaedc, 0xaedc, 0xaedc, 
	0xaedc, 0xaedc, 0xaedc, 0xaedc, 0xaedc, 0xaedc, 0xaedc, 0xaedc, 0xaedc, 0xaedc, 0xaedc, 0xaedc, 0xaedc, 0xaedc, 0xaedc, 0xaedc, 
	0xaedc, 0xaedc, 0xaedc, 0xaedc, 0xaedc, 0xaedc, 0xaedc, 0xaedc, 0xaedc, 0xaedc, 0xaedc, 0xaedc, 0xaedc, 0xaedc, 0xaedc, 0xaedc, 
	0xaedc, 0xaedc, 0xaedc, 0xaedc, 0xaedc, 0xaedc, 0xaedc, 0xaedc, 0xaedc, 0xaedc, 0xaedc, 0xaedc, 0xaedc, 0xaedc, 0xaedc, 0xaedc, 
	0xaedc, 0xaedc, 0xaedc, 0xaedc, 0xaedc, 0xaedc, 0xaedc, 0xaedc, 0xaedc, 0xaedc, 0xaedc, 0xaedc, 0xaedc, 0xaedc, 0xaedc, 0xaedc, 
	0xaedc, 0xaedc, 0xaedc, 0xaedc, 0xaedc, 0xaedc, 0xaedc, 0xaedc, 0xaedc, 0xaedc, 0xaedc, 0xaedc, 0xaedc, 0xaedc, 0xaedc, 0xaedc, 
	0xaedc, 0xaedc, 0xaedc, 0xaedc, 0xaedc, 0xaedc, 0xaedc, 0xaedc, 0xaedc, 0xaedc, 0xaedc, 0xaedc, 0xaedc, 0xaedc, 0xaedc, 0xaedc, 
	0xaedc, 0xaedc, 0xaedc, 0xaedc, 0xaedc, 0xaedc, 0xaedc, 0xaedc, 0xaedc, 0xaedc, 0xaedc, 0xaedc, 0xaedc, 0xaedc, 0xaedc, 0xaedc, 
	0xaedc, 0xaedc, 0xaedc, 0xaedc, 0xaedc, 0xaedc, 0xaedc, 0xaedc, 0xaedc, 0xaedc, 0xaedc, 0xaedc, 0xaedc, 0xaedc, 0xaedc, 0xaedc, 
	0xaedc, 0xaedc, 0xaedc, 0xaedc, 0xaedc, 0xaedc, 0xaedc, 0xaedc, 0xaedc, 0xaedc, 0xaedc, 0xaedc, 0xaedc, 0xaedc, 0xaedc, 0xaedc, 
	0xaedc, 0xaedc, 0xaedc, 0xaedc, 0xaedc, 0xaedc, 0xaedc, 0xaedc, 0xaedc, 0xaedc, 0xaedc, 0xaedc, 0xaedc, 0xaedc, 0xaedc, 0xaedc, 
	0xaedc, 0xaedc, 0xaedc, 0xaedc, 0xaedc, 0xaedc, 0xaedc, 0xaedc, 0xaedc, 0xaedc, 0xaedc, 0xaedc, 0xaedc, 0xaedc, 0xaedc, 0xaedc, 
	0xaedc, 0xaedc, 0xaedc, 0xaedc, 0xaedc, 0xaedc, 0xaedc, 0xaedc, 0xaedc, 0xaedc, 0xaedc, 0xaedc, 0xaedc, 0xaedc, 0xaedc, 0xaedc, 
	0xaedc, 0xaedc, 0xaedc, 0xaedc, 0xaedc, 0xaedc, 0xaedc, 0xaedc, 0xaedc, 0xaedc, 0xaedc, 0xaedc, 0xaedc, 0xaedc, 0xaedc, 0xaedc, 
	0xaedc, 0xaedc, 0xaedc, 0xaedc, 0xaedc, 0xaedc, 0xaedc, 0xaedc, 0xaedc, 0xaedc, 0xaedc, 0xaedc, 0xaedc, 0xaedc, 0xaedc, 0xaedc, 
	0xaedc, 0xaedc, 0xaedc, 0xaedc, 0xaedc, 0xaedc, 0xaedc, 0xaedc, 0xaedc, 0xaedc, 0xaedc, 0xaedc, 0xaedc, 0xaedc, 0xaedc, 0xaedc, 
	0xaedc, 0xaedc, 0xaedc, 0xaedc, 0xaedc, 0xaedc, 0xaedc, 0xaedc, 0xaedc, 0xaedc, 0xaedc, 0xaedc, 0xaedc, 0xaedc, 0xaedc, 0xaedc, 
	0xaedc, 0xaedc, 0xaedc, 0xaedc, 0xaedc, 0xaedc, 0xaedc, 0xaedc, 0xaedc, 0xaedc, 0xaedc, 0xaedc, 0xaedc, 0xaedc, 0xaedc, 0xaedc, 
	0xaedc, 0xaedc, 0xaedc, 0xaedc, 0xaedc, 0xaedc, 0xaedc, 0xaedc, 0xaedc, 0xaedc, 0xaedc, 0xaedc, 0xaedc, 0xaedc, 0xaedc, 0xaedc, 
	0xaedc, 0xaedc, 0xaedc, 0xaedc, 0xaedc, 0xaedc, 0xaedc, 0xaedc, 0xaedc, 0xaedc, 0xaedc, 0xaedc, 0xaedc, 0xaedc, 0xaedc, 0xaedc, 
	0xaedc, 0xaedc, 0xaedc, 0xaedc, 0xaedc, 0xaedc, 0xaedc, 0xaedc, 0xaedc, 0xaedc, 0xaedc, 0xaedc, 0xaedc, 0xaedc, 0xaedc, 0xaedc, 
	0xaedc, 0xaedc, 0xaedc, 0xaedc, 0xaedc, 0xaedc, 0xaedc, 0xaedc, 0xaedc, 0xaedc, 0xaedc, 0xaedc, 0xaedc, 0xaedc, 0xaedc, 0xaedc, 
	0xaedc, 0xaedc, 0xaedc, 0xaedc, 0xaedc, 0xaedc, 0xaedc, 0xaedc, 0xaedc, 0xaedc, 0xaedc, 0xaedc, 0xaedc, 0xaedc, 0xaedc, 0xaedc, 
	0xaedc, 0xaedc, 0xaedc, 0xaedc, 0xaedc, 0xaedc, 0xaedc, 0xaedc, 0xaedc, 0xaedc, 0xaedc, 0xaedc, 0xaedc, 0xaedc, 0xaedc, 0xaedc, 
	0xaedc, 0xaedc, 0xaedc, 0xaedc, 0xaedc, 0xaedc, 0xaedc, 0xaedc, 0xaedc, 0xaedc, 0xaedc, 0xaedc, 0xaedc, 0xaedc, 0xaedc, 0xaedc, 
	0xaedc, 0xaedc, 0xaedc, 0xaedc, 0xaedc, 0xaedc, 0xaedc, 0xaedc, 0xaedc, 0xaedc, 0xaedc, 0xaedc, 0xaedc, 0xaedc, 0xaedc, 0xaedc, 
	0xaedc, 0xaedc, 0xaedc, 0xaedc, 0xaedc, 0xaedc, 0xaedc, 0xaedc, 0xaedc, 0xaedc, 0xaedc, 0xaedc, 0xaedc, 0xaedc, 0xaedc, 0xaedc, 
	0xaedc, 0xaedc, 0xaedc, 0xaedc, 0xaedc, 0xaedc, 0xaedc, 0xaedc, 0xaedc, 0xaedc, 0xaedc, 0xaedc, 0xaedc, 0xaedc, 0xaedc, 0xaedc, 
	0xaedc, 0xaedc, 0xaedc, 0xaedc, 0xaedc, 0xaedc, 0xaedc, 0xaedc, 0xaedc, 0xaedc, 0xaedc, 0xaedc, 0xaedc, 0xaedc, 0xaedc, 0xaedc, 
	0xaedc, 0xaedc, 0xaedc, 0xaedc, 0xaedc, 0xaedc, 0xaedc, 0xaedc, 0xaedc, 0xaedc, 0xaedc, 0xaedc, 0xaedc, 0xaedc, 0xaedc, 0xaedc, 
	0xaedc, 0xaedc, 0xaedc, 0xaedc, 0xaedc, 0xaedc, 0xaedc, 0xaedc, 0xaedc, 0xaedc, 0xaedc, 0xaedc, 0xaedc, 0xaedc, 0xaedc, 0xaedc, 
	0xaedc, 0xaedc, 0xaedc, 0xaedc, 0xaedc, 0xaedc, 0xaedc, 0xaedc, 0xaedc, 0xaedc, 0xaedc, 0xaedc, 0xaedc, 0xaedc, 0xaedc, 0xaedc, 
	0xaedc, 0xaedc, 0xaedc, 0xaedc, 0xaedc, 0xaedc, 0xaedc, 0xaedc, 0xaedc, 0xaedc, 0xaedc, 0xaedc, 0xaedc, 0xaedc, 0xaedc, 0xaedc, 
	0xaedc, 0xaedc, 0xaedc, 0xaedc, 0xaedc, 0xaedc, 0xaedc, 0xaedc, 0xaedc, 0xaedc, 0xaedc, 0xaedc, 0xaedc, 0xaedc, 0xaedc, 0xaedc, 
	0xaedc, 0xaedc, 0xaedc, 0xaedc, 0xaedc, 0xaedc, 0xaedc, 0xaedc, 0xaedc, 0xaedc, 0xaedc, 0xaedc, 0xaedc, 0xaedc, 0xaedc, 0xaedc, 
	0xaedc, 0xaedc, 0xaedc, 0xaedc, 0xaedc, 0xaedc, 0xaedc, 0xaedc, 0xaedc, 0xaedc, 0xaedc, 0xaedc, 0xaedc, 0xaedc, 0xaedc, 0xaedc, 
	0xaedc, 0xaedc, 0xaedc, 0xaedc, 0xaedc, 0xaedc, 0xaedc, 0xaedc, 0xaedc, 0xaedc, 0xaedc, 0xaedc, 0xaedc, 0xaedc, 0xaedc, 0xaedc, 
	0xaedc, 0xaedc, 0xaedc, 0xaedc, 0xaedc, 0xaedc, 0xaedc, 0xaedc, 0xaedc, 0xaedc, 0xaedc, 0xaedc, 0xaedc, 0xaedc, 0xaedc, 0xaedc, 
	0xaedc, 0xaedc, 0xaedc, 0xaedc, 0xaedc, 0xaedc, 0xaedc, 0xaedc, 0xaedc, 0xaedc, 0xaedc, 0xaedc, 0xaedc, 0xaedc, 0xaedc, 0xaedc, 
	0xaedc, 0xaedc, 0xaedc, 0xaedc, 0xaedc, 0xaedc, 0xaedc, 0xaedc, 0xaedc, 0xaedc, 0xaedc, 0xaedc, 0xaedc, 0xaedc, 0xaedc, 0xaedc, 
	0xaedc, 0xaedc, 0xaedc, 0xaedc, 0xaedc, 0xaedc, 0xaedc, 0xaedc, 0xaedc, 0xaedc, 0xaedc, 0xaedc, 0xaedc, 0xaedc, 0xaedc, 0xaedc, 
	0xaedc, 0xaedc, 0xaedc, 0xaedc, 0xaedc, 0xaedc, 0xaedc, 0xaedc, 0xaedc, 0xaedc, 0xaedc, 0xaedc, 0xaedc, 0xaedc, 0xaedc, 0xaedc, 
	0xaedc, 0xaedc, 0xaedc, 0xaedc, 0xaedc, 0xaedc, 0xaedc, 0xaedc, 0xaedc, 0xaedc, 0xaedc, 0xaedc, 0xaedc, 0xaedc, 0xaedc, 0xaedc, 
	0xaedc, 0xaedc, 0xaedc, 0xaedc, 0xaedc, 0xaedc, 0xaedc, 0xaedc, 0xaedc, 0xaedc, 0xaedc, 0xaedc, 0xaedc, 0xaedc, 0xaedc, 0xaedc, 
	0xaedc, 0xaedc, 0xaedc, 0xaedc, 0xaedc, 0xaedc, 0xaedc, 0xaedc, 0xaedc, 0xaedc, 0xaedc, 0xaedc, 0xaedc, 0xaedc, 0xaedc, 0xaedc, 
	0xaedc, 0xaedc, 0xaedc, 0xaedc, 0xaedc, 0xaedc, 0xaedc, 0xaedc, 0xaedc, 0xaedc, 0xaedc, 0xaedc, 0xaedc, 0xaedc, 0xaedc, 0xaedc, 
	0xaedc, 0xaedc, 0xaedc, 0xaedc, 0xaedc, 0xaedc, 0xaedc, 0xaedc, 0xaedc, 0xaedc, 0xaedc, 0xaedc, 0xaedc, 0xaedc, 0xaedc, 0xaedc, 
	0xaedc, 0xaedc, 0xaedc, 0xaedc, 0xaedc, 0xaedc, 0xaedc, 0xaedc, 0xaedc, 0xaedc, 0xaedc, 0xaedc, 0xaedc, 0xaedc, 0xaedc, 0xaedc, 
	0xaedc, 0xaedc, 0xaedc, 0xaedc, 0xaedc, 0xaedc, 0xaedc, 0xaedc, 0xaedc, 0xaedc, 0xaedc, 0xaedc, 0xaedc, 0xaedc, 0xaedc, 0xaedc, 
	0xaedc, 0xaedc, 0xaedc, 0xaedc, 0xaedc, 0xaedc, 0xaedc, 0xaedc, 0xaedc, 0xaedc, 0xaedc, 0xaedc, 0xaedc, 0xaedc, 0xaedc, 0xaedc, 
	0xaedc, 0xaedc, 0xaedc, 0xaedc, 0xaedc, 0xaedc, 0xaedc, 0xaedc, 0xaedc, 0xaedc, 0xaedc, 0xaedc, 0xaedc, 0xaedc, 0xaedc, 0xaedc, 
	0xaedc, 0xaedc, 0xaedc, 0xaedc, 0xaedc, 0xaedc, 0xaedc, 0xaedc, 0xaedc, 0xaedc, 0xaedc, 0xaedc, 0xaedc, 0xaedc, 0xaedc, 0xaedc, 
	0xaedc, 0xaedc, 0xaedc, 0xaedc, 0xaedc, 0xaedc, 0xaedc, 0xaedc, 0xaedc, 0xaedc, 0xaedc, 0xaedc, 0xaedc, 0xaedc, 0xaedc, 0xaedc, 
	0xaedc, 0xaedc, 0xaedc, 0xaedc, 0xaedc, 0xaedc, 0xaedc, 0xaedc, 0xaedc, 0xaedc, 0xaedc, 0xaedc, 0xaedc, 0xaedc, 0xaedc, 0xaedc, 
	0xaedc, 0xaedc, 0xaedc, 0xaedc, 0xaedc, 0xaedc, 0xaedc, 0xaedc, 0xaedc, 0xaedc, 0xaedc, 0xaedc, 0xaedc, 0xaedc, 0xaedc, 0xaedc, 
	0xaedc, 0xaedc, 0xaedc, 0xaedc, 0xaedc, 0xaedc, 0xaedc, 0xaedc, 0xaedc, 0xaedc, 0xaedc, 0xaedc, 0xaedc, 0xaedc, 0xaedc, 0xaedc, 
	0xaedc, 0xaedc, 0xaedc, 0xaedc, 0xaedc, 0xaedc, 0xaedc, 0xaedc, 0xaedc, 0xaedc, 0xaedc, 0xaedc, 0xaedc, 0xaedc, 0xaedc, 0xaedc, 
	0xaedc, 0xaedc, 0xaedc, 0xaedc, 0xaedc, 0xaedc, 0xaedc, 0xaedc, 0xaedc, 0xaedc, 0xaedc, 0xaedc, 0xaedc, 0xaedc, 0xaedc, 0xaedc, 
	0xaedc, 0xaedc, 0xaedc, 0xaedc, 0xaedc, 0xaedc, 0xaedc, 0xaedc, 0xaedc, 0xaedc, 0xaedc, 0xaedc, 0xaedc, 0xaedc, 0xaedc, 0xaedc, 
	0xaedc, 0xaedc, 0xaedc, 0xaedc, 0xaedc, 0xaedc, 0xaedc, 0xaedc, 0xaedc, 0xaedc, 0xaedc, 0xaedc, 0xaedc, 0xaedc, 0xaedc, 0xaedc, 
	0xaedc, 0xaedc, 0xaedc, 0xaedc, 0xaedc, 0xaedc, 0xaedc, 0xaedc, 0xaedc, 0xaedc, 0xaedc, 0xaedc, 0xaedc, 0xaedc, 0xaedc, 0xaedc, 
	0xaedc, 0xaedc, 0xaedc, 0xaedc, 0xaedc, 0xaedc, 0xaedc, 0xaedc, 0xaedc, 0xaedc, 0xaedc, 0xaedc, 0xaedc, 0xaedc, 0xaedc, 0xaedc, 
	0xaedc, 0xaedc, 0xaedc, 0xaedc, 0xaedc, 0xaedc, 0xaedc, 0xaedc, 0xaedc, 0xaedc, 0xaedc, 0xaedc, 0xaedc, 0xaedc, 0xaedc, 0xaedc, 
	0xaedc, 0xaedc, 0xaedc, 0xaedc, 0xaedc, 0xaedc, 0xaedc, 0xaedc, 0xaedc, 0xaedc, 0xaedc, 0xaedc, 0xaedc, 0xaedc, 0xaedc, 0xaedc, 
	0xaedc, 0xaedc, 0xaedc, 0xaedc, 0xaedc, 0xaedc, 0xaedc, 0xaedc, 0xaedc, 0xaedc, 0xaedc, 0xaedc, 0xaedc, 0xaedc, 0xaedc, 0xaedc, 
	0xaedc, 0xaedc, 0xaedc, 0xaedc, 0xaedc, 0xaedc, 0xaedc, 0xaedc, 0xaedc, 0xaedc, 0xaedc, 0xaedc, 0xaedc, 0xaedc, 0xaedc, 0xaedc, 
	0xaedc, 0xaedc, 0xaedc, 0xaedc, 0xaedc, 0xaedc, 0xaedc, 0xaedc, 0xaedc, 0xaedc, 0xaedc, 0xaedc, 0xaedc, 0xaedc, 0xaedc, 0xaedc, 
	0xaedc, 0xaedc, 0xaedc, 0xaedc, 0xaedc, 0xaedc, 0xaedc, 0xaedc, 0xaedc, 0xaedc, 0xaedc, 0xaedc, 0xaedc, 0xaedc, 0xaedc, 0xaedc, 
	0xaedc, 0xaedc, 0xaedc, 0xaedc, 0xaedc, 0xaedc, 0xaedc, 0xaedc, 0xaedc, 0xaedc, 0xaedc, 0xaedc, 0xaedc, 0xaedc, 0xaedc, 0xaedc, 
	0xaedc, 0xaedc, 0xaedc, 0xaedc, 0xaedc, 0xaedc, 0xaedc, 0xaedc, 0xaedc, 0xaedc, 0xaedc, 0xaedc, 0xaedc, 0xaedc, 0xaedc, 0xaedc, 
	0xaedc, 0xaedc, 0xaedc, 0xaedc, 0xaedc, 0xaedc, 0xaedc, 0xaedc, 0xaedc, 0xaedc, 0xaedc, 0xaedc, 0xaedc, 0xaedc, 0xaedc, 0xaedc, 
	0xaedc, 0xaedc, 0xaedc, 0xaedc, 0xaedc, 0xaedc, 0xaedc, 0xaedc, 0xaedc, 0xaedc, 0xaedc, 0xaedc, 0xaedc, 0xaedc, 0xaedc, 0xaedc, 
	0xaedc, 0xaedc, 0xaedc, 0xaedc, 0xaedc, 0xaedc, 0xaedc, 0xaedc, 0xaedc, 0xaedc, 0xaedc, 0xaedc, 0xaedc, 0xaedc, 0xaedc, 0xaedc, 
	0xaedc, 0xaedc, 0xaedc, 0xaedc, 0xaedc, 0xaedc, 0xaedc, 0xaedc, 0xaedc, 0xaedc, 0xaedc, 0xaedc, 0xaedc, 0xaedc, 0xaedc, 0xaedc, 
	0xaedc, 0xaedc, 0xaedc, 0xaedc, 0xaedc, 0xaedc, 0xaedc, 0xaedc, 0xaedc, 0xaedc, 0xaedc, 0xaedc, 0xaedc, 0xaedc, 0xaedc, 0xaedc, 
	0xaedc, 0xaedc, 0xaedc, 0xaedc, 0xaedc, 0xaedc, 0xaedc, 0xaedc, 0xaedc, 0xaedc, 0xaedc, 0xaedc, 0xaedc, 0xaedc, 0xaedc, 0xaedc, 
	0xaedc, 0xaedc, 0xaedc, 0xaedc, 0xaedc, 0xaedc, 0xaedc, 0xaedc, 0xaedc, 0xaedc, 0xaedc, 0xaedc, 0xaedc, 0xaedc, 0xaedc, 0xaedc, 
	0xaedc, 0xaedc, 0xaedc, 0xaedc, 0xaedc, 0xaedc, 0xaedc, 0xaedc, 0xaedc, 0xaedc, 0xaedc, 0xaedc, 0xaedc, 0xaedc, 0xaedc, 0xaedc, 
	0xaedc, 0xaedc, 0xaedc, 0xaedc, 0xaedc, 0xaedc, 0xaedc, 0xaedc, 0xaedc, 0xaedc, 0xaedc, 0xaedc, 0xaedc, 0xaedc, 0xaedc, 0xaedc, 
	0xaedc, 0xaedc, 0xaedc, 0xaedc, 0xaedc, 0xaedc, 0xaedc, 0xaedc, 0xaedc, 0xaedc, 0xaedc, 0xaedc, 0xaedc, 0xaedc, 0xaedc, 0xaedc, 
	0xaedc, 0xaedc, 0xaedc, 0xaedc, 0xaedc, 0xaedc, 0xaedc, 0xaedc, 0xaedc, 0xaedc, 0xaedc, 0xaedc, 0xaedc, 0xaedc, 0xaedc, 0xaedc, 
	0xaedc, 0xaedc, 0xaedc, 0xaedc, 0xaedc, 0xaedc, 0xaedc, 0xaedc, 0xaedc, 0xaedc, 0xaedc, 0xaedc, 0xaedc, 0xaedc, 0xaedc, 0xaedc, 
	0xaedc, 0xaedc, 0xaedc, 0xaedc, 0xaedc, 0xaedc, 0xaedc, 0xaedc, 0xaedc, 0xaedc, 0xaedc, 0xaedc, 0xaedc, 0xaedc, 0xaedc, 0xaedc, 
	0xaedc, 0xaedc, 0xaedc, 0xaedc, 0xaedc, 0xaedc, 0xaedc, 0xaedc, 0xaedc, 0xaedc, 0xaedc, 0xaedc, 0xaedc, 0xaedc, 0xaedc, 0xaedc, 
	0xaedc, 0xaedc, 0xaedc, 0xaedc, 0xaedc, 0xaedc, 0xaedc, 0xaedc, 0xaedc, 0xaedc, 0xaedc, 0xaedc, 0xaedc, 0xaedc, 0xaedc, 0xaedc, 
	0xaedc, 0xaedc, 0xaedc, 0xaedc, 0xaedc, 0xaedc, 0xaedc, 0xaedc, 0xaedc, 0xaedc, 0xaedc, 0xaedc, 0xaedc, 0xaedc, 0xaedc, 0xaedc, 
	0xaedc, 0xaedc, 0xaedc, 0xaedc, 0xaedc, 0xaedc, 0xaedc, 0xaedc, 0xaedc, 0xaedc, 0xaedc, 0xaedc, 0xaedc, 0xaedc, 0xaedc, 0xaedc, 
	0xaedc, 0xaedc, 0xaedc, 0xaedc, 0xaedc, 0xaedc, 0xaedc, 0xaedc, 0xaedc, 0xaedc, 0xaedc, 0xaedc, 0xaedc, 0xaedc, 0xaedc, 0xaedc, 
	0xaedc, 0xaedc, 0xaedc, 0xaedc, 0xaedc, 0xaedc, 0xaedc, 0xaedc, 0xaedc, 0xaedc, 0xaedc, 0xaedc, 0xaedc, 0xaedc, 0xaedc, 0xaedc, 
	0xaedc, 0xaedc, 0xaedc, 0xaedc, 0xaedc, 0xaedc, 0xaedc, 0xaedc, 0xaedc, 0xaedc, 0xaedc, 0xaedc, 0xaedc, 0xaedc, 0xaedc, 0xaedc, 
	0xaedc, 0xaedc, 0xaedc, 0xaedc, 0xaedc, 0xaedc, 0xaedc, 0xaedc, 0xaedc, 0xaedc, 0xaedc, 0xaedc, 0xaedc, 0xaedc, 0xaedc, 0xaedc, 
	0xaedc, 0xaedc, 0xaedc, 0xaedc, 0xaedc, 0xaedc, 0xaedc, 0xaedc, 0xaedc, 0xaedc, 0xaedc, 0xaedc, 0xaedc, 0xaedc, 0xaedc, 0xaedc, 
	0xaedc, 0xaedc, 0xaedc, 0xaedc, 0xaedc, 0xaedc, 0xaedc, 0xaedc, 0xaedc, 0xaedc, 0xaedc, 0xaedc, 0xaedc, 0xaedc, 0xaedc, 0xaedc, 
	0xaedc, 0xaedc, 0xaedc, 0xaedc, 0xaedc, 0xaedc, 0xaedc, 0xaedc, 0xaedc, 0xaedc, 0xaedc, 0xaedc, 0xaedc, 0xaedc, 0xaedc, 0xaedc, 
	0xaedc, 0xaedc, 0xaedc, 0xaedc, 0xaedc, 0xaedc, 0xaedc, 0xaedc, 0xaedc, 0xaedc, 0xaedc, 0xaedc, 0xaedc, 0xaedc, 0xaedc, 0xaedc, 
	0xaedc, 0xaedc, 0xaedc, 0xaedc, 0xaedc, 0xaedc, 0xaedc, 0xaedc, 0xaedc, 0xaedc, 0xaedc, 0xaedc, 0xaedc, 0xaedc, 0xaedc, 0xaedc, 
	0xaedc, 0xaedc, 0xaedc, 0xaedc, 0xaedc, 0xaedc, 0xaedc, 0xaedc, 0xaedc, 0xaedc, 0xaedc, 0xaedc, 0xaedc, 0xaedc, 0xaedc, 0xaedc, 
	0xaedc, 0xaedc, 0xaedc, 0xaedc, 0xaedc, 0xaedc, 0xaedc, 0xaedc, 0xaedc, 0xaedc, 0xaedc, 0xaedc, 0xaedc, 0xaedc, 0xaedc, 0xaedc, 
	0xaedc, 0xaedc, 0xaedc, 0xaedc, 0xaedc, 0xaedc, 0xaedc, 0xaedc, 0xaedc, 0xaedc, 0xaedc, 0xaedc, 0xaedc, 0xaedc, 0xaedc, 0xaedc, 
	0xaedc, 0xaedc, 0xaedc, 0xaedc, 0xaedc, 0xaedc, 0xaedc, 0xaedc, 0xaedc, 0xaedc, 0xaedc, 0xaedc, 0xaedc, 0xaedc, 0xaedc, 0xaedc, 
	0xaedc, 0xaedc, 0xaedc, 0xaedc, 0xaedc, 0xaedc, 0xaedc, 0xaedc, 0xaedc, 0xaedc, 0xaedc, 0xaedc, 0xaedc, 0xaedc, 0xaedc, 0xaedc, 
	0xaedc, 0xaedc, 0xaedc, 0xaedc, 0xaedc, 0xaedc, 0xaedc, 0xaedc, 0xaedc, 0xaedc, 0xaedc, 0xaedc, 0xaedc, 0xaedc, 0xaedc, 0xaedc, 
	0xaedc, 0xaedc, 0xaedc, 0xaedc, 0xaedc, 0xaedc, 0xaedc, 0xaedc, 0xaedc, 0xaedc, 0xaedc, 0xaedc, 0xaedc, 0xaedc, 0xaedc, 0xaedc, 
	0xaedc, 0xaedc, 0xaedc, 0xaedc, 0xaedc, 0xaedc, 0xaedc, 0xaedc, 0xaedc, 0xaedc, 0xaedc, 0xaedc, 0xaedc, 0xaedc, 0xaedc, 0xaedc, 
	0xaedc, 0xaedc, 0xaedc, 0xaedc, 0xaedc, 0xaedc, 0xaedc, 0xaedc, 0xaedc, 0xaedc, 0xaedc, 0xaedc, 0xaedc, 0xaedc, 0xaedc, 0xaedc, 
	0xaedc, 0xaedc, 0xaedc, 0xaedc, 0xaedc, 0xaedc, 0xaedc, 0xaedc, 0xaedc, 0xaedc, 0xaedc, 0xaedc, 0xaedc, 0xaedc, 0xaedc, 0xaedc, 
	0xaedc, 0xaedc, 0xaedc, 0xaedc, 0xaedc, 0xaedc, 0xaedc, 0xaedc, 0xaedc, 0xaedc, 0xaedc, 0xaedc, 0xaedc, 0xaedc, 0xaedc, 0xaedc, 
	0xaedc, 0xaedc, 0xaedc, 0xaedc, 0xaedc, 0xaedc, 0xaedc, 0xaedc, 0xaedc, 0xaedc, 0xaedc, 0xaedc, 0xaedc, 0xaedc, 0xaedc, 0xaedc, 
	0xaedc, 0xaedc, 0xaedc, 0xaedc, 0xaedc, 0xaedc, 0xaedc, 0xaedc, 0xaedc, 0xaedc, 0xaedc, 0xaedc, 0xaedc, 0xaedc, 0xaedc, 0xaedc, 
	0xaedc, 0xaedc, 0xaedc, 0xaedc, 0xaedc, 0xaedc, 0xaedc, 0xaedc, 0xaedc, 0xaedc, 0xaedc, 0xaedc, 0xaedc, 0xaedc, 0xaedc, 0xaedc, 
	0xaedc, 0xaedc, 0xaedc, 0xaedc, 0xaedc, 0xaedc, 0xaedc, 0xaedc, 0xaedc, 0xaedc, 0xaedc, 0xaedc, 0xaedc, 0xaedc, 0xaedc, 0xaedc, 
	0xaedc, 0xaedc, 0xaedc, 0xaedc, 0xaedc, 0xaedc, 0xaedc, 0xaedc, 0xaedc, 0xaedc, 0xaedc, 0xaedc, 0xaedc, 0xaedc, 0xaedc, 0xaedc, 
	0xaedc, 0xaedc, 0xaedc, 0xaedc, 0xaedc, 0xaedc, 0xaedc, 0xaedc, 0xaedc, 0xaedc, 0xaedc, 0xaedc, 0xaedc, 0xaedc, 0xaedc, 0xaedc, 
	0xaedc, 0xaedc, 0xaedc, 0xaedc, 0xaedc, 0xaedc, 0xaedc, 0xaedc, 0xaedc, 0xaedc, 0xaedc, 0xaedc, 0xaedc, 0xaedc, 0xaedc, 0xaedc, 
	0xaedc, 0xaedc, 0xaedc, 0xaedc, 0xaedc, 0xaedc, 0xaedc, 0xaedc, 0xaedc, 0xaedc, 0xaedc, 0xaedc, 0xaedc, 0xaedc, 0xaedc, 0xaedc, 
	0xaedc, 0xaedc, 0xaedc, 0xaedc, 0xaedc, 0xaedc, 0xaedc, 0xaedc, 0xaedc, 0xaedc, 0xaedc, 0xaedc, 0xaedc, 0xaedc, 0xaedc, 0xaedc, 
	0xaedc, 0xaedc, 0xaedc, 0xaedc, 0xaedc, 0xaedc, 0xaedc, 0xaedc, 0xaedc, 0xaedc, 0xaedc, 0xaedc, 0xaedc, 0xaedc, 0xaedc, 0xaedc, 
	0xaedc, 0xaedc, 0xaedc, 0xaedc, 0xaedc, 0xaedc, 0xaedc, 0xaedc, 0xaedc, 0xaedc, 0xaedc, 0xaedc, 0xaedc, 0xaedc, 0xaedc, 0xaedc, 
	0xaedc, 0xaedc, 0xaedc, 0xaedc, 0xaedc, 0xaedc, 0xaedc, 0xaedc, 0xaedc, 0xaedc, 0xaedc, 0xaedc, 0xaedc, 0xaedc, 0xaedc, 0xaedc, 
	0xaedc, 0xaedc, 0xaedc, 0xaedc, 0xaedc, 0xaedc, 0xaedc, 0xaedc, 0xaedc, 0xaedc, 0xaedc, 0xaedc, 0xaedc, 0xaedc, 0xaedc, 0xaedc, 
	0xaedc, 0xaedc, 0xaedc, 0xaedc, 0xaedc, 0xaedc, 0xaedc, 0xaedc, 0xaedc, 0xaedc, 0xaedc, 0xaedc, 0xaedc, 0xaedc, 0xaedc, 0xaedc, 
	0xaedc, 0xaedc, 0xaedc, 0xaedc, 0xaedc, 0xaedc, 0xaedc, 0xaedc, 0xaedc, 0xaedc, 0xaedc, 0xaedc, 0xaedc, 0xaedc, 0xaedc, 0xaedc, 
	0xaedc, 0xaedc, 0xaedc, 0xaedc, 0xaedc, 0xaedc, 0xaedc, 0xaedc, 0xaedc, 0xaedc, 0xaedc, 0xaedc, 0xaedc, 0xaedc, 0xaedc, 0xaedc, 
	0xaedc, 0xaedc, 0xaedc, 0xaedc, 0xaedc, 0xaedc, 0xaedc, 0xaedc, 0xaedc, 0xaedc, 0xaedc, 0xaedc, 0xaedc, 0xaedc, 0xaedc, 0xaedc, 
	0xaedc, 0xaedc, 0xaedc, 0xaedc, 0xaedc, 0xaedc, 0xaedc, 0xaedc, 0xaedc, 0xaedc, 0xaedc, 0xaedc, 0xaedc, 0xaedc, 0xaedc, 0xaedc, 
	0xaedc, 0xaedc, 0xaedc, 0xaedc, 0xaedc, 0xaedc, 0xaedc, 0xaedc, 0xaedc, 0xaedc, 0xaedc, 0xaedc, 0xaedc, 0xaedc, 0xaedc, 0xaedc, 
	0xaedc, 0xaedc, 0xaedc, 0xaedc, 0xaedc, 0xaedc, 0xaedc, 0xaedc, 0xaedc, 0xaedc, 0xaedc, 0xaedc, 0xaedc, 0xaedc, 0xaedc, 0xaedc, 
	0xaedc, 0xaedc, 0xaedc, 0xaedc, 0xaedc, 0xaedc, 0xaedc, 0xaedc, 0xaedc, 0xaedc, 0xaedc, 0xaedc, 0xaedc, 0xaedc, 0xaedc, 0xaedc, 
	0xaedc, 0xaedc, 0xaedc, 0xaedc, 0xaedc, 0xaedc, 0xaedc, 0xaedc, 0xaedc, 0xaedc, 0xaedc, 0xaedc, 0xaedc, 0xaedc, 0xaedc, 0xaedc, 
	0xaedc, 0xaedc, 0xaedc, 0xaedc, 0xaedc, 0xaedc, 0xaedc, 0xaedc, 0xaedc, 0xaedc, 0xaedc, 0xaedc, 0xaedc, 0xaedc, 0xaedc, 0xaedc, 
	0xaedc, 0xaedc, 0xaedc, 0xaedc, 0xaedc, 0xaedc, 0xaedc, 0xaedc, 0xaedc, 0xaedc, 0xaedc, 0xaedc, 0xaedc, 0xaedc, 0xaedc, 0xaedc, 
	0xaedc, 0xaedc, 0xaedc, 0xaedc, 0xaedc, 0xaedc, 0xaedc, 0xaedc, 0xaedc, 0xaedc, 0xaedc, 0xaedc, 0xaedc, 0xaedc, 0xaedc, 0xaedc, 
	0xaedc, 0xaedc, 0xaedc, 0xaedc, 0xaedc, 0xaedc, 0xaedc, 0xaedc, 0xaedc, 0xaedc, 0xaedc, 0xaedc, 0xaedc, 0xaedc, 0xaedc, 0xaedc, 
	0xaedc, 0xaedc, 0xaedc, 0xaedc, 0xaedc, 0xaedc, 0xaedc, 0xaedc, 0xaedc, 0xaedc, 0xaedc, 0xaedc, 0xaedc, 0xaedc, 0xaedc, 0xaedc, 
	0xaedc, 0xaedc, 0xaedc, 0xaedc, 0xaedc, 0xaedc, 0xaedc, 0xaedc, 0xaedc, 0xaedc, 0xaedc, 0xaedc, 0xaedc, 0xaedc, 0xaedc, 0xaedc, 
	0xaedc, 0xaedc, 0xaedc, 0xaedc, 0xaedc, 0xaedc, 0xaedc, 0xaedc, 0xaedc, 0xaedc, 0xaedc, 0xaedc, 0xaedc, 0xaedc, 0xaedc, 0xaedc, 
	0xaedc, 0xaedc, 0xaedc, 0xaedc, 0xaedc, 0xaedc, 0xaedc, 0xaedc, 0xaedc, 0xaedc, 0xaedc, 0xaedc, 0xaedc, 0xaedc, 0xaedc, 0xaedc, 
	0xaedc, 0xaedc, 0xaedc, 0xaedc, 0xaedc, 0xaedc, 0xaedc, 0xaedc, 0xaedc, 0xaedc, 0xaedc, 0xaedc, 0xaedc, 0xaedc, 0xaedc, 0xaedc, 
	0xaedc, 0xaedc, 0xaedc, 0xaedc, 0xaedc, 0xaedc, 0xaedc, 0xaedc, 0xaedc, 0xaedc, 0xaedc, 0xaedc, 0xaedc, 0xaedc, 0xaedc, 0xaedc, 
	0xaedc, 0xaedc, 0xaedc, 0xaedc, 0xaedc, 0xaedc, 0xaedc, 0xaedc, 0xaedc, 0xaedc, 0xaedc, 0xaedc, 0xaedc, 0xaedc, 0xaedc, 0xaedc, 
	0xaedc, 0xaedc, 0xaedc, 0xaedc, 0xaedc, 0xaedc, 0xaedc, 0xaedc, 0xaedc, 0xaedc, 0xaedc, 0xaedc, 0xaedc, 0xaedc, 0xaedc, 0xaedc, 
	0xaedc, 0xaedc, 0xaedc, 0xaedc, 0xaedc, 0xaedc, 0xaedc, 0xaedc, 0xaedc, 0xaedc, 0xaedc, 0xaedc, 0xaedc, 0xaedc, 0xaedc, 0xaedc, 
	0xaedc, 0xaedc, 0xaedc, 0xaedc, 0xaedc, 0xaedc, 0xaedc, 0xaedc, 0xaedc, 0xaedc, 0xaedc, 0xaedc, 0xaedc, 0xaedc, 0xaedc, 0xaedc, 
	0xaedc, 0xaedc, 0xaedc, 0xaedc, 0xaedc, 0xaedc, 0xaedc, 0xaedc, 0xaedc, 0xaedc, 0xaedc, 0xaedc, 0xaedc, 0xaedc, 0xaedc, 0xaedc, 
	0xaedc, 0xaedc, 0xaedc, 0xaedc, 0xaedc, 0xaedc, 0xaedc, 0xaedc, 0xaedc, 0xaedc, 0xaedc, 0xaedc, 0xaedc, 0xaedc, 0xaedc, 0xaedc, 
	0xaedc, 0xaedc, 0xaedc, 0xaedc, 0xaedc, 0xaedc, 0xaedc, 0xaedc, 0xaedc, 0xaedc, 0xaedc, 0xaedc, 0xaedc, 0xaedc, 0xaedc, 0xaedc, 
	0xaedc, 0xaedc, 0xaedc, 0xaedc, 0xaedc, 0xaedc, 0xaedc, 0xaedc, 0xaedc, 0xaedc, 0xaedc, 0xaedc, 0xaedc, 0xaedc, 0xaedc, 0xaedc, 
	0xaedc, 0xaedc, 0xaedc, 0xaedc, 0xaedc, 0xaedc, 0xaedc, 0xaedc, 0xaedc, 0xaedc, 0xaedc, 0xaedc, 0xaedc, 0xaedc, 0xaedc, 0xaedc, 
	0xaedc, 0xaedc, 0xaedc, 0xaedc, 0xaedc, 0xaedc, 0xaedc, 0xaedc, 0xaedc, 0xaedc, 0xaedc, 0xaedc, 0xaedc, 0xaedc, 0xaedc, 0xaedc, 
	0xaedc, 0xaedc, 0xaedc, 0xaedc, 0xaedc, 0xaedc, 0xaedc, 0xaedc, 0xaedc, 0xaedc, 0xaedc, 0xaedc, 0xaedc, 0xaedc, 0xaedc, 0xaedc, 
	0xaedc, 0xaedc, 0xaedc, 0xaedc, 0xaedc, 0xaedc, 0xaedc, 0xaedc, 0xaedc, 0xaedc, 0xaedc, 0xaedc, 0xaedc, 0xaedc, 0xaedc, 0xaedc, 
	0xaedc, 0xaedc, 0xaedc, 0xaedc, 0xaedc, 0xaedc, 0xaedc, 0xaedc, 0xaedc, 0xaedc, 0xaedc, 0xaedc, 0xaedc, 0xaedc, 0xaedc, 0xaedc, 
	0xaedc, 0xaedc, 0xaedc, 0xaedc, 0xaedc, 0xaedc, 0xaedc, 0xaedc, 0xaedc, 0xaedc, 0xaedc, 0xaedc, 0xaedc, 0xaedc, 0xaedc, 0xaedc, 
	0xaedc, 0xaedc, 0xaedc, 0xaedc, 0xaedc, 0xaedc, 0xaedc, 0xaedc, 0xaedc, 0xaedc, 0xaedc, 0xaedc, 0xaedc, 0xaedc, 0xaedc, 0xaedc, 
	0xaedc, 0xaedc, 0xaedc, 0xaedc, 0xaedc, 0xaedc, 0xaedc, 0xaedc, 0xaedc, 0xaedc, 0xaedc, 0xaedc, 0xaedc, 0xaedc, 0xaedc, 0xaedc, 
	0xaedc, 0xaedc, 0xaedc, 0xaedc, 0xaedc, 0xaedc, 0xaedc, 0xaedc, 0xaedc, 0xaedc, 0xaedc, 0xaedc, 0xaedc, 0xaedc, 0xaedc, 0xaedc, 
	0xaedc, 0xaedc, 0xaedc, 0xaedc, 0xaedc, 0xaedc, 0xaedc, 0xaedc, 0xaedc, 0xaedc, 0xaedc, 0xaedc, 0xaedc, 0xaedc, 0xaedc, 0xaedc, 
	0xaedc, 0xaedc, 0xaedc, 0xaedc, 0xaedc, 0xaedc, 0xaedc, 0xaedc, 0xaedc, 0xaedc, 0xaedc, 0xaedc, 0xaedc, 0xaedc, 0xaedc, 0xaedc, 
	0xaedc, 0xaedc, 0xaedc, 0xaedc, 0xaedc, 0xaedc, 0xaedc, 0xaedc, 0xaedc, 0xaedc, 0xaedc, 0xaedc, 0xaedc, 0xaedc, 0xaedc, 0xaedc, 
	0xaedc, 0xaedc, 0xaedc, 0xaedc, 0xaedc, 0xaedc, 0xaedc, 0xaedc, 0xaedc, 0xaedc, 0xaedc, 0xaedc, 0xaedc, 0xaedc, 0xaedc, 0xaedc, 
	0xaedc, 0xaedc, 0xaedc, 0xaedc, 0xaedc, 0xaedc, 0xaedc, 0xaedc, 0xaedc, 0xaedc, 0xaedc, 0xaedc, 0xaedc, 0xaedc, 0xaedc, 0xaedc, 
	0xaedc, 0xaedc, 0xaedc, 0xaedc, 0xaedc, 0xaedc, 0xaedc, 0xaedc, 0xaedc, 0xaedc, 0xaedc, 0xaedc, 0xaedc, 0xaedc, 0xaedc, 0xaedc, 
	0xaedc, 0xaedc, 0xaedc, 0xaedc, 0xaedc, 0xaedc, 0xaedc, 0xaedc, 0xaedc, 0xaedc, 0xaedc, 0xaedc, 0xaedc, 0xaedc, 0xaedc, 0xaedc, 
	0xaedc, 0xaedc, 0xaedc, 0xaedc, 0xaedc, 0xaedc, 0xaedc, 0xaedc, 0xaedc, 0xaedc, 0xaedc, 0xaedc, 0xaedc, 0xaedc, 0xaedc, 0xaedc, 
	0xaedc, 0xaedc, 0xaedc, 0xaedc, 0xaedc, 0xaedc, 0xaedc, 0xaedc, 0xaedc, 0xaedc, 0xaedc, 0xaedc, 0xaedc, 0xaedc, 0xaedc, 0xaedc, 
	0xaedc, 0xaedc, 0xaedc, 0xaedc, 0xaedc, 0xaedc, 0xaedc, 0xaedc, 0xaedc, 0xaedc, 0xaedc, 0xaedc, 0xaedc, 0xaedc, 0xaedc, 0xaedc, 
	0xaedc, 0xaedc, 0xaedc, 0xaedc, 0xaedc, 0xaedc, 0xaedc, 0xaedc, 0xaedc, 0xaedc, 0xaedc, 0xaedc, 0xaedc, 0xaedc, 0xaedc, 0xaedc, 
	0xaedc, 0xaedc, 0xaedc, 0xaedc, 0xaedc, 0xaedc, 0xaedc, 0xaedc, 0xaedc, 0xaedc, 0xaedc, 0xaedc, 0xaedc, 0xaedc, 0xaedc, 0xaedc, 
	0xaedc, 0xaedc, 0xaedc, 0xaedc, 0xaedc, 0xaedc, 0xaedc, 0xaedc, 0xaedc, 0xaedc, 0xaedc, 0xaedc, 0xaedc, 0xaedc, 0xaedc, 0xaedc, 
	0xaedc, 0xaedc, 0xaedc, 0xaedc, 0xaedc, 0xaedc, 0xaedc, 0xaedc, 0xaedc, 0xaedc, 0xaedc, 0xaedc, 0xaedc, 0xaedc, 0xaedc, 0xaedc, 
	0xaedc, 0xaedc, 0xaedc, 0xaedc, 0xaedc, 0xaedc, 0xaedc, 0xaedc, 0xaedc, 0xaedc, 0xaedc, 0xaedc, 0xaedc, 0xaedc, 0xaedc, 0xaedc, 
	0xaedc, 0xaedc, 0xaedc, 0xaedc, 0xaedc, 0xaedc, 0xaedc, 0xaedc, 0xaedc, 0xaedc, 0xaedc, 0xaedc, 0xaedc, 0xaedc, 0xaedc, 0xaedc, 
	0xaedc, 0xaedc, 0xaedc, 0xaedc, 0xaedc, 0xaedc, 0xaedc, 0xaedc, 0xaedc, 0xaedc, 0xaedc, 0xaedc, 0xaedc, 0xaedc, 0xaedc, 0xaedc, 
	0xaedc, 0xaedc, 0xaedc, 0xaedc, 0xaedc, 0xaedc, 0xaedc, 0xaedc, 0xaedc, 0xaedc, 0xaedc, 0xaedc, 0xaedc, 0xaedc, 0xaedc, 0xaedc, 
	0xaedc, 0xaedc, 0xaedc, 0xaedc, 0xaedc, 0xaedc, 0xaedc, 0xaedc, 0xaedc, 0xaedc, 0xaedc, 0xaedc, 0xaedc, 0xaedc, 0xaedc, 0xaedc, 
	0xaedc, 0xaedc, 0xaedc, 0xaedc, 0xaedc, 0xaedc, 0xaedc, 0xaedc, 0xaedc, 0xaedc, 0xaedc, 0xaedc, 0xaedc, 0xaedc, 0xaedc, 0xaedc, 
	0xaedc, 0xaedc, 0xaedc, 0xaedc, 0xaedc, 0xaedc, 0xaedc, 0xaedc, 0xaedc, 0xaedc, 0xaedc, 0xaedc, 0xaedc, 0xaedc, 0xaedc, 0xaedc, 
	0xaedc, 0xaedc, 0xaedc, 0xaedc, 0xaedc, 0xaedc, 0xaedc, 0xaedc, 0xaedc, 0xaedc, 0xaedc, 0xaedc, 0xaedc, 0xaedc, 0xaedc, 0xaedc, 
	0xaedc, 0xaedc, 0xaedc, 0xaedc, 0xaedc, 0xaedc, 0xaedc, 0xaedc, 0xaedc, 0xaedc, 0xaedc, 0xaedc, 0xaedc, 0xaedc, 0xaedc, 0xaedc, 
	0xaedc, 0xaedc, 0xaedc, 0xaedc, 0xaedc, 0xaedc, 0xaedc, 0xaedc, 0xaedc, 0xaedc, 0xaedc, 0xaedc, 0xaedc, 0xaedc, 0xaedc, 0xaedc, 
	0xaedc, 0xaedc, 0xaedc, 0xaedc, 0xaedc, 0xaedc, 0xaedc, 0xaedc, 0xaedc, 0xaedc, 0xaedc, 0xaedc, 0xaedc, 0xaedc, 0xaedc, 0xaedc, 
	0xaedc, 0xaedc, 0xaedc, 0xaedc, 0xaedc, 0xaedc, 0xaedc, 0xaedc, 0xaedc, 0xaedc, 0xaedc, 0xaedc, 0xaedc, 0xaedc, 0xaedc, 0xaedc, 
	0xaedc, 0xaedc, 0xaedc, 0xaedc, 0xaedc, 0xaedc, 0xaedc, 0xaedc, 0xaedc, 0xaedc, 0xaedc, 0xaedc, 0xaedc, 0xaedc, 0xaedc, 0xaedc, 
	0xaedc, 0xaedc, 0xaedc, 0xaedc, 0xaedc, 0xaedc, 0xaedc, 0xaedc, 0xaedc, 0xaedc, 0xaedc, 0xaedc, 0xaedc, 0xaedc, 0xaedc, 0xaedc, 
	0xaedc, 0xaedc, 0xaedc, 0xaedc, 0xaedc, 0xaedc, 0xaedc, 0xaedc, 0xaedc, 0xaedc, 0xaedc, 0xaedc, 0xaedc, 0xaedc, 0xaedc, 0xaedc, 
	0xaedc, 0xaedc, 0xaedc, 0xaedc, 0xaedc, 0xaedc, 0xaedc, 0xaedc, 0xaedc, 0xaedc, 0xaedc, 0xaedc, 0xaedc, 0xaedc, 0xaedc, 0xaedc, 
	0xaedc, 0xaedc, 0xaedc, 0xaedc, 0xaedc, 0xaedc, 0xaedc, 0xaedc, 0xaedc, 0xaedc, 0xaedc, 0xaedc, 0xaedc, 0xaedc, 0xaedc, 0xaedc, 
	0xaedc, 0xaedc, 0xaedc, 0xaedc, 0xaedc, 0xaedc, 0xaedc, 0xaedc, 0xaedc, 0xaedc, 0xaedc, 0xaedc, 0xaedc, 0xaedc, 0xaedc, 0xaedc, 
	0xaedc, 0xaedc, 0xaedc, 0xaedc, 0xaedc, 0xaedc, 0xaedc, 0xaedc, 0xaedc, 0xaedc, 0xaedc, 0xaedc, 0xaedc, 0xaedc, 0xaedc, 0xaedc, 
	0xaedc, 0xaedc, 0xaedc, 0xaedc, 0xaedc, 0xaedc, 0xaedc, 0xaedc, 0xaedc, 0xaedc, 0xaedc, 0xaedc, 0xaedc, 0xaedc, 0xaedc, 0xaedc, 
	0xaedc, 0xaedc, 0xaedc, 0xaedc, 0xaedc, 0xaedc, 0xaedc, 0xaedc, 0xaedc, 0xaedc, 0xaedc, 0xaedc, 0xaedc, 0xaedc, 0xaedc, 0xaedc, 
	0xaedc, 0xaedc, 0xaedc, 0xaedc, 0xaedc, 0xaedc, 0xaedc, 0xaedc, 0xaedc, 0xaedc, 0xaedc, 0xaedc, 0xaedc, 0xaedc, 0xaedc, 0xaedc, 
	0xaedc, 0xaedc, 0xaedc, 0xaedc, 0xaedc, 0xaedc, 0xaedc, 0xaedc, 0xaedc, 0xaedc, 0xaedc, 0xaedc, 0xaedc, 0xaedc, 0xaedc, 0xaedc, 
	0xaedc, 0xaedc, 0xaedc, 0xaedc, 0xaedc, 0xaedc, 0xaedc, 0xaedc, 0xaedc, 0xaedc, 0xaedc, 0xaedc, 0xaedc, 0xaedc, 0xaedc, 0xaedc, 
	0xaedc, 0xaedc, 0xaedc, 0xaedc, 0xaedc, 0xaedc, 0xaedc, 0xaedc, 0xaedc, 0xaedc, 0xaedc, 0xaedc, 0xaedc, 0xaedc, 0xaedc, 0xaedc, 
	0xaedc, 0xaedc, 0xaedc, 0xaedc, 0xaedc, 0xaedc, 0xaedc, 0xaedc, 0xaedc, 0xaedc, 0xaedc, 0xaedc, 0xaedc, 0xaedc, 0xaedc, 0xaedc, 
	0xaedc, 0xaedc, 0xaedc, 0xaedc, 0xaedc, 0xaedc, 0xaedc, 0xaedc, 0xaedc, 0xaedc, 0xaedc, 0xaedc, 0xaedc, 0xaedc, 0xaedc, 0xaedc, 
	0xaedc, 0xaedc, 0xaedc, 0xaedc, 0xaedc, 0xaedc, 0xaedc, 0xaedc, 0xaedc, 0xaedc, 0xaedc, 0xaedc, 0xaedc, 0xaedc, 0xaedc, 0xaedc, 
	0xaedc, 0xaedc, 0xaedc, 0xaedc, 0xaedc, 0xaedc, 0xaedc, 0xaedc, 0xaedc, 0xaedc, 0xaedc, 0xaedc, 0xaedc, 0xaedc, 0xaedc, 0xaedc, 
	0xaedc, 0xaedc, 0xaedc, 0xaedc, 0xaedc, 0xaedc, 0xaedc, 0xaedc, 0xaedc, 0xaedc, 0xaedc, 0xaedc, 0xaedc, 0xaedc, 0xaedc, 0xaedc, 
	0xaedc, 0xaedc, 0xaedc, 0xaedc, 0xaedc, 0xaedc, 0xaedc, 0xaedc, 0xaedc, 0xaedc, 0xaedc, 0xaedc, 0xaedc, 0xaedc, 0xaedc, 0xaedc, 
	0xaedc, 0xaedc, 0xaedc, 0xaedc, 0xaedc, 0xaedc, 0xaedc, 0xaedc, 0xaedc, 0xaedc, 0xaedc, 0xaedc, 0xaedc, 0xaedc, 0xaedc, 0xaedc, 
	0xaedc, 0xaedc, 0xaedc, 0xaedc, 0xaedc, 0xaedc, 0xaedc, 0xaedc, 0xaedc, 0xaedc, 0xaedc, 0xaedc, 0xaedc, 0xaedc, 0xaedc, 0xaedc, 
	0xaedc, 0xaedc, 0xaedc, 0xaedc, 0xaedc, 0xaedc, 0xaedc, 0xaedc, 0xaedc, 0xaedc, 0xaedc, 0xaedc, 0xaedc, 0xaedc, 0xaedc, 0xaedc, 
	0xaedc, 0xaedc, 0xaedc, 0xaedc, 0xaedc, 0xaedc, 0xaedc, 0xaedc, 0xaedc, 0xaedc, 0xaedc, 0xaedc, 0xaedc, 0xaedc, 0xaedc, 0xaedc, 
	0xaedc, 0xaedc, 0xaedc, 0xaedc, 0xaedc, 0xaedc, 0xaedc, 0xaedc, 0xaedc, 0xaedc, 0xaedc, 0xaedc, 0xaedc, 0xaedc, 0xaedc, 0xaedc, 
	0xaedc, 0xaedc, 0xaedc, 0xaedc, 0xaedc, 0xaedc, 0xaedc, 0xaedc, 0xaedc, 0xaedc, 0xaedc, 0xaedc, 0xaedc, 0xaedc, 0xaedc, 0xaedc, 
	0xaedc, 0xaedc, 0xaedc, 0xaedc, 0xaedc, 0xaedc, 0xaedc, 0xaedc, 0xaedc, 0xaedc, 0xaedc, 0xaedc, 0xaedc, 0xaedc, 0xaedc, 0xaedc, 
	0xaedc, 0xaedc, 0xaedc, 0xaedc, 0xaedc, 0xaedc, 0xaedc, 0xaedc, 0xaedc, 0xaedc, 0xaedc, 0xaedc, 0xaedc, 0xaedc, 0xaedc, 0xaedc, 
	0xaedc, 0xaedc, 0xaedc, 0xaedc, 0xaedc, 0xaedc, 0xaedc, 0xaedc, 0xaedc, 0xaedc, 0xaedc, 0xaedc, 0xaedc, 0xaedc, 0xaedc, 0xaedc, 
	0xaedc, 0xaedc, 0xaedc, 0xaedc, 0xaedc, 0xaedc, 0xaedc, 0xaedc, 0xaedc, 0xaedc, 0xaedc, 0xaedc, 0xaedc, 0xaedc, 0xaedc, 0xaedc, 
	0xaedc, 0xaedc, 0xaedc, 0xaedc, 0xaedc, 0xaedc, 0xaedc, 0xaedc, 0xaedc, 0xaedc, 0xaedc, 0xaedc, 0xaedc, 0xaedc, 0xaedc, 0xaedc, 
	0xaedc, 0xaedc, 0xaedc, 0xaedc, 0xaedc, 0xaedc, 0xaedc, 0xaedc, 0xaedc, 0xaedc, 0xaedc, 0xaedc, 0xaedc, 0xaedc, 0xaedc, 0xaedc, 
	0xaedc, 0xaedc, 0xaedc, 0xaedc, 0xaedc, 0xaedc, 0xaedc, 0xaedc, 0xaedc, 0xaedc, 0xaedc, 0xaedc, 0xaedc, 0xaedc, 0xaedc, 0xaedc, 
	0xaedc, 0xaedc, 0xaedc, 0xaedc, 0xaedc, 0xaedc, 0xaedc, 0xaedc, 0xaedc, 0xaedc, 0xaedc, 0xaedc, 0xaedc, 0xaedc, 0xaedc, 0xaedc, 
	0xaedc, 0xaedc, 0xaedc, 0xaedc, 0xaedc, 0xaedc, 0xaedc, 0xaedc, 0xaedc, 0xaedc, 0xaedc, 0xaedc, 0xaedc, 0xaedc, 0xaedc, 0xaedc, 
	0xaedc, 0xaedc, 0xaedc, 0xaedc, 0xaedc, 0xaedc, 0xaedc, 0xaedc, 0xaedc, 0xaedc, 0xaedc, 0xaedc, 0xaedc, 0xaedc, 0xaedc, 0xaedc, 
	0xaedc, 0xaedc, 0xaedc, 0xaedc, 0xaedc, 0xaedc, 0xaedc, 0xaedc, 0xaedc, 0xaedc, 0xaedc, 0xaedc, 0xaedc, 0xaedc, 0xaedc, 0xaedc, 
	0xaedc, 0xaedc, 0xaedc, 0xaedc, 0xaedc, 0xaedc, 0xaedc, 0xaedc, 0xaedc, 0xaedc, 0xaedc, 0xaedc, 0xaedc, 0xaedc, 0xaedc, 0xaedc, 
	0xaedc, 0xaedc, 0xaedc, 0xaedc, 0xaedc, 0xaedc, 0xaedc, 0xaedc, 0xaedc, 0xaedc, 0xaedc, 0xaedc, 0xaedc, 0xaedc, 0xaedc, 0xaedc, 
	0xaedc, 0xaedc, 0xaedc, 0xaedc, 0xaedc, 0xaedc, 0xaedc, 0xaedc, 0xaedc, 0xaedc, 0xaedc, 0xaedc, 0xaedc, 0xaedc, 0xaedc, 0xaedc, 
	0xaedc, 0xaedc, 0xaedc, 0xaedc, 0xaedc, 0xaedc, 0xaedc, 0xaedc, 0xaedc, 0xaedc, 0xaedc, 0xaedc, 0xaedc, 0xaedc, 0xaedc, 0xaedc, 
	0xaedc, 0xaedc, 0xaedc, 0xaedc, 0xaedc, 0xaedc, 0xaedc, 0xaedc, 0xaedc, 0xaedc, 0xaedc, 0xaedc, 0xaedc, 0xaedc, 0xaedc, 0xaedc, 
	0xaedc, 0xaedc, 0xaedc, 0xaedc, 0xaedc, 0xaedc, 0xaedc, 0xaedc, 0xaedc, 0xaedc, 0xaedc, 0xaedc, 0xaedc, 0xaedc, 0xaedc, 0xaedc, 
	0xaedc, 0xaedc, 0xaedc, 0xaedc, 0xaedc, 0xaedc, 0xaedc, 0xaedc, 0xaedc, 0xaedc, 0xaedc, 0xaedc, 0xaedc, 0xaedc, 0xaedc, 0xaedc, 
	0xaedc, 0xaedc, 0xaedc, 0xaedc, 0xaedc, 0xaedc, 0xaedc, 0xaedc, 0xaedc, 0xaedc, 0xaedc, 0xaedc, 0xaedc, 0xaedc, 0xaedc, 0xaedc, 
	0xaedc, 0xaedc, 0xaedc, 0xaedc, 0xaedc, 0xaedc, 0xaedc, 0xaedc, 0xaedc, 0xaedc, 0xaedc, 0xaedc, 0xaedc, 0xaedc, 0xaedc, 0xaedc, 
	0xaedc, 0xaedc, 0xaedc, 0xaedc, 0xaedc, 0xaedc, 0xaedc, 0xaedc, 0xaedc, 0xaedc, 0xaedc, 0xaedc, 0xaedc, 0xaedc, 0xaedc, 0xaedc, 
	0xaedc, 0xaedc, 0xaedc, 0xaedc, 0xaedc, 0xaedc, 0xaedc, 0xaedc, 0xaedc, 0xaedc, 0xaedc, 0xaedc, 0xaedc, 0xaedc, 0xaedc, 0xaedc, 
	0xaedc, 0xaedc, 0xaedc, 0xaedc, 0xaedc, 0xaedc, 0xaedc, 0xaedc, 0xaedc, 0xaedc, 0xaedc, 0xaedc, 0xaedc, 0xaedc, 0xaedc, 0xaedc, 
	0xaedc, 0xaedc, 0xaedc, 0xaedc, 0xaedc, 0xaedc, 0xaedc, 0xaedc, 0xaedc, 0xaedc, 0xaedc, 0xaedc, 0xaedc, 0xaedc, 0xaedc, 0xaedc, 
	0xaedc, 0xaedc, 0xaedc, 0xaedc, 0xaedc, 0xaedc, 0xaedc, 0xaedc, 0xaedc, 0xaedc, 0xaedc, 0xaedc, 0xaedc, 0xaedc, 0xaedc, 0xaedc, 
	0xaedc, 0xaedc, 0xaedc, 0xaedc, 0xaedc, 0xaedc, 0xaedc, 0xaedc, 0xaedc, 0xaedc, 0xaedc, 0xaedc, 0xaedc, 0xaedc, 0xaedc, 0xaedc, 
	0xaedc, 0xaedc, 0xaedc, 0xaedc, 0xaedc, 0xaedc, 0xaedc, 0xaedc, 0xaedc, 0xaedc, 0xaedc, 0xaedc, 0xaedc, 0xaedc, 0xaedc, 0xaedc, 
	0xaedc, 0xaedc, 0xaedc, 0xaedc, 0xaedc, 0xaedc, 0xaedc, 0xaedc, 0xaedc, 0xaedc, 0xaedc, 0xaedc, 0xaedc, 0xaedc, 0xaedc, 0xaedc, 
	0xaedc, 0xaedc, 0xaedc, 0xaedc, 0xaedc, 0xaedc, 0xaedc, 0xaedc, 0xaedc, 0xaedc, 0xaedc, 0xaedc, 0xaedc, 0xaedc, 0xaedc, 0xaedc, 
	0xaedc, 0xaedc, 0xaedc, 0xaedc, 0xaedc, 0xaedc, 0xaedc, 0xaedc, 0xaedc, 0xaedc, 0xaedc, 0xaedc, 0xaedc, 0xaedc, 0xaedc, 0xaedc, 
	0xaedc, 0xaedc, 0xaedc, 0xaedc, 0xaedc, 0xaedc, 0xaedc, 0xaedc, 0xaedc, 0xaedc, 0xaedc, 0xaedc, 0xaedc, 0xaedc, 0xaedc, 0xaedc, 
	0xaedc, 0xaedc, 0xaedc, 0xaedc, 0xaedc, 0xaedc, 0xaedc, 0xaedc, 0xaedc, 0xaedc, 0xaedc, 0xaedc, 0xaedc, 0xaedc, 0xaedc, 0xaedc, 
	0xaedc, 0xaedc, 0xaedc, 0xaedc, 0xaedc, 0xaedc, 0xaedc, 0xaedc, 0xaedc, 0xaedc, 0xaedc, 0xaedc, 0xaedc, 0xaedc, 0xaedc, 0xaedc, 
	0xaedc, 0xaedc, 0xaedc, 0xaedc, 0xaedc, 0xaedc, 0xaedc, 0xaedc, 0xaedc, 0xaedc, 0xaedc, 0xaedc, 0xaedc, 0xaedc, 0xaedc, 0xaedc, 
	0xaedc, 0xaedc, 0xaedc, 0xaedc, 0xaedc, 0xaedc, 0xaedc, 0xaedc, 0xaedc, 0xaedc, 0xaedc, 0xaedc, 0xaedc, 0xaedc, 0xaedc, 0xaedc, 
	0xaedc, 0xaedc, 0xaedc, 0xaedc, 0xaedc, 0xaedc, 0xaedc, 0xaedc, 0xaedc, 0xaedc, 0xaedc, 0xaedc, 0xaedc, 0xaedc, 0xaedc, 0xaedc, 
	0xaedc, 0xaedc, 0xaedc, 0xaedc, 0xaedc, 0xaedc, 0xaedc, 0xaedc, 0xaedc, 0xaedc, 0xaedc, 0xaedc, 0xaedc, 0xaedc, 0xaedc, 0xaedc, 
	0xaedc, 0xaedc, 0xaedc, 0xaedc, 0xaedc, 0xaedc, 0xaedc, 0xaedc, 0xaedc, 0xaedc, 0xaedc, 0xaedc, 0xaedc, 0xaedc, 0xaedc, 0xaedc, 
	0xaedc, 0xaedc, 0xaedc, 0xaedc, 0xaedc, 0xaedc, 0xaedc, 0xaedc, 0xaedc, 0xaedc, 0xaedc, 0xaedc, 0xaedc, 0xaedc, 0xaedc, 0xaedc, 
	0xaedc, 0xaedc, 0xaedc, 0xaedc, 0xaedc, 0xaedc, 0xaedc, 0xaedc, 0xaedc, 0xaedc, 0xaedc, 0xaedc, 0xaedc, 0xaedc, 0xaedc, 0xaedc, 
	0xaedc, 0xaedc, 0xaedc, 0xaedc, 0xaedc, 0xaedc, 0xaedc, 0xaedc, 0xaedc, 0xaedc, 0xaedc, 0xaedc, 0xaedc, 0xaedc, 0xaedc, 0xaedc, 
	0xaedc, 0xaedc, 0xaedc, 0xaedc, 0xaedc, 0xaedc, 0xaedc, 0xaedc, 0xaedc, 0xaedc, 0xaedc, 0xaedc, 0xaedc, 0xaedc, 0xaedc, 0xaedc, 
	0xaedc, 0xaedc, 0xaedc, 0xaedc, 0xaedc, 0xaedc, 0xaedc, 0xaedc, 0xaedc, 0xaedc, 0xaedc, 0xaedc, 0xaedc, 0xaedc, 0xaedc, 0xaedc, 
	0xaedc, 0xaedc, 0xaedc, 0xaedc, 0xaedc, 0xaedc, 0xaedc, 0xaedc, 0xaedc, 0xaedc, 0xaedc, 0xaedc, 0xaedc, 0xaedc, 0xaedc, 0xaedc, 
	0xaedc, 0xaedc, 0xaedc, 0xaedc, 0xaedc, 0xaedc, 0xaedc, 0xaedc, 0xaedc, 0xaedc, 0xaedc, 0xaedc, 0xaedc, 0xaedc, 0xaedc, 0xaedc, 
	0xaedc, 0xaedc, 0xaedc, 0xaedc, 0xaedc, 0xaedc, 0xaedc, 0xaedc, 0xaedc, 0xaedc, 0xaedc, 0xaedc, 0xaedc, 0xaedc, 0xaedc, 0xaedc, 
	0xaedc, 0xaedc, 0xaedc, 0xaedc, 0xaedc, 0xaedc, 0xaedc, 0xaedc, 0xaedc, 0xaedc, 0xaedc, 0xaedc, 0xaedc, 0xaedc, 0xaedc, 0xaedc, 
	0xaedc, 0xaedc, 0xaedc, 0xaedc, 0xaedc, 0xaedc, 0xaedc, 0xaedc, 0xaedc, 0xaedc, 0xaedc, 0xaedc, 0xaedc, 0xaedc, 0xaedc, 0xaedc, 
	0xaedc, 0xaedc, 0xaedc, 0xaedc, 0xaedc, 0xaedc, 0xaedc, 0xaedc, 0xaedc, 0xaedc, 0xaedc, 0xaedc, 0xaedc, 0xaedc, 0xaedc, 0xaedc, 
	0xaedc, 0xaedc, 0xaedc, 0xaedc, 0xaedc, 0xaedc, 0xaedc, 0xaedc, 0xaedc, 0xaedc, 0xaedc, 0xaedc, 0xaedc, 0xaedc, 0xaedc, 0xaedc, 
	0xaedc, 0xaedc, 0xaedc, 0xaedc, 0xaedc, 0xaedc, 0xaedc, 0xaedc, 0xaedc, 0xaedc, 0xaedc, 0xaedc, 0xaedc, 0xaedc, 0xaedc, 0xaedc, 
	0xaedc, 0xaedc, 0xaedc, 0xaedc, 0xaedc, 0xaedc, 0xaedc, 0xaedc, 0xaedc, 0xaedc, 0xaedc, 0xaedc, 0xaedc, 0xaedc, 0xaedc, 0xaedc, 
	0xaedc, 0xaedc, 0xaedc, 0xaedc, 0xaedc, 0xaedc, 0xaedc, 0xaedc, 0xaedc, 0xaedc, 0xaedc, 0xaedc, 0xaedc, 0xaedc, 0xaedc, 0xaedc, 
	0xaedc, 0xaedc, 0xaedc, 0xaedc, 0xaedc, 0xaedc, 0xaedc, 0xaedc, 0xaedc, 0xaedc, 0xaedc, 0xaedc, 0xaedc, 0xaedc, 0xaedc, 0xaedc, 
	0xaedc, 0xaedc, 0xaedc, 0xaedc, 0xaedc, 0xaedc, 0xaedc, 0xaedc, 0xaedc, 0xaedc, 0xaedc, 0xaedc, 0xaedc, 0xaedc, 0xaedc, 0xaedc, 
	0xaedc, 0xaedc, 0xaedc, 0xaedc, 0xaedc, 0xaedc, 0xaedc, 0xaedc, 0xaedc, 0xaedc, 0xaedc, 0xaedc, 0xaedc, 0xaedc, 0xaedc, 0xaedc, 
	0xaedc, 0xaedc, 0xaedc, 0xaedc, 0xaedc, 0xaedc, 0xaedc, 0xaedc, 0xaedc, 0xaedc, 0xaedc, 0xaedc, 0xaedc, 0xaedc, 0xaedc, 0xaedc, 
	0xaedc, 0xaedc, 0xaedc, 0xaedc, 0xaedc, 0xaedc, 0xaedc, 0xaedc, 0xaedc, 0xaedc, 0xaedc, 0xaedc, 0xaedc, 0xaedc, 0xaedc, 0xaedc, 
	0xaedc, 0xaedc, 0xaedc, 0xaedc, 0xaedc, 0xaedc, 0xaedc, 0xaedc, 0xaedc, 0xaedc, 0xaedc, 0xaedc, 0xaedc, 0xaedc, 0xaedc, 0xaedc, 
	0xaedc, 0xaedc, 0xaedc, 0xaedc, 0xaedc, 0xaedc, 0xaedc, 0xaedc, 0xaedc, 0xaedc, 0xaedc, 0xaedc, 0xaedc, 0xaedc, 0xaedc, 0xaedc, 
	0xaedc, 0xaedc, 0xaedc, 0xaedc, 0xaedc, 0xaedc, 0xaedc, 0xaedc, 0xaedc, 0xaedc, 0xaedc, 0xaedc, 0xaedc, 0xaedc, 0xaedc, 0xaedc, 
	0xaedc, 0xaedc, 0xaedc, 0xaedc, 0xaedc, 0xaedc, 0xaedc, 0xaedc, 0xaedc, 0xaedc, 0xaedc, 0xaedc, 0xaedc, 0xaedc, 0xaedc, 0xaedc, 
	0xaedc, 0xaedc, 0xaedc, 0xaedc, 0xaedc, 0xaedc, 0xaedc, 0xaedc, 0xaedc, 0xaedc, 0xaedc, 0xaedc, 0xaedc, 0xaedc, 0xaedc, 0xaedc, 
	0xaedc, 0xaedc, 0xaedc, 0xaedc, 0xaedc, 0xaedc, 0xaedc, 0xaedc, 0xaedc, 0xaedc, 0xaedc, 0xaedc, 0xaedc, 0xaedc, 0xaedc, 0xaedc, 
	0xaedc, 0xaedc, 0xaedc, 0xaedc, 0xaedc, 0xaedc, 0xaedc, 0xaedc, 0xaedc, 0xaedc, 0xaedc, 0xaedc, 0xaedc, 0xaedc, 0xaedc, 0xaedc, 
	0xaedc, 0xaedc, 0xaedc, 0xaedc, 0xaedc, 0xaedc, 0xaedc, 0xaedc, 0xaedc, 0xaedc, 0xaedc, 0xaedc, 0xaedc, 0xaedc, 0xaedc, 0xaedc, 
	0xaedc, 0xaedc, 0xaedc, 0xaedc, 0xaedc, 0xaedc, 0xaedc, 0xaedc, 0xaedc, 0xaedc, 0xaedc, 0xaedc, 0xaedc, 0xaedc, 0xaedc, 0xaedc, 
	0xaedc, 0xaedc, 0xaedc, 0xaedc, 0xaedc, 0xaedc, 0xaedc, 0xaedc, 0xaedc, 0xaedc, 0xaedc, 0xaedc, 0xaedc, 0xaedc, 0xaedc, 0xaedc, 
	0xaedc, 0xaedc, 0xaedc, 0xaedc, 0xaedc, 0xaedc, 0xaedc, 0xaedc, 0xaedc, 0xaedc, 0xaedc, 0xaedc, 0xaedc, 0xaedc, 0xaedc, 0xaedc, 
	0xaedc, 0xaedc, 0xaedc, 0xaedc, 0xaedc, 0xaedc, 0xaedc, 0xaedc, 0xaedc, 0xaedc, 0xaedc, 0xaedc, 0xaedc, 0xaedc, 0xaedc, 0xaedc, 
	0xaedc, 0xaedc, 0xaedc, 0xaedc, 0xaedc, 0xaedc, 0xaedc, 0xaedc, 0xaedc, 0xaedc, 0xaedc, 0xaedc, 0xaedc, 0xaedc, 0xaedc, 0xaedc, 
	0xaedc, 0xaedc, 0xaedc, 0xaedc, 0xaedc, 0xaedc, 0xaedc, 0xaedc, 0xaedc, 0xaedc, 0xaedc, 0xaedc, 0xaedc, 0xaedc, 0xaedc, 0xaedc, 
	0xaedc, 0xaedc, 0xaedc, 0xaedc, 0xaedc, 0xaedc, 0xaedc, 0xaedc, 0xaedc, 0xaedc, 0xaedc, 0xaedc, 0xaedc, 0xaedc, 0xaedc, 0xaedc, 
	0xaedc, 0xaedc, 0xaedc, 0xaedc, 0xaedc, 0xaedc, 0xaedc, 0xaedc, 0xaedc, 0xaedc, 0xaedc, 0xaedc, 0xaedc, 0xaedc, 0xaedc, 0xaedc, 
	0xaedc, 0xaedc, 0xaedc, 0xaedc, 0xaedc, 0xaedc, 0xaedc, 0xaedc, 0xaedc, 0xaedc, 0xaedc, 0xaedc, 0xaedc, 0xaedc, 0xaedc, 0xaedc, 
	0xaedc, 0xaedc, 0xaedc, 0xaedc, 0xaedc, 0xaedc, 0xaedc, 0xaedc, 0xaedc, 0xaedc, 0xaedc, 0xaedc, 0xaedc, 0xaedc, 0xaedc, 0xaedc, 
	0xaedc, 0xaedc, 0xaedc, 0xaedc, 0xaedc, 0xaedc, 0xaedc, 0xaedc, 0xaedc, 0xaedc, 0xaedc, 0xaedc, 0xaedc, 0xaedc, 0xaedc, 0xaedc
};

#endif