#ifndef RINSE_IMAGE_H
#define RINSE_IMAGE_H

// 'DC536D96-FD24-41D6-B7CE-11DDB72C9EFC', 256x256px
const uint16_t rinse_map [] PROGMEM = {
	0xaedc, 0xaedc, 0xaedc, 0xaedc, 0xaedc, 0xaedc, 0xaedc, 0xaedc, 0xaedc, 0xaedc, 0xaedc, 0xaedc, 0xaedc, 0xaedc, 0xaedc, 0xaedc, 
	0xaedc, 0xaedc, 0xaedc, 0xaedc, 0xaedc, 0xaedc, 0xaedc, 0xaedc, 0xaedc, 0xaedc, 0xaedc, 0xaedc, 0xaedc, 0xaedc, 0xaedc, 0xaedc, 
	0xaedc, 0xaedc, 0xaedc, 0xaedc, 0xaedc, 0xaedc, 0xaedc, 0xaedc, 0xaedc, 0xaedc, 0xaedc, 0xaedc, 0xaedc, 0xaedc, 0xaedc, 0xaedc, 
	0xaedc, 0xaedc, 0xaedc, 0xaedc, 0xaedc, 0xaedc, 0xaedc, 0xaedc, 0xaedc, 0xaedc, 0xaedc, 0xaedc, 0xaedc, 0xaedc, 0xaedc, 0xaedc, 
	0xaedc, 0xaedc, 0xaedc, 0xaedc, 0xaedc, 0xaedc, 0xaedc, 0xaedc, 0xaedc, 0xaedc, 0xaedc, 0xaedc, 0xaedc, 0xaedc, 0xaedc, 0xaedc, 
	0xaedc, 0xaedc, 0xaedc, 0xaedc, 0xaedc, 0xaedc, 0xaedc, 0xaedc, 0xaedc, 0xaedc, 0xaedc, 0xaedc, 0xaedc, 0xaedc, 0xaedc, 0xaedc, 
	0xaedc, 0xaedc, 0xaedc, 0xaedc, 0xaedc, 0xaedc, 0xaedc, 0xaedc, 0xaedc, 0xaedc, 0xaedc, 0xaedc, 0xaedc, 0xaedc, 0xaedc, 0xaedc, 
	0xaedc, 0xaedc, 0xaedc, 0xaedc, 0xaedc, 0xaedc, 0xaedc, 0xaedc, 0xaedc, 0xaedc, 0xaedc, 0xaedc, 0xaedc, 0xaedc, 0xaedc, 0xaedc, 
	0xaedc, 0xaedc, 0xaedc, 0xaedc, 0xaedc, 0xaedc, 0xaedc, 0xaedc, 0xaedc, 0xaedc, 0xaedc, 0xaedc, 0xaedc, 0xaedc, 0xaedc, 0xaedc, 
	0xaedc, 0xaedc, 0xaedc, 0xaedc, 0xaedc, 0xaedc, 0xaedc, 0xaedc, 0xaedc, 0xaedc, 0xaedc, 0xaedc, 0xaedc, 0xaedc, 0xaedc, 0xaedc, 
	0xaedc, 0xaedc, 0xaedc, 0xaedc, 0xaedc, 0xaedc, 0xaedc, 0xaedc, 0xaedc, 0xaedc, 0xaedc, 0xaedc, 0xaedc, 0xaedc, 0xaedc, 0xaedc, 
	0xaedc, 0xaedc, 0xaedc, 0xaedc, 0xaedc, 0xaedc, 0xaedc, 0xaedc, 0xaedc, 0xaedc, 0xaedc, 0xaedc, 0xaedc, 0xaedc, 0xaedc, 0xaedc, 
	0xaedc, 0xaedc, 0xaedc, 0xaedc, 0xaedc, 0xaedc, 0xaedc, 0xaedc, 0xaedc, 0xaedc, 0xaedc, 0xaedc, 0xaedc, 0xaedc, 0xaedc, 0xaedc, 
	0xaedc, 0xaedc, 0xaedc, 0xaedc, 0xaedc, 0xaedc, 0xaedc, 0xaedc, 0xaedc, 0xaedc, 0xaedc, 0xaedc, 0xaedc, 0xaedc, 0xaedc, 0xaedc, 
	0xaedc, 0xaedc, 0xaedc, 0xaedc, 0xaedc, 0xaedc, 0xaedc, 0xaedc, 0xaedc, 0xaedc, 0xaedc, 0xaedc, 0xaedc, 0xaedc, 0xaedc, 0xaedc, 
	0xaedc, 0xaedc, 0xaedc, 0xaedc, 0xaedc, 0xaedc, 0xaedc, 0xaedc, 0xaedc, 0xaedc, 0xaedc, 0xaedc, 0xaedc, 0xaedc, 0xaedc, 0xaedc, 
	0xaedc, 0xaedc, 0xaedc, 0xaedc, 0xaedc, 0xaedc, 0xaedc, 0xaedc, 0xaedc, 0xaedc, 0xaedc, 0xaedc, 0xaedc, 0xaedc, 0xaedc, 0xaedc, 
	0xaedc, 0xaedc, 0xaedc, 0xaedc, 0xaedc, 0xaedc, 0xaedc, 0xaedc, 0xaedc, 0xaedc, 0xaedc, 0xaedc, 0xaedc, 0xaedc, 0xaedc, 0xaedc, 
	0xaedc, 0xaedc, 0xaedc, 0xaedc, 0xaedc, 0xaedc, 0xaedc, 0xaedc, 0xaedc, 0xaedc, 0xaedc, 0xaedc, 0xaedc, 0xaedc, 0xaedc, 0xaedc, 
	0xaedc, 0xaedc, 0xaedc, 0xaedc, 0xaedc, 0xaedc, 0xaedc, 0xaedc, 0xaedc, 0xaedc, 0xaedc, 0xaedc, 0xaedc, 0xaedc, 0xaedc, 0xaedc, 
	0xaedc, 0xaedc, 0xaedc, 0xaedc, 0xaedc, 0xaedc, 0xaedc, 0xaedc, 0xaedc, 0xaedc, 0xaedc, 0xaedc, 0xaedc, 0xaedc, 0xaedc, 0xaedc, 
	0xaedc, 0xaedc, 0xaedc, 0xaedc, 0xaedc, 0xaedc, 0xaedc, 0xaedc, 0xaedc, 0xaedc, 0xaedc, 0xaedc, 0xaedc, 0xaedc, 0xaedc, 0xaedc, 
	0xaedc, 0xaedc, 0xaedc, 0xaedc, 0xaedc, 0xaedc, 0xaedc, 0xaedc, 0xaedc, 0xaedc, 0xaedc, 0xaedc, 0xaedc, 0xaedc, 0xaedc, 0xaedc, 
	0xaedc, 0xaedc, 0xaedc, 0xaedc, 0xaedc, 0xaedc, 0xaedc, 0xaedc, 0xaedc, 0xaedc, 0xaedc, 0xaedc, 0xaedc, 0xaedc, 0xaedc, 0xaedc, 
	0xaedc, 0xaedc, 0xaedc, 0xaedc, 0xaedc, 0xaedc, 0xaedc, 0xaedc, 0xaedc, 0xaedc, 0xaedc, 0xaedc, 0xaedc, 0xaedc, 0xaedc, 0xaedc, 
	0xaedc, 0xaedc, 0xaedc, 0xaedc, 0xaedc, 0xaedc, 0xaedc, 0xaedc, 0xaedc, 0xaedc, 0xaedc, 0xaedc, 0xaedc, 0xaedc, 0xaedc, 0xaedc, 
	0xaedc, 0xaedc, 0xaedc, 0xaedc, 0xaedc, 0xaedc, 0xaedc, 0xaedc, 0xaedc, 0xaedc, 0xaedc, 0xaedc, 0xaedc, 0xaedc, 0xaedc, 0xaedc, 
	0xaedc, 0xaedc, 0xaedc, 0xaedc, 0xaedc, 0xaedc, 0xaedc, 0xaedc, 0xaedc, 0xaedc, 0xaedc, 0xaedc, 0xaedc, 0xaedc, 0xaedc, 0xaedc, 
	0xaedc, 0xaedc, 0xaedc, 0xaedc, 0xaedc, 0xaedc, 0xaedc, 0xaedc, 0xaedc, 0xaedc, 0xaedc, 0xaedc, 0xaedc, 0xaedc, 0xaedc, 0xaedc, 
	0xaedc, 0xaedc, 0xaedc, 0xaedc, 0xaedc, 0xaedc, 0xaedc, 0xaedc, 0xaedc, 0xaedc, 0xaedc, 0xaedc, 0xaedc, 0xaedc, 0xaedc, 0xaedc, 
	0xaedc, 0xaedc, 0xaedc, 0xaedc, 0xaedc, 0xaedc, 0xaedc, 0xaedc, 0xaedc, 0xaedc, 0xaedc, 0xaedc, 0xaedc, 0xaedc, 0xaedc, 0xaedc, 
	0xaedc, 0xaedc, 0xaedc, 0xaedc, 0xaedc, 0xaedc, 0xaedc, 0xaedc, 0xaedc, 0xaedc, 0xaedc, 0xaedc, 0xaedc, 0xaedc, 0xaedc, 0xaedc, 
	0xaedc, 0xaedc, 0xaedc, 0xaedc, 0xaedc, 0xaedc, 0xaedc, 0xaedc, 0xaedc, 0xaedc, 0xaedc, 0xaedc, 0xaedc, 0xaedc, 0xaedc, 0xaedc, 
	0xaedc, 0xaedc, 0xaedc, 0xaedc, 0xaedc, 0xaedc, 0xaedc, 0xaedc, 0xaedc, 0xaedc, 0xaedc, 0xaedc, 0xaedc, 0xaedc, 0xaedc, 0xaedc, 
	0xaedc, 0xaedc, 0xaedc, 0xaedc, 0xaedc, 0xaedc, 0xaedc, 0xaedc, 0xaedc, 0xaedc, 0xaedc, 0xaedc, 0xaedc, 0xaedc, 0xaedc, 0xaedc, 
	0xaedc, 0xaedc, 0xaedc, 0xaedc, 0xaedc, 0xaedc, 0xaedc, 0xaedc, 0xaedc, 0xaedc, 0xaedc, 0xaedc, 0xaedc, 0xaedc, 0xaedc, 0xaedc, 
	0xaedc, 0xaedc, 0xaedc, 0xaedc, 0xaedc, 0xaedc, 0xaedc, 0xaedc, 0xaedc, 0xaedc, 0xaedc, 0xaedc, 0xaedc, 0xaedc, 0xaedc, 0xaedc, 
	0xaedc, 0xaedc, 0xaedc, 0xaedc, 0xaedc, 0xaedc, 0xaedc, 0xaedc, 0xaedc, 0xaedc, 0xaedc, 0xaedc, 0xaedc, 0xaedc, 0xaedc, 0xaedc, 
	0xaedc, 0xaedc, 0xaedc, 0xaedc, 0xaedc, 0xaedc, 0xaedc, 0xaedc, 0xaedc, 0xaedc, 0xaedc, 0xaedc, 0xaedc, 0xaedc, 0xaedc, 0xaedc, 
	0xaedc, 0xaedc, 0xaedc, 0xaedc, 0xaedc, 0xaedc, 0xaedc, 0xaedc, 0xaedc, 0xaedc, 0xaedc, 0xaedc, 0xaedc, 0xaedc, 0xaedc, 0xaedc, 
	0xaedc, 0xaedc, 0xaedc, 0xaedc, 0xaedc, 0xaedc, 0xaedc, 0xaedc, 0xaedc, 0xaedc, 0xaedc, 0xaedc, 0xaedc, 0xaedc, 0xaedc, 0xaedc, 
	0xaedc, 0xaedc, 0xaedc, 0xaedc, 0xaedc, 0xaedc, 0xaedc, 0xaedc, 0xaedc, 0xaedc, 0xaedc, 0xaedc, 0xaedc, 0xaedc, 0xaedc, 0xaedc, 
	0xaedc, 0xaedc, 0xaedc, 0xaedc, 0xaedc, 0xaedc, 0xaedc, 0xaedc, 0xaedc, 0xaedc, 0xaedc, 0xaedc, 0xaedc, 0xaedc, 0xaedc, 0xaedc, 
	0xaedc, 0xaedc, 0xaedc, 0xaedc, 0xaedc, 0xaedc, 0xaedc, 0xaedc, 0xaedc, 0xaedc, 0xaedc, 0xaedc, 0xaedc, 0xaedc, 0xaedc, 0xaedc, 
	0xaedc, 0xaedc, 0xaedc, 0xaedc, 0xaedc, 0xaedc, 0xaedc, 0xaedc, 0xaedc, 0xaedc, 0xaedc, 0xaedc, 0xaedc, 0xaedc, 0xaedc, 0xaedc, 
	0xaedc, 0xaedc, 0xaedc, 0xaedc, 0xaedc, 0xaedc, 0xaedc, 0xaedc, 0xaedc, 0xaedc, 0xaedc, 0xaedc, 0xaedc, 0xaedc, 0xaedc, 0xaedc, 
	0xaedc, 0xaedc, 0xaedc, 0xaedc, 0xaedc, 0xaedc, 0xaedc, 0xaedc, 0xaedc, 0xaedc, 0xaedc, 0xaedc, 0xaedc, 0xaedc, 0xaedc, 0xaedc, 
	0xaedc, 0xaedc, 0xaedc, 0xaedc, 0xaedc, 0xaedc, 0xaedc, 0xaedc, 0xaedc, 0xaedc, 0xaedc, 0xaedc, 0xaedc, 0xaedc, 0xaedc, 0xaedc, 
	0xaedc, 0xaedc, 0xaedc, 0xaedc, 0xaedc, 0xaedc, 0xaedc, 0xaedc, 0xaedc, 0xaedc, 0xaedc, 0xaedc, 0xaedc, 0xaedc, 0xaedc, 0xaedc, 
	0xaedc, 0xaedc, 0xaedc, 0xaedc, 0xaedc, 0xaedc, 0xaedc, 0xaedc, 0xaedc, 0xaedc, 0xaedc, 0xaedc, 0xaedc, 0xaedc, 0xaedc, 0xaedc, 
	0xaedc, 0xaedc, 0xaedc, 0xaedc, 0xaedc, 0xaedc, 0xaedc, 0xaedc, 0xaedc, 0xaedc, 0xaedc, 0xaedc, 0xaedc, 0xaedc, 0xaedc, 0xaedc, 
	0xaedc, 0xaedc, 0xaedc, 0xaedc, 0xaedc, 0xaedc, 0xaedc, 0xaedc, 0xaedc, 0xaedc, 0xaedc, 0xaedc, 0xaedc, 0xaedc, 0xaedc, 0xaedc, 
	0xaedc, 0xaedc, 0xaedc, 0xaedc, 0xaedc, 0xaedc, 0xaedc, 0xaedc, 0xaedc, 0xaedc, 0xaedc, 0xaedc, 0xaedc, 0xaedc, 0xaedc, 0xaedc, 
	0xaedc, 0xaedc, 0xaedc, 0xaedc, 0xaedc, 0xaedc, 0xaedc, 0xaedc, 0xaedc, 0xaedc, 0xaedc, 0xaedc, 0xaedc, 0xaedc, 0xaedc, 0xaedc, 
	0xaedc, 0xaedc, 0xaedc, 0xaedc, 0xaedc, 0xaedc, 0xaedc, 0xaedc, 0xaedc, 0xaedc, 0xaedc, 0xaedc, 0xaedc, 0xaedc, 0xaedc, 0xaedc, 
	0xaedc, 0xaedc, 0xaedc, 0xaedc, 0xaedc, 0xaedc, 0xaedc, 0xaedc, 0xaedc, 0xaedc, 0xaedc, 0xaedc, 0xaedc, 0xaedc, 0xaedc, 0xaedc, 
	0xaedc, 0xaedc, 0xaedc, 0xaedc, 0xaedc, 0xaedc, 0xaedc, 0xaedc, 0xaedc, 0xaedc, 0xaedc, 0xaedc, 0xaedc, 0xaedc, 0xaedc, 0xaedc, 
	0xaedc, 0xaedc, 0xaedc, 0xaedc, 0xaedc, 0xaedc, 0xaedc, 0xaedc, 0xaedc, 0xaedc, 0xaedc, 0xaedc, 0xaedc, 0xaedc, 0xaedc, 0xaedc, 
	0xaedc, 0xaedc, 0xaedc, 0xaedc, 0xaedc, 0xaedc, 0xaedc, 0xaedc, 0xaedc, 0xaedc, 0xaedc, 0xaedc, 0xaedc, 0xaedc, 0xaedc, 0xaedc, 
	0xaedc, 0xaedc, 0xaedc, 0xaedc, 0xaedc, 0xaedc, 0xaedc, 0xaedc, 0xaedc, 0xaedc, 0xaedc, 0xaedc, 0xaedc, 0xaedc, 0xaedc, 0xaedc, 
	0xaedc, 0xaedc, 0xaedc, 0xaedc, 0xaedc, 0xaedc, 0xaedc, 0xaedc, 0xaedc, 0xaedc, 0xaedc, 0xaedc, 0xaedc, 0xaedc, 0xaedc, 0xaedc, 
	0xaedc, 0xaedc, 0xaedc, 0xaedc, 0xaedc, 0xaedc, 0xaedc, 0xaedc, 0xaedc, 0xaedc, 0xaedc, 0xaedc, 0xaedc, 0xaedc, 0xaedc, 0xaedc, 
	0xaedc, 0xaedc, 0xaedc, 0xaedc, 0xaedc, 0xaedc, 0xaedc, 0xaedc, 0xaedc, 0xaedc, 0xaedc, 0xaedc, 0xaedc, 0xaedc, 0xaedc, 0xaedc, 
	0xaedc, 0xaedc, 0xaedc, 0xaedc, 0xaedc, 0xaedc, 0xaedc, 0xaedc, 0xaedc, 0xaedc, 0xaedc, 0xaedc, 0xaedc, 0xaedc, 0xaedc, 0xaedc, 
	0xaedc, 0xaedc, 0xaedc, 0xaedc, 0xaedc, 0xaedc, 0xaedc, 0xaedc, 0xaedc, 0xaedc, 0xaedc, 0xaedc, 0xaedc, 0xaedc, 0xaedc, 0xaedc, 
	0xaedc, 0xaedc, 0xaedc, 0xaedc, 0xaedc, 0xaedc, 0xaedc, 0xaedc, 0xaedc, 0xaedc, 0xaedc, 0xaedc, 0xaedc, 0xaedc, 0xaedc, 0xaedc, 
	0xaedc, 0xaedc, 0xaedc, 0xaedc, 0xaedc, 0xaedc, 0xaedc, 0xaedc, 0xaedc, 0xaedc, 0xaedc, 0xaedc, 0xaedc, 0xaedc, 0xaedc, 0xaedc, 
	0xaedc, 0xaedc, 0xaedc, 0xaedc, 0xaedc, 0xaedc, 0xaedc, 0xaedc, 0xaedc, 0xaedc, 0xaedc, 0xaedc, 0xaedc, 0xaedc, 0xaedc, 0xaedc, 
	0xaedc, 0xaedc, 0xaedc, 0xaedc, 0xaedc, 0xaedc, 0xaedc, 0xaedc, 0xaedc, 0xaedc, 0xaedc, 0xaedc, 0xaedc, 0xaedc, 0xaedc, 0xaedc, 
	0xaedc, 0xaedc, 0xaedc, 0xaedc, 0xaedc, 0xaedc, 0xaedc, 0xaedc, 0xaedc, 0xaedc, 0xaedc, 0xaedc, 0xaedc, 0xaedc, 0xaedc, 0xaedc, 
	0xaedc, 0xaedc, 0xaedc, 0xaedc, 0xaedc, 0xaedc, 0xaedc, 0xaedc, 0xaedc, 0xaedc, 0xaedc, 0xaedc, 0xaedc, 0xaedc, 0xaedc, 0xaedc, 
	0xaedc, 0xaedc, 0xaedc, 0xaedc, 0xaedc, 0xaedc, 0xaedc, 0xaedc, 0xaedc, 0xaedc, 0xaedc, 0xaedc, 0xaedc, 0xaedc, 0xaedc, 0xaedc, 
	0xaedc, 0xaedc, 0xaedc, 0xaedc, 0xaedc, 0xaedc, 0xaedc, 0xaedc, 0xaedc, 0xaedc, 0xaedc, 0xaedc, 0xaedc, 0xaedc, 0xaedc, 0xaedc, 
	0xaedc, 0xaedc, 0xaedc, 0xaedc, 0xaedc, 0xaedc, 0xaedc, 0xaedc, 0xaedc, 0xaedc, 0xaedc, 0xaedc, 0xaedc, 0xaedc, 0xaedc, 0xaedc, 
	0xaedc, 0xaedc, 0xaedc, 0xaedc, 0xaedc, 0xaedc, 0xaedc, 0xaedc, 0xaedc, 0xaedc, 0xaedc, 0xaedc, 0xaedc, 0xaedc, 0xaedc, 0xaedc, 
	0xaedc, 0xaedc, 0xaedc, 0xaedc, 0xaedc, 0xaedc, 0xaedc, 0xaedc, 0xaedc, 0xaedc, 0xaedc, 0xaedc, 0xaedc, 0xaedc, 0xaedc, 0xaedc, 
	0xaedc, 0xaedc, 0xaedc, 0xaedc, 0xaedc, 0xaedc, 0xaedc, 0xaedc, 0xaedc, 0xaedc, 0xaedc, 0xaedc, 0xaedc, 0xaedc, 0xaedc, 0xaedc, 
	0xaedc, 0xaedc, 0xaedc, 0xaedc, 0xaedc, 0xaedc, 0xaedc, 0xaedc, 0xaedc, 0xaedc, 0xaedc, 0xaedc, 0xaedc, 0xaedc, 0xaedc, 0xaedc, 
	0xaedc, 0xaedc, 0xaedc, 0xaedc, 0xaedc, 0xaedc, 0xaedc, 0xaedc, 0xaedc, 0xaedc, 0xaedc, 0xaedc, 0xaedc, 0xaedc, 0xaedc, 0xaedc, 
	0xaedc, 0xaedc, 0xaedc, 0xaedc, 0xaedc, 0xaedc, 0xaedc, 0xaedc, 0xaedc, 0xaedc, 0xaedc, 0xaedc, 0xaedc, 0xaedc, 0xaedc, 0xaedc, 
	0xaedc, 0xaedc, 0xaedc, 0xaedc, 0xaedc, 0xaedc, 0xaedc, 0xaedc, 0xaedc, 0xaedc, 0xaedc, 0xaedc, 0xaedc, 0xaedc, 0xaedc, 0xaedc, 
	0xaedc, 0xaedc, 0xaedc, 0xaedc, 0xaedc, 0xaedc, 0xaedc, 0xaedc, 0xaedc, 0xaedc, 0xaedc, 0xaedc, 0xaedc, 0xaedc, 0xaedc, 0xaedc, 
	0xaedc, 0xaedc, 0xaedc, 0xaedc, 0xaedc, 0xaedc, 0xaedc, 0xaedc, 0xaedc, 0xaedc, 0xaedc, 0xaedc, 0xaedc, 0xaedc, 0xaedc, 0xaedc, 
	0xaedc, 0xaedc, 0xaedc, 0xaedc, 0xaedc, 0xaedc, 0xaedc, 0xaedc, 0xaedc, 0xaedc, 0xaedc, 0xaedc, 0xaedc, 0xaedc, 0xaedc, 0xaedc, 
	0xaedc, 0xaedc, 0xaedc, 0xaedc, 0xaedc, 0xaedc, 0xaedc, 0xaedc, 0xaedc, 0xaedc, 0xaedc, 0xaedc, 0xaedc, 0xaedc, 0xaedc, 0xaedc, 
	0xaedc, 0xaedc, 0xaedc, 0xaedc, 0xaedc, 0xaedc, 0xaedc, 0xaedc, 0xaedc, 0xaedc, 0xaedc, 0xaedc, 0xaedc, 0xaedc, 0xaedc, 0xaedc, 
	0xaedc, 0xaedc, 0xaedc, 0xaedc, 0xaedc, 0xaedc, 0xaedc, 0xaedc, 0xaedc, 0xaedc, 0xaedc, 0xaedc, 0xaedc, 0xaedc, 0xaedc, 0xaedc, 
	0xaedc, 0xaedc, 0xaedc, 0xaedc, 0xaedc, 0xaedc, 0xaedc, 0xaedc, 0xaedc, 0xaedc, 0xaedc, 0xaedc, 0xaedc, 0xaedc, 0xaedc, 0xaedc, 
	0xaedc, 0xaedc, 0xaedc, 0xaedc, 0xaedc, 0xaedc, 0xaedc, 0xaedc, 0xaedc, 0xaedc, 0xaedc, 0xaedc, 0xaedc, 0xaedc, 0xaedc, 0xaedc, 
	0xaedc, 0xaedc, 0xaedc, 0xaedc, 0xaedc, 0xaedc, 0xaedc, 0xaedc, 0xaedc, 0xaedc, 0xaedc, 0xaedc, 0xaedc, 0xaedc, 0xaedc, 0xaedc, 
	0xaedc, 0xaedc, 0xaedc, 0xaedc, 0xaedc, 0xaedc, 0xaedc, 0xaedc, 0xaedc, 0xaedc, 0xaedc, 0xaedc, 0xaedc, 0xaedc, 0xaedc, 0xaedc, 
	0xaedc, 0xaedc, 0xaedc, 0xaedc, 0xaedc, 0xaedc, 0xaedc, 0xaedc, 0xaedc, 0xaedc, 0xaedc, 0xaedc, 0xaedc, 0xaedc, 0xaedc, 0xaedc, 
	0xaedc, 0xaedc, 0xaedc, 0xaedc, 0xaedc, 0xaedc, 0xaedc, 0xaedc, 0xaedc, 0xaedc, 0xaedc, 0xaedc, 0xaedc, 0xaedc, 0xaedc, 0xaedc, 
	0xaedc, 0xaedc, 0xaedc, 0xaedc, 0xaedc, 0xaedc, 0xaedc, 0xaedc, 0xaedc, 0xaedc, 0xaedc, 0xaedc, 0xaedc, 0xaedc, 0xaedc, 0xaedc, 
	0xaedc, 0xaedc, 0xaedc, 0xaedc, 0xaedc, 0xaedc, 0xaedc, 0xaedc, 0xaedc, 0xaedc, 0xaedc, 0xaedc, 0xaedc, 0xaedc, 0xaedc, 0xaedc, 
	0xaedc, 0xaedc, 0xaedc, 0xaedc, 0xaedc, 0xaedc, 0xaedc, 0xaedc, 0xaedc, 0xaedc, 0xaedc, 0xaedc, 0xaedc, 0xaedc, 0xaedc, 0xaedc, 
	0xaedc, 0xaedc, 0xaedc, 0xaedc, 0xaedc, 0xaedc, 0xaedc, 0xaedc, 0xaedc, 0xaedc, 0xaedc, 0xaedc, 0xaedc, 0xaedc, 0xaedc, 0xaedc, 
	0xaedc, 0xaedc, 0xaedc, 0xaedc, 0xaedc, 0xaedc, 0xaedc, 0xaedc, 0xaedc, 0xaedc, 0xaedc, 0xaedc, 0xaedc, 0xaedc, 0xaedc, 0xaedc, 
	0xaedc, 0xaedc, 0xaedc, 0xaedc, 0xaedc, 0xaedc, 0xaedc, 0xaedc, 0xaedc, 0xaedc, 0xaedc, 0xaedc, 0xaedc, 0xaedc, 0xaedc, 0xaedc, 
	0xaedc, 0xaedc, 0xaedc, 0xaedc, 0xaedc, 0xaedc, 0xaedc, 0xaedc, 0xaedc, 0xaedc, 0xaedc, 0xaedc, 0xaedc, 0xaedc, 0xaedc, 0xaedc, 
	0xaedc, 0xaedc, 0xaedc, 0xaedc, 0xaedc, 0xaedc, 0xaedc, 0xaedc, 0xaedc, 0xaedc, 0xaedc, 0xaedc, 0xaedc, 0xaedc, 0xaedc, 0xaedc, 
	0xaedc, 0xaedc, 0xaedc, 0xaedc, 0xaedc, 0xaedc, 0xaedc, 0xaedc, 0xaedc, 0xaedc, 0xaedc, 0xaedc, 0xaedc, 0xaedc, 0xaedc, 0xaedc, 
	0xaedc, 0xaedc, 0xaedc, 0xaedc, 0xaedc, 0xaedc, 0xaedc, 0xaedc, 0xaedc, 0xaedc, 0xaedc, 0xaedc, 0xaedc, 0xaedc, 0xaedc, 0xaedc, 
	0xaedc, 0xaedc, 0xaedc, 0xaedc, 0xaedc, 0xaedc, 0xaedc, 0xaedc, 0xaedc, 0xaedc, 0xaedc, 0xaedc, 0xaedc, 0xaedc, 0xaedc, 0xaedc, 
	0xaedc, 0xaedc, 0xaedc, 0xaedc, 0xaedc, 0xaedc, 0xaedc, 0xaedc, 0xaedc, 0xaedc, 0xaedc, 0xaedc, 0xaedc, 0xaedc, 0xaedc, 0xaedc, 
	0xaedc, 0xaedc, 0xaedc, 0xaedc, 0xaedc, 0xaedc, 0xaedc, 0xaedc, 0xaedc, 0xaedc, 0xaedc, 0xaedc, 0xaedc, 0xaedc, 0xaedc, 0xaedc, 
	0xaedc, 0xaedc, 0xaedc, 0xaedc, 0xaedc, 0xaedc, 0xaedc, 0xaedc, 0xaedc, 0xaedc, 0xaedc, 0xaedc, 0xaedc, 0xaedc, 0xaedc, 0xaedc, 
	0xaedc, 0xaedc, 0xaedc, 0xaedc, 0xaedc, 0xaedc, 0xaedc, 0xaedc, 0xaedc, 0xaedc, 0xaedc, 0xaedc, 0xaedc, 0xaedc, 0xaedc, 0xaedc, 
	0xaedc, 0xaedc, 0xaedc, 0xaedc, 0xaedc, 0xaedc, 0xaedc, 0xaedc, 0xaedc, 0xaedc, 0xaedc, 0xaedc, 0xaedc, 0xaedc, 0xaedc, 0xaedc, 
	0xaedc, 0xaedc, 0xaedc, 0xaedc, 0xaedc, 0xaedc, 0xaedc, 0xaedc, 0xaedc, 0xaedc, 0xaedc, 0xaedc, 0xaedc, 0xaedc, 0xaedc, 0xaedc, 
	0xaedc, 0xaedc, 0xaedc, 0xaedc, 0xaedc, 0xaedc, 0xaedc, 0xaedc, 0xaedc, 0xaedc, 0xaedc, 0xaedc, 0xaedc, 0xaedc, 0xaedc, 0xaedc, 
	0xaedc, 0xaedc, 0xaedc, 0xaedc, 0xaedc, 0xaedc, 0xaedc, 0xaedc, 0xaedc, 0xaedc, 0xaedc, 0xaedc, 0xaedc, 0xaedc, 0xaedc, 0xaedc, 
	0xaedc, 0xaedc, 0xaedc, 0xaedc, 0xaedc, 0xaedc, 0xaedc, 0xaedc, 0xaedc, 0xaedc, 0xaedc, 0xaedc, 0xaedc, 0xaedc, 0xaedc, 0xaedc, 
	0xaedc, 0xaedc, 0xaedc, 0xaedc, 0xaedc, 0xaedc, 0xaedc, 0xaedc, 0xaedc, 0xaedc, 0xaedc, 0xaedc, 0xaedc, 0xaedc, 0xaedc, 0xaedc, 
	0xaedc, 0xaedc, 0xaedc, 0xaedc, 0xaedc, 0xaedc, 0xaedc, 0xaedc, 0xaedc, 0xaedc, 0xaedc, 0xaedc, 0xaedc, 0xaedc, 0xaedc, 0xaedc, 
	0xaedc, 0xaedc, 0xaedc, 0xaedc, 0xaedc, 0xaedc, 0xaedc, 0xaedc, 0xaedc, 0xaedc, 0xaedc, 0xaedc, 0xaedc, 0xaedc, 0xaedc, 0xaedc, 
	0xaedc, 0xaedc, 0xaedc, 0xaedc, 0xaedc, 0xaedc, 0xaedc, 0xaedc, 0xaedc, 0xaedc, 0xaedc, 0xaedc, 0xaedc, 0xaedc, 0xaedc, 0xaedc, 
	0xaedc, 0xaedc, 0xaedc, 0xaedc, 0xaedc, 0xaedc, 0xaedc, 0xaedc, 0xaedc, 0xaedc, 0xaedc, 0xaedc, 0xaedc, 0xaedc, 0xaedc, 0xaedc, 
	0xaedc, 0xaedc, 0xaedc, 0xaedc, 0xaedc, 0xaedc, 0xaedc, 0xaedc, 0xaedc, 0xaedc, 0xaedc, 0xaedc, 0xaedc, 0xaedc, 0xaedc, 0xaedc, 
	0xaedc, 0xaedc, 0xaedc, 0xaedc, 0xaedc, 0xaedc, 0xaedc, 0xaedc, 0xaedc, 0xaedc, 0xaedc, 0xaedc, 0xaedc, 0xaedc, 0xaedc, 0xaedc, 
	0xaedc, 0xaedc, 0xaedc, 0xaedc, 0xaedc, 0xaedc, 0xaedc, 0xaedc, 0xaedc, 0xaedc, 0xaedc, 0xaedc, 0xaedc, 0xaedc, 0xaedc, 0xaedc, 
	0xaedc, 0xaedc, 0xaedc, 0xaedc, 0xaedc, 0xaedc, 0xaedc, 0xaedc, 0xaedc, 0xaedc, 0xaedc, 0xaedc, 0xaedc, 0xaedc, 0xaedc, 0xaedc, 
	0xaedc, 0xaedc, 0xaedc, 0xaedc, 0xaedc, 0xaedc, 0xaedc, 0xaedc, 0xaedc, 0xaedc, 0xaedc, 0xaedc, 0xaedc, 0xaedc, 0xaedc, 0xaedc, 
	0xaedc, 0xaedc, 0xaedc, 0xaedc, 0xaedc, 0xaedc, 0xaedc, 0xaedc, 0xaedc, 0xaedc, 0xaedc, 0xaedc, 0xaedc, 0xaedc, 0xaedc, 0xaedc, 
	0xaedc, 0xaedc, 0xaedc, 0xaedc, 0xaedc, 0xaedc, 0xaedc, 0xaedc, 0xaedc, 0xaedc, 0xaedc, 0xaedc, 0xaedc, 0xaedc, 0xaedc, 0xaedc, 
	0xaedc, 0xaedc, 0xaedc, 0xaedc, 0xaedc, 0xaedc, 0xaedc, 0xaedc, 0xaedc, 0xaedc, 0xaedc, 0xaedc, 0xaedc, 0xaedc, 0xaedc, 0xaedc, 
	0xaedc, 0xaedc, 0xaedc, 0xaedc, 0xaedc, 0xaedc, 0xaedc, 0xaedc, 0xaedc, 0xaedc, 0xaedc, 0xaedc, 0xaedc, 0xaedc, 0xaedc, 0xaedc, 
	0xaedc, 0xaedc, 0xaedc, 0xaedc, 0xaedc, 0xaedc, 0xaedc, 0xaedc, 0xaedc, 0xaedc, 0xaedc, 0xaedc, 0xaedc, 0xaedc, 0xaedc, 0xaedc, 
	0xaedc, 0xaedc, 0xaedc, 0xaedc, 0xaedc, 0xaedc, 0xaedc, 0xaedc, 0xaedc, 0xaedc, 0xaedc, 0xaedc, 0xaedc, 0xaedc, 0xaedc, 0xaedc, 
	0xaedc, 0xaedc, 0xaedc, 0xaedc, 0xaedc, 0xaedc, 0xaedc, 0xaedc, 0xaedc, 0xaedc, 0xaedc, 0xaedc, 0xaedc, 0xaedc, 0xaedc, 0xaedc, 
	0xaedc, 0xaedc, 0xaedc, 0xaedc, 0xaedc, 0xaedc, 0xaedc, 0xaedc, 0xaedc, 0xaedc, 0xaedc, 0xaedc, 0xaedc, 0xaedc, 0xaedc, 0xaedc, 
	0xaedc, 0xaedc, 0xaedc, 0xaedc, 0xaedc, 0xaedc, 0xaedc, 0xaedc, 0xaedc, 0xaedc, 0xaedc, 0xaedc, 0xaedc, 0xaedc, 0xaedc, 0xaedc, 
	0xaedc, 0xaedc, 0xaedc, 0xaedc, 0xaedc, 0xaedc, 0xaedc, 0xaedc, 0xaedc, 0xaedc, 0xaedc, 0xaedc, 0xaedc, 0xaedc, 0xaedc, 0xaedc, 
	0xaedc, 0xaedc, 0xaedc, 0xaedc, 0xaedc, 0xaedc, 0xaedc, 0xaedc, 0xaedc, 0xaedc, 0xaedc, 0xaedc, 0xaedc, 0xaedc, 0xaedc, 0xaedc, 
	0xaedc, 0xaedc, 0xaedc, 0xaedc, 0xaedc, 0xaedc, 0xaedc, 0xaedc, 0xaedc, 0xaedc, 0xaedc, 0xaedc, 0xaedc, 0xaedc, 0xaedc, 0xaedc, 
	0xaedc, 0xaedc, 0xaedc, 0xaedc, 0xaedc, 0xaedc, 0xaedc, 0xaedc, 0xaedc, 0xaedc, 0xaedc, 0xaedc, 0xaedc, 0xaedc, 0xaedc, 0xaedc, 
	0xaedc, 0xaedc, 0xaedc, 0xaedc, 0xaedc, 0xaedc, 0xaedc, 0xaedc, 0xaedc, 0xaedc, 0xaedc, 0xaedc, 0xaedc, 0xaedc, 0xaedc, 0xaedc, 
	0xaedc, 0xaedc, 0xaedc, 0xaedc, 0xaedc, 0xaedc, 0xaedc, 0xaedc, 0xaedc, 0xaedc, 0xaedc, 0xaedc, 0xaedc, 0xaedc, 0xaedc, 0xaedc, 
	0xaedc, 0xaedc, 0xaedc, 0xaedc, 0xaedc, 0xaedc, 0xaedc, 0xaedc, 0xaedc, 0xaedc, 0xaedc, 0xaedc, 0xaedc, 0xaedc, 0xaedc, 0xaedc, 
	0xaedc, 0xaedc, 0xaedc, 0xaedc, 0xaedc, 0xaedc, 0xaedc, 0xaedc, 0xaedc, 0xaedc, 0xaedc, 0xaedc, 0xaedc, 0xaedc, 0xaedc, 0xaedc, 
	0xaedc, 0xaedc, 0xaedc, 0xaedc, 0xaedc, 0xaedc, 0xaedc, 0xaedc, 0xaedc, 0xaedc, 0xaedc, 0xaedc, 0xaedc, 0xaedc, 0xaedc, 0xaedc, 
	0xaedc, 0xaedc, 0xaedc, 0xaedc, 0xaedc, 0xaedc, 0xaedc, 0xaedc, 0xaedc, 0xaedc, 0xaedc, 0xaedc, 0xaedc, 0xaedc, 0xaedc, 0xaedc, 
	0xaedc, 0xaedc, 0xaedc, 0xaedc, 0xaedc, 0xaedc, 0xaedc, 0xaedc, 0xaedc, 0xaedc, 0xaedc, 0xaedc, 0xaedc, 0xaedc, 0xaedc, 0xaedc, 
	0xaedc, 0xaedc, 0xaedc, 0xaedc, 0xaedc, 0xaedc, 0xaedc, 0xaedc, 0xaedc, 0xaedc, 0xaedc, 0xaedc, 0xaedc, 0xaedc, 0xaedc, 0xaedc, 
	0xaedc, 0xaedc, 0xaedc, 0xaedc, 0xaedc, 0xaedc, 0xaedc, 0xaedc, 0xaedc, 0xaedc, 0xaedc, 0xaedc, 0xaedc, 0xaedc, 0xaedc, 0xaedc, 
	0xaedc, 0xaedc, 0xaedc, 0xaedc, 0xaedc, 0xaedc, 0xaedc, 0xaedc, 0xaedc, 0xaedc, 0xaedc, 0xaedc, 0xaedc, 0xaedc, 0xaedc, 0xaedc, 
	0xaedc, 0xaedc, 0xaedc, 0xaedc, 0xaedc, 0xaedc, 0xaedc, 0xaedc, 0xaedc, 0xaedc, 0xaedc, 0xaedc, 0xaedc, 0xaedc, 0xaedc, 0xaedc, 
	0xaedc, 0xaedc, 0xaedc, 0xaedc, 0xaedc, 0xaedc, 0xaedc, 0xaedc, 0xaedc, 0xaedc, 0xaedc, 0xaedc, 0xaedc, 0xaedc, 0xaedc, 0xaedc, 
	0xaedc, 0xaedc, 0xaedc, 0xaedc, 0xaedc, 0xaedc, 0xaedc, 0xaedc, 0xaedc, 0xaedc, 0xaedc, 0xaedc, 0xaedc, 0xaedc, 0xaedc, 0xaedc, 
	0xaedc, 0xaedc, 0xaedc, 0xaedc, 0xaedc, 0xaedc, 0xaedc, 0xaedc, 0xaedc, 0xaedc, 0xaedc, 0xaedc, 0xaedc, 0xaedc, 0xaedc, 0xaedc, 
	0xaedc, 0xaedc, 0xaedc, 0xaedc, 0xaedc, 0xaedc, 0xaedc, 0xaedc, 0xaedc, 0xaedc, 0xaedc, 0xaedc, 0xaedc, 0xaedc, 0xaedc, 0xaedc, 
	0xaedc, 0xaedc, 0xaedc, 0xaedc, 0xaedc, 0xaedc, 0xaedc, 0xaedc, 0xaedc, 0xaedc, 0xaedc, 0xaedc, 0xaedc, 0xaedc, 0xaedc, 0xaedc, 
	0xaedc, 0xaedc, 0xaedc, 0xaedc, 0xaedc, 0xaedc, 0xaedc, 0xaedc, 0xaedc, 0xaedc, 0xaedc, 0xaedc, 0xaedc, 0xaedc, 0xaedc, 0xaedc, 
	0xaedc, 0xaedc, 0xaedc, 0xaedc, 0xaedc, 0xaedc, 0xaedc, 0xaedc, 0xaedc, 0xaedc, 0xaedc, 0xaedc, 0xaedc, 0xaedc, 0xaedc, 0xaedc, 
	0xaedc, 0xaedc, 0xaedc, 0xaedc, 0xaedc, 0xaedc, 0xaedc, 0xaedc, 0xaedc, 0xaedc, 0xaedc, 0xaedc, 0xaedc, 0xaedc, 0xaedc, 0xaedc, 
	0xaedc, 0xaedc, 0xaedc, 0xaedc, 0xaedc, 0xaedc, 0xaedc, 0xaedc, 0xaedc, 0xaedc, 0xaedc, 0xaedc, 0xaedc, 0xaedc, 0xaedc, 0xaedc, 
	0xaedc, 0xaedc, 0xaedc, 0xaedc, 0xaedc, 0xaedc, 0xaedc, 0xaedc, 0xaedc, 0xaedc, 0xaedc, 0xaedc, 0xaedc, 0xaedc, 0xaedc, 0xaedc, 
	0xaedc, 0xaedc, 0xaedc, 0xaedc, 0xaedc, 0xaedc, 0xaedc, 0xaedc, 0xaedc, 0xaedc, 0xaedc, 0xaedc, 0xaedc, 0xaedc, 0xaedc, 0xaedc, 
	0xaedc, 0xaedc, 0xaedc, 0xaedc, 0xaedc, 0xaedc, 0xaedc, 0xaedc, 0xaedc, 0xaedc, 0xaedc, 0xaedc, 0xaedc, 0xaedc, 0xaedc, 0xaedc, 
	0xaedc, 0xaedc, 0xaedc, 0xaedc, 0xaedc, 0xaedc, 0xaedc, 0xaedc, 0xaedc, 0xaedc, 0xaedc, 0xaedc, 0xaedc, 0xaedc, 0xaedc, 0xaedc, 
	0xaedc, 0xaedc, 0xaedc, 0xaedc, 0xaedc, 0xaedc, 0xaedc, 0xaedc, 0xaedc, 0xaedc, 0xaedc, 0xaedc, 0xaedc, 0xaedc, 0xaedc, 0xaedc, 
	0xaedc, 0xaedc, 0xaedc, 0xaedc, 0xaedc, 0xaedc, 0xaedc, 0xaedc, 0xaedc, 0xaedc, 0xaedc, 0xaedc, 0xaedc, 0xaedc, 0xaedc, 0xaedc, 
	0xaedc, 0xaedc, 0xaedc, 0xaedc, 0xaedc, 0xaedc, 0xaedc, 0xaedc, 0xaedc, 0xaedc, 0xaedc, 0xaedc, 0xaedc, 0xaedc, 0xaedc, 0xaedc, 
	0xaedc, 0xaedc, 0xaedc, 0xaedc, 0xaedc, 0xaedc, 0xaedc, 0xaedc, 0xaedc, 0xaedc, 0xaedc, 0xaedc, 0xaedc, 0xaedc, 0xaedc, 0xaedc, 
	0xaedc, 0xaedc, 0xaedc, 0xaedc, 0xaedc, 0xaedc, 0xaedc, 0xaedc, 0xaedc, 0xaedc, 0xaedc, 0xaedc, 0xaedc, 0xaedc, 0xaedc, 0xaedc, 
	0xaedc, 0xaedc, 0xaedc, 0xaedc, 0xaedc, 0xaedc, 0xaedc, 0xaedc, 0xaedc, 0xaedc, 0xaedc, 0xaedc, 0xaedc, 0xaedc, 0xaedc, 0xaedc, 
	0xaedc, 0xaedc, 0xaedc, 0xaedc, 0xaedc, 0xaedc, 0xaedc, 0xaedc, 0xaedc, 0xaedc, 0xaedc, 0xaedc, 0xaedc, 0xaedc, 0xaedc, 0xaedc, 
	0xaedc, 0xaedc, 0xaedc, 0xaedc, 0xaedc, 0xaedc, 0xaedc, 0xaedc, 0xaedc, 0xaedc, 0xaedc, 0xaedc, 0xaedc, 0xaedc, 0xaedc, 0xaedc, 
	0xaedc, 0xaedc, 0xaedc, 0xaedc, 0xaedc, 0xaedc, 0xaedc, 0xaedc, 0xaedc, 0xaedc, 0xaedc, 0xaedc, 0xaedc, 0xaedc, 0xaedc, 0xaedc, 
	0xaedc, 0xaedc, 0xaedc, 0xaedc, 0xaedc, 0xaedc, 0xaedc, 0xaedc, 0xaedc, 0xaedc, 0xaedc, 0xaedc, 0xaedc, 0xaedc, 0xaedc, 0xaedc, 
	0xaedc, 0xaedc, 0xaedc, 0xaedc, 0xaedc, 0xaedc, 0xaedc, 0xaedc, 0xaedc, 0xaedc, 0xaedc, 0xaedc, 0xaedc, 0xaedc, 0xaedc, 0xaedc, 
	0xaedc, 0xaedc, 0xaedc, 0xaedc, 0xaedc, 0xaedc, 0xaedc, 0xaedc, 0xaedc, 0xaedc, 0xaedc, 0xaedc, 0xaedc, 0xaedc, 0xaedc, 0xaedc, 
	0xaedc, 0xaedc, 0xaedc, 0xaedc, 0xaedc, 0xaedc, 0xaedc, 0xaedc, 0xaedc, 0xaedc, 0xaedc, 0xaedc, 0xaedc, 0xaedc, 0xaedc, 0xaedc, 
	0xaedc, 0xaedc, 0xaedc, 0xaedc, 0xaedc, 0xaedc, 0xaedc, 0xaedc, 0xaedc, 0xaedc, 0xaedc, 0xaedc, 0xaedc, 0xaedc, 0xaedc, 0xaedc, 
	0xaedc, 0xaedc, 0xaedc, 0xaedc, 0xaedc, 0xaedc, 0xaedc, 0xaedc, 0xaedc, 0xaedc, 0xaedc, 0xaedc, 0xaedc, 0xaedc, 0xaedc, 0xaedc, 
	0xaedc, 0xaedc, 0xaedc, 0xaedc, 0xaedc, 0xaedc, 0xaedc, 0xaedc, 0xaedc, 0xaedc, 0xaedc, 0xaedc, 0xaedc, 0xaedc, 0xaedc, 0xaedc, 
	0xaedc, 0xaedc, 0xaedc, 0xaedc, 0xaedc, 0xaedc, 0xaedc, 0xaedc, 0xaedc, 0xaedc, 0xaedc, 0xaedc, 0xaedc, 0xaedc, 0xaedc, 0xaedc, 
	0xaedc, 0xaedc, 0xaedc, 0xaedc, 0xaedc, 0xaedc, 0xaedc, 0xaedc, 0xaedc, 0xaedc, 0xaedc, 0xaedc, 0xaedc, 0xaedc, 0xaedc, 0xaedc, 
	0xaedc, 0xaedc, 0xaedc, 0xaedc, 0xaedc, 0xaedc, 0xaedc, 0xaedc, 0xaedc, 0xaedc, 0xaedc, 0xaedc, 0xaedc, 0xaedc, 0xaedc, 0xaedc, 
	0xaedc, 0xaedc, 0xaedc, 0xaedc, 0xaedc, 0xaedc, 0xaedc, 0xaedc, 0xaedc, 0xaedc, 0xaedc, 0xaedc, 0xaedc, 0xaedc, 0xaedc, 0xaedc, 
	0xaedc, 0xaedc, 0xaedc, 0xaedc, 0xaedc, 0xaedc, 0xaedc, 0xaedc, 0xaedc, 0xaedc, 0xaedc, 0xaedc, 0xaedc, 0xaedc, 0xaedc, 0xaedc, 
	0xaedc, 0xaedc, 0xaedc, 0xaedc, 0xaedc, 0xaedc, 0xaedc, 0xaedc, 0xaedc, 0xaedc, 0xaedc, 0xaedc, 0xaedc, 0xaedc, 0xaedc, 0xaedc, 
	0xaedc, 0xaedc, 0xaedc, 0xaedc, 0xaedc, 0xaedc, 0xaedc, 0xaedc, 0xaedc, 0xaedc, 0xaedc, 0xaedc, 0xaedc, 0xaedc, 0xaedc, 0xaedc, 
	0xaedc, 0xaedc, 0xaedc, 0xaedc, 0xaedc, 0xaedc, 0xaedc, 0xaedc, 0xaedc, 0xaedc, 0xaedc, 0xaedc, 0xaedc, 0xaedc, 0xaedc, 0xaedc, 
	0xaedc, 0xaedc, 0xaedc, 0xaedc, 0xaedc, 0xaedc, 0xaedc, 0xaedc, 0xaedc, 0xaedc, 0xaedc, 0xaedc, 0xaedc, 0xaedc, 0xaedc, 0xaedc, 
	0xaedc, 0xaedc, 0xaedc, 0xaedc, 0xaedc, 0xaedc, 0xaedc, 0xaedc, 0xaedc, 0xaedc, 0xaedc, 0xaedc, 0xaedc, 0xaedc, 0xaedc, 0xaedc, 
	0xaedc, 0xaedc, 0xaedc, 0xaedc, 0xaedc, 0xaedc, 0xaedc, 0xaedc, 0xaedc, 0xaedc, 0xaedc, 0xaedc, 0xaedc, 0xaedc, 0xaedc, 0xaedc, 
	0xaedc, 0xaedc, 0xaedc, 0xaedc, 0xaedc, 0xaedc, 0xaedc, 0xaedc, 0xaedc, 0xaedc, 0xaedc, 0xaedc, 0xaedc, 0xaedc, 0xaedc, 0xaedc, 
	0xaedc, 0xaedc, 0xaedc, 0xaedc, 0xaedc, 0xaedc, 0xaedc, 0xaedc, 0xaedc, 0xaedc, 0xaedc, 0xaedc, 0xaedc, 0xaedc, 0xaedc, 0xaedc, 
	0xaedc, 0xaedc, 0xaedc, 0xaedc, 0xaedc, 0xaedc, 0xaedc, 0xaedc, 0xaedc, 0xaedc, 0xaedc, 0xaedc, 0xaedc, 0xaedc, 0xaedc, 0xaedc, 
	0xaedc, 0xaedc, 0xaedc, 0xaedc, 0xaedc, 0xaedc, 0xaedc, 0xaedc, 0xaedc, 0xaedc, 0xaedc, 0xaedc, 0xaedc, 0xaedc, 0xaedc, 0xaedc, 
	0xaedc, 0xaedc, 0xaedc, 0xaedc, 0xaedc, 0xaedc, 0xaedc, 0xaedc, 0xaedc, 0xaedc, 0xaedc, 0xaedc, 0xaedc, 0xaedc, 0xaedc, 0xaedc, 
	0xaedc, 0xaedc, 0xaedc, 0xaedc, 0xaedc, 0xaedc, 0xaedc, 0xaedc, 0xaedc, 0xaedc, 0xaedc, 0xaedc, 0xaedc, 0xaedc, 0xaedc, 0xaedc, 
	0xaedc, 0xaedc, 0xaedc, 0xaedc, 0xaedc, 0xaedc, 0xaedc, 0xaedc, 0xaedc, 0xaedc, 0xaedc, 0xaedc, 0xaedc, 0xaedc, 0xaedc, 0xaedc, 
	0xaedc, 0xaedc, 0xaedc, 0xaedc, 0xaedc, 0xaedc, 0xaedc, 0xaedc, 0xaedc, 0xaedc, 0xaedc, 0xaedc, 0xaedc, 0xaedc, 0xaedc, 0xaedc, 
	0xaedc, 0xaedc, 0xaedc, 0xaedc, 0xaedc, 0xaedc, 0xaedc, 0xaedc, 0xaedc, 0xaedc, 0xaedc, 0xaedc, 0xaedc, 0xaedc, 0xaedc, 0xaedc, 
	0xaedc, 0xaedc, 0xaedc, 0xaedc, 0xaedc, 0xaedc, 0xaedc, 0xaedc, 0xaedc, 0xaedc, 0xaedc, 0xaedc, 0xaedc, 0xaedc, 0xaedc, 0xaedc, 
	0xaedc, 0xaedc, 0xaedc, 0xaedc, 0xaedc, 0xaedc, 0xaedc, 0xaedc, 0xaedc, 0xaedc, 0xaedc, 0xaedc, 0xaedc, 0xaedc, 0xaedc, 0xaedc, 
	0xaedc, 0xaedc, 0xaedc, 0xaedc, 0xaedc, 0xaedc, 0xaedc, 0xaedc, 0xaedc, 0xaedc, 0xaedc, 0xaedc, 0xaedc, 0xaedc, 0xaedc, 0xaedc, 
	0xaedc, 0xaedc, 0xaedc, 0xaedc, 0xaedc, 0xaedc, 0xaedc, 0xaedc, 0xaedc, 0xaedc, 0xaedc, 0xaedc, 0xaedc, 0xaedc, 0xaedc, 0xaedc, 
	0xaedc, 0xaedc, 0xaedc, 0xaedc, 0xaedc, 0xaedc, 0xaedc, 0xaedc, 0xaedc, 0xaedc, 0xaedc, 0xaedc, 0xaedc, 0xaedc, 0xaedc, 0xaedc, 
	0xaedc, 0xaedc, 0xaedc, 0xaedc, 0xaedc, 0xaedc, 0xaedc, 0xaedc, 0xaedc, 0xaedc, 0xaedc, 0xaedc, 0xaedc, 0xaedc, 0xaedc, 0xaedc, 
	0xaedc, 0xaedc, 0xaedc, 0xaedc, 0xaedc, 0xaedc, 0xaedc, 0xaedc, 0xaedc, 0xaedc, 0xaedc, 0xaedc, 0xaedc, 0xaedc, 0xaedc, 0xaedc, 
	0xaedc, 0xaedc, 0xaedc, 0xaedc, 0xaedc, 0xaedc, 0xaedc, 0xaedc, 0xaedc, 0xaedc, 0xaedc, 0xaedc, 0xaedc, 0xaedc, 0xaedc, 0xaedc, 
	0xaedc, 0xaedc, 0xaedc, 0xaedc, 0xaedc, 0xaedc, 0xaedc, 0xaedc, 0xaedc, 0xaedc, 0xaedc, 0xaedc, 0xaedc, 0xaedc, 0xaedc, 0xaedc, 
	0xaedc, 0xaedc, 0xaedc, 0xaedc, 0xaedc, 0xaedc, 0xaedc, 0xaedc, 0xaedc, 0xaedc, 0xaedc, 0xaedc, 0xaedc, 0xaedc, 0xaedc, 0xaedc, 
	0xaedc, 0xaedc, 0xaedc, 0xaedc, 0xaedc, 0xaedc, 0xaedc, 0xaedc, 0xaedc, 0xaedc, 0xaedc, 0xaedc, 0xaedc, 0xaedc, 0xaedc, 0xaedc, 
	0xaedc, 0xaedc, 0xaedc, 0xaedc, 0xaedc, 0xaedc, 0xaedc, 0xaedc, 0xaedc, 0xaedc, 0xaedc, 0xaedc, 0xaedc, 0xaedc, 0xaedc, 0xaedc, 
	0xaedc, 0xaedc, 0xaedc, 0xaedc, 0xaedc, 0xaedc, 0xaedc, 0xaedc, 0xaedc, 0xaedc, 0xaedc, 0xaedc, 0xaedc, 0xaedc, 0xaedc, 0xaedc, 
	0xaedc, 0xaedc, 0xaedc, 0xaedc, 0xaedc, 0xaedc, 0xaedc, 0xaedc, 0xaedc, 0xaedc, 0xaedc, 0xaedc, 0xaedc, 0xaedc, 0xaedc, 0xaedc, 
	0xaedc, 0xaedc, 0xaedc, 0xaedc, 0xaedc, 0xaedc, 0xaedc, 0xaedc, 0xaedc, 0xaedc, 0xaedc, 0xaedc, 0xaedc, 0xaedc, 0xaedc, 0xaedc, 
	0xaedc, 0xaedc, 0xaedc, 0xaedc, 0xaedc, 0xaedc, 0xaedc, 0xaedc, 0xaedc, 0xaedc, 0xaedc, 0xaedc, 0xaedc, 0xaedc, 0xaedc, 0xaedc, 
	0xaedc, 0xaedc, 0xaedc, 0xaedc, 0xaedc, 0xaedc, 0xaedc, 0xaedc, 0xaedc, 0xaedc, 0xaedc, 0xaedc, 0xaedc, 0xaedc, 0xaedc, 0xaedc, 
	0xaedc, 0xaedc, 0xaedc, 0xaedc, 0xaedc, 0xaedc, 0xaedc, 0xaedc, 0xaedc, 0xaedc, 0xaedc, 0xaedc, 0xaedc, 0xaedc, 0xaedc, 0xaedc, 
	0xaedc, 0xaedc, 0xaedc, 0xaedc, 0xaedc, 0xaedc, 0xaedc, 0xaedc, 0xaedc, 0xaedc, 0xaedc, 0xaedc, 0xaedc, 0xaedc, 0xaedc, 0xaedc, 
	0xaedc, 0xaedc, 0xaedc, 0xaedc, 0xaedc, 0xaedc, 0xaedc, 0xaedc, 0xaedc, 0xaedc, 0xaedc, 0xaedc, 0xaedc, 0xaedc, 0xaedc, 0xaedc, 
	0xaedc, 0xaedc, 0xaedc, 0xaedc, 0xaedc, 0xaedc, 0xaedc, 0xaedc, 0xaedc, 0xaedc, 0xaedc, 0xaedc, 0xaedc, 0xaedc, 0xaedc, 0xaedc, 
	0xaedc, 0xaedc, 0xaedc, 0xaedc, 0xaedc, 0xaedc, 0xaedc, 0xaedc, 0xaedc, 0xaedc, 0xaedc, 0xaedc, 0xaedc, 0xaedc, 0xaedc, 0xaedc, 
	0xaedc, 0xaedc, 0xaedc, 0xaedc, 0xaedc, 0xaedc, 0xaedc, 0xaedc, 0xaedc, 0xaedc, 0xaedc, 0xaedc, 0xaedc, 0xaedc, 0xaedc, 0xaedc, 
	0xaedc, 0xaedc, 0xaedc, 0xaedc, 0xaedc, 0xaedc, 0xaedc, 0xaedc, 0xaedc, 0xaedc, 0xaedc, 0xaedc, 0xaedc, 0xaedc, 0xaedc, 0xaedc, 
	0xaedc, 0xaedc, 0xaedc, 0xaedc, 0xaedc, 0xaedc, 0xaedc, 0xaedc, 0xaedc, 0xaedc, 0xaedc, 0xaedc, 0xaedc, 0xaedc, 0xaedc, 0xaedc, 
	0xaedc, 0xaedc, 0xaedc, 0xaedc, 0xaedc, 0xaedc, 0xaedc, 0xaedc, 0xaedc, 0xaedc, 0xaedc, 0xaedc, 0xaedc, 0xaedc, 0xaedc, 0xaedc, 
	0xaedc, 0xaedc, 0xaedc, 0xaedc, 0xaedc, 0xaedc, 0xaedc, 0xaedc, 0xaedc, 0xaedc, 0xaedc, 0xaedc, 0xaedc, 0xaedc, 0xaedc, 0xaedc, 
	0xaedc, 0xaedc, 0xaedc, 0xaedc, 0xaedc, 0xaedc, 0xaedc, 0xaedc, 0xaedc, 0xaedc, 0xaedc, 0xaedc, 0xaedc, 0xaedc, 0xaedc, 0xaedc, 
	0xaedc, 0xaedc, 0xaedc, 0xaedc, 0xaedc, 0xaedc, 0xaedc, 0xaedc, 0xaedc, 0xaedc, 0xaedc, 0xaedc, 0xaedc, 0xaedc, 0xaedc, 0xaedc, 
	0xaedc, 0xaedc, 0xaedc, 0xaedc, 0xaedc, 0xaedc, 0xaedc, 0xaedc, 0xaedc, 0xaedc, 0xaedc, 0xaedc, 0xaedc, 0xaedc, 0xaedc, 0xaedc, 
	0xaedc, 0xaedc, 0xaedc, 0xaedc, 0xaedc, 0xaedc, 0xaedc, 0xaedc, 0xaedc, 0xaedc, 0xaedc, 0xaedc, 0xaedc, 0xaedc, 0xaedc, 0xaedc, 
	0xaedc, 0xaedc, 0xaedc, 0xaedc, 0xaedc, 0xaedc, 0xaedc, 0xaedc, 0xaedc, 0xaedc, 0xaedc, 0xaedc, 0xaedc, 0xaedc, 0xaedc, 0xaedc, 
	0xaedc, 0xaedc, 0xaedc, 0xaedc, 0xaedc, 0xaedc, 0xaedc, 0xaedc, 0xaedc, 0xaedc, 0xaedc, 0xaedc, 0xaedc, 0xaedc, 0xaedc, 0xaedc, 
	0xaedc, 0xaedc, 0xaedc, 0xaedc, 0xaedc, 0xaedc, 0xaedc, 0xaedc, 0xaedc, 0xaedc, 0xaedc, 0xaedc, 0xaedc, 0xaedc, 0xaedc, 0xaedc, 
	0xaedc, 0xaedc, 0xaedc, 0xaedc, 0xaedc, 0xaedc, 0xaedc, 0xaedc, 0xaedc, 0xaedc, 0xaedc, 0xaedc, 0xaedc, 0xaedc, 0xaedc, 0xaedc, 
	0xaedc, 0xaedc, 0xaedc, 0xaedc, 0xaedc, 0xaedc, 0xaedc, 0xaedc, 0xaedc, 0xaedc, 0xaedc, 0xaedc, 0xaedc, 0xaedc, 0xaedc, 0xaedc, 
	0xaedc, 0xaedc, 0xaedc, 0xaedc, 0xaedc, 0xaedc, 0xaedc, 0xaedc, 0xaedc, 0xaedc, 0xaedc, 0xaedc, 0xaedc, 0xaedc, 0xaedc, 0xaedc, 
	0xaedc, 0xaedc, 0xaedc, 0xaedc, 0xaedc, 0xaedc, 0xaedc, 0xaedc, 0xaedc, 0xaedc, 0xaedc, 0xaedc, 0xaedc, 0xaedc, 0xaedc, 0xaedc, 
	0xaedc, 0xaedc, 0xaedc, 0xaedc, 0xaedc, 0xaedc, 0xaedc, 0xaedc, 0xaedc, 0xaedc, 0xaedc, 0xaedc, 0xaedc, 0xaedc, 0xaedc, 0xaedc, 
	0xaedc, 0xaedc, 0xaedc, 0xaedc, 0xaedc, 0xaedc, 0xaedc, 0xaedc, 0xaedc, 0xaedc, 0xaedc, 0xaedc, 0xaedc, 0xaedc, 0xaedc, 0xaedc, 
	0xaedc, 0xaedc, 0xaedc, 0xaedc, 0xaedc, 0xaedc, 0xaedc, 0xaedc, 0xaedc, 0xaedc, 0xaedc, 0xaedc, 0xaedc, 0xaedc, 0xaedc, 0xaedc, 
	0xaedc, 0xaedc, 0xaedc, 0xaedc, 0xaedc, 0xaedc, 0xaedc, 0xaedc, 0xaedc, 0xaedc, 0xaedc, 0xaedc, 0xaedc, 0xaedc, 0xaedc, 0xaedc, 
	0xaedc, 0xaedc, 0xaedc, 0xaedc, 0xaedc, 0xaedc, 0xaedc, 0xaedc, 0xaedc, 0xaedc, 0xaedc, 0xaedc, 0xaedc, 0xaedc, 0xaedc, 0xaedc, 
	0xaedc, 0xaedc, 0xaedc, 0xaedc, 0xaedc, 0xaedc, 0xaedc, 0xaedc, 0xaedc, 0xaedc, 0xaedc, 0xaedc, 0xaedc, 0xaedc, 0xaedc, 0xaedc, 
	0xaedc, 0xaedc, 0xaedc, 0xaedc, 0xaedc, 0xaedc, 0xaedc, 0xaedc, 0xaedc, 0xaedc, 0xaedc, 0xaedc, 0xaedc, 0xaedc, 0xaedc, 0xaedc, 
	0xaedc, 0xaedc, 0xaedc, 0xaedc, 0xaedc, 0xaedc, 0xaedc, 0xaedc, 0xaedc, 0xaedc, 0xaedc, 0xaedc, 0xaedc, 0xaedc, 0xaedc, 0xaedc, 
	0xaedc, 0xaedc, 0xaedc, 0xaedc, 0xaedc, 0xaedc, 0xaedc, 0xaedc, 0xaedc, 0xaedc, 0xaedc, 0xaedc, 0xaedc, 0xaedc, 0xaedc, 0xaedc, 
	0xaedc, 0xaedc, 0xaedc, 0xaedc, 0xaedc, 0xaedc, 0xaedc, 0xaedc, 0xaedc, 0xaedc, 0xaedc, 0xaedc, 0xaedc, 0xaedc, 0xaedc, 0xaedc, 
	0xaedc, 0xaedc, 0xaedc, 0xaedc, 0xaedc, 0xaedc, 0xaedc, 0xaedc, 0xaedc, 0xaedc, 0xaedc, 0xaedc, 0xaedc, 0xaedc, 0xaedc, 0xaedc, 
	0xaedc, 0xaedc, 0xaedc, 0xaedc, 0xaedc, 0xaedc, 0xaedc, 0xaedc, 0xaedc, 0xaedc, 0xaedc, 0xaedc, 0xaedc, 0xaedc, 0xaedc, 0xaedc, 
	0xaedc, 0xaedc, 0xaedc, 0xaedc, 0xaedc, 0xaedc, 0xaedc, 0xaedc, 0xaedc, 0xaedc, 0xaedc, 0xaedc, 0xaedc, 0xaedc, 0xaedc, 0xaedc, 
	0xaedc, 0xaedc, 0xaedc, 0xaedc, 0xaedc, 0xaedc, 0xaedc, 0xaedc, 0xaedc, 0xaedc, 0xaedc, 0xaedc, 0xaedc, 0xaedc, 0xaedc, 0xaedc, 
	0xaedc, 0xaedc, 0xaedc, 0xaedc, 0xaedc, 0xaedc, 0xaedc, 0xaedc, 0xaedc, 0xaedc, 0xaedc, 0xaedc, 0xaedc, 0xaedc, 0xaedc, 0xaedc, 
	0xaedc, 0xaedc, 0xaedc, 0xaedc, 0xaedc, 0xaedc, 0xaedc, 0xaedc, 0xaedc, 0xaedc, 0xaedc, 0xaedc, 0xaedc, 0xaedc, 0xaedc, 0xaedc, 
	0xaedc, 0xaedc, 0xaedc, 0xaedc, 0xaedc, 0xaedc, 0xaedc, 0xaedc, 0xaedc, 0xaedc, 0xaedc, 0xaedc, 0xaedc, 0xaedc, 0xaedc, 0xaedc, 
	0xaedc, 0xaedc, 0xaedc, 0xaedc, 0xaedc, 0xaedc, 0xaedc, 0xaedc, 0xaedc, 0xaedc, 0xaedc, 0xaedc, 0xaedc, 0xaedc, 0xaedc, 0xaedc, 
	0xaedc, 0xaedc, 0xaedc, 0xaedc, 0xaedc, 0xaedc, 0xaedc, 0xaedc, 0xaedc, 0xaedc, 0xaedc, 0xaedc, 0xaedc, 0xaedc, 0xaedc, 0xaedc, 
	0xaedc, 0xaedc, 0xaedc, 0xaedc, 0xaedc, 0xaedc, 0xaedc, 0xaedc, 0xaedc, 0xaedc, 0xaedc, 0xaedc, 0xaedc, 0xaedc, 0xaedc, 0xaedc, 
	0xaedc, 0xaedc, 0xaedc, 0xaedc, 0xaedc, 0xaedc, 0xaedc, 0xaedc, 0xaedc, 0xaedc, 0xaedc, 0xaedc, 0xaedc, 0xaedc, 0xaedc, 0xaedc, 
	0xaedc, 0xaedc, 0xaedc, 0xaedc, 0xaedc, 0xaedc, 0xaedc, 0xaedc, 0xaedc, 0xaedc, 0xaedc, 0xaedc, 0xaedc, 0xaedc, 0xaedc, 0xaedc, 
	0xaedc, 0xaedc, 0xaedc, 0xaedc, 0xaedc, 0xaedc, 0xaedc, 0xaedc, 0xaedc, 0xaedc, 0xaedc, 0xaedc, 0xaedc, 0xaedc, 0xaedc, 0xaedc, 
	0xaedc, 0xaedc, 0xaedc, 0xaedc, 0xaedc, 0xaedc, 0xaedc, 0xaedc, 0xaedc, 0xaedc, 0xaedc, 0xaedc, 0xaedc, 0xaedc, 0xaedc, 0xaedc, 
	0xaedc, 0xaedc, 0xaedc, 0xaedc, 0xaedc, 0xaedc, 0xaedc, 0xaedc, 0xaedc, 0xaedc, 0xaedc, 0xaedc, 0xaedc, 0xaedc, 0xaedc, 0xaedc, 
	0xaedc, 0xaedc, 0xaedc, 0xaedc, 0xaedc, 0xaedc, 0xaedc, 0xaedc, 0xaedc, 0xaedc, 0xaedc, 0xaedc, 0xaedc, 0xaedc, 0xaedc, 0xaedc, 
	0xaedc, 0xaedc, 0xaedc, 0xaedc, 0xaedc, 0xaedc, 0xaedc, 0xaedc, 0xaedc, 0xaedc, 0xaedc, 0xaedc, 0xaedc, 0xaedc, 0xaedc, 0xaedc, 
	0xaedc, 0xaedc, 0xaedc, 0xaedc, 0xaedc, 0xaedc, 0xaedc, 0xaedc, 0xaedc, 0xaedc, 0xaedc, 0xaedc, 0xaedc, 0xaedc, 0xaedc, 0xaedc, 
	0xaedc, 0xaedc, 0xaedc, 0xaedc, 0xaedc, 0xaedc, 0xaedc, 0xaedc, 0xaedc, 0xaedc, 0xaedc, 0xaedc, 0xaedc, 0xaedc, 0xaedc, 0xaedc, 
	0xaedc, 0xaedc, 0xaedc, 0xaedc, 0xaedc, 0xaedc, 0xaedc, 0xaedc, 0xaedc, 0xaedc, 0xaedc, 0xaedc, 0xaedc, 0xaedc, 0xaedc, 0xaedc, 
	0xaedc, 0xaedc, 0xaedc, 0xaedc, 0xaedc, 0xaedc, 0xaedc, 0xaedc, 0xaedc, 0xaedc, 0xaedc, 0xaedc, 0xaedc, 0xaedc, 0xaedc, 0xaedc, 
	0xaedc, 0xaedc, 0xaedc, 0xaedc, 0xaedc, 0xaedc, 0xaedc, 0xaedc, 0xaedc, 0xaedc, 0xaedc, 0xaedc, 0xaedc, 0xaedc, 0xaedc, 0xaedc, 
	0xaedc, 0xaedc, 0xaedc, 0xaedc, 0xaedc, 0xaedc, 0xaedc, 0xaedc, 0xaedc, 0xaedc, 0xaedc, 0xaedc, 0xaedc, 0xaedc, 0xaedc, 0xaedc, 
	0xaedc, 0xaedc, 0xaedc, 0xaedc, 0xaedc, 0xaedc, 0xaedc, 0xaedc, 0xaedc, 0xaedc, 0xaedc, 0xaedc, 0xaedc, 0xaedc, 0xaedc, 0xaedc, 
	0xaedc, 0xaedc, 0xaedc, 0xaedc, 0xaedc, 0xaedc, 0xaedc, 0xaedc, 0xaedc, 0xaedc, 0xaedc, 0xaedc, 0xaedc, 0xaedc, 0xaedc, 0xaedc, 
	0xaedc, 0xaedc, 0xaedc, 0xaedc, 0xaedc, 0xaedc, 0xaedc, 0xaedc, 0xaedc, 0xaedc, 0xaedc, 0xaedc, 0xaedc, 0xaedc, 0xaedc, 0xaedc, 
	0xaedc, 0xaedc, 0xaedc, 0xaedc, 0xaedc, 0xaedc, 0xaedc, 0xaedc, 0xaedc, 0xaedc, 0xaedc, 0xaedc, 0xaedc, 0xaedc, 0xaedc, 0xaedc, 
	0xaedc, 0xaedc, 0xaedc, 0xaedc, 0xaedc, 0xaedc, 0xaedc, 0xaedc, 0xaedc, 0xaedc, 0xaedc, 0xaedc, 0xaedc, 0xaedc, 0xaedc, 0xaedc, 
	0xaedc, 0xaedc, 0xaedc, 0xaedc, 0xaedc, 0xaedc, 0xaedc, 0xaedc, 0xaedc, 0xaedc, 0xaedc, 0xaedc, 0xaedc, 0xaedc, 0xaedc, 0xaedc, 
	0xaedc, 0xaedc, 0xaedc, 0xaedc, 0xaedc, 0xaedc, 0xaedc, 0xaedc, 0xaedc, 0xaedc, 0xaedc, 0xaedc, 0xaedc, 0xaedc, 0xaedc, 0xaedc, 
	0xaedc, 0xaedc, 0xaedc, 0xaedc, 0xaedc, 0xaedc, 0xaedc, 0xaedc, 0xaedc, 0xaedc, 0xaedc, 0xaedc, 0xaedc, 0xaedc, 0xaedc, 0xaedc, 
	0xaedc, 0xaedc, 0xaedc, 0xaedc, 0xaedc, 0xaedc, 0xaedc, 0xaedc, 0xaedc, 0xaedc, 0xaedc, 0xaedc, 0xaedc, 0xaedc, 0xaedc, 0xaedc, 
	0xaedc, 0xaedc, 0xaedc, 0xaedc, 0xaedc, 0xaedc, 0xaedc, 0xaedc, 0xaedc, 0xaedc, 0xaedc, 0xaedc, 0xaedc, 0xaedc, 0xaedc, 0xaedc, 
	0xaedc, 0xaedc, 0xaedc, 0xaedc, 0xaedc, 0xaedc, 0xaedc, 0xaedc, 0xaedc, 0xaedc, 0xaedc, 0xaedc, 0xaedc, 0xaedc, 0xaedc, 0xaedc, 
	0xaedc, 0xaedc, 0xaedc, 0xaedc, 0xaedc, 0xaedc, 0xaedc, 0xaedc, 0xaedc, 0xaedc, 0xaedc, 0xaedc, 0xaedc, 0xaedc, 0xaedc, 0xaedc, 
	0xaedc, 0xaedc, 0xaedc, 0xaedc, 0xaedc, 0xaedc, 0xaedc, 0xaedc, 0xaedc, 0xaedc, 0xaedc, 0xaedc, 0xaedc, 0xaedc, 0xaedc, 0xaedc, 
	0xaedc, 0xaedc, 0xaedc, 0xaedc, 0xaedc, 0xaedc, 0xaedc, 0xaedc, 0xaedc, 0xaedc, 0xaedc, 0xaedc, 0xaedc, 0xaedc, 0xaedc, 0xaedc, 
	0xaedc, 0xaedc, 0xaedc, 0xaedc, 0xaedc, 0xaedc, 0xaedc, 0xaedc, 0xaedc, 0xaedc, 0xaedc, 0xaedc, 0xaedc, 0xaedc, 0xaedc, 0xaedc, 
	0xaedc, 0xaedc, 0xaedc, 0xaedc, 0xaedc, 0xaedc, 0xaedc, 0xaedc, 0xaedc, 0xaedc, 0xaedc, 0xaedc, 0xaedc, 0xaedc, 0xaedc, 0xaedc, 
	0xaedc, 0xaedc, 0xaedc, 0xaedc, 0xaedc, 0xaedc, 0xaedc, 0xaedc, 0xaedc, 0xaedc, 0xaedc, 0xaedc, 0xaedc, 0xaedc, 0xaedc, 0xaedc, 
	0xaedc, 0xaedc, 0xaedc, 0xaedc, 0xaedc, 0xaedc, 0xaedc, 0xaedc, 0xaedc, 0xaedc, 0xaedc, 0xaedc, 0xaedc, 0xaedc, 0xaedc, 0xaedc, 
	0xaedc, 0xaedc, 0xaedc, 0xaedc, 0xaedc, 0xaedc, 0xaedc, 0xaedc, 0xaedc, 0xaedc, 0xaedc, 0xaedc, 0xaedc, 0xaedc, 0xaedc, 0xaedc, 
	0xaedc, 0xaedc, 0xaedc, 0xaedc, 0xaedc, 0xaedc, 0xaedc, 0xaedc, 0xaedc, 0xaedc, 0xaedc, 0xaedc, 0xaedc, 0xaedc, 0xaedc, 0xaedc, 
	0xaedc, 0xaedc, 0xaedc, 0xaedc, 0xaedc, 0xaedc, 0xaedc, 0xaedc, 0xaedc, 0xaedc, 0xaedc, 0xaedc, 0xaedc, 0xaedc, 0xaedc, 0xaedc, 
	0xaedc, 0xaedc, 0xaedc, 0xaedc, 0xaedc, 0xaedc, 0xaedc, 0xaedc, 0xaedc, 0xaedc, 0xaedc, 0xaedc, 0xaedc, 0xaedc, 0xaedc, 0xaedc, 
	0xaedc, 0xaedc, 0xaedc, 0xaedc, 0xaedc, 0xaedc, 0xaedc, 0xaedc, 0xaedc, 0xaedc, 0xaedc, 0xaedc, 0xaedc, 0xaedc, 0xaedc, 0xaedc, 
	0xaedc, 0xaedc, 0xaedc, 0xaedc, 0xaedc, 0xaedc, 0xaedc, 0xaedc, 0xaedc, 0xaedc, 0xaedc, 0xaedc, 0xaedc, 0xaedc, 0xaedc, 0xaedc, 
	0xaedc, 0xaedc, 0xaedc, 0xaedc, 0xaedc, 0xaedc, 0xaedc, 0xaedc, 0xaedc, 0xaedc, 0xaedc, 0xaedc, 0xaedc, 0xaedc, 0xaedc, 0xaedc, 
	0xaedc, 0xaedc, 0xaedc, 0xaedc, 0xaedc, 0xaedc, 0xaedc, 0xaedc, 0xaedc, 0xaedc, 0xaedc, 0xaedc, 0xaedc, 0xaedc, 0xaedc, 0xaedc, 
	0xaedc, 0xaedc, 0xaedc, 0xaedc, 0xaedc, 0xaedc, 0xaedc, 0xaedc, 0xaedc, 0xaedc, 0xaedc, 0xaedc, 0xaedc, 0xaedc, 0xaedc, 0xaedc, 
	0xaedc, 0xaedc, 0xaedc, 0xaedc, 0xaedc, 0xaedc, 0xaedc, 0xaedc, 0xaedc, 0xaedc, 0xaedc, 0xaedc, 0xaedc, 0xaedc, 0xaedc, 0xaedc, 
	0xaedc, 0xaedc, 0xaedc, 0xaedc, 0xaedc, 0xaedc, 0xaedc, 0xaedc, 0xaedc, 0xaedc, 0xaedc, 0xaedc, 0xaedc, 0xaedc, 0xaedc, 0xaedc, 
	0xaedc, 0xaedc, 0xaedc, 0xaedc, 0xaedc, 0xaedc, 0xaedc, 0xaedc, 0xaedc, 0xaedc, 0xaedc, 0xaedc, 0xaedc, 0xaedc, 0xaedc, 0xaedc, 
	0xaedc, 0xaedc, 0xaedc, 0xaedc, 0xaedc, 0xaedc, 0xaedc, 0xaedc, 0xaedc, 0xaedc, 0xaedc, 0xaedc, 0xaedc, 0xaedc, 0xaedc, 0xaedc, 
	0xaedc, 0xaedc, 0xaedc, 0xaedc, 0xaedc, 0xaedc, 0xaedc, 0xaedc, 0xaedc, 0xaedc, 0xaedc, 0xaedc, 0xaedc, 0xaedc, 0xaedc, 0xaedc, 
	0xaedc, 0xaedc, 0xaedc, 0xaedc, 0xaedc, 0xaedc, 0xaedc, 0xaedc, 0xaedc, 0xaedc, 0xaedc, 0xaedc, 0xaedc, 0xaedc, 0xaedc, 0xaedc, 
	0xaedc, 0xaedc, 0xaedc, 0xaedc, 0xaedc, 0xaedc, 0xaedc, 0xaedc, 0xaedc, 0xaedc, 0xaedc, 0xaedc, 0xaedc, 0xaedc, 0xaedc, 0xaedc, 
	0xaedc, 0xaedc, 0xaedc, 0xaedc, 0xaedc, 0xaedc, 0xaedc, 0xaedc, 0xaedc, 0xaedc, 0xaedc, 0xaedc, 0xaedc, 0xaedc, 0xaedc, 0xaedc, 
	0xaedc, 0xaedc, 0xaedc, 0xaedc, 0xaedc, 0xaedc, 0xaedc, 0xaedc, 0xaedc, 0xaedc, 0xaedc, 0xaedc, 0xaedc, 0xaedc, 0xaedc, 0xaedc, 
	0xaedc, 0xaedc, 0xaedc, 0xaedc, 0xaedc, 0xaedc, 0xaedc, 0xaedc, 0xaedc, 0xaedc, 0xaedc, 0xaedc, 0xaedc, 0xaedc, 0xaedc, 0xaedc, 
	0xaedc, 0xaedc, 0xaedc, 0xaedc, 0xaedc, 0xaedc, 0xaedc, 0xaedc, 0xaedc, 0xaedc, 0xaedc, 0xaedc, 0xaedc, 0xaedc, 0xaedc, 0xaedc, 
	0xaedc, 0xaedc, 0xaedc, 0xaedc, 0xaedc, 0xaedc, 0xaedc, 0xaedc, 0xaedc, 0xaedc, 0xaedc, 0xaedc, 0xaedc, 0xaedc, 0xaedc, 0xaedc, 
	0xaedc, 0xaedc, 0xaedc, 0xaedc, 0xaedc, 0xaedc, 0xaedc, 0xaedc, 0xaedc, 0xaedc, 0xaedc, 0xaedc, 0xaedc, 0xaedc, 0xaedc, 0xaedc, 
	0xaedc, 0xaedc, 0xaedc, 0xaedc, 0xaedc, 0xaedc, 0xaedc, 0xaedc, 0xaedc, 0xaedc, 0xaedc, 0xaedc, 0xaedc, 0xaedc, 0xaedc, 0xaedc, 
	0xaedc, 0xaedc, 0xaedc, 0xaedc, 0xaedc, 0xaedc, 0xaedc, 0xaedc, 0xaedc, 0xaedc, 0xaedc, 0xaedc, 0xaedc, 0xaedc, 0xaedc, 0xaedc, 
	0xaedc, 0xaedc, 0xaedc, 0xaedc, 0xaedc, 0xaedc, 0xaedc, 0xaedc, 0xaedc, 0xaedc, 0xaedc, 0xaedc, 0xaedc, 0xaedc, 0xaedc, 0xaedc, 
	0xaedc, 0xaedc, 0xaedc, 0xaedc, 0xaedc, 0xaedc, 0xaedc, 0xaedc, 0xaedc, 0xaedc, 0xaedc, 0xaedc, 0xaedc, 0xaedc, 0xaedc, 0xaedc, 
	0xaedc, 0xaedc, 0xaedc, 0xaedc, 0xaedc, 0xaedc, 0xaedc, 0xaedc, 0xaedc, 0xaedc, 0xaedc, 0xaedc, 0xaedc, 0xaedc, 0xaedc, 0xaedc, 
	0xaedc, 0xaedc, 0xaedc, 0xaedc, 0xaedc, 0xaedc, 0xaedc, 0xaedc, 0xaedc, 0xaedc, 0xaedc, 0xaedc, 0xaedc, 0xaedc, 0xaedc, 0xaedc, 
	0xaedc, 0xaedc, 0xaedc, 0xaedc, 0xaedc, 0xaedc, 0xaedc, 0xaedc, 0xaedc, 0xaedc, 0xaedc, 0xaedc, 0xaedc, 0xaedc, 0xaedc, 0xaedc, 
	0xaedc, 0xaedc, 0xaedc, 0xaedc, 0xaedc, 0xaedc, 0xaedc, 0xaedc, 0xaedc, 0xaedc, 0xaedc, 0xaedc, 0xaedc, 0xaedc, 0xaedc, 0xaedc, 
	0xaedc, 0xaedc, 0xaedc, 0xaedc, 0xaedc, 0xaedc, 0xaedc, 0xaedc, 0xaedc, 0xaedc, 0xaedc, 0xaedc, 0xaedc, 0xaedc, 0xaedc, 0xaedc, 
	0xaedc, 0xaedc, 0xaedc, 0xaedc, 0xaedc, 0xaedc, 0xaedc, 0xaedc, 0xaedc, 0xaedc, 0xaedc, 0xaedc, 0xaedc, 0xaedc, 0xaedc, 0xaedc, 
	0xaedc, 0xaedc, 0xaedc, 0xaedc, 0xaedc, 0xaedc, 0xaedc, 0xaedc, 0xaedc, 0xaedc, 0xaedc, 0xaedc, 0xaedc, 0xaedc, 0xaedc, 0xaedc, 
	0xaedc, 0xaedc, 0xaedc, 0xaedc, 0xaedc, 0xaedc, 0xaedc, 0xaedc, 0xaedc, 0xaedc, 0xaedc, 0xaedc, 0xaedc, 0xaedc, 0xaedc, 0xaedc, 
	0xaedc, 0xaedc, 0xaedc, 0xaedc, 0xaedc, 0xaedc, 0xaedc, 0xaedc, 0xaedc, 0xaedc, 0xaedc, 0xaedc, 0xaedc, 0xaedc, 0xaedc, 0xaedc, 
	0xaedc, 0xaedc, 0xaedc, 0xaedc, 0xaedc, 0xaedc, 0xaedc, 0xaedc, 0xaedc, 0xaedc, 0xaedc, 0xaedc, 0xaedc, 0xaedc, 0xaedc, 0xaedc, 
	0xaedc, 0xaedc, 0xaedc, 0xaedc, 0xaedc, 0xaedc, 0xaedc, 0xaedc, 0xaedc, 0xaedc, 0xaedc, 0xaedc, 0xaedc, 0xaedc, 0xaedc, 0xaedc, 
	0xaedc, 0xaedc, 0xaedc, 0xaedc, 0xaedc, 0xaedc, 0xaedc, 0xaedc, 0xaedc, 0xaedc, 0xaedc, 0xaedc, 0xaedc, 0xaedc, 0xaedc, 0xaedc, 
	0xaedc, 0xaedc, 0xaedc, 0xaedc, 0xaedc, 0xaedc, 0xaedc, 0xaedc, 0xaedc, 0xaedc, 0xaedc, 0xaedc, 0xaedc, 0xaedc, 0xaedc, 0xaedc, 
	0xaedc, 0xaedc, 0xaedc, 0xaedc, 0xaedc, 0xaedc, 0xaedc, 0xaedc, 0xaedc, 0xaedc, 0xaedc, 0xaedc, 0xaedc, 0xaedc, 0xaedc, 0xaedc, 
	0xaedc, 0xaedc, 0xaedc, 0xaedc, 0xaedc, 0xaedc, 0xaedc, 0xaedc, 0xaedc, 0xaedc, 0xaedc, 0xaedc, 0xaedc, 0xaedc, 0xaedc, 0xaedc, 
	0xaedc, 0xaedc, 0xaedc, 0xaedc, 0xaedc, 0xaedc, 0xaedc, 0xaedc, 0xaedc, 0xaedc, 0xaedc, 0xaedc, 0xaedc, 0xaedc, 0xaedc, 0xaedc, 
	0xaedc, 0xaedc, 0xaedc, 0xaedc, 0xaedc, 0xaedc, 0xaedc, 0xaedc, 0xaedc, 0xaedc, 0xaedc, 0xaedc, 0xaedc, 0xaedc, 0xaedc, 0xaedc, 
	0xaedc, 0xaedc, 0xaedc, 0xaedc, 0xaedc, 0xaedc, 0xaedc, 0xaedc, 0xaedc, 0xaedc, 0xaedc, 0xaedc, 0xaedc, 0xaedc, 0xaedc, 0xaedc, 
	0xaedc, 0xaedc, 0xaedc, 0xaedc, 0xaedc, 0xaedc, 0xaedc, 0xaedc, 0xaedc, 0xaedc, 0xaedc, 0xaedc, 0xaedc, 0xaedc, 0xaedc, 0xaedc, 
	0xaedc, 0xaedc, 0xaedc, 0xaedc, 0xaedc, 0xaedc, 0xaedc, 0xaedc, 0xaedc, 0xaedc, 0xaedc, 0xaedc, 0xaedc, 0xaedc, 0xaedc, 0xaedc, 
	0xaedc, 0xaedc, 0xaedc, 0xaedc, 0xaedc, 0xaedc, 0xaedc, 0xaedc, 0xaedc, 0xaedc, 0xaedc, 0xaedc, 0xaedc, 0xaedc, 0xaedc, 0xaedc, 
	0xaedc, 0xaedc, 0xaedc, 0xaedc, 0xaedc, 0xaedc, 0xaedc, 0xaedc, 0xaedc, 0xaedc, 0xaedc, 0xaedc, 0xaedc, 0xaedc, 0xaedc, 0xaedc, 
	0xaedc, 0xaedc, 0xaedc, 0xaedc, 0xaedc, 0xaedc, 0xaedc, 0xaedc, 0xaedc, 0xaedc, 0xaedc, 0xaedc, 0xaedc, 0xaedc, 0xaedc, 0xaedc, 
	0xaedc, 0xaedc, 0xaedc, 0xaedc, 0xaedc, 0xaedc, 0xaedc, 0xaedc, 0xaedc, 0xaedc, 0xaedc, 0xaedc, 0xaedc, 0xaedc, 0xaedc, 0xaedc, 
	0xaedc, 0xaedc, 0xaedc, 0xaedc, 0xaedc, 0xaedc, 0xaedc, 0xaedc, 0xaedc, 0xaedc, 0xaedc, 0xaedc, 0xaedc, 0xaedc, 0xaedc, 0xaedc, 
	0xaedc, 0xaedc, 0xaedc, 0xaedc, 0xaedc, 0xaedc, 0xaedc, 0xaedc, 0xaedc, 0xaedc, 0xaedc, 0xaedc, 0xaedc, 0xaedc, 0xaedc, 0xaedc, 
	0xaedc, 0xaedc, 0xaedc, 0xaedc, 0xaedc, 0xaedc, 0xaedc, 0xaedc, 0xaedc, 0xaedc, 0xaedc, 0xaedc, 0xaedc, 0xaedc, 0xaedc, 0xaedc, 
	0xaedc, 0xaedc, 0xaedc, 0xaedc, 0xaedc, 0xaedc, 0xaedc, 0xaedc, 0xaedc, 0xaedc, 0xaedc, 0xaedc, 0xaedc, 0xaedc, 0xaedc, 0xaedc, 
	0xaedc, 0xaedc, 0xaedc, 0xaedc, 0xaedc, 0xaedc, 0xaedc, 0xaedc, 0xaedc, 0xaedc, 0xaedc, 0xaedc, 0xaedc, 0xaedc, 0xaedc, 0xaedc, 
	0xaedc, 0xaedc, 0xaedc, 0xaedc, 0xaedc, 0xaedc, 0xaedc, 0xaedc, 0xaedc, 0xaedc, 0xaedc, 0xaedc, 0xaedc, 0xaedc, 0xaedc, 0xaedc, 
	0xaedc, 0xaedc, 0xaedc, 0xaedc, 0xaedc, 0xaedc, 0xaedc, 0xaedc, 0xaedc, 0xaedc, 0xaedc, 0xaedc, 0xaedc, 0xaedc, 0xaedc, 0xaedc, 
	0xaedc, 0xaedc, 0xaedc, 0xaedc, 0xaedc, 0xaedc, 0xaedc, 0xaedc, 0xaedc, 0xaedc, 0xaedc, 0xaedc, 0xaedc, 0xaedc, 0xaedc, 0xaedc, 
	0xaedc, 0xaedc, 0xaedc, 0xaedc, 0xaedc, 0xaedc, 0xaedc, 0xaedc, 0xaedc, 0xaedc, 0xaedc, 0xaedc, 0xaedc, 0xaedc, 0xaedc, 0xaedc, 
	0xaedc, 0xaedc, 0xaedc, 0xaedc, 0xaedc, 0xaedc, 0xaedc, 0xaedc, 0xaedc, 0xaedc, 0xaedc, 0xaedc, 0xaedc, 0xaedc, 0xaedc, 0xaedc, 
	0xaedc, 0xaedc, 0xaedc, 0xaedc, 0xaedc, 0xaedc, 0xaedc, 0xaedc, 0xaedc, 0xaedc, 0xaedc, 0xaedc, 0xaedc, 0xaedc, 0xaedc, 0xaedc, 
	0xaedc, 0xaedc, 0xaedc, 0xaedc, 0xaedc, 0xaedc, 0xaedc, 0xaedc, 0xaedc, 0xaedc, 0xaedc, 0xaedc, 0xaedc, 0xaedc, 0xaedc, 0xaedc, 
	0xaedc, 0xaedc, 0xaedc, 0xaedc, 0xaedc, 0xaedc, 0xaedc, 0xaedc, 0xaedc, 0xaedc, 0xaedc, 0xaedc, 0xaedc, 0xaedc, 0xaedc, 0xaedc, 
	0xaedc, 0xaedc, 0xaedc, 0xaedc, 0xaedc, 0xaedc, 0xaedc, 0xaedc, 0xaedc, 0xaedc, 0xaedc, 0xaedc, 0xaedc, 0xaedc, 0xaedc, 0xaedc, 
	0xaedc, 0xaedc, 0xaedc, 0xaedc, 0xaedc, 0xaedc, 0xaedc, 0xaedc, 0xaedc, 0xaedc, 0xaedc, 0xaedc, 0xaedc, 0xaedc, 0xaedc, 0xaedc, 
	0xaedc, 0xaedc, 0xaedc, 0xaedc, 0xaedc, 0xaedc, 0xaedc, 0xaedc, 0xaedc, 0xaedc, 0xaedc, 0xaedc, 0xaedc, 0xaedc, 0xaedc, 0xaedc, 
	0xaedc, 0xaedc, 0xaedc, 0xaedc, 0xaedc, 0xaedc, 0xaedc, 0xaedc, 0xaedc, 0xaedc, 0xaedc, 0xaedc, 0xaedc, 0xaedc, 0xaedc, 0xaedc, 
	0xaedc, 0xaedc, 0xaedc, 0xaedc, 0xaedc, 0xaedc, 0xaedc, 0xaedc, 0xaedc, 0xaedc, 0xaedc, 0xaedc, 0xaedc, 0xaedc, 0xaedc, 0xaedc, 
	0xaedc, 0xaedc, 0xaedc, 0xaedc, 0xaedc, 0xaedc, 0xaedc, 0xaedc, 0xaedc, 0xaedc, 0xaedc, 0xaedc, 0xaedc, 0xaedc, 0xaedc, 0xaedc, 
	0xaedc, 0xaedc, 0xaedc, 0xaedc, 0xaedc, 0xaedc, 0xaedc, 0xaedc, 0xaedc, 0xaedc, 0xaedc, 0xaedc, 0xaedc, 0xaedc, 0xaedc, 0xaedc, 
	0xaedc, 0xaedc, 0xaedc, 0xaedc, 0xaedc, 0xaedc, 0xaedc, 0xaedc, 0xaedc, 0xaedc, 0xaedc, 0xaedc, 0xaedc, 0xaedc, 0xaedc, 0xaedc, 
	0xaedc, 0xaedc, 0xaedc, 0xaedc, 0xaedc, 0xaedc, 0xaedc, 0xaedc, 0xaedc, 0xaedc, 0xaedc, 0xaedc, 0xaedc, 0xaedc, 0xaedc, 0xaedc, 
	0xaedc, 0xaedc, 0xaedc, 0xaedc, 0xaedc, 0xaedc, 0xaedc, 0xaedc, 0xaedc, 0xaedc, 0xaedc, 0xaedc, 0xaedc, 0xaedc, 0xaedc, 0xaedc, 
	0xaedc, 0xaedc, 0xaedc, 0xaedc, 0xaedc, 0xaedc, 0xaedc, 0xaedc, 0xaedc, 0xaedc, 0xaedc, 0xaedc, 0xaedc, 0xaedc, 0xaedc, 0xaedc, 
	0xaedc, 0xaedc, 0xaedc, 0xaedc, 0xaedc, 0xaedc, 0xaedc, 0xaedc, 0xaedc, 0xaedc, 0xaedc, 0xaedc, 0xaedc, 0xaedc, 0xaedc, 0xaedc, 
	0xaedc, 0xaedc, 0xaedc, 0xaedc, 0xaedc, 0xaedc, 0xaedc, 0xaedc, 0xaedc, 0xaedc, 0xaedc, 0xaedc, 0xaedc, 0xaedc, 0xaedc, 0xaedc, 
	0xaedc, 0xaedc, 0xaedc, 0xaedc, 0xaedc, 0xaedc, 0xaedc, 0xaedc, 0xaedc, 0xaedc, 0xaedc, 0xaedc, 0xaedc, 0xaedc, 0xaedc, 0xaedc, 
	0xaedc, 0xaedc, 0xaedc, 0xaedc, 0xaedc, 0xaedc, 0xaedc, 0xaedc, 0xaedc, 0xaedc, 0xaedc, 0xaedc, 0xaedc, 0xaedc, 0xaedc, 0xaedc, 
	0xaedc, 0xaedc, 0xaedc, 0xaedc, 0xaedc, 0xaedc, 0xaedc, 0xaedc, 0xaedc, 0xaedc, 0xaedc, 0xaedc, 0xaedc, 0xaedc, 0xaedc, 0xaedc, 
	0xaedc, 0xaedc, 0xaedc, 0xaedc, 0xaedc, 0xaedc, 0xaedc, 0xaedc, 0xaedc, 0xaedc, 0xaedc, 0xaedc, 0xaedc, 0xaedc, 0xaedc, 0xaedc, 
	0xaedc, 0xaedc, 0xaedc, 0xaedc, 0xaedc, 0xaedc, 0xaedc, 0xaedc, 0xaedc, 0xaedc, 0xaedc, 0xaedc, 0xaedc, 0xaedc, 0xaedc, 0xaedc, 
	0xaedc, 0xaedc, 0xaedc, 0xaedc, 0xaedc, 0xaedc, 0xaedc, 0xaedc, 0xaedc, 0xaedc, 0xaedc, 0xaedc, 0xaedc, 0xaedc, 0xaedc, 0xaedc, 
	0xaedc, 0xaedc, 0xaedc, 0xaedc, 0xaedc, 0xaedc, 0xaedc, 0xaedc, 0xaedc, 0xaedc, 0xaedc, 0xaedc, 0xaedc, 0xaedc, 0xaedc, 0xaedc, 
	0xaedc, 0xaedc, 0xaedc, 0xaedc, 0xaedc, 0xaedc, 0xaedc, 0xaedc, 0xaedc, 0xaedc, 0xaedc, 0xaedc, 0xaedc, 0xaedc, 0xaedc, 0xaedc, 
	0xaedc, 0xaedc, 0xaedc, 0xaedc, 0xaedc, 0xaedc, 0xaedc, 0xaedc, 0xaedc, 0xaedc, 0xaedc, 0xaedc, 0xaedc, 0xaedc, 0xaedc, 0xaedc, 
	0xaedc, 0xaedc, 0xaedc, 0xaedc, 0xaedc, 0xaedc, 0xaedc, 0xaedc, 0xaedc, 0xaedc, 0xaedc, 0xaedc, 0xaedc, 0xaedc, 0xaedc, 0xaedc, 
	0xaedc, 0xaedc, 0xaedc, 0xaedc, 0xaedc, 0xaedc, 0xaedc, 0xaedc, 0xaedc, 0xaedc, 0xaedc, 0xaedc, 0xaedc, 0xaedc, 0xaedc, 0xaedc, 
	0xaedc, 0xaedc, 0xaedc, 0xaedc, 0xaedc, 0xaedc, 0xaedc, 0xaedc, 0xaedc, 0xaedc, 0xaedc, 0xaedc, 0xaedc, 0xaedc, 0xaedc, 0xaedc, 
	0xaedc, 0xaedc, 0xaedc, 0xaedc, 0xaedc, 0xaedc, 0xaedc, 0xaedc, 0xaedc, 0xaedc, 0xaedc, 0xaedc, 0xaedc, 0xaedc, 0xaedc, 0xaedc, 
	0xaedc, 0xaedc, 0xaedc, 0xaedc, 0xaedc, 0xaedc, 0xaedc, 0xaedc, 0xaedc, 0xaedc, 0xaedc, 0xaedc, 0xaedc, 0xaedc, 0xaedc, 0xaedc, 
	0xaedc, 0xaedc, 0xaedc, 0xaedc, 0xaedc, 0xaedc, 0xaedc, 0xaedc, 0xaedc, 0xaedc, 0xaedc, 0xaedc, 0xaedc, 0xaedc, 0xaedc, 0xaedc, 
	0xaedc, 0xaedc, 0xaedc, 0xaedc, 0xaedc, 0xaedc, 0xaedc, 0xaedc, 0xaedc, 0xaedc, 0xaedc, 0xaedc, 0xaedc, 0xaedc, 0xaedc, 0xaedc, 
	0xaedc, 0xaedc, 0xaedc, 0xaedc, 0xaedc, 0xaedc, 0xaedc, 0xaedc, 0xaedc, 0xaedc, 0xaedc, 0xaedc, 0xaedc, 0xaedc, 0xaedc, 0xaedc, 
	0xaedc, 0xaedc, 0xaedc, 0xaedc, 0xaedc, 0xaedc, 0xaedc, 0xaedc, 0xaedc, 0xaedc, 0xaedc, 0xaedc, 0xaedc, 0xaedc, 0xaedc, 0xaedc, 
	0xaedc, 0xaedc, 0xaedc, 0xaedc, 0xaedc, 0xaedc, 0xaedc, 0xaedc, 0xaedc, 0xaedc, 0xaedc, 0xaedc, 0xaedc, 0xaedc, 0xaedc, 0xaedc, 
	0xaedc, 0xaedc, 0xaedc, 0xaedc, 0xaedc, 0xaedc, 0xaedc, 0xaedc, 0xaedc, 0xaedc, 0xaedc, 0xaedc, 0xaedc, 0xaedc, 0xaedc, 0xaedc, 
	0xaedc, 0xaedc, 0xaedc, 0xaedc, 0xaedc, 0xaedc, 0xaedc, 0xaedc, 0xaedc, 0xaedc, 0xaedc, 0xaedc, 0xaedc, 0xaedc, 0xaedc, 0xaedc, 
	0xaedc, 0xaedc, 0xaedc, 0xaedc, 0xaedc, 0xaedc, 0xaedc, 0xaedc, 0xaedc, 0xaedc, 0xaedc, 0xaedc, 0xaedc, 0xaedc, 0xaedc, 0xaedc, 
	0xaedc, 0xaedc, 0xaedc, 0xaedc, 0xaedc, 0xaedc, 0xaedc, 0xaedc, 0xaedc, 0xaedc, 0xaedc, 0xaedc, 0xaedc, 0xaedc, 0xaedc, 0xaedc, 
	0xaedc, 0xaedc, 0xaedc, 0xaedc, 0xaedc, 0xaedc, 0xaedc, 0xaedc, 0xaedc, 0xaedc, 0xaedc, 0xaedc, 0xaedc, 0xaedc, 0xaedc, 0xaedc, 
	0xaedc, 0xaedc, 0xaedc, 0xaedc, 0xaedc, 0xaedc, 0xaedc, 0xaedc, 0xaedc, 0xaedc, 0xaedc, 0xaedc, 0xaedc, 0xaedc, 0xaedc, 0xaedc, 
	0xaedc, 0xaedc, 0xaedc, 0xaedc, 0xaedc, 0xaedc, 0xaedc, 0xaedc, 0xaedc, 0xaedc, 0xaedc, 0xaedc, 0xaedc, 0xaedc, 0xaedc, 0xaedc, 
	0xaedc, 0xaedc, 0xaedc, 0xaedc, 0xaedc, 0xaedc, 0xaedc, 0xaedc, 0xaedc, 0xaedc, 0xaedc, 0xaedc, 0xaedc, 0xaedc, 0xaedc, 0xaedc, 
	0xaedc, 0xaedc, 0xaedc, 0xaedc, 0xaedc, 0xaedc, 0xaedc, 0xaedc, 0xaedc, 0xaedc, 0xaedc, 0xaedc, 0xaedc, 0xaedc, 0xaedc, 0xaedc, 
	0xaedc, 0xaedc, 0xaedc, 0xaedc, 0xaedc, 0xaedc, 0xaedc, 0xaedc, 0xaedc, 0xaedc, 0xaedc, 0xaedc, 0xaedc, 0xaedc, 0xaedc, 0xaedc, 
	0xaedc, 0xaedc, 0xaedc, 0xaedc, 0xaedc, 0xaedc, 0xaedc, 0xaedc, 0xaedc, 0xaedc, 0xaedc, 0xaedc, 0xaedc, 0xaedc, 0xaedc, 0xaedc, 
	0xaedc, 0xaedc, 0xaedc, 0xaedc, 0xaedc, 0xaedc, 0xaedc, 0xaedc, 0xaedc, 0xaedc, 0xaedc, 0xaedc, 0xaedc, 0xaedc, 0xaedc, 0xaedc, 
	0xaedc, 0xaedc, 0xaedc, 0xaedc, 0xaedc, 0xaedc, 0xaedc, 0xaedc, 0xaedc, 0xaedc, 0xaedc, 0xaedc, 0xaedc, 0xaedc, 0xaedc, 0xaedc, 
	0xaedc, 0xaedc, 0xaedc, 0xaedc, 0xaedc, 0xaedc, 0xaedc, 0xaedc, 0xaedc, 0xaedc, 0xaedc, 0xaedc, 0xaedc, 0xaedc, 0xaedc, 0xaedc, 
	0xaedc, 0xaedc, 0xaedc, 0xaedc, 0xaedc, 0xaedc, 0xaedc, 0xaedc, 0xaedc, 0xaedc, 0xaedc, 0xaedc, 0xaedc, 0xaedc, 0xaedc, 0xaedc, 
	0xaedc, 0xaedc, 0xaedc, 0xaedc, 0xaedc, 0xaedc, 0xaedc, 0xaedc, 0xaedc, 0xaedc, 0xaedc, 0xaedc, 0xaedc, 0xaedc, 0xaedc, 0xaedc, 
	0xaedc, 0xaedc, 0xaedc, 0xaedc, 0xaedc, 0xaedc, 0xaedc, 0xaedc, 0xaedc, 0xaedc, 0xaedc, 0xaedc, 0xaedc, 0xaedc, 0xaedc, 0xaedc, 
	0xaedc, 0xaedc, 0xaedc, 0xaedc, 0xaedc, 0xaedc, 0xaedc, 0xaedc, 0xaedc, 0xaedc, 0xaedc, 0xaedc, 0xaedc, 0xaedc, 0xaedc, 0xaedc, 
	0xaedc, 0xaedc, 0xaedc, 0xaedc, 0xaedc, 0xaedc, 0xaedc, 0xaedc, 0xaedc, 0xaedc, 0xaedc, 0xaedc, 0xaedc, 0xaedc, 0xaedc, 0xaedc, 
	0xaedc, 0xaedc, 0xaedc, 0xaedc, 0xaedc, 0xaedc, 0xaedc, 0xaedc, 0xaedc, 0xaedc, 0xaedc, 0xaedc, 0xaedc, 0xaedc, 0xaedc, 0xaedc, 
	0xaedc, 0xaedc, 0xaedc, 0xaedc, 0xaedc, 0xaedc, 0xaedc, 0xaedc, 0xaedc, 0xaedc, 0xaedc, 0xaedc, 0xaedc, 0xaedc, 0xaedc, 0xaedc, 
	0xaedc, 0xaedc, 0xaedc, 0xaedc, 0xaedc, 0xaedc, 0xaedc, 0xaedc, 0xaedc, 0xaedc, 0xaedc, 0xaedc, 0xaedc, 0xaedc, 0xaedc, 0xaedc, 
	0xaedc, 0xaedc, 0xaedc, 0xaedc, 0xaedc, 0xaedc, 0xaedc, 0xaedc, 0xaedc, 0xaedc, 0xaedc, 0xaedc, 0xaedc, 0xaedc, 0xaedc, 0xaedc, 
	0xaedc, 0xaedc, 0xaedc, 0xaedc, 0xaedc, 0xaedc, 0xaedc, 0xaedc, 0xaedc, 0xaedc, 0xaedc, 0xaedc, 0xaedc, 0xaedc, 0xaedc, 0xaedc, 
	0xaedc, 0xaedc, 0xaedc, 0xaedc, 0xaedc, 0xaedc, 0xaedc, 0xaedc, 0xaedc, 0xaedc, 0xaedc, 0xaedc, 0xaedc, 0xaedc, 0xaedc, 0xaedc, 
	0xaedc, 0xaedc, 0xaedc, 0xaedc, 0xaedc, 0xaedc, 0xaedc, 0xaedc, 0xaedc, 0xaedc, 0xaedc, 0xaedc, 0xaedc, 0xaedc, 0xaedc, 0xaedc, 
	0xaedc, 0xaedc, 0xaedc, 0xaedc, 0xaedc, 0xaedc, 0xaedc, 0xaedc, 0xaedc, 0xaedc, 0xaedc, 0xaedc, 0xaedc, 0xaedc, 0xaedc, 0xaedc, 
	0xaedc, 0xaedc, 0xaedc, 0xaedc, 0xaedc, 0xaedc, 0xaedc, 0xaedc, 0xaedc, 0xaedc, 0xaedc, 0xaedc, 0xaedc, 0xaedc, 0xaedc, 0xaedc, 
	0xaedc, 0xaedc, 0xaedc, 0xaedc, 0xaedc, 0xaedc, 0xaedc, 0xaedc, 0xaedc, 0xaedc, 0xaedc, 0xaedc, 0xaedc, 0xaedc, 0xaedc, 0xaedc, 
	0xaedc, 0xaedc, 0xaedc, 0xaedc, 0xaedc, 0xaedc, 0xaedc, 0xaedc, 0xaedc, 0xaedc, 0xaedc, 0xaedc, 0xaedc, 0xaedc, 0xaedc, 0xaedc, 
	0xaedc, 0xaedc, 0xaedc, 0xaedc, 0xaedc, 0xaedc, 0xaedc, 0xaedc, 0xaedc, 0xaedc, 0xaedc, 0xaedc, 0xaedc, 0xaedc, 0xaedc, 0xaedc, 
	0xaedc, 0xaedc, 0xaedc, 0xaedc, 0xaedc, 0xaedc, 0xaedc, 0xaedc, 0xaedc, 0xaedc, 0xaedc, 0xaedc, 0xaedc, 0xaedc, 0xaedc, 0xaedc, 
	0xaedc, 0xaedc, 0xaedc, 0xaedc, 0xaedc, 0xaedc, 0xaedc, 0xaedc, 0xaedc, 0xaedc, 0xaedc, 0xaedc, 0xaedc, 0xaedc, 0xaedc, 0xaedc, 
	0xaedc, 0xaedc, 0xaedc, 0xaedc, 0xaedc, 0xaedc, 0xaedc, 0xaedc, 0xaedc, 0xaedc, 0xaedc, 0xaedc, 0xaedc, 0xaedc, 0xaedc, 0xaedc, 
	0xaedc, 0xaedc, 0xaedc, 0xaedc, 0xaedc, 0xaedc, 0xaedc, 0xaedc, 0xaedc, 0xaedc, 0xaedc, 0xaedc, 0xaedc, 0xaedc, 0xaedc, 0xaedc, 
	0xaedc, 0xaedc, 0xaedc, 0xaedc, 0xaedc, 0xaedc, 0xaedc, 0xaedc, 0xaedc, 0xaedc, 0xaedc, 0xaedc, 0xaedc, 0xaedc, 0xaedc, 0xaedc, 
	0xaedc, 0xaedc, 0xaedc, 0xaedc, 0xaedc, 0xaedc, 0xaedc, 0xaedc, 0xaedc, 0xaedc, 0xaedc, 0xaedc, 0xaedc, 0xaedc, 0xaedc, 0xaedc, 
	0xaedc, 0xaedc, 0xaedc, 0xaedc, 0xaedc, 0xaedc, 0xaedc, 0xaedc, 0xaedc, 0xaedc, 0xaedc, 0xaedc, 0xaedc, 0xaedc, 0xaedc, 0xaedc, 
	0xaedc, 0xaedc, 0xaedc, 0xaedc, 0xaedc, 0xaedc, 0xaedc, 0xaedc, 0xaedc, 0xaedc, 0xaedc, 0xaedc, 0xaedc, 0xaedc, 0xaedc, 0xaedc, 
	0xaedc, 0xaedc, 0xaedc, 0xaedc, 0xaedc, 0xaedc, 0xaedc, 0xaedc, 0xaedc, 0xaedc, 0xaedc, 0xaedc, 0xaedc, 0xaedc, 0xaedc, 0xaedc, 
	0xaedc, 0xaedc, 0xaedc, 0xaedc, 0xaedc, 0xaedc, 0xaedc, 0xaedc, 0xaedc, 0xaedc, 0xaedc, 0xaedc, 0xaedc, 0xaedc, 0xaedc, 0xaedc, 
	0xaedc, 0xaedc, 0xaedc, 0xaedc, 0xaedc, 0xaedc, 0xaedc, 0xaedc, 0xaedc, 0xaedc, 0xaedc, 0xaedc, 0xaedc, 0xaedc, 0xaedc, 0xaedc, 
	0xaedc, 0xaedc, 0xaedc, 0xaedc, 0xaedc, 0xaedc, 0xaedc, 0xaedc, 0xaedc, 0xaedc, 0xaedc, 0xaedc, 0xaedc, 0xaedc, 0xaedc, 0xaedc, 
	0xaedc, 0xaedc, 0xaedc, 0xaedc, 0xaedc, 0xaedc, 0xaedc, 0xaedc, 0xaedc, 0xaedc, 0xaedc, 0xaedc, 0xaedc, 0xaedc, 0xaedc, 0xaedc, 
	0xaedc, 0xaedc, 0xaedc, 0xaedc, 0xaedc, 0xaedc, 0xaedc, 0xaedc, 0xaedc, 0xaedc, 0xaedc, 0xaedc, 0xaedc, 0xaedc, 0xaedc, 0xaedc, 
	0xaedc, 0xaedc, 0xaedc, 0xaedc, 0xaedc, 0xaedc, 0xaedc, 0xaedc, 0xaedc, 0xaedc, 0xaedc, 0xaedc, 0xaedc, 0xaedc, 0xaedc, 0xaedc, 
	0xaedc, 0xaedc, 0xaedc, 0xaedc, 0xaedc, 0xaedc, 0xaedc, 0xaedc, 0xaedc, 0xaedc, 0xaedc, 0xaedc, 0xaedc, 0xaedc, 0xaedc, 0xaedc, 
	0xaedc, 0xaedc, 0xaedc, 0xaedc, 0xaedc, 0xaedc, 0xaedc, 0xaedc, 0xaedc, 0xaedc, 0xaedc, 0xaedc, 0xaedc, 0xaedc, 0xaedc, 0xaedc, 
	0xaedc, 0xaedc, 0xaedc, 0xaedc, 0xaedc, 0xaedc, 0xaedc, 0xaedc, 0xaedc, 0xaedc, 0xaedc, 0xaedc, 0xaedc, 0xaedc, 0xaedc, 0xaedc, 
	0xaedc, 0xaedc, 0xaedc, 0xaedc, 0xaedc, 0xaedc, 0xaedc, 0xaedc, 0xaedc, 0xaedc, 0xaedc, 0xaedc, 0xaedc, 0xaedc, 0xaedc, 0xaedc, 
	0xaedc, 0xaedc, 0xaedc, 0xaedc, 0xaedc, 0xaedc, 0xaedc, 0xaedc, 0xaedc, 0xaedc, 0xaedc, 0xaedc, 0xaedc, 0xaedc, 0xaedc, 0xaedc, 
	0xaedc, 0xaedc, 0xaedc, 0xaedc, 0xaedc, 0xaedc, 0xaedc, 0xaedc, 0xaedc, 0xaedc, 0xaedc, 0xaedc, 0xaedc, 0xaedc, 0xaedc, 0xaedc, 
	0xaedc, 0xaedc, 0xaedc, 0xaedc, 0xaedc, 0xaedc, 0xaedc, 0xaedc, 0xaedc, 0xaedc, 0xaedc, 0xaedc, 0xaedc, 0xaedc, 0xaedc, 0xaedc, 
	0xaedc, 0xaedc, 0xaedc, 0xaedc, 0xaedc, 0xaedc, 0xaedc, 0xaedc, 0xaedc, 0xaedc, 0xaedc, 0xaedc, 0xaedc, 0xaedc, 0xaedc, 0xaedc, 
	0xaedc, 0xaedc, 0xaedc, 0xaedc, 0xaedc, 0xaedc, 0xaedc, 0xaedc, 0xaedc, 0xaedc, 0xaedc, 0xaedc, 0xaedc, 0xaedc, 0xaedc, 0xaedc, 
	0xaedc, 0xaedc, 0xaedc, 0xaedc, 0xaedc, 0xaedc, 0xaedc, 0xaedc, 0xaedc, 0xaedc, 0xaedc, 0xaedc, 0xaedc, 0xaedc, 0xaedc, 0xaedc, 
	0xaedc, 0xaedc, 0xaedc, 0xaedc, 0xaedc, 0xaedc, 0xaedc, 0xaedc, 0xaedc, 0xaedc, 0xaedc, 0xaedc, 0xaedc, 0xaedc, 0xaedc, 0xaedc, 
	0xaedc, 0xaedc, 0xaedc, 0xaedc, 0xaedc, 0xaedc, 0xaedc, 0xaedc, 0xaedc, 0xaedc, 0xaedc, 0xaedc, 0xaedc, 0xaedc, 0xaedc, 0xaedc, 
	0xaedc, 0xaedc, 0xaedc, 0xaedc, 0xaedc, 0xaedc, 0xaedc, 0xaedc, 0xaedc, 0xaedc, 0xaedc, 0xaedc, 0xaedc, 0xaedc, 0xaedc, 0xaedc, 
	0xaedc, 0xaedc, 0xaedc, 0xaedc, 0xaedc, 0xaedc, 0xaedc, 0xaedc, 0xaedc, 0xaedc, 0xaedc, 0xaedc, 0xaedc, 0xaedc, 0xaedc, 0xaedc, 
	0xaedc, 0xaedc, 0xaedc, 0xaedc, 0xaedc, 0xaedc, 0xaedc, 0xaedc, 0xaedc, 0xaedc, 0xaedc, 0xaedc, 0xaedc, 0xaedc, 0xaedc, 0xaedc, 
	0xaedc, 0xaedc, 0xaedc, 0xaedc, 0xaedc, 0xaedc, 0xaedc, 0xaedc, 0xaedc, 0xaedc, 0xaedc, 0xaedc, 0xaedc, 0xaedc, 0xaedc, 0xaedc, 
	0xaedc, 0xaedc, 0xaedc, 0xaedc, 0xaedc, 0xaedc, 0xaedc, 0xaedc, 0xaedc, 0xaedc, 0xaedc, 0xaedc, 0xaedc, 0xaedc, 0xaedc, 0xaedc, 
	0xaedc, 0xaedc, 0xaedc, 0xaedc, 0xaedc, 0xaedc, 0xaedc, 0xaedc, 0xaedc, 0xaedc, 0xaedc, 0xaedc, 0xaedc, 0xaedc, 0xaedc, 0xaedc, 
	0xaedc, 0xaedc, 0xaedc, 0xaedc, 0xaedc, 0xaedc, 0xaedc, 0xaedc, 0xaedc, 0xaedc, 0xaedc, 0xaedc, 0xaedc, 0xaedc, 0xaedc, 0xaedc, 
	0xaedc, 0xaedc, 0xaedc, 0xaedc, 0xaedc, 0xaedc, 0xaedc, 0xaedc, 0xaedc, 0xaedc, 0xaedc, 0xaedc, 0xaedc, 0xaedc, 0xaedc, 0xaedc, 
	0xaedc, 0xaedc, 0xaedc, 0xaedc, 0xaedc, 0xaedc, 0xaedc, 0xaedc, 0xaedc, 0xaedc, 0xaedc, 0xaedc, 0xaedc, 0xaedc, 0xaedc, 0xaedc, 
	0xaedc, 0xaedc, 0xaedc, 0xaedc, 0xaedc, 0xaedc, 0xaedc, 0xaedc, 0xaedc, 0xaedc, 0xaedc, 0xaedc, 0xaedc, 0xaedc, 0xaedc, 0xaedc, 
	0xaedc, 0xaedc, 0xaedc, 0xaedc, 0xaedc, 0xaedc, 0xaedc, 0xaedc, 0xaedc, 0xaedc, 0xaedc, 0xaedc, 0xaedc, 0xaedc, 0xaedc, 0xaedc, 
	0xaedc, 0xaedc, 0xaedc, 0xaedc, 0xaedc, 0xaedc, 0xaedc, 0xaedc, 0xaedc, 0xaedc, 0xaedc, 0xaedc, 0xaedc, 0xaedc, 0xaedc, 0xaedc, 
	0xaedc, 0xaedc, 0xaedc, 0xaedc, 0xaedc, 0xaedc, 0xaedc, 0xaedc, 0xaedc, 0xaedc, 0xaedc, 0xaedc, 0xaedc, 0xaedc, 0xaedc, 0xaedc, 
	0xaedc, 0xaedc, 0xaedc, 0xaedc, 0xaedc, 0xaedc, 0xaedc, 0xaedc, 0xaedc, 0xaedc, 0xaedc, 0xaedc, 0xaedc, 0xaedc, 0xaedc, 0xaedc, 
	0xaedc, 0xaedc, 0xaedc, 0xaedc, 0xaedc, 0xaedc, 0xaedc, 0xaedc, 0xaedc, 0xaedc, 0xaedc, 0xaedc, 0xaedc, 0xaedc, 0xaedc, 0xaedc, 
	0xaedc, 0xaedc, 0xaedc, 0xaedc, 0xaedc, 0xaedc, 0xaedc, 0xaedc, 0xaedc, 0xaedc, 0xaedc, 0xaedc, 0xaedc, 0xaedc, 0xaedc, 0xaedc, 
	0xaedc, 0xaedc, 0xaedc, 0xaedc, 0xaedc, 0xaedc, 0xaedc, 0xaedc, 0xaedc, 0xaedc, 0xaedc, 0xaedc, 0xaedc, 0xaedc, 0xaedc, 0xaedc, 
	0xaedc, 0xaedc, 0xaedc, 0xaedc, 0xaedc, 0xaedc, 0xaedc, 0xaedc, 0xaedc, 0xaedc, 0xaedc, 0xaedc, 0xaedc, 0xaedc, 0xaedc, 0xaedc, 
	0xaedc, 0xaedc, 0xaedc, 0xaedc, 0xaedc, 0xaedc, 0xaedc, 0xaedc, 0xaedc, 0xaedc, 0xaedc, 0xaedc, 0xaedc, 0xaedc, 0xaedc, 0xaedc, 
	0xaedc, 0xaedc, 0xaedc, 0xaedc, 0xaedc, 0xaedc, 0xaedc, 0xaedc, 0xaedc, 0xaedc, 0xaedc, 0xaedc, 0xaedc, 0xaedc, 0xaedc, 0xaedc, 
	0xaedc, 0xaedc, 0xaedc, 0xaedc, 0xaedc, 0xaedc, 0xaedc, 0xaedc, 0xaedc, 0xaedc, 0xaedc, 0xaedc, 0xaedc, 0xaedc, 0xaedc, 0xaedc, 
	0xaedc, 0xaedc, 0xaedc, 0xaedc, 0xaedc, 0xaedc, 0xaedc, 0xaedc, 0xaedc, 0xaedc, 0xaedc, 0xaedc, 0xaedc, 0xaedc, 0xaedc, 0xaedc, 
	0xaedc, 0xaedc, 0xaedc, 0xaedc, 0xaedc, 0xaedc, 0xaedc, 0xaedc, 0xaedc, 0xaedc, 0xaedc, 0xaedc, 0xaedc, 0xaedc, 0xaedc, 0xaedc, 
	0xaedc, 0xaedc, 0xaedc, 0xaedc, 0xaedc, 0xaedc, 0xaedc, 0xaedc, 0xaedc, 0xaedc, 0xaedc, 0xaedc, 0xaedc, 0xaedc, 0xaedc, 0xaedc, 
	0xaedc, 0xaedc, 0xaedc, 0xaedc, 0xaedc, 0xaedc, 0xaedc, 0xaedc, 0xaedc, 0xaedc, 0xaedc, 0xaedc, 0xaedc, 0xaedc, 0xaedc, 0xaedc, 
	0xaedc, 0xaedc, 0xaedc, 0xaedc, 0xaedc, 0xaedc, 0xaedc, 0xaedc, 0xaedc, 0xaedc, 0xaedc, 0xaedc, 0xaedc, 0xaedc, 0xaedc, 0xaedc, 
	0xaedc, 0xaedc, 0xaedc, 0xaedc, 0xaedc, 0xaedc, 0xaedc, 0xaedc, 0xaedc, 0xaedc, 0xaedc, 0xaedc, 0xaedc, 0xaedc, 0xaedc, 0xaedc, 
	0xaedc, 0xaedc, 0xaedc, 0xaedc, 0xaedc, 0xaedc, 0xaedc, 0xaedc, 0xaedc, 0xaedc, 0xaedc, 0xaedc, 0xaedc, 0xaedc, 0xaedc, 0xaedc, 
	0xaedc, 0xaedc, 0xaedc, 0xaedc, 0xaedc, 0xaedc, 0xaedc, 0xaedc, 0xaedc, 0xaedc, 0xaedc, 0xaedc, 0xaedc, 0xaedc, 0xaedc, 0xaedc, 
	0xaedc, 0xaedc, 0xaedc, 0xaedc, 0xaedc, 0xaedc, 0xaedc, 0xaedc, 0xaedc, 0xaedc, 0xaedc, 0xaedc, 0xaedc, 0xaedc, 0xaedc, 0xaedc, 
	0xaedc, 0xaedc, 0xaedc, 0xaedc, 0xaedc, 0xaedc, 0xaedc, 0xaedc, 0xaedc, 0xaedc, 0xaedc, 0xaedc, 0xaedc, 0xaedc, 0xaedc, 0xaedc, 
	0xaedc, 0xaedc, 0xaedc, 0xaedc, 0xaedc, 0xaedc, 0xaedc, 0xaedc, 0xaedc, 0xaedc, 0xaedc, 0xaedc, 0xaedc, 0xaedc, 0xaedc, 0xaedc, 
	0xaedc, 0xaedc, 0xaedc, 0xaedc, 0xaedc, 0xaedc, 0xaedc, 0xaedc, 0xaedc, 0xaedc, 0xaedc, 0xaedc, 0xaedc, 0xaedc, 0xaedc, 0xaedc, 
	0xaedc, 0xaedc, 0xaedc, 0xaedc, 0xaedc, 0xaedc, 0xaedc, 0xaedc, 0xaedc, 0xaedc, 0xaedc, 0xaedc, 0xaedc, 0xaedc, 0xaedc, 0xaedc, 
	0xaedc, 0xaedc, 0xaedc, 0xaedc, 0xaedc, 0xaedc, 0xaedc, 0xaedc, 0xaedc, 0xaedc, 0xaedc, 0xaedc, 0xaedc, 0xaedc, 0xaedc, 0xaedc, 
	0xaedc, 0xaedc, 0xaedc, 0xaedc, 0xaedc, 0xaedc, 0xaedc, 0xaedc, 0xaedc, 0xaedc, 0xaedc, 0xaedc, 0xaedc, 0xaedc, 0xaedc, 0xaedc, 
	0xaedc, 0xaedc, 0xaedc, 0xaedc, 0xaedc, 0xaedc, 0xaedc, 0xaedc, 0xaedc, 0xaedc, 0xaedc, 0xaedc, 0xaedc, 0xaedc, 0xaedc, 0xaedc, 
	0xaedc, 0xaedc, 0xaedc, 0xaedc, 0xaedc, 0xaedc, 0xaedc, 0xaedc, 0xaedc, 0xaedc, 0xaedc, 0xaedc, 0xaedc, 0xaedc, 0xaedc, 0xaedc, 
	0xaedc, 0xaedc, 0xaedc, 0xaedc, 0xaedc, 0xaedc, 0xaedc, 0xaedc, 0xaedc, 0xaedc, 0xaedc, 0xaedc, 0xaedc, 0xaedc, 0xaedc, 0xaedc, 
	0xaedc, 0xaedc, 0xaedc, 0xaedc, 0xaedc, 0xaedc, 0xaedc, 0xaedc, 0xaedc, 0xaedc, 0xaedc, 0xaedc, 0xaedc, 0xaedc, 0xaedc, 0xaedc, 
	0xaedc, 0xaedc, 0xaedc, 0xaedc, 0xaedc, 0xaedc, 0xaedc, 0xaedc, 0xaedc, 0xaedc, 0xaedc, 0xaedc, 0xaedc, 0xaedc, 0xaedc, 0xaedc, 
	0xaedc, 0xaedc, 0xaedc, 0xaedc, 0xaedc, 0xaedc, 0xaedc, 0xaedc, 0xaedc, 0xaedc, 0xaedc, 0xaedc, 0xaedc, 0xaedc, 0xaedc, 0xaedc, 
	0xaedc, 0xaedc, 0xaedc, 0xaedc, 0xaedc, 0xaedc, 0xaedc, 0xaedc, 0xaedc, 0xaedc, 0xaedc, 0xaedc, 0xaedc, 0xaedc, 0xaedc, 0xaedc, 
	0xaedc, 0xaedc, 0xaedc, 0xaedc, 0xaedc, 0xaedc, 0xaedc, 0xaedc, 0xaedc, 0xaedc, 0xaedc, 0xaedc, 0xaedc, 0xaedc, 0xaedc, 0xaedc, 
	0xaedc, 0xaedc, 0xaedc, 0xaedc, 0xaedc, 0xaedc, 0xaedc, 0xaedc, 0xaedc, 0xaedc, 0xaedc, 0xaedc, 0xaedc, 0xaedc, 0xaedc, 0xaedc, 
	0xaedc, 0xaedc, 0xaedc, 0xaedc, 0xaedc, 0xaedc, 0xaedc, 0xaedc, 0xaedc, 0xaedc, 0xaedc, 0xaedc, 0xaedc, 0xaedc, 0xaedc, 0xaedc, 
	0xaedc, 0xaedc, 0xaedc, 0xaedc, 0xaedc, 0xaedc, 0xaedc, 0xaedc, 0xaedc, 0xaedc, 0xaedc, 0xaedc, 0xaedc, 0xaedc, 0xaedc, 0xaedc, 
	0xaedc, 0xaedc, 0xaedc, 0xaedc, 0xaedc, 0xaedc, 0xaedc, 0xaedc, 0xaedc, 0xaedc, 0xaedc, 0xaedc, 0xaedc, 0xaedc, 0xaedc, 0xaedc, 
	0xaedc, 0xaedc, 0xaedc, 0xaedc, 0xaedc, 0xaedc, 0xaedc, 0xaedc, 0xaedc, 0xaedc, 0xaedc, 0xaedc, 0xaedc, 0xaedc, 0xaedc, 0xaedc, 
	0xaedc, 0xaedc, 0xaedc, 0xaedc, 0xaedc, 0xaedc, 0xaedc, 0xaedc, 0xaedc, 0xaedc, 0xaedc, 0xaedc, 0xaedc, 0xaedc, 0xaedc, 0xaedc, 
	0xaedc, 0xaedc, 0xaedc, 0xaedc, 0xaedc, 0xaedc, 0xaedc, 0xaedc, 0xaedc, 0xaedc, 0xaedc, 0xaedc, 0xaedc, 0xaedc, 0xaedc, 0xaedc, 
	0xaedc, 0xaedc, 0xaedc, 0xaedc, 0xaedc, 0xaedc, 0xaedc, 0xaedc, 0xaedc, 0xaedc, 0xaedc, 0xaedc, 0xaedc, 0xaedc, 0xaedc, 0xaedc, 
	0xaedc, 0xaedc, 0xaedc, 0xaedc, 0xaedc, 0xaedc, 0xaedc, 0xaedc, 0xaedc, 0xaedc, 0xaedc, 0xaedc, 0xaedc, 0xaedc, 0xaedc, 0xaedc, 
	0xaedc, 0xaedc, 0xaedc, 0xaedc, 0xaedc, 0xaedc, 0xaedc, 0xaedc, 0xaedc, 0xaedc, 0xaedc, 0xaedc, 0xaedc, 0xaedc, 0xaedc, 0xaedc, 
	0xaedc, 0xaedc, 0xaedc, 0xaedc, 0xaedc, 0xaedc, 0xaedc, 0xaedc, 0xaedc, 0xaedc, 0xaedc, 0xaedc, 0xaedc, 0xaedc, 0xaedc, 0xaedc, 
	0xaedc, 0xaedc, 0xaedc, 0xaedc, 0xaedc, 0xaedc, 0xaedc, 0xaedc, 0xaedc, 0xaedc, 0xaedc, 0xaedc, 0xaedc, 0xaedc, 0xaedc, 0xaedc, 
	0xaedc, 0xaedc, 0xaedc, 0xaedc, 0xaedc, 0xaedc, 0xaedc, 0xaedc, 0xaedc, 0xaedc, 0xaedc, 0xaedc, 0xaedc, 0xaedc, 0xaedc, 0xaedc, 
	0xaedc, 0xaedc, 0xaedc, 0xaedc, 0xaedc, 0xaedc, 0xaedc, 0xaedc, 0xaedc, 0xaedc, 0xaedc, 0xaedc, 0xaedc, 0xaedc, 0xaedc, 0xaedc, 
	0xaedc, 0xaedc, 0xaedc, 0xaedc, 0xaedc, 0xaedc, 0xaedc, 0xaedc, 0xaedc, 0xaedc, 0xaedc, 0xaedc, 0xaedc, 0xaedc, 0xaedc, 0xaedc, 
	0xaedc, 0xaedc, 0xaedc, 0xaedc, 0xaedc, 0xaedc, 0xaedc, 0xaedc, 0xaedc, 0xaedc, 0xaedc, 0xaedc, 0xaedc, 0xaedc, 0xaedc, 0xaedc, 
	0xaedc, 0xaedc, 0xaedc, 0xaedc, 0xaedc, 0xaedc, 0xaedc, 0xaedc, 0xaedc, 0xaedc, 0xaedc, 0xaedc, 0xaedc, 0xaedc, 0xaedc, 0xaedc, 
	0xaedc, 0xaedc, 0xaedc, 0xaedc, 0xaedc, 0xaedc, 0xaedc, 0xaedc, 0xaedc, 0xaedc, 0xaedc, 0xaedc, 0xaedc, 0xaedc, 0xaedc, 0xaedc, 
	0xaedc, 0xaedc, 0xaedc, 0xaedc, 0xaedc, 0xaedc, 0xaedc, 0xaedc, 0xaedc, 0xaedc, 0xaedc, 0xaedc, 0xaedc, 0xaedc, 0xaedc, 0xaedc, 
	0xaedc, 0xaedc, 0xaedc, 0xaedc, 0xaedc, 0xaedc, 0xaedc, 0xaedc, 0xaedc, 0xaedc, 0xaedc, 0xaedc, 0xaedc, 0xaedc, 0xaedc, 0xaedc, 
	0xaedc, 0xaedc, 0xaedc, 0xaedc, 0xaedc, 0xaedc, 0xaedc, 0xaedc, 0xaedc, 0xaedc, 0xaedc, 0xaedc, 0xaedc, 0xaedc, 0xaedc, 0xaedc, 
	0xaedc, 0xaedc, 0xaedc, 0xaedc, 0xaedc, 0xaedc, 0xaedc, 0xaedc, 0xaedc, 0xaedc, 0xaedc, 0xaedc, 0xaedc, 0xaedc, 0xaedc, 0xaedc, 
	0xaedc, 0xaedc, 0xaedc, 0xaedc, 0xaedc, 0xaedc, 0xaedc, 0xaedc, 0xaedc, 0xaedc, 0xaedc, 0xaedc, 0xaedc, 0xaedc, 0xaedc, 0xaedc, 
	0xaedc, 0xaedc, 0xaedc, 0xaedc, 0xaedc, 0xaedc, 0xaedc, 0xaedc, 0xaedc, 0xaedc, 0xaedc, 0xaedc, 0xaedc, 0xaedc, 0xaedc, 0xaedc, 
	0xaedc, 0xaedc, 0xaedc, 0xaedc, 0xaedc, 0xaedc, 0xaedc, 0xaedc, 0xaedc, 0xaedc, 0xaedc, 0xaedc, 0xaedc, 0xaedc, 0xaedc, 0xaedc, 
	0xaedc, 0xaedc, 0xaedc, 0xaedc, 0xaedc, 0xaedc, 0xaedc, 0xaedc, 0xaedc, 0xaedc, 0xaedc, 0xaedc, 0xaedc, 0xaedc, 0xaedc, 0xaedc, 
	0xaedc, 0xaedc, 0xaedc, 0xaedc, 0xaedc, 0xaedc, 0xaedc, 0xaedc, 0xaedc, 0xaedc, 0xaedc, 0xaedc, 0xaedc, 0xaedc, 0xaedc, 0xaedc, 
	0xaedc, 0xaedc, 0xaedc, 0xaedc, 0xaedc, 0xaedc, 0xaedc, 0xaedc, 0xaedc, 0xaedc, 0xaedc, 0xaedc, 0xaedc, 0xaedc, 0xaedc, 0xaedc, 
	0xaedc, 0xaedc, 0xaedc, 0xaedc, 0xaedc, 0xaedc, 0xaedc, 0xaedc, 0xaedc, 0xaedc, 0xaedc, 0xaedc, 0xaedc, 0xaedc, 0xaedc, 0xaedc, 
	0xaedc, 0xaedc, 0xaedc, 0xaedc, 0xaedc, 0xaedc, 0xaedc, 0xaedc, 0xaedc, 0xaedc, 0xaedc, 0xaedc, 0xaedc, 0xaedc, 0xaedc, 0xaedc, 
	0xaedc, 0xaedc, 0xaedc, 0xaedc, 0xaedc, 0xaedc, 0xaedc, 0xaedc, 0xaedc, 0xaedc, 0xaedc, 0xaedc, 0xaedc, 0xaedc, 0xaedc, 0xaedc, 
	0xaedc, 0xaedc, 0xaedc, 0xaedc, 0xaedc, 0xaedc, 0xaedc, 0xaedc, 0xaedc, 0xaedc, 0xaedc, 0xaedc, 0xaedc, 0xaedc, 0xaedc, 0xaedc, 
	0xb6dd, 0xaedc, 0xb6fd, 0xaebc, 0xaebc, 0xb6dd, 0xaefd, 0xaedc, 0xaedc, 0xaedc, 0xaedc, 0xaedc, 0xaedc, 0xaedc, 0xaedc, 0xaedc, 
	0xaedc, 0xaedc, 0xaedc, 0xaedc, 0xaedc, 0xaedc, 0xaedc, 0xaedc, 0xaedc, 0xaedc, 0xaedc, 0xaedc, 0xaedc, 0xaedc, 0xaedc, 0xaedc, 
	0xb6dd, 0xb6dd, 0xaedc, 0xaedc, 0xaedc, 0xaedc, 0xaedc, 0xaedc, 0xb6dd, 0xaedc, 0xaedc, 0xaedc, 0xb6dc, 0xb6dc, 0xaedc, 0xaedc, 
	0xb6fd, 0xaedc, 0xaedc, 0xaefd, 0xaedc, 0xaedc, 0xaedc, 0xaedc, 0xaedc, 0xaedc, 0xaedc, 0xaedc, 0xaedc, 0xaedc, 0xaedc, 0xaedc, 
	0xaedc, 0xaedc, 0xaedc, 0xaedc, 0xaedc, 0xaedc, 0xaedc, 0xaedc, 0xaedc, 0xaedc, 0xaedc, 0xaedc, 0xaedc, 0xaedc, 0xaedc, 0xaedc, 
	0xaedc, 0xaedc, 0xaedc, 0xaedc, 0xaedc, 0xaedc, 0xaedc, 0xaedc, 0xaedc, 0xaedc, 0xaedc, 0xaedc, 0xaedc, 0xaedc, 0xaedc, 0xaedc, 
	0xaedc, 0xaedc, 0xaedc, 0xaedc, 0xaedc, 0xaedc, 0xaedc, 0xaedc, 0xaedc, 0xaedc, 0xaedc, 0xaedc, 0xaedc, 0xaedc, 0xaedc, 0xaedc, 
	0xaedc, 0xaedc, 0xaedc, 0xaedc, 0xaedc, 0xaedc, 0xaedc, 0xaedc, 0xaedc, 0xaedc, 0xaedc, 0xaedc, 0xaedc, 0xaedc, 0xaedc, 0xaedc, 
	0xaedc, 0xaedc, 0xaedc, 0xaedc, 0xaedc, 0xaedc, 0xaedc, 0xaedc, 0xaedc, 0xaedc, 0xaedc, 0xaedc, 0xaedc, 0xaedc, 0xaedc, 0xaedc, 
	0xaedc, 0xaedc, 0xaedc, 0xaedc, 0xaedc, 0xaedc, 0xaedc, 0xaedc, 0xaedc, 0xaedc, 0xaedc, 0xaedc, 0xaedc, 0xaedc, 0xaedc, 0xaedc, 
	0xaedc, 0xaedc, 0xaedc, 0xaedc, 0xaedc, 0xaedc, 0xaedc, 0xaedc, 0xaedc, 0xaedc, 0xaedc, 0xaedc, 0xaedc, 0xaedc, 0xaedc, 0xaedc, 
	0xaedc, 0xaedc, 0xaedc, 0xaedc, 0xaedc, 0xaedc, 0xaedc, 0xaedc, 0xaedc, 0xaedc, 0xaedc, 0xaedc, 0xaedc, 0xaedc, 0xaedc, 0xaedc, 
	0xaedc, 0xaedc, 0xaedc, 0xaedc, 0xaedc, 0xaedc, 0xaedc, 0xaedc, 0xaedc, 0xaedc, 0xaedc, 0xaedc, 0xaedc, 0xaedc, 0xaedc, 0xaedc, 
	0xaedc, 0xaedc, 0xaedc, 0xaedc, 0xaedc, 0xaedc, 0xaedc, 0xaedc, 0xaedc, 0xaedc, 0xaedc, 0xaedc, 0xaedc, 0xaedc, 0xaedc, 0xaedc, 
	0xaedc, 0xaedc, 0xaedc, 0xaedc, 0xaedc, 0xaedc, 0xaedc, 0xaedc, 0xaedc, 0xaedc, 0xaedc, 0xaedc, 0xaedc, 0xaedc, 0xaedc, 0xaedc, 
	0xaedc, 0xaedc, 0xaedc, 0xaedc, 0xaedc, 0xaedc, 0xaedc, 0xaedc, 0xaedc, 0xaedc, 0xaedc, 0xaedc, 0xaedc, 0xaedc, 0xaedc, 0xaedc, 
	0xaedc, 0xaedc, 0xaefd, 0xaefd, 0xb6dd, 0xaedd, 0xaebc, 0xaefd, 0xaedd, 0xaedd, 0xaedd, 0xaedd, 0xaedd, 0xaedd, 0xaedd, 0xaedd, 
	0xaedd, 0xaedd, 0xaedd, 0xaedd, 0xaedd, 0xaedd, 0xaedd, 0xaedd, 0xaedd, 0xaedd, 0xaedd, 0xaedd, 0xaedd, 0xaedd, 0xaedd, 0xaedd, 
	0xaedc, 0xaedc, 0xaedc, 0xaedc, 0xaedc, 0xaedc, 0xaedc, 0xaedc, 0xa6dc, 0xaedc, 0xaefc, 0xaefd, 0xaedd, 0xaedd, 0xaedd, 0xb6dd, 
	0xaedc, 0xaedd, 0xb6dd, 0xaebc, 0xaebc, 0xb6dd, 0xb6fd, 0xaedc, 0xaedc, 0xaedc, 0xaedc, 0xaedc, 0xaedc, 0xaedc, 0xaedc, 0xaedc, 
	0xaedc, 0xaedc, 0xaedc, 0xaedc, 0xaedc, 0xaedc, 0xaedc, 0xaedc, 0xaedc, 0xaedc, 0xaedc, 0xaedc, 0xaedc, 0xaedc, 0xaedc, 0xaedc, 
	0xaedc, 0xaedc, 0xaedc, 0xaedc, 0xaedc, 0xaedc, 0xaedc, 0xaedc, 0xaedc, 0xaedc, 0xaedc, 0xaedc, 0xaedc, 0xaedc, 0xaedc, 0xaedc, 
	0xaedc, 0xaedc, 0xaedc, 0xaedc, 0xaedc, 0xaedc, 0xaedc, 0xaedc, 0xaedc, 0xaedc, 0xaedc, 0xaedc, 0xaedc, 0xaedc, 0xaedc, 0xaedc, 
	0xaedc, 0xaedc, 0xaedc, 0xaedc, 0xaedc, 0xaedc, 0xaedc, 0xaedc, 0xaedc, 0xaedc, 0xaedc, 0xaedc, 0xaedc, 0xaedc, 0xaedc, 0xaedc, 
	0xaedc, 0xaedc, 0xaedc, 0xaedc, 0xaedc, 0xaedc, 0xaedc, 0xaedc, 0xaedc, 0xaedc, 0xaedc, 0xaedc, 0xaedc, 0xaedc, 0xaedc, 0xaedc, 
	0xaedc, 0xaedc, 0xaedc, 0xaedc, 0xaedc, 0xaedc, 0xaedc, 0xaedc, 0xaedc, 0xaedc, 0xaedc, 0xaedc, 0xaedc, 0xaedc, 0xaedc, 0xaedc, 
	0xaedc, 0xaedc, 0xaedc, 0xaedc, 0xaedc, 0xaedc, 0xaedc, 0xaedc, 0xaedc, 0xaedc, 0xaedc, 0xaedc, 0xaedc, 0xaedc, 0xaedc, 0xaedc, 
	0xaedc, 0xaedc, 0xaedc, 0xaedc, 0xaedc, 0xaedc, 0xaedc, 0xaedc, 0xaedc, 0xaedc, 0xaedc, 0xaedc, 0xaedc, 0xaedc, 0xaedc, 0xaedc, 
	0xaedc, 0xaedc, 0xaedc, 0xaedc, 0xaedc, 0xaedc, 0xaedc, 0xaedc, 0xaedc, 0xaedc, 0xaedc, 0xaedc, 0xaedc, 0xaedc, 0xaedc, 0xaedc, 
	0xaedc, 0xaedc, 0xaedc, 0xaedc, 0xaedc, 0xaedc, 0xaedc, 0xaedc, 0xaedc, 0xaedc, 0xaedc, 0xaedc, 0xaedc, 0xaedc, 0xaedc, 0xaedc, 
	0xaedc, 0xaedc, 0xaedc, 0xaedc, 0xaedc, 0xaedc, 0xaedc, 0xaedc, 0xaedc, 0xaedc, 0xaedc, 0xaedc, 0xaedc, 0xaedc, 0xaedc, 0xaedc, 
	0xaedc, 0xaedc, 0xaedc, 0xaedc, 0xaedc, 0xaedc, 0xaedc, 0xaedc, 0xaedc, 0xaedc, 0xaedc, 0xaedc, 0xaedc, 0xaedc, 0xaedc, 0xaedc, 
	0xb6fc, 0xaebc, 0xaedc, 0xaedc, 0xaebc, 0xb6fd, 0xaebc, 0xaedc, 0xaebd, 0xaebd, 0xaebd, 0xaebd, 0xaebd, 0xaebd, 0xaebd, 0xaebd, 
	0xaebd, 0xaebd, 0xaebd, 0xaebd, 0xaebd, 0xaebd, 0xaebd, 0xaebd, 0xaebd, 0xaebd, 0xaebd, 0xaebd, 0xaebd, 0xaebd, 0xaebd, 0xaebd, 
	0xaebc, 0xaedc, 0xaedc, 0xaedc, 0xaedc, 0xaedc, 0xb6dc, 0xb6dc, 0xaefc, 0xaefc, 0xaedc, 0xaedd, 0xaedd, 0xaedd, 0xaedd, 0xaedd, 
	0xaedc, 0xaedc, 0xb6dd, 0xb6dd, 0xb6bc, 0xb6bc, 0xaebc, 0xaedc, 0xaedc, 0xaedc, 0xaedc, 0xaedc, 0xaedc, 0xaedc, 0xaedc, 0xaedc, 
	0xaedc, 0xaedc, 0xaedc, 0xaedc, 0xaedc, 0xaedc, 0xaedc, 0xaedc, 0xaedc, 0xaedc, 0xaedc, 0xaedc, 0xaedc, 0xaedc, 0xaedc, 0xaedc, 
	0xaedc, 0xaedc, 0xaedc, 0xaedc, 0xaedc, 0xaedc, 0xaedc, 0xaedc, 0xaedc, 0xaedc, 0xaedc, 0xaedc, 0xaedc, 0xaedc, 0xaedc, 0xaedc, 
	0xaedc, 0xaedc, 0xaedc, 0xaedc, 0xaedc, 0xaedc, 0xaedc, 0xaedc, 0xaedc, 0xaedc, 0xaedc, 0xaedc, 0xaedc, 0xaedc, 0xaedc, 0xaedc, 
	0xaedc, 0xaedc, 0xaedc, 0xaedc, 0xaedc, 0xaedc, 0xaedc, 0xaedc, 0xaedc, 0xaedc, 0xaedc, 0xaedc, 0xaedc, 0xaedc, 0xaedc, 0xaedc, 
	0xaedc, 0xaedc, 0xaedc, 0xaedc, 0xaedc, 0xaedc, 0xaedc, 0xaedc, 0xaedc, 0xaedc, 0xaedc, 0xaedc, 0xaedc, 0xaedc, 0xaedc, 0xaedc, 
	0xaedc, 0xaedc, 0xaedc, 0xaedc, 0xaedc, 0xaedc, 0xaedc, 0xaedc, 0xaedc, 0xaedc, 0xaedc, 0xaedc, 0xaedc, 0xaedc, 0xaedc, 0xaedc, 
	0xaedc, 0xaedc, 0xaedc, 0xaedc, 0xaedc, 0xaedc, 0xaedc, 0xaedc, 0xaedc, 0xaedc, 0xaedc, 0xaedc, 0xaedc, 0xaedc, 0xaedc, 0xaedc, 
	0xaedc, 0xaedc, 0xaedc, 0xaedc, 0xaedc, 0xaedc, 0xaedc, 0xaedc, 0xaedc, 0xaedc, 0xaedc, 0xaedc, 0xaedc, 0xaedc, 0xaedc, 0xaedc, 
	0xaedc, 0xaedc, 0xaedc, 0xaedc, 0xaedc, 0xaedc, 0xaedc, 0xaedc, 0xaedc, 0xaedc, 0xaedc, 0xaedc, 0xaedc, 0xaedc, 0xaedc, 0xaedc, 
	0xaedc, 0xaedc, 0xaedc, 0xaedc, 0xaedc, 0xaedc, 0xaedc, 0xaedc, 0xaedc, 0xaedc, 0xaedc, 0xaedc, 0xaedc, 0xaedc, 0xaedc, 0xaedc, 
	0xaedc, 0xaedc, 0xaedc, 0xaedc, 0xaedc, 0xaedc, 0xaedc, 0xaedc, 0xaedc, 0xaedc, 0xaedc, 0xaedc, 0xaedc, 0xaedc, 0xaedc, 0xaedc, 
	0xaedc, 0xaedc, 0xaedc, 0xaedc, 0xaedc, 0xaedc, 0xaedc, 0xaedc, 0xaedc, 0xaedc, 0xaedc, 0xaedc, 0xaedc, 0xaedc, 0xaedc, 0xaedc, 
	0xaedc, 0xaefd, 0xb6fd, 0x8d76, 0x536e, 0x534e, 0x534e, 0x534e, 0x534d, 0x534d, 0x534d, 0x534d, 0x534d, 0x534d, 0x534d, 0x534d, 
	0x534d, 0x534d, 0x534d, 0x534d, 0x534d, 0x534d, 0x534d, 0x534d, 0x534d, 0x534d, 0x534d, 0x534d, 0x534d, 0x534d, 0x534d, 0x534d, 
	0x534e, 0x534e, 0x534e, 0x534e, 0x534e, 0x534e, 0x5b6e, 0x5b8f, 0x63d0, 0x6c31, 0x84f4, 0x9597, 0xa63a, 0xae9b, 0xaedc, 0xaedc, 
	0xb6fd, 0xb6dd, 0xaebc, 0xaebc, 0xaedd, 0xaedc, 0xaedc, 0xb6fd, 0xaedc, 0xaedc, 0xaedc, 0xaedc, 0xaedc, 0xaedc, 0xaedc, 0xaedc, 
	0xaedc, 0xaedc, 0xaedc, 0xaedc, 0xaedc, 0xaedc, 0xaedc, 0xaedc, 0xaedc, 0xaedc, 0xaedc, 0xaedc, 0xaedc, 0xaedc, 0xaedc, 0xaedc, 
	0xaedc, 0xaedc, 0xaedc, 0xaedc, 0xaedc, 0xaedc, 0xaedc, 0xaedc, 0xaedc, 0xaedc, 0xaedc, 0xaedc, 0xaedc, 0xaedc, 0xaedc, 0xaedc, 
	0xaedc, 0xaedc, 0xaedc, 0xaedc, 0xaedc, 0xaedc, 0xaedc, 0xaedc, 0xaedc, 0xaedc, 0xaedc, 0xaedc, 0xaedc, 0xaedc, 0xaedc, 0xaedc, 
	0xaedc, 0xaedc, 0xaedc, 0xaedc, 0xaedc, 0xaedc, 0xaedc, 0xaedc, 0xaedc, 0xaedc, 0xaedc, 0xaedc, 0xaedc, 0xaedc, 0xaedc, 0xaedc, 
	0xaedc, 0xaedc, 0xaedc, 0xaedc, 0xaedc, 0xaedc, 0xaedc, 0xaedc, 0xaedc, 0xaedc, 0xaedc, 0xaedc, 0xaedc, 0xaedc, 0xaedc, 0xaedc, 
	0xaedc, 0xaedc, 0xaedc, 0xaedc, 0xaedc, 0xaedc, 0xaedc, 0xaedc, 0xaedc, 0xaedc, 0xaedc, 0xaedc, 0xaedc, 0xaedc, 0xaedc, 0xaedc, 
	0xaedc, 0xaedc, 0xaedc, 0xaedc, 0xaedc, 0xaedc, 0xaedc, 0xaedc, 0xaedc, 0xaedc, 0xaedc, 0xaedc, 0xaedc, 0xaedc, 0xaedc, 0xaedc, 
	0xaedc, 0xaedc, 0xaedc, 0xaedc, 0xaedc, 0xaedc, 0xaedc, 0xaedc, 0xaedc, 0xaedc, 0xaedc, 0xaedc, 0xaedc, 0xaedc, 0xaedc, 0xaedc, 
	0xaedc, 0xaedc, 0xaedc, 0xaedc, 0xaedc, 0xaedc, 0xaedc, 0xaedc, 0xaedc, 0xaedc, 0xaedc, 0xaedc, 0xaedc, 0xaedc, 0xaedc, 0xaedc, 
	0xaedc, 0xaedc, 0xaedc, 0xaedc, 0xaedc, 0xaedc, 0xaedc, 0xaedc, 0xaedc, 0xaedc, 0xaedc, 0xaedc, 0xaedc, 0xaedc, 0xaedc, 0xaedc, 
	0xaedc, 0xaedc, 0xaedc, 0xaedc, 0xaedc, 0xaedc, 0xaedc, 0xaedc, 0xaedc, 0xaedc, 0xaedc, 0xaedc, 0xaedc, 0xaedc, 0xaedc, 0xaedc, 
	0xaedc, 0xaedc, 0xaedc, 0xaedc, 0xaedc, 0xaedc, 0xaedc, 0xaedc, 0xaedc, 0xaedc, 0xaedc, 0xaedc, 0xaedc, 0xaedc, 0xaedc, 0xaedc, 
	0xaebc, 0xb6fd, 0xb6dd, 0x6c31, 0x0041, 0x0000, 0x0000, 0x0000, 0x0000, 0x0000, 0x0000, 0x0000, 0x0000, 0x0000, 0x0000, 0x0000, 
	0x0000, 0x0000, 0x0000, 0x0000, 0x0000, 0x0000, 0x0000, 0x0000, 0x0000, 0x0000, 0x0000, 0x0000, 0x0000, 0x0000, 0x0000, 0x0000, 
	0x0000, 0x0000, 0x0000, 0x0000, 0x0000, 0x0000, 0x0021, 0x0021, 0x0862, 0x10a3, 0x10e4, 0x1966, 0x3208, 0x4b2d, 0x7492, 0x9576, 
	0xa61a, 0xaebc, 0xb6fd, 0xaedc, 0xaefd, 0xaefd, 0xaedc, 0xaebc, 0xaedc, 0xaedc, 0xaedc, 0xaedc, 0xaedc, 0xaedc, 0xaedc, 0xaedc, 
	0xaedc, 0xaedc, 0xaedc, 0xaedc, 0xaedc, 0xaedc, 0xaedc, 0xaedc, 0xaedc, 0xaedc, 0xaedc, 0xaedc, 0xaedc, 0xaedc, 0xaedc, 0xaedc, 
	0xaedc, 0xaedc, 0xaedc, 0xaedc, 0xaedc, 0xaedc, 0xaedc, 0xaedc, 0xaedc, 0xaedc, 0xaedc, 0xaedc, 0xaedc, 0xaedc, 0xaedc, 0xaedc, 
	0xaedc, 0xaedc, 0xaedc, 0xaedc, 0xaedc, 0xaedc, 0xaedc, 0xaedc, 0xaedc, 0xaedc, 0xaedc, 0xaedc, 0xaedc, 0xaedc, 0xaedc, 0xaedc, 
	0xaedc, 0xaedc, 0xaedc, 0xaedc, 0xaedc, 0xaedc, 0xaedc, 0xaedc, 0xaedc, 0xaedc, 0xaedc, 0xaedc, 0xaedc, 0xaedc, 0xaedc, 0xaedc, 
	0xaedc, 0xaedc, 0xaedc, 0xaedc, 0xaedc, 0xaedc, 0xaedc, 0xaedc, 0xaedc, 0xaedc, 0xaedc, 0xaedc, 0xaedc, 0xaedc, 0xaedc, 0xaedc, 
	0xaedc, 0xaedc, 0xaedc, 0xaedc, 0xaedc, 0xaedc, 0xaedc, 0xaedc, 0xaedc, 0xaedc, 0xaedc, 0xaedc, 0xaedc, 0xaedc, 0xaedc, 0xaedc, 
	0xaedc, 0xaedc, 0xaedc, 0xaedc, 0xaedc, 0xaedc, 0xaedc, 0xaedc, 0xaedc, 0xaedc, 0xaedc, 0xaedc, 0xaedc, 0xaedc, 0xaedc, 0xaedc, 
	0xaedc, 0xaedc, 0xaedc, 0xaedc, 0xaedc, 0xaedc, 0xaedc, 0xaedc, 0xaedc, 0xaedc, 0xaedc, 0xaedc, 0xaedc, 0xaedc, 0xaedc, 0xaedc, 
	0xaedc, 0xaedc, 0xaedc, 0xaedc, 0xaedc, 0xaedc, 0xaedc, 0xaedc, 0xaedc, 0xaedc, 0xaedc, 0xaedc, 0xaedc, 0xaedc, 0xaedc, 0xaedc, 
	0xaedc, 0xaedc, 0xaedc, 0xaedc, 0xaedc, 0xaedc, 0xaedc, 0xaedc, 0xaedc, 0xaedc, 0xaedc, 0xaedc, 0xaedc, 0xaedc, 0xaedc, 0xaedc, 
	0xaedc, 0xaedc, 0xaedc, 0xaedc, 0xaedc, 0xaedc, 0xaedc, 0xaedc, 0xaedc, 0xaedc, 0xaedc, 0xaedc, 0xaedc, 0xaedc, 0xaedc, 0xaedc, 
	0xaedc, 0xaedc, 0xaedc, 0xaedc, 0xaedc, 0xaedc, 0xaedc, 0xaedc, 0xaedc, 0xaedc, 0xaedc, 0xaedc, 0xaedc, 0xaedc, 0xaedc, 0xaedc, 
	0xb6fd, 0xaebc, 0xb6bc, 0x6c31, 0x0020, 0x0000, 0x0800, 0x0000, 0x0000, 0x0000, 0x0000, 0x0000, 0x0000, 0x0000, 0x0000, 0x0000, 
	0x0000, 0x0000, 0x0000, 0x0000, 0x0000, 0x0000, 0x0000, 0x0000, 0x0000, 0x0000, 0x0000, 0x0000, 0x0000, 0x0000, 0x0000, 0x0000, 
	0x0000, 0x0000, 0x0000, 0x0000, 0x0000, 0x0000, 0x0000, 0x0000, 0x0000, 0x0000, 0x0000, 0x0000, 0x0000, 0x0021, 0x10a3, 0x2104, 
	0x428b, 0x6c11, 0x95b7, 0xae9b, 0xaedc, 0xaedc, 0xaedd, 0xb6fd, 0xaedc, 0xaedc, 0xaedc, 0xaedc, 0xaedc, 0xaedc, 0xaedc, 0xaedc, 
	0xaedc, 0xaedc, 0xaedc, 0xaedc, 0xaedc, 0xaedc, 0xaedc, 0xaedc, 0xaedc, 0xaedc, 0xaedc, 0xaedc, 0xaedc, 0xaedc, 0xaedc, 0xaedc, 
	0xaedc, 0xaedc, 0xaedc, 0xaedc, 0xaedc, 0xaedc, 0xaedc, 0xaedc, 0xaedc, 0xaedc, 0xaedc, 0xaedc, 0xaedc, 0xaedc, 0xaedc, 0xaedc, 
	0xaedc, 0xaedc, 0xaedc, 0xaedc, 0xaedc, 0xaedc, 0xaedc, 0xaedc, 0xaedc, 0xaedc, 0xaedc, 0xaedc, 0xaedc, 0xaedc, 0xaedc, 0xaedc, 
	0xaedc, 0xaedc, 0xaedc, 0xaedc, 0xaedc, 0xaedc, 0xaedc, 0xaedc, 0xaedc, 0xaedc, 0xaedc, 0xaedc, 0xaedc, 0xaedc, 0xaedc, 0xaedc, 
	0xaedc, 0xaedc, 0xaedc, 0xaedc, 0xaedc, 0xaedc, 0xaedc, 0xaedc, 0xaedc, 0xaedc, 0xaedc, 0xaedc, 0xaedc, 0xaedc, 0xaedc, 0xaedc, 
	0xaedc, 0xaedc, 0xaedc, 0xaedc, 0xaedc, 0xaedc, 0xaedc, 0xaedc, 0xaedc, 0xaedc, 0xaedc, 0xaedc, 0xaedc, 0xaedc, 0xaedc, 0xaedc, 
	0xaedc, 0xaedc, 0xaedc, 0xaedc, 0xaedc, 0xaedc, 0xaedc, 0xaedc, 0xaedc, 0xaedc, 0xaedc, 0xaedc, 0xaedc, 0xaedc, 0xaedc, 0xaedc, 
	0xaedc, 0xaedc, 0xaedc, 0xaedc, 0xaedc, 0xaedc, 0xaedc, 0xaedc, 0xaedc, 0xaedc, 0xaedc, 0xaedc, 0xaedc, 0xaedc, 0xaedc, 0xaedc, 
	0xaedc, 0xaedc, 0xaedc, 0xaedc, 0xaedc, 0xaedc, 0xaedc, 0xaedc, 0xaedc, 0xaedc, 0xaedc, 0xaedc, 0xaedc, 0xaedc, 0xaedc, 0xaedc, 
	0xaedc, 0xaedc, 0xaedc, 0xaedc, 0xaedc, 0xaedc, 0xaedc, 0xaedc, 0xaedc, 0xaedc, 0xaedc, 0xaedc, 0xaedc, 0xaedc, 0xaedc, 0xaedc, 
	0xaedc, 0xaedc, 0xaedc, 0xaedc, 0xaedc, 0xaedc, 0xaedc, 0xaedc, 0xaedc, 0xaedc, 0xaedc, 0xaedc, 0xaedc, 0xaedc, 0xaedc, 0xaedc, 
	0xaedc, 0xaedc, 0xaedc, 0xaedc, 0xaedc, 0xaedc, 0xaedc, 0xaedc, 0xaedc, 0xaedc, 0xaedc, 0xaedc, 0xaedc, 0xaedc, 0xaedc, 0xaedc, 
	0xb6dd, 0xaedd, 0xb6dd, 0x6c31, 0x0020, 0x0000, 0x0000, 0x0000, 0x0000, 0x0000, 0x0000, 0x0000, 0x0000, 0x0000, 0x0000, 0x0000, 
	0x0000, 0x0000, 0x0000, 0x0000, 0x0000, 0x0000, 0x0000, 0x0000, 0x0000, 0x0000, 0x0000, 0x0000, 0x0000, 0x0000, 0x0000, 0x0000, 
	0x0000, 0x0000, 0x0000, 0x0000, 0x0000, 0x0000, 0x0000, 0x0000, 0x0000, 0x0000, 0x0000, 0x0000, 0x0000, 0x0000, 0x0000, 0x0000, 
	0x0020, 0x0882, 0x29a7, 0x5b6e, 0x8d35, 0xae7a, 0xb6dc, 0xaedc, 0xaedc, 0xaedc, 0xaedc, 0xaedc, 0xaedc, 0xaedc, 0xaedc, 0xaedc, 
	0xaedc, 0xaedc, 0xaedc, 0xaedc, 0xaedc, 0xaedc, 0xaedc, 0xaedc, 0xaedc, 0xaedc, 0xaedc, 0xaedc, 0xaedc, 0xaedc, 0xaedc, 0xaedc, 
	0xaedc, 0xaedc, 0xaedc, 0xaedc, 0xaedc, 0xaedc, 0xaedc, 0xaedc, 0xaedc, 0xaedc, 0xaedc, 0xaedc, 0xaedc, 0xaedc, 0xaedc, 0xaedc, 
	0xaedc, 0xaedc, 0xaedc, 0xaedc, 0xaedc, 0xaedc, 0xaedc, 0xaedc, 0xaedc, 0xaedc, 0xaedc, 0xaedc, 0xaedc, 0xaedc, 0xaedc, 0xaedc, 
	0xaedc, 0xaedc, 0xaedc, 0xaedc, 0xaedc, 0xaedc, 0xaedc, 0xaedc, 0xaedc, 0xaedc, 0xaedc, 0xaedc, 0xaedc, 0xaedc, 0xaedc, 0xaedc, 
	0xaedc, 0xaedc, 0xaedc, 0xaedc, 0xaedc, 0xaedc, 0xaedc, 0xaedc, 0xaedc, 0xaedc, 0xaedc, 0xaedc, 0xaedc, 0xaedc, 0xaedc, 0xaedc, 
	0xaedc, 0xaedc, 0xaedc, 0xaedc, 0xaedc, 0xaedc, 0xaedc, 0xaedc, 0xaedc, 0xaedc, 0xaedc, 0xaedc, 0xaedc, 0xaedc, 0xaedc, 0xaedc, 
	0xaedc, 0xaedc, 0xaedc, 0xaedc, 0xaedc, 0xaedc, 0xaedc, 0xaedc, 0xaedc, 0xaedc, 0xaedc, 0xaedc, 0xaedc, 0xaedc, 0xaedc, 0xaedc, 
	0xaedc, 0xaedc, 0xaedc, 0xaedc, 0xaedc, 0xaedc, 0xaedc, 0xaedc, 0xaedc, 0xaedc, 0xaedc, 0xaedc, 0xaedc, 0xaedc, 0xaedc, 0xaedc, 
	0xaedc, 0xaedc, 0xaedc, 0xaedc, 0xaedc, 0xaedc, 0xaedc, 0xaedc, 0xaedc, 0xaedc, 0xaedc, 0xaedc, 0xaedc, 0xaedc, 0xaedc, 0xaedc, 
	0xaedc, 0xaedc, 0xaedc, 0xaedc, 0xaedc, 0xaedc, 0xaedc, 0xaedc, 0xaedc, 0xaedc, 0xaedc, 0xaedc, 0xaedc, 0xaedc, 0xaedc, 0xaedc, 
	0xaedc, 0xaedc, 0xaedc, 0xaedc, 0xaedc, 0xaedc, 0xaedc, 0xaedc, 0xaedc, 0xaedc, 0xaedc, 0xaedc, 0xaedc, 0xaedc, 0xaedc, 0xaedc, 
	0xaedc, 0xaedc, 0xaedc, 0xaedc, 0xaedc, 0xaedc, 0xaedc, 0xaedc, 0xaedc, 0xaedc, 0xaedc, 0xaedc, 0xaedc, 0xaedc, 0xaedc, 0xaedc, 
	0xaebc, 0xaefd, 0xb6fd, 0x6c31, 0x0021, 0x0000, 0x0000, 0x0001, 0x0000, 0x0000, 0x0000, 0x0000, 0x0000, 0x0000, 0x0000, 0x0000, 
	0x0000, 0x0000, 0x0000, 0x0000, 0x0000, 0x0000, 0x0000, 0x0000, 0x0000, 0x0000, 0x0000, 0x0000, 0x0000, 0x0000, 0x0000, 0x0000, 
	0x0000, 0x0000, 0x0000, 0x0000, 0x0000, 0x0000, 0x0000, 0x0000, 0x0000, 0x0000, 0x0000, 0x0000, 0x0000, 0x0000, 0x0000, 0x0000, 
	0x0000, 0x0000, 0x0000, 0x0841, 0x2146, 0x536e, 0x8d97, 0xaebb, 0xaedc, 0xaedc, 0xaedc, 0xaedc, 0xaedc, 0xaedc, 0xaedc, 0xaedc, 
	0xaedc, 0xaedc, 0xaedc, 0xaedc, 0xaedc, 0xaedc, 0xaedc, 0xaedc, 0xaedc, 0xaedc, 0xaedc, 0xaedc, 0xaedc, 0xaedc, 0xaedc, 0xaedc, 
	0xaedc, 0xaedc, 0xaedc, 0xaedc, 0xaedc, 0xaedc, 0xaedc, 0xaedc, 0xaedc, 0xaedc, 0xaedc, 0xaedc, 0xaedc, 0xaedc, 0xaedc, 0xaedc, 
	0xaedc, 0xaedc, 0xaedc, 0xaedc, 0xaedc, 0xaedc, 0xaedc, 0xaedc, 0xaedc, 0xaedc, 0xaedc, 0xaedc, 0xaedc, 0xaedc, 0xaedc, 0xaedc, 
	0xaedc, 0xaedc, 0xaedc, 0xaedc, 0xaedc, 0xaedc, 0xaedc, 0xaedc, 0xaedc, 0xaedc, 0xaedc, 0xaedc, 0xaedc, 0xaedc, 0xaedc, 0xaedc, 
	0xaedc, 0xaedc, 0xaedc, 0xaedc, 0xaedc, 0xaedc, 0xaedc, 0xaedc, 0xaedc, 0xaedc, 0xaedc, 0xaedc, 0xaedc, 0xaedc, 0xaedc, 0xaedc, 
	0xaedc, 0xaedc, 0xaedc, 0xaedc, 0xaedc, 0xaedc, 0xaedc, 0xaedc, 0xaedc, 0xaedc, 0xaedc, 0xaedc, 0xaedc, 0xaedc, 0xaedc, 0xaedc, 
	0xaedc, 0xaedc, 0xaedc, 0xaedc, 0xaedc, 0xaedc, 0xaedc, 0xaedc, 0xaedc, 0xaedc, 0xaedc, 0xaedc, 0xaedc, 0xaedc, 0xaedc, 0xaedc, 
	0xaedc, 0xaedc, 0xaedc, 0xaedc, 0xaedc, 0xaedc, 0xaedc, 0xaedc, 0xaedc, 0xaedc, 0xaedc, 0xaedc, 0xaedc, 0xaedc, 0xaedc, 0xaedc, 
	0xaedc, 0xaedc, 0xaedc, 0xaedc, 0xaedc, 0xaedc, 0xaedc, 0xaedc, 0xaedc, 0xaedc, 0xaedc, 0xaedc, 0xaedc, 0xaedc, 0xaedc, 0xaedc, 
	0xaedc, 0xaedc, 0xaedc, 0xaedc, 0xaedc, 0xaedc, 0xaedc, 0xaedc, 0xaedc, 0xaedc, 0xaedc, 0xaedc, 0xaedc, 0xaedc, 0xaedc, 0xaedc, 
	0xaedc, 0xaedc, 0xaedc, 0xaedc, 0xaedc, 0xaedc, 0xaedc, 0xaedc, 0xaedc, 0xaedc, 0xaedc, 0xaedc, 0xaedc, 0xaedc, 0xaedc, 0xaedc, 
	0xaedc, 0xaedc, 0xaedc, 0xaedc, 0xaedc, 0xaedc, 0xaedc, 0xaedc, 0xaedc, 0xaedc, 0xaedc, 0xaedc, 0xaedc, 0xaedc, 0xaedc, 0xaedc, 
	0xaedd, 0xaedc, 0xb71d, 0x6411, 0x0000, 0x0000, 0x0000, 0x0000, 0x0000, 0x0000, 0x0000, 0x0000, 0x0000, 0x0000, 0x0000, 0x0000, 
	0x0000, 0x0000, 0x0000, 0x0000, 0x0000, 0x0000, 0x0000, 0x0000, 0x0000, 0x0000, 0x0000, 0x0000, 0x0000, 0x0000, 0x0000, 0x0000, 
	0x0000, 0x0000, 0x0000, 0x0000, 0x0000, 0x0000, 0x0000, 0x0000, 0x0000, 0x0000, 0x0000, 0x0000, 0x0000, 0x0000, 0x0000, 0x0000, 
	0x0000, 0x0000, 0x0000, 0x0000, 0x0000, 0x0041, 0x29a7, 0x73f0, 0x9e19, 0xaedc, 0xaedc, 0xaefc, 0xaefc, 0xaebc, 0xaefd, 0xaedd, 
	0xaedd, 0xaedc, 0xaedc, 0xaedc, 0xaedd, 0xaedc, 0xaedc, 0xaedd, 0xaedc, 0xaedc, 0xaedc, 0xaedc, 0xaedc, 0xaedc, 0xaedc, 0xaedc, 
	0xaedc, 0xaedc, 0xaedc, 0xaedc, 0xaedc, 0xaedc, 0xaedc, 0xaedc, 0xaedc, 0xaedc, 0xaedc, 0xaedc, 0xaedc, 0xaedc, 0xaedc, 0xaedc, 
	0xaedc, 0xaedc, 0xaedc, 0xaedc, 0xaedc, 0xaedc, 0xaedc, 0xaedc, 0xaedc, 0xaedc, 0xaedc, 0xaedc, 0xaedc, 0xaedc, 0xaedc, 0xaedc, 
	0xaedc, 0xaedc, 0xaedc, 0xaedc, 0xaedc, 0xaedc, 0xaedc, 0xaedc, 0xaedc, 0xaedc, 0xaedc, 0xaedc, 0xaedc, 0xaedc, 0xaedc, 0xaedc, 
	0xaedc, 0xaedc, 0xaedc, 0xaedc, 0xaedc, 0xaedc, 0xaedc, 0xaedc, 0xaedc, 0xaedc, 0xaedc, 0xaedc, 0xaedc, 0xaedc, 0xaedc, 0xaedc, 
	0xaedc, 0xaedc, 0xaedc, 0xaedc, 0xaedc, 0xaedc, 0xaedc, 0xaedc, 0xaedc, 0xaedc, 0xaedc, 0xaedc, 0xaedc, 0xaedc, 0xaedc, 0xaedc, 
	0xaedc, 0xaedc, 0xaedc, 0xaedc, 0xaedc, 0xaedc, 0xaedc, 0xaedc, 0xaedc, 0xaedc, 0xaedc, 0xaedc, 0xaedc, 0xaedc, 0xaedc, 0xaedc, 
	0xaedc, 0xaedc, 0xaedc, 0xaedc, 0xaedc, 0xaedc, 0xaedc, 0xaedc, 0xaedc, 0xaedc, 0xaedc, 0xaedc, 0xaedc, 0xaedc, 0xaedc, 0xaedc, 
	0xaedc, 0xaedc, 0xaedc, 0xaedc, 0xaedc, 0xaedc, 0xaedc, 0xaedc, 0xaedc, 0xaedc, 0xaedc, 0xaedc, 0xaedc, 0xaedc, 0xaedc, 0xaedc, 
	0xaedc, 0xaedc, 0xaedc, 0xaedc, 0xaedc, 0xaedc, 0xaedc, 0xaedc, 0xaedc, 0xaedc, 0xaedc, 0xaedc, 0xaedc, 0xaedc, 0xaedc, 0xaedc, 
	0xaedc, 0xaedc, 0xaedc, 0xaedc, 0xaedc, 0xaedc, 0xaedc, 0xaedc, 0xaedc, 0xaedc, 0xaedc, 0xaedc, 0xaedc, 0xaedc, 0xaedc, 0xaedc, 
	0xaedc, 0xaedc, 0xaedc, 0xaedc, 0xaedc, 0xaedc, 0xaedc, 0xaedc, 0xaedc, 0xaedc, 0xaedc, 0xaedc, 0xaedc, 0xaedc, 0xaedc, 0xaedc, 
	0xaedc, 0xaebc, 0xaedc, 0x8d35, 0x5aec, 0x5aeb, 0x52ea, 0x5aab, 0x5acb, 0x5acb, 0x5acb, 0x5acb, 0x5acb, 0x5acb, 0x5acb, 0x5acb, 
	0x5acb, 0x5acb, 0x5acb, 0x5acb, 0x5acb, 0x5acb, 0x5acb, 0x5acb, 0x5acb, 0x5acb, 0x5acb, 0x5acb, 0x5acb, 0x5acb, 0x5acb, 0x5acb, 
	0x5acb, 0x5acb, 0x5acb, 0x5acb, 0x5acb, 0x52aa, 0x528a, 0x4a69, 0x4228, 0x31a6, 0x2124, 0x1082, 0x0020, 0x0000, 0x0000, 0x0000, 
	0x0000, 0x0000, 0x0000, 0x0000, 0x0000, 0x0000, 0x0000, 0x08a3, 0x428b, 0x8d76, 0xaedc, 0xa6dc, 0xb6dd, 0xb6bd, 0xaedc, 0xaefc, 
	0xaedc, 0xaedc, 0xaedc, 0xaedd, 0xaedc, 0xaedc, 0xaedc, 0xaedc, 0xaedc, 0xaedc, 0xaedc, 0xaedc, 0xaedc, 0xaedc, 0xaedc, 0xaedc, 
	0xaedc, 0xaedc, 0xaedc, 0xaedc, 0xaedc, 0xaedc, 0xaedc, 0xaedc, 0xaedc, 0xaedc, 0xaedc, 0xaedc, 0xaedc, 0xaedc, 0xaedc, 0xaedc, 
	0xaedc, 0xaedc, 0xaedc, 0xaedc, 0xaedc, 0xaedc, 0xaedc, 0xaedc, 0xaedc, 0xaedc, 0xaedc, 0xaedc, 0xaedc, 0xaedc, 0xaedc, 0xaedc, 
	0xaedc, 0xaedc, 0xaedc, 0xaedc, 0xaedc, 0xaedc, 0xaedc, 0xaedc, 0xaedc, 0xaedc, 0xaedc, 0xaedc, 0xaedc, 0xaedc, 0xaedc, 0xaedc, 
	0xaedc, 0xaedc, 0xaedc, 0xaedc, 0xaedc, 0xaedc, 0xaedc, 0xaedc, 0xaedc, 0xaedc, 0xaedc, 0xaedc, 0xaedc, 0xaedc, 0xaedc, 0xaedc, 
	0xaedc, 0xaedc, 0xaedc, 0xaedc, 0xaedc, 0xaedc, 0xaedc, 0xaedc, 0xaedc, 0xaedc, 0xaedc, 0xaedc, 0xaedc, 0xaedc, 0xaedc, 0xaedc, 
	0xaedc, 0xaedc, 0xaedc, 0xaedc, 0xaedc, 0xaedc, 0xaedc, 0xaedc, 0xaedc, 0xaedc, 0xaedc, 0xaedc, 0xaedc, 0xaedc, 0xaedc, 0xaedc, 
	0xaedc, 0xaedc, 0xaedc, 0xaedc, 0xaedc, 0xaedc, 0xaedc, 0xaedc, 0xaedc, 0xaedc, 0xaedc, 0xaedc, 0xaedc, 0xaedc, 0xaedc, 0xaedc, 
	0xaedc, 0xaedc, 0xaedc, 0xaedc, 0xaedc, 0xaedc, 0xaedc, 0xaedc, 0xaedc, 0xaedc, 0xaedc, 0xaedc, 0xaedc, 0xaedc, 0xaedc, 0xaedc, 
	0xaedc, 0xaedc, 0xaedc, 0xaedc, 0xaedc, 0xaedc, 0xaedc, 0xaedc, 0xaedc, 0xaedc, 0xaedc, 0xaedc, 0xaedc, 0xaedc, 0xaedc, 0xaedc, 
	0xaedc, 0xaedc, 0xaedc, 0xaedc, 0xaedc, 0xaedc, 0xaedc, 0xaedc, 0xaedc, 0xaedc, 0xaedc, 0xaedc, 0xaedc, 0xaedc, 0xaedc, 0xaedc, 
	0xaedc, 0xaedc, 0xaedc, 0xaedc, 0xaedc, 0xaedc, 0xaedc, 0xaedc, 0xaedc, 0xaedc, 0xaedc, 0xaedc, 0xaedc, 0xaedc, 0xaedc, 0xaedc, 
	0xb6fd, 0xb6fd, 0xb6fd, 0xc6fc, 0xd6bb, 0xdeda, 0xd6fa, 0xdedb, 0xdedb, 0xdedb, 0xdedb, 0xdedb, 0xdedb, 0xdedb, 0xdedb, 0xdedb, 
	0xdedb, 0xdedb, 0xdedb, 0xdedb, 0xdedb, 0xdedb, 0xdedb, 0xdedb, 0xdedb, 0xdedb, 0xdedb, 0xdedb, 0xdedb, 0xdedb, 0xdedb, 0xdedb, 
	0xdedb, 0xdedb, 0xdedb, 0xdedb, 0xdefb, 0xdedb, 0xd6ba, 0xd699, 0xc638, 0xb5b6, 0xa514, 0x8c71, 0x6b6d, 0x4228, 0x2104, 0x0020, 
	0x0021, 0x0000, 0x0000, 0x0000, 0x0000, 0x0000, 0x0020, 0x0000, 0x0020, 0x21a7, 0x7493, 0xa65b, 0xaebd, 0xb6dd, 0xaebc, 0xaedc, 
	0xaedc, 0xaedc, 0xaedd, 0xaedd, 0xaedc, 0xaedc, 0xaedc, 0xaedc, 0xaedc, 0xaedc, 0xaedc, 0xaedc, 0xaedc, 0xaedc, 0xaedc, 0xaedc, 
	0xaedc, 0xaedc, 0xaedc, 0xaedc, 0xaedc, 0xaedc, 0xaedc, 0xaedc, 0xaedc, 0xaedc, 0xaedc, 0xaedc, 0xaedc, 0xaedc, 0xaedc, 0xaedc, 
	0xaedc, 0xaedc, 0xaedc, 0xaedc, 0xaedc, 0xaedc, 0xaedc, 0xaedc, 0xaedc, 0xaedc, 0xaedc, 0xaedc, 0xaedc, 0xaedc, 0xaedc, 0xaedc, 
	0xaedc, 0xaedc, 0xaedc, 0xaedc, 0xaedc, 0xaedc, 0xaedc, 0xaedc, 0xaedc, 0xaedc, 0xaedc, 0xaedc, 0xaedc, 0xaedc, 0xaedc, 0xaedc, 
	0xaedc, 0xaedc, 0xaedc, 0xaedc, 0xaedc, 0xaedc, 0xaedc, 0xaedc, 0xaedc, 0xaedc, 0xaedc, 0xaedc, 0xaedc, 0xaedc, 0xaedc, 0xaedc, 
	0xaedc, 0xaedc, 0xaedc, 0xaedc, 0xaedc, 0xaedc, 0xaedc, 0xaedc, 0xaedc, 0xaedc, 0xaedc, 0xaedc, 0xaedc, 0xaedc, 0xaedc, 0xaedc, 
	0xaedc, 0xaedc, 0xaedc, 0xaedc, 0xaedc, 0xaedc, 0xaedc, 0xaedc, 0xaedc, 0xaedc, 0xaedc, 0xaedc, 0xaedc, 0xaedc, 0xaedc, 0xaedc, 
	0xaedc, 0xaedc, 0xaedc, 0xaedc, 0xaedc, 0xaedc, 0xaedc, 0xaedc, 0xaedc, 0xaedc, 0xaedc, 0xaedc, 0xaedc, 0xaedc, 0xaedc, 0xaedc, 
	0xaedc, 0xaedc, 0xaedc, 0xaedc, 0xaedc, 0xaedc, 0xaedc, 0xaedc, 0xaedc, 0xaedc, 0xaedc, 0xaedc, 0xaedc, 0xaedc, 0xaedc, 0xaedc, 
	0xaedc, 0xaedc, 0xaedc, 0xaedc, 0xaedc, 0xaedc, 0xaedc, 0xaedc, 0xaedc, 0xaedc, 0xaedc, 0xaedc, 0xaedc, 0xaedc, 0xaedc, 0xaedc, 
	0xaedc, 0xaedc, 0xaedc, 0xaedc, 0xaedc, 0xaedc, 0xaedc, 0xaedc, 0xaedc, 0xaedc, 0xaedc, 0xaedc, 0xaedc, 0xaedc, 0xaedc, 0xaedc, 
	0xaedc, 0xaedc, 0xaedc, 0xaedc, 0xaedc, 0xaedc, 0xaedc, 0xaedc, 0xaedc, 0xaedc, 0xaedc, 0xaedc, 0xaedc, 0xaedc, 0xaedc, 0xaedc, 
	0xaedc, 0xaedc, 0xaebc, 0xc6fc, 0xe73d, 0xe71b, 0xdf1b, 0xe6fb, 0xdefb, 0xdefb, 0xdefb, 0xdefb, 0xdefb, 0xdefb, 0xdefb, 0xdefb, 
	0xdefb, 0xdefb, 0xdefb, 0xdefb, 0xdefb, 0xdefb, 0xdefb, 0xdefb, 0xdefb, 0xdefb, 0xdefb, 0xdefb, 0xdefb, 0xdefb, 0xdefb, 0xdefb, 
	0xdefb, 0xdefb, 0xdefb, 0xdefb, 0xe71b, 0xe71b, 0xdefb, 0xdefb, 0xe73c, 0xdefb, 0xe71b, 0xdefb, 0xd69a, 0xc617, 0x9cf3, 0x73ae, 
	0x3186, 0x1082, 0x0000, 0x0000, 0x0000, 0x0000, 0x0000, 0x0000, 0x0000, 0x0000, 0x1904, 0x63d0, 0x9e3a, 0xaefc, 0xaefd, 0xb6dd, 
	0xaedc, 0xaedc, 0xaedc, 0xaedc, 0xaedc, 0xaedd, 0xaedd, 0xaedc, 0xaedc, 0xaedc, 0xaedc, 0xaedc, 0xaedc, 0xaedc, 0xaedc, 0xaedc, 
	0xaedc, 0xaedc, 0xaedc, 0xaedc, 0xaedc, 0xaedc, 0xaedc, 0xaedc, 0xaedc, 0xaedc, 0xaedc, 0xaedc, 0xaedc, 0xaedc, 0xaedc, 0xaedc, 
	0xaedc, 0xaedc, 0xaedc, 0xaedc, 0xaedc, 0xaedc, 0xaedc, 0xaedc, 0xaedc, 0xaedc, 0xaedc, 0xaedc, 0xaedc, 0xaedc, 0xaedc, 0xaedc, 
	0xaedc, 0xaedc, 0xaedc, 0xaedc, 0xaedc, 0xaedc, 0xaedc, 0xaedc, 0xaedc, 0xaedc, 0xaedc, 0xaedc, 0xaedc, 0xaedc, 0xaedc, 0xaedc, 
	0xaedc, 0xaedc, 0xaedc, 0xaedc, 0xaedc, 0xaedc, 0xaedc, 0xaedc, 0xaedc, 0xaedc, 0xaedc, 0xaedc, 0xaedc, 0xaedc, 0xaedc, 0xaedc, 
	0xaedc, 0xaedc, 0xaedc, 0xaedc, 0xaedc, 0xaedc, 0xaedc, 0xaedc, 0xaedc, 0xaedc, 0xaedc, 0xaedc, 0xaedc, 0xaedc, 0xaedc, 0xaedc, 
	0xaedc, 0xaedc, 0xaedc, 0xaedc, 0xaedc, 0xaedc, 0xaedc, 0xaedc, 0xaedc, 0xaedc, 0xaedc, 0xaedc, 0xaedc, 0xaedc, 0xaedc, 0xaedc, 
	0xaedc, 0xaedc, 0xaedc, 0xaedc, 0xaedc, 0xaedc, 0xaedc, 0xaedc, 0xaedc, 0xaedc, 0xaedc, 0xaedc, 0xaedc, 0xaedc, 0xaedc, 0xaedc, 
	0xaedc, 0xaedc, 0xaedc, 0xaedc, 0xaedc, 0xaedc, 0xaedc, 0xaedc, 0xaedc, 0xaedc, 0xaedc, 0xaedc, 0xaedc, 0xaedc, 0xaedc, 0xaedc, 
	0xaedc, 0xaedc, 0xaedc, 0xaedc, 0xaedc, 0xaedc, 0xaedc, 0xaedc, 0xaedc, 0xaedc, 0xaedc, 0xaedc, 0xaedc, 0xaedc, 0xaedc, 0xaedc, 
	0xaedc, 0xaedc, 0xaedc, 0xaedc, 0xaedc, 0xaedc, 0xaedc, 0xaedc, 0xaedc, 0xaedc, 0xaedc, 0xaedc, 0xaedc, 0xaedc, 0xaedc, 0xaedc, 
	0xaedc, 0xaedc, 0xaedc, 0xaedc, 0xaedc, 0xaedc, 0xaedc, 0xaedc, 0xaedc, 0xaedc, 0xaedc, 0xaedc, 0xaedc, 0xaedc, 0xaedc, 0xaedc, 
	0xaedd, 0xaedc, 0xaedc, 0xbedc, 0xe6fc, 0xdefb, 0xdf1b, 0xe6fb, 0xe71b, 0xe71b, 0xe71b, 0xe71b, 0xe71b, 0xe71b, 0xe71b, 0xe71b, 
	0xe71b, 0xe71b, 0xe71b, 0xe71b, 0xe71b, 0xe71b, 0xe71b, 0xe71b, 0xe71b, 0xe71b, 0xe71b, 0xe71b, 0xe71b, 0xe71b, 0xe71b, 0xe71b, 
	0xe71b, 0xe71b, 0xdefb, 0xdefb, 0xdefb, 0xdefb, 0xdefb, 0xe71b, 0xdefb, 0xdefb, 0xdefb, 0xdefb, 0xdefb, 0xe73c, 0xe71b, 0xd699, 
	0xbdd7, 0x8410, 0x39e7, 0x0861, 0x0000, 0x0000, 0x0000, 0x0000, 0x0020, 0x0000, 0x0000, 0x10c3, 0x5b8e, 0x9e19, 0xaedc, 0xaebd, 
	0xaedd, 0xaedd, 0xaedc, 0xaedc, 0xaedc, 0xaedd, 0xaedd, 0xaedc, 0xaedc, 0xaedc, 0xaedc, 0xaedc, 0xaedc, 0xaedc, 0xaedc, 0xaedc, 
	0xaedc, 0xaedc, 0xaedc, 0xaedc, 0xaedc, 0xaedc, 0xaedc, 0xaedc, 0xaedc, 0xaedc, 0xaedc, 0xaedc, 0xaedc, 0xaedc, 0xaedc, 0xaedc, 
	0xaedc, 0xaedc, 0xaedc, 0xaedc, 0xaedc, 0xaedc, 0xaedc, 0xaedc, 0xaedc, 0xaedc, 0xaedc, 0xaedc, 0xaedc, 0xaedc, 0xaedc, 0xaedc, 
	0xaedc, 0xaedc, 0xaedc, 0xaedc, 0xaedc, 0xaedc, 0xaedc, 0xaedc, 0xaedc, 0xaedc, 0xaedc, 0xaedc, 0xaedc, 0xaedc, 0xaedc, 0xaedc, 
	0xaedc, 0xaedc, 0xaedc, 0xaedc, 0xaedc, 0xaedc, 0xaedc, 0xaedc, 0xaedc, 0xaedc, 0xaedc, 0xaedc, 0xaedc, 0xaedc, 0xaedc, 0xaedc, 
	0xaedc, 0xaedc, 0xaedc, 0xaedc, 0xaedc, 0xaedc, 0xaedc, 0xaedc, 0xaedc, 0xaedc, 0xaedc, 0xaedc, 0xaedc, 0xaedc, 0xaedc, 0xaedc, 
	0xaedc, 0xaedc, 0xaedc, 0xaedc, 0xaedc, 0xaedc, 0xaedc, 0xaedc, 0xaedc, 0xaedc, 0xaedc, 0xaedc, 0xaedc, 0xaedc, 0xaedc, 0xaedc, 
	0xaedc, 0xaedc, 0xaedc, 0xaedc, 0xaedc, 0xaedc, 0xaedc, 0xaedc, 0xaedc, 0xaedc, 0xaedc, 0xaedc, 0xaedc, 0xaedc, 0xaedc, 0xaedc, 
	0xaedc, 0xaedc, 0xaedc, 0xaedc, 0xaedc, 0xaedc, 0xaedc, 0xaedc, 0xaedc, 0xaedc, 0xaedc, 0xaedc, 0xaedc, 0xaedc, 0xaedc, 0xaedc, 
	0xaedc, 0xaedc, 0xaedc, 0xaedc, 0xaedc, 0xaedc, 0xaedc, 0xaedc, 0xaedc, 0xaedc, 0xaedc, 0xaedc, 0xaedc, 0xaedc, 0xaedc, 0xaedc, 
	0xaedc, 0xaedc, 0xaedc, 0xaedc, 0xaedc, 0xaedc, 0xaedc, 0xaedc, 0xaedc, 0xaedc, 0xaedc, 0xaedc, 0xaedc, 0xaedc, 0xaedc, 0xaedc, 
	0xaedc, 0xaedc, 0xaedc, 0xaedc, 0xaedc, 0xaedc, 0xaedc, 0xaedc, 0xaedc, 0xaedc, 0xaedc, 0xaedc, 0xaedc, 0xaedc, 0xaedc, 0xaedc, 
	0xaedd, 0xaedc, 0xb6fd, 0xc6dc, 0xdefc, 0xe6fb, 0xdf3b, 0xe6fc, 0xdefb, 0xdefb, 0xdefb, 0xdefb, 0xdefb, 0xdefb, 0xdefb, 0xdefb, 
	0xdefb, 0xdefb, 0xdefb, 0xdefb, 0xdefb, 0xdefb, 0xdefb, 0xdefb, 0xdefb, 0xdefb, 0xdefb, 0xdefb, 0xdefb, 0xdefb, 0xdefb, 0xdefb, 
	0xdefb, 0xdefb, 0xe71b, 0xe71b, 0xdefb, 0xdefb, 0xdefb, 0xdefb, 0xe71c, 0xdefb, 0xe71b, 0xe71b, 0xdefb, 0xdefb, 0xe71b, 0xe71b, 
	0xe71c, 0xdedb, 0xbdd6, 0x73ae, 0x3185, 0x0020, 0x0000, 0x0000, 0x0000, 0x0000, 0x0000, 0x0020, 0x10a2, 0x532d, 0xa63a, 0xaedd, 
	0xaedd, 0xaedd, 0xaedc, 0xaedc, 0xaedc, 0xaedd, 0xaedd, 0xaedc, 0xaedc, 0xaedc, 0xaedc, 0xaedc, 0xaedc, 0xaedc, 0xaedc, 0xaedc, 
	0xaedc, 0xaedc, 0xaedc, 0xaedc, 0xaedc, 0xaedc, 0xaedc, 0xaedc, 0xaedc, 0xaedc, 0xaedc, 0xaedc, 0xaedc, 0xaedc, 0xaedc, 0xaedc, 
	0xaedc, 0xaedc, 0xaedc, 0xaedc, 0xaedc, 0xaedc, 0xaedc, 0xaedc, 0xaedc, 0xaedc, 0xaedc, 0xaedc, 0xaedc, 0xaedc, 0xaedc, 0xaedc, 
	0xaedc, 0xaedc, 0xaedc, 0xaedc, 0xaedc, 0xaedc, 0xaedc, 0xaedc, 0xaedc, 0xaedc, 0xaedc, 0xaedc, 0xaedc, 0xaedc, 0xaedc, 0xaedc, 
	0xaedc, 0xaedc, 0xaedc, 0xaedc, 0xaedc, 0xaedc, 0xaedc, 0xaedc, 0xaedc, 0xaedc, 0xaedc, 0xaedc, 0xaedc, 0xaedc, 0xaedc, 0xaedc, 
	0xaedc, 0xaedc, 0xaedc, 0xaedc, 0xaedc, 0xaedc, 0xaedc, 0xaedc, 0xaedc, 0xaedc, 0xaedc, 0xaedc, 0xaedc, 0xaedc, 0xaedc, 0xaedc, 
	0xaedc, 0xaedc, 0xaedc, 0xaedc, 0xaedc, 0xaedc, 0xaedc, 0xaedc, 0xaedc, 0xaedc, 0xaedc, 0xaedc, 0xaedc, 0xaedc, 0xaedc, 0xaedc, 
	0xaedc, 0xaedc, 0xaedc, 0xaedc, 0xaedc, 0xaedc, 0xaedc, 0xaedc, 0xaedc, 0xaedc, 0xaedc, 0xaedc, 0xaedc, 0xaedc, 0xaedc, 0xaedc, 
	0xaedc, 0xaedc, 0xaedc, 0xaedc, 0xaedc, 0xaedc, 0xaedc, 0xaedc, 0xaedc, 0xaedc, 0xaedc, 0xaedc, 0xaedc, 0xaedc, 0xaedc, 0xaedc, 
	0xaedc, 0xaedc, 0xaedc, 0xaedc, 0xaedc, 0xaedc, 0xaedc, 0xaedc, 0xaedc, 0xaedc, 0xaedc, 0xaedc, 0xaedc, 0xaedc, 0xaedc, 0xaedc, 
	0xaedc, 0xaedc, 0xaedc, 0xaedc, 0xaedc, 0xaedc, 0xaedc, 0xaedc, 0xaedc, 0xaedc, 0xaedc, 0xaedc, 0xaedc, 0xaedc, 0xaedc, 0xaedc, 
	0xaedc, 0xaedc, 0xaedc, 0xaedc, 0xaedc, 0xaedc, 0xaedc, 0xaedc, 0xaedc, 0xaedc, 0xaedc, 0xaedc, 0xaedc, 0xaedc, 0xaedc, 0xaedc, 
	0xaedc, 0xaedc, 0xaedc, 0xc6fc, 0xdefc, 0xdefb, 0xdf1b, 0xe6fb, 0xdefb, 0xdefb, 0xdefb, 0xdefb, 0xdefb, 0xdefb, 0xdefb, 0xdefb, 
	0xdefb, 0xdefb, 0xdefb, 0xdefb, 0xdefb, 0xdefb, 0xdefb, 0xdefb, 0xdefb, 0xdefb, 0xdefb, 0xdefb, 0xdefb, 0xdefb, 0xdefb, 0xdefb, 
	0xdefb, 0xdefb, 0xdefb, 0xe71b, 0xe71b, 0xdefb, 0xdefb, 0xe71b, 0xdefb, 0xdefb, 0xdefb, 0xe71b, 0xe71b, 0xdefb, 0xdefb, 0xdefb, 
	0xdefb, 0xdefb, 0xe71c, 0xd6ba, 0xa534, 0x52aa, 0x10a2, 0x0000, 0x0801, 0x0000, 0x0020, 0x0000, 0x0000, 0x18c4, 0x534e, 0xa65a, 
	0xaebc, 0xaedc, 0xb6fd, 0xaedc, 0xaedc, 0xaedc, 0xaedc, 0xaedc, 0xaedc, 0xaedc, 0xaedc, 0xaedc, 0xaedc, 0xaedc, 0xaedc, 0xaedc, 
	0xaedc, 0xaedc, 0xaedc, 0xaedc, 0xaedc, 0xaedc, 0xaedc, 0xaedc, 0xaedc, 0xaedc, 0xaedc, 0xaedc, 0xaedc, 0xaedc, 0xaedc, 0xaedc, 
	0xaedc, 0xaedc, 0xaedc, 0xaedc, 0xaedc, 0xaedc, 0xaedc, 0xaedc, 0xaedc, 0xaedc, 0xaedc, 0xaedc, 0xaedc, 0xaedc, 0xaedc, 0xaedc, 
	0xaedc, 0xaedc, 0xaedc, 0xaedc, 0xaedc, 0xaedc, 0xaedc, 0xaedc, 0xaedc, 0xaedc, 0xaedc, 0xaedc, 0xaedc, 0xaedc, 0xaedc, 0xaedc, 
	0xaedc, 0xaedc, 0xaedc, 0xaedc, 0xaedc, 0xaedc, 0xaedc, 0xaedc, 0xaedc, 0xaedc, 0xaedc, 0xaedc, 0xaedc, 0xaedc, 0xaedc, 0xaedc, 
	0xaedc, 0xaedc, 0xaedc, 0xaedc, 0xaedc, 0xaedc, 0xaedc, 0xaedc, 0xaedc, 0xaedc, 0xaedc, 0xaedc, 0xaedc, 0xaedc, 0xaedc, 0xaedc, 
	0xaedc, 0xaedc, 0xaedc, 0xaedc, 0xaedc, 0xaedc, 0xaedc, 0xaedc, 0xaedc, 0xaedc, 0xaedc, 0xaedc, 0xaedc, 0xaedc, 0xaedc, 0xaedc, 
	0xaedc, 0xaedc, 0xaedc, 0xaedc, 0xaedc, 0xaedc, 0xaedc, 0xaedc, 0xaedc, 0xaedc, 0xaedc, 0xaedc, 0xaedc, 0xaedc, 0xaedc, 0xaedc, 
	0xaedc, 0xaedc, 0xaedc, 0xaedc, 0xaedc, 0xaedc, 0xaedc, 0xaedc, 0xaedc, 0xaedc, 0xaedc, 0xaedc, 0xaedc, 0xaedc, 0xaedc, 0xaedc, 
	0xaedc, 0xaedc, 0xaedc, 0xaedc, 0xaedc, 0xaedc, 0xaedc, 0xaedc, 0xaedc, 0xaedc, 0xaedc, 0xaedc, 0xaedc, 0xaedc, 0xaedc, 0xaedc, 
	0xaedc, 0xaedc, 0xaedc, 0xaedc, 0xaedc, 0xaedc, 0xaedc, 0xaedc, 0xaedc, 0xaedc, 0xaedc, 0xaedc, 0xaedc, 0xaedc, 0xaedc, 0xaedc, 
	0xaedc, 0xaedc, 0xaedc, 0xaedc, 0xaedc, 0xaedc, 0xaedc, 0xaedc, 0xaedc, 0xaedc, 0xaedc, 0xaedc, 0xaedc, 0xaedc, 0xaedc, 0xaedc, 
	0xaedc, 0xb6fd, 0xaebc, 0xc6fc, 0xe71c, 0xdefb, 0xdf1b, 0xe6fb, 0xdefb, 0xdefb, 0xdefb, 0xdefb, 0xdefb, 0xdefb, 0xdefb, 0xdefb, 
	0xdefb, 0xdefb, 0xdefb, 0xdefb, 0xdefb, 0xdefb, 0xdefb, 0xdefb, 0xdefb, 0xdefb, 0xdefb, 0xdefb, 0xdefb, 0xdefb, 0xdefb, 0xdefb, 
	0xe71b, 0xdefb, 0xdefb, 0xdefb, 0xdefb, 0xdefb, 0xdefb, 0xdefb, 0xdefb, 0xe71c, 0xe71b, 0xdefb, 0xdefb, 0xdefb, 0xdefb, 0xdefb, 
	0xe71b, 0xdefb, 0xe71b, 0xdf1b, 0xdefb, 0xc638, 0x738e, 0x18e3, 0x0000, 0x0000, 0x0000, 0x0000, 0x0001, 0x0000, 0x10c3, 0x63cf, 
	0xa69b, 0xaedc, 0xb6fd, 0xaedd, 0xaedc, 0xaedc, 0xaedc, 0xaedc, 0xaedc, 0xaedc, 0xaedc, 0xaedc, 0xaedc, 0xaedc, 0xaedc, 0xaedc, 
	0xaedc, 0xaedc, 0xaedc, 0xaedc, 0xaedc, 0xaedc, 0xaedc, 0xaedc, 0xaedc, 0xaedc, 0xaedc, 0xaedc, 0xaedc, 0xaedc, 0xaedc, 0xaedc, 
	0xaedc, 0xaedc, 0xaedc, 0xaedc, 0xaedc, 0xaedc, 0xaedc, 0xaedc, 0xaedc, 0xaedc, 0xaedc, 0xaedc, 0xaedc, 0xaedc, 0xaedc, 0xaedc, 
	0xaedc, 0xaedc, 0xaedc, 0xaedc, 0xaedc, 0xaedc, 0xaedc, 0xaedc, 0xaedc, 0xaedc, 0xaedc, 0xaedc, 0xaedc, 0xaedc, 0xaedc, 0xaedc, 
	0xaedc, 0xaedc, 0xaedc, 0xaedc, 0xaedc, 0xaedc, 0xaedc, 0xaedc, 0xaedc, 0xaedc, 0xaedc, 0xaedc, 0xaedc, 0xaedc, 0xaedc, 0xaedc, 
	0xaedc, 0xaedc, 0xaedc, 0xaedc, 0xaedc, 0xaedc, 0xaedc, 0xaedc, 0xaedc, 0xaedc, 0xaedc, 0xaedc, 0xaedc, 0xaedc, 0xaedc, 0xaedc, 
	0xaedc, 0xaedc, 0xaedc, 0xaedc, 0xaedc, 0xaedc, 0xaedc, 0xaedc, 0xaedc, 0xaedc, 0xaedc, 0xaedc, 0xaedc, 0xaedc, 0xaedc, 0xaedc, 
	0xaedc, 0xaedc, 0xaedc, 0xaedc, 0xaedc, 0xaedc, 0xaedc, 0xaedc, 0xaedc, 0xaedc, 0xaedc, 0xaedc, 0xaedc, 0xaedc, 0xaedc, 0xaedc, 
	0xaedc, 0xaedc, 0xaedc, 0xaedc, 0xaedc, 0xaedc, 0xaedc, 0xaedc, 0xaedc, 0xaedc, 0xaedc, 0xaedc, 0xaedc, 0xaedc, 0xaedc, 0xaedc, 
	0xaedc, 0xaedc, 0xaedc, 0xaedc, 0xaedc, 0xaedc, 0xaedc, 0xaedc, 0xaedc, 0xaedc, 0xaedc, 0xaedc, 0xaedc, 0xaedc, 0xaedc, 0xaedc, 
	0xaedc, 0xaedc, 0xaedc, 0xaedc, 0xaedc, 0xaedc, 0xaedc, 0xaedc, 0xaedc, 0xaedc, 0xaedc, 0xaedc, 0xaedc, 0xaedc, 0xaedc, 0xaedc, 
	0xaedc, 0xaedc, 0xaedc, 0xaedc, 0xaedc, 0xaedc, 0xaedc, 0xaedc, 0xaedc, 0xaedc, 0xaedc, 0xaedc, 0xaedc, 0xaedc, 0xaedc, 0xaedc, 
	0xaedc, 0xaedd, 0xaedc, 0xc6fc, 0xdefc, 0xdefb, 0xdf1b, 0xe6fb, 0xdefb, 0xdefb, 0xdefb, 0xdefb, 0xdefb, 0xdefb, 0xdefb, 0xdefb, 
	0xdefb, 0xdefb, 0xdefb, 0xdefb, 0xdefb, 0xdefb, 0xdefb, 0xdefb, 0xdefb, 0xdefb, 0xdefb, 0xdefb, 0xdefb, 0xdefb, 0xdefb, 0xdefb, 
	0xdefb, 0xdefb, 0xdefb, 0xdefb, 0xdefb, 0xdefb, 0xdefb, 0xdefb, 0xdefb, 0xdefb, 0xdefb, 0xdefb, 0xdefb, 0xdefb, 0xdefb, 0xdefb, 
	0xdefb, 0xe71c, 0xdefb, 0xe71b, 0xdefb, 0xe71b, 0xd699, 0x8c51, 0x2945, 0x0000, 0x0000, 0x0000, 0x0000, 0x0000, 0x0020, 0x18e4, 
	0x7493, 0xb6dc, 0xaedc, 0xaedc, 0xb6dc, 0xb6dc, 0xaebc, 0xaedd, 0xaedc, 0xaedc, 0xaedc, 0xaedc, 0xaedc, 0xaedc, 0xaedc, 0xaedc, 
	0xaedc, 0xaedc, 0xaedc, 0xaedc, 0xaedc, 0xaedc, 0xaedc, 0xaedc, 0xaedc, 0xaedc, 0xaedc, 0xaedc, 0xaedc, 0xaedc, 0xaedc, 0xaedc, 
	0xaedc, 0xaedc, 0xaedc, 0xaedc, 0xaedc, 0xaedc, 0xaedc, 0xaedc, 0xaedc, 0xaedc, 0xaedc, 0xaedc, 0xaedc, 0xaedc, 0xaedc, 0xaedc, 
	0xaedc, 0xaedc, 0xaedc, 0xaedc, 0xaedc, 0xaedc, 0xaedc, 0xaedc, 0xaedc, 0xaedc, 0xaedc, 0xaedc, 0xaedc, 0xaedc, 0xaedc, 0xaedc, 
	0xaedc, 0xaedc, 0xaedc, 0xaedc, 0xaedc, 0xaedc, 0xaedc, 0xaedc, 0xaedc, 0xaedc, 0xaedc, 0xaedc, 0xaedc, 0xaedc, 0xaedc, 0xaedc, 
	0xaedc, 0xaedc, 0xaedc, 0xaedc, 0xaedc, 0xaedc, 0xaedc, 0xaedc, 0xaedc, 0xaedc, 0xaedc, 0xaedc, 0xaedc, 0xaedc, 0xaedc, 0xaedc, 
	0xaedc, 0xaedc, 0xaedc, 0xaedc, 0xaedc, 0xaedc, 0xaedc, 0xaedc, 0xaedc, 0xaedc, 0xaedc, 0xaedc, 0xaedc, 0xaedc, 0xaedc, 0xaedc, 
	0xaedc, 0xaedc, 0xaedc, 0xaedc, 0xaedc, 0xaedc, 0xaedc, 0xaedc, 0xaedc, 0xaedc, 0xaedc, 0xaedc, 0xaedc, 0xaedc, 0xaedc, 0xaedc, 
	0xaedc, 0xaedc, 0xaedc, 0xaedc, 0xaedc, 0xaedc, 0xaedc, 0xaedc, 0xaedc, 0xaedc, 0xaedc, 0xaedc, 0xaedc, 0xaedc, 0xaedc, 0xaedc, 
	0xaedc, 0xaedc, 0xaedc, 0xaedc, 0xaedc, 0xaedc, 0xaedc, 0xaedc, 0xaedc, 0xaedc, 0xaedc, 0xaedc, 0xaedc, 0xaedc, 0xaedc, 0xaedc, 
	0xaedc, 0xaedc, 0xaedc, 0xaedc, 0xaedc, 0xaedc, 0xaedc, 0xaedc, 0xaedc, 0xaedc, 0xaedc, 0xaedc, 0xaedc, 0xaedc, 0xaedc, 0xaedc, 
	0xaedc, 0xaedc, 0xaedc, 0xaedc, 0xaedc, 0xaedc, 0xaedc, 0xaedc, 0xaedc, 0xaedc, 0xaedc, 0xaedc, 0xaedc, 0xaedc, 0xaedc, 0xaedc, 
	0xaedc, 0xaedd, 0xaedc, 0xc6fc, 0xdefc, 0xe6fb, 0xdf1b, 0xe6fb, 0xdefb, 0xdefb, 0xdefb, 0xdefb, 0xdefb, 0xdefb, 0xdefb, 0xdefb, 
	0xdefb, 0xdefb, 0xdefb, 0xdefb, 0xdefb, 0xdefb, 0xdefb, 0xdefb, 0xdefb, 0xdefb, 0xdefb, 0xdefb, 0xdefb, 0xdefb, 0xdefb, 0xdefb, 
	0xdefb, 0xdefb, 0xdefb, 0xdefb, 0xdefb, 0xdefb, 0xdefb, 0xdefb, 0xdefb, 0xdefb, 0xdefb, 0xdefb, 0xdefb, 0xdefb, 0xdefb, 0xdefb, 
	0xe71c, 0xe71b, 0xdedb, 0xe71c, 0xe71b, 0xdefb, 0xe71c, 0xd6ba, 0x9492, 0x2965, 0x0020, 0x0000, 0x0000, 0x0000, 0x0000, 0x0021, 
	0x29e8, 0x8d56, 0xaedc, 0xaefd, 0xaebc, 0xb6dc, 0xb6fd, 0xaedd, 0xaedc, 0xaedc, 0xaedc, 0xaedc, 0xaedc, 0xaedc, 0xaedc, 0xaedc, 
	0xaedc, 0xaedc, 0xaedc, 0xaedc, 0xaedc, 0xaedc, 0xaedc, 0xaedc, 0xaedc, 0xaedc, 0xaedc, 0xaedc, 0xaedc, 0xaedc, 0xaedc, 0xaedc, 
	0xaedc, 0xaedc, 0xaedc, 0xaedc, 0xaedc, 0xaedc, 0xaedc, 0xaedc, 0xaedc, 0xaedc, 0xaedc, 0xaedc, 0xaedc, 0xaedc, 0xaedc, 0xaedc, 
	0xaedc, 0xaedc, 0xaedc, 0xaedc, 0xaedc, 0xaedc, 0xaedc, 0xaedc, 0xaedc, 0xaedc, 0xaedc, 0xaedc, 0xaedc, 0xaedc, 0xaedc, 0xaedc, 
	0xaedc, 0xaedc, 0xaedc, 0xaedc, 0xaedc, 0xaedc, 0xaedc, 0xaedc, 0xaedc, 0xaedc, 0xaedc, 0xaedc, 0xaedc, 0xaedc, 0xaedc, 0xaedc, 
	0xaedc, 0xaedc, 0xaedc, 0xaedc, 0xaedc, 0xaedc, 0xaedc, 0xaedc, 0xaedc, 0xaedc, 0xaedc, 0xaedc, 0xaedc, 0xaedc, 0xaedc, 0xaedc, 
	0xaedc, 0xaedc, 0xaedc, 0xaedc, 0xaedc, 0xaedc, 0xaedc, 0xaedc, 0xaedc, 0xaedc, 0xaedc, 0xaedc, 0xaedc, 0xaedc, 0xaedc, 0xaedc, 
	0xaedc, 0xaedc, 0xaedc, 0xaedc, 0xaedc, 0xaedc, 0xaedc, 0xaedc, 0xaedc, 0xaedc, 0xaedc, 0xaedc, 0xaedc, 0xaedc, 0xaedc, 0xaedc, 
	0xaedc, 0xaedc, 0xaedc, 0xaedc, 0xaedc, 0xaedc, 0xaedc, 0xaedc, 0xaedc, 0xaedc, 0xaedc, 0xaedc, 0xaedc, 0xaedc, 0xaedc, 0xaedc, 
	0xaedc, 0xaedc, 0xaedc, 0xaedc, 0xaedc, 0xaedc, 0xaedc, 0xaedc, 0xaedc, 0xaedc, 0xaedc, 0xaedc, 0xaedc, 0xaedc, 0xaedc, 0xaedc, 
	0xaedc, 0xaedc, 0xaedc, 0xaedc, 0xaedc, 0xaedc, 0xaedc, 0xaedc, 0xaedc, 0xaedc, 0xaedc, 0xaedc, 0xaedc, 0xaedc, 0xaedc, 0xaedc, 
	0xaedc, 0xaedc, 0xaedc, 0xaedc, 0xaedc, 0xaedc, 0xaedc, 0xaedc, 0xaedc, 0xaedc, 0xaedc, 0xaedc, 0xaedc, 0xaedc, 0xaedc, 0xaedc, 
	0xaedc, 0xaedd, 0xaedc, 0xc6fc, 0xdefc, 0xe6fb, 0xdf1b, 0xe6fb, 0xdefb, 0xdefb, 0xdefb, 0xdefb, 0xdefb, 0xdefb, 0xdefb, 0xdefb, 
	0xdefb, 0xdefb, 0xdefb, 0xdefb, 0xdefb, 0xdefb, 0xdefb, 0xdefb, 0xdefb, 0xdefb, 0xdefb, 0xdefb, 0xdefb, 0xdefb, 0xdefb, 0xdefb, 
	0xdefb, 0xdefb, 0xdefb, 0xdefb, 0xdefb, 0xe71b, 0xe71b, 0xe71b, 0xdefb, 0xdefb, 0xdefb, 0xdefb, 0xdefb, 0xdefb, 0xdefb, 0xdefb, 
	0xdefb, 0xe71b, 0xdefb, 0xe71b, 0xe71c, 0xdedb, 0xdefb, 0xe71c, 0xd6ba, 0x9492, 0x2945, 0x0000, 0x0000, 0x0020, 0x0000, 0x0000, 
	0x0041, 0x4aec, 0x9e19, 0xb6fd, 0xaefd, 0xaebc, 0xb6fd, 0xaedc, 0xaedc, 0xaedc, 0xaedc, 0xaedc, 0xaedc, 0xaedc, 0xaedc, 0xaedc, 
	0xaedc, 0xaedc, 0xaedc, 0xaedc, 0xaedc, 0xaedc, 0xaedc, 0xaedc, 0xaedc, 0xaedc, 0xaedc, 0xaedc, 0xaedc, 0xaedc, 0xaedc, 0xaedc, 
	0xaedc, 0xaedc, 0xaedc, 0xaedc, 0xaedc, 0xaedc, 0xaedc, 0xaedc, 0xaedc, 0xaedc, 0xaedc, 0xaedc, 0xaedc, 0xaedc, 0xaedc, 0xaedc, 
	0xaedc, 0xaedc, 0xaedc, 0xaedc, 0xaedc, 0xaedc, 0xaedc, 0xaedc, 0xaedc, 0xaedc, 0xaedc, 0xaedc, 0xaedc, 0xaedc, 0xaedc, 0xaedc, 
	0xaedc, 0xaedc, 0xaedc, 0xaedc, 0xaedc, 0xaedc, 0xaedc, 0xaedc, 0xaedc, 0xaedc, 0xaedc, 0xaedc, 0xaedc, 0xaedc, 0xaedc, 0xaedc, 
	0xaedc, 0xaedc, 0xaedc, 0xaedc, 0xaedc, 0xaedc, 0xaedc, 0xaedc, 0xaedc, 0xaedc, 0xaedc, 0xaedc, 0xaedc, 0xaedc, 0xaedc, 0xaedc, 
	0xaedc, 0xaedc, 0xaedc, 0xaedc, 0xaedc, 0xaedc, 0xaedc, 0xaedc, 0xaedc, 0xaedc, 0xaedc, 0xaedc, 0xaedc, 0xaedc, 0xaedc, 0xaedc, 
	0xaedc, 0xaedc, 0xaedc, 0xaedc, 0xaedc, 0xaedc, 0xaedc, 0xaedc, 0xaedc, 0xaedc, 0xaedc, 0xaedc, 0xaedc, 0xaedc, 0xaedc, 0xaedc, 
	0xaedc, 0xaedc, 0xaedc, 0xaedc, 0xaedc, 0xaedc, 0xaedc, 0xaedc, 0xaedc, 0xaedc, 0xaedc, 0xaedc, 0xaedc, 0xaedc, 0xaedc, 0xaedc, 
	0xaedc, 0xaedc, 0xaedc, 0xaedc, 0xaedc, 0xaedc, 0xaedc, 0xaedc, 0xaedc, 0xaedc, 0xaedc, 0xaedc, 0xaedc, 0xaedc, 0xaedc, 0xaedc, 
	0xaedc, 0xaedc, 0xaedc, 0xaedc, 0xaedc, 0xaedc, 0xaedc, 0xaedc, 0xaedc, 0xaedc, 0xaedc, 0xaedc, 0xaedc, 0xaedc, 0xaedc, 0xaedc, 
	0xaedc, 0xaedc, 0xaedc, 0xaedc, 0xaedc, 0xaedc, 0xaedc, 0xaedc, 0xaedc, 0xaedc, 0xaedc, 0xaedc, 0xaedc, 0xaedc, 0xaedc, 0xaedc, 
	0xaedc, 0xaedd, 0xaedc, 0xc6fc, 0xdefc, 0xe6fb, 0xdf1b, 0xe6fb, 0xdefb, 0xdefb, 0xdefb, 0xdefb, 0xdefb, 0xdefb, 0xdefb, 0xdefb, 
	0xdefb, 0xdefb, 0xdefb, 0xdefb, 0xdefb, 0xdefb, 0xdefb, 0xdefb, 0xdefb, 0xdefb, 0xdefb, 0xdefb, 0xdefb, 0xdefb, 0xdefb, 0xdefb, 
	0xdefb, 0xdefb, 0xdefb, 0xdefb, 0xdefb, 0xdefb, 0xdefb, 0xe71b, 0xdefb, 0xdefb, 0xdefb, 0xdefb, 0xdefb, 0xdefb, 0xdefb, 0xdefb, 
	0xdefb, 0xe71b, 0xdefb, 0xdedb, 0xdefb, 0xe71b, 0xdefb, 0xdefb, 0xdefb, 0xdedb, 0x8410, 0x2104, 0x0000, 0x0000, 0x0000, 0x0000, 
	0x0000, 0x10c3, 0x6c32, 0xaebc, 0xaefd, 0xaebc, 0xaedc, 0xb6bc, 0xaedc, 0xaedc, 0xaedc, 0xaedc, 0xaedc, 0xaedc, 0xaedc, 0xaedc, 
	0xaedc, 0xaedc, 0xaedc, 0xaedc, 0xaedc, 0xaedc, 0xaedc, 0xaedc, 0xaedc, 0xaedc, 0xaedc, 0xaedc, 0xaedc, 0xaedc, 0xaedc, 0xaedc, 
	0xaedc, 0xaedc, 0xaedc, 0xaedc, 0xaedc, 0xaedc, 0xaedc, 0xaedc, 0xaedc, 0xaedc, 0xaedc, 0xaedc, 0xaedc, 0xaedc, 0xaedc, 0xaedc, 
	0xaedc, 0xaedc, 0xaedc, 0xaedc, 0xaedc, 0xaedc, 0xaedc, 0xaedc, 0xaedc, 0xaedc, 0xaedc, 0xaedc, 0xaedc, 0xaedc, 0xaedc, 0xaedc, 
	0xaedc, 0xaedc, 0xaedc, 0xaedc, 0xaedc, 0xaedc, 0xaedc, 0xaedc, 0xaedc, 0xaedc, 0xaedc, 0xaedc, 0xaedc, 0xaedc, 0xaedc, 0xaedc, 
	0xaedc, 0xaedc, 0xaedc, 0xaedc, 0xaedc, 0xaedc, 0xaedc, 0xaedc, 0xaedc, 0xaedc, 0xaedc, 0xaedc, 0xaedc, 0xaedc, 0xaedc, 0xaedc, 
	0xaedc, 0xaedc, 0xaedc, 0xaedc, 0xaedc, 0xaedc, 0xaedc, 0xaedc, 0xaedc, 0xaedc, 0xaedc, 0xaedc, 0xaedc, 0xaedc, 0xaedc, 0xaedc, 
	0xaedc, 0xaedc, 0xaedc, 0xaedc, 0xaedc, 0xaedc, 0xaedc, 0xaedc, 0xaedc, 0xaedc, 0xaedc, 0xaedc, 0xaedc, 0xaedc, 0xaedc, 0xaedc, 
	0xaedc, 0xaedc, 0xaedc, 0xaedc, 0xaedc, 0xaedc, 0xaedc, 0xaedc, 0xaedc, 0xaedc, 0xaedc, 0xaedc, 0xaedc, 0xaedc, 0xaedc, 0xaedc, 
	0xaedc, 0xaedc, 0xaedc, 0xaedc, 0xaedc, 0xaedc, 0xaedc, 0xaedc, 0xaedc, 0xaedc, 0xaedc, 0xaedc, 0xaedc, 0xaedc, 0xaedc, 0xaedc, 
	0xaedc, 0xaedc, 0xaedc, 0xaedc, 0xaedc, 0xaedc, 0xaedc, 0xaedc, 0xaedc, 0xaedc, 0xaedc, 0xaedc, 0xaedc, 0xaedc, 0xaedc, 0xaedc, 
	0xaedc, 0xaedc, 0xaedc, 0xaedc, 0xaedc, 0xaedc, 0xaedc, 0xaedc, 0xaedc, 0xaedc, 0xaedc, 0xaedc, 0xaedc, 0xaedc, 0xaedc, 0xaedc, 
	0xaedc, 0xaedd, 0xaedc, 0xc6fc, 0xdefc, 0xdefb, 0xdf1b, 0xe6fb, 0xe71b, 0xe71b, 0xe71b, 0xe71b, 0xe71b, 0xe71b, 0xe71b, 0xe71b, 
	0xe71b, 0xe71b, 0xe71b, 0xe71b, 0xe71b, 0xe71b, 0xe71b, 0xe71b, 0xe71b, 0xe71b, 0xe71b, 0xe71b, 0xe71b, 0xe71b, 0xe71b, 0xe71b, 
	0xdefb, 0xdefb, 0xdefb, 0xdefb, 0xdefb, 0xdefb, 0xdefb, 0xdefb, 0xdefb, 0xdefb, 0xdefb, 0xdefb, 0xdefb, 0xdefb, 0xdefb, 0xdefb, 
	0xdefb, 0xdefb, 0xe71b, 0xdefb, 0xdefb, 0xe71b, 0xdefb, 0xe71c, 0xdefb, 0xe71b, 0xd699, 0x6b6d, 0x0861, 0x0000, 0x0000, 0x0000, 
	0x0000, 0x0000, 0x2a08, 0x95b7, 0xaebc, 0xaefd, 0xaebc, 0xb6dd, 0xaedc, 0xaedc, 0xaedc, 0xaedc, 0xaedc, 0xaedc, 0xaedc, 0xaedc, 
	0xaedc, 0xaedc, 0xaedc, 0xaedc, 0xaedc, 0xaedc, 0xaedc, 0xaedc, 0xaedc, 0xaedc, 0xaedc, 0xaedc, 0xaedc, 0xaedc, 0xaedc, 0xaedc, 
	0xaedc, 0xaedc, 0xaedc, 0xaedc, 0xaedc, 0xaedc, 0xaedc, 0xaedc, 0xaedc, 0xaedc, 0xaedc, 0xaedc, 0xaedc, 0xaedc, 0xaedc, 0xaedc, 
	0xaedc, 0xaedc, 0xaedc, 0xaedc, 0xaedc, 0xaedc, 0xaedc, 0xaedc, 0xaedc, 0xaedc, 0xaedc, 0xaedc, 0xaedc, 0xaedc, 0xaedc, 0xaedc, 
	0xaedc, 0xaedc, 0xaedc, 0xaedc, 0xaedc, 0xaedc, 0xaedc, 0xaedc, 0xaedc, 0xaedc, 0xaedc, 0xaedc, 0xaedc, 0xaedc, 0xaedc, 0xaedc, 
	0xaedc, 0xaedc, 0xaedc, 0xaedc, 0xaedc, 0xaedc, 0xaedc, 0xaedc, 0xaedc, 0xaedc, 0xaedc, 0xaedc, 0xaedc, 0xaedc, 0xaedc, 0xaedc, 
	0xaedc, 0xaedc, 0xaedc, 0xaedc, 0xaedc, 0xaedc, 0xaedc, 0xaedc, 0xaedc, 0xaedc, 0xaedc, 0xaedc, 0xaedc, 0xaedc, 0xaedc, 0xaedc, 
	0xaedc, 0xaedc, 0xaedc, 0xaedc, 0xaedc, 0xaedc, 0xaedc, 0xaedc, 0xaedc, 0xaedc, 0xaedc, 0xaedc, 0xaedc, 0xaedc, 0xaedc, 0xaedc, 
	0xaedc, 0xaedc, 0xaedc, 0xaedc, 0xaedc, 0xaedc, 0xaedc, 0xaedc, 0xaedc, 0xaedc, 0xaedc, 0xaedc, 0xaedc, 0xaedc, 0xaedc, 0xaedc, 
	0xaedc, 0xaedc, 0xaedc, 0xaedc, 0xaedc, 0xaedc, 0xaedc, 0xaedc, 0xaedc, 0xaedc, 0xaedc, 0xaedc, 0xaedc, 0xaedc, 0xaedc, 0xaedc, 
	0xaedc, 0xaedc, 0xaedc, 0xaedc, 0xaedc, 0xaedc, 0xaedc, 0xaedc, 0xaedc, 0xaedc, 0xaedc, 0xaedc, 0xaedc, 0xaedc, 0xaedc, 0xaedc, 
	0xaedc, 0xaedc, 0xaedc, 0xaedc, 0xaedc, 0xaedc, 0xaedc, 0xaedc, 0xaedc, 0xaedc, 0xaedc, 0xaedc, 0xaedc, 0xaedc, 0xaedc, 0xaedc, 
	0xaedc, 0xaedd, 0xaedc, 0xc6fc, 0xdefc, 0xe6fb, 0xdf1b, 0xe6fb, 0xdefb, 0xdefb, 0xdefb, 0xdefb, 0xdefb, 0xdefb, 0xdefb, 0xdefb, 
	0xdefb, 0xdefb, 0xdefb, 0xdefb, 0xdefb, 0xdefb, 0xdefb, 0xdefb, 0xdefb, 0xdefb, 0xdefb, 0xdefb, 0xdefb, 0xdefb, 0xdefb, 0xdefb, 
	0xdefb, 0xdefb, 0xdefb, 0xdefb, 0xdefb, 0xdefb, 0xdefb, 0xdefb, 0xdefb, 0xdefb, 0xdefb, 0xdefb, 0xdefb, 0xdefb, 0xdefb, 0xdefb, 
	0xe71b, 0xdefb, 0xe71b, 0xe71c, 0xdefb, 0xdefb, 0xdefb, 0xdedb, 0xdefb, 0xdefb, 0xe71b, 0xc618, 0x4a69, 0x0020, 0x0000, 0x0000, 
	0x0000, 0x0000, 0x0882, 0x5baf, 0xae9b, 0xaedd, 0xaefd, 0xb6dc, 0xaedc, 0xaedc, 0xaedc, 0xaedc, 0xaedc, 0xaedc, 0xaedc, 0xaedc, 
	0xaedc, 0xaedc, 0xaedc, 0xaedc, 0xaedc, 0xaedc, 0xaedc, 0xaedc, 0xaedc, 0xaedc, 0xaedc, 0xaedc, 0xaedc, 0xaedc, 0xaedc, 0xaedc, 
	0xaedc, 0xaedc, 0xaedc, 0xaedc, 0xaedc, 0xaedc, 0xaedc, 0xaedc, 0xaedc, 0xaedc, 0xaedc, 0xaedc, 0xaedc, 0xaedc, 0xaedc, 0xaedc, 
	0xaedc, 0xaedc, 0xaedc, 0xaedc, 0xaedc, 0xaedc, 0xaedc, 0xaedc, 0xaedc, 0xaedc, 0xaedc, 0xaedc, 0xaedc, 0xaedc, 0xaedc, 0xaedc, 
	0xaedc, 0xaedc, 0xaedc, 0xaedc, 0xaedc, 0xaedc, 0xaedc, 0xaedc, 0xaedc, 0xaedc, 0xaedc, 0xaedc, 0xaedc, 0xaedc, 0xaedc, 0xaedc, 
	0xaedc, 0xaedc, 0xaedc, 0xaedc, 0xaedc, 0xaedc, 0xaedc, 0xaedc, 0xaedc, 0xaedc, 0xaedc, 0xaedc, 0xaedc, 0xaedc, 0xaedc, 0xaedc, 
	0xaedc, 0xaedc, 0xaedc, 0xaedc, 0xaedc, 0xaedc, 0xaedc, 0xaedc, 0xaedc, 0xaedc, 0xaedc, 0xaedc, 0xaedc, 0xaedc, 0xaedc, 0xaedc, 
	0xaedc, 0xaedc, 0xaedc, 0xaedc, 0xaedc, 0xaedc, 0xaedc, 0xaedc, 0xaedc, 0xaedc, 0xaedc, 0xaedc, 0xaedc, 0xaedc, 0xaedc, 0xaedc, 
	0xaedc, 0xaedc, 0xaedc, 0xaedc, 0xaedc, 0xaedc, 0xaedc, 0xaedc, 0xaedc, 0xaedc, 0xaedc, 0xaedc, 0xaedc, 0xaedc, 0xaedc, 0xaedc, 
	0xaedc, 0xaedc, 0xaedc, 0xaedc, 0xaedc, 0xaedc, 0xaedc, 0xaedc, 0xaedc, 0xaedc, 0xaedc, 0xaedc, 0xaedc, 0xaedc, 0xaedc, 0xaedc, 
	0xaedc, 0xaedc, 0xaedc, 0xaedc, 0xaedc, 0xaedc, 0xaedc, 0xaedc, 0xaedc, 0xaedc, 0xaedc, 0xaedc, 0xaedc, 0xaedc, 0xaedc, 0xaedc, 
	0xaedc, 0xaedc, 0xaedc, 0xaedc, 0xaedc, 0xaedc, 0xaedc, 0xaedc, 0xaedc, 0xaedc, 0xaedc, 0xaedc, 0xaedc, 0xaedc, 0xaedc, 0xaedc, 
	0xaedc, 0xaedd, 0xaedc, 0xc6fc, 0xdefc, 0xe71b, 0xdf1b, 0xe6fb, 0xdefb, 0xdefb, 0xdefb, 0xdefb, 0xdefb, 0xdefb, 0xdefb, 0xdefb, 
	0xdefb, 0xdefb, 0xdefb, 0xdefb, 0xdefb, 0xdefb, 0xdefb, 0xdefb, 0xdefb, 0xdefb, 0xdefb, 0xdefb, 0xdefb, 0xdefb, 0xdefb, 0xdefb, 
	0xe71b, 0xe71b, 0xe71b, 0xe71b, 0xdefb, 0xdefb, 0xdefb, 0xdefb, 0xdefb, 0xdefb, 0xdefb, 0xdefb, 0xdefb, 0xdefb, 0xdefb, 0xdefb, 
	0xe71b, 0xe71b, 0xdefb, 0xdefb, 0xdefb, 0xe71c, 0xe73c, 0xdefb, 0xe71b, 0xdefb, 0xe71b, 0xdefb, 0xa513, 0x2124, 0x0000, 0x0000, 
	0x0000, 0x0000, 0x0000, 0x29a7, 0x9597, 0xaebc, 0xaefd, 0xaedc, 0xaedc, 0xaedc, 0xaedc, 0xaedc, 0xaedc, 0xaedc, 0xaedc, 0xaedc, 
	0xaedc, 0xaedc, 0xaedc, 0xaedc, 0xaedc, 0xaedc, 0xaedc, 0xaedc, 0xaedc, 0xaedc, 0xaedc, 0xaedc, 0xaedc, 0xaedc, 0xaedc, 0xaedc, 
	0xaedc, 0xaedc, 0xaedc, 0xaedc, 0xaedc, 0xaedc, 0xaedc, 0xaedc, 0xaedc, 0xaedc, 0xaedc, 0xaedc, 0xaedc, 0xaedc, 0xaedc, 0xaedc, 
	0xaedc, 0xaedc, 0xaedc, 0xaedc, 0xaedc, 0xaedc, 0xaedc, 0xaedc, 0xaedc, 0xaedc, 0xaedc, 0xaedc, 0xaedc, 0xaedc, 0xaedc, 0xaedc, 
	0xaedc, 0xaedc, 0xaedc, 0xaedc, 0xaedc, 0xaedc, 0xaedc, 0xaedc, 0xaedc, 0xaedc, 0xaedc, 0xaedc, 0xaedc, 0xaedc, 0xaedc, 0xaedc, 
	0xaedc, 0xaedc, 0xaedc, 0xaedc, 0xaedc, 0xaedc, 0xaedc, 0xaedc, 0xaedc, 0xaedc, 0xaedc, 0xaedc, 0xaedc, 0xaedc, 0xaedc, 0xaedc, 
	0xaedc, 0xaedc, 0xaedc, 0xaedc, 0xaedc, 0xaedc, 0xaedc, 0xaedc, 0xaedc, 0xaedc, 0xaedc, 0xaedc, 0xaedc, 0xaedc, 0xaedc, 0xaedc, 
	0xaedc, 0xaedc, 0xaedc, 0xaedc, 0xaedc, 0xaedc, 0xaedc, 0xaedc, 0xaedc, 0xaedc, 0xaedc, 0xaedc, 0xaedc, 0xaedc, 0xaedc, 0xaedc, 
	0xaedc, 0xaedc, 0xaedc, 0xaedc, 0xaedc, 0xaedc, 0xaedc, 0xaedc, 0xaedc, 0xaedc, 0xaedc, 0xaedc, 0xaedc, 0xaedc, 0xaedc, 0xaedc, 
	0xaedc, 0xaedc, 0xaedc, 0xaedc, 0xaedc, 0xaedc, 0xaedc, 0xaedc, 0xaedc, 0xaedc, 0xaedc, 0xaedc, 0xaedc, 0xaedc, 0xaedc, 0xaedc, 
	0xaedc, 0xaedc, 0xaedc, 0xaedc, 0xaedc, 0xaedc, 0xaedc, 0xaedc, 0xaedc, 0xaedc, 0xaedc, 0xaedc, 0xaedc, 0xaedc, 0xaedc, 0xaedc, 
	0xaedc, 0xaedc, 0xaedc, 0xaedc, 0xaedc, 0xaedc, 0xaedc, 0xaedc, 0xaedc, 0xaedc, 0xaedc, 0xaedc, 0xaedc, 0xaedc, 0xaedc, 0xaedc, 
	0xaedc, 0xaedd, 0xaedc, 0xc6fc, 0xe6fc, 0xe71b, 0xdf3b, 0xe71b, 0xe71b, 0xe71b, 0xe71b, 0xe71b, 0xe71b, 0xe71b, 0xe71b, 0xe71b, 
	0xe71b, 0xe71b, 0xe71b, 0xe71b, 0xe71b, 0xe71b, 0xe71b, 0xe71b, 0xe71b, 0xe71b, 0xe71b, 0xe71b, 0xe71b, 0xe71b, 0xe71b, 0xe71b, 
	0xe71b, 0xe71b, 0xe71b, 0xe71b, 0xe71b, 0xe71b, 0xe71b, 0xdefb, 0xdefb, 0xdefb, 0xdefb, 0xdefb, 0xdefb, 0xdefb, 0xdefb, 0xdefb, 
	0xdefb, 0xe71b, 0xdefb, 0xe71b, 0xe71c, 0xdefb, 0xdefb, 0xdefb, 0xe71b, 0xdefb, 0xe71c, 0xe71c, 0xd699, 0x73ae, 0x0841, 0x0000, 
	0x0000, 0x0000, 0x0000, 0x0882, 0x5bd0, 0xaedc, 0xaedc, 0xaedd, 0xaedc, 0xaedc, 0xaedc, 0xaedc, 0xaedc, 0xaedc, 0xaedc, 0xaedc, 
	0xaedc, 0xaedc, 0xaedc, 0xaedc, 0xaedc, 0xaedc, 0xaedc, 0xaedc, 0xaedc, 0xaedc, 0xaedc, 0xaedc, 0xaedc, 0xaedc, 0xaedc, 0xaedc, 
	0xaedc, 0xaedc, 0xaedc, 0xaedc, 0xaedc, 0xaedc, 0xaedc, 0xaedc, 0xaedc, 0xaedc, 0xaedc, 0xaedc, 0xaedc, 0xaedc, 0xaedc, 0xaedc, 
	0xaedc, 0xaedc, 0xaedc, 0xaedc, 0xaedc, 0xaedc, 0xaedc, 0xaedc, 0xaedc, 0xaedc, 0xaedc, 0xaedc, 0xaedc, 0xaedc, 0xaedc, 0xaedc, 
	0xaedc, 0xaedc, 0xaedc, 0xaedc, 0xaedc, 0xaedc, 0xaedc, 0xaedc, 0xaedc, 0xaedc, 0xaedc, 0xaedc, 0xaedc, 0xaedc, 0xaedc, 0xaedc, 
	0xaedc, 0xaedc, 0xaedc, 0xaedc, 0xaedc, 0xaedc, 0xaedc, 0xaedc, 0xaedc, 0xaedc, 0xaedc, 0xaedc, 0xaedc, 0xaedc, 0xaedc, 0xaedc, 
	0xaedc, 0xaedc, 0xaedc, 0xaedc, 0xaedc, 0xaedc, 0xaedc, 0xaedc, 0xaedc, 0xaedc, 0xaedc, 0xaedc, 0xaedc, 0xaedc, 0xaedc, 0xaedc, 
	0xaedc, 0xaedc, 0xaedc, 0xaedc, 0xaedc, 0xaedc, 0xaedc, 0xaedc, 0xaedc, 0xaedc, 0xaedc, 0xaedc, 0xaedc, 0xaedc, 0xaedc, 0xaedc, 
	0xaedc, 0xaedc, 0xaedc, 0xaedc, 0xaedc, 0xaedc, 0xaedc, 0xaedc, 0xaedc, 0xaedc, 0xaedc, 0xaedc, 0xaedc, 0xaedc, 0xaedc, 0xaedc, 
	0xaedc, 0xaedc, 0xaedc, 0xaedc, 0xaedc, 0xaedc, 0xaedc, 0xaedc, 0xaedc, 0xaedc, 0xaedc, 0xaedc, 0xaedc, 0xaedc, 0xaedc, 0xaedc, 
	0xaedc, 0xaedc, 0xaedc, 0xaedc, 0xaedc, 0xaedc, 0xaedc, 0xaedc, 0xaedc, 0xaedc, 0xaedc, 0xaedc, 0xaedc, 0xaedc, 0xaedc, 0xaedc, 
	0xaedc, 0xaedc, 0xaedc, 0xaedc, 0xaedc, 0xaedc, 0xaedc, 0xaedc, 0xaedc, 0xaedc, 0xaedc, 0xaedc, 0xaedc, 0xaedc, 0xaedc, 0xaedc, 
	0xaedc, 0xaedd, 0xaefc, 0xb69b, 0xbdf8, 0xc637, 0xbe37, 0xc5f7, 0xc617, 0xc617, 0xc617, 0xc617, 0xc617, 0xc617, 0xc617, 0xc617, 
	0xc617, 0xc617, 0xc617, 0xc617, 0xc617, 0xc617, 0xc617, 0xc617, 0xc617, 0xc617, 0xc617, 0xc617, 0xc617, 0xc617, 0xc617, 0xc617, 
	0xc637, 0xc617, 0xc617, 0xc638, 0xce58, 0xd6ba, 0xdefb, 0xdf1b, 0xdefb, 0xdefb, 0xe71c, 0xdefb, 0xe71b, 0xe71b, 0xdeda, 0xe71b, 
	0xdefb, 0xdefb, 0xdefb, 0xdefb, 0xdefb, 0xdefb, 0xdefb, 0xdefb, 0xdefb, 0xdefb, 0xdefb, 0xe71b, 0xdefb, 0xbdd7, 0x39c6, 0x0000, 
	0x0000, 0x0000, 0x0000, 0x0000, 0x29a7, 0xa619, 0xaedc, 0xaedd, 0xaedc, 0xaedc, 0xaedc, 0xaedc, 0xaedc, 0xaedc, 0xaedc, 0xaedc, 
	0xaedc, 0xaedc, 0xaedc, 0xaedc, 0xaedc, 0xaedc, 0xaedc, 0xaedc, 0xaedc, 0xaedc, 0xaedc, 0xaedc, 0xaedc, 0xaedc, 0xaedc, 0xaedc, 
	0xaedc, 0xaedc, 0xaedc, 0xaedc, 0xaedc, 0xaedc, 0xaedc, 0xaedc, 0xaedd, 0xaebd, 0xaedd, 0xaedd, 0xaedc, 0xaedc, 0xaedd, 0xaefd, 
	0xb6dc, 0xaedc, 0xaedc, 0xaefc, 0xaefc, 0xaedc, 0xaedc, 0xb6bc, 0xaedd, 0xaedd, 0xaedc, 0xaedc, 0xb6dc, 0xaedc, 0xaedd, 0xaedd, 
	0xb6dd, 0xaebc, 0xaedc, 0xb6dd, 0xaedd, 0xaedc, 0xaedc, 0xaedc, 0xaedc, 0xaedc, 0xaedc, 0xaedc, 0xaedc, 0xaedc, 0xaedc, 0xaedc, 
	0xaedc, 0xaedc, 0xaedc, 0xaedc, 0xaedc, 0xaedc, 0xaedc, 0xaedc, 0xaedc, 0xaedc, 0xaedc, 0xaedc, 0xaedc, 0xaedc, 0xaedc, 0xaedc, 
	0xaedc, 0xaedc, 0xaedc, 0xaedc, 0xaedc, 0xaedc, 0xaedc, 0xaedc, 0xaedc, 0xaedc, 0xaedc, 0xaedc, 0xaedc, 0xaedc, 0xaedc, 0xaedc, 
	0xaedc, 0xaedc, 0xaedc, 0xaedc, 0xaedc, 0xaedc, 0xaedc, 0xaedc, 0xaedc, 0xaedc, 0xaedc, 0xaedc, 0xaedc, 0xaedc, 0xaedc, 0xaedc, 
	0xaedc, 0xaedc, 0xaedc, 0xaedc, 0xaedc, 0xaedc, 0xaedc, 0xaedc, 0xaedc, 0xaedc, 0xaedc, 0xaedc, 0xaedc, 0xaedc, 0xaedc, 0xaedc, 
	0xaedc, 0xaedc, 0xaedc, 0xaedc, 0xaedc, 0xaedc, 0xaedc, 0xaedc, 0xaedc, 0xaedc, 0xaedc, 0xaedc, 0xaedc, 0xaedc, 0xaedc, 0xaedc, 
	0xaedc, 0xaedc, 0xaedc, 0xaedc, 0xaedc, 0xaedc, 0xaedc, 0xaedc, 0xaedc, 0xaedc, 0xaedc, 0xaedc, 0xaedc, 0xaedc, 0xaedc, 0xaedc, 
	0xaedc, 0xaedc, 0xaedc, 0xaedc, 0xaedc, 0xaedc, 0xaedc, 0xaedc, 0xaedc, 0xaedc, 0xaedc, 0xaedc, 0xaedc, 0xaedc, 0xaedc, 0xaedc, 
	0xb6dd, 0xb6dc, 0xb6dc, 0x7cb3, 0x2125, 0x2924, 0x1903, 0x2925, 0x2124, 0x2124, 0x2124, 0x2124, 0x2124, 0x2124, 0x2124, 0x2124, 
	0x2124, 0x2124, 0x2124, 0x2124, 0x2124, 0x2124, 0x2124, 0x2124, 0x2124, 0x2124, 0x2124, 0x2124, 0x2124, 0x2124, 0x2124, 0x2124, 
	0x2104, 0x2124, 0x2945, 0x31a6, 0x4a49, 0x6b4c, 0x9cb2, 0xc617, 0xdedb, 0xe71c, 0xdeda, 0xe71b, 0xdefb, 0xdefb, 0xe73c, 0xdefb, 
	0xdefb, 0xdefb, 0xdefb, 0xdefb, 0xdefb, 0xdefb, 0xdefb, 0xdefb, 0xdefb, 0xdefb, 0xdefb, 0xe71c, 0xdefb, 0xd6ba, 0x73ae, 0x0861, 
	0x0000, 0x0000, 0x0000, 0x0000, 0x10e4, 0x7cb3, 0xaebc, 0xaedd, 0xaedc, 0xaedc, 0xaedc, 0xaedc, 0xaedc, 0xaedc, 0xaedc, 0xaedc, 
	0xaedc, 0xaedc, 0xaedc, 0xaedc, 0xaedc, 0xaedc, 0xaedc, 0xaedc, 0xaedc, 0xaedc, 0xaedc, 0xaedc, 0xaedc, 0xaedc, 0xaedc, 0xaedc, 
	0xaedc, 0xaedc, 0xaedc, 0xaedc, 0xaedc, 0xaedc, 0xaedc, 0xaedc, 0xaedd, 0xaedd, 0xaedc, 0xaedc, 0xb6fd, 0xaedd, 0xaebc, 0xaebc, 
	0xaebc, 0xb6dd, 0xb6dd, 0xaedd, 0xaedc, 0xaebc, 0xaedd, 0xb6fd, 0xb6bd, 0xb6dd, 0xaedc, 0xaedc, 0xaedc, 0xaedc, 0xaedc, 0xaefd, 
	0xaedd, 0xaedd, 0xb6fd, 0xaedc, 0xaebc, 0xaedc, 0xaedd, 0xaefd, 0xaedc, 0xaedc, 0xaedc, 0xaedc, 0xaedc, 0xaedc, 0xaedc, 0xaedc, 
	0xaedc, 0xaedc, 0xaedc, 0xaedc, 0xaedc, 0xaedc, 0xaedc, 0xaedc, 0xaedc, 0xaedc, 0xaedc, 0xaedc, 0xaedc, 0xaedc, 0xaedc, 0xaedc, 
	0xaedc, 0xaedc, 0xaedc, 0xaedc, 0xaedc, 0xaedc, 0xaedc, 0xaedc, 0xaedc, 0xaedc, 0xaedc, 0xaedc, 0xaedc, 0xaedc, 0xaedc, 0xaedc, 
	0xaedc, 0xaedc, 0xaedc, 0xaedc, 0xaedc, 0xaedc, 0xaedc, 0xaedc, 0xaedc, 0xaedc, 0xaedc, 0xaedc, 0xaedc, 0xaedc, 0xaedc, 0xaedc, 
	0xaedc, 0xaedc, 0xaedc, 0xaedc, 0xaedc, 0xaedc, 0xaedc, 0xaedc, 0xaedc, 0xaedc, 0xaedc, 0xaedc, 0xaedc, 0xaedc, 0xaedc, 0xaedc, 
	0xaedc, 0xaedc, 0xaedc, 0xaedc, 0xaedc, 0xaedc, 0xaedc, 0xaedc, 0xaedc, 0xaedc, 0xaedc, 0xaedc, 0xaedc, 0xaedc, 0xaedc, 0xaedc, 
	0xaedc, 0xaedc, 0xaedc, 0xaedc, 0xaedc, 0xaedc, 0xaedc, 0xaedc, 0xaedc, 0xaedc, 0xaedc, 0xaedc, 0xaedc, 0xaedc, 0xaedc, 0xaedc, 
	0xaedc, 0xaedc, 0xaedc, 0xaedc, 0xaedc, 0xaedc, 0xaedc, 0xaedc, 0xaedc, 0xaedc, 0xaedc, 0xaedc, 0xaedc, 0xaedc, 0xaedc, 0xaedc, 
	0xb6bc, 0xaebc, 0xb6fd, 0x6c52, 0x0000, 0x0000, 0x0000, 0x0000, 0x0000, 0x0000, 0x0000, 0x0000, 0x0000, 0x0000, 0x0000, 0x0000, 
	0x0000, 0x0000, 0x0000, 0x0000, 0x0000, 0x0000, 0x0000, 0x0000, 0x0000, 0x0000, 0x0000, 0x0000, 0x0000, 0x0000, 0x0000, 0x0000, 
	0x0000, 0x0000, 0x0000, 0x0000, 0x0000, 0x0020, 0x18c3, 0x41e7, 0x8410, 0xce58, 0xe71b, 0xdefb, 0xe71b, 0xe71b, 0xdeda, 0xe71b, 
	0xdefb, 0xdefb, 0xdefb, 0xdefb, 0xdefb, 0xdefb, 0xdefb, 0xdefb, 0xdefb, 0xe71b, 0xdefb, 0xe71b, 0xdefb, 0xe71c, 0xb596, 0x2965, 
	0x0000, 0x0000, 0x0000, 0x0000, 0x0021, 0x42ec, 0xa67b, 0xaefd, 0xaedc, 0xaedc, 0xaedc, 0xaedc, 0xaedc, 0xaedc, 0xaedc, 0xaedc, 
	0xaedc, 0xaedc, 0xaedc, 0xaedc, 0xaedc, 0xaedc, 0xaedc, 0xaedc, 0xaedc, 0xaedc, 0xaedc, 0xaedc, 0xaedc, 0xaedc, 0xaedc, 0xaedc, 
	0xaedc, 0xaedc, 0xaedc, 0xaedc, 0xaedc, 0xaedc, 0xaedc, 0xaedc, 0xaedc, 0xaefc, 0xaedc, 0xaebc, 0xaedc, 0xb6dd, 0xaedc, 0xb6fd, 
	0xaedd, 0xaedd, 0xaebd, 0xaedd, 0xb6dd, 0xb6dd, 0xaedd, 0xaedc, 0xb6dd, 0xb6fd, 0xaedd, 0xaedd, 0xaefd, 0xaedc, 0xaedc, 0xb6dc, 
	0xaebc, 0xaedd, 0xaedc, 0xaedc, 0xaedc, 0xb6fd, 0xaedd, 0xaedc, 0xaedc, 0xaedc, 0xaedc, 0xaedc, 0xaedc, 0xaedc, 0xaedc, 0xaedc, 
	0xaedc, 0xaedc, 0xaedc, 0xaedc, 0xaedc, 0xaedc, 0xaedc, 0xaedc, 0xaedc, 0xaedc, 0xaedc, 0xaedc, 0xaedc, 0xaedc, 0xaedc, 0xaedc, 
	0xaedc, 0xaedc, 0xaedc, 0xaedc, 0xaedc, 0xaedc, 0xaedc, 0xaedc, 0xaedc, 0xaedc, 0xaedc, 0xaedc, 0xaedc, 0xaedc, 0xaedc, 0xaedc, 
	0xaedc, 0xaedc, 0xaedc, 0xaedc, 0xaedc, 0xaedc, 0xaedc, 0xaedc, 0xaedc, 0xaedc, 0xaedc, 0xaedc, 0xaedc, 0xaedc, 0xaedc, 0xaedc, 
	0xaedc, 0xaedc, 0xaedc, 0xaedc, 0xaedc, 0xaedc, 0xaedc, 0xaedc, 0xaedc, 0xaedc, 0xaedc, 0xaedc, 0xaedc, 0xaedc, 0xaedc, 0xaedc, 
	0xaedc, 0xaedc, 0xaedc, 0xaedc, 0xaedc, 0xaedc, 0xaedc, 0xaedc, 0xaedc, 0xaedc, 0xaedc, 0xaedc, 0xaedc, 0xaedc, 0xaedc, 0xaedc, 
	0xaedc, 0xaedc, 0xaedc, 0xaedc, 0xaedc, 0xaedc, 0xaedc, 0xaedc, 0xaedc, 0xaedc, 0xaedc, 0xaedc, 0xaedc, 0xaedc, 0xaedc, 0xaedc, 
	0xaedc, 0xaedc, 0xaedc, 0xaedc, 0xaedc, 0xaedc, 0xaedc, 0xaedc, 0xaedc, 0xaedc, 0xaedc, 0xaedc, 0xaedc, 0xaedc, 0xaedc, 0xaedc, 
	0xaedc, 0xaefd, 0xaefc, 0x6431, 0x0021, 0x0000, 0x0020, 0x0000, 0x0000, 0x0000, 0x0000, 0x0000, 0x0000, 0x0000, 0x0000, 0x0000, 
	0x0000, 0x0000, 0x0000, 0x0000, 0x0000, 0x0000, 0x0000, 0x0000, 0x0000, 0x0000, 0x0000, 0x0000, 0x0000, 0x0000, 0x0000, 0x0000, 
	0x0000, 0x0000, 0x0000, 0x0000, 0x0020, 0x0000, 0x0000, 0x0841, 0x10a2, 0x5acb, 0xb596, 0xdefb, 0xe71b, 0xdefb, 0xe71b, 0xe71b, 
	0xdefb, 0xdefb, 0xdefb, 0xdefb, 0xdefb, 0xdefb, 0xdefb, 0xdefb, 0xdefb, 0xe73c, 0xdedb, 0xdefb, 0xe71b, 0xdefb, 0xd699, 0x630c, 
	0x0020, 0x0000, 0x0000, 0x0000, 0x0000, 0x21a7, 0x9dd8, 0xaedc, 0xaedc, 0xaedc, 0xaedc, 0xaedc, 0xaedc, 0xaedc, 0xaedc, 0xaedc, 
	0xaedc, 0xaedc, 0xaedc, 0xaedc, 0xaedc, 0xaedc, 0xaedc, 0xaedc, 0xaedc, 0xaedc, 0xaedc, 0xaedc, 0xaedc, 0xaedc, 0xaedc, 0xaedc, 
	0xaedc, 0xaedc, 0xaedc, 0xaedc, 0xaedc, 0xaedc, 0xaedc, 0xaedc, 0xaefc, 0xaefc, 0xb6fc, 0xb6dd, 0xaedc, 0xaedc, 0xaedc, 0xaedc, 
	0xaefd, 0xaebc, 0xae9b, 0xa65a, 0xa63a, 0x9e19, 0xa65a, 0xa69b, 0xa69b, 0xaedc, 0xaefd, 0xaedd, 0xaedd, 0xaedd, 0xb6dc, 0xb6bc, 
	0xaefd, 0xaefd, 0xaedd, 0xaedc, 0xaedd, 0xaedd, 0xaedc, 0xaedc, 0xaedc, 0xaedc, 0xaedc, 0xaedc, 0xaedc, 0xaedc, 0xaedc, 0xaedc, 
	0xaedc, 0xaedc, 0xaedc, 0xaedc, 0xaedc, 0xaedc, 0xaedc, 0xaedc, 0xaedc, 0xaedc, 0xaedc, 0xaedc, 0xaedc, 0xaedc, 0xaedc, 0xaedc, 
	0xaedc, 0xaedc, 0xaedc, 0xaedc, 0xaedc, 0xaedc, 0xaedc, 0xaedc, 0xaedc, 0xaedc, 0xaedc, 0xaedc, 0xaedc, 0xaedc, 0xaedc, 0xaedc, 
	0xaedc, 0xaedc, 0xaedc, 0xaedc, 0xaedc, 0xaedc, 0xaedc, 0xaedc, 0xaedc, 0xaedc, 0xaedc, 0xaedc, 0xaedc, 0xaedc, 0xaedc, 0xaedc, 
	0xaedc, 0xaedc, 0xaedc, 0xaedc, 0xaedc, 0xaedc, 0xaedc, 0xaedc, 0xaedc, 0xaedc, 0xaedc, 0xaedc, 0xaedc, 0xaedc, 0xaedc, 0xaedc, 
	0xaedc, 0xaedc, 0xaedc, 0xaedc, 0xaedc, 0xaedc, 0xaedc, 0xaedc, 0xaedc, 0xaedc, 0xaedc, 0xaedc, 0xaedc, 0xaedc, 0xaedc, 0xaedc, 
	0xaedc, 0xaedc, 0xaedc, 0xaedc, 0xaedc, 0xaedc, 0xaedc, 0xaedc, 0xaedc, 0xaedc, 0xaedc, 0xaedc, 0xaedc, 0xaedc, 0xaedc, 0xaedc, 
	0xaedc, 0xaedc, 0xaedc, 0xaedc, 0xaedc, 0xaedc, 0xaedc, 0xaedc, 0xaedc, 0xaedc, 0xaedc, 0xaedc, 0xaedc, 0xaedc, 0xaedc, 0xaedc, 
	0xaedc, 0xaefd, 0xaefc, 0x6c31, 0x0021, 0x0000, 0x0020, 0x0000, 0x0000, 0x0000, 0x0000, 0x0000, 0x0000, 0x0000, 0x0000, 0x0000, 
	0x0000, 0x0000, 0x0000, 0x0000, 0x0000, 0x0000, 0x0000, 0x0000, 0x0000, 0x0000, 0x0000, 0x0000, 0x0000, 0x0000, 0x0000, 0x0000, 
	0x0000, 0x0000, 0x0000, 0x0000, 0x0000, 0x0000, 0x0000, 0x0000, 0x0000, 0x0020, 0x4228, 0xad54, 0xe71b, 0xdedb, 0xe73c, 0xdedb, 
	0xdefb, 0xdefb, 0xdefb, 0xdefb, 0xdefb, 0xdefb, 0xdefb, 0xdefb, 0xdefb, 0xe71b, 0xdefb, 0xdefb, 0xe71c, 0xdefb, 0xdefb, 0x9cd2, 
	0x18c3, 0x0000, 0x0000, 0x0000, 0x0000, 0x10e3, 0x7cb3, 0xaedc, 0xaedc, 0xaedc, 0xaedc, 0xaedc, 0xaedc, 0xaedc, 0xaedc, 0xaedc, 
	0xaedc, 0xaedc, 0xaedc, 0xaedc, 0xaedc, 0xaedc, 0xaedc, 0xaedc, 0xaedc, 0xaedc, 0xaedc, 0xaedc, 0xaedc, 0xaedc, 0xaedc, 0xaedc, 
	0xaedc, 0xaedc, 0xaedc, 0xaedc, 0xaedc, 0xaedc, 0xaedc, 0xaedc, 0xb6fc, 0xaebc, 0xaedd, 0xaefd, 0xaebc, 0xaedd, 0xb6fd, 0xaebb, 
	0x9e18, 0x7cf4, 0x536e, 0x3a6a, 0x29c7, 0x21a7, 0x3229, 0x42ab, 0x6410, 0x8535, 0xa65a, 0xaebc, 0xaedd, 0xaedd, 0xaedd, 0xaedd, 
	0xaebc, 0xaedc, 0xaedc, 0xaedc, 0xaedd, 0xaedc, 0xaedc, 0xb6fd, 0xaedc, 0xaedc, 0xaedc, 0xaedc, 0xaedc, 0xaedc, 0xaedc, 0xaedc, 
	0xaedc, 0xaedc, 0xaedc, 0xaedc, 0xaedc, 0xaedc, 0xaedc, 0xaedc, 0xaedc, 0xaedc, 0xaedc, 0xaedc, 0xaedc, 0xaedc, 0xaedc, 0xaedc, 
	0xaedc, 0xaedc, 0xaedc, 0xaedc, 0xaedc, 0xaedc, 0xaedc, 0xaedc, 0xaedc, 0xaedc, 0xaedc, 0xaedc, 0xaedc, 0xaedc, 0xaedc, 0xaedc, 
	0xaedc, 0xaedc, 0xaedc, 0xaedc, 0xaedc, 0xaedc, 0xaedc, 0xaedc, 0xaedc, 0xaedc, 0xaedc, 0xaedc, 0xaedc, 0xaedc, 0xaedc, 0xaedc, 
	0xaedc, 0xaedc, 0xaedc, 0xaedc, 0xaedc, 0xaedc, 0xaedc, 0xaedc, 0xaedc, 0xaedc, 0xaedc, 0xaedc, 0xaedc, 0xaedc, 0xaedc, 0xaedc, 
	0xaedc, 0xaedc, 0xaedc, 0xaedc, 0xaedc, 0xaedc, 0xaedc, 0xaedc, 0xaedc, 0xaedc, 0xaedc, 0xaedc, 0xaedc, 0xaedc, 0xaedc, 0xaedc, 
	0xaedc, 0xaedc, 0xaedc, 0xaedc, 0xaedc, 0xaedc, 0xaedc, 0xaedc, 0xaedc, 0xaedc, 0xaedc, 0xaedc, 0xaedc, 0xaedc, 0xaedc, 0xaedc, 
	0xaedc, 0xaedc, 0xaedc, 0xaedc, 0xaedc, 0xaedc, 0xaedc, 0xaedc, 0xaedc, 0xaedc, 0xaedc, 0xaedc, 0xaedc, 0xaedc, 0xaedc, 0xaedc, 
	0xb6bc, 0xaebc, 0xb6fd, 0x7432, 0x0000, 0x0000, 0x0000, 0x0000, 0x0000, 0x0000, 0x0000, 0x0000, 0x0000, 0x0000, 0x0000, 0x0000, 
	0x0000, 0x0000, 0x0000, 0x0000, 0x0000, 0x0000, 0x0000, 0x0000, 0x0000, 0x0000, 0x0000, 0x0000, 0x0000, 0x0000, 0x0000, 0x0000, 
	0x0000, 0x0000, 0x0000, 0x0000, 0x0000, 0x0000, 0x0821, 0x0000, 0x0020, 0x0000, 0x0000, 0x4208, 0xbdd7, 0xe71b, 0xdedb, 0xdefb, 
	0xdefb, 0xdefb, 0xdefb, 0xdefb, 0xdefb, 0xdefb, 0xdefb, 0xdefb, 0xe71b, 0xdefb, 0xe71b, 0xe71c, 0xdefb, 0xdefb, 0xe71c, 0xbdd6, 
	0x31a6, 0x0000, 0x0000, 0x0000, 0x0000, 0x0841, 0x5b8e, 0xaedc, 0xaedc, 0xaedc, 0xaedc, 0xaedc, 0xaedc, 0xaedc, 0xaedc, 0xaedc, 
	0xaedc, 0xaedc, 0xaedc, 0xaedc, 0xaedc, 0xaedc, 0xaedc, 0xaedc, 0xaedc, 0xaedc, 0xaedc, 0xaedc, 0xaedc, 0xaedc, 0xaedc, 0xaedc, 
	0xaedc, 0xaedc, 0xaedc, 0xaedc, 0xaedc, 0xaedc, 0xaedc, 0xaedc, 0xaedc, 0xaebc, 0xaedd, 0xaedd, 0xaedd, 0xb6fd, 0x9df9, 0x6c72, 
	0x3208, 0x1924, 0x0021, 0x0000, 0x0000, 0x0000, 0x0000, 0x0000, 0x0021, 0x1905, 0x3a6a, 0x6bf1, 0x95b8, 0xaebc, 0xaefd, 0xaefd, 
	0xb6dc, 0xb6fd, 0xaedc, 0xaedc, 0xaefd, 0xb6fd, 0xaedc, 0xaedc, 0xaedc, 0xaedc, 0xaedc, 0xaedc, 0xaedc, 0xaedc, 0xaedc, 0xaedc, 
	0xaedc, 0xaedc, 0xaedc, 0xaedc, 0xaedc, 0xaedc, 0xaedc, 0xaedc, 0xaedc, 0xaedc, 0xaedc, 0xaedc, 0xaedc, 0xaedc, 0xaedc, 0xaedc, 
	0xaedc, 0xaedc, 0xaedc, 0xaedc, 0xaedc, 0xaedc, 0xaedc, 0xaedc, 0xaedc, 0xaedc, 0xaedc, 0xaedc, 0xaedc, 0xaedc, 0xaedc, 0xaedc, 
	0xaedc, 0xaedc, 0xaedc, 0xaedc, 0xaedc, 0xaedc, 0xaedc, 0xaedc, 0xaedc, 0xaedc, 0xaedc, 0xaedc, 0xaedc, 0xaedc, 0xaedc, 0xaedc, 
	0xaedc, 0xaedc, 0xaedc, 0xaedc, 0xaedc, 0xaedc, 0xaedc, 0xaedc, 0xaedc, 0xaedc, 0xaedc, 0xaedc, 0xaedc, 0xaedc, 0xaedc, 0xaedc, 
	0xaedc, 0xaedc, 0xaedc, 0xaedc, 0xaedc, 0xaedc, 0xaedc, 0xaedc, 0xaedc, 0xaedc, 0xaedc, 0xaedc, 0xaedc, 0xaedc, 0xaedc, 0xaedc, 
	0xaedc, 0xaedc, 0xaedc, 0xaedc, 0xaedc, 0xaedc, 0xaedc, 0xaedc, 0xaedc, 0xaedc, 0xaedc, 0xaedc, 0xaedc, 0xaedc, 0xaedc, 0xaedc, 
	0xaedc, 0xaedc, 0xaedc, 0xaedc, 0xaedc, 0xaedc, 0xaedc, 0xaedc, 0xaedc, 0xaedc, 0xaedc, 0xaedc, 0xaedc, 0xaedc, 0xaedc, 0xaedc, 
	0xb6dd, 0xb6dd, 0xaedc, 0x6c52, 0x0883, 0x0882, 0x0082, 0x08a3, 0x0881, 0x0881, 0x0881, 0x0881, 0x0881, 0x0881, 0x0881, 0x0881, 
	0x0881, 0x0881, 0x0881, 0x0881, 0x0881, 0x0881, 0x0881, 0x0881, 0x0881, 0x0881, 0x0881, 0x0881, 0x0881, 0x0881, 0x0881, 0x0881, 
	0x0862, 0x0082, 0x0082, 0x0062, 0x0041, 0x0000, 0x0000, 0x0000, 0x0000, 0x0000, 0x0000, 0x0841, 0x5aeb, 0xce58, 0xe71b, 0xe71c, 
	0xdefb, 0xdefb, 0xdefb, 0xdefb, 0xdefb, 0xdefb, 0xdefb, 0xdefb, 0xe71b, 0xdefb, 0xe71b, 0xe71b, 0xdefb, 0xe71b, 0xe71b, 0xce79, 
	0x5aeb, 0x0000, 0x0000, 0x0000, 0x0000, 0x0000, 0x428b, 0xa67a, 0xaedc, 0xaedc, 0xaedc, 0xaedc, 0xaedc, 0xaedc, 0xaedc, 0xaedc, 
	0xaedc, 0xaedc, 0xaedc, 0xaedc, 0xaedc, 0xaedc, 0xaedc, 0xaedc, 0xaedc, 0xaedc, 0xaedc, 0xaedc, 0xaedc, 0xaedc, 0xaedc, 0xaedc, 
	0xaedc, 0xaedc, 0xaedc, 0xaedc, 0xaedc, 0xaedc, 0xaedc, 0xaedc, 0xb6fd, 0xaedd, 0xaedd, 0xaedd, 0xaebc, 0x9576, 0x4b0c, 0x10c4, 
	0x0000, 0x0000, 0x0000, 0x0000, 0x0800, 0x0000, 0x0000, 0x0000, 0x0000, 0x0000, 0x0021, 0x10a3, 0x29a7, 0x532d, 0x7cf4, 0xa639, 
	0xae7b, 0xb6dc, 0xb6dc, 0xaebc, 0xaedc, 0xb6fc, 0xaedc, 0xaedc, 0xaedc, 0xaedc, 0xaedc, 0xaedc, 0xaedc, 0xaedc, 0xaedc, 0xaedc, 
	0xaedc, 0xaedc, 0xaedc, 0xaedc, 0xaedc, 0xaedc, 0xaedc, 0xaedc, 0xaedc, 0xaedc, 0xaedc, 0xaedc, 0xaedc, 0xaedc, 0xaedc, 0xaedc, 
	0xaedc, 0xaedc, 0xaedc, 0xaedc, 0xaedc, 0xaedc, 0xaedc, 0xaedc, 0xaedc, 0xaedc, 0xaedc, 0xaedc, 0xaedc, 0xaedc, 0xaedc, 0xaedc, 
	0xaedc, 0xaedc, 0xaedc, 0xaedc, 0xaedc, 0xaedc, 0xaedc, 0xaedc, 0xaedc, 0xaedc, 0xaedc, 0xaedc, 0xaedc, 0xaedc, 0xaedc, 0xaedc, 
	0xaedc, 0xaedc, 0xaedc, 0xaedc, 0xaedc, 0xaedc, 0xaedc, 0xaedc, 0xaedc, 0xaedc, 0xaedc, 0xaedc, 0xaedc, 0xaedc, 0xaedc, 0xaedc, 
	0xaedc, 0xaedc, 0xaedc, 0xaedc, 0xaedc, 0xaedc, 0xaedc, 0xaedc, 0xaedc, 0xaedc, 0xaedc, 0xaedc, 0xaedc, 0xaedc, 0xaedc, 0xaedc, 
	0xaedc, 0xaedc, 0xaedc, 0xaedc, 0xaedc, 0xaedc, 0xaedc, 0xaedc, 0xaedc, 0xaedc, 0xaedc, 0xaedc, 0xaedc, 0xaedc, 0xaedc, 0xaedc, 
	0xaedc, 0xaedc, 0xaedc, 0xaedc, 0xaedc, 0xaedc, 0xaedc, 0xaedc, 0xaedc, 0xaedc, 0xaedc, 0xaedc, 0xaedc, 0xaedc, 0xaedc, 0xaedc, 
	0xaedc, 0xaefd, 0xa6fd, 0x9e19, 0x8d14, 0x8514, 0x7d34, 0x84f5, 0x8515, 0x8515, 0x8515, 0x8515, 0x8515, 0x8515, 0x8515, 0x8515, 
	0x8515, 0x8515, 0x8515, 0x8515, 0x8515, 0x8515, 0x8515, 0x8515, 0x8515, 0x8515, 0x8515, 0x8515, 0x8515, 0x8515, 0x8515, 0x8515, 
	0x7cf4, 0x8515, 0x7cf4, 0x7451, 0x4b0c, 0x1965, 0x0040, 0x0020, 0x0000, 0x0000, 0x0000, 0x0000, 0x18e3, 0x94b2, 0xdefb, 0xdefb, 
	0xdefb, 0xdefb, 0xdefb, 0xdefb, 0xdefb, 0xdefb, 0xdefb, 0xdefb, 0xdefb, 0xe71c, 0xdefb, 0xdefb, 0xdefb, 0xe71b, 0xdedb, 0xe71b, 
	0x7bef, 0x0841, 0x0000, 0x0000, 0x0000, 0x0000, 0x31e8, 0x9df9, 0xaedc, 0xaedc, 0xaedc, 0xaedc, 0xaedc, 0xaedc, 0xaedc, 0xaedc, 
	0xaedc, 0xaedc, 0xaedc, 0xaedc, 0xaedc, 0xaedc, 0xaedc, 0xaedc, 0xaedc, 0xaedc, 0xaedc, 0xaedc, 0xaedc, 0xaedc, 0xaedc, 0xaedc, 
	0xaedc, 0xaedc, 0xaedc, 0xaedc, 0xaedc, 0xaedc, 0xaedc, 0xaedc, 0xaedc, 0xaedc, 0xaefd, 0xb6fc, 0x8d77, 0x3a8a, 0x0041, 0x0000, 
	0x0000, 0x0000, 0x0000, 0x0000, 0x0000, 0x0000, 0x0000, 0x0020, 0x0000, 0x0000, 0x0000, 0x0000, 0x0000, 0x0021, 0x1925, 0x3a2a, 
	0x6452, 0x8d97, 0xae9b, 0xaedc, 0xaedc, 0xaedc, 0xaedc, 0xaedc, 0xaedc, 0xaedc, 0xaedc, 0xaedc, 0xaedc, 0xaedc, 0xaedc, 0xaedc, 
	0xaedc, 0xaedc, 0xaedc, 0xaedc, 0xaedc, 0xaedc, 0xaedc, 0xaedc, 0xaedc, 0xaedc, 0xaedc, 0xaedc, 0xaedc, 0xaedc, 0xaedc, 0xaedc, 
	0xaedc, 0xaedc, 0xaedc, 0xaedc, 0xaedc, 0xaedc, 0xaedc, 0xaedc, 0xaedc, 0xaedc, 0xaedc, 0xaedc, 0xaedc, 0xaedc, 0xaedc, 0xaedc, 
	0xaedc, 0xaedc, 0xaedc, 0xaedc, 0xaedc, 0xaedc, 0xaedc, 0xaedc, 0xaedc, 0xaedc, 0xaedc, 0xaedc, 0xaedc, 0xaedc, 0xaedc, 0xaedc, 
	0xaedc, 0xaedc, 0xaedc, 0xaedc, 0xaedc, 0xaedc, 0xaedc, 0xaedc, 0xaedc, 0xaedc, 0xaedc, 0xaedc, 0xaedc, 0xaedc, 0xaedc, 0xaedc, 
	0xaedc, 0xaedc, 0xaedc, 0xaedc, 0xaedc, 0xaedc, 0xaedc, 0xaedc, 0xaedc, 0xaedc, 0xaedc, 0xaedc, 0xaedc, 0xaedc, 0xaedc, 0xaedc, 
	0xaedc, 0xaedc, 0xaedc, 0xaedc, 0xaedc, 0xaedc, 0xaedc, 0xaedc, 0xaedc, 0xaedc, 0xaedc, 0xaedc, 0xaedc, 0xaedc, 0xaedc, 0xaedc, 
	0xaedc, 0xaedc, 0xaedc, 0xaedc, 0xaedc, 0xaedc, 0xaedc, 0xaedc, 0xaedc, 0xaedc, 0xaedc, 0xaedc, 0xaedc, 0xaedc, 0xaedc, 0xaedc, 
	0xaedc, 0xaedc, 0xaedc, 0xaedd, 0xb6fd, 0xb6fd, 0xb6fd, 0xb6fd, 0xb6fd, 0xb6fd, 0xb6fd, 0xb6fd, 0xb6fd, 0xb6fd, 0xb6fd, 0xb6fd, 
	0xb6fd, 0xb6fd, 0xb6fd, 0xb6fd, 0xb6fd, 0xb6fd, 0xb6fd, 0xb6fd, 0xb6fd, 0xb6fd, 0xb6fd, 0xb6fd, 0xb6fd, 0xb6fd, 0xb6fd, 0xb6fd, 
	0xb6dd, 0xaedd, 0xaedc, 0xaedc, 0xa67b, 0x8515, 0x428a, 0x0021, 0x0000, 0x0000, 0x0000, 0x0000, 0x0841, 0x4a69, 0xce79, 0xe71b, 
	0xe71b, 0xe71b, 0xe71b, 0xe71b, 0xe71b, 0xe71b, 0xe71b, 0xe71b, 0xe71b, 0xe71b, 0xe71b, 0xe71b, 0xe71b, 0xe71b, 0xe71b, 0xe71b, 
	0x94b2, 0x18e3, 0x0000, 0x0000, 0x0000, 0x0000, 0x2146, 0x8d55, 0xb6dd, 0xaedc, 0xaedc, 0xaefd, 0xaebc, 0xb6fd, 0xb6dc, 0xaedc, 
	0xaedc, 0xaedc, 0xb6fd, 0xa6bc, 0xaedd, 0xaefd, 0xa6bc, 0xaefd, 0xa71d, 0xa6dd, 0xaedd, 0xaebc, 0xaebd, 0xb6fd, 0xaedc, 0xaedc, 
	0xaedc, 0xaedc, 0xaedc, 0xaedc, 0xaedc, 0xaedc, 0xaedc, 0xaedc, 0xaedc, 0xaedc, 0xb6fd, 0x9dd8, 0x428a, 0x0841, 0x0000, 0x0000, 
	0x0021, 0x0000, 0x0000, 0x0000, 0x0000, 0x0000, 0x0000, 0x0000, 0x0000, 0x0000, 0x0000, 0x0000, 0x0000, 0x0000, 0x0000, 0x0020, 
	0x1082, 0x2186, 0x534e, 0x84f5, 0x9e3a, 0xaedd, 0xaedd, 0xaedd, 0xaedc, 0xaedc, 0xb6bd, 0xb6bd, 0xb6dd, 0xb6dc, 0xaedc, 0xaefc, 
	0xaedc, 0xaedd, 0xaefd, 0xaedd, 0xaedd, 0xaedd, 0xaedc, 0xaedc, 0xaedc, 0xaedc, 0xaedc, 0xaedc, 0xaedc, 0xaedc, 0xaedc, 0xaedc, 
	0xaedc, 0xaedc, 0xaedc, 0xaedc, 0xaedc, 0xaedc, 0xaedc, 0xaedc, 0xaedc, 0xaedc, 0xaedc, 0xaedc, 0xaedc, 0xaedc, 0xaedc, 0xaedc, 
	0xaedc, 0xaedc, 0xaedc, 0xaedc, 0xaedc, 0xaedc, 0xaedc, 0xaedc, 0xaedc, 0xaedc, 0xaedc, 0xaedc, 0xaedc, 0xaedc, 0xaedc, 0xaedc, 
	0xaedc, 0xaedc, 0xaedc, 0xaedc, 0xaedc, 0xaedc, 0xaedc, 0xaedc, 0xaedc, 0xaedc, 0xaedc, 0xaedc, 0xaedc, 0xaedc, 0xaedc, 0xaedc, 
	0xaedc, 0xaedc, 0xaedc, 0xaedc, 0xaedc, 0xaedc, 0xaedc, 0xaedc, 0xaedc, 0xaedc, 0xaedc, 0xaedc, 0xaedc, 0xaedc, 0xaedc, 0xaedc, 
	0xaedc, 0xaedc, 0xaedc, 0xaedc, 0xaedc, 0xaedc, 0xaedc, 0xaedc, 0xaedc, 0xaedc, 0xaedc, 0xaedc, 0xaedc, 0xaedc, 0xaedc, 0xaedc, 
	0xaedc, 0xaedc, 0xaedc, 0xaedc, 0xaedc, 0xaedc, 0xaedc, 0xaedc, 0xaedc, 0xaedc, 0xaedc, 0xaedc, 0xaedc, 0xaedc, 0xaedc, 0xaedc, 
	0xaedc, 0xaedc, 0xaedc, 0xaedc, 0xaedd, 0xaedd, 0xaedd, 0xaedd, 0xaedc, 0xaedc, 0xaedc, 0xaedc, 0xaedc, 0xaedc, 0xaedc, 0xaedc, 
	0xaedc, 0xaedc, 0xaedc, 0xaedc, 0xaedc, 0xaedc, 0xaedc, 0xaedc, 0xaedc, 0xaedc, 0xaedc, 0xaedc, 0xaedc, 0xaedc, 0xaedc, 0xaedc, 
	0xb6dd, 0xaedd, 0xb6fd, 0xaebc, 0xaedc, 0xb6dc, 0x9576, 0x3249, 0x0020, 0x0000, 0x0000, 0x0000, 0x0000, 0x2125, 0x9d13, 0xd6ba, 
	0xd6ba, 0xd6ba, 0xd6ba, 0xd6ba, 0xd6ba, 0xd6ba, 0xd6ba, 0xd6ba, 0xd6ba, 0xd6ba, 0xd6ba, 0xd6ba, 0xd6ba, 0xd6ba, 0xd6ba, 0xd6ba, 
	0xa514, 0x2945, 0x0000, 0x0000, 0x0020, 0x0000, 0x10e4, 0x7cd4, 0xaedd, 0xb6fd, 0xaedc, 0xaedc, 0xb6fd, 0xaebc, 0xaedc, 0xaefd, 
	0xaefd, 0xaedc, 0xb6fd, 0xb6dc, 0xae9b, 0xae9b, 0xae9b, 0xae5a, 0xae9b, 0xaebc, 0xb6bc, 0xb6fd, 0xaedd, 0xaebc, 0xaedc, 0xaedc, 
	0xaedc, 0xaedc, 0xaedc, 0xaedc, 0xaedc, 0xaedc, 0xaedc, 0xaedc, 0xaedc, 0xaedd, 0xa67b, 0x5baf, 0x10e4, 0x0000, 0x0000, 0x0000, 
	0x0000, 0x0000, 0x0000, 0x0000, 0x0020, 0x1040, 0x0020, 0x0021, 0x0000, 0x0000, 0x0000, 0x0000, 0x0000, 0x0000, 0x0000, 0x0000, 
	0x0000, 0x0000, 0x0041, 0x10e4, 0x3a6a, 0x6c11, 0x8d97, 0xaebb, 0xaedc, 0xaefd, 0xaefd, 0xaedc, 0xaedd, 0xb6fd, 0xb6dd, 0xb6bc, 
	0xaedc, 0xaedc, 0xaedc, 0xaedc, 0xaedc, 0xaedc, 0xaedc, 0xaedd, 0xaedc, 0xaedc, 0xaedc, 0xaedc, 0xaedc, 0xaedc, 0xaedc, 0xaedc, 
	0xaedc, 0xaedc, 0xaedc, 0xaedc, 0xaedc, 0xaedc, 0xaedc, 0xaedc, 0xaedc, 0xaedc, 0xaedc, 0xaedc, 0xaedc, 0xaedc, 0xaedc, 0xaedc, 
	0xaedc, 0xaedc, 0xaedc, 0xaedc, 0xaedc, 0xaedc, 0xaedc, 0xaedc, 0xaedc, 0xaedc, 0xaedc, 0xaedc, 0xaedc, 0xaedc, 0xaedc, 0xaedc, 
	0xaedc, 0xaedc, 0xaedc, 0xaedc, 0xaedc, 0xaedc, 0xaedc, 0xaedc, 0xaedc, 0xaedc, 0xaedc, 0xaedc, 0xaedc, 0xaedc, 0xaedc, 0xaedc, 
	0xaedc, 0xaedc, 0xaedc, 0xaedc, 0xaedc, 0xaedc, 0xaedc, 0xaedc, 0xaedc, 0xaedc, 0xaedc, 0xaedc, 0xaedc, 0xaedc, 0xaedc, 0xaedc, 
	0xaedc, 0xaedc, 0xaedc, 0xaedc, 0xaedc, 0xaedc, 0xaedc, 0xaedc, 0xaedc, 0xaedc, 0xaedc, 0xaedc, 0xaedc, 0xaedc, 0xaedc, 0xaedc, 
	0xaedc, 0xaedc, 0xaedc, 0xaedc, 0xaedc, 0xaedc, 0xaedc, 0xaedc, 0xaedc, 0xaedc, 0xaedc, 0xaedc, 0xaedc, 0xaedc, 0xaedc, 0xaedc, 
	0xaedc, 0xaedc, 0xaedc, 0xaedc, 0xaedc, 0xaedc, 0xaedc, 0xaedc, 0xaedc, 0xaedc, 0xaedc, 0xaedc, 0xaedc, 0xaedc, 0xaedc, 0xaedc, 
	0xaedc, 0xaedc, 0xaedc, 0xaedc, 0xaedc, 0xaedc, 0xaedc, 0xaedc, 0xaedc, 0xaedc, 0xaedc, 0xaedc, 0xaedc, 0xaedc, 0xaedc, 0xaedc, 
	0xb6dd, 0xaebc, 0xb6fd, 0xb6fd, 0xaefd, 0xaebc, 0xaedc, 0x74d4, 0x1904, 0x0000, 0x0000, 0x0000, 0x0000, 0x0021, 0x3186, 0x4a48, 
	0x4228, 0x4228, 0x4228, 0x4228, 0x4228, 0x4228, 0x4228, 0x4228, 0x4228, 0x4228, 0x4228, 0x4228, 0x4228, 0x4228, 0x4228, 0x4228, 
	0x4207, 0x0881, 0x0000, 0x0000, 0x0000, 0x0000, 0x0883, 0x7492, 0xb6fd, 0xaedc, 0xaedd, 0xaedc, 0xaedc, 0xaedd, 0xaefd, 0xaedc, 
	0xaedd, 0xaedc, 0xa619, 0x8d35, 0x6bf0, 0x42cb, 0x3a49, 0x426a, 0x52ec, 0x7432, 0x9597, 0xa67a, 0xaefc, 0xb6fd, 0xb6dd, 0xb6dd, 
	0xaedc, 0xaedc, 0xaedc, 0xaedc, 0xaedc, 0xaedc, 0xaedc, 0xaedc, 0xaedd, 0xaedc, 0x9577, 0x2186, 0x0000, 0x0000, 0x0000, 0x0000, 
	0x0021, 0x0000, 0x28e2, 0x6288, 0x936a, 0xabca, 0x9329, 0x59e5, 0x20c2, 0x0840, 0x0000, 0x0000, 0x0000, 0x0020, 0x0000, 0x0000, 
	0x0000, 0x0000, 0x0000, 0x0000, 0x0020, 0x08a2, 0x2986, 0x530c, 0x8515, 0x9df9, 0xaedc, 0xaefc, 0xa6dc, 0xaedc, 0xaedd, 0xb6dd, 
	0xb6dc, 0xaebc, 0xaedc, 0xb6dd, 0xb6dd, 0xaebd, 0xaebd, 0xaedd, 0xaedc, 0xaedc, 0xaedc, 0xaedc, 0xaedc, 0xaedc, 0xaedc, 0xaedc, 
	0xaedc, 0xaedc, 0xaedc, 0xaedc, 0xaedc, 0xaedc, 0xaedc, 0xaedc, 0xaedc, 0xaedc, 0xaedc, 0xaedc, 0xaedc, 0xaedc, 0xaedc, 0xaedc, 
	0xaedc, 0xaedc, 0xaedc, 0xaedc, 0xaedc, 0xaedc, 0xaedc, 0xaedc, 0xaedc, 0xaedc, 0xaedc, 0xaedc, 0xaedc, 0xaedc, 0xaedc, 0xaedc, 
	0xaedc, 0xaedc, 0xaedc, 0xaedc, 0xaedc, 0xaedc, 0xaedc, 0xaedc, 0xaedc, 0xaedc, 0xaedc, 0xaedc, 0xaedc, 0xaedc, 0xaedc, 0xaedc, 
	0xaedc, 0xaedc, 0xaedc, 0xaedc, 0xaedc, 0xaedc, 0xaedc, 0xaedc, 0xaedc, 0xaedc, 0xaedc, 0xaedc, 0xaedc, 0xaedc, 0xaedc, 0xaedc, 
	0xaedc, 0xaedc, 0xaedc, 0xaedc, 0xaedc, 0xaedc, 0xaedc, 0xaedc, 0xaedc, 0xaedc, 0xaedc, 0xaedc, 0xaedc, 0xaedc, 0xaedc, 0xaedc, 
	0xaedc, 0xaedc, 0xaedc, 0xaedc, 0xaedc, 0xaedc, 0xaedc, 0xaedc, 0xaedc, 0xaedc, 0xaedc, 0xaedc, 0xaedc, 0xaedc, 0xaedc, 0xaedc, 
	0xaedc, 0xaedc, 0xaedc, 0xaedc, 0xaedc, 0xaedc, 0xaedc, 0xaedc, 0xaedd, 0xaedd, 0xaedd, 0xaedd, 0xaedd, 0xaedd, 0xaedd, 0xaedd, 
	0xaedd, 0xaedd, 0xaedd, 0xaedd, 0xaedd, 0xaedd, 0xaedd, 0xaedd, 0xaedd, 0xaedd, 0xaedd, 0xaedd, 0xaedd, 0xaedd, 0xaedd, 0xaedd, 
	0xaedc, 0xaedc, 0xaedc, 0xaedd, 0xaedd, 0xa6bc, 0xaefd, 0x9e39, 0x3a49, 0x0021, 0x0000, 0x0000, 0x0000, 0x0000, 0x0000, 0x0000, 
	0x0000, 0x0000, 0x0000, 0x0000, 0x0000, 0x0000, 0x0000, 0x0000, 0x0000, 0x0000, 0x0000, 0x0000, 0x0000, 0x0000, 0x0000, 0x0000, 
	0x0000, 0x0000, 0x0000, 0x0000, 0x0000, 0x0000, 0x0862, 0x6c51, 0xaefd, 0xaedc, 0xb6dc, 0xaedc, 0xaebc, 0xb6fd, 0xaedc, 0xaedd, 
	0xaebc, 0x8d56, 0x4b0d, 0x1925, 0x0041, 0x0020, 0x0000, 0x0000, 0x0841, 0x0882, 0x21a7, 0x5bcf, 0x95d7, 0xae9b, 0xaebc, 0xaefd, 
	0xaedc, 0xaedc, 0xaedc, 0xaedc, 0xaedc, 0xaedc, 0xaedc, 0xaedc, 0xaefd, 0xae7b, 0x63f0, 0x0882, 0x0000, 0x0020, 0x0000, 0x0000, 
	0x0800, 0x51a4, 0xabeb, 0xe570, 0xf58f, 0xfd8f, 0xfd8f, 0xe50e, 0xb42c, 0x7ac8, 0x4163, 0x1881, 0x0000, 0x0000, 0x0000, 0x0000, 
	0x0000, 0x0000, 0x0000, 0x0020, 0x0020, 0x0000, 0x0000, 0x0821, 0x10c4, 0x3a29, 0x6c11, 0x8d76, 0xa67a, 0xaedc, 0xaefd, 0xaefd, 
	0xaefd, 0xaedc, 0xaedd, 0xaedd, 0xaedd, 0xaedd, 0xaedd, 0xaedc, 0xaedc, 0xaedc, 0xaedc, 0xaedc, 0xaedc, 0xaedc, 0xaedc, 0xaedc, 
	0xaedc, 0xaedc, 0xaedc, 0xaedc, 0xaedc, 0xaedc, 0xaedc, 0xaedc, 0xaedc, 0xaedc, 0xaedc, 0xaedc, 0xaedc, 0xaedc, 0xaedc, 0xaedc, 
	0xaedc, 0xaedc, 0xaedc, 0xaedc, 0xaedc, 0xaedc, 0xaedc, 0xaedc, 0xaedc, 0xaedc, 0xaedc, 0xaedc, 0xaedc, 0xaedc, 0xaedc, 0xaedc, 
	0xaedc, 0xaedc, 0xaedc, 0xaedc, 0xaedc, 0xaedc, 0xaedc, 0xaedc, 0xaedc, 0xaedc, 0xaedc, 0xaedc, 0xaedc, 0xaedc, 0xaedc, 0xaedc, 
	0xaedc, 0xaedc, 0xaedc, 0xaedc, 0xaedc, 0xaedc, 0xaedc, 0xaedc, 0xaedc, 0xaedc, 0xaedc, 0xaedc, 0xaedc, 0xaedc, 0xaedc, 0xaedc, 
	0xaedc, 0xaedc, 0xaedc, 0xaedc, 0xaedc, 0xaedc, 0xaedc, 0xaedc, 0xaedc, 0xaedc, 0xaedc, 0xaedc, 0xaedc, 0xaedc, 0xaedc, 0xaedc, 
	0xaedc, 0xaedc, 0xaedc, 0xaedc, 0xaedc, 0xaedc, 0xaedc, 0xaedc, 0xaedc, 0xaedc, 0xaedc, 0xaedc, 0xaedc, 0xaedc, 0xaedc, 0xaedc, 
	0xaedc, 0xaedc, 0xaedc, 0xaedc, 0xaedc, 0xaedc, 0xaedc, 0xaedc, 0xaedc, 0xaedc, 0xaedc, 0xaedc, 0xaedc, 0xaedc, 0xaedc, 0xaedc, 
	0xaedc, 0xaedc, 0xaedc, 0xaedc, 0xaedc, 0xaedc, 0xaedc, 0xaedc, 0xaedc, 0xaedc, 0xaedc, 0xaedc, 0xaedc, 0xaedc, 0xaedc, 0xaedc, 
	0xaedc, 0xaefc, 0xaedc, 0xaebc, 0xb6dd, 0xb6fd, 0xb6dd, 0xae9c, 0x5b4d, 0x0021, 0x0000, 0x0000, 0x0000, 0x0000, 0x0000, 0x0020, 
	0x0000, 0x0000, 0x0000, 0x0000, 0x0000, 0x0000, 0x0000, 0x0000, 0x0000, 0x0000, 0x0000, 0x0000, 0x0000, 0x0000, 0x0000, 0x0000, 
	0x0000, 0x0020, 0x0000, 0x0000, 0x0020, 0x0000, 0x0021, 0x63f0, 0xaedc, 0xb6dd, 0xb6dd, 0xaedc, 0xb6fd, 0xaedc, 0xaebc, 0xae9c, 
	0x7c93, 0x21a7, 0x0021, 0x0020, 0x0000, 0x0000, 0x0000, 0x0000, 0x0000, 0x0000, 0x0000, 0x0082, 0x428b, 0x9576, 0xb71d, 0xa6bc, 
	0xaedc, 0xaedc, 0xaedc, 0xaedc, 0xaedc, 0xaedc, 0xaedc, 0xaedc, 0xaefd, 0xa619, 0x3a49, 0x0000, 0x0000, 0x0000, 0x0000, 0x0000, 
	0x3922, 0xbc4c, 0xf58f, 0xfdb0, 0xfdd0, 0xfdd0, 0xfdb0, 0xfdd1, 0xfdcf, 0xf54e, 0xccad, 0x9baa, 0x5a26, 0x28c2, 0x0820, 0x0000, 
	0x0020, 0x0000, 0x0000, 0x0000, 0x0000, 0x0000, 0x0000, 0x0000, 0x0000, 0x0000, 0x0862, 0x2987, 0x534d, 0x7cd3, 0x9e18, 0xaedc, 
	0xaedd, 0xaedd, 0xaedd, 0xaebc, 0xaedc, 0xaedd, 0xb6fd, 0xaedc, 0xaedc, 0xaedc, 0xaedc, 0xaedc, 0xaedc, 0xaedc, 0xaedc, 0xaedc, 
	0xaedc, 0xaedc, 0xaedc, 0xaedc, 0xaedc, 0xaedc, 0xaedc, 0xaedc, 0xaedc, 0xaedc, 0xaedc, 0xaedc, 0xaedc, 0xaedc, 0xaedc, 0xaedc, 
	0xaedc, 0xaedc, 0xaedc, 0xaedc, 0xaedc, 0xaedc, 0xaedc, 0xaedc, 0xaedc, 0xaedc, 0xaedc, 0xaedc, 0xaedc, 0xaedc, 0xaedc, 0xaedc, 
	0xaedc, 0xaedc, 0xaedc, 0xaedc, 0xaedc, 0xaedc, 0xaedc, 0xaedc, 0xaedc, 0xaedc, 0xaedc, 0xaedc, 0xaedc, 0xaedc, 0xaedc, 0xaedc, 
	0xaedc, 0xaedc, 0xaedc, 0xaedc, 0xaedc, 0xaedc, 0xaedc, 0xaedc, 0xaedc, 0xaedc, 0xaedc, 0xaedc, 0xaedc, 0xaedc, 0xaedc, 0xaedc, 
	0xaedc, 0xaedc, 0xaedc, 0xaedc, 0xaedc, 0xaedc, 0xaedc, 0xaedc, 0xaedc, 0xaedc, 0xaedc, 0xaedc, 0xaedc, 0xaedc, 0xaedc, 0xaedc, 
	0xaedc, 0xaedc, 0xaedc, 0xaedc, 0xaedc, 0xaedc, 0xaedc, 0xaedc, 0xaedc, 0xaedc, 0xaedc, 0xaedc, 0xaedc, 0xaedc, 0xaedc, 0xaedc, 
	0xaedc, 0xaedc, 0xaedc, 0xaedc, 0xaedc, 0xaedc, 0xaedc, 0xaedc, 0xaedc, 0xaedc, 0xaedc, 0xaedc, 0xaedc, 0xaedc, 0xaedc, 0xaedc, 
	0xaedc, 0xaedc, 0xaedc, 0xaedc, 0xaedc, 0xaedc, 0xaedc, 0xaedc, 0xaedc, 0xaedc, 0xaedc, 0xaedc, 0xaedc, 0xaedc, 0xaedc, 0xaedc, 
	0xaefd, 0xaedc, 0xb6dc, 0xb6fd, 0xaebc, 0xaebc, 0xaebc, 0xae9c, 0x5b4e, 0x0021, 0x0000, 0x0000, 0x0000, 0x0000, 0x0000, 0x0000, 
	0x0000, 0x0000, 0x0000, 0x0000, 0x0000, 0x0000, 0x0000, 0x0000, 0x0000, 0x0000, 0x0000, 0x0000, 0x0000, 0x0000, 0x0000, 0x0000, 
	0x0000, 0x0000, 0x0000, 0x0000, 0x0020, 0x0000, 0x0000, 0x536d, 0xaebb, 0xaedc, 0xb6dd, 0xaebc, 0xaefd, 0xaedc, 0xb6dc, 0x7493, 
	0x2145, 0x0000, 0x0000, 0x0000, 0x0000, 0x0000, 0x0000, 0x0000, 0x0000, 0x0000, 0x0000, 0x0000, 0x0021, 0x3229, 0x9597, 0xaefc, 
	0xaedc, 0xaedc, 0xaedc, 0xaedc, 0xaedc, 0xaedc, 0xaedc, 0xaedc, 0xaefd, 0x9db8, 0x2145, 0x0000, 0x0000, 0x0000, 0x0000, 0x0841, 
	0x82e9, 0xed91, 0xfdd0, 0xfd8f, 0xfdb1, 0xfdd1, 0xfd90, 0xfdb0, 0xfd90, 0xfdb0, 0xfdb0, 0xfd90, 0xe52f, 0xbc4c, 0x7ac8, 0x4163, 
	0x1881, 0x0000, 0x0000, 0x0000, 0x0000, 0x0000, 0x0000, 0x0000, 0x0000, 0x0000, 0x0000, 0x0000, 0x0000, 0x10a3, 0x3a49, 0x63cf, 
	0x8d98, 0xa65a, 0xb6dd, 0xb6fd, 0xaedc, 0xaedc, 0xaedc, 0xaebc, 0xaedc, 0xaedc, 0xaedc, 0xaedc, 0xaedc, 0xaedc, 0xaedc, 0xaedc, 
	0xaedc, 0xaedc, 0xaedc, 0xaedc, 0xaedc, 0xaedc, 0xaedc, 0xaedc, 0xaedc, 0xaedc, 0xaedc, 0xaedc, 0xaedc, 0xaedc, 0xaedc, 0xaedc, 
	0xaedc, 0xaedc, 0xaedc, 0xaedc, 0xaedc, 0xaedc, 0xaedc, 0xaedc, 0xaedc, 0xaedc, 0xaedc, 0xaedc, 0xaedc, 0xaedc, 0xaedc, 0xaedc, 
	0xaedc, 0xaedc, 0xaedc, 0xaedc, 0xaedc, 0xaedc, 0xaedc, 0xaedc, 0xaedc, 0xaedc, 0xaedc, 0xaedc, 0xaedc, 0xaedc, 0xaedc, 0xaedc, 
	0xaedc, 0xaedc, 0xaedc, 0xaedc, 0xaedc, 0xaedc, 0xaedc, 0xaedc, 0xaedc, 0xaedc, 0xaedc, 0xaedc, 0xaedc, 0xaedc, 0xaedc, 0xaedc, 
	0xaedc, 0xaedc, 0xaedc, 0xaedc, 0xaedc, 0xaedc, 0xaedc, 0xaedc, 0xaedc, 0xaedc, 0xaedc, 0xaedc, 0xaedc, 0xaedc, 0xaedc, 0xaedc, 
	0xaedc, 0xaedc, 0xaedc, 0xaedc, 0xaedc, 0xaedc, 0xaedc, 0xaedc, 0xaedc, 0xaedc, 0xaedc, 0xaedc, 0xaedc, 0xaedc, 0xaedc, 0xaedc, 
	0xaedc, 0xaedc, 0xaedc, 0xaedc, 0xaedc, 0xaedc, 0xaedc, 0xaedc, 0xaedc, 0xaedc, 0xaedc, 0xaedc, 0xaedc, 0xaedc, 0xaedc, 0xaedc, 
	0xaedc, 0xaedc, 0xaedc, 0xaedc, 0xaedc, 0xaedc, 0xaedc, 0xaedc, 0xaedc, 0xaedc, 0xaedc, 0xaedc, 0xaedc, 0xaedc, 0xaedc, 0xaedc, 
	0xaedd, 0xaebc, 0xaedc, 0xaedc, 0xaedd, 0xb6fd, 0xb6fd, 0x9e39, 0x426a, 0x0020, 0x0000, 0x0000, 0x0000, 0x0000, 0x0000, 0x0000, 
	0x0000, 0x0000, 0x0000, 0x0000, 0x0000, 0x0000, 0x0000, 0x0000, 0x0000, 0x0000, 0x0000, 0x0000, 0x0000, 0x0000, 0x0000, 0x0000, 
	0x0000, 0x0000, 0x0000, 0x0000, 0x0000, 0x0000, 0x0020, 0x3a8a, 0x9e5a, 0xaebc, 0xb6dd, 0xaedd, 0xaedc, 0xb6dc, 0x9597, 0x29c8, 
	0x0000, 0x0000, 0x0000, 0x0000, 0x0000, 0x0000, 0x0000, 0x0020, 0x0000, 0x0000, 0x0000, 0x0820, 0x0000, 0x0021, 0x4b2d, 0xa65a, 
	0xaedc, 0xaedc, 0xaedc, 0xaedc, 0xaedc, 0xaedc, 0xaedc, 0xaedc, 0xaedc, 0x8d35, 0x1904, 0x0000, 0x0000, 0x0000, 0x0000, 0x20c2, 
	0xb42c, 0xf5b1, 0xfd8f, 0xfdb0, 0xfd8f, 0xfd8f, 0xfdaf, 0xfdaf, 0xf5d1, 0xfdd1, 0xfdb0, 0xfd8f, 0xfd8f, 0xfdb0, 0xf570, 0xd4ee, 
	0xa38a, 0x6a05, 0x30e1, 0x1040, 0x0000, 0x0000, 0x0000, 0x0000, 0x0000, 0x0000, 0x0000, 0x0000, 0x0000, 0x0000, 0x0000, 0x0841, 
	0x2186, 0x4acc, 0x7c93, 0x9df8, 0xb6bb, 0xb6fd, 0xb6fd, 0xaedc, 0xaedc, 0xaedc, 0xaedc, 0xaedc, 0xaedc, 0xaedc, 0xaedc, 0xaedc, 
	0xaedc, 0xaedc, 0xaedc, 0xaedc, 0xaedc, 0xaedc, 0xaedc, 0xaedc, 0xaedc, 0xaedc, 0xaedc, 0xaedc, 0xaedc, 0xaedc, 0xaedc, 0xaedc, 
	0xaedc, 0xaedc, 0xaedc, 0xaedc, 0xaedc, 0xaedc, 0xaedc, 0xaedc, 0xaedc, 0xaedc, 0xaedc, 0xaedc, 0xaedc, 0xaedc, 0xaedc, 0xaedc, 
	0xaedc, 0xaedc, 0xaedc, 0xaedc, 0xaedc, 0xaedc, 0xaedc, 0xaedc, 0xaedc, 0xaedc, 0xaedc, 0xaedc, 0xaedc, 0xaedc, 0xaedc, 0xaedc, 
	0xaedc, 0xaedc, 0xaedc, 0xaedc, 0xaedc, 0xaedc, 0xaedc, 0xaedc, 0xaedc, 0xaedc, 0xaedc, 0xaedc, 0xaedc, 0xaedc, 0xaedc, 0xaedc, 
	0xaedc, 0xaedc, 0xaedc, 0xaedc, 0xaedc, 0xaedc, 0xaedc, 0xaedc, 0xaedc, 0xaedc, 0xaedc, 0xaedc, 0xaedc, 0xaedc, 0xaedc, 0xaedc, 
	0xaedc, 0xaedc, 0xaedc, 0xaedc, 0xaedc, 0xaedc, 0xaedc, 0xaedc, 0xaedc, 0xaedc, 0xaedc, 0xaedc, 0xaedc, 0xaedc, 0xaedc, 0xaedc, 
	0xaedc, 0xaedc, 0xaedc, 0xaedc, 0xaedc, 0xaedc, 0xaedc, 0xaedc, 0xaedc, 0xaedc, 0xaedc, 0xaedc, 0xaedc, 0xaedc, 0xaedc, 0xaedc, 
	0xaedc, 0xaedc, 0xaedc, 0xaedc, 0xaedc, 0xaedc, 0xaedc, 0xaedc, 0xaedc, 0xaedc, 0xaedc, 0xaedc, 0xaedc, 0xaedc, 0xaedc, 0xaedc, 
	0xaebc, 0xb6dd, 0xaedc, 0xaebc, 0xaefd, 0xaedc, 0xaedc, 0x95d8, 0x29c7, 0x0000, 0x0000, 0x0000, 0x0000, 0x0000, 0x0000, 0x0000, 
	0x0000, 0x0000, 0x0000, 0x0000, 0x0000, 0x0000, 0x0000, 0x0000, 0x0000, 0x0000, 0x0000, 0x0000, 0x0000, 0x0000, 0x0000, 0x0000, 
	0x0000, 0x0000, 0x0000, 0x0000, 0x0000, 0x0000, 0x0000, 0x21a6, 0x8db7, 0xb6dc, 0xb6dd, 0xaedd, 0xaedd, 0xaebb, 0x534e, 0x0062, 
	0x0000, 0x0000, 0x0000, 0x0000, 0x0000, 0x0000, 0x0020, 0x0000, 0x0000, 0x0000, 0x0000, 0x0000, 0x0800, 0x0000, 0x1125, 0x7cd4, 
	0xaedc, 0xaedc, 0xaedc, 0xaedc, 0xaedc, 0xaedc, 0xaedc, 0xaedc, 0xaedc, 0x7cb3, 0x10e4, 0x0000, 0x0000, 0x0000, 0x0000, 0x3124, 
	0xcc4b, 0xfdd0, 0xfd8f, 0xfdd1, 0xfdb0, 0xfdb0, 0xfdb0, 0xf5b0, 0xfdaf, 0xfdaf, 0xfdb0, 0xfdb0, 0xfdb0, 0xfdb0, 0xfdb0, 0xfdb0, 
	0xf5b0, 0xe54f, 0xbc6d, 0x7ac9, 0x3964, 0x1882, 0x0020, 0x0000, 0x0000, 0x0000, 0x0000, 0x0000, 0x0000, 0x0000, 0x0000, 0x0000, 
	0x0000, 0x0020, 0x10e3, 0x3229, 0x5bd0, 0x8577, 0xa67b, 0xaedd, 0xaedc, 0xaedc, 0xaedc, 0xaedc, 0xaedc, 0xaedc, 0xaedc, 0xaedc, 
	0xaedc, 0xaedc, 0xaedc, 0xaedc, 0xaedc, 0xaedc, 0xaedc, 0xaedc, 0xaedc, 0xaedc, 0xaedc, 0xaedc, 0xaedc, 0xaedc, 0xaedc, 0xaedc, 
	0xaedc, 0xaedc, 0xaedc, 0xaedc, 0xaedc, 0xaedc, 0xaedc, 0xaedc, 0xaedc, 0xaedc, 0xaedc, 0xaedc, 0xaedc, 0xaedc, 0xaedc, 0xaedc, 
	0xaedc, 0xaedc, 0xaedc, 0xaedc, 0xaedc, 0xaedc, 0xaedc, 0xaedc, 0xaedc, 0xaedc, 0xaedc, 0xaedc, 0xaedc, 0xaedc, 0xaedc, 0xaedc, 
	0xaedc, 0xaedc, 0xaedc, 0xaedc, 0xaedc, 0xaedc, 0xaedc, 0xaedc, 0xaedc, 0xaedc, 0xaedc, 0xaedc, 0xaedc, 0xaedc, 0xaedc, 0xaedc, 
	0xaedc, 0xaedc, 0xaedc, 0xaedc, 0xaedc, 0xaedc, 0xaedc, 0xaedc, 0xaedc, 0xaedc, 0xaedc, 0xaedc, 0xaedc, 0xaedc, 0xaedc, 0xaedc, 
	0xaedc, 0xaedc, 0xaedc, 0xaedc, 0xaedc, 0xaedc, 0xaedc, 0xaedc, 0xaedc, 0xaedc, 0xaedc, 0xaedc, 0xaedc, 0xaedc, 0xaedc, 0xaedc, 
	0xaedc, 0xaedc, 0xaedc, 0xaedc, 0xaedc, 0xaedc, 0xaedc, 0xaedc, 0xaedc, 0xaedc, 0xaedc, 0xaedc, 0xaedc, 0xaedc, 0xaedc, 0xaedc, 
	0xaedc, 0xaedc, 0xaedc, 0xaedc, 0xaedc, 0xaedc, 0xaedc, 0xaedc, 0xaedc, 0xaedc, 0xaedc, 0xaedc, 0xaedc, 0xaedc, 0xaedc, 0xaedc, 
	0xb6bd, 0xaedd, 0xaedc, 0xb6dd, 0xaebc, 0xaedd, 0xb6fd, 0x8535, 0x10e3, 0x0020, 0x0000, 0x0000, 0x0000, 0x0842, 0x1a8d, 0x2331, 
	0x2b30, 0x2b30, 0x2b30, 0x2b30, 0x2b30, 0x2b30, 0x2b30, 0x2b30, 0x2b30, 0x2b30, 0x2b30, 0x2b30, 0x2b30, 0x2b30, 0x2b30, 0x2b30, 
	0x2351, 0x1aad, 0x0842, 0x0000, 0x0000, 0x0000, 0x0020, 0x10c3, 0x8d15, 0xaedc, 0xa6dc, 0xaedc, 0xaedd, 0x95b7, 0x29c7, 0x0000, 
	0x0000, 0x0000, 0x0800, 0x0000, 0x0062, 0x11e9, 0x22ef, 0x22ad, 0x0968, 0x0022, 0x0000, 0x0000, 0x0000, 0x0000, 0x0841, 0x534d, 
	0xa67b, 0xb6dc, 0xaedd, 0xaedc, 0xaedc, 0xb6fd, 0xaebc, 0xb6fd, 0xaedd, 0x7cf4, 0x1104, 0x0000, 0x0000, 0x0000, 0x0000, 0x20e3, 
	0xc44c, 0xfdb0, 0xfdaf, 0xfdd1, 0xf590, 0xfdb0, 0xfd8f, 0xfdd0, 0xfdb0, 0xfdb0, 0xfdb0, 0xfdb0, 0xfdb0, 0xfd90, 0xfdb0, 0xfdb0, 
	0xfdb0, 0xfdd0, 0xfdd0, 0xf56f, 0xd4ce, 0xa3cb, 0x6246, 0x28c1, 0x0840, 0x0000, 0x0000, 0x0000, 0x0000, 0x0000, 0x0000, 0x0000, 
	0x0000, 0x0000, 0x0000, 0x0000, 0x0862, 0x2186, 0x534d, 0x8515, 0x9e7a, 0xaefc, 0xaedd, 0xaedd, 0xb6dd, 0xaebc, 0xaedc, 0xb6fc, 
	0xaefd, 0xaedd, 0xaedc, 0xaedc, 0xb6fd, 0xaedd, 0xaedd, 0xaedd, 0xaedc, 0xaedc, 0xaedc, 0xaedc, 0xaedc, 0xaedc, 0xaedc, 0xaedc, 
	0xaedc, 0xaedc, 0xaedc, 0xaedc, 0xaedc, 0xaedc, 0xaedc, 0xaedc, 0xaedc, 0xaedc, 0xaedc, 0xaedc, 0xaedc, 0xaedc, 0xaedc, 0xaedc, 
	0xaedc, 0xaedc, 0xaedc, 0xaedc, 0xaedc, 0xaedc, 0xaedc, 0xaedc, 0xaedc, 0xaedc, 0xaedc, 0xaedc, 0xaedc, 0xaedc, 0xaedc, 0xaedc, 
	0xaedc, 0xaedc, 0xaedc, 0xaedc, 0xaedc, 0xaedc, 0xaedc, 0xaedc, 0xaedc, 0xaedc, 0xaedc, 0xaedc, 0xaedc, 0xaedc, 0xaedc, 0xaedc, 
	0xaedc, 0xaedc, 0xaedc, 0xaedc, 0xaedc, 0xaedc, 0xaedc, 0xaedc, 0xaedc, 0xaedc, 0xaedc, 0xaedc, 0xaedc, 0xaedc, 0xaedc, 0xaedc, 
	0xaedc, 0xaedc, 0xaedc, 0xaedc, 0xaedc, 0xaedc, 0xaedc, 0xaedc, 0xaedc, 0xaedc, 0xaedc, 0xaedc, 0xaedc, 0xaedc, 0xaedc, 0xaedc, 
	0xaedc, 0xaedc, 0xaedc, 0xaedc, 0xaedc, 0xaedc, 0xaedc, 0xaedc, 0xaedc, 0xaedc, 0xaedc, 0xaedc, 0xaedc, 0xaedc, 0xaedc, 0xaedc, 
	0xaedc, 0xaedc, 0xaedc, 0xaedc, 0xaedc, 0xaedc, 0xaedc, 0xaedc, 0xaedc, 0xaedc, 0xaedc, 0xaedc, 0xaedc, 0xaedc, 0xaedc, 0xaedc, 
	0xb6bd, 0xaedc, 0xaedc, 0xaedc, 0xaedd, 0xaedd, 0xaebc, 0x7493, 0x1061, 0x0000, 0x0000, 0x0000, 0x0000, 0x1125, 0x4495, 0x559b, 
	0x4dbc, 0x4dbc, 0x4dbc, 0x4dbc, 0x4dbc, 0x4dbc, 0x4dbc, 0x4dbc, 0x4dbc, 0x4dbc, 0x4dbc, 0x4dbc, 0x4dbc, 0x4dbc, 0x4dbc, 0x4dbc, 
	0x5dbb, 0x4cb6, 0x1146, 0x0000, 0x0000, 0x0000, 0x0000, 0x0841, 0x7452, 0xaedc, 0xaefd, 0xaedc, 0xb6dd, 0x7cd4, 0x10e3, 0x0000, 
	0x0000, 0x0000, 0x0000, 0x0062, 0x22ac, 0x44d6, 0x4dbb, 0x4d9a, 0x4434, 0x1168, 0x0020, 0x0000, 0x0000, 0x0000, 0x0001, 0x3208, 
	0x9619, 0xaedc, 0xaedc, 0xaedc, 0xaedc, 0xaedd, 0xaedc, 0xb6fd, 0xaedc, 0x8d76, 0x1104, 0x0000, 0x0000, 0x0020, 0x0000, 0x1061, 
	0x9b49, 0xfdb1, 0xfd8f, 0xfd90, 0xfdd1, 0xfdd1, 0xfdb0, 0xfdb0, 0xfdb0, 0xfdb0, 0xfdb0, 0xfdb0, 0xfdb0, 0xfdb0, 0xfdb0, 0xfd90, 
	0xfd90, 0xfdb0, 0xfdb0, 0xfdb0, 0xfdb0, 0xf5b0, 0xdd2f, 0xc48d, 0x82e8, 0x49a4, 0x1860, 0x0000, 0x0000, 0x0000, 0x0000, 0x0000, 
	0x0000, 0x0000, 0x0021, 0x0000, 0x0000, 0x0000, 0x0061, 0x1925, 0x4aec, 0x7cd4, 0xa65a, 0xaedc, 0xaefd, 0xaefd, 0xb6fd, 0xaebc, 
	0xaebc, 0xb6dd, 0xb6fd, 0xaedc, 0xaedc, 0xaedc, 0xaedc, 0xaedc, 0xaedc, 0xaedc, 0xaedc, 0xaedc, 0xaedc, 0xaedc, 0xaedc, 0xaedc, 
	0xaedc, 0xaedc, 0xaedc, 0xaedc, 0xaedc, 0xaedc, 0xaedc, 0xaedc, 0xaedc, 0xaedc, 0xaedc, 0xaedc, 0xaedc, 0xaedc, 0xaedc, 0xaedc, 
	0xaedc, 0xaedc, 0xaedc, 0xaedc, 0xaedc, 0xaedc, 0xaedc, 0xaedc, 0xaedc, 0xaedc, 0xaedc, 0xaedc, 0xaedc, 0xaedc, 0xaedc, 0xaedc, 
	0xaedc, 0xaedc, 0xaedc, 0xaedc, 0xaedc, 0xaedc, 0xaedc, 0xaedc, 0xaedc, 0xaedc, 0xaedc, 0xaedc, 0xaedc, 0xaedc, 0xaedc, 0xaedc, 
	0xaedc, 0xaedc, 0xaedc, 0xaedc, 0xaedc, 0xaedc, 0xaedc, 0xaedc, 0xaedc, 0xaedc, 0xaedc, 0xaedc, 0xaedc, 0xaedc, 0xaedc, 0xaedc, 
	0xaedc, 0xaedc, 0xaedc, 0xaedc, 0xaedc, 0xaedc, 0xaedc, 0xaedc, 0xaedc, 0xaedc, 0xaedc, 0xaedc, 0xaedc, 0xaedc, 0xaedc, 0xaedc, 
	0xaedc, 0xaedc, 0xaedc, 0xaedc, 0xaedc, 0xaedc, 0xaedc, 0xaedc, 0xaedc, 0xaedc, 0xaedc, 0xaedc, 0xaedc, 0xaedc, 0xaedc, 0xaedc, 
	0xaedc, 0xaedc, 0xaedc, 0xaedc, 0xaedc, 0xaedc, 0xaedc, 0xaedc, 0xaedc, 0xaedc, 0xaedc, 0xaedc, 0xaedc, 0xaedc, 0xaedc, 0xaedc, 
	0xb6dc, 0xaedd, 0xaefc, 0xaedc, 0xb6dd, 0xaefd, 0xa67a, 0x5b8f, 0x0820, 0x0000, 0x0800, 0x0000, 0x0020, 0x11c9, 0x4d39, 0x4ddd, 
	0x4dbc, 0x4dbc, 0x4dbc, 0x4dbc, 0x4dbc, 0x4dbc, 0x4dbc, 0x4dbc, 0x4dbc, 0x4dbc, 0x4dbc, 0x4dbc, 0x4dbc, 0x4dbc, 0x4dbc, 0x4dbc, 
	0x4ddd, 0x4d3a, 0x11c9, 0x0021, 0x0000, 0x0800, 0x0000, 0x0821, 0x530d, 0xa67b, 0xaefd, 0xaebc, 0xb6fd, 0x6411, 0x0061, 0x0000, 
	0x0000, 0x0020, 0x0000, 0x1126, 0x4456, 0x4ddd, 0x4dbd, 0x4dbc, 0x55bc, 0x3391, 0x0082, 0x0000, 0x0020, 0x0000, 0x0000, 0x1904, 
	0x8db8, 0xaedc, 0xaedc, 0xaedc, 0xaedc, 0xaedc, 0xaedc, 0xaedd, 0xaefd, 0xa619, 0x31e8, 0x0000, 0x0000, 0x0000, 0x0000, 0x0000, 
	0x4984, 0xccce, 0xfd8f, 0xfd8f, 0xfdd0, 0xfdb1, 0xf590, 0xfdd1, 0xfdb0, 0xfdb0, 0xfdb0, 0xfdb0, 0xfdb0, 0xfdb0, 0xfdb0, 0xfdb0, 
	0xfdb1, 0xfdb0, 0xfd90, 0xfd8f, 0xfd8f, 0xfdb0, 0xfdd0, 0xfd8f, 0xf56f, 0xd4ee, 0xa3cb, 0x6a47, 0x30e2, 0x1040, 0x0000, 0x0000, 
	0x0000, 0x0000, 0x0000, 0x0000, 0x0800, 0x0000, 0x0000, 0x0021, 0x0021, 0x1904, 0x4acb, 0x84f4, 0xa639, 0xaebc, 0xaefd, 0xaedd, 
	0xb6fd, 0xb6dd, 0xaedc, 0xaedc, 0xaedc, 0xaedc, 0xaedc, 0xb6fd, 0xaedc, 0xaedc, 0xaedc, 0xaedc, 0xaedc, 0xaedc, 0xaedc, 0xaedc, 
	0xaedc, 0xaedc, 0xaedc, 0xaedc, 0xaedc, 0xaedc, 0xaedc, 0xaedc, 0xaedc, 0xaedc, 0xaedc, 0xaedc, 0xaedc, 0xaedc, 0xaedc, 0xaedc, 
	0xaedc, 0xaedc, 0xaedc, 0xaedc, 0xaedc, 0xaedc, 0xaedc, 0xaedc, 0xaedc, 0xaedc, 0xaedc, 0xaedc, 0xaedc, 0xaedc, 0xaedc, 0xaedc, 
	0xaedc, 0xaedc, 0xaedc, 0xaedc, 0xaedc, 0xaedc, 0xaedc, 0xaedc, 0xaedc, 0xaedc, 0xaedc, 0xaedc, 0xaedc, 0xaedc, 0xaedc, 0xaedc, 
	0xaedc, 0xaedc, 0xaedc, 0xaedc, 0xaedc, 0xaedc, 0xaedc, 0xaedc, 0xaedc, 0xaedc, 0xaedc, 0xaedc, 0xaedc, 0xaedc, 0xaedc, 0xaedc, 
	0xaedc, 0xaedc, 0xaedc, 0xaedc, 0xaedc, 0xaedc, 0xaedc, 0xaedc, 0xaedc, 0xaedc, 0xaedc, 0xaedc, 0xaedc, 0xaedc, 0xaedc, 0xaedc, 
	0xaedc, 0xaedc, 0xaedc, 0xaedc, 0xaedc, 0xaedc, 0xaedc, 0xaedc, 0xaedc, 0xaedc, 0xaedc, 0xaedc, 0xaedc, 0xaedc, 0xaedc, 0xaedc, 
	0xaedc, 0xaedc, 0xaedc, 0xaedc, 0xaedc, 0xaedc, 0xaedc, 0xaedc, 0xaedc, 0xaedc, 0xaedc, 0xaedc, 0xaedc, 0xaedc, 0xaedc, 0xaedc, 
	0xaedc, 0xaefd, 0xaedc, 0xaedc, 0xaedd, 0xaefc, 0xa65a, 0x3a6a, 0x0041, 0x0000, 0x0000, 0x0000, 0x0020, 0x228d, 0x4d5b, 0x459c, 
	0x4dbc, 0x4dbc, 0x4dbc, 0x4dbc, 0x4dbc, 0x4dbc, 0x4dbc, 0x4dbc, 0x4dbc, 0x4dbc, 0x4dbc, 0x4dbc, 0x4dbc, 0x4dbc, 0x4dbc, 0x4dbc, 
	0x4dbd, 0x557b, 0x22ad, 0x0041, 0x0000, 0x0000, 0x0000, 0x0000, 0x3a29, 0x9e3a, 0xaefd, 0xb6dc, 0xb6dd, 0x63f0, 0x0040, 0x0000, 
	0x0000, 0x0000, 0x0000, 0x1988, 0x4d19, 0x4dde, 0x4d7b, 0x55bc, 0x3dbd, 0x4495, 0x00a3, 0x0000, 0x0021, 0x0800, 0x0000, 0x18e3, 
	0x8597, 0xb6dc, 0xaedd, 0xaedc, 0xaedc, 0xaedc, 0xaedd, 0xaedc, 0xaedd, 0xae7b, 0x5b6e, 0x0041, 0x0000, 0x0000, 0x0000, 0x0000, 
	0x0841, 0x6246, 0xd4cd, 0xfdd0, 0xfd8f, 0xfdb0, 0xfdd1, 0xfd90, 0xfdb0, 0xfdb0, 0xfdb0, 0xfdb0, 0xfd90, 0xfd90, 0xfdb0, 0xfdb0, 
	0xfdd0, 0xfdb0, 0xfdb0, 0xfdb0, 0xfdb0, 0xfdb0, 0xfdb0, 0xfd90, 0xfdb0, 0xfdb0, 0xf590, 0xe54f, 0xbc4d, 0x8308, 0x49a4, 0x1881, 
	0x0820, 0x0000, 0x0000, 0x0000, 0x0000, 0x0000, 0x0000, 0x0000, 0x0000, 0x0000, 0x0000, 0x18e4, 0x42ab, 0x84f4, 0xa67a, 0xaefd, 
	0xaedc, 0xaedd, 0xaedc, 0xaedc, 0xaefd, 0xb6fd, 0xaedc, 0xaebc, 0xaedc, 0xaedc, 0xaedc, 0xaedc, 0xaedc, 0xaedc, 0xaedc, 0xaedc, 
	0xaedc, 0xaedc, 0xaedc, 0xaedc, 0xaedc, 0xaedc, 0xaedc, 0xaedc, 0xaedc, 0xaedc, 0xaedc, 0xaedc, 0xaedc, 0xaedc, 0xaedc, 0xaedc, 
	0xaedc, 0xaedc, 0xaedc, 0xaedc, 0xaedc, 0xaedc, 0xaedc, 0xaedc, 0xaedc, 0xaedc, 0xaedc, 0xaedc, 0xaedc, 0xaedc, 0xaedc, 0xaedc, 
	0xaedc, 0xaedc, 0xaedc, 0xaedc, 0xaedc, 0xaedc, 0xaedc, 0xaedc, 0xaedc, 0xaedc, 0xaedc, 0xaedc, 0xaedc, 0xaedc, 0xaedc, 0xaedc, 
	0xaedc, 0xaedc, 0xaedc, 0xaedc, 0xaedc, 0xaedc, 0xaedc, 0xaedc, 0xaedc, 0xaedc, 0xaedc, 0xaedc, 0xaedc, 0xaedc, 0xaedc, 0xaedc, 
	0xaedc, 0xaedc, 0xaedc, 0xaedc, 0xaedc, 0xaedc, 0xaedc, 0xaedc, 0xaedc, 0xaedc, 0xaedc, 0xaedc, 0xaedc, 0xaedc, 0xaedc, 0xaedc, 
	0xaedc, 0xaedc, 0xaedc, 0xaedc, 0xaedc, 0xaedc, 0xaedc, 0xaedc, 0xaedc, 0xaedc, 0xaedc, 0xaedc, 0xaedc, 0xaedc, 0xaedc, 0xaedc, 
	0xaedc, 0xaedc, 0xaedc, 0xaedc, 0xaedc, 0xaedc, 0xaedc, 0xaedc, 0xaedc, 0xaedc, 0xaedc, 0xaedc, 0xaedc, 0xaedc, 0xaedc, 0xaedc, 
	0xaedc, 0xaedd, 0xaedc, 0xaedc, 0xaebc, 0xaefc, 0x9df8, 0x2187, 0x0020, 0x0000, 0x0020, 0x0000, 0x0021, 0x3350, 0x557c, 0x55dd, 
	0x4dbd, 0x4dbd, 0x4dbd, 0x4dbd, 0x4dbd, 0x4dbd, 0x4dbd, 0x4dbd, 0x4dbd, 0x4dbd, 0x4dbd, 0x4dbd, 0x4dbd, 0x4dbd, 0x4dbd, 0x4dbd, 
	0x4dbc, 0x559c, 0x3391, 0x0061, 0x0000, 0x0020, 0x0000, 0x0021, 0x2146, 0x95b8, 0xaedc, 0xb6dc, 0xb6dd, 0x6c31, 0x0061, 0x0000, 
	0x0800, 0x0000, 0x0000, 0x1126, 0x3c76, 0x45dc, 0x4dfc, 0x45fd, 0x55bc, 0x3391, 0x0042, 0x0000, 0x0000, 0x0800, 0x0020, 0x2145, 
	0x8db8, 0xb6fd, 0xaedd, 0xb6fd, 0xaedc, 0xaedc, 0xb6fd, 0xaedc, 0xaedd, 0xb6dc, 0x8515, 0x1925, 0x0000, 0x0000, 0x0000, 0x0000, 
	0x0021, 0x0820, 0x51a4, 0xabcb, 0xed4f, 0xfdd0, 0xfd90, 0xfd8f, 0xfdb0, 0xfd90, 0xfdb0, 0xfdb0, 0xfdb0, 0xfdb0, 0xfd90, 0xfdb0, 
	0xfd90, 0xfd8f, 0xfdb0, 0xfdb0, 0xfdb1, 0xfdb0, 0xfdd1, 0xfdb1, 0xfdb0, 0xfdd0, 0xfdb0, 0xfd8f, 0xfdb0, 0xfdd1, 0xd4ef, 0xa3cb, 
	0x6247, 0x3123, 0x0820, 0x0000, 0x0000, 0x0000, 0x0000, 0x0020, 0x0020, 0x0020, 0x0000, 0x0000, 0x0021, 0x1104, 0x4aec, 0x8535, 
	0xa67b, 0xaedc, 0xaedd, 0xaedd, 0xaedc, 0xaebc, 0xaebc, 0xb6dd, 0xaedc, 0xaedc, 0xaedc, 0xaedc, 0xaedc, 0xaedc, 0xaedc, 0xaedc, 
	0xaedc, 0xaedc, 0xaedc, 0xaedc, 0xaedc, 0xaedc, 0xaedc, 0xaedc, 0xaedc, 0xaedc, 0xaedc, 0xaedc, 0xaedc, 0xaedc, 0xaedc, 0xaedc, 
	0xaedc, 0xaedc, 0xaedc, 0xaedc, 0xaedc, 0xaedc, 0xaedc, 0xaedc, 0xaedc, 0xaedc, 0xaedc, 0xaedc, 0xaedc, 0xaedc, 0xaedc, 0xaedc, 
	0xaedc, 0xaedc, 0xaedc, 0xaedc, 0xaedc, 0xaedc, 0xaedc, 0xaedc, 0xaedc, 0xaedc, 0xaedc, 0xaedc, 0xaedc, 0xaedc, 0xaedc, 0xaedc, 
	0xaedc, 0xaedc, 0xaedc, 0xaedc, 0xaedc, 0xaedc, 0xaedc, 0xaedc, 0xaedc, 0xaedc, 0xaedc, 0xaedc, 0xaedc, 0xaedc, 0xaedc, 0xaedc, 
	0xaedc, 0xaedc, 0xaedc, 0xaedc, 0xaedc, 0xaedc, 0xaedc, 0xaedc, 0xaedc, 0xaedc, 0xaedc, 0xaedc, 0xaedc, 0xaedc, 0xaedc, 0xaedc, 
	0xaedc, 0xaedc, 0xaedc, 0xaedc, 0xaedc, 0xaedc, 0xaedc, 0xaedc, 0xaedc, 0xaedc, 0xaedc, 0xaedc, 0xaedc, 0xaedc, 0xaedc, 0xaedc, 
	0xaedc, 0xaedc, 0xaedc, 0xaedc, 0xaedc, 0xaedc, 0xaedc, 0xaedc, 0xaedc, 0xaedc, 0xaedc, 0xaedc, 0xaedc, 0xaedc, 0xaedc, 0xaedc, 
	0xaedc, 0xaefc, 0xaedc, 0xb6dd, 0xaedc, 0xaefc, 0x8d56, 0x10e4, 0x0000, 0x0000, 0x0000, 0x0000, 0x00a3, 0x3c34, 0x4d9c, 0x4ddc, 
	0x4dbc, 0x4dbc, 0x4dbc, 0x4dbc, 0x4dbc, 0x4dbc, 0x4dbc, 0x4dbc, 0x4dbc, 0x4dbc, 0x4dbc, 0x4dbc, 0x4dbc, 0x4dbc, 0x4dbc, 0x4dbc, 
	0x4ddc, 0x4dbc, 0x3c55, 0x00c4, 0x0000, 0x0000, 0x0000, 0x0000, 0x10a3, 0x84f5, 0xaebb, 0xaedc, 0xb6fd, 0x7cd4, 0x08c3, 0x0000, 
	0x0000, 0x0020, 0x0000, 0x0861, 0x22ad, 0x44b7, 0x559b, 0x457c, 0x4434, 0x11a8, 0x0000, 0x0000, 0x0000, 0x0000, 0x0000, 0x2a08, 
	0x9619, 0xb6dc, 0xaedc, 0xaedd, 0xaedc, 0xaedc, 0xaedd, 0xaedc, 0xb6dd, 0xaedc, 0xae7a, 0x534d, 0x0041, 0x0000, 0x0000, 0x0000, 
	0x0000, 0x0020, 0x0000, 0x20a1, 0x7ac8, 0xccce, 0xfdb0, 0xfdcf, 0xfdd1, 0xfdb0, 0xfdb0, 0xfdb0, 0xfdb0, 0xfdb0, 0xfdb0, 0xfdb0, 
	0xfdd0, 0xfdb0, 0xfdb0, 0xfdd0, 0xfdb0, 0xfdaf, 0xfdaf, 0xfdaf, 0xfdb0, 0xfd90, 0xfdb0, 0xfdd0, 0xfdaf, 0xfd6f, 0xfd8f, 0xfdb0, 
	0xed4f, 0xc48d, 0x8309, 0x4184, 0x1060, 0x0020, 0x0020, 0x0000, 0x0000, 0x0000, 0x0000, 0x0000, 0x0020, 0x0000, 0x0041, 0x2125, 
	0x538f, 0x8d56, 0xb6bb, 0xb6dc, 0xaebc, 0xb6fd, 0xb6fd, 0xaebc, 0xaedc, 0xaedc, 0xaedc, 0xaedc, 0xaedc, 0xaedc, 0xaedc, 0xaedc, 
	0xaedc, 0xaedc, 0xaedc, 0xaedc, 0xaedc, 0xaedc, 0xaedc, 0xaedc, 0xaedc, 0xaedc, 0xaedc, 0xaedc, 0xaedc, 0xaedc, 0xaedc, 0xaedc, 
	0xaedc, 0xaedc, 0xaedc, 0xaedc, 0xaedc, 0xaedc, 0xaedc, 0xaedc, 0xaedc, 0xaedc, 0xaedc, 0xaedc, 0xaedc, 0xaedc, 0xaedc, 0xaedc, 
	0xaedc, 0xaedc, 0xaedc, 0xaedc, 0xaedc, 0xaedc, 0xaedc, 0xaedc, 0xaedc, 0xaedc, 0xaedc, 0xaedc, 0xaedc, 0xaedc, 0xaedc, 0xaedc, 
	0xaedc, 0xaedc, 0xaedc, 0xaedc, 0xaedc, 0xaedc, 0xaedc, 0xaedc, 0xaedc, 0xaedc, 0xaedc, 0xaedc, 0xaedc, 0xaedc, 0xaedc, 0xaedc, 
	0xaedc, 0xaedc, 0xaedc, 0xaedc, 0xaedc, 0xaedc, 0xaedc, 0xaedc, 0xaedc, 0xaedc, 0xaedc, 0xaedc, 0xaedc, 0xaedc, 0xaedc, 0xaedc, 
	0xaedc, 0xaedc, 0xaedc, 0xaedc, 0xaedc, 0xaedc, 0xaedc, 0xaedc, 0xaedc, 0xaedc, 0xaedc, 0xaedc, 0xaedc, 0xaedc, 0xaedc, 0xaedc, 
	0xaedc, 0xaedc, 0xaedc, 0xaedc, 0xaedc, 0xaedc, 0xaedc, 0xaedc, 0xaedc, 0xaedc, 0xaedc, 0xaedc, 0xaedc, 0xaedc, 0xaedc, 0xaedc, 
	0xaedc, 0xaefc, 0xaedd, 0xaedc, 0xaefd, 0xaedc, 0x6c31, 0x1083, 0x0000, 0x0000, 0x0000, 0x0000, 0x1146, 0x44b6, 0x4dbd, 0x4ddc, 
	0x4dbc, 0x4dbc, 0x4dbc, 0x4dbc, 0x4dbc, 0x4dbc, 0x4dbc, 0x4dbc, 0x4dbc, 0x4dbc, 0x4dbc, 0x4dbc, 0x4dbc, 0x4dbc, 0x4dbc, 0x4dbc, 
	0x4dbb, 0x4dbd, 0x3cd7, 0x1167, 0x0000, 0x0000, 0x0800, 0x0020, 0x0862, 0x63f0, 0xaebc, 0xb6fd, 0xaedd, 0x8db7, 0x29e7, 0x0000, 
	0x0001, 0x0020, 0x0000, 0x0000, 0x0082, 0x19e9, 0x2ace, 0x2aae, 0x1167, 0x0021, 0x0000, 0x0000, 0x0000, 0x0000, 0x0021, 0x536e, 
	0xa67b, 0xb6dc, 0xaedc, 0xb6fd, 0xaedc, 0xaedc, 0xaedd, 0xaedc, 0xb6dd, 0xa6bc, 0xaedd, 0x8d77, 0x2a08, 0x0021, 0x0000, 0x0000, 
	0x0800, 0x0000, 0x0001, 0x0020, 0x1040, 0x4984, 0x9bcb, 0xe52f, 0xf590, 0xfdb0, 0xfdd0, 0xfdb0, 0xfdb0, 0xfdb0, 0xfdb0, 0xfdb0, 
	0xfdb0, 0xfd90, 0xfdb0, 0xfdb0, 0xfdb0, 0xfdb0, 0xfdaf, 0xfd8f, 0xfdb0, 0xfdb0, 0xfdb1, 0xfdb1, 0xfdb0, 0xfdb0, 0xfdd0, 0xfdaf, 
	0xfd8f, 0xfdaf, 0xf590, 0xd50f, 0x9b8a, 0x51c4, 0x20c1, 0x0020, 0x0820, 0x0000, 0x0000, 0x0000, 0x0000, 0x0000, 0x0000, 0x0820, 
	0x0041, 0x21a7, 0x63cf, 0x9dd8, 0xb6dc, 0xaebc, 0xa69c, 0xaedd, 0xaedc, 0xaedc, 0xaedc, 0xaedc, 0xaedc, 0xaedc, 0xaedc, 0xaedc, 
	0xaedc, 0xaedc, 0xaedc, 0xaedc, 0xaedc, 0xaedc, 0xaedc, 0xaedc, 0xaedc, 0xaedc, 0xaedc, 0xaedc, 0xaedc, 0xaedc, 0xaedc, 0xaedc, 
	0xaedc, 0xaedc, 0xaedc, 0xaedc, 0xaedc, 0xaedc, 0xaedc, 0xaedc, 0xaedc, 0xaedc, 0xaedc, 0xaedc, 0xaedc, 0xaedc, 0xaedc, 0xaedc, 
	0xaedc, 0xaedc, 0xaedc, 0xaedc, 0xaedc, 0xaedc, 0xaedc, 0xaedc, 0xaedc, 0xaedc, 0xaedc, 0xaedc, 0xaedc, 0xaedc, 0xaedc, 0xaedc, 
	0xaedc, 0xaedc, 0xaedc, 0xaedc, 0xaedc, 0xaedc, 0xaedc, 0xaedc, 0xaedc, 0xaedc, 0xaedc, 0xaedc, 0xaedc, 0xaedc, 0xaedc, 0xaedc, 
	0xaedc, 0xaedc, 0xaedc, 0xaedc, 0xaedc, 0xaedc, 0xaedc, 0xaedc, 0xaedc, 0xaedc, 0xaedc, 0xaedc, 0xaedc, 0xaedc, 0xaedc, 0xaedc, 
	0xaedc, 0xaedc, 0xaedc, 0xaedc, 0xaedc, 0xaedc, 0xaedc, 0xaedc, 0xaedc, 0xaedc, 0xaedc, 0xaedc, 0xaedc, 0xaedc, 0xaedc, 0xaedc, 
	0xaedc, 0xaedc, 0xaedc, 0xaedc, 0xaedc, 0xaedc, 0xaedc, 0xaedc, 0xaedc, 0xaedc, 0xaedc, 0xaedc, 0xaedc, 0xaedc, 0xaedc, 0xaedc, 
	0xaedd, 0xaedc, 0xb6dd, 0xaebc, 0xb6fd, 0xaebb, 0x4b4d, 0x0842, 0x0000, 0x0000, 0x0020, 0x0000, 0x21e9, 0x44d8, 0x4dbe, 0x4dbc, 
	0x4dbc, 0x4dbc, 0x4dbc, 0x4dbc, 0x4dbc, 0x4dbc, 0x4dbc, 0x4dbc, 0x4dbc, 0x4dbc, 0x4dbc, 0x4dbc, 0x4dbc, 0x4dbc, 0x4dbc, 0x4dbc, 
	0x55bb, 0x55de, 0x4519, 0x220a, 0x0021, 0x0000, 0x0000, 0x0020, 0x0020, 0x3aec, 0xae9b, 0xb6fd, 0xa6bd, 0xaebb, 0x5b6e, 0x0042, 
	0x0800, 0x0000, 0x0000, 0x0021, 0x0000, 0x0020, 0x0040, 0x0020, 0x0020, 0x0800, 0x0000, 0x0000, 0x0000, 0x0000, 0x2105, 0x7cf5, 
	0xaedc, 0xb6dc, 0xaedc, 0xb6fd, 0xaedc, 0xaedd, 0xaedc, 0xaedc, 0xaebc, 0xaefd, 0xa6dc, 0xb6bc, 0x84d4, 0x2966, 0x0000, 0x0000, 
	0x0000, 0x0000, 0x0000, 0x0000, 0x0000, 0x0020, 0x20a1, 0x72a7, 0xdccc, 0xed6f, 0xfdd0, 0xfdd0, 0xfdb0, 0xfdb0, 0xfdb0, 0xfdb0, 
	0xfdb0, 0xfdb0, 0xfdb0, 0xfdb0, 0xfdb0, 0xfdb1, 0xfdb1, 0xf5b1, 0xfdb0, 0xfdb0, 0xfdb0, 0xfdb0, 0xfd8f, 0xfdb0, 0xfdd1, 0xf5b1, 
	0xfdb1, 0xfdb1, 0xfd8f, 0xfd8f, 0xfd90, 0xe50e, 0xa3ab, 0x61e5, 0x1081, 0x0020, 0x0000, 0x0000, 0x0000, 0x0000, 0x0000, 0x0000, 
	0x0000, 0x0000, 0x0883, 0x3229, 0x6c93, 0xa65a, 0xaefd, 0xaedc, 0xaedc, 0xaedc, 0xaedc, 0xaedc, 0xaedc, 0xaedc, 0xaedc, 0xaedc, 
	0xaedc, 0xaedc, 0xaedc, 0xaedc, 0xaedc, 0xaedc, 0xaedc, 0xaedc, 0xaedc, 0xaedc, 0xaedc, 0xaedc, 0xaedc, 0xaedc, 0xaedc, 0xaedc, 
	0xaedc, 0xaedc, 0xaedc, 0xaedc, 0xaedc, 0xaedc, 0xaedc, 0xaedc, 0xaedc, 0xaedc, 0xaedc, 0xaedc, 0xaedc, 0xaedc, 0xaedc, 0xaedc, 
	0xaedc, 0xaedc, 0xaedc, 0xaedc, 0xaedc, 0xaedc, 0xaedc, 0xaedc, 0xaedc, 0xaedc, 0xaedc, 0xaedc, 0xaedc, 0xaedc, 0xaedc, 0xaedc, 
	0xaedc, 0xaedc, 0xaedc, 0xaedc, 0xaedc, 0xaedc, 0xaedc, 0xaedc, 0xaedc, 0xaedc, 0xaedc, 0xaedc, 0xaedc, 0xaedc, 0xaedc, 0xaedc, 
	0xaedc, 0xaedc, 0xaedc, 0xaedc, 0xaedc, 0xaedc, 0xaedc, 0xaedc, 0xaedc, 0xaedc, 0xaedc, 0xaedc, 0xaedc, 0xaedc, 0xaedc, 0xaedc, 
	0xaedc, 0xaedc, 0xaedc, 0xaedc, 0xaedc, 0xaedc, 0xaedc, 0xaedc, 0xaedc, 0xaedc, 0xaedc, 0xaedc, 0xaedc, 0xaedc, 0xaedc, 0xaedc, 
	0xaedc, 0xaedc, 0xaedc, 0xaedc, 0xaedc, 0xaedc, 0xaedc, 0xaedc, 0xaedc, 0xaedc, 0xaedc, 0xaedc, 0xaedc, 0xaedc, 0xaedc, 0xaedc, 
	0xb6dd, 0xaedc, 0xaedc, 0xb6dd, 0xb6dd, 0xa67b, 0x3a6a, 0x0000, 0x0000, 0x0000, 0x0000, 0x0000, 0x228d, 0x457a, 0x4dbc, 0x4d9c, 
	0x4dbd, 0x45bd, 0x4ddd, 0x55bc, 0x55bc, 0x4ddc, 0x4dbc, 0x4d9c, 0x4dbc, 0x4dbc, 0x4dbc, 0x4dbc, 0x4dbc, 0x4dbc, 0x4dbc, 0x4dbc, 
	0x4ddc, 0x5d7c, 0x4d9c, 0x230f, 0x0020, 0x0000, 0x0000, 0x0000, 0x0000, 0x3228, 0x9e39, 0xaedc, 0xaebd, 0xaedd, 0x8d97, 0x21c8, 
	0x0000, 0x0000, 0x0000, 0x0000, 0x0000, 0x0020, 0x0000, 0x0000, 0x0000, 0x0000, 0x0000, 0x0000, 0x0000, 0x0061, 0x4b2d, 0xae5a, 
	0xaedc, 0xaedc, 0xaedc, 0xaedc, 0xaedc, 0xaedc, 0xaedc, 0xaedc, 0xaebc, 0xb6fd, 0xaedd, 0xaedd, 0xb6bc, 0x7cd4, 0x29e8, 0x0041, 
	0x0020, 0x0000, 0x0000, 0x0000, 0x0000, 0x0000, 0x0000, 0x1040, 0x4184, 0xa3ab, 0xed4f, 0xfdb0, 0xfdb1, 0xfdb1, 0xfdb0, 0xfd8f, 
	0xfdb0, 0xfd90, 0xfdaf, 0xfdb0, 0xfdb0, 0xfdb1, 0xfdb0, 0xfd8f, 0xfdb0, 0xfdb0, 0xfdb0, 0xfdb0, 0xfdb0, 0xfdb0, 0xfdb0, 0xfdb0, 
	0xfdb0, 0xfdb0, 0xfdb0, 0xfdb0, 0xfdb0, 0xfdb0, 0xf56f, 0xed0e, 0xa3aa, 0x5a05, 0x1881, 0x0020, 0x0000, 0x0000, 0x0000, 0x0000, 
	0x0000, 0x0000, 0x0000, 0x0020, 0x18e3, 0x530d, 0x8d77, 0xa6bc, 0xaedc, 0xaefd, 0xaedc, 0xaedd, 0xb6dd, 0xb6bd, 0xaefd, 0xaedc, 
	0xaedc, 0xaedc, 0xb6fd, 0xaebc, 0xaedc, 0xb6fd, 0xaebc, 0xb6dd, 0xaedc, 0xaedc, 0xaedc, 0xaedc, 0xaedc, 0xaedc, 0xaedc, 0xaedc, 
	0xaedc, 0xaedc, 0xaedc, 0xaedc, 0xaedc, 0xaedc, 0xaedc, 0xaedc, 0xaedc, 0xaedc, 0xaedc, 0xaedc, 0xaedc, 0xaedc, 0xaedc, 0xaedc, 
	0xaedc, 0xaedc, 0xaedc, 0xaedc, 0xaedc, 0xaedc, 0xaedc, 0xaedc, 0xaedc, 0xaedc, 0xaedc, 0xaedc, 0xaedc, 0xaedc, 0xaedc, 0xaedc, 
	0xaedc, 0xaedc, 0xaedc, 0xaedc, 0xaedc, 0xaedc, 0xaedc, 0xaedc, 0xaedc, 0xaedc, 0xaedc, 0xaedc, 0xaedc, 0xaedc, 0xaedc, 0xaedc, 
	0xaedc, 0xaedc, 0xaedc, 0xaedc, 0xaedc, 0xaedc, 0xaedc, 0xaedc, 0xaedc, 0xaedc, 0xaedc, 0xaedc, 0xaedc, 0xaedc, 0xaedc, 0xaedc, 
	0xaedc, 0xaedc, 0xaedc, 0xaedc, 0xaedc, 0xaedc, 0xaedc, 0xaedc, 0xaedc, 0xaedc, 0xaedc, 0xaedc, 0xaedc, 0xaedc, 0xaedc, 0xaedc, 
	0xaedc, 0xaedc, 0xaedc, 0xaedc, 0xaedc, 0xaedc, 0xaedc, 0xaedc, 0xaedc, 0xaedc, 0xaedc, 0xaedc, 0xaedc, 0xaedc, 0xaedc, 0xaedc, 
	0xaedd, 0xaefc, 0xaefc, 0xaedc, 0xaedd, 0x95f8, 0x29c7, 0x0000, 0x0000, 0x0000, 0x0000, 0x0021, 0x3330, 0x4dbb, 0x55dd, 0x4dbc, 
	0x55bb, 0x4d9b, 0x4d9b, 0x4dbc, 0x4dbb, 0x4dbb, 0x55dc, 0x55dc, 0x4dbc, 0x4dbc, 0x4dbc, 0x4dbc, 0x4dbc, 0x4dbc, 0x4dbc, 0x4dbc, 
	0x4ddc, 0x559c, 0x4dbc, 0x2b91, 0x0082, 0x0000, 0x0000, 0x0000, 0x0000, 0x2186, 0x8d76, 0xaebc, 0xaedd, 0xaedd, 0xae7b, 0x7492, 
	0x2105, 0x0021, 0x0000, 0x0000, 0x0000, 0x0020, 0x0020, 0x0000, 0x0000, 0x0820, 0x0000, 0x0000, 0x0041, 0x3a6a, 0x9577, 0xb6bc, 
	0xaedc, 0xaedc, 0xaedc, 0xaedc, 0xaedc, 0xaedc, 0xaedc, 0xaedc, 0xb6fd, 0xaebc, 0xaedd, 0xaedd, 0xaebc, 0xb6dc, 0x9576, 0x4b0d, 
	0x08c3, 0x0041, 0x0000, 0x0000, 0x0000, 0x0000, 0x0000, 0x0000, 0x0020, 0x20a1, 0x7266, 0xcc6d, 0xfd90, 0xfd8f, 0xfdb0, 0xf5d0, 
	0xfd90, 0xfdd1, 0xfdb0, 0xfd90, 0xfdd0, 0xfdb0, 0xfd90, 0xfdf1, 0xfdb0, 0xfdb0, 0xfdb0, 0xfdb0, 0xfdb0, 0xfdb0, 0xfdb0, 0xfdb0, 
	0xfdb0, 0xfdb0, 0xfdb0, 0xfdb0, 0xfdb0, 0xfdd0, 0xfdb0, 0xfd8f, 0xf590, 0xdd0e, 0xa3aa, 0x49c5, 0x1061, 0x0020, 0x0000, 0x0000, 
	0x0800, 0x0000, 0x0020, 0x0000, 0x0000, 0x0021, 0x29a7, 0x6430, 0xa619, 0xb6dc, 0xaedc, 0xaedc, 0xb6fd, 0xaedc, 0xaebc, 0xb6dc, 
	0xaedd, 0xaedc, 0xb6fd, 0xb6fd, 0xb6fd, 0xaedc, 0xaebc, 0xb6dd, 0xaedc, 0xaedc, 0xaedc, 0xaedc, 0xaedc, 0xaedc, 0xaedc, 0xaedc, 
	0xaedc, 0xaedc, 0xaedc, 0xaedc, 0xaedc, 0xaedc, 0xaedc, 0xaedc, 0xaedc, 0xaedc, 0xaedc, 0xaedc, 0xaedc, 0xaedc, 0xaedc, 0xaedc, 
	0xaedc, 0xaedc, 0xaedc, 0xaedc, 0xaedc, 0xaedc, 0xaedc, 0xaedc, 0xaedc, 0xaedc, 0xaedc, 0xaedc, 0xaedc, 0xaedc, 0xaedc, 0xaedc, 
	0xaedc, 0xaedc, 0xaedc, 0xaedc, 0xaedc, 0xaedc, 0xaedc, 0xaedc, 0xaedc, 0xaedc, 0xaedc, 0xaedc, 0xaedc, 0xaedc, 0xaedc, 0xaedc, 
	0xaedc, 0xaedc, 0xaedc, 0xaedc, 0xaedc, 0xaedc, 0xaedc, 0xaedc, 0xaedc, 0xaedc, 0xaedc, 0xaedc, 0xaedc, 0xaedc, 0xaedc, 0xaedc, 
	0xaedc, 0xaedc, 0xaedc, 0xaedc, 0xaedc, 0xaedc, 0xaedc, 0xaedc, 0xaedc, 0xaedc, 0xaedc, 0xaedc, 0xaedc, 0xaedc, 0xaedc, 0xaedc, 
	0xaedc, 0xaedc, 0xaedc, 0xaedc, 0xaedc, 0xaedc, 0xaedc, 0xaedc, 0xaedc, 0xaedc, 0xaedc, 0xaedc, 0xaedc, 0xaedc, 0xaedc, 0xaedc, 
	0xaedc, 0xaefc, 0xaedc, 0xaedc, 0xb6dc, 0x8515, 0x1125, 0x0000, 0x0000, 0x0000, 0x0000, 0x08a3, 0x3bd3, 0x4ddc, 0x4dbc, 0x4dbc, 
	0x4dbb, 0x55dc, 0x55dd, 0x4ddd, 0x4ddd, 0x4ddd, 0x4ddd, 0x4d9c, 0x4dbc, 0x55dc, 0x4dbc, 0x4dbc, 0x4dbc, 0x4dbc, 0x4dbc, 0x4dbc, 
	0x4ddc, 0x559c, 0x4dbd, 0x3c54, 0x0904, 0x0000, 0x0000, 0x0000, 0x0000, 0x10e3, 0x7493, 0xb6bc, 0xb6dd, 0xaedc, 0xb6fc, 0xae9b, 
	0x7c92, 0x21a7, 0x0000, 0x0000, 0x0000, 0x0000, 0x0000, 0x0000, 0x0000, 0x0000, 0x0000, 0x0882, 0x3a6a, 0x8d35, 0xb6fd, 0xaedc, 
	0xaedc, 0xaedc, 0xaedc, 0xaedc, 0xaedc, 0xaedc, 0xaedc, 0xaedc, 0xb6dd, 0xaebc, 0xaedc, 0xb6fd, 0xaedc, 0xaefd, 0xb6dc, 0xa63a, 
	0x7493, 0x29e8, 0x0041, 0x0000, 0x0000, 0x0000, 0x0000, 0x0000, 0x0000, 0x0000, 0x0840, 0x4163, 0x9b89, 0xe54e, 0xfdd0, 0xfdb0, 
	0xfd8f, 0xfdb1, 0xfdb1, 0xf5b0, 0xfd90, 0xfd8f, 0xfdb0, 0xfdb1, 0xfdb0, 0xfdb0, 0xfdb0, 0xfdb0, 0xfdb0, 0xfdb0, 0xfdb0, 0xfdb0, 
	0xfdb0, 0xfdb0, 0xfdb0, 0xfdb0, 0xfdb0, 0xfdb0, 0xfdb0, 0xfdb0, 0xfdb0, 0xfdb0, 0xfdb0, 0xe50e, 0x9369, 0x4183, 0x1061, 0x0000, 
	0x0000, 0x0000, 0x0000, 0x0020, 0x0000, 0x0000, 0x0000, 0x10a2, 0x428b, 0x8515, 0xae9b, 0xaedc, 0xaefd, 0xaedc, 0xaedc, 0xb6dd, 
	0xaedd, 0xaebc, 0xaedc, 0xaedc, 0xaedc, 0xb6fd, 0xaedc, 0xaedd, 0xaedc, 0xaedc, 0xaedc, 0xaedc, 0xaedc, 0xaedc, 0xaedc, 0xaedc, 
	0xaedc, 0xaedc, 0xaedc, 0xaedc, 0xaedc, 0xaedc, 0xaedc, 0xaedc, 0xaedc, 0xaedc, 0xaedc, 0xaedc, 0xaedc, 0xaedc, 0xaedc, 0xaedc, 
	0xaedc, 0xaedc, 0xaedc, 0xaedc, 0xaedc, 0xaedc, 0xaedc, 0xaedc, 0xaedc, 0xaedc, 0xaedc, 0xaedc, 0xaedc, 0xaedc, 0xaedc, 0xaedc, 
	0xaedc, 0xaedc, 0xaedc, 0xaedc, 0xaedc, 0xaedc, 0xaedc, 0xaedc, 0xaedc, 0xaedc, 0xaedc, 0xaedc, 0xaedc, 0xaedc, 0xaedc, 0xaedc, 
	0xaedc, 0xaedc, 0xaedc, 0xaedc, 0xaedc, 0xaedc, 0xaedc, 0xaedc, 0xaedc, 0xaedc, 0xaedc, 0xaedc, 0xaedc, 0xaedc, 0xaedc, 0xaedc, 
	0xaedc, 0xaedc, 0xaedc, 0xaedc, 0xaedc, 0xaedc, 0xaedc, 0xaedc, 0xaedc, 0xaedc, 0xaedc, 0xaedc, 0xaedc, 0xaedc, 0xaedc, 0xaedc, 
	0xaedc, 0xaedc, 0xaedc, 0xaedc, 0xaedc, 0xaedc, 0xaedc, 0xaedc, 0xaedc, 0xaedc, 0xaedc, 0xaedc, 0xaedc, 0xaedc, 0xaedc, 0xaedc, 
	0xaedc, 0xaedd, 0xaedc, 0xaedc, 0xb6dc, 0x6c52, 0x0882, 0x0000, 0x0000, 0x0000, 0x0000, 0x0926, 0x4476, 0x4ddc, 0x4dbc, 0x4dbc, 
	0x45dc, 0x4d7b, 0x4cf9, 0x453a, 0x455a, 0x4d5a, 0x4d7b, 0x4d9c, 0x4dbc, 0x4dbc, 0x4dbc, 0x4dbc, 0x4dbc, 0x4dbc, 0x4dbc, 0x4dbc, 
	0x4dbc, 0x55bc, 0x4dbd, 0x4cf8, 0x1187, 0x0000, 0x0000, 0x0000, 0x0000, 0x0061, 0x5baf, 0xb6bc, 0xaedd, 0xaedc, 0xaedc, 0xb6dc, 
	0xaedb, 0x7d15, 0x4b0c, 0x1925, 0x0841, 0x0821, 0x0000, 0x0000, 0x0861, 0x08a2, 0x1965, 0x5b8f, 0xa5f9, 0xb6bc, 0xaebc, 0xaefd, 
	0xaedc, 0xaedc, 0xaedc, 0xaedc, 0xaedc, 0xaedc, 0xaedc, 0xaedc, 0xaedd, 0xb6fd, 0xb6dc, 0xaebc, 0xaefc, 0xaedc, 0xa6bc, 0xb71e, 
	0xaebc, 0x9597, 0x534d, 0x1904, 0x0000, 0x0000, 0x0000, 0x0001, 0x0000, 0x0000, 0x0000, 0x0020, 0x10a1, 0x6266, 0xc44c, 0xfd6f, 
	0xfdaf, 0xfd8f, 0xfdb0, 0xfdd1, 0xfdd0, 0xfdb0, 0xfdb0, 0xfdb0, 0xfdb0, 0xfdb0, 0xfdb0, 0xfdb0, 0xfdb0, 0xfdb0, 0xfdb0, 0xfdb0, 
	0xfdb0, 0xfdb0, 0xfdb0, 0xfdb0, 0xfdb0, 0xfdb0, 0xfdb0, 0xfdb0, 0xfdb0, 0xfdb0, 0xfdb0, 0xfd8f, 0xfd6f, 0xdccd, 0x8309, 0x3123, 
	0x0020, 0x0000, 0x0000, 0x0000, 0x0000, 0x0000, 0x0000, 0x0000, 0x0021, 0x2166, 0x63f0, 0xa639, 0xaedc, 0xaedc, 0xaedd, 0xaedc, 
	0xb6fd, 0xaedd, 0xaedd, 0xaedc, 0xaedc, 0xb6fd, 0xb6fd, 0xaebc, 0xaedc, 0xaedc, 0xaedc, 0xaedc, 0xaedc, 0xaedc, 0xaedc, 0xaedc, 
	0xaedc, 0xaedc, 0xaedc, 0xaedc, 0xaedc, 0xaedc, 0xaedc, 0xaedc, 0xaedc, 0xaedc, 0xaedc, 0xaedc, 0xaedc, 0xaedc, 0xaedc, 0xaedc, 
	0xaedc, 0xaedc, 0xaedc, 0xaedc, 0xaedc, 0xaedc, 0xaedc, 0xaedc, 0xaedc, 0xaedc, 0xaedc, 0xaedc, 0xaedc, 0xaedc, 0xaedc, 0xaedc, 
	0xaedc, 0xaedc, 0xaedc, 0xaedc, 0xaedc, 0xaedc, 0xaedc, 0xaedc, 0xaedc, 0xaedc, 0xaedc, 0xaedc, 0xaedc, 0xaedc, 0xaedc, 0xaedc, 
	0xaedc, 0xaedc, 0xaedc, 0xaedc, 0xaedc, 0xaedc, 0xaedc, 0xaedc, 0xaedc, 0xaedc, 0xaedc, 0xaedc, 0xaedc, 0xaedc, 0xaedc, 0xaedc, 
	0xaedc, 0xaedc, 0xaedc, 0xaedc, 0xaedc, 0xaedc, 0xaedc, 0xaedc, 0xaedc, 0xaedc, 0xaedc, 0xaedc, 0xaedc, 0xaedc, 0xaedc, 0xaedc, 
	0xaedc, 0xaedc, 0xaedc, 0xaedc, 0xaedc, 0xaedc, 0xaedc, 0xaedc, 0xaedc, 0xaedc, 0xaedc, 0xaedc, 0xaedc, 0xaedc, 0xaedc, 0xaedc, 
	0xaedd, 0xaedd, 0xaedc, 0xb6fd, 0xaebb, 0x536e, 0x0020, 0x0000, 0x0000, 0x0000, 0x0000, 0x11c9, 0x4cf9, 0x4ddd, 0x4dbc, 0x4ddd, 
	0x457a, 0x2b92, 0x11ea, 0x1a2b, 0x1a6b, 0x224b, 0x22cd, 0x3c34, 0x4d9b, 0x4dbc, 0x4dbc, 0x4dbc, 0x4dbc, 0x4dbc, 0x4dbc, 0x4dbc, 
	0x4dbc, 0x4dbc, 0x4dbd, 0x4d5a, 0x1a4b, 0x0000, 0x0000, 0x0000, 0x0000, 0x0000, 0x4aec, 0xae5a, 0xaedd, 0xaefd, 0xaefd, 0xaedc, 
	0xaedd, 0xaedc, 0x9e3a, 0x8515, 0x63d0, 0x42ab, 0x3209, 0x3a6a, 0x42ec, 0x6c31, 0x9597, 0xae7b, 0xaebc, 0xaedd, 0xaefd, 0xaefd, 
	0xaedc, 0xaedc, 0xaedc, 0xaedc, 0xaedc, 0xaedc, 0xaedc, 0xaedc, 0xaedd, 0xaedd, 0xb6dc, 0xb6bc, 0xb6fc, 0xaefd, 0xaedd, 0xaedd, 
	0xaedd, 0xb6fd, 0xa65a, 0x7473, 0x3229, 0x0082, 0x0000, 0x0000, 0x0000, 0x0000, 0x0000, 0x0000, 0x0001, 0x0020, 0x4143, 0x9b69, 
	0xe50e, 0xfdd0, 0xfdd0, 0xfd6f, 0xfd8f, 0xfdb0, 0xfdb0, 0xfdb0, 0xfdb0, 0xfdb0, 0xfdb0, 0xfdb0, 0xfdb0, 0xfdb0, 0xfdb0, 0xfdb0, 
	0xfdb0, 0xfd90, 0xfdb0, 0xfdb0, 0xfdb0, 0xfdb0, 0xfdb0, 0xfdb0, 0xfdd0, 0xfdd0, 0xf5b1, 0xf590, 0xfdb0, 0xfdd0, 0xed2f, 0xcc6c, 
	0x7268, 0x28a0, 0x0000, 0x0020, 0x0000, 0x0000, 0x0021, 0x0020, 0x0000, 0x0020, 0x08c3, 0x428b, 0x8d36, 0xb69c, 0xaedc, 0xaefd, 
	0xaebc, 0xaedc, 0xaedd, 0xaedd, 0xaedc, 0xaedc, 0xaedd, 0xaedc, 0xaedc, 0xaedc, 0xaedc, 0xaedc, 0xaedc, 0xaedc, 0xaedc, 0xaedc, 
	0xaedc, 0xaedc, 0xaedc, 0xaedc, 0xaedc, 0xaedc, 0xaedc, 0xaedc, 0xaedc, 0xaedc, 0xaedc, 0xaedc, 0xaedc, 0xaedc, 0xaedc, 0xaedc, 
	0xaedc, 0xaedc, 0xaedc, 0xaedc, 0xaedc, 0xaedc, 0xaedc, 0xaedc, 0xaedc, 0xaedc, 0xaedc, 0xaedc, 0xaedc, 0xaedc, 0xaedc, 0xaedc, 
	0xaedc, 0xaedc, 0xaedc, 0xaedc, 0xaedc, 0xaedc, 0xaedc, 0xaedc, 0xaedc, 0xaedc, 0xaedc, 0xaedc, 0xaedc, 0xaedc, 0xaedc, 0xaedc, 
	0xaedc, 0xaedc, 0xaedc, 0xaedc, 0xaedc, 0xaedc, 0xaedc, 0xaedc, 0xaedc, 0xaedc, 0xaedc, 0xaedc, 0xaedc, 0xaedc, 0xaedc, 0xaedc, 
	0xaedc, 0xaedc, 0xaedc, 0xaedc, 0xaedc, 0xaedc, 0xaedc, 0xaedc, 0xaedc, 0xaedc, 0xaedc, 0xaedc, 0xaedc, 0xaedc, 0xaedc, 0xaedc, 
	0xaedc, 0xaedc, 0xaedc, 0xaedc, 0xaedc, 0xaedc, 0xaedc, 0xaedc, 0xaedc, 0xaedc, 0xaedc, 0xaedc, 0xaedc, 0xaedc, 0xaedc, 0xaedc, 
	0xaedd, 0xb6dd, 0xaedd, 0xaefd, 0xa65a, 0x428b, 0x0000, 0x0000, 0x0000, 0x0000, 0x0000, 0x1a8c, 0x4d7b, 0x4ddd, 0x4dbc, 0x4dbc, 
	0x4d7a, 0x226c, 0x0021, 0x0020, 0x0020, 0x0000, 0x0083, 0x22ac, 0x457b, 0x4dbc, 0x4dbc, 0x4dbc, 0x4dbc, 0x4dbc, 0x4dbc, 0x4dbc, 
	0x4dbc, 0x4dbc, 0x4dbd, 0x4d9c, 0x230e, 0x0042, 0x0000, 0x0000, 0x0000, 0x0000, 0x3209, 0x9df8, 0xaedd, 0xaedd, 0xaefd, 0xaedc, 
	0xb6bd, 0xb6dd, 0xb6dd, 0xaedc, 0xa69b, 0xa69b, 0xae9b, 0xae9b, 0xae9c, 0xae9c, 0xb6dd, 0xb71e, 0xaedd, 0xaedd, 0xaefd, 0xaebc, 
	0xaedc, 0xaedc, 0xaedc, 0xaedc, 0xaedc, 0xaedc, 0xaedc, 0xaedc, 0xaedc, 0xaebc, 0xaebc, 0xb6dd, 0xb6dd, 0xaebc, 0xaebd, 0xb6dd, 
	0xaedc, 0xaefd, 0xaebc, 0xae9c, 0x9dd8, 0x5b6e, 0x1924, 0x0020, 0x0000, 0x0000, 0x0000, 0x0000, 0x0000, 0x0000, 0x0020, 0x1061, 
	0x6a67, 0xb42c, 0xf58f, 0xfdaf, 0xfd8f, 0xfdb0, 0xfdb0, 0xf590, 0xfdb0, 0xfdb0, 0xfdb0, 0xfdb0, 0xfdb0, 0xfdb0, 0xfdb0, 0xfdb0, 
	0xfdb0, 0xfdb0, 0xfdb0, 0xfdb0, 0xfdb0, 0xfdb0, 0xfdb0, 0xfdb0, 0xf58f, 0xfdb0, 0xfdd0, 0xfdb0, 0xfd90, 0xfdd1, 0xfdd1, 0xfd90, 
	0xed50, 0xabcb, 0x51c4, 0x1040, 0x0000, 0x0000, 0x0000, 0x0020, 0x0000, 0x0000, 0x0000, 0x0021, 0x2187, 0x7432, 0xa65a, 0xaefc, 
	0xb6fd, 0xb6fd, 0xaebc, 0xaedc, 0xb6fd, 0xaedc, 0xaedc, 0xb6fd, 0xaedc, 0xaedc, 0xaedc, 0xaedc, 0xaedc, 0xaedc, 0xaedc, 0xaedc, 
	0xaedc, 0xaedc, 0xaedc, 0xaedc, 0xaedc, 0xaedc, 0xaedc, 0xaedc, 0xaedc, 0xaedc, 0xaedc, 0xaedc, 0xaedc, 0xaedc, 0xaedc, 0xaedc, 
	0xaedc, 0xaedc, 0xaedc, 0xaedc, 0xaedc, 0xaedc, 0xaedc, 0xaedc, 0xaedc, 0xaedc, 0xaedc, 0xaedc, 0xaedc, 0xaedc, 0xaedc, 0xaedc, 
	0xaedc, 0xaedc, 0xaedc, 0xaedc, 0xaedc, 0xaedc, 0xaedc, 0xaedc, 0xaedc, 0xaedc, 0xaedc, 0xaedc, 0xaedc, 0xaedc, 0xaedc, 0xaedc, 
	0xaedc, 0xaedc, 0xaedc, 0xaedc, 0xaedc, 0xaedc, 0xaedc, 0xaedc, 0xaedc, 0xaedc, 0xaedc, 0xaedc, 0xaedc, 0xaedc, 0xaedc, 0xaedc, 
	0xaedc, 0xaedc, 0xaedc, 0xaedc, 0xaedc, 0xaedc, 0xaedc, 0xaedc, 0xaedc, 0xaedc, 0xaedc, 0xaedc, 0xaedc, 0xaedc, 0xaedc, 0xaedc, 
	0xaedc, 0xaedc, 0xaedc, 0xaedc, 0xaedc, 0xaedc, 0xaedc, 0xaedc, 0xaedc, 0xaedc, 0xaedc, 0xaedc, 0xaedc, 0xaedc, 0xaedc, 0xaedc, 
	0xaedc, 0xb6dd, 0xaebd, 0xaefc, 0x95b7, 0x29a7, 0x0000, 0x0000, 0x0000, 0x0000, 0x0842, 0x2b4f, 0x45bc, 0x4dbd, 0x4dbc, 0x4dbc, 
	0x455a, 0x1a2b, 0x0000, 0x0000, 0x0000, 0x0000, 0x0042, 0x22ad, 0x457b, 0x4dbc, 0x4dbc, 0x4dbc, 0x4dbc, 0x4dbc, 0x4dbc, 0x4dbc, 
	0x4dbc, 0x4dbc, 0x4d9d, 0x4dbd, 0x2bd2, 0x08a3, 0x0000, 0x0000, 0x0000, 0x0000, 0x1925, 0x8d35, 0xaefd, 0xaedc, 0xaebc, 0xaedc, 
	0xb6dd, 0xaebc, 0xaebc, 0xaedd, 0xaedd, 0xaefd, 0xaefd, 0xaedc, 0xb6dd, 0xaefd, 0xaedd, 0xaebc, 0xaedd, 0xaedd, 0xaedc, 0xaedc, 
	0xaedc, 0xaedc, 0xaedc, 0xaedc, 0xaedc, 0xaedc, 0xaedc, 0xaedc, 0xaefd, 0xb6fd, 0xaedc, 0xaebc, 0xaedd, 0xaefd, 0xaedc, 0xb6bc, 
	0xaedc, 0xaefd, 0xaefd, 0xaedd, 0xaedd, 0xae7b, 0x7cb3, 0x324a, 0x0862, 0x0000, 0x0000, 0x0000, 0x0000, 0x0000, 0x0000, 0x0000, 
	0x0820, 0x3122, 0x8b29, 0xdd0f, 0xfdb0, 0xfdb0, 0xfdb0, 0xfdd1, 0xfdb0, 0xfdb0, 0xfdb0, 0xfdb0, 0xfdb0, 0xfdb0, 0xfdb0, 0xfdb0, 
	0xfdb0, 0xfdb0, 0xfdb0, 0xfdb0, 0xfdb0, 0xfdb0, 0xfdb0, 0xfdb0, 0xfdd1, 0xfdb0, 0xfdb0, 0xfdaf, 0xfdaf, 0xfd90, 0xfd90, 0xfdb1, 
	0xfd8f, 0xfdd1, 0xdd10, 0x8b09, 0x3122, 0x0840, 0x0000, 0x0000, 0x0000, 0x0000, 0x0000, 0x0000, 0x0000, 0x10c4, 0x4b0d, 0x9597, 
	0xaebc, 0xb6fd, 0xaedd, 0xaedc, 0xb6fd, 0xaedc, 0xaedc, 0xaedc, 0xaedc, 0xaedc, 0xaedc, 0xaedc, 0xaedc, 0xaedc, 0xaedc, 0xaedc, 
	0xaedc, 0xaedc, 0xaedc, 0xaedc, 0xaedc, 0xaedc, 0xaedc, 0xaedc, 0xaedc, 0xaedc, 0xaedc, 0xaedc, 0xaedc, 0xaedc, 0xaedc, 0xaedc, 
	0xaedc, 0xaedc, 0xaedc, 0xaedc, 0xaedc, 0xaedc, 0xaedc, 0xaedc, 0xaedc, 0xaedc, 0xaedc, 0xaedc, 0xaedc, 0xaedc, 0xaedc, 0xaedc, 
	0xaedc, 0xaedc, 0xaedc, 0xaedc, 0xaedc, 0xaedc, 0xaedc, 0xaedc, 0xaedc, 0xaedc, 0xaedc, 0xaedc, 0xaedc, 0xaedc, 0xaedc, 0xaedc, 
	0xaedc, 0xaedc, 0xaedc, 0xaedc, 0xaedc, 0xaedc, 0xaedc, 0xaedc, 0xaedc, 0xaedc, 0xaedc, 0xaedc, 0xaedc, 0xaedc, 0xaedc, 0xaedc, 
	0xaedc, 0xaedc, 0xaedc, 0xaedc, 0xaedc, 0xaedc, 0xaedc, 0xaedc, 0xaedc, 0xaedc, 0xaedc, 0xaedc, 0xaedc, 0xaedc, 0xaedc, 0xaedc, 
	0xaedc, 0xaedc, 0xaedc, 0xaedc, 0xaedc, 0xaedc, 0xaedc, 0xaedc, 0xaedc, 0xaedc, 0xaedc, 0xaedc, 0xaedc, 0xaedc, 0xaedc, 0xaedc, 
	0xaedc, 0xb6dd, 0xb6dd, 0xaedc, 0x8555, 0x1904, 0x0000, 0x0000, 0x0000, 0x0000, 0x10a3, 0x3bf2, 0x45dc, 0x4d9d, 0x4dbb, 0x55dc, 
	0x455a, 0x19ea, 0x0000, 0x0000, 0x0000, 0x0000, 0x0022, 0x2b0e, 0x4d9c, 0x4dbc, 0x4dbc, 0x4dbc, 0x4dbc, 0x4dbc, 0x4dbc, 0x4dbc, 
	0x55bc, 0x4dbb, 0x55bd, 0x4ddd, 0x3c54, 0x1105, 0x0000, 0x0000, 0x0000, 0x0000, 0x0883, 0x7493, 0xb6fc, 0xb6dc, 0xaebc, 0xaefd, 
	0xaedc, 0xaefc, 0xaedc, 0xaedd, 0xb6dd, 0xaebc, 0xb6bd, 0xb6dd, 0xaedc, 0xaedc, 0xaedc, 0xaedc, 0xaedc, 0xaedc, 0xaedc, 0xaedd, 
	0xaedc, 0xaedc, 0xaedc, 0xaedc, 0xaedc, 0xaedc, 0xaedc, 0xaedc, 0xaedc, 0xaedc, 0xb6dd, 0xaefd, 0xaedc, 0xaedc, 0xaefc, 0xaedc, 
	0xaedc, 0xaebc, 0xaedc, 0xaefd, 0xaedd, 0xaedd, 0xaebc, 0x9dd9, 0x638f, 0x1945, 0x0021, 0x0000, 0x0000, 0x0000, 0x0000, 0x0020, 
	0x0000, 0x0000, 0x1881, 0x5a26, 0xbc4c, 0xf590, 0xfdb0, 0xfd8f, 0xfdb0, 0xfdb0, 0xfdb0, 0xfdb0, 0xfdb0, 0xfdb0, 0xfdb0, 0xfdb0, 
	0xfdb0, 0xfdb0, 0xfdb0, 0xfdb0, 0xfdb0, 0xfdb0, 0xfdb0, 0xfdb0, 0xfd90, 0xfd90, 0xf5b1, 0xfdd1, 0xfdb0, 0xfdaf, 0xfdb0, 0xfdb0, 
	0xfdb0, 0xfdaf, 0xfdaf, 0xed6f, 0xbc4c, 0x6226, 0x1861, 0x0021, 0x0001, 0x0001, 0x0000, 0x0000, 0x0000, 0x0000, 0x0061, 0x3208, 
	0x7515, 0xa67b, 0xaedd, 0xaedc, 0xaedd, 0xaedc, 0xaedc, 0xaedd, 0xaedc, 0xaedc, 0xaedc, 0xaedc, 0xaedc, 0xaedc, 0xaedc, 0xaedc, 
	0xaedc, 0xaedc, 0xaedc, 0xaedc, 0xaedc, 0xaedc, 0xaedc, 0xaedc, 0xaedc, 0xaedc, 0xaedc, 0xaedc, 0xaedc, 0xaedc, 0xaedc, 0xaedc, 
	0xaedc, 0xaedc, 0xaedc, 0xaedc, 0xaedc, 0xaedc, 0xaedc, 0xaedc, 0xaedc, 0xaedc, 0xaedc, 0xaedc, 0xaedc, 0xaedc, 0xaedc, 0xaedc, 
	0xaedc, 0xaedc, 0xaedc, 0xaedc, 0xaedc, 0xaedc, 0xaedc, 0xaedc, 0xaedc, 0xaedc, 0xaedc, 0xaedc, 0xaedc, 0xaedc, 0xaedc, 0xaedc, 
	0xaedc, 0xaedc, 0xaedc, 0xaedc, 0xaedc, 0xaedc, 0xaedc, 0xaedc, 0xaedc, 0xaedc, 0xaedc, 0xaedc, 0xaedc, 0xaedc, 0xaedc, 0xaedc, 
	0xaedc, 0xaedc, 0xaedc, 0xaedc, 0xaedc, 0xaedc, 0xaedc, 0xaedc, 0xaedc, 0xaedc, 0xaedc, 0xaedc, 0xaedc, 0xaedc, 0xaedc, 0xaedc, 
	0xaedc, 0xaedc, 0xaedc, 0xaedc, 0xaedc, 0xaedc, 0xaedc, 0xaedc, 0xaedc, 0xaedc, 0xaedc, 0xaedc, 0xaedc, 0xaedc, 0xaedc, 0xaedc, 
	0xaedc, 0xb6dd, 0xaedd, 0xaedc, 0x7472, 0x0862, 0x0000, 0x0000, 0x0000, 0x0000, 0x0905, 0x44b8, 0x4dbd, 0x559c, 0x45dc, 0x55dc, 
	0x453a, 0x19a8, 0x0000, 0x0000, 0x0000, 0x0000, 0x0021, 0x2b70, 0x4d9c, 0x4dbc, 0x4dbc, 0x4dbc, 0x4dbc, 0x4dbc, 0x4dbc, 0x4dbc, 
	0x559c, 0x45dd, 0x559c, 0x4dbc, 0x4539, 0x1188, 0x0000, 0x0000, 0x0000, 0x0000, 0x0040, 0x53af, 0xae9b, 0xb6dc, 0xaebc, 0xaefd, 
	0xb6fd, 0xaebc, 0xaedd, 0xb6dd, 0xaebc, 0xb6fd, 0xaedd, 0xaebd, 0xaedc, 0xaedc, 0xaedc, 0xaedc, 0xaedc, 0xaedc, 0xaedc, 0xaedc, 
	0xaedc, 0xaedc, 0xaedc, 0xaedc, 0xaedc, 0xaedc, 0xaedc, 0xaedc, 0xaedc, 0xaedc, 0xaedc, 0xaedc, 0xaedc, 0xaedc, 0xaedc, 0xaedc, 
	0xaedc, 0xaedc, 0xaedc, 0xaedc, 0xaedc, 0xaedc, 0xaedc, 0xaedc, 0xae9b, 0x7cd4, 0x3a6a, 0x10a2, 0x0000, 0x0000, 0x0000, 0x0000, 
	0x0000, 0x0000, 0x0000, 0x0800, 0x3123, 0x832a, 0xd4ef, 0xfd90, 0xfdd0, 0xf58f, 0xfdb0, 0xfdd1, 0xfdb0, 0xfd8f, 0xfdd0, 0xfdb0, 
	0xfdb0, 0xfdb0, 0xfdb0, 0xfdb0, 0xfdb0, 0xfdb0, 0xfdb0, 0xfdb0, 0xfdb0, 0xfdb0, 0xfdb0, 0xfdb0, 0xfdb0, 0xfdb0, 0xfdb0, 0xfdb0, 
	0xfdb0, 0xfdb0, 0xfdb1, 0xfdb0, 0xfd8f, 0xe50e, 0x9b69, 0x4122, 0x0020, 0x0000, 0x0000, 0x0000, 0x0000, 0x0000, 0x0000, 0x0021, 
	0x2125, 0x7411, 0xa639, 0xaedd, 0xaede, 0xaedd, 0xaedd, 0xaefd, 0xb6dd, 0xaefd, 0xa6bd, 0xaebc, 0xb6bc, 0xaedc, 0xb6fd, 0xb6bc, 
	0xaedc, 0xaedc, 0xaedc, 0xaedc, 0xaedc, 0xaedc, 0xaedc, 0xaedc, 0xaedc, 0xaedc, 0xaedc, 0xaedc, 0xaedc, 0xaedc, 0xaedc, 0xaedc, 
	0xaedc, 0xaedc, 0xaedc, 0xaedc, 0xaedc, 0xaedc, 0xaedc, 0xaedc, 0xaedc, 0xaedc, 0xaedc, 0xaedc, 0xaedc, 0xaedc, 0xaedc, 0xaedc, 
	0xaedc, 0xaedc, 0xaedc, 0xaedc, 0xaedc, 0xaedc, 0xaedc, 0xaedc, 0xaedc, 0xaedc, 0xaedc, 0xaedc, 0xaedc, 0xaedc, 0xaedc, 0xaedc, 
	0xaedc, 0xaedc, 0xaedc, 0xaedc, 0xaedc, 0xaedc, 0xaedc, 0xaedc, 0xaedc, 0xaedc, 0xaedc, 0xaedc, 0xaedc, 0xaedc, 0xaedc, 0xaedc, 
	0xaedc, 0xaedc, 0xaedc, 0xaedc, 0xaedc, 0xaedc, 0xaedc, 0xaedc, 0xaedc, 0xaedc, 0xaedc, 0xaedc, 0xaedc, 0xaedc, 0xaedc, 0xaedc, 
	0xaedc, 0xaedc, 0xaedc, 0xaedc, 0xaedc, 0xaedc, 0xaedc, 0xaedc, 0xaedc, 0xaedc, 0xaedc, 0xaedc, 0xaedc, 0xaedc, 0xaedc, 0xaedc, 
	0xaedc, 0xb6dd, 0xaedd, 0xa69b, 0x5baf, 0x0841, 0x0000, 0x0000, 0x0000, 0x0000, 0x19a8, 0x44f9, 0x4ddd, 0x55bc, 0x4ddc, 0x55dc, 
	0x453a, 0x1987, 0x0000, 0x0000, 0x0000, 0x0000, 0x0021, 0x3391, 0x4dbc, 0x4dbc, 0x4dbc, 0x4dbc, 0x4dbc, 0x4dbc, 0x4dbc, 0x4dbc, 
	0x55bc, 0x4ddd, 0x55bc, 0x4dbc, 0x4d5a, 0x222b, 0x0020, 0x0000, 0x0000, 0x0000, 0x0020, 0x42ab, 0xa65a, 0xb6dc, 0xaedc, 0xaedc, 
	0xaebc, 0xb6fc, 0xb6fc, 0xb71d, 0xaedc, 0xaedc, 0xb6fd, 0xb71d, 0xaefd, 0xaefd, 0xaefd, 0xaefd, 0xaefd, 0xaefd, 0xaefd, 0xaefd, 
	0xaefd, 0xaefd, 0xaefd, 0xaefd, 0xaefd, 0xaefd, 0xaefd, 0xaefd, 0xaefd, 0xaefd, 0xaefd, 0xaefd, 0xaefd, 0xaefd, 0xaefd, 0xaefd, 
	0xaefd, 0xaefd, 0xaefd, 0xaefd, 0xaefd, 0xaefd, 0xaefd, 0xaefd, 0xaedd, 0xb6fd, 0x9df9, 0x5baf, 0x2166, 0x0041, 0x0000, 0x0000, 
	0x0000, 0x0000, 0x0000, 0x0000, 0x0000, 0x1840, 0x61e5, 0xb40b, 0xe570, 0xfdf1, 0xfd8f, 0xfd90, 0xfdd1, 0xfdb0, 0xfdaf, 0xfdd1, 
	0xfdb0, 0xfdb0, 0xfdb0, 0xfdb0, 0xfdb0, 0xfdb0, 0xfdb0, 0xfdb0, 0xfdb0, 0xfdb0, 0xfdb0, 0xfdb0, 0xfdb0, 0xfdb0, 0xfdb0, 0xfdb0, 
	0xfdb0, 0xfdb0, 0xfdb0, 0xfdb0, 0xfdb0, 0xfdd1, 0xe550, 0xb46d, 0x6205, 0x2080, 0x0000, 0x0021, 0x0000, 0x0000, 0x0000, 0x0000, 
	0x0000, 0x08e3, 0x4b4d, 0x9df9, 0xaebc, 0xaebc, 0xb71d, 0xaedc, 0xaebc, 0xaefd, 0xb71d, 0xb6fd, 0xb6fd, 0xa6dc, 0xa6dc, 0xaedd, 
	0xaedc, 0xaedc, 0xaedc, 0xaedc, 0xaedc, 0xaedc, 0xaedc, 0xaedc, 0xaedc, 0xaedc, 0xaedc, 0xaedc, 0xaedc, 0xaedc, 0xaedc, 0xaedc, 
	0xaedc, 0xaedc, 0xaedc, 0xaedc, 0xaedc, 0xaedc, 0xaedc, 0xaedc, 0xaedc, 0xaedc, 0xaedc, 0xaedc, 0xaedc, 0xaedc, 0xaedc, 0xaedc, 
	0xaedc, 0xaedc, 0xaedc, 0xaedc, 0xaedc, 0xaedc, 0xaedc, 0xaedc, 0xaedc, 0xaedc, 0xaedc, 0xaedc, 0xaedc, 0xaedc, 0xaedc, 0xaedc, 
	0xaedc, 0xaedc, 0xaedc, 0xaedc, 0xaedc, 0xaedc, 0xaedc, 0xaedc, 0xaedc, 0xaedc, 0xaedc, 0xaedc, 0xaedc, 0xaedc, 0xaedc, 0xaedc, 
	0xaedc, 0xaedc, 0xaedc, 0xaedc, 0xaedc, 0xaedc, 0xaedc, 0xaedc, 0xaedc, 0xaedc, 0xaedc, 0xaedc, 0xaedc, 0xaedc, 0xaedc, 0xaedc, 
	0xaedc, 0xaedc, 0xaedc, 0xaedc, 0xaedc, 0xaedc, 0xaedc, 0xaedc, 0xaedc, 0xaedc, 0xaedc, 0xaedc, 0xaedc, 0xaedc, 0xaedc, 0xaedc, 
	0xaedc, 0xaedd, 0xaedd, 0xa63a, 0x3a8a, 0x0000, 0x0000, 0x0000, 0x0000, 0x0020, 0x2a8c, 0x4d5a, 0x4ddd, 0x55bc, 0x4ddc, 0x4dbc, 
	0x4519, 0x1146, 0x0000, 0x0000, 0x0000, 0x0000, 0x0041, 0x33d2, 0x4dbc, 0x4dbc, 0x4dbc, 0x4dbc, 0x4dbc, 0x4dbc, 0x4dbc, 0x4dbc, 
	0x4dbc, 0x4dbc, 0x4dbc, 0x4dbc, 0x4d9b, 0x2b0f, 0x0841, 0x0000, 0x0000, 0x0000, 0x0000, 0x29a6, 0x9dd9, 0xaefe, 0xa6fe, 0xaedc, 
	0xaedd, 0xa69b, 0x8d96, 0x9597, 0x8d97, 0x8d97, 0x8d96, 0x8d75, 0x8d77, 0x8d77, 0x8d77, 0x8d77, 0x8d77, 0x8d77, 0x8d77, 0x8d77, 
	0x8d77, 0x8d77, 0x8d77, 0x8d77, 0x8d77, 0x8d77, 0x8d77, 0x8d77, 0x8d77, 0x8d77, 0x8d77, 0x8d77, 0x8d77, 0x8d77, 0x8d77, 0x8d77, 
	0x8d77, 0x8d77, 0x8d77, 0x8d77, 0x8d77, 0x8d77, 0x8d77, 0x8d77, 0x8d97, 0x8d76, 0x8d97, 0x8d56, 0x63af, 0x2145, 0x0000, 0x0000, 
	0x0000, 0x0000, 0x0000, 0x0000, 0x0000, 0x0000, 0x0820, 0x3102, 0x82e8, 0xd4cd, 0xfd8f, 0xfdb0, 0xfdd1, 0xfdb0, 0xfd8f, 0xfdd1, 
	0xfdb0, 0xfdb0, 0xfdb0, 0xfdb0, 0xfdb0, 0xfdb0, 0xfdb0, 0xfdb0, 0xfdb0, 0xfdb0, 0xfdb0, 0xfdb0, 0xfdb0, 0xfdb0, 0xfdb0, 0xfdb0, 
	0xfdd0, 0xfdb0, 0xfdb0, 0xfdb0, 0xfd8f, 0xfdb0, 0xfdf1, 0xfdd1, 0xdd0e, 0x82e8, 0x3102, 0x0000, 0x0000, 0x0020, 0x0020, 0x0000, 
	0x0000, 0x0020, 0x0062, 0x3a6a, 0x84f4, 0x9597, 0x8d56, 0x95b7, 0x9596, 0x8d96, 0x8d96, 0x8d56, 0x9e39, 0xaf1d, 0xa6dc, 0xaefd, 
	0xaedc, 0xaedc, 0xaedc, 0xaedc, 0xaedc, 0xaedc, 0xaedc, 0xaedc, 0xaedc, 0xaedc, 0xaedc, 0xaedc, 0xaedc, 0xaedc, 0xaedc, 0xaedc, 
	0xaedc, 0xaedc, 0xaedc, 0xaedc, 0xaedc, 0xaedc, 0xaedc, 0xaedc, 0xaedc, 0xaedc, 0xaedc, 0xaedc, 0xaedc, 0xaedc, 0xaedc, 0xaedc, 
	0xaedc, 0xaedc, 0xaedc, 0xaedc, 0xaedc, 0xaedc, 0xaedc, 0xaedc, 0xaedc, 0xaedc, 0xaedc, 0xaedc, 0xaedc, 0xaedc, 0xaedc, 0xaedc, 
	0xaedc, 0xaedc, 0xaedc, 0xaedc, 0xaedc, 0xaedc, 0xaedc, 0xaedc, 0xaedc, 0xaedc, 0xaedc, 0xaedc, 0xaedc, 0xaedc, 0xaedc, 0xaedc, 
	0xaedc, 0xaedc, 0xaedc, 0xaedc, 0xaedc, 0xaedc, 0xaedc, 0xaedc, 0xaedc, 0xaedc, 0xaedc, 0xaedc, 0xaedc, 0xaedc, 0xaedc, 0xaedc, 
	0xaedc, 0xaedc, 0xaedc, 0xaedc, 0xaedc, 0xaedc, 0xaedc, 0xaedc, 0xaedc, 0xaedc, 0xaedc, 0xaedc, 0xaedc, 0xaedc, 0xaedc, 0xaedc, 
	0xaedc, 0xaedd, 0xb6dd, 0x9dd8, 0x21a7, 0x0000, 0x0000, 0x0000, 0x0000, 0x0041, 0x3350, 0x4d7b, 0x4dbc, 0x4dbc, 0x4dbc, 0x4dbc, 
	0x44f9, 0x1125, 0x0000, 0x0000, 0x0000, 0x0000, 0x0062, 0x3bf3, 0x4dbc, 0x4dbc, 0x4dbc, 0x4dbc, 0x4dbc, 0x4dbc, 0x4dbc, 0x4dbc, 
	0x4dbb, 0x4dbc, 0x4ddc, 0x4dbc, 0x55bc, 0x33f3, 0x0883, 0x0000, 0x0000, 0x0000, 0x0000, 0x18e2, 0x9535, 0xaedc, 0xaedc, 0xbeda, 
	0xb6bd, 0x84f5, 0x29a7, 0x10a3, 0x10c4, 0x10c4, 0x18e4, 0x18c3, 0x10c3, 0x10c3, 0x10c3, 0x10c3, 0x10c3, 0x10c3, 0x10c3, 0x10c3, 
	0x10c3, 0x10c3, 0x10c3, 0x10c3, 0x10c3, 0x10c3, 0x10c3, 0x10c3, 0x10c3, 0x10c3, 0x10c3, 0x10c3, 0x10c3, 0x10c3, 0x10c3, 0x10c3, 
	0x10c3, 0x10c3, 0x10c3, 0x10c3, 0x10c3, 0x10c3, 0x10c3, 0x10c3, 0x10e3, 0x10c3, 0x08c3, 0x08e3, 0x08c3, 0x0061, 0x0000, 0x0000, 
	0x0000, 0x0000, 0x0000, 0x0000, 0x0021, 0x0021, 0x0000, 0x0000, 0x1860, 0x61e4, 0xc46c, 0xf590, 0xfdb0, 0xfdb0, 0xfdb0, 0xfdb0, 
	0xfdb0, 0xfdb0, 0xfdb0, 0xfdb0, 0xfdb0, 0xfdb0, 0xfdb0, 0xfdb0, 0xfdb0, 0xfdb0, 0xfdb0, 0xfdb0, 0xfdb0, 0xfdb0, 0xfdb0, 0xfdb0, 
	0xfdb0, 0xfdb0, 0xfdb0, 0xfdb0, 0xfdb0, 0xfd8f, 0xfd8f, 0xfdaf, 0xfdd1, 0xed6f, 0xb3eb, 0x51c4, 0x0840, 0x0000, 0x0000, 0x0000, 
	0x0000, 0x0000, 0x0000, 0x0020, 0x0882, 0x08e3, 0x10e4, 0x10a3, 0x10a3, 0x08c3, 0x08c3, 0x10e4, 0x5baf, 0xaebb, 0xb6fd, 0xb6dd, 
	0xaedc, 0xaedc, 0xaedc, 0xaedc, 0xaedc, 0xaedc, 0xaedc, 0xaedc, 0xaedc, 0xaedc, 0xaedc, 0xaedc, 0xaedc, 0xaedc, 0xaedc, 0xaedc, 
	0xaedc, 0xaedc, 0xaedc, 0xaedc, 0xaedc, 0xaedc, 0xaedc, 0xaedc, 0xaedc, 0xaedc, 0xaedc, 0xaedc, 0xaedc, 0xaedc, 0xaedc, 0xaedc, 
	0xaedc, 0xaedc, 0xaedc, 0xaedc, 0xaedc, 0xaedc, 0xaedc, 0xaedc, 0xaedc, 0xaedc, 0xaedc, 0xaedc, 0xaedc, 0xaedc, 0xaedc, 0xaedc, 
	0xaedc, 0xaedc, 0xaedc, 0xaedc, 0xaedc, 0xaedc, 0xaedc, 0xaedc, 0xaedc, 0xaedc, 0xaedc, 0xaedc, 0xaedc, 0xaedc, 0xaedc, 0xaedc, 
	0xaedc, 0xaedc, 0xaedc, 0xaedc, 0xaedc, 0xaedc, 0xaedc, 0xaedc, 0xaedc, 0xaedc, 0xaedc, 0xaedc, 0xaedc, 0xaedc, 0xaedc, 0xaedc, 
	0xaedc, 0xaedc, 0xaedc, 0xaedc, 0xaedc, 0xaedc, 0xaedc, 0xaedc, 0xaedc, 0xaedc, 0xaedc, 0xaedc, 0xaedc, 0xaedc, 0xaedc, 0xaedc, 
	0xaedc, 0xaedc, 0xaedd, 0x8d56, 0x1104, 0x0000, 0x0000, 0x0000, 0x0000, 0x00a3, 0x3c13, 0x4dbc, 0x4ddc, 0x4dbc, 0x4dbc, 0x55dc, 
	0x44d8, 0x08e5, 0x0000, 0x0000, 0x0000, 0x0000, 0x0082, 0x3414, 0x55dc, 0x4dbc, 0x4dbc, 0x4dbc, 0x4dbc, 0x4dbc, 0x4dbc, 0x4dbc, 
	0x55dc, 0x4d9c, 0x4ddc, 0x4dbc, 0x55dd, 0x3c96, 0x0905, 0x0000, 0x0000, 0x0000, 0x0000, 0x0882, 0x7472, 0xa6dd, 0xa6dd, 0xb6fc, 
	0xaedd, 0x7cd4, 0x1104, 0x0000, 0x0000, 0x0000, 0x0000, 0x0000, 0x0000, 0x0000, 0x0000, 0x0000, 0x0000, 0x0000, 0x0000, 0x0000, 
	0x0000, 0x0000, 0x0000, 0x0000, 0x0000, 0x0000, 0x0000, 0x0000, 0x0000, 0x0000, 0x0000, 0x0000, 0x0000, 0x0000, 0x0000, 0x0000, 
	0x0000, 0x0000, 0x0000, 0x0000, 0x0000, 0x0000, 0x0000, 0x0000, 0x0000, 0x0000, 0x0000, 0x0000, 0x0000, 0x0000, 0x0000, 0x0020, 
	0x0000, 0x0000, 0x0000, 0x0000, 0x0000, 0x0000, 0x0000, 0x0000, 0x0000, 0x0000, 0x5a05, 0xd4ee, 0xfdb0, 0xfdb0, 0xfdb0, 0xfd8f, 
	0xfdb0, 0xfdb0, 0xfdb0, 0xfdb0, 0xfdb0, 0xfdb0, 0xfdb0, 0xfdb0, 0xfdb0, 0xfdb0, 0xfdb0, 0xfdb0, 0xfdb0, 0xfdb0, 0xfdb0, 0xfdb0, 
	0xfdb0, 0xfdb0, 0xfdb0, 0xfdb0, 0xfdd0, 0xfdb0, 0xfdb0, 0xfdb0, 0xfdb0, 0xfd90, 0xfd90, 0xd4ae, 0x6a67, 0x1881, 0x0000, 0x0000, 
	0x0021, 0x0000, 0x0000, 0x0000, 0x0020, 0x0020, 0x0000, 0x0000, 0x0000, 0x0000, 0x0000, 0x0000, 0x530d, 0xb6bc, 0xb6dd, 0xb69c, 
	0xaedc, 0xaedc, 0xaedc, 0xaedc, 0xaedc, 0xaedc, 0xaedc, 0xaedc, 0xaedc, 0xaedc, 0xaedc, 0xaedc, 0xaedc, 0xaedc, 0xaedc, 0xaedc, 
	0xaedc, 0xaedc, 0xaedc, 0xaedc, 0xaedc, 0xaedc, 0xaedc, 0xaedc, 0xaedc, 0xaedc, 0xaedc, 0xaedc, 0xaedc, 0xaedc, 0xaedc, 0xaedc, 
	0xaedc, 0xaedc, 0xaedc, 0xaedc, 0xaedc, 0xaedc, 0xaedc, 0xaedc, 0xaedc, 0xaedc, 0xaedc, 0xaedc, 0xaedc, 0xaedc, 0xaedc, 0xaedc, 
	0xaedc, 0xaedc, 0xaedc, 0xaedc, 0xaedc, 0xaedc, 0xaedc, 0xaedc, 0xaedc, 0xaedc, 0xaedc, 0xaedc, 0xaedc, 0xaedc, 0xaedc, 0xaedc, 
	0xaedc, 0xaedc, 0xaedc, 0xaedc, 0xaedc, 0xaedc, 0xaedc, 0xaedc, 0xaedc, 0xaedc, 0xaedc, 0xaedc, 0xaedc, 0xaedc, 0xaedc, 0xaedc, 
	0xaedc, 0xaedc, 0xaedc, 0xaedc, 0xaedc, 0xaedc, 0xaedc, 0xaedc, 0xaedc, 0xaedc, 0xaedc, 0xaedc, 0xaedc, 0xaedc, 0xaedc, 0xaedc, 
	0xaedc, 0xaedc, 0xaedc, 0x7452, 0x0882, 0x0000, 0x0000, 0x0000, 0x0000, 0x0926, 0x3c96, 0x4ddd, 0x55dc, 0x4dbc, 0x4dbc, 0x4dbc, 
	0x3c97, 0x08e4, 0x0000, 0x0000, 0x0000, 0x0000, 0x08a3, 0x3435, 0x55dc, 0x4dbc, 0x4dbc, 0x4dbc, 0x4dbc, 0x4dbc, 0x4dbc, 0x4dbc, 
	0x55bc, 0x4d9c, 0x4dbc, 0x55bc, 0x4dbd, 0x4519, 0x11e9, 0x0000, 0x0000, 0x0000, 0x0000, 0x0061, 0x5b4e, 0xb67a, 0xb69b, 0xbeba, 
	0xbeba, 0x84d2, 0x1103, 0x0020, 0x0000, 0x0000, 0x0000, 0x0000, 0x0000, 0x0000, 0x0000, 0x0000, 0x0000, 0x0000, 0x0000, 0x0000, 
	0x0000, 0x0000, 0x0000, 0x0000, 0x0000, 0x0000, 0x0000, 0x0000, 0x0000, 0x0000, 0x0000, 0x0000, 0x0000, 0x0000, 0x0000, 0x0000, 
	0x0000, 0x0000, 0x0000, 0x0000, 0x0000, 0x0000, 0x0000, 0x0000, 0x0000, 0x0000, 0x0000, 0x0000, 0x0000, 0x0000, 0x0000, 0x0000, 
	0x0000, 0x0000, 0x0000, 0x0000, 0x0000, 0x0000, 0x0000, 0x0000, 0x0000, 0x0001, 0x1861, 0xb40c, 0xfdb0, 0xfdb0, 0xfdb0, 0xfd8f, 
	0xfdb0, 0xfdb0, 0xfdb0, 0xfdb0, 0xfdb0, 0xfdb0, 0xfdb0, 0xfdb0, 0xfdb0, 0xfdb0, 0xfdb0, 0xfdb0, 0xfdb0, 0xfdb0, 0xfdb0, 0xfdb0, 
	0xfdb0, 0xfdb0, 0xfdb0, 0xfdb0, 0xfdb0, 0xfdb1, 0xfdb0, 0xfdb0, 0xfdb0, 0xfdd1, 0xfd6f, 0xfd8f, 0xed2f, 0x9329, 0x28e2, 0x0021, 
	0x0000, 0x0000, 0x0000, 0x0000, 0x0000, 0x0000, 0x0000, 0x0000, 0x0000, 0x0000, 0x0000, 0x0000, 0x532e, 0xb6dc, 0xaefd, 0xaedc, 
	0xaedc, 0xaedc, 0xaedc, 0xaedc, 0xaedc, 0xaedc, 0xaedc, 0xaedc, 0xaedc, 0xaedc, 0xaedc, 0xaedc, 0xaedc, 0xaedc, 0xaedc, 0xaedc, 
	0xaedc, 0xaedc, 0xaedc, 0xaedc, 0xaedc, 0xaedc, 0xaedc, 0xaedc, 0xaedc, 0xaedc, 0xaedc, 0xaedc, 0xaedc, 0xaedc, 0xaedc, 0xaedc, 
	0xaedc, 0xaedc, 0xaedc, 0xaedc, 0xaedc, 0xaedc, 0xaedc, 0xaedc, 0xaedc, 0xaedc, 0xaedc, 0xaedc, 0xaedc, 0xaedc, 0xaedc, 0xaedc, 
	0xaedc, 0xaedc, 0xaedc, 0xaedc, 0xaedc, 0xaedc, 0xaedc, 0xaedc, 0xaedc, 0xaedc, 0xaedc, 0xaedc, 0xaedc, 0xaedc, 0xaedc, 0xaedc, 
	0xaedc, 0xaedc, 0xaedc, 0xaedc, 0xaedc, 0xaedc, 0xaedc, 0xaedc, 0xaedc, 0xaedc, 0xaedc, 0xaedc, 0xaedc, 0xaedc, 0xaedc, 0xaedc, 
	0xaedc, 0xaedc, 0xaedc, 0xaedc, 0xaedc, 0xaedc, 0xaedc, 0xaedc, 0xaedc, 0xaedc, 0xaedc, 0xaedc, 0xaedc, 0xaedc, 0xaedc, 0xaedc, 
	0xb6dc, 0xaefd, 0xaebc, 0x534e, 0x0841, 0x0000, 0x0000, 0x0000, 0x0000, 0x19e9, 0x4518, 0x4ddd, 0x55bc, 0x4dbc, 0x55bd, 0x4dbc, 
	0x3c55, 0x08c4, 0x0000, 0x0000, 0x0000, 0x0000, 0x08e4, 0x3c76, 0x4dbc, 0x4dbc, 0x4dbc, 0x4dbc, 0x4dbc, 0x4dbc, 0x4dbc, 0x4dbc, 
	0x4dbc, 0x4dbd, 0x4d9c, 0x55bb, 0x4dbd, 0x4d7b, 0x1acc, 0x0000, 0x0000, 0x0000, 0x0000, 0x0000, 0x5205, 0xdd91, 0xf5f2, 0xfdd1, 
	0xe5f3, 0xa42e, 0x20a2, 0x0000, 0x0000, 0x0800, 0x0000, 0x0000, 0x0000, 0x0000, 0x0000, 0x0000, 0x0000, 0x0000, 0x0000, 0x0000, 
	0x0000, 0x0000, 0x0000, 0x0000, 0x0000, 0x0000, 0x0000, 0x0000, 0x0000, 0x0000, 0x0000, 0x0000, 0x0000, 0x0000, 0x0000, 0x0000, 
	0x0000, 0x0000, 0x0000, 0x0000, 0x0000, 0x0000, 0x0000, 0x0000, 0x0020, 0x0000, 0x0000, 0x0000, 0x0000, 0x0000, 0x0000, 0x0020, 
	0x0000, 0x0000, 0x0000, 0x0000, 0x0000, 0x0000, 0x0000, 0x0020, 0x0000, 0x0021, 0x0821, 0x7ac8, 0xed6f, 0xfdb0, 0xfd90, 0xfdb0, 
	0xfdb0, 0xfdb0, 0xfdb0, 0xfdb0, 0xfdb0, 0xfdb0, 0xfdb0, 0xfdb0, 0xfdb0, 0xfdb0, 0xfdb0, 0xfdb0, 0xfdb0, 0xfdb0, 0xfdb0, 0xfdb0, 
	0xfdb0, 0xfdb0, 0xfdb0, 0xfdb0, 0xfdb0, 0xfdb0, 0xfdb0, 0xfdb0, 0xfd8f, 0xfdb0, 0xfdd1, 0xfdd0, 0xfd8f, 0xf56f, 0xac0c, 0x4963, 
	0x0820, 0x0000, 0x0000, 0x0000, 0x0000, 0x0020, 0x0000, 0x0000, 0x0000, 0x0000, 0x0000, 0x0000, 0x534e, 0xaedc, 0xaefd, 0xaedc, 
	0xaedc, 0xaedc, 0xaedc, 0xaedc, 0xaedc, 0xaedc, 0xaedc, 0xaedc, 0xaedc, 0xaedc, 0xaedc, 0xaedc, 0xaedc, 0xaedc, 0xaedc, 0xaedc, 
	0xaedc, 0xaedc, 0xaedc, 0xaedc, 0xaedc, 0xaedc, 0xaedc, 0xaedc, 0xaedc, 0xaedc, 0xaedc, 0xaedc, 0xaedc, 0xaedc, 0xaedc, 0xaedc, 
	0xaedc, 0xaedc, 0xaedc, 0xaedc, 0xaedc, 0xaedc, 0xaedc, 0xaedc, 0xaedc, 0xaedc, 0xaedc, 0xaedc, 0xaedc, 0xaedc, 0xaedc, 0xaedc, 
	0xaedc, 0xaedc, 0xaedc, 0xaedc, 0xaedc, 0xaedc, 0xaedc, 0xaedc, 0xaedc, 0xaedc, 0xaedc, 0xaedc, 0xaedc, 0xaedc, 0xaedc, 0xaedc, 
	0xaedc, 0xaedc, 0xaedc, 0xaedc, 0xaedc, 0xaedc, 0xaedc, 0xaedc, 0xaedc, 0xaedc, 0xaedc, 0xaedc, 0xaedc, 0xaedc, 0xaedc, 0xaedc, 
	0xaedc, 0xaedc, 0xaedc, 0xaedc, 0xaedc, 0xaedc, 0xaedc, 0xaedc, 0xaedc, 0xaedc, 0xaedc, 0xaedc, 0xaedc, 0xaedc, 0xaedc, 0xaedc, 
	0xb6bc, 0xaefd, 0xa69b, 0x3a6a, 0x0000, 0x0000, 0x0000, 0x0000, 0x0020, 0x2a8c, 0x4d5a, 0x4dde, 0x559c, 0x4dbc, 0x55bd, 0x4dbc, 
	0x3414, 0x08a3, 0x0000, 0x0000, 0x0000, 0x0000, 0x1105, 0x3c76, 0x4dbc, 0x4dbc, 0x4dbc, 0x4dbc, 0x4dbc, 0x4dbc, 0x4dbc, 0x4dbc, 
	0x4d9c, 0x4ddd, 0x559c, 0x55bb, 0x4dbd, 0x55bc, 0x2b6f, 0x0821, 0x0000, 0x0000, 0x0000, 0x0000, 0x3922, 0xd4ee, 0xfdb0, 0xfdb1, 
	0xfd8f, 0xb40b, 0x28c1, 0x0000, 0x0000, 0x0000, 0x0000, 0x0000, 0x0000, 0x0000, 0x0000, 0x0000, 0x0000, 0x0000, 0x0000, 0x0000, 
	0x0000, 0x0000, 0x0000, 0x0000, 0x0000, 0x0000, 0x0000, 0x0000, 0x0000, 0x0000, 0x0000, 0x0000, 0x0000, 0x0000, 0x0000, 0x0000, 
	0x0000, 0x0000, 0x0000, 0x0000, 0x0000, 0x0000, 0x0000, 0x0000, 0x0000, 0x0000, 0x0000, 0x0000, 0x0000, 0x0000, 0x0000, 0x0000, 
	0x0000, 0x0021, 0x0000, 0x0000, 0x0000, 0x0000, 0x0000, 0x0000, 0x0800, 0x0000, 0x0020, 0x4984, 0xe50e, 0xfdcf, 0xfd8f, 0xfdd1, 
	0xfdb0, 0xfdb0, 0xfdb0, 0xfdb0, 0xfdb0, 0xfdb0, 0xfdb0, 0xfdb0, 0xfdb0, 0xfdb0, 0xfdb0, 0xfdb0, 0xfdb0, 0xfdb0, 0xfdb0, 0xfdb0, 
	0xfdb1, 0xfd90, 0xfdb0, 0xfdb0, 0xfdb0, 0xfdb0, 0xfdb0, 0xfdb0, 0xfdb0, 0xfdb0, 0xfdb0, 0xfdb0, 0xfdaf, 0xfdd0, 0xf590, 0xcc8c, 
	0x5a47, 0x1881, 0x0000, 0x0000, 0x0000, 0x0000, 0x0000, 0x0000, 0x0000, 0x0000, 0x0000, 0x0000, 0x532d, 0xaedc, 0xaefd, 0xaedc, 
	0xaedc, 0xaedc, 0xaedc, 0xaedc, 0xaedc, 0xaedc, 0xaedc, 0xaedc, 0xaedc, 0xaedc, 0xaedc, 0xaedc, 0xaedc, 0xaedc, 0xaedc, 0xaedc, 
	0xaedc, 0xaedc, 0xaedc, 0xaedc, 0xaedc, 0xaedc, 0xaedc, 0xaedc, 0xaedc, 0xaedc, 0xaedc, 0xaedc, 0xaedc, 0xaedc, 0xaedc, 0xaedc, 
	0xaedc, 0xaedc, 0xaedc, 0xaedc, 0xaedc, 0xaedc, 0xaedc, 0xaedc, 0xaedc, 0xaedc, 0xaedc, 0xaedc, 0xaedc, 0xaedc, 0xaedc, 0xaedc, 
	0xaedc, 0xaedc, 0xaedc, 0xaedc, 0xaedc, 0xaedc, 0xaedc, 0xaedc, 0xaedc, 0xaedc, 0xaedc, 0xaedc, 0xaedc, 0xaedc, 0xaedc, 0xaedc, 
	0xaedc, 0xaedc, 0xaedc, 0xaedc, 0xaedc, 0xaedc, 0xaedc, 0xaedc, 0xaedc, 0xaedc, 0xaedc, 0xaedc, 0xaedc, 0xaedc, 0xaedc, 0xaedc, 
	0xaedc, 0xaedc, 0xaedc, 0xaedc, 0xaedc, 0xaedc, 0xaedc, 0xaedc, 0xaedc, 0xaedc, 0xaedc, 0xaedc, 0xaedc, 0xaedc, 0xaedc, 0xaedc, 
	0xb6bd, 0xaefd, 0x95d7, 0x29a7, 0x0000, 0x0000, 0x0000, 0x0000, 0x0021, 0x2350, 0x55bc, 0x4dbc, 0x4dbc, 0x55bc, 0x4ddc, 0x4dbc, 
	0x3bd3, 0x00a3, 0x0000, 0x0000, 0x0000, 0x0000, 0x0946, 0x3c96, 0x55bc, 0x4dbc, 0x4dbc, 0x55dd, 0x4d9d, 0x559d, 0x4dbc, 0x45dc, 
	0x559c, 0x55db, 0x4d9b, 0x559d, 0x4ddd, 0x4d9c, 0x3454, 0x10a3, 0x0000, 0x0000, 0x0000, 0x0020, 0x20c2, 0xb42c, 0xfdb0, 0xf5b1, 
	0xfdb0, 0xb42c, 0x4163, 0x1861, 0x18a2, 0x18a1, 0x20c1, 0x1881, 0x18a1, 0x18a1, 0x18a1, 0x18a1, 0x18a1, 0x18a1, 0x18a1, 0x18a1, 
	0x18a1, 0x18a1, 0x18a1, 0x18a1, 0x18a1, 0x18a1, 0x18a1, 0x18a1, 0x18a1, 0x18a1, 0x18a1, 0x18a1, 0x18a1, 0x18a1, 0x18a1, 0x18a1, 
	0x18a1, 0x18a1, 0x18a1, 0x18a1, 0x18a1, 0x18a1, 0x18a1, 0x18a1, 0x18a1, 0x18a1, 0x18a1, 0x18a1, 0x18a1, 0x18a1, 0x18a1, 0x18a1, 
	0x20a1, 0x1881, 0x18a1, 0x1881, 0x20c1, 0x1881, 0x0000, 0x0020, 0x0000, 0x0000, 0x0020, 0x20c2, 0xbc4c, 0xfdb0, 0xfdb0, 0xfdaf, 
	0xfdb0, 0xfdb0, 0xfdb0, 0xfdb0, 0xfdb0, 0xfdb0, 0xfdb0, 0xfdb0, 0xfdb0, 0xfdb0, 0xfdb0, 0xfdb0, 0xfdb0, 0xfdb0, 0xfdb0, 0xfdb0, 
	0xfdb0, 0xfdb0, 0xfdb0, 0xfdb0, 0xfdb0, 0xfdb0, 0xfdb0, 0xfdb0, 0xfdb0, 0xfdb0, 0xfdb0, 0xfdb0, 0xfdb0, 0xfdb0, 0xfdb0, 0xfdb0, 
	0xcd0f, 0x8b29, 0x3963, 0x20a1, 0x18a2, 0x18a2, 0x1881, 0x18a2, 0x18a2, 0x18a2, 0x18a2, 0x20a0, 0x638e, 0xa6dd, 0xb6dc, 0xb6dc, 
	0xaedc, 0xaedc, 0xaedc, 0xaedc, 0xaedc, 0xaedc, 0xaedc, 0xaedc, 0xaedc, 0xaedc, 0xaedc, 0xaedc, 0xaedc, 0xaedc, 0xaedc, 0xaedc, 
	0xaedc, 0xaedc, 0xaedc, 0xaedc, 0xaedc, 0xaedc, 0xaedc, 0xaedc, 0xaedc, 0xaedc, 0xaedc, 0xaedc, 0xaedc, 0xaedc, 0xaedc, 0xaedc, 
	0xaedc, 0xaedc, 0xaedc, 0xaedc, 0xaedc, 0xaedc, 0xaedc, 0xaedc, 0xaedc, 0xaedc, 0xaedc, 0xaedc, 0xaedc, 0xaedc, 0xaedc, 0xaedc, 
	0xaedc, 0xaedc, 0xaedc, 0xaedc, 0xaedc, 0xaedc, 0xaedc, 0xaedc, 0xaedc, 0xaedc, 0xaedc, 0xaedc, 0xaedc, 0xaedc, 0xaedc, 0xaedc, 
	0xaedc, 0xaedc, 0xaedc, 0xaedc, 0xaedc, 0xaedc, 0xaedc, 0xaedc, 0xaedc, 0xaedc, 0xaedc, 0xaedc, 0xaedc, 0xaedc, 0xaedc, 0xaedc, 
	0xaedc, 0xaedc, 0xaedc, 0xaedc, 0xaedc, 0xaedc, 0xaedc, 0xaedc, 0xaedc, 0xaedc, 0xaedc, 0xaedc, 0xaedc, 0xaedc, 0xaedc, 0xaedc, 
	0xb6bd, 0xaefc, 0x8535, 0x2125, 0x0000, 0x0000, 0x0000, 0x0000, 0x08a3, 0x33f3, 0x55bc, 0x4dbc, 0x4dbd, 0x55bc, 0x4dbc, 0x4d9c, 
	0x3392, 0x0083, 0x0000, 0x0000, 0x0000, 0x0000, 0x1166, 0x44b7, 0x55dd, 0x4ddc, 0x4ddc, 0x4dbc, 0x4d9c, 0x55bc, 0x4dbc, 0x4ddb, 
	0x4d9d, 0x4ddc, 0x4ddc, 0x55bd, 0x4ddc, 0x4d9c, 0x3cb6, 0x1146, 0x0000, 0x0000, 0x0000, 0x0000, 0x1061, 0x9369, 0xfd8f, 0xfdb0, 
	0xfd8f, 0xf590, 0xccae, 0xc48e, 0xccce, 0xcc6d, 0xcc8d, 0xcc8d, 0xcc8d, 0xcc8d, 0xcc8d, 0xcc8d, 0xcc8d, 0xcc8d, 0xcc8d, 0xcc8d, 
	0xcc8d, 0xcc8d, 0xcc8d, 0xcc8d, 0xcc8d, 0xcc8d, 0xcc8d, 0xcc8d, 0xcc8d, 0xcc8d, 0xcc8d, 0xcc8d, 0xcc8d, 0xcc8d, 0xcc8d, 0xcc8d, 
	0xcc8d, 0xcc8d, 0xcc8d, 0xcc8d, 0xcc8d, 0xcc8d, 0xcc8d, 0xcc8d, 0xcc8d, 0xcc8d, 0xcc8d, 0xcc8d, 0xcc8d, 0xcc8d, 0xcc8d, 0xcc8d, 
	0xc4ad, 0xcc8d, 0xccad, 0xccad, 0xc48d, 0x9b8a, 0x3102, 0x0000, 0x0000, 0x0000, 0x0000, 0x1060, 0x8b09, 0xf570, 0xfdb0, 0xfdaf, 
	0xfdb0, 0xfdb0, 0xfdb0, 0xfdb0, 0xfdb0, 0xfdb0, 0xfdb0, 0xfdb0, 0xfdb0, 0xfdb0, 0xfdb0, 0xfdb0, 0xfdb0, 0xfdb0, 0xfdb0, 0xfdb0, 
	0xfdb0, 0xfdb0, 0xfdb0, 0xfdb0, 0xfdb0, 0xfdb0, 0xfdb0, 0xfdb0, 0xfdb0, 0xfdb0, 0xfdb0, 0xfdb0, 0xfdb0, 0xfdb0, 0xfdb0, 0xfdb0, 
	0xfdd0, 0xf54e, 0xd4cd, 0xcc8c, 0xcc8d, 0xcc8d, 0xccad, 0xccad, 0xd48c, 0xccad, 0xccad, 0xc48c, 0xbd94, 0xb6fd, 0xaedc, 0xaedd, 
	0xaedc, 0xaedc, 0xaedc, 0xaedc, 0xaedc, 0xaedc, 0xaedc, 0xaedc, 0xaedc, 0xaedc, 0xaedc, 0xaedc, 0xaedc, 0xaedc, 0xaedc, 0xaedc, 
	0xaedc, 0xaedc, 0xaedc, 0xaedc, 0xaedc, 0xaedc, 0xaedc, 0xaedc, 0xaedc, 0xaedc, 0xaedc, 0xaedc, 0xaedc, 0xaedc, 0xaedc, 0xaedc, 
	0xaedc, 0xaedc, 0xaedc, 0xaedc, 0xaedc, 0xaedc, 0xaedc, 0xaedc, 0xaedc, 0xaedc, 0xaedc, 0xaedc, 0xaedc, 0xaedc, 0xaedc, 0xaedc, 
	0xaedc, 0xaedc, 0xaedc, 0xaedc, 0xaedc, 0xaedc, 0xaedc, 0xaedc, 0xaedc, 0xaedc, 0xaedc, 0xaedc, 0xaedc, 0xaedc, 0xaedc, 0xaedc, 
	0xaedc, 0xaedc, 0xaedc, 0xaedc, 0xaedc, 0xaedc, 0xaedc, 0xaedc, 0xaedc, 0xaedc, 0xaedc, 0xaedc, 0xaedc, 0xaedc, 0xaedc, 0xaedc, 
	0xaedc, 0xaedc, 0xaedc, 0xaedc, 0xaedc, 0xaedc, 0xaedc, 0xaedc, 0xaedc, 0xaedc, 0xaedc, 0xaedc, 0xaedc, 0xaedc, 0xaedc, 0xaedc, 
	0xb6bd, 0xaedc, 0x6c31, 0x08a3, 0x0000, 0x0000, 0x0000, 0x0000, 0x1126, 0x4496, 0x55bc, 0x4dbc, 0x4dbc, 0x55bc, 0x4dbc, 0x4d9c, 
	0x2b71, 0x0062, 0x0000, 0x0000, 0x0000, 0x0000, 0x1187, 0x44d8, 0x4dbc, 0x4d9c, 0x4dbc, 0x4d9c, 0x4dbc, 0x4ddc, 0x4dbc, 0x4dbc, 
	0x4dde, 0x4ddc, 0x45dc, 0x559c, 0x4dbb, 0x55bc, 0x4539, 0x1a0b, 0x0000, 0x0000, 0x0000, 0x0000, 0x0000, 0x7286, 0xf56f, 0xfdd0, 
	0xfd8f, 0xfdb0, 0xfdb0, 0xfdb0, 0xfdb0, 0xfd8f, 0xfdb0, 0xfdd1, 0xfdb0, 0xfdb0, 0xfdb0, 0xfdb0, 0xfdb0, 0xfdb0, 0xfdb0, 0xfdb0, 
	0xfdb0, 0xfdb0, 0xfdb0, 0xfdb0, 0xfdb0, 0xfdb0, 0xfdb0, 0xfdb0, 0xfdb0, 0xfdb0, 0xfdb0, 0xfdb0, 0xfdb0, 0xfdb0, 0xfdb0, 0xfdb0, 
	0xfdb0, 0xfdb0, 0xfdb0, 0xfdb0, 0xfdb0, 0xfdb0, 0xfdb0, 0xfdb0, 0xfdb0, 0xfdb0, 0xfdb0, 0xfdb0, 0xfdb0, 0xfdb0, 0xfdb0, 0xfdb0, 
	0xfdd1, 0xfdd0, 0xfdaf, 0xfdd0, 0xfdd0, 0xe52f, 0x6226, 0x0000, 0x0000, 0x0000, 0x0000, 0x0000, 0x4984, 0xd4ce, 0xfdb0, 0xfdd0, 
	0xfdb0, 0xfdb0, 0xfdb0, 0xfdb0, 0xfdb0, 0xfdb0, 0xfdb0, 0xfdb0, 0xfdb0, 0xfdb0, 0xfdb0, 0xfdb0, 0xfdb0, 0xfdb0, 0xfdb0, 0xfdb0, 
	0xfdb0, 0xfdb0, 0xfdb0, 0xfdb0, 0xfdb0, 0xfdb0, 0xfdb0, 0xfdb0, 0xfdb0, 0xfdb0, 0xfdb0, 0xfdb0, 0xfdb0, 0xfdb0, 0xfdb0, 0xfdb0, 
	0xfd8f, 0xfdb0, 0xfdd0, 0xfdd0, 0xfdb0, 0xfdd1, 0xfdb0, 0xfdb0, 0xfdaf, 0xfdb0, 0xfdb0, 0xfdf1, 0xde56, 0xaebc, 0xb6fd, 0xaedd, 
	0xaedc, 0xaedc, 0xaedc, 0xaedc, 0xaedc, 0xaedc, 0xaedc, 0xaedc, 0xaedc, 0xaedc, 0xaedc, 0xaedc, 0xaedc, 0xaedc, 0xaedc, 0xaedc, 
	0xaedc, 0xaedc, 0xaedc, 0xaedc, 0xaedc, 0xaedc, 0xaedc, 0xaedc, 0xaedc, 0xaedc, 0xaedc, 0xaedc, 0xaedc, 0xaedc, 0xaedc, 0xaedc, 
	0xaedc, 0xaedc, 0xaedc, 0xaedc, 0xaedc, 0xaedc, 0xaedc, 0xaedc, 0xaedc, 0xaedc, 0xaedc, 0xaedc, 0xaedc, 0xaedc, 0xaedc, 0xaedc, 
	0xaedc, 0xaedc, 0xaedc, 0xaedc, 0xaedc, 0xaedc, 0xaedc, 0xaedc, 0xaedc, 0xaedc, 0xaedc, 0xaedc, 0xaedc, 0xaedc, 0xaedc, 0xaedc, 
	0xaedc, 0xaedc, 0xaedc, 0xaedc, 0xaedc, 0xaedc, 0xaedc, 0xaedc, 0xaedc, 0xaedc, 0xaedc, 0xaedc, 0xaedc, 0xaedc, 0xaedc, 0xaedc, 
	0xaedc, 0xaedc, 0xaedc, 0xaedc, 0xaedc, 0xaedc, 0xaedc, 0xaedc, 0xaedc, 0xaedc, 0xaedc, 0xaedc, 0xaedc, 0xaedc, 0xaedc, 0xaedc, 
	0xb6dd, 0xaebc, 0x534e, 0x0021, 0x0000, 0x0000, 0x0000, 0x0000, 0x11c9, 0x4d18, 0x4dbc, 0x4dbc, 0x4dbc, 0x55bc, 0x4dbc, 0x4d9c, 
	0x2b30, 0x0062, 0x0000, 0x0000, 0x0000, 0x0000, 0x19c8, 0x4519, 0x55dc, 0x4d9c, 0x4dbc, 0x4dbc, 0x559b, 0x4d9b, 0x457b, 0x555b, 
	0x553a, 0x4d7a, 0x4ddc, 0x55bc, 0x4dbc, 0x55dd, 0x4d9b, 0x1aae, 0x0020, 0x0000, 0x0000, 0x0000, 0x0000, 0x51e4, 0xe52f, 0xfdb0, 
	0xfdd0, 0xfdb0, 0xfdb0, 0xf5b0, 0xfdaf, 0xfdb0, 0xfdb0, 0xf5b1, 0xfdb0, 0xfdb0, 0xfdb0, 0xfdb0, 0xfdb0, 0xfdb0, 0xfdb0, 0xfdb0, 
	0xfdb0, 0xfdb0, 0xfdb0, 0xfdb0, 0xfdb0, 0xfdb0, 0xfdb0, 0xfdb0, 0xfdb0, 0xfdb0, 0xfdb0, 0xfdb0, 0xfdb0, 0xfdb0, 0xfdb0, 0xfdb0, 
	0xfdb0, 0xfdb0, 0xfdb0, 0xfdb0, 0xfdb0, 0xfdb0, 0xfdb0, 0xfdb0, 0xfdb0, 0xfdb0, 0xfdb0, 0xfdb0, 0xfdb0, 0xfdb0, 0xfdb0, 0xfdb0, 
	0xf5b1, 0xfdd0, 0xfd8f, 0xf590, 0xfdb0, 0xfd8f, 0x9349, 0x0862, 0x0000, 0x0000, 0x0000, 0x0000, 0x18a2, 0xa3aa, 0xfdaf, 0xfdb0, 
	0xfdb0, 0xfdb0, 0xfdb0, 0xfdb0, 0xfdb0, 0xfdb0, 0xfdb0, 0xfdb0, 0xfdb0, 0xfdb0, 0xfdb0, 0xfdb0, 0xfdb0, 0xfdb0, 0xfdb0, 0xfdb0, 
	0xfdb0, 0xfdb0, 0xfdb0, 0xfdb0, 0xfdb0, 0xfdb0, 0xfdb0, 0xfdb0, 0xfdb0, 0xfdb0, 0xfdb0, 0xfdb0, 0xfdb0, 0xfdb0, 0xfdb0, 0xfdb0, 
	0xfdb1, 0xfdb1, 0xfdb0, 0xfdb0, 0xfdb0, 0xfdb0, 0xfdb0, 0xfdb0, 0xfdd1, 0xfdb1, 0xf590, 0xfdd0, 0xd636, 0xaebc, 0xb6fd, 0xa6bc, 
	0xaedc, 0xaedc, 0xaedc, 0xaedc, 0xaedc, 0xaedc, 0xaedc, 0xaedc, 0xaedc, 0xaedc, 0xaedc, 0xaedc, 0xaedc, 0xaedc, 0xaedc, 0xaedc, 
	0xaedc, 0xaedc, 0xaedc, 0xaedc, 0xaedc, 0xaedc, 0xaedc, 0xaedc, 0xaedc, 0xaedc, 0xaedc, 0xaedc, 0xaedc, 0xaedc, 0xaedc, 0xaedc, 
	0xaedc, 0xaedc, 0xaedc, 0xaedc, 0xaedc, 0xaedc, 0xaedc, 0xaedc, 0xaedc, 0xaedc, 0xaedc, 0xaedc, 0xaedc, 0xaedc, 0xaedc, 0xaedc, 
	0xaedc, 0xaedc, 0xaedc, 0xaedc, 0xaedc, 0xaedc, 0xaedc, 0xaedc, 0xaedc, 0xaedc, 0xaedc, 0xaedc, 0xaedc, 0xaedc, 0xaedc, 0xaedc, 
	0xaedc, 0xaedc, 0xaedc, 0xaedc, 0xaedc, 0xaedc, 0xaedc, 0xaedc, 0xaedc, 0xaedc, 0xaedc, 0xaedc, 0xaedc, 0xaedc, 0xaedc, 0xaedc, 
	0xaedc, 0xaedc, 0xaedc, 0xaedc, 0xaedc, 0xaedc, 0xaedc, 0xaedc, 0xaedc, 0xaedc, 0xaedc, 0xaedc, 0xaedc, 0xaedc, 0xaedc, 0xaedc, 
	0xaedd, 0xa67a, 0x428b, 0x0000, 0x0000, 0x0000, 0x0000, 0x0020, 0x1a8c, 0x4d9a, 0x4dbc, 0x4dbc, 0x4dbc, 0x55bc, 0x4dbb, 0x4d9c, 
	0x2aee, 0x0041, 0x0000, 0x0000, 0x0000, 0x0000, 0x19e9, 0x4519, 0x55bd, 0x4d9c, 0x4dbc, 0x44b8, 0x3392, 0x2b4f, 0x1aee, 0x228e, 
	0x226c, 0x3391, 0x4d7b, 0x55bd, 0x4dbc, 0x55bd, 0x55bc, 0x2b71, 0x0082, 0x0000, 0x0000, 0x0000, 0x0000, 0x3942, 0xccad, 0xfdaf, 
	0xfdaf, 0xfdaf, 0xfdd0, 0xfdb0, 0xfdb0, 0xfdd0, 0xfdd0, 0xfdb0, 0xfdb0, 0xfdb0, 0xfdb0, 0xfdb0, 0xfdb0, 0xfdb0, 0xfdb0, 0xfdb0, 
	0xfdb0, 0xfdb0, 0xfdb0, 0xfdb0, 0xfdb0, 0xfdb0, 0xfdb0, 0xfdb0, 0xfdb0, 0xfdb0, 0xfdb0, 0xfdb0, 0xfdb0, 0xfdb0, 0xfdb0, 0xfdb0, 
	0xfdb0, 0xfdb0, 0xfdb0, 0xfdb0, 0xfdb0, 0xfdb0, 0xfdb0, 0xfdb0, 0xfdb0, 0xfdb0, 0xfdb0, 0xfdb0, 0xfdb0, 0xfdb0, 0xfdb0, 0xfdb0, 
	0xfdb0, 0xfdd0, 0xfdb0, 0xfdb1, 0xfdb0, 0xfd8f, 0xc46c, 0x3102, 0x0000, 0x0000, 0x0000, 0x0000, 0x0841, 0x6225, 0xe52e, 0xfdb0, 
	0xfdb0, 0xfdb0, 0xfdb0, 0xfdb0, 0xfdb0, 0xfdb0, 0xfdb0, 0xfdb0, 0xfdb0, 0xfdb0, 0xfdb0, 0xfdb0, 0xfdb0, 0xfdb0, 0xfdb0, 0xfdb0, 
	0xfdb0, 0xfdb0, 0xfdb0, 0xfdb0, 0xfdb0, 0xfdb0, 0xfdb0, 0xfdb0, 0xfdb0, 0xfdb0, 0xfdb0, 0xfdb0, 0xfdb0, 0xfdb0, 0xfdb0, 0xfdb0, 
	0xfdb0, 0xfd90, 0xfd90, 0xfdb0, 0xfdaf, 0xfd8f, 0xfdb0, 0xfdd0, 0xfd8f, 0xfd90, 0xfd8f, 0xfdaf, 0xde35, 0xb6dc, 0xaefd, 0xaefd, 
	0xaedc, 0xaedc, 0xaedc, 0xaedc, 0xaedc, 0xaedc, 0xaedc, 0xaedc, 0xaedc, 0xaedc, 0xaedc, 0xaedc, 0xaedc, 0xaedc, 0xaedc, 0xaedc, 
	0xaedc, 0xaedc, 0xaedc, 0xaedc, 0xaedc, 0xaedc, 0xaedc, 0xaedc, 0xaedc, 0xaedc, 0xaedc, 0xaedc, 0xaedc, 0xaedc, 0xaedc, 0xaedc, 
	0xaedc, 0xaedc, 0xaedc, 0xaedc, 0xaedc, 0xaedc, 0xaedc, 0xaedc, 0xaedc, 0xaedc, 0xaedc, 0xaedc, 0xaedc, 0xaedc, 0xaedc, 0xaedc, 
	0xaedc, 0xaedc, 0xaedc, 0xaedc, 0xaedc, 0xaedc, 0xaedc, 0xaedc, 0xaedc, 0xaedc, 0xaedc, 0xaedc, 0xaedc, 0xaedc, 0xaedc, 0xaedc, 
	0xaedc, 0xaedc, 0xaedc, 0xaedc, 0xaedc, 0xaedc, 0xaedc, 0xaedc, 0xaedc, 0xaedc, 0xaedc, 0xaedc, 0xaedc, 0xaedc, 0xaedc, 0xaedc, 
	0xaedc, 0xaedc, 0xaedc, 0xaedc, 0xaedc, 0xaedc, 0xaedc, 0xaedc, 0xaedc, 0xaedc, 0xaedc, 0xaedc, 0xaedc, 0xaedc, 0xaedc, 0xaedc, 
	0xaedc, 0x95d8, 0x29c8, 0x0000, 0x0000, 0x0000, 0x0000, 0x0061, 0x2b50, 0x4dbb, 0x4dbd, 0x55bc, 0x4dbc, 0x4dbc, 0x4dbb, 0x559c, 
	0x22ad, 0x0041, 0x0000, 0x0000, 0x0000, 0x0000, 0x222a, 0x453a, 0x4d9d, 0x4dbd, 0x4d7b, 0x2351, 0x00c5, 0x0081, 0x0060, 0x0001, 
	0x0041, 0x19ea, 0x4519, 0x55bd, 0x45bc, 0x4dbd, 0x55bc, 0x3c35, 0x08e4, 0x0000, 0x0000, 0x0000, 0x0000, 0x18c1, 0xac0c, 0xfdd0, 
	0xfdb0, 0xfdb0, 0xfdb1, 0xfdb1, 0xfd90, 0xfdb0, 0xfd90, 0xfd8f, 0xfdb0, 0xfdb0, 0xfdb0, 0xfdb0, 0xfdb0, 0xfdb0, 0xfdb0, 0xfdb0, 
	0xfdb0, 0xfdb0, 0xfdb0, 0xfdb0, 0xfdb0, 0xfdb0, 0xfdb0, 0xfdb0, 0xfdb0, 0xfdb0, 0xfdb0, 0xfdb0, 0xfdb0, 0xfdb0, 0xfdb0, 0xfdb0, 
	0xfdb0, 0xfdb0, 0xfdb0, 0xfdb0, 0xfdb0, 0xfdb0, 0xfdb0, 0xfdb0, 0xfdb0, 0xfdb0, 0xfdb0, 0xfdb0, 0xfdb0, 0xfdb0, 0xfdb0, 0xfdb0, 
	0xfd8f, 0xfdaf, 0xfd90, 0xf5b1, 0xfdb0, 0xfdb0, 0xed70, 0x7287, 0x0000, 0x0000, 0x0000, 0x0000, 0x0000, 0x28c1, 0xb40b, 0xfdd1, 
	0xfdb0, 0xfdb0, 0xfdb0, 0xfdb0, 0xfdb0, 0xfdb0, 0xfdb0, 0xfdb0, 0xfdb0, 0xfdb0, 0xfdb0, 0xfdb0, 0xfdb0, 0xfdb0, 0xfdb0, 0xfdb0, 
	0xfdb0, 0xfdb0, 0xfdb0, 0xfdb0, 0xfdb0, 0xfdb0, 0xfdb0, 0xfdb0, 0xfdb0, 0xfdb0, 0xfdb0, 0xfdb0, 0xfdb0, 0xfdb0, 0xfdb0, 0xfdb0, 
	0xfdb0, 0xfdb0, 0xfdb0, 0xfdb0, 0xfdb0, 0xfdd0, 0xfdb0, 0xfdb0, 0xfdb0, 0xfdb0, 0xfdb0, 0xfdaf, 0xde36, 0xaedc, 0xaebc, 0xaefd, 
	0xaedc, 0xaedc, 0xaedc, 0xaedc, 0xaedc, 0xaedc, 0xaedc, 0xaedc, 0xaedc, 0xaedc, 0xaedc, 0xaedc, 0xaedc, 0xaedc, 0xaedc, 0xaedc, 
	0xaedc, 0xaedc, 0xaedc, 0xaedc, 0xaedc, 0xaedc, 0xaedc, 0xaedc, 0xaedc, 0xaedc, 0xaedc, 0xaedc, 0xaedc, 0xaedc, 0xaedc, 0xaedc, 
	0xaedc, 0xaedc, 0xaedc, 0xaedc, 0xaedc, 0xaedc, 0xaedc, 0xaedc, 0xaedc, 0xaedc, 0xaedc, 0xaedc, 0xaedc, 0xaedc, 0xaedc, 0xaedc, 
	0xaedc, 0xaedc, 0xaedc, 0xaedc, 0xaedc, 0xaedc, 0xaedc, 0xaedc, 0xaedc, 0xaedc, 0xaedc, 0xaedc, 0xaedc, 0xaedc, 0xaedc, 0xaedc, 
	0xaedc, 0xaedc, 0xaedc, 0xaedc, 0xaedc, 0xaedc, 0xaedc, 0xaedc, 0xaedc, 0xaedc, 0xaedc, 0xaedc, 0xaedc, 0xaedc, 0xaedc, 0xaedc, 
	0xaedc, 0xaedc, 0xaedc, 0xaedc, 0xaedc, 0xaedc, 0xaedc, 0xaedc, 0xaedc, 0xaedc, 0xaedc, 0xaedc, 0xaedc, 0xaedc, 0xaedc, 0xaedc, 
	0xaefc, 0x8515, 0x1904, 0x0000, 0x0000, 0x0000, 0x0000, 0x08c3, 0x33f4, 0x4dbc, 0x4d9d, 0x55bc, 0x4dbc, 0x4dbc, 0x4dbc, 0x559c, 
	0x226c, 0x0021, 0x0000, 0x0000, 0x0000, 0x0000, 0x226b, 0x457b, 0x4dbd, 0x55dd, 0x4d9b, 0x2b30, 0x0001, 0x0000, 0x0020, 0x1000, 
	0x0000, 0x1988, 0x4518, 0x55dd, 0x4ddc, 0x4dbc, 0x4d9c, 0x3cd7, 0x1166, 0x0000, 0x0000, 0x0000, 0x0000, 0x0860, 0x8b2a, 0xfdb0, 
	0xfdb1, 0xfdb1, 0xfdb0, 0xfdb1, 0xfdd1, 0xfdb1, 0xfdb0, 0xfd90, 0xfdb0, 0xfdb0, 0xfdb0, 0xfdb0, 0xfdb0, 0xfdb0, 0xfdb0, 0xfdb0, 
	0xfdb0, 0xfdb0, 0xfdb0, 0xfdb0, 0xfdb0, 0xfdb0, 0xfdb0, 0xfdb0, 0xfdb0, 0xfdb0, 0xfdb0, 0xfdb0, 0xfdb0, 0xfdb0, 0xfdb0, 0xfdb0, 
	0xfdb0, 0xfdb0, 0xfdb0, 0xfdb0, 0xfdb0, 0xfdb0, 0xfdb0, 0xfdb0, 0xfdb0, 0xfdb0, 0xfdb0, 0xfdb0, 0xfdb0, 0xfdb0, 0xfdb0, 0xfdb0, 
	0xfdb0, 0xfdb0, 0xfdb0, 0xfdd1, 0xfdd1, 0xfdb0, 0xf5b1, 0xb3eb, 0x20e2, 0x0000, 0x0000, 0x0000, 0x0000, 0x0000, 0x6226, 0xe50e, 
	0xfdb0, 0xfdb0, 0xfdb0, 0xfdb0, 0xfdb0, 0xfdb0, 0xfdb0, 0xfdb0, 0xfdb0, 0xfdb0, 0xfdb0, 0xfdb0, 0xfdb0, 0xfdb0, 0xfdb0, 0xfdb0, 
	0xfdb0, 0xfdb0, 0xfdb0, 0xfdb0, 0xfdb0, 0xfdb0, 0xfdb0, 0xfdb0, 0xfdb0, 0xfdb0, 0xfdb0, 0xfdb0, 0xfdb0, 0xfdb0, 0xfdb0, 0xfdb0, 
	0xfd8f, 0xfd8f, 0xfd8f, 0xfd8f, 0xfdaf, 0xfdd0, 0xfdb0, 0xfd8f, 0xfdd1, 0xf5b0, 0xfd90, 0xf5b0, 0xd636, 0xaedd, 0xaedc, 0xb6fc, 
	0xaedc, 0xaedc, 0xaedc, 0xaedc, 0xaedc, 0xaedc, 0xaedc, 0xaedc, 0xaedc, 0xaedc, 0xaedc, 0xaedc, 0xaedc, 0xaedc, 0xaedc, 0xaedc, 
	0xaedc, 0xaedc, 0xaedc, 0xaedc, 0xaedc, 0xaedc, 0xaedc, 0xaedc, 0xaedc, 0xaedc, 0xaedc, 0xaedc, 0xaedc, 0xaedc, 0xaedc, 0xaedc, 
	0xaedc, 0xaedc, 0xaedc, 0xaedc, 0xaedc, 0xaedc, 0xaedc, 0xaedc, 0xaedc, 0xaedc, 0xaedc, 0xaedc, 0xaedc, 0xaedc, 0xaedc, 0xaedc, 
	0xaedc, 0xaedc, 0xaedc, 0xaedc, 0xaedc, 0xaedc, 0xaedc, 0xaedc, 0xaedc, 0xaedc, 0xaedc, 0xaedc, 0xaedc, 0xaedc, 0xaedc, 0xaedc, 
	0xaedc, 0xaedc, 0xaedc, 0xaedc, 0xaedc, 0xaedc, 0xaedc, 0xaedc, 0xaedc, 0xaedc, 0xaedc, 0xaedc, 0xaedc, 0xaedc, 0xaedc, 0xaedc, 
	0xaedc, 0xaedc, 0xaedc, 0xaedc, 0xaedc, 0xaedc, 0xaedc, 0xaedc, 0xaedc, 0xaedc, 0xaedc, 0xaedc, 0xaedc, 0xaedc, 0xaedc, 0xaedc, 
	0xaefc, 0x7472, 0x0862, 0x0000, 0x0000, 0x0000, 0x0000, 0x1105, 0x4496, 0x4ddd, 0x4dbd, 0x55bc, 0x4dbc, 0x4dbc, 0x4ddc, 0x4d9c, 
	0x1a4b, 0x0000, 0x0000, 0x0000, 0x0000, 0x0000, 0x2a8c, 0x459c, 0x559c, 0x4dbc, 0x45bb, 0x33b2, 0x0823, 0x0000, 0x0020, 0x0001, 
	0x0000, 0x1147, 0x44f8, 0x4dbc, 0x4dbb, 0x4dbc, 0x4dbc, 0x4d7a, 0x19e9, 0x0020, 0x0000, 0x0000, 0x0000, 0x0020, 0x7287, 0xf54f, 
	0xfdd0, 0xfdd0, 0xfd8f, 0xfdaf, 0xfdaf, 0xf5b0, 0xf5d0, 0xf5b0, 0xfdb0, 0xfdb0, 0xfdb0, 0xfdb0, 0xfdb0, 0xfdb0, 0xfdb0, 0xfdb0, 
	0xfdb0, 0xfdb0, 0xfdb0, 0xfdb0, 0xfdb0, 0xfdb0, 0xfdb0, 0xfdb0, 0xfdb0, 0xfdb0, 0xfdb0, 0xfdb0, 0xfdb0, 0xfdb0, 0xfdb0, 0xfdb0, 
	0xfdb0, 0xfdb0, 0xfdb0, 0xfdb0, 0xfdb0, 0xfdb0, 0xfdb0, 0xfdb0, 0xfdb0, 0xfdb0, 0xfdb0, 0xfdb0, 0xfdb0, 0xfdb0, 0xfdb0, 0xfdb0, 
	0xfdd1, 0xfdb0, 0xfd90, 0xfdb0, 0xfd8f, 0xfdaf, 0xfdb0, 0xed2e, 0x5206, 0x0800, 0x0000, 0x0000, 0x0000, 0x0000, 0x18a2, 0xb3ca, 
	0xfdb0, 0xfdb0, 0xfdb0, 0xfdb0, 0xfdb0, 0xfdb0, 0xfdb0, 0xfdb0, 0xfdb0, 0xfdb0, 0xfdb0, 0xfdb0, 0xfdb0, 0xfdb0, 0xfdb0, 0xfdb0, 
	0xfdb0, 0xfdb0, 0xfdb0, 0xfdb0, 0xfdb0, 0xfdb0, 0xfdb0, 0xfdb0, 0xfdb0, 0xfdb0, 0xfdb0, 0xfdb0, 0xfdb0, 0xfdb0, 0xfdb0, 0xfdb0, 
	0xfdb0, 0xfdb1, 0xfdb1, 0xfdb1, 0xfdb1, 0xfdb0, 0xfdb0, 0xfdb0, 0xfdb0, 0xfdb0, 0xfdaf, 0xfdd0, 0xd656, 0xaedd, 0xb6fd, 0xaebc, 
	0xaedc, 0xaedc, 0xaedc, 0xaedc, 0xaedc, 0xaedc, 0xaedc, 0xaedc, 0xaedc, 0xaedc, 0xaedc, 0xaedc, 0xaedc, 0xaedc, 0xaedc, 0xaedc, 
	0xaedc, 0xaedc, 0xaedc, 0xaedc, 0xaedc, 0xaedc, 0xaedc, 0xaedc, 0xaedc, 0xaedc, 0xaedc, 0xaedc, 0xaedc, 0xaedc, 0xaedc, 0xaedc, 
	0xaedc, 0xaedc, 0xaedc, 0xaedc, 0xaedc, 0xaedc, 0xaedc, 0xaedc, 0xaedc, 0xaedc, 0xaedc, 0xaedc, 0xaedc, 0xaedc, 0xaedc, 0xaedc, 
	0xaedc, 0xaedc, 0xaedc, 0xaedc, 0xaedc, 0xaedc, 0xaedc, 0xaedc, 0xaedc, 0xaedc, 0xaedc, 0xaedc, 0xaedc, 0xaedc, 0xaedc, 0xaedc, 
	0xaedc, 0xaedc, 0xaedc, 0xaedc, 0xaedc, 0xaedc, 0xaedc, 0xaedc, 0xaedc, 0xaedc, 0xaedc, 0xaedc, 0xaedc, 0xaedc, 0xaedc, 0xaedc, 
	0xaedc, 0xaedc, 0xaedc, 0xaedc, 0xaedc, 0xaedc, 0xaedc, 0xaedc, 0xaedc, 0xaedc, 0xb6fd, 0xaedc, 0xaedc, 0xb6fd, 0xaedc, 0xaedd, 
	0xaebc, 0x538e, 0x0041, 0x0000, 0x0000, 0x0000, 0x0000, 0x11a8, 0x455a, 0x4dbc, 0x4dbc, 0x4dbc, 0x55bc, 0x4dbc, 0x4dbc, 0x4d9c, 
	0x1a0b, 0x0000, 0x0000, 0x0000, 0x0000, 0x0000, 0x22ce, 0x4dbc, 0x55bc, 0x4dbc, 0x4dbd, 0x3434, 0x0042, 0x0000, 0x0000, 0x0000, 
	0x0000, 0x0905, 0x44d8, 0x4dbc, 0x4dbc, 0x4dbc, 0x4dbc, 0x4d7b, 0x1ace, 0x0821, 0x0000, 0x0000, 0x0000, 0x0000, 0x5185, 0xe50e, 
	0xfdb0, 0xfdb0, 0xfdb0, 0xfd90, 0xfdb0, 0xfdb0, 0xfdb0, 0xfdb0, 0xfdb0, 0xfdb0, 0xfdb0, 0xfdb0, 0xfdb0, 0xfdb0, 0xfdb0, 0xfdb0, 
	0xfdb0, 0xfdb0, 0xfdb0, 0xfdb0, 0xfdb0, 0xfdb0, 0xfdb0, 0xfdb0, 0xfdb0, 0xfdb0, 0xfdb0, 0xfdb0, 0xfdb0, 0xfdb0, 0xfdb0, 0xfdb0, 
	0xfd90, 0xfdb1, 0xfdb0, 0xfdd1, 0xf5b0, 0xfdb0, 0xfdb0, 0xfdb0, 0xfdb0, 0xfdb0, 0xfdb0, 0xfdb0, 0xfdb0, 0xfdb0, 0xfdb0, 0xfdb0, 
	0xfdb0, 0xfdb0, 0xfdb0, 0xfdb0, 0xfdb0, 0xfdb0, 0xfdb0, 0xfdb0, 0xa3cb, 0x2080, 0x0020, 0x0000, 0x0000, 0x0000, 0x0000, 0x49e6, 
	0xe4ed, 0xf590, 0xfdd0, 0xfd8f, 0xfdb0, 0xf5b1, 0xfdd1, 0xfd8f, 0xfdb0, 0xfdb0, 0xfdb0, 0xfdb0, 0xfdb0, 0xfdb0, 0xfdb0, 0xfdb0, 
	0xfdb0, 0xfdb0, 0xfdb0, 0xfdb0, 0xfdb0, 0xfdb0, 0xfdb0, 0xfdb0, 0xfdb0, 0xfdb0, 0xfdb0, 0xfdb0, 0xfdb0, 0xfdb0, 0xfdb0, 0xfdb0, 
	0xfdb0, 0xfdb0, 0xfdb0, 0xfdb0, 0xfdb0, 0xfdb0, 0xfdb0, 0xfdb0, 0xfdb0, 0xfdb0, 0xfdb0, 0xfdb0, 0xd636, 0xaedc, 0xaedd, 0xaedc, 
	0xaedc, 0xaedc, 0xaedc, 0xaedc, 0xaedc, 0xaedc, 0xaedc, 0xaedc, 0xaedc, 0xaedc, 0xaedc, 0xaedc, 0xaedc, 0xaedc, 0xaedc, 0xaedc, 
	0xaedc, 0xaedc, 0xaedc, 0xaedc, 0xaedc, 0xaedc, 0xaedc, 0xaedc, 0xaedc, 0xaedc, 0xaedc, 0xaedc, 0xaedc, 0xaedc, 0xaedc, 0xaedc, 
	0xaedc, 0xaedc, 0xaedc, 0xaedc, 0xaedc, 0xaedc, 0xaedc, 0xaedc, 0xaedc, 0xaedc, 0xaedc, 0xaedc, 0xaedc, 0xaedc, 0xaedc, 0xaedc, 
	0xaedc, 0xaedc, 0xaedc, 0xaedc, 0xaedc, 0xaedc, 0xaedc, 0xaedc, 0xaedc, 0xaedc, 0xaedc, 0xaedc, 0xaedc, 0xaedc, 0xaedc, 0xaedc, 
	0xaedc, 0xaedc, 0xaedc, 0xaedc, 0xaedc, 0xaedc, 0xaedc, 0xaedc, 0xaedc, 0xaedc, 0xaedc, 0xaedc, 0xaedc, 0xaedc, 0xaedc, 0xaedc, 
	0xaedc, 0xaedc, 0xaedc, 0xaedc, 0xaedc, 0xaedc, 0xaedc, 0xaedc, 0xaedc, 0xaedc, 0xb6fd, 0xaedc, 0xaedc, 0xaedd, 0xaedc, 0xaedd, 
	0x9e3a, 0x42aa, 0x0000, 0x0000, 0x0000, 0x0000, 0x0041, 0x1a6b, 0x4d5b, 0x4ddc, 0x4dbc, 0x4dbc, 0x55bc, 0x4dbc, 0x4dbc, 0x4d7b, 
	0x19ea, 0x0000, 0x0000, 0x0000, 0x0000, 0x0020, 0x22ef, 0x4dbc, 0x55bc, 0x4dbc, 0x55bd, 0x3c54, 0x0883, 0x0000, 0x0000, 0x0000, 
	0x0000, 0x00e4, 0x4497, 0x4dbc, 0x55bc, 0x4dbc, 0x4dbc, 0x4d9c, 0x33d2, 0x0862, 0x0000, 0x0000, 0x0000, 0x0000, 0x30e2, 0xccac, 
	0xfdb0, 0xfdb0, 0xfdb0, 0xfdb0, 0xfdb0, 0xfdb0, 0xfdb0, 0xfdb0, 0xfdb0, 0xfdd0, 0xfdb0, 0xfdb0, 0xfdd0, 0xfdb0, 0xfdaf, 0xfdb0, 
	0xfdb0, 0xfdb0, 0xfdb0, 0xfdb0, 0xfdb0, 0xfdb0, 0xfdb0, 0xfdb0, 0xfdb0, 0xfdb0, 0xfdb0, 0xfdb0, 0xfdb0, 0xfdb0, 0xfdb0, 0xfdb0, 
	0xfdd0, 0xfdd0, 0xfd8f, 0xfdb0, 0xfd8f, 0xfdb0, 0xfd90, 0xfdb0, 0xfdb0, 0xfdb0, 0xfdb0, 0xfdb0, 0xfdb0, 0xfdb0, 0xfdb0, 0xfdb0, 
	0xfdb0, 0xfdb0, 0xfdb0, 0xfdb0, 0xfdb0, 0xfdb0, 0xfdb0, 0xfdb0, 0xdd2f, 0x6205, 0x0820, 0x0000, 0x0000, 0x0000, 0x0000, 0x1040, 
	0x82c7, 0xed91, 0xfd8f, 0xfdb0, 0xfdd1, 0xf590, 0xfdd1, 0xfdb0, 0xfdb0, 0xfdb0, 0xfdb0, 0xfdb0, 0xfdb0, 0xfdb0, 0xfdb0, 0xfdb0, 
	0xfdb0, 0xfdb0, 0xfdb0, 0xfdb0, 0xfdb0, 0xfdb0, 0xfdb0, 0xfdb0, 0xfdb0, 0xfdb0, 0xfdb0, 0xfdb0, 0xfdb0, 0xfdb0, 0xfdb0, 0xfdb0, 
	0xfdb0, 0xfdb0, 0xfdb0, 0xfdb0, 0xfdb0, 0xfdb0, 0xfdb0, 0xfdb0, 0xfdb0, 0xfdb0, 0xfdb0, 0xfdb0, 0xd636, 0xaedc, 0xaedd, 0xaedc, 
	0xaedc, 0xaedc, 0xaedc, 0xaedc, 0xaedc, 0xaedc, 0xaedc, 0xaedc, 0xaedc, 0xaedc, 0xaedc, 0xaedc, 0xaedc, 0xaedc, 0xaedc, 0xaedc, 
	0xaedc, 0xaedc, 0xaedc, 0xaedc, 0xaedc, 0xaedc, 0xaedc, 0xaedc, 0xaedc, 0xaedc, 0xaedc, 0xaedc, 0xaedc, 0xaedc, 0xaedc, 0xaedc, 
	0xaedc, 0xaedc, 0xaedc, 0xaedc, 0xaedc, 0xaedc, 0xaedc, 0xaedc, 0xaedc, 0xaedc, 0xaedc, 0xaedc, 0xaedc, 0xaedc, 0xaedc, 0xaedc, 
	0xaedc, 0xaedc, 0xaedc, 0xaedc, 0xaedc, 0xaedc, 0xaedc, 0xaedc, 0xaedc, 0xaedc, 0xaedc, 0xaedc, 0xaedc, 0xaedc, 0xaedc, 0xaedc, 
	0xaedc, 0xaedc, 0xaedc, 0xaedc, 0xaedc, 0xaedc, 0xaedc, 0xaedc, 0xaedc, 0xaedc, 0xaedc, 0xaedc, 0xaedc, 0xaedc, 0xaedc, 0xaedc, 
	0xaedc, 0xaedc, 0xaedc, 0xaedc, 0xaedc, 0xaedc, 0xaedc, 0xaedc, 0xaedd, 0xaedc, 0xaedd, 0xaedc, 0xaedc, 0xaedc, 0xaedc, 0xb6fd, 
	0x95d8, 0x2986, 0x0000, 0x0000, 0x0000, 0x0000, 0x0863, 0x2b4f, 0x4d7b, 0x4ddc, 0x4dbc, 0x4dbc, 0x55bc, 0x4dbc, 0x4dbc, 0x453a, 
	0x19c9, 0x0000, 0x0000, 0x0000, 0x0000, 0x0020, 0x2b2f, 0x4dbc, 0x4dbc, 0x4dbc, 0x55dd, 0x3c75, 0x08c4, 0x0000, 0x0000, 0x0000, 
	0x0000, 0x00c3, 0x3c55, 0x4dbc, 0x55bc, 0x4dbc, 0x4dbc, 0x4dbc, 0x4496, 0x00c4, 0x0000, 0x0000, 0x0000, 0x0000, 0x1860, 0xac0b, 
	0xfdb0, 0xfdb0, 0xfdb0, 0xfdb0, 0xfdb0, 0xfdb0, 0xfdb0, 0xfdb0, 0xfdb0, 0xfdb0, 0xfdb0, 0xfdb0, 0xfdb0, 0xfdb0, 0xfdb0, 0xfdb0, 
	0xfdb0, 0xfdb0, 0xfdb0, 0xfdb0, 0xfdb0, 0xfdb0, 0xfdb0, 0xfdb0, 0xfdb0, 0xfdb0, 0xfdb0, 0xfdb0, 0xfdb0, 0xfdb0, 0xfdb0, 0xfdb0, 
	0xfdb0, 0xfdb0, 0xfdb0, 0xfdb0, 0xfdb0, 0xfdb0, 0xfd90, 0xfdb0, 0xfdb0, 0xfdb0, 0xfdb0, 0xfdb0, 0xfdb0, 0xfdb0, 0xfdb0, 0xfdb0, 
	0xfdb0, 0xfdb0, 0xfdb0, 0xfdb0, 0xfdb0, 0xfdb0, 0xfdb0, 0xfdb0, 0xfdd0, 0xabeb, 0x28e2, 0x0000, 0x0000, 0x0000, 0x0800, 0x0000, 
	0x20c2, 0xac0c, 0xfdaf, 0xfd8f, 0xfdb0, 0xfdb0, 0xfdb0, 0xfdb0, 0xfdb0, 0xfdb0, 0xfdb0, 0xfdb0, 0xfdb0, 0xfdb0, 0xfdb0, 0xfdb0, 
	0xfdb0, 0xfdb0, 0xfdb0, 0xfdb0, 0xfdb0, 0xfdb0, 0xfdb0, 0xfdb0, 0xfdb0, 0xfdb0, 0xfdb0, 0xfdb0, 0xfdb0, 0xfdb0, 0xfdb0, 0xfdb0, 
	0xfdb0, 0xfdb0, 0xfdb0, 0xfdb0, 0xfdb0, 0xfdb0, 0xfdb0, 0xfdb0, 0xfdb0, 0xfdb0, 0xfdb0, 0xfdb0, 0xd636, 0xaedc, 0xaedd, 0xaedc, 
	0xaedc, 0xaedc, 0xaedc, 0xaedc, 0xaedc, 0xaedc, 0xaedc, 0xaedc, 0xaedc, 0xaedc, 0xaedc, 0xaedc, 0xaedc, 0xaedc, 0xaedc, 0xaedc, 
	0xaedc, 0xaedc, 0xaedc, 0xaedc, 0xaedc, 0xaedc, 0xaedc, 0xaedc, 0xaedc, 0xaedc, 0xaedc, 0xaedc, 0xaedc, 0xaedc, 0xaedc, 0xaedc, 
	0xaedc, 0xaedc, 0xaedc, 0xaedc, 0xaedc, 0xaedc, 0xaedc, 0xaedc, 0xaedc, 0xaedc, 0xaedc, 0xaedc, 0xaedc, 0xaedc, 0xaedc, 0xaedc, 
	0xaedc, 0xaedc, 0xaedc, 0xaedc, 0xaedc, 0xaedc, 0xaedc, 0xaedc, 0xaedc, 0xaedc, 0xaedc, 0xaedc, 0xaedc, 0xaedc, 0xaedc, 0xaedc, 
	0xaedc, 0xaedc, 0xaedc, 0xaedc, 0xaedc, 0xaedc, 0xaedc, 0xaedc, 0xaedc, 0xaedc, 0xaedc, 0xaedc, 0xaedc, 0xaedc, 0xaedc, 0xaedc, 
	0xaedc, 0xaedc, 0xaedc, 0xaedc, 0xaedc, 0xaedc, 0xaedc, 0xaedc, 0xaedd, 0xaedc, 0xaedd, 0xaedd, 0xaedc, 0xaedc, 0xaedc, 0xb6fd, 
	0x8556, 0x18c3, 0x0000, 0x0001, 0x0000, 0x0000, 0x0884, 0x3433, 0x4d9c, 0x4ddc, 0x4dbc, 0x4d9c, 0x55bc, 0x4dbc, 0x4dbc, 0x4519, 
	0x1188, 0x0000, 0x0000, 0x0000, 0x0000, 0x0041, 0x2b71, 0x4dbc, 0x4dbc, 0x4dbc, 0x4ddd, 0x3cb6, 0x1105, 0x0000, 0x0000, 0x0000, 
	0x0000, 0x00a3, 0x33f3, 0x4dbc, 0x4dbc, 0x4dbc, 0x55bc, 0x4ddd, 0x44d8, 0x0968, 0x0000, 0x0000, 0x0000, 0x0020, 0x0820, 0x8b49, 
	0xf590, 0xfd8f, 0xfdb0, 0xfdb0, 0xfdb0, 0xfdb0, 0xfdb0, 0xfdb0, 0xfd90, 0xfd90, 0xfdb0, 0xfdb0, 0xfd90, 0xfdb0, 0xfdb0, 0xfd90, 
	0xfdb0, 0xfdb0, 0xfdb0, 0xfdb0, 0xfdb0, 0xfdb0, 0xfdb0, 0xfdb0, 0xfdb0, 0xfdb0, 0xfdb0, 0xfdb0, 0xfdb0, 0xfdb0, 0xfdb0, 0xfdb0, 
	0xfdb0, 0xfdb0, 0xfd90, 0xfdb0, 0xfdb0, 0xfdb0, 0xfdb0, 0xfdd0, 0xfdb0, 0xfdb0, 0xfdb0, 0xfdb0, 0xfdb0, 0xfdb0, 0xfdb0, 0xfdb0, 
	0xfdb0, 0xfdb0, 0xfdb0, 0xfdb0, 0xfdb0, 0xfdb0, 0xfdb0, 0xfdb0, 0xfdaf, 0xe52f, 0x72a7, 0x0820, 0x0000, 0x0000, 0x0000, 0x0021, 
	0x0021, 0x51c4, 0xd4ce, 0xfdb0, 0xfdaf, 0xfdaf, 0xfdb0, 0xfdd0, 0xfdb0, 0xfdb0, 0xfdb0, 0xfdb0, 0xfdb0, 0xfdb0, 0xfdb0, 0xfdb0, 
	0xfdb0, 0xfdb0, 0xfdb0, 0xfdb0, 0xfdb0, 0xfdb0, 0xfdb0, 0xfdb0, 0xfdb0, 0xfdb0, 0xfdb0, 0xfdb0, 0xfdb0, 0xfdb0, 0xfdb0, 0xfdb0, 
	0xfdb0, 0xfdb0, 0xfdb0, 0xfdb0, 0xfdb0, 0xfdb0, 0xfdb0, 0xfdb0, 0xfdb0, 0xfdb0, 0xfdb0, 0xfdb0, 0xd636, 0xaedc, 0xaedd, 0xaedc, 
	0xaedc, 0xaedc, 0xaedc, 0xaedc, 0xaedc, 0xaedc, 0xaedc, 0xaedc, 0xaedc, 0xaedc, 0xaedc, 0xaedc, 0xaedc, 0xaedc, 0xaedc, 0xaedc, 
	0xaedc, 0xaedc, 0xaedc, 0xaedc, 0xaedc, 0xaedc, 0xaedc, 0xaedc, 0xaedc, 0xaedc, 0xaedc, 0xaedc, 0xaedc, 0xaedc, 0xaedc, 0xaedc, 
	0xaedc, 0xaedc, 0xaedc, 0xaedc, 0xaedc, 0xaedc, 0xaedc, 0xaedc, 0xaedc, 0xaedc, 0xaedc, 0xaedc, 0xaedc, 0xaedc, 0xaedc, 0xaedc, 
	0xaedc, 0xaedc, 0xaedc, 0xaedc, 0xaedc, 0xaedc, 0xaedc, 0xaedc, 0xaedc, 0xaedc, 0xaedc, 0xaedc, 0xaedc, 0xaedc, 0xaedc, 0xaedc, 
	0xaedc, 0xaedc, 0xaedc, 0xaedc, 0xaedc, 0xaedc, 0xaedc, 0xaedc, 0xaedc, 0xaedc, 0xaedc, 0xaedc, 0xaedc, 0xaedc, 0xaedc, 0xaedc, 
	0xaedc, 0xaedc, 0xaedc, 0xaedc, 0xaedc, 0xaedc, 0xaedc, 0xaedc, 0xaedd, 0xaedc, 0xaedc, 0xb6fd, 0xaedc, 0xaedc, 0xb6fd, 0xaedc, 
	0x7492, 0x1062, 0x0000, 0x0000, 0x0000, 0x0000, 0x10e6, 0x3cd7, 0x4dbc, 0x4dbc, 0x4dbc, 0x4d9c, 0x55bc, 0x4dbc, 0x55bc, 0x44d8, 
	0x1167, 0x0000, 0x0000, 0x0000, 0x0000, 0x0062, 0x2b92, 0x4dbc, 0x4dbc, 0x4dbc, 0x4dbd, 0x3cf8, 0x1147, 0x0000, 0x0000, 0x0000, 
	0x0000, 0x08a2, 0x33b2, 0x4d9c, 0x4dbc, 0x4dbc, 0x55bc, 0x4dbd, 0x453a, 0x1a4c, 0x0021, 0x0000, 0x0000, 0x0000, 0x0800, 0x6247, 
	0xed4f, 0xfdb0, 0xfdb0, 0xfdd1, 0xfdb1, 0xfd8f, 0xfdb0, 0xf590, 0xfdb1, 0xfd90, 0xfd90, 0xfdb1, 0xf590, 0xfdb0, 0xfdb1, 0xf590, 
	0xfdb0, 0xfdb0, 0xfdb0, 0xfdb0, 0xfdb0, 0xfdb0, 0xfdb0, 0xfdb0, 0xfdb0, 0xfdb0, 0xfdb0, 0xfdb0, 0xfdb0, 0xfdb0, 0xfdb0, 0xfdb0, 
	0xf590, 0xf590, 0xfdb0, 0xfdb1, 0xf590, 0xfdb0, 0xfdd0, 0xfd8e, 0xfdb0, 0xfdb0, 0xfdb0, 0xfdb0, 0xfdb0, 0xfdb0, 0xfdb0, 0xfdb0, 
	0xfdb0, 0xfdb0, 0xfdb0, 0xfdb0, 0xfdb0, 0xfdb0, 0xfdb0, 0xfdb0, 0xfd8f, 0xfdd0, 0xc46d, 0x4143, 0x0000, 0x0020, 0x0000, 0x0000, 
	0x0000, 0x1060, 0x6a67, 0xdd0f, 0xfdaf, 0xfd8f, 0xfd8f, 0xfdd0, 0xfdb0, 0xfdb0, 0xfdb0, 0xfdb0, 0xfdb0, 0xfdb0, 0xfdb0, 0xfdb0, 
	0xfdb0, 0xfdb0, 0xfdb0, 0xfdb0, 0xfdb0, 0xfdb0, 0xfdb0, 0xfdb0, 0xfdb0, 0xfdb0, 0xfdb0, 0xfdb0, 0xfdb0, 0xfdb0, 0xfdb0, 0xfdb0, 
	0xfdb0, 0xfdb0, 0xfdb0, 0xfdb0, 0xfdb0, 0xfdb0, 0xfdb0, 0xfdb0, 0xfdb0, 0xfdb0, 0xfdb0, 0xfdb0, 0xd636, 0xaedc, 0xaedd, 0xaedc, 
	0xaedc, 0xaedc, 0xaedc, 0xaedc, 0xaedc, 0xaedc, 0xaedc, 0xaedc, 0xaedc, 0xaedc, 0xaedc, 0xaedc, 0xaedc, 0xaedc, 0xaedc, 0xaedc, 
	0xaedc, 0xaedc, 0xaedc, 0xaedc, 0xaedc, 0xaedc, 0xaedc, 0xaedc, 0xaedc, 0xaedc, 0xaedc, 0xaedc, 0xaedc, 0xaedc, 0xaedc, 0xaedc, 
	0xaedc, 0xaedc, 0xaedc, 0xaedc, 0xaedc, 0xaedc, 0xaedc, 0xaedc, 0xaedc, 0xaedc, 0xaedc, 0xaedc, 0xaedc, 0xaedc, 0xaedc, 0xaedc, 
	0xaedc, 0xaedc, 0xaedc, 0xaedc, 0xaedc, 0xaedc, 0xaedc, 0xaedc, 0xaedc, 0xaedc, 0xaedc, 0xaedc, 0xaedc, 0xaedc, 0xaedc, 0xaedc, 
	0xaedc, 0xaedc, 0xaedc, 0xaedc, 0xaedc, 0xaedc, 0xaedc, 0xaedc, 0xaedc, 0xaedc, 0xaedc, 0xaedc, 0xaedc, 0xaedc, 0xaedc, 0xaedc, 
	0xaedc, 0xaedc, 0xaedc, 0xaedc, 0xaedc, 0xaedc, 0xaedc, 0xaedc, 0xaedc, 0xaedc, 0xaedc, 0xb6fd, 0xaedc, 0xaedd, 0xb6fd, 0xa69b, 
	0x538e, 0x0841, 0x0000, 0x0000, 0x0000, 0x0000, 0x1989, 0x4539, 0x55bc, 0x4dbc, 0x4dbc, 0x4d9c, 0x4dbc, 0x4dbc, 0x55bc, 0x3c97, 
	0x1146, 0x0000, 0x0000, 0x0000, 0x0000, 0x0083, 0x33b3, 0x4dbc, 0x4dbc, 0x4dbc, 0x4dbd, 0x3d19, 0x19a9, 0x0000, 0x0000, 0x0000, 
	0x0000, 0x0861, 0x2b50, 0x4d9c, 0x4dbc, 0x4dbc, 0x55bc, 0x4dbc, 0x4d9c, 0x2b30, 0x0001, 0x0000, 0x0000, 0x0000, 0x0000, 0x4164, 
	0xdd0f, 0xfdd0, 0xfd8f, 0xfdb1, 0xfdb1, 0xfd8f, 0xfd90, 0xccad, 0x72a7, 0x6a66, 0x6a66, 0x6a66, 0x6a66, 0x6a66, 0x6a67, 0x6a66, 
	0x6a66, 0x6a66, 0x6a66, 0x6a66, 0x6a66, 0x6a66, 0x6a66, 0x6a66, 0x6a66, 0x6a66, 0x6a66, 0x6a66, 0x6a66, 0x6a66, 0x6a66, 0x6a66, 
	0x6a86, 0x6a66, 0x6a66, 0x6a46, 0x6a46, 0xa38a, 0xf590, 0xfdd0, 0xfdb0, 0xfdb0, 0xfdb0, 0xfdb0, 0xfdb0, 0xfdb0, 0xfdb0, 0xfdb0, 
	0xfdb0, 0xfdb0, 0xfdb0, 0xfdb0, 0xfdb0, 0xfdb0, 0xfdb0, 0xfdb0, 0xfdb0, 0xfdb0, 0xf570, 0xa3aa, 0x20a1, 0x0000, 0x0020, 0x0000, 
	0x0000, 0x0000, 0x1861, 0x82c7, 0xe52f, 0xfdf1, 0xfdb0, 0xfd90, 0xfdb0, 0xfdb0, 0xfdb0, 0xfdb0, 0xfdb0, 0xfdb0, 0xfdb0, 0xfdb0, 
	0xfdb0, 0xfdb0, 0xfdb0, 0xfdb0, 0xfdb0, 0xfdb0, 0xfdb0, 0xfdb0, 0xfdb0, 0xfdb0, 0xfdb0, 0xfdb0, 0xfdb0, 0xfdb0, 0xfdb0, 0xfdb0, 
	0xfdb0, 0xfdb0, 0xfdb0, 0xfdb0, 0xfdb0, 0xfdb0, 0xfdb0, 0xfdb0, 0xfdb0, 0xfdb0, 0xfdb0, 0xfdb0, 0xd636, 0xaedc, 0xaedd, 0xaedc, 
	0xaedc, 0xaedc, 0xaedc, 0xaedc, 0xaedc, 0xaedc, 0xaedc, 0xaedc, 0xaedc, 0xaedc, 0xaedc, 0xaedc, 0xaedc, 0xaedc, 0xaedc, 0xaedc, 
	0xaedc, 0xaedc, 0xaedc, 0xaedc, 0xaedc, 0xaedc, 0xaedc, 0xaedc, 0xaedc, 0xaedc, 0xaedc, 0xaedc, 0xaedc, 0xaedc, 0xaedc, 0xaedc, 
	0xaedc, 0xaedc, 0xaedc, 0xaedc, 0xaedc, 0xaedc, 0xaedc, 0xaedc, 0xaedc, 0xaedc, 0xaedc, 0xaedc, 0xaedc, 0xaedc, 0xaedc, 0xaedc, 
	0xaedc, 0xaedc, 0xaedc, 0xaedc, 0xaedc, 0xaedc, 0xaedc, 0xaedc, 0xaedc, 0xaedc, 0xaedc, 0xaedc, 0xaedc, 0xaedc, 0xaedc, 0xaedc, 
	0xaedc, 0xaedc, 0xaedc, 0xaedc, 0xaedc, 0xaedc, 0xaedc, 0xaedc, 0xaedc, 0xaedc, 0xaedc, 0xaedc, 0xaedc, 0xaedc, 0xaedc, 0xaedc, 
	0xaedc, 0xaedc, 0xaedc, 0xaedc, 0xaedc, 0xaedc, 0xaedc, 0xaedc, 0xaedc, 0xaedd, 0xaedc, 0xaedd, 0xaedc, 0xaedd, 0xaedd, 0x9e5a, 
	0x3a4a, 0x0020, 0x0000, 0x0000, 0x0000, 0x0000, 0x2a8c, 0x457b, 0x55bd, 0x4dbc, 0x55dc, 0x4dbc, 0x4dbd, 0x4dbc, 0x55bb, 0x3c76, 
	0x1126, 0x0000, 0x0000, 0x0000, 0x0000, 0x08c4, 0x33f3, 0x4dbc, 0x4dbc, 0x55bc, 0x4dbd, 0x453a, 0x19ea, 0x0020, 0x0000, 0x0000, 
	0x0000, 0x0040, 0x22ee, 0x4d7c, 0x4ddc, 0x4dbc, 0x55bb, 0x4dbd, 0x4ddc, 0x33f3, 0x0062, 0x0000, 0x0000, 0x0000, 0x0000, 0x28e2, 
	0xc46d, 0xfdd0, 0xfd8f, 0xfd90, 0xfdb1, 0xfdb0, 0xfd90, 0xabca, 0x1081, 0x0000, 0x0000, 0x0020, 0x0000, 0x0000, 0x0000, 0x0000, 
	0x0000, 0x0000, 0x0000, 0x0000, 0x0000, 0x0000, 0x0000, 0x0000, 0x0000, 0x0000, 0x0000, 0x0000, 0x0000, 0x0000, 0x0000, 0x0000, 
	0x0000, 0x0000, 0x0000, 0x0000, 0x0800, 0x5a06, 0xe571, 0xfdd0, 0xfdb0, 0xfdb0, 0xfdb0, 0xfdb0, 0xfdb0, 0xfdb0, 0xfdb0, 0xfdb0, 
	0xfdb0, 0xfdb0, 0xfdb0, 0xfdb0, 0xfdb0, 0xfdb0, 0xfdb0, 0xfdb0, 0xfdd1, 0xfd90, 0xfdb0, 0xe52f, 0x7266, 0x1040, 0x0000, 0x0000, 
	0x0000, 0x0000, 0x0000, 0x20a1, 0x8b29, 0xdd0f, 0xfdb1, 0xfdb0, 0xfdb0, 0xfdb0, 0xfdb0, 0xfdb0, 0xfdb0, 0xfdb0, 0xfdb0, 0xfdb0, 
	0xfdb0, 0xfdb0, 0xfdb0, 0xfdb0, 0xfdb0, 0xfdb0, 0xfdb0, 0xfdb0, 0xfdb0, 0xfdb0, 0xfdb0, 0xfdb0, 0xfdb0, 0xfdb0, 0xfdb0, 0xfdb0, 
	0xfdb0, 0xfdb0, 0xfdb0, 0xfdb0, 0xfdb0, 0xfdb0, 0xfdb0, 0xfdb0, 0xfdb0, 0xfdb0, 0xfdb0, 0xfdb0, 0xd636, 0xaedc, 0xaedd, 0xaedc, 
	0xaedc, 0xaedc, 0xaedc, 0xaedc, 0xaedc, 0xaedc, 0xaedc, 0xaedc, 0xaedc, 0xaedc, 0xaedc, 0xaedc, 0xaedc, 0xaedc, 0xaedc, 0xaedc, 
	0xaedc, 0xaedc, 0xaedc, 0xaedc, 0xaedc, 0xaedc, 0xaedc, 0xaedc, 0xaedc, 0xaedc, 0xaedc, 0xaedc, 0xaedc, 0xaedc, 0xaedc, 0xaedc, 
	0xaedc, 0xaedc, 0xaedc, 0xaedc, 0xaedc, 0xaedc, 0xaedc, 0xaedc, 0xaedc, 0xaedc, 0xaedc, 0xaedc, 0xaedc, 0xaedc, 0xaedc, 0xaedc, 
	0xaedc, 0xaedc, 0xaedc, 0xaedc, 0xaedc, 0xaedc, 0xaedc, 0xaedc, 0xaedc, 0xaedc, 0xaedc, 0xaedc, 0xaedc, 0xaedc, 0xaedc, 0xaedc, 
	0xaedc, 0xaedc, 0xaedc, 0xaedc, 0xaedc, 0xaedc, 0xaedc, 0xaedc, 0xaedc, 0xaedc, 0xaedc, 0xaedc, 0xaedc, 0xaedc, 0xaedc, 0xaedc, 
	0xaedc, 0xaedc, 0xaedc, 0xaedc, 0xaedc, 0xaedc, 0xaedc, 0xaedc, 0xaedc, 0xaedd, 0xaedc, 0xaedd, 0xaedc, 0xb6fd, 0xaedc, 0x9e3a, 
	0x3167, 0x0000, 0x0000, 0x0000, 0x0000, 0x0041, 0x334f, 0x45bc, 0x55bd, 0x4dbc, 0x55dc, 0x4dbc, 0x4dbd, 0x4dbc, 0x55bb, 0x3c56, 
	0x1105, 0x0000, 0x0000, 0x0000, 0x0000, 0x08c4, 0x3c14, 0x4dbc, 0x4dbd, 0x55bc, 0x4dbd, 0x455a, 0x220b, 0x0020, 0x0000, 0x0000, 
	0x0000, 0x0020, 0x1aad, 0x4d9b, 0x4ddd, 0x4dbc, 0x559b, 0x4ddd, 0x4ddc, 0x4475, 0x08e4, 0x0000, 0x0000, 0x0000, 0x0000, 0x18a1, 
	0x9b89, 0xfdb0, 0xfdaf, 0xfdb0, 0xfdb0, 0xfdaf, 0xfdb0, 0xa3aa, 0x1061, 0x0000, 0x0000, 0x0000, 0x0000, 0x0000, 0x0000, 0x0000, 
	0x0000, 0x0000, 0x0000, 0x0000, 0x0000, 0x0000, 0x0000, 0x0000, 0x0000, 0x0000, 0x0000, 0x0000, 0x0000, 0x0000, 0x0000, 0x0000, 
	0x0000, 0x0000, 0x0000, 0x0000, 0x0000, 0x5a25, 0xedb1, 0xfd8e, 0xfdb0, 0xfdb0, 0xfdb0, 0xfdb0, 0xfdb0, 0xfdb0, 0xfdb0, 0xfdb0, 
	0xfdb0, 0xfdb0, 0xfdb0, 0xfdb0, 0xfdb0, 0xfdb0, 0xfdb0, 0xfdb0, 0xfd8f, 0xfdb0, 0xfdb0, 0xfdb0, 0xccae, 0x51c5, 0x0020, 0x0000, 
	0x0000, 0x0000, 0x0000, 0x0000, 0x2081, 0x8b08, 0xe52e, 0xfdb0, 0xfdb0, 0xfdb0, 0xfdb0, 0xfdb0, 0xfdb0, 0xfdb0, 0xfdb0, 0xfdb0, 
	0xfdb0, 0xfdb0, 0xfdb0, 0xfdb0, 0xfdb0, 0xfdb0, 0xfdb0, 0xfdb0, 0xfdb0, 0xfdb0, 0xfdb0, 0xfdb0, 0xfdb0, 0xfdb0, 0xfdb0, 0xfdb0, 
	0xfdb0, 0xfdb0, 0xfdb0, 0xfdb0, 0xfdb0, 0xfdb0, 0xfdb0, 0xfdb0, 0xfdb0, 0xfdb0, 0xfdb0, 0xfdb0, 0xd636, 0xaedc, 0xaedd, 0xaedc, 
	0xaedc, 0xaedc, 0xaedc, 0xaedc, 0xaedc, 0xaedc, 0xaedc, 0xaedc, 0xaedc, 0xaedc, 0xaedc, 0xaedc, 0xaedc, 0xaedc, 0xaedc, 0xaedc, 
	0xaedc, 0xaedc, 0xaedc, 0xaedc, 0xaedc, 0xaedc, 0xaedc, 0xaedc, 0xaedc, 0xaedc, 0xaedc, 0xaedc, 0xaedc, 0xaedc, 0xaedc, 0xaedc, 
	0xaedc, 0xaedc, 0xaedc, 0xaedc, 0xaedc, 0xaedc, 0xaedc, 0xaedc, 0xaedc, 0xaedc, 0xaedc, 0xaedc, 0xaedc, 0xaedc, 0xaedc, 0xaedc, 
	0xaedc, 0xaedc, 0xaedc, 0xaedc, 0xaedc, 0xaedc, 0xaedc, 0xaedc, 0xaedc, 0xaedc, 0xaedc, 0xaedc, 0xaedc, 0xaedc, 0xaedc, 0xaedc, 
	0xaedc, 0xaedc, 0xaedc, 0xaedc, 0xaedc, 0xaedc, 0xaedc, 0xaedc, 0xaedc, 0xaedc, 0xaedc, 0xaedc, 0xaedc, 0xaedc, 0xaedc, 0xaedc, 
	0xaedc, 0xaedc, 0xaedc, 0xaedc, 0xaedc, 0xaedc, 0xaedc, 0xaedc, 0xb6bc, 0xaedc, 0xaefc, 0xb6dd, 0xaebc, 0xaefd, 0xb6dc, 0x8536, 
	0x18e4, 0x0000, 0x0000, 0x0000, 0x0000, 0x00a3, 0x3414, 0x4dbc, 0x55bc, 0x4dbc, 0x4dbb, 0x4dbc, 0x55bc, 0x4dbc, 0x4dbd, 0x3c14, 
	0x08c4, 0x0000, 0x0000, 0x0000, 0x0000, 0x1105, 0x3435, 0x4dbc, 0x4ddc, 0x4d9c, 0x4dbc, 0x457b, 0x228e, 0x0020, 0x0000, 0x0000, 
	0x0000, 0x0040, 0x222b, 0x4d7b, 0x4ddd, 0x4dbc, 0x4dbc, 0x55bc, 0x559c, 0x3d19, 0x11a9, 0x0000, 0x0020, 0x0000, 0x0000, 0x0021, 
	0x7ac8, 0xfd8f, 0xfdb0, 0xfd90, 0xfdd1, 0xfdb0, 0xfd8f, 0xa3eb, 0x1061, 0x0000, 0x0000, 0x0000, 0x0000, 0x0000, 0x0000, 0x0000, 
	0x0000, 0x0000, 0x0000, 0x0000, 0x0000, 0x0000, 0x0000, 0x0000, 0x0000, 0x0000, 0x0000, 0x0000, 0x0000, 0x0000, 0x0000, 0x0000, 
	0x0000, 0x0021, 0x0000, 0x0000, 0x0000, 0x5225, 0xed90, 0xfdb0, 0xfdd0, 0xfdb0, 0xfd8f, 0xfdb0, 0xfdb0, 0xfdb0, 0xfdb0, 0xfdb0, 
	0xfdb0, 0xfdb0, 0xfdb0, 0xfdb0, 0xfdb0, 0xfdb0, 0xfdb0, 0xfdb0, 0xfdd0, 0xfd8f, 0xfdd0, 0xfdb0, 0xf5b0, 0xb42c, 0x3922, 0x0000, 
	0x0000, 0x0000, 0x0000, 0x0020, 0x0000, 0x2080, 0x82a7, 0xe50e, 0xfdb1, 0xf5b0, 0xfd90, 0xfdb0, 0xfdaf, 0xfd8f, 0xfdd0, 0xfdb1, 
	0xfdb0, 0xfdb0, 0xfdd0, 0xfdb0, 0xfdb0, 0xfdb0, 0xfdb0, 0xfdb0, 0xfdb0, 0xfdb0, 0xfdd0, 0xfdb0, 0xf590, 0xfdd1, 0xfdb0, 0xfdb0, 
	0xfdb0, 0xfdb0, 0xfdb0, 0xfdb0, 0xfdb0, 0xfdb0, 0xfdb0, 0xfdb0, 0xfdb0, 0xfdb0, 0xfdb0, 0xfdb0, 0xd636, 0xaedc, 0xaedd, 0xaedc, 
	0xaedc, 0xaedc, 0xaedc, 0xaedc, 0xaedc, 0xaedc, 0xaedc, 0xaedc, 0xaedc, 0xaedc, 0xaedc, 0xaedc, 0xaedc, 0xaedc, 0xaedc, 0xaedc, 
	0xaedc, 0xaedc, 0xaedc, 0xaedc, 0xaedc, 0xaedc, 0xaedc, 0xaedc, 0xaedc, 0xaedc, 0xaedc, 0xaedc, 0xaedc, 0xaedc, 0xaedc, 0xaedc, 
	0xaedc, 0xaedc, 0xaedc, 0xaedc, 0xaedc, 0xaedc, 0xaedc, 0xaedc, 0xaedc, 0xaedc, 0xaedc, 0xaedc, 0xaedc, 0xaedc, 0xaedc, 0xaedc, 
	0xaedc, 0xaedc, 0xaedc, 0xaedc, 0xaedc, 0xaedc, 0xaedc, 0xaedc, 0xaedc, 0xaedc, 0xaedc, 0xaedc, 0xaedc, 0xaedc, 0xaedc, 0xaedc, 
	0xaedc, 0xaedc, 0xaedc, 0xaedc, 0xaedc, 0xaedc, 0xaedc, 0xaedc, 0xaedc, 0xaedc, 0xaedc, 0xaedc, 0xaedc, 0xaedc, 0xaedc, 0xaedc, 
	0xaedc, 0xaedc, 0xaedc, 0xaedc, 0xaedc, 0xaedc, 0xaedc, 0xaedc, 0xb6dd, 0xaedc, 0xaedc, 0xb6dd, 0xaebc, 0xaedd, 0xaebc, 0x6c72, 
	0x10a3, 0x0000, 0x0000, 0x0000, 0x0000, 0x1125, 0x3c76, 0x4dbc, 0x55bc, 0x4dbc, 0x4dbc, 0x4dbc, 0x55bc, 0x4dbc, 0x4dbd, 0x33f3, 
	0x08c3, 0x0000, 0x0000, 0x0000, 0x0000, 0x1105, 0x3c56, 0x4dbc, 0x4ddc, 0x4dbd, 0x4dbc, 0x4d9c, 0x22ce, 0x0020, 0x0000, 0x0000, 
	0x0000, 0x0020, 0x19ea, 0x4d5b, 0x4dbc, 0x4dbc, 0x4dbc, 0x4dbc, 0x55bc, 0x457a, 0x224b, 0x0000, 0x0000, 0x0000, 0x0000, 0x0000, 
	0x5a06, 0xed4f, 0xfdd0, 0xfdb0, 0xfdb1, 0xfdb0, 0xfdb0, 0xa3ab, 0x1082, 0x0000, 0x0021, 0x0000, 0x0000, 0x0000, 0x0000, 0x0000, 
	0x0000, 0x0000, 0x0000, 0x0000, 0x0000, 0x0000, 0x0000, 0x0000, 0x0000, 0x0000, 0x0000, 0x0000, 0x0000, 0x0000, 0x0000, 0x0000, 
	0x0000, 0x0000, 0x0000, 0x0800, 0x0000, 0x6205, 0xf590, 0xfd4e, 0xfdb0, 0xfdb0, 0xfdb0, 0xfdb0, 0xfdb0, 0xfdb0, 0xfdb0, 0xfdb0, 
	0xfdb0, 0xfdb0, 0xfdb0, 0xfdb0, 0xfdb0, 0xfdb0, 0xfdb0, 0xfdb0, 0xfd90, 0xfdd0, 0xfdb0, 0xfdb0, 0xfdd0, 0xe570, 0x938a, 0x30e1, 
	0x0000, 0x0000, 0x0020, 0x0000, 0x0000, 0x0000, 0x1860, 0x5a26, 0xcc6c, 0xf570, 0xfdd0, 0xfdb0, 0xfdb1, 0xf5b1, 0xfdb0, 0xfd8f, 
	0xfdb0, 0xfdb0, 0xfdb0, 0xfd90, 0xfd90, 0xfd90, 0xfdb0, 0xfdb0, 0xfdaf, 0xfdb0, 0xfdb0, 0xfdb0, 0xfd8f, 0xfd90, 0xfdb0, 0xfdd0, 
	0xfdb0, 0xfdb0, 0xfdb0, 0xfdb0, 0xfdb0, 0xfdb0, 0xfdb0, 0xfdb0, 0xfdb0, 0xfdb0, 0xfdb0, 0xfdb0, 0xd636, 0xaedc, 0xaedd, 0xaedc, 
	0xaedc, 0xaedc, 0xaedc, 0xaedc, 0xaedc, 0xaedc, 0xaedc, 0xaedc, 0xaedc, 0xaedc, 0xaedc, 0xaedc, 0xaedc, 0xaedc, 0xaedc, 0xaedc, 
	0xaedc, 0xaedc, 0xaedc, 0xaedc, 0xaedc, 0xaedc, 0xaedc, 0xaedc, 0xaedc, 0xaedc, 0xaedc, 0xaedc, 0xaedc, 0xaedc, 0xaedc, 0xaedc, 
	0xaedc, 0xaedc, 0xaedc, 0xaedc, 0xaedc, 0xaedc, 0xaedc, 0xaedc, 0xaedc, 0xaedc, 0xaedc, 0xaedc, 0xaedc, 0xaedc, 0xaedc, 0xaedc, 
	0xaedc, 0xaedc, 0xaedc, 0xaedc, 0xaedc, 0xaedc, 0xaedc, 0xaedc, 0xaedc, 0xaedc, 0xaedc, 0xaedc, 0xaedc, 0xaedc, 0xaedc, 0xaedc, 
	0xaedc, 0xaedc, 0xaedc, 0xaedc, 0xaedc, 0xaedc, 0xaedc, 0xaedc, 0xaedc, 0xaedc, 0xaedc, 0xaedc, 0xaedc, 0xaedc, 0xaedc, 0xaedc, 
	0xaedc, 0xaedc, 0xaedc, 0xaedc, 0xaedc, 0xaedc, 0xaedc, 0xaedc, 0xb6dc, 0xaedc, 0xaedc, 0xb6dd, 0xaebd, 0xaedc, 0xaebb, 0x536e, 
	0x0041, 0x0000, 0x0000, 0x0000, 0x0000, 0x19c9, 0x4d18, 0x4dbd, 0x55bc, 0x4dbc, 0x4dbc, 0x4dbc, 0x55bc, 0x4dbc, 0x4dbc, 0x33b2, 
	0x00a3, 0x0000, 0x0000, 0x0000, 0x0000, 0x1146, 0x3c97, 0x4dbc, 0x4dbc, 0x4dbc, 0x4dbc, 0x4dbc, 0x2b30, 0x0020, 0x0000, 0x0000, 
	0x0000, 0x0020, 0x11a9, 0x4d5a, 0x4dbc, 0x55dc, 0x4dbc, 0x4dbc, 0x55bc, 0x4dbb, 0x2b2f, 0x0021, 0x0000, 0x0000, 0x0000, 0x0000, 
	0x3963, 0xd4ce, 0xfdd0, 0xfdd1, 0xfdb1, 0xfd90, 0xfdb0, 0xabca, 0x1060, 0x0820, 0x0000, 0x0000, 0x0000, 0x0000, 0x0000, 0x0000, 
	0x0000, 0x0000, 0x0020, 0x0000, 0x0000, 0x0000, 0x0000, 0x0000, 0x0020, 0x0000, 0x0000, 0x0000, 0x0000, 0x0000, 0x0000, 0x0000, 
	0x0820, 0x0000, 0x0000, 0x0000, 0x0000, 0x5a26, 0xed90, 0xfdb0, 0xf590, 0xfdb0, 0xfdb1, 0xfdb0, 0xfdb0, 0xfdb0, 0xfdb0, 0xfd8f, 
	0xfdb0, 0xfdb0, 0xfdb0, 0xfdb0, 0xfdb0, 0xfdb0, 0xfdb0, 0xfdb0, 0xfdb0, 0xfdd1, 0xfd90, 0xfdb0, 0xfdaf, 0xfdf1, 0xed70, 0x9348, 
	0x20c2, 0x0000, 0x0000, 0x0020, 0x0000, 0x0000, 0x0021, 0x0042, 0x4142, 0x9b69, 0xe50e, 0xfd8f, 0xfdb0, 0xfdd0, 0xfdd0, 0xfdb0, 
	0xfdb0, 0xfdb0, 0xfdb0, 0xfdb0, 0xfdb0, 0xfdb0, 0xfd90, 0xfdb0, 0xfdb0, 0xfdb0, 0xfdb0, 0xfdb0, 0xfdb0, 0xfdb0, 0xfdb0, 0xfdb0, 
	0xfdb0, 0xfdb0, 0xfdb0, 0xfdb0, 0xfdb0, 0xfdb0, 0xfdb0, 0xfdb0, 0xfdb0, 0xfdb0, 0xfdb0, 0xfdb0, 0xd636, 0xaedc, 0xaedd, 0xaedc, 
	0xaedc, 0xaedc, 0xaedc, 0xaedc, 0xaedc, 0xaedc, 0xaedc, 0xaedc, 0xaedc, 0xaedc, 0xaedc, 0xaedc, 0xaedc, 0xaedc, 0xaedc, 0xaedc, 
	0xaedc, 0xaedc, 0xaedc, 0xaedc, 0xaedc, 0xaedc, 0xaedc, 0xaedc, 0xaedc, 0xaedc, 0xaedc, 0xaedc, 0xaedc, 0xaedc, 0xaedc, 0xaedc, 
	0xaedc, 0xaedc, 0xaedc, 0xaedc, 0xaedc, 0xaedc, 0xaedc, 0xaedc, 0xaedc, 0xaedc, 0xaedc, 0xaedc, 0xaedc, 0xaedc, 0xaedc, 0xaedc, 
	0xaedc, 0xaedc, 0xaedc, 0xaedc, 0xaedc, 0xaedc, 0xaedc, 0xaedc, 0xaedc, 0xaedc, 0xaedc, 0xaedc, 0xaedc, 0xaedc, 0xaedc, 0xaedc, 
	0xaedc, 0xaedc, 0xaedc, 0xaedc, 0xaedc, 0xaedc, 0xaedc, 0xaedc, 0xaedc, 0xaedc, 0xaedc, 0xaedc, 0xaedc, 0xaedc, 0xaedc, 0xaedc, 
	0xaedc, 0xaedc, 0xaedc, 0xaedc, 0xaedc, 0xaedc, 0xaedc, 0xaedc, 0xaedc, 0xaedd, 0xaedc, 0xb6dd, 0xaedd, 0xaefc, 0xae7a, 0x3a8b, 
	0x0000, 0x0000, 0x0000, 0x0000, 0x0000, 0x228c, 0x4d7a, 0x4dbc, 0x4dbc, 0x4dbc, 0x4dbc, 0x4dbc, 0x55bc, 0x4dbc, 0x4dbc, 0x3391, 
	0x0082, 0x0000, 0x0000, 0x0000, 0x0000, 0x1167, 0x3cd8, 0x4dbc, 0x4dbc, 0x4ddd, 0x4dbc, 0x55bd, 0x3371, 0x0041, 0x0000, 0x0000, 
	0x0000, 0x0000, 0x1168, 0x4539, 0x4dbc, 0x55dc, 0x4dbc, 0x4dbc, 0x4dbc, 0x45bb, 0x33f2, 0x08a4, 0x0800, 0x0000, 0x0000, 0x0000, 
	0x28e2, 0xb42c, 0xfdb0, 0xfdb0, 0xfdb1, 0xfd8f, 0xfdb0, 0xcc8d, 0x7aa6, 0x51e6, 0x1041, 0x0000, 0x0000, 0x0000, 0x0000, 0x0000, 
	0x0000, 0x0000, 0x0000, 0x0000, 0x0000, 0x0000, 0x0000, 0x0000, 0x0000, 0x0000, 0x0000, 0x0000, 0x0000, 0x0000, 0x0820, 0x20e3, 
	0x51a5, 0x6227, 0x6a47, 0x6a46, 0x6a66, 0x9b8a, 0xed90, 0xfdb0, 0xfdd1, 0xfdd0, 0xfdb0, 0xfdb0, 0xfdb0, 0xfdb0, 0xfdb0, 0xfdb0, 
	0xfdb0, 0xfdb0, 0xfdb0, 0xfdb0, 0xfdb0, 0xfdb0, 0xfdb0, 0xfdb0, 0xfdb0, 0xfdb0, 0xfdb0, 0xfdb0, 0xfdaf, 0xfdb0, 0xfdb0, 0xed6f, 
	0x936a, 0x28c1, 0x0000, 0x0000, 0x0000, 0x0800, 0x0000, 0x0021, 0x0000, 0x20a1, 0x6246, 0xb40c, 0xed4f, 0xfdb0, 0xfdb0, 0xfd90, 
	0xfdb0, 0xfdb0, 0xfdb0, 0xfdb0, 0xfdb0, 0xfd90, 0xfd90, 0xfdb0, 0xfdd1, 0xfdb1, 0xfdb0, 0xfdb0, 0xfdb0, 0xfdb0, 0xfdb0, 0xfd90, 
	0xfdb0, 0xfdb0, 0xfdb0, 0xfdb0, 0xfdb0, 0xfdb0, 0xfdb0, 0xfdb0, 0xfdb0, 0xfdb0, 0xfdb0, 0xfdb0, 0xd636, 0xaedc, 0xaedd, 0xaedc, 
	0xaedc, 0xaedc, 0xaedc, 0xaedc, 0xaedc, 0xaedc, 0xaedc, 0xaedc, 0xaedc, 0xaedc, 0xaedc, 0xaedc, 0xaedc, 0xaedc, 0xaedc, 0xaedc, 
	0xaedc, 0xaedc, 0xaedc, 0xaedc, 0xaedc, 0xaedc, 0xaedc, 0xaedc, 0xaedc, 0xaedc, 0xaedc, 0xaedc, 0xaedc, 0xaedc, 0xaedc, 0xaedc, 
	0xaedc, 0xaedc, 0xaedc, 0xaedc, 0xaedc, 0xaedc, 0xaedc, 0xaedc, 0xaedc, 0xaedc, 0xaedc, 0xaedc, 0xaedc, 0xaedc, 0xaedc, 0xaedc, 
	0xaedc, 0xaedc, 0xaedc, 0xaedc, 0xaedc, 0xaedc, 0xaedc, 0xaedc, 0xaedc, 0xaedc, 0xaedc, 0xaedc, 0xaedc, 0xaedc, 0xaedc, 0xaedc, 
	0xaedc, 0xaedc, 0xaedc, 0xaedc, 0xaedc, 0xaedc, 0xaedc, 0xaedc, 0xaedc, 0xaedc, 0xaedc, 0xaedc, 0xaedc, 0xaedc, 0xaedc, 0xaedc, 
	0xaedc, 0xaedc, 0xaedc, 0xaedc, 0xaedc, 0xaedc, 0xaedc, 0xaedc, 0xaedc, 0xaefd, 0xaedc, 0xaedc, 0xaedd, 0xaedc, 0x9dd8, 0x29c8, 
	0x0000, 0x0000, 0x0000, 0x0000, 0x0061, 0x2b30, 0x559c, 0x4ddc, 0x4dbc, 0x4dbc, 0x4dbc, 0x4dbd, 0x4dbc, 0x4dbc, 0x4dbc, 0x2b50, 
	0x0061, 0x0000, 0x0000, 0x0000, 0x0000, 0x1187, 0x44f9, 0x4dbc, 0x4dbc, 0x4ddc, 0x4dbb, 0x55bd, 0x33d3, 0x0062, 0x0000, 0x0000, 
	0x0000, 0x0000, 0x1126, 0x44f8, 0x4dbc, 0x4ddc, 0x4dbc, 0x55bc, 0x4dbc, 0x45dc, 0x3c96, 0x1127, 0x0000, 0x0000, 0x0000, 0x0000, 
	0x1060, 0x936a, 0xfd8f, 0xfdb0, 0xfdb0, 0xfdaf, 0xfdb0, 0xf590, 0xed6f, 0x832a, 0x18a2, 0x0000, 0x0000, 0x0000, 0x0000, 0x0000, 
	0x0000, 0x0000, 0x0000, 0x0000, 0x0000, 0x0000, 0x0000, 0x0000, 0x0000, 0x0000, 0x0000, 0x0000, 0x0000, 0x0000, 0x0820, 0x18c2, 
	0x5206, 0x936a, 0xccad, 0xed4f, 0xfd8f, 0xfd8f, 0xfdb0, 0xfd90, 0xfd6f, 0xfd8f, 0xfd90, 0xfdb0, 0xfdb0, 0xfdb0, 0xfdb0, 0xfdd0, 
	0xfdb0, 0xfdb0, 0xfdb0, 0xfdb0, 0xfdb0, 0xfdb0, 0xfdb0, 0xfdb0, 0xfdb0, 0xfdb0, 0xfdb0, 0xfdb0, 0xfdb0, 0xfdb0, 0xfd90, 0xfdd1, 
	0xed4f, 0xa3cb, 0x3102, 0x0000, 0x0000, 0x0000, 0x0000, 0x0000, 0x0000, 0x0000, 0x0020, 0x20c2, 0x5a06, 0xa3cb, 0xdd0f, 0xf570, 
	0xfd8f, 0xfdaf, 0xfdd0, 0xfdaf, 0xfd8f, 0xfdb0, 0xfdd0, 0xfdd1, 0xfdb0, 0xfdb0, 0xfd90, 0xfdb0, 0xfdb0, 0xfdb0, 0xfdb0, 0xfdb0, 
	0xfdb0, 0xfdb0, 0xfdb0, 0xfdb0, 0xfdb0, 0xfdb0, 0xfdb0, 0xfdb0, 0xfdb0, 0xfdb0, 0xfdb0, 0xfdb0, 0xd636, 0xaedc, 0xaedd, 0xaedc, 
	0xaedc, 0xaedc, 0xaedc, 0xaedc, 0xaedc, 0xaedc, 0xaedc, 0xaedc, 0xaedc, 0xaedc, 0xaedc, 0xaedc, 0xaedc, 0xaedc, 0xaedc, 0xaedc, 
	0xaedc, 0xaedc, 0xaedc, 0xaedc, 0xaedc, 0xaedc, 0xaedc, 0xaedc, 0xaedc, 0xaedc, 0xaedc, 0xaedc, 0xaedc, 0xaedc, 0xaedc, 0xaedc, 
	0xaedc, 0xaedc, 0xaedc, 0xaedc, 0xaedc, 0xaedc, 0xaedc, 0xaedc, 0xaedc, 0xaedc, 0xaedc, 0xaedc, 0xaedc, 0xaedc, 0xaedc, 0xaedc, 
	0xaedc, 0xaedc, 0xaedc, 0xaedc, 0xaedc, 0xaedc, 0xaedc, 0xaedc, 0xaedc, 0xaedc, 0xaedc, 0xaedc, 0xaedc, 0xaedc, 0xaedc, 0xaedc, 
	0xaedc, 0xaedc, 0xaedc, 0xaedc, 0xaedc, 0xaedc, 0xaedc, 0xaedc, 0xaedc, 0xaedc, 0xaedc, 0xaedc, 0xaedc, 0xaedc, 0xaedc, 0xaedc, 
	0xaedc, 0xaedc, 0xaedc, 0xaedc, 0xaedc, 0xaedc, 0xaedc, 0xaedc, 0xaedc, 0xaedc, 0xaedc, 0xaedc, 0xaedd, 0xaefc, 0x8535, 0x1925, 
	0x0000, 0x0000, 0x0000, 0x0000, 0x00c4, 0x33f3, 0x4d9c, 0x4ddc, 0x4dbc, 0x4ddc, 0x4dbc, 0x4dbd, 0x4dbc, 0x4dbc, 0x55bc, 0x2b30, 
	0x0021, 0x0000, 0x0000, 0x0000, 0x0000, 0x11c8, 0x4539, 0x4dbd, 0x4d9c, 0x4ddc, 0x4d9b, 0x55bd, 0x3414, 0x00a3, 0x0000, 0x0000, 
	0x0000, 0x0000, 0x0906, 0x3c96, 0x55bc, 0x4dbc, 0x4dbc, 0x55bc, 0x4dbc, 0x4dfc, 0x4518, 0x11a9, 0x0000, 0x0000, 0x0000, 0x0000, 
	0x0000, 0x7ac8, 0xf590, 0xfdb0, 0xfd90, 0xfdaf, 0xfdb0, 0xfdd1, 0xcc8c, 0x4143, 0x0000, 0x0000, 0x0000, 0x0021, 0x0000, 0x0000, 
	0x0840, 0x20e2, 0x3144, 0x3164, 0x20c2, 0x0820, 0x0020, 0x0000, 0x0000, 0x0000, 0x0000, 0x0000, 0x0000, 0x0000, 0x0000, 0x0000, 
	0x0020, 0x1880, 0x4163, 0x7ae8, 0xbc2b, 0xe54f, 0xfdb0, 0xfdb0, 0xfdd0, 0xfdb0, 0xfdb0, 0xfdb0, 0xfdb0, 0xfdb0, 0xfdb0, 0xfdb0, 
	0xfdb0, 0xfdb0, 0xfdb0, 0xfdb0, 0xfdb0, 0xfdb0, 0xfdb0, 0xfdb0, 0xfdb0, 0xfdb0, 0xfdb0, 0xfdd0, 0xfdb0, 0xfdb0, 0xfdd0, 0xfd90, 
	0xfdb0, 0xf570, 0xabcb, 0x4984, 0x0841, 0x0001, 0x0000, 0x0000, 0x0000, 0x0000, 0x0000, 0x0000, 0x0020, 0x1881, 0x4964, 0x7ac7, 
	0xb42c, 0xccad, 0xdd2f, 0xed70, 0xfdb0, 0xfdd0, 0xfdcf, 0xfdaf, 0xfdaf, 0xfdb0, 0xfdd0, 0xfdd0, 0xfdb0, 0xfdd1, 0xfd90, 0xfdd0, 
	0xfdb0, 0xfdb0, 0xfdb0, 0xfdb0, 0xfdb0, 0xfdb0, 0xfdb0, 0xfdb0, 0xfdb0, 0xfdb0, 0xfdb0, 0xfdb0, 0xd636, 0xaedc, 0xaedd, 0xaedc, 
	0xaedc, 0xaedc, 0xaedc, 0xaedc, 0xaedc, 0xaedc, 0xaedc, 0xaedc, 0xaedc, 0xaedc, 0xaedc, 0xaedc, 0xaedc, 0xaedc, 0xaedc, 0xaedc, 
	0xaedc, 0xaedc, 0xaedc, 0xaedc, 0xaedc, 0xaedc, 0xaedc, 0xaedc, 0xaedc, 0xaedc, 0xaedc, 0xaedc, 0xaedc, 0xaedc, 0xaedc, 0xaedc, 
	0xaedc, 0xaedc, 0xaedc, 0xaedc, 0xaedc, 0xaedc, 0xaedc, 0xaedc, 0xaedc, 0xaedc, 0xaedc, 0xaedc, 0xaedc, 0xaedc, 0xaedc, 0xaedc, 
	0xaedc, 0xaedc, 0xaedc, 0xaedc, 0xaedc, 0xaedc, 0xaedc, 0xaedc, 0xaedc, 0xaedc, 0xaedc, 0xaedc, 0xaedc, 0xaedc, 0xaedc, 0xaedc, 
	0xaedc, 0xaedc, 0xaedc, 0xaedc, 0xaedc, 0xaedc, 0xaedc, 0xaedc, 0xaedc, 0xaedc, 0xaedc, 0xaedc, 0xaedc, 0xaedc, 0xaedc, 0xaedc, 
	0xaedc, 0xaedc, 0xaedc, 0xaedc, 0xaedc, 0xaedc, 0xaedc, 0xaedc, 0xaedc, 0xaedc, 0xaedd, 0xaedd, 0xaedd, 0xaedc, 0x6c51, 0x1083, 
	0x0000, 0x0000, 0x0000, 0x0000, 0x1146, 0x44b6, 0x4dbd, 0x4dbc, 0x4dbc, 0x4ddc, 0x4dbc, 0x4dbd, 0x4dbc, 0x4dbc, 0x4dbc, 0x2aef, 
	0x0000, 0x0000, 0x0000, 0x0000, 0x0000, 0x19e9, 0x4d7a, 0x4dbd, 0x55bc, 0x4ddc, 0x55bc, 0x55bd, 0x3435, 0x08e4, 0x0000, 0x0000, 
	0x0000, 0x0000, 0x08e5, 0x3435, 0x55bc, 0x4dbc, 0x4dbc, 0x55bc, 0x4dbc, 0x55dd, 0x4d7a, 0x226d, 0x0020, 0x0000, 0x0000, 0x0000, 
	0x0000, 0x5206, 0xe50e, 0xfdb0, 0xfd90, 0xfdaf, 0xf5b0, 0xf54f, 0x82e8, 0x1040, 0x0000, 0x0020, 0x0000, 0x0000, 0x0000, 0x2902, 
	0x8329, 0xb4af, 0xddb3, 0xddd3, 0xbccf, 0x834a, 0x49e5, 0x20a1, 0x0820, 0x0000, 0x0000, 0x0000, 0x0000, 0x0000, 0x0000, 0x0000, 
	0x0020, 0x0000, 0x0000, 0x0862, 0x28c2, 0x6226, 0x9b8b, 0xdcae, 0xed70, 0xf5b1, 0xfdb1, 0xfd90, 0xfd8f, 0xfdb0, 0xfdb0, 0xfdb0, 
	0xfdb0, 0xfdb0, 0xfdb0, 0xfdb0, 0xfdb0, 0xfdb0, 0xfdb0, 0xfdb0, 0xfdb0, 0xfd90, 0xfdb0, 0xfdb0, 0xfd90, 0xfd90, 0xfdd0, 0xfdb0, 
	0xfd90, 0xfdb0, 0xfd90, 0xc48d, 0x5a06, 0x1040, 0x0000, 0x0000, 0x0000, 0x0000, 0x0800, 0x0000, 0x0000, 0x0000, 0x0000, 0x0840, 
	0x1881, 0x3123, 0x5a06, 0x7ac8, 0x9349, 0xabca, 0xb40b, 0xb40b, 0xb42c, 0xb42c, 0xabeb, 0xabeb, 0xbc2c, 0xed91, 0xfd90, 0xfdb0, 
	0xfdb0, 0xfdb0, 0xfdb0, 0xfdb0, 0xfdb0, 0xfdb0, 0xfdb0, 0xfdb0, 0xfdb0, 0xfdb0, 0xfdb0, 0xfdb0, 0xd636, 0xaedc, 0xaedd, 0xaedc, 
	0xaedc, 0xaedc, 0xaedc, 0xaedc, 0xaedc, 0xaedc, 0xaedc, 0xaedc, 0xaedc, 0xaedc, 0xaedc, 0xaedc, 0xaedc, 0xaedc, 0xaedc, 0xaedc, 
	0xaedc, 0xaedc, 0xaedc, 0xaedc, 0xaedc, 0xaedc, 0xaedc, 0xaedc, 0xaedc, 0xaedc, 0xaedc, 0xaedc, 0xaedc, 0xaedc, 0xaedc, 0xaedc, 
	0xaedc, 0xaedc, 0xaedc, 0xaedc, 0xaedc, 0xaedc, 0xaedc, 0xaedc, 0xaedc, 0xaedc, 0xaedc, 0xaedc, 0xaedc, 0xaedc, 0xaedc, 0xaedc, 
	0xaedc, 0xaedc, 0xaedc, 0xaedc, 0xaedc, 0xaedc, 0xaedc, 0xaedc, 0xaedc, 0xaedc, 0xaedc, 0xaedc, 0xaedc, 0xaedc, 0xaedc, 0xaedc, 
	0xaedc, 0xaedc, 0xaedc, 0xaedc, 0xaedc, 0xaedc, 0xaedc, 0xaedc, 0xaedc, 0xaedc, 0xaedc, 0xaedc, 0xaedc, 0xaedc, 0xaedc, 0xaedc, 
	0xaedc, 0xaedc, 0xaedc, 0xaedc, 0xaedc, 0xaedc, 0xaedc, 0xaedc, 0xb6fd, 0xaedc, 0xb6dd, 0xb6dd, 0xaedc, 0xaebb, 0x538e, 0x0001, 
	0x0000, 0x0000, 0x0020, 0x0000, 0x19a7, 0x4d39, 0x4dbd, 0x4ddc, 0x4dbc, 0x4ddc, 0x559c, 0x55bd, 0x4dbc, 0x4dbc, 0x4dbc, 0x22ce, 
	0x0000, 0x0000, 0x0000, 0x0000, 0x0000, 0x19e9, 0x4d9b, 0x4dbd, 0x55bc, 0x45dc, 0x55dc, 0x55bd, 0x3c75, 0x0925, 0x0000, 0x0000, 
	0x0000, 0x0000, 0x08c4, 0x2bf4, 0x55bc, 0x4dbc, 0x4ddc, 0x4d9c, 0x4dbc, 0x55bc, 0x4d9b, 0x2b0f, 0x0081, 0x0000, 0x0000, 0x0020, 
	0x0000, 0x3943, 0xcc6c, 0xfdb0, 0xfdb1, 0xfdb0, 0xf5b1, 0xe4ed, 0x41a5, 0x0000, 0x0000, 0x0000, 0x0000, 0x0000, 0x3144, 0xa40c, 
	0xedd3, 0xfe54, 0xfe33, 0xfe13, 0xfe33, 0xf634, 0xd572, 0x9c0d, 0x5a89, 0x2903, 0x0820, 0x0000, 0x0000, 0x0000, 0x0000, 0x0000, 
	0x0000, 0x0000, 0x0000, 0x0000, 0x0000, 0x0820, 0x10a1, 0x41a4, 0x92e7, 0xbc2c, 0xed70, 0xfdb0, 0xfdb0, 0xfdb0, 0xfdb0, 0xfd90, 
	0xfdb0, 0xfdb0, 0xfdb0, 0xfdb0, 0xfdb0, 0xfdb0, 0xfdb0, 0xfdb0, 0xfdb0, 0xfdb0, 0xfdd0, 0xfd90, 0xfdb0, 0xfdd0, 0xfdb0, 0xfdaf, 
	0xfdb0, 0xfd90, 0xfdb0, 0xfd90, 0xdcee, 0x9328, 0x2902, 0x0021, 0x0000, 0x0000, 0x0000, 0x0000, 0x0000, 0x0000, 0x0000, 0x0000, 
	0x0000, 0x0000, 0x0000, 0x0800, 0x0820, 0x1041, 0x1082, 0x18c3, 0x20a2, 0x20c2, 0x1861, 0x1840, 0x51a3, 0xccee, 0xfdb0, 0xfdaf, 
	0xfdb0, 0xfdb0, 0xfdb0, 0xfdb0, 0xfdb0, 0xfdb0, 0xfdb0, 0xfdb0, 0xfdb0, 0xfdb0, 0xfdb0, 0xfdb0, 0xd636, 0xaedc, 0xaedd, 0xaedc, 
	0xaedc, 0xaedc, 0xaedc, 0xaedc, 0xaedc, 0xaedc, 0xaedc, 0xaedc, 0xaedc, 0xaedc, 0xaedc, 0xaedc, 0xaedc, 0xaedc, 0xaedc, 0xaedc, 
	0xaedc, 0xaedc, 0xaedc, 0xaedc, 0xaedc, 0xaedc, 0xaedc, 0xaedc, 0xaedc, 0xaedc, 0xaedc, 0xaedc, 0xaedc, 0xaedc, 0xaedc, 0xaedc, 
	0xaedc, 0xaedc, 0xaedc, 0xaedc, 0xaedc, 0xaedc, 0xaedc, 0xaedc, 0xaedc, 0xaedc, 0xaedc, 0xaedc, 0xaedc, 0xaedc, 0xaedc, 0xaedc, 
	0xaedc, 0xaedc, 0xaedc, 0xaedc, 0xaedc, 0xaedc, 0xaedc, 0xaedc, 0xaedc, 0xaedc, 0xaedc, 0xaedc, 0xaedc, 0xaedc, 0xaedc, 0xaedc, 
	0xaedc, 0xaedc, 0xaedc, 0xaedc, 0xaedc, 0xaedc, 0xaedc, 0xaedc, 0xaedc, 0xaedc, 0xaedc, 0xaedc, 0xaedc, 0xaedc, 0xaedc, 0xaedc, 
	0xaedc, 0xaedc, 0xaedc, 0xaedc, 0xaedc, 0xaedc, 0xaedc, 0xaedc, 0xb6bd, 0xaefc, 0xaefc, 0xaebc, 0xb6fe, 0x9e19, 0x42ab, 0x0000, 
	0x0000, 0x0000, 0x0000, 0x0020, 0x2a4c, 0x457b, 0x55dc, 0x4d9c, 0x4dbc, 0x4ddc, 0x4dbc, 0x4dbc, 0x55bc, 0x4d9c, 0x557b, 0x22ae, 
	0x0020, 0x0000, 0x0000, 0x0000, 0x0000, 0x224b, 0x4d7b, 0x4dbd, 0x4dbc, 0x4dbc, 0x4dbc, 0x55dd, 0x4497, 0x0967, 0x0000, 0x0000, 
	0x0000, 0x0000, 0x08a2, 0x3391, 0x4dbc, 0x4dbd, 0x55bc, 0x4dbc, 0x55bc, 0x4dbc, 0x4dbc, 0x3435, 0x08a4, 0x0020, 0x0000, 0x0000, 
	0x0000, 0x1881, 0xb44d, 0xfdaf, 0xfdb0, 0xfdb1, 0xfdaf, 0xac0b, 0x20a1, 0x0000, 0x0000, 0x0000, 0x0000, 0x1061, 0x8b4a, 0xf613, 
	0xfe54, 0xfe54, 0xfe54, 0xfe34, 0xfe54, 0xfe54, 0xfe54, 0xfe54, 0xedb1, 0xc4ae, 0x832a, 0x41a5, 0x1082, 0x0000, 0x0000, 0x0000, 
	0x0000, 0x0000, 0x0000, 0x0000, 0x0000, 0x0000, 0x0000, 0x0000, 0x0841, 0x2903, 0x6246, 0xa3ca, 0xdd0e, 0xf5b0, 0xfdaf, 0xfdb0, 
	0xfdd1, 0xfdd0, 0xfd8f, 0xfdaf, 0xfdb0, 0xfdb1, 0xfdb0, 0xfdb0, 0xfdb0, 0xfdb0, 0xfdb0, 0xfdb0, 0xfdb0, 0xfdb0, 0xfdb0, 0xfdb0, 
	0xfdb0, 0xfdb0, 0xfdd0, 0xfdb0, 0xfd90, 0xf570, 0xbc2c, 0x6a25, 0x18c3, 0x0020, 0x0000, 0x0000, 0x0000, 0x0000, 0x0000, 0x0000, 
	0x0000, 0x0000, 0x0000, 0x0000, 0x0000, 0x0000, 0x0000, 0x0000, 0x0000, 0x0000, 0x0000, 0x0000, 0x30e2, 0xd4ad, 0xfdaf, 0xfdb0, 
	0xfdb0, 0xfdb0, 0xfdb0, 0xfdb0, 0xfdb0, 0xfdb0, 0xfdb0, 0xfdb0, 0xfdb0, 0xfdb0, 0xfdb0, 0xfdb0, 0xd636, 0xaedc, 0xaedd, 0xaedc, 
	0xaedc, 0xaedc, 0xaedc, 0xaedc, 0xaedc, 0xaedc, 0xaedc, 0xaedc, 0xaedc, 0xaedc, 0xaedc, 0xaedc, 0xaedc, 0xaedc, 0xaedc, 0xaedc, 
	0xaedc, 0xaedc, 0xaedc, 0xaedc, 0xaedc, 0xaedc, 0xaedc, 0xaedc, 0xaedc, 0xaedc, 0xaedc, 0xaedc, 0xaedc, 0xaedc, 0xaedc, 0xaedc, 
	0xaedc, 0xaedc, 0xaedc, 0xaedc, 0xaedc, 0xaedc, 0xaedc, 0xaedc, 0xaedc, 0xaedc, 0xaedc, 0xaedc, 0xaedc, 0xaedc, 0xaedc, 0xaedc, 
	0xaedc, 0xaedc, 0xaedc, 0xaedc, 0xaedc, 0xaedc, 0xaedc, 0xaedc, 0xaedc, 0xaedc, 0xaedc, 0xaedc, 0xaedc, 0xaedc, 0xaedc, 0xaedc, 
	0xaedc, 0xaedc, 0xaedc, 0xaedc, 0xaedc, 0xaedc, 0xaedc, 0xaedc, 0xaedc, 0xaedc, 0xaedc, 0xaedc, 0xaedc, 0xaedc, 0xaedc, 0xaedc, 
	0xaedc, 0xaedc, 0xaedc, 0xaedc, 0xaedc, 0xaedc, 0xaedc, 0xaedc, 0xaebd, 0xaedc, 0xaefc, 0xaedc, 0xb6dd, 0x95d8, 0x29e8, 0x0000, 
	0x0000, 0x0000, 0x0000, 0x0061, 0x330f, 0x459c, 0x55dc, 0x4dbc, 0x55bc, 0x4ddc, 0x4dbc, 0x55bc, 0x55bd, 0x4dbd, 0x4d5a, 0x1a4c, 
	0x0000, 0x0000, 0x0000, 0x0020, 0x0000, 0x1a6c, 0x4d7b, 0x4dbc, 0x4dbc, 0x4dbc, 0x4dbc, 0x55bd, 0x44d8, 0x11a8, 0x0000, 0x0000, 
	0x0000, 0x0000, 0x0062, 0x3370, 0x4dbc, 0x4dbc, 0x4dbc, 0x4dbc, 0x4dbc, 0x4ddc, 0x55dd, 0x44b7, 0x0905, 0x0000, 0x0000, 0x0000, 
	0x0000, 0x1040, 0x938a, 0xfd8f, 0xfdb0, 0xfdb0, 0xfd8f, 0x9b8a, 0x1040, 0x0000, 0x0000, 0x0000, 0x0000, 0x3985, 0xcd10, 0xfe34, 
	0xfe54, 0xfe54, 0xfe54, 0xfe54, 0xfe54, 0xfe33, 0xfe34, 0xfe54, 0xfe75, 0xf654, 0xee13, 0xd551, 0x9bec, 0x5a47, 0x28e2, 0x0820, 
	0x0020, 0x0000, 0x0000, 0x0000, 0x0000, 0x0000, 0x0000, 0x0000, 0x0000, 0x0000, 0x0820, 0x2081, 0x51c4, 0x9349, 0xccce, 0xf5b0, 
	0xfd8f, 0xfdb0, 0xfdd1, 0xfdb0, 0xfdb0, 0xfd8f, 0xfd90, 0xfdb0, 0xfdb0, 0xfdb0, 0xfdd0, 0xfdb0, 0xfdb0, 0xfd90, 0xfdb0, 0xfdb0, 
	0xfdd0, 0xfdb0, 0xfdb0, 0xfdb0, 0xfd8f, 0xfdd0, 0xf5b1, 0xdd30, 0xabca, 0x6a25, 0x20a0, 0x0020, 0x0000, 0x0021, 0x0020, 0x0000, 
	0x0000, 0x0000, 0x0000, 0x0000, 0x0000, 0x0001, 0x0001, 0x0001, 0x0000, 0x0000, 0x0000, 0x0021, 0x20a1, 0xc46c, 0xfdb0, 0xfdb0, 
	0xfdb0, 0xfdb0, 0xfdb0, 0xfdb0, 0xfdb0, 0xfdb0, 0xfdb0, 0xfdb0, 0xfdb0, 0xfdb0, 0xfdb0, 0xfdb0, 0xd636, 0xaedc, 0xaedd, 0xaedc, 
	0xaedc, 0xaedc, 0xaedc, 0xaedc, 0xaedc, 0xaedc, 0xaedc, 0xaedc, 0xaedc, 0xaedc, 0xaedc, 0xaedc, 0xaedc, 0xaedc, 0xaedc, 0xaedc, 
	0xaedc, 0xaedc, 0xaedc, 0xaedc, 0xaedc, 0xaedc, 0xaedc, 0xaedc, 0xaedc, 0xaedc, 0xaedc, 0xaedc, 0xaedc, 0xaedc, 0xaedc, 0xaedc, 
	0xaedc, 0xaedc, 0xaedc, 0xaedc, 0xaedc, 0xaedc, 0xaedc, 0xaedc, 0xaedc, 0xaedc, 0xaedc, 0xaedc, 0xaedc, 0xaedc, 0xaedc, 0xaedc, 
	0xaedc, 0xaedc, 0xaedc, 0xaedc, 0xaedc, 0xaedc, 0xaedc, 0xaedc, 0xaedc, 0xaedc, 0xaedc, 0xaedc, 0xaedc, 0xaedc, 0xaedc, 0xaedc, 
	0xaedc, 0xaedc, 0xaedc, 0xaedc, 0xaedc, 0xaedc, 0xaedc, 0xaedc, 0xaedc, 0xaedc, 0xaedc, 0xaedc, 0xaedc, 0xaedc, 0xaedc, 0xaedc, 
	0xaedc, 0xaedc, 0xaedc, 0xaedc, 0xaedc, 0xaedc, 0xaedc, 0xaedc, 0xb6dd, 0xaedc, 0xaefc, 0xb6dd, 0xb6dd, 0x8556, 0x0904, 0x0000, 
	0x0000, 0x0000, 0x0000, 0x0883, 0x3c13, 0x45bc, 0x4dbc, 0x4dbc, 0x559d, 0x4dbc, 0x4dbc, 0x55bc, 0x4dbc, 0x4ddd, 0x4559, 0x224b, 
	0x0000, 0x0000, 0x0000, 0x0000, 0x0001, 0x228d, 0x559b, 0x55dc, 0x4dbc, 0x4dbc, 0x4dbc, 0x4dbd, 0x4d19, 0x11e9, 0x0000, 0x0000, 
	0x0000, 0x0000, 0x0021, 0x2b2f, 0x4dbc, 0x4d9c, 0x4dbc, 0x4dbc, 0x4dbc, 0x4ddc, 0x4dbd, 0x4d39, 0x19c9, 0x0000, 0x0000, 0x0000, 
	0x0000, 0x0820, 0x7287, 0xf54f, 0xfdb0, 0xfdb0, 0xfd8f, 0x8308, 0x0020, 0x0000, 0x0000, 0x0000, 0x0000, 0x5206, 0xedd2, 0xfe54, 
	0xfe54, 0xfe34, 0xfe34, 0xfe34, 0xfe54, 0xfe54, 0xfe54, 0xfe54, 0xf654, 0xfe54, 0xfe53, 0xfe33, 0xfe33, 0xe5d3, 0xb48f, 0x7b2a, 
	0x3985, 0x18a1, 0x0000, 0x0000, 0x0000, 0x0000, 0x0000, 0x0000, 0x0000, 0x0000, 0x0000, 0x0000, 0x0000, 0x1040, 0x4983, 0x82e8, 
	0xccae, 0xed4f, 0xfdb0, 0xfdb0, 0xfdb0, 0xfdd0, 0xfdd0, 0xfdb0, 0xfd90, 0xfdb0, 0xfdb1, 0xfdb1, 0xfdb0, 0xfdb0, 0xfdb0, 0xfd8f, 
	0xfdb0, 0xfd90, 0xfdb0, 0xfdd0, 0xfdaf, 0xfdaf, 0xfdd0, 0xfdd1, 0xfdaf, 0xdd0e, 0xac0b, 0x72a7, 0x3922, 0x1040, 0x0020, 0x0000, 
	0x0000, 0x0000, 0x0000, 0x0000, 0x0000, 0x0000, 0x0000, 0x0000, 0x0000, 0x0000, 0x0000, 0x0021, 0x1040, 0xb42c, 0xfdd0, 0xfdd0, 
	0xfdb0, 0xfdb0, 0xfdb0, 0xfdb0, 0xfdb0, 0xfdb0, 0xfdb0, 0xfdb0, 0xfdb0, 0xfdb0, 0xfdb0, 0xfdb0, 0xd636, 0xaedc, 0xaedd, 0xaedc, 
	0xaedc, 0xaedc, 0xaedc, 0xaedc, 0xaedc, 0xaedc, 0xaedc, 0xaedc, 0xaedc, 0xaedc, 0xaedc, 0xaedc, 0xaedc, 0xaedc, 0xaedc, 0xaedc, 
	0xaedc, 0xaedc, 0xaedc, 0xaedc, 0xaedc, 0xaedc, 0xaedc, 0xaedc, 0xaedc, 0xaedc, 0xaedc, 0xaedc, 0xaedc, 0xaedc, 0xaedc, 0xaedc, 
	0xaedc, 0xaedc, 0xaedc, 0xaedc, 0xaedc, 0xaedc, 0xaedc, 0xaedc, 0xaedc, 0xaedc, 0xaedc, 0xaedc, 0xaedc, 0xaedc, 0xaedc, 0xaedc, 
	0xaedc, 0xaedc, 0xaedc, 0xaedc, 0xaedc, 0xaedc, 0xaedc, 0xaedc, 0xaedc, 0xaedc, 0xaedc, 0xaedc, 0xaedc, 0xaedc, 0xaedc, 0xaedc, 
	0xaedc, 0xaedc, 0xaedc, 0xaedc, 0xaedc, 0xaedc, 0xaedc, 0xaedc, 0xaedc, 0xaedc, 0xaedc, 0xaedc, 0xaedc, 0xaedc, 0xaedc, 0xaedc, 
	0xaedc, 0xaedc, 0xaedc, 0xaedc, 0xaedc, 0xaedc, 0xaedc, 0xaedc, 0xaedd, 0xaedc, 0xaefc, 0xaedc, 0xb6bc, 0x7493, 0x0062, 0x0000, 
	0x0000, 0x0000, 0x0000, 0x10e5, 0x3cd6, 0x4ddc, 0x4dbc, 0x4dbc, 0x559d, 0x4ddc, 0x55dc, 0x55bc, 0x4dbc, 0x45dd, 0x4538, 0x220a, 
	0x0000, 0x0000, 0x0000, 0x0000, 0x0061, 0x22ee, 0x4d9b, 0x45bc, 0x4dbc, 0x4dbc, 0x4dbc, 0x4dbd, 0x4d5a, 0x1a2a, 0x0000, 0x0000, 
	0x0000, 0x0000, 0x0000, 0x22ce, 0x4dbc, 0x4dbc, 0x4dbc, 0x4dbc, 0x4dbc, 0x4dbc, 0x4dbc, 0x557a, 0x2aad, 0x0021, 0x0000, 0x0000, 
	0x0000, 0x0020, 0x49a4, 0xe50e, 0xfdb0, 0xfdb0, 0xfdb0, 0x82e7, 0x0000, 0x0000, 0x0000, 0x0000, 0x0021, 0x5a06, 0xf5f2, 0xfe74, 
	0xfe54, 0xfe54, 0xfe54, 0xfe34, 0xfe34, 0xfe54, 0xfe54, 0xfe33, 0xfe54, 0xfe54, 0xfe53, 0xfe53, 0xfe33, 0xfe54, 0xfe34, 0xedf3, 
	0xcd31, 0x9bcb, 0x5a06, 0x28e2, 0x0820, 0x0000, 0x0000, 0x0000, 0x0000, 0x0000, 0x0000, 0x0000, 0x0000, 0x0000, 0x0000, 0x0841, 
	0x3923, 0x82e8, 0xcc8d, 0xf54f, 0xfdb0, 0xfdd1, 0xfdb0, 0xfd8f, 0xfdd1, 0xfdb0, 0xfdb0, 0xfdb0, 0xfdb0, 0xfdb0, 0xfdb0, 0xfdb0, 
	0xfdb0, 0xfdb0, 0xfdb0, 0xfdb0, 0xfdb0, 0xfd8f, 0xfd8f, 0xfd8f, 0xfdb1, 0xfdb1, 0xfdb0, 0xf54f, 0xd48d, 0xa38a, 0x7267, 0x4164, 
	0x18a2, 0x1061, 0x0020, 0x0000, 0x0000, 0x0000, 0x0000, 0x0000, 0x0000, 0x0000, 0x0000, 0x0000, 0x1020, 0xa3aa, 0xf590, 0xfd8f, 
	0xfdb0, 0xfdb0, 0xfdb0, 0xfdb0, 0xfdb0, 0xfdb0, 0xfdb0, 0xfdb0, 0xfdb0, 0xfdb0, 0xfdb0, 0xfdb0, 0xd636, 0xaedc, 0xaedd, 0xaedc, 
	0xaedc, 0xaedc, 0xaedc, 0xaedc, 0xaedc, 0xaedc, 0xaedc, 0xaedc, 0xaedc, 0xaedc, 0xaedc, 0xaedc, 0xaedc, 0xaedc, 0xaedc, 0xaedc, 
	0xaedc, 0xaedc, 0xaedc, 0xaedc, 0xaedc, 0xaedc, 0xaedc, 0xaedc, 0xaedc, 0xaedc, 0xaedc, 0xaedc, 0xaedc, 0xaedc, 0xaedc, 0xaedc, 
	0xaedc, 0xaedc, 0xaedc, 0xaedc, 0xaedc, 0xaedc, 0xaedc, 0xaedc, 0xaedc, 0xaedc, 0xaedc, 0xaedc, 0xaedc, 0xaedc, 0xaedc, 0xaedc, 
	0xaedc, 0xaedc, 0xaedc, 0xaedc, 0xaedc, 0xaedc, 0xaedc, 0xaedc, 0xaedc, 0xaedc, 0xaedc, 0xaedc, 0xaedc, 0xaedc, 0xaedc, 0xaedc, 
	0xaedc, 0xaedc, 0xaedc, 0xaedc, 0xaedc, 0xaedc, 0xaedc, 0xaedc, 0xaedc, 0xaedc, 0xaedc, 0xaedc, 0xaedc, 0xaedc, 0xaedc, 0xaedc, 
	0xaedc, 0xaedc, 0xaedc, 0xaedc, 0xaedc, 0xaedc, 0xaedc, 0xaedc, 0xaedc, 0xaedc, 0xaedc, 0xaedc, 0xae9b, 0x5b8f, 0x0041, 0x0000, 
	0x0000, 0x0000, 0x0000, 0x1988, 0x4559, 0x4ddd, 0x4dbc, 0x4dbc, 0x55bd, 0x45dc, 0x4dbc, 0x4dbc, 0x4dbc, 0x4ddd, 0x3cd7, 0x11c9, 
	0x0000, 0x0000, 0x0000, 0x0000, 0x0062, 0x2b0f, 0x559b, 0x4dbc, 0x4dbc, 0x4dbc, 0x4dbc, 0x4dbc, 0x557b, 0x226c, 0x0000, 0x0000, 
	0x0000, 0x0000, 0x0000, 0x228c, 0x4d9b, 0x4dbc, 0x4dbc, 0x4dbc, 0x4ddc, 0x4dbc, 0x4dbc, 0x559b, 0x3391, 0x0062, 0x0000, 0x0000, 
	0x0000, 0x0000, 0x3102, 0xccad, 0xfdb0, 0xfdb0, 0xfdb0, 0x8b29, 0x0021, 0x0000, 0x0000, 0x0000, 0x0000, 0x49a4, 0xe591, 0xfe54, 
	0xfe33, 0xfe34, 0xfe54, 0xfe54, 0xfe34, 0xfe34, 0xfe34, 0xfe34, 0xfe54, 0xfe34, 0xfe54, 0xfe54, 0xfe54, 0xfe54, 0xfe54, 0xfe53, 
	0xfe54, 0xfe33, 0xe5b2, 0xb48e, 0x72c8, 0x3964, 0x1081, 0x0000, 0x0000, 0x0000, 0x0000, 0x0000, 0x0000, 0x0000, 0x0000, 0x0000, 
	0x0000, 0x1020, 0x3922, 0x82e8, 0xcc8d, 0xf570, 0xfdb0, 0xfdd0, 0xfd8f, 0xfd8f, 0xfd8f, 0xfdb0, 0xfdb0, 0xfdb0, 0xfdb0, 0xfdb0, 
	0xfd90, 0xfdb0, 0xfdb0, 0xfdb0, 0xfdb0, 0xfdb0, 0xfdb0, 0xfdd0, 0xfd90, 0xfdb0, 0xfdb0, 0xfdb0, 0xfdb0, 0xfd90, 0xed4f, 0xdcce, 
	0xbc4d, 0x9baa, 0x7ac7, 0x6205, 0x4984, 0x3943, 0x3103, 0x3123, 0x3102, 0x3102, 0x3122, 0x3102, 0x4983, 0xb3eb, 0xfd90, 0xfdb0, 
	0xfdb0, 0xfdb0, 0xfdb0, 0xfdb0, 0xfdb0, 0xfdb0, 0xfdb0, 0xfdb0, 0xfdb0, 0xfdb0, 0xfdb0, 0xfdb0, 0xd636, 0xaedc, 0xaedd, 0xaedc, 
	0xaedc, 0xaedc, 0xaedc, 0xaedc, 0xaedc, 0xaedc, 0xaedc, 0xaedc, 0xaedc, 0xaedc, 0xaedc, 0xaedc, 0xaedc, 0xaedc, 0xaedc, 0xaedc, 
	0xaedc, 0xaedc, 0xaedc, 0xaedc, 0xaedc, 0xaedc, 0xaedc, 0xaedc, 0xaedc, 0xaedc, 0xaedc, 0xaedc, 0xaedc, 0xaedc, 0xaedc, 0xaedc, 
	0xaedc, 0xaedc, 0xaedc, 0xaedc, 0xaedc, 0xaedc, 0xaedc, 0xaedc, 0xaedc, 0xaedc, 0xaedc, 0xaedc, 0xaedc, 0xaedc, 0xaedc, 0xaedc, 
	0xaedc, 0xaedc, 0xaedc, 0xaedc, 0xaedc, 0xaedc, 0xaedc, 0xaedc, 0xaedc, 0xaedc, 0xaedc, 0xaedc, 0xaedc, 0xaedc, 0xaedc, 0xaedc, 
	0xaedc, 0xaedc, 0xaedc, 0xaedc, 0xaedc, 0xaedc, 0xaedc, 0xaedc, 0xaedc, 0xaedc, 0xaedc, 0xaedc, 0xaedc, 0xaedc, 0xaedc, 0xaedc, 
	0xaedc, 0xaedc, 0xaedc, 0xaedc, 0xaedc, 0xaedc, 0xaedc, 0xaedc, 0xaedc, 0xb6dd, 0xaedd, 0xaedc, 0xa65a, 0x3a6a, 0x0021, 0x0000, 
	0x0000, 0x0000, 0x0020, 0x226c, 0x457b, 0x4ddc, 0x4dbc, 0x4dbc, 0x4dbc, 0x4ddc, 0x4dbc, 0x4dbc, 0x4dbc, 0x55dd, 0x4519, 0x2aef, 
	0x1188, 0x1167, 0x1106, 0x08c5, 0x1166, 0x3371, 0x555b, 0x55bc, 0x4dbc, 0x4dbc, 0x55bc, 0x4dbd, 0x559c, 0x22ad, 0x0000, 0x0000, 
	0x0000, 0x0000, 0x0000, 0x1a4b, 0x4d7a, 0x4dbc, 0x4dbc, 0x4dbc, 0x4dbc, 0x4dbc, 0x4ddd, 0x559c, 0x3c55, 0x00c4, 0x0000, 0x0000, 
	0x0000, 0x0000, 0x18a1, 0xac0c, 0xfdb0, 0xfdb0, 0xfdb0, 0xa3ca, 0x1081, 0x0000, 0x0000, 0x0000, 0x0000, 0x20c2, 0xa40d, 0xf676, 
	0xfe54, 0xfe54, 0xfe33, 0xfe34, 0xfe54, 0xfe54, 0xfe34, 0xfe54, 0xfe34, 0xfe54, 0xfe54, 0xfe34, 0xfe33, 0xfe54, 0xfe54, 0xfe33, 
	0xfe54, 0xfe54, 0xfe54, 0xfe33, 0xedd3, 0xcd10, 0x8b6b, 0x5a06, 0x18c3, 0x0020, 0x0000, 0x0020, 0x0020, 0x0000, 0x0000, 0x0000, 
	0x0000, 0x0000, 0x0000, 0x0820, 0x3943, 0x82e9, 0xcc8d, 0xf590, 0xfdd1, 0xfdd0, 0xfdb0, 0xfdaf, 0xfdb0, 0xfdb1, 0xfdb0, 0xfdb0, 
	0xfdb0, 0xfdb0, 0xfdb0, 0xfdb0, 0xfdd1, 0xfdb0, 0xfd90, 0xfdb0, 0xfd8f, 0xfdb0, 0xfdd0, 0xfdb0, 0xfdb0, 0xfdb0, 0xfdd0, 0xfdd0, 
	0xfdaf, 0xfd8f, 0xf56f, 0xed6f, 0xed4f, 0xdd0f, 0xd4ce, 0xcc8d, 0xc46c, 0xc46c, 0xccad, 0xd4ee, 0xdd0f, 0xed70, 0xfdb0, 0xfd90, 
	0xfdb0, 0xfdb0, 0xfdb0, 0xfdb0, 0xfdb0, 0xfdb0, 0xfdb0, 0xfdb0, 0xfdb0, 0xfdb0, 0xfdb0, 0xfdb0, 0xd636, 0xaedc, 0xaedd, 0xaedc, 
	0xaedc, 0xaedc, 0xaedc, 0xaedc, 0xaedc, 0xaedc, 0xaedc, 0xaedc, 0xaedc, 0xaedc, 0xaedc, 0xaedc, 0xaedc, 0xaedc, 0xaedc, 0xaedc, 
	0xaedc, 0xaedc, 0xaedc, 0xaedc, 0xaedc, 0xaedc, 0xaedc, 0xaedc, 0xaedc, 0xaedc, 0xaedc, 0xaedc, 0xaedc, 0xaedc, 0xaedc, 0xaedc, 
	0xaedc, 0xaedc, 0xaedc, 0xaedc, 0xaedc, 0xaedc, 0xaedc, 0xaedc, 0xaedc, 0xaedc, 0xaedc, 0xaedc, 0xaedc, 0xaedc, 0xaedc, 0xaedc, 
	0xaedc, 0xaedc, 0xaedc, 0xaedc, 0xaedc, 0xaedc, 0xaedc, 0xaedc, 0xaedc, 0xaedc, 0xaedc, 0xaedc, 0xaedc, 0xaedc, 0xaedc, 0xaedc, 
	0xaedc, 0xaedc, 0xaedc, 0xaedc, 0xaedc, 0xaedc, 0xaedc, 0xaedc, 0xaedc, 0xaedc, 0xaedc, 0xaedc, 0xaedc, 0xaedc, 0xaedc, 0xaedc, 
	0xaedc, 0xaedc, 0xaedc, 0xaedc, 0xaedc, 0xaedc, 0xaedc, 0xaedc, 0xaedc, 0xb6dd, 0xb6dd, 0xaefc, 0x9dd8, 0x2987, 0x0000, 0x0000, 
	0x0000, 0x0000, 0x0041, 0x2b70, 0x4d9c, 0x4dbc, 0x4dbc, 0x4dbc, 0x4dbc, 0x4dbc, 0x55bd, 0x4ddc, 0x4d9b, 0x55bc, 0x4dbc, 0x4cf8, 
	0x44b6, 0x3cb5, 0x3c75, 0x3c34, 0x3474, 0x3d19, 0x4ddd, 0x4ddc, 0x4dbc, 0x4dbc, 0x55dc, 0x45bd, 0x4dbc, 0x2aee, 0x0021, 0x0000, 
	0x0000, 0x0000, 0x0800, 0x120a, 0x4539, 0x55dc, 0x4dbc, 0x4dbc, 0x4dbc, 0x4dbc, 0x4ddd, 0x559c, 0x3cd7, 0x1167, 0x0000, 0x0000, 
	0x0000, 0x0000, 0x1061, 0x8b29, 0xf590, 0xfdb0, 0xfdaf, 0xcc8d, 0x3944, 0x0000, 0x0000, 0x0000, 0x0021, 0x0820, 0x5a06, 0xc511, 
	0xfe34, 0xfe54, 0xfe34, 0xfe33, 0xfe54, 0xfe54, 0xfe33, 0xfe54, 0xfe75, 0xfe34, 0xfe34, 0xfe74, 0xfe74, 0xfe54, 0xfe54, 0xfe54, 
	0xfe54, 0xfe54, 0xfe34, 0xfe54, 0xfe74, 0xfe75, 0xf614, 0xdd91, 0xa44e, 0x6ac9, 0x3103, 0x0820, 0x0000, 0x0000, 0x0000, 0x0000, 
	0x0000, 0x0000, 0x0000, 0x0000, 0x0000, 0x0840, 0x4984, 0x9329, 0xccef, 0xed90, 0xfdb0, 0xfd8f, 0xfdb0, 0xfdb1, 0xfdb0, 0xfdb0, 
	0xfdd1, 0xfdb0, 0xfd8f, 0xfdb0, 0xfdb0, 0xfdb0, 0xfdb0, 0xfdb0, 0xfdb0, 0xfdd0, 0xfdd0, 0xfdb0, 0xfdb0, 0xfdb0, 0xfdb0, 0xf5d0, 
	0xfdb0, 0xfdb0, 0xfdb0, 0xfdb0, 0xfdd0, 0xfdb0, 0xfdb0, 0xfdb0, 0xfdd0, 0xfdb0, 0xfd90, 0xfdd0, 0xfdb0, 0xfdb0, 0xfdb0, 0xfdb0, 
	0xfdb0, 0xfdb0, 0xfdb0, 0xfdb0, 0xfdb0, 0xfdb0, 0xfdb0, 0xfdb0, 0xfdb0, 0xfdb0, 0xfdb0, 0xfdb0, 0xd636, 0xaedc, 0xaedd, 0xaedc, 
	0xaedc, 0xaedc, 0xaedc, 0xaedc, 0xaedc, 0xaedc, 0xaedc, 0xaedc, 0xaedc, 0xaedc, 0xaedc, 0xaedc, 0xaedc, 0xaedc, 0xaedc, 0xaedc, 
	0xaedc, 0xaedc, 0xaedc, 0xaedc, 0xaedc, 0xaedc, 0xaedc, 0xaedc, 0xaedc, 0xaedc, 0xaedc, 0xaedc, 0xaedc, 0xaedc, 0xaedc, 0xaedc, 
	0xaedc, 0xaedc, 0xaedc, 0xaedc, 0xaedc, 0xaedc, 0xaedc, 0xaedc, 0xaedc, 0xaedc, 0xaedc, 0xaedc, 0xaedc, 0xaedc, 0xaedc, 0xaedc, 
	0xaedc, 0xaedc, 0xaedc, 0xaedc, 0xaedc, 0xaedc, 0xaedc, 0xaedc, 0xaedc, 0xaedc, 0xaedc, 0xaedc, 0xaedc, 0xaedc, 0xaedc, 0xaedc, 
	0xaedc, 0xaedc, 0xaedc, 0xaedc, 0xaedc, 0xaedc, 0xaedc, 0xaedc, 0xaedc, 0xaedc, 0xaedc, 0xaedc, 0xaedc, 0xaedc, 0xaedc, 0xaedc, 
	0xaedc, 0xaedc, 0xaedc, 0xaedc, 0xaedc, 0xaedc, 0xaedc, 0xaedc, 0xaedd, 0xaebc, 0xaebd, 0xaedc, 0x8d76, 0x1904, 0x0000, 0x0000, 
	0x0000, 0x0000, 0x0882, 0x3433, 0x55bd, 0x4dbc, 0x4dbc, 0x4dbc, 0x55dc, 0x559c, 0x559d, 0x4ddd, 0x4dbb, 0x559c, 0x4ddd, 0x4dbc, 
	0x55bd, 0x4ddc, 0x4dbd, 0x55bd, 0x4ddc, 0x4dbd, 0x4d9d, 0x559b, 0x4dbc, 0x4dbc, 0x55dc, 0x45bc, 0x55bd, 0x332f, 0x0041, 0x0000, 
	0x0000, 0x0000, 0x0800, 0x11c9, 0x3cf9, 0x4dbc, 0x4dbc, 0x4dbc, 0x55bc, 0x4d9c, 0x4dbc, 0x55bc, 0x4539, 0x222a, 0x0000, 0x0001, 
	0x0000, 0x0000, 0x0000, 0x6a67, 0xed4f, 0xfdb0, 0xfdb0, 0xe550, 0x5a67, 0x0000, 0x0000, 0x0000, 0x0000, 0x0000, 0x1040, 0x5a05, 
	0xccce, 0xf5f3, 0xfe74, 0xfe33, 0xfe54, 0xfe54, 0xfe34, 0xfe54, 0xfe33, 0xfe53, 0xfe54, 0xfe54, 0xfe34, 0xfe34, 0xfe54, 0xfe54, 
	0xfe33, 0xfe54, 0xfe54, 0xfe54, 0xfe34, 0xfe34, 0xfe54, 0xfe54, 0xfe33, 0xedd2, 0xc4d0, 0x7b2a, 0x3164, 0x0861, 0x0000, 0x0000, 
	0x0000, 0x0000, 0x0000, 0x0000, 0x0000, 0x0000, 0x0020, 0x0862, 0x59a3, 0xa3aa, 0xe54f, 0xfdb0, 0xfdd0, 0xfdb1, 0xfd90, 0xfd90, 
	0xfdb0, 0xfdb0, 0xfdd0, 0xfdb0, 0xfd90, 0xfd90, 0xfdb0, 0xfd8f, 0xfdb0, 0xfdb0, 0xfdb0, 0xfdb0, 0xfdb0, 0xfd90, 0xfd90, 0xfdb0, 
	0xfdb0, 0xfdb0, 0xfdb0, 0xfdb0, 0xfdb0, 0xfdb0, 0xfdb0, 0xfdb0, 0xfdb1, 0xfdb1, 0xfd90, 0xfdd0, 0xfd90, 0xfdb0, 0xfdb0, 0xfdb0, 
	0xfdb0, 0xfdb0, 0xfdb0, 0xfdb0, 0xfdb0, 0xfdb0, 0xfdb0, 0xfdb0, 0xfdb0, 0xfdb0, 0xfdb0, 0xfdb0, 0xd636, 0xaedc, 0xaedd, 0xaedc, 
	0xaedc, 0xaedc, 0xaedc, 0xaedc, 0xaedc, 0xaedc, 0xaedc, 0xaedc, 0xaedc, 0xaedc, 0xaedc, 0xaedc, 0xaedc, 0xaedc, 0xaedc, 0xaedc, 
	0xaedc, 0xaedc, 0xaedc, 0xaedc, 0xaedc, 0xaedc, 0xaedc, 0xaedc, 0xaedc, 0xaedc, 0xaedc, 0xaedc, 0xaedc, 0xaedc, 0xaedc, 0xaedc, 
	0xaedc, 0xaedc, 0xaedc, 0xaedc, 0xaedc, 0xaedc, 0xaedc, 0xaedc, 0xaedc, 0xaedc, 0xaedc, 0xaedc, 0xaedc, 0xaedc, 0xaedc, 0xaedc, 
	0xaedc, 0xaedc, 0xaedc, 0xaedc, 0xaedc, 0xaedc, 0xaedc, 0xaedc, 0xaedc, 0xaedc, 0xaedc, 0xaedc, 0xaedc, 0xaedc, 0xaedc, 0xaedc, 
	0xaedc, 0xaedc, 0xaedc, 0xaedc, 0xaedc, 0xaedc, 0xaedc, 0xaedc, 0xaedc, 0xaedc, 0xaedc, 0xaedc, 0xaedc, 0xaedc, 0xaedc, 0xaedc, 
	0xaedc, 0xaedc, 0xaedc, 0xaedc, 0xaedc, 0xaedc, 0xaedc, 0xaedc, 0xaefc, 0xaedd, 0xaedd, 0xaedc, 0x6c51, 0x10a3, 0x0000, 0x0000, 
	0x0000, 0x0000, 0x0946, 0x3c77, 0x4d9c, 0x55bc, 0x4dbc, 0x4dbc, 0x4dbc, 0x4dbc, 0x4dbc, 0x4dbc, 0x4dbc, 0x4dbc, 0x4dbc, 0x4dbc, 
	0x4dbc, 0x4dbc, 0x4dbc, 0x4dbc, 0x4dbc, 0x4dbc, 0x4dbc, 0x4dbc, 0x55bb, 0x4dbc, 0x45bd, 0x4dbc, 0x559b, 0x2b91, 0x08a2, 0x0800, 
	0x0000, 0x0000, 0x0000, 0x1188, 0x44b7, 0x4dbc, 0x4dbc, 0x4d9d, 0x4d9d, 0x55dc, 0x4dbc, 0x4dbd, 0x45bb, 0x2b0d, 0x0800, 0x0000, 
	0x0000, 0x0000, 0x0000, 0x39a5, 0xdd2f, 0xfd8f, 0xfdb0, 0xf5b0, 0xb40b, 0x28c1, 0x0000, 0x0000, 0x0000, 0x0000, 0x0000, 0x0820, 
	0x3984, 0xa42d, 0xedf4, 0xfe54, 0xfe54, 0xfe34, 0xfe34, 0xfe54, 0xfe54, 0xfe34, 0xfe34, 0xfe54, 0xfe34, 0xfe33, 0xfe34, 0xfe54, 
	0xfe54, 0xfe54, 0xfe54, 0xfe54, 0xfe54, 0xfe54, 0xfe54, 0xfe54, 0xfe54, 0xfe34, 0xfe33, 0xf613, 0xcd10, 0x8b6a, 0x4184, 0x1860, 
	0x0000, 0x0000, 0x0000, 0x0000, 0x0000, 0x0000, 0x0000, 0x0000, 0x0020, 0x1881, 0x6227, 0xbc2c, 0xf54f, 0xfdaf, 0xfdb0, 0xfdd1, 
	0xfdb0, 0xfdb0, 0xfdaf, 0xfdb0, 0xfdb0, 0xfdb1, 0xfdb0, 0xfdb0, 0xfdb0, 0xfdb0, 0xfdb0, 0xfdb0, 0xfdb0, 0xfdb0, 0xfdb0, 0xfdb0, 
	0xfdb0, 0xfdb0, 0xfdb0, 0xfdb0, 0xfdb0, 0xfdb0, 0xfdb0, 0xfdb0, 0xfdb0, 0xfdb0, 0xfdb0, 0xfdb0, 0xfdb0, 0xfdb0, 0xfdb0, 0xfdb0, 
	0xfdb0, 0xfdb0, 0xfdb0, 0xfdb0, 0xfdb0, 0xfdb0, 0xfdb0, 0xfdb0, 0xfdb0, 0xfdb0, 0xfdb0, 0xfdb0, 0xd636, 0xaedc, 0xaedd, 0xaedc, 
	0xaedc, 0xaedc, 0xaedc, 0xaedc, 0xaedc, 0xaedc, 0xaedc, 0xaedc, 0xaedc, 0xaedc, 0xaedc, 0xaedc, 0xaedc, 0xaedc, 0xaedc, 0xaedc, 
	0xaedc, 0xaedc, 0xaedc, 0xaedc, 0xaedc, 0xaedc, 0xaedc, 0xaedc, 0xaedc, 0xaedc, 0xaedc, 0xaedc, 0xaedc, 0xaedc, 0xaedc, 0xaedc, 
	0xaedc, 0xaedc, 0xaedc, 0xaedc, 0xaedc, 0xaedc, 0xaedc, 0xaedc, 0xaedc, 0xaedc, 0xaedc, 0xaedc, 0xaedc, 0xaedc, 0xaedc, 0xaedc, 
	0xaedc, 0xaedc, 0xaedc, 0xaedc, 0xaedc, 0xaedc, 0xaedc, 0xaedc, 0xaedc, 0xaedc, 0xaedc, 0xaedc, 0xaedc, 0xaedc, 0xaedc, 0xaedc, 
	0xaedc, 0xaedc, 0xaedc, 0xaedc, 0xaedc, 0xaedc, 0xaedc, 0xaedc, 0xaedc, 0xaedc, 0xaedc, 0xaedc, 0xaedc, 0xaedc, 0xaedc, 0xaedc, 
	0xaedc, 0xaedc, 0xaedc, 0xaedc, 0xaedc, 0xaedc, 0xaedc, 0xaedc, 0xaedc, 0xaedd, 0xaedd, 0xaebc, 0x536e, 0x0841, 0x0000, 0x0000, 
	0x0000, 0x0000, 0x11c8, 0x44d9, 0x4dbd, 0x4dbc, 0x4dbc, 0x4dbc, 0x4dbc, 0x4dbc, 0x4dbc, 0x4dbc, 0x4dbc, 0x4dbc, 0x4dbc, 0x4dbc, 
	0x4dbc, 0x4dbc, 0x4dbc, 0x4dbc, 0x4dbc, 0x4dbc, 0x4dbc, 0x4dbc, 0x4dbc, 0x4dbc, 0x4dbd, 0x55bc, 0x4d9b, 0x2bd3, 0x00a3, 0x0000, 
	0x0020, 0x0000, 0x0000, 0x0926, 0x4496, 0x4ddd, 0x4ddc, 0x55bc, 0x4dbd, 0x4dbb, 0x4dbc, 0x4dbd, 0x4dbc, 0x3391, 0x0863, 0x0000, 
	0x0001, 0x0000, 0x0000, 0x2902, 0xc46d, 0xfd6f, 0xfdb0, 0xfdd0, 0xe52f, 0x7287, 0x0841, 0x0001, 0x0000, 0x0000, 0x0000, 0x0000, 
	0x0000, 0x28e2, 0x834a, 0xdd71, 0xfe34, 0xfe54, 0xfe54, 0xfe55, 0xfe13, 0xfe74, 0xfe74, 0xfe34, 0xfe54, 0xfe54, 0xfe54, 0xfe54, 
	0xfe54, 0xfe54, 0xfe54, 0xfe54, 0xfe54, 0xfe54, 0xfe54, 0xfe54, 0xfe34, 0xfe54, 0xfe74, 0xfe33, 0xfe54, 0xf655, 0xc531, 0x93ac, 
	0x41a5, 0x1061, 0x0000, 0x0000, 0x0000, 0x0000, 0x0000, 0x0000, 0x0000, 0x0000, 0x0840, 0x3102, 0x7ac7, 0xccce, 0xfdb0, 0xfdaf, 
	0xfdd0, 0xfdb0, 0xfdb1, 0xfdb1, 0xfdb0, 0xfdaf, 0xfdaf, 0xfdb0, 0xfdb0, 0xfdb0, 0xfdb0, 0xfdb0, 0xfdb0, 0xfdb0, 0xfdb0, 0xfdb0, 
	0xfdb0, 0xfdb0, 0xfdb0, 0xfdb0, 0xfdb0, 0xfdb0, 0xfdb0, 0xfdb0, 0xfdb0, 0xfdb0, 0xfdb0, 0xfdb0, 0xfdb0, 0xfdb0, 0xfdb0, 0xfdb0, 
	0xfdb0, 0xfdb0, 0xfdb0, 0xfdb0, 0xfdb0, 0xfdb0, 0xfdb0, 0xfdb0, 0xfdb0, 0xfdb0, 0xfdb0, 0xfdb0, 0xd636, 0xaedc, 0xaedd, 0xaedc, 
	0xaedc, 0xaedc, 0xaedc, 0xaedc, 0xaedc, 0xaedc, 0xaedc, 0xaedc, 0xaedc, 0xaedc, 0xaedc, 0xaedc, 0xaedc, 0xaedc, 0xaedc, 0xaedc, 
	0xaedc, 0xaedc, 0xaedc, 0xaedc, 0xaedc, 0xaedc, 0xaedc, 0xaedc, 0xaedc, 0xaedc, 0xaedc, 0xaedc, 0xaedc, 0xaedc, 0xaedc, 0xaedc, 
	0xaedc, 0xaedc, 0xaedc, 0xaedc, 0xaedc, 0xaedc, 0xaedc, 0xaedc, 0xaedc, 0xaedc, 0xaedc, 0xaedc, 0xaedc, 0xaedc, 0xaedc, 0xaedc, 
	0xaedc, 0xaedc, 0xaedc, 0xaedc, 0xaedc, 0xaedc, 0xaedc, 0xaedc, 0xaedc, 0xaedc, 0xaedc, 0xaedc, 0xaedc, 0xaedc, 0xaedc, 0xaedc, 
	0xaedc, 0xaedc, 0xaedc, 0xaedc, 0xaedc, 0xaedc, 0xaedc, 0xaedc, 0xaedc, 0xaedc, 0xaedc, 0xaedc, 0xaedc, 0xaedc, 0xaedc, 0xaedc, 
	0xaedc, 0xaedc, 0xaedc, 0xaedc, 0xaedc, 0xaedc, 0xaedc, 0xaedc, 0xaedc, 0xb6dd, 0xaefd, 0xa67b, 0x3a6a, 0x0020, 0x0000, 0x0000, 
	0x0000, 0x0020, 0x228c, 0x4d5a, 0x4dbd, 0x4dbc, 0x4dbc, 0x55bc, 0x4dbc, 0x4dbc, 0x4dbc, 0x4dbc, 0x4dbc, 0x4dbc, 0x4dbc, 0x4dbc, 
	0x4dbc, 0x4dbc, 0x4dbc, 0x4dbc, 0x4dbc, 0x4dbc, 0x4dbc, 0x4dbc, 0x459c, 0x4dbc, 0x55bc, 0x55dc, 0x55dc, 0x3455, 0x00e4, 0x0000, 
	0x0000, 0x0000, 0x0800, 0x08c4, 0x3c35, 0x4dbc, 0x4dbc, 0x4d9c, 0x4ddc, 0x4dbc, 0x4dbc, 0x55bd, 0x4dbd, 0x3c55, 0x08e5, 0x0000, 
	0x0001, 0x0000, 0x0000, 0x1881, 0xa3cb, 0xfdd1, 0xfdb0, 0xfd6f, 0xfdb0, 0xccce, 0x51c4, 0x0000, 0x0000, 0x0800, 0x0000, 0x0000, 
	0x0000, 0x0020, 0x1041, 0x6267, 0xcd10, 0xfe13, 0xfe34, 0xfe54, 0xfe54, 0xfe54, 0xfe34, 0xfe34, 0xfe54, 0xfe34, 0xfe33, 0xfe54, 
	0xfe54, 0xfe54, 0xfe54, 0xfe54, 0xfe54, 0xfe54, 0xfe54, 0xfe54, 0xfe54, 0xfe54, 0xfe54, 0xfe34, 0xfe54, 0xfe74, 0xfe55, 0xf614, 
	0xd572, 0x8b6a, 0x3984, 0x1061, 0x0000, 0x0000, 0x0000, 0x0000, 0x0000, 0x0000, 0x0000, 0x0020, 0x0840, 0x41a3, 0xa3a9, 0xe54e, 
	0xfd90, 0xfdb1, 0xfdd1, 0xfdb0, 0xfd8f, 0xfdaf, 0xfdd0, 0xf5b0, 0xfdb0, 0xfdb0, 0xfdb0, 0xfdb0, 0xfdb0, 0xfdb0, 0xfdb0, 0xfdb0, 
	0xfdb0, 0xfdb0, 0xfdb0, 0xfdb0, 0xfdb0, 0xfdb0, 0xfdb0, 0xfdb0, 0xfdb0, 0xfdb0, 0xfdb0, 0xfdb0, 0xfdb0, 0xfdb0, 0xfdb0, 0xfdb0, 
	0xfdb0, 0xfdb0, 0xfdb0, 0xfdb0, 0xfdb0, 0xfdb0, 0xfdb0, 0xfdb0, 0xfdb0, 0xfdb0, 0xfdb0, 0xfdb0, 0xd636, 0xaedc, 0xaedd, 0xaedc, 
	0xaedc, 0xaedc, 0xaedc, 0xaedc, 0xaedc, 0xaedc, 0xaedc, 0xaedc, 0xaedc, 0xaedc, 0xaedc, 0xaedc, 0xaedc, 0xaedc, 0xaedc, 0xaedc, 
	0xaedc, 0xaedc, 0xaedc, 0xaedc, 0xaedc, 0xaedc, 0xaedc, 0xaedc, 0xaedc, 0xaedc, 0xaedc, 0xaedc, 0xaedc, 0xaedc, 0xaedc, 0xaedc, 
	0xaedc, 0xaedc, 0xaedc, 0xaedc, 0xaedc, 0xaedc, 0xaedc, 0xaedc, 0xaedc, 0xaedc, 0xaedc, 0xaedc, 0xaedc, 0xaedc, 0xaedc, 0xaedc, 
	0xaedc, 0xaedc, 0xaedc, 0xaedc, 0xaedc, 0xaedc, 0xaedc, 0xaedc, 0xaedc, 0xaedc, 0xaedc, 0xaedc, 0xaedc, 0xaedc, 0xaedc, 0xaedc, 
	0xaedc, 0xaedc, 0xaedc, 0xaedc, 0xaedc, 0xaedc, 0xaedc, 0xaedc, 0xaedc, 0xaedc, 0xaedc, 0xaedc, 0xaedc, 0xaedc, 0xaedc, 0xaedc, 
	0xaedc, 0xaedc, 0xaedc, 0xaedc, 0xaedc, 0xaedc, 0xaedc, 0xaedc, 0xaedc, 0xaedd, 0xaedd, 0x9df9, 0x21a7, 0x0000, 0x0000, 0x0000, 
	0x0000, 0x0041, 0x2b2f, 0x4dbc, 0x4ddc, 0x4dbc, 0x4dbc, 0x55bc, 0x4dbc, 0x4dbc, 0x4dbc, 0x4dbc, 0x4dbc, 0x4dbc, 0x4dbc, 0x4dbc, 
	0x4dbc, 0x4dbc, 0x4dbc, 0x4dbc, 0x4dbc, 0x4dbc, 0x4dbc, 0x4dbc, 0x4ddd, 0x55bc, 0x4dbc, 0x4d9b, 0x4d9c, 0x3456, 0x00e4, 0x0000, 
	0x0020, 0x0000, 0x0020, 0x00c3, 0x3c34, 0x4dbc, 0x4dbc, 0x55bc, 0x4dbc, 0x4dbc, 0x4dbc, 0x55bc, 0x4dbc, 0x44d8, 0x1988, 0x0000, 
	0x0000, 0x0000, 0x0000, 0x0840, 0x7b09, 0xf591, 0xfdd0, 0xfdd0, 0xfd90, 0xfd90, 0xc46c, 0x51a3, 0x0820, 0x0000, 0x0020, 0x0000, 
	0x0000, 0x0000, 0x0021, 0x0000, 0x49a5, 0xb46e, 0xedd2, 0xfe74, 0xfe33, 0xfe54, 0xfe54, 0xfe54, 0xfe34, 0xfe54, 0xfe54, 0xfe54, 
	0xfe54, 0xfe54, 0xfe54, 0xfe54, 0xfe54, 0xfe54, 0xfe54, 0xfe54, 0xfe54, 0xfe54, 0xfe54, 0xfe54, 0xfe33, 0xfe33, 0xfe33, 0xfe33, 
	0xfe32, 0xfe33, 0xcd31, 0x834a, 0x3944, 0x0840, 0x0000, 0x0001, 0x0000, 0x0800, 0x0000, 0x0000, 0x0020, 0x0000, 0x20a1, 0x6a87, 
	0xcc4d, 0xf590, 0xfdd0, 0xfd8e, 0xfdb0, 0xfdb1, 0xf590, 0xf5f1, 0xfdb0, 0xfdb0, 0xfdb0, 0xfdb0, 0xfdb0, 0xfdb0, 0xfdb0, 0xfdb0, 
	0xfdb0, 0xfdb0, 0xfdb0, 0xfdb0, 0xfdb0, 0xfdb0, 0xfdb0, 0xfdb0, 0xfdb0, 0xfdb0, 0xfdb0, 0xfdb0, 0xfdb0, 0xfdb0, 0xfdb0, 0xfdb0, 
	0xfdb0, 0xfdb0, 0xfdb0, 0xfdb0, 0xfdb0, 0xfdb0, 0xfdb0, 0xfdb0, 0xfdb0, 0xfdb0, 0xfdb0, 0xfdb0, 0xd636, 0xaedc, 0xaedd, 0xaedc, 
	0xaedc, 0xaedc, 0xaedc, 0xaedc, 0xaedc, 0xaedc, 0xaedc, 0xaedc, 0xaedc, 0xaedc, 0xaedc, 0xaedc, 0xaedc, 0xaedc, 0xaedc, 0xaedc, 
	0xaedc, 0xaedc, 0xaedc, 0xaedc, 0xaedc, 0xaedc, 0xaedc, 0xaedc, 0xaedc, 0xaedc, 0xaedc, 0xaedc, 0xaedc, 0xaedc, 0xaedc, 0xaedc, 
	0xaedc, 0xaedc, 0xaedc, 0xaedc, 0xaedc, 0xaedc, 0xaedc, 0xaedc, 0xaedc, 0xaedc, 0xaedc, 0xaedc, 0xaedc, 0xaedc, 0xaedc, 0xaedc, 
	0xaedc, 0xaedc, 0xaedc, 0xaedc, 0xaedc, 0xaedc, 0xaedc, 0xaedc, 0xaedc, 0xaedc, 0xaedc, 0xaedc, 0xaedc, 0xaedc, 0xaedc, 0xaedc, 
	0xaedc, 0xaedc, 0xaedc, 0xaedc, 0xaedc, 0xaedc, 0xaedc, 0xaedc, 0xaedc, 0xaedc, 0xaedc, 0xaedc, 0xaedc, 0xaedc, 0xaedc, 0xaedc, 
	0xaedc, 0xaedc, 0xaedc, 0xaedc, 0xaedc, 0xaedc, 0xaedc, 0xaedc, 0xaedc, 0xaedc, 0xaedd, 0x8d35, 0x1924, 0x0000, 0x0000, 0x0000, 
	0x0000, 0x00a3, 0x33d3, 0x4ddd, 0x4ddc, 0x4dbc, 0x4dbc, 0x4dbc, 0x4dbc, 0x4dbc, 0x4dbc, 0x4dbc, 0x4dbc, 0x4dbc, 0x4dbc, 0x4dbc, 
	0x4dbc, 0x4dbc, 0x4dbc, 0x4dbc, 0x4dbc, 0x4dbc, 0x4dbc, 0x4dbc, 0x4dbc, 0x4d9c, 0x4dbc, 0x55bc, 0x55dd, 0x44b8, 0x1125, 0x0000, 
	0x0000, 0x0000, 0x0800, 0x0082, 0x33d3, 0x55bc, 0x55dc, 0x4dbc, 0x55bc, 0x4dbc, 0x4ddc, 0x55bc, 0x4dbc, 0x4d7a, 0x220b, 0x0000, 
	0x0000, 0x0000, 0x0000, 0x0820, 0x6a67, 0xed2f, 0xfdaf, 0xfdd0, 0xfdb0, 0xfd8f, 0xfdd0, 0xc44c, 0x6226, 0x1061, 0x0000, 0x0020, 
	0x0000, 0x0000, 0x0000, 0x0000, 0x0000, 0x2903, 0x93ab, 0xdd71, 0xfe54, 0xfe54, 0xfe33, 0xfe33, 0xfe54, 0xfe55, 0xfe54, 0xfe54, 
	0xfe54, 0xfe54, 0xfe54, 0xfe54, 0xfe54, 0xfe54, 0xfe54, 0xfe54, 0xfe53, 0xfe54, 0xfe54, 0xfe54, 0xfe54, 0xfe74, 0xfe54, 0xfe33, 
	0xfe33, 0xfe53, 0xfe54, 0xedf3, 0xc4f0, 0x72e9, 0x2903, 0x0000, 0x0000, 0x0000, 0x0000, 0x0000, 0x0000, 0x0000, 0x0000, 0x0820, 
	0x4163, 0x9b6a, 0xed2f, 0xfdb0, 0xfdaf, 0xfdd0, 0xfdb1, 0xfd90, 0xfdb0, 0xfdb0, 0xfdb0, 0xfdb0, 0xfdb0, 0xfdb0, 0xfdb0, 0xfdb0, 
	0xfdb0, 0xfdb0, 0xfdb0, 0xfdb0, 0xfdb0, 0xfdb0, 0xfdb0, 0xfdb0, 0xfdb0, 0xfdb0, 0xfdb0, 0xfdb0, 0xfdb0, 0xfdb0, 0xfdb0, 0xfdb0, 
	0xfdb0, 0xfdb0, 0xfdb0, 0xfdb0, 0xfdb0, 0xfdb0, 0xfdb0, 0xfdb0, 0xfdb0, 0xfdb0, 0xfdb0, 0xfdb0, 0xd636, 0xaedc, 0xaedd, 0xaedc, 
	0xaedc, 0xaedc, 0xaedc, 0xaedc, 0xaedc, 0xaedc, 0xaedc, 0xaedc, 0xaedc, 0xaedc, 0xaedc, 0xaedc, 0xaedc, 0xaedc, 0xaedc, 0xaedc, 
	0xaedc, 0xaedc, 0xaedc, 0xaedc, 0xaedc, 0xaedc, 0xaedc, 0xaedc, 0xaedc, 0xaedc, 0xaedc, 0xaedc, 0xaedc, 0xaedc, 0xaedc, 0xaedc, 
	0xaedc, 0xaedc, 0xaedc, 0xaedc, 0xaedc, 0xaedc, 0xaedc, 0xaedc, 0xaedc, 0xaedc, 0xaedc, 0xaedc, 0xaedc, 0xaedc, 0xaedc, 0xaedc, 
	0xaedc, 0xaedc, 0xaedc, 0xaedc, 0xaedc, 0xaedc, 0xaedc, 0xaedc, 0xaedc, 0xaedc, 0xaedc, 0xaedc, 0xaedc, 0xaedc, 0xaedc, 0xaedc, 
	0xaedc, 0xaedc, 0xaedc, 0xaedc, 0xaedc, 0xaedc, 0xaedc, 0xaedc, 0xaedc, 0xaedc, 0xaedc, 0xaedc, 0xaedc, 0xaedc, 0xaedc, 0xaedc, 
	0xaedc, 0xaedc, 0xaedc, 0xaedc, 0xaedc, 0xaedc, 0xaedc, 0xaedc, 0xb6bc, 0xaefd, 0xaedc, 0x7452, 0x08a2, 0x0000, 0x0000, 0x0000, 
	0x0000, 0x0946, 0x3c76, 0x4ddd, 0x4dbc, 0x55bc, 0x4dbc, 0x4dbc, 0x4dbc, 0x4dbc, 0x4dbc, 0x4dbc, 0x4dbc, 0x4dbc, 0x4dbc, 0x4dbc, 
	0x4dbc, 0x4dbc, 0x4dbc, 0x4dbc, 0x4dbc, 0x4dbc, 0x4dbc, 0x4dbc, 0x55bc, 0x4d9c, 0x4dbc, 0x55dc, 0x4ddd, 0x44d8, 0x11c9, 0x0083, 
	0x0084, 0x08a4, 0x10e5, 0x11a9, 0x3c35, 0x4d9c, 0x55dc, 0x4dbd, 0x55bc, 0x4dbd, 0x45bc, 0x4dbc, 0x4ddc, 0x4d9b, 0x22ce, 0x00a3, 
	0x0041, 0x10c3, 0x3924, 0x61e5, 0xa38a, 0xfd70, 0xfdaf, 0xfd91, 0xfdb0, 0xfdb0, 0xf590, 0xfdd1, 0xd4ee, 0x82e8, 0x20c2, 0x0000, 
	0x0001, 0x0000, 0x0000, 0x0000, 0x0020, 0x0000, 0x1060, 0x6ac9, 0xcd10, 0xf634, 0xfe74, 0xfe33, 0xfe54, 0xfe54, 0xfe33, 0xfe54, 
	0xfe54, 0xfe54, 0xfe54, 0xfe54, 0xfe54, 0xfe54, 0xfe54, 0xfe54, 0xfe54, 0xfe33, 0xfe34, 0xfe54, 0xfe34, 0xf613, 0xfe34, 0xfe75, 
	0xfe54, 0xfe75, 0xfe74, 0xfe54, 0xfe33, 0xedf3, 0xb46e, 0x6246, 0x10a1, 0x0000, 0x0000, 0x0021, 0x0001, 0x0000, 0x0000, 0x0000, 
	0x0000, 0x1881, 0x6a67, 0xc4ae, 0xfdb0, 0xfd8f, 0xfd8f, 0xfdb0, 0xfdb0, 0xfdb0, 0xfdb0, 0xfdb0, 0xfdb0, 0xfdb0, 0xfdb0, 0xfdb0, 
	0xfdb0, 0xfdb0, 0xfdb0, 0xfdb0, 0xfdb0, 0xfdb0, 0xfdb0, 0xfdb0, 0xfdb0, 0xfdb0, 0xfdb0, 0xfdb0, 0xfdb0, 0xfdb0, 0xfdb0, 0xfdb0, 
	0xfdb0, 0xfdb0, 0xfdb0, 0xfdb0, 0xfdb0, 0xfdb0, 0xfdb0, 0xfdb0, 0xfdb0, 0xfdb0, 0xfdb0, 0xfdb0, 0xd636, 0xaedc, 0xaedd, 0xaedc, 
	0xaedc, 0xaedc, 0xaedc, 0xaedc, 0xaedc, 0xaedc, 0xaedc, 0xaedc, 0xaedc, 0xaedc, 0xaedc, 0xaedc, 0xaedc, 0xaedc, 0xaedc, 0xaedc, 
	0xaedc, 0xaedc, 0xaedc, 0xaedc, 0xaedc, 0xaedc, 0xaedc, 0xaedc, 0xaedc, 0xaedc, 0xaedc, 0xaedc, 0xaedc, 0xaedc, 0xaedc, 0xaedc, 
	0xaedc, 0xaedc, 0xaedc, 0xaedc, 0xaedc, 0xaedc, 0xaedc, 0xaedc, 0xaedc, 0xaedc, 0xaedc, 0xaedc, 0xaedc, 0xaedc, 0xaedc, 0xaedc, 
	0xaedc, 0xaedc, 0xaedc, 0xaedc, 0xaedc, 0xaedc, 0xaedc, 0xaedc, 0xaedc, 0xaedc, 0xaedc, 0xaedc, 0xaedc, 0xaedc, 0xaedc, 0xaedc, 
	0xaedc, 0xaedc, 0xaedc, 0xaedc, 0xaedc, 0xaedc, 0xaedc, 0xaedc, 0xaedc, 0xaedc, 0xaedc, 0xaedc, 0xaedc, 0xaedc, 0xaedc, 0xaedc, 
	0xaedc, 0xaedc, 0xaedc, 0xaedc, 0xaedc, 0xaedc, 0xaedc, 0xaedc, 0xb6dc, 0xaefd, 0xae9b, 0x5b6e, 0x0021, 0x0000, 0x0000, 0x0000, 
	0x0000, 0x19e9, 0x4518, 0x45dd, 0x4dbc, 0x559c, 0x4dbd, 0x4dbc, 0x4dbc, 0x4dbc, 0x4dbc, 0x4dbc, 0x4dbc, 0x4dbc, 0x4dbc, 0x4dbc, 
	0x4dbc, 0x4dbc, 0x4dbc, 0x4dbc, 0x4dbc, 0x4dbc, 0x4dbc, 0x4dbc, 0x55dd, 0x4dbc, 0x4ddc, 0x4dbb, 0x4ddd, 0x4d9c, 0x4434, 0x33d3, 
	0x3474, 0x3cb6, 0x3cd6, 0x44d7, 0x459b, 0x4ddd, 0x55bc, 0x4dbc, 0x4dbc, 0x55bc, 0x4ddc, 0x4dbc, 0x4dbc, 0x4d9b, 0x3c35, 0x22ef, 
	0x3371, 0x6c31, 0xc4d0, 0xe52f, 0xed70, 0xfd90, 0xfdaf, 0xfd90, 0xfd90, 0xfdb0, 0xfd8f, 0xfdd1, 0xfd90, 0xed4f, 0xabcb, 0x3922, 
	0x0800, 0x0000, 0x0000, 0x0000, 0x0000, 0x0000, 0x0000, 0x0840, 0x49e6, 0xac4e, 0xee14, 0xfe54, 0xfe54, 0xfe54, 0xfe54, 0xfe34, 
	0xfe54, 0xfe54, 0xfe54, 0xfe54, 0xfe54, 0xfe54, 0xfe54, 0xfe54, 0xfe54, 0xfe34, 0xfe54, 0xfe54, 0xfe54, 0xfe74, 0xfe54, 0xfe33, 
	0xfe54, 0xf614, 0xf613, 0xfe54, 0xfe54, 0xfe54, 0xfe34, 0xe5b2, 0x9c0c, 0x49a4, 0x0840, 0x0000, 0x0000, 0x0000, 0x0020, 0x0000, 
	0x0000, 0x0041, 0x0040, 0x3943, 0xa3ab, 0xed4f, 0xfd8f, 0xfdd0, 0xfdb0, 0xfdb0, 0xfdb0, 0xfdb0, 0xfdb0, 0xfdb0, 0xfdb0, 0xfdb0, 
	0xfdb0, 0xfdb0, 0xfdb0, 0xfdb0, 0xfdb0, 0xfdb0, 0xfdb0, 0xfdb0, 0xfdb0, 0xfdb0, 0xfdb0, 0xfdb0, 0xfdb0, 0xfdb0, 0xfdb0, 0xfdb0, 
	0xfdb0, 0xfdb0, 0xfdb0, 0xfdb0, 0xfdb0, 0xfdb0, 0xfdb0, 0xfdb0, 0xfdb0, 0xfdb0, 0xfdb0, 0xfdb0, 0xd636, 0xaedc, 0xaedd, 0xaedc, 
	0xaedc, 0xaedc, 0xaedc, 0xaedc, 0xaedc, 0xaedc, 0xaedc, 0xaedc, 0xaedc, 0xaedc, 0xaedc, 0xaedc, 0xaedc, 0xaedc, 0xaedc, 0xaedc, 
	0xaedc, 0xaedc, 0xaedc, 0xaedc, 0xaedc, 0xaedc, 0xaedc, 0xaedc, 0xaedc, 0xaedc, 0xaedc, 0xaedc, 0xaedc, 0xaedc, 0xaedc, 0xaedc, 
	0xaedc, 0xaedc, 0xaedc, 0xaedc, 0xaedc, 0xaedc, 0xaedc, 0xaedc, 0xaedc, 0xaedc, 0xaedc, 0xaedc, 0xaedc, 0xaedc, 0xaedc, 0xaedc, 
	0xaedc, 0xaedc, 0xaedc, 0xaedc, 0xaedc, 0xaedc, 0xaedc, 0xaedc, 0xaedc, 0xaedc, 0xaedc, 0xaedc, 0xaedc, 0xaedc, 0xaedc, 0xaedc, 
	0xaedc, 0xaedc, 0xaedc, 0xaedc, 0xaedc, 0xaedc, 0xaedc, 0xaedc, 0xaedc, 0xaedc, 0xaedc, 0xaedc, 0xaedc, 0xaedc, 0xaedc, 0xaedc, 
	0xaedc, 0xaedc, 0xaedc, 0xaedc, 0xaedc, 0xaedc, 0xaedc, 0xaedc, 0xb6dc, 0xaefd, 0x9e5a, 0x4acc, 0x0000, 0x0000, 0x0000, 0x0000, 
	0x0000, 0x226b, 0x557a, 0x45de, 0x55bc, 0x559c, 0x4dbd, 0x4ddc, 0x4dbc, 0x4dbc, 0x4dbc, 0x4dbc, 0x4dbc, 0x4dbc, 0x4dbc, 0x4dbc, 
	0x4dbc, 0x4dbc, 0x4dbc, 0x4dbc, 0x4dbc, 0x4dbc, 0x4dbc, 0x4dbc, 0x4d9c, 0x4d9c, 0x4dfd, 0x4dbb, 0x4dbc, 0x4ddd, 0x4d9b, 0x4dbd, 
	0x557c, 0x55de, 0x55bd, 0x4dbc, 0x45bd, 0x4dbc, 0x4dbb, 0x4ddc, 0x45bc, 0x55bc, 0x4dbc, 0x4d9c, 0x55bc, 0x4dbc, 0x559c, 0x4d7a, 
	0x4d9c, 0x8dd8, 0xe5b1, 0xfdce, 0xfdaf, 0xfdb0, 0xfdf0, 0xfdb0, 0xf5d2, 0xfd8f, 0xfdaf, 0xfdb0, 0xfdb0, 0xfdaf, 0xfd8f, 0xc48d, 
	0x5206, 0x1040, 0x0000, 0x0021, 0x0000, 0x0000, 0x0000, 0x0000, 0x0000, 0x3102, 0x938a, 0xe5b2, 0xfe34, 0xfe34, 0xfe54, 0xfe54, 
	0xfe54, 0xfe54, 0xfe54, 0xfe54, 0xfe54, 0xfe54, 0xfe54, 0xfe54, 0xfe54, 0xfe34, 0xfe34, 0xfe54, 0xfe34, 0xfe33, 0xfe54, 0xfe54, 
	0xfe33, 0xfe74, 0xfe34, 0xfe34, 0xfe54, 0xfe34, 0xfe54, 0xfe55, 0xfdf4, 0xd531, 0x7b2b, 0x28e2, 0x0800, 0x0000, 0x0000, 0x0001, 
	0x0000, 0x0000, 0x0000, 0x0800, 0x20c2, 0x72e8, 0xccee, 0xfd8f, 0xfdb0, 0xfdb0, 0xfdb0, 0xfdb0, 0xfdb0, 0xfdb0, 0xfdb0, 0xfdb0, 
	0xfdb0, 0xfdb0, 0xfdb0, 0xfdb0, 0xfdb0, 0xfdb0, 0xfdb0, 0xfdb0, 0xfdb0, 0xfdb0, 0xfdb0, 0xfdb0, 0xfdb0, 0xfdb0, 0xfdb0, 0xfdb0, 
	0xfdb0, 0xfdb0, 0xfdb0, 0xfdb0, 0xfdb0, 0xfdb0, 0xfdb0, 0xfdb0, 0xfdb0, 0xfdb0, 0xfdb0, 0xfdb0, 0xd636, 0xaedc, 0xaedd, 0xaedc, 
	0xaedc, 0xaedc, 0xaedc, 0xaedc, 0xaedc, 0xaedc, 0xaedc, 0xaedc, 0xaedc, 0xaedc, 0xaedc, 0xaedc, 0xaedc, 0xaedc, 0xaedc, 0xaedc, 
	0xaedc, 0xaedc, 0xaedc, 0xaedc, 0xaedc, 0xaedc, 0xaedc, 0xaedc, 0xaedc, 0xaedc, 0xaedc, 0xaedc, 0xaedc, 0xaedc, 0xaedc, 0xaedc, 
	0xaedc, 0xaedc, 0xaedc, 0xaedc, 0xaedc, 0xaedc, 0xaedc, 0xaedc, 0xaedc, 0xaedc, 0xaedc, 0xaedc, 0xaedc, 0xaedc, 0xaedc, 0xaedc, 
	0xaedc, 0xaedc, 0xaedc, 0xaedc, 0xaedc, 0xaedc, 0xaedc, 0xaedc, 0xaedc, 0xaedc, 0xaedc, 0xaedc, 0xaedc, 0xaedc, 0xaedc, 0xaedc, 
	0xaedc, 0xaedc, 0xaedc, 0xaedc, 0xaedc, 0xaedc, 0xaedc, 0xaedc, 0xaedc, 0xaedc, 0xaedc, 0xaedc, 0xaedc, 0xaedc, 0xaedc, 0xaedc, 
	0xaedc, 0xaedc, 0xaedc, 0xaedc, 0xaedc, 0xaedc, 0xaedc, 0xaedc, 0xb6bd, 0xaf1d, 0x95b7, 0x31c7, 0x0020, 0x0000, 0x0000, 0x0000, 
	0x0061, 0x2330, 0x557b, 0x55bc, 0x55bd, 0x559d, 0x55bd, 0x559c, 0x4d9c, 0x55bc, 0x4dbc, 0x4d9b, 0x55bc, 0x55dd, 0x4dbd, 0x45bd, 
	0x4dbc, 0x4dbc, 0x4dbc, 0x4dbc, 0x4dbc, 0x4dbc, 0x4dbc, 0x4dbc, 0x4dbc, 0x4dbc, 0x4dbc, 0x4dbc, 0x4dbc, 0x4dbc, 0x4dbc, 0x4dbc, 
	0x4dbc, 0x4dbc, 0x4dbc, 0x4dbc, 0x4dbc, 0x4dbc, 0x4dbc, 0x4dbc, 0x4dbc, 0x4dbc, 0x4dbc, 0x4dbc, 0x4dbc, 0x4dbc, 0x4dbc, 0x4dbc, 
	0x45dc, 0x6dda, 0xd5d2, 0xfdb0, 0xf591, 0xfdb0, 0xfdb0, 0xfdb0, 0xfdb0, 0xfdb0, 0xfdb0, 0xfdb0, 0xfdb0, 0xfdb0, 0xfdb0, 0xfdb0, 
	0xdd0e, 0x7aa7, 0x20a2, 0x0001, 0x0000, 0x0000, 0x0000, 0x0000, 0x0000, 0x0000, 0x10a2, 0x6ac9, 0xd531, 0xfe34, 0xfe33, 0xfe54, 
	0xfe55, 0xfe54, 0xfe54, 0xf634, 0xfe55, 0xfe34, 0xfe54, 0xfe53, 0xfe54, 0xfe54, 0xfe54, 0xfe54, 0xfe54, 0xfe54, 0xfe54, 0xfe54, 
	0xfe54, 0xfe54, 0xfe54, 0xfe54, 0xfe54, 0xfe54, 0xfe54, 0xfe54, 0xfe14, 0xfe55, 0xf5f3, 0xb46d, 0x5a05, 0x1860, 0x0000, 0x0001, 
	0x0020, 0x0000, 0x0800, 0x0000, 0x0000, 0x0861, 0x51e5, 0xb40c, 0xf590, 0xfdb0, 0xfdaf, 0xfdaf, 0xfdb0, 0xfdb1, 0xfdb0, 0xfd8f, 
	0xfdb0, 0xfdb0, 0xfdb0, 0xfdb0, 0xfdb0, 0xfdb0, 0xfdb0, 0xfdb0, 0xfdb0, 0xfdb0, 0xfdb0, 0xfdb0, 0xfdb0, 0xfdb0, 0xfdb0, 0xfdb0, 
	0xfdb0, 0xfdb0, 0xfdb0, 0xfdb0, 0xfdb0, 0xfdb0, 0xfdb0, 0xfdb0, 0xfdb0, 0xfdb0, 0xfdd0, 0xfdb0, 0xd615, 0xaedd, 0xaefd, 0xb6dc, 
	0xaedc, 0xaedc, 0xaedc, 0xaedc, 0xaedc, 0xaedc, 0xaedc, 0xaedc, 0xaedc, 0xaedc, 0xaedc, 0xaedc, 0xaedc, 0xaedc, 0xaedc, 0xaedc, 
	0xaedc, 0xaedc, 0xaedc, 0xaedc, 0xaedc, 0xaedc, 0xaedc, 0xaedc, 0xaedc, 0xaedc, 0xaedc, 0xaedc, 0xaedc, 0xaedc, 0xaedc, 0xaedc, 
	0xaedc, 0xaedc, 0xaedc, 0xaedc, 0xaedc, 0xaedc, 0xaedc, 0xaedc, 0xaedc, 0xaedc, 0xaedc, 0xaedc, 0xaedc, 0xaedc, 0xaedc, 0xaedc, 
	0xaedc, 0xaedc, 0xaedc, 0xaedc, 0xaedc, 0xaedc, 0xaedc, 0xaedc, 0xaedc, 0xaedc, 0xaedc, 0xaedc, 0xaedc, 0xaedc, 0xaedc, 0xaedc, 
	0xaedc, 0xaedc, 0xaedc, 0xaedc, 0xaedc, 0xaedc, 0xaedc, 0xaedc, 0xaedc, 0xaedc, 0xaedc, 0xaedc, 0xaedc, 0xaedc, 0xaedc, 0xaedc, 
	0xaedc, 0xaedc, 0xaedc, 0xaedc, 0xaedc, 0xaedc, 0xaedc, 0xaedc, 0xb6bd, 0xaefc, 0x8555, 0x1904, 0x0000, 0x0000, 0x0000, 0x0000, 
	0x08a3, 0x33f4, 0x55bc, 0x45bb, 0x4ddc, 0x4dbc, 0x45bc, 0x4ddc, 0x55dd, 0x4ddd, 0x4dbd, 0x4dbc, 0x4dbc, 0x4dbc, 0x4dbc, 0x55dc, 
	0x55bc, 0x55bc, 0x55bc, 0x55bc, 0x55bc, 0x55bc, 0x55bc, 0x55bc, 0x55bc, 0x55bc, 0x55bc, 0x55bc, 0x55bc, 0x55bc, 0x55bc, 0x55bc, 
	0x55bc, 0x55bc, 0x55bc, 0x55bc, 0x55bc, 0x55bc, 0x55bc, 0x55bc, 0x55bc, 0x55bc, 0x55bc, 0x55bc, 0x55bc, 0x55bc, 0x55bc, 0x55bc, 
	0x4d9c, 0x659b, 0xbdb4, 0xfdcf, 0xfdb0, 0xfdb0, 0xfdb0, 0xfd8f, 0xfdb0, 0xfdb0, 0xfdb0, 0xfdb0, 0xfdb0, 0xfdb0, 0xfdb0, 0xfdb0, 
	0xfd70, 0xed50, 0x9b89, 0x3942, 0x0040, 0x0020, 0x0000, 0x0800, 0x0000, 0x0000, 0x0000, 0x1080, 0x49e5, 0xb48e, 0xfe34, 0xfe34, 
	0xfe34, 0xfe13, 0xfe74, 0xfe54, 0xfe13, 0xfe54, 0xfe34, 0xfe54, 0xfe54, 0xfe54, 0xfe54, 0xfe54, 0xfe54, 0xfe54, 0xfe54, 0xfe54, 
	0xfe54, 0xfe54, 0xfe54, 0xfe54, 0xfe54, 0xfe54, 0xfe54, 0xfe54, 0xfe74, 0xfe54, 0xfe34, 0xfe34, 0xdd72, 0x834b, 0x3103, 0x0000, 
	0x0000, 0x0000, 0x0000, 0x0000, 0x0000, 0x0000, 0x0000, 0x3943, 0x9b89, 0xe550, 0xfdd0, 0xfd6f, 0xfdb0, 0xfdd1, 0xf5b0, 0xfdd1, 
	0xfdb0, 0xfdb0, 0xfdb0, 0xfdb0, 0xfdb0, 0xfdb0, 0xfdb0, 0xfdb0, 0xfdb0, 0xfdb0, 0xfdb0, 0xfdb0, 0xfdb0, 0xfdb0, 0xfdb0, 0xfdb0, 
	0xfdb0, 0xfdb0, 0xfdb0, 0xfdb0, 0xfdb0, 0xfdb0, 0xfdb0, 0xfdb0, 0xfdb1, 0xfdd1, 0xfdb0, 0xfd90, 0xd616, 0xaedd, 0xb6fd, 0xb6bc, 
	0xaedc, 0xaedc, 0xaedc, 0xaedc, 0xaedc, 0xaedc, 0xaedc, 0xaedc, 0xaedc, 0xaedc, 0xaedc, 0xaedc, 0xaedc, 0xaedc, 0xaedc, 0xaedc, 
	0xaedc, 0xaedc, 0xaedc, 0xaedc, 0xaedc, 0xaedc, 0xaedc, 0xaedc, 0xaedc, 0xaedc, 0xaedc, 0xaedc, 0xaedc, 0xaedc, 0xaedc, 0xaedc, 
	0xaedc, 0xaedc, 0xaedc, 0xaedc, 0xaedc, 0xaedc, 0xaedc, 0xaedc, 0xaedc, 0xaedc, 0xaedc, 0xaedc, 0xaedc, 0xaedc, 0xaedc, 0xaedc, 
	0xaedc, 0xaedc, 0xaedc, 0xaedc, 0xaedc, 0xaedc, 0xaedc, 0xaedc, 0xaedc, 0xaedc, 0xaedc, 0xaedc, 0xaedc, 0xaedc, 0xaedc, 0xaedc, 
	0xaedc, 0xaedc, 0xaedc, 0xaedc, 0xaedc, 0xaedc, 0xaedc, 0xaedc, 0xaedc, 0xaedc, 0xaedc, 0xaedc, 0xaedc, 0xaedc, 0xaedc, 0xaedc, 
	0xaedc, 0xaedc, 0xaedc, 0xaedc, 0xaedc, 0xaedc, 0xaedc, 0xaedc, 0xb6dd, 0xaedc, 0x7492, 0x0062, 0x0000, 0x0000, 0x0000, 0x0000, 
	0x0905, 0x4497, 0x4ddd, 0x45bb, 0x4ddc, 0x55bc, 0x45bb, 0x4ddc, 0x4d9b, 0x4dbc, 0x4dbd, 0x4ddd, 0x4ddd, 0x4ddd, 0x4ddd, 0x4ddc, 
	0x4dbc, 0x4dbc, 0x4dbc, 0x4dbc, 0x4dbc, 0x4dbc, 0x4dbc, 0x4dbc, 0x4dbc, 0x4dbc, 0x4dbc, 0x4dbc, 0x4dbc, 0x4dbc, 0x4dbc, 0x4dbc, 
	0x4dbc, 0x4dbc, 0x4dbc, 0x4dbc, 0x4dbc, 0x4dbc, 0x4dbc, 0x4dbc, 0x4dbc, 0x4dbc, 0x4dbc, 0x4dbc, 0x4dbc, 0x4dbc, 0x4dbc, 0x4dbc, 
	0x55bc, 0x559c, 0xadb6, 0xfdb0, 0xfdaf, 0xfdd1, 0xfdd1, 0xfdf0, 0xfdb0, 0xfdb0, 0xfdb0, 0xfdb0, 0xfdb0, 0xfdb0, 0xfdb0, 0xfdb0, 
	0xfdd1, 0xfdb0, 0xfd8f, 0xbc4b, 0x51c4, 0x0820, 0x0000, 0x0000, 0x0000, 0x0000, 0x0000, 0x0000, 0x0020, 0x3164, 0x93ac, 0xedb3, 
	0xfe54, 0xfe54, 0xfe33, 0xfe54, 0xfe34, 0xfe55, 0xf614, 0xfe55, 0xfe54, 0xfe54, 0xfe54, 0xfe54, 0xfe54, 0xfe54, 0xfe54, 0xfe54, 
	0xfe54, 0xfe54, 0xfe54, 0xfe54, 0xfe54, 0xfe54, 0xfe54, 0xfe54, 0xf633, 0xfe74, 0xfe74, 0xfe34, 0xfe35, 0xf615, 0xb46e, 0x6226, 
	0x1060, 0x0020, 0x0000, 0x0000, 0x0000, 0x0000, 0x0000, 0x0000, 0x1880, 0x7ac8, 0xd4ce, 0xfdb0, 0xfdd0, 0xfd8f, 0xfd8f, 0xfdd0, 
	0xfdb0, 0xfdb0, 0xfdb0, 0xfdb0, 0xfdb0, 0xfdb0, 0xfdb0, 0xfdb0, 0xfdb0, 0xfdb0, 0xfdb0, 0xfdb0, 0xfdb0, 0xfdb0, 0xfdb0, 0xfdb0, 
	0xfdb0, 0xfdb0, 0xfdb0, 0xfdb0, 0xfdb0, 0xfdb0, 0xfdb0, 0xfdb0, 0xfd8f, 0xfdaf, 0xfd8f, 0xfdd0, 0xde56, 0xaebc, 0xaedc, 0xb6dd, 
	0xaedc, 0xaedc, 0xaedc, 0xaedc, 0xaedc, 0xaedc, 0xaedc, 0xaedc, 0xaedc, 0xaedc, 0xaedc, 0xaedc, 0xaedc, 0xaedc, 0xaedc, 0xaedc, 
	0xaedc, 0xaedc, 0xaedc, 0xaedc, 0xaedc, 0xaedc, 0xaedc, 0xaedc, 0xaedc, 0xaedc, 0xaedc, 0xaedc, 0xaedc, 0xaedc, 0xaedc, 0xaedc, 
	0xaedc, 0xaedc, 0xaedc, 0xaedc, 0xaedc, 0xaedc, 0xaedc, 0xaedc, 0xaedc, 0xaedc, 0xaedc, 0xaedc, 0xaedc, 0xaedc, 0xaedc, 0xaedc, 
	0xaedc, 0xaedc, 0xaedc, 0xaedc, 0xaedc, 0xaedc, 0xaedc, 0xaedc, 0xaedc, 0xaedc, 0xaedc, 0xaedc, 0xaedc, 0xaedc, 0xaedc, 0xaedc, 
	0xaedc, 0xaedc, 0xaedc, 0xaedc, 0xaedc, 0xaedc, 0xaedc, 0xaedc, 0xaedc, 0xaedc, 0xaedc, 0xaedc, 0xaedc, 0xaedc, 0xaedc, 0xaedc, 
	0xaedc, 0xaedc, 0xaedc, 0xaedc, 0xaedc, 0xaedc, 0xaedc, 0xaedc, 0xb6dd, 0xa69b, 0x5b8f, 0x0041, 0x0000, 0x0000, 0x0000, 0x0000, 
	0x11a8, 0x4d39, 0x4dbe, 0x4dbc, 0x55dc, 0x5dbd, 0x4d9c, 0x559d, 0x4ddc, 0x55dc, 0x55bc, 0x557b, 0x4d5b, 0x557b, 0x4d7a, 0x4d3a, 
	0x4d7b, 0x4d7b, 0x4d7b, 0x4d7b, 0x4d7b, 0x4d7b, 0x4d7b, 0x4d7b, 0x4d7b, 0x4d7b, 0x4d7b, 0x4d7b, 0x4d7b, 0x4d7b, 0x4d7b, 0x4d7b, 
	0x4d7b, 0x4d7b, 0x4d7b, 0x4d7b, 0x4d7b, 0x4d7b, 0x4d7b, 0x4d7b, 0x4d7b, 0x4d7b, 0x4d7b, 0x4d7b, 0x4d7b, 0x4d7b, 0x4d7b, 0x4d7b, 
	0x4d9b, 0x4d7b, 0x8d57, 0xd551, 0xf54f, 0xed50, 0xed4f, 0xf56f, 0xf56f, 0xf56f, 0xf56f, 0xf56f, 0xf56f, 0xf56f, 0xf56f, 0xf56f, 
	0xe56f, 0xed8f, 0xed4f, 0xed2f, 0xcc8d, 0x6a46, 0x1060, 0x0020, 0x0000, 0x0020, 0x0000, 0x0000, 0x0001, 0x0000, 0x20c2, 0x72e9, 
	0xd510, 0xfe75, 0xfe33, 0xfe33, 0xfe54, 0xfe54, 0xfe34, 0xfe54, 0xfe54, 0xfe54, 0xfe54, 0xfe54, 0xfe54, 0xfe54, 0xfe54, 0xfe54, 
	0xfe54, 0xfe54, 0xfe54, 0xfe54, 0xfe54, 0xfe54, 0xfe54, 0xfe54, 0xfe74, 0xfe33, 0xfe33, 0xfe54, 0xfe33, 0xfe74, 0xfe34, 0xdd51, 
	0x834b, 0x28e3, 0x0000, 0x0000, 0x0000, 0x0000, 0x0000, 0x0001, 0x0020, 0x1860, 0x6225, 0xbc4d, 0xe54f, 0xed90, 0xf590, 0xe52e, 
	0xf56f, 0xf56f, 0xf56f, 0xf56f, 0xf56f, 0xf56f, 0xf56f, 0xf56f, 0xf56f, 0xf56f, 0xf56f, 0xf56f, 0xf56f, 0xf56f, 0xf56f, 0xf56f, 
	0xf56f, 0xf56f, 0xf56f, 0xf56f, 0xf56f, 0xf56f, 0xf56f, 0xf56f, 0xf570, 0xed90, 0xed90, 0xe550, 0xd636, 0xb6dc, 0xaebc, 0xaedd, 
	0xaedc, 0xaedc, 0xaedc, 0xaedc, 0xaedc, 0xaedc, 0xaedc, 0xaedc, 0xaedc, 0xaedc, 0xaedc, 0xaedc, 0xaedc, 0xaedc, 0xaedc, 0xaedc, 
	0xaedc, 0xaedc, 0xaedc, 0xaedc, 0xaedc, 0xaedc, 0xaedc, 0xaedc, 0xaedc, 0xaedc, 0xaedc, 0xaedc, 0xaedc, 0xaedc, 0xaedc, 0xaedc, 
	0xaedc, 0xaedc, 0xaedc, 0xaedc, 0xaedc, 0xaedc, 0xaedc, 0xaedc, 0xaedc, 0xaedc, 0xaedc, 0xaedc, 0xaedc, 0xaedc, 0xaedc, 0xaedc, 
	0xaedc, 0xaedc, 0xaedc, 0xaedc, 0xaedc, 0xaedc, 0xaedc, 0xaedc, 0xaedc, 0xaedc, 0xaedc, 0xaedc, 0xaedc, 0xaedc, 0xaedc, 0xaedc, 
	0xaedc, 0xaedc, 0xaedc, 0xaedc, 0xaedc, 0xaedc, 0xaedc, 0xaedc, 0xaedc, 0xaedc, 0xaedc, 0xaedc, 0xaedc, 0xaedc, 0xaedc, 0xaedc, 
	0xaedc, 0xaedc, 0xaedc, 0xaedc, 0xaedc, 0xaedc, 0xaedc, 0xaedc, 0xaedd, 0xa65a, 0x3a8a, 0x0021, 0x0020, 0x0000, 0x0000, 0x0021, 
	0x228c, 0x4d5a, 0x4dbd, 0x55bc, 0x4d9c, 0x559d, 0x4dbc, 0x4dbc, 0x45bd, 0x4d5a, 0x4497, 0x3b92, 0x228d, 0x11ea, 0x11c9, 0x11c9, 
	0x11a8, 0x11a8, 0x11a8, 0x11a8, 0x11a8, 0x11a8, 0x11a8, 0x11a8, 0x11a8, 0x11a8, 0x11a8, 0x11a8, 0x11a8, 0x11a8, 0x11a8, 0x11a8, 
	0x11a8, 0x11a8, 0x11a8, 0x11a8, 0x11a8, 0x11a8, 0x11a8, 0x11a8, 0x11a8, 0x11a8, 0x11a8, 0x11a8, 0x11a8, 0x11a8, 0x11a8, 0x11a8, 
	0x19a7, 0x11a7, 0x21a6, 0x41c4, 0x49c4, 0x49a5, 0x49a5, 0x49a5, 0x49a4, 0x49a4, 0x49a4, 0x49a4, 0x49a4, 0x49a4, 0x49a4, 0x49a4, 
	0x49a4, 0x49a5, 0x41c6, 0x41c6, 0x4184, 0x2903, 0x0861, 0x0001, 0x0000, 0x0000, 0x0000, 0x0000, 0x0000, 0x0000, 0x0000, 0x0860, 
	0x5a06, 0xb4af, 0xf634, 0xfe54, 0xfe33, 0xfe33, 0xfe54, 0xfe34, 0xfe54, 0xfe54, 0xfe54, 0xfe54, 0xfe54, 0xfe54, 0xfe54, 0xfe54, 
	0xfe54, 0xfe54, 0xfe54, 0xfe54, 0xfe54, 0xfe54, 0xfe54, 0xfe54, 0xfe34, 0xfe54, 0xfe74, 0xfe53, 0xfe53, 0xfe54, 0xfe54, 0xfe34, 
	0xedf4, 0xa42e, 0x49c5, 0x1060, 0x0000, 0x0000, 0x0000, 0x0000, 0x0000, 0x0000, 0x0820, 0x3123, 0x41a5, 0x41a4, 0x49a5, 0x49c5, 
	0x49a4, 0x49a4, 0x49a4, 0x49a4, 0x49a4, 0x49a4, 0x49a4, 0x49a4, 0x49a4, 0x49a4, 0x49a4, 0x49a4, 0x49a4, 0x49a4, 0x49a4, 0x49a4, 
	0x49a4, 0x49a4, 0x49a4, 0x49a4, 0x49a4, 0x49a4, 0x49a4, 0x49a4, 0x4185, 0x4185, 0x49c5, 0x49a4, 0x7c10, 0xaedd, 0xb6dc, 0xaedd, 
	0xaedc, 0xaedc, 0xaedc, 0xaedc, 0xaedc, 0xaedc, 0xaedc, 0xaedc, 0xaedc, 0xaedc, 0xaedc, 0xaedc, 0xaedc, 0xaedc, 0xaedc, 0xaedc, 
	0xaedc, 0xaedc, 0xaedc, 0xaedc, 0xaedc, 0xaedc, 0xaedc, 0xaedc, 0xaedc, 0xaedc, 0xaedc, 0xaedc, 0xaedc, 0xaedc, 0xaedc, 0xaedc, 
	0xaedc, 0xaedc, 0xaedc, 0xaedc, 0xaedc, 0xaedc, 0xaedc, 0xaedc, 0xaedc, 0xaedc, 0xaedc, 0xaedc, 0xaedc, 0xaedc, 0xaedc, 0xaedc, 
	0xaedc, 0xaedc, 0xaedc, 0xaedc, 0xaedc, 0xaedc, 0xaedc, 0xaedc, 0xaedc, 0xaedc, 0xaedc, 0xaedc, 0xaedc, 0xaedc, 0xaedc, 0xaedc, 
	0xaedc, 0xaedc, 0xaedc, 0xaedc, 0xaedc, 0xaedc, 0xaedc, 0xaedc, 0xaedc, 0xaedc, 0xaedc, 0xaedc, 0xaedc, 0xaedc, 0xaedc, 0xaedc, 
	0xaedc, 0xaedc, 0xaedc, 0xaedc, 0xaedc, 0xaedc, 0xaedc, 0xaedc, 0xaedd, 0x9df8, 0x2987, 0x0000, 0x0000, 0x0000, 0x0000, 0x0041, 
	0x2b50, 0x4d7b, 0x4d9d, 0x55bc, 0x459c, 0x4ddd, 0x4dfc, 0x457a, 0x4455, 0x1aae, 0x0126, 0x0082, 0x0040, 0x0020, 0x0000, 0x0000, 
	0x0000, 0x0000, 0x0000, 0x0000, 0x0000, 0x0000, 0x0000, 0x0000, 0x0000, 0x0000, 0x0000, 0x0000, 0x0000, 0x0000, 0x0000, 0x0000, 
	0x0000, 0x0000, 0x0000, 0x0000, 0x0000, 0x0000, 0x0000, 0x0000, 0x0000, 0x0000, 0x0000, 0x0000, 0x0000, 0x0000, 0x0000, 0x0000, 
	0x0000, 0x0000, 0x0000, 0x0000, 0x0000, 0x0000, 0x0800, 0x0000, 0x0000, 0x0000, 0x0000, 0x0000, 0x0000, 0x0000, 0x0000, 0x0000, 
	0x0000, 0x0000, 0x0000, 0x0000, 0x0000, 0x0000, 0x0000, 0x0800, 0x0001, 0x0000, 0x0000, 0x0020, 0x0000, 0x0000, 0x0000, 0x0000, 
	0x0820, 0x49c5, 0xc4f0, 0xfe74, 0xfe33, 0xfe53, 0xfe54, 0xfe34, 0xfe54, 0xfe54, 0xfe54, 0xfe54, 0xfe54, 0xfe54, 0xfe54, 0xfe54, 
	0xfe54, 0xfe54, 0xfe54, 0xfe54, 0xfe54, 0xfe54, 0xfe54, 0xfe54, 0xfe54, 0xfe34, 0xfe34, 0xfe34, 0xfe34, 0xfe33, 0xfe54, 0xfe74, 
	0xfe54, 0xfe33, 0xcd30, 0x6a87, 0x1881, 0x0000, 0x0000, 0x0000, 0x0000, 0x0020, 0x0000, 0x0000, 0x0020, 0x0000, 0x0000, 0x0000, 
	0x0000, 0x0000, 0x0000, 0x0000, 0x0000, 0x0000, 0x0000, 0x0000, 0x0000, 0x0000, 0x0000, 0x0000, 0x0000, 0x0000, 0x0000, 0x0000, 
	0x0000, 0x0000, 0x0000, 0x0000, 0x0000, 0x0000, 0x0000, 0x0000, 0x0001, 0x0000, 0x0000, 0x0000, 0x532d, 0xaedd, 0xb6dc, 0xaedd, 
	0xaedc, 0xaedc, 0xaedc, 0xaedc, 0xaedc, 0xaedc, 0xaedc, 0xaedc, 0xaedc, 0xaedc, 0xaedc, 0xaedc, 0xaedc, 0xaedc, 0xaedc, 0xaedc, 
	0xaedc, 0xaedc, 0xaedc, 0xaedc, 0xaedc, 0xaedc, 0xaedc, 0xaedc, 0xaedc, 0xaedc, 0xaedc, 0xaedc, 0xaedc, 0xaedc, 0xaedc, 0xaedc, 
	0xaedc, 0xaedc, 0xaedc, 0xaedc, 0xaedc, 0xaedc, 0xaedc, 0xaedc, 0xaedc, 0xaedc, 0xaedc, 0xaedc, 0xaedc, 0xaedc, 0xaedc, 0xaedc, 
	0xaedc, 0xaedc, 0xaedc, 0xaedc, 0xaedc, 0xaedc, 0xaedc, 0xaedc, 0xaedc, 0xaedc, 0xaedc, 0xaedc, 0xaedc, 0xaedc, 0xaedc, 0xaedc, 
	0xaedc, 0xaedc, 0xaedc, 0xaedc, 0xaedc, 0xaedc, 0xaedc, 0xaedc, 0xaedc, 0xaedc, 0xaedc, 0xaedc, 0xaedc, 0xaedc, 0xaedc, 0xaedc, 
	0xaedc, 0xaedc, 0xaedc, 0xaedc, 0xaedc, 0xaedc, 0xaedc, 0xaedc, 0xaefc, 0x8d56, 0x18e4, 0x0000, 0x0000, 0x0000, 0x0000, 0x0082, 
	0x3c14, 0x4dbc, 0x4dbd, 0x55dc, 0x4ddd, 0x4dbc, 0x44d7, 0x3390, 0x0925, 0x0041, 0x0000, 0x0000, 0x0000, 0x0000, 0x0000, 0x0000, 
	0x0000, 0x0000, 0x0000, 0x0000, 0x0000, 0x0000, 0x0000, 0x0000, 0x0000, 0x0000, 0x0000, 0x0000, 0x0000, 0x0000, 0x0000, 0x0000, 
	0x0000, 0x0000, 0x0000, 0x0000, 0x0000, 0x0000, 0x0000, 0x0000, 0x0000, 0x0000, 0x0000, 0x0000, 0x0000, 0x0000, 0x0000, 0x0000, 
	0x0000, 0x0800, 0x0000, 0x0000, 0x0000, 0x0000, 0x0000, 0x0020, 0x0000, 0x0000, 0x0000, 0x0000, 0x0000, 0x0000, 0x0000, 0x0000, 
	0x0000, 0x0020, 0x0000, 0x0000, 0x0000, 0x0000, 0x0000, 0x0000, 0x0000, 0x0000, 0x0000, 0x0000, 0x0000, 0x0000, 0x0000, 0x0000, 
	0x0000, 0x0820, 0x8b6b, 0xfe54, 0xfe54, 0xfe74, 0xfe34, 0xfe34, 0xfe54, 0xfe54, 0xfe54, 0xfe54, 0xfe54, 0xfe54, 0xfe54, 0xfe54, 
	0xfe54, 0xfe54, 0xfe54, 0xfe54, 0xfe54, 0xfe54, 0xfe54, 0xfe54, 0xfe74, 0xfe34, 0xfe54, 0xfe54, 0xfe33, 0xfe54, 0xfe74, 0xf633, 
	0xfe33, 0xfe33, 0xfe53, 0xe5b3, 0x8b8b, 0x28c2, 0x0000, 0x0000, 0x0000, 0x0000, 0x0000, 0x0000, 0x0000, 0x0000, 0x0800, 0x0000, 
	0x0000, 0x0000, 0x0000, 0x0000, 0x0000, 0x0000, 0x0000, 0x0000, 0x0000, 0x0000, 0x0000, 0x0000, 0x0000, 0x0000, 0x0000, 0x0000, 
	0x0000, 0x0000, 0x0000, 0x0000, 0x0000, 0x0000, 0x0000, 0x0000, 0x0000, 0x0000, 0x0000, 0x0000, 0x534e, 0xaedc, 0xaebb, 0xaefe, 
	0xaedc, 0xaedc, 0xaedc, 0xaedc, 0xaedc, 0xaedc, 0xaedc, 0xaedc, 0xaedc, 0xaedc, 0xaedc, 0xaedc, 0xaedc, 0xaedc, 0xaedc, 0xaedc, 
	0xaedc, 0xaedc, 0xaedc, 0xaedc, 0xaedc, 0xaedc, 0xaedc, 0xaedc, 0xaedc, 0xaedc, 0xaedc, 0xaedc, 0xaedc, 0xaedc, 0xaedc, 0xaedc, 
	0xaedc, 0xaedc, 0xaedc, 0xaedc, 0xaedc, 0xaedc, 0xaedc, 0xaedc, 0xaedc, 0xaedc, 0xaedc, 0xaedc, 0xaedc, 0xaedc, 0xaedc, 0xaedc, 
	0xaedc, 0xaedc, 0xaedc, 0xaedc, 0xaedc, 0xaedc, 0xaedc, 0xaedc, 0xaedc, 0xaedc, 0xaedc, 0xaedc, 0xaedc, 0xaedc, 0xaedc, 0xaedc, 
	0xaedc, 0xaedc, 0xaedc, 0xaedc, 0xaedc, 0xaedc, 0xaedc, 0xaedc, 0xaedc, 0xaedc, 0xaedc, 0xaedc, 0xaedc, 0xaedc, 0xaedc, 0xaedc, 
	0xaedc, 0xaedc, 0xaedc, 0xaedc, 0xaedc, 0xaedc, 0xaedc, 0xaedc, 0xa6bb, 0x7492, 0x0882, 0x0000, 0x0000, 0x0000, 0x0000, 0x1104, 
	0x4497, 0x4ddd, 0x4dbc, 0x4dbb, 0x4dbc, 0x44fa, 0x22cf, 0x0864, 0x0020, 0x0000, 0x0000, 0x0000, 0x0000, 0x0000, 0x0020, 0x0000, 
	0x0000, 0x0000, 0x0000, 0x0000, 0x0000, 0x0000, 0x0000, 0x0000, 0x0000, 0x0000, 0x0000, 0x0000, 0x0000, 0x0000, 0x0000, 0x0000, 
	0x0000, 0x0000, 0x0000, 0x0000, 0x0000, 0x0000, 0x0000, 0x0000, 0x0000, 0x0000, 0x0000, 0x0000, 0x0000, 0x0000, 0x0000, 0x0000, 
	0x0001, 0x0800, 0x0000, 0x0000, 0x0000, 0x0000, 0x0800, 0x0000, 0x0000, 0x0000, 0x0000, 0x0000, 0x0000, 0x0000, 0x0000, 0x0000, 
	0x0000, 0x0000, 0x0000, 0x0000, 0x0000, 0x0000, 0x0000, 0x0000, 0x0000, 0x0000, 0x0000, 0x0000, 0x0000, 0x0000, 0x0000, 0x0000, 
	0x0001, 0x0800, 0x7ac8, 0xfe34, 0xfe34, 0xfe54, 0xfe34, 0xfe55, 0xfe54, 0xfe54, 0xfe54, 0xfe54, 0xfe54, 0xfe54, 0xfe54, 0xfe54, 
	0xfe54, 0xfe54, 0xfe54, 0xfe54, 0xfe54, 0xfe54, 0xfe54, 0xfe54, 0xfe33, 0xfe74, 0xfe54, 0xf633, 0xfe74, 0xfe54, 0xfe34, 0xfe54, 
	0xfe35, 0xfe75, 0xfe34, 0xfe33, 0xf5f4, 0xac2e, 0x41a5, 0x0020, 0x0000, 0x0000, 0x0000, 0x0000, 0x0000, 0x0000, 0x0000, 0x0001, 
	0x0000, 0x0000, 0x0000, 0x0000, 0x0000, 0x0000, 0x0000, 0x0000, 0x0000, 0x0000, 0x0000, 0x0000, 0x0000, 0x0000, 0x0000, 0x0000, 
	0x0000, 0x0000, 0x0000, 0x0000, 0x0000, 0x0000, 0x0000, 0x0000, 0x0000, 0x0020, 0x0000, 0x0000, 0x534e, 0xaedc, 0xb6db, 0xaedd, 
	0xaedc, 0xaedc, 0xaedc, 0xaedc, 0xaedc, 0xaedc, 0xaedc, 0xaedc, 0xaedc, 0xaedc, 0xaedc, 0xaedc, 0xaedc, 0xaedc, 0xaedc, 0xaedc, 
	0xaedc, 0xaedc, 0xaedc, 0xaedc, 0xaedc, 0xaedc, 0xaedc, 0xaedc, 0xaedc, 0xaedc, 0xaedc, 0xaedc, 0xaedc, 0xaedc, 0xaedc, 0xaedc, 
	0xaedc, 0xaedc, 0xaedc, 0xaedc, 0xaedc, 0xaedc, 0xaedc, 0xaedc, 0xaedc, 0xaedc, 0xaedc, 0xaedc, 0xaedc, 0xaedc, 0xaedc, 0xaedc, 
	0xaedc, 0xaedc, 0xaedc, 0xaedc, 0xaedc, 0xaedc, 0xaedc, 0xaedc, 0xaedc, 0xaedc, 0xaedc, 0xaedc, 0xaedc, 0xaedc, 0xaedc, 0xaedc, 
	0xaedc, 0xaedc, 0xaedc, 0xaedc, 0xaedc, 0xaedc, 0xaedc, 0xaedc, 0xaedc, 0xaedd, 0xaedd, 0xaedd, 0xb6dd, 0xaedc, 0xaedc, 0xaefd, 
	0xaedc, 0xaedc, 0xaedc, 0xaebc, 0xaedd, 0xaedd, 0xaedd, 0xaefc, 0xae9c, 0x4b6e, 0x0062, 0x0000, 0x0000, 0x0000, 0x0000, 0x11e8, 
	0x3d18, 0x55bd, 0x55bd, 0x4dbc, 0x4d5a, 0x2ace, 0x0041, 0x0000, 0x0000, 0x0000, 0x0000, 0x0000, 0x0000, 0x0000, 0x0000, 0x0000, 
	0x0000, 0x0000, 0x0000, 0x0000, 0x0000, 0x0000, 0x0000, 0x0000, 0x0000, 0x0000, 0x0000, 0x0000, 0x0000, 0x0000, 0x0000, 0x0000, 
	0x0000, 0x0000, 0x0000, 0x0000, 0x0000, 0x0000, 0x0000, 0x0000, 0x0000, 0x0000, 0x0000, 0x0000, 0x0000, 0x0000, 0x0000, 0x0000, 
	0x0000, 0x0000, 0x0000, 0x0000, 0x0000, 0x0000, 0x0000, 0x0000, 0x0000, 0x0000, 0x0000, 0x0000, 0x0000, 0x0000, 0x0000, 0x0000, 
	0x0000, 0x0000, 0x0000, 0x0000, 0x0000, 0x0000, 0x0000, 0x0000, 0x0000, 0x0000, 0x0000, 0x0000, 0x0000, 0x0000, 0x0000, 0x0000, 
	0x0001, 0x1880, 0x9bcc, 0xfe54, 0xfe54, 0xfe54, 0xfe54, 0xfe54, 0xfe54, 0xfe54, 0xfe54, 0xfe54, 0xfe54, 0xfe54, 0xfe54, 0xfe54, 
	0xfe54, 0xfe54, 0xfe54, 0xfe54, 0xfe54, 0xfe54, 0xfe54, 0xfe54, 0xfe54, 0xfe54, 0xfe54, 0xfe54, 0xfe54, 0xfe54, 0xfe54, 0xfe54, 
	0xfe34, 0xfe74, 0xfe34, 0xfe34, 0xfe54, 0xf655, 0xbcd0, 0x6225, 0x1061, 0x0000, 0x0000, 0x0000, 0x0000, 0x0000, 0x0000, 0x0000, 
	0x0000, 0x0000, 0x0000, 0x0000, 0x0000, 0x0000, 0x0000, 0x0000, 0x0000, 0x0000, 0x0000, 0x0000, 0x0000, 0x0000, 0x0000, 0x0000, 
	0x0000, 0x0000, 0x0000, 0x0000, 0x0000, 0x0000, 0x0000, 0x0000, 0x0000, 0x0000, 0x0000, 0x0000, 0x532d, 0xaedd, 0xb6db, 0xb6bc, 
	0xaedc, 0xaedc, 0xaedc, 0xaedc, 0xaedc, 0xaedc, 0xaedc, 0xaedc, 0xaedc, 0xaedc, 0xaedc, 0xaedc, 0xaedc, 0xaedc, 0xaedc, 0xaedc, 
	0xaedc, 0xaedc, 0xaedc, 0xaedc, 0xaedc, 0xaedc, 0xaedc, 0xaedc, 0xaedc, 0xaedc, 0xaedc, 0xaedc, 0xaedc, 0xaedc, 0xaedc, 0xaedc, 
	0xaedc, 0xaedc, 0xaedc, 0xaedc, 0xaedc, 0xaedc, 0xaedc, 0xaedc, 0xaedc, 0xaedc, 0xaedc, 0xaedc, 0xaedc, 0xaedc, 0xaedc, 0xaedc, 
	0xaedc, 0xaedc, 0xaedc, 0xaedc, 0xaedc, 0xaedc, 0xaedc, 0xaedc, 0xaedc, 0xaedc, 0xaedc, 0xaedc, 0xaedc, 0xaedc, 0xaedc, 0xaedc, 
	0xaedc, 0xaedc, 0xaedc, 0xaedc, 0xaedc, 0xaedc, 0xaedc, 0xaedc, 0xb6fd, 0xaedc, 0xaedc, 0xaebc, 0xaedc, 0xb6dd, 0xaedc, 0xaedc, 
	0xaedc, 0xb6fd, 0xb6fd, 0xaedc, 0xaedc, 0xaedc, 0xaedc, 0xaedd, 0xae7b, 0x5bcf, 0x2145, 0x1082, 0x0041, 0x0000, 0x0001, 0x2a8b, 
	0x455a, 0x55bd, 0x45bc, 0x4d9b, 0x3372, 0x00e5, 0x0000, 0x0000, 0x0000, 0x0000, 0x0000, 0x0000, 0x0000, 0x0000, 0x0020, 0x0000, 
	0x0000, 0x0000, 0x0000, 0x0000, 0x0000, 0x0000, 0x0000, 0x0000, 0x0000, 0x0000, 0x0000, 0x0000, 0x0000, 0x0000, 0x0000, 0x0000, 
	0x0000, 0x0000, 0x0000, 0x0000, 0x0000, 0x0000, 0x0000, 0x0000, 0x0000, 0x0000, 0x0000, 0x0000, 0x0000, 0x0000, 0x0000, 0x0000, 
	0x0000, 0x0000, 0x0000, 0x0000, 0x0000, 0x0000, 0x0000, 0x0000, 0x0000, 0x0000, 0x0000, 0x0000, 0x0000, 0x0000, 0x0000, 0x0000, 
	0x0000, 0x0000, 0x0000, 0x0000, 0x0000, 0x0000, 0x0000, 0x0000, 0x0000, 0x0000, 0x0000, 0x0000, 0x0000, 0x0000, 0x0020, 0x0020, 
	0x20a1, 0x72c8, 0xdd92, 0xfe74, 0xfe33, 0xfe54, 0xfe34, 0xfe54, 0xfe54, 0xfe54, 0xfe54, 0xfe54, 0xfe54, 0xfe54, 0xfe54, 0xfe54, 
	0xfe54, 0xfe54, 0xfe54, 0xfe54, 0xfe54, 0xfe54, 0xfe54, 0xfe54, 0xfe54, 0xfe54, 0xfe54, 0xfe54, 0xfe54, 0xfe54, 0xfe54, 0xfe54, 
	0xfe54, 0xfe54, 0xfe34, 0xfe34, 0xfe33, 0xfe54, 0xf634, 0xd551, 0x62ea, 0x2903, 0x0820, 0x0000, 0x0020, 0x0000, 0x0000, 0x0820, 
	0x0000, 0x0000, 0x0000, 0x0000, 0x0000, 0x0000, 0x0000, 0x0000, 0x0000, 0x0000, 0x0000, 0x0000, 0x0000, 0x0000, 0x0000, 0x0000, 
	0x0000, 0x0000, 0x0000, 0x0000, 0x0000, 0x0000, 0x0000, 0x0000, 0x0000, 0x0000, 0x0000, 0x0800, 0x4b2d, 0xa6dd, 0xaf1d, 0xaedd, 
	0xaedc, 0xaedc, 0xaedc, 0xaedc, 0xaedc, 0xaedc, 0xaedc, 0xaedc, 0xaedc, 0xaedc, 0xaedc, 0xaedc, 0xaedc, 0xaedc, 0xaedc, 0xaedc, 
	0xaedc, 0xaedc, 0xaedc, 0xaedc, 0xaedc, 0xaedc, 0xaedc, 0xaedc, 0xaedc, 0xaedc, 0xaedc, 0xaedc, 0xaedc, 0xaedc, 0xaedc, 0xaedc, 
	0xaedc, 0xaedc, 0xaedc, 0xaedc, 0xaedc, 0xaedc, 0xaedc, 0xaedc, 0xaedc, 0xaedc, 0xaedc, 0xaedc, 0xaedc, 0xaedc, 0xaedc, 0xaedc, 
	0xaedc, 0xaedc, 0xaedc, 0xaedc, 0xaedc, 0xaedc, 0xaedc, 0xaedc, 0xaedc, 0xaedc, 0xaedc, 0xaedc, 0xaedc, 0xaedc, 0xaedc, 0xaedc, 
	0xaedc, 0xaedc, 0xaedc, 0xaedc, 0xaedc, 0xaedc, 0xaedc, 0xaedc, 0xb6dc, 0xb6dc, 0xb6fd, 0xaedc, 0xaebc, 0xaedc, 0xb6dd, 0xb6dd, 
	0xb6dd, 0xb6dd, 0xaebc, 0xaebc, 0xb6fd, 0xb6fd, 0xb6dc, 0xb6dc, 0xaf1c, 0x9618, 0x8d15, 0x6432, 0x2b2e, 0x1a4b, 0x09a9, 0x33b1, 
	0x4d9b, 0x55dc, 0x45dc, 0x3cb6, 0x1167, 0x0000, 0x0000, 0x0800, 0x0000, 0x0000, 0x0000, 0x1040, 0x41a5, 0x6ae9, 0x836b, 0x8b8b, 
	0x8b6b, 0x8b6b, 0x8b6b, 0x8b6b, 0x8b6b, 0x8b6b, 0x8b6b, 0x8b6b, 0x8b6b, 0x8b6b, 0x8b6b, 0x8b6b, 0x8b6b, 0x8b6b, 0x8b6b, 0x8b6b, 
	0x8b6b, 0x8b6b, 0x8b6b, 0x8b6b, 0x8b6b, 0x8b6b, 0x8b6b, 0x8b6b, 0x8b6b, 0x8b6b, 0x8b6b, 0x8b6b, 0x8b6b, 0x8b6b, 0x8b6b, 0x8b6b, 
	0x8b6b, 0x8b6b, 0x8b6b, 0x8b6b, 0x8b6b, 0x8b6b, 0x8b6b, 0x8b6b, 0x8b6b, 0x8b6b, 0x8b6b, 0x8b6b, 0x8b6b, 0x8b6b, 0x8b6b, 0x8b6b, 
	0x8b6b, 0x8b6b, 0x8b6b, 0x8b6b, 0x8b6b, 0x8b6b, 0x8b6b, 0x8b6b, 0x8b6b, 0x8b6b, 0x8b6b, 0x8b6b, 0x8b6b, 0x8b8b, 0x8b8b, 0x8b8b, 
	0xac4e, 0xdd92, 0xfe54, 0xfe33, 0xfe34, 0xfe75, 0xfe54, 0xfe34, 0xfe54, 0xfe54, 0xfe54, 0xfe54, 0xfe54, 0xfe54, 0xfe54, 0xfe54, 
	0xfe54, 0xfe54, 0xfe54, 0xfe54, 0xfe54, 0xfe54, 0xfe54, 0xfe54, 0xfe54, 0xfe54, 0xfe54, 0xfe54, 0xfe54, 0xfe54, 0xfe54, 0xfe54, 
	0xfe34, 0xfe54, 0xfe34, 0xfe74, 0xfe54, 0xfe33, 0xfe74, 0xfe54, 0xe614, 0xb48e, 0x93ac, 0x8b8b, 0x8b8b, 0x8b8b, 0x8b4a, 0x8b6b, 
	0x8b6b, 0x8b6b, 0x8b6b, 0x8b6b, 0x8b6b, 0x8b6b, 0x8b6b, 0x8b6b, 0x8b6b, 0x8b6b, 0x8b6b, 0x8b6b, 0x8b6b, 0x8b6b, 0x8b6b, 0x8b6b, 
	0x8b6b, 0x8b6b, 0x8b6b, 0x8b6b, 0x8b6b, 0x8b6b, 0x8b6b, 0x8b6b, 0x938b, 0x8b8b, 0x8b8c, 0x8b6b, 0x9d14, 0xaedd, 0xaedc, 0xaedd, 
	0xaedc, 0xaedc, 0xaedc, 0xaedc, 0xaedc, 0xaedc, 0xaedc, 0xaedc, 0xaedc, 0xaedc, 0xaedc, 0xaedc, 0xaedc, 0xaedc, 0xaedc, 0xaedc, 
	0xaedc, 0xaedc, 0xaedc, 0xaedc, 0xaedc, 0xaedc, 0xaedc, 0xaedc, 0xaedc, 0xaedc, 0xaedc, 0xaedc, 0xaedc, 0xaedc, 0xaedc, 0xaedc, 
	0xaedc, 0xaedc, 0xaedc, 0xaedc, 0xaedc, 0xaedc, 0xaedc, 0xaedc, 0xaedc, 0xaedc, 0xaedc, 0xaedc, 0xaedc, 0xaedc, 0xaedc, 0xaedc, 
	0xaedc, 0xaedc, 0xaedc, 0xaedc, 0xaedc, 0xaedc, 0xaedc, 0xaedc, 0xaedc, 0xaedc, 0xaedc, 0xaedc, 0xaedc, 0xaedc, 0xaedc, 0xaedc, 
	0xaedc, 0xaedc, 0xaedc, 0xaedc, 0xaedc, 0xaedc, 0xaedc, 0xaedc, 0xaedc, 0xaebc, 0xaedc, 0xaefd, 0xaefd, 0xaefd, 0xaedd, 0xaebc, 
	0xaebc, 0xaedd, 0xaedd, 0xaefd, 0xb6fd, 0xaedc, 0xaebc, 0xb6dd, 0xa6dc, 0xaedc, 0xb6dd, 0x8e5c, 0x55da, 0x4d59, 0x3cb7, 0x457a, 
	0x55bc, 0x4dbc, 0x4dbb, 0x232f, 0x0021, 0x0800, 0x0021, 0x0000, 0x0000, 0x0000, 0x3922, 0x8b6b, 0xd551, 0xedd3, 0xfe34, 0xfe54, 
	0xfe54, 0xfe54, 0xfe54, 0xfe54, 0xfe54, 0xfe54, 0xfe54, 0xfe54, 0xfe54, 0xfe54, 0xfe54, 0xfe54, 0xfe54, 0xfe54, 0xfe54, 0xfe54, 
	0xfe54, 0xfe54, 0xfe54, 0xfe54, 0xfe54, 0xfe54, 0xfe54, 0xfe54, 0xfe54, 0xfe54, 0xfe54, 0xfe54, 0xfe54, 0xfe54, 0xfe54, 0xfe54, 
	0xfe54, 0xfe54, 0xfe54, 0xfe54, 0xfe54, 0xfe54, 0xfe54, 0xfe54, 0xfe54, 0xfe54, 0xfe54, 0xfe54, 0xfe54, 0xfe54, 0xfe54, 0xfe54, 
	0xfe54, 0xfe54, 0xfe54, 0xfe54, 0xfe54, 0xfe54, 0xfe54, 0xfe54, 0xfe54, 0xfe54, 0xfe54, 0xfe54, 0xfe54, 0xfe54, 0xfe74, 0xfe74, 
	0xfe54, 0xfe74, 0xfe53, 0xfe33, 0xfe54, 0xfe54, 0xfe54, 0xfe54, 0xfe54, 0xfe54, 0xfe54, 0xfe54, 0xfe54, 0xfe54, 0xfe54, 0xfe54, 
	0xfe54, 0xfe54, 0xfe54, 0xfe54, 0xfe54, 0xfe54, 0xfe54, 0xfe54, 0xfe54, 0xfe54, 0xfe54, 0xfe54, 0xfe54, 0xfe54, 0xfe54, 0xfe54, 
	0xfe54, 0xfe54, 0xfe33, 0xfe54, 0xfe54, 0xfe34, 0xfe33, 0xfe13, 0xfe53, 0xfe33, 0xfe33, 0xfe33, 0xfe34, 0xfe74, 0xfe74, 0xfe54, 
	0xfe54, 0xfe54, 0xfe54, 0xfe54, 0xfe54, 0xfe54, 0xfe54, 0xfe54, 0xfe54, 0xfe54, 0xfe54, 0xfe54, 0xfe54, 0xfe54, 0xfe54, 0xfe54, 
	0xfe54, 0xfe54, 0xfe54, 0xfe54, 0xfe54, 0xfe54, 0xfe54, 0xfe54, 0xfe54, 0xfe33, 0xfe54, 0xfe54, 0xe698, 0xb6db, 0xb69a, 0xb6dc, 
	0xaedc, 0xaedc, 0xaedc, 0xaedc, 0xaedc, 0xaedc, 0xaedc, 0xaedc, 0xaedc, 0xaedc, 0xaedc, 0xaedc, 0xaedc, 0xaedc, 0xaedc, 0xaedc, 
	0xaedc, 0xaedc, 0xaedc, 0xaedc, 0xaedc, 0xaedc, 0xaedc, 0xaedc, 0xaedc, 0xaedc, 0xaedc, 0xaedc, 0xaedc, 0xaedc, 0xaedc, 0xaedc, 
	0xaedc, 0xaedc, 0xaedc, 0xaedc, 0xaedc, 0xaedc, 0xaedc, 0xaedc, 0xaedc, 0xaedc, 0xaedc, 0xaedc, 0xaedc, 0xaedc, 0xaedc, 0xaedc, 
	0xaedc, 0xaedc, 0xaedc, 0xaedc, 0xaedc, 0xaedc, 0xaedc, 0xaedc, 0xaedc, 0xaedc, 0xaedc, 0xaedc, 0xaedc, 0xaedc, 0xaedc, 0xaedc, 
	0xaedc, 0xaedc, 0xaedc, 0xaedc, 0xaedc, 0xaedc, 0xaedc, 0xaedc, 0xaedd, 0xaedd, 0xaedc, 0xaedc, 0xaedc, 0xaebc, 0xb6dd, 0xb6dd, 
	0xb6dd, 0xb6dd, 0xaebc, 0xaedc, 0xaefd, 0xaedc, 0xaedc, 0xaefd, 0xaedd, 0xb6dd, 0xb6be, 0x7e3d, 0x4ddc, 0x4ddd, 0x55bd, 0x4dbd, 
	0x4dbd, 0x4dbc, 0x4cf9, 0x19c9, 0x0000, 0x0000, 0x0000, 0x0000, 0x0000, 0x28e2, 0xa40c, 0xf613, 0xfe54, 0xfe13, 0xfe53, 0xfe33, 
	0xfe54, 0xfe54, 0xfe54, 0xfe54, 0xfe54, 0xfe54, 0xfe54, 0xfe54, 0xfe54, 0xfe54, 0xfe54, 0xfe54, 0xfe54, 0xfe54, 0xfe54, 0xfe54, 
	0xfe54, 0xfe54, 0xfe54, 0xfe54, 0xfe54, 0xfe54, 0xfe54, 0xfe54, 0xfe54, 0xfe54, 0xfe54, 0xfe54, 0xfe54, 0xfe54, 0xfe54, 0xfe54, 
	0xfe54, 0xfe54, 0xfe54, 0xfe54, 0xfe54, 0xfe54, 0xfe54, 0xfe54, 0xfe54, 0xfe54, 0xfe54, 0xfe54, 0xfe54, 0xfe54, 0xfe54, 0xfe54, 
	0xfe54, 0xfe54, 0xfe54, 0xfe54, 0xfe54, 0xfe54, 0xfe54, 0xfe54, 0xfe34, 0xfe54, 0xfe54, 0xfe54, 0xfe34, 0xfe34, 0xfe54, 0xfe54, 
	0xfe34, 0xfe34, 0xfe54, 0xfe54, 0xfe34, 0xfe34, 0xfe54, 0xfe54, 0xfe54, 0xfe54, 0xfe54, 0xfe54, 0xfe54, 0xfe54, 0xfe54, 0xfe54, 
	0xfe54, 0xfe54, 0xfe54, 0xfe54, 0xfe54, 0xfe54, 0xfe54, 0xfe54, 0xfe54, 0xfe54, 0xfe54, 0xfe54, 0xfe54, 0xfe54, 0xfe54, 0xfe54, 
	0xfe53, 0xfe74, 0xfe54, 0xfe34, 0xfe34, 0xfe54, 0xfe54, 0xfe54, 0xfe53, 0xfe54, 0xfe74, 0xfe54, 0xfe54, 0xfe54, 0xfe33, 0xfe33, 
	0xfe54, 0xfe54, 0xfe54, 0xfe54, 0xfe54, 0xfe54, 0xfe54, 0xfe54, 0xfe54, 0xfe54, 0xfe54, 0xfe54, 0xfe54, 0xfe54, 0xfe54, 0xfe54, 
	0xfe54, 0xfe54, 0xfe54, 0xfe54, 0xfe54, 0xfe54, 0xfe54, 0xfe54, 0xfe54, 0xfe54, 0xfe54, 0xfe54, 0xde99, 0xaedc, 0xaefc, 0xaedd, 
	0xaedc, 0xaedc, 0xaedc, 0xaedc, 0xaedc, 0xaedc, 0xaedc, 0xaedc, 0xaedc, 0xaedc, 0xaedc, 0xaedc, 0xaedc, 0xaedc, 0xaedc, 0xaedc, 
	0xaedc, 0xaedc, 0xaedc, 0xaedc, 0xaedc, 0xaedc, 0xaedc, 0xaedc, 0xaedc, 0xaedc, 0xaedc, 0xaedc, 0xaedc, 0xaedc, 0xaedc, 0xaedc, 
	0xaedc, 0xaedc, 0xaedc, 0xaedc, 0xaedc, 0xaedc, 0xaedc, 0xaedc, 0xaedc, 0xaedc, 0xaedc, 0xaedc, 0xaedc, 0xaedc, 0xaedc, 0xaedc, 
	0xaedc, 0xaedc, 0xaedc, 0xaedc, 0xaedc, 0xaedc, 0xaedc, 0xaedc, 0xaedc, 0xaedc, 0xaedc, 0xaedc, 0xaedc, 0xaedc, 0xaedc, 0xaedc, 
	0xaedc, 0xaedc, 0xaedc, 0xaedc, 0xaedc, 0xaedc, 0xaedc, 0xaedc, 0xaedd, 0xb71d, 0xb6fd, 0xae9b, 0x9df9, 0x8515, 0x6411, 0x538f, 
	0x538f, 0x6c31, 0x8515, 0xa619, 0xb6bc, 0xb6fd, 0xaefd, 0xaedd, 0xaefc, 0xb6dc, 0xa6bd, 0x763d, 0x4dbc, 0x4d9c, 0x5dbd, 0x55bc, 
	0x4dbc, 0x4ddc, 0x3bf4, 0x08c5, 0x0000, 0x0000, 0x0000, 0x0000, 0x1061, 0x836c, 0xee14, 0xfe33, 0xfe33, 0xfe54, 0xfe74, 0xfe54, 
	0xfe54, 0xfe54, 0xfe54, 0xfe54, 0xfe54, 0xfe54, 0xfe54, 0xfe54, 0xfe54, 0xfe54, 0xfe54, 0xfe54, 0xfe54, 0xfe54, 0xfe54, 0xfe54, 
	0xfe54, 0xfe54, 0xfe54, 0xfe54, 0xfe54, 0xfe54, 0xfe54, 0xfe54, 0xfe54, 0xfe54, 0xfe54, 0xfe54, 0xfe54, 0xfe54, 0xfe54, 0xfe54, 
	0xfe54, 0xfe54, 0xfe54, 0xfe54, 0xfe54, 0xfe54, 0xfe54, 0xfe54, 0xfe54, 0xfe54, 0xfe54, 0xfe54, 0xfe54, 0xfe54, 0xfe54, 0xfe54, 
	0xfe54, 0xfe54, 0xfe54, 0xfe54, 0xfe54, 0xfe54, 0xfe54, 0xfe54, 0xfe54, 0xfe54, 0xfe54, 0xfe54, 0xfe54, 0xfe54, 0xfe54, 0xfe54, 
	0xfe54, 0xfe75, 0xfe54, 0xfe34, 0xfe54, 0xfe54, 0xfe34, 0xfe34, 0xfe54, 0xfe54, 0xfe54, 0xfe54, 0xfe54, 0xfe54, 0xfe54, 0xfe54, 
	0xfe54, 0xfe54, 0xfe54, 0xfe54, 0xfe54, 0xfe54, 0xfe54, 0xfe54, 0xfe54, 0xfe54, 0xfe54, 0xfe54, 0xfe54, 0xfe54, 0xfe54, 0xfe54, 
	0xfe33, 0xfe54, 0xfe54, 0xfe54, 0xfe55, 0xfe54, 0xfe34, 0xfe54, 0xfe54, 0xfe34, 0xfe54, 0xfe54, 0xfe54, 0xfe54, 0xfe54, 0xfe55, 
	0xfe54, 0xfe54, 0xfe54, 0xfe54, 0xfe54, 0xfe54, 0xfe54, 0xfe54, 0xfe54, 0xfe54, 0xfe54, 0xfe54, 0xfe54, 0xfe54, 0xfe54, 0xfe54, 
	0xfe54, 0xfe54, 0xfe54, 0xfe54, 0xfe54, 0xfe54, 0xfe54, 0xfe54, 0xfe34, 0xfe54, 0xfe34, 0xfe34, 0xd678, 0xaedd, 0xaefd, 0xa6dd, 
	0xaedc, 0xaedc, 0xaedc, 0xaedc, 0xaedc, 0xaedc, 0xaedc, 0xaedc, 0xaedc, 0xaedc, 0xaedc, 0xaedc, 0xaedc, 0xaedc, 0xaedc, 0xaedc, 
	0xaedc, 0xaedc, 0xaedc, 0xaedc, 0xaedc, 0xaedc, 0xaedc, 0xaedc, 0xaedc, 0xaedc, 0xaedc, 0xaedc, 0xaedc, 0xaedc, 0xaedc, 0xaedc, 
	0xaedc, 0xaedc, 0xaedc, 0xaedc, 0xaedc, 0xaedc, 0xaedc, 0xaedc, 0xaedc, 0xaedc, 0xaedc, 0xaedc, 0xaedc, 0xaedc, 0xaedc, 0xaedc, 
	0xaedc, 0xaedc, 0xaedc, 0xaedc, 0xaedc, 0xaedc, 0xaedc, 0xaedc, 0xaedc, 0xaedc, 0xaedc, 0xaedc, 0xaedc, 0xaedc, 0xaedc, 0xaedc, 
	0xaedc, 0xaedc, 0xaedc, 0xaedc, 0xaedc, 0xaedc, 0xaedc, 0xaedc, 0xaebc, 0xb6dc, 0x9dd8, 0x6c11, 0x3a6a, 0x1104, 0x0041, 0x0041, 
	0x0061, 0x0082, 0x1925, 0x428a, 0x7452, 0xa619, 0xb6dd, 0xaedc, 0xaf1d, 0xaedc, 0x9e9c, 0x661b, 0x4dfc, 0x55dc, 0x55bc, 0x4dbc, 
	0x4dbc, 0x55dd, 0x2b30, 0x0041, 0x0000, 0x0000, 0x0001, 0x0020, 0x3103, 0xbcf1, 0xfe54, 0xfe13, 0xfe74, 0xfe75, 0xf614, 0xfe54, 
	0xfe54, 0xfe54, 0xfe54, 0xfe54, 0xfe54, 0xfe54, 0xfe54, 0xfe54, 0xfe54, 0xfe54, 0xfe54, 0xfe54, 0xfe54, 0xfe54, 0xfe54, 0xfe54, 
	0xfe54, 0xfe54, 0xfe54, 0xfe54, 0xfe54, 0xfe54, 0xfe54, 0xfe54, 0xfe54, 0xfe54, 0xfe54, 0xfe54, 0xfe54, 0xfe54, 0xfe54, 0xfe54, 
	0xfe54, 0xfe54, 0xfe54, 0xfe54, 0xfe54, 0xfe54, 0xfe54, 0xfe54, 0xfe54, 0xfe54, 0xfe54, 0xfe54, 0xfe54, 0xfe54, 0xfe54, 0xfe54, 
	0xfe54, 0xfe54, 0xfe54, 0xfe54, 0xfe54, 0xfe54, 0xfe54, 0xfe54, 0xfe34, 0xfe54, 0xfe54, 0xfe54, 0xfe54, 0xfe34, 0xfe34, 0xfe54, 
	0xfe33, 0xfe54, 0xfe54, 0xfe34, 0xfe54, 0xfe54, 0xfe33, 0xfe54, 0xfe54, 0xfe54, 0xfe54, 0xfe54, 0xfe54, 0xfe54, 0xfe54, 0xfe54, 
	0xfe54, 0xfe54, 0xfe54, 0xfe54, 0xfe54, 0xfe54, 0xfe54, 0xfe54, 0xfe54, 0xfe54, 0xfe54, 0xfe54, 0xfe54, 0xfe54, 0xfe54, 0xfe54, 
	0xfe54, 0xfe34, 0xfe34, 0xfe54, 0xfe54, 0xfe54, 0xfe54, 0xfe54, 0xfe33, 0xfe54, 0xfe54, 0xfe34, 0xfe54, 0xfe54, 0xfe54, 0xfe33, 
	0xfe54, 0xfe54, 0xfe54, 0xfe54, 0xfe54, 0xfe54, 0xfe54, 0xfe54, 0xfe54, 0xfe54, 0xfe54, 0xfe54, 0xfe54, 0xfe54, 0xfe54, 0xfe54, 
	0xfe54, 0xfe54, 0xfe54, 0xfe54, 0xfe54, 0xfe54, 0xfe54, 0xfe54, 0xfe34, 0xfe54, 0xfe33, 0xfe54, 0xde98, 0xaebc, 0xaedc, 0xaedd, 
	0xaedc, 0xaedc, 0xaedc, 0xaedc, 0xaedc, 0xaedc, 0xaedc, 0xaedc, 0xaedc, 0xaedc, 0xaedc, 0xaedc, 0xaedc, 0xaedc, 0xaedc, 0xaedc, 
	0xaedc, 0xaedc, 0xaedc, 0xaedc, 0xaedc, 0xaedc, 0xaedc, 0xaedc, 0xaedc, 0xaedc, 0xaedc, 0xaedc, 0xaedc, 0xaedc, 0xaedc, 0xaedc, 
	0xaedc, 0xaedc, 0xaedc, 0xaedc, 0xaedc, 0xaedc, 0xaedc, 0xaedc, 0xaedc, 0xaedc, 0xaedc, 0xaedc, 0xaedc, 0xaedc, 0xaedc, 0xaedc, 
	0xaedc, 0xaedc, 0xaedc, 0xaedc, 0xaedc, 0xaedc, 0xaedc, 0xaedc, 0xaedc, 0xaedc, 0xaedc, 0xaedc, 0xaedc, 0xaedc, 0xaedc, 0xaedc, 
	0xaedc, 0xaedc, 0xaedc, 0xaedc, 0xaedc, 0xaedc, 0xaedc, 0xaedc, 0xb6dc, 0x9597, 0x4aec, 0x08a3, 0x0000, 0x0000, 0x0000, 0x0000, 
	0x0000, 0x0000, 0x0000, 0x0000, 0x10c3, 0x532d, 0x95b8, 0xb6dc, 0xaebd, 0xb6bd, 0x9ebd, 0x5ddb, 0x4dbd, 0x4dbd, 0x4d9c, 0x4dfd, 
	0x4dbb, 0x559c, 0x22ce, 0x0061, 0x0000, 0x0000, 0x0000, 0x0020, 0x6225, 0xe5d2, 0xfe54, 0xfe54, 0xfe13, 0xfe55, 0xfe34, 0xfe33, 
	0xfe54, 0xfe54, 0xfe54, 0xfe54, 0xfe54, 0xfe54, 0xfe54, 0xfe54, 0xfe54, 0xfe54, 0xfe54, 0xfe54, 0xfe54, 0xfe54, 0xfe54, 0xfe54, 
	0xfe54, 0xfe54, 0xfe54, 0xfe54, 0xfe54, 0xfe54, 0xfe54, 0xfe54, 0xfe54, 0xfe54, 0xfe54, 0xfe54, 0xfe54, 0xfe54, 0xfe54, 0xfe54, 
	0xfe54, 0xfe54, 0xfe54, 0xfe54, 0xfe54, 0xfe54, 0xfe54, 0xfe54, 0xfe54, 0xfe54, 0xfe54, 0xfe54, 0xfe54, 0xfe54, 0xfe54, 0xfe54, 
	0xfe54, 0xfe54, 0xfe54, 0xfe54, 0xfe54, 0xfe54, 0xfe54, 0xfe54, 0xfe54, 0xfe54, 0xfe54, 0xfe54, 0xfe54, 0xfe54, 0xfe54, 0xfe54, 
	0xfe54, 0xfe33, 0xfe54, 0xfe34, 0xfe33, 0xfe54, 0xfe54, 0xfe54, 0xfe54, 0xfe54, 0xfe54, 0xfe54, 0xfe54, 0xfe54, 0xfe54, 0xfe54, 
	0xfe54, 0xfe54, 0xfe54, 0xfe54, 0xfe54, 0xfe54, 0xfe54, 0xfe54, 0xfe54, 0xfe54, 0xfe54, 0xfe54, 0xfe54, 0xfe54, 0xfe54, 0xfe54, 
	0xfe54, 0xfe34, 0xfe54, 0xfe33, 0xfe33, 0xfe53, 0xfe53, 0xfe33, 0xfe54, 0xfe54, 0xfe34, 0xfe54, 0xfe54, 0xfe34, 0xfe34, 0xfe54, 
	0xfe54, 0xfe54, 0xfe54, 0xfe54, 0xfe54, 0xfe54, 0xfe54, 0xfe54, 0xfe54, 0xfe54, 0xfe54, 0xfe54, 0xfe54, 0xfe54, 0xfe54, 0xfe54, 
	0xfe54, 0xfe54, 0xfe54, 0xfe54, 0xfe54, 0xfe54, 0xfe54, 0xfe54, 0xfe35, 0xfe54, 0xfe53, 0xfe53, 0xde98, 0xaedc, 0xaedc, 0xb6dd, 
	0xaedc, 0xaedc, 0xaedc, 0xaedc, 0xaedc, 0xaedc, 0xaedc, 0xaedc, 0xaedc, 0xaedc, 0xaedc, 0xaedc, 0xaedc, 0xaedc, 0xaedc, 0xaedc, 
	0xaedc, 0xaedc, 0xaedc, 0xaedc, 0xaedc, 0xaedc, 0xaedc, 0xaedc, 0xaedc, 0xaedc, 0xaedc, 0xaedc, 0xaedc, 0xaedc, 0xaedc, 0xaedc, 
	0xaedc, 0xaedc, 0xaedc, 0xaedc, 0xaedc, 0xaedc, 0xaedc, 0xaedc, 0xaedc, 0xaedc, 0xaedc, 0xaedc, 0xaedc, 0xaedc, 0xaedc, 0xaedc, 
	0xaedc, 0xaedc, 0xaedc, 0xaedc, 0xaedc, 0xaedc, 0xaedc, 0xaedc, 0xaedc, 0xaedc, 0xaedc, 0xaedc, 0xaedc, 0xaedc, 0xaedc, 0xaedc, 
	0xb6dc, 0xaedc, 0xaefd, 0xb6dd, 0xaedc, 0xaefc, 0xaefc, 0xb6dd, 0x95b9, 0x3a29, 0x0841, 0x0000, 0x0000, 0x0000, 0x0020, 0x0000, 
	0x0000, 0x0020, 0x0000, 0x0000, 0x0000, 0x0861, 0x4acc, 0x95d9, 0xb6dd, 0xaedd, 0x869c, 0x55bc, 0x559d, 0x4d9c, 0x4ddb, 0x55bc, 
	0x4d9c, 0x4d9c, 0x2aad, 0x0000, 0x0020, 0x0000, 0x0000, 0x0000, 0x6a67, 0xf613, 0xfe33, 0xfe54, 0xf655, 0xfe34, 0xfe53, 0xfe53, 
	0xfe34, 0xfe34, 0xfe34, 0xfe34, 0xfe34, 0xfe34, 0xfe34, 0xfe34, 0xfe34, 0xfe34, 0xfe34, 0xfe34, 0xfe34, 0xfe34, 0xfe34, 0xfe34, 
	0xfe34, 0xfe34, 0xfe34, 0xfe34, 0xfe34, 0xfe34, 0xfe34, 0xfe34, 0xfe34, 0xfe34, 0xfe34, 0xfe34, 0xfe34, 0xfe34, 0xfe34, 0xfe34, 
	0xfe34, 0xfe34, 0xfe34, 0xfe34, 0xfe34, 0xfe34, 0xfe34, 0xfe34, 0xfe54, 0xfe34, 0xfe34, 0xfe54, 0xfe54, 0xfe34, 0xfe54, 0xfe54, 
	0xfe54, 0xfe54, 0xfe54, 0xfe54, 0xfe54, 0xfe54, 0xfe54, 0xfe54, 0xfe54, 0xfe54, 0xfe54, 0xfe54, 0xfe54, 0xfe54, 0xfe54, 0xfe54, 
	0xfe54, 0xfe54, 0xfe54, 0xfe54, 0xfe54, 0xfe54, 0xfe54, 0xfe54, 0xfe54, 0xfe54, 0xfe54, 0xfe54, 0xfe54, 0xfe54, 0xfe54, 0xfe54, 
	0xfe54, 0xfe54, 0xfe54, 0xfe54, 0xfe54, 0xfe54, 0xfe54, 0xfe54, 0xfe54, 0xfe54, 0xfe54, 0xfe54, 0xfe54, 0xfe54, 0xfe54, 0xfe54, 
	0xfe54, 0xfe54, 0xfe54, 0xfe54, 0xfe54, 0xfe54, 0xfe54, 0xfe54, 0xfe54, 0xfe54, 0xfe54, 0xfe54, 0xfe54, 0xfe54, 0xfe54, 0xfe54, 
	0xfe54, 0xfe54, 0xfe54, 0xfe54, 0xfe54, 0xfe54, 0xfe54, 0xfe54, 0xfe54, 0xfe54, 0xfe54, 0xfe54, 0xfe54, 0xfe54, 0xfe54, 0xfe54, 
	0xfe54, 0xfe54, 0xfe54, 0xfe54, 0xfe54, 0xfe54, 0xfe54, 0xfe54, 0xfe54, 0xfe54, 0xfe54, 0xfe53, 0xd698, 0xaedd, 0xaedc, 0xaedc, 
	0xaedc, 0xaedc, 0xaedc, 0xaedc, 0xaedc, 0xaedc, 0xaedc, 0xaedc, 0xaedc, 0xaedc, 0xaedc, 0xaedc, 0xaedc, 0xaedc, 0xaedc, 0xaedc, 
	0xaedc, 0xaedc, 0xaedc, 0xaedc, 0xaedc, 0xaedc, 0xaedc, 0xaedc, 0xaedc, 0xaedc, 0xaedc, 0xaedc, 0xaedc, 0xaedc, 0xaedc, 0xaedc, 
	0xaedc, 0xaedc, 0xaedc, 0xaedc, 0xaedc, 0xaedc, 0xaedc, 0xaedc, 0xaedc, 0xaedc, 0xaedc, 0xaedc, 0xaedc, 0xaedc, 0xaedc, 0xaedc, 
	0xaedc, 0xaedc, 0xaedc, 0xaedc, 0xaedc, 0xaedc, 0xaedc, 0xaedc, 0xaedc, 0xaedc, 0xaedc, 0xaedc, 0xaedc, 0xaedc, 0xaedc, 0xaedc, 
	0xb6dc, 0xaedc, 0xaedc, 0xb6dd, 0xb6dd, 0xaefc, 0xaefd, 0x9e1a, 0x4b0c, 0x0062, 0x0000, 0x0000, 0x0000, 0x0000, 0x0000, 0x0000, 
	0x0800, 0x0000, 0x0000, 0x0000, 0x0020, 0x0000, 0x0061, 0x536e, 0xa63a, 0xaedd, 0x7e7c, 0x55bc, 0x559d, 0x4d9c, 0x4ddc, 0x4dbc, 
	0x4ddd, 0x4d9c, 0x22ae, 0x0040, 0x0000, 0x0000, 0x0020, 0x0000, 0x5a67, 0xee14, 0xfe33, 0xfe33, 0xf654, 0xfe54, 0xfe74, 0xf633, 
	0xfe54, 0xfe54, 0xfe54, 0xfe54, 0xfe54, 0xfe54, 0xfe54, 0xfe54, 0xfe54, 0xfe54, 0xfe54, 0xfe54, 0xfe54, 0xfe54, 0xfe54, 0xfe54, 
	0xfe54, 0xfe54, 0xfe54, 0xfe54, 0xfe54, 0xfe54, 0xfe54, 0xfe54, 0xfe54, 0xfe54, 0xfe54, 0xfe54, 0xfe54, 0xfe54, 0xfe54, 0xfe54, 
	0xfe54, 0xfe54, 0xfe54, 0xfe54, 0xfe54, 0xfe54, 0xfe54, 0xfe54, 0xfe33, 0xfe53, 0xfe54, 0xfe54, 0xfe33, 0xfe54, 0xfe54, 0xfe54, 
	0xfe54, 0xfe54, 0xfe54, 0xfe54, 0xfe54, 0xfe54, 0xfe54, 0xfe54, 0xfe54, 0xfe54, 0xfe54, 0xfe54, 0xfe54, 0xfe54, 0xfe54, 0xfe54, 
	0xfe54, 0xfe54, 0xfe54, 0xfe54, 0xfe54, 0xfe54, 0xfe54, 0xfe54, 0xfe54, 0xfe54, 0xfe54, 0xfe54, 0xfe54, 0xfe54, 0xfe54, 0xfe54, 
	0xfe54, 0xfe54, 0xfe54, 0xfe54, 0xfe54, 0xfe54, 0xfe54, 0xfe54, 0xfe54, 0xfe54, 0xfe54, 0xfe54, 0xfe54, 0xfe54, 0xfe54, 0xfe54, 
	0xfe54, 0xfe54, 0xfe54, 0xfe54, 0xfe54, 0xfe54, 0xfe54, 0xfe54, 0xfe54, 0xfe54, 0xfe54, 0xfe54, 0xfe54, 0xfe54, 0xfe54, 0xfe54, 
	0xfe54, 0xfe54, 0xfe54, 0xfe54, 0xfe54, 0xfe54, 0xfe54, 0xfe54, 0xfe54, 0xfe54, 0xfe54, 0xfe54, 0xfe54, 0xfe54, 0xfe54, 0xfe54, 
	0xfe54, 0xfe54, 0xfe54, 0xfe54, 0xfe54, 0xfe54, 0xfe54, 0xfe54, 0xfe54, 0xfe54, 0xfe54, 0xfe53, 0xd698, 0xaedd, 0xaedc, 0xaedc, 
	0xaedc, 0xaedc, 0xaedc, 0xaedc, 0xaedc, 0xaedc, 0xaedc, 0xaedc, 0xaedc, 0xaedc, 0xaedc, 0xaedc, 0xaedc, 0xaedc, 0xaedc, 0xaedc, 
	0xaedc, 0xaedc, 0xaedc, 0xaedc, 0xaedc, 0xaedc, 0xaedc, 0xaedc, 0xaedc, 0xaedc, 0xaedc, 0xaedc, 0xaedc, 0xaedc, 0xaedc, 0xaedc, 
	0xaedc, 0xaedc, 0xaedc, 0xaedc, 0xaedc, 0xaedc, 0xaedc, 0xaedc, 0xaedc, 0xaedc, 0xaedc, 0xaedc, 0xaedc, 0xaedc, 0xaedc, 0xaedc, 
	0xaedc, 0xaedc, 0xaedc, 0xaedc, 0xaedc, 0xaedc, 0xaedc, 0xaedc, 0xaedc, 0xaedc, 0xaedc, 0xaedc, 0xaedc, 0xaedc, 0xaedc, 0xaedc, 
	0xb6dc, 0xaefd, 0xaebc, 0xb6dd, 0xb6dd, 0xaedc, 0xaebc, 0x7494, 0x10c2, 0x0000, 0x0000, 0x0000, 0x0000, 0x0000, 0x0000, 0x0000, 
	0x0000, 0x0000, 0x0820, 0x0000, 0x0000, 0x0040, 0x0000, 0x1924, 0x84f5, 0xa6bc, 0x765c, 0x4dbc, 0x4dbd, 0x4dbc, 0x4ddc, 0x4d9c, 
	0x4dbc, 0x4dbc, 0x2350, 0x0061, 0x0000, 0x0000, 0x0000, 0x0000, 0x3964, 0xcd31, 0xfe34, 0xfe54, 0xfe75, 0xfe34, 0xfe34, 0xfe75, 
	0xfe54, 0xfe54, 0xfe54, 0xfe54, 0xfe54, 0xfe54, 0xfe54, 0xfe54, 0xfe54, 0xfe54, 0xfe54, 0xfe54, 0xfe54, 0xfe54, 0xfe54, 0xfe54, 
	0xfe54, 0xfe54, 0xfe54, 0xfe54, 0xfe54, 0xfe54, 0xfe54, 0xfe54, 0xfe54, 0xfe54, 0xfe54, 0xfe54, 0xfe54, 0xfe54, 0xfe54, 0xfe54, 
	0xfe54, 0xfe54, 0xfe54, 0xfe54, 0xfe54, 0xfe54, 0xfe54, 0xfe54, 0xfe34, 0xfe34, 0xfe34, 0xfe54, 0xfe34, 0xfe75, 0xf634, 0xfe55, 
	0xfe54, 0xfe54, 0xfe54, 0xfe54, 0xfe54, 0xfe54, 0xfe54, 0xfe54, 0xfe54, 0xfe54, 0xfe54, 0xfe54, 0xfe54, 0xfe54, 0xfe54, 0xfe54, 
	0xfe54, 0xfe54, 0xfe54, 0xfe54, 0xfe54, 0xfe54, 0xfe54, 0xfe54, 0xfe54, 0xfe54, 0xfe54, 0xfe54, 0xfe54, 0xfe54, 0xfe54, 0xfe54, 
	0xfe54, 0xfe54, 0xfe54, 0xfe54, 0xfe54, 0xfe54, 0xfe54, 0xfe54, 0xfe54, 0xfe54, 0xfe54, 0xfe54, 0xfe54, 0xfe54, 0xfe54, 0xfe54, 
	0xfe54, 0xfe54, 0xfe54, 0xfe54, 0xfe54, 0xfe54, 0xfe54, 0xfe54, 0xfe54, 0xfe54, 0xfe54, 0xfe54, 0xfe54, 0xfe54, 0xfe54, 0xfe54, 
	0xfe54, 0xfe54, 0xfe54, 0xfe54, 0xfe54, 0xfe54, 0xfe54, 0xfe54, 0xfe54, 0xfe54, 0xfe54, 0xfe54, 0xfe54, 0xfe54, 0xfe54, 0xfe54, 
	0xfe54, 0xfe54, 0xfe54, 0xfe54, 0xfe54, 0xfe54, 0xfe54, 0xfe54, 0xfe54, 0xfe54, 0xfe54, 0xfe53, 0xd698, 0xaedd, 0xaedc, 0xaedc, 
	0xaedc, 0xaedc, 0xaedc, 0xaedc, 0xaedc, 0xaedc, 0xaedc, 0xaedc, 0xaedc, 0xaedc, 0xaedc, 0xaedc, 0xaedc, 0xaedc, 0xaedc, 0xaedc, 
	0xaedc, 0xaedc, 0xaedc, 0xaedc, 0xaedc, 0xaedc, 0xaedc, 0xaedc, 0xaedc, 0xaedc, 0xaedc, 0xaedc, 0xaedc, 0xaedc, 0xaedc, 0xaedc, 
	0xaedc, 0xaedc, 0xaedc, 0xaedc, 0xaedc, 0xaedc, 0xaedc, 0xaedc, 0xaedc, 0xaedc, 0xaedc, 0xaedc, 0xaedc, 0xaedc, 0xaedc, 0xaedc, 
	0xaedc, 0xaedc, 0xaedc, 0xaedc, 0xaedc, 0xaedc, 0xaedc, 0xaedc, 0xaedc, 0xaedc, 0xaedc, 0xaedc, 0xaedc, 0xaedc, 0xaedc, 0xaedc, 
	0xb6dd, 0xaefd, 0xaedc, 0xb6bc, 0xb6dd, 0xaedc, 0x9e39, 0x42cc, 0x0000, 0x0000, 0x0000, 0x0000, 0x0000, 0x0000, 0x0906, 0x19ea, 
	0x21ea, 0x0104, 0x0020, 0x0000, 0x0000, 0x0000, 0x0000, 0x0020, 0x534e, 0x963b, 0x661b, 0x4dbc, 0x4dbd, 0x4dbc, 0x55dd, 0x4d9c, 
	0x45bb, 0x55bc, 0x3434, 0x00a3, 0x0800, 0x0000, 0x0000, 0x0000, 0x1060, 0x938b, 0xfe14, 0xfe53, 0xfe33, 0xfe54, 0xfe14, 0xfe75, 
	0xfe54, 0xfe54, 0xfe54, 0xfe54, 0xfe54, 0xfe54, 0xfe54, 0xfe54, 0xfe54, 0xfe54, 0xfe54, 0xfe54, 0xfe54, 0xfe54, 0xfe54, 0xfe54, 
	0xfe54, 0xfe54, 0xfe54, 0xfe54, 0xfe54, 0xfe54, 0xfe54, 0xfe54, 0xfe54, 0xfe54, 0xfe54, 0xfe54, 0xfe54, 0xfe54, 0xfe54, 0xfe54, 
	0xfe54, 0xfe54, 0xfe54, 0xfe54, 0xfe54, 0xfe54, 0xfe54, 0xfe54, 0xfe55, 0xfe55, 0xfe34, 0xfe34, 0xfe54, 0xfe54, 0xfe34, 0xfe54, 
	0xfe54, 0xfe54, 0xfe54, 0xfe54, 0xfe54, 0xfe54, 0xfe54, 0xfe54, 0xfe54, 0xfe54, 0xfe54, 0xfe54, 0xfe54, 0xfe54, 0xfe54, 0xfe54, 
	0xfe54, 0xfe54, 0xfe54, 0xfe54, 0xfe54, 0xfe54, 0xfe54, 0xfe54, 0xfe54, 0xfe54, 0xfe54, 0xfe54, 0xfe54, 0xfe54, 0xfe54, 0xfe54, 
	0xfe54, 0xfe54, 0xfe54, 0xfe54, 0xfe54, 0xfe54, 0xfe54, 0xfe54, 0xfe54, 0xfe54, 0xfe54, 0xfe54, 0xfe54, 0xfe54, 0xfe54, 0xfe54, 
	0xfe54, 0xfe54, 0xfe54, 0xfe54, 0xfe54, 0xfe54, 0xfe54, 0xfe54, 0xfe54, 0xfe54, 0xfe54, 0xfe54, 0xfe54, 0xfe54, 0xfe54, 0xfe54, 
	0xfe54, 0xfe54, 0xfe54, 0xfe54, 0xfe54, 0xfe54, 0xfe54, 0xfe54, 0xfe54, 0xfe54, 0xfe54, 0xfe54, 0xfe54, 0xfe54, 0xfe54, 0xfe54, 
	0xfe54, 0xfe54, 0xfe54, 0xfe54, 0xfe54, 0xfe54, 0xfe54, 0xfe54, 0xfe54, 0xfe54, 0xfe54, 0xfe53, 0xd698, 0xaedd, 0xaedc, 0xaedc, 
	0xaedc, 0xaedc, 0xaedc, 0xaedc, 0xaedc, 0xaedc, 0xaedc, 0xaedc, 0xaedc, 0xaedc, 0xaedc, 0xaedc, 0xaedc, 0xaedc, 0xaedc, 0xaedc, 
	0xaedc, 0xaedc, 0xaedc, 0xaedc, 0xaedc, 0xaedc, 0xaedc, 0xaedc, 0xaedc, 0xaedc, 0xaedc, 0xaedc, 0xaedc, 0xaedc, 0xaedc, 0xaedc, 
	0xaedc, 0xaedc, 0xaedc, 0xaedc, 0xaedc, 0xaedc, 0xaedc, 0xaedc, 0xaedc, 0xaedc, 0xaedc, 0xaedc, 0xaedc, 0xaedc, 0xaedc, 0xaedc, 
	0xaedc, 0xaedc, 0xaedc, 0xaedc, 0xaedc, 0xaedc, 0xaedc, 0xaedc, 0xaedc, 0xaedc, 0xaedc, 0xaedc, 0xaedc, 0xaedc, 0xaedc, 0xaedc, 
	0xaedd, 0xaedc, 0xb6fd, 0xb6bc, 0xb6dd, 0xb6fd, 0x9577, 0x2187, 0x0000, 0x0000, 0x0000, 0x0800, 0x0020, 0x11c8, 0x3c14, 0x4cf8, 
	0x5519, 0x33f2, 0x0987, 0x0021, 0x0000, 0x0000, 0x0000, 0x0000, 0x31c8, 0x7d98, 0x5ddb, 0x4dbc, 0x4ddc, 0x4dbc, 0x55dd, 0x4dbc, 
	0x55dc, 0x559c, 0x44f8, 0x0967, 0x0000, 0x0020, 0x0000, 0x0000, 0x0000, 0x3943, 0xb46e, 0xfe33, 0xfe54, 0xfe74, 0xfe34, 0xfe53, 
	0xfe54, 0xfe54, 0xfe54, 0xfe54, 0xfe54, 0xfe54, 0xfe54, 0xfe54, 0xfe54, 0xfe54, 0xfe54, 0xfe54, 0xfe54, 0xfe54, 0xfe54, 0xfe54, 
	0xfe54, 0xfe54, 0xfe54, 0xfe54, 0xfe54, 0xfe54, 0xfe54, 0xfe54, 0xfe54, 0xfe54, 0xfe54, 0xfe54, 0xfe54, 0xfe54, 0xfe54, 0xfe54, 
	0xfe54, 0xfe54, 0xfe54, 0xfe54, 0xfe54, 0xfe54, 0xfe54, 0xfe54, 0xfe34, 0xfe54, 0xfe54, 0xfe34, 0xfe54, 0xfe33, 0xfe54, 0xfe33, 
	0xfe54, 0xfe54, 0xfe54, 0xfe54, 0xfe54, 0xfe54, 0xfe54, 0xfe54, 0xfe54, 0xfe54, 0xfe54, 0xfe54, 0xfe54, 0xfe54, 0xfe54, 0xfe54, 
	0xfe54, 0xfe54, 0xfe54, 0xfe54, 0xfe54, 0xfe54, 0xfe54, 0xfe54, 0xfe54, 0xfe54, 0xfe54, 0xfe54, 0xfe54, 0xfe54, 0xfe54, 0xfe54, 
	0xfe54, 0xfe54, 0xfe54, 0xfe54, 0xfe54, 0xfe54, 0xfe54, 0xfe54, 0xfe54, 0xfe54, 0xfe54, 0xfe54, 0xfe54, 0xfe54, 0xfe54, 0xfe54, 
	0xfe54, 0xfe54, 0xfe54, 0xfe54, 0xfe54, 0xfe54, 0xfe54, 0xfe54, 0xfe54, 0xfe54, 0xfe54, 0xfe54, 0xfe54, 0xfe54, 0xfe54, 0xfe54, 
	0xfe54, 0xfe54, 0xfe54, 0xfe54, 0xfe54, 0xfe54, 0xfe54, 0xfe54, 0xfe54, 0xfe54, 0xfe54, 0xfe54, 0xfe54, 0xfe54, 0xfe54, 0xfe54, 
	0xfe54, 0xfe54, 0xfe54, 0xfe54, 0xfe54, 0xfe54, 0xfe54, 0xfe54, 0xfe54, 0xfe54, 0xfe54, 0xfe53, 0xd698, 0xaedd, 0xaedc, 0xaedc, 
	0xaedc, 0xaedc, 0xaedc, 0xaedc, 0xaedc, 0xaedc, 0xaedc, 0xaedc, 0xaedc, 0xaedc, 0xaedc, 0xaedc, 0xaedc, 0xaedc, 0xaedc, 0xaedc, 
	0xaedc, 0xaedc, 0xaedc, 0xaedc, 0xaedc, 0xaedc, 0xaedc, 0xaedc, 0xaedc, 0xaedc, 0xaedc, 0xaedc, 0xaedc, 0xaedc, 0xaedc, 0xaedc, 
	0xaedc, 0xaedc, 0xaedc, 0xaedc, 0xaedc, 0xaedc, 0xaedc, 0xaedc, 0xaedc, 0xaedc, 0xaedc, 0xaedc, 0xaedc, 0xaedc, 0xaedc, 0xaedc, 
	0xaedc, 0xaedc, 0xaedc, 0xaedc, 0xaedc, 0xaedc, 0xaedc, 0xaedc, 0xaedc, 0xaedc, 0xaedc, 0xaedc, 0xaedc, 0xaedc, 0xaedc, 0xaedc, 
	0xaedd, 0xaedc, 0xb6fd, 0xaebc, 0xaedd, 0xb6fd, 0x84f4, 0x08a3, 0x0000, 0x0000, 0x0000, 0x0000, 0x00a2, 0x3bf2, 0x4dbc, 0x4ddd, 
	0x4ddd, 0x4dbb, 0x3391, 0x0083, 0x0000, 0x0000, 0x0000, 0x0000, 0x18e4, 0x6516, 0x55dc, 0x4dbc, 0x4dbc, 0x4dbc, 0x4dbc, 0x4dbc, 
	0x55dd, 0x559c, 0x4d7b, 0x22ef, 0x0021, 0x0000, 0x0000, 0x0000, 0x0000, 0x0000, 0x4185, 0x9bec, 0xdd91, 0xf614, 0xfe54, 0xfe74, 
	0xfe54, 0xfe54, 0xfe54, 0xfe54, 0xfe54, 0xfe54, 0xfe54, 0xfe54, 0xfe54, 0xfe54, 0xfe54, 0xfe54, 0xfe54, 0xfe54, 0xfe54, 0xfe54, 
	0xfe54, 0xfe54, 0xfe54, 0xfe54, 0xfe54, 0xfe54, 0xfe54, 0xfe54, 0xfe54, 0xfe54, 0xfe54, 0xfe54, 0xfe54, 0xfe54, 0xfe54, 0xfe54, 
	0xfe54, 0xfe54, 0xfe54, 0xfe54, 0xfe54, 0xfe54, 0xfe54, 0xfe54, 0xfe53, 0xfe54, 0xfe54, 0xfe74, 0xfe54, 0xfe34, 0xfe54, 0xfe33, 
	0xfe54, 0xfe54, 0xfe54, 0xfe54, 0xfe54, 0xfe54, 0xfe54, 0xfe54, 0xfe54, 0xfe54, 0xfe54, 0xfe54, 0xfe54, 0xfe54, 0xfe54, 0xfe54, 
	0xfe54, 0xfe54, 0xfe54, 0xfe54, 0xfe54, 0xfe54, 0xfe54, 0xfe54, 0xfe54, 0xfe54, 0xfe54, 0xfe54, 0xfe54, 0xfe54, 0xfe54, 0xfe54, 
	0xfe54, 0xfe54, 0xfe54, 0xfe54, 0xfe54, 0xfe54, 0xfe54, 0xfe54, 0xfe54, 0xfe54, 0xfe54, 0xfe54, 0xfe54, 0xfe54, 0xfe54, 0xfe54, 
	0xfe54, 0xfe54, 0xfe54, 0xfe54, 0xfe54, 0xfe54, 0xfe54, 0xfe54, 0xfe54, 0xfe54, 0xfe54, 0xfe54, 0xfe54, 0xfe54, 0xfe54, 0xfe54, 
	0xfe54, 0xfe54, 0xfe54, 0xfe54, 0xfe54, 0xfe54, 0xfe54, 0xfe54, 0xfe54, 0xfe54, 0xfe54, 0xfe54, 0xfe54, 0xfe54, 0xfe54, 0xfe54, 
	0xfe54, 0xfe54, 0xfe54, 0xfe54, 0xfe54, 0xfe54, 0xfe54, 0xfe54, 0xfe54, 0xfe54, 0xfe54, 0xfe53, 0xd698, 0xaedd, 0xaedc, 0xaedc, 
	0xaedc, 0xaedc, 0xaedc, 0xaedc, 0xaedc, 0xaedc, 0xaedc, 0xaedc, 0xaedc, 0xaedc, 0xaedc, 0xaedc, 0xaedc, 0xaedc, 0xaedc, 0xaedc, 
	0xaedc, 0xaedc, 0xaedc, 0xaedc, 0xaedc, 0xaedc, 0xaedc, 0xaedc, 0xaedc, 0xaedc, 0xaedc, 0xaedc, 0xaedc, 0xaedc, 0xaedc, 0xaedc, 
	0xaedc, 0xaedc, 0xaedc, 0xaedc, 0xaedc, 0xaedc, 0xaedc, 0xaedc, 0xaedc, 0xaedc, 0xaedc, 0xaedc, 0xaedc, 0xaedc, 0xaedc, 0xaedc, 
	0xaedc, 0xaedc, 0xaedc, 0xaedc, 0xaedc, 0xaedc, 0xaedc, 0xaedc, 0xaedc, 0xaedc, 0xaedc, 0xaedc, 0xaedc, 0xaedc, 0xaedc, 0xaedc, 
	0xb6dd, 0xaedc, 0xb6fc, 0xaebc, 0xaedd, 0xaefd, 0x7c93, 0x0862, 0x0000, 0x0000, 0x0000, 0x0000, 0x1166, 0x4cd7, 0x4dbc, 0x4dfd, 
	0x4dbd, 0x4ddc, 0x4c96, 0x08e5, 0x0000, 0x0000, 0x0000, 0x0000, 0x08a3, 0x5495, 0x55dc, 0x4dbd, 0x4dbc, 0x4dbc, 0x4dbc, 0x4dbc, 
	0x4dbc, 0x4dbc, 0x55bc, 0x3c96, 0x0967, 0x0000, 0x0000, 0x0000, 0x0000, 0x0021, 0x0000, 0x20c1, 0x6267, 0x8b8c, 0xa40d, 0xac4d, 
	0xac4e, 0xac4e, 0xac4e, 0xac4e, 0xac4e, 0xac4e, 0xac4e, 0xac4e, 0xac4e, 0xac4e, 0xac4e, 0xac4e, 0xac4e, 0xac4e, 0xac4e, 0xac4e, 
	0xac4e, 0xac4e, 0xac4e, 0xac4e, 0xac4e, 0xac4e, 0xac4e, 0xac4e, 0xac4e, 0xac4e, 0xac4e, 0xac4e, 0xac4e, 0xac4e, 0xac4e, 0xac4e, 
	0xac4e, 0xac4e, 0xac4e, 0xac4e, 0xac4e, 0xac4e, 0xac4e, 0xac4e, 0xb46e, 0xac4e, 0xac4e, 0xac4e, 0xb48e, 0xee14, 0xfe54, 0xfe54, 
	0xfe54, 0xfe54, 0xfe54, 0xfe54, 0xfe54, 0xfe54, 0xfe54, 0xfe54, 0xfe54, 0xfe54, 0xfe54, 0xfe54, 0xfe54, 0xfe54, 0xfe54, 0xfe54, 
	0xfe54, 0xfe54, 0xfe54, 0xfe54, 0xfe54, 0xfe54, 0xfe54, 0xfe54, 0xfe54, 0xfe54, 0xfe54, 0xfe54, 0xfe54, 0xfe54, 0xfe54, 0xfe54, 
	0xfe54, 0xfe54, 0xfe54, 0xfe54, 0xfe54, 0xfe54, 0xfe54, 0xfe54, 0xfe54, 0xfe54, 0xfe54, 0xfe54, 0xfe54, 0xfe54, 0xfe54, 0xfe54, 
	0xfe54, 0xfe54, 0xfe54, 0xfe54, 0xfe54, 0xfe54, 0xfe54, 0xfe54, 0xfe54, 0xfe54, 0xfe54, 0xfe54, 0xfe54, 0xfe54, 0xfe54, 0xfe54, 
	0xfe54, 0xfe54, 0xfe54, 0xfe54, 0xfe54, 0xfe54, 0xfe54, 0xfe54, 0xfe54, 0xfe54, 0xfe54, 0xfe54, 0xfe54, 0xfe54, 0xfe54, 0xfe54, 
	0xfe54, 0xfe54, 0xfe54, 0xfe54, 0xfe54, 0xfe54, 0xfe54, 0xfe54, 0xfe54, 0xfe54, 0xfe54, 0xfe53, 0xd698, 0xaedd, 0xaedc, 0xaedc, 
	0xaedc, 0xaedc, 0xaedc, 0xaedc, 0xaedc, 0xaedc, 0xaedc, 0xaedc, 0xaedc, 0xaedc, 0xaedc, 0xaedc, 0xaedc, 0xaedc, 0xaedc, 0xaedc, 
	0xaedc, 0xaedc, 0xaedc, 0xaedc, 0xaedc, 0xaedc, 0xaedc, 0xaedc, 0xaedc, 0xaedc, 0xaedc, 0xaedc, 0xaedc, 0xaedc, 0xaedc, 0xaedc, 
	0xaedc, 0xaedc, 0xaedc, 0xaedc, 0xaedc, 0xaedc, 0xaedc, 0xaedc, 0xaedc, 0xaedc, 0xaedc, 0xaedc, 0xaedc, 0xaedc, 0xaedc, 0xaedc, 
	0xaedc, 0xaedc, 0xaedc, 0xaedc, 0xaedc, 0xaedc, 0xaedc, 0xaedc, 0xaedc, 0xaedc, 0xaedc, 0xaedc, 0xaedc, 0xaedc, 0xaedc, 0xaedc, 
	0xaebc, 0xb6fc, 0xaedc, 0xaebc, 0xaefd, 0xaefd, 0x7cb3, 0x0882, 0x0000, 0x0021, 0x0000, 0x0000, 0x0105, 0x4497, 0x4dbc, 0x4d9b, 
	0x55bc, 0x4dbc, 0x3c55, 0x00a5, 0x0000, 0x0000, 0x0000, 0x0000, 0x08a3, 0x4454, 0x55dd, 0x559d, 0x4dbc, 0x4dbc, 0x4dbc, 0x4ddc, 
	0x4dbd, 0x4ddc, 0x4dbc, 0x457b, 0x332e, 0x1061, 0x0000, 0x0000, 0x0800, 0x0000, 0x0000, 0x0000, 0x0000, 0x0021, 0x0841, 0x1040, 
	0x0840, 0x0840, 0x0840, 0x0840, 0x0840, 0x0840, 0x0840, 0x0840, 0x0840, 0x0840, 0x0840, 0x0840, 0x0840, 0x0840, 0x0840, 0x0840, 
	0x0840, 0x0840, 0x0840, 0x0840, 0x0840, 0x0840, 0x0840, 0x0840, 0x0840, 0x0840, 0x0840, 0x0840, 0x0840, 0x0840, 0x0840, 0x0840, 
	0x0840, 0x0840, 0x0840, 0x0840, 0x0840, 0x0840, 0x0840, 0x0840, 0x0821, 0x0841, 0x0841, 0x0820, 0x3943, 0xcd52, 0xfe54, 0xfe33, 
	0xfe54, 0xfe54, 0xfe54, 0xfe54, 0xfe54, 0xfe54, 0xfe54, 0xfe54, 0xfe54, 0xfe54, 0xfe54, 0xfe54, 0xfe54, 0xfe54, 0xfe54, 0xfe54, 
	0xfe54, 0xfe54, 0xfe54, 0xfe54, 0xfe54, 0xfe54, 0xfe54, 0xfe54, 0xfe54, 0xfe54, 0xfe54, 0xfe54, 0xfe54, 0xfe54, 0xfe54, 0xfe54, 
	0xfe54, 0xfe54, 0xfe54, 0xfe54, 0xfe54, 0xfe54, 0xfe54, 0xfe54, 0xfe54, 0xfe54, 0xfe54, 0xfe54, 0xfe54, 0xfe54, 0xfe54, 0xfe54, 
	0xfe54, 0xfe54, 0xfe54, 0xfe54, 0xfe54, 0xfe54, 0xfe54, 0xfe54, 0xfe54, 0xfe54, 0xfe54, 0xfe54, 0xfe54, 0xfe54, 0xfe54, 0xfe54, 
	0xfe54, 0xfe54, 0xfe54, 0xfe54, 0xfe54, 0xfe54, 0xfe54, 0xfe54, 0xfe54, 0xfe54, 0xfe54, 0xfe54, 0xfe54, 0xfe54, 0xfe54, 0xfe54, 
	0xfe54, 0xfe54, 0xfe54, 0xfe54, 0xfe54, 0xfe54, 0xfe54, 0xfe54, 0xfe54, 0xfe54, 0xfe54, 0xfe53, 0xd698, 0xaedd, 0xaedc, 0xaedc, 
	0xaedc, 0xaedc, 0xaedc, 0xaedc, 0xaedc, 0xaedc, 0xaedc, 0xaedc, 0xaedc, 0xaedc, 0xaedc, 0xaedc, 0xaedc, 0xaedc, 0xaedc, 0xaedc, 
	0xaedc, 0xaedc, 0xaedc, 0xaedc, 0xaedc, 0xaedc, 0xaedc, 0xaedc, 0xaedc, 0xaedc, 0xaedc, 0xaedc, 0xaedc, 0xaedc, 0xaedc, 0xaedc, 
	0xaedc, 0xaedc, 0xaedc, 0xaedc, 0xaedc, 0xaedc, 0xaedc, 0xaedc, 0xaedc, 0xaedc, 0xaedc, 0xaedc, 0xaedc, 0xaedc, 0xaedc, 0xaedc, 
	0xaedc, 0xaedc, 0xaedc, 0xaedc, 0xaedc, 0xaedc, 0xaedc, 0xaedc, 0xaedc, 0xaedc, 0xaedc, 0xaedc, 0xaedc, 0xaedc, 0xaedc, 0xaedc, 
	0xb6dd, 0xb6bc, 0xb6dc, 0xaedc, 0xa6dd, 0xb6dd, 0x8d35, 0x1904, 0x0000, 0x0000, 0x0000, 0x0000, 0x0062, 0x32ce, 0x4cf9, 0x45de, 
	0x45bd, 0x4cf8, 0x226c, 0x0041, 0x0000, 0x0000, 0x0000, 0x0000, 0x1925, 0x44b6, 0x559c, 0x4d9c, 0x4ddc, 0x4ddc, 0x4dbc, 0x4dbd, 
	0x4dbc, 0x4ddc, 0x4d9d, 0x4dbc, 0x3453, 0x0904, 0x0000, 0x0000, 0x0000, 0x0000, 0x0000, 0x0000, 0x0000, 0x0000, 0x0000, 0x0000, 
	0x0000, 0x0000, 0x0000, 0x0000, 0x0000, 0x0000, 0x0000, 0x0000, 0x0000, 0x0000, 0x0000, 0x0000, 0x0000, 0x0000, 0x0000, 0x0000, 
	0x0000, 0x0000, 0x0000, 0x0000, 0x0000, 0x0000, 0x0000, 0x0000, 0x0000, 0x0000, 0x0000, 0x0000, 0x0000, 0x0000, 0x0000, 0x0000, 
	0x0000, 0x0000, 0x0000, 0x0000, 0x0000, 0x0000, 0x0000, 0x0000, 0x0000, 0x0000, 0x0000, 0x0001, 0x28e2, 0xd550, 0xfe33, 0xfe55, 
	0xfe54, 0xfe54, 0xfe54, 0xfe54, 0xfe54, 0xfe54, 0xfe54, 0xfe54, 0xfe54, 0xfe54, 0xfe54, 0xfe54, 0xfe54, 0xfe54, 0xfe54, 0xfe54, 
	0xfe54, 0xfe54, 0xfe54, 0xfe54, 0xfe54, 0xfe54, 0xfe54, 0xfe54, 0xfe54, 0xfe54, 0xfe54, 0xfe54, 0xfe54, 0xfe54, 0xfe54, 0xfe54, 
	0xfe54, 0xfe54, 0xfe54, 0xfe54, 0xfe54, 0xfe54, 0xfe54, 0xfe54, 0xfe54, 0xfe54, 0xfe54, 0xfe54, 0xfe54, 0xfe54, 0xfe54, 0xfe54, 
	0xfe54, 0xfe54, 0xfe54, 0xfe54, 0xfe54, 0xfe54, 0xfe54, 0xfe54, 0xfe54, 0xfe54, 0xfe54, 0xfe54, 0xfe54, 0xfe54, 0xfe54, 0xfe54, 
	0xfe54, 0xfe54, 0xfe54, 0xfe54, 0xfe54, 0xfe54, 0xfe54, 0xfe54, 0xfe54, 0xfe54, 0xfe54, 0xfe54, 0xfe54, 0xfe54, 0xfe54, 0xfe54, 
	0xfe54, 0xfe54, 0xfe54, 0xfe54, 0xfe54, 0xfe54, 0xfe54, 0xfe54, 0xfe54, 0xfe54, 0xfe54, 0xfe53, 0xd698, 0xaedd, 0xaedc, 0xaedc, 
	0xaedc, 0xaedc, 0xaedc, 0xaedc, 0xaedc, 0xaedc, 0xaedc, 0xaedc, 0xaedc, 0xaedc, 0xaedc, 0xaedc, 0xaedc, 0xaedc, 0xaedc, 0xaedc, 
	0xaedc, 0xaedc, 0xaedc, 0xaedc, 0xaedc, 0xaedc, 0xaedc, 0xaedc, 0xaedc, 0xaedc, 0xaedc, 0xaedc, 0xaedc, 0xaedc, 0xaedc, 0xaedc, 
	0xaedc, 0xaedc, 0xaedc, 0xaedc, 0xaedc, 0xaedc, 0xaedc, 0xaedc, 0xaedc, 0xaedc, 0xaedc, 0xaedc, 0xaedc, 0xaedc, 0xaedc, 0xaedc, 
	0xaedc, 0xaedc, 0xaedc, 0xaedc, 0xaedc, 0xaedc, 0xaedc, 0xaedc, 0xaedc, 0xaedc, 0xaedc, 0xaedc, 0xaedc, 0xaedc, 0xaedc, 0xaedc, 
	0xaedd, 0xaedc, 0xb6fc, 0xaedd, 0xaefd, 0xaedd, 0x9dd8, 0x3208, 0x0000, 0x0000, 0x0000, 0x0000, 0x0000, 0x00a3, 0x226b, 0x3bb1, 
	0x3bb1, 0x224b, 0x0082, 0x0000, 0x0000, 0x0000, 0x0000, 0x0000, 0x2a2a, 0x4d38, 0x55dd, 0x55bc, 0x4ddc, 0x4d9c, 0x55bc, 0x4dbd, 
	0x55bc, 0x4dbc, 0x559c, 0x3bf4, 0x09a8, 0x0041, 0x0800, 0x0000, 0x0000, 0x0000, 0x0000, 0x0000, 0x0000, 0x0000, 0x0000, 0x0000, 
	0x0000, 0x0000, 0x0000, 0x0000, 0x0000, 0x0000, 0x0000, 0x0000, 0x0000, 0x0000, 0x0000, 0x0000, 0x0000, 0x0000, 0x0000, 0x0000, 
	0x0000, 0x0000, 0x0000, 0x0000, 0x0000, 0x0000, 0x0000, 0x0000, 0x0000, 0x0000, 0x0000, 0x0000, 0x0000, 0x0000, 0x0000, 0x0000, 
	0x0000, 0x0000, 0x0000, 0x0000, 0x0000, 0x0000, 0x0000, 0x0000, 0x0000, 0x0000, 0x0000, 0x0000, 0x28e2, 0xd550, 0xfe33, 0xfe75, 
	0xfe54, 0xfe54, 0xfe54, 0xfe54, 0xfe54, 0xfe54, 0xfe54, 0xfe54, 0xfe54, 0xfe54, 0xfe54, 0xfe54, 0xfe54, 0xfe54, 0xfe54, 0xfe54, 
	0xfe54, 0xfe54, 0xfe54, 0xfe54, 0xfe54, 0xfe54, 0xfe54, 0xfe54, 0xfe54, 0xfe54, 0xfe54, 0xfe54, 0xfe54, 0xfe54, 0xfe54, 0xfe54, 
	0xfe54, 0xfe54, 0xfe54, 0xfe54, 0xfe54, 0xfe54, 0xfe54, 0xfe54, 0xfe54, 0xfe54, 0xfe54, 0xfe54, 0xfe54, 0xfe54, 0xfe54, 0xfe54, 
	0xfe54, 0xfe54, 0xfe54, 0xfe54, 0xfe54, 0xfe54, 0xfe54, 0xfe54, 0xfe54, 0xfe54, 0xfe54, 0xfe54, 0xfe54, 0xfe54, 0xfe54, 0xfe54, 
	0xfe54, 0xfe54, 0xfe54, 0xfe54, 0xfe54, 0xfe54, 0xfe54, 0xfe54, 0xfe54, 0xfe54, 0xfe54, 0xfe54, 0xfe54, 0xfe54, 0xfe54, 0xfe54, 
	0xfe54, 0xfe54, 0xfe54, 0xfe54, 0xfe54, 0xfe54, 0xfe54, 0xfe54, 0xfe54, 0xfe54, 0xfe54, 0xfe53, 0xd698, 0xaedd, 0xaedc, 0xaedc, 
	0xaedc, 0xaedc, 0xaedc, 0xaedc, 0xaedc, 0xaedc, 0xaedc, 0xaedc, 0xaedc, 0xaedc, 0xaedc, 0xaedc, 0xaedc, 0xaedc, 0xaedc, 0xaedc, 
	0xaedc, 0xaedc, 0xaedc, 0xaedc, 0xaedc, 0xaedc, 0xaedc, 0xaedc, 0xaedc, 0xaedc, 0xaedc, 0xaedc, 0xaedc, 0xaedc, 0xaedc, 0xaedc, 
	0xaedc, 0xaedc, 0xaedc, 0xaedc, 0xaedc, 0xaedc, 0xaedc, 0xaedc, 0xaedc, 0xaedc, 0xaedc, 0xaedc, 0xaedc, 0xaedc, 0xaedc, 0xaedc, 
	0xaedc, 0xaedc, 0xaedc, 0xaedc, 0xaedc, 0xaedc, 0xaedc, 0xaedc, 0xaedc, 0xaedc, 0xaedc, 0xaedc, 0xaedc, 0xaedc, 0xaedc, 0xaedc, 
	0xaedd, 0xaedc, 0xb6dc, 0xaedd, 0xaedd, 0xaebd, 0xae9b, 0x5baf, 0x0061, 0x0000, 0x0000, 0x0000, 0x0000, 0x0000, 0x0041, 0x0062, 
	0x0062, 0x0020, 0x0000, 0x0000, 0x0000, 0x0000, 0x0000, 0x08a2, 0x43b1, 0x4dbb, 0x4ddd, 0x55bc, 0x4ddc, 0x4d9c, 0x55bc, 0x4d9d, 
	0x4dbc, 0x4d7b, 0x3bf3, 0x1167, 0x0000, 0x0000, 0x0000, 0x0000, 0x0000, 0x0000, 0x0000, 0x0000, 0x0000, 0x0000, 0x0000, 0x0000, 
	0x0000, 0x0000, 0x0000, 0x0000, 0x0000, 0x0000, 0x0000, 0x0000, 0x0000, 0x0000, 0x0000, 0x0000, 0x0000, 0x0000, 0x0000, 0x0000, 
	0x0000, 0x0000, 0x0000, 0x0000, 0x0000, 0x0000, 0x0000, 0x0000, 0x0000, 0x0000, 0x0000, 0x0000, 0x0000, 0x0000, 0x0000, 0x0000, 
	0x0000, 0x0000, 0x0000, 0x0000, 0x0000, 0x0000, 0x0000, 0x0000, 0x0000, 0x0000, 0x0000, 0x0000, 0x28c2, 0xd571, 0xfe53, 0xfe54, 
	0xfe54, 0xfe54, 0xfe54, 0xfe54, 0xfe54, 0xfe54, 0xfe54, 0xfe54, 0xfe54, 0xfe54, 0xfe54, 0xfe54, 0xfe54, 0xfe54, 0xfe54, 0xfe54, 
	0xfe54, 0xfe54, 0xfe54, 0xfe54, 0xfe54, 0xfe54, 0xfe54, 0xfe54, 0xfe54, 0xfe54, 0xfe54, 0xfe54, 0xfe54, 0xfe54, 0xfe54, 0xfe54, 
	0xfe54, 0xfe54, 0xfe54, 0xfe54, 0xfe54, 0xfe54, 0xfe54, 0xfe54, 0xfe54, 0xfe54, 0xfe54, 0xfe54, 0xfe54, 0xfe54, 0xfe54, 0xfe54, 
	0xfe54, 0xfe54, 0xfe54, 0xfe54, 0xfe54, 0xfe54, 0xfe54, 0xfe54, 0xfe54, 0xfe54, 0xfe54, 0xfe54, 0xfe54, 0xfe54, 0xfe54, 0xfe54, 
	0xfe54, 0xfe54, 0xfe54, 0xfe54, 0xfe54, 0xfe54, 0xfe54, 0xfe54, 0xfe54, 0xfe54, 0xfe54, 0xfe54, 0xfe54, 0xfe54, 0xfe54, 0xfe54, 
	0xfe54, 0xfe54, 0xfe54, 0xfe54, 0xfe54, 0xfe54, 0xfe54, 0xfe54, 0xfe54, 0xfe54, 0xfe54, 0xfe53, 0xd698, 0xaedd, 0xaedc, 0xaedc, 
	0xaedc, 0xaedc, 0xaedc, 0xaedc, 0xaedc, 0xaedc, 0xaedc, 0xaedc, 0xaedc, 0xaedc, 0xaedc, 0xaedc, 0xaedc, 0xaedc, 0xaedc, 0xaedc, 
	0xaedc, 0xaedc, 0xaedc, 0xaedc, 0xaedc, 0xaedc, 0xaedc, 0xaedc, 0xaedc, 0xaedc, 0xaedc, 0xaedc, 0xaedc, 0xaedc, 0xaedc, 0xaedc, 
	0xaedc, 0xaedc, 0xaedc, 0xaedc, 0xaedc, 0xaedc, 0xaedc, 0xaedc, 0xaedc, 0xaedc, 0xaedc, 0xaedc, 0xaedc, 0xaedc, 0xaedc, 0xaedc, 
	0xaedc, 0xaedc, 0xaedc, 0xaedc, 0xaedc, 0xaedc, 0xaedc, 0xaedc, 0xaedc, 0xaedc, 0xaedc, 0xaedc, 0xaedc, 0xaedc, 0xaedc, 0xaedc, 
	0xaedc, 0xaedc, 0xb6dc, 0xaedc, 0xaedd, 0xaedd, 0xb6fd, 0x8d97, 0x29c6, 0x0000, 0x0000, 0x0000, 0x0000, 0x0000, 0x0000, 0x0000, 
	0x0000, 0x0000, 0x0000, 0x0000, 0x0000, 0x0000, 0x0020, 0x3207, 0x6518, 0x55dc, 0x4dbc, 0x4dbc, 0x4ddc, 0x55bc, 0x55dc, 0x4dbc, 
	0x45bc, 0x4455, 0x1167, 0x0000, 0x0000, 0x0001, 0x0000, 0x0000, 0x0021, 0x0000, 0x0000, 0x0000, 0x0000, 0x0000, 0x0000, 0x0000, 
	0x0000, 0x0000, 0x0000, 0x0000, 0x0000, 0x0000, 0x0000, 0x0000, 0x0000, 0x0000, 0x0000, 0x0000, 0x0000, 0x0000, 0x0000, 0x0000, 
	0x0000, 0x0000, 0x0000, 0x0000, 0x0000, 0x0000, 0x0000, 0x0000, 0x0000, 0x0000, 0x0000, 0x0000, 0x0000, 0x0000, 0x0000, 0x0000, 
	0x0000, 0x0000, 0x0000, 0x0000, 0x0000, 0x0000, 0x0000, 0x0000, 0x0000, 0x0000, 0x0000, 0x0000, 0x28e2, 0xd551, 0xfe53, 0xfe33, 
	0xfe54, 0xfe54, 0xfe54, 0xfe54, 0xfe54, 0xfe54, 0xfe54, 0xfe54, 0xfe54, 0xfe54, 0xfe54, 0xfe54, 0xfe54, 0xfe54, 0xfe54, 0xfe54, 
	0xfe54, 0xfe54, 0xfe54, 0xfe54, 0xfe54, 0xfe54, 0xfe54, 0xfe54, 0xfe54, 0xfe54, 0xfe54, 0xfe54, 0xfe54, 0xfe54, 0xfe54, 0xfe54, 
	0xfe54, 0xfe54, 0xfe54, 0xfe54, 0xfe54, 0xfe54, 0xfe54, 0xfe54, 0xfe54, 0xfe54, 0xfe54, 0xfe54, 0xfe54, 0xfe54, 0xfe54, 0xfe54, 
	0xfe54, 0xfe54, 0xfe54, 0xfe54, 0xfe54, 0xfe54, 0xfe54, 0xfe54, 0xfe54, 0xfe54, 0xfe54, 0xfe54, 0xfe54, 0xfe54, 0xfe54, 0xfe54, 
	0xfe54, 0xfe54, 0xfe54, 0xfe54, 0xfe54, 0xfe54, 0xfe54, 0xfe54, 0xfe54, 0xfe54, 0xfe54, 0xfe54, 0xfe54, 0xfe54, 0xfe54, 0xfe54, 
	0xfe54, 0xfe54, 0xfe54, 0xfe54, 0xfe54, 0xfe54, 0xfe54, 0xfe54, 0xfe54, 0xfe54, 0xfe54, 0xfe53, 0xd698, 0xaedd, 0xaedc, 0xaedc, 
	0xaedc, 0xaedc, 0xaedc, 0xaedc, 0xaedc, 0xaedc, 0xaedc, 0xaedc, 0xaedc, 0xaedc, 0xaedc, 0xaedc, 0xaedc, 0xaedc, 0xaedc, 0xaedc, 
	0xaedc, 0xaedc, 0xaedc, 0xaedc, 0xaedc, 0xaedc, 0xaedc, 0xaedc, 0xaedc, 0xaedc, 0xaedc, 0xaedc, 0xaedc, 0xaedc, 0xaedc, 0xaedc, 
	0xaedc, 0xaedc, 0xaedc, 0xaedc, 0xaedc, 0xaedc, 0xaedc, 0xaedc, 0xaedc, 0xaedc, 0xaedc, 0xaedc, 0xaedc, 0xaedc, 0xaedc, 0xaedc, 
	0xaedc, 0xaedc, 0xaedc, 0xaedc, 0xaedc, 0xaedc, 0xaedc, 0xaedc, 0xaedc, 0xaedc, 0xaedc, 0xaedc, 0xaedc, 0xaedc, 0xaedc, 0xaedc, 
	0xaedc, 0xaedc, 0xaedc, 0xaedc, 0xaedd, 0xaedd, 0xaedc, 0xaebc, 0x7472, 0x1925, 0x0000, 0x0000, 0x0000, 0x0000, 0x0000, 0x0001, 
	0x0001, 0x0000, 0x0000, 0x0000, 0x0000, 0x0000, 0x2187, 0x7493, 0x75fc, 0x55bd, 0x4dbc, 0x4dbb, 0x4dbc, 0x55bc, 0x4dbc, 0x4dbc, 
	0x4519, 0x224c, 0x0000, 0x0000, 0x0000, 0x0000, 0x0000, 0x0000, 0x0000, 0x1881, 0x28e3, 0x3123, 0x3943, 0x3923, 0x3923, 0x3943, 
	0x3143, 0x3143, 0x3143, 0x3143, 0x3143, 0x3143, 0x3143, 0x3143, 0x3143, 0x3143, 0x3143, 0x3143, 0x3143, 0x3143, 0x3143, 0x3143, 
	0x3143, 0x3143, 0x3143, 0x3143, 0x3143, 0x3143, 0x3143, 0x3143, 0x3143, 0x3143, 0x3143, 0x3143, 0x3143, 0x3143, 0x3143, 0x3143, 
	0x3143, 0x3143, 0x3143, 0x3143, 0x3143, 0x3143, 0x3143, 0x3143, 0x3944, 0x3943, 0x3143, 0x3123, 0x51e5, 0xd572, 0xfe54, 0xfe74, 
	0xfe54, 0xfe54, 0xfe54, 0xfe54, 0xfe54, 0xfe54, 0xfe54, 0xfe54, 0xfe54, 0xfe54, 0xfe54, 0xfe54, 0xfe54, 0xfe54, 0xfe54, 0xfe54, 
	0xfe54, 0xfe54, 0xfe54, 0xfe54, 0xfe54, 0xfe54, 0xfe54, 0xfe54, 0xfe54, 0xfe54, 0xfe54, 0xfe54, 0xfe54, 0xfe54, 0xfe54, 0xfe54, 
	0xfe54, 0xfe54, 0xfe54, 0xfe54, 0xfe54, 0xfe54, 0xfe54, 0xfe54, 0xfe54, 0xfe54, 0xfe54, 0xfe54, 0xfe54, 0xfe54, 0xfe54, 0xfe54, 
	0xfe54, 0xfe54, 0xfe54, 0xfe54, 0xfe54, 0xfe54, 0xfe54, 0xfe54, 0xfe54, 0xfe54, 0xfe54, 0xfe54, 0xfe54, 0xfe54, 0xfe54, 0xfe54, 
	0xfe54, 0xfe54, 0xfe54, 0xfe54, 0xfe54, 0xfe54, 0xfe54, 0xfe54, 0xfe54, 0xfe54, 0xfe54, 0xfe54, 0xfe54, 0xfe54, 0xfe54, 0xfe54, 
	0xfe54, 0xfe54, 0xfe54, 0xfe54, 0xfe54, 0xfe54, 0xfe54, 0xfe54, 0xfe54, 0xfe54, 0xfe54, 0xfe53, 0xd698, 0xaedd, 0xaedc, 0xaedc, 
	0xaedc, 0xaedc, 0xaedc, 0xaedc, 0xaedc, 0xaedc, 0xaedc, 0xaedc, 0xaedc, 0xaedc, 0xaedc, 0xaedc, 0xaedc, 0xaedc, 0xaedc, 0xaedc, 
	0xaedc, 0xaedc, 0xaedc, 0xaedc, 0xaedc, 0xaedc, 0xaedc, 0xaedc, 0xaedc, 0xaedc, 0xaedc, 0xaedc, 0xaedc, 0xaedc, 0xaedc, 0xaedc, 
	0xaedc, 0xaedc, 0xaedc, 0xaedc, 0xaedc, 0xaedc, 0xaedc, 0xaedc, 0xaedc, 0xaedc, 0xaedc, 0xaedc, 0xaedc, 0xaedc, 0xaedc, 0xaedc, 
	0xaedc, 0xaedc, 0xaedc, 0xaedc, 0xaedc, 0xaedc, 0xaedc, 0xaedc, 0xaedc, 0xaedc, 0xaedc, 0xaedc, 0xaedc, 0xaedc, 0xaedc, 0xaedc, 
	0xaedc, 0xaedd, 0xaedc, 0xaedc, 0xb6dd, 0xb6fd, 0xa69c, 0xb6fd, 0xae7b, 0x63f1, 0x2145, 0x0000, 0x0000, 0x0000, 0x0000, 0x0000, 
	0x0000, 0x0020, 0x0000, 0x0000, 0x0000, 0x2166, 0x6c53, 0x9e5b, 0x6e1d, 0x4d9c, 0x55bd, 0x4dbb, 0x4dbc, 0x55bd, 0x4ddc, 0x4dbc, 
	0x3371, 0x00c4, 0x0000, 0x0040, 0x0000, 0x0000, 0x0000, 0x1081, 0x59e5, 0x8b8b, 0xc511, 0xdd93, 0xddb2, 0xddb2, 0xdd92, 0xddb2, 
	0xe592, 0xe592, 0xe592, 0xe592, 0xe592, 0xe592, 0xe592, 0xe592, 0xe592, 0xe592, 0xe592, 0xe592, 0xe592, 0xe592, 0xe592, 0xe592, 
	0xe592, 0xe592, 0xe592, 0xe592, 0xe592, 0xe592, 0xe592, 0xe592, 0xe592, 0xe592, 0xe592, 0xe592, 0xe592, 0xe592, 0xe592, 0xe592, 
	0xe592, 0xe592, 0xe592, 0xe592, 0xe592, 0xe592, 0xe592, 0xe592, 0xe592, 0xe592, 0xe5b2, 0xe5b2, 0xdd92, 0xfe75, 0xfe54, 0xf613, 
	0xfe54, 0xfe54, 0xfe54, 0xfe54, 0xfe54, 0xfe54, 0xfe54, 0xfe54, 0xfe54, 0xfe54, 0xfe54, 0xfe54, 0xfe54, 0xfe54, 0xfe54, 0xfe54, 
	0xfe54, 0xfe54, 0xfe54, 0xfe54, 0xfe54, 0xfe54, 0xfe54, 0xfe54, 0xfe54, 0xfe54, 0xfe54, 0xfe54, 0xfe54, 0xfe54, 0xfe54, 0xfe54, 
	0xfe54, 0xfe54, 0xfe54, 0xfe54, 0xfe54, 0xfe54, 0xfe54, 0xfe54, 0xfe54, 0xfe54, 0xfe54, 0xfe54, 0xfe54, 0xfe54, 0xfe54, 0xfe54, 
	0xfe54, 0xfe54, 0xfe54, 0xfe54, 0xfe54, 0xfe54, 0xfe54, 0xfe54, 0xfe54, 0xfe54, 0xfe54, 0xfe54, 0xfe54, 0xfe54, 0xfe54, 0xfe54, 
	0xfe54, 0xfe54, 0xfe54, 0xfe54, 0xfe54, 0xfe54, 0xfe54, 0xfe54, 0xfe54, 0xfe54, 0xfe54, 0xfe54, 0xfe54, 0xfe54, 0xfe54, 0xfe54, 
	0xfe54, 0xfe54, 0xfe54, 0xfe54, 0xfe54, 0xfe54, 0xfe54, 0xfe54, 0xfe54, 0xfe54, 0xfe54, 0xfe53, 0xd698, 0xaedd, 0xaedc, 0xaedc, 
	0xaedc, 0xaedc, 0xaedc, 0xaedc, 0xaedc, 0xaedc, 0xaedc, 0xaedc, 0xaedc, 0xaedc, 0xaedc, 0xaedc, 0xaedc, 0xaedc, 0xaedc, 0xaedc, 
	0xaedc, 0xaedc, 0xaedc, 0xaedc, 0xaedc, 0xaedc, 0xaedc, 0xaedc, 0xaedc, 0xaedc, 0xaedc, 0xaedc, 0xaedc, 0xaedc, 0xaedc, 0xaedc, 
	0xaedc, 0xaedc, 0xaedc, 0xaedc, 0xaedc, 0xaedc, 0xaedc, 0xaedc, 0xaedc, 0xaedc, 0xaedc, 0xaedc, 0xaedc, 0xaedc, 0xaedc, 0xaedc, 
	0xaedc, 0xaedc, 0xaedc, 0xaedc, 0xaedc, 0xaedc, 0xaedc, 0xaedc, 0xaedc, 0xaedc, 0xaedc, 0xaedc, 0xaedc, 0xaedc, 0xaedc, 0xaedc, 
	0xaedc, 0xaedd, 0xaedd, 0xaedc, 0xaedc, 0xaedc, 0xaebc, 0xaedd, 0xaedd, 0xae7b, 0x7492, 0x3a6a, 0x08a3, 0x0020, 0x0000, 0x0000, 
	0x0000, 0x0020, 0x0020, 0x10c3, 0x3a69, 0x7cd4, 0xa6bc, 0x967c, 0x5ddc, 0x4d9c, 0x55bc, 0x4ddb, 0x4dbd, 0x559d, 0x55dc, 0x4539, 
	0x19c9, 0x0021, 0x0000, 0x0020, 0x0000, 0x0000, 0x20a1, 0x6ac8, 0xdd51, 0xf614, 0xfe74, 0xfe34, 0xfe53, 0xfe54, 0xfe54, 0xfe74, 
	0xfe54, 0xfe54, 0xfe54, 0xfe54, 0xfe54, 0xfe54, 0xfe54, 0xfe54, 0xfe54, 0xfe54, 0xfe54, 0xfe54, 0xfe54, 0xfe54, 0xfe54, 0xfe54, 
	0xfe54, 0xfe54, 0xfe54, 0xfe54, 0xfe54, 0xfe54, 0xfe54, 0xfe54, 0xfe54, 0xfe54, 0xfe54, 0xfe54, 0xfe54, 0xfe54, 0xfe54, 0xfe54, 
	0xfe54, 0xfe54, 0xfe54, 0xfe54, 0xfe54, 0xfe54, 0xfe54, 0xfe54, 0xfe33, 0xfe54, 0xfe54, 0xfe54, 0xfe54, 0xfe54, 0xfe54, 0xfe54, 
	0xfe54, 0xfe54, 0xfe54, 0xfe54, 0xfe54, 0xfe54, 0xfe54, 0xfe54, 0xfe54, 0xfe54, 0xfe54, 0xfe54, 0xfe54, 0xfe54, 0xfe54, 0xfe54, 
	0xfe54, 0xfe54, 0xfe54, 0xfe54, 0xfe54, 0xfe54, 0xfe54, 0xfe54, 0xfe54, 0xfe54, 0xfe54, 0xfe54, 0xfe54, 0xfe54, 0xfe54, 0xfe54, 
	0xfe54, 0xfe54, 0xfe54, 0xfe54, 0xfe54, 0xfe54, 0xfe54, 0xfe54, 0xfe54, 0xfe54, 0xfe54, 0xfe54, 0xfe54, 0xfe54, 0xfe54, 0xfe54, 
	0xfe54, 0xfe54, 0xfe54, 0xfe54, 0xfe54, 0xfe54, 0xfe54, 0xfe54, 0xfe54, 0xfe54, 0xfe54, 0xfe54, 0xfe54, 0xfe54, 0xfe54, 0xfe54, 
	0xfe54, 0xfe54, 0xfe54, 0xfe54, 0xfe54, 0xfe54, 0xfe54, 0xfe54, 0xfe54, 0xfe54, 0xfe54, 0xfe54, 0xfe54, 0xfe54, 0xfe54, 0xfe54, 
	0xfe54, 0xfe54, 0xfe54, 0xfe54, 0xfe54, 0xfe54, 0xfe54, 0xfe54, 0xfe54, 0xfe54, 0xfe54, 0xfe53, 0xd698, 0xaedd, 0xaedc, 0xaedc, 
	0xaedc, 0xaedc, 0xaedc, 0xaedc, 0xaedc, 0xaedc, 0xaedc, 0xaedc, 0xaedc, 0xaedc, 0xaedc, 0xaedc, 0xaedc, 0xaedc, 0xaedc, 0xaedc, 
	0xaedc, 0xaedc, 0xaedc, 0xaedc, 0xaedc, 0xaedc, 0xaedc, 0xaedc, 0xaedc, 0xaedc, 0xaedc, 0xaedc, 0xaedc, 0xaedc, 0xaedc, 0xaedc, 
	0xaedc, 0xaedc, 0xaedc, 0xaedc, 0xaedc, 0xaedc, 0xaedc, 0xaedc, 0xaedc, 0xaedc, 0xaedc, 0xaedc, 0xaedc, 0xaedc, 0xaedc, 0xaedc, 
	0xaedc, 0xaedc, 0xaedc, 0xaedc, 0xaedc, 0xaedc, 0xaedc, 0xaedc, 0xaedc, 0xaedc, 0xaedc, 0xaedc, 0xaedc, 0xaedc, 0xaedc, 0xaedc, 
	0xb6bd, 0xaedd, 0xaedd, 0xaedc, 0xaedc, 0xaedc, 0xb6fd, 0xaebc, 0xaedd, 0xaefc, 0xaedc, 0x9df9, 0x6c52, 0x4b0d, 0x29c8, 0x1945, 
	0x2165, 0x29c8, 0x530e, 0x7473, 0x9e19, 0xaefd, 0xa6dd, 0x8e5c, 0x55db, 0x55dd, 0x4d9c, 0x45db, 0x4ddd, 0x557d, 0x55bc, 0x3476, 
	0x0904, 0x0000, 0x0000, 0x0000, 0x0000, 0x0021, 0x5a67, 0xdd91, 0xfe34, 0xfe54, 0xfe34, 0xfe33, 0xfe54, 0xfe54, 0xfe34, 0xfe54, 
	0xfe54, 0xfe54, 0xfe54, 0xfe54, 0xfe54, 0xfe54, 0xfe54, 0xfe54, 0xfe54, 0xfe54, 0xfe54, 0xfe54, 0xfe54, 0xfe54, 0xfe54, 0xfe54, 
	0xfe54, 0xfe54, 0xfe54, 0xfe54, 0xfe54, 0xfe54, 0xfe54, 0xfe54, 0xfe54, 0xfe54, 0xfe54, 0xfe54, 0xfe54, 0xfe54, 0xfe54, 0xfe54, 
	0xfe54, 0xfe54, 0xfe54, 0xfe54, 0xfe54, 0xfe54, 0xfe54, 0xfe54, 0xfe55, 0xfe75, 0xfe34, 0xfe33, 0xfe54, 0xfe33, 0xfe54, 0xfe34, 
	0xfe54, 0xfe54, 0xfe54, 0xfe54, 0xfe54, 0xfe54, 0xfe54, 0xfe54, 0xfe54, 0xfe54, 0xfe54, 0xfe54, 0xfe54, 0xfe54, 0xfe54, 0xfe54, 
	0xfe54, 0xfe54, 0xfe54, 0xfe54, 0xfe54, 0xfe54, 0xfe54, 0xfe54, 0xfe54, 0xfe54, 0xfe54, 0xfe54, 0xfe54, 0xfe54, 0xfe54, 0xfe54, 
	0xfe54, 0xfe54, 0xfe54, 0xfe54, 0xfe54, 0xfe54, 0xfe54, 0xfe54, 0xfe54, 0xfe54, 0xfe54, 0xfe54, 0xfe54, 0xfe54, 0xfe54, 0xfe54, 
	0xfe54, 0xfe54, 0xfe54, 0xfe54, 0xfe54, 0xfe54, 0xfe54, 0xfe54, 0xfe54, 0xfe54, 0xfe54, 0xfe54, 0xfe54, 0xfe54, 0xfe54, 0xfe54, 
	0xfe54, 0xfe54, 0xfe54, 0xfe54, 0xfe54, 0xfe54, 0xfe54, 0xfe54, 0xfe54, 0xfe54, 0xfe54, 0xfe54, 0xfe54, 0xfe54, 0xfe54, 0xfe54, 
	0xfe54, 0xfe54, 0xfe54, 0xfe54, 0xfe54, 0xfe54, 0xfe54, 0xfe54, 0xfe54, 0xfe54, 0xfe54, 0xfe53, 0xd698, 0xaedd, 0xaedc, 0xaedc, 
	0xaedc, 0xaedc, 0xaedc, 0xaedc, 0xaedc, 0xaedc, 0xaedc, 0xaedc, 0xaedc, 0xaedc, 0xaedc, 0xaedc, 0xaedc, 0xaedc, 0xaedc, 0xaedc, 
	0xaedc, 0xaedc, 0xaedc, 0xaedc, 0xaedc, 0xaedc, 0xaedc, 0xaedc, 0xaedc, 0xaedc, 0xaedc, 0xaedc, 0xaedc, 0xaedc, 0xaedc, 0xaedc, 
	0xaedc, 0xaedc, 0xaedc, 0xaedc, 0xaedc, 0xaedc, 0xaedc, 0xaedc, 0xaedc, 0xaedc, 0xaedc, 0xaedc, 0xaedc, 0xaedc, 0xaedc, 0xaedc, 
	0xaedc, 0xaedc, 0xaedc, 0xaedc, 0xaedc, 0xaedc, 0xaedc, 0xaedc, 0xaedc, 0xaedc, 0xaedc, 0xaedc, 0xaedc, 0xaedc, 0xaedc, 0xaedc, 
	0xaedc, 0xaedc, 0xaedc, 0xaedc, 0xaedc, 0xaedc, 0xaedc, 0xaedc, 0xaedc, 0xaedd, 0xb6fd, 0xaedd, 0xaebc, 0xa67b, 0x9e3a, 0x95f9, 
	0x95d9, 0x963a, 0xa67b, 0xae9c, 0xb6fd, 0xb6dc, 0xaebd, 0x7e3c, 0x55bd, 0x4ddc, 0x4dbb, 0x4dbc, 0x55bc, 0x4dbd, 0x4dbc, 0x2b50, 
	0x0881, 0x0001, 0x0000, 0x0000, 0x0000, 0x2902, 0xbcae, 0xfe35, 0xfe54, 0xfe54, 0xfe54, 0xfe54, 0xfe54, 0xfe54, 0xfe54, 0xfe34, 
	0xfe54, 0xfe54, 0xfe54, 0xfe54, 0xfe54, 0xfe54, 0xfe54, 0xfe54, 0xfe54, 0xfe54, 0xfe54, 0xfe54, 0xfe54, 0xfe54, 0xfe54, 0xfe54, 
	0xfe54, 0xfe54, 0xfe54, 0xfe54, 0xfe54, 0xfe54, 0xfe54, 0xfe54, 0xfe54, 0xfe54, 0xfe54, 0xfe54, 0xfe54, 0xfe54, 0xfe54, 0xfe54, 
	0xfe54, 0xfe54, 0xfe54, 0xfe54, 0xfe54, 0xfe54, 0xfe54, 0xfe54, 0xfe54, 0xfe54, 0xfe54, 0xfe54, 0xfe54, 0xfe54, 0xfe54, 0xfe54, 
	0xfe54, 0xfe54, 0xfe54, 0xfe54, 0xfe54, 0xfe54, 0xfe54, 0xfe54, 0xfe34, 0xfe54, 0xfe34, 0xfe34, 0xfe34, 0xfe34, 0xfe54, 0xfe33, 
	0xfe34, 0xfe34, 0xfe54, 0xfe54, 0xfe34, 0xfe74, 0xfe54, 0xfe34, 0xfe54, 0xfe54, 0xfe34, 0xfe53, 0xfe33, 0xfe54, 0xfe54, 0xfe34, 
	0xfe54, 0xfe54, 0xfe54, 0xfe54, 0xfe54, 0xfe54, 0xfe54, 0xfe54, 0xfe54, 0xfe54, 0xfe54, 0xfe54, 0xfe54, 0xfe54, 0xfe54, 0xfe54, 
	0xfe54, 0xfe54, 0xfe54, 0xfe54, 0xfe54, 0xfe54, 0xfe54, 0xfe54, 0xfe54, 0xfe54, 0xfe54, 0xfe54, 0xfe54, 0xfe54, 0xfe54, 0xfe54, 
	0xfe54, 0xfe54, 0xfe54, 0xfe54, 0xfe54, 0xfe54, 0xfe54, 0xfe54, 0xfe54, 0xfe54, 0xfe54, 0xfe54, 0xfe54, 0xfe54, 0xfe54, 0xfe54, 
	0xfe54, 0xfe54, 0xfe54, 0xfe54, 0xfe54, 0xfe54, 0xfe54, 0xfe54, 0xfe54, 0xfe54, 0xfe54, 0xfe53, 0xd698, 0xaedd, 0xaedc, 0xaedc, 
	0xaedc, 0xaedc, 0xaedc, 0xaedc, 0xaedc, 0xaedc, 0xaedc, 0xaedc, 0xaedc, 0xaedc, 0xaedc, 0xaedc, 0xaedc, 0xaedc, 0xaedc, 0xaedc, 
	0xaedc, 0xaedc, 0xaedc, 0xaedc, 0xaedc, 0xaedc, 0xaedc, 0xaedc, 0xaedc, 0xaedc, 0xaedc, 0xaedc, 0xaedc, 0xaedc, 0xaedc, 0xaedc, 
	0xaedc, 0xaedc, 0xaedc, 0xaedc, 0xaedc, 0xaedc, 0xaedc, 0xaedc, 0xaedc, 0xaedc, 0xaedc, 0xaedc, 0xaedc, 0xaedc, 0xaedc, 0xaedc, 
	0xaedc, 0xaedc, 0xaedc, 0xaedc, 0xaedc, 0xaedc, 0xaedc, 0xaedc, 0xaedc, 0xaedc, 0xaedc, 0xaedc, 0xaedc, 0xaedc, 0xaedc, 0xaedc, 
	0xaedc, 0xaedc, 0xaedc, 0xaedc, 0xaedc, 0xaedc, 0xaedc, 0xaedc, 0xaedc, 0xaedc, 0xaedc, 0xaedc, 0xaedc, 0xaedd, 0xb6fd, 0xb6fd, 
	0xb6dd, 0xaefd, 0xb6fd, 0xaebd, 0xaedc, 0xb6dc, 0xa6bd, 0x761c, 0x55bc, 0x4dbc, 0x4dbb, 0x4dbc, 0x55bc, 0x4dbc, 0x4d9c, 0x22ce, 
	0x0020, 0x0000, 0x0000, 0x0000, 0x0000, 0x5226, 0xdd92, 0xfe54, 0xfe54, 0xfe54, 0xfe34, 0xfe34, 0xfe34, 0xfe54, 0xfe54, 0xfe54, 
	0xfe54, 0xfe54, 0xfe54, 0xfe54, 0xfe54, 0xfe54, 0xfe54, 0xfe54, 0xfe54, 0xfe54, 0xfe54, 0xfe54, 0xfe54, 0xfe54, 0xfe54, 0xfe54, 
	0xfe54, 0xfe54, 0xfe54, 0xfe54, 0xfe54, 0xfe54, 0xfe54, 0xfe54, 0xfe54, 0xfe54, 0xfe54, 0xfe54, 0xfe54, 0xfe54, 0xfe54, 0xfe54, 
	0xfe54, 0xfe54, 0xfe54, 0xfe54, 0xfe54, 0xfe54, 0xfe54, 0xfe54, 0xfe54, 0xfe54, 0xfe54, 0xfe54, 0xfe54, 0xfe54, 0xfe54, 0xfe54, 
	0xfe54, 0xfe54, 0xfe54, 0xfe54, 0xfe54, 0xfe54, 0xfe54, 0xfe54, 0xfe54, 0xfe33, 0xfe34, 0xfe54, 0xfe54, 0xfe54, 0xfe54, 0xfe54, 
	0xfe54, 0xfe54, 0xfe54, 0xfe34, 0xfe33, 0xfe53, 0xfe53, 0xfe53, 0xfe34, 0xfe34, 0xfe54, 0xfe54, 0xfe34, 0xfe34, 0xfe54, 0xfe54, 
	0xfe54, 0xfe54, 0xfe54, 0xfe54, 0xfe54, 0xfe54, 0xfe54, 0xfe54, 0xfe54, 0xfe54, 0xfe54, 0xfe54, 0xfe54, 0xfe54, 0xfe54, 0xfe54, 
	0xfe54, 0xfe54, 0xfe54, 0xfe54, 0xfe54, 0xfe54, 0xfe54, 0xfe54, 0xfe54, 0xfe54, 0xfe54, 0xfe54, 0xfe54, 0xfe54, 0xfe54, 0xfe54, 
	0xfe54, 0xfe54, 0xfe54, 0xfe54, 0xfe54, 0xfe54, 0xfe54, 0xfe54, 0xfe54, 0xfe54, 0xfe54, 0xfe54, 0xfe54, 0xfe54, 0xfe54, 0xfe54, 
	0xfe54, 0xfe54, 0xfe54, 0xfe54, 0xfe54, 0xfe54, 0xfe54, 0xfe54, 0xfe54, 0xfe54, 0xfe54, 0xfe53, 0xd698, 0xaedd, 0xaedc, 0xaedc, 
	0xaedc, 0xaedc, 0xaedc, 0xaedc, 0xaedc, 0xaedc, 0xaedc, 0xaedc, 0xaedc, 0xaedc, 0xaedc, 0xaedc, 0xaedc, 0xaedc, 0xaedc, 0xaedc, 
	0xaedc, 0xaedc, 0xaedc, 0xaedc, 0xaedc, 0xaedc, 0xaedc, 0xaedc, 0xaedc, 0xaedc, 0xaedc, 0xaedc, 0xaedc, 0xaedc, 0xaedc, 0xaedc, 
	0xaedc, 0xaedc, 0xaedc, 0xaedc, 0xaedc, 0xaedc, 0xaedc, 0xaedc, 0xaedc, 0xaedc, 0xaedc, 0xaedc, 0xaedc, 0xaedc, 0xaedc, 0xaedc, 
	0xaedc, 0xaedc, 0xaedc, 0xaedc, 0xaedc, 0xaedc, 0xaedc, 0xaedc, 0xaedc, 0xaedc, 0xaedc, 0xaedc, 0xaedc, 0xaedc, 0xaedc, 0xaedc, 
	0xaedc, 0xaedc, 0xaedc, 0xaedc, 0xaedc, 0xaedc, 0xaedc, 0xaedc, 0xaedd, 0xaedd, 0xaedc, 0xaedc, 0xaedc, 0xaedc, 0xaedc, 0xaedd, 
	0xb6dc, 0xaedc, 0xaedd, 0xaebd, 0xaedc, 0xaedc, 0x9e9d, 0x6dfc, 0x4dbc, 0x4dbc, 0x55bb, 0x4dbd, 0x4dbc, 0x4dbc, 0x559b, 0x1a6c, 
	0x0000, 0x0000, 0x0000, 0x0000, 0x0000, 0x6ac9, 0xf614, 0xfe53, 0xfe54, 0xfe54, 0xfe54, 0xfe54, 0xfe54, 0xfe34, 0xfe34, 0xfe54, 
	0xfe54, 0xfe54, 0xfe54, 0xfe54, 0xfe54, 0xfe54, 0xfe54, 0xfe54, 0xfe54, 0xfe54, 0xfe54, 0xfe54, 0xfe54, 0xfe54, 0xfe54, 0xfe54, 
	0xfe54, 0xfe54, 0xfe54, 0xfe54, 0xfe54, 0xfe54, 0xfe54, 0xfe54, 0xfe54, 0xfe54, 0xfe54, 0xfe54, 0xfe54, 0xfe54, 0xfe54, 0xfe54, 
	0xfe54, 0xfe54, 0xfe54, 0xfe54, 0xfe54, 0xfe54, 0xfe54, 0xfe54, 0xfe54, 0xfe54, 0xfe54, 0xfe54, 0xfe54, 0xfe54, 0xfe54, 0xfe54, 
	0xfe54, 0xfe54, 0xfe54, 0xfe54, 0xfe54, 0xfe54, 0xfe54, 0xfe54, 0xfe54, 0xfe54, 0xfe54, 0xfe54, 0xfe54, 0xfe55, 0xfe34, 0xfe34, 
	0xfe54, 0xfe54, 0xf634, 0xe5d2, 0xe5b2, 0xe5b2, 0xe591, 0xedb2, 0xfe14, 0xfe34, 0xfe54, 0xfe54, 0xfe34, 0xfe54, 0xfe74, 0xfe74, 
	0xfe54, 0xfe54, 0xfe54, 0xfe54, 0xfe54, 0xfe54, 0xfe54, 0xfe54, 0xfe54, 0xfe54, 0xfe54, 0xfe54, 0xfe54, 0xfe54, 0xfe54, 0xfe54, 
	0xfe54, 0xfe54, 0xfe54, 0xfe54, 0xfe54, 0xfe54, 0xfe54, 0xfe54, 0xfe54, 0xfe54, 0xfe54, 0xfe54, 0xfe54, 0xfe54, 0xfe54, 0xfe54, 
	0xfe54, 0xfe54, 0xfe54, 0xfe54, 0xfe54, 0xfe54, 0xfe54, 0xfe54, 0xfe54, 0xfe54, 0xfe54, 0xfe54, 0xfe54, 0xfe54, 0xfe54, 0xfe54, 
	0xfe54, 0xfe54, 0xfe54, 0xfe54, 0xfe54, 0xfe54, 0xfe54, 0xfe54, 0xfe54, 0xfe54, 0xfe54, 0xfe53, 0xd698, 0xaedd, 0xaedc, 0xaedc, 
	0xaedc, 0xaedc, 0xaedc, 0xaedc, 0xaedc, 0xaedc, 0xaedc, 0xaedc, 0xaedc, 0xaedc, 0xaedc, 0xaedc, 0xaedc, 0xaedc, 0xaedc, 0xaedc, 
	0xaedc, 0xaedc, 0xaedc, 0xaedc, 0xaedc, 0xaedc, 0xaedc, 0xaedc, 0xaedc, 0xaedc, 0xaedc, 0xaedc, 0xaedc, 0xaedc, 0xaedc, 0xaedc, 
	0xaedc, 0xaedc, 0xaedc, 0xaedc, 0xaedc, 0xaedc, 0xaedc, 0xaedc, 0xaedc, 0xaedc, 0xaedc, 0xaedc, 0xaedc, 0xaedc, 0xaedc, 0xaedc, 
	0xaedc, 0xaedc, 0xaedc, 0xaedc, 0xaedc, 0xaedc, 0xaedc, 0xaedc, 0xaedc, 0xaedc, 0xaedc, 0xaedc, 0xaedc, 0xaedc, 0xaedc, 0xaedc, 
	0xaedc, 0xaedc, 0xaedc, 0xaedc, 0xaedc, 0xaedc, 0xaedc, 0xaedc, 0xaedc, 0xaedc, 0xaedd, 0xaedd, 0xaedd, 0xaedc, 0xaedc, 0xaedc, 
	0xaebc, 0xaebc, 0xaedd, 0xaedd, 0xb6dd, 0xaedd, 0x969d, 0x5dbb, 0x4ddc, 0x4dbc, 0x55bc, 0x4d9d, 0x4dbc, 0x4dbc, 0x55bb, 0x1a4b, 
	0x0800, 0x0000, 0x0000, 0x0000, 0x0000, 0x72c9, 0xfe34, 0xfe52, 0xfe54, 0xfe34, 0xfe54, 0xfe54, 0xfe54, 0xfe34, 0xfe34, 0xfe54, 
	0xfe54, 0xfe54, 0xfe54, 0xfe54, 0xfe54, 0xfe54, 0xfe54, 0xfe54, 0xfe54, 0xfe54, 0xfe54, 0xfe54, 0xfe54, 0xfe54, 0xfe54, 0xfe54, 
	0xfe54, 0xfe54, 0xfe54, 0xfe54, 0xfe54, 0xfe54, 0xfe54, 0xfe54, 0xfe54, 0xfe54, 0xfe54, 0xfe54, 0xfe54, 0xfe54, 0xfe54, 0xfe54, 
	0xfe54, 0xfe54, 0xfe54, 0xfe54, 0xfe54, 0xfe54, 0xfe54, 0xfe54, 0xfe54, 0xfe54, 0xfe54, 0xfe54, 0xfe54, 0xfe54, 0xfe54, 0xfe54, 
	0xfe54, 0xfe54, 0xfe54, 0xfe54, 0xfe54, 0xfe54, 0xfe54, 0xfe54, 0xfe33, 0xfe74, 0xfe54, 0xfe34, 0xfe54, 0xfe34, 0xfe54, 0xfe55, 
	0xf634, 0xcd10, 0x9bcc, 0x6aa8, 0x4184, 0x3123, 0x3964, 0x5206, 0x8b2a, 0xbcd0, 0xedf4, 0xfe34, 0xfe74, 0xfe54, 0xf613, 0xfe33, 
	0xfe54, 0xfe54, 0xfe54, 0xfe54, 0xfe54, 0xfe54, 0xfe54, 0xfe54, 0xfe54, 0xfe54, 0xfe54, 0xfe54, 0xfe54, 0xfe54, 0xfe54, 0xfe54, 
	0xfe54, 0xfe54, 0xfe54, 0xfe54, 0xfe54, 0xfe54, 0xfe54, 0xfe54, 0xfe54, 0xfe54, 0xfe54, 0xfe54, 0xfe54, 0xfe54, 0xfe54, 0xfe54, 
	0xfe54, 0xfe54, 0xfe54, 0xfe54, 0xfe54, 0xfe54, 0xfe54, 0xfe54, 0xfe54, 0xfe54, 0xfe54, 0xfe54, 0xfe54, 0xfe54, 0xfe54, 0xfe54, 
	0xfe54, 0xfe54, 0xfe54, 0xfe54, 0xfe54, 0xfe54, 0xfe54, 0xfe54, 0xfe54, 0xfe54, 0xfe54, 0xfe53, 0xd698, 0xaedd, 0xaedc, 0xaedc, 
	0xaedc, 0xaedc, 0xaedc, 0xaedc, 0xaedc, 0xaedc, 0xaedc, 0xaedc, 0xaedc, 0xaedc, 0xaedc, 0xaedc, 0xaedc, 0xaedc, 0xaedc, 0xaedc, 
	0xaedc, 0xaedc, 0xaedc, 0xaedc, 0xaedc, 0xaedc, 0xaedc, 0xaedc, 0xaedc, 0xaedc, 0xaedc, 0xaedc, 0xaedc, 0xaedc, 0xaedc, 0xaedc, 
	0xaedc, 0xaedc, 0xaedc, 0xaedc, 0xaedc, 0xaedc, 0xaedc, 0xaedc, 0xaedc, 0xaedc, 0xaedc, 0xaedc, 0xaedc, 0xaedc, 0xaedc, 0xaedc, 
	0xaedc, 0xaedc, 0xaedc, 0xaedc, 0xaedc, 0xaedc, 0xaedc, 0xaedc, 0xaedc, 0xaedc, 0xaedc, 0xaedc, 0xaedc, 0xaedc, 0xaedc, 0xaedc, 
	0xaedc, 0xaedc, 0xaedc, 0xaedc, 0xaedc, 0xaedc, 0xaedc, 0xaedc, 0xaedc, 0xaedc, 0xaedc, 0xaedc, 0xaedc, 0xaedd, 0xb6fd, 0xb6fd, 
	0xb6fd, 0xb6dc, 0xaedc, 0xaedd, 0xaedc, 0xaedd, 0x867d, 0x55bc, 0x4dbc, 0x4dbc, 0x55bc, 0x4d9d, 0x4dbc, 0x4ddc, 0x55bb, 0x22ad, 
	0x0001, 0x0000, 0x0000, 0x0000, 0x0000, 0x5a27, 0xe5d3, 0xfe32, 0xfe54, 0xfe34, 0xfe34, 0xfe54, 0xfe54, 0xfe54, 0xfe54, 0xfe54, 
	0xfe54, 0xfe54, 0xfe54, 0xfe54, 0xfe54, 0xfe54, 0xfe54, 0xfe54, 0xfe54, 0xfe54, 0xfe54, 0xfe54, 0xfe54, 0xfe54, 0xfe54, 0xfe54, 
	0xfe54, 0xfe54, 0xfe54, 0xfe54, 0xfe54, 0xfe54, 0xfe54, 0xfe54, 0xfe54, 0xfe54, 0xfe54, 0xfe54, 0xfe54, 0xfe54, 0xfe54, 0xfe54, 
	0xfe54, 0xfe54, 0xfe54, 0xfe54, 0xfe54, 0xfe54, 0xfe54, 0xfe54, 0xfe54, 0xfe54, 0xfe54, 0xfe54, 0xfe54, 0xfe54, 0xfe54, 0xfe54, 
	0xfe54, 0xfe54, 0xfe54, 0xfe54, 0xfe54, 0xfe54, 0xfe54, 0xfe54, 0xfe54, 0xfe54, 0xfe34, 0xfe54, 0xfe33, 0xfe53, 0xfe54, 0xe592, 
	0x93cc, 0x49a4, 0x1860, 0x0020, 0x0000, 0x0000, 0x0000, 0x0041, 0x0840, 0x28e2, 0x7b09, 0xd531, 0xf614, 0xfe54, 0xfe75, 0xfe54, 
	0xfe54, 0xfe54, 0xfe54, 0xfe54, 0xfe54, 0xfe54, 0xfe54, 0xfe54, 0xfe54, 0xfe54, 0xfe54, 0xfe54, 0xfe54, 0xfe54, 0xfe54, 0xfe54, 
	0xfe54, 0xfe54, 0xfe54, 0xfe54, 0xfe54, 0xfe54, 0xfe54, 0xfe54, 0xfe54, 0xfe54, 0xfe54, 0xfe54, 0xfe54, 0xfe54, 0xfe54, 0xfe54, 
	0xfe54, 0xfe54, 0xfe54, 0xfe54, 0xfe54, 0xfe54, 0xfe54, 0xfe54, 0xfe54, 0xfe54, 0xfe54, 0xfe54, 0xfe54, 0xfe54, 0xfe54, 0xfe54, 
	0xfe54, 0xfe54, 0xfe54, 0xfe54, 0xfe54, 0xfe54, 0xfe54, 0xfe54, 0xfe54, 0xfe54, 0xfe54, 0xfe53, 0xd698, 0xaedd, 0xaedc, 0xaedc, 
	0xaedc, 0xaedc, 0xaedc, 0xaedc, 0xaedc, 0xaedc, 0xaedc, 0xaedc, 0xaedc, 0xaedc, 0xaedc, 0xaedc, 0xaedc, 0xaedc, 0xaedc, 0xaedc, 
	0xaedc, 0xaedc, 0xaedc, 0xaedc, 0xaedc, 0xaedc, 0xaedc, 0xaedc, 0xaedc, 0xaedc, 0xaedc, 0xaedc, 0xaedc, 0xaedc, 0xaedc, 0xaedc, 
	0xaedc, 0xaedc, 0xaedc, 0xaedc, 0xaedc, 0xaedc, 0xaedc, 0xaedc, 0xaedc, 0xaedc, 0xaedc, 0xaedc, 0xaedc, 0xaedc, 0xaedc, 0xaedc, 
	0xaedc, 0xaedc, 0xaedc, 0xaedc, 0xaedc, 0xaedc, 0xaedc, 0xaedc, 0xaedc, 0xaedc, 0xaedc, 0xaedc, 0xaedc, 0xaedc, 0xaedc, 0xaedc, 
	0xaedc, 0xaedc, 0xaedc, 0xaedc, 0xaedc, 0xaedc, 0xaedc, 0xaedc, 0xaedd, 0xaedd, 0xaedc, 0xaedc, 0xaedc, 0xaedc, 0xaedc, 0xaedc, 
	0xaedd, 0xaebc, 0xaedc, 0xaedd, 0xb6bd, 0xaedd, 0x7e5c, 0x55dd, 0x4dbc, 0x4dbc, 0x4dbc, 0x4dbd, 0x55bc, 0x4dbc, 0x4d9c, 0x2b51, 
	0x0062, 0x0000, 0x0000, 0x0000, 0x0000, 0x3103, 0xb48f, 0xfe95, 0xfe54, 0xfe54, 0xfe54, 0xfe34, 0xfe34, 0xfe34, 0xfe54, 0xfe54, 
	0xfe54, 0xfe54, 0xfe54, 0xfe54, 0xfe54, 0xfe54, 0xfe54, 0xfe54, 0xfe54, 0xfe54, 0xfe54, 0xfe54, 0xfe54, 0xfe54, 0xfe54, 0xfe54, 
	0xfe54, 0xfe54, 0xfe54, 0xfe54, 0xfe54, 0xfe54, 0xfe54, 0xfe54, 0xfe54, 0xfe54, 0xfe54, 0xfe54, 0xfe54, 0xfe54, 0xfe54, 0xfe54, 
	0xfe54, 0xfe54, 0xfe54, 0xfe54, 0xfe54, 0xfe54, 0xfe54, 0xfe54, 0xfe54, 0xfe54, 0xfe54, 0xfe54, 0xfe54, 0xfe54, 0xfe54, 0xfe54, 
	0xfe54, 0xfe54, 0xfe54, 0xfe54, 0xfe54, 0xfe54, 0xfe54, 0xfe54, 0xfe54, 0xfe54, 0xfe54, 0xfe54, 0xfe53, 0xfe75, 0xdd72, 0x7ac8, 
	0x18a2, 0x0000, 0x0000, 0x0020, 0x0000, 0x0000, 0x0000, 0x0000, 0x0021, 0x0000, 0x1020, 0x5a26, 0xc4f0, 0xf634, 0xfe34, 0xfe34, 
	0xfe54, 0xfe54, 0xfe54, 0xfe54, 0xfe54, 0xfe54, 0xfe54, 0xfe54, 0xfe54, 0xfe54, 0xfe54, 0xfe54, 0xfe54, 0xfe54, 0xfe54, 0xfe54, 
	0xfe54, 0xfe54, 0xfe54, 0xfe54, 0xfe54, 0xfe54, 0xfe54, 0xfe54, 0xfe54, 0xfe54, 0xfe54, 0xfe54, 0xfe54, 0xfe54, 0xfe54, 0xfe54, 
	0xfe54, 0xfe54, 0xfe54, 0xfe54, 0xfe54, 0xfe54, 0xfe54, 0xfe54, 0xfe54, 0xfe54, 0xfe54, 0xfe54, 0xfe54, 0xfe54, 0xfe54, 0xfe54, 
	0xfe54, 0xfe54, 0xfe54, 0xfe54, 0xfe54, 0xfe54, 0xfe54, 0xfe54, 0xfe54, 0xfe54, 0xfe54, 0xfe53, 0xd698, 0xaedd, 0xaedc, 0xaedc, 
	0xaedc, 0xaedc, 0xaedc, 0xaedc, 0xaedc, 0xaedc, 0xaedc, 0xaedc, 0xaedc, 0xaedc, 0xaedc, 0xaedc, 0xaedc, 0xaedc, 0xaedc, 0xaedc, 
	0xaedc, 0xaedc, 0xaedc, 0xaedc, 0xaedc, 0xaedc, 0xaedc, 0xaedc, 0xaedc, 0xaedc, 0xaedc, 0xaedc, 0xaedc, 0xaedc, 0xaedc, 0xaedc, 
	0xaedc, 0xaedc, 0xaedc, 0xaedc, 0xaedc, 0xaedc, 0xaedc, 0xaedc, 0xaedc, 0xaedc, 0xaedc, 0xaedc, 0xaedc, 0xaedc, 0xaedc, 0xaedc, 
	0xaedc, 0xaedc, 0xaedc, 0xaedc, 0xaedc, 0xaedc, 0xaedc, 0xaedc, 0xaedc, 0xaedc, 0xaedc, 0xaedc, 0xaedc, 0xaedc, 0xaedc, 0xaedc, 
	0xaedc, 0xaedc, 0xaedc, 0xaedc, 0xaedc, 0xaedc, 0xaedc, 0xaedc, 0xaedc, 0xaedc, 0xaedd, 0xb6fd, 0xb6fd, 0xaedd, 0xaedc, 0xaedc, 
	0xaedd, 0xb6dc, 0xaedc, 0xaefd, 0xb6dd, 0xa6bd, 0x6e1c, 0x4dbc, 0x559c, 0x4ddc, 0x4dbc, 0x4dbc, 0x55bc, 0x4dbc, 0x45bc, 0x3c55, 
	0x0905, 0x0000, 0x0000, 0x0000, 0x0000, 0x1061, 0x62c9, 0xe5b3, 0xfe33, 0xfe54, 0xfe74, 0xfe54, 0xfe34, 0xfe54, 0xfe54, 0xfe34, 
	0xfe54, 0xfe54, 0xfe54, 0xfe54, 0xfe54, 0xfe54, 0xfe54, 0xfe54, 0xfe54, 0xfe54, 0xfe54, 0xfe54, 0xfe54, 0xfe54, 0xfe54, 0xfe54, 
	0xfe54, 0xfe54, 0xfe54, 0xfe54, 0xfe54, 0xfe54, 0xfe54, 0xfe54, 0xfe54, 0xfe54, 0xfe54, 0xfe54, 0xfe54, 0xfe54, 0xfe54, 0xfe54, 
	0xfe54, 0xfe54, 0xfe54, 0xfe54, 0xfe54, 0xfe54, 0xfe54, 0xfe54, 0xfe54, 0xfe54, 0xfe54, 0xfe54, 0xfe54, 0xfe54, 0xfe54, 0xfe54, 
	0xfe54, 0xfe54, 0xfe54, 0xfe54, 0xfe54, 0xfe54, 0xfe54, 0xfe54, 0xfe54, 0xfe54, 0xfe54, 0xfe33, 0xfe54, 0xe5b2, 0x7b2a, 0x1881, 
	0x0000, 0x0000, 0x0020, 0x0000, 0x0000, 0x0000, 0x0000, 0x0000, 0x0000, 0x0021, 0x0000, 0x0800, 0x5a26, 0xcd31, 0xfe75, 0xfe33, 
	0xfe54, 0xfe54, 0xfe54, 0xfe54, 0xfe54, 0xfe54, 0xfe54, 0xfe54, 0xfe54, 0xfe54, 0xfe54, 0xfe54, 0xfe54, 0xfe54, 0xfe54, 0xfe54, 
	0xfe54, 0xfe54, 0xfe54, 0xfe54, 0xfe54, 0xfe54, 0xfe54, 0xfe54, 0xfe54, 0xfe54, 0xfe54, 0xfe54, 0xfe54, 0xfe54, 0xfe54, 0xfe54, 
	0xfe54, 0xfe54, 0xfe54, 0xfe54, 0xfe54, 0xfe54, 0xfe54, 0xfe54, 0xfe54, 0xfe54, 0xfe54, 0xfe54, 0xfe54, 0xfe54, 0xfe54, 0xfe54, 
	0xfe54, 0xfe54, 0xfe54, 0xfe54, 0xfe54, 0xfe54, 0xfe54, 0xfe54, 0xfe54, 0xfe54, 0xfe54, 0xfe53, 0xd698, 0xaedd, 0xaedc, 0xaedc, 
	0xaedc, 0xaedc, 0xaedc, 0xaedc, 0xaedc, 0xaedc, 0xaedc, 0xaedc, 0xaedc, 0xaedc, 0xaedc, 0xaedc, 0xaedc, 0xaedc, 0xaedc, 0xaedc, 
	0xaedc, 0xaedc, 0xaedc, 0xaedc, 0xaedc, 0xaedc, 0xaedc, 0xaedc, 0xaedc, 0xaedc, 0xaedc, 0xaedc, 0xaedc, 0xaedc, 0xaedc, 0xaedc, 
	0xaedc, 0xaedc, 0xaedc, 0xaedc, 0xaedc, 0xaedc, 0xaedc, 0xaedc, 0xaedc, 0xaedc, 0xaedc, 0xaedc, 0xaedc, 0xaedc, 0xaedc, 0xaedc, 
	0xaedc, 0xaedc, 0xaedc, 0xaedc, 0xaedc, 0xaedc, 0xaedc, 0xaedc, 0xaedc, 0xaedc, 0xaedc, 0xaedc, 0xaedc, 0xaedc, 0xaedc, 0xaedc, 
	0xaedc, 0xaedc, 0xaedc, 0xaedc, 0xaedc, 0xaedc, 0xaedc, 0xaedc, 0xaedc, 0xaedc, 0xaedc, 0xaedc, 0xaedc, 0xaedc, 0xaedc, 0xaedc, 
	0xaefd, 0xb6dc, 0xaedc, 0xaedd, 0xb6bd, 0x9e9d, 0x65fb, 0x4dbd, 0x559c, 0x4ddd, 0x45bc, 0x4dbc, 0x559c, 0x55bc, 0x45bd, 0x4d19, 
	0x19c8, 0x0000, 0x0000, 0x0000, 0x0000, 0x0000, 0x10a1, 0x9309, 0xedb1, 0xf613, 0xfe54, 0xfe54, 0xfe34, 0xfe54, 0xfe54, 0xfe34, 
	0xfe54, 0xfe54, 0xfe54, 0xfe54, 0xfe54, 0xfe54, 0xfe54, 0xfe54, 0xfe54, 0xfe54, 0xfe54, 0xfe54, 0xfe54, 0xfe54, 0xfe54, 0xfe54, 
	0xfe54, 0xfe54, 0xfe54, 0xfe54, 0xfe54, 0xfe54, 0xfe54, 0xfe54, 0xfe54, 0xfe54, 0xfe54, 0xfe54, 0xfe54, 0xfe54, 0xfe54, 0xfe54, 
	0xfe54, 0xfe54, 0xfe54, 0xfe54, 0xfe54, 0xfe54, 0xfe54, 0xfe54, 0xfe54, 0xfe54, 0xfe54, 0xfe54, 0xfe54, 0xfe54, 0xfe54, 0xfe54, 
	0xfe54, 0xfe54, 0xfe54, 0xfe54, 0xfe54, 0xfe54, 0xfe54, 0xfe54, 0xfe34, 0xfe34, 0xfe54, 0xfe33, 0xfe54, 0xac2d, 0x20c2, 0x0001, 
	0x0000, 0x0000, 0x0000, 0x0000, 0x0000, 0x0000, 0x0000, 0x0000, 0x0000, 0x0000, 0x0021, 0x0000, 0x0820, 0x7b09, 0xedf3, 0xfe53, 
	0xfe54, 0xfe54, 0xfe54, 0xfe54, 0xfe54, 0xfe54, 0xfe54, 0xfe54, 0xfe54, 0xfe54, 0xfe54, 0xfe54, 0xfe54, 0xfe54, 0xfe54, 0xfe54, 
	0xfe54, 0xfe54, 0xfe54, 0xfe54, 0xfe54, 0xfe54, 0xfe54, 0xfe54, 0xfe54, 0xfe54, 0xfe54, 0xfe54, 0xfe54, 0xfe54, 0xfe54, 0xfe54, 
	0xfe54, 0xfe54, 0xfe54, 0xfe54, 0xfe54, 0xfe54, 0xfe54, 0xfe54, 0xfe54, 0xfe54, 0xfe54, 0xfe54, 0xfe54, 0xfe54, 0xfe54, 0xfe54, 
	0xfe54, 0xfe54, 0xfe54, 0xfe54, 0xfe54, 0xfe54, 0xfe54, 0xfe54, 0xfe54, 0xfe54, 0xfe54, 0xfe53, 0xd698, 0xaedd, 0xaedc, 0xaedc, 
	0xaedc, 0xaedc, 0xaedc, 0xaedc, 0xaedc, 0xaedc, 0xaedc, 0xaedc, 0xaedc, 0xaedc, 0xaedc, 0xaedc, 0xaedc, 0xaedc, 0xaedc, 0xaedc, 
	0xaedc, 0xaedc, 0xaedc, 0xaedc, 0xaedc, 0xaedc, 0xaedc, 0xaedc, 0xaedc, 0xaedc, 0xaedc, 0xaedc, 0xaedc, 0xaedc, 0xaedc, 0xaedc, 
	0xaedc, 0xaedc, 0xaedc, 0xaedc, 0xaedc, 0xaedc, 0xaedc, 0xaedc, 0xaedc, 0xaedc, 0xaedc, 0xaedc, 0xaedc, 0xaedc, 0xaedc, 0xaedc, 
	0xaedc, 0xaedc, 0xaedc, 0xaedc, 0xaedc, 0xaedc, 0xaedc, 0xaedc, 0xaedc, 0xaedc, 0xaedc, 0xaedc, 0xaedc, 0xaedc, 0xaedc, 0xaedc, 
	0xaedc, 0xaedc, 0xaedc, 0xaedc, 0xaedc, 0xaedc, 0xaedc, 0xaedc, 0xaedc, 0xaedc, 0xaedc, 0xaedc, 0xaedc, 0xaedc, 0xaedc, 0xaedc, 
	0xaedc, 0xb6dd, 0xaedc, 0xaedc, 0xb6dd, 0x8e7d, 0x55fc, 0x4dbc, 0x4dbc, 0x4dbc, 0x4dbc, 0x4dbc, 0x4dbc, 0x4dbc, 0x4dbc, 0x4dbc, 
	0x338f, 0x0083, 0x0000, 0x0000, 0x0000, 0x0800, 0x0000, 0x10a1, 0x6288, 0xa40d, 0xdd71, 0xedf2, 0xf5f2, 0xedf3, 0xedf4, 0xee14, 
	0xf5f3, 0xf5f3, 0xf5f3, 0xf5f3, 0xf5f3, 0xf5f3, 0xf5f3, 0xf5f3, 0xf5f3, 0xf5f3, 0xf5f3, 0xf5f3, 0xf5f3, 0xf5f3, 0xf5f3, 0xf5f3, 
	0xf5f3, 0xf5f3, 0xf5f3, 0xf5f3, 0xf5f3, 0xf5f3, 0xf5f3, 0xf5f3, 0xf5f3, 0xf5f3, 0xf5f3, 0xf5f3, 0xf5f3, 0xf5f3, 0xf5f3, 0xf5f3, 
	0xf5f3, 0xf5f3, 0xf5f3, 0xf5f3, 0xf5f3, 0xf5f3, 0xf5f3, 0xf5f3, 0xf5f3, 0xf5d2, 0xf5f3, 0xee14, 0xf613, 0xfe33, 0xfe53, 0xfe54, 
	0xfe54, 0xfe54, 0xfe54, 0xfe54, 0xfe54, 0xfe54, 0xfe54, 0xfe54, 0xfe34, 0xfe75, 0xfe33, 0xfe33, 0xe5b3, 0x5a27, 0x0000, 0x0000, 
	0x0000, 0x0000, 0x0000, 0x0000, 0x0040, 0x0042, 0x0021, 0x0000, 0x0000, 0x0000, 0x0000, 0x0000, 0x0000, 0x2903, 0xbccf, 0xfe34, 
	0xfe54, 0xfe54, 0xfe54, 0xfe54, 0xfe54, 0xfe54, 0xfe54, 0xfe54, 0xfe54, 0xfe54, 0xfe54, 0xfe54, 0xfe54, 0xfe54, 0xfe54, 0xfe54, 
	0xfe54, 0xfe54, 0xfe54, 0xfe54, 0xfe54, 0xfe54, 0xfe54, 0xfe54, 0xfe54, 0xfe54, 0xfe54, 0xfe54, 0xfe54, 0xfe54, 0xfe54, 0xfe54, 
	0xfe54, 0xfe54, 0xfe54, 0xfe54, 0xfe54, 0xfe54, 0xfe54, 0xfe54, 0xfe54, 0xfe54, 0xfe54, 0xfe54, 0xfe54, 0xfe54, 0xfe54, 0xfe54, 
	0xfe54, 0xfe54, 0xfe54, 0xfe54, 0xfe54, 0xfe54, 0xfe54, 0xfe54, 0xfe54, 0xfe54, 0xfe54, 0xfe53, 0xd698, 0xaedd, 0xaedc, 0xaedc, 
	0xaedc, 0xaedc, 0xaedc, 0xaedc, 0xaedc, 0xaedc, 0xaedc, 0xaedc, 0xaedc, 0xaedc, 0xaedc, 0xaedc, 0xaedc, 0xaedc, 0xaedc, 0xaedc, 
	0xaedc, 0xaedc, 0xaedc, 0xaedc, 0xaedc, 0xaedc, 0xaedc, 0xaedc, 0xaedc, 0xaedc, 0xaedc, 0xaedc, 0xaedc, 0xaedc, 0xaedc, 0xaedc, 
	0xaedc, 0xaedc, 0xaedc, 0xaedc, 0xaedc, 0xaedc, 0xaedc, 0xaedc, 0xaedc, 0xaedc, 0xaedc, 0xaedc, 0xaedc, 0xaedc, 0xaedc, 0xaedc, 
	0xaedc, 0xaedc, 0xaedc, 0xaedc, 0xaedc, 0xaedc, 0xaedc, 0xaedc, 0xaedc, 0xaedc, 0xaedc, 0xaedc, 0xaedc, 0xaedc, 0xaedc, 0xaedc, 
	0xaedc, 0xaedc, 0xaedc, 0xaedc, 0xaedc, 0xaedc, 0xaedc, 0xaedc, 0xaedc, 0xaedc, 0xaedc, 0xaedc, 0xaedc, 0xaedc, 0xaedc, 0xaedc, 
	0xaedc, 0xaedd, 0xaedc, 0xaefc, 0xaedd, 0x865d, 0x55dc, 0x4dbc, 0x4dbc, 0x4dbc, 0x4dbc, 0x4dbc, 0x4dbc, 0x4dbc, 0x4dbc, 0x4dbc, 
	0x44b7, 0x19ea, 0x0021, 0x0020, 0x0020, 0x0000, 0x0001, 0x0000, 0x0000, 0x18e2, 0x3985, 0x49e6, 0x51e6, 0x51e6, 0x49e5, 0x51c4, 
	0x4a06, 0x4a06, 0x4a06, 0x4a06, 0x4a06, 0x4a06, 0x4a06, 0x4a06, 0x4a06, 0x4a06, 0x4a06, 0x4a06, 0x4a06, 0x4a06, 0x4a06, 0x4a06, 
	0x4a06, 0x4a06, 0x4a06, 0x4a06, 0x4a06, 0x4a06, 0x4a06, 0x4a06, 0x4a06, 0x4a06, 0x4a06, 0x4a06, 0x4a06, 0x4a06, 0x4a06, 0x4a06, 
	0x4a06, 0x4a06, 0x4a06, 0x4a06, 0x4a06, 0x4a06, 0x4a06, 0x4a06, 0x49e7, 0x49e7, 0x49e6, 0x41c6, 0x6288, 0xddb3, 0xfe55, 0xfe55, 
	0xfe54, 0xfe54, 0xfe54, 0xfe54, 0xfe54, 0xfe54, 0xfe54, 0xfe54, 0xfe34, 0xfe34, 0xfe33, 0xfe53, 0xb46e, 0x3123, 0x0000, 0x0000, 
	0x0000, 0x0800, 0x0000, 0x0905, 0x22ad, 0x33b2, 0x3350, 0x0987, 0x0041, 0x0000, 0x0000, 0x0000, 0x0000, 0x1041, 0x8b6b, 0xf613, 
	0xfe54, 0xfe54, 0xfe54, 0xfe54, 0xfe54, 0xfe54, 0xfe54, 0xfe54, 0xfe54, 0xfe54, 0xfe54, 0xfe54, 0xfe54, 0xfe54, 0xfe54, 0xfe54, 
	0xfe54, 0xfe54, 0xfe54, 0xfe54, 0xfe54, 0xfe54, 0xfe54, 0xfe54, 0xfe54, 0xfe54, 0xfe54, 0xfe54, 0xfe54, 0xfe54, 0xfe54, 0xfe54, 
	0xfe54, 0xfe54, 0xfe54, 0xfe54, 0xfe54, 0xfe54, 0xfe54, 0xfe54, 0xfe54, 0xfe54, 0xfe54, 0xfe54, 0xfe54, 0xfe54, 0xfe54, 0xfe54, 
	0xfe54, 0xfe54, 0xfe54, 0xfe54, 0xfe54, 0xfe54, 0xfe54, 0xfe54, 0xfe54, 0xfe54, 0xfe54, 0xfe53, 0xd698, 0xaedd, 0xaedc, 0xaedc, 
	0xaedc, 0xaedc, 0xaedc, 0xaedc, 0xaedc, 0xaedc, 0xaedc, 0xaedc, 0xaedc, 0xaedc, 0xaedc, 0xaedc, 0xaedc, 0xaedc, 0xaedc, 0xaedc, 
	0xaedc, 0xaedc, 0xaedc, 0xaedc, 0xaedc, 0xaedc, 0xaedc, 0xaedc, 0xaedc, 0xaedc, 0xaedc, 0xaedc, 0xaedc, 0xaedc, 0xaedc, 0xaedc, 
	0xaedc, 0xaedc, 0xaedc, 0xaedc, 0xaedc, 0xaedc, 0xaedc, 0xaedc, 0xaedc, 0xaedc, 0xaedc, 0xaedc, 0xaedc, 0xaedc, 0xaedc, 0xaedc, 
	0xaedc, 0xaedc, 0xaedc, 0xaedc, 0xaedc, 0xaedc, 0xaedc, 0xaedc, 0xaedc, 0xaedc, 0xaedc, 0xaedc, 0xaedc, 0xaedc, 0xaedc, 0xaedc, 
	0xaedc, 0xaedc, 0xaedc, 0xaedc, 0xaedc, 0xaedc, 0xaedc, 0xaedc, 0xaedc, 0xaedc, 0xaedc, 0xaedc, 0xaedc, 0xaedc, 0xaedc, 0xaedc, 
	0xaedc, 0xaedd, 0xaedc, 0xb6fc, 0xaebd, 0x7e3c, 0x55dc, 0x4dbc, 0x4dbc, 0x4dbc, 0x4dbc, 0x4dbc, 0x4dbc, 0x4dbc, 0x4dbc, 0x4dbc, 
	0x4dbd, 0x3bf3, 0x08e5, 0x0000, 0x0020, 0x0020, 0x0000, 0x0000, 0x0000, 0x0000, 0x0000, 0x0000, 0x0000, 0x0000, 0x0000, 0x0020, 
	0x0000, 0x0000, 0x0000, 0x0000, 0x0000, 0x0000, 0x0000, 0x0000, 0x0000, 0x0000, 0x0000, 0x0000, 0x0000, 0x0000, 0x0000, 0x0000, 
	0x0000, 0x0000, 0x0000, 0x0000, 0x0000, 0x0000, 0x0000, 0x0000, 0x0000, 0x0000, 0x0000, 0x0000, 0x0000, 0x0000, 0x0000, 0x0000, 
	0x0000, 0x0000, 0x0000, 0x0000, 0x0000, 0x0000, 0x0000, 0x0000, 0x0000, 0x0000, 0x0000, 0x0000, 0x3102, 0xd551, 0xfe34, 0xfe54, 
	0xfe54, 0xfe54, 0xfe54, 0xfe54, 0xfe54, 0xfe54, 0xfe54, 0xfe54, 0xfe54, 0xfe34, 0xfe54, 0xfe54, 0x8b6a, 0x0860, 0x0000, 0x0000, 
	0x0020, 0x0000, 0x08a3, 0x33b1, 0x4d5a, 0x4ddd, 0x4dbb, 0x3c76, 0x0988, 0x0020, 0x0000, 0x0000, 0x0000, 0x0000, 0x5a47, 0xedd2, 
	0xfe54, 0xfe54, 0xfe54, 0xfe54, 0xfe54, 0xfe54, 0xfe54, 0xfe54, 0xfe54, 0xfe54, 0xfe54, 0xfe54, 0xfe54, 0xfe54, 0xfe54, 0xfe54, 
	0xfe54, 0xfe54, 0xfe54, 0xfe54, 0xfe54, 0xfe54, 0xfe54, 0xfe54, 0xfe54, 0xfe54, 0xfe54, 0xfe54, 0xfe54, 0xfe54, 0xfe54, 0xfe54, 
	0xfe54, 0xfe54, 0xfe54, 0xfe54, 0xfe54, 0xfe54, 0xfe54, 0xfe54, 0xfe54, 0xfe54, 0xfe54, 0xfe54, 0xfe54, 0xfe54, 0xfe54, 0xfe54, 
	0xfe54, 0xfe54, 0xfe54, 0xfe54, 0xfe54, 0xfe54, 0xfe54, 0xfe54, 0xfe54, 0xfe54, 0xfe54, 0xfe53, 0xd698, 0xaedd, 0xaedc, 0xaedc, 
	0xaedc, 0xaedc, 0xaedc, 0xaedc, 0xaedc, 0xaedc, 0xaedc, 0xaedc, 0xaedc, 0xaedc, 0xaedc, 0xaedc, 0xaedc, 0xaedc, 0xaedc, 0xaedc, 
	0xaedc, 0xaedc, 0xaedc, 0xaedc, 0xaedc, 0xaedc, 0xaedc, 0xaedc, 0xaedc, 0xaedc, 0xaedc, 0xaedc, 0xaedc, 0xaedc, 0xaedc, 0xaedc, 
	0xaedc, 0xaedc, 0xaedc, 0xaedc, 0xaedc, 0xaedc, 0xaedc, 0xaedc, 0xaedc, 0xaedc, 0xaedc, 0xaedc, 0xaedc, 0xaedc, 0xaedc, 0xaedc, 
	0xaedc, 0xaedc, 0xaedc, 0xaedc, 0xaedc, 0xaedc, 0xaedc, 0xaedc, 0xaedc, 0xaedc, 0xaedc, 0xaedc, 0xaedc, 0xaedc, 0xaedc, 0xaedc, 
	0xaedc, 0xaedc, 0xaedc, 0xaedc, 0xaedc, 0xaedc, 0xaedc, 0xaedc, 0xaedc, 0xaedc, 0xaedc, 0xaedc, 0xaedc, 0xaedc, 0xaedc, 0xaedc, 
	0xaedc, 0xaedd, 0xaedc, 0xb6fd, 0x9ebd, 0x6e1c, 0x4dbc, 0x4dbc, 0x4dbc, 0x4dbc, 0x4dbc, 0x4dbc, 0x4dbc, 0x4dbc, 0x4dbc, 0x4dbc, 
	0x45dc, 0x4d9b, 0x2b71, 0x08e5, 0x0000, 0x0000, 0x0000, 0x0021, 0x0000, 0x0000, 0x0000, 0x0000, 0x0000, 0x0000, 0x0000, 0x0000, 
	0x0000, 0x0000, 0x0000, 0x0000, 0x0000, 0x0000, 0x0000, 0x0000, 0x0000, 0x0000, 0x0000, 0x0000, 0x0000, 0x0000, 0x0000, 0x0000, 
	0x0000, 0x0000, 0x0000, 0x0000, 0x0000, 0x0000, 0x0000, 0x0000, 0x0000, 0x0000, 0x0000, 0x0000, 0x0000, 0x0000, 0x0000, 0x0000, 
	0x0000, 0x0000, 0x0000, 0x0000, 0x0000, 0x0000, 0x0000, 0x0000, 0x0000, 0x0000, 0x0000, 0x0000, 0x28e2, 0xcd51, 0xfe74, 0xfe33, 
	0xfe54, 0xfe54, 0xfe54, 0xfe54, 0xfe54, 0xfe54, 0xfe54, 0xfe54, 0xfe54, 0xfe54, 0xfe13, 0xfe34, 0x72e9, 0x0020, 0x0000, 0x0000, 
	0x0040, 0x0000, 0x11e9, 0x4538, 0x4dbd, 0x55bd, 0x4dbb, 0x559c, 0x2b30, 0x0041, 0x0000, 0x0000, 0x0000, 0x0000, 0x39a5, 0xe591, 
	0xfe54, 0xfe54, 0xfe54, 0xfe54, 0xfe54, 0xfe54, 0xfe54, 0xfe54, 0xfe54, 0xfe54, 0xfe54, 0xfe54, 0xfe54, 0xfe54, 0xfe54, 0xfe54, 
	0xfe54, 0xfe54, 0xfe54, 0xfe54, 0xfe54, 0xfe54, 0xfe54, 0xfe54, 0xfe54, 0xfe54, 0xfe54, 0xfe54, 0xfe54, 0xfe54, 0xfe54, 0xfe54, 
	0xfe54, 0xfe54, 0xfe54, 0xfe54, 0xfe54, 0xfe54, 0xfe54, 0xfe54, 0xfe54, 0xfe54, 0xfe54, 0xfe54, 0xfe54, 0xfe54, 0xfe54, 0xfe54, 
	0xfe54, 0xfe54, 0xfe54, 0xfe54, 0xfe54, 0xfe54, 0xfe54, 0xfe54, 0xfe54, 0xfe54, 0xfe54, 0xfe53, 0xd698, 0xaedd, 0xaedc, 0xaedc, 
	0xaedc, 0xaedc, 0xaedc, 0xaedc, 0xaedc, 0xaedc, 0xaedc, 0xaedc, 0xaedc, 0xaedc, 0xaedc, 0xaedc, 0xaedc, 0xaedc, 0xaedc, 0xaedc, 
	0xaedc, 0xaedc, 0xaedc, 0xaedc, 0xaedc, 0xaedc, 0xaedc, 0xaedc, 0xaedc, 0xaedc, 0xaedc, 0xaedc, 0xaedc, 0xaedc, 0xaedc, 0xaedc, 
	0xaedc, 0xaedc, 0xaedc, 0xaedc, 0xaedc, 0xaedc, 0xaedc, 0xaedc, 0xaedc, 0xaedc, 0xaedc, 0xaedc, 0xaedc, 0xaedc, 0xaedc, 0xaedc, 
	0xaedc, 0xaedc, 0xaedc, 0xaedc, 0xaedc, 0xaedc, 0xaedc, 0xaedc, 0xaedc, 0xaedc, 0xaedc, 0xaedc, 0xaedc, 0xaedc, 0xaedc, 0xaedc, 
	0xaedc, 0xaedc, 0xaedc, 0xaedc, 0xaedc, 0xaedc, 0xaedc, 0xaedc, 0xaedc, 0xaedc, 0xaedc, 0xaedc, 0xaedc, 0xaedc, 0xaedc, 0xaedc, 
	0xaedc, 0xaedd, 0xaebc, 0xb6fd, 0x969d, 0x65fc, 0x4dbc, 0x4dbc, 0x4dbc, 0x4dbc, 0x4dbc, 0x4dbc, 0x4dbc, 0x4dbc, 0x4dbc, 0x4dbc, 
	0x4d9c, 0x4ddd, 0x4d7b, 0x3392, 0x1127, 0x0020, 0x0000, 0x0000, 0x0000, 0x0000, 0x0000, 0x0000, 0x0000, 0x0000, 0x0000, 0x0000, 
	0x0000, 0x0000, 0x0000, 0x0000, 0x0000, 0x0000, 0x0000, 0x0000, 0x0000, 0x0000, 0x0000, 0x0000, 0x0000, 0x0000, 0x0000, 0x0000, 
	0x0000, 0x0000, 0x0000, 0x0000, 0x0000, 0x0000, 0x0000, 0x0000, 0x0000, 0x0000, 0x0000, 0x0000, 0x0000, 0x0000, 0x0000, 0x0000, 
	0x0000, 0x0000, 0x0000, 0x0000, 0x0000, 0x0000, 0x0000, 0x0000, 0x0000, 0x0000, 0x0000, 0x0000, 0x28c2, 0xcd51, 0xfe54, 0xfe33, 
	0xfe54, 0xfe54, 0xfe54, 0xfe54, 0xfe54, 0xfe54, 0xfe54, 0xfe54, 0xfe53, 0xfe54, 0xfe34, 0xf634, 0x72c8, 0x0000, 0x0000, 0x0000, 
	0x0000, 0x0000, 0x1a4b, 0x4d7a, 0x55bd, 0x559d, 0x4dbc, 0x55dd, 0x3bb2, 0x0041, 0x0000, 0x0000, 0x0000, 0x0000, 0x3164, 0xe5b1, 
	0xfe54, 0xfe54, 0xfe54, 0xfe54, 0xfe54, 0xfe54, 0xfe54, 0xfe54, 0xfe54, 0xfe54, 0xfe54, 0xfe54, 0xfe54, 0xfe54, 0xfe54, 0xfe54, 
	0xfe54, 0xfe54, 0xfe54, 0xfe54, 0xfe54, 0xfe54, 0xfe54, 0xfe54, 0xfe54, 0xfe54, 0xfe54, 0xfe54, 0xfe54, 0xfe54, 0xfe54, 0xfe54, 
	0xfe54, 0xfe54, 0xfe54, 0xfe54, 0xfe54, 0xfe54, 0xfe54, 0xfe54, 0xfe54, 0xfe54, 0xfe54, 0xfe54, 0xfe54, 0xfe54, 0xfe54, 0xfe54, 
	0xfe54, 0xfe54, 0xfe54, 0xfe54, 0xfe54, 0xfe54, 0xfe54, 0xfe54, 0xfe54, 0xfe54, 0xfe54, 0xfe53, 0xd698, 0xaedd, 0xaedc, 0xaedc, 
	0xaedc, 0xaedc, 0xaedc, 0xaedc, 0xaedc, 0xaedc, 0xaedc, 0xaedc, 0xaedc, 0xaedc, 0xaedc, 0xaedc, 0xaedc, 0xaedc, 0xaedc, 0xaedc, 
	0xaedc, 0xaedc, 0xaedc, 0xaedc, 0xaedc, 0xaedc, 0xaedc, 0xaedc, 0xaedc, 0xaedc, 0xaedc, 0xaedc, 0xaedc, 0xaedc, 0xaedc, 0xaedc, 
	0xaedc, 0xaedc, 0xaedc, 0xaedc, 0xaedc, 0xaedc, 0xaedc, 0xaedc, 0xaedc, 0xaedc, 0xaedc, 0xaedc, 0xaedc, 0xaedc, 0xaedc, 0xaedc, 
	0xaedc, 0xaedc, 0xaedc, 0xaedc, 0xaedc, 0xaedc, 0xaedc, 0xaedc, 0xaedc, 0xaedc, 0xaedc, 0xaedc, 0xaedc, 0xaedc, 0xaedc, 0xaedc, 
	0xaedc, 0xaedc, 0xaedc, 0xaedc, 0xaedc, 0xaedc, 0xaedc, 0xaedc, 0xaedc, 0xaedc, 0xaedc, 0xaedc, 0xaedc, 0xaedc, 0xaedc, 0xaedc, 
	0xaedc, 0xaedd, 0xaebc, 0xb6dd, 0x8e9c, 0x5ddc, 0x4dbc, 0x4dbc, 0x4dbc, 0x4dbc, 0x4dbc, 0x4dbc, 0x4dbc, 0x4dbc, 0x4dbc, 0x4dbc, 
	0x559c, 0x4dbc, 0x45dc, 0x557b, 0x3c15, 0x122b, 0x08e4, 0x0000, 0x0000, 0x0000, 0x0000, 0x0020, 0x0020, 0x0020, 0x0000, 0x0000, 
	0x0000, 0x0000, 0x0000, 0x0000, 0x0000, 0x0000, 0x0000, 0x0000, 0x0000, 0x0000, 0x0000, 0x0000, 0x0000, 0x0000, 0x0000, 0x0000, 
	0x0000, 0x0000, 0x0000, 0x0000, 0x0000, 0x0000, 0x0000, 0x0000, 0x0000, 0x0000, 0x0000, 0x0000, 0x0000, 0x0000, 0x0000, 0x0000, 
	0x0000, 0x0000, 0x0000, 0x0000, 0x0000, 0x0000, 0x0000, 0x0000, 0x0021, 0x0000, 0x0000, 0x0000, 0x28c1, 0xdd72, 0xfe33, 0xfe53, 
	0xfe54, 0xfe54, 0xfe54, 0xfe54, 0xfe54, 0xfe54, 0xfe54, 0xfe54, 0xfe54, 0xfe54, 0xfe54, 0xfe54, 0x7ae9, 0x0000, 0x0021, 0x0000, 
	0x0000, 0x0800, 0x0986, 0x44b6, 0x55dd, 0x4dbe, 0x45dd, 0x3d5a, 0x2a8d, 0x0041, 0x0000, 0x0000, 0x0000, 0x0000, 0x4185, 0xedf2, 
	0xfe54, 0xfe54, 0xfe54, 0xfe54, 0xfe54, 0xfe54, 0xfe54, 0xfe54, 0xfe54, 0xfe54, 0xfe54, 0xfe54, 0xfe54, 0xfe54, 0xfe54, 0xfe54, 
	0xfe54, 0xfe54, 0xfe54, 0xfe54, 0xfe54, 0xfe54, 0xfe54, 0xfe54, 0xfe54, 0xfe54, 0xfe54, 0xfe54, 0xfe54, 0xfe54, 0xfe54, 0xfe54, 
	0xfe54, 0xfe54, 0xfe54, 0xfe54, 0xfe54, 0xfe54, 0xfe54, 0xfe54, 0xfe54, 0xfe54, 0xfe54, 0xfe54, 0xfe54, 0xfe54, 0xfe54, 0xfe54, 
	0xfe54, 0xfe54, 0xfe54, 0xfe54, 0xfe54, 0xfe54, 0xfe54, 0xfe54, 0xfe54, 0xfe54, 0xfe54, 0xfe53, 0xd698, 0xaedd, 0xaedc, 0xaedc, 
	0xaedc, 0xaedc, 0xaedc, 0xaedc, 0xaedc, 0xaedc, 0xaedc, 0xaedc, 0xaedc, 0xaedc, 0xaedc, 0xaedc, 0xaedc, 0xaedc, 0xaedc, 0xaedc, 
	0xaedc, 0xaedc, 0xaedc, 0xaedc, 0xaedc, 0xaedc, 0xaedc, 0xaedc, 0xaedc, 0xaedc, 0xaedc, 0xaedc, 0xaedc, 0xaedc, 0xaedc, 0xaedc, 
	0xaedc, 0xaedc, 0xaedc, 0xaedc, 0xaedc, 0xaedc, 0xaedc, 0xaedc, 0xaedc, 0xaedc, 0xaedc, 0xaedc, 0xaedc, 0xaedc, 0xaedc, 0xaedc, 
	0xaedc, 0xaedc, 0xaedc, 0xaedc, 0xaedc, 0xaedc, 0xaedc, 0xaedc, 0xaedc, 0xaedc, 0xaedc, 0xaedc, 0xaedc, 0xaedc, 0xaedc, 0xaedc, 
	0xaedc, 0xaedc, 0xaedc, 0xaedc, 0xaedc, 0xaedc, 0xaedc, 0xaedc, 0xaedc, 0xaedc, 0xaedc, 0xaedc, 0xaedc, 0xaedc, 0xaedc, 0xaedc, 
	0xaedc, 0xaefd, 0xb6bc, 0xaebd, 0x867c, 0x55bc, 0x4dbd, 0x4dbc, 0x4dbc, 0x4dbc, 0x4dbc, 0x4dbc, 0x4dbc, 0x4dbc, 0x4dbc, 0x4dbc, 
	0x559c, 0x55fd, 0x4dbc, 0x4dbc, 0x55bc, 0x4519, 0x33b2, 0x1a4c, 0x1147, 0x00a4, 0x0041, 0x0800, 0x0800, 0x0000, 0x0800, 0x0800, 
	0x0000, 0x0000, 0x0000, 0x0000, 0x0000, 0x0000, 0x0000, 0x0000, 0x0000, 0x0000, 0x0000, 0x0000, 0x0000, 0x0000, 0x0000, 0x0000, 
	0x0000, 0x0000, 0x0000, 0x0000, 0x0000, 0x0000, 0x0000, 0x0000, 0x0000, 0x0000, 0x0000, 0x0000, 0x0000, 0x0000, 0x0000, 0x0000, 
	0x0000, 0x0000, 0x0000, 0x0000, 0x0000, 0x0000, 0x0000, 0x0000, 0x0000, 0x0000, 0x0020, 0x0000, 0x28e2, 0xd572, 0xfe54, 0xfe55, 
	0xfe54, 0xfe54, 0xfe54, 0xfe54, 0xfe54, 0xfe54, 0xfe54, 0xfe54, 0xfe34, 0xfe34, 0xfe54, 0xfe54, 0x9bcc, 0x1861, 0x0000, 0x0000, 
	0x0000, 0x0000, 0x0062, 0x22ac, 0x3c95, 0x4d7a, 0x4d18, 0x2bb1, 0x08e5, 0x0000, 0x0000, 0x0000, 0x0000, 0x0000, 0x6aa8, 0xedf3, 
	0xfe54, 0xfe54, 0xfe54, 0xfe54, 0xfe54, 0xfe54, 0xfe54, 0xfe54, 0xfe54, 0xfe54, 0xfe54, 0xfe54, 0xfe54, 0xfe54, 0xfe54, 0xfe54, 
	0xfe54, 0xfe54, 0xfe54, 0xfe54, 0xfe54, 0xfe54, 0xfe54, 0xfe54, 0xfe54, 0xfe54, 0xfe54, 0xfe54, 0xfe54, 0xfe54, 0xfe54, 0xfe54, 
	0xfe54, 0xfe54, 0xfe54, 0xfe54, 0xfe54, 0xfe54, 0xfe54, 0xfe54, 0xfe54, 0xfe54, 0xfe54, 0xfe54, 0xfe54, 0xfe54, 0xfe54, 0xfe54, 
	0xfe54, 0xfe54, 0xfe54, 0xfe54, 0xfe54, 0xfe54, 0xfe54, 0xfe54, 0xfe54, 0xfe54, 0xfe54, 0xfe53, 0xd698, 0xaedd, 0xaedc, 0xaedc, 
	0xaedc, 0xaedc, 0xaedc, 0xaedc, 0xaedc, 0xaedc, 0xaedc, 0xaedc, 0xaedc, 0xaedc, 0xaedc, 0xaedc, 0xaedc, 0xaedc, 0xaedc, 0xaedc, 
	0xaedc, 0xaedc, 0xaedc, 0xaedc, 0xaedc, 0xaedc, 0xaedc, 0xaedc, 0xaedc, 0xaedc, 0xaedc, 0xaedc, 0xaedc, 0xaedc, 0xaedc, 0xaedc, 
	0xaedc, 0xaedc, 0xaedc, 0xaedc, 0xaedc, 0xaedc, 0xaedc, 0xaedc, 0xaedc, 0xaedc, 0xaedc, 0xaedc, 0xaedc, 0xaedc, 0xaedc, 0xaedc, 
	0xaedc, 0xaedc, 0xaedc, 0xaedc, 0xaedc, 0xaedc, 0xaedc, 0xaedc, 0xaedc, 0xaedc, 0xaedc, 0xaedc, 0xaedc, 0xaedc, 0xaedc, 0xaedc, 
	0xaedc, 0xaedc, 0xaedc, 0xaedc, 0xaedc, 0xaedc, 0xaedc, 0xaedc, 0xaedc, 0xaedc, 0xaedc, 0xaedc, 0xaedc, 0xaedc, 0xaedc, 0xaedc, 
	0xaedc, 0xaefd, 0xb6bc, 0xaebc, 0x7e5c, 0x4dbc, 0x4dbd, 0x4dbc, 0x4dbc, 0x4dbc, 0x4dbc, 0x4dbc, 0x4dbc, 0x4dbc, 0x4dbc, 0x4dbc, 
	0x4ddc, 0x4d9c, 0x4dbc, 0x4dbc, 0x4dbc, 0x4ddc, 0x4dbc, 0x457b, 0x3cb7, 0x3c13, 0x5baf, 0x83ad, 0x93ab, 0x938b, 0x8bab, 0x8bab, 
	0x8b8b, 0x8b8b, 0x8b8b, 0x8b8b, 0x8b8b, 0x8b8b, 0x8b8b, 0x8b8b, 0x8b8b, 0x8b8b, 0x8b8b, 0x8b8b, 0x8b8b, 0x8b8b, 0x8b8b, 0x8b8b, 
	0x8b8b, 0x8b8b, 0x8b8b, 0x8b8b, 0x8b8b, 0x8b8b, 0x8b8b, 0x8b8b, 0x8b8b, 0x8b8b, 0x8b8b, 0x8b8b, 0x8b8b, 0x8b8b, 0x8b8b, 0x8b8b, 
	0x8b8b, 0x8b8b, 0x8b8b, 0x8b8b, 0x8b8b, 0x8b8b, 0x8b8b, 0x8b8b, 0x9bab, 0x936a, 0x938b, 0x8bac, 0x9bec, 0xedd2, 0xfe54, 0xfe34, 
	0xfe54, 0xfe54, 0xfe54, 0xfe54, 0xfe54, 0xfe54, 0xfe54, 0xfe54, 0xfe34, 0xfe54, 0xfe33, 0xfe54, 0xc4f0, 0x3924, 0x0000, 0x0000, 
	0x0000, 0x0000, 0x0001, 0x0042, 0x0987, 0x1a4b, 0x19c9, 0x08a4, 0x0000, 0x0000, 0x0000, 0x0000, 0x0000, 0x1081, 0xa40d, 0xf634, 
	0xfe54, 0xfe54, 0xfe54, 0xfe54, 0xfe54, 0xfe54, 0xfe54, 0xfe54, 0xfe54, 0xfe54, 0xfe54, 0xfe54, 0xfe54, 0xfe54, 0xfe54, 0xfe54, 
	0xfe54, 0xfe54, 0xfe54, 0xfe54, 0xfe54, 0xfe54, 0xfe54, 0xfe54, 0xfe54, 0xfe54, 0xfe54, 0xfe54, 0xfe54, 0xfe54, 0xfe54, 0xfe54, 
	0xfe54, 0xfe54, 0xfe54, 0xfe54, 0xfe54, 0xfe54, 0xfe54, 0xfe54, 0xfe54, 0xfe54, 0xfe54, 0xfe54, 0xfe54, 0xfe54, 0xfe54, 0xfe54, 
	0xfe54, 0xfe54, 0xfe54, 0xfe54, 0xfe54, 0xfe54, 0xfe54, 0xfe54, 0xfe54, 0xfe54, 0xfe54, 0xfe53, 0xd698, 0xaedd, 0xaedc, 0xaedc, 
	0xaedc, 0xaedc, 0xaedc, 0xaedc, 0xaedc, 0xaedc, 0xaedc, 0xaedc, 0xaedc, 0xaedc, 0xaedc, 0xaedc, 0xaedc, 0xaedc, 0xaedc, 0xaedc, 
	0xaedc, 0xaedc, 0xaedc, 0xaedc, 0xaedc, 0xaedc, 0xaedc, 0xaedc, 0xaedc, 0xaedc, 0xaedc, 0xaedc, 0xaedc, 0xaedc, 0xaedc, 0xaedc, 
	0xaedc, 0xaedc, 0xaedc, 0xaedc, 0xaedc, 0xaedc, 0xaedc, 0xaedc, 0xaedc, 0xaedc, 0xaedc, 0xaedc, 0xaedc, 0xaedc, 0xaedc, 0xaedc, 
	0xaedc, 0xaedc, 0xaedc, 0xaedc, 0xaedc, 0xaedc, 0xaedc, 0xaedc, 0xaedc, 0xaedc, 0xaedc, 0xaedc, 0xaedc, 0xaedc, 0xaedc, 0xaedc, 
	0xaedc, 0xaedc, 0xaedc, 0xaedc, 0xaedc, 0xaedc, 0xaedc, 0xaedc, 0xaedc, 0xaedc, 0xaedc, 0xaedc, 0xaedc, 0xaedc, 0xaedc, 0xaedc, 
	0xb6dd, 0xaedc, 0xaedc, 0xa6bd, 0x661c, 0x4dbd, 0x55bd, 0x4dbc, 0x4dbc, 0x4dbc, 0x4dbc, 0x4dbc, 0x4dbc, 0x4dbc, 0x4dbc, 0x4dbc, 
	0x4dbc, 0x4d9c, 0x4ddd, 0x4dbd, 0x4dbc, 0x55dc, 0x4dbb, 0x4dbb, 0x55bc, 0x6dfb, 0xc656, 0xfe33, 0xfe55, 0xfe54, 0xfe34, 0xfe54, 
	0xfe54, 0xfe54, 0xfe54, 0xfe54, 0xfe54, 0xfe54, 0xfe54, 0xfe54, 0xfe54, 0xfe54, 0xfe54, 0xfe54, 0xfe54, 0xfe54, 0xfe54, 0xfe54, 
	0xfe54, 0xfe54, 0xfe54, 0xfe54, 0xfe54, 0xfe54, 0xfe54, 0xfe54, 0xfe54, 0xfe54, 0xfe54, 0xfe54, 0xfe54, 0xfe54, 0xfe54, 0xfe54, 
	0xfe54, 0xfe54, 0xfe54, 0xfe54, 0xfe54, 0xfe54, 0xfe54, 0xfe54, 0xfe54, 0xfe54, 0xfe54, 0xfe54, 0xfe54, 0xfe54, 0xfe54, 0xfe54, 
	0xfe54, 0xfe54, 0xfe54, 0xfe54, 0xfe54, 0xfe54, 0xfe54, 0xfe54, 0xfe34, 0xfe74, 0xfe34, 0xfe33, 0xf5f3, 0x7ac8, 0x0800, 0x0022, 
	0x0020, 0x0000, 0x0000, 0x0000, 0x0000, 0x0000, 0x0000, 0x0000, 0x0000, 0x0820, 0x0000, 0x0000, 0x0000, 0x49c5, 0xcd31, 0xfe74, 
	0xfe54, 0xfe54, 0xfe54, 0xfe54, 0xfe54, 0xfe54, 0xfe54, 0xfe54, 0xfe54, 0xfe54, 0xfe54, 0xfe54, 0xfe54, 0xfe54, 0xfe54, 0xfe54, 
	0xfe54, 0xfe54, 0xfe54, 0xfe54, 0xfe54, 0xfe54, 0xfe54, 0xfe54, 0xfe54, 0xfe54, 0xfe54, 0xfe54, 0xfe54, 0xfe54, 0xfe54, 0xfe54, 
	0xfe54, 0xfe54, 0xfe54, 0xfe54, 0xfe54, 0xfe54, 0xfe54, 0xfe54, 0xfe54, 0xfe54, 0xfe54, 0xfe54, 0xfe54, 0xfe54, 0xfe54, 0xfe54, 
	0xfe54, 0xfe54, 0xfe54, 0xfe54, 0xfe54, 0xfe54, 0xfe54, 0xfe54, 0xfe54, 0xfe54, 0xfe54, 0xfe53, 0xd698, 0xaedd, 0xaedc, 0xaedc, 
	0xaedc, 0xaedc, 0xaedc, 0xaedc, 0xaedc, 0xaedc, 0xaedc, 0xaedc, 0xaedc, 0xaedc, 0xaedc, 0xaedc, 0xaedc, 0xaedc, 0xaedc, 0xaedc, 
	0xaedc, 0xaedc, 0xaedc, 0xaedc, 0xaedc, 0xaedc, 0xaedc, 0xaedc, 0xaedc, 0xaedc, 0xaedc, 0xaedc, 0xaedc, 0xaedc, 0xaedc, 0xaedc, 
	0xaedc, 0xaedc, 0xaedc, 0xaedc, 0xaedc, 0xaedc, 0xaedc, 0xaedc, 0xaedc, 0xaedc, 0xaedc, 0xaedc, 0xaedc, 0xaedc, 0xaedc, 0xaedc, 
	0xaedc, 0xaedc, 0xaedc, 0xaedc, 0xaedc, 0xaedc, 0xaedc, 0xaedc, 0xaedc, 0xaedc, 0xaedc, 0xaedc, 0xaedc, 0xaedc, 0xaedc, 0xaedc, 
	0xaedc, 0xaedc, 0xaedc, 0xaedc, 0xaedc, 0xaedc, 0xaedc, 0xaedc, 0xaedc, 0xaedc, 0xaedc, 0xaedc, 0xaedc, 0xaedc, 0xaedc, 0xaedc, 
	0xaedd, 0xaedc, 0xaedc, 0x9ebd, 0x65fc, 0x4dbc, 0x55bd, 0x4dbc, 0x4dbc, 0x4dbc, 0x4dbc, 0x4dbc, 0x4dbc, 0x4dbc, 0x4dbc, 0x4dbc, 
	0x55dc, 0x4d9b, 0x4dbc, 0x4dbc, 0x4dbc, 0x4dbc, 0x4dbd, 0x4dde, 0x55bb, 0x95fa, 0xee56, 0xfe33, 0xf634, 0xfe54, 0xfe54, 0xfe54, 
	0xfe54, 0xfe54, 0xfe54, 0xfe54, 0xfe54, 0xfe54, 0xfe54, 0xfe54, 0xfe54, 0xfe54, 0xfe54, 0xfe54, 0xfe54, 0xfe54, 0xfe54, 0xfe54, 
	0xfe54, 0xfe54, 0xfe54, 0xfe54, 0xfe54, 0xfe54, 0xfe54, 0xfe54, 0xfe54, 0xfe54, 0xfe54, 0xfe54, 0xfe54, 0xfe54, 0xfe54, 0xfe54, 
	0xfe54, 0xfe54, 0xfe54, 0xfe54, 0xfe54, 0xfe54, 0xfe54, 0xfe54, 0xfe54, 0xfe54, 0xfe54, 0xfe54, 0xfe54, 0xfe54, 0xfe54, 0xfe54, 
	0xfe54, 0xfe54, 0xfe54, 0xfe54, 0xfe54, 0xfe54, 0xfe54, 0xfe54, 0xfe54, 0xfe34, 0xfe54, 0xfe54, 0xfe34, 0xc4f0, 0x41a4, 0x0000, 
	0x0000, 0x0000, 0x0000, 0x0000, 0x0000, 0x0000, 0x0000, 0x0020, 0x0000, 0x0000, 0x0000, 0x0000, 0x20a1, 0xa40d, 0xfe75, 0xfe33, 
	0xfe54, 0xfe54, 0xfe54, 0xfe54, 0xfe54, 0xfe54, 0xfe54, 0xfe54, 0xfe54, 0xfe54, 0xfe54, 0xfe54, 0xfe54, 0xfe54, 0xfe54, 0xfe54, 
	0xfe54, 0xfe54, 0xfe54, 0xfe54, 0xfe54, 0xfe54, 0xfe54, 0xfe54, 0xfe54, 0xfe54, 0xfe54, 0xfe54, 0xfe54, 0xfe54, 0xfe54, 0xfe54, 
	0xfe54, 0xfe54, 0xfe54, 0xfe54, 0xfe54, 0xfe54, 0xfe54, 0xfe54, 0xfe54, 0xfe54, 0xfe54, 0xfe54, 0xfe54, 0xfe54, 0xfe54, 0xfe54, 
	0xfe54, 0xfe54, 0xfe54, 0xfe54, 0xfe54, 0xfe54, 0xfe54, 0xfe54, 0xfe54, 0xfe54, 0xfe54, 0xfe53, 0xd698, 0xaedd, 0xaedc, 0xaedc, 
	0xaedc, 0xaedc, 0xaedc, 0xaedc, 0xaedc, 0xaedc, 0xaedc, 0xaedc, 0xaedc, 0xaedc, 0xaedc, 0xaedc, 0xaedc, 0xaedc, 0xaedc, 0xaedc, 
	0xaedc, 0xaedc, 0xaedc, 0xaedc, 0xaedc, 0xaedc, 0xaedc, 0xaedc, 0xaedc, 0xaedc, 0xaedc, 0xaedc, 0xaedc, 0xaedc, 0xaedc, 0xaedc, 
	0xaedc, 0xaedc, 0xaedc, 0xaedc, 0xaedc, 0xaedc, 0xaedc, 0xaedc, 0xaedc, 0xaedc, 0xaedc, 0xaedc, 0xaedc, 0xaedc, 0xaedc, 0xaedc, 
	0xaedc, 0xaedc, 0xaedc, 0xaedc, 0xaedc, 0xaedc, 0xaedc, 0xaedc, 0xaedc, 0xaedc, 0xaedc, 0xaedc, 0xaedc, 0xaedc, 0xaedc, 0xaedc, 
	0xaedc, 0xaedc, 0xaedc, 0xaedc, 0xaedc, 0xaedc, 0xaedc, 0xaedc, 0xaedc, 0xaedc, 0xaedc, 0xaedc, 0xaedc, 0xaedc, 0xaedc, 0xaedc, 
	0xaedd, 0xaefc, 0xaedc, 0x8e7d, 0x5ddb, 0x4dbc, 0x55bc, 0x4dbc, 0x4dbc, 0x4dbc, 0x4dbc, 0x4dbc, 0x4dbc, 0x4dbc, 0x4dbc, 0x4dbc, 
	0x4dbc, 0x4d9c, 0x4d9c, 0x55bd, 0x55bc, 0x559c, 0x559d, 0x4d9d, 0x6ddb, 0xcdf7, 0xfe35, 0xfe74, 0xfe53, 0xfe34, 0xfe34, 0xf654, 
	0xfe54, 0xfe54, 0xfe54, 0xfe54, 0xfe54, 0xfe54, 0xfe54, 0xfe54, 0xfe54, 0xfe54, 0xfe54, 0xfe54, 0xfe54, 0xfe54, 0xfe54, 0xfe54, 
	0xfe54, 0xfe54, 0xfe54, 0xfe54, 0xfe54, 0xfe54, 0xfe54, 0xfe54, 0xfe54, 0xfe54, 0xfe54, 0xfe54, 0xfe54, 0xfe54, 0xfe54, 0xfe54, 
	0xfe54, 0xfe54, 0xfe54, 0xfe54, 0xfe54, 0xfe54, 0xfe54, 0xfe54, 0xfe54, 0xfe54, 0xfe54, 0xfe54, 0xfe54, 0xfe54, 0xfe54, 0xfe54, 
	0xfe54, 0xfe54, 0xfe54, 0xfe54, 0xfe54, 0xfe54, 0xfe54, 0xfe54, 0xfe33, 0xfe54, 0xfe34, 0xfe54, 0xfe34, 0xf634, 0xa40d, 0x3923, 
	0x0020, 0x0000, 0x0000, 0x0000, 0x0020, 0x0000, 0x0000, 0x0000, 0x0000, 0x0000, 0x0021, 0x18a1, 0x834a, 0xe5d2, 0xfe33, 0xfe54, 
	0xfe54, 0xfe54, 0xfe54, 0xfe54, 0xfe54, 0xfe54, 0xfe54, 0xfe54, 0xfe54, 0xfe54, 0xfe54, 0xfe54, 0xfe54, 0xfe54, 0xfe54, 0xfe54, 
	0xfe54, 0xfe54, 0xfe54, 0xfe54, 0xfe54, 0xfe54, 0xfe54, 0xfe54, 0xfe54, 0xfe54, 0xfe54, 0xfe54, 0xfe54, 0xfe54, 0xfe54, 0xfe54, 
	0xfe54, 0xfe54, 0xfe54, 0xfe54, 0xfe54, 0xfe54, 0xfe54, 0xfe54, 0xfe54, 0xfe54, 0xfe54, 0xfe54, 0xfe54, 0xfe54, 0xfe54, 0xfe54, 
	0xfe54, 0xfe54, 0xfe54, 0xfe54, 0xfe54, 0xfe54, 0xfe54, 0xfe54, 0xfe54, 0xfe54, 0xfe54, 0xfe53, 0xd698, 0xaedd, 0xaedc, 0xaedc, 
	0xaedc, 0xaedc, 0xaedc, 0xaedc, 0xaedc, 0xaedc, 0xaedc, 0xaedc, 0xaedc, 0xaedc, 0xaedc, 0xaedc, 0xaedc, 0xaedc, 0xaedc, 0xaedc, 
	0xaedc, 0xaedc, 0xaedc, 0xaedc, 0xaedc, 0xaedc, 0xaedc, 0xaedc, 0xaedc, 0xaedc, 0xaedc, 0xaedc, 0xaedc, 0xaedc, 0xaedc, 0xaedc, 
	0xaedc, 0xaedc, 0xaedc, 0xaedc, 0xaedc, 0xaedc, 0xaedc, 0xaedc, 0xaedc, 0xaedc, 0xaedc, 0xaedc, 0xaedc, 0xaedc, 0xaedc, 0xaedc, 
	0xaedc, 0xaedc, 0xaedc, 0xaedc, 0xaedc, 0xaedc, 0xaedc, 0xaedc, 0xaedc, 0xaedc, 0xaedc, 0xaedc, 0xaedc, 0xaedc, 0xaedc, 0xaedc, 
	0xaedc, 0xaedc, 0xaedc, 0xaedc, 0xaedc, 0xaedc, 0xaedc, 0xaedc, 0xaedc, 0xaedc, 0xaedc, 0xaedc, 0xaedc, 0xaedc, 0xaedc, 0xaedc, 
	0xaedd, 0xb6fc, 0xaedd, 0x865c, 0x55bc, 0x4dbc, 0x55bc, 0x4dbc, 0x4dbc, 0x4dbc, 0x4dbc, 0x4dbc, 0x4dbc, 0x4dbc, 0x4dbc, 0x4dbc, 
	0x4d9d, 0x55dd, 0x55bc, 0x4dbc, 0x4dbc, 0x4dbc, 0x55dd, 0x4dbc, 0x7dfa, 0xee15, 0xfe34, 0xfe74, 0xfe53, 0xfe34, 0xfe54, 0xf654, 
	0xfe54, 0xfe54, 0xfe54, 0xfe54, 0xfe54, 0xfe54, 0xfe54, 0xfe54, 0xfe54, 0xfe54, 0xfe54, 0xfe54, 0xfe54, 0xfe54, 0xfe54, 0xfe54, 
	0xfe54, 0xfe54, 0xfe54, 0xfe54, 0xfe54, 0xfe54, 0xfe54, 0xfe54, 0xfe54, 0xfe54, 0xfe54, 0xfe54, 0xfe54, 0xfe54, 0xfe54, 0xfe54, 
	0xfe54, 0xfe54, 0xfe54, 0xfe54, 0xfe54, 0xfe54, 0xfe54, 0xfe54, 0xfe54, 0xfe54, 0xfe54, 0xfe54, 0xfe54, 0xfe54, 0xfe54, 0xfe54, 
	0xfe54, 0xfe54, 0xfe54, 0xfe54, 0xfe54, 0xfe54, 0xfe54, 0xfe54, 0xfe54, 0xfe54, 0xfe34, 0xfe54, 0xfe54, 0xfe34, 0xedf4, 0xac2d, 
	0x39a5, 0x0860, 0x0000, 0x0021, 0x0001, 0x0000, 0x0000, 0x0000, 0x0000, 0x0000, 0x2903, 0x832a, 0xdd92, 0xfe74, 0xfe33, 0xfe54, 
	0xfe54, 0xfe54, 0xfe54, 0xfe54, 0xfe54, 0xfe54, 0xfe54, 0xfe54, 0xfe54, 0xfe54, 0xfe54, 0xfe54, 0xfe54, 0xfe54, 0xfe54, 0xfe54, 
	0xfe54, 0xfe54, 0xfe54, 0xfe54, 0xfe54, 0xfe54, 0xfe54, 0xfe54, 0xfe54, 0xfe54, 0xfe54, 0xfe54, 0xfe54, 0xfe54, 0xfe54, 0xfe54, 
	0xfe54, 0xfe54, 0xfe54, 0xfe54, 0xfe54, 0xfe54, 0xfe54, 0xfe54, 0xfe54, 0xfe54, 0xfe54, 0xfe54, 0xfe54, 0xfe54, 0xfe54, 0xfe54, 
	0xfe54, 0xfe54, 0xfe54, 0xfe54, 0xfe54, 0xfe54, 0xfe54, 0xfe54, 0xfe54, 0xfe54, 0xfe54, 0xfe53, 0xd698, 0xaedd, 0xaedc, 0xaedc, 
	0xaedc, 0xaedc, 0xaedc, 0xaedc, 0xaedc, 0xaedc, 0xaedc, 0xaedc, 0xaedc, 0xaedc, 0xaedc, 0xaedc, 0xaedc, 0xaedc, 0xaedc, 0xaedc, 
	0xaedc, 0xaedc, 0xaedc, 0xaedc, 0xaedc, 0xaedc, 0xaedc, 0xaedc, 0xaedc, 0xaedc, 0xaedc, 0xaedc, 0xaedc, 0xaedc, 0xaedc, 0xaedc, 
	0xaedc, 0xaedc, 0xaedc, 0xaedc, 0xaedc, 0xaedc, 0xaedc, 0xaedc, 0xaedc, 0xaedc, 0xaedc, 0xaedc, 0xaedc, 0xaedc, 0xaedc, 0xaedc, 
	0xaedc, 0xaedc, 0xaedc, 0xaedc, 0xaedc, 0xaedc, 0xaedc, 0xaedc, 0xaedc, 0xaedc, 0xaedc, 0xaedc, 0xaedc, 0xaedc, 0xaedc, 0xaedc, 
	0xaedc, 0xaedc, 0xaedc, 0xaedc, 0xaedc, 0xaedc, 0xaedc, 0xaedc, 0xaedc, 0xaedc, 0xaedc, 0xaedc, 0xaedc, 0xaedc, 0xaedc, 0xaedc, 
	0xaedc, 0xb6dc, 0xa6dd, 0x763c, 0x55bc, 0x4dbc, 0x4dbc, 0x4dbc, 0x4dbc, 0x4dbc, 0x4dbc, 0x4dbc, 0x4dbc, 0x4dbc, 0x4dbc, 0x4dbc, 
	0x4dbc, 0x4dfc, 0x4dbb, 0x4dbb, 0x45fc, 0x45dc, 0x4dbc, 0x4ddb, 0x85f9, 0xf655, 0xfe14, 0xfe34, 0xfe73, 0xf633, 0xfe54, 0xfe54, 
	0xfe54, 0xfe54, 0xfe54, 0xfe54, 0xfe54, 0xfe54, 0xfe54, 0xfe54, 0xfe54, 0xfe54, 0xfe54, 0xfe54, 0xfe54, 0xfe54, 0xfe54, 0xfe54, 
	0xfe54, 0xfe54, 0xfe54, 0xfe54, 0xfe54, 0xfe54, 0xfe54, 0xfe54, 0xfe54, 0xfe54, 0xfe54, 0xfe54, 0xfe54, 0xfe54, 0xfe54, 0xfe54, 
	0xfe54, 0xfe54, 0xfe54, 0xfe54, 0xfe54, 0xfe54, 0xfe54, 0xfe54, 0xfe54, 0xfe54, 0xfe54, 0xfe54, 0xfe54, 0xfe54, 0xfe54, 0xfe54, 
	0xfe54, 0xfe54, 0xfe54, 0xfe54, 0xfe54, 0xfe54, 0xfe54, 0xfe54, 0xfe54, 0xfe33, 0xfe54, 0xfe54, 0xfe54, 0xfe54, 0xfe54, 0xfe14, 
	0xc511, 0x7ae9, 0x3943, 0x1881, 0x0000, 0x0000, 0x0860, 0x1081, 0x2903, 0x6267, 0xb46e, 0xf614, 0xfe54, 0xfe34, 0xfe54, 0xfe33, 
	0xfe54, 0xfe54, 0xfe54, 0xfe54, 0xfe54, 0xfe54, 0xfe54, 0xfe54, 0xfe54, 0xfe54, 0xfe54, 0xfe54, 0xfe54, 0xfe54, 0xfe54, 0xfe54, 
	0xfe54, 0xfe54, 0xfe54, 0xfe54, 0xfe54, 0xfe54, 0xfe54, 0xfe54, 0xfe54, 0xfe54, 0xfe54, 0xfe54, 0xfe54, 0xfe54, 0xfe54, 0xfe54, 
	0xfe54, 0xfe54, 0xfe54, 0xfe54, 0xfe54, 0xfe54, 0xfe54, 0xfe54, 0xfe54, 0xfe54, 0xfe54, 0xfe54, 0xfe54, 0xfe54, 0xfe54, 0xfe54, 
	0xfe54, 0xfe54, 0xfe54, 0xfe54, 0xfe54, 0xfe54, 0xfe54, 0xfe54, 0xfe54, 0xfe54, 0xfe54, 0xfe53, 0xd698, 0xaedd, 0xaedc, 0xaedc, 
	0xaedc, 0xaedc, 0xaedc, 0xaedc, 0xaedc, 0xaedc, 0xaedc, 0xaedc, 0xaedc, 0xaedc, 0xaedc, 0xaedc, 0xaedc, 0xaedc, 0xaedc, 0xaedc, 
	0xaedc, 0xaedc, 0xaedc, 0xaedc, 0xaedc, 0xaedc, 0xaedc, 0xaedc, 0xaedc, 0xaedc, 0xaedc, 0xaedc, 0xaedc, 0xaedc, 0xaedc, 0xaedc, 
	0xaedc, 0xaedc, 0xaedc, 0xaedc, 0xaedc, 0xaedc, 0xaedc, 0xaedc, 0xaedc, 0xaedc, 0xaedc, 0xaedc, 0xaedc, 0xaedc, 0xaedc, 0xaedc, 
	0xaedc, 0xaedc, 0xaedc, 0xaedc, 0xaedc, 0xaedc, 0xaedc, 0xaedc, 0xaedc, 0xaedc, 0xaedc, 0xaedc, 0xaedc, 0xaedc, 0xaedc, 0xaedc, 
	0xaedc, 0xaedc, 0xaedc, 0xaedc, 0xaedc, 0xaedc, 0xaedc, 0xaedc, 0xaedc, 0xaedc, 0xaedc, 0xaedc, 0xaedc, 0xaedc, 0xaedc, 0xaedc, 
	0xaedd, 0xb6dc, 0x9ebd, 0x661c, 0x55bd, 0x55bc, 0x4dbc, 0x4dbd, 0x4dbc, 0x4dbc, 0x4dbc, 0x4dbc, 0x4dbc, 0x4dbc, 0x4dbc, 0x4dbc, 
	0x4dbc, 0x45dc, 0x4dbc, 0x55bc, 0x4ddc, 0x3c97, 0x2b10, 0x330e, 0x536e, 0x836a, 0x8b6a, 0xb48f, 0xfe33, 0xfe54, 0xfe34, 0xfe54, 
	0xfe54, 0xfe54, 0xfe54, 0xfe54, 0xfe54, 0xfe54, 0xfe54, 0xfe54, 0xfe54, 0xfe54, 0xfe54, 0xfe54, 0xfe54, 0xfe54, 0xfe54, 0xfe54, 
	0xfe54, 0xfe54, 0xfe54, 0xfe54, 0xfe54, 0xfe54, 0xfe54, 0xfe54, 0xfe54, 0xfe54, 0xfe54, 0xfe54, 0xfe54, 0xfe54, 0xfe54, 0xfe54, 
	0xfe54, 0xfe54, 0xfe54, 0xfe54, 0xfe54, 0xfe54, 0xfe54, 0xfe54, 0xfe54, 0xfe54, 0xfe54, 0xfe54, 0xfe54, 0xfe54, 0xfe54, 0xfe54, 
	0xfe54, 0xfe54, 0xfe54, 0xfe54, 0xfe54, 0xfe54, 0xfe54, 0xfe54, 0xfe33, 0xfe74, 0xfe33, 0xfe54, 0xfe34, 0xfe54, 0xfe33, 0xfe54, 
	0xfe74, 0xedf3, 0xd530, 0xa40d, 0x832a, 0x7ae8, 0x7b09, 0x93ac, 0xbcf0, 0xe5d3, 0xfe54, 0xfe33, 0xfe34, 0xfe55, 0xfe34, 0xfe54, 
	0xfe54, 0xfe54, 0xfe54, 0xfe54, 0xfe54, 0xfe54, 0xfe54, 0xfe54, 0xfe54, 0xfe54, 0xfe54, 0xfe54, 0xfe54, 0xfe54, 0xfe54, 0xfe54, 
	0xfe54, 0xfe54, 0xfe54, 0xfe54, 0xfe54, 0xfe54, 0xfe54, 0xfe54, 0xfe54, 0xfe54, 0xfe54, 0xfe54, 0xfe54, 0xfe54, 0xfe54, 0xfe54, 
	0xfe54, 0xfe54, 0xfe54, 0xfe54, 0xfe54, 0xfe54, 0xfe54, 0xfe54, 0xfe54, 0xfe54, 0xfe54, 0xfe54, 0xfe54, 0xfe54, 0xfe54, 0xfe54, 
	0xfe54, 0xfe54, 0xfe54, 0xfe54, 0xfe54, 0xfe54, 0xfe54, 0xfe54, 0xfe54, 0xfe54, 0xfe54, 0xfe53, 0xd698, 0xaedd, 0xaedc, 0xaedc, 
	0xaedc, 0xaedc, 0xaedc, 0xaedc, 0xaedc, 0xaedc, 0xaedc, 0xaedc, 0xaedc, 0xaedc, 0xaedc, 0xaedc, 0xaedc, 0xaedc, 0xaedc, 0xaedc, 
	0xaedc, 0xaedc, 0xaedc, 0xaedc, 0xaedc, 0xaedc, 0xaedc, 0xaedc, 0xaedc, 0xaedc, 0xaedc, 0xaedc, 0xaedc, 0xaedc, 0xaedc, 0xaedc, 
	0xaedc, 0xaedc, 0xaedc, 0xaedc, 0xaedc, 0xaedc, 0xaedc, 0xaedc, 0xaedc, 0xaedc, 0xaedc, 0xaedc, 0xaedc, 0xaedc, 0xaedc, 0xaedc, 
	0xaedc, 0xaedc, 0xaedc, 0xaedc, 0xaedc, 0xaedc, 0xaedc, 0xaedc, 0xaedc, 0xaedc, 0xaedc, 0xaedc, 0xaedc, 0xaedc, 0xaedc, 0xaedc, 
	0xaedc, 0xaedc, 0xaedc, 0xaedc, 0xaedc, 0xaedc, 0xaedc, 0xaedc, 0xaedc, 0xaedc, 0xaedc, 0xaedc, 0xaedc, 0xaedc, 0xaedc, 0xaedc, 
	0xaefd, 0xb6bc, 0x9ebc, 0x5dfc, 0x4dbd, 0x55bc, 0x4dbb, 0x4dbd, 0x4dbc, 0x4dbc, 0x4dbc, 0x4dbc, 0x4dbc, 0x4dbc, 0x4dbc, 0x4dbc, 
	0x55bd, 0x45dd, 0x4dbd, 0x5dbd, 0x557b, 0x2b30, 0x0043, 0x0000, 0x0000, 0x0000, 0x0000, 0x4a06, 0xe572, 0xfe34, 0xfe34, 0xfe74, 
	0xfe54, 0xfe54, 0xfe54, 0xfe54, 0xfe54, 0xfe54, 0xfe54, 0xfe54, 0xfe54, 0xfe54, 0xfe54, 0xfe54, 0xfe54, 0xfe54, 0xfe54, 0xfe54, 
	0xfe54, 0xfe54, 0xfe54, 0xfe54, 0xfe54, 0xfe54, 0xfe54, 0xfe54, 0xfe54, 0xfe54, 0xfe54, 0xfe54, 0xfe54, 0xfe54, 0xfe54, 0xfe54, 
	0xfe54, 0xfe54, 0xfe54, 0xfe54, 0xfe54, 0xfe54, 0xfe54, 0xfe54, 0xfe54, 0xfe54, 0xfe54, 0xfe54, 0xfe54, 0xfe54, 0xfe54, 0xfe54, 
	0xfe54, 0xfe54, 0xfe54, 0xfe54, 0xfe54, 0xfe54, 0xfe54, 0xfe54, 0xfe34, 0xfe95, 0xfe33, 0xfe74, 0xfe54, 0xfe34, 0xfe54, 0xfe34, 
	0xfe33, 0xfe54, 0xfe74, 0xf634, 0xfe54, 0xfe55, 0xfe34, 0xfe55, 0xfe54, 0xfe54, 0xfe74, 0xfe54, 0xfe54, 0xfe54, 0xfe54, 0xfe54, 
	0xfe54, 0xfe54, 0xfe54, 0xfe54, 0xfe54, 0xfe54, 0xfe54, 0xfe54, 0xfe54, 0xfe54, 0xfe54, 0xfe54, 0xfe54, 0xfe54, 0xfe54, 0xfe54, 
	0xfe54, 0xfe54, 0xfe54, 0xfe54, 0xfe54, 0xfe54, 0xfe54, 0xfe54, 0xfe54, 0xfe54, 0xfe54, 0xfe54, 0xfe54, 0xfe54, 0xfe54, 0xfe54, 
	0xfe54, 0xfe54, 0xfe54, 0xfe54, 0xfe54, 0xfe54, 0xfe54, 0xfe54, 0xfe54, 0xfe54, 0xfe54, 0xfe54, 0xfe54, 0xfe54, 0xfe54, 0xfe54, 
	0xfe54, 0xfe54, 0xfe54, 0xfe54, 0xfe54, 0xfe54, 0xfe54, 0xfe54, 0xfe54, 0xfe54, 0xfe54, 0xfe53, 0xd698, 0xaedd, 0xaedc, 0xaedc, 
	0xaedc, 0xaedc, 0xaedc, 0xaedc, 0xaedc, 0xaedc, 0xaedc, 0xaedc, 0xaedc, 0xaedc, 0xaedc, 0xaedc, 0xaedc, 0xaedc, 0xaedc, 0xaedc, 
	0xaedc, 0xaedc, 0xaedc, 0xaedc, 0xaedc, 0xaedc, 0xaedc, 0xaedc, 0xaedc, 0xaedc, 0xaedc, 0xaedc, 0xaedc, 0xaedc, 0xaedc, 0xaedc, 
	0xaedc, 0xaedc, 0xaedc, 0xaedc, 0xaedc, 0xaedc, 0xaedc, 0xaedc, 0xaedc, 0xaedc, 0xaedc, 0xaedc, 0xaedc, 0xaedc, 0xaedc, 0xaedc, 
	0xaedc, 0xaedc, 0xaedc, 0xaedc, 0xaedc, 0xaedc, 0xaedc, 0xaedc, 0xaedc, 0xaedc, 0xaedc, 0xaedc, 0xaedc, 0xaedc, 0xaedc, 0xaedc, 
	0xaedc, 0xaedc, 0xaedc, 0xaedc, 0xaedc, 0xaedc, 0xaedc, 0xaedc, 0xaedc, 0xaedc, 0xaedc, 0xaedc, 0xaedc, 0xaedc, 0xaedc, 0xaedc, 
	0xaefd, 0xb6bc, 0x969c, 0x55dc, 0x4dbd, 0x55bc, 0x4dbb, 0x4dbd, 0x4dbc, 0x4dbc, 0x4dbc, 0x4dbc, 0x4dbc, 0x4dbc, 0x4dbc, 0x4dbc, 
	0x559c, 0x45bb, 0x4dbc, 0x55bc, 0x4ddc, 0x2bb1, 0x0063, 0x0020, 0x0000, 0x0001, 0x0000, 0x2924, 0xc4f0, 0xfe33, 0xfe55, 0xfe53, 
	0xfe54, 0xfe54, 0xfe54, 0xfe54, 0xfe54, 0xfe54, 0xfe54, 0xfe54, 0xfe54, 0xfe54, 0xfe54, 0xfe54, 0xfe54, 0xfe54, 0xfe54, 0xfe54, 
	0xfe54, 0xfe54, 0xfe54, 0xfe54, 0xfe54, 0xfe54, 0xfe54, 0xfe54, 0xfe54, 0xfe54, 0xfe54, 0xfe54, 0xfe54, 0xfe54, 0xfe54, 0xfe54, 
	0xfe54, 0xfe54, 0xfe54, 0xfe54, 0xfe54, 0xfe54, 0xfe54, 0xfe54, 0xfe54, 0xfe54, 0xfe54, 0xfe54, 0xfe54, 0xfe54, 0xfe54, 0xfe54, 
	0xfe54, 0xfe54, 0xfe54, 0xfe54, 0xfe54, 0xfe54, 0xfe54, 0xfe54, 0xfe75, 0xf613, 0xfe54, 0xfe34, 0xfe54, 0xfe54, 0xfe54, 0xfe34, 
	0xfe54, 0xfe34, 0xfe54, 0xfe54, 0xfe34, 0xfe54, 0xfe54, 0xfe34, 0xfe33, 0xfe74, 0xf634, 0xfe54, 0xfe54, 0xfe33, 0xfe54, 0xfe55, 
	0xfe54, 0xfe54, 0xfe54, 0xfe54, 0xfe54, 0xfe54, 0xfe54, 0xfe54, 0xfe54, 0xfe54, 0xfe54, 0xfe54, 0xfe54, 0xfe54, 0xfe54, 0xfe54, 
	0xfe54, 0xfe54, 0xfe54, 0xfe54, 0xfe54, 0xfe54, 0xfe54, 0xfe54, 0xfe54, 0xfe54, 0xfe54, 0xfe54, 0xfe54, 0xfe54, 0xfe54, 0xfe54, 
	0xfe54, 0xfe54, 0xfe54, 0xfe54, 0xfe54, 0xfe54, 0xfe54, 0xfe54, 0xfe54, 0xfe54, 0xfe54, 0xfe54, 0xfe54, 0xfe54, 0xfe54, 0xfe54, 
	0xfe54, 0xfe54, 0xfe54, 0xfe54, 0xfe54, 0xfe54, 0xfe54, 0xfe54, 0xfe54, 0xfe54, 0xfe54, 0xfe53, 0xd698, 0xaedd, 0xaedc, 0xaedc, 
	0xaedc, 0xaedc, 0xaedc, 0xaedc, 0xaedc, 0xaedc, 0xaedc, 0xaedc, 0xaedc, 0xaedc, 0xaedc, 0xaedc, 0xaedc, 0xaedc, 0xaedc, 0xaedc, 
	0xaedc, 0xaedc, 0xaedc, 0xaedc, 0xaedc, 0xaedc, 0xaedc, 0xaedc, 0xaedc, 0xaedc, 0xaedc, 0xaedc, 0xaedc, 0xaedc, 0xaedc, 0xaedc, 
	0xaedc, 0xaedc, 0xaedc, 0xaedc, 0xaedc, 0xaedc, 0xaedc, 0xaedc, 0xaedc, 0xaedc, 0xaedc, 0xaedc, 0xaedc, 0xaedc, 0xaedc, 0xaedc, 
	0xaedc, 0xaedc, 0xaedc, 0xaedc, 0xaedc, 0xaedc, 0xaedc, 0xaedc, 0xaedc, 0xaedc, 0xaedc, 0xaedc, 0xaedc, 0xaedc, 0xaedc, 0xaedc, 
	0xaedc, 0xaedc, 0xaedc, 0xaedc, 0xaedc, 0xaedc, 0xaedc, 0xaedc, 0xaedc, 0xaedc, 0xaedc, 0xaedc, 0xaedc, 0xaedc, 0xaedc, 0xaedc, 
	0xaedc, 0xb6dd, 0x7e5c, 0x4ddc, 0x4dbd, 0x4dbc, 0x4dbb, 0x55bc, 0x4dbc, 0x4dbc, 0x4dbc, 0x4dbc, 0x4dbc, 0x4dbc, 0x4dbc, 0x4dbc, 
	0x4dbd, 0x4ddc, 0x4d9b, 0x4dbc, 0x4dbd, 0x3c35, 0x08e5, 0x0000, 0x0000, 0x0000, 0x0020, 0x0881, 0x834a, 0xf5f2, 0xfe33, 0xfe74, 
	0xfe54, 0xfe34, 0xfe54, 0xfe74, 0xfe54, 0xfe54, 0xfe54, 0xfe54, 0xfe54, 0xfe54, 0xfe54, 0xfe54, 0xfe54, 0xfe54, 0xfe54, 0xfe54, 
	0xfe54, 0xfe54, 0xfe54, 0xfe54, 0xfe54, 0xfe54, 0xfe54, 0xfe54, 0xfe54, 0xfe54, 0xfe54, 0xfe54, 0xfe54, 0xfe54, 0xfe54, 0xfe54, 
	0xfe54, 0xfe54, 0xfe54, 0xfe54, 0xfe54, 0xfe54, 0xfe54, 0xfe54, 0xfe54, 0xfe54, 0xfe54, 0xfe33, 0xfe33, 0xfe74, 0xfe54, 0xfe54, 
	0xfe54, 0xfe54, 0xfe54, 0xfe54, 0xfe54, 0xfe54, 0xfe54, 0xfe54, 0xfe54, 0xfe54, 0xfe54, 0xfe54, 0xfe54, 0xfe54, 0xfe54, 0xfe54, 
	0xfe54, 0xfe54, 0xfe54, 0xfe54, 0xfe54, 0xfe54, 0xfe54, 0xfe54, 0xfe54, 0xfe54, 0xfe54, 0xfe54, 0xfe54, 0xfe54, 0xfe54, 0xfe54, 
	0xfe54, 0xfe54, 0xfe54, 0xfe54, 0xfe54, 0xfe54, 0xfe54, 0xfe54, 0xfe54, 0xfe54, 0xfe54, 0xfe54, 0xfe54, 0xfe54, 0xfe54, 0xfe54, 
	0xfe54, 0xfe54, 0xfe54, 0xfe54, 0xfe54, 0xfe54, 0xfe54, 0xfe54, 0xfe54, 0xfe54, 0xfe54, 0xfe54, 0xfe54, 0xfe54, 0xfe54, 0xfe54, 
	0xfe54, 0xfe54, 0xfe54, 0xfe54, 0xfe54, 0xfe54, 0xfe54, 0xfe54, 0xfe54, 0xfe54, 0xfe54, 0xfe54, 0xfe54, 0xfe54, 0xfe54, 0xfe54, 
	0xfe54, 0xfe54, 0xfe54, 0xfe54, 0xfe54, 0xfe54, 0xfe54, 0xfe54, 0xfe54, 0xfe54, 0xfe54, 0xfe53, 0xd698, 0xaedd, 0xaedc, 0xaedc, 
	0xaedc, 0xaedc, 0xaedc, 0xaedc, 0xaedc, 0xaedc, 0xaedc, 0xaedc, 0xaedc, 0xaedc, 0xaedc, 0xaedc, 0xaedc, 0xaedc, 0xaedc, 0xaedc, 
	0xaedc, 0xaedc, 0xaedc, 0xaedc, 0xaedc, 0xaedc, 0xaedc, 0xaedc, 0xaedc, 0xaedc, 0xaedc, 0xaedc, 0xaedc, 0xaedc, 0xaedc, 0xaedc, 
	0xaedc, 0xaedc, 0xaedc, 0xaedc, 0xaedc, 0xaedc, 0xaedc, 0xaedc, 0xaedc, 0xaedc, 0xaedc, 0xaedc, 0xaedc, 0xaedc, 0xaedc, 0xaedc, 
	0xaedc, 0xaedc, 0xaedc, 0xaedc, 0xaedc, 0xaedc, 0xaedc, 0xaedc, 0xaedc, 0xaedc, 0xaedc, 0xaedc, 0xaedc, 0xaedc, 0xaedc, 0xaedc, 
	0xaedc, 0xaedc, 0xaedc, 0xaedc, 0xaedc, 0xaedc, 0xaedc, 0xaedc, 0xaedc, 0xaedc, 0xaedc, 0xaedc, 0xaedc, 0xaedc, 0xaedc, 0xaedc, 
	0xaedc, 0xaebd, 0x7e3c, 0x4dbc, 0x4dbd, 0x4dbc, 0x4dbc, 0x55bc, 0x4dbc, 0x4dbc, 0x4dbc, 0x4dbc, 0x4dbc, 0x4dbc, 0x4dbc, 0x4dbc, 
	0x4dbd, 0x4dbc, 0x55bc, 0x55bc, 0x4ddc, 0x44f8, 0x11e9, 0x0000, 0x0000, 0x0000, 0x0000, 0x0000, 0x3123, 0xa42e, 0xf634, 0xfe53, 
	0xfe74, 0xfe54, 0xfe54, 0xfe54, 0xfe54, 0xfe54, 0xfe54, 0xfe54, 0xfe54, 0xfe54, 0xfe54, 0xfe54, 0xfe54, 0xfe54, 0xfe54, 0xfe54, 
	0xfe54, 0xfe54, 0xfe54, 0xfe54, 0xfe54, 0xfe54, 0xfe54, 0xfe54, 0xfe54, 0xfe54, 0xfe54, 0xfe54, 0xfe54, 0xfe54, 0xfe54, 0xfe54, 
	0xfe54, 0xfe54, 0xfe54, 0xfe54, 0xfe54, 0xfe54, 0xfe54, 0xfe54, 0xfe34, 0xfe34, 0xfe54, 0xfe54, 0xfe54, 0xfe54, 0xfe55, 0xfe54, 
	0xfe54, 0xfe54, 0xfe54, 0xfe54, 0xfe54, 0xfe54, 0xfe54, 0xfe54, 0xfe54, 0xfe54, 0xfe54, 0xfe54, 0xfe54, 0xfe54, 0xfe54, 0xfe54, 
	0xfe54, 0xfe54, 0xfe54, 0xfe54, 0xfe54, 0xfe54, 0xfe54, 0xfe54, 0xfe54, 0xfe54, 0xfe54, 0xfe54, 0xfe54, 0xfe54, 0xfe54, 0xfe54, 
	0xfe54, 0xfe54, 0xfe54, 0xfe54, 0xfe54, 0xfe54, 0xfe54, 0xfe54, 0xfe54, 0xfe54, 0xfe54, 0xfe54, 0xfe54, 0xfe54, 0xfe54, 0xfe54, 
	0xfe54, 0xfe54, 0xfe54, 0xfe54, 0xfe54, 0xfe54, 0xfe54, 0xfe54, 0xfe54, 0xfe54, 0xfe54, 0xfe54, 0xfe54, 0xfe54, 0xfe54, 0xfe54, 
	0xfe54, 0xfe54, 0xfe54, 0xfe54, 0xfe54, 0xfe54, 0xfe54, 0xfe54, 0xfe54, 0xfe54, 0xfe54, 0xfe54, 0xfe54, 0xfe54, 0xfe54, 0xfe54, 
	0xfe54, 0xfe54, 0xfe54, 0xfe54, 0xfe54, 0xfe54, 0xfe54, 0xfe54, 0xfe54, 0xfe54, 0xfe54, 0xfe53, 0xd698, 0xaedd, 0xaedc, 0xaedc, 
	0xaedc, 0xaedc, 0xaedc, 0xaedc, 0xaedc, 0xaedc, 0xaedc, 0xaedc, 0xaedc, 0xaedc, 0xaedc, 0xaedc, 0xaedc, 0xaedc, 0xaedc, 0xaedc, 
	0xaedc, 0xaedc, 0xaedc, 0xaedc, 0xaedc, 0xaedc, 0xaedc, 0xaedc, 0xaedc, 0xaedc, 0xaedc, 0xaedc, 0xaedc, 0xaedc, 0xaedc, 0xaedc, 
	0xaedc, 0xaedc, 0xaedc, 0xaedc, 0xaedc, 0xaedc, 0xaedc, 0xaedc, 0xaedc, 0xaedc, 0xaedc, 0xaedc, 0xaedc, 0xaedc, 0xaedc, 0xaedc, 
	0xaedc, 0xaedc, 0xaedc, 0xaedc, 0xaedc, 0xaedc, 0xaedc, 0xaedc, 0xaedc, 0xaedc, 0xaedc, 0xaedc, 0xaedc, 0xaedc, 0xaedc, 0xaedc, 
	0xaedc, 0xaedc, 0xaedc, 0xaedc, 0xaedc, 0xaedc, 0xaedc, 0xaedc, 0xaedc, 0xaedc, 0xaedc, 0xaedc, 0xaedc, 0xaedc, 0xaedc, 0xaedc, 
	0xaedc, 0xa6bd, 0x6e1c, 0x4dbc, 0x4dbd, 0x4dbc, 0x4dbc, 0x4dbc, 0x4dbc, 0x4dbc, 0x4dbc, 0x4dbc, 0x4dbc, 0x4dbc, 0x4dbc, 0x4dbc, 
	0x4ddc, 0x4d9c, 0x55bc, 0x55bc, 0x4ddc, 0x4d9b, 0x2b50, 0x0042, 0x0800, 0x0000, 0x0000, 0x0000, 0x0000, 0x3165, 0x93cc, 0xe571, 
	0xf5f2, 0xfe33, 0xfe74, 0xfe54, 0xfe54, 0xfe54, 0xfe74, 0xfe54, 0xfe54, 0xfe54, 0xfe54, 0xfe54, 0xfe54, 0xfe54, 0xfe54, 0xfe54, 
	0xfe54, 0xfe54, 0xfe54, 0xfe54, 0xfe54, 0xfe54, 0xfe54, 0xfe54, 0xfe54, 0xfe54, 0xfe54, 0xfe54, 0xfe54, 0xfe54, 0xfe54, 0xfe54, 
	0xfe54, 0xfe54, 0xfe54, 0xfe54, 0xfe54, 0xfe54, 0xfe54, 0xfe54, 0xfe75, 0xfe54, 0xfe54, 0xfe54, 0xfe54, 0xfe13, 0xfe54, 0xfe33, 
	0xfe54, 0xfe54, 0xfe54, 0xfe54, 0xfe54, 0xfe54, 0xfe54, 0xfe54, 0xfe54, 0xfe54, 0xfe54, 0xfe54, 0xfe54, 0xfe54, 0xfe54, 0xfe54, 
	0xfe54, 0xfe54, 0xfe54, 0xfe54, 0xfe54, 0xfe54, 0xfe54, 0xfe54, 0xfe54, 0xfe54, 0xfe54, 0xfe54, 0xfe54, 0xfe54, 0xfe54, 0xfe54, 
	0xfe54, 0xfe54, 0xfe54, 0xfe54, 0xfe54, 0xfe54, 0xfe54, 0xfe54, 0xfe54, 0xfe54, 0xfe54, 0xfe54, 0xfe54, 0xfe54, 0xfe54, 0xfe54, 
	0xfe54, 0xfe54, 0xfe54, 0xfe54, 0xfe54, 0xfe54, 0xfe54, 0xfe54, 0xfe54, 0xfe54, 0xfe54, 0xfe54, 0xfe54, 0xfe54, 0xfe54, 0xfe54, 
	0xfe54, 0xfe54, 0xfe54, 0xfe54, 0xfe54, 0xfe54, 0xfe54, 0xfe54, 0xfe54, 0xfe54, 0xfe54, 0xfe54, 0xfe54, 0xfe54, 0xfe54, 0xfe54, 
	0xfe54, 0xfe54, 0xfe54, 0xfe54, 0xfe54, 0xfe54, 0xfe54, 0xfe54, 0xfe54, 0xfe54, 0xfe54, 0xfe53, 0xd698, 0xaedd, 0xaedc, 0xaedc, 
	0xaedc, 0xaedc, 0xaedc, 0xaedc, 0xaedc, 0xaedc, 0xaedc, 0xaedc, 0xaedc, 0xaedc, 0xaedc, 0xaedc, 0xaedc, 0xaedc, 0xaedc, 0xaedc, 
	0xaedc, 0xaedc, 0xaedc, 0xaedc, 0xaedc, 0xaedc, 0xaedc, 0xaedc, 0xaedc, 0xaedc, 0xaedc, 0xaedc, 0xaedc, 0xaedc, 0xaedc, 0xaedc, 
	0xaedc, 0xaedc, 0xaedc, 0xaedc, 0xaedc, 0xaedc, 0xaedc, 0xaedc, 0xaedc, 0xaedc, 0xaedc, 0xaedc, 0xaedc, 0xaedc, 0xaedc, 0xaedc, 
	0xaedc, 0xaedc, 0xaedc, 0xaedc, 0xaedc, 0xaedc, 0xaedc, 0xaedc, 0xaedc, 0xaedc, 0xaedc, 0xaedc, 0xaedc, 0xaedc, 0xaedc, 0xaedc, 
	0xaedc, 0xaedc, 0xaedc, 0xaedc, 0xaedc, 0xaedc, 0xaedc, 0xaedc, 0xaedc, 0xaedc, 0xaedc, 0xaedc, 0xaedc, 0xaedc, 0xaedc, 0xaedc, 
	0xaedd, 0x969d, 0x65fc, 0x4dbc, 0x4dbc, 0x4dbc, 0x4dbc, 0x4dbc, 0x4dbc, 0x4dbc, 0x4dbc, 0x4dbc, 0x4dbc, 0x4dbc, 0x4dbc, 0x4dbc, 
	0x4dbb, 0x55bd, 0x4dbc, 0x4ddc, 0x55bc, 0x45bc, 0x44b7, 0x1188, 0x0000, 0x0000, 0x0001, 0x0000, 0x0020, 0x0000, 0x18c1, 0x49e5, 
	0x8b6b, 0x9bec, 0xac4e, 0xac4e, 0xa42d, 0xa42e, 0xac4e, 0xa42e, 0xac2e, 0xac2e, 0xac2e, 0xac2e, 0xac2e, 0xac2e, 0xac2e, 0xac2e, 
	0xac2e, 0xac2e, 0xac2e, 0xac2e, 0xac2e, 0xac2e, 0xac2e, 0xac2e, 0xac2e, 0xac2e, 0xac2e, 0xac2e, 0xac2e, 0xac2e, 0xac2e, 0xac2e, 
	0xac2e, 0xac2e, 0xac2e, 0xac2e, 0xac2e, 0xac2e, 0xac2e, 0xac2e, 0xa42d, 0xac2c, 0xac2d, 0xac4d, 0xbcae, 0xf613, 0xfe74, 0xfe33, 
	0xfe54, 0xfe54, 0xfe54, 0xfe54, 0xfe54, 0xfe54, 0xfe54, 0xfe54, 0xfe54, 0xfe54, 0xfe54, 0xfe54, 0xfe54, 0xfe54, 0xfe54, 0xfe54, 
	0xfe54, 0xfe54, 0xfe54, 0xfe54, 0xfe54, 0xfe54, 0xfe54, 0xfe54, 0xfe54, 0xfe54, 0xfe54, 0xfe54, 0xfe54, 0xfe54, 0xfe54, 0xfe54, 
	0xfe54, 0xfe54, 0xfe54, 0xfe54, 0xfe54, 0xfe54, 0xfe54, 0xfe54, 0xfe54, 0xfe54, 0xfe54, 0xfe54, 0xfe54, 0xfe54, 0xfe54, 0xfe54, 
	0xfe54, 0xfe54, 0xfe54, 0xfe54, 0xfe54, 0xfe54, 0xfe54, 0xfe54, 0xfe54, 0xfe54, 0xfe54, 0xfe54, 0xfe54, 0xfe54, 0xfe54, 0xfe54, 
	0xfe54, 0xfe54, 0xfe54, 0xfe54, 0xfe54, 0xfe54, 0xfe54, 0xfe54, 0xfe54, 0xfe54, 0xfe54, 0xfe54, 0xfe54, 0xfe54, 0xfe54, 0xfe54, 
	0xfe54, 0xfe54, 0xfe54, 0xfe54, 0xfe54, 0xfe54, 0xfe54, 0xfe54, 0xfe54, 0xfe54, 0xfe54, 0xfe53, 0xd698, 0xaedd, 0xaedc, 0xaedc, 
	0xaedc, 0xaedc, 0xaedc, 0xaedc, 0xaedc, 0xaedc, 0xaedc, 0xaedc, 0xaedc, 0xaedc, 0xaedc, 0xaedc, 0xaedc, 0xaedc, 0xaedc, 0xaedc, 
	0xaedc, 0xaedc, 0xaedc, 0xaedc, 0xaedc, 0xaedc, 0xaedc, 0xaedc, 0xaedc, 0xaedc, 0xaedc, 0xaedc, 0xaedc, 0xaedc, 0xaedc, 0xaedc, 
	0xaedc, 0xaedc, 0xaedc, 0xaedc, 0xaedc, 0xaedc, 0xaedc, 0xaedc, 0xaedc, 0xaedc, 0xaedc, 0xaedc, 0xaedc, 0xaedc, 0xaedc, 0xaedc, 
	0xaedc, 0xaedc, 0xaedc, 0xaedc, 0xaedc, 0xaedc, 0xaedc, 0xaedc, 0xaedc, 0xaedc, 0xaedc, 0xaedc, 0xaedc, 0xaedc, 0xaedc, 0xaedc, 
	0xaedc, 0xaedc, 0xaedc, 0xaedc, 0xaedc, 0xaedc, 0xaedc, 0xaedc, 0xaedc, 0xaedc, 0xaedc, 0xaedc, 0xaedc, 0xaedc, 0xaedc, 0xaedc, 
	0xaedd, 0x867c, 0x5ddc, 0x4dbc, 0x4dbc, 0x4dbc, 0x55bc, 0x4dbc, 0x4dbc, 0x4dbc, 0x4dbc, 0x4dbc, 0x4dbc, 0x4dbc, 0x4dbc, 0x4dbc, 
	0x4d9b, 0x55dd, 0x45bc, 0x4ddb, 0x55bc, 0x4dbd, 0x559b, 0x3391, 0x00e3, 0x0000, 0x0000, 0x0000, 0x0000, 0x0000, 0x0000, 0x0000, 
	0x0000, 0x0820, 0x0820, 0x0820, 0x0840, 0x0841, 0x0840, 0x0820, 0x0820, 0x0820, 0x0820, 0x0820, 0x0820, 0x0820, 0x0820, 0x0820, 
	0x0820, 0x0820, 0x0820, 0x0820, 0x0820, 0x0820, 0x0820, 0x0820, 0x0820, 0x0820, 0x0820, 0x0820, 0x0820, 0x0820, 0x0820, 0x0820, 
	0x0820, 0x0820, 0x0820, 0x0820, 0x0820, 0x0820, 0x0820, 0x0820, 0x0820, 0x1040, 0x1040, 0x0000, 0x3102, 0xcd31, 0xfe54, 0xfe75, 
	0xfe54, 0xfe54, 0xfe54, 0xfe54, 0xfe54, 0xfe54, 0xfe54, 0xfe54, 0xfe54, 0xfe54, 0xfe54, 0xfe54, 0xfe54, 0xfe54, 0xfe54, 0xfe54, 
	0xfe54, 0xfe54, 0xfe54, 0xfe54, 0xfe54, 0xfe54, 0xfe54, 0xfe54, 0xfe54, 0xfe54, 0xfe54, 0xfe54, 0xfe54, 0xfe54, 0xfe54, 0xfe54, 
	0xfe54, 0xfe54, 0xfe54, 0xfe54, 0xfe54, 0xfe54, 0xfe54, 0xfe54, 0xfe54, 0xfe54, 0xfe54, 0xfe54, 0xfe54, 0xfe54, 0xfe54, 0xfe54, 
	0xfe54, 0xfe54, 0xfe54, 0xfe54, 0xfe54, 0xfe54, 0xfe54, 0xfe54, 0xfe54, 0xfe54, 0xfe54, 0xfe54, 0xfe54, 0xfe54, 0xfe54, 0xfe54, 
	0xfe54, 0xfe54, 0xfe54, 0xfe54, 0xfe54, 0xfe54, 0xfe54, 0xfe54, 0xfe54, 0xfe54, 0xfe54, 0xfe54, 0xfe54, 0xfe54, 0xfe54, 0xfe54, 
	0xfe54, 0xfe54, 0xfe54, 0xfe54, 0xfe54, 0xfe54, 0xfe54, 0xfe54, 0xfe54, 0xfe54, 0xfe54, 0xfe53, 0xd698, 0xaedd, 0xaedc, 0xaedc, 
	0xaedc, 0xaedc, 0xaedc, 0xaedc, 0xaedc, 0xaedc, 0xaedc, 0xaedc, 0xaedc, 0xaedc, 0xaedc, 0xaedc, 0xaedc, 0xaedc, 0xaedc, 0xaedc, 
	0xaedc, 0xaedc, 0xaedc, 0xaedc, 0xaedc, 0xaedc, 0xaedc, 0xaedc, 0xaedc, 0xaedc, 0xaedc, 0xaedc, 0xaedc, 0xaedc, 0xaedc, 0xaedc, 
	0xaedc, 0xaedc, 0xaedc, 0xaedc, 0xaedc, 0xaedc, 0xaedc, 0xaedc, 0xaedc, 0xaedc, 0xaedc, 0xaedc, 0xaedc, 0xaedc, 0xaedc, 0xaedc, 
	0xaedc, 0xaedc, 0xaedc, 0xaedc, 0xaedc, 0xaedc, 0xaedc, 0xaedc, 0xaedc, 0xaedc, 0xaedc, 0xaedc, 0xaedc, 0xaedc, 0xaedc, 0xaedc, 
	0xaedc, 0xaedc, 0xaedc, 0xaedc, 0xaedc, 0xaedc, 0xaedc, 0xaedc, 0xaedc, 0xaedc, 0xaedc, 0xaedc, 0xaedc, 0xaedc, 0xaedc, 0xaedc, 
	0xaedd, 0x7e5c, 0x55bc, 0x4dbc, 0x4ddc, 0x4dbc, 0x55bc, 0x4dbc, 0x4dbc, 0x4dbc, 0x4dbc, 0x4dbc, 0x4dbc, 0x4dbc, 0x4dbc, 0x4dbc, 
	0x559c, 0x4dbd, 0x4ddd, 0x4dbb, 0x55bc, 0x4dbd, 0x55dc, 0x4d39, 0x22ae, 0x0083, 0x0000, 0x0800, 0x0000, 0x0000, 0x0000, 0x0001, 
	0x0000, 0x0000, 0x0000, 0x0000, 0x0000, 0x0000, 0x0000, 0x0000, 0x0000, 0x0000, 0x0000, 0x0000, 0x0000, 0x0000, 0x0000, 0x0000, 
	0x0000, 0x0000, 0x0000, 0x0000, 0x0000, 0x0000, 0x0000, 0x0000, 0x0000, 0x0000, 0x0000, 0x0000, 0x0000, 0x0000, 0x0000, 0x0000, 
	0x0000, 0x0000, 0x0000, 0x0000, 0x0000, 0x0000, 0x0000, 0x0000, 0x0001, 0x0000, 0x0000, 0x0001, 0x20e3, 0xd572, 0xfe54, 0xfe55, 
	0xfe54, 0xfe54, 0xfe54, 0xfe54, 0xfe54, 0xfe54, 0xfe54, 0xfe54, 0xfe54, 0xfe54, 0xfe54, 0xfe54, 0xfe54, 0xfe54, 0xfe54, 0xfe54, 
	0xfe54, 0xfe54, 0xfe54, 0xfe54, 0xfe54, 0xfe54, 0xfe54, 0xfe54, 0xfe54, 0xfe54, 0xfe54, 0xfe54, 0xfe54, 0xfe54, 0xfe54, 0xfe54, 
	0xfe54, 0xfe54, 0xfe54, 0xfe54, 0xfe54, 0xfe54, 0xfe54, 0xfe54, 0xfe54, 0xfe54, 0xfe54, 0xfe54, 0xfe54, 0xfe54, 0xfe54, 0xfe54, 
	0xfe54, 0xfe54, 0xfe54, 0xfe54, 0xfe54, 0xfe54, 0xfe54, 0xfe54, 0xfe54, 0xfe54, 0xfe54, 0xfe54, 0xfe54, 0xfe54, 0xfe54, 0xfe54, 
	0xfe54, 0xfe54, 0xfe54, 0xfe54, 0xfe54, 0xfe54, 0xfe54, 0xfe54, 0xfe54, 0xfe54, 0xfe54, 0xfe54, 0xfe54, 0xfe54, 0xfe54, 0xfe54, 
	0xfe54, 0xfe54, 0xfe54, 0xfe54, 0xfe54, 0xfe54, 0xfe54, 0xfe54, 0xfe54, 0xfe54, 0xfe54, 0xfe53, 0xd698, 0xaedd, 0xaedc, 0xaedc, 
	0xaedc, 0xaedc, 0xaedc, 0xaedc, 0xaedc, 0xaedc, 0xaedc, 0xaedc, 0xaedc, 0xaedc, 0xaedc, 0xaedc, 0xaedc, 0xaedc, 0xaedc, 0xaedc, 
	0xaedc, 0xaedc, 0xaedc, 0xaedc, 0xaedc, 0xaedc, 0xaedc, 0xaedc, 0xaedc, 0xaedc, 0xaedc, 0xaedc, 0xaedc, 0xaedc, 0xaedc, 0xaedc, 
	0xaedc, 0xaedc, 0xaedc, 0xaedc, 0xaedc, 0xaedc, 0xaedc, 0xaedc, 0xaedc, 0xaedc, 0xaedc, 0xaedc, 0xaedc, 0xaedc, 0xaedc, 0xaedc, 
	0xaedc, 0xaedc, 0xaedc, 0xaedc, 0xaedc, 0xaedc, 0xaedc, 0xaedc, 0xaedc, 0xaedc, 0xaedc, 0xaedc, 0xaedc, 0xaedc, 0xaedc, 0xaedc, 
	0xaedc, 0xaedc, 0xaedc, 0xaedc, 0xaedc, 0xaedc, 0xaedc, 0xaedc, 0xaedc, 0xaedc, 0xaedc, 0xaedc, 0xaedc, 0xaedc, 0xaedc, 0xaedc, 
	0xa6bc, 0x763c, 0x4dbc, 0x55bc, 0x4ddc, 0x4dbc, 0x55bc, 0x4dbc, 0x4dbc, 0x4dbc, 0x4dbc, 0x4dbc, 0x4dbc, 0x4dbc, 0x4dbc, 0x4dbc, 
	0x55bc, 0x4d9c, 0x55dd, 0x4d9c, 0x4dbc, 0x4dbc, 0x4d9c, 0x55bc, 0x4cf9, 0x22ce, 0x00c4, 0x0000, 0x0000, 0x0000, 0x0000, 0x0000, 
	0x0000, 0x0000, 0x0000, 0x0000, 0x0000, 0x0000, 0x0000, 0x0000, 0x0000, 0x0000, 0x0000, 0x0000, 0x0000, 0x0000, 0x0000, 0x0000, 
	0x0000, 0x0000, 0x0000, 0x0000, 0x0000, 0x0000, 0x0000, 0x0000, 0x0000, 0x0000, 0x0000, 0x0000, 0x0000, 0x0000, 0x0000, 0x0000, 
	0x0000, 0x0000, 0x0000, 0x0000, 0x0000, 0x0000, 0x0000, 0x0000, 0x0000, 0x0000, 0x0000, 0x0000, 0x2902, 0xdd51, 0xfe33, 0xfe54, 
	0xfe54, 0xfe54, 0xfe54, 0xfe54, 0xfe54, 0xfe54, 0xfe54, 0xfe54, 0xfe54, 0xfe54, 0xfe54, 0xfe54, 0xfe54, 0xfe54, 0xfe54, 0xfe54, 
	0xfe54, 0xfe54, 0xfe54, 0xfe54, 0xfe54, 0xfe54, 0xfe54, 0xfe54, 0xfe54, 0xfe54, 0xfe54, 0xfe54, 0xfe54, 0xfe54, 0xfe54, 0xfe54, 
	0xfe54, 0xfe54, 0xfe54, 0xfe54, 0xfe54, 0xfe54, 0xfe54, 0xfe54, 0xfe54, 0xfe54, 0xfe54, 0xfe54, 0xfe54, 0xfe54, 0xfe54, 0xfe54, 
	0xfe54, 0xfe54, 0xfe54, 0xfe54, 0xfe54, 0xfe54, 0xfe54, 0xfe54, 0xfe54, 0xfe54, 0xfe54, 0xfe54, 0xfe54, 0xfe54, 0xfe54, 0xfe54, 
	0xfe54, 0xfe54, 0xfe54, 0xfe54, 0xfe54, 0xfe54, 0xfe54, 0xfe54, 0xfe54, 0xfe54, 0xfe54, 0xfe54, 0xfe54, 0xfe54, 0xfe54, 0xfe54, 
	0xfe54, 0xfe54, 0xfe54, 0xfe54, 0xfe54, 0xfe54, 0xfe54, 0xfe54, 0xfe54, 0xfe54, 0xfe54, 0xfe53, 0xd698, 0xaedd, 0xaedc, 0xaedc, 
	0xaedc, 0xaedc, 0xaedc, 0xaedc, 0xaedc, 0xaedc, 0xaedc, 0xaedc, 0xaedc, 0xaedc, 0xaedc, 0xaedc, 0xaedc, 0xaedc, 0xaedc, 0xaedc, 
	0xaedc, 0xaedc, 0xaedc, 0xaedc, 0xaedc, 0xaedc, 0xaedc, 0xaedc, 0xaedc, 0xaedc, 0xaedc, 0xaedc, 0xaedc, 0xaedc, 0xaedc, 0xaedc, 
	0xaedc, 0xaedc, 0xaedc, 0xaedc, 0xaedc, 0xaedc, 0xaedc, 0xaedc, 0xaedc, 0xaedc, 0xaedc, 0xaedc, 0xaedc, 0xaedc, 0xaedc, 0xaedc, 
	0xaedc, 0xaedc, 0xaedc, 0xaedc, 0xaedc, 0xaedc, 0xaedc, 0xaedc, 0xaedc, 0xaedc, 0xaedc, 0xaedc, 0xaedc, 0xaedc, 0xaedc, 0xaedc, 
	0xaedc, 0xaedc, 0xaedc, 0xaedc, 0xaedc, 0xaedc, 0xaedc, 0xaedc, 0xaedc, 0xaedc, 0xaedc, 0xaedc, 0xaedc, 0xaedc, 0xaedc, 0xaedc, 
	0xa6bc, 0x6e1c, 0x4d9c, 0x55bd, 0x4ddc, 0x4d9c, 0x55bc, 0x4dbc, 0x4dbc, 0x4dbc, 0x4dbc, 0x4dbc, 0x4dbc, 0x4dbc, 0x4dbc, 0x4dbc, 
	0x4dbd, 0x4dbc, 0x559c, 0x559c, 0x4ddc, 0x4ddc, 0x4d9c, 0x4dbd, 0x55bc, 0x4519, 0x232f, 0x0946, 0x0000, 0x0000, 0x0021, 0x0000, 
	0x0000, 0x0000, 0x0000, 0x0000, 0x0000, 0x0000, 0x0000, 0x0000, 0x0000, 0x0000, 0x0000, 0x0000, 0x0000, 0x0000, 0x0000, 0x0000, 
	0x0000, 0x0000, 0x0000, 0x0000, 0x0000, 0x0000, 0x0000, 0x0000, 0x0000, 0x0000, 0x0000, 0x0000, 0x0000, 0x0000, 0x0000, 0x0000, 
	0x0000, 0x0000, 0x0000, 0x0000, 0x0000, 0x0000, 0x0000, 0x0000, 0x0000, 0x0000, 0x0000, 0x0001, 0x28e2, 0xd530, 0xfe54, 0xfe34, 
	0xfe54, 0xfe54, 0xfe54, 0xfe54, 0xfe54, 0xfe54, 0xfe54, 0xfe54, 0xfe54, 0xfe54, 0xfe54, 0xfe54, 0xfe54, 0xfe54, 0xfe54, 0xfe54, 
	0xfe54, 0xfe54, 0xfe54, 0xfe54, 0xfe54, 0xfe54, 0xfe54, 0xfe54, 0xfe54, 0xfe54, 0xfe54, 0xfe54, 0xfe54, 0xfe54, 0xfe54, 0xfe54, 
	0xfe54, 0xfe54, 0xfe54, 0xfe54, 0xfe54, 0xfe54, 0xfe54, 0xfe54, 0xfe54, 0xfe54, 0xfe54, 0xfe54, 0xfe54, 0xfe54, 0xfe54, 0xfe54, 
	0xfe54, 0xfe54, 0xfe54, 0xfe54, 0xfe54, 0xfe54, 0xfe54, 0xfe54, 0xfe54, 0xfe54, 0xfe54, 0xfe54, 0xfe54, 0xfe54, 0xfe54, 0xfe54, 
	0xfe54, 0xfe54, 0xfe54, 0xfe54, 0xfe54, 0xfe54, 0xfe54, 0xfe54, 0xfe54, 0xfe54, 0xfe54, 0xfe54, 0xfe54, 0xfe54, 0xfe54, 0xfe54, 
	0xfe54, 0xfe54, 0xfe54, 0xfe54, 0xfe54, 0xfe54, 0xfe54, 0xfe54, 0xfe54, 0xfe54, 0xfe54, 0xfe53, 0xd698, 0xaedd, 0xaedc, 0xaedc, 
	0xaedc, 0xaedc, 0xaedc, 0xaedc, 0xaedc, 0xaedc, 0xaedc, 0xaedc, 0xaedc, 0xaedc, 0xaedc, 0xaedc, 0xaedc, 0xaedc, 0xaedc, 0xaedc, 
	0xaedc, 0xaedc, 0xaedc, 0xaedc, 0xaedc, 0xaedc, 0xaedc, 0xaedc, 0xaedc, 0xaedc, 0xaedc, 0xaedc, 0xaedc, 0xaedc, 0xaedc, 0xaedc, 
	0xaedc, 0xaedc, 0xaedc, 0xaedc, 0xaedc, 0xaedc, 0xaedc, 0xaedc, 0xaedc, 0xaedc, 0xaedc, 0xaedc, 0xaedc, 0xaedc, 0xaedc, 0xaedc, 
	0xaedc, 0xaedc, 0xaedc, 0xaedc, 0xaedc, 0xaedc, 0xaedc, 0xaedc, 0xaedc, 0xaedc, 0xaedc, 0xaedc, 0xaedc, 0xaedc, 0xaedc, 0xaedc, 
	0xaedc, 0xaedc, 0xaedc, 0xaedc, 0xaedc, 0xaedc, 0xaedc, 0xaedc, 0xaedc, 0xaedc, 0xaedc, 0xaedc, 0xaefd, 0xaedd, 0xaedc, 0xb6dc, 
	0x9e9d, 0x5ddb, 0x4dbd, 0x55bc, 0x4d9b, 0x4ddc, 0x4dbc, 0x4dbc, 0x4dbc, 0x4dbc, 0x4dbc, 0x4dbc, 0x4dbc, 0x4dbc, 0x4dbc, 0x4dbc, 
	0x4dbc, 0x4dbc, 0x4dbc, 0x4dbc, 0x4dbc, 0x4dbc, 0x4dbc, 0x4dbc, 0x4dbd, 0x55bc, 0x4d7a, 0x3455, 0x228c, 0x0925, 0x0042, 0x0800, 
	0x0000, 0x0000, 0x0000, 0x0000, 0x0020, 0x0000, 0x0000, 0x0000, 0x0000, 0x0000, 0x0000, 0x0000, 0x0000, 0x0000, 0x0000, 0x0000, 
	0x0000, 0x0000, 0x0000, 0x0000, 0x0000, 0x0000, 0x0000, 0x0000, 0x0000, 0x0000, 0x0000, 0x0000, 0x0000, 0x0000, 0x0000, 0x0000, 
	0x0000, 0x0000, 0x0000, 0x0000, 0x0000, 0x0000, 0x0000, 0x0000, 0x0000, 0x0000, 0x0000, 0x0000, 0x28c1, 0xcd73, 0xfe54, 0xfe33, 
	0xfe54, 0xfe54, 0xfe54, 0xfe54, 0xfe54, 0xfe54, 0xfe54, 0xfe54, 0xfe54, 0xfe54, 0xfe54, 0xfe54, 0xfe54, 0xfe54, 0xfe54, 0xfe54, 
	0xfe54, 0xfe54, 0xfe54, 0xfe54, 0xfe54, 0xfe54, 0xfe54, 0xfe54, 0xfe54, 0xfe54, 0xfe54, 0xfe54, 0xfe54, 0xfe54, 0xfe54, 0xfe54, 
	0xfe54, 0xfe54, 0xfe54, 0xfe54, 0xfe54, 0xfe54, 0xfe54, 0xfe54, 0xfe34, 0xfe34, 0xfe54, 0xfe54, 0xfe54, 0xfe34, 0xfe34, 0xfe54, 
	0xfe55, 0xfe54, 0xfe54, 0xfe54, 0xfe53, 0xfe54, 0xfe54, 0xfe54, 0xfe54, 0xfe33, 0xfe34, 0xfe54, 0xfe54, 0xfe54, 0xfe54, 0xfe53, 
	0xfe54, 0xfe54, 0xfe54, 0xfe54, 0xfe54, 0xfe54, 0xfe54, 0xfe54, 0xfe54, 0xfe54, 0xfe54, 0xfe54, 0xfe54, 0xfe54, 0xfe54, 0xfe54, 
	0xfe54, 0xfe54, 0xfe54, 0xfe54, 0xfe54, 0xfe54, 0xfe54, 0xfe54, 0xfe74, 0xfe34, 0xfe74, 0xfe55, 0xde98, 0xb6dc, 0xaebd, 0xaefd, 
	0xaedc, 0xaedc, 0xaedc, 0xaedc, 0xaedc, 0xaedc, 0xaedc, 0xaedc, 0xaedc, 0xaedc, 0xaedc, 0xaedc, 0xaedc, 0xaedc, 0xaedc, 0xaedc, 
	0xaedc, 0xaedc, 0xaedc, 0xaedc, 0xaedc, 0xaedc, 0xaedc, 0xaedc, 0xaedc, 0xaedc, 0xaedc, 0xaedc, 0xaedc, 0xaedc, 0xaedc, 0xaedc, 
	0xaedc, 0xaedc, 0xaedc, 0xaedc, 0xaedc, 0xaedc, 0xaedc, 0xaedc, 0xaedc, 0xaedc, 0xaedc, 0xaedc, 0xaedc, 0xaedc, 0xaedc, 0xaedc, 
	0xaedc, 0xaedc, 0xaedc, 0xaedc, 0xaedc, 0xaedc, 0xaedc, 0xaedc, 0xaedc, 0xaedc, 0xaedc, 0xaedc, 0xaedc, 0xaedc, 0xaedc, 0xaedc, 
	0xaedc, 0xaedc, 0xaedc, 0xaedc, 0xaedc, 0xaedc, 0xaedc, 0xaedc, 0xaedc, 0xaedc, 0xaedc, 0xaedc, 0xaedd, 0xaedd, 0xaedc, 0xaedc, 
	0x967d, 0x55db, 0x4dbd, 0x55bc, 0x4dbc, 0x4ddc, 0x4dbc, 0x4dbc, 0x4dbc, 0x4dbc, 0x4dbc, 0x4dbc, 0x4dbc, 0x4dbc, 0x4dbc, 0x4dbc, 
	0x4dbc, 0x4dbc, 0x4dbc, 0x4dbc, 0x4dbc, 0x4dbc, 0x4dbc, 0x4dbc, 0x4dbc, 0x4dbb, 0x4dfc, 0x4dbc, 0x5539, 0x4475, 0x2b91, 0x1a6c, 
	0x08a3, 0x0000, 0x0000, 0x0000, 0x0000, 0x0000, 0x0000, 0x0000, 0x0861, 0x20e3, 0x3145, 0x3144, 0x3144, 0x3964, 0x3165, 0x3164, 
	0x3145, 0x3145, 0x3145, 0x3145, 0x3145, 0x3145, 0x3145, 0x3145, 0x3145, 0x3145, 0x3145, 0x3145, 0x3145, 0x3145, 0x3145, 0x3145, 
	0x3145, 0x3145, 0x3145, 0x3145, 0x3145, 0x3145, 0x3145, 0x3145, 0x3964, 0x3943, 0x3963, 0x3943, 0x5a05, 0xd551, 0xfe54, 0xfe53, 
	0xfe54, 0xfe54, 0xfe54, 0xfe54, 0xfe54, 0xfe54, 0xfe54, 0xfe54, 0xfe54, 0xfe54, 0xfe54, 0xfe54, 0xfe54, 0xfe54, 0xfe54, 0xfe54, 
	0xfe54, 0xfe54, 0xfe54, 0xfe54, 0xfe54, 0xfe54, 0xfe54, 0xfe54, 0xfe54, 0xfe54, 0xfe54, 0xfe54, 0xfe54, 0xfe54, 0xfe54, 0xfe54, 
	0xfe54, 0xfe54, 0xfe54, 0xfe54, 0xfe54, 0xfe54, 0xfe54, 0xfe54, 0xfe54, 0xfe54, 0xfe34, 0xfe34, 0xfe34, 0xfe54, 0xfe54, 0xfe54, 
	0xfe33, 0xfe53, 0xfe54, 0xfe54, 0xfe34, 0xfe54, 0xfe54, 0xfe54, 0xfe53, 0xfe54, 0xfe75, 0xf634, 0xdd92, 0xc4f0, 0xc4f0, 0xc4f0, 
	0xc4ef, 0xc4ef, 0xc4ef, 0xc4ef, 0xc4ef, 0xc4ef, 0xc4ef, 0xc4ef, 0xc4ef, 0xc4ef, 0xc4ef, 0xc4ef, 0xc4ef, 0xc4ef, 0xc4ef, 0xc4ef, 
	0xc4ef, 0xc4ef, 0xc4ef, 0xc4ef, 0xc4ef, 0xc4ef, 0xc4ef, 0xc4ef, 0xbd11, 0xc4f0, 0xc4f0, 0xbcd0, 0xb5b6, 0xb6dc, 0xaedd, 0xaedc, 
	0xaedc, 0xaedc, 0xaedc, 0xaedc, 0xaedc, 0xaedc, 0xaedc, 0xaedc, 0xaedc, 0xaedc, 0xaedc, 0xaedc, 0xaedc, 0xaedc, 0xaedc, 0xaedc, 
	0xaedc, 0xaedc, 0xaedc, 0xaedc, 0xaedc, 0xaedc, 0xaedc, 0xaedc, 0xaedc, 0xaedc, 0xaedc, 0xaedc, 0xaedc, 0xaedc, 0xaedc, 0xaedc, 
	0xaedc, 0xaedc, 0xaedc, 0xaedc, 0xaedc, 0xaedc, 0xaedc, 0xaedc, 0xaedc, 0xaedc, 0xaedc, 0xaedc, 0xaedc, 0xaedc, 0xaedc, 0xaedc, 
	0xaedc, 0xaedc, 0xaedc, 0xaedc, 0xaedc, 0xaedc, 0xaedc, 0xaedc, 0xaedc, 0xaedc, 0xaedc, 0xaedc, 0xaedc, 0xaedc, 0xaedc, 0xaedc, 
	0xaedc, 0xaedc, 0xaedc, 0xaedc, 0xaedc, 0xaedc, 0xaedc, 0xaedc, 0xaedc, 0xaedc, 0xaedc, 0xaedc, 0xaedc, 0xaedc, 0xaedc, 0xaedc, 
	0x865c, 0x55dc, 0x4dbd, 0x55bc, 0x4dbc, 0x4ddc, 0x4dbc, 0x4dbc, 0x4dbc, 0x4dbc, 0x4dbc, 0x4dbc, 0x4dbc, 0x4dbc, 0x4dbc, 0x4dbc, 
	0x4dbc, 0x4dbc, 0x4dbc, 0x4dbc, 0x4dbc, 0x4dbc, 0x4dbc, 0x4dbc, 0x55bc, 0x55bc, 0x4ddd, 0x4dbd, 0x55bc, 0x4dbc, 0x4dbc, 0x3c76, 
	0x1146, 0x0000, 0x0000, 0x0000, 0x0001, 0x0000, 0x0000, 0x3143, 0x8b09, 0xb46e, 0xdd92, 0xe5b2, 0xe592, 0xe5b2, 0xe5b2, 0xe5b2, 
	0xedb2, 0xedb2, 0xedb2, 0xedb2, 0xedb2, 0xedb2, 0xedb2, 0xedb2, 0xedb2, 0xedb2, 0xedb2, 0xedb2, 0xedb2, 0xedb2, 0xedb2, 0xedb2, 
	0xedb2, 0xedb2, 0xedb2, 0xedb2, 0xedb2, 0xedb2, 0xedb2, 0xedb2, 0xe5b2, 0xddb2, 0xe5d3, 0xddb3, 0xe5d3, 0xfe55, 0xfe95, 0xfe13, 
	0xfe54, 0xfe54, 0xfe54, 0xfe54, 0xfe54, 0xfe54, 0xfe54, 0xfe54, 0xfe54, 0xfe54, 0xfe54, 0xfe54, 0xfe54, 0xfe54, 0xfe54, 0xfe54, 
	0xfe54, 0xfe54, 0xfe54, 0xfe54, 0xfe54, 0xfe54, 0xfe54, 0xfe54, 0xfe54, 0xfe54, 0xfe54, 0xfe54, 0xfe54, 0xfe54, 0xfe54, 0xfe54, 
	0xfe54, 0xfe54, 0xfe54, 0xfe54, 0xfe54, 0xfe54, 0xfe54, 0xfe54, 0xfe33, 0xfe54, 0xfe54, 0xfe54, 0xfe54, 0xfe54, 0xfe34, 0xfe33, 
	0xfe54, 0xfe54, 0xfe34, 0xfe34, 0xfe34, 0xfe54, 0xfe54, 0xfe33, 0xfe54, 0xf634, 0xcd51, 0x8b6b, 0x49a5, 0x28c2, 0x18a1, 0x1881, 
	0x1882, 0x1882, 0x1882, 0x1882, 0x1882, 0x1882, 0x1882, 0x1882, 0x1882, 0x1882, 0x1882, 0x1882, 0x1882, 0x1882, 0x1882, 0x1882, 
	0x1882, 0x1882, 0x1882, 0x1882, 0x1882, 0x1882, 0x1882, 0x1882, 0x1881, 0x1840, 0x1860, 0x20c1, 0x63ae, 0xa6bc, 0xaefe, 0xaebc, 
	0xaedc, 0xaedc, 0xaedc, 0xaedc, 0xaedc, 0xaedc, 0xaedc, 0xaedc, 0xaedc, 0xaedc, 0xaedc, 0xaedc, 0xaedc, 0xaedc, 0xaedc, 0xaedc, 
	0xaedc, 0xaedc, 0xaedc, 0xaedc, 0xaedc, 0xaedc, 0xaedc, 0xaedc, 0xaedc, 0xaedc, 0xaedc, 0xaedc, 0xaedc, 0xaedc, 0xaedc, 0xaedc, 
	0xaedc, 0xaedc, 0xaedc, 0xaedc, 0xaedc, 0xaedc, 0xaedc, 0xaedc, 0xaedc, 0xaedc, 0xaedc, 0xaedc, 0xaedc, 0xaedc, 0xaedc, 0xaedc, 
	0xaedc, 0xaedc, 0xaedc, 0xaedc, 0xaedc, 0xaedc, 0xaedc, 0xaedc, 0xaedc, 0xaedc, 0xaedc, 0xaedc, 0xaedc, 0xaedc, 0xaedc, 0xaedc, 
	0xaedc, 0xaedc, 0xaedc, 0xaedc, 0xaedc, 0xaedc, 0xaedc, 0xaedc, 0xaedc, 0xaedd, 0xaedc, 0xaedd, 0xaedc, 0xaedc, 0xaedd, 0xaebc, 
	0x761c, 0x4dbc, 0x4dbd, 0x55bc, 0x4dbc, 0x4dbc, 0x4dbc, 0x4dbc, 0x4dbc, 0x4dbc, 0x4dbc, 0x4dbc, 0x4dbc, 0x4dbc, 0x4dbc, 0x4dbc, 
	0x4dbc, 0x4dbc, 0x4dbc, 0x4dbc, 0x4dbc, 0x4dbc, 0x4dbc, 0x4dbc, 0x4d9c, 0x4dbc, 0x4dbc, 0x4d9d, 0x55bd, 0x4dbc, 0x559b, 0x2b91, 
	0x0083, 0x0000, 0x0000, 0x0000, 0x0001, 0x0000, 0x49a5, 0xac8e, 0xf5f3, 0xfe54, 0xfe74, 0xfe54, 0xfe53, 0xfe53, 0xfe53, 0xfe54, 
	0xfe54, 0xfe54, 0xfe54, 0xfe54, 0xfe54, 0xfe54, 0xfe54, 0xfe54, 0xfe54, 0xfe54, 0xfe54, 0xfe54, 0xfe54, 0xfe54, 0xfe54, 0xfe54, 
	0xfe54, 0xfe54, 0xfe54, 0xfe54, 0xfe54, 0xfe54, 0xfe54, 0xfe54, 0xfe74, 0xfe54, 0xfe54, 0xfe54, 0xfe54, 0xfe13, 0xfe54, 0xfe34, 
	0xfe54, 0xfe54, 0xfe54, 0xfe54, 0xfe54, 0xfe54, 0xfe54, 0xfe54, 0xfe54, 0xfe54, 0xfe54, 0xfe54, 0xfe54, 0xfe54, 0xfe54, 0xfe54, 
	0xfe54, 0xfe54, 0xfe54, 0xfe54, 0xfe54, 0xfe54, 0xfe54, 0xfe54, 0xfe54, 0xfe54, 0xfe54, 0xfe54, 0xfe54, 0xfe54, 0xfe54, 0xfe54, 
	0xfe54, 0xfe54, 0xfe54, 0xfe54, 0xfe54, 0xfe54, 0xfe54, 0xfe54, 0xfe54, 0xfe54, 0xfe54, 0xfe54, 0xfe34, 0xfe54, 0xfe54, 0xfe54, 
	0xfe54, 0xfe54, 0xfe54, 0xfe54, 0xfe54, 0xfe54, 0xfe34, 0xfe13, 0xcd31, 0x8b6b, 0x4184, 0x1881, 0x0020, 0x0000, 0x0000, 0x0000, 
	0x0000, 0x0000, 0x0000, 0x0000, 0x0000, 0x0000, 0x0000, 0x0000, 0x0000, 0x0000, 0x0000, 0x0000, 0x0000, 0x0000, 0x0000, 0x0000, 
	0x0000, 0x0000, 0x0000, 0x0000, 0x0000, 0x0000, 0x0000, 0x0000, 0x0021, 0x0000, 0x0000, 0x0000, 0x4b2d, 0xa6dd, 0xb6fe, 0xb6dc, 
	0xaedc, 0xaedc, 0xaedc, 0xaedc, 0xaedc, 0xaedc, 0xaedc, 0xaedc, 0xaedc, 0xaedc, 0xaedc, 0xaedc, 0xaedc, 0xaedc, 0xaedc, 0xaedc, 
	0xaedc, 0xaedc, 0xaedc, 0xaedc, 0xaedc, 0xaedc, 0xaedc, 0xaedc, 0xaedc, 0xaedc, 0xaedc, 0xaedc, 0xaedc, 0xaedc, 0xaedc, 0xaedc, 
	0xaedc, 0xaedc, 0xaedc, 0xaedc, 0xaedc, 0xaedc, 0xaedc, 0xaedc, 0xaedc, 0xaedc, 0xaedc, 0xaedc, 0xaedc, 0xaedc, 0xaedc, 0xaedc, 
	0xaedc, 0xaedc, 0xaedc, 0xaedc, 0xaedc, 0xaedc, 0xaedc, 0xaedc, 0xaedc, 0xaedc, 0xaedc, 0xaedc, 0xaedc, 0xaedc, 0xaedc, 0xaedc, 
	0xaedc, 0xaedc, 0xaedc, 0xaedc, 0xaedc, 0xaedc, 0xaedc, 0xaedc, 0xaedc, 0xb6dd, 0xaedd, 0xaedd, 0xb6dc, 0xaedc, 0xaefd, 0xa6bc, 
	0x65fc, 0x4dbc, 0x4dbd, 0x55bc, 0x4dbc, 0x4dbc, 0x55bc, 0x4ddc, 0x4dbc, 0x4dbc, 0x4dbc, 0x4dbc, 0x4dbc, 0x4dbc, 0x4dbc, 0x4dbc, 
	0x4dbc, 0x4dbc, 0x4dbc, 0x4dbc, 0x4dbc, 0x4dbc, 0x4dbc, 0x4dbc, 0x4dfd, 0x4ddc, 0x45bc, 0x4d9c, 0x55bc, 0x4dbc, 0x4d38, 0x1a4a, 
	0x0000, 0x0000, 0x0000, 0x0000, 0x0000, 0x3143, 0xb48f, 0xfe54, 0xfe54, 0xfe54, 0xfe34, 0xfe34, 0xfe55, 0xfe55, 0xfe34, 0xf634, 
	0xfe54, 0xfe54, 0xfe54, 0xfe54, 0xfe54, 0xfe54, 0xfe54, 0xfe54, 0xfe54, 0xfe54, 0xfe54, 0xfe54, 0xfe54, 0xfe54, 0xfe54, 0xfe54, 
	0xfe54, 0xfe54, 0xfe54, 0xfe54, 0xfe54, 0xfe54, 0xfe54, 0xfe54, 0xfe33, 0xfe33, 0xfe54, 0xfe53, 0xfe54, 0xfe54, 0xfe54, 0xfe54, 
	0xfe54, 0xfe54, 0xfe54, 0xfe54, 0xfe54, 0xfe54, 0xfe54, 0xfe54, 0xfe54, 0xfe54, 0xfe54, 0xfe54, 0xfe54, 0xfe54, 0xfe54, 0xfe54, 
	0xfe54, 0xfe54, 0xfe54, 0xfe54, 0xfe54, 0xfe54, 0xfe54, 0xfe54, 0xfe54, 0xfe54, 0xfe54, 0xfe54, 0xfe54, 0xfe54, 0xfe54, 0xfe54, 
	0xfe54, 0xfe54, 0xfe54, 0xfe54, 0xfe54, 0xfe54, 0xfe54, 0xfe54, 0xfe74, 0xfe34, 0xfe33, 0xfe54, 0xfe54, 0xfe54, 0xfe34, 0xfe34, 
	0xfe34, 0xfe54, 0xfe34, 0xfe33, 0xfe34, 0xee14, 0xbcaf, 0x8309, 0x3943, 0x1860, 0x0000, 0x0000, 0x0000, 0x0000, 0x0000, 0x0020, 
	0x0000, 0x0000, 0x0000, 0x0000, 0x0000, 0x0000, 0x0000, 0x0000, 0x0000, 0x0000, 0x0000, 0x0000, 0x0000, 0x0000, 0x0000, 0x0000, 
	0x0000, 0x0000, 0x0000, 0x0000, 0x0000, 0x0000, 0x0000, 0x0000, 0x0000, 0x0000, 0x0020, 0x0000, 0x532d, 0xaedd, 0xaedd, 0xb6dc, 
	0xaedc, 0xaedc, 0xaedc, 0xaedc, 0xaedc, 0xaedc, 0xaedc, 0xaedc, 0xaedc, 0xaedc, 0xaedc, 0xaedc, 0xaedc, 0xaedc, 0xaedc, 0xaedc, 
	0xaedc, 0xaedc, 0xaedc, 0xaedc, 0xaedc, 0xaedc, 0xaedc, 0xaedc, 0xaedc, 0xaedc, 0xaedc, 0xaedc, 0xaedc, 0xaedc, 0xaedc, 0xaedc, 
	0xaedc, 0xaedc, 0xaedc, 0xaedc, 0xaedc, 0xaedc, 0xaedc, 0xaedc, 0xaedc, 0xaedc, 0xaedc, 0xaedc, 0xaedc, 0xaedc, 0xaedc, 0xaedc, 
	0xaedc, 0xaedc, 0xaedc, 0xaedc, 0xaedc, 0xaedc, 0xaedc, 0xaedc, 0xaedc, 0xaedc, 0xaedc, 0xaedc, 0xaedc, 0xaedc, 0xaedc, 0xaedc, 
	0xaedc, 0xaedc, 0xaedc, 0xaedc, 0xaedc, 0xaedc, 0xaedc, 0xaedc, 0xaedc, 0xb6dd, 0xaedd, 0xaedd, 0xb6dc, 0xaedc, 0xaefd, 0x969c, 
	0x5ddc, 0x4ddc, 0x4dbd, 0x55bc, 0x4dbc, 0x4dbd, 0x55bd, 0x4dbc, 0x4dbc, 0x4dbc, 0x4dbc, 0x4dbc, 0x4dbc, 0x4dbc, 0x4dbc, 0x4dbc, 
	0x4dbc, 0x4dbc, 0x4dbc, 0x4dbc, 0x4dbc, 0x4dbc, 0x4dbc, 0x4dbc, 0x4d9c, 0x4ddc, 0x4ddd, 0x55bc, 0x55bc, 0x4dbc, 0x44b7, 0x0946, 
	0x0800, 0x0000, 0x0000, 0x0000, 0x0840, 0x7309, 0xee14, 0xfe33, 0xfe13, 0xfe54, 0xfe74, 0xfe54, 0xfe34, 0xfe34, 0xfe54, 0xfe75, 
	0xfe54, 0xfe54, 0xfe54, 0xfe54, 0xfe54, 0xfe54, 0xfe54, 0xfe54, 0xfe54, 0xfe54, 0xfe54, 0xfe54, 0xfe54, 0xfe54, 0xfe54, 0xfe54, 
	0xfe54, 0xfe54, 0xfe54, 0xfe54, 0xfe54, 0xfe54, 0xfe54, 0xfe54, 0xfe54, 0xfe54, 0xfe54, 0xfe33, 0xfe34, 0xfe54, 0xfe34, 0xfe54, 
	0xfe54, 0xfe54, 0xfe54, 0xfe54, 0xfe54, 0xfe54, 0xfe54, 0xfe54, 0xfe54, 0xfe54, 0xfe54, 0xfe54, 0xfe54, 0xfe54, 0xfe54, 0xfe54, 
	0xfe54, 0xfe54, 0xfe54, 0xfe54, 0xfe54, 0xfe54, 0xfe54, 0xfe54, 0xfe54, 0xfe54, 0xfe54, 0xfe54, 0xfe54, 0xfe54, 0xfe54, 0xfe54, 
	0xfe54, 0xfe54, 0xfe54, 0xfe54, 0xfe54, 0xfe54, 0xfe54, 0xfe54, 0xfe54, 0xfe34, 0xfe54, 0xfe54, 0xfe54, 0xfe34, 0xfe54, 0xfe54, 
	0xfe54, 0xfe34, 0xfe33, 0xe5d2, 0xb46e, 0x6aa8, 0x2923, 0x0841, 0x0000, 0x0000, 0x0000, 0x0000, 0x0000, 0x0000, 0x0000, 0x0000, 
	0x0000, 0x0000, 0x0000, 0x0000, 0x0000, 0x0000, 0x0000, 0x0000, 0x0000, 0x0000, 0x0000, 0x0000, 0x0000, 0x0000, 0x0000, 0x0000, 
	0x0000, 0x0000, 0x0000, 0x0000, 0x0000, 0x0000, 0x0000, 0x0000, 0x0000, 0x0000, 0x0000, 0x0000, 0x534d, 0xaefd, 0xaebd, 0xaebc, 
	0xaedc, 0xaedc, 0xaedc, 0xaedc, 0xaedc, 0xaedc, 0xaedc, 0xaedc, 0xaedc, 0xaedc, 0xaedc, 0xaedc, 0xaedc, 0xaedc, 0xaedc, 0xaedc, 
	0xaedc, 0xaedc, 0xaedc, 0xaedc, 0xaedc, 0xaedc, 0xaedc, 0xaedc, 0xaedc, 0xaedc, 0xaedc, 0xaedc, 0xaedc, 0xaedc, 0xaedc, 0xaedc, 
	0xaedc, 0xaedc, 0xaedc, 0xaedc, 0xaedc, 0xaedc, 0xaedc, 0xaedc, 0xaedc, 0xaedc, 0xaedc, 0xaedc, 0xaedc, 0xaedc, 0xaedc, 0xaedc, 
	0xaedc, 0xaedc, 0xaedc, 0xaedc, 0xaedc, 0xaedc, 0xaedc, 0xaedc, 0xaedc, 0xaedc, 0xaedc, 0xaedc, 0xaedc, 0xaedc, 0xaedc, 0xaedc, 
	0xaedc, 0xaedc, 0xaedc, 0xaedc, 0xaedc, 0xaedc, 0xaedc, 0xaedc, 0xb6dc, 0xb6dd, 0xaedd, 0xaedd, 0xb6dc, 0xaedc, 0xa6fd, 0x8e5c, 
	0x55dc, 0x4dbc, 0x4dbd, 0x55bc, 0x4dbc, 0x4dbd, 0x55bd, 0x4dbc, 0x4dbc, 0x4dbc, 0x4dbc, 0x4dbc, 0x4dbc, 0x4dbc, 0x4dbc, 0x4dbc, 
	0x4dbc, 0x4dbc, 0x4dbc, 0x4dbc, 0x4dbc, 0x4dbc, 0x4dbc, 0x4dbc, 0x55bc, 0x55bc, 0x4d9c, 0x559c, 0x55bc, 0x4ddd, 0x4456, 0x0883, 
	0x0000, 0x0000, 0x0000, 0x0000, 0x20c1, 0xac4e, 0xfe54, 0xfe54, 0xfe54, 0xfe54, 0xfe54, 0xfe54, 0xfe54, 0xfe54, 0xfe34, 0xfe34, 
	0xfe54, 0xfe54, 0xfe54, 0xfe54, 0xfe54, 0xfe54, 0xfe54, 0xfe54, 0xfe54, 0xfe54, 0xfe54, 0xfe54, 0xfe54, 0xfe54, 0xfe54, 0xfe54, 
	0xfe54, 0xfe54, 0xfe54, 0xfe54, 0xfe54, 0xfe54, 0xfe54, 0xfe54, 0xfe54, 0xfe54, 0xfe54, 0xfe54, 0xfe54, 0xfe54, 0xfe34, 0xfe33, 
	0xfe54, 0xfe54, 0xfe54, 0xfe54, 0xfe54, 0xfe54, 0xfe54, 0xfe54, 0xfe54, 0xfe54, 0xfe54, 0xfe54, 0xfe54, 0xfe54, 0xfe54, 0xfe54, 
	0xfe54, 0xfe54, 0xfe54, 0xfe54, 0xfe54, 0xfe54, 0xfe54, 0xfe54, 0xfe54, 0xfe54, 0xfe54, 0xfe54, 0xfe54, 0xfe54, 0xfe54, 0xfe54, 
	0xfe54, 0xfe54, 0xfe54, 0xfe54, 0xfe54, 0xfe54, 0xfe54, 0xfe54, 0xfe54, 0xfe54, 0xfe54, 0xfe34, 0xfe34, 0xfe54, 0xfe54, 0xf654, 
	0xedf3, 0xcd31, 0x93ac, 0x51e6, 0x20a1, 0x0840, 0x0000, 0x0000, 0x0000, 0x0000, 0x0000, 0x0020, 0x0000, 0x0000, 0x0000, 0x0000, 
	0x0000, 0x0000, 0x0000, 0x0000, 0x0000, 0x0000, 0x0000, 0x0000, 0x0000, 0x0000, 0x0000, 0x0000, 0x0000, 0x0000, 0x0000, 0x0000, 
	0x0000, 0x0000, 0x0000, 0x0000, 0x0000, 0x0000, 0x0000, 0x0000, 0x0000, 0x0000, 0x0000, 0x0000, 0x532d, 0xaedc, 0xaedd, 0xb6fc, 
	0xaedc, 0xaedc, 0xaedc, 0xaedc, 0xaedc, 0xaedc, 0xaedc, 0xaedc, 0xaedc, 0xaedc, 0xaedc, 0xaedc, 0xaedc, 0xaedc, 0xaedc, 0xaedc, 
	0xaedc, 0xaedc, 0xaedc, 0xaedc, 0xaedc, 0xaedc, 0xaedc, 0xaedc, 0xaedc, 0xaedc, 0xaedc, 0xaedc, 0xaedc, 0xaedc, 0xaedc, 0xaedc, 
	0xaedc, 0xaedc, 0xaedc, 0xaedc, 0xaedc, 0xaedc, 0xaedc, 0xaedc, 0xaedc, 0xaedc, 0xaedc, 0xaedc, 0xaedc, 0xaedc, 0xaedc, 0xaedc, 
	0xaedc, 0xaedc, 0xaedc, 0xaedc, 0xaedc, 0xaedc, 0xaedc, 0xaedc, 0xaedc, 0xaedc, 0xaedc, 0xaedc, 0xaedc, 0xaedc, 0xaedc, 0xaedc, 
	0xaedc, 0xaedc, 0xaedc, 0xaedc, 0xaedc, 0xaedc, 0xaedc, 0xaedc, 0xb6bc, 0xb6dd, 0xaedd, 0xb6fd, 0xb6dc, 0xaedc, 0xa6dd, 0x863c, 
	0x55bb, 0x4ddc, 0x55bc, 0x55bc, 0x4dbc, 0x4dbd, 0x55bd, 0x4dbc, 0x4dbc, 0x4dbc, 0x4dbc, 0x4dbc, 0x4dbc, 0x4dbc, 0x4dbc, 0x4dbc, 
	0x4dbc, 0x4dbc, 0x4dbc, 0x4dbc, 0x4dbc, 0x4dbc, 0x4dbc, 0x4dbc, 0x4d9c, 0x4ddc, 0x4ddc, 0x55bc, 0x4dbc, 0x4dfd, 0x3c14, 0x0861, 
	0x0000, 0x0000, 0x0001, 0x0000, 0x30e1, 0xd551, 0xfe74, 0xfe54, 0xfe54, 0xfe34, 0xfe34, 0xfe54, 0xfe54, 0xfe34, 0xfe33, 0xfe54, 
	0xfe54, 0xfe54, 0xfe54, 0xfe54, 0xfe54, 0xfe54, 0xfe54, 0xfe54, 0xfe54, 0xfe54, 0xfe54, 0xfe54, 0xfe54, 0xfe54, 0xfe54, 0xfe54, 
	0xfe54, 0xfe54, 0xfe54, 0xfe54, 0xfe54, 0xfe54, 0xfe54, 0xfe54, 0xfe54, 0xfe54, 0xfe34, 0xfe54, 0xfe54, 0xfe34, 0xfe54, 0xfe53, 
	0xfe54, 0xfe54, 0xfe54, 0xfe54, 0xfe54, 0xfe54, 0xfe54, 0xfe54, 0xfe54, 0xfe54, 0xfe54, 0xfe54, 0xfe54, 0xfe54, 0xfe54, 0xfe54, 
	0xfe54, 0xfe54, 0xfe54, 0xfe54, 0xfe54, 0xfe54, 0xfe54, 0xfe54, 0xfe54, 0xfe54, 0xfe54, 0xfe54, 0xfe54, 0xfe54, 0xfe54, 0xfe54, 
	0xfe54, 0xfe54, 0xfe54, 0xfe54, 0xfe54, 0xfe54, 0xfe54, 0xfe54, 0xfe54, 0xfe54, 0xfe54, 0xfe34, 0xfe55, 0xfe34, 0xdd71, 0xc48e, 
	0x7ae9, 0x4184, 0x1061, 0x0000, 0x0000, 0x0000, 0x0000, 0x0000, 0x0000, 0x0000, 0x0000, 0x0000, 0x0000, 0x0861, 0x10c3, 0x10c3, 
	0x10e4, 0x10e4, 0x10e4, 0x10e4, 0x10e4, 0x10e4, 0x10e4, 0x10e4, 0x10e4, 0x10e4, 0x10e4, 0x10e4, 0x10e4, 0x10e4, 0x10e4, 0x10e4, 
	0x10e4, 0x10e4, 0x10e4, 0x10e4, 0x10e4, 0x10e4, 0x10e4, 0x10e4, 0x10e3, 0x18e4, 0x10e4, 0x18c3, 0x63af, 0xaedd, 0xaedd, 0xaedc, 
	0xaedc, 0xaedc, 0xaedc, 0xaedc, 0xaedc, 0xaedc, 0xaedc, 0xaedc, 0xaedc, 0xaedc, 0xaedc, 0xaedc, 0xaedc, 0xaedc, 0xaedc, 0xaedc, 
	0xaedc, 0xaedc, 0xaedc, 0xaedc, 0xaedc, 0xaedc, 0xaedc, 0xaedc, 0xaedc, 0xaedc, 0xaedc, 0xaedc, 0xaedc, 0xaedc, 0xaedc, 0xaedc, 
	0xaedc, 0xaedc, 0xaedc, 0xaedc, 0xaedc, 0xaedc, 0xaedc, 0xaedc, 0xaedc, 0xaedc, 0xaedc, 0xaedc, 0xaedc, 0xaedc, 0xaedc, 0xaedc, 
	0xaedc, 0xaedc, 0xaedc, 0xaedc, 0xaedc, 0xaedc, 0xaedc, 0xaedc, 0xaedc, 0xaedc, 0xaedc, 0xaedc, 0xaedc, 0xaedc, 0xaedc, 0xaedc, 
	0xaedc, 0xaedc, 0xaedc, 0xaedc, 0xaedc, 0xaedc, 0xaedc, 0xaedc, 0xaedd, 0xaedc, 0xb6dd, 0xaedd, 0xaefc, 0xb6bc, 0xaebd, 0x6e3c, 
	0x4dbc, 0x4dbc, 0x4dbc, 0x4dbc, 0x4dbc, 0x4dbc, 0x4dbc, 0x4dbc, 0x4dbc, 0x4dbc, 0x4dbc, 0x4dbc, 0x4dbc, 0x4dbc, 0x4dbc, 0x4dbc, 
	0x4dbc, 0x4dbc, 0x4dbc, 0x4dbc, 0x4dbc, 0x4dbc, 0x4dbc, 0x4dbc, 0x4d9c, 0x55bd, 0x4ddc, 0x4dbc, 0x559c, 0x4ddd, 0x3414, 0x0841, 
	0x0000, 0x0000, 0x0000, 0x0000, 0x2924, 0xd571, 0xfe32, 0xfe75, 0xfe53, 0xfe53, 0xfe54, 0xfe54, 0xfe54, 0xfe54, 0xfe34, 0xfe54, 
	0xfe53, 0xfe53, 0xfe53, 0xfe53, 0xfe53, 0xfe53, 0xfe53, 0xfe53, 0xfe53, 0xfe53, 0xfe53, 0xfe53, 0xfe53, 0xfe53, 0xfe53, 0xfe53, 
	0xfe53, 0xfe53, 0xfe53, 0xfe53, 0xfe53, 0xfe53, 0xfe53, 0xfe53, 0xfe53, 0xfe53, 0xfe53, 0xfe53, 0xfe53, 0xfe53, 0xfe53, 0xfe53, 
	0xfe53, 0xfe53, 0xfe53, 0xfe53, 0xfe53, 0xfe53, 0xfe53, 0xfe53, 0xfe53, 0xfe53, 0xfe53, 0xfe53, 0xfe53, 0xfe53, 0xfe53, 0xfe53, 
	0xfe54, 0xfe54, 0xfe34, 0xfe33, 0xfe33, 0xfe53, 0xfe33, 0xfe33, 0xfe54, 0xfe54, 0xfe54, 0xfe54, 0xfe54, 0xfe54, 0xfe54, 0xfe54, 
	0xfe74, 0xfe34, 0xfe33, 0xfe54, 0xfe54, 0xfe54, 0xfe54, 0xfe54, 0xfe54, 0xfe54, 0xfe54, 0xedf3, 0xc4f0, 0x8b8c, 0x51e7, 0x28c2, 
	0x0021, 0x0020, 0x0000, 0x0000, 0x0000, 0x0000, 0x0000, 0x0000, 0x0000, 0x0000, 0x0000, 0x0841, 0x2146, 0x5b6e, 0x8535, 0x8db7, 
	0x95b8, 0x95b8, 0x95b8, 0x95b8, 0x95b8, 0x95b8, 0x95b8, 0x95b8, 0x95b8, 0x95b8, 0x95b8, 0x95b8, 0x95b8, 0x95b8, 0x95b8, 0x95b8, 
	0x95b8, 0x95b8, 0x95b8, 0x95b8, 0x95b8, 0x95b8, 0x95b8, 0x95b8, 0x95b8, 0x8db8, 0x8d97, 0x95d8, 0x9e5a, 0xaebc, 0xaefc, 0xaedc, 
	0xaedc, 0xaedc, 0xaedc, 0xaedc, 0xaedc, 0xaedc, 0xaedc, 0xaedc, 0xaedc, 0xaedc, 0xaedc, 0xaedc, 0xaedc, 0xaedc, 0xaedc, 0xaedc, 
	0xaedc, 0xaedc, 0xaedc, 0xaedc, 0xaedc, 0xaedc, 0xaedc, 0xaedc, 0xaedc, 0xaedc, 0xaedc, 0xaedc, 0xaedc, 0xaedc, 0xaedc, 0xaedc, 
	0xaedc, 0xaedc, 0xaedc, 0xaedc, 0xaedc, 0xaedc, 0xaedc, 0xaedc, 0xaedc, 0xaedc, 0xaedc, 0xaedc, 0xaedc, 0xaedc, 0xaedc, 0xaedc, 
	0xaedc, 0xaedc, 0xaedc, 0xaedc, 0xaedc, 0xaedc, 0xaedc, 0xaedc, 0xaedc, 0xaedc, 0xaedc, 0xaedc, 0xaedc, 0xaedc, 0xaedc, 0xaedc, 
	0xaedc, 0xaedc, 0xaedc, 0xaedc, 0xaedc, 0xaedc, 0xaedc, 0xaedc, 0xaedd, 0xaedc, 0xb6dd, 0xaedd, 0xaefc, 0xb6dc, 0xa6bd, 0x661c, 
	0x4dbc, 0x4dbc, 0x4dbc, 0x4dbc, 0x4dbc, 0x4dbc, 0x4dbc, 0x4dbc, 0x4dbc, 0x4dbc, 0x4dbc, 0x4dbc, 0x4dbc, 0x4dbc, 0x4dbc, 0x4dbc, 
	0x4dbc, 0x4dbc, 0x4dbc, 0x4dbc, 0x4dbc, 0x4dbc, 0x4dbc, 0x4dbc, 0x4d9c, 0x55bc, 0x45bc, 0x4dbc, 0x559c, 0x4ddd, 0x3c55, 0x0883, 
	0x0000, 0x0000, 0x0000, 0x0000, 0x20e3, 0xb48e, 0xfe53, 0xfe34, 0xfe34, 0xfe55, 0xfe55, 0xfe34, 0xfe34, 0xfe34, 0xfe35, 0xfe55, 
	0xfe55, 0xfe55, 0xfe55, 0xfe55, 0xfe55, 0xfe55, 0xfe55, 0xfe55, 0xfe55, 0xfe55, 0xfe55, 0xfe55, 0xfe55, 0xfe55, 0xfe55, 0xfe55, 
	0xfe55, 0xfe55, 0xfe55, 0xfe55, 0xfe55, 0xfe55, 0xfe55, 0xfe55, 0xfe55, 0xfe55, 0xfe55, 0xfe55, 0xfe55, 0xfe55, 0xfe55, 0xfe55, 
	0xfe55, 0xfe55, 0xfe55, 0xfe55, 0xfe55, 0xfe55, 0xfe55, 0xfe55, 0xfe55, 0xfe55, 0xfe55, 0xfe55, 0xfe55, 0xfe55, 0xfe55, 0xfe55, 
	0xf634, 0xf654, 0xfe55, 0xfe55, 0xfe55, 0xfe55, 0xfe55, 0xfe55, 0xfe33, 0xfe34, 0xfe54, 0xfe54, 0xfe53, 0xfe53, 0xfe54, 0xfe53, 
	0xfe54, 0xfe33, 0xfe54, 0xfe54, 0xfe54, 0xfe54, 0xfe54, 0xfe54, 0xedf4, 0xccf0, 0x9bac, 0x6a67, 0x3122, 0x1060, 0x0000, 0x0000, 
	0x0000, 0x0000, 0x0000, 0x0000, 0x0020, 0x0000, 0x0000, 0x0000, 0x0021, 0x0062, 0x29a7, 0x63af, 0x9576, 0xae7b, 0xb6dc, 0xb6dc, 
	0xb6dc, 0xb6dc, 0xb6dc, 0xb6dc, 0xb6dc, 0xb6dc, 0xb6dc, 0xb6dc, 0xb6dc, 0xb6dc, 0xb6dc, 0xb6dc, 0xb6dc, 0xb6dc, 0xb6dc, 0xb6dc, 
	0xb6dc, 0xb6dc, 0xb6dc, 0xb6dc, 0xb6dc, 0xb6dc, 0xb6dc, 0xb6dc, 0xb6dd, 0xb6fd, 0xb6dc, 0xaedc, 0xb6dc, 0xb6fd, 0xb6fd, 0xaedc, 
	0xaedc, 0xaedc, 0xaedc, 0xaedc, 0xaedc, 0xaedc, 0xaedc, 0xaedc, 0xaedc, 0xaedc, 0xaedc, 0xaedc, 0xaedc, 0xaedc, 0xaedc, 0xaedc, 
	0xaedc, 0xaedc, 0xaedc, 0xaedc, 0xaedc, 0xaedc, 0xaedc, 0xaedc, 0xaedc, 0xaedc, 0xaedc, 0xaedc, 0xaedc, 0xaedc, 0xaedc, 0xaedc, 
	0xaedc, 0xaedc, 0xaedc, 0xaedc, 0xaedc, 0xaedc, 0xaedc, 0xaedc, 0xaedc, 0xaedc, 0xaedc, 0xaedc, 0xaedc, 0xaedc, 0xaedc, 0xaedc, 
	0xaedc, 0xaedc, 0xaedc, 0xaedc, 0xaedc, 0xaedc, 0xaedc, 0xaedc, 0xaedc, 0xaedc, 0xaedc, 0xaedc, 0xaedc, 0xaedc, 0xaedc, 0xaedc, 
	0xaedc, 0xaedc, 0xaedc, 0xaedc, 0xaedc, 0xaedc, 0xaedc, 0xaedc, 0xaedd, 0xaedc, 0xb6dc, 0xaedd, 0xaedc, 0xaedc, 0x9e9d, 0x5ddb, 
	0x4dbc, 0x4dbc, 0x4dbc, 0x4dbc, 0x4dbc, 0x4dbc, 0x4dbc, 0x4dbc, 0x4dbc, 0x4dbc, 0x4dbc, 0x4dbc, 0x4dbc, 0x4dbc, 0x4dbc, 0x4dbc, 
	0x4dbc, 0x4dbc, 0x4dbc, 0x4dbc, 0x4dbc, 0x4dbc, 0x4dbc, 0x4dbc, 0x4dbc, 0x4dbc, 0x4dbc, 0x4dbc, 0x55bc, 0x4dbd, 0x44b7, 0x0926, 
	0x0000, 0x0000, 0x0000, 0x0000, 0x0840, 0x7b09, 0xfe13, 0xfe13, 0xfe34, 0xfe54, 0xfe54, 0xfe34, 0xfe54, 0xfe54, 0xfe53, 0xfe53, 
	0xfe54, 0xfe54, 0xfe54, 0xfe54, 0xfe54, 0xfe54, 0xfe54, 0xfe54, 0xfe54, 0xfe54, 0xfe54, 0xfe54, 0xfe54, 0xfe54, 0xfe54, 0xfe54, 
	0xfe54, 0xfe54, 0xfe54, 0xfe54, 0xfe54, 0xfe54, 0xfe54, 0xfe54, 0xfe54, 0xfe54, 0xfe54, 0xfe54, 0xfe54, 0xfe54, 0xfe54, 0xfe54, 
	0xfe54, 0xfe54, 0xfe54, 0xfe54, 0xfe54, 0xfe54, 0xfe54, 0xfe54, 0xfe54, 0xfe54, 0xfe54, 0xfe54, 0xfe54, 0xfe54, 0xfe54, 0xfe54, 
	0xfe54, 0xfe54, 0xfe54, 0xfe53, 0xfe33, 0xfe33, 0xfe33, 0xfe33, 0xfe54, 0xfe54, 0xfe54, 0xfe54, 0xfe34, 0xfe34, 0xfe34, 0xfe34, 
	0xfe54, 0xfe74, 0xfe74, 0xfe34, 0xf614, 0xe5d3, 0xc4cf, 0x938a, 0x5a47, 0x3943, 0x1860, 0x0000, 0x0000, 0x0000, 0x0000, 0x0000, 
	0x0000, 0x0000, 0x0000, 0x0000, 0x0000, 0x0000, 0x0020, 0x10a2, 0x2a09, 0x63d0, 0x95b7, 0xa6bb, 0xaedc, 0xaedc, 0xaedd, 0xb6dd, 
	0xaedc, 0xaedc, 0xaedc, 0xaedc, 0xaedc, 0xaedc, 0xaedc, 0xaedc, 0xaedc, 0xaedc, 0xaedc, 0xaedc, 0xaedc, 0xaedc, 0xaedc, 0xaedc, 
	0xaedc, 0xaedc, 0xaedc, 0xaedc, 0xaedc, 0xaedc, 0xaedc, 0xaedc, 0xaebc, 0xb6dd, 0xb6dd, 0xaedc, 0xaedc, 0xaedc, 0xaedc, 0xaedc, 
	0xaedc, 0xaedc, 0xaedc, 0xaedc, 0xaedc, 0xaedc, 0xaedc, 0xaedc, 0xaedc, 0xaedc, 0xaedc, 0xaedc, 0xaedc, 0xaedc, 0xaedc, 0xaedc, 
	0xaedc, 0xaedc, 0xaedc, 0xaedc, 0xaedc, 0xaedc, 0xaedc, 0xaedc, 0xaedc, 0xaedc, 0xaedc, 0xaedc, 0xaedc, 0xaedc, 0xaedc, 0xaedc, 
	0xaedc, 0xaedc, 0xaedc, 0xaedc, 0xaedc, 0xaedc, 0xaedc, 0xaedc, 0xaedc, 0xaedc, 0xaedc, 0xaedc, 0xaedc, 0xaedc, 0xaedc, 0xaedc, 
	0xaedc, 0xaedc, 0xaedc, 0xaedc, 0xaedc, 0xaedc, 0xaedc, 0xaedc, 0xaedc, 0xaedc, 0xaedc, 0xaedc, 0xaedc, 0xaedc, 0xaedc, 0xaedc, 
	0xaedc, 0xaedc, 0xaedc, 0xaedc, 0xaedc, 0xaedc, 0xaedc, 0xaedc, 0xaedd, 0xaedc, 0xaedc, 0xaedd, 0xaedd, 0xaedd, 0x8e7d, 0x55bc, 
	0x4dbc, 0x4dbc, 0x4dbc, 0x4dbc, 0x4dbc, 0x4dbc, 0x4dbc, 0x4dbc, 0x4dbc, 0x4dbc, 0x4dbc, 0x4dbc, 0x4dbc, 0x4dbc, 0x4dbc, 0x4dbc, 
	0x4dbc, 0x4dbc, 0x4dbc, 0x4dbc, 0x4dbc, 0x4dbc, 0x4dbc, 0x4dbc, 0x4dbc, 0x4dbc, 0x4ddc, 0x4dbc, 0x55bc, 0x4dbc, 0x4d19, 0x1a0b, 
	0x0000, 0x0000, 0x0000, 0x0000, 0x0000, 0x3943, 0xbc8f, 0xfe54, 0xfe54, 0xfe54, 0xfe54, 0xfe54, 0xfe74, 0xfe74, 0xfe54, 0xfe54, 
	0xfe54, 0xfe54, 0xfe54, 0xfe54, 0xfe54, 0xfe54, 0xfe54, 0xfe54, 0xfe54, 0xfe54, 0xfe54, 0xfe54, 0xfe54, 0xfe54, 0xfe54, 0xfe54, 
	0xfe54, 0xfe54, 0xfe54, 0xfe54, 0xfe54, 0xfe54, 0xfe54, 0xfe54, 0xfe54, 0xfe54, 0xfe54, 0xfe54, 0xfe54, 0xfe54, 0xfe54, 0xfe54, 
	0xfe54, 0xfe54, 0xfe54, 0xfe54, 0xfe54, 0xfe54, 0xfe54, 0xfe54, 0xfe54, 0xfe54, 0xfe54, 0xfe54, 0xfe54, 0xfe54, 0xfe54, 0xfe54, 
	0xfe33, 0xfe34, 0xfe54, 0xfe34, 0xfe34, 0xfe54, 0xfe54, 0xfe54, 0xfe54, 0xfe54, 0xfe34, 0xfe34, 0xfe54, 0xfe54, 0xfe55, 0xfe54, 
	0xf613, 0xe5b2, 0xcd30, 0xb46e, 0x834a, 0x5206, 0x2903, 0x1861, 0x0000, 0x0000, 0x0020, 0x0000, 0x0000, 0x0000, 0x0000, 0x0000, 
	0x0000, 0x0000, 0x0000, 0x0000, 0x0841, 0x1904, 0x42ab, 0x6c51, 0x9df9, 0xaebc, 0xb6fd, 0xa6dc, 0xa6dc, 0xaedd, 0xaedd, 0xb6dd, 
	0xaedc, 0xaedc, 0xaedc, 0xaedc, 0xaedc, 0xaedc, 0xaedc, 0xaedc, 0xaedc, 0xaedc, 0xaedc, 0xaedc, 0xaedc, 0xaedc, 0xaedc, 0xaedc, 
	0xaedc, 0xaedc, 0xaedc, 0xaedc, 0xaedc, 0xaedc, 0xaedc, 0xaedc, 0xaedc, 0xaedc, 0xaedc, 0xaedc, 0xaedd, 0xb6fd, 0xb6fd, 0xaedd, 
	0xaedc, 0xaedc, 0xaedc, 0xaedc, 0xaedc, 0xaedc, 0xaedc, 0xaedc, 0xaedc, 0xaedc, 0xaedc, 0xaedc, 0xaedc, 0xaedc, 0xaedc, 0xaedc, 
	0xaedc, 0xaedc, 0xaedc, 0xaedc, 0xaedc, 0xaedc, 0xaedc, 0xaedc, 0xaedc, 0xaedc, 0xaedc, 0xaedc, 0xaedc, 0xaedc, 0xaedc, 0xaedc, 
	0xaedc, 0xaedc, 0xaedc, 0xaedc, 0xaedc, 0xaedc, 0xaedc, 0xaedc, 0xaedc, 0xaedc, 0xaedc, 0xaedc, 0xaedc, 0xaedc, 0xaedc, 0xaedc, 
	0xaedc, 0xaedc, 0xaedc, 0xaedc, 0xaedc, 0xaedc, 0xaedc, 0xaedc, 0xaedc, 0xaedc, 0xaedc, 0xaedc, 0xaedc, 0xaedc, 0xaedc, 0xaedc, 
	0xaedc, 0xaedc, 0xaedc, 0xaedc, 0xaedc, 0xaedc, 0xaedc, 0xaedc, 0xaedd, 0xb6dc, 0xaedc, 0xaedc, 0xb6dd, 0xaedd, 0x7e5c, 0x55bc, 
	0x4dbc, 0x4dbc, 0x4dbc, 0x4dbc, 0x4dbc, 0x4dbc, 0x4dbc, 0x4dbc, 0x4dbc, 0x4dbc, 0x4dbc, 0x4dbc, 0x4dbc, 0x4dbc, 0x4dbc, 0x4dbc, 
	0x4dbc, 0x4dbc, 0x4dbc, 0x4dbc, 0x4dbc, 0x4dbc, 0x4dbc, 0x4dbc, 0x55bc, 0x4dbc, 0x4dbc, 0x4dbc, 0x55bc, 0x4dbc, 0x557b, 0x2b71, 
	0x0041, 0x0000, 0x0020, 0x0000, 0x0000, 0x0020, 0x49e6, 0xbcb0, 0xf613, 0xfe54, 0xfe54, 0xfe34, 0xfe34, 0xfe34, 0xfe34, 0xfe54, 
	0xfe54, 0xfe54, 0xfe54, 0xfe54, 0xfe54, 0xfe54, 0xfe54, 0xfe54, 0xfe54, 0xfe54, 0xfe54, 0xfe54, 0xfe54, 0xfe54, 0xfe54, 0xfe54, 
	0xfe54, 0xfe54, 0xfe54, 0xfe54, 0xfe54, 0xfe54, 0xfe54, 0xfe54, 0xfe54, 0xfe54, 0xfe54, 0xfe54, 0xfe54, 0xfe54, 0xfe54, 0xfe54, 
	0xfe54, 0xfe54, 0xfe54, 0xfe54, 0xfe54, 0xfe54, 0xfe54, 0xfe54, 0xfe54, 0xfe54, 0xfe54, 0xfe54, 0xfe54, 0xfe54, 0xfe54, 0xfe54, 
	0xfe54, 0xfe54, 0xfe54, 0xfe54, 0xfe54, 0xfe54, 0xfe54, 0xfe34, 0xfe13, 0xfe33, 0xfe54, 0xfe54, 0xf614, 0xdd92, 0xc4cf, 0xac2d, 
	0x836b, 0x5a46, 0x3122, 0x1881, 0x0820, 0x0000, 0x0000, 0x0000, 0x0000, 0x0000, 0x0000, 0x0000, 0x0000, 0x0000, 0x0000, 0x0000, 
	0x0020, 0x0020, 0x0882, 0x29a7, 0x5b4e, 0x7cd4, 0x9e19, 0xaefd, 0xaebc, 0xaedd, 0xaedd, 0xaedc, 0xb6fd, 0xaedd, 0xaebc, 0xaedc, 
	0xaedc, 0xaedc, 0xaedc, 0xaedc, 0xaedc, 0xaedc, 0xaedc, 0xaedc, 0xaedc, 0xaedc, 0xaedc, 0xaedc, 0xaedc, 0xaedc, 0xaedc, 0xaedc, 
	0xaedc, 0xaedc, 0xaedc, 0xaedc, 0xaedc, 0xaedc, 0xaedc, 0xaedc, 0xaefd, 0xaefd, 0xaedc, 0xaedc, 0xaedc, 0xaedc, 0xaedc, 0xaebc, 
	0xaedc, 0xaedc, 0xaedc, 0xaedc, 0xaedc, 0xaedc, 0xaedc, 0xaedc, 0xaedc, 0xaedc, 0xaedc, 0xaedc, 0xaedc, 0xaedc, 0xaedc, 0xaedc, 
	0xaedc, 0xaedc, 0xaedc, 0xaedc, 0xaedc, 0xaedc, 0xaedc, 0xaedc, 0xaedc, 0xaedc, 0xaedc, 0xaedc, 0xaedc, 0xaedc, 0xaedc, 0xaedc, 
	0xaedc, 0xaedc, 0xaedc, 0xaedc, 0xaedc, 0xaedc, 0xaedc, 0xaedc, 0xaedc, 0xaedc, 0xaedc, 0xaedc, 0xaedc, 0xaedc, 0xaedc, 0xaedc, 
	0xaedc, 0xaedc, 0xaedc, 0xaedc, 0xaedc, 0xaedc, 0xaedc, 0xaedc, 0xaedc, 0xaedc, 0xaedc, 0xaedc, 0xaedc, 0xaedc, 0xaedc, 0xaedc, 
	0xaedc, 0xaedc, 0xaedc, 0xaedc, 0xaedc, 0xaedc, 0xaedc, 0xaedc, 0xaedd, 0xb6dc, 0xaedc, 0xaedc, 0xb6dd, 0xa6bd, 0x6e3c, 0x4dbd, 
	0x4dbc, 0x4dbc, 0x4dbc, 0x4dbc, 0x4dbc, 0x4dbc, 0x4dbc, 0x4dbc, 0x4dbc, 0x4dbc, 0x4dbc, 0x4dbc, 0x4dbc, 0x4dbc, 0x4dbc, 0x4dbc, 
	0x4dbc, 0x4dbc, 0x4dbc, 0x4dbc, 0x4dbc, 0x4dbc, 0x4dbc, 0x4dbc, 0x4dbc, 0x4dbc, 0x4dbc, 0x4d9c, 0x4dbc, 0x4dbc, 0x55dc, 0x3c97, 
	0x1167, 0x0000, 0x0000, 0x0000, 0x0000, 0x0000, 0x0020, 0x3984, 0x938a, 0xbccf, 0xe5b2, 0xedf3, 0xedf3, 0xf5f3, 0xf5f3, 0xedd3, 
	0xedf3, 0xedf3, 0xedf3, 0xedf3, 0xedf3, 0xedf3, 0xedf3, 0xedf3, 0xedf3, 0xedf3, 0xedf3, 0xedf3, 0xedf3, 0xedf3, 0xedf3, 0xedf3, 
	0xedf3, 0xedf3, 0xedf3, 0xedf3, 0xedf3, 0xedf3, 0xedf3, 0xedf3, 0xedf3, 0xedf3, 0xedf3, 0xedf3, 0xedf3, 0xedf3, 0xedf3, 0xedf3, 
	0xedf3, 0xedf3, 0xedf3, 0xedf3, 0xedf3, 0xedf3, 0xedf3, 0xedf3, 0xedf3, 0xedf3, 0xedf3, 0xedf3, 0xedf3, 0xedf3, 0xedf3, 0xedf3, 
	0xedf3, 0xedf3, 0xedd3, 0xedd3, 0xedb2, 0xe592, 0xdd51, 0xd510, 0xbcd0, 0xac6e, 0x93ac, 0x7b0a, 0x6268, 0x49e5, 0x3123, 0x20a1, 
	0x0020, 0x0000, 0x0000, 0x0000, 0x0000, 0x0000, 0x0000, 0x0000, 0x0000, 0x0000, 0x0000, 0x0000, 0x0020, 0x0000, 0x0000, 0x0841, 
	0x1104, 0x3a8a, 0x7452, 0x95b7, 0xae9b, 0xb6fd, 0xb6dd, 0xaebd, 0xaefd, 0xb6fd, 0xb6dd, 0xaebc, 0xb6bc, 0xb6dc, 0xb6dc, 0xaedc, 
	0xaedc, 0xaedc, 0xaedc, 0xaedc, 0xaedc, 0xaedc, 0xaedc, 0xaedc, 0xaedc, 0xaedc, 0xaedc, 0xaedc, 0xaedc, 0xaedc, 0xaedc, 0xaedc, 
	0xaedc, 0xaedc, 0xaedc, 0xaedc, 0xaedc, 0xaedc, 0xaedc, 0xaedc, 0xaedc, 0xaedc, 0xaedd, 0xaedd, 0xaedc, 0xaedc, 0xaedd, 0xb6fd, 
	0xaedc, 0xaedc, 0xaedc, 0xaedc, 0xaedc, 0xaedc, 0xaedc, 0xaedc, 0xaedc, 0xaedc, 0xaedc, 0xaedc, 0xaedc, 0xaedc, 0xaedc, 0xaedc, 
	0xaedc, 0xaedc, 0xaedc, 0xaedc, 0xaedc, 0xaedc, 0xaedc, 0xaedc, 0xaedc, 0xaedc, 0xaedc, 0xaedc, 0xaedc, 0xaedc, 0xaedc, 0xaedc, 
	0xaedc, 0xaedc, 0xaedc, 0xaedc, 0xaedc, 0xaedc, 0xaedc, 0xaedc, 0xaedc, 0xaedc, 0xaedc, 0xaedc, 0xaedc, 0xaedc, 0xaedc, 0xaedc, 
	0xaedc, 0xaedc, 0xaedc, 0xaedc, 0xaedc, 0xaedc, 0xaedc, 0xaedc, 0xaedc, 0xaedc, 0xaedc, 0xaedc, 0xaedc, 0xaedc, 0xaedc, 0xaedc, 
	0xaedc, 0xaedc, 0xaedc, 0xaedc, 0xaedc, 0xaedc, 0xaedc, 0xaedc, 0xaedd, 0xb6dc, 0xaedc, 0xaedd, 0xb6bd, 0x9ebc, 0x65fb, 0x4dbd, 
	0x4dbc, 0x4dbc, 0x4dbc, 0x4dbc, 0x4dbc, 0x4dbc, 0x4dbc, 0x4dbc, 0x4dbc, 0x4dbc, 0x4dbc, 0x4dbc, 0x4dbc, 0x4dbc, 0x4dbc, 0x4dbc, 
	0x4dbc, 0x4dbc, 0x4dbc, 0x4dbc, 0x4dbc, 0x4dbc, 0x4dbc, 0x4dbc, 0x4dbc, 0x4dbb, 0x4dbc, 0x4dbd, 0x4dbc, 0x4ddc, 0x55dd, 0x4d7b, 
	0x2b51, 0x00a3, 0x0000, 0x0000, 0x0000, 0x0020, 0x0000, 0x0000, 0x0840, 0x2923, 0x39a5, 0x39a5, 0x41a5, 0x41c5, 0x41c6, 0x41c5, 
	0x41a5, 0x41a5, 0x41a5, 0x41a5, 0x41a5, 0x41a5, 0x41a5, 0x41a5, 0x41a5, 0x41a5, 0x41a5, 0x41a5, 0x41a5, 0x41a5, 0x41a5, 0x41a5, 
	0x41a5, 0x41a5, 0x41a5, 0x41a5, 0x41a5, 0x41a5, 0x41a5, 0x41a5, 0x41a5, 0x41a5, 0x41a5, 0x41a5, 0x41a5, 0x41a5, 0x41a5, 0x41a5, 
	0x41a5, 0x41a5, 0x41a5, 0x41a5, 0x41a5, 0x41a5, 0x41a5, 0x41a5, 0x41a5, 0x41a5, 0x41a5, 0x41a5, 0x41a5, 0x41a5, 0x41a5, 0x41a5, 
	0x41a5, 0x49a5, 0x49a5, 0x41a5, 0x41a5, 0x4185, 0x3964, 0x3144, 0x2903, 0x18c2, 0x1061, 0x0000, 0x0000, 0x0000, 0x0000, 0x0000, 
	0x0000, 0x0000, 0x0000, 0x0021, 0x0000, 0x0000, 0x0000, 0x0000, 0x0000, 0x0000, 0x0000, 0x0000, 0x0021, 0x10c3, 0x31e8, 0x5b4e, 
	0x8515, 0x9df9, 0xaebc, 0xaefc, 0xaedd, 0xaedd, 0xaedd, 0xb6dd, 0xaedd, 0xaebc, 0xaedc, 0xb6dd, 0xb6dd, 0xaebc, 0xaedc, 0xaedc, 
	0xaedc, 0xaedc, 0xaedc, 0xaedc, 0xaedc, 0xaedc, 0xaedc, 0xaedc, 0xaedc, 0xaedc, 0xaedc, 0xaedc, 0xaedc, 0xaedc, 0xaedc, 0xaedc, 
	0xaedc, 0xaedc, 0xaedc, 0xaedc, 0xaedc, 0xaedc, 0xaedc, 0xaedc, 0xaedc, 0xaedc, 0xaedd, 0xaedd, 0xaedc, 0xaedc, 0xaedc, 0xaedc, 
	0xaedc, 0xaedc, 0xaedc, 0xaedc, 0xaedc, 0xaedc, 0xaedc, 0xaedc, 0xaedc, 0xaedc, 0xaedc, 0xaedc, 0xaedc, 0xaedc, 0xaedc, 0xaedc, 
	0xaedc, 0xaedc, 0xaedc, 0xaedc, 0xaedc, 0xaedc, 0xaedc, 0xaedc, 0xaedc, 0xaedc, 0xaedc, 0xaedc, 0xaedc, 0xaedc, 0xaedc, 0xaedc, 
	0xaedc, 0xaedc, 0xaedc, 0xaedc, 0xaedc, 0xaedc, 0xaedc, 0xaedc, 0xaedc, 0xaedc, 0xaedc, 0xaedc, 0xaedc, 0xaedc, 0xaedc, 0xaedc, 
	0xaedc, 0xaedc, 0xaedc, 0xaedc, 0xaedc, 0xaedc, 0xaedc, 0xaedc, 0xaedc, 0xaedc, 0xaedc, 0xaedc, 0xaedc, 0xaedc, 0xaedc, 0xaedc, 
	0xaedc, 0xaedc, 0xaedc, 0xaedc, 0xaedc, 0xaedc, 0xaedc, 0xaedc, 0xaedd, 0xb6dc, 0xaedc, 0xaedd, 0xb6bd, 0x969c, 0x5dfb, 0x4dbd, 
	0x4dbc, 0x4dbc, 0x4dbc, 0x4dbc, 0x4dbc, 0x4dbc, 0x4dbc, 0x4dbc, 0x4dbc, 0x4dbc, 0x4dbc, 0x4dbc, 0x4dbc, 0x4dbc, 0x4dbc, 0x4dbc, 
	0x4dbc, 0x4dbc, 0x4dbc, 0x4dbc, 0x4dbc, 0x4dbc, 0x4dbc, 0x4dbc, 0x55bc, 0x4dbb, 0x4dbc, 0x55bd, 0x4dbc, 0x4ddc, 0x4dbd, 0x4dbc, 
	0x4d19, 0x2229, 0x0040, 0x0000, 0x0000, 0x0000, 0x0000, 0x0000, 0x0000, 0x0000, 0x0000, 0x0000, 0x0000, 0x0000, 0x0000, 0x0000, 
	0x0000, 0x0000, 0x0000, 0x0000, 0x0000, 0x0000, 0x0000, 0x0000, 0x0000, 0x0000, 0x0000, 0x0000, 0x0000, 0x0000, 0x0000, 0x0000, 
	0x0000, 0x0000, 0x0000, 0x0000, 0x0000, 0x0000, 0x0000, 0x0000, 0x0000, 0x0000, 0x0000, 0x0000, 0x0000, 0x0000, 0x0000, 0x0000, 
	0x0000, 0x0000, 0x0000, 0x0000, 0x0000, 0x0000, 0x0000, 0x0000, 0x0000, 0x0000, 0x0000, 0x0000, 0x0000, 0x0000, 0x0000, 0x0000, 
	0x0000, 0x0000, 0x0000, 0x0000, 0x0000, 0x0000, 0x0000, 0x0000, 0x0000, 0x0000, 0x0000, 0x0000, 0x0000, 0x0000, 0x0000, 0x0000, 
	0x0000, 0x0000, 0x0000, 0x0000, 0x0000, 0x0000, 0x0000, 0x0000, 0x0000, 0x0021, 0x10c3, 0x31c7, 0x5b6e, 0x84f4, 0x95f8, 0xa6bc, 
	0xaedd, 0xaedd, 0xaedd, 0xaedd, 0xaefd, 0xaedc, 0xaedc, 0xaedc, 0xaedc, 0xaedc, 0xaefd, 0xaefd, 0xa6dc, 0xaedd, 0xaefd, 0xaedd, 
	0xaedc, 0xaedc, 0xaedc, 0xaedc, 0xaedc, 0xaedc, 0xaedc, 0xaedc, 0xaedc, 0xaedc, 0xaedc, 0xaedc, 0xaedc, 0xaedc, 0xaedc, 0xaedc, 
	0xaedc, 0xaedc, 0xaedc, 0xaedc, 0xaedc, 0xaedc, 0xaedc, 0xaedc, 0xb6dd, 0xaedc, 0xaebc, 0xaedc, 0xaedd, 0xaedd, 0xaedc, 0xaedc, 
	0xaedc, 0xaedc, 0xaedc, 0xaedc, 0xaedc, 0xaedc, 0xaedc, 0xaedc, 0xaedc, 0xaedc, 0xaedc, 0xaedc, 0xaedc, 0xaedc, 0xaedc, 0xaedc, 
	0xaedc, 0xaedc, 0xaedc, 0xaedc, 0xaedc, 0xaedc, 0xaedc, 0xaedc, 0xaedc, 0xaedc, 0xaedc, 0xaedc, 0xaedc, 0xaedc, 0xaedc, 0xaedc, 
	0xaedc, 0xaedc, 0xaedc, 0xaedc, 0xaedc, 0xaedc, 0xaedc, 0xaedc, 0xaedc, 0xaedc, 0xaedc, 0xaedc, 0xaedc, 0xaedc, 0xaedc, 0xaedc, 
	0xaedc, 0xaedc, 0xaedc, 0xaedc, 0xaedc, 0xaedc, 0xaedc, 0xaedc, 0xaedc, 0xaedc, 0xaedc, 0xaedc, 0xaedc, 0xaedc, 0xaedc, 0xaedc, 
	0xaedc, 0xaedc, 0xaedc, 0xaedc, 0xaedc, 0xaedc, 0xaedc, 0xaedc, 0xb6bd, 0xb6dd, 0xb6bc, 0xaedc, 0xaefe, 0x867c, 0x5ddb, 0x55db, 
	0x55dc, 0x55dc, 0x55dc, 0x55dc, 0x55dc, 0x55dc, 0x55dc, 0x55dc, 0x55dc, 0x55dc, 0x55dc, 0x55dc, 0x55dc, 0x55dc, 0x55dc, 0x55dc, 
	0x55dc, 0x55dc, 0x55dc, 0x55dc, 0x55dc, 0x55dc, 0x55dc, 0x55dc, 0x55dc, 0x55dc, 0x55dc, 0x55dc, 0x55dc, 0x55dc, 0x55dc, 0x55dc, 
	0x55dc, 0x4496, 0x1a0a, 0x0041, 0x0000, 0x0000, 0x0000, 0x0000, 0x0000, 0x0000, 0x0000, 0x0000, 0x0000, 0x0000, 0x0000, 0x0000, 
	0x0000, 0x0000, 0x0000, 0x0000, 0x0000, 0x0000, 0x0000, 0x0000, 0x0000, 0x0000, 0x0000, 0x0000, 0x0000, 0x0000, 0x0000, 0x0000, 
	0x0000, 0x0000, 0x0000, 0x0000, 0x0000, 0x0000, 0x0000, 0x0000, 0x0000, 0x0000, 0x0000, 0x0000, 0x0000, 0x0000, 0x0000, 0x0000, 
	0x0000, 0x0000, 0x0000, 0x0000, 0x0000, 0x0000, 0x0000, 0x0000, 0x0000, 0x0000, 0x0000, 0x0000, 0x0000, 0x0000, 0x0000, 0x0000, 
	0x0000, 0x0000, 0x0000, 0x0000, 0x0000, 0x0000, 0x0000, 0x0000, 0x0000, 0x0000, 0x0000, 0x0000, 0x0000, 0x0000, 0x0000, 0x0000, 
	0x0000, 0x0000, 0x0000, 0x0000, 0x0000, 0x0000, 0x0862, 0x18e4, 0x3229, 0x534e, 0x7cb4, 0x95d8, 0xa69b, 0xaefc, 0xaefc, 0xaefc, 
	0xaedc, 0xaedc, 0xaedc, 0xaedc, 0xaedc, 0xaedc, 0xaedc, 0xaedc, 0xaedc, 0xaedc, 0xaedc, 0xaedc, 0xaedc, 0xaedc, 0xaedc, 0xaedc, 
	0xaedc, 0xaedc, 0xaedc, 0xaedc, 0xaedc, 0xaedc, 0xaedc, 0xaedc, 0xaedc, 0xaedc, 0xaedc, 0xaedc, 0xaedc, 0xaedc, 0xaedc, 0xaedc, 
	0xaedc, 0xaedc, 0xaedc, 0xaedc, 0xaedc, 0xaedc, 0xaedc, 0xaedc, 0xaedc, 0xaedc, 0xaedc, 0xaedc, 0xaedc, 0xaedc, 0xaedc, 0xaedc, 
	0xaedc, 0xaedc, 0xaedc, 0xaedc, 0xaedc, 0xaedc, 0xaedc, 0xaedc, 0xaedc, 0xaedc, 0xaedc, 0xaedc, 0xaedc, 0xaedc, 0xaedc, 0xaedc, 
	0xaedc, 0xaedc, 0xaedc, 0xaedc, 0xaedc, 0xaedc, 0xaedc, 0xaedc, 0xaedc, 0xaedc, 0xaedc, 0xaedc, 0xaedc, 0xaedc, 0xaedc, 0xaedc, 
	0xaedc, 0xaedc, 0xaedc, 0xaedc, 0xaedc, 0xaedc, 0xaedc, 0xaedc, 0xaedc, 0xaedc, 0xaedc, 0xaedc, 0xaedc, 0xaedc, 0xaedc, 0xaedc, 
	0xaedc, 0xaedc, 0xaedc, 0xaedc, 0xaedc, 0xaedc, 0xaedc, 0xaedc, 0xaedc, 0xaedc, 0xaedc, 0xaedc, 0xaedc, 0xaedc, 0xaedc, 0xaedc, 
	0xaedc, 0xaedc, 0xaedc, 0xaedc, 0xaedc, 0xaedc, 0xaedc, 0xaedc, 0xa6dc, 0xaefd, 0xaedc, 0xaedc, 0xaefd, 0x9ebd, 0x8e5c, 0x8e9d, 
	0x967c, 0x967c, 0x967c, 0x967c, 0x967c, 0x967c, 0x967c, 0x967c, 0x967c, 0x967c, 0x967c, 0x967c, 0x967c, 0x967c, 0x967c, 0x967c, 
	0x967c, 0x967c, 0x967c, 0x967c, 0x967c, 0x967c, 0x967c, 0x967c, 0x967c, 0x967c, 0x967c, 0x967c, 0x967c, 0x967c, 0x967c, 0x967c, 
	0x8e7d, 0x969d, 0x7d36, 0x3a8b, 0x1082, 0x0000, 0x0000, 0x0000, 0x0000, 0x0000, 0x0000, 0x0000, 0x0000, 0x0000, 0x0000, 0x0020, 
	0x0000, 0x0000, 0x0000, 0x0000, 0x0000, 0x0000, 0x0000, 0x0000, 0x0000, 0x0000, 0x0000, 0x0000, 0x0000, 0x0000, 0x0000, 0x0000, 
	0x0000, 0x0000, 0x0000, 0x0000, 0x0000, 0x0000, 0x0000, 0x0000, 0x0000, 0x0000, 0x0000, 0x0000, 0x0000, 0x0000, 0x0000, 0x0000, 
	0x0000, 0x0000, 0x0000, 0x0000, 0x0000, 0x0000, 0x0000, 0x0000, 0x0000, 0x0000, 0x0000, 0x0000, 0x0000, 0x0000, 0x0000, 0x0000, 
	0x0000, 0x0000, 0x0000, 0x0000, 0x0000, 0x0000, 0x0000, 0x0000, 0x0000, 0x0000, 0x0000, 0x0000, 0x0000, 0x0000, 0x0000, 0x0000, 
	0x0000, 0x0020, 0x0041, 0x08c3, 0x21a7, 0x42cc, 0x6c11, 0x8515, 0xa619, 0xae7a, 0xb6dc, 0xb6fd, 0xb6fd, 0xaedd, 0xaedc, 0xaedc, 
	0xaedc, 0xaedc, 0xaedc, 0xaedc, 0xaedc, 0xaedc, 0xaedc, 0xaedc, 0xaedc, 0xaedc, 0xaedc, 0xaedc, 0xaedc, 0xaedc, 0xaedc, 0xaedc, 
	0xaedc, 0xaedc, 0xaedc, 0xaedc, 0xaedc, 0xaedc, 0xaedc, 0xaedc, 0xaedc, 0xaedc, 0xaedc, 0xaedc, 0xaedc, 0xaedc, 0xaedc, 0xaedc, 
	0xaedc, 0xaedc, 0xaedc, 0xaedc, 0xaedc, 0xaedc, 0xaedc, 0xaedc, 0xaedc, 0xaedc, 0xaedc, 0xaedc, 0xaedc, 0xaedc, 0xaedc, 0xaedc, 
	0xaedc, 0xaedc, 0xaedc, 0xaedc, 0xaedc, 0xaedc, 0xaedc, 0xaedc, 0xaedc, 0xaedc, 0xaedc, 0xaedc, 0xaedc, 0xaedc, 0xaedc, 0xaedc, 
	0xaedc, 0xaedc, 0xaedc, 0xaedc, 0xaedc, 0xaedc, 0xaedc, 0xaedc, 0xaedc, 0xaedc, 0xaedc, 0xaedc, 0xaedc, 0xaedc, 0xaedc, 0xaedc, 
	0xaedc, 0xaedc, 0xaedc, 0xaedc, 0xaedc, 0xaedc, 0xaedc, 0xaedc, 0xaedc, 0xaedc, 0xaedc, 0xaedc, 0xaedc, 0xaedc, 0xaedc, 0xaedc, 
	0xaedc, 0xaedc, 0xaedc, 0xaedc, 0xaedc, 0xaedc, 0xaedc, 0xaedc, 0xaedc, 0xaedc, 0xaedc, 0xaedc, 0xaedc, 0xaedc, 0xaedc, 0xaedc, 
	0xaedc, 0xaedc, 0xaedc, 0xaedc, 0xaedc, 0xaedc, 0xaedc, 0xaedc, 0xaefd, 0xaefd, 0xaedc, 0xaedc, 0xb6dd, 0xaedd, 0xaedd, 0xaefd, 
	0xb6dd, 0xb6dd, 0xb6dd, 0xb6dd, 0xb6dd, 0xb6dd, 0xb6dd, 0xb6dd, 0xb6dd, 0xb6dd, 0xb6dd, 0xb6dd, 0xb6dd, 0xb6dd, 0xb6dd, 0xb6dd, 
	0xb6dd, 0xb6dd, 0xb6dd, 0xb6dd, 0xb6dd, 0xb6dd, 0xb6dd, 0xb6dd, 0xb6dd, 0xb6dd, 0xb6dd, 0xb6dd, 0xb6dd, 0xb6dd, 0xb6dd, 0xb6dd, 
	0xaedd, 0xaedd, 0xb6fd, 0x9e19, 0x63b0, 0x2166, 0x0041, 0x0000, 0x0000, 0x0000, 0x0000, 0x0000, 0x0000, 0x0000, 0x0000, 0x0000, 
	0x0000, 0x0000, 0x0000, 0x0000, 0x0000, 0x0000, 0x0000, 0x0000, 0x0000, 0x0000, 0x0000, 0x0000, 0x0000, 0x0000, 0x0000, 0x0000, 
	0x0000, 0x0000, 0x0000, 0x0000, 0x0000, 0x0000, 0x0000, 0x0000, 0x0000, 0x0000, 0x0000, 0x0000, 0x0000, 0x0000, 0x0000, 0x0000, 
	0x0000, 0x0000, 0x0000, 0x0000, 0x0000, 0x0000, 0x0000, 0x0000, 0x0000, 0x0000, 0x0000, 0x0000, 0x0000, 0x0000, 0x0000, 0x0000, 
	0x0000, 0x0000, 0x0000, 0x0000, 0x0000, 0x0000, 0x0000, 0x0000, 0x0000, 0x0000, 0x0000, 0x0000, 0x0000, 0x0041, 0x10c3, 0x2145, 
	0x29e8, 0x4acc, 0x63d0, 0x7cd4, 0x95b8, 0xa65b, 0xaedc, 0xaefd, 0xaedc, 0xaefc, 0xaedc, 0xaedc, 0xaebc, 0xaedd, 0xb6dd, 0xb6dd, 
	0xaedc, 0xaedc, 0xaedc, 0xaedc, 0xaedc, 0xaedc, 0xaedc, 0xaedc, 0xaedc, 0xaedc, 0xaedc, 0xaedc, 0xaedc, 0xaedc, 0xaedc, 0xaedc, 
	0xaedc, 0xaedc, 0xaedc, 0xaedc, 0xaedc, 0xaedc, 0xaedc, 0xaedc, 0xaedc, 0xaedc, 0xaedc, 0xaedc, 0xaedc, 0xaedc, 0xaedc, 0xaedc, 
	0xaedc, 0xaedc, 0xaedc, 0xaedc, 0xaedc, 0xaedc, 0xaedc, 0xaedc, 0xaedc, 0xaedc, 0xaedc, 0xaedc, 0xaedc, 0xaedc, 0xaedc, 0xaedc, 
	0xaedc, 0xaedc, 0xaedc, 0xaedc, 0xaedc, 0xaedc, 0xaedc, 0xaedc, 0xaedc, 0xaedc, 0xaedc, 0xaedc, 0xaedc, 0xaedc, 0xaedc, 0xaedc, 
	0xaedc, 0xaedc, 0xaedc, 0xaedc, 0xaedc, 0xaedc, 0xaedc, 0xaedc, 0xaedc, 0xaedc, 0xaedc, 0xaedc, 0xaedc, 0xaedc, 0xaedc, 0xaedc, 
	0xaedc, 0xaedc, 0xaedc, 0xaedc, 0xaedc, 0xaedc, 0xaedc, 0xaedc, 0xaedc, 0xaedc, 0xaedc, 0xaedc, 0xaedc, 0xaedc, 0xaedc, 0xaedc, 
	0xaedc, 0xaedc, 0xaedc, 0xaedc, 0xaedc, 0xaedc, 0xaedc, 0xaedc, 0xaedc, 0xaedc, 0xaedc, 0xaedc, 0xaedc, 0xaedc, 0xaedc, 0xaedc, 
	0xaedc, 0xaedc, 0xaedc, 0xaedc, 0xaedc, 0xaedc, 0xaedc, 0xaedc, 0xb6dd, 0xb6dd, 0xb6dd, 0xb6dc, 0xaedc, 0xaedc, 0xaedc, 0xaedc, 
	0xaefd, 0xaefd, 0xaefd, 0xaefd, 0xaefd, 0xaefd, 0xaefd, 0xaefd, 0xaefd, 0xaefd, 0xaefd, 0xaefd, 0xaefd, 0xaefd, 0xaefd, 0xaefd, 
	0xaefd, 0xaefd, 0xaefd, 0xaefd, 0xaefd, 0xaefd, 0xaefd, 0xaefd, 0xaefd, 0xaefd, 0xaefd, 0xaefd, 0xaefd, 0xaefd, 0xaefd, 0xaefd, 
	0xb6fc, 0xaebb, 0xaedc, 0xaefd, 0xa69b, 0x8d97, 0x63f0, 0x3228, 0x2105, 0x10a3, 0x0041, 0x0021, 0x0001, 0x0001, 0x0001, 0x0001, 
	0x0001, 0x0001, 0x0001, 0x0001, 0x0001, 0x0001, 0x0001, 0x0001, 0x0001, 0x0001, 0x0001, 0x0001, 0x0001, 0x0001, 0x0001, 0x0001, 
	0x0001, 0x0001, 0x0001, 0x0001, 0x0001, 0x0001, 0x0001, 0x0001, 0x0001, 0x0001, 0x0001, 0x0001, 0x0001, 0x0001, 0x0001, 0x0001, 
	0x0001, 0x0001, 0x0001, 0x0001, 0x0001, 0x0001, 0x0001, 0x0001, 0x0001, 0x0001, 0x0001, 0x0001, 0x0001, 0x0001, 0x0001, 0x0001, 
	0x0021, 0x0001, 0x0021, 0x0021, 0x0821, 0x0862, 0x1083, 0x10c3, 0x1945, 0x2186, 0x31e8, 0x3a6a, 0x4aec, 0x5b8f, 0x7492, 0x8d35, 
	0x9e39, 0xa67b, 0xaebc, 0xaedc, 0xb6dd, 0xb6fd, 0xaedd, 0xaebd, 0xaefd, 0xaefd, 0xaefd, 0xaefd, 0xaedd, 0xaedd, 0xaedc, 0xb6bc, 
	0xaedc, 0xaedc, 0xaedc, 0xaedc, 0xaedc, 0xaedc, 0xaedc, 0xaedc, 0xaedc, 0xaedc, 0xaedc, 0xaedc, 0xaedc, 0xaedc, 0xaedc, 0xaedc, 
	0xaedc, 0xaedc, 0xaedc, 0xaedc, 0xaedc, 0xaedc, 0xaedc, 0xaedc, 0xaedc, 0xaedc, 0xaedc, 0xaedc, 0xaedc, 0xaedc, 0xaedc, 0xaedc, 
	0xaedc, 0xaedc, 0xaedc, 0xaedc, 0xaedc, 0xaedc, 0xaedc, 0xaedc, 0xaedc, 0xaedc, 0xaedc, 0xaedc, 0xaedc, 0xaedc, 0xaedc, 0xaedc, 
	0xaedc, 0xaedc, 0xaedc, 0xaedc, 0xaedc, 0xaedc, 0xaedc, 0xaedc, 0xaedc, 0xaedc, 0xaedc, 0xaedc, 0xaedc, 0xaedc, 0xaedc, 0xaedc, 
	0xaedc, 0xaedc, 0xaedc, 0xaedc, 0xaedc, 0xaedc, 0xaedc, 0xaedc, 0xaedc, 0xaedc, 0xaedc, 0xaedc, 0xaedc, 0xaedc, 0xaedc, 0xaedc, 
	0xaedc, 0xaedc, 0xaedc, 0xaedc, 0xaedc, 0xaedc, 0xaedc, 0xaedc, 0xaedc, 0xaedc, 0xaedc, 0xaedc, 0xaedc, 0xaedc, 0xaedc, 0xaedc, 
	0xaedc, 0xaedc, 0xaedc, 0xaedc, 0xaedc, 0xaedc, 0xaedc, 0xaedc, 0xaedc, 0xaedc, 0xaedc, 0xaedc, 0xaedc, 0xaedc, 0xaedc, 0xaedc, 
	0xaedc, 0xaedc, 0xaedc, 0xaedc, 0xaedc, 0xaedc, 0xaedc, 0xaedc, 0xb6dc, 0xb6bc, 0xb6dd, 0xaedd, 0xaedd, 0xaedd, 0xaedc, 0xaebc, 
	0xaedc, 0xaedc, 0xaedc, 0xaedc, 0xaedc, 0xaedc, 0xaedc, 0xaedc, 0xaedc, 0xaedc, 0xaedc, 0xaedc, 0xaedc, 0xaedc, 0xaedc, 0xaedc, 
	0xaedc, 0xaedc, 0xaedc, 0xaedc, 0xaedc, 0xaedc, 0xaedc, 0xaedc, 0xaedc, 0xaedc, 0xaedc, 0xaedc, 0xaedc, 0xaedc, 0xaedc, 0xaedc, 
	0xaedc, 0xaedc, 0xaedc, 0xaefd, 0xaefd, 0xaefc, 0xa67b, 0xa619, 0x8535, 0x7cb3, 0x6c52, 0x6c31, 0x6c31, 0x6c11, 0x6c11, 0x6c31, 
	0x6c31, 0x6c31, 0x6c31, 0x6c31, 0x6c31, 0x6c31, 0x6c31, 0x6c31, 0x6c31, 0x6c31, 0x6c31, 0x6c31, 0x6c31, 0x6c31, 0x6c31, 0x6c31, 
	0x6c31, 0x6c31, 0x6c31, 0x6c31, 0x6c31, 0x6c31, 0x6c31, 0x6c31, 0x6c31, 0x6c31, 0x6c31, 0x6c31, 0x6c31, 0x6c31, 0x6c31, 0x6c31, 
	0x6c31, 0x6c31, 0x6c31, 0x6c31, 0x6c31, 0x6c31, 0x6c31, 0x6c31, 0x6c31, 0x6c31, 0x6c31, 0x6c31, 0x6c31, 0x6c31, 0x6c31, 0x6c31, 
	0x6c31, 0x6c31, 0x6c31, 0x6c31, 0x6c52, 0x7472, 0x74b3, 0x7cd4, 0x8515, 0x8d56, 0x9dd8, 0xa65a, 0xaebc, 0xb6bc, 0xaedc, 0xaedd, 
	0xaefd, 0xaefd, 0xaedd, 0xaedc, 0xaedc, 0xaedc, 0xb6bc, 0xb6dd, 0xaedc, 0xaedc, 0xaedc, 0xaedc, 0xaedc, 0xaedc, 0xaedc, 0xaedc, 
	0xaedc, 0xaedc, 0xaedc, 0xaedc, 0xaedc, 0xaedc, 0xaedc, 0xaedc, 0xaedc, 0xaedc, 0xaedc, 0xaedc, 0xaedc, 0xaedc, 0xaedc, 0xaedc, 
	0xaedc, 0xaedc, 0xaedc, 0xaedc, 0xaedc, 0xaedc, 0xaedc, 0xaedc, 0xaedc, 0xaedc, 0xaedc, 0xaedc, 0xaedc, 0xaedc, 0xaedc, 0xaedc, 
	0xaedc, 0xaedc, 0xaedc, 0xaedc, 0xaedc, 0xaedc, 0xaedc, 0xaedc, 0xaedc, 0xaedc, 0xaedc, 0xaedc, 0xaedc, 0xaedc, 0xaedc, 0xaedc, 
	0xaedc, 0xaedc, 0xaedc, 0xaedc, 0xaedc, 0xaedc, 0xaedc, 0xaedc, 0xaedc, 0xaedc, 0xaedc, 0xaedc, 0xaedc, 0xaedc, 0xaedc, 0xaedc, 
	0xaedc, 0xaedc, 0xaedc, 0xaedc, 0xaedc, 0xaedc, 0xaedc, 0xaedc, 0xaedc, 0xaedc, 0xaedc, 0xaedc, 0xaedc, 0xaedc, 0xaedc, 0xaedc, 
	0xaedc, 0xaedc, 0xaedc, 0xaedc, 0xaedc, 0xaedc, 0xaedc, 0xaedc, 0xaedc, 0xaedc, 0xaedc, 0xaedc, 0xaedc, 0xaedc, 0xaedc, 0xaedc, 
	0xaedc, 0xaedc, 0xaedc, 0xaedc, 0xaedc, 0xaedc, 0xaedc, 0xaedc, 0xaedc, 0xaedc, 0xaedc, 0xaedc, 0xaedc, 0xaedc, 0xaedc, 0xaedc, 
	0xaedc, 0xaedc, 0xaedc, 0xaedc, 0xaedc, 0xaedc, 0xaedc, 0xaedc, 0xaedc, 0xaedc, 0xaedc, 0xaedd, 0xaedd, 0xb6dd, 0xb6dd, 0xb6bd, 
	0xaedc, 0xaedc, 0xaedc, 0xaedc, 0xaedc, 0xaedc, 0xaedc, 0xaedc, 0xaedc, 0xaedc, 0xaedc, 0xaedc, 0xaedc, 0xaedc, 0xaedc, 0xaedc, 
	0xaedc, 0xaedc, 0xaedc, 0xaedc, 0xaedc, 0xaedc, 0xaedc, 0xaedc, 0xaedc, 0xaedc, 0xaedc, 0xaedc, 0xaedc, 0xaedc, 0xaedc, 0xaedc, 
	0xb6bd, 0xb6dd, 0xaedc, 0xaebc, 0xb6bc, 0xb6dd, 0xb6dd, 0xaedd, 0xaefc, 0xaedc, 0xaedc, 0xaefd, 0xaefd, 0xb6fc, 0xaedc, 0xaedc, 
	0xb6fc, 0xb6fc, 0xb6fc, 0xb6fc, 0xb6fc, 0xb6fc, 0xb6fc, 0xb6fc, 0xb6fc, 0xb6fc, 0xb6fc, 0xb6fc, 0xb6fc, 0xb6fc, 0xb6fc, 0xb6fc, 
	0xb6fc, 0xb6fc, 0xb6fc, 0xb6fc, 0xb6fc, 0xb6fc, 0xb6fc, 0xb6fc, 0xb6fc, 0xb6fc, 0xb6fc, 0xb6fc, 0xb6fc, 0xb6fc, 0xb6fc, 0xb6fc, 
	0xb6fc, 0xb6fc, 0xb6fc, 0xb6fc, 0xb6fc, 0xb6fc, 0xb6fc, 0xb6fc, 0xb6fc, 0xb6fc, 0xb6fc, 0xb6fc, 0xb6fc, 0xb6fc, 0xb6fc, 0xb6fc, 
	0xb6fc, 0xb6fc, 0xaedc, 0xaefc, 0xaedc, 0xaedc, 0xaefc, 0xaefc, 0xb6fd, 0xaedd, 0xaedd, 0xaedd, 0xaedd, 0xaedd, 0xa6dd, 0xaedd, 
	0xaebd, 0xaedd, 0xaebd, 0xb6dd, 0xb6fd, 0xaedc, 0xaedc, 0xaedc, 0xb6dd, 0xb6dd, 0xb6dc, 0xaedc, 0xaedc, 0xaedc, 0xaedc, 0xaedc, 
	0xaedc, 0xaedc, 0xaedc, 0xaedc, 0xaedc, 0xaedc, 0xaedc, 0xaedc, 0xaedc, 0xaedc, 0xaedc, 0xaedc, 0xaedc, 0xaedc, 0xaedc, 0xaedc, 
	0xaedc, 0xaedc, 0xaedc, 0xaedc, 0xaedc, 0xaedc, 0xaedc, 0xaedc, 0xaedc, 0xaedc, 0xaedc, 0xaedc, 0xaedc, 0xaedc, 0xaedc, 0xaedc, 
	0xaedc, 0xaedc, 0xaedc, 0xaedc, 0xaedc, 0xaedc, 0xaedc, 0xaedc, 0xaedc, 0xaedc, 0xaedc, 0xaedc, 0xaedc, 0xaedc, 0xaedc, 0xaedc, 
	0xaedc, 0xaedc, 0xaedc, 0xaedc, 0xaedc, 0xaedc, 0xaedc, 0xaedc, 0xaedc, 0xaedc, 0xaedc, 0xaedc, 0xaedc, 0xaedc, 0xaedc, 0xaedc, 
	0xaedc, 0xaedc, 0xaedc, 0xaedc, 0xaedc, 0xaedc, 0xaedc, 0xaedc, 0xaedc, 0xaedc, 0xaedc, 0xaedc, 0xaedc, 0xaedc, 0xaedc, 0xaedc, 
	0xaedc, 0xaedc, 0xaedc, 0xaedc, 0xaedc, 0xaedc, 0xaedc, 0xaedc, 0xaedc, 0xaedc, 0xaedc, 0xaedc, 0xaedc, 0xaedc, 0xaedc, 0xaedc, 
	0xaedc, 0xaedc, 0xaedc, 0xaedc, 0xaedc, 0xaedc, 0xaedc, 0xaedc, 0xaedc, 0xaedc, 0xaedc, 0xaedc, 0xaedc, 0xaedc, 0xaedc, 0xaedc, 
	0xaedc, 0xaedc, 0xaedc, 0xaedc, 0xaedc, 0xaedc, 0xaedc, 0xaedc, 0xaefd, 0xaedc, 0xaedc, 0xaedc, 0xaedc, 0xaedc, 0xb6dd, 0xb6dd, 
	0xaedd, 0xaedd, 0xaedd, 0xaedd, 0xaedd, 0xaedd, 0xaedd, 0xaedd, 0xaedd, 0xaedd, 0xaedd, 0xaedd, 0xaedd, 0xaedd, 0xaedd, 0xaedd, 
	0xaedd, 0xaedd, 0xaedd, 0xaedd, 0xaedd, 0xaedd, 0xaedd, 0xaedd, 0xaedd, 0xaedd, 0xaedd, 0xaedd, 0xaedd, 0xaedd, 0xaedd, 0xaedd, 
	0xb6bd, 0xaedd, 0xaefd, 0xb6fd, 0xb6dc, 0xb6bc, 0xaebd, 0xaefd, 0xaedc, 0xaedd, 0xaedd, 0xaedc, 0xaedc, 0xaedc, 0xaedd, 0xb6fd, 
	0xaedc, 0xaedc, 0xaedc, 0xaedc, 0xaedc, 0xaedc, 0xaedc, 0xaedc, 0xaedc, 0xaedc, 0xaedc, 0xaedc, 0xaedc, 0xaedc, 0xaedc, 0xaedc, 
	0xaedc, 0xaedc, 0xaedc, 0xaedc, 0xaedc, 0xaedc, 0xaedc, 0xaedc, 0xaedc, 0xaedc, 0xaedc, 0xaedc, 0xaedc, 0xaedc, 0xaedc, 0xaedc, 
	0xaedc, 0xaedc, 0xaedc, 0xaedc, 0xaedc, 0xaedc, 0xaedc, 0xaedc, 0xaedc, 0xaedc, 0xaedc, 0xaedc, 0xaedc, 0xaedc, 0xaedc, 0xaedc, 
	0xaedc, 0xaedc, 0xaedc, 0xb6fd, 0xb6fd, 0xaedd, 0xaedc, 0xaedd, 0xaebc, 0xaedc, 0xaefd, 0xaefd, 0xaedd, 0xaedd, 0xaedd, 0xaedd, 
	0xb6dd, 0xb6dd, 0xaebc, 0xaebc, 0xaedc, 0xaedc, 0xaedc, 0xaefd, 0xaedc, 0xaedc, 0xb6dd, 0xb6dd, 0xb6dd, 0xaedd, 0xaedd, 0xaedd, 
	0xaedc, 0xaedc, 0xaedc, 0xaedc, 0xaedc, 0xaedc, 0xaedc, 0xaedc, 0xaedc, 0xaedc, 0xaedc, 0xaedc, 0xaedc, 0xaedc, 0xaedc, 0xaedc, 
	0xaedc, 0xaedc, 0xaedc, 0xaedc, 0xaedc, 0xaedc, 0xaedc, 0xaedc, 0xaedc, 0xaedc, 0xaedc, 0xaedc, 0xaedc, 0xaedc, 0xaedc, 0xaedc, 
	0xaedc, 0xaedc, 0xaedc, 0xaedc, 0xaedc, 0xaedc, 0xaedc, 0xaedc, 0xaedc, 0xaedc, 0xaedc, 0xaedc, 0xaedc, 0xaedc, 0xaedc, 0xaedc, 
	0xaedc, 0xaedc, 0xaedc, 0xaedc, 0xaedc, 0xaedc, 0xaedc, 0xaedc, 0xaedc, 0xaedc, 0xaedc, 0xaedc, 0xaedc, 0xaedc, 0xaedc, 0xaedc, 
	0xaedc, 0xaedc, 0xaedc, 0xaedc, 0xaedc, 0xaedc, 0xaedc, 0xaedc, 0xaedc, 0xaedc, 0xaedc, 0xaedc, 0xaedc, 0xaedc, 0xaedc, 0xaedc, 
	0xaedc, 0xaedc, 0xaedc, 0xaedc, 0xaedc, 0xaedc, 0xaedc, 0xaedc, 0xaedc, 0xaedc, 0xaedc, 0xaedc, 0xaedc, 0xaedc, 0xaedc, 0xaedc, 
	0xaedc, 0xaedc, 0xaedc, 0xaedc, 0xaedc, 0xaedc, 0xaedc, 0xaedc, 0xaedc, 0xaedc, 0xaedc, 0xaedc, 0xaedc, 0xaedc, 0xaedc, 0xaedc, 
	0xaedc, 0xaedc, 0xaedc, 0xaedc, 0xaedc, 0xaedc, 0xaedc, 0xaedc, 0xaedd, 0xb6dd, 0xaedc, 0xaedc, 0xb6dc, 0xaedc, 0xaedc, 0xaefd, 
	0xaedc, 0xaedc, 0xaedc, 0xaedc, 0xaedc, 0xaedc, 0xaedc, 0xaedc, 0xaedc, 0xaedc, 0xaedc, 0xaedc, 0xaedc, 0xaedc, 0xaedc, 0xaedc, 
	0xaedc, 0xaedc, 0xaedc, 0xaedc, 0xaedc, 0xaedc, 0xaedc, 0xaedc, 0xaedc, 0xaedc, 0xaedc, 0xaedc, 0xaedc, 0xaedc, 0xaedc, 0xaedc, 
	0xaefd, 0xaedc, 0xaedc, 0xaedd, 0xaedc, 0xaefc, 0xaefc, 0xaedc, 0xaebc, 0xaedc, 0xaedc, 0xaedc, 0xaedc, 0xaedd, 0xaedc, 0xaedc, 
	0xaedc, 0xaedc, 0xaedc, 0xaedc, 0xaedc, 0xaedc, 0xaedc, 0xaedc, 0xaedc, 0xaedc, 0xaedc, 0xaedc, 0xaedc, 0xaedc, 0xaedc, 0xaedc, 
	0xaedc, 0xaedc, 0xaedc, 0xaedc, 0xaedc, 0xaedc, 0xaedc, 0xaedc, 0xaedc, 0xaedc, 0xaedc, 0xaedc, 0xaedc, 0xaedc, 0xaedc, 0xaedc, 
	0xaedc, 0xaedc, 0xaedc, 0xaedc, 0xaedc, 0xaedc, 0xaedc, 0xaedc, 0xaedc, 0xaedc, 0xaedc, 0xaedc, 0xaedc, 0xaedc, 0xaedc, 0xaedc, 
	0xb6dd, 0xaedc, 0xaedc, 0xaedc, 0xaedc, 0xaedc, 0xaedc, 0xaedc, 0xaedc, 0xb6dc, 0xaedc, 0xaebc, 0xb6bc, 0xb6dc, 0xb6dc, 0xb6bc, 
	0xaedc, 0xaefc, 0xaedc, 0xaedc, 0xb6fd, 0xaedd, 0xaebc, 0xaebd, 0xaefd, 0xaedd, 0xaedd, 0xaedd, 0xaedd, 0xaedd, 0xaedd, 0xaedd, 
	0xaedc, 0xaedc, 0xaedc, 0xaedc, 0xaedc, 0xaedc, 0xaedc, 0xaedc, 0xaedc, 0xaedc, 0xaedc, 0xaedc, 0xaedc, 0xaedc, 0xaedc, 0xaedc, 
	0xaedc, 0xaedc, 0xaedc, 0xaedc, 0xaedc, 0xaedc, 0xaedc, 0xaedc, 0xaedc, 0xaedc, 0xaedc, 0xaedc, 0xaedc, 0xaedc, 0xaedc, 0xaedc, 
	0xaedc, 0xaedc, 0xaedc, 0xaedc, 0xaedc, 0xaedc, 0xaedc, 0xaedc, 0xaedc, 0xaedc, 0xaedc, 0xaedc, 0xaedc, 0xaedc, 0xaedc, 0xaedc, 
	0xaedc, 0xaedc, 0xaedc, 0xaedc, 0xaedc, 0xaedc, 0xaedc, 0xaedc, 0xaedc, 0xaedc, 0xaedc, 0xaedc, 0xaedc, 0xaedc, 0xaedc, 0xaedc, 
	0xaedc, 0xaedc, 0xaedc, 0xaedc, 0xaedc, 0xaedc, 0xaedc, 0xaedc, 0xaedc, 0xaedc, 0xaedc, 0xaedc, 0xaedc, 0xaedc, 0xaedc, 0xaedc, 
	0xaedc, 0xaedc, 0xaedc, 0xaedc, 0xaedc, 0xaedc, 0xaedc, 0xaedc, 0xaedc, 0xaedc, 0xaedc, 0xaedc, 0xaedc, 0xaedc, 0xaedc, 0xaedc, 
	0xaedc, 0xaedc, 0xaedc, 0xaedc, 0xaedc, 0xaedc, 0xaedc, 0xaedc, 0xaedc, 0xaedc, 0xaedc, 0xaedc, 0xaedc, 0xaedc, 0xaedc, 0xaedc, 
	0xaedc, 0xaedc, 0xaedc, 0xaedc, 0xaedc, 0xaedc, 0xaedc, 0xaedc, 0xaedc, 0xaedc, 0xaedc, 0xaedc, 0xaedc, 0xaedc, 0xaedc, 0xaedc, 
	0xaedc, 0xaedc, 0xaedc, 0xaedc, 0xaedc, 0xaedc, 0xaedc, 0xaedc, 0xaedc, 0xaedc, 0xaedc, 0xaedc, 0xaedc, 0xaedc, 0xaedc, 0xaedc, 
	0xaedc, 0xaedc, 0xaedc, 0xaedc, 0xaedc, 0xaedc, 0xaedc, 0xaedc, 0xaedc, 0xaedc, 0xaedc, 0xaedc, 0xaedc, 0xaedc, 0xaedc, 0xaedc, 
	0xaedc, 0xaedc, 0xaedc, 0xaedc, 0xaedc, 0xaedc, 0xaedc, 0xaedc, 0xaedc, 0xaedc, 0xaedc, 0xaedc, 0xaedc, 0xaedc, 0xaedc, 0xaedc, 
	0xaedc, 0xaedc, 0xaedc, 0xaedc, 0xaedc, 0xaedc, 0xaedc, 0xaedc, 0xaedc, 0xaedc, 0xaedc, 0xaedc, 0xaedc, 0xaedc, 0xaedc, 0xaedc, 
	0xaedc, 0xaedc, 0xaedc, 0xaedc, 0xaedc, 0xaedc, 0xaedc, 0xaedc, 0xaedc, 0xaedc, 0xaedc, 0xaedc, 0xaedc, 0xaedc, 0xaedc, 0xaedc, 
	0xaedc, 0xaedc, 0xaedc, 0xaedc, 0xaedc, 0xaedc, 0xaedc, 0xaedc, 0xaedc, 0xaedc, 0xaedc, 0xaedc, 0xaedc, 0xaedc, 0xaedc, 0xaedc, 
	0xaedc, 0xaedc, 0xaedc, 0xaedc, 0xaedc, 0xaedc, 0xaedc, 0xaedc, 0xaedc, 0xaedc, 0xaedc, 0xaedc, 0xaedc, 0xaedc, 0xaedc, 0xaedc, 
	0xaedc, 0xaedc, 0xaedc, 0xaedc, 0xaedc, 0xaedc, 0xaedc, 0xaedc, 0xaedc, 0xaedc, 0xaedc, 0xaedc, 0xaedc, 0xaedc, 0xaedc, 0xaedc, 
	0xaedc, 0xaedc, 0xaedc, 0xaedc, 0xaedc, 0xaedc, 0xaedc, 0xaedc, 0xaedc, 0xaedc, 0xaedc, 0xaedc, 0xaedc, 0xaedc, 0xaedc, 0xaedc, 
	0xaedc, 0xaedc, 0xaedc, 0xaedc, 0xaedc, 0xaedc, 0xaedc, 0xaedc, 0xaedc, 0xaedc, 0xaedc, 0xaedc, 0xaedc, 0xaedc, 0xaedc, 0xaedc, 
	0xaedc, 0xaedc, 0xaedc, 0xaedc, 0xaedc, 0xaedc, 0xaedc, 0xaedc, 0xaedc, 0xaedc, 0xaedc, 0xaedc, 0xaedc, 0xaedc, 0xaedc, 0xaedc, 
	0xaedc, 0xaedc, 0xaedc, 0xaedc, 0xaedc, 0xaedc, 0xaedc, 0xaedc, 0xaedc, 0xaedc, 0xaedc, 0xaedc, 0xaedc, 0xaedc, 0xaedc, 0xaedc, 
	0xaedc, 0xaedc, 0xaedc, 0xaedc, 0xaedc, 0xaedc, 0xaedc, 0xaedc, 0xaedc, 0xaedc, 0xaedc, 0xaedc, 0xaedc, 0xaedc, 0xaedc, 0xaedc, 
	0xaedc, 0xaedc, 0xaedc, 0xaedc, 0xaedc, 0xaedc, 0xaedc, 0xaedc, 0xaedc, 0xaedc, 0xaedc, 0xaedc, 0xaedc, 0xaedc, 0xaedc, 0xaedc, 
	0xaedc, 0xaedc, 0xaedc, 0xaedc, 0xaedc, 0xaedc, 0xaedc, 0xaedc, 0xaedc, 0xaedc, 0xaedc, 0xaedc, 0xaedc, 0xaedc, 0xaedc, 0xaedc, 
	0xaedc, 0xaedc, 0xaedc, 0xaedc, 0xaedc, 0xaedc, 0xaedc, 0xaedc, 0xaedc, 0xaedc, 0xaedc, 0xaedc, 0xaedc, 0xaedc, 0xaedc, 0xaedc, 
	0xaedc, 0xaedc, 0xaedc, 0xaedc, 0xaedc, 0xaedc, 0xaedc, 0xaedc, 0xaedc, 0xaedc, 0xaedc, 0xaedc, 0xaedc, 0xaedc, 0xaedc, 0xaedc, 
	0xaedc, 0xaedc, 0xaedc, 0xaedc, 0xaedc, 0xaedc, 0xaedc, 0xaedc, 0xaedc, 0xaedc, 0xaedc, 0xaedc, 0xaedc, 0xaedc, 0xaedc, 0xaedc, 
	0xaedc, 0xaedc, 0xaedc, 0xaedc, 0xaedc, 0xaedc, 0xaedc, 0xaedc, 0xaedc, 0xaedc, 0xaedc, 0xaedc, 0xaedc, 0xaedc, 0xaedc, 0xaedc, 
	0xaedc, 0xaedc, 0xaedc, 0xaedc, 0xaedc, 0xaedc, 0xaedc, 0xaedc, 0xaedc, 0xaedc, 0xaedc, 0xaedc, 0xaedc, 0xaedc, 0xaedc, 0xaedc, 
	0xaedc, 0xaedc, 0xaedc, 0xaedc, 0xaedc, 0xaedc, 0xaedc, 0xaedc, 0xaedc, 0xaedc, 0xaedc, 0xaedc, 0xaedc, 0xaedc, 0xaedc, 0xaedc, 
	0xaedc, 0xaedc, 0xaedc, 0xaedc, 0xaedc, 0xaedc, 0xaedc, 0xaedc, 0xaedc, 0xaedc, 0xaedc, 0xaedc, 0xaedc, 0xaedc, 0xaedc, 0xaedc, 
	0xaedc, 0xaedc, 0xaedc, 0xaedc, 0xaedc, 0xaedc, 0xaedc, 0xaedc, 0xaedc, 0xaedc, 0xaedc, 0xaedc, 0xaedc, 0xaedc, 0xaedc, 0xaedc, 
	0xaedc, 0xaedc, 0xaedc, 0xaedc, 0xaedc, 0xaedc, 0xaedc, 0xaedc, 0xaedc, 0xaedc, 0xaedc, 0xaedc, 0xaedc, 0xaedc, 0xaedc, 0xaedc, 
	0xaedc, 0xaedc, 0xaedc, 0xaedc, 0xaedc, 0xaedc, 0xaedc, 0xaedc, 0xaedc, 0xaedc, 0xaedc, 0xaedc, 0xaedc, 0xaedc, 0xaedc, 0xaedc, 
	0xaedc, 0xaedc, 0xaedc, 0xaedc, 0xaedc, 0xaedc, 0xaedc, 0xaedc, 0xaedc, 0xaedc, 0xaedc, 0xaedc, 0xaedc, 0xaedc, 0xaedc, 0xaedc, 
	0xaedc, 0xaedc, 0xaedc, 0xaedc, 0xaedc, 0xaedc, 0xaedc, 0xaedc, 0xaedc, 0xaedc, 0xaedc, 0xaedc, 0xaedc, 0xaedc, 0xaedc, 0xaedc, 
	0xaedc, 0xaedc, 0xaedc, 0xaedc, 0xaedc, 0xaedc, 0xaedc, 0xaedc, 0xaedc, 0xaedc, 0xaedc, 0xaedc, 0xaedc, 0xaedc, 0xaedc, 0xaedc, 
	0xaedc, 0xaedc, 0xaedc, 0xaedc, 0xaedc, 0xaedc, 0xaedc, 0xaedc, 0xaedc, 0xaedc, 0xaedc, 0xaedc, 0xaedc, 0xaedc, 0xaedc, 0xaedc, 
	0xaedc, 0xaedc, 0xaedc, 0xaedc, 0xaedc, 0xaedc, 0xaedc, 0xaedc, 0xaedc, 0xaedc, 0xaedc, 0xaedc, 0xaedc, 0xaedc, 0xaedc, 0xaedc, 
	0xaedc, 0xaedc, 0xaedc, 0xaedc, 0xaedc, 0xaedc, 0xaedc, 0xaedc, 0xaedc, 0xaedc, 0xaedc, 0xaedc, 0xaedc, 0xaedc, 0xaedc, 0xaedc, 
	0xaedc, 0xaedc, 0xaedc, 0xaedc, 0xaedc, 0xaedc, 0xaedc, 0xaedc, 0xaedc, 0xaedc, 0xaedc, 0xaedc, 0xaedc, 0xaedc, 0xaedc, 0xaedc, 
	0xaedc, 0xaedc, 0xaedc, 0xaedc, 0xaedc, 0xaedc, 0xaedc, 0xaedc, 0xaedc, 0xaedc, 0xaedc, 0xaedc, 0xaedc, 0xaedc, 0xaedc, 0xaedc, 
	0xaedc, 0xaedc, 0xaedc, 0xaedc, 0xaedc, 0xaedc, 0xaedc, 0xaedc, 0xaedc, 0xaedc, 0xaedc, 0xaedc, 0xaedc, 0xaedc, 0xaedc, 0xaedc, 
	0xaedc, 0xaedc, 0xaedc, 0xaedc, 0xaedc, 0xaedc, 0xaedc, 0xaedc, 0xaedc, 0xaedc, 0xaedc, 0xaedc, 0xaedc, 0xaedc, 0xaedc, 0xaedc, 
	0xaedc, 0xaedc, 0xaedc, 0xaedc, 0xaedc, 0xaedc, 0xaedc, 0xaedc, 0xaedc, 0xaedc, 0xaedc, 0xaedc, 0xaedc, 0xaedc, 0xaedc, 0xaedc, 
	0xaedc, 0xaedc, 0xaedc, 0xaedc, 0xaedc, 0xaedc, 0xaedc, 0xaedc, 0xaedc, 0xaedc, 0xaedc, 0xaedc, 0xaedc, 0xaedc, 0xaedc, 0xaedc, 
	0xaedc, 0xaedc, 0xaedc, 0xaedc, 0xaedc, 0xaedc, 0xaedc, 0xaedc, 0xaedc, 0xaedc, 0xaedc, 0xaedc, 0xaedc, 0xaedc, 0xaedc, 0xaedc, 
	0xaedc, 0xaedc, 0xaedc, 0xaedc, 0xaedc, 0xaedc, 0xaedc, 0xaedc, 0xaedc, 0xaedc, 0xaedc, 0xaedc, 0xaedc, 0xaedc, 0xaedc, 0xaedc, 
	0xaedc, 0xaedc, 0xaedc, 0xaedc, 0xaedc, 0xaedc, 0xaedc, 0xaedc, 0xaedc, 0xaedc, 0xaedc, 0xaedc, 0xaedc, 0xaedc, 0xaedc, 0xaedc, 
	0xaedc, 0xaedc, 0xaedc, 0xaedc, 0xaedc, 0xaedc, 0xaedc, 0xaedc, 0xaedc, 0xaedc, 0xaedc, 0xaedc, 0xaedc, 0xaedc, 0xaedc, 0xaedc, 
	0xaedc, 0xaedc, 0xaedc, 0xaedc, 0xaedc, 0xaedc, 0xaedc, 0xaedc, 0xaedc, 0xaedc, 0xaedc, 0xaedc, 0xaedc, 0xaedc, 0xaedc, 0xaedc, 
	0xaedc, 0xaedc, 0xaedc, 0xaedc, 0xaedc, 0xaedc, 0xaedc, 0xaedc, 0xaedc, 0xaedc, 0xaedc, 0xaedc, 0xaedc, 0xaedc, 0xaedc, 0xaedc, 
	0xaedc, 0xaedc, 0xaedc, 0xaedc, 0xaedc, 0xaedc, 0xaedc, 0xaedc, 0xaedc, 0xaedc, 0xaedc, 0xaedc, 0xaedc, 0xaedc, 0xaedc, 0xaedc, 
	0xaedc, 0xaedc, 0xaedc, 0xaedc, 0xaedc, 0xaedc, 0xaedc, 0xaedc, 0xaedc, 0xaedc, 0xaedc, 0xaedc, 0xaedc, 0xaedc, 0xaedc, 0xaedc, 
	0xaedc, 0xaedc, 0xaedc, 0xaedc, 0xaedc, 0xaedc, 0xaedc, 0xaedc, 0xaedc, 0xaedc, 0xaedc, 0xaedc, 0xaedc, 0xaedc, 0xaedc, 0xaedc, 
	0xaedc, 0xaedc, 0xaedc, 0xaedc, 0xaedc, 0xaedc, 0xaedc, 0xaedc, 0xaedc, 0xaedc, 0xaedc, 0xaedc, 0xaedc, 0xaedc, 0xaedc, 0xaedc, 
	0xaedc, 0xaedc, 0xaedc, 0xaedc, 0xaedc, 0xaedc, 0xaedc, 0xaedc, 0xaedc, 0xaedc, 0xaedc, 0xaedc, 0xaedc, 0xaedc, 0xaedc, 0xaedc, 
	0xaedc, 0xaedc, 0xaedc, 0xaedc, 0xaedc, 0xaedc, 0xaedc, 0xaedc, 0xaedc, 0xaedc, 0xaedc, 0xaedc, 0xaedc, 0xaedc, 0xaedc, 0xaedc, 
	0xaedc, 0xaedc, 0xaedc, 0xaedc, 0xaedc, 0xaedc, 0xaedc, 0xaedc, 0xaedc, 0xaedc, 0xaedc, 0xaedc, 0xaedc, 0xaedc, 0xaedc, 0xaedc, 
	0xaedc, 0xaedc, 0xaedc, 0xaedc, 0xaedc, 0xaedc, 0xaedc, 0xaedc, 0xaedc, 0xaedc, 0xaedc, 0xaedc, 0xaedc, 0xaedc, 0xaedc, 0xaedc, 
	0xaedc, 0xaedc, 0xaedc, 0xaedc, 0xaedc, 0xaedc, 0xaedc, 0xaedc, 0xaedc, 0xaedc, 0xaedc, 0xaedc, 0xaedc, 0xaedc, 0xaedc, 0xaedc, 
	0xaedc, 0xaedc, 0xaedc, 0xaedc, 0xaedc, 0xaedc, 0xaedc, 0xaedc, 0xaedc, 0xaedc, 0xaedc, 0xaedc, 0xaedc, 0xaedc, 0xaedc, 0xaedc, 
	0xaedc, 0xaedc, 0xaedc, 0xaedc, 0xaedc, 0xaedc, 0xaedc, 0xaedc, 0xaedc, 0xaedc, 0xaedc, 0xaedc, 0xaedc, 0xaedc, 0xaedc, 0xaedc, 
	0xaedc, 0xaedc, 0xaedc, 0xaedc, 0xaedc, 0xaedc, 0xaedc, 0xaedc, 0xaedc, 0xaedc, 0xaedc, 0xaedc, 0xaedc, 0xaedc, 0xaedc, 0xaedc, 
	0xaedc, 0xaedc, 0xaedc, 0xaedc, 0xaedc, 0xaedc, 0xaedc, 0xaedc, 0xaedc, 0xaedc, 0xaedc, 0xaedc, 0xaedc, 0xaedc, 0xaedc, 0xaedc, 
	0xaedc, 0xaedc, 0xaedc, 0xaedc, 0xaedc, 0xaedc, 0xaedc, 0xaedc, 0xaedc, 0xaedc, 0xaedc, 0xaedc, 0xaedc, 0xaedc, 0xaedc, 0xaedc, 
	0xaedc, 0xaedc, 0xaedc, 0xaedc, 0xaedc, 0xaedc, 0xaedc, 0xaedc, 0xaedc, 0xaedc, 0xaedc, 0xaedc, 0xaedc, 0xaedc, 0xaedc, 0xaedc, 
	0xaedc, 0xaedc, 0xaedc, 0xaedc, 0xaedc, 0xaedc, 0xaedc, 0xaedc, 0xaedc, 0xaedc, 0xaedc, 0xaedc, 0xaedc, 0xaedc, 0xaedc, 0xaedc, 
	0xaedc, 0xaedc, 0xaedc, 0xaedc, 0xaedc, 0xaedc, 0xaedc, 0xaedc, 0xaedc, 0xaedc, 0xaedc, 0xaedc, 0xaedc, 0xaedc, 0xaedc, 0xaedc, 
	0xaedc, 0xaedc, 0xaedc, 0xaedc, 0xaedc, 0xaedc, 0xaedc, 0xaedc, 0xaedc, 0xaedc, 0xaedc, 0xaedc, 0xaedc, 0xaedc, 0xaedc, 0xaedc, 
	0xaedc, 0xaedc, 0xaedc, 0xaedc, 0xaedc, 0xaedc, 0xaedc, 0xaedc, 0xaedc, 0xaedc, 0xaedc, 0xaedc, 0xaedc, 0xaedc, 0xaedc, 0xaedc, 
	0xaedc, 0xaedc, 0xaedc, 0xaedc, 0xaedc, 0xaedc, 0xaedc, 0xaedc, 0xaedc, 0xaedc, 0xaedc, 0xaedc, 0xaedc, 0xaedc, 0xaedc, 0xaedc, 
	0xaedc, 0xaedc, 0xaedc, 0xaedc, 0xaedc, 0xaedc, 0xaedc, 0xaedc, 0xaedc, 0xaedc, 0xaedc, 0xaedc, 0xaedc, 0xaedc, 0xaedc, 0xaedc, 
	0xaedc, 0xaedc, 0xaedc, 0xaedc, 0xaedc, 0xaedc, 0xaedc, 0xaedc, 0xaedc, 0xaedc, 0xaedc, 0xaedc, 0xaedc, 0xaedc, 0xaedc, 0xaedc, 
	0xaedc, 0xaedc, 0xaedc, 0xaedc, 0xaedc, 0xaedc, 0xaedc, 0xaedc, 0xaedc, 0xaedc, 0xaedc, 0xaedc, 0xaedc, 0xaedc, 0xaedc, 0xaedc, 
	0xaedc, 0xaedc, 0xaedc, 0xaedc, 0xaedc, 0xaedc, 0xaedc, 0xaedc, 0xaedc, 0xaedc, 0xaedc, 0xaedc, 0xaedc, 0xaedc, 0xaedc, 0xaedc, 
	0xaedc, 0xaedc, 0xaedc, 0xaedc, 0xaedc, 0xaedc, 0xaedc, 0xaedc, 0xaedc, 0xaedc, 0xaedc, 0xaedc, 0xaedc, 0xaedc, 0xaedc, 0xaedc, 
	0xaedc, 0xaedc, 0xaedc, 0xaedc, 0xaedc, 0xaedc, 0xaedc, 0xaedc, 0xaedc, 0xaedc, 0xaedc, 0xaedc, 0xaedc, 0xaedc, 0xaedc, 0xaedc, 
	0xaedc, 0xaedc, 0xaedc, 0xaedc, 0xaedc, 0xaedc, 0xaedc, 0xaedc, 0xaedc, 0xaedc, 0xaedc, 0xaedc, 0xaedc, 0xaedc, 0xaedc, 0xaedc, 
	0xaedc, 0xaedc, 0xaedc, 0xaedc, 0xaedc, 0xaedc, 0xaedc, 0xaedc, 0xaedc, 0xaedc, 0xaedc, 0xaedc, 0xaedc, 0xaedc, 0xaedc, 0xaedc, 
	0xaedc, 0xaedc, 0xaedc, 0xaedc, 0xaedc, 0xaedc, 0xaedc, 0xaedc, 0xaedc, 0xaedc, 0xaedc, 0xaedc, 0xaedc, 0xaedc, 0xaedc, 0xaedc, 
	0xaedc, 0xaedc, 0xaedc, 0xaedc, 0xaedc, 0xaedc, 0xaedc, 0xaedc, 0xaedc, 0xaedc, 0xaedc, 0xaedc, 0xaedc, 0xaedc, 0xaedc, 0xaedc, 
	0xaedc, 0xaedc, 0xaedc, 0xaedc, 0xaedc, 0xaedc, 0xaedc, 0xaedc, 0xaedc, 0xaedc, 0xaedc, 0xaedc, 0xaedc, 0xaedc, 0xaedc, 0xaedc, 
	0xaedc, 0xaedc, 0xaedc, 0xaedc, 0xaedc, 0xaedc, 0xaedc, 0xaedc, 0xaedc, 0xaedc, 0xaedc, 0xaedc, 0xaedc, 0xaedc, 0xaedc, 0xaedc, 
	0xaedc, 0xaedc, 0xaedc, 0xaedc, 0xaedc, 0xaedc, 0xaedc, 0xaedc, 0xaedc, 0xaedc, 0xaedc, 0xaedc, 0xaedc, 0xaedc, 0xaedc, 0xaedc, 
	0xaedc, 0xaedc, 0xaedc, 0xaedc, 0xaedc, 0xaedc, 0xaedc, 0xaedc, 0xaedc, 0xaedc, 0xaedc, 0xaedc, 0xaedc, 0xaedc, 0xaedc, 0xaedc, 
	0xaedc, 0xaedc, 0xaedc, 0xaedc, 0xaedc, 0xaedc, 0xaedc, 0xaedc, 0xaedc, 0xaedc, 0xaedc, 0xaedc, 0xaedc, 0xaedc, 0xaedc, 0xaedc, 
	0xaedc, 0xaedc, 0xaedc, 0xaedc, 0xaedc, 0xaedc, 0xaedc, 0xaedc, 0xaedc, 0xaedc, 0xaedc, 0xaedc, 0xaedc, 0xaedc, 0xaedc, 0xaedc, 
	0xaedc, 0xaedc, 0xaedc, 0xaedc, 0xaedc, 0xaedc, 0xaedc, 0xaedc, 0xaedc, 0xaedc, 0xaedc, 0xaedc, 0xaedc, 0xaedc, 0xaedc, 0xaedc, 
	0xaedc, 0xaedc, 0xaedc, 0xaedc, 0xaedc, 0xaedc, 0xaedc, 0xaedc, 0xaedc, 0xaedc, 0xaedc, 0xaedc, 0xaedc, 0xaedc, 0xaedc, 0xaedc, 
	0xaedc, 0xaedc, 0xaedc, 0xaedc, 0xaedc, 0xaedc, 0xaedc, 0xaedc, 0xaedc, 0xaedc, 0xaedc, 0xaedc, 0xaedc, 0xaedc, 0xaedc, 0xaedc, 
	0xaedc, 0xaedc, 0xaedc, 0xaedc, 0xaedc, 0xaedc, 0xaedc, 0xaedc, 0xaedc, 0xaedc, 0xaedc, 0xaedc, 0xaedc, 0xaedc, 0xaedc, 0xaedc, 
	0xaedc, 0xaedc, 0xaedc, 0xaedc, 0xaedc, 0xaedc, 0xaedc, 0xaedc, 0xaedc, 0xaedc, 0xaedc, 0xaedc, 0xaedc, 0xaedc, 0xaedc, 0xaedc, 
	0xaedc, 0xaedc, 0xaedc, 0xaedc, 0xaedc, 0xaedc, 0xaedc, 0xaedc, 0xaedc, 0xaedc, 0xaedc, 0xaedc, 0xaedc, 0xaedc, 0xaedc, 0xaedc, 
	0xaedc, 0xaedc, 0xaedc, 0xaedc, 0xaedc, 0xaedc, 0xaedc, 0xaedc, 0xaedc, 0xaedc, 0xaedc, 0xaedc, 0xaedc, 0xaedc, 0xaedc, 0xaedc, 
	0xaedc, 0xaedc, 0xaedc, 0xaedc, 0xaedc, 0xaedc, 0xaedc, 0xaedc, 0xaedc, 0xaedc, 0xaedc, 0xaedc, 0xaedc, 0xaedc, 0xaedc, 0xaedc, 
	0xaedc, 0xaedc, 0xaedc, 0xaedc, 0xaedc, 0xaedc, 0xaedc, 0xaedc, 0xaedc, 0xaedc, 0xaedc, 0xaedc, 0xaedc, 0xaedc, 0xaedc, 0xaedc, 
	0xaedc, 0xaedc, 0xaedc, 0xaedc, 0xaedc, 0xaedc, 0xaedc, 0xaedc, 0xaedc, 0xaedc, 0xaedc, 0xaedc, 0xaedc, 0xaedc, 0xaedc, 0xaedc, 
	0xaedc, 0xaedc, 0xaedc, 0xaedc, 0xaedc, 0xaedc, 0xaedc, 0xaedc, 0xaedc, 0xaedc, 0xaedc, 0xaedc, 0xaedc, 0xaedc, 0xaedc, 0xaedc, 
	0xaedc, 0xaedc, 0xaedc, 0xaedc, 0xaedc, 0xaedc, 0xaedc, 0xaedc, 0xaedc, 0xaedc, 0xaedc, 0xaedc, 0xaedc, 0xaedc, 0xaedc, 0xaedc, 
	0xaedc, 0xaedc, 0xaedc, 0xaedc, 0xaedc, 0xaedc, 0xaedc, 0xaedc, 0xaedc, 0xaedc, 0xaedc, 0xaedc, 0xaedc, 0xaedc, 0xaedc, 0xaedc, 
	0xaedc, 0xaedc, 0xaedc, 0xaedc, 0xaedc, 0xaedc, 0xaedc, 0xaedc, 0xaedc, 0xaedc, 0xaedc, 0xaedc, 0xaedc, 0xaedc, 0xaedc, 0xaedc, 
	0xaedc, 0xaedc, 0xaedc, 0xaedc, 0xaedc, 0xaedc, 0xaedc, 0xaedc, 0xaedc, 0xaedc, 0xaedc, 0xaedc, 0xaedc, 0xaedc, 0xaedc, 0xaedc, 
	0xaedc, 0xaedc, 0xaedc, 0xaedc, 0xaedc, 0xaedc, 0xaedc, 0xaedc, 0xaedc, 0xaedc, 0xaedc, 0xaedc, 0xaedc, 0xaedc, 0xaedc, 0xaedc, 
	0xaedc, 0xaedc, 0xaedc, 0xaedc, 0xaedc, 0xaedc, 0xaedc, 0xaedc, 0xaedc, 0xaedc, 0xaedc, 0xaedc, 0xaedc, 0xaedc, 0xaedc, 0xaedc, 
	0xaedc, 0xaedc, 0xaedc, 0xaedc, 0xaedc, 0xaedc, 0xaedc, 0xaedc, 0xaedc, 0xaedc, 0xaedc, 0xaedc, 0xaedc, 0xaedc, 0xaedc, 0xaedc, 
	0xaedc, 0xaedc, 0xaedc, 0xaedc, 0xaedc, 0xaedc, 0xaedc, 0xaedc, 0xaedc, 0xaedc, 0xaedc, 0xaedc, 0xaedc, 0xaedc, 0xaedc, 0xaedc, 
	0xaedc, 0xaedc, 0xaedc, 0xaedc, 0xaedc, 0xaedc, 0xaedc, 0xaedc, 0xaedc, 0xaedc, 0xaedc, 0xaedc, 0xaedc, 0xaedc, 0xaedc, 0xaedc, 
	0xaedc, 0xaedc, 0xaedc, 0xaedc, 0xaedc, 0xaedc, 0xaedc, 0xaedc, 0xaedc, 0xaedc, 0xaedc, 0xaedc, 0xaedc, 0xaedc, 0xaedc, 0xaedc, 
	0xaedc, 0xaedc, 0xaedc, 0xaedc, 0xaedc, 0xaedc, 0xaedc, 0xaedc, 0xaedc, 0xaedc, 0xaedc, 0xaedc, 0xaedc, 0xaedc, 0xaedc, 0xaedc, 
	0xaedc, 0xaedc, 0xaedc, 0xaedc, 0xaedc, 0xaedc, 0xaedc, 0xaedc, 0xaedc, 0xaedc, 0xaedc, 0xaedc, 0xaedc, 0xaedc, 0xaedc, 0xaedc, 
	0xaedc, 0xaedc, 0xaedc, 0xaedc, 0xaedc, 0xaedc, 0xaedc, 0xaedc, 0xaedc, 0xaedc, 0xaedc, 0xaedc, 0xaedc, 0xaedc, 0xaedc, 0xaedc, 
	0xaedc, 0xaedc, 0xaedc, 0xaedc, 0xaedc, 0xaedc, 0xaedc, 0xaedc, 0xaedc, 0xaedc, 0xaedc, 0xaedc, 0xaedc, 0xaedc, 0xaedc, 0xaedc, 
	0xaedc, 0xaedc, 0xaedc, 0xaedc, 0xaedc, 0xaedc, 0xaedc, 0xaedc, 0xaedc, 0xaedc, 0xaedc, 0xaedc, 0xaedc, 0xaedc, 0xaedc, 0xaedc, 
	0xaedc, 0xaedc, 0xaedc, 0xaedc, 0xaedc, 0xaedc, 0xaedc, 0xaedc, 0xaedc, 0xaedc, 0xaedc, 0xaedc, 0xaedc, 0xaedc, 0xaedc, 0xaedc, 
	0xaedc, 0xaedc, 0xaedc, 0xaedc, 0xaedc, 0xaedc, 0xaedc, 0xaedc, 0xaedc, 0xaedc, 0xaedc, 0xaedc, 0xaedc, 0xaedc, 0xaedc, 0xaedc, 
	0xaedc, 0xaedc, 0xaedc, 0xaedc, 0xaedc, 0xaedc, 0xaedc, 0xaedc, 0xaedc, 0xaedc, 0xaedc, 0xaedc, 0xaedc, 0xaedc, 0xaedc, 0xaedc, 
	0xaedc, 0xaedc, 0xaedc, 0xaedc, 0xaedc, 0xaedc, 0xaedc, 0xaedc, 0xaedc, 0xaedc, 0xaedc, 0xaedc, 0xaedc, 0xaedc, 0xaedc, 0xaedc, 
	0xaedc, 0xaedc, 0xaedc, 0xaedc, 0xaedc, 0xaedc, 0xaedc, 0xaedc, 0xaedc, 0xaedc, 0xaedc, 0xaedc, 0xaedc, 0xaedc, 0xaedc, 0xaedc, 
	0xaedc, 0xaedc, 0xaedc, 0xaedc, 0xaedc, 0xaedc, 0xaedc, 0xaedc, 0xaedc, 0xaedc, 0xaedc, 0xaedc, 0xaedc, 0xaedc, 0xaedc, 0xaedc, 
	0xaedc, 0xaedc, 0xaedc, 0xaedc, 0xaedc, 0xaedc, 0xaedc, 0xaedc, 0xaedc, 0xaedc, 0xaedc, 0xaedc, 0xaedc, 0xaedc, 0xaedc, 0xaedc, 
	0xaedc, 0xaedc, 0xaedc, 0xaedc, 0xaedc, 0xaedc, 0xaedc, 0xaedc, 0xaedc, 0xaedc, 0xaedc, 0xaedc, 0xaedc, 0xaedc, 0xaedc, 0xaedc, 
	0xaedc, 0xaedc, 0xaedc, 0xaedc, 0xaedc, 0xaedc, 0xaedc, 0xaedc, 0xaedc, 0xaedc, 0xaedc, 0xaedc, 0xaedc, 0xaedc, 0xaedc, 0xaedc, 
	0xaedc, 0xaedc, 0xaedc, 0xaedc, 0xaedc, 0xaedc, 0xaedc, 0xaedc, 0xaedc, 0xaedc, 0xaedc, 0xaedc, 0xaedc, 0xaedc, 0xaedc, 0xaedc, 
	0xaedc, 0xaedc, 0xaedc, 0xaedc, 0xaedc, 0xaedc, 0xaedc, 0xaedc, 0xaedc, 0xaedc, 0xaedc, 0xaedc, 0xaedc, 0xaedc, 0xaedc, 0xaedc, 
	0xaedc, 0xaedc, 0xaedc, 0xaedc, 0xaedc, 0xaedc, 0xaedc, 0xaedc, 0xaedc, 0xaedc, 0xaedc, 0xaedc, 0xaedc, 0xaedc, 0xaedc, 0xaedc, 
	0xaedc, 0xaedc, 0xaedc, 0xaedc, 0xaedc, 0xaedc, 0xaedc, 0xaedc, 0xaedc, 0xaedc, 0xaedc, 0xaedc, 0xaedc, 0xaedc, 0xaedc, 0xaedc, 
	0xaedc, 0xaedc, 0xaedc, 0xaedc, 0xaedc, 0xaedc, 0xaedc, 0xaedc, 0xaedc, 0xaedc, 0xaedc, 0xaedc, 0xaedc, 0xaedc, 0xaedc, 0xaedc, 
	0xaedc, 0xaedc, 0xaedc, 0xaedc, 0xaedc, 0xaedc, 0xaedc, 0xaedc, 0xaedc, 0xaedc, 0xaedc, 0xaedc, 0xaedc, 0xaedc, 0xaedc, 0xaedc, 
	0xaedc, 0xaedc, 0xaedc, 0xaedc, 0xaedc, 0xaedc, 0xaedc, 0xaedc, 0xaedc, 0xaedc, 0xaedc, 0xaedc, 0xaedc, 0xaedc, 0xaedc, 0xaedc, 
	0xaedc, 0xaedc, 0xaedc, 0xaedc, 0xaedc, 0xaedc, 0xaedc, 0xaedc, 0xaedc, 0xaedc, 0xaedc, 0xaedc, 0xaedc, 0xaedc, 0xaedc, 0xaedc, 
	0xaedc, 0xaedc, 0xaedc, 0xaedc, 0xaedc, 0xaedc, 0xaedc, 0xaedc, 0xaedc, 0xaedc, 0xaedc, 0xaedc, 0xaedc, 0xaedc, 0xaedc, 0xaedc, 
	0xaedc, 0xaedc, 0xaedc, 0xaedc, 0xaedc, 0xaedc, 0xaedc, 0xaedc, 0xaedc, 0xaedc, 0xaedc, 0xaedc, 0xaedc, 0xaedc, 0xaedc, 0xaedc, 
	0xaedc, 0xaedc, 0xaedc, 0xaedc, 0xaedc, 0xaedc, 0xaedc, 0xaedc, 0xaedc, 0xaedc, 0xaedc, 0xaedc, 0xaedc, 0xaedc, 0xaedc, 0xaedc, 
	0xaedc, 0xaedc, 0xaedc, 0xaedc, 0xaedc, 0xaedc, 0xaedc, 0xaedc, 0xaedc, 0xaedc, 0xaedc, 0xaedc, 0xaedc, 0xaedc, 0xaedc, 0xaedc, 
	0xaedc, 0xaedc, 0xaedc, 0xaedc, 0xaedc, 0xaedc, 0xaedc, 0xaedc, 0xaedc, 0xaedc, 0xaedc, 0xaedc, 0xaedc, 0xaedc, 0xaedc, 0xaedc, 
	0xaedc, 0xaedc, 0xaedc, 0xaedc, 0xaedc, 0xaedc, 0xaedc, 0xaedc, 0xaedc, 0xaedc, 0xaedc, 0xaedc, 0xaedc, 0xaedc, 0xaedc, 0xaedc, 
	0xaedc, 0xaedc, 0xaedc, 0xaedc, 0xaedc, 0xaedc, 0xaedc, 0xaedc, 0xaedc, 0xaedc, 0xaedc, 0xaedc, 0xaedc, 0xaedc, 0xaedc, 0xaedc, 
	0xaedc, 0xaedc, 0xaedc, 0xaedc, 0xaedc, 0xaedc, 0xaedc, 0xaedc, 0xaedc, 0xaedc, 0xaedc, 0xaedc, 0xaedc, 0xaedc, 0xaedc, 0xaedc, 
	0xaedc, 0xaedc, 0xaedc, 0xaedc, 0xaedc, 0xaedc, 0xaedc, 0xaedc, 0xaedc, 0xaedc, 0xaedc, 0xaedc, 0xaedc, 0xaedc, 0xaedc, 0xaedc, 
	0xaedc, 0xaedc, 0xaedc, 0xaedc, 0xaedc, 0xaedc, 0xaedc, 0xaedc, 0xaedc, 0xaedc, 0xaedc, 0xaedc, 0xaedc, 0xaedc, 0xaedc, 0xaedc, 
	0xaedc, 0xaedc, 0xaedc, 0xaedc, 0xaedc, 0xaedc, 0xaedc, 0xaedc, 0xaedc, 0xaedc, 0xaedc, 0xaedc, 0xaedc, 0xaedc, 0xaedc, 0xaedc, 
	0xaedc, 0xaedc, 0xaedc, 0xaedc, 0xaedc, 0xaedc, 0xaedc, 0xaedc, 0xaedc, 0xaedc, 0xaedc, 0xaedc, 0xaedc, 0xaedc, 0xaedc, 0xaedc, 
	0xaedc, 0xaedc, 0xaedc, 0xaedc, 0xaedc, 0xaedc, 0xaedc, 0xaedc, 0xaedc, 0xaedc, 0xaedc, 0xaedc, 0xaedc, 0xaedc, 0xaedc, 0xaedc, 
	0xaedc, 0xaedc, 0xaedc, 0xaedc, 0xaedc, 0xaedc, 0xaedc, 0xaedc, 0xaedc, 0xaedc, 0xaedc, 0xaedc, 0xaedc, 0xaedc, 0xaedc, 0xaedc, 
	0xaedc, 0xaedc, 0xaedc, 0xaedc, 0xaedc, 0xaedc, 0xaedc, 0xaedc, 0xaedc, 0xaedc, 0xaedc, 0xaedc, 0xaedc, 0xaedc, 0xaedc, 0xaedc, 
	0xaedc, 0xaedc, 0xaedc, 0xaedc, 0xaedc, 0xaedc, 0xaedc, 0xaedc, 0xaedc, 0xaedc, 0xaedc, 0xaedc, 0xaedc, 0xaedc, 0xaedc, 0xaedc, 
	0xaedc, 0xaedc, 0xaedc, 0xaedc, 0xaedc, 0xaedc, 0xaedc, 0xaedc, 0xaedc, 0xaedc, 0xaedc, 0xaedc, 0xaedc, 0xaedc, 0xaedc, 0xaedc, 
	0xaedc, 0xaedc, 0xaedc, 0xaedc, 0xaedc, 0xaedc, 0xaedc, 0xaedc, 0xaedc, 0xaedc, 0xaedc, 0xaedc, 0xaedc, 0xaedc, 0xaedc, 0xaedc, 
	0xaedc, 0xaedc, 0xaedc, 0xaedc, 0xaedc, 0xaedc, 0xaedc, 0xaedc, 0xaedc, 0xaedc, 0xaedc, 0xaedc, 0xaedc, 0xaedc, 0xaedc, 0xaedc, 
	0xaedc, 0xaedc, 0xaedc, 0xaedc, 0xaedc, 0xaedc, 0xaedc, 0xaedc, 0xaedc, 0xaedc, 0xaedc, 0xaedc, 0xaedc, 0xaedc, 0xaedc, 0xaedc, 
	0xaedc, 0xaedc, 0xaedc, 0xaedc, 0xaedc, 0xaedc, 0xaedc, 0xaedc, 0xaedc, 0xaedc, 0xaedc, 0xaedc, 0xaedc, 0xaedc, 0xaedc, 0xaedc, 
	0xaedc, 0xaedc, 0xaedc, 0xaedc, 0xaedc, 0xaedc, 0xaedc, 0xaedc, 0xaedc, 0xaedc, 0xaedc, 0xaedc, 0xaedc, 0xaedc, 0xaedc, 0xaedc, 
	0xaedc, 0xaedc, 0xaedc, 0xaedc, 0xaedc, 0xaedc, 0xaedc, 0xaedc, 0xaedc, 0xaedc, 0xaedc, 0xaedc, 0xaedc, 0xaedc, 0xaedc, 0xaedc, 
	0xaedc, 0xaedc, 0xaedc, 0xaedc, 0xaedc, 0xaedc, 0xaedc, 0xaedc, 0xaedc, 0xaedc, 0xaedc, 0xaedc, 0xaedc, 0xaedc, 0xaedc, 0xaedc, 
	0xaedc, 0xaedc, 0xaedc, 0xaedc, 0xaedc, 0xaedc, 0xaedc, 0xaedc, 0xaedc, 0xaedc, 0xaedc, 0xaedc, 0xaedc, 0xaedc, 0xaedc, 0xaedc, 
	0xaedc, 0xaedc, 0xaedc, 0xaedc, 0xaedc, 0xaedc, 0xaedc, 0xaedc, 0xaedc, 0xaedc, 0xaedc, 0xaedc, 0xaedc, 0xaedc, 0xaedc, 0xaedc, 
	0xaedc, 0xaedc, 0xaedc, 0xaedc, 0xaedc, 0xaedc, 0xaedc, 0xaedc, 0xaedc, 0xaedc, 0xaedc, 0xaedc, 0xaedc, 0xaedc, 0xaedc, 0xaedc, 
	0xaedc, 0xaedc, 0xaedc, 0xaedc, 0xaedc, 0xaedc, 0xaedc, 0xaedc, 0xaedc, 0xaedc, 0xaedc, 0xaedc, 0xaedc, 0xaedc, 0xaedc, 0xaedc, 
	0xaedc, 0xaedc, 0xaedc, 0xaedc, 0xaedc, 0xaedc, 0xaedc, 0xaedc, 0xaedc, 0xaedc, 0xaedc, 0xaedc, 0xaedc, 0xaedc, 0xaedc, 0xaedc, 
	0xaedc, 0xaedc, 0xaedc, 0xaedc, 0xaedc, 0xaedc, 0xaedc, 0xaedc, 0xaedc, 0xaedc, 0xaedc, 0xaedc, 0xaedc, 0xaedc, 0xaedc, 0xaedc, 
	0xaedc, 0xaedc, 0xaedc, 0xaedc, 0xaedc, 0xaedc, 0xaedc, 0xaedc, 0xaedc, 0xaedc, 0xaedc, 0xaedc, 0xaedc, 0xaedc, 0xaedc, 0xaedc, 
	0xaedc, 0xaedc, 0xaedc, 0xaedc, 0xaedc, 0xaedc, 0xaedc, 0xaedc, 0xaedc, 0xaedc, 0xaedc, 0xaedc, 0xaedc, 0xaedc, 0xaedc, 0xaedc, 
	0xaedc, 0xaedc, 0xaedc, 0xaedc, 0xaedc, 0xaedc, 0xaedc, 0xaedc, 0xaedc, 0xaedc, 0xaedc, 0xaedc, 0xaedc, 0xaedc, 0xaedc, 0xaedc, 
	0xaedc, 0xaedc, 0xaedc, 0xaedc, 0xaedc, 0xaedc, 0xaedc, 0xaedc, 0xaedc, 0xaedc, 0xaedc, 0xaedc, 0xaedc, 0xaedc, 0xaedc, 0xaedc, 
	0xaedc, 0xaedc, 0xaedc, 0xaedc, 0xaedc, 0xaedc, 0xaedc, 0xaedc, 0xaedc, 0xaedc, 0xaedc, 0xaedc, 0xaedc, 0xaedc, 0xaedc, 0xaedc, 
	0xaedc, 0xaedc, 0xaedc, 0xaedc, 0xaedc, 0xaedc, 0xaedc, 0xaedc, 0xaedc, 0xaedc, 0xaedc, 0xaedc, 0xaedc, 0xaedc, 0xaedc, 0xaedc, 
	0xaedc, 0xaedc, 0xaedc, 0xaedc, 0xaedc, 0xaedc, 0xaedc, 0xaedc, 0xaedc, 0xaedc, 0xaedc, 0xaedc, 0xaedc, 0xaedc, 0xaedc, 0xaedc, 
	0xaedc, 0xaedc, 0xaedc, 0xaedc, 0xaedc, 0xaedc, 0xaedc, 0xaedc, 0xaedc, 0xaedc, 0xaedc, 0xaedc, 0xaedc, 0xaedc, 0xaedc, 0xaedc, 
	0xaedc, 0xaedc, 0xaedc, 0xaedc, 0xaedc, 0xaedc, 0xaedc, 0xaedc, 0xaedc, 0xaedc, 0xaedc, 0xaedc, 0xaedc, 0xaedc, 0xaedc, 0xaedc, 
	0xaedc, 0xaedc, 0xaedc, 0xaedc, 0xaedc, 0xaedc, 0xaedc, 0xaedc, 0xaedc, 0xaedc, 0xaedc, 0xaedc, 0xaedc, 0xaedc, 0xaedc, 0xaedc, 
	0xaedc, 0xaedc, 0xaedc, 0xaedc, 0xaedc, 0xaedc, 0xaedc, 0xaedc, 0xaedc, 0xaedc, 0xaedc, 0xaedc, 0xaedc, 0xaedc, 0xaedc, 0xaedc, 
	0xaedc, 0xaedc, 0xaedc, 0xaedc, 0xaedc, 0xaedc, 0xaedc, 0xaedc, 0xaedc, 0xaedc, 0xaedc, 0xaedc, 0xaedc, 0xaedc, 0xaedc, 0xaedc, 
	0xaedc, 0xaedc, 0xaedc, 0xaedc, 0xaedc, 0xaedc, 0xaedc, 0xaedc, 0xaedc, 0xaedc, 0xaedc, 0xaedc, 0xaedc, 0xaedc, 0xaedc, 0xaedc, 
	0xaedc, 0xaedc, 0xaedc, 0xaedc, 0xaedc, 0xaedc, 0xaedc, 0xaedc, 0xaedc, 0xaedc, 0xaedc, 0xaedc, 0xaedc, 0xaedc, 0xaedc, 0xaedc, 
	0xaedc, 0xaedc, 0xaedc, 0xaedc, 0xaedc, 0xaedc, 0xaedc, 0xaedc, 0xaedc, 0xaedc, 0xaedc, 0xaedc, 0xaedc, 0xaedc, 0xaedc, 0xaedc, 
	0xaedc, 0xaedc, 0xaedc, 0xaedc, 0xaedc, 0xaedc, 0xaedc, 0xaedc, 0xaedc, 0xaedc, 0xaedc, 0xaedc, 0xaedc, 0xaedc, 0xaedc, 0xaedc, 
	0xaedc, 0xaedc, 0xaedc, 0xaedc, 0xaedc, 0xaedc, 0xaedc, 0xaedc, 0xaedc, 0xaedc, 0xaedc, 0xaedc, 0xaedc, 0xaedc, 0xaedc, 0xaedc, 
	0xaedc, 0xaedc, 0xaedc, 0xaedc, 0xaedc, 0xaedc, 0xaedc, 0xaedc, 0xaedc, 0xaedc, 0xaedc, 0xaedc, 0xaedc, 0xaedc, 0xaedc, 0xaedc, 
	0xaedc, 0xaedc, 0xaedc, 0xaedc, 0xaedc, 0xaedc, 0xaedc, 0xaedc, 0xaedc, 0xaedc, 0xaedc, 0xaedc, 0xaedc, 0xaedc, 0xaedc, 0xaedc, 
	0xaedc, 0xaedc, 0xaedc, 0xaedc, 0xaedc, 0xaedc, 0xaedc, 0xaedc, 0xaedc, 0xaedc, 0xaedc, 0xaedc, 0xaedc, 0xaedc, 0xaedc, 0xaedc, 
	0xaedc, 0xaedc, 0xaedc, 0xaedc, 0xaedc, 0xaedc, 0xaedc, 0xaedc, 0xaedc, 0xaedc, 0xaedc, 0xaedc, 0xaedc, 0xaedc, 0xaedc, 0xaedc, 
	0xaedc, 0xaedc, 0xaedc, 0xaedc, 0xaedc, 0xaedc, 0xaedc, 0xaedc, 0xaedc, 0xaedc, 0xaedc, 0xaedc, 0xaedc, 0xaedc, 0xaedc, 0xaedc, 
	0xaedc, 0xaedc, 0xaedc, 0xaedc, 0xaedc, 0xaedc, 0xaedc, 0xaedc, 0xaedc, 0xaedc, 0xaedc, 0xaedc, 0xaedc, 0xaedc, 0xaedc, 0xaedc, 
	0xaedc, 0xaedc, 0xaedc, 0xaedc, 0xaedc, 0xaedc, 0xaedc, 0xaedc, 0xaedc, 0xaedc, 0xaedc, 0xaedc, 0xaedc, 0xaedc, 0xaedc, 0xaedc, 
	0xaedc, 0xaedc, 0xaedc, 0xaedc, 0xaedc, 0xaedc, 0xaedc, 0xaedc, 0xaedc, 0xaedc, 0xaedc, 0xaedc, 0xaedc, 0xaedc, 0xaedc, 0xaedc, 
	0xaedc, 0xaedc, 0xaedc, 0xaedc, 0xaedc, 0xaedc, 0xaedc, 0xaedc, 0xaedc, 0xaedc, 0xaedc, 0xaedc, 0xaedc, 0xaedc, 0xaedc, 0xaedc, 
	0xaedc, 0xaedc, 0xaedc, 0xaedc, 0xaedc, 0xaedc, 0xaedc, 0xaedc, 0xaedc, 0xaedc, 0xaedc, 0xaedc, 0xaedc, 0xaedc, 0xaedc, 0xaedc, 
	0xaedc, 0xaedc, 0xaedc, 0xaedc, 0xaedc, 0xaedc, 0xaedc, 0xaedc, 0xaedc, 0xaedc, 0xaedc, 0xaedc, 0xaedc, 0xaedc, 0xaedc, 0xaedc, 
	0xaedc, 0xaedc, 0xaedc, 0xaedc, 0xaedc, 0xaedc, 0xaedc, 0xaedc, 0xaedc, 0xaedc, 0xaedc, 0xaedc, 0xaedc, 0xaedc, 0xaedc, 0xaedc, 
	0xaedc, 0xaedc, 0xaedc, 0xaedc, 0xaedc, 0xaedc, 0xaedc, 0xaedc, 0xaedc, 0xaedc, 0xaedc, 0xaedc, 0xaedc, 0xaedc, 0xaedc, 0xaedc, 
	0xaedc, 0xaedc, 0xaedc, 0xaedc, 0xaedc, 0xaedc, 0xaedc, 0xaedc, 0xaedc, 0xaedc, 0xaedc, 0xaedc, 0xaedc, 0xaedc, 0xaedc, 0xaedc, 
	0xaedc, 0xaedc, 0xaedc, 0xaedc, 0xaedc, 0xaedc, 0xaedc, 0xaedc, 0xaedc, 0xaedc, 0xaedc, 0xaedc, 0xaedc, 0xaedc, 0xaedc, 0xaedc, 
	0xaedc, 0xaedc, 0xaedc, 0xaedc, 0xaedc, 0xaedc, 0xaedc, 0xaedc, 0xaedc, 0xaedc, 0xaedc, 0xaedc, 0xaedc, 0xaedc, 0xaedc, 0xaedc, 
	0xaedc, 0xaedc, 0xaedc, 0xaedc, 0xaedc, 0xaedc, 0xaedc, 0xaedc, 0xaedc, 0xaedc, 0xaedc, 0xaedc, 0xaedc, 0xaedc, 0xaedc, 0xaedc, 
	0xaedc, 0xaedc, 0xaedc, 0xaedc, 0xaedc, 0xaedc, 0xaedc, 0xaedc, 0xaedc, 0xaedc, 0xaedc, 0xaedc, 0xaedc, 0xaedc, 0xaedc, 0xaedc, 
	0xaedc, 0xaedc, 0xaedc, 0xaedc, 0xaedc, 0xaedc, 0xaedc, 0xaedc, 0xaedc, 0xaedc, 0xaedc, 0xaedc, 0xaedc, 0xaedc, 0xaedc, 0xaedc, 
	0xaedc, 0xaedc, 0xaedc, 0xaedc, 0xaedc, 0xaedc, 0xaedc, 0xaedc, 0xaedc, 0xaedc, 0xaedc, 0xaedc, 0xaedc, 0xaedc, 0xaedc, 0xaedc, 
	0xaedc, 0xaedc, 0xaedc, 0xaedc, 0xaedc, 0xaedc, 0xaedc, 0xaedc, 0xaedc, 0xaedc, 0xaedc, 0xaedc, 0xaedc, 0xaedc, 0xaedc, 0xaedc, 
	0xaedc, 0xaedc, 0xaedc, 0xaedc, 0xaedc, 0xaedc, 0xaedc, 0xaedc, 0xaedc, 0xaedc, 0xaedc, 0xaedc, 0xaedc, 0xaedc, 0xaedc, 0xaedc, 
	0xaedc, 0xaedc, 0xaedc, 0xaedc, 0xaedc, 0xaedc, 0xaedc, 0xaedc, 0xaedc, 0xaedc, 0xaedc, 0xaedc, 0xaedc, 0xaedc, 0xaedc, 0xaedc, 
	0xaedc, 0xaedc, 0xaedc, 0xaedc, 0xaedc, 0xaedc, 0xaedc, 0xaedc, 0xaedc, 0xaedc, 0xaedc, 0xaedc, 0xaedc, 0xaedc, 0xaedc, 0xaedc, 
	0xaedc, 0xaedc, 0xaedc, 0xaedc, 0xaedc, 0xaedc, 0xaedc, 0xaedc, 0xaedc, 0xaedc, 0xaedc, 0xaedc, 0xaedc, 0xaedc, 0xaedc, 0xaedc, 
	0xaedc, 0xaedc, 0xaedc, 0xaedc, 0xaedc, 0xaedc, 0xaedc, 0xaedc, 0xaedc, 0xaedc, 0xaedc, 0xaedc, 0xaedc, 0xaedc, 0xaedc, 0xaedc, 
	0xaedc, 0xaedc, 0xaedc, 0xaedc, 0xaedc, 0xaedc, 0xaedc, 0xaedc, 0xaedc, 0xaedc, 0xaedc, 0xaedc, 0xaedc, 0xaedc, 0xaedc, 0xaedc, 
	0xaedc, 0xaedc, 0xaedc, 0xaedc, 0xaedc, 0xaedc, 0xaedc, 0xaedc, 0xaedc, 0xaedc, 0xaedc, 0xaedc, 0xaedc, 0xaedc, 0xaedc, 0xaedc, 
	0xaedc, 0xaedc, 0xaedc, 0xaedc, 0xaedc, 0xaedc, 0xaedc, 0xaedc, 0xaedc, 0xaedc, 0xaedc, 0xaedc, 0xaedc, 0xaedc, 0xaedc, 0xaedc, 
	0xaedc, 0xaedc, 0xaedc, 0xaedc, 0xaedc, 0xaedc, 0xaedc, 0xaedc, 0xaedc, 0xaedc, 0xaedc, 0xaedc, 0xaedc, 0xaedc, 0xaedc, 0xaedc, 
	0xaedc, 0xaedc, 0xaedc, 0xaedc, 0xaedc, 0xaedc, 0xaedc, 0xaedc, 0xaedc, 0xaedc, 0xaedc, 0xaedc, 0xaedc, 0xaedc, 0xaedc, 0xaedc, 
	0xaedc, 0xaedc, 0xaedc, 0xaedc, 0xaedc, 0xaedc, 0xaedc, 0xaedc, 0xaedc, 0xaedc, 0xaedc, 0xaedc, 0xaedc, 0xaedc, 0xaedc, 0xaedc, 
	0xaedc, 0xaedc, 0xaedc, 0xaedc, 0xaedc, 0xaedc, 0xaedc, 0xaedc, 0xaedc, 0xaedc, 0xaedc, 0xaedc, 0xaedc, 0xaedc, 0xaedc, 0xaedc, 
	0xaedc, 0xaedc, 0xaedc, 0xaedc, 0xaedc, 0xaedc, 0xaedc, 0xaedc, 0xaedc, 0xaedc, 0xaedc, 0xaedc, 0xaedc, 0xaedc, 0xaedc, 0xaedc, 
	0xaedc, 0xaedc, 0xaedc, 0xaedc, 0xaedc, 0xaedc, 0xaedc, 0xaedc, 0xaedc, 0xaedc, 0xaedc, 0xaedc, 0xaedc, 0xaedc, 0xaedc, 0xaedc, 
	0xaedc, 0xaedc, 0xaedc, 0xaedc, 0xaedc, 0xaedc, 0xaedc, 0xaedc, 0xaedc, 0xaedc, 0xaedc, 0xaedc, 0xaedc, 0xaedc, 0xaedc, 0xaedc, 
	0xaedc, 0xaedc, 0xaedc, 0xaedc, 0xaedc, 0xaedc, 0xaedc, 0xaedc, 0xaedc, 0xaedc, 0xaedc, 0xaedc, 0xaedc, 0xaedc, 0xaedc, 0xaedc, 
	0xaedc, 0xaedc, 0xaedc, 0xaedc, 0xaedc, 0xaedc, 0xaedc, 0xaedc, 0xaedc, 0xaedc, 0xaedc, 0xaedc, 0xaedc, 0xaedc, 0xaedc, 0xaedc, 
	0xaedc, 0xaedc, 0xaedc, 0xaedc, 0xaedc, 0xaedc, 0xaedc, 0xaedc, 0xaedc, 0xaedc, 0xaedc, 0xaedc, 0xaedc, 0xaedc, 0xaedc, 0xaedc, 
	0xaedc, 0xaedc, 0xaedc, 0xaedc, 0xaedc, 0xaedc, 0xaedc, 0xaedc, 0xaedc, 0xaedc, 0xaedc, 0xaedc, 0xaedc, 0xaedc, 0xaedc, 0xaedc, 
	0xaedc, 0xaedc, 0xaedc, 0xaedc, 0xaedc, 0xaedc, 0xaedc, 0xaedc, 0xaedc, 0xaedc, 0xaedc, 0xaedc, 0xaedc, 0xaedc, 0xaedc, 0xaedc, 
	0xaedc, 0xaedc, 0xaedc, 0xaedc, 0xaedc, 0xaedc, 0xaedc, 0xaedc, 0xaedc, 0xaedc, 0xaedc, 0xaedc, 0xaedc, 0xaedc, 0xaedc, 0xaedc, 
	0xaedc, 0xaedc, 0xaedc, 0xaedc, 0xaedc, 0xaedc, 0xaedc, 0xaedc, 0xaedc, 0xaedc, 0xaedc, 0xaedc, 0xaedc, 0xaedc, 0xaedc, 0xaedc, 
	0xaedc, 0xaedc, 0xaedc, 0xaedc, 0xaedc, 0xaedc, 0xaedc, 0xaedc, 0xaedc, 0xaedc, 0xaedc, 0xaedc, 0xaedc, 0xaedc, 0xaedc, 0xaedc, 
	0xaedc, 0xaedc, 0xaedc, 0xaedc, 0xaedc, 0xaedc, 0xaedc, 0xaedc, 0xaedc, 0xaedc, 0xaedc, 0xaedc, 0xaedc, 0xaedc, 0xaedc, 0xaedc, 
	0xaedc, 0xaedc, 0xaedc, 0xaedc, 0xaedc, 0xaedc, 0xaedc, 0xaedc, 0xaedc, 0xaedc, 0xaedc, 0xaedc, 0xaedc, 0xaedc, 0xaedc, 0xaedc, 
	0xaedc, 0xaedc, 0xaedc, 0xaedc, 0xaedc, 0xaedc, 0xaedc, 0xaedc, 0xaedc, 0xaedc, 0xaedc, 0xaedc, 0xaedc, 0xaedc, 0xaedc, 0xaedc, 
	0xaedc, 0xaedc, 0xaedc, 0xaedc, 0xaedc, 0xaedc, 0xaedc, 0xaedc, 0xaedc, 0xaedc, 0xaedc, 0xaedc, 0xaedc, 0xaedc, 0xaedc, 0xaedc, 
	0xaedc, 0xaedc, 0xaedc, 0xaedc, 0xaedc, 0xaedc, 0xaedc, 0xaedc, 0xaedc, 0xaedc, 0xaedc, 0xaedc, 0xaedc, 0xaedc, 0xaedc, 0xaedc, 
	0xaedc, 0xaedc, 0xaedc, 0xaedc, 0xaedc, 0xaedc, 0xaedc, 0xaedc, 0xaedc, 0xaedc, 0xaedc, 0xaedc, 0xaedc, 0xaedc, 0xaedc, 0xaedc, 
	0xaedc, 0xaedc, 0xaedc, 0xaedc, 0xaedc, 0xaedc, 0xaedc, 0xaedc, 0xaedc, 0xaedc, 0xaedc, 0xaedc, 0xaedc, 0xaedc, 0xaedc, 0xaedc, 
	0xaedc, 0xaedc, 0xaedc, 0xaedc, 0xaedc, 0xaedc, 0xaedc, 0xaedc, 0xaedc, 0xaedc, 0xaedc, 0xaedc, 0xaedc, 0xaedc, 0xaedc, 0xaedc, 
	0xaedc, 0xaedc, 0xaedc, 0xaedc, 0xaedc, 0xaedc, 0xaedc, 0xaedc, 0xaedc, 0xaedc, 0xaedc, 0xaedc, 0xaedc, 0xaedc, 0xaedc, 0xaedc, 
	0xaedc, 0xaedc, 0xaedc, 0xaedc, 0xaedc, 0xaedc, 0xaedc, 0xaedc, 0xaedc, 0xaedc, 0xaedc, 0xaedc, 0xaedc, 0xaedc, 0xaedc, 0xaedc, 
	0xaedc, 0xaedc, 0xaedc, 0xaedc, 0xaedc, 0xaedc, 0xaedc, 0xaedc, 0xaedc, 0xaedc, 0xaedc, 0xaedc, 0xaedc, 0xaedc, 0xaedc, 0xaedc, 
	0xaedc, 0xaedc, 0xaedc, 0xaedc, 0xaedc, 0xaedc, 0xaedc, 0xaedc, 0xaedc, 0xaedc, 0xaedc, 0xaedc, 0xaedc, 0xaedc, 0xaedc, 0xaedc, 
	0xaedc, 0xaedc, 0xaedc, 0xaedc, 0xaedc, 0xaedc, 0xaedc, 0xaedc, 0xaedc, 0xaedc, 0xaedc, 0xaedc, 0xaedc, 0xaedc, 0xaedc, 0xaedc, 
	0xaedc, 0xaedc, 0xaedc, 0xaedc, 0xaedc, 0xaedc, 0xaedc, 0xaedc, 0xaedc, 0xaedc, 0xaedc, 0xaedc, 0xaedc, 0xaedc, 0xaedc, 0xaedc, 
	0xaedc, 0xaedc, 0xaedc, 0xaedc, 0xaedc, 0xaedc, 0xaedc, 0xaedc, 0xaedc, 0xaedc, 0xaedc, 0xaedc, 0xaedc, 0xaedc, 0xaedc, 0xaedc, 
	0xaedc, 0xaedc, 0xaedc, 0xaedc, 0xaedc, 0xaedc, 0xaedc, 0xaedc, 0xaedc, 0xaedc, 0xaedc, 0xaedc, 0xaedc, 0xaedc, 0xaedc, 0xaedc, 
	0xaedc, 0xaedc, 0xaedc, 0xaedc, 0xaedc, 0xaedc, 0xaedc, 0xaedc, 0xaedc, 0xaedc, 0xaedc, 0xaedc, 0xaedc, 0xaedc, 0xaedc, 0xaedc, 
	0xaedc, 0xaedc, 0xaedc, 0xaedc, 0xaedc, 0xaedc, 0xaedc, 0xaedc, 0xaedc, 0xaedc, 0xaedc, 0xaedc, 0xaedc, 0xaedc, 0xaedc, 0xaedc, 
	0xaedc, 0xaedc, 0xaedc, 0xaedc, 0xaedc, 0xaedc, 0xaedc, 0xaedc, 0xaedc, 0xaedc, 0xaedc, 0xaedc, 0xaedc, 0xaedc, 0xaedc, 0xaedc, 
	0xaedc, 0xaedc, 0xaedc, 0xaedc, 0xaedc, 0xaedc, 0xaedc, 0xaedc, 0xaedc, 0xaedc, 0xaedc, 0xaedc, 0xaedc, 0xaedc, 0xaedc, 0xaedc, 
	0xaedc, 0xaedc, 0xaedc, 0xaedc, 0xaedc, 0xaedc, 0xaedc, 0xaedc, 0xaedc, 0xaedc, 0xaedc, 0xaedc, 0xaedc, 0xaedc, 0xaedc, 0xaedc, 
	0xaedc, 0xaedc, 0xaedc, 0xaedc, 0xaedc, 0xaedc, 0xaedc, 0xaedc, 0xaedc, 0xaedc, 0xaedc, 0xaedc, 0xaedc, 0xaedc, 0xaedc, 0xaedc, 
	0xaedc, 0xaedc, 0xaedc, 0xaedc, 0xaedc, 0xaedc, 0xaedc, 0xaedc, 0xaedc, 0xaedc, 0xaedc, 0xaedc, 0xaedc, 0xaedc, 0xaedc, 0xaedc, 
	0xaedc, 0xaedc, 0xaedc, 0xaedc, 0xaedc, 0xaedc, 0xaedc, 0xaedc, 0xaedc, 0xaedc, 0xaedc, 0xaedc, 0xaedc, 0xaedc, 0xaedc, 0xaedc, 
	0xaedc, 0xaedc, 0xaedc, 0xaedc, 0xaedc, 0xaedc, 0xaedc, 0xaedc, 0xaedc, 0xaedc, 0xaedc, 0xaedc, 0xaedc, 0xaedc, 0xaedc, 0xaedc, 
	0xaedc, 0xaedc, 0xaedc, 0xaedc, 0xaedc, 0xaedc, 0xaedc, 0xaedc, 0xaedc, 0xaedc, 0xaedc, 0xaedc, 0xaedc, 0xaedc, 0xaedc, 0xaedc, 
	0xaedc, 0xaedc, 0xaedc, 0xaedc, 0xaedc, 0xaedc, 0xaedc, 0xaedc, 0xaedc, 0xaedc, 0xaedc, 0xaedc, 0xaedc, 0xaedc, 0xaedc, 0xaedc, 
	0xaedc, 0xaedc, 0xaedc, 0xaedc, 0xaedc, 0xaedc, 0xaedc, 0xaedc, 0xaedc, 0xaedc, 0xaedc, 0xaedc, 0xaedc, 0xaedc, 0xaedc, 0xaedc, 
	0xaedc, 0xaedc, 0xaedc, 0xaedc, 0xaedc, 0xaedc, 0xaedc, 0xaedc, 0xaedc, 0xaedc, 0xaedc, 0xaedc, 0xaedc, 0xaedc, 0xaedc, 0xaedc, 
	0xaedc, 0xaedc, 0xaedc, 0xaedc, 0xaedc, 0xaedc, 0xaedc, 0xaedc, 0xaedc, 0xaedc, 0xaedc, 0xaedc, 0xaedc, 0xaedc, 0xaedc, 0xaedc, 
	0xaedc, 0xaedc, 0xaedc, 0xaedc, 0xaedc, 0xaedc, 0xaedc, 0xaedc, 0xaedc, 0xaedc, 0xaedc, 0xaedc, 0xaedc, 0xaedc, 0xaedc, 0xaedc, 
	0xaedc, 0xaedc, 0xaedc, 0xaedc, 0xaedc, 0xaedc, 0xaedc, 0xaedc, 0xaedc, 0xaedc, 0xaedc, 0xaedc, 0xaedc, 0xaedc, 0xaedc, 0xaedc, 
	0xaedc, 0xaedc, 0xaedc, 0xaedc, 0xaedc, 0xaedc, 0xaedc, 0xaedc, 0xaedc, 0xaedc, 0xaedc, 0xaedc, 0xaedc, 0xaedc, 0xaedc, 0xaedc, 
	0xaedc, 0xaedc, 0xaedc, 0xaedc, 0xaedc, 0xaedc, 0xaedc, 0xaedc, 0xaedc, 0xaedc, 0xaedc, 0xaedc, 0xaedc, 0xaedc, 0xaedc, 0xaedc, 
	0xaedc, 0xaedc, 0xaedc, 0xaedc, 0xaedc, 0xaedc, 0xaedc, 0xaedc, 0xaedc, 0xaedc, 0xaedc, 0xaedc, 0xaedc, 0xaedc, 0xaedc, 0xaedc, 
	0xaedc, 0xaedc, 0xaedc, 0xaedc, 0xaedc, 0xaedc, 0xaedc, 0xaedc, 0xaedc, 0xaedc, 0xaedc, 0xaedc, 0xaedc, 0xaedc, 0xaedc, 0xaedc, 
	0xaedc, 0xaedc, 0xaedc, 0xaedc, 0xaedc, 0xaedc, 0xaedc, 0xaedc, 0xaedc, 0xaedc, 0xaedc, 0xaedc, 0xaedc, 0xaedc, 0xaedc, 0xaedc, 
	0xaedc, 0xaedc, 0xaedc, 0xaedc, 0xaedc, 0xaedc, 0xaedc, 0xaedc, 0xaedc, 0xaedc, 0xaedc, 0xaedc, 0xaedc, 0xaedc, 0xaedc, 0xaedc, 
	0xaedc, 0xaedc, 0xaedc, 0xaedc, 0xaedc, 0xaedc, 0xaedc, 0xaedc, 0xaedc, 0xaedc, 0xaedc, 0xaedc, 0xaedc, 0xaedc, 0xaedc, 0xaedc, 
	0xaedc, 0xaedc, 0xaedc, 0xaedc, 0xaedc, 0xaedc, 0xaedc, 0xaedc, 0xaedc, 0xaedc, 0xaedc, 0xaedc, 0xaedc, 0xaedc, 0xaedc, 0xaedc, 
	0xaedc, 0xaedc, 0xaedc, 0xaedc, 0xaedc, 0xaedc, 0xaedc, 0xaedc, 0xaedc, 0xaedc, 0xaedc, 0xaedc, 0xaedc, 0xaedc, 0xaedc, 0xaedc, 
	0xaedc, 0xaedc, 0xaedc, 0xaedc, 0xaedc, 0xaedc, 0xaedc, 0xaedc, 0xaedc, 0xaedc, 0xaedc, 0xaedc, 0xaedc, 0xaedc, 0xaedc, 0xaedc, 
	0xaedc, 0xaedc, 0xaedc, 0xaedc, 0xaedc, 0xaedc, 0xaedc, 0xaedc, 0xaedc, 0xaedc, 0xaedc, 0xaedc, 0xaedc, 0xaedc, 0xaedc, 0xaedc, 
	0xaedc, 0xaedc, 0xaedc, 0xaedc, 0xaedc, 0xaedc, 0xaedc, 0xaedc, 0xaedc, 0xaedc, 0xaedc, 0xaedc, 0xaedc, 0xaedc, 0xaedc, 0xaedc, 
	0xaedc, 0xaedc, 0xaedc, 0xaedc, 0xaedc, 0xaedc, 0xaedc, 0xaedc, 0xaedc, 0xaedc, 0xaedc, 0xaedc, 0xaedc, 0xaedc, 0xaedc, 0xaedc, 
	0xaedc, 0xaedc, 0xaedc, 0xaedc, 0xaedc, 0xaedc, 0xaedc, 0xaedc, 0xaedc, 0xaedc, 0xaedc, 0xaedc, 0xaedc, 0xaedc, 0xaedc, 0xaedc, 
	0xaedc, 0xaedc, 0xaedc, 0xaedc, 0xaedc, 0xaedc, 0xaedc, 0xaedc, 0xaedc, 0xaedc, 0xaedc, 0xaedc, 0xaedc, 0xaedc, 0xaedc, 0xaedc, 
	0xaedc, 0xaedc, 0xaedc, 0xaedc, 0xaedc, 0xaedc, 0xaedc, 0xaedc, 0xaedc, 0xaedc, 0xaedc, 0xaedc, 0xaedc, 0xaedc, 0xaedc, 0xaedc, 
	0xaedc, 0xaedc, 0xaedc, 0xaedc, 0xaedc, 0xaedc, 0xaedc, 0xaedc, 0xaedc, 0xaedc, 0xaedc, 0xaedc, 0xaedc, 0xaedc, 0xaedc, 0xaedc, 
	0xaedc, 0xaedc, 0xaedc, 0xaedc, 0xaedc, 0xaedc, 0xaedc, 0xaedc, 0xaedc, 0xaedc, 0xaedc, 0xaedc, 0xaedc, 0xaedc, 0xaedc, 0xaedc, 
	0xaedc, 0xaedc, 0xaedc, 0xaedc, 0xaedc, 0xaedc, 0xaedc, 0xaedc, 0xaedc, 0xaedc, 0xaedc, 0xaedc, 0xaedc, 0xaedc, 0xaedc, 0xaedc, 
	0xaedc, 0xaedc, 0xaedc, 0xaedc, 0xaedc, 0xaedc, 0xaedc, 0xaedc, 0xaedc, 0xaedc, 0xaedc, 0xaedc, 0xaedc, 0xaedc, 0xaedc, 0xaedc, 
	0xaedc, 0xaedc, 0xaedc, 0xaedc, 0xaedc, 0xaedc, 0xaedc, 0xaedc, 0xaedc, 0xaedc, 0xaedc, 0xaedc, 0xaedc, 0xaedc, 0xaedc, 0xaedc, 
	0xaedc, 0xaedc, 0xaedc, 0xaedc, 0xaedc, 0xaedc, 0xaedc, 0xaedc, 0xaedc, 0xaedc, 0xaedc, 0xaedc, 0xaedc, 0xaedc, 0xaedc, 0xaedc, 
	0xaedc, 0xaedc, 0xaedc, 0xaedc, 0xaedc, 0xaedc, 0xaedc, 0xaedc, 0xaedc, 0xaedc, 0xaedc, 0xaedc, 0xaedc, 0xaedc, 0xaedc, 0xaedc, 
	0xaedc, 0xaedc, 0xaedc, 0xaedc, 0xaedc, 0xaedc, 0xaedc, 0xaedc, 0xaedc, 0xaedc, 0xaedc, 0xaedc, 0xaedc, 0xaedc, 0xaedc, 0xaedc, 
	0xaedc, 0xaedc, 0xaedc, 0xaedc, 0xaedc, 0xaedc, 0xaedc, 0xaedc, 0xaedc, 0xaedc, 0xaedc, 0xaedc, 0xaedc, 0xaedc, 0xaedc, 0xaedc, 
	0xaedc, 0xaedc, 0xaedc, 0xaedc, 0xaedc, 0xaedc, 0xaedc, 0xaedc, 0xaedc, 0xaedc, 0xaedc, 0xaedc, 0xaedc, 0xaedc, 0xaedc, 0xaedc, 
	0xaedc, 0xaedc, 0xaedc, 0xaedc, 0xaedc, 0xaedc, 0xaedc, 0xaedc, 0xaedc, 0xaedc, 0xaedc, 0xaedc, 0xaedc, 0xaedc, 0xaedc, 0xaedc, 
	0xaedc, 0xaedc, 0xaedc, 0xaedc, 0xaedc, 0xaedc, 0xaedc, 0xaedc, 0xaedc, 0xaedc, 0xaedc, 0xaedc, 0xaedc, 0xaedc, 0xaedc, 0xaedc, 
	0xaedc, 0xaedc, 0xaedc, 0xaedc, 0xaedc, 0xaedc, 0xaedc, 0xaedc, 0xaedc, 0xaedc, 0xaedc, 0xaedc, 0xaedc, 0xaedc, 0xaedc, 0xaedc, 
	0xaedc, 0xaedc, 0xaedc, 0xaedc, 0xaedc, 0xaedc, 0xaedc, 0xaedc, 0xaedc, 0xaedc, 0xaedc, 0xaedc, 0xaedc, 0xaedc, 0xaedc, 0xaedc, 
	0xaedc, 0xaedc, 0xaedc, 0xaedc, 0xaedc, 0xaedc, 0xaedc, 0xaedc, 0xaedc, 0xaedc, 0xaedc, 0xaedc, 0xaedc, 0xaedc, 0xaedc, 0xaedc, 
	0xaedc, 0xaedc, 0xaedc, 0xaedc, 0xaedc, 0xaedc, 0xaedc, 0xaedc, 0xaedc, 0xaedc, 0xaedc, 0xaedc, 0xaedc, 0xaedc, 0xaedc, 0xaedc, 
	0xaedc, 0xaedc, 0xaedc, 0xaedc, 0xaedc, 0xaedc, 0xaedc, 0xaedc, 0xaedc, 0xaedc, 0xaedc, 0xaedc, 0xaedc, 0xaedc, 0xaedc, 0xaedc, 
	0xaedc, 0xaedc, 0xaedc, 0xaedc, 0xaedc, 0xaedc, 0xaedc, 0xaedc, 0xaedc, 0xaedc, 0xaedc, 0xaedc, 0xaedc, 0xaedc, 0xaedc, 0xaedc, 
	0xaedc, 0xaedc, 0xaedc, 0xaedc, 0xaedc, 0xaedc, 0xaedc, 0xaedc, 0xaedc, 0xaedc, 0xaedc, 0xaedc, 0xaedc, 0xaedc, 0xaedc, 0xaedc, 
	0xaedc, 0xaedc, 0xaedc, 0xaedc, 0xaedc, 0xaedc, 0xaedc, 0xaedc, 0xaedc, 0xaedc, 0xaedc, 0xaedc, 0xaedc, 0xaedc, 0xaedc, 0xaedc, 
	0xaedc, 0xaedc, 0xaedc, 0xaedc, 0xaedc, 0xaedc, 0xaedc, 0xaedc, 0xaedc, 0xaedc, 0xaedc, 0xaedc, 0xaedc, 0xaedc, 0xaedc, 0xaedc, 
	0xaedc, 0xaedc, 0xaedc, 0xaedc, 0xaedc, 0xaedc, 0xaedc, 0xaedc, 0xaedc, 0xaedc, 0xaedc, 0xaedc, 0xaedc, 0xaedc, 0xaedc, 0xaedc, 
	0xaedc, 0xaedc, 0xaedc, 0xaedc, 0xaedc, 0xaedc, 0xaedc, 0xaedc, 0xaedc, 0xaedc, 0xaedc, 0xaedc, 0xaedc, 0xaedc, 0xaedc, 0xaedc, 
	0xaedc, 0xaedc, 0xaedc, 0xaedc, 0xaedc, 0xaedc, 0xaedc, 0xaedc, 0xaedc, 0xaedc, 0xaedc, 0xaedc, 0xaedc, 0xaedc, 0xaedc, 0xaedc, 
	0xaedc, 0xaedc, 0xaedc, 0xaedc, 0xaedc, 0xaedc, 0xaedc, 0xaedc, 0xaedc, 0xaedc, 0xaedc, 0xaedc, 0xaedc, 0xaedc, 0xaedc, 0xaedc, 
	0xaedc, 0xaedc, 0xaedc, 0xaedc, 0xaedc, 0xaedc, 0xaedc, 0xaedc, 0xaedc, 0xaedc, 0xaedc, 0xaedc, 0xaedc, 0xaedc, 0xaedc, 0xaedc, 
	0xaedc, 0xaedc, 0xaedc, 0xaedc, 0xaedc, 0xaedc, 0xaedc, 0xaedc, 0xaedc, 0xaedc, 0xaedc, 0xaedc, 0xaedc, 0xaedc, 0xaedc, 0xaedc, 
	0xaedc, 0xaedc, 0xaedc, 0xaedc, 0xaedc, 0xaedc, 0xaedc, 0xaedc, 0xaedc, 0xaedc, 0xaedc, 0xaedc, 0xaedc, 0xaedc, 0xaedc, 0xaedc, 
	0xaedc, 0xaedc, 0xaedc, 0xaedc, 0xaedc, 0xaedc, 0xaedc, 0xaedc, 0xaedc, 0xaedc, 0xaedc, 0xaedc, 0xaedc, 0xaedc, 0xaedc, 0xaedc, 
	0xaedc, 0xaedc, 0xaedc, 0xaedc, 0xaedc, 0xaedc, 0xaedc, 0xaedc, 0xaedc, 0xaedc, 0xaedc, 0xaedc, 0xaedc, 0xaedc, 0xaedc, 0xaedc, 
	0xaedc, 0xaedc, 0xaedc, 0xaedc, 0xaedc, 0xaedc, 0xaedc, 0xaedc, 0xaedc, 0xaedc, 0xaedc, 0xaedc, 0xaedc, 0xaedc, 0xaedc, 0xaedc, 
	0xaedc, 0xaedc, 0xaedc, 0xaedc, 0xaedc, 0xaedc, 0xaedc, 0xaedc, 0xaedc, 0xaedc, 0xaedc, 0xaedc, 0xaedc, 0xaedc, 0xaedc, 0xaedc, 
	0xaedc, 0xaedc, 0xaedc, 0xaedc, 0xaedc, 0xaedc, 0xaedc, 0xaedc, 0xaedc, 0xaedc, 0xaedc, 0xaedc, 0xaedc, 0xaedc, 0xaedc, 0xaedc, 
	0xaedc, 0xaedc, 0xaedc, 0xaedc, 0xaedc, 0xaedc, 0xaedc, 0xaedc, 0xaedc, 0xaedc, 0xaedc, 0xaedc, 0xaedc, 0xaedc, 0xaedc, 0xaedc, 
	0xaedc, 0xaedc, 0xaedc, 0xaedc, 0xaedc, 0xaedc, 0xaedc, 0xaedc, 0xaedc, 0xaedc, 0xaedc, 0xaedc, 0xaedc, 0xaedc, 0xaedc, 0xaedc, 
	0xaedc, 0xaedc, 0xaedc, 0xaedc, 0xaedc, 0xaedc, 0xaedc, 0xaedc, 0xaedc, 0xaedc, 0xaedc, 0xaedc, 0xaedc, 0xaedc, 0xaedc, 0xaedc, 
	0xaedc, 0xaedc, 0xaedc, 0xaedc, 0xaedc, 0xaedc, 0xaedc, 0xaedc, 0xaedc, 0xaedc, 0xaedc, 0xaedc, 0xaedc, 0xaedc, 0xaedc, 0xaedc, 
	0xaedc, 0xaedc, 0xaedc, 0xaedc, 0xaedc, 0xaedc, 0xaedc, 0xaedc, 0xaedc, 0xaedc, 0xaedc, 0xaedc, 0xaedc, 0xaedc, 0xaedc, 0xaedc, 
	0xaedc, 0xaedc, 0xaedc, 0xaedc, 0xaedc, 0xaedc, 0xaedc, 0xaedc, 0xaedc, 0xaedc, 0xaedc, 0xaedc, 0xaedc, 0xaedc, 0xaedc, 0xaedc, 
	0xaedc, 0xaedc, 0xaedc, 0xaedc, 0xaedc, 0xaedc, 0xaedc, 0xaedc, 0xaedc, 0xaedc, 0xaedc, 0xaedc, 0xaedc, 0xaedc, 0xaedc, 0xaedc, 
	0xaedc, 0xaedc, 0xaedc, 0xaedc, 0xaedc, 0xaedc, 0xaedc, 0xaedc, 0xaedc, 0xaedc, 0xaedc, 0xaedc, 0xaedc, 0xaedc, 0xaedc, 0xaedc, 
	0xaedc, 0xaedc, 0xaedc, 0xaedc, 0xaedc, 0xaedc, 0xaedc, 0xaedc, 0xaedc, 0xaedc, 0xaedc, 0xaedc, 0xaedc, 0xaedc, 0xaedc, 0xaedc, 
	0xaedc, 0xaedc, 0xaedc, 0xaedc, 0xaedc, 0xaedc, 0xaedc, 0xaedc, 0xaedc, 0xaedc, 0xaedc, 0xaedc, 0xaedc, 0xaedc, 0xaedc, 0xaedc, 
	0xaedc, 0xaedc, 0xaedc, 0xaedc, 0xaedc, 0xaedc, 0xaedc, 0xaedc, 0xaedc, 0xaedc, 0xaedc, 0xaedc, 0xaedc, 0xaedc, 0xaedc, 0xaedc, 
	0xaedc, 0xaedc, 0xaedc, 0xaedc, 0xaedc, 0xaedc, 0xaedc, 0xaedc, 0xaedc, 0xaedc, 0xaedc, 0xaedc, 0xaedc, 0xaedc, 0xaedc, 0xaedc, 
	0xaedc, 0xaedc, 0xaedc, 0xaedc, 0xaedc, 0xaedc, 0xaedc, 0xaedc, 0xaedc, 0xaedc, 0xaedc, 0xaedc, 0xaedc, 0xaedc, 0xaedc, 0xaedc, 
	0xaedc, 0xaedc, 0xaedc, 0xaedc, 0xaedc, 0xaedc, 0xaedc, 0xaedc, 0xaedc, 0xaedc, 0xaedc, 0xaedc, 0xaedc, 0xaedc, 0xaedc, 0xaedc, 
	0xaedc, 0xaedc, 0xaedc, 0xaedc, 0xaedc, 0xaedc, 0xaedc, 0xaedc, 0xaedc, 0xaedc, 0xaedc, 0xaedc, 0xaedc, 0xaedc, 0xaedc, 0xaedc, 
	0xaedc, 0xaedc, 0xaedc, 0xaedc, 0xaedc, 0xaedc, 0xaedc, 0xaedc, 0xaedc, 0xaedc, 0xaedc, 0xaedc, 0xaedc, 0xaedc, 0xaedc, 0xaedc, 
	0xaedc, 0xaedc, 0xaedc, 0xaedc, 0xaedc, 0xaedc, 0xaedc, 0xaedc, 0xaedc, 0xaedc, 0xaedc, 0xaedc, 0xaedc, 0xaedc, 0xaedc, 0xaedc, 
	0xaedc, 0xaedc, 0xaedc, 0xaedc, 0xaedc, 0xaedc, 0xaedc, 0xaedc, 0xaedc, 0xaedc, 0xaedc, 0xaedc, 0xaedc, 0xaedc, 0xaedc, 0xaedc, 
	0xaedc, 0xaedc, 0xaedc, 0xaedc, 0xaedc, 0xaedc, 0xaedc, 0xaedc, 0xaedc, 0xaedc, 0xaedc, 0xaedc, 0xaedc, 0xaedc, 0xaedc, 0xaedc, 
	0xaedc, 0xaedc, 0xaedc, 0xaedc, 0xaedc, 0xaedc, 0xaedc, 0xaedc, 0xaedc, 0xaedc, 0xaedc, 0xaedc, 0xaedc, 0xaedc, 0xaedc, 0xaedc, 
	0xaedc, 0xaedc, 0xaedc, 0xaedc, 0xaedc, 0xaedc, 0xaedc, 0xaedc, 0xaedc, 0xaedc, 0xaedc, 0xaedc, 0xaedc, 0xaedc, 0xaedc, 0xaedc, 
	0xaedc, 0xaedc, 0xaedc, 0xaedc, 0xaedc, 0xaedc, 0xaedc, 0xaedc, 0xaedc, 0xaedc, 0xaedc, 0xaedc, 0xaedc, 0xaedc, 0xaedc, 0xaedc, 
	0xaedc, 0xaedc, 0xaedc, 0xaedc, 0xaedc, 0xaedc, 0xaedc, 0xaedc, 0xaedc, 0xaedc, 0xaedc, 0xaedc, 0xaedc, 0xaedc, 0xaedc, 0xaedc, 
	0xaedc, 0xaedc, 0xaedc, 0xaedc, 0xaedc, 0xaedc, 0xaedc, 0xaedc, 0xaedc, 0xaedc, 0xaedc, 0xaedc, 0xaedc, 0xaedc, 0xaedc, 0xaedc, 
	0xaedc, 0xaedc, 0xaedc, 0xaedc, 0xaedc, 0xaedc, 0xaedc, 0xaedc, 0xaedc, 0xaedc, 0xaedc, 0xaedc, 0xaedc, 0xaedc, 0xaedc, 0xaedc, 
	0xaedc, 0xaedc, 0xaedc, 0xaedc, 0xaedc, 0xaedc, 0xaedc, 0xaedc, 0xaedc, 0xaedc, 0xaedc, 0xaedc, 0xaedc, 0xaedc, 0xaedc, 0xaedc, 
	0xaedc, 0xaedc, 0xaedc, 0xaedc, 0xaedc, 0xaedc, 0xaedc, 0xaedc, 0xaedc, 0xaedc, 0xaedc, 0xaedc, 0xaedc, 0xaedc, 0xaedc, 0xaedc, 
	0xaedc, 0xaedc, 0xaedc, 0xaedc, 0xaedc, 0xaedc, 0xaedc, 0xaedc, 0xaedc, 0xaedc, 0xaedc, 0xaedc, 0xaedc, 0xaedc, 0xaedc, 0xaedc, 
	0xaedc, 0xaedc, 0xaedc, 0xaedc, 0xaedc, 0xaedc, 0xaedc, 0xaedc, 0xaedc, 0xaedc, 0xaedc, 0xaedc, 0xaedc, 0xaedc, 0xaedc, 0xaedc, 
	0xaedc, 0xaedc, 0xaedc, 0xaedc, 0xaedc, 0xaedc, 0xaedc, 0xaedc, 0xaedc, 0xaedc, 0xaedc, 0xaedc, 0xaedc, 0xaedc, 0xaedc, 0xaedc, 
	0xaedc, 0xaedc, 0xaedc, 0xaedc, 0xaedc, 0xaedc, 0xaedc, 0xaedc, 0xaedc, 0xaedc, 0xaedc, 0xaedc, 0xaedc, 0xaedc, 0xaedc, 0xaedc, 
	0xaedc, 0xaedc, 0xaedc, 0xaedc, 0xaedc, 0xaedc, 0xaedc, 0xaedc, 0xaedc, 0xaedc, 0xaedc, 0xaedc, 0xaedc, 0xaedc, 0xaedc, 0xaedc, 
	0xaedc, 0xaedc, 0xaedc, 0xaedc, 0xaedc, 0xaedc, 0xaedc, 0xaedc, 0xaedc, 0xaedc, 0xaedc, 0xaedc, 0xaedc, 0xaedc, 0xaedc, 0xaedc, 
	0xaedc, 0xaedc, 0xaedc, 0xaedc, 0xaedc, 0xaedc, 0xaedc, 0xaedc, 0xaedc, 0xaedc, 0xaedc, 0xaedc, 0xaedc, 0xaedc, 0xaedc, 0xaedc, 
	0xaedc, 0xaedc, 0xaedc, 0xaedc, 0xaedc, 0xaedc, 0xaedc, 0xaedc, 0xaedc, 0xaedc, 0xaedc, 0xaedc, 0xaedc, 0xaedc, 0xaedc, 0xaedc, 
	0xaedc, 0xaedc, 0xaedc, 0xaedc, 0xaedc, 0xaedc, 0xaedc, 0xaedc, 0xaedc, 0xaedc, 0xaedc, 0xaedc, 0xaedc, 0xaedc, 0xaedc, 0xaedc, 
	0xaedc, 0xaedc, 0xaedc, 0xaedc, 0xaedc, 0xaedc, 0xaedc, 0xaedc, 0xaedc, 0xaedc, 0xaedc, 0xaedc, 0xaedc, 0xaedc, 0xaedc, 0xaedc, 
	0xaedc, 0xaedc, 0xaedc, 0xaedc, 0xaedc, 0xaedc, 0xaedc, 0xaedc, 0xaedc, 0xaedc, 0xaedc, 0xaedc, 0xaedc, 0xaedc, 0xaedc, 0xaedc, 
	0xaedc, 0xaedc, 0xaedc, 0xaedc, 0xaedc, 0xaedc, 0xaedc, 0xaedc, 0xaedc, 0xaedc, 0xaedc, 0xaedc, 0xaedc, 0xaedc, 0xaedc, 0xaedc, 
	0xaedc, 0xaedc, 0xaedc, 0xaedc, 0xaedc, 0xaedc, 0xaedc, 0xaedc, 0xaedc, 0xaedc, 0xaedc, 0xaedc, 0xaedc, 0xaedc, 0xaedc, 0xaedc, 
	0xaedc, 0xaedc, 0xaedc, 0xaedc, 0xaedc, 0xaedc, 0xaedc, 0xaedc, 0xaedc, 0xaedc, 0xaedc, 0xaedc, 0xaedc, 0xaedc, 0xaedc, 0xaedc, 
	0xaedc, 0xaedc, 0xaedc, 0xaedc, 0xaedc, 0xaedc, 0xaedc, 0xaedc, 0xaedc, 0xaedc, 0xaedc, 0xaedc, 0xaedc, 0xaedc, 0xaedc, 0xaedc, 
	0xaedc, 0xaedc, 0xaedc, 0xaedc, 0xaedc, 0xaedc, 0xaedc, 0xaedc, 0xaedc, 0xaedc, 0xaedc, 0xaedc, 0xaedc, 0xaedc, 0xaedc, 0xaedc, 
	0xaedc, 0xaedc, 0xaedc, 0xaedc, 0xaedc, 0xaedc, 0xaedc, 0xaedc, 0xaedc, 0xaedc, 0xaedc, 0xaedc, 0xaedc, 0xaedc, 0xaedc, 0xaedc, 
	0xaedc, 0xaedc, 0xaedc, 0xaedc, 0xaedc, 0xaedc, 0xaedc, 0xaedc, 0xaedc, 0xaedc, 0xaedc, 0xaedc, 0xaedc, 0xaedc, 0xaedc, 0xaedc, 
	0xaedc, 0xaedc, 0xaedc, 0xaedc, 0xaedc, 0xaedc, 0xaedc, 0xaedc, 0xaedc, 0xaedc, 0xaedc, 0xaedc, 0xaedc, 0xaedc, 0xaedc, 0xaedc, 
	0xaedc, 0xaedc, 0xaedc, 0xaedc, 0xaedc, 0xaedc, 0xaedc, 0xaedc, 0xaedc, 0xaedc, 0xaedc, 0xaedc, 0xaedc, 0xaedc, 0xaedc, 0xaedc, 
	0xaedc, 0xaedc, 0xaedc, 0xaedc, 0xaedc, 0xaedc, 0xaedc, 0xaedc, 0xaedc, 0xaedc, 0xaedc, 0xaedc, 0xaedc, 0xaedc, 0xaedc, 0xaedc, 
	0xaedc, 0xaedc, 0xaedc, 0xaedc, 0xaedc, 0xaedc, 0xaedc, 0xaedc, 0xaedc, 0xaedc, 0xaedc, 0xaedc, 0xaedc, 0xaedc, 0xaedc, 0xaedc, 
	0xaedc, 0xaedc, 0xaedc, 0xaedc, 0xaedc, 0xaedc, 0xaedc, 0xaedc, 0xaedc, 0xaedc, 0xaedc, 0xaedc, 0xaedc, 0xaedc, 0xaedc, 0xaedc, 
	0xaedc, 0xaedc, 0xaedc, 0xaedc, 0xaedc, 0xaedc, 0xaedc, 0xaedc, 0xaedc, 0xaedc, 0xaedc, 0xaedc, 0xaedc, 0xaedc, 0xaedc, 0xaedc, 
	0xaedc, 0xaedc, 0xaedc, 0xaedc, 0xaedc, 0xaedc, 0xaedc, 0xaedc, 0xaedc, 0xaedc, 0xaedc, 0xaedc, 0xaedc, 0xaedc, 0xaedc, 0xaedc, 
	0xaedc, 0xaedc, 0xaedc, 0xaedc, 0xaedc, 0xaedc, 0xaedc, 0xaedc, 0xaedc, 0xaedc, 0xaedc, 0xaedc, 0xaedc, 0xaedc, 0xaedc, 0xaedc, 
	0xaedc, 0xaedc, 0xaedc, 0xaedc, 0xaedc, 0xaedc, 0xaedc, 0xaedc, 0xaedc, 0xaedc, 0xaedc, 0xaedc, 0xaedc, 0xaedc, 0xaedc, 0xaedc, 
	0xaedc, 0xaedc, 0xaedc, 0xaedc, 0xaedc, 0xaedc, 0xaedc, 0xaedc, 0xaedc, 0xaedc, 0xaedc, 0xaedc, 0xaedc, 0xaedc, 0xaedc, 0xaedc, 
	0xaedc, 0xaedc, 0xaedc, 0xaedc, 0xaedc, 0xaedc, 0xaedc, 0xaedc, 0xaedc, 0xaedc, 0xaedc, 0xaedc, 0xaedc, 0xaedc, 0xaedc, 0xaedc, 
	0xaedc, 0xaedc, 0xaedc, 0xaedc, 0xaedc, 0xaedc, 0xaedc, 0xaedc, 0xaedc, 0xaedc, 0xaedc, 0xaedc, 0xaedc, 0xaedc, 0xaedc, 0xaedc, 
	0xaedc, 0xaedc, 0xaedc, 0xaedc, 0xaedc, 0xaedc, 0xaedc, 0xaedc, 0xaedc, 0xaedc, 0xaedc, 0xaedc, 0xaedc, 0xaedc, 0xaedc, 0xaedc, 
	0xaedc, 0xaedc, 0xaedc, 0xaedc, 0xaedc, 0xaedc, 0xaedc, 0xaedc, 0xaedc, 0xaedc, 0xaedc, 0xaedc, 0xaedc, 0xaedc, 0xaedc, 0xaedc, 
	0xaedc, 0xaedc, 0xaedc, 0xaedc, 0xaedc, 0xaedc, 0xaedc, 0xaedc, 0xaedc, 0xaedc, 0xaedc, 0xaedc, 0xaedc, 0xaedc, 0xaedc, 0xaedc, 
	0xaedc, 0xaedc, 0xaedc, 0xaedc, 0xaedc, 0xaedc, 0xaedc, 0xaedc, 0xaedc, 0xaedc, 0xaedc, 0xaedc, 0xaedc, 0xaedc, 0xaedc, 0xaedc, 
	0xaedc, 0xaedc, 0xaedc, 0xaedc, 0xaedc, 0xaedc, 0xaedc, 0xaedc, 0xaedc, 0xaedc, 0xaedc, 0xaedc, 0xaedc, 0xaedc, 0xaedc, 0xaedc, 
	0xaedc, 0xaedc, 0xaedc, 0xaedc, 0xaedc, 0xaedc, 0xaedc, 0xaedc, 0xaedc, 0xaedc, 0xaedc, 0xaedc, 0xaedc, 0xaedc, 0xaedc, 0xaedc, 
	0xaedc, 0xaedc, 0xaedc, 0xaedc, 0xaedc, 0xaedc, 0xaedc, 0xaedc, 0xaedc, 0xaedc, 0xaedc, 0xaedc, 0xaedc, 0xaedc, 0xaedc, 0xaedc, 
	0xaedc, 0xaedc, 0xaedc, 0xaedc, 0xaedc, 0xaedc, 0xaedc, 0xaedc, 0xaedc, 0xaedc, 0xaedc, 0xaedc, 0xaedc, 0xaedc, 0xaedc, 0xaedc, 
	0xaedc, 0xaedc, 0xaedc, 0xaedc, 0xaedc, 0xaedc, 0xaedc, 0xaedc, 0xaedc, 0xaedc, 0xaedc, 0xaedc, 0xaedc, 0xaedc, 0xaedc, 0xaedc, 
	0xaedc, 0xaedc, 0xaedc, 0xaedc, 0xaedc, 0xaedc, 0xaedc, 0xaedc, 0xaedc, 0xaedc, 0xaedc, 0xaedc, 0xaedc, 0xaedc, 0xaedc, 0xaedc, 
	0xaedc, 0xaedc, 0xaedc, 0xaedc, 0xaedc, 0xaedc, 0xaedc, 0xaedc, 0xaedc, 0xaedc, 0xaedc, 0xaedc, 0xaedc, 0xaedc, 0xaedc, 0xaedc, 
	0xaedc, 0xaedc, 0xaedc, 0xaedc, 0xaedc, 0xaedc, 0xaedc, 0xaedc, 0xaedc, 0xaedc, 0xaedc, 0xaedc, 0xaedc, 0xaedc, 0xaedc, 0xaedc, 
	0xaedc, 0xaedc, 0xaedc, 0xaedc, 0xaedc, 0xaedc, 0xaedc, 0xaedc, 0xaedc, 0xaedc, 0xaedc, 0xaedc, 0xaedc, 0xaedc, 0xaedc, 0xaedc, 
	0xaedc, 0xaedc, 0xaedc, 0xaedc, 0xaedc, 0xaedc, 0xaedc, 0xaedc, 0xaedc, 0xaedc, 0xaedc, 0xaedc, 0xaedc, 0xaedc, 0xaedc, 0xaedc, 
	0xaedc, 0xaedc, 0xaedc, 0xaedc, 0xaedc, 0xaedc, 0xaedc, 0xaedc, 0xaedc, 0xaedc, 0xaedc, 0xaedc, 0xaedc, 0xaedc, 0xaedc, 0xaedc, 
	0xaedc, 0xaedc, 0xaedc, 0xaedc, 0xaedc, 0xaedc, 0xaedc, 0xaedc, 0xaedc, 0xaedc, 0xaedc, 0xaedc, 0xaedc, 0xaedc, 0xaedc, 0xaedc, 
	0xaedc, 0xaedc, 0xaedc, 0xaedc, 0xaedc, 0xaedc, 0xaedc, 0xaedc, 0xaedc, 0xaedc, 0xaedc, 0xaedc, 0xaedc, 0xaedc, 0xaedc, 0xaedc, 
	0xaedc, 0xaedc, 0xaedc, 0xaedc, 0xaedc, 0xaedc, 0xaedc, 0xaedc, 0xaedc, 0xaedc, 0xaedc, 0xaedc, 0xaedc, 0xaedc, 0xaedc, 0xaedc, 
	0xaedc, 0xaedc, 0xaedc, 0xaedc, 0xaedc, 0xaedc, 0xaedc, 0xaedc, 0xaedc, 0xaedc, 0xaedc, 0xaedc, 0xaedc, 0xaedc, 0xaedc, 0xaedc, 
	0xaedc, 0xaedc, 0xaedc, 0xaedc, 0xaedc, 0xaedc, 0xaedc, 0xaedc, 0xaedc, 0xaedc, 0xaedc, 0xaedc, 0xaedc, 0xaedc, 0xaedc, 0xaedc, 
	0xaedc, 0xaedc, 0xaedc, 0xaedc, 0xaedc, 0xaedc, 0xaedc, 0xaedc, 0xaedc, 0xaedc, 0xaedc, 0xaedc, 0xaedc, 0xaedc, 0xaedc, 0xaedc, 
	0xaedc, 0xaedc, 0xaedc, 0xaedc, 0xaedc, 0xaedc, 0xaedc, 0xaedc, 0xaedc, 0xaedc, 0xaedc, 0xaedc, 0xaedc, 0xaedc, 0xaedc, 0xaedc, 
	0xaedc, 0xaedc, 0xaedc, 0xaedc, 0xaedc, 0xaedc, 0xaedc, 0xaedc, 0xaedc, 0xaedc, 0xaedc, 0xaedc, 0xaedc, 0xaedc, 0xaedc, 0xaedc, 
	0xaedc, 0xaedc, 0xaedc, 0xaedc, 0xaedc, 0xaedc, 0xaedc, 0xaedc, 0xaedc, 0xaedc, 0xaedc, 0xaedc, 0xaedc, 0xaedc, 0xaedc, 0xaedc, 
	0xaedc, 0xaedc, 0xaedc, 0xaedc, 0xaedc, 0xaedc, 0xaedc, 0xaedc, 0xaedc, 0xaedc, 0xaedc, 0xaedc, 0xaedc, 0xaedc, 0xaedc, 0xaedc, 
	0xaedc, 0xaedc, 0xaedc, 0xaedc, 0xaedc, 0xaedc, 0xaedc, 0xaedc, 0xaedc, 0xaedc, 0xaedc, 0xaedc, 0xaedc, 0xaedc, 0xaedc, 0xaedc, 
	0xaedc, 0xaedc, 0xaedc, 0xaedc, 0xaedc, 0xaedc, 0xaedc, 0xaedc, 0xaedc, 0xaedc, 0xaedc, 0xaedc, 0xaedc, 0xaedc, 0xaedc, 0xaedc, 
	0xaedc, 0xaedc, 0xaedc, 0xaedc, 0xaedc, 0xaedc, 0xaedc, 0xaedc, 0xaedc, 0xaedc, 0xaedc, 0xaedc, 0xaedc, 0xaedc, 0xaedc, 0xaedc, 
	0xaedc, 0xaedc, 0xaedc, 0xaedc, 0xaedc, 0xaedc, 0xaedc, 0xaedc, 0xaedc, 0xaedc, 0xaedc, 0xaedc, 0xaedc, 0xaedc, 0xaedc, 0xaedc, 
	0xaedc, 0xaedc, 0xaedc, 0xaedc, 0xaedc, 0xaedc, 0xaedc, 0xaedc, 0xaedc, 0xaedc, 0xaedc, 0xaedc, 0xaedc, 0xaedc, 0xaedc, 0xaedc, 
	0xaedc, 0xaedc, 0xaedc, 0xaedc, 0xaedc, 0xaedc, 0xaedc, 0xaedc, 0xaedc, 0xaedc, 0xaedc, 0xaedc, 0xaedc, 0xaedc, 0xaedc, 0xaedc, 
	0xaedc, 0xaedc, 0xaedc, 0xaedc, 0xaedc, 0xaedc, 0xaedc, 0xaedc, 0xaedc, 0xaedc, 0xaedc, 0xaedc, 0xaedc, 0xaedc, 0xaedc, 0xaedc, 
	0xaedc, 0xaedc, 0xaedc, 0xaedc, 0xaedc, 0xaedc, 0xaedc, 0xaedc, 0xaedc, 0xaedc, 0xaedc, 0xaedc, 0xaedc, 0xaedc, 0xaedc, 0xaedc, 
	0xaedc, 0xaedc, 0xaedc, 0xaedc, 0xaedc, 0xaedc, 0xaedc, 0xaedc, 0xaedc, 0xaedc, 0xaedc, 0xaedc, 0xaedc, 0xaedc, 0xaedc, 0xaedc, 
	0xaedc, 0xaedc, 0xaedc, 0xaedc, 0xaedc, 0xaedc, 0xaedc, 0xaedc, 0xaedc, 0xaedc, 0xaedc, 0xaedc, 0xaedc, 0xaedc, 0xaedc, 0xaedc, 
	0xaedc, 0xaedc, 0xaedc, 0xaedc, 0xaedc, 0xaedc, 0xaedc, 0xaedc, 0xaedc, 0xaedc, 0xaedc, 0xaedc, 0xaedc, 0xaedc, 0xaedc, 0xaedc, 
	0xaedc, 0xaedc, 0xaedc, 0xaedc, 0xaedc, 0xaedc, 0xaedc, 0xaedc, 0xaedc, 0xaedc, 0xaedc, 0xaedc, 0xaedc, 0xaedc, 0xaedc, 0xaedc, 
	0xaedc, 0xaedc, 0xaedc, 0xaedc, 0xaedc, 0xaedc, 0xaedc, 0xaedc, 0xaedc, 0xaedc, 0xaedc, 0xaedc, 0xaedc, 0xaedc, 0xaedc, 0xaedc, 
	0xaedc, 0xaedc, 0xaedc, 0xaedc, 0xaedc, 0xaedc, 0xaedc, 0xaedc, 0xaedc, 0xaedc, 0xaedc, 0xaedc, 0xaedc, 0xaedc, 0xaedc, 0xaedc, 
	0xaedc, 0xaedc, 0xaedc, 0xaedc, 0xaedc, 0xaedc, 0xaedc, 0xaedc, 0xaedc, 0xaedc, 0xaedc, 0xaedc, 0xaedc, 0xaedc, 0xaedc, 0xaedc, 
	0xaedc, 0xaedc, 0xaedc, 0xaedc, 0xaedc, 0xaedc, 0xaedc, 0xaedc, 0xaedc, 0xaedc, 0xaedc, 0xaedc, 0xaedc, 0xaedc, 0xaedc, 0xaedc, 
	0xaedc, 0xaedc, 0xaedc, 0xaedc, 0xaedc, 0xaedc, 0xaedc, 0xaedc, 0xaedc, 0xaedc, 0xaedc, 0xaedc, 0xaedc, 0xaedc, 0xaedc, 0xaedc, 
	0xaedc, 0xaedc, 0xaedc, 0xaedc, 0xaedc, 0xaedc, 0xaedc, 0xaedc, 0xaedc, 0xaedc, 0xaedc, 0xaedc, 0xaedc, 0xaedc, 0xaedc, 0xaedc, 
	0xaedc, 0xaedc, 0xaedc, 0xaedc, 0xaedc, 0xaedc, 0xaedc, 0xaedc, 0xaedc, 0xaedc, 0xaedc, 0xaedc, 0xaedc, 0xaedc, 0xaedc, 0xaedc, 
	0xaedc, 0xaedc, 0xaedc, 0xaedc, 0xaedc, 0xaedc, 0xaedc, 0xaedc, 0xaedc, 0xaedc, 0xaedc, 0xaedc, 0xaedc, 0xaedc, 0xaedc, 0xaedc, 
	0xaedc, 0xaedc, 0xaedc, 0xaedc, 0xaedc, 0xaedc, 0xaedc, 0xaedc, 0xaedc, 0xaedc, 0xaedc, 0xaedc, 0xaedc, 0xaedc, 0xaedc, 0xaedc, 
	0xaedc, 0xaedc, 0xaedc, 0xaedc, 0xaedc, 0xaedc, 0xaedc, 0xaedc, 0xaedc, 0xaedc, 0xaedc, 0xaedc, 0xaedc, 0xaedc, 0xaedc, 0xaedc, 
	0xaedc, 0xaedc, 0xaedc, 0xaedc, 0xaedc, 0xaedc, 0xaedc, 0xaedc, 0xaedc, 0xaedc, 0xaedc, 0xaedc, 0xaedc, 0xaedc, 0xaedc, 0xaedc, 
	0xaedc, 0xaedc, 0xaedc, 0xaedc, 0xaedc, 0xaedc, 0xaedc, 0xaedc, 0xaedc, 0xaedc, 0xaedc, 0xaedc, 0xaedc, 0xaedc, 0xaedc, 0xaedc, 
	0xaedc, 0xaedc, 0xaedc, 0xaedc, 0xaedc, 0xaedc, 0xaedc, 0xaedc, 0xaedc, 0xaedc, 0xaedc, 0xaedc, 0xaedc, 0xaedc, 0xaedc, 0xaedc, 
	0xaedc, 0xaedc, 0xaedc, 0xaedc, 0xaedc, 0xaedc, 0xaedc, 0xaedc, 0xaedc, 0xaedc, 0xaedc, 0xaedc, 0xaedc, 0xaedc, 0xaedc, 0xaedc, 
	0xaedc, 0xaedc, 0xaedc, 0xaedc, 0xaedc, 0xaedc, 0xaedc, 0xaedc, 0xaedc, 0xaedc, 0xaedc, 0xaedc, 0xaedc, 0xaedc, 0xaedc, 0xaedc, 
	0xaedc, 0xaedc, 0xaedc, 0xaedc, 0xaedc, 0xaedc, 0xaedc, 0xaedc, 0xaedc, 0xaedc, 0xaedc, 0xaedc, 0xaedc, 0xaedc, 0xaedc, 0xaedc, 
	0xaedc, 0xaedc, 0xaedc, 0xaedc, 0xaedc, 0xaedc, 0xaedc, 0xaedc, 0xaedc, 0xaedc, 0xaedc, 0xaedc, 0xaedc, 0xaedc, 0xaedc, 0xaedc, 
	0xaedc, 0xaedc, 0xaedc, 0xaedc, 0xaedc, 0xaedc, 0xaedc, 0xaedc, 0xaedc, 0xaedc, 0xaedc, 0xaedc, 0xaedc, 0xaedc, 0xaedc, 0xaedc, 
	0xaedc, 0xaedc, 0xaedc, 0xaedc, 0xaedc, 0xaedc, 0xaedc, 0xaedc, 0xaedc, 0xaedc, 0xaedc, 0xaedc, 0xaedc, 0xaedc, 0xaedc, 0xaedc, 
	0xaedc, 0xaedc, 0xaedc, 0xaedc, 0xaedc, 0xaedc, 0xaedc, 0xaedc, 0xaedc, 0xaedc, 0xaedc, 0xaedc, 0xaedc, 0xaedc, 0xaedc, 0xaedc, 
	0xaedc, 0xaedc, 0xaedc, 0xaedc, 0xaedc, 0xaedc, 0xaedc, 0xaedc, 0xaedc, 0xaedc, 0xaedc, 0xaedc, 0xaedc, 0xaedc, 0xaedc, 0xaedc, 
	0xaedc, 0xaedc, 0xaedc, 0xaedc, 0xaedc, 0xaedc, 0xaedc, 0xaedc, 0xaedc, 0xaedc, 0xaedc, 0xaedc, 0xaedc, 0xaedc, 0xaedc, 0xaedc, 
	0xaedc, 0xaedc, 0xaedc, 0xaedc, 0xaedc, 0xaedc, 0xaedc, 0xaedc, 0xaedc, 0xaedc, 0xaedc, 0xaedc, 0xaedc, 0xaedc, 0xaedc, 0xaedc, 
	0xaedc, 0xaedc, 0xaedc, 0xaedc, 0xaedc, 0xaedc, 0xaedc, 0xaedc, 0xaedc, 0xaedc, 0xaedc, 0xaedc, 0xaedc, 0xaedc, 0xaedc, 0xaedc, 
	0xaedc, 0xaedc, 0xaedc, 0xaedc, 0xaedc, 0xaedc, 0xaedc, 0xaedc, 0xaedc, 0xaedc, 0xaedc, 0xaedc, 0xaedc, 0xaedc, 0xaedc, 0xaedc, 
	0xaedc, 0xaedc, 0xaedc, 0xaedc, 0xaedc, 0xaedc, 0xaedc, 0xaedc, 0xaedc, 0xaedc, 0xaedc, 0xaedc, 0xaedc, 0xaedc, 0xaedc, 0xaedc, 
	0xaedc, 0xaedc, 0xaedc, 0xaedc, 0xaedc, 0xaedc, 0xaedc, 0xaedc, 0xaedc, 0xaedc, 0xaedc, 0xaedc, 0xaedc, 0xaedc, 0xaedc, 0xaedc, 
	0xaedc, 0xaedc, 0xaedc, 0xaedc, 0xaedc, 0xaedc, 0xaedc, 0xaedc, 0xaedc, 0xaedc, 0xaedc, 0xaedc, 0xaedc, 0xaedc, 0xaedc, 0xaedc, 
	0xaedc, 0xaedc, 0xaedc, 0xaedc, 0xaedc, 0xaedc, 0xaedc, 0xaedc, 0xaedc, 0xaedc, 0xaedc, 0xaedc, 0xaedc, 0xaedc, 0xaedc, 0xaedc, 
	0xaedc, 0xaedc, 0xaedc, 0xaedc, 0xaedc, 0xaedc, 0xaedc, 0xaedc, 0xaedc, 0xaedc, 0xaedc, 0xaedc, 0xaedc, 0xaedc, 0xaedc, 0xaedc, 
	0xaedc, 0xaedc, 0xaedc, 0xaedc, 0xaedc, 0xaedc, 0xaedc, 0xaedc, 0xaedc, 0xaedc, 0xaedc, 0xaedc, 0xaedc, 0xaedc, 0xaedc, 0xaedc, 
	0xaedc, 0xaedc, 0xaedc, 0xaedc, 0xaedc, 0xaedc, 0xaedc, 0xaedc, 0xaedc, 0xaedc, 0xaedc, 0xaedc, 0xaedc, 0xaedc, 0xaedc, 0xaedc, 
	0xaedc, 0xaedc, 0xaedc, 0xaedc, 0xaedc, 0xaedc, 0xaedc, 0xaedc, 0xaedc, 0xaedc, 0xaedc, 0xaedc, 0xaedc, 0xaedc, 0xaedc, 0xaedc, 
	0xaedc, 0xaedc, 0xaedc, 0xaedc, 0xaedc, 0xaedc, 0xaedc, 0xaedc, 0xaedc, 0xaedc, 0xaedc, 0xaedc, 0xaedc, 0xaedc, 0xaedc, 0xaedc, 
	0xaedc, 0xaedc, 0xaedc, 0xaedc, 0xaedc, 0xaedc, 0xaedc, 0xaedc, 0xaedc, 0xaedc, 0xaedc, 0xaedc, 0xaedc, 0xaedc, 0xaedc, 0xaedc, 
	0xaedc, 0xaedc, 0xaedc, 0xaedc, 0xaedc, 0xaedc, 0xaedc, 0xaedc, 0xaedc, 0xaedc, 0xaedc, 0xaedc, 0xaedc, 0xaedc, 0xaedc, 0xaedc, 
	0xaedc, 0xaedc, 0xaedc, 0xaedc, 0xaedc, 0xaedc, 0xaedc, 0xaedc, 0xaedc, 0xaedc, 0xaedc, 0xaedc, 0xaedc, 0xaedc, 0xaedc, 0xaedc, 
	0xaedc, 0xaedc, 0xaedc, 0xaedc, 0xaedc, 0xaedc, 0xaedc, 0xaedc, 0xaedc, 0xaedc, 0xaedc, 0xaedc, 0xaedc, 0xaedc, 0xaedc, 0xaedc, 
	0xaedc, 0xaedc, 0xaedc, 0xaedc, 0xaedc, 0xaedc, 0xaedc, 0xaedc, 0xaedc, 0xaedc, 0xaedc, 0xaedc, 0xaedc, 0xaedc, 0xaedc, 0xaedc, 
	0xaedc, 0xaedc, 0xaedc, 0xaedc, 0xaedc, 0xaedc, 0xaedc, 0xaedc, 0xaedc, 0xaedc, 0xaedc, 0xaedc, 0xaedc, 0xaedc, 0xaedc, 0xaedc, 
	0xaedc, 0xaedc, 0xaedc, 0xaedc, 0xaedc, 0xaedc, 0xaedc, 0xaedc, 0xaedc, 0xaedc, 0xaedc, 0xaedc, 0xaedc, 0xaedc, 0xaedc, 0xaedc, 
	0xaedc, 0xaedc, 0xaedc, 0xaedc, 0xaedc, 0xaedc, 0xaedc, 0xaedc, 0xaedc, 0xaedc, 0xaedc, 0xaedc, 0xaedc, 0xaedc, 0xaedc, 0xaedc, 
	0xaedc, 0xaedc, 0xaedc, 0xaedc, 0xaedc, 0xaedc, 0xaedc, 0xaedc, 0xaedc, 0xaedc, 0xaedc, 0xaedc, 0xaedc, 0xaedc, 0xaedc, 0xaedc, 
	0xaedc, 0xaedc, 0xaedc, 0xaedc, 0xaedc, 0xaedc, 0xaedc, 0xaedc, 0xaedc, 0xaedc, 0xaedc, 0xaedc, 0xaedc, 0xaedc, 0xaedc, 0xaedc, 
	0xaedc, 0xaedc, 0xaedc, 0xaedc, 0xaedc, 0xaedc, 0xaedc, 0xaedc, 0xaedc, 0xaedc, 0xaedc, 0xaedc, 0xaedc, 0xaedc, 0xaedc, 0xaedc, 
	0xaedc, 0xaedc, 0xaedc, 0xaedc, 0xaedc, 0xaedc, 0xaedc, 0xaedc, 0xaedc, 0xaedc, 0xaedc, 0xaedc, 0xaedc, 0xaedc, 0xaedc, 0xaedc, 
	0xaedc, 0xaedc, 0xaedc, 0xaedc, 0xaedc, 0xaedc, 0xaedc, 0xaedc, 0xaedc, 0xaedc, 0xaedc, 0xaedc, 0xaedc, 0xaedc, 0xaedc, 0xaedc, 
	0xaedc, 0xaedc, 0xaedc, 0xaedc, 0xaedc, 0xaedc, 0xaedc, 0xaedc, 0xaedc, 0xaedc, 0xaedc, 0xaedc, 0xaedc, 0xaedc, 0xaedc, 0xaedc, 
	0xaedc, 0xaedc, 0xaedc, 0xaedc, 0xaedc, 0xaedc, 0xaedc, 0xaedc, 0xaedc, 0xaedc, 0xaedc, 0xaedc, 0xaedc, 0xaedc, 0xaedc, 0xaedc, 
	0xaedc, 0xaedc, 0xaedc, 0xaedc, 0xaedc, 0xaedc, 0xaedc, 0xaedc, 0xaedc, 0xaedc, 0xaedc, 0xaedc, 0xaedc, 0xaedc, 0xaedc, 0xaedc, 
	0xaedc, 0xaedc, 0xaedc, 0xaedc, 0xaedc, 0xaedc, 0xaedc, 0xaedc, 0xaedc, 0xaedc, 0xaedc, 0xaedc, 0xaedc, 0xaedc, 0xaedc, 0xaedc, 
	0xaedc, 0xaedc, 0xaedc, 0xaedc, 0xaedc, 0xaedc, 0xaedc, 0xaedc, 0xaedc, 0xaedc, 0xaedc, 0xaedc, 0xaedc, 0xaedc, 0xaedc, 0xaedc, 
	0xaedc, 0xaedc, 0xaedc, 0xaedc, 0xaedc, 0xaedc, 0xaedc, 0xaedc, 0xaedc, 0xaedc, 0xaedc, 0xaedc, 0xaedc, 0xaedc, 0xaedc, 0xaedc, 
	0xaedc, 0xaedc, 0xaedc, 0xaedc, 0xaedc, 0xaedc, 0xaedc, 0xaedc, 0xaedc, 0xaedc, 0xaedc, 0xaedc, 0xaedc, 0xaedc, 0xaedc, 0xaedc, 
	0xaedc, 0xaedc, 0xaedc, 0xaedc, 0xaedc, 0xaedc, 0xaedc, 0xaedc, 0xaedc, 0xaedc, 0xaedc, 0xaedc, 0xaedc, 0xaedc, 0xaedc, 0xaedc, 
	0xaedc, 0xaedc, 0xaedc, 0xaedc, 0xaedc, 0xaedc, 0xaedc, 0xaedc, 0xaedc, 0xaedc, 0xaedc, 0xaedc, 0xaedc, 0xaedc, 0xaedc, 0xaedc, 
	0xaedc, 0xaedc, 0xaedc, 0xaedc, 0xaedc, 0xaedc, 0xaedc, 0xaedc, 0xaedc, 0xaedc, 0xaedc, 0xaedc, 0xaedc, 0xaedc, 0xaedc, 0xaedc, 
	0xaedc, 0xaedc, 0xaedc, 0xaedc, 0xaedc, 0xaedc, 0xaedc, 0xaedc, 0xaedc, 0xaedc, 0xaedc, 0xaedc, 0xaedc, 0xaedc, 0xaedc, 0xaedc, 
	0xaedc, 0xaedc, 0xaedc, 0xaedc, 0xaedc, 0xaedc, 0xaedc, 0xaedc, 0xaedc, 0xaedc, 0xaedc, 0xaedc, 0xaedc, 0xaedc, 0xaedc, 0xaedc, 
	0xaedc, 0xaedc, 0xaedc, 0xaedc, 0xaedc, 0xaedc, 0xaedc, 0xaedc, 0xaedc, 0xaedc, 0xaedc, 0xaedc, 0xaedc, 0xaedc, 0xaedc, 0xaedc, 
	0xaedc, 0xaedc, 0xaedc, 0xaedc, 0xaedc, 0xaedc, 0xaedc, 0xaedc, 0xaedc, 0xaedc, 0xaedc, 0xaedc, 0xaedc, 0xaedc, 0xaedc, 0xaedc, 
	0xaedc, 0xaedc, 0xaedc, 0xaedc, 0xaedc, 0xaedc, 0xaedc, 0xaedc, 0xaedc, 0xaedc, 0xaedc, 0xaedc, 0xaedc, 0xaedc, 0xaedc, 0xaedc, 
	0xaedc, 0xaedc, 0xaedc, 0xaedc, 0xaedc, 0xaedc, 0xaedc, 0xaedc, 0xaedc, 0xaedc, 0xaedc, 0xaedc, 0xaedc, 0xaedc, 0xaedc, 0xaedc, 
	0xaedc, 0xaedc, 0xaedc, 0xaedc, 0xaedc, 0xaedc, 0xaedc, 0xaedc, 0xaedc, 0xaedc, 0xaedc, 0xaedc, 0xaedc, 0xaedc, 0xaedc, 0xaedc, 
	0xaedc, 0xaedc, 0xaedc, 0xaedc, 0xaedc, 0xaedc, 0xaedc, 0xaedc, 0xaedc, 0xaedc, 0xaedc, 0xaedc, 0xaedc, 0xaedc, 0xaedc, 0xaedc, 
	0xaedc, 0xaedc, 0xaedc, 0xaedc, 0xaedc, 0xaedc, 0xaedc, 0xaedc, 0xaedc, 0xaedc, 0xaedc, 0xaedc, 0xaedc, 0xaedc, 0xaedc, 0xaedc, 
	0xaedc, 0xaedc, 0xaedc, 0xaedc, 0xaedc, 0xaedc, 0xaedc, 0xaedc, 0xaedc, 0xaedc, 0xaedc, 0xaedc, 0xaedc, 0xaedc, 0xaedc, 0xaedc, 
	0xaedc, 0xaedc, 0xaedc, 0xaedc, 0xaedc, 0xaedc, 0xaedc, 0xaedc, 0xaedc, 0xaedc, 0xaedc, 0xaedc, 0xaedc, 0xaedc, 0xaedc, 0xaedc, 
	0xaedc, 0xaedc, 0xaedc, 0xaedc, 0xaedc, 0xaedc, 0xaedc, 0xaedc, 0xaedc, 0xaedc, 0xaedc, 0xaedc, 0xaedc, 0xaedc, 0xaedc, 0xaedc, 
	0xaedc, 0xaedc, 0xaedc, 0xaedc, 0xaedc, 0xaedc, 0xaedc, 0xaedc, 0xaedc, 0xaedc, 0xaedc, 0xaedc, 0xaedc, 0xaedc, 0xaedc, 0xaedc, 
	0xaedc, 0xaedc, 0xaedc, 0xaedc, 0xaedc, 0xaedc, 0xaedc, 0xaedc, 0xaedc, 0xaedc, 0xaedc, 0xaedc, 0xaedc, 0xaedc, 0xaedc, 0xaedc, 
	0xaedc, 0xaedc, 0xaedc, 0xaedc, 0xaedc, 0xaedc, 0xaedc, 0xaedc, 0xaedc, 0xaedc, 0xaedc, 0xaedc, 0xaedc, 0xaedc, 0xaedc, 0xaedc, 
	0xaedc, 0xaedc, 0xaedc, 0xaedc, 0xaedc, 0xaedc, 0xaedc, 0xaedc, 0xaedc, 0xaedc, 0xaedc, 0xaedc, 0xaedc, 0xaedc, 0xaedc, 0xaedc, 
	0xaedc, 0xaedc, 0xaedc, 0xaedc, 0xaedc, 0xaedc, 0xaedc, 0xaedc, 0xaedc, 0xaedc, 0xaedc, 0xaedc, 0xaedc, 0xaedc, 0xaedc, 0xaedc, 
	0xaedc, 0xaedc, 0xaedc, 0xaedc, 0xaedc, 0xaedc, 0xaedc, 0xaedc, 0xaedc, 0xaedc, 0xaedc, 0xaedc, 0xaedc, 0xaedc, 0xaedc, 0xaedc, 
	0xaedc, 0xaedc, 0xaedc, 0xaedc, 0xaedc, 0xaedc, 0xaedc, 0xaedc, 0xaedc, 0xaedc, 0xaedc, 0xaedc, 0xaedc, 0xaedc, 0xaedc, 0xaedc, 
	0xaedc, 0xaedc, 0xaedc, 0xaedc, 0xaedc, 0xaedc, 0xaedc, 0xaedc, 0xaedc, 0xaedc, 0xaedc, 0xaedc, 0xaedc, 0xaedc, 0xaedc, 0xaedc, 
	0xaedc, 0xaedc, 0xaedc, 0xaedc, 0xaedc, 0xaedc, 0xaedc, 0xaedc, 0xaedc, 0xaedc, 0xaedc, 0xaedc, 0xaedc, 0xaedc, 0xaedc, 0xaedc, 
	0xaedc, 0xaedc, 0xaedc, 0xaedc, 0xaedc, 0xaedc, 0xaedc, 0xaedc, 0xaedc, 0xaedc, 0xaedc, 0xaedc, 0xaedc, 0xaedc, 0xaedc, 0xaedc, 
	0xaedc, 0xaedc, 0xaedc, 0xaedc, 0xaedc, 0xaedc, 0xaedc, 0xaedc, 0xaedc, 0xaedc, 0xaedc, 0xaedc, 0xaedc, 0xaedc, 0xaedc, 0xaedc, 
	0xaedc, 0xaedc, 0xaedc, 0xaedc, 0xaedc, 0xaedc, 0xaedc, 0xaedc, 0xaedc, 0xaedc, 0xaedc, 0xaedc, 0xaedc, 0xaedc, 0xaedc, 0xaedc, 
	0xaedc, 0xaedc, 0xaedc, 0xaedc, 0xaedc, 0xaedc, 0xaedc, 0xaedc, 0xaedc, 0xaedc, 0xaedc, 0xaedc, 0xaedc, 0xaedc, 0xaedc, 0xaedc, 
	0xaedc, 0xaedc, 0xaedc, 0xaedc, 0xaedc, 0xaedc, 0xaedc, 0xaedc, 0xaedc, 0xaedc, 0xaedc, 0xaedc, 0xaedc, 0xaedc, 0xaedc, 0xaedc, 
	0xaedc, 0xaedc, 0xaedc, 0xaedc, 0xaedc, 0xaedc, 0xaedc, 0xaedc, 0xaedc, 0xaedc, 0xaedc, 0xaedc, 0xaedc, 0xaedc, 0xaedc, 0xaedc, 
	0xaedc, 0xaedc, 0xaedc, 0xaedc, 0xaedc, 0xaedc, 0xaedc, 0xaedc, 0xaedc, 0xaedc, 0xaedc, 0xaedc, 0xaedc, 0xaedc, 0xaedc, 0xaedc, 
	0xaedc, 0xaedc, 0xaedc, 0xaedc, 0xaedc, 0xaedc, 0xaedc, 0xaedc, 0xaedc, 0xaedc, 0xaedc, 0xaedc, 0xaedc, 0xaedc, 0xaedc, 0xaedc, 
	0xaedc, 0xaedc, 0xaedc, 0xaedc, 0xaedc, 0xaedc, 0xaedc, 0xaedc, 0xaedc, 0xaedc, 0xaedc, 0xaedc, 0xaedc, 0xaedc, 0xaedc, 0xaedc, 
	0xaedc, 0xaedc, 0xaedc, 0xaedc, 0xaedc, 0xaedc, 0xaedc, 0xaedc, 0xaedc, 0xaedc, 0xaedc, 0xaedc, 0xaedc, 0xaedc, 0xaedc, 0xaedc, 
	0xaedc, 0xaedc, 0xaedc, 0xaedc, 0xaedc, 0xaedc, 0xaedc, 0xaedc, 0xaedc, 0xaedc, 0xaedc, 0xaedc, 0xaedc, 0xaedc, 0xaedc, 0xaedc, 
	0xaedc, 0xaedc, 0xaedc, 0xaedc, 0xaedc, 0xaedc, 0xaedc, 0xaedc, 0xaedc, 0xaedc, 0xaedc, 0xaedc, 0xaedc, 0xaedc, 0xaedc, 0xaedc, 
	0xaedc, 0xaedc, 0xaedc, 0xaedc, 0xaedc, 0xaedc, 0xaedc, 0xaedc, 0xaedc, 0xaedc, 0xaedc, 0xaedc, 0xaedc, 0xaedc, 0xaedc, 0xaedc, 
	0xaedc, 0xaedc, 0xaedc, 0xaedc, 0xaedc, 0xaedc, 0xaedc, 0xaedc, 0xaedc, 0xaedc, 0xaedc, 0xaedc, 0xaedc, 0xaedc, 0xaedc, 0xaedc, 
	0xaedc, 0xaedc, 0xaedc, 0xaedc, 0xaedc, 0xaedc, 0xaedc, 0xaedc, 0xaedc, 0xaedc, 0xaedc, 0xaedc, 0xaedc, 0xaedc, 0xaedc, 0xaedc, 
	0xaedc, 0xaedc, 0xaedc, 0xaedc, 0xaedc, 0xaedc, 0xaedc, 0xaedc, 0xaedc, 0xaedc, 0xaedc, 0xaedc, 0xaedc, 0xaedc, 0xaedc, 0xaedc, 
	0xaedc, 0xaedc, 0xaedc, 0xaedc, 0xaedc, 0xaedc, 0xaedc, 0xaedc, 0xaedc, 0xaedc, 0xaedc, 0xaedc, 0xaedc, 0xaedc, 0xaedc, 0xaedc, 
	0xaedc, 0xaedc, 0xaedc, 0xaedc, 0xaedc, 0xaedc, 0xaedc, 0xaedc, 0xaedc, 0xaedc, 0xaedc, 0xaedc, 0xaedc, 0xaedc, 0xaedc, 0xaedc, 
	0xaedc, 0xaedc, 0xaedc, 0xaedc, 0xaedc, 0xaedc, 0xaedc, 0xaedc, 0xaedc, 0xaedc, 0xaedc, 0xaedc, 0xaedc, 0xaedc, 0xaedc, 0xaedc, 
	0xaedc, 0xaedc, 0xaedc, 0xaedc, 0xaedc, 0xaedc, 0xaedc, 0xaedc, 0xaedc, 0xaedc, 0xaedc, 0xaedc, 0xaedc, 0xaedc, 0xaedc, 0xaedc, 
	0xaedc, 0xaedc, 0xaedc, 0xaedc, 0xaedc, 0xaedc, 0xaedc, 0xaedc, 0xaedc, 0xaedc, 0xaedc, 0xaedc, 0xaedc, 0xaedc, 0xaedc, 0xaedc, 
	0xaedc, 0xaedc, 0xaedc, 0xaedc, 0xaedc, 0xaedc, 0xaedc, 0xaedc, 0xaedc, 0xaedc, 0xaedc, 0xaedc, 0xaedc, 0xaedc, 0xaedc, 0xaedc, 
	0xaedc, 0xaedc, 0xaedc, 0xaedc, 0xaedc, 0xaedc, 0xaedc, 0xaedc, 0xaedc, 0xaedc, 0xaedc, 0xaedc, 0xaedc, 0xaedc, 0xaedc, 0xaedc, 
	0xaedc, 0xaedc, 0xaedc, 0xaedc, 0xaedc, 0xaedc, 0xaedc, 0xaedc, 0xaedc, 0xaedc, 0xaedc, 0xaedc, 0xaedc, 0xaedc, 0xaedc, 0xaedc, 
	0xaedc, 0xaedc, 0xaedc, 0xaedc, 0xaedc, 0xaedc, 0xaedc, 0xaedc, 0xaedc, 0xaedc, 0xaedc, 0xaedc, 0xaedc, 0xaedc, 0xaedc, 0xaedc, 
	0xaedc, 0xaedc, 0xaedc, 0xaedc, 0xaedc, 0xaedc, 0xaedc, 0xaedc, 0xaedc, 0xaedc, 0xaedc, 0xaedc, 0xaedc, 0xaedc, 0xaedc, 0xaedc, 
	0xaedc, 0xaedc, 0xaedc, 0xaedc, 0xaedc, 0xaedc, 0xaedc, 0xaedc, 0xaedc, 0xaedc, 0xaedc, 0xaedc, 0xaedc, 0xaedc, 0xaedc, 0xaedc, 
	0xaedc, 0xaedc, 0xaedc, 0xaedc, 0xaedc, 0xaedc, 0xaedc, 0xaedc, 0xaedc, 0xaedc, 0xaedc, 0xaedc, 0xaedc, 0xaedc, 0xaedc, 0xaedc, 
	0xaedc, 0xaedc, 0xaedc, 0xaedc, 0xaedc, 0xaedc, 0xaedc, 0xaedc, 0xaedc, 0xaedc, 0xaedc, 0xaedc, 0xaedc, 0xaedc, 0xaedc, 0xaedc, 
	0xaedc, 0xaedc, 0xaedc, 0xaedc, 0xaedc, 0xaedc, 0xaedc, 0xaedc, 0xaedc, 0xaedc, 0xaedc, 0xaedc, 0xaedc, 0xaedc, 0xaedc, 0xaedc, 
	0xaedc, 0xaedc, 0xaedc, 0xaedc, 0xaedc, 0xaedc, 0xaedc, 0xaedc, 0xaedc, 0xaedc, 0xaedc, 0xaedc, 0xaedc, 0xaedc, 0xaedc, 0xaedc, 
	0xaedc, 0xaedc, 0xaedc, 0xaedc, 0xaedc, 0xaedc, 0xaedc, 0xaedc, 0xaedc, 0xaedc, 0xaedc, 0xaedc, 0xaedc, 0xaedc, 0xaedc, 0xaedc, 
	0xaedc, 0xaedc, 0xaedc, 0xaedc, 0xaedc, 0xaedc, 0xaedc, 0xaedc, 0xaedc, 0xaedc, 0xaedc, 0xaedc, 0xaedc, 0xaedc, 0xaedc, 0xaedc, 
	0xaedc, 0xaedc, 0xaedc, 0xaedc, 0xaedc, 0xaedc, 0xaedc, 0xaedc, 0xaedc, 0xaedc, 0xaedc, 0xaedc, 0xaedc, 0xaedc, 0xaedc, 0xaedc, 
	0xaedc, 0xaedc, 0xaedc, 0xaedc, 0xaedc, 0xaedc, 0xaedc, 0xaedc, 0xaedc, 0xaedc, 0xaedc, 0xaedc, 0xaedc, 0xaedc, 0xaedc, 0xaedc, 
	0xaedc, 0xaedc, 0xaedc, 0xaedc, 0xaedc, 0xaedc, 0xaedc, 0xaedc, 0xaedc, 0xaedc, 0xaedc, 0xaedc, 0xaedc, 0xaedc, 0xaedc, 0xaedc, 
	0xaedc, 0xaedc, 0xaedc, 0xaedc, 0xaedc, 0xaedc, 0xaedc, 0xaedc, 0xaedc, 0xaedc, 0xaedc, 0xaedc, 0xaedc, 0xaedc, 0xaedc, 0xaedc, 
	0xaedc, 0xaedc, 0xaedc, 0xaedc, 0xaedc, 0xaedc, 0xaedc, 0xaedc, 0xaedc, 0xaedc, 0xaedc, 0xaedc, 0xaedc, 0xaedc, 0xaedc, 0xaedc, 
	0xaedc, 0xaedc, 0xaedc, 0xaedc, 0xaedc, 0xaedc, 0xaedc, 0xaedc, 0xaedc, 0xaedc, 0xaedc, 0xaedc, 0xaedc, 0xaedc, 0xaedc, 0xaedc, 
	0xaedc, 0xaedc, 0xaedc, 0xaedc, 0xaedc, 0xaedc, 0xaedc, 0xaedc, 0xaedc, 0xaedc, 0xaedc, 0xaedc, 0xaedc, 0xaedc, 0xaedc, 0xaedc, 
	0xaedc, 0xaedc, 0xaedc, 0xaedc, 0xaedc, 0xaedc, 0xaedc, 0xaedc, 0xaedc, 0xaedc, 0xaedc, 0xaedc, 0xaedc, 0xaedc, 0xaedc, 0xaedc, 
	0xaedc, 0xaedc, 0xaedc, 0xaedc, 0xaedc, 0xaedc, 0xaedc, 0xaedc, 0xaedc, 0xaedc, 0xaedc, 0xaedc, 0xaedc, 0xaedc, 0xaedc, 0xaedc, 
	0xaedc, 0xaedc, 0xaedc, 0xaedc, 0xaedc, 0xaedc, 0xaedc, 0xaedc, 0xaedc, 0xaedc, 0xaedc, 0xaedc, 0xaedc, 0xaedc, 0xaedc, 0xaedc
};

#endif // RINSE_IMAGE_H