#ifndef SCRUB_IMAGE_H
#define SCRUB_IMAGE_H

// 'FC77AD8C-0A17-48ED-A267-54894CAA361F', 256x256px
const uint16_t scrub_map [] PROGMEM = {
	0xaedc, 0xaedc, 0xaedc, 0xaedc, 0xaedc, 0xaedc, 0xaedc, 0xaedc, 0xaedc, 0xaedc, 0xaedc, 0xaedc, 0xaedc, 0xaedc, 0xaedc, 0xaedc, 
	0xaedc, 0xaedc, 0xaedc, 0xaedc, 0xaedc, 0xaedc, 0xaedc, 0xaedc, 0xaedc, 0xaedc, 0xaedc, 0xaedc, 0xaedc, 0xaedc, 0xaedc, 0xaedc, 
	0xaedc, 0xaedc, 0xaedc, 0xaedc, 0xaedc, 0xaedc, 0xaedc, 0xaedc, 0xaedc, 0xaedc, 0xaedc, 0xaedc, 0xaedc, 0xaedc, 0xaedc, 0xaedc, 
	0xaedc, 0xaedc, 0xaedc, 0xaedc, 0xaedc, 0xaedc, 0xaedc, 0xaedc, 0xaedc, 0xaedc, 0xaedc, 0xaedc, 0xaedc, 0xaedc, 0xaedc, 0xaedc, 
	0xaedc, 0xaedc, 0xaedc, 0xaedc, 0xaedc, 0xaedc, 0xaedc, 0xaedc, 0xaedc, 0xaedc, 0xaedc, 0xaedc, 0xaedc, 0xaedc, 0xaedc, 0xaedc, 
	0xaedc, 0xaedc, 0xaedc, 0xaedc, 0xaedc, 0xaedc, 0xaedc, 0xaedc, 0xaedc, 0xaedc, 0xaedc, 0xaedc, 0xaedc, 0xaedc, 0xaedc, 0xaedc, 
	0xaedc, 0xaedc, 0xaedc, 0xaedc, 0xaedc, 0xaedc, 0xaedc, 0xaedc, 0xaedc, 0xaedc, 0xaedc, 0xaedc, 0xaedc, 0xaedc, 0xaedc, 0xaedc, 
	0xaedc, 0xaedc, 0xaedc, 0xaedc, 0xaedc, 0xaedc, 0xaedc, 0xaedc, 0xaedc, 0xaedc, 0xaedc, 0xaedc, 0xaedc, 0xaedc, 0xaedc, 0xaedc, 
	0xaedc, 0xaedc, 0xaedc, 0xaedc, 0xaedc, 0xaedc, 0xaedc, 0xaedc, 0xaedc, 0xaedc, 0xaedc, 0xaedc, 0xaedc, 0xaedc, 0xaedc, 0xaedc, 
	0xaedc, 0xaedc, 0xaedc, 0xaedc, 0xaedc, 0xaedc, 0xaedc, 0xaedc, 0xaedc, 0xaedc, 0xaedc, 0xaedc, 0xaedc, 0xaedc, 0xaedc, 0xaedc, 
	0xaedc, 0xaedc, 0xaedc, 0xaedc, 0xaedc, 0xaedc, 0xaedc, 0xaedc, 0xaedc, 0xaedc, 0xaedc, 0xaedc, 0xaedc, 0xaedc, 0xaedc, 0xaedc, 
	0xaedc, 0xaedc, 0xaedc, 0xaedc, 0xaedc, 0xaedc, 0xaedc, 0xaedc, 0xaedc, 0xaedc, 0xaedc, 0xaedc, 0xaedc, 0xaedc, 0xaedc, 0xaedc, 
	0xaedc, 0xaedc, 0xaedc, 0xaedc, 0xaedc, 0xaedc, 0xaedc, 0xaedc, 0xaedc, 0xaedc, 0xaedc, 0xaedc, 0xaedc, 0xaedc, 0xaedc, 0xaedc, 
	0xaedc, 0xaedc, 0xaedc, 0xaedc, 0xaedc, 0xaedc, 0xaedc, 0xaedc, 0xaedc, 0xaedc, 0xaedc, 0xaedc, 0xaedc, 0xaedc, 0xaedc, 0xaedc, 
	0xaedc, 0xaedc, 0xaedc, 0xaedc, 0xaedc, 0xaedc, 0xaedc, 0xaedc, 0xaedc, 0xaedc, 0xaedc, 0xaedc, 0xaedc, 0xaedc, 0xaedc, 0xaedc, 
	0xaedc, 0xaedc, 0xaedc, 0xaedc, 0xaedc, 0xaedc, 0xaedc, 0xaedc, 0xaedc, 0xaedc, 0xaedc, 0xaedc, 0xaedc, 0xaedc, 0xaedc, 0xaedc, 
	0xaedc, 0xaedc, 0xaedc, 0xaedc, 0xaedc, 0xaedc, 0xaedc, 0xaedc, 0xaedc, 0xaedc, 0xaedc, 0xaedc, 0xaedc, 0xaedc, 0xaedc, 0xaedc, 
	0xaedc, 0xaedc, 0xaedc, 0xaedc, 0xaedc, 0xaedc, 0xaedc, 0xaedc, 0xaedc, 0xaedc, 0xaedc, 0xaedc, 0xaedc, 0xaedc, 0xaedc, 0xaedc, 
	0xaedc, 0xaedc, 0xaedc, 0xaedc, 0xaedc, 0xaedc, 0xaedc, 0xaedc, 0xaedc, 0xaedc, 0xaedc, 0xaedc, 0xaedc, 0xaedc, 0xaedc, 0xaedc, 
	0xaedc, 0xaedc, 0xaedc, 0xaedc, 0xaedc, 0xaedc, 0xaedc, 0xaedc, 0xaedc, 0xaedc, 0xaedc, 0xaedc, 0xaedc, 0xaedc, 0xaedc, 0xaedc, 
	0xaedc, 0xaedc, 0xaedc, 0xaedc, 0xaedc, 0xaedc, 0xaedc, 0xaedc, 0xaedc, 0xaedc, 0xaedc, 0xaedc, 0xaedc, 0xaedc, 0xaedc, 0xaedc, 
	0xaedc, 0xaedc, 0xaedc, 0xaedc, 0xaedc, 0xaedc, 0xaedc, 0xaedc, 0xaedc, 0xaedc, 0xaedc, 0xaedc, 0xaedc, 0xaedc, 0xaedc, 0xaedc, 
	0xaedc, 0xaedc, 0xaedc, 0xaedc, 0xaedc, 0xaedc, 0xaedc, 0xaedc, 0xaedc, 0xaedc, 0xaedc, 0xaedc, 0xaedc, 0xaedc, 0xaedc, 0xaedc, 
	0xaedc, 0xaedc, 0xaedc, 0xaedc, 0xaedc, 0xaedc, 0xaedc, 0xaedc, 0xaedc, 0xaedc, 0xaedc, 0xaedc, 0xaedc, 0xaedc, 0xaedc, 0xaedc, 
	0xaedc, 0xaedc, 0xaedc, 0xaedc, 0xaedc, 0xaedc, 0xaedc, 0xaedc, 0xaedc, 0xaedc, 0xaedc, 0xaedc, 0xaedc, 0xaedc, 0xaedc, 0xaedc, 
	0xaedc, 0xaedc, 0xaedc, 0xaedc, 0xaedc, 0xaedc, 0xaedc, 0xaedc, 0xaedc, 0xaedc, 0xaedc, 0xaedc, 0xaedc, 0xaedc, 0xaedc, 0xaedc, 
	0xaedc, 0xaedc, 0xaedc, 0xaedc, 0xaedc, 0xaedc, 0xaedc, 0xaedc, 0xaedc, 0xaedc, 0xaedc, 0xaedc, 0xaedc, 0xaedc, 0xaedc, 0xaedc, 
	0xaedc, 0xaedc, 0xaedc, 0xaedc, 0xaedc, 0xaedc, 0xaedc, 0xaedc, 0xaedc, 0xaedc, 0xaedc, 0xaedc, 0xaedc, 0xaedc, 0xaedc, 0xaedc, 
	0xaedc, 0xaedc, 0xaedc, 0xaedc, 0xaedc, 0xaedc, 0xaedc, 0xaedc, 0xaedc, 0xaedc, 0xaedc, 0xaedc, 0xaedc, 0xaedc, 0xaedc, 0xaedc, 
	0xaedc, 0xaedc, 0xaedc, 0xaedc, 0xaedc, 0xaedc, 0xaedc, 0xaedc, 0xaedc, 0xaedc, 0xaedc, 0xaedc, 0xaedc, 0xaedc, 0xaedc, 0xaedc, 
	0xaedc, 0xaedc, 0xaedc, 0xaedc, 0xaedc, 0xaedc, 0xaedc, 0xaedc, 0xaedc, 0xaedc, 0xaedc, 0xaedc, 0xaedc, 0xaedc, 0xaedc, 0xaedc, 
	0xaedc, 0xaedc, 0xaedc, 0xaedc, 0xaedc, 0xaedc, 0xaedc, 0xaedc, 0xaedc, 0xaedc, 0xaedc, 0xaedc, 0xaedc, 0xaedc, 0xaedc, 0xaedc, 
	0xaedc, 0xaedc, 0xaedc, 0xaedc, 0xaedc, 0xaedc, 0xaedc, 0xaedc, 0xaedc, 0xaedc, 0xaedc, 0xaedc, 0xaedc, 0xaedc, 0xaedc, 0xaedc, 
	0xaedc, 0xaedc, 0xaedc, 0xaedc, 0xaedc, 0xaedc, 0xaedc, 0xaedc, 0xaedc, 0xaedc, 0xaedc, 0xaedc, 0xaedc, 0xaedc, 0xaedc, 0xaedc, 
	0xaedc, 0xaedc, 0xaedc, 0xaedc, 0xaedc, 0xaedc, 0xaedc, 0xaedc, 0xaedc, 0xaedc, 0xaedc, 0xaedc, 0xaedc, 0xaedc, 0xaedc, 0xaedc, 
	0xaedc, 0xaedc, 0xaedc, 0xaedc, 0xaedc, 0xaedc, 0xaedc, 0xaedc, 0xaedc, 0xaedc, 0xaedc, 0xaedc, 0xaedc, 0xaedc, 0xaedc, 0xaedc, 
	0xaedc, 0xaedc, 0xaedc, 0xaedc, 0xaedc, 0xaedc, 0xaedc, 0xaedc, 0xaedc, 0xaedc, 0xaedc, 0xaedc, 0xaedc, 0xaedc, 0xaedc, 0xaedc, 
	0xaedc, 0xaedc, 0xaedc, 0xaedc, 0xaedc, 0xaedc, 0xaedc, 0xaedc, 0xaedc, 0xaedc, 0xaedc, 0xaedc, 0xaedc, 0xaedc, 0xaedc, 0xaedc, 
	0xaedc, 0xaedc, 0xaedc, 0xaedc, 0xaedc, 0xaedc, 0xaedc, 0xaedc, 0xaedc, 0xaedc, 0xaedc, 0xaedc, 0xaedc, 0xaedc, 0xaedc, 0xaedc, 
	0xaedc, 0xaedc, 0xaedc, 0xaedc, 0xaedc, 0xaedc, 0xaedc, 0xaedc, 0xaedc, 0xaedc, 0xaedc, 0xaedc, 0xaedc, 0xaedc, 0xaedc, 0xaedc, 
	0xaedc, 0xaedc, 0xaedc, 0xaedc, 0xaedc, 0xaedc, 0xaedc, 0xaedc, 0xaedc, 0xaedc, 0xaedc, 0xaedc, 0xaedc, 0xaedc, 0xaedc, 0xaedc, 
	0xaedc, 0xaedc, 0xaedc, 0xaedc, 0xaedc, 0xaedc, 0xaedc, 0xaedc, 0xaedc, 0xaedc, 0xaedc, 0xaedc, 0xaedc, 0xaedc, 0xaedc, 0xaedc, 
	0xaedc, 0xaedc, 0xaedc, 0xaedc, 0xaedc, 0xaedc, 0xaedc, 0xaedc, 0xaedc, 0xaedc, 0xaedc, 0xaedc, 0xaedc, 0xaedc, 0xaedc, 0xaedc, 
	0xaedc, 0xaedc, 0xaedc, 0xaedc, 0xaedc, 0xaedc, 0xaedc, 0xaedc, 0xaedc, 0xaedc, 0xaedc, 0xaedc, 0xaedc, 0xaedc, 0xaedc, 0xaedc, 
	0xaedc, 0xaedc, 0xaedc, 0xaedc, 0xaedc, 0xaedc, 0xaedc, 0xaedc, 0xaedc, 0xaedc, 0xaedc, 0xaedc, 0xaedc, 0xaedc, 0xaedc, 0xaedc, 
	0xaedc, 0xaedc, 0xaedc, 0xaedc, 0xaedc, 0xaedc, 0xaedc, 0xaedc, 0xaedc, 0xaedc, 0xaedc, 0xaedc, 0xaedc, 0xaedc, 0xaedc, 0xaedc, 
	0xaedc, 0xaedc, 0xaedc, 0xaedc, 0xaedc, 0xaedc, 0xaedc, 0xaedc, 0xaedc, 0xaedc, 0xaedc, 0xaedc, 0xaedc, 0xaedc, 0xaedc, 0xaedc, 
	0xaedc, 0xaedc, 0xaedc, 0xaedc, 0xaedc, 0xaedc, 0xaedc, 0xaedc, 0xaedc, 0xaedc, 0xaedc, 0xaedc, 0xaedc, 0xaedc, 0xaedc, 0xaedc, 
	0xaedc, 0xaedc, 0xaedc, 0xaedc, 0xaedc, 0xaedc, 0xaedc, 0xaedc, 0xaedc, 0xaedc, 0xaedc, 0xaedc, 0xaedc, 0xaedc, 0xaedc, 0xaedc, 
	0xaedc, 0xaedc, 0xaedc, 0xaedc, 0xaedc, 0xaedc, 0xaedc, 0xaedc, 0xaedc, 0xaedc, 0xaedc, 0xaedc, 0xaedc, 0xaedc, 0xaedc, 0xaedc, 
	0xaedc, 0xaedc, 0xaedc, 0xaedc, 0xaedc, 0xaedc, 0xaedc, 0xaedc, 0xaedc, 0xaedc, 0xaedc, 0xaedc, 0xaedc, 0xaedc, 0xaedc, 0xaedc, 
	0xaedc, 0xaedc, 0xaedc, 0xaedc, 0xaedc, 0xaedc, 0xaedc, 0xaedc, 0xaedc, 0xaedc, 0xaedc, 0xaedc, 0xaedc, 0xaedc, 0xaedc, 0xaedc, 
	0xaedc, 0xaedc, 0xaedc, 0xaedc, 0xaedc, 0xaedc, 0xaedc, 0xaedc, 0xaedc, 0xaedc, 0xaedc, 0xaedc, 0xaedc, 0xaedc, 0xaedc, 0xaedc, 
	0xaedc, 0xaedc, 0xaedc, 0xaedc, 0xaedc, 0xaedc, 0xaedc, 0xaedc, 0xaedc, 0xaedc, 0xaedc, 0xaedc, 0xaedc, 0xaedc, 0xaedc, 0xaedc, 
	0xaedc, 0xaedc, 0xaedc, 0xaedc, 0xaedc, 0xaedc, 0xaedc, 0xaedc, 0xaedc, 0xaedc, 0xaedc, 0xaedc, 0xaedc, 0xaedc, 0xaedc, 0xaedc, 
	0xaedc, 0xaedc, 0xaedc, 0xaedc, 0xaedc, 0xaedc, 0xaedc, 0xaedc, 0xaedc, 0xaedc, 0xaedc, 0xaedc, 0xaedc, 0xaedc, 0xaedc, 0xaedc, 
	0xaedc, 0xaedc, 0xaedc, 0xaedc, 0xaedc, 0xaedc, 0xaedc, 0xaedc, 0xaedc, 0xaedc, 0xaedc, 0xaedc, 0xaedc, 0xaedc, 0xaedc, 0xaedc, 
	0xaedc, 0xaedc, 0xaedc, 0xaedc, 0xaedc, 0xaedc, 0xaedc, 0xaedc, 0xaedc, 0xaedc, 0xaedc, 0xaedc, 0xaedc, 0xaedc, 0xaedc, 0xaedc, 
	0xaedc, 0xaedc, 0xaedc, 0xaedc, 0xaedc, 0xaedc, 0xaedc, 0xaedc, 0xaedc, 0xaedc, 0xaedc, 0xaedc, 0xaedc, 0xaedc, 0xaedc, 0xaedc, 
	0xaedc, 0xaedc, 0xaedc, 0xaedc, 0xaedc, 0xaedc, 0xaedc, 0xaedc, 0xaedc, 0xaedc, 0xaedc, 0xaedc, 0xaedc, 0xaedc, 0xaedc, 0xaedc, 
	0xaedc, 0xaedc, 0xaedc, 0xaedc, 0xaedc, 0xaedc, 0xaedc, 0xaedc, 0xaedc, 0xaedc, 0xaedc, 0xaedc, 0xaedc, 0xaedc, 0xaedc, 0xaedc, 
	0xaedc, 0xaedc, 0xaedc, 0xaedc, 0xaedc, 0xaedc, 0xaedc, 0xaedc, 0xaedc, 0xaedc, 0xaedc, 0xaedc, 0xaedc, 0xaedc, 0xaedc, 0xaedc, 
	0xaedc, 0xaedc, 0xaedc, 0xaedc, 0xaedc, 0xaedc, 0xaedc, 0xaedc, 0xaedc, 0xaedc, 0xaedc, 0xaedc, 0xaedc, 0xaedc, 0xaedc, 0xaedc, 
	0xaedc, 0xaedc, 0xaedc, 0xaedc, 0xaedc, 0xaedc, 0xaedc, 0xaedc, 0xaedc, 0xaedc, 0xaedc, 0xaedc, 0xaedc, 0xaedc, 0xaedc, 0xaedc, 
	0xaedc, 0xaedc, 0xaedc, 0xaedc, 0xaedc, 0xaedc, 0xaedc, 0xaedc, 0xaedc, 0xaedc, 0xaedc, 0xaedc, 0xaedc, 0xaedc, 0xaedc, 0xaedc, 
	0xaedc, 0xaedc, 0xaedc, 0xaedc, 0xaedc, 0xaedc, 0xaedc, 0xaedc, 0xaedc, 0xaedc, 0xaedc, 0xaedc, 0xaedc, 0xaedc, 0xaedc, 0xaedc, 
	0xaedc, 0xaedc, 0xaedc, 0xaedc, 0xaedc, 0xaedc, 0xaedc, 0xaedc, 0xaedc, 0xaedc, 0xaedc, 0xaedc, 0xaedc, 0xaedc, 0xaedc, 0xaedc, 
	0xaedc, 0xaedc, 0xaedc, 0xaedc, 0xaedc, 0xaedc, 0xaedc, 0xaedc, 0xaedc, 0xaedc, 0xaedc, 0xaedc, 0xaedc, 0xaedc, 0xaedc, 0xaedc, 
	0xaedc, 0xaedc, 0xaedc, 0xaedc, 0xaedc, 0xaedc, 0xaedc, 0xaedc, 0xaedc, 0xaedc, 0xaedc, 0xaedc, 0xaedc, 0xaedc, 0xaedc, 0xaedc, 
	0xaedc, 0xaedc, 0xaedc, 0xaedc, 0xaedc, 0xaedc, 0xaedc, 0xaedc, 0xaedc, 0xaedc, 0xaedc, 0xaedc, 0xaedc, 0xaedc, 0xaedc, 0xaedc, 
	0xaedc, 0xaedc, 0xaedc, 0xaedc, 0xaedc, 0xaedc, 0xaedc, 0xaedc, 0xaedc, 0xaedc, 0xaedc, 0xaedc, 0xaedc, 0xaedc, 0xaedc, 0xaedc, 
	0xaedc, 0xaedc, 0xaedc, 0xaedc, 0xaedc, 0xaedc, 0xaedc, 0xaedc, 0xaedc, 0xaedc, 0xaedc, 0xaedc, 0xaedc, 0xaedc, 0xaedc, 0xaedc, 
	0xaedc, 0xaedc, 0xaedc, 0xaedc, 0xaedc, 0xaedc, 0xaedc, 0xaedc, 0xaedc, 0xaedc, 0xaedc, 0xaedc, 0xaedc, 0xaedc, 0xaedc, 0xaedc, 
	0xaedc, 0xaedc, 0xaedc, 0xaedc, 0xaedc, 0xaedc, 0xaedc, 0xaedc, 0xaedc, 0xaedc, 0xaedc, 0xaedc, 0xaedc, 0xaedc, 0xaedc, 0xaedc, 
	0xaedc, 0xaedc, 0xaedc, 0xaedc, 0xaedc, 0xaedc, 0xaedc, 0xaedc, 0xaedc, 0xaedc, 0xaedc, 0xaedc, 0xaedc, 0xaedc, 0xaedc, 0xaedc, 
	0xaedc, 0xaedc, 0xaedc, 0xaedc, 0xaedc, 0xaedc, 0xaedc, 0xaedc, 0xaedc, 0xaedc, 0xaedc, 0xaedc, 0xaedc, 0xaedc, 0xaedc, 0xaedc, 
	0xaedc, 0xaedc, 0xaedc, 0xaedc, 0xaedc, 0xaedc, 0xaedc, 0xaedc, 0xaedc, 0xaedc, 0xaedc, 0xaedc, 0xaedc, 0xaedc, 0xaedc, 0xaedc, 
	0xaedc, 0xaedc, 0xaedc, 0xaedc, 0xaedc, 0xaedc, 0xaedc, 0xaedc, 0xaedc, 0xaedc, 0xaedc, 0xaedc, 0xaedc, 0xaedc, 0xaedc, 0xaedc, 
	0xaedc, 0xaedc, 0xaedc, 0xaedc, 0xaedc, 0xaedc, 0xaedc, 0xaedc, 0xaedc, 0xaedc, 0xaedc, 0xaedc, 0xaedc, 0xaedc, 0xaedc, 0xaedc, 
	0xaedc, 0xaedc, 0xaedc, 0xaedc, 0xaedc, 0xaedc, 0xaedc, 0xaedc, 0xaedc, 0xaedc, 0xaedc, 0xaedc, 0xaedc, 0xaedc, 0xaedc, 0xaedc, 
	0xaedc, 0xaedc, 0xaedc, 0xaedc, 0xaedc, 0xaedc, 0xaedc, 0xaedc, 0xaedc, 0xaedc, 0xaedc, 0xaedc, 0xaedc, 0xaedc, 0xaedc, 0xaedc, 
	0xaedc, 0xaedc, 0xaedc, 0xaedc, 0xaedc, 0xaedc, 0xaedc, 0xaedc, 0xaedc, 0xaedc, 0xaedc, 0xaedc, 0xaedc, 0xaedc, 0xaedc, 0xaedc, 
	0xaedc, 0xaedc, 0xaedc, 0xaedc, 0xaedc, 0xaedc, 0xaedc, 0xaedc, 0xaedc, 0xaedc, 0xaedc, 0xaedc, 0xaedc, 0xaedc, 0xaedc, 0xaedc, 
	0xaedc, 0xaedc, 0xaedc, 0xaedc, 0xaedc, 0xaedc, 0xaedc, 0xaedc, 0xaedc, 0xaedc, 0xaedc, 0xaedc, 0xaedc, 0xaedc, 0xaedc, 0xaedc, 
	0xaedc, 0xaedc, 0xaedc, 0xaedc, 0xaedc, 0xaedc, 0xaedc, 0xaedc, 0xaedc, 0xaedc, 0xaedc, 0xaedc, 0xaedc, 0xaedc, 0xaedc, 0xaedc, 
	0xaedc, 0xaedc, 0xaedc, 0xaedc, 0xaedc, 0xaedc, 0xaedc, 0xaedc, 0xaedc, 0xaedc, 0xaedc, 0xaedc, 0xaedc, 0xaedc, 0xaedc, 0xaedc, 
	0xaedc, 0xaedc, 0xaedc, 0xaedc, 0xaedc, 0xaedc, 0xaedc, 0xaedc, 0xaedc, 0xaedc, 0xaedc, 0xaedc, 0xaedc, 0xaedc, 0xaedc, 0xaedc, 
	0xaedc, 0xaedc, 0xaedc, 0xaedc, 0xaedc, 0xaedc, 0xaedc, 0xaedc, 0xaedc, 0xaedc, 0xaedc, 0xaedc, 0xaedc, 0xaedc, 0xaedc, 0xaedc, 
	0xaedc, 0xaedc, 0xaedc, 0xaedc, 0xaedc, 0xaedc, 0xaedc, 0xaedc, 0xaedc, 0xaedc, 0xaedc, 0xaedc, 0xaedc, 0xaedc, 0xaedc, 0xaedc, 
	0xaedc, 0xaedc, 0xaedc, 0xaedc, 0xaedc, 0xaedc, 0xaedc, 0xaedc, 0xaedc, 0xaedc, 0xaedc, 0xaedc, 0xaedc, 0xaedc, 0xaedc, 0xaedc, 
	0xaedc, 0xaedc, 0xaedc, 0xaedc, 0xaedc, 0xaedc, 0xaedc, 0xaedc, 0xaedc, 0xaedc, 0xaedc, 0xaedc, 0xaedc, 0xaedc, 0xaedc, 0xaedc, 
	0xaedc, 0xaedc, 0xaedc, 0xaedc, 0xaedc, 0xaedc, 0xaedc, 0xaedc, 0xaedc, 0xaedc, 0xaedc, 0xaedc, 0xaedc, 0xaedc, 0xaedc, 0xaedc, 
	0xaedc, 0xaedc, 0xaedc, 0xaedc, 0xaedc, 0xaedc, 0xaedc, 0xaedc, 0xaedc, 0xaedc, 0xaedc, 0xaedc, 0xaedc, 0xaedc, 0xaedc, 0xaedc, 
	0xaedc, 0xaedc, 0xaedc, 0xaedc, 0xaedc, 0xaedc, 0xaedc, 0xaedc, 0xaedc, 0xaedc, 0xaedc, 0xaedc, 0xaedc, 0xaedc, 0xaedc, 0xaedc, 
	0xaedc, 0xaedc, 0xaedc, 0xaedc, 0xaedc, 0xaedc, 0xaedc, 0xaedc, 0xaedc, 0xaedc, 0xaedc, 0xaedc, 0xaedc, 0xaedc, 0xaedc, 0xaedc, 
	0xaedc, 0xaedc, 0xaedc, 0xaedc, 0xaedc, 0xaedc, 0xaedc, 0xaedc, 0xaedc, 0xaedc, 0xaedc, 0xaedc, 0xaedc, 0xaedc, 0xaedc, 0xaedc, 
	0xaedc, 0xaedc, 0xaedc, 0xaedc, 0xaedc, 0xaedc, 0xaedc, 0xaedc, 0xaedc, 0xaedc, 0xaedc, 0xaedc, 0xaedc, 0xaedc, 0xaedc, 0xaedc, 
	0xaedc, 0xaedc, 0xaedc, 0xaedc, 0xaedc, 0xaedc, 0xaedc, 0xaedc, 0xaedc, 0xaedc, 0xaedc, 0xaedc, 0xaedc, 0xaedc, 0xaedc, 0xaedc, 
	0xaedc, 0xaedc, 0xaedc, 0xaedc, 0xaedc, 0xaedc, 0xaedc, 0xaedc, 0xaedc, 0xaedc, 0xaedc, 0xaedc, 0xaedc, 0xaedc, 0xaedc, 0xaedc, 
	0xaedc, 0xaedc, 0xaedc, 0xaedc, 0xaedc, 0xaedc, 0xaedc, 0xaedc, 0xaedc, 0xaedc, 0xaedc, 0xaedc, 0xaedc, 0xaedc, 0xaedc, 0xaedc, 
	0xaedc, 0xaedc, 0xaedc, 0xaedc, 0xaedc, 0xaedc, 0xaedc, 0xaedc, 0xaedc, 0xaedc, 0xaedc, 0xaedc, 0xaedc, 0xaedc, 0xaedc, 0xaedc, 
	0xaedc, 0xaedc, 0xaedc, 0xaedc, 0xaedc, 0xaedc, 0xaedc, 0xaedc, 0xaedc, 0xaedc, 0xaedc, 0xaedc, 0xaedc, 0xaedc, 0xaedc, 0xaedc, 
	0xaedc, 0xaedc, 0xaedc, 0xaedc, 0xaedc, 0xaedc, 0xaedc, 0xaedc, 0xaedc, 0xaedc, 0xaedc, 0xaedc, 0xaedc, 0xaedc, 0xaedc, 0xaedc, 
	0xaedc, 0xaedc, 0xaedc, 0xaedc, 0xaedc, 0xaedc, 0xaedc, 0xaedc, 0xaedc, 0xaedc, 0xaedc, 0xaedc, 0xaedc, 0xaedc, 0xaedc, 0xaedc, 
	0xaedc, 0xaedc, 0xaedc, 0xaedc, 0xaedc, 0xaedc, 0xaedc, 0xaedc, 0xaedc, 0xaedc, 0xaedc, 0xaedc, 0xaedc, 0xaedc, 0xaedc, 0xaedc, 
	0xaedc, 0xaedc, 0xaedc, 0xaedc, 0xaedc, 0xaedc, 0xaedc, 0xaedc, 0xaedc, 0xaedc, 0xaedc, 0xaedc, 0xaedc, 0xaedc, 0xaedc, 0xaedc, 
	0xaedc, 0xaedc, 0xaedc, 0xaedc, 0xaedc, 0xaedc, 0xaedc, 0xaedc, 0xaedc, 0xaedc, 0xaedc, 0xaedc, 0xaedc, 0xaedc, 0xaedc, 0xaedc, 
	0xaedc, 0xaedc, 0xaedc, 0xaedc, 0xaedc, 0xaedc, 0xaedc, 0xaedc, 0xaedc, 0xaedc, 0xaedc, 0xaedc, 0xaedc, 0xaedc, 0xaedc, 0xaedc, 
	0xaedc, 0xaedc, 0xaedc, 0xaedc, 0xaedc, 0xaedc, 0xaedc, 0xaedc, 0xaedc, 0xaedc, 0xaedc, 0xaedc, 0xaedc, 0xaedc, 0xaedc, 0xaedc, 
	0xaedc, 0xaedc, 0xaedc, 0xaedc, 0xaedc, 0xaedc, 0xaedc, 0xaedc, 0xaedc, 0xaedc, 0xaedc, 0xaedc, 0xaedc, 0xaedc, 0xaedc, 0xaedc, 
	0xaedc, 0xaedc, 0xaedc, 0xaedc, 0xaedc, 0xaedc, 0xaedc, 0xaedc, 0xaedc, 0xaedc, 0xaedc, 0xaedc, 0xaedc, 0xaedc, 0xaedc, 0xaedc, 
	0xaedc, 0xaedc, 0xaedc, 0xaedc, 0xaedc, 0xaedc, 0xaedc, 0xaedc, 0xaedc, 0xaedc, 0xaedc, 0xaedc, 0xaedc, 0xaedc, 0xaedc, 0xaedc, 
	0xaedc, 0xaedc, 0xaedc, 0xaedc, 0xaedc, 0xaedc, 0xaedc, 0xaedc, 0xaedc, 0xaedc, 0xaedc, 0xaedc, 0xaedc, 0xaedc, 0xaedc, 0xaedc, 
	0xaedc, 0xaedc, 0xaedc, 0xaedc, 0xaedc, 0xaedc, 0xaedc, 0xaedc, 0xaedc, 0xaedc, 0xaedc, 0xaedc, 0xaedc, 0xaedc, 0xaedc, 0xaedc, 
	0xaedc, 0xaedc, 0xaedc, 0xaedc, 0xaedc, 0xaedc, 0xaedc, 0xaedc, 0xaedc, 0xaedc, 0xaedc, 0xaedc, 0xaedc, 0xaedc, 0xaedc, 0xaedc, 
	0xaedc, 0xaedc, 0xaedc, 0xaedc, 0xaedc, 0xaedc, 0xaedc, 0xaedc, 0xaedc, 0xaedc, 0xaedc, 0xaedc, 0xaedc, 0xaedc, 0xaedc, 0xaedc, 
	0xaedc, 0xaedc, 0xaedc, 0xaedc, 0xaedc, 0xaedc, 0xaedc, 0xaedc, 0xaedc, 0xaedc, 0xaedc, 0xaedc, 0xaedc, 0xaedc, 0xaedc, 0xaedc, 
	0xaedc, 0xaedc, 0xaedc, 0xaedc, 0xaedc, 0xaedc, 0xaedc, 0xaedc, 0xaedc, 0xaedc, 0xaedc, 0xaedc, 0xaedc, 0xaedc, 0xaedc, 0xaedc, 
	0xaedc, 0xaedc, 0xaedc, 0xaedc, 0xaedc, 0xaedc, 0xaedc, 0xaedc, 0xaedc, 0xaedc, 0xaedc, 0xaedc, 0xaedc, 0xaedc, 0xaedc, 0xaedc, 
	0xaedc, 0xaedc, 0xaedc, 0xaedc, 0xaedc, 0xaedc, 0xaedc, 0xaedc, 0xaedc, 0xaedc, 0xaedc, 0xaedc, 0xaedc, 0xaedc, 0xaedc, 0xaedc, 
	0xaedc, 0xaedc, 0xaedc, 0xaedc, 0xaedc, 0xaedc, 0xaedc, 0xaedc, 0xaedc, 0xaedc, 0xaedc, 0xaedc, 0xaedc, 0xaedc, 0xaedc, 0xaedc, 
	0xaedc, 0xaedc, 0xaedc, 0xaedc, 0xaedc, 0xaedc, 0xaedc, 0xaedc, 0xaedc, 0xaedc, 0xaedc, 0xaedc, 0xaedc, 0xaedc, 0xaedc, 0xaedc, 
	0xaedc, 0xaedc, 0xaedc, 0xaedc, 0xaedc, 0xaedc, 0xaedc, 0xaedc, 0xaedc, 0xaedc, 0xaedc, 0xaedc, 0xaedc, 0xaedc, 0xaedc, 0xaedc, 
	0xaedc, 0xaedc, 0xaedc, 0xaedc, 0xaedc, 0xaedc, 0xaedc, 0xaedc, 0xaedc, 0xaedc, 0xaedc, 0xaedc, 0xaedc, 0xaedc, 0xaedc, 0xaedc, 
	0xaedc, 0xaedc, 0xaedc, 0xaedc, 0xaedc, 0xaedc, 0xaedc, 0xaedc, 0xaedc, 0xaedc, 0xaedc, 0xaedc, 0xaedc, 0xaedc, 0xaedc, 0xaedc, 
	0xaedc, 0xaedc, 0xaedc, 0xaedc, 0xaedc, 0xaedc, 0xaedc, 0xaedc, 0xaedc, 0xaedc, 0xaedc, 0xaedc, 0xaedc, 0xaedc, 0xaedc, 0xaedc, 
	0xaedc, 0xaedc, 0xaedc, 0xaedc, 0xaedc, 0xaedc, 0xaedc, 0xaedc, 0xaedc, 0xaedc, 0xaedc, 0xaedc, 0xaedc, 0xaedc, 0xaedc, 0xaedc, 
	0xaedc, 0xaedc, 0xaedc, 0xaedc, 0xaedc, 0xaedc, 0xaedc, 0xaedc, 0xaedc, 0xaedc, 0xaedc, 0xaedc, 0xaedc, 0xaedc, 0xaedc, 0xaedc, 
	0xaedc, 0xaedc, 0xaedc, 0xaedc, 0xaedc, 0xaedc, 0xaedc, 0xaedc, 0xaedc, 0xaedc, 0xaedc, 0xaedc, 0xaedc, 0xaedc, 0xaedc, 0xaedc, 
	0xaedc, 0xaedc, 0xaedc, 0xaedc, 0xaedc, 0xaedc, 0xaedc, 0xaedc, 0xaedc, 0xaedc, 0xaedc, 0xaedc, 0xaedc, 0xaedc, 0xaedc, 0xaedc, 
	0xaedc, 0xaedc, 0xaedc, 0xaedc, 0xaedc, 0xaedc, 0xaedc, 0xaedc, 0xaedc, 0xaedc, 0xaedc, 0xaedc, 0xaedc, 0xaedc, 0xaedc, 0xaedc, 
	0xaedc, 0xaedc, 0xaedc, 0xaedc, 0xaedc, 0xaedc, 0xaedc, 0xaedc, 0xaedc, 0xaedc, 0xaedc, 0xaedc, 0xaedc, 0xaedc, 0xaedc, 0xaedc, 
	0xaedc, 0xaedc, 0xaedc, 0xaedc, 0xaedc, 0xaedc, 0xaedc, 0xaedc, 0xaedc, 0xaedc, 0xaedc, 0xaedc, 0xaedc, 0xaedc, 0xaedc, 0xaedc, 
	0xaedc, 0xaedc, 0xaedc, 0xaedc, 0xaedc, 0xaedc, 0xaedc, 0xaedc, 0xaedc, 0xaedc, 0xaedc, 0xaedc, 0xaedc, 0xaedc, 0xaedc, 0xaedc, 
	0xaedc, 0xaedc, 0xaedc, 0xaedc, 0xaedc, 0xaedc, 0xaedc, 0xaedc, 0xaedc, 0xaedc, 0xaedc, 0xaedc, 0xaedc, 0xaedc, 0xaedc, 0xaedc, 
	0xaedc, 0xaedc, 0xaedc, 0xaedc, 0xaedc, 0xaedc, 0xaedc, 0xaedc, 0xaedc, 0xaedc, 0xaedc, 0xaedc, 0xaedc, 0xaedc, 0xaedc, 0xaedc, 
	0xaedc, 0xaedc, 0xaedc, 0xaedc, 0xaedc, 0xaedc, 0xaedc, 0xaedc, 0xaedc, 0xaedc, 0xaedc, 0xaedc, 0xaedc, 0xaedc, 0xaedc, 0xaedc, 
	0xaedc, 0xaedc, 0xaedc, 0xaedc, 0xaedc, 0xaedc, 0xaedc, 0xaedc, 0xaedc, 0xaedc, 0xaedc, 0xaedc, 0xaedc, 0xaedc, 0xaedc, 0xaedc, 
	0xaedc, 0xaedc, 0xaedc, 0xaedc, 0xaedc, 0xaedc, 0xaedc, 0xaedc, 0xaedc, 0xaedc, 0xaedc, 0xaedc, 0xaedc, 0xaedc, 0xaedc, 0xaedc, 
	0xaedc, 0xaedc, 0xaedc, 0xaedc, 0xaedc, 0xaedc, 0xaedc, 0xaedc, 0xaedc, 0xaedc, 0xaedc, 0xaedc, 0xaedc, 0xaedc, 0xaedc, 0xaedc, 
	0xaedc, 0xaedc, 0xaedc, 0xaedc, 0xaedc, 0xaedc, 0xaedc, 0xaedc, 0xaedc, 0xaedc, 0xaedc, 0xaedc, 0xaedc, 0xaedc, 0xaedc, 0xaedc, 
	0xaedc, 0xaedc, 0xaedc, 0xaedc, 0xaedc, 0xaedc, 0xaedc, 0xaedc, 0xaedc, 0xaedc, 0xaedc, 0xaedc, 0xaedc, 0xaedc, 0xaedc, 0xaedc, 
	0xaedc, 0xaedc, 0xaedc, 0xaedc, 0xaedc, 0xaedc, 0xaedc, 0xaedc, 0xaedc, 0xaedc, 0xaedc, 0xaedc, 0xaedc, 0xaedc, 0xaedc, 0xaedc, 
	0xaedc, 0xaedc, 0xaedc, 0xaedc, 0xaedc, 0xaedc, 0xaedc, 0xaedc, 0xaedc, 0xaedc, 0xaedc, 0xaedc, 0xaedc, 0xaedc, 0xaedc, 0xaedc, 
	0xaedc, 0xaedc, 0xaedc, 0xaedc, 0xaedc, 0xaedc, 0xaedc, 0xaedc, 0xaedc, 0xaedc, 0xaedc, 0xaedc, 0xaedc, 0xaedc, 0xaedc, 0xaedc, 
	0xaedc, 0xaedc, 0xaedc, 0xaedc, 0xaedc, 0xaedc, 0xaedc, 0xaedc, 0xaedc, 0xaedc, 0xaedc, 0xaedc, 0xaedc, 0xaedc, 0xaedc, 0xaedc, 
	0xaedc, 0xaedc, 0xaedc, 0xaedc, 0xaedc, 0xaedc, 0xaedc, 0xaedc, 0xaedc, 0xaedc, 0xaedc, 0xaedc, 0xaedc, 0xaedc, 0xaedc, 0xaedc, 
	0xaedc, 0xaedc, 0xaedc, 0xaedc, 0xaedc, 0xaedc, 0xaedc, 0xaedc, 0xaedc, 0xaedc, 0xaedc, 0xaedc, 0xaedc, 0xaedc, 0xaedc, 0xaedc, 
	0xaedc, 0xaedc, 0xaedc, 0xaedc, 0xaedc, 0xaedc, 0xaedc, 0xaedc, 0xaedc, 0xaedc, 0xaedc, 0xaedc, 0xaedc, 0xaedc, 0xaedc, 0xaedc, 
	0xaedc, 0xaedc, 0xaedc, 0xaedc, 0xaedc, 0xaedc, 0xaedc, 0xaedc, 0xaedc, 0xaedc, 0xaedc, 0xaedc, 0xaedc, 0xaedc, 0xaedc, 0xaedc, 
	0xaedc, 0xaedc, 0xaedc, 0xaedc, 0xaedc, 0xaedc, 0xaedc, 0xaedc, 0xaedc, 0xaedc, 0xaedc, 0xaedc, 0xaedc, 0xaedc, 0xaedc, 0xaedc, 
	0xaedc, 0xaedc, 0xaedc, 0xaedc, 0xaedc, 0xaedc, 0xaedc, 0xaedc, 0xaedc, 0xaedc, 0xaedc, 0xaedc, 0xaedc, 0xaedc, 0xaedc, 0xaedc, 
	0xaedc, 0xaedc, 0xaedc, 0xaedc, 0xaedc, 0xaedc, 0xaedc, 0xaedc, 0xaedc, 0xaedc, 0xaedc, 0xaedc, 0xaedc, 0xaedc, 0xaedc, 0xaedc, 
	0xaedc, 0xaedc, 0xaedc, 0xaedc, 0xaedc, 0xaedc, 0xaedc, 0xaedc, 0xaedc, 0xaedc, 0xaedc, 0xaedc, 0xaedc, 0xaedc, 0xaedc, 0xaedc, 
	0xaedc, 0xaedc, 0xaedc, 0xaedc, 0xaedc, 0xaedc, 0xaedc, 0xaedc, 0xaedc, 0xaedc, 0xaedc, 0xaedc, 0xaedc, 0xaedc, 0xaedc, 0xaedc, 
	0xaedc, 0xaedc, 0xaedc, 0xaedc, 0xaedc, 0xaedc, 0xaedc, 0xaedc, 0xaedc, 0xaedc, 0xaedc, 0xaedc, 0xaedc, 0xaedc, 0xaedc, 0xaedc, 
	0xaedc, 0xaedc, 0xaedc, 0xaedc, 0xaedc, 0xaedc, 0xaedc, 0xaedc, 0xaedc, 0xaedc, 0xaedc, 0xaedc, 0xaedc, 0xaedc, 0xaedc, 0xaedc, 
	0xaedc, 0xaedc, 0xaedc, 0xaedc, 0xaedc, 0xaedc, 0xaedc, 0xaedc, 0xaedc, 0xaedc, 0xaedc, 0xaedc, 0xaedc, 0xaedc, 0xaedc, 0xaedc, 
	0xaedc, 0xaedc, 0xaedc, 0xaedc, 0xaedc, 0xaedc, 0xaedc, 0xaedc, 0xaedc, 0xaedc, 0xaedc, 0xaedc, 0xaedc, 0xaedc, 0xaedc, 0xaedc, 
	0xaedc, 0xaedc, 0xaedc, 0xaedc, 0xaedc, 0xaedc, 0xaedc, 0xaedc, 0xaedc, 0xaedc, 0xaedc, 0xaedc, 0xaedc, 0xaedc, 0xaedc, 0xaedc, 
	0xaedc, 0xaedc, 0xaedc, 0xaedc, 0xaedc, 0xaedc, 0xaedc, 0xaedc, 0xaedc, 0xaedc, 0xaedc, 0xaedc, 0xaedc, 0xaedc, 0xaedc, 0xaedc, 
	0xaedc, 0xaedc, 0xaedc, 0xaedc, 0xaedc, 0xaedc, 0xaedc, 0xaedc, 0xaedc, 0xaedc, 0xaedc, 0xaedc, 0xaedc, 0xaedc, 0xaedc, 0xaedc, 
	0xaedc, 0xaedc, 0xaedc, 0xaedc, 0xaedc, 0xaedc, 0xaedc, 0xaedc, 0xaedc, 0xaedc, 0xaedc, 0xaedc, 0xaedc, 0xaedc, 0xaedc, 0xaedc, 
	0xaedc, 0xaedc, 0xaedc, 0xaedc, 0xaedc, 0xaedc, 0xaedc, 0xaedc, 0xaedc, 0xaedc, 0xaedc, 0xaedc, 0xaedc, 0xaedc, 0xaedc, 0xaedc, 
	0xaedc, 0xaedc, 0xaedc, 0xaedc, 0xaedc, 0xaedc, 0xaedc, 0xaedc, 0xaedc, 0xaedc, 0xaedc, 0xaedc, 0xaedc, 0xaedc, 0xaedc, 0xaedc, 
	0xaedc, 0xaedc, 0xaedc, 0xaedc, 0xaedc, 0xaedc, 0xaedc, 0xaedc, 0xaedc, 0xaedc, 0xaedc, 0xaedc, 0xaedc, 0xaedc, 0xaedc, 0xaedc, 
	0xaedc, 0xaedc, 0xaedc, 0xaedc, 0xaedc, 0xaedc, 0xaedc, 0xaedc, 0xaedc, 0xaedc, 0xaedc, 0xaedc, 0xaedc, 0xaedc, 0xaedc, 0xaedc, 
	0xaedc, 0xaedc, 0xaedc, 0xaedc, 0xaedc, 0xaedc, 0xaedc, 0xaedc, 0xaedc, 0xaedc, 0xaedc, 0xaedc, 0xaedc, 0xaedc, 0xaedc, 0xaedc, 
	0xaedc, 0xaedc, 0xaedc, 0xaedc, 0xaedc, 0xaedc, 0xaedc, 0xaedc, 0xaedc, 0xaedc, 0xaedc, 0xaedc, 0xaedc, 0xaedc, 0xaedc, 0xaedc, 
	0xaedc, 0xaedc, 0xaedc, 0xaedc, 0xaedc, 0xaedc, 0xaedc, 0xaedc, 0xaedc, 0xaedc, 0xaedc, 0xaedc, 0xaedc, 0xaedc, 0xaedc, 0xaedc, 
	0xaedc, 0xaedc, 0xaedc, 0xaedc, 0xaedc, 0xaedc, 0xaedc, 0xaedc, 0xaedc, 0xaedc, 0xaedc, 0xaedc, 0xaedc, 0xaedc, 0xaedc, 0xaedc, 
	0xaedc, 0xaedc, 0xaedc, 0xaedc, 0xaedc, 0xaedc, 0xaedc, 0xaedc, 0xaedc, 0xaedc, 0xaedc, 0xaedc, 0xaedc, 0xaedc, 0xaedc, 0xaedc, 
	0xaedc, 0xaedc, 0xaedc, 0xaedc, 0xaedc, 0xaedc, 0xaedc, 0xaedc, 0xaedc, 0xaedc, 0xaedc, 0xaedc, 0xaedc, 0xaedc, 0xaedc, 0xaedc, 
	0xaedc, 0xaedc, 0xaedc, 0xaedc, 0xaedc, 0xaedc, 0xaedc, 0xaedc, 0xaedc, 0xaedc, 0xaedc, 0xaedc, 0xaedc, 0xaedc, 0xaedc, 0xaedc, 
	0xaedc, 0xaedc, 0xaedc, 0xaedc, 0xaedc, 0xaedc, 0xaedc, 0xaedc, 0xaedc, 0xaedc, 0xaedc, 0xaedc, 0xaedc, 0xaedc, 0xaedc, 0xaedc, 
	0xaedc, 0xaedc, 0xaedc, 0xaedc, 0xaedc, 0xaedc, 0xaedc, 0xaedc, 0xaedc, 0xaedc, 0xaedc, 0xaedc, 0xaedc, 0xaedc, 0xaedc, 0xaedc, 
	0xaedc, 0xaedc, 0xaedc, 0xaedc, 0xaedc, 0xaedc, 0xaedc, 0xaedc, 0xaedc, 0xaedc, 0xaedc, 0xaedc, 0xaedc, 0xaedc, 0xaedc, 0xaedc, 
	0xaedc, 0xaedc, 0xaedc, 0xaedc, 0xaedc, 0xaedc, 0xaedc, 0xaedc, 0xaedc, 0xaedc, 0xaedc, 0xaedc, 0xaedc, 0xaedc, 0xaedc, 0xaedc, 
	0xaedc, 0xaedc, 0xaedc, 0xaedc, 0xaedc, 0xaedc, 0xaedc, 0xaedc, 0xaedc, 0xaedc, 0xaedc, 0xaedc, 0xaedc, 0xaedc, 0xaedc, 0xaedc, 
	0xaedc, 0xaedc, 0xaedc, 0xaedc, 0xaedc, 0xaedc, 0xaedc, 0xaedc, 0xaedc, 0xaedc, 0xaedc, 0xaedc, 0xaedc, 0xaedc, 0xaedc, 0xaedc, 
	0xaedc, 0xaedc, 0xaedc, 0xaedc, 0xaedc, 0xaedc, 0xaedc, 0xaedc, 0xaedc, 0xaedc, 0xaedc, 0xaedc, 0xaedc, 0xaedc, 0xaedc, 0xaedc, 
	0xaedc, 0xaedc, 0xaedc, 0xaedc, 0xaedc, 0xaedc, 0xaedc, 0xaedc, 0xaedc, 0xaedc, 0xaedc, 0xaedc, 0xaedc, 0xaedc, 0xaedc, 0xaedc, 
	0xaedc, 0xaedc, 0xaedc, 0xaedc, 0xaedc, 0xaedc, 0xaedc, 0xaedc, 0xaedc, 0xaedc, 0xaedc, 0xaedc, 0xaedc, 0xaedc, 0xaedc, 0xaedc, 
	0xaedc, 0xaedc, 0xaedc, 0xaedc, 0xaedc, 0xaedc, 0xaedc, 0xaedc, 0xaedc, 0xaedc, 0xaedc, 0xaedc, 0xaedc, 0xaedc, 0xaedc, 0xaedc, 
	0xaedc, 0xaedc, 0xaedc, 0xaedc, 0xaedc, 0xaedc, 0xaedc, 0xaedc, 0xaedc, 0xaedc, 0xaedc, 0xaedc, 0xaedc, 0xaedc, 0xaedc, 0xaedc, 
	0xaedc, 0xaedc, 0xaedc, 0xaedc, 0xaedc, 0xaedc, 0xaedc, 0xaedc, 0xaedc, 0xaedc, 0xaedc, 0xaedc, 0xaedc, 0xaedc, 0xaedc, 0xaedc, 
	0xaedc, 0xaedc, 0xaedc, 0xaedc, 0xaedc, 0xaedc, 0xaedc, 0xaedc, 0xaedc, 0xaedc, 0xaedc, 0xaedc, 0xaedc, 0xaedc, 0xaedc, 0xaedc, 
	0xaedc, 0xaedc, 0xaedc, 0xaedc, 0xaedc, 0xaedc, 0xaedc, 0xaedc, 0xaedc, 0xaedc, 0xaedc, 0xaedc, 0xaedc, 0xaedc, 0xaedc, 0xaedc, 
	0xaedc, 0xaedc, 0xaedc, 0xaedc, 0xaedc, 0xaedc, 0xaedc, 0xaedc, 0xaedc, 0xaedc, 0xaedc, 0xaedc, 0xaedc, 0xaedc, 0xaedc, 0xaedc, 
	0xaedc, 0xaedc, 0xaedc, 0xaedc, 0xaedc, 0xaedc, 0xaedc, 0xaedc, 0xaedc, 0xaedc, 0xaedc, 0xaedc, 0xaedc, 0xaedc, 0xaedc, 0xaedc, 
	0xaedc, 0xaedc, 0xaedc, 0xaedc, 0xaedc, 0xaedc, 0xaedc, 0xaedc, 0xaedc, 0xaedc, 0xaedc, 0xaedc, 0xaedc, 0xaedc, 0xaedc, 0xaedc, 
	0xaedc, 0xaedc, 0xaedc, 0xaedc, 0xaedc, 0xaedc, 0xaedc, 0xaedc, 0xaedc, 0xaedc, 0xaedc, 0xaedc, 0xaedc, 0xaedc, 0xaedc, 0xaedc, 
	0xaedc, 0xaedc, 0xaedc, 0xaedc, 0xaedc, 0xaedc, 0xaedc, 0xaedc, 0xaedc, 0xaedc, 0xaedc, 0xaedc, 0xaedc, 0xaedc, 0xaedc, 0xaedc, 
	0xaedc, 0xaedc, 0xaedc, 0xaedc, 0xaedc, 0xaedc, 0xaedc, 0xaedc, 0xaedc, 0xaedc, 0xaedc, 0xaedc, 0xaedc, 0xaedc, 0xaedc, 0xaedc, 
	0xaedc, 0xaedc, 0xaedc, 0xaedc, 0xaedc, 0xaedc, 0xaedc, 0xaedc, 0xaedc, 0xaedc, 0xaedc, 0xaedc, 0xaedc, 0xaedc, 0xaedc, 0xaedc, 
	0xaedc, 0xaedc, 0xaedc, 0xaedc, 0xaedc, 0xaedc, 0xaedc, 0xaedc, 0xaedc, 0xaedc, 0xaedc, 0xaedc, 0xaedc, 0xaedc, 0xaedc, 0xaedc, 
	0xaedc, 0xaedc, 0xaedc, 0xaedc, 0xaedc, 0xaedc, 0xaedc, 0xaedc, 0xaedc, 0xaedc, 0xaedc, 0xaedc, 0xaedc, 0xaedc, 0xaedc, 0xaedc, 
	0xaedc, 0xaedc, 0xaedc, 0xaedc, 0xaedc, 0xaedc, 0xaedc, 0xaedc, 0xaedc, 0xaedc, 0xaedc, 0xaedc, 0xaedc, 0xaedc, 0xaedc, 0xaedc, 
	0xaedc, 0xaedc, 0xaedc, 0xaedc, 0xaedc, 0xaedc, 0xaedc, 0xaedc, 0xaedc, 0xaedc, 0xaedc, 0xaedc, 0xaedc, 0xaedc, 0xaedc, 0xaedc, 
	0xaedc, 0xaedc, 0xaedc, 0xaedc, 0xaedc, 0xaedc, 0xaedc, 0xaedc, 0xaedc, 0xaedc, 0xaedc, 0xaedc, 0xaedc, 0xaedc, 0xaedc, 0xaedc, 
	0xaedc, 0xaedc, 0xaedc, 0xaedc, 0xaedc, 0xaedc, 0xaedc, 0xaedc, 0xaedc, 0xaedc, 0xaedc, 0xaedc, 0xaedc, 0xaedc, 0xaedc, 0xaedc, 
	0xaedc, 0xaedc, 0xaedc, 0xaedc, 0xaedc, 0xaedc, 0xaedc, 0xaedc, 0xaedc, 0xaedc, 0xaedc, 0xaedc, 0xaedc, 0xaedc, 0xaedc, 0xaedc, 
	0xaedc, 0xaedc, 0xaedc, 0xaedc, 0xaedc, 0xaedc, 0xaedc, 0xaedc, 0xaedc, 0xaedc, 0xaedc, 0xaedc, 0xaedc, 0xaedc, 0xaedc, 0xaedc, 
	0xaedc, 0xaedc, 0xaedc, 0xaedc, 0xaedc, 0xaedc, 0xaedc, 0xaedc, 0xaedc, 0xaedc, 0xaedc, 0xaedc, 0xaedc, 0xaedc, 0xaedc, 0xaedc, 
	0xaedc, 0xaedc, 0xaedc, 0xaedc, 0xaedc, 0xaedc, 0xaedc, 0xaedc, 0xaedc, 0xaedc, 0xaedc, 0xaedc, 0xaedc, 0xaedc, 0xaedc, 0xaedc, 
	0xaedc, 0xaedc, 0xaedc, 0xaedc, 0xaedc, 0xaedc, 0xaedc, 0xaedc, 0xaedc, 0xaedc, 0xaedc, 0xaedc, 0xaedc, 0xaedc, 0xaedc, 0xaedc, 
	0xaedc, 0xaedc, 0xaedc, 0xaedc, 0xaedc, 0xaedc, 0xaedc, 0xaedc, 0xaedc, 0xaedc, 0xaedc, 0xaedc, 0xaedc, 0xaedc, 0xaedc, 0xaedc, 
	0xaedc, 0xaedc, 0xaedc, 0xaedc, 0xaedc, 0xaedc, 0xaedc, 0xaedc, 0xaedc, 0xaedc, 0xaedc, 0xaedc, 0xaedc, 0xaedc, 0xaedc, 0xaedc, 
	0xaedc, 0xaedc, 0xaedc, 0xaedc, 0xaedc, 0xaedc, 0xaedc, 0xaedc, 0xaedc, 0xaedc, 0xaedc, 0xaedc, 0xaedc, 0xaedc, 0xaedc, 0xaedc, 
	0xaedc, 0xaedc, 0xaedc, 0xaedc, 0xaedc, 0xaedc, 0xaedc, 0xaedc, 0xaedc, 0xaedc, 0xaedc, 0xaedc, 0xaedc, 0xaedc, 0xaedc, 0xaedc, 
	0xaedc, 0xaedc, 0xaedc, 0xaedc, 0xaedc, 0xaedc, 0xaedc, 0xaedc, 0xaedc, 0xaedc, 0xaedc, 0xaedc, 0xaedc, 0xaedc, 0xaedc, 0xaedc, 
	0xaedc, 0xaedc, 0xaedc, 0xaedc, 0xaedc, 0xaedc, 0xaedc, 0xaedc, 0xaedc, 0xaedc, 0xaedc, 0xaedc, 0xaedc, 0xaedc, 0xaedc, 0xaedc, 
	0xaedc, 0xaedc, 0xaedc, 0xaedc, 0xaedc, 0xaedc, 0xaedc, 0xaedc, 0xaedc, 0xaedc, 0xaedc, 0xaedc, 0xaedc, 0xaedc, 0xaedc, 0xaedc, 
	0xaedc, 0xaedc, 0xaedc, 0xaedc, 0xaedc, 0xaedc, 0xaedc, 0xaedc, 0xaedc, 0xaedc, 0xaedc, 0xaedc, 0xaedc, 0xaedc, 0xaedc, 0xaedc, 
	0xaedc, 0xaedc, 0xaedc, 0xaedc, 0xaedc, 0xaedc, 0xaedc, 0xaedc, 0xaedc, 0xaedc, 0xaedc, 0xaedc, 0xaedc, 0xaedc, 0xaedc, 0xaedc, 
	0xaedc, 0xaedc, 0xaedc, 0xaedc, 0xaedc, 0xaedc, 0xaedc, 0xaedc, 0xaedc, 0xaedc, 0xaedc, 0xaedc, 0xaedc, 0xaedc, 0xaedc, 0xaedc, 
	0xaedc, 0xaedc, 0xaedc, 0xaedc, 0xaedc, 0xaedc, 0xaedc, 0xaedc, 0xaedc, 0xaedc, 0xaedc, 0xaedc, 0xaedc, 0xaedc, 0xaedc, 0xaedc, 
	0xaedc, 0xaedc, 0xaedc, 0xaedc, 0xaedc, 0xaedc, 0xaedc, 0xaedc, 0xaedc, 0xaedc, 0xaedc, 0xaedc, 0xaedc, 0xaedc, 0xaedc, 0xaedc, 
	0xaedc, 0xaedc, 0xaedc, 0xaedc, 0xaedc, 0xaedc, 0xaedc, 0xaedc, 0xaedc, 0xaedc, 0xaedc, 0xaedc, 0xaedc, 0xaedc, 0xaedc, 0xaedc, 
	0xaedc, 0xaedc, 0xaedc, 0xaedc, 0xaedc, 0xaedc, 0xaedc, 0xaedc, 0xaedc, 0xaedc, 0xaedc, 0xaedc, 0xaedc, 0xaedc, 0xaedc, 0xaedc, 
	0xaedc, 0xaedc, 0xaedc, 0xaedc, 0xaedc, 0xaedc, 0xaedc, 0xaedc, 0xaedc, 0xaedc, 0xaedc, 0xaedc, 0xaedc, 0xaedc, 0xaedc, 0xaedc, 
	0xaedc, 0xaedc, 0xaedc, 0xaedc, 0xaedc, 0xaedc, 0xaedc, 0xaedc, 0xaedc, 0xaedc, 0xaedc, 0xaedc, 0xaedc, 0xaedc, 0xaedc, 0xaedc, 
	0xaedc, 0xaedc, 0xaedc, 0xaedc, 0xaedc, 0xaedc, 0xaedc, 0xaedc, 0xaedc, 0xaedc, 0xaedc, 0xaedc, 0xaedc, 0xaedc, 0xaedc, 0xaedc, 
	0xaedc, 0xaedc, 0xaedc, 0xaedc, 0xaedc, 0xaedc, 0xaedc, 0xaedc, 0xaedc, 0xaedc, 0xaedc, 0xaedc, 0xaedc, 0xaedc, 0xaedc, 0xaedc, 
	0xaedc, 0xaedc, 0xaedc, 0xaedc, 0xaedc, 0xaedc, 0xaedc, 0xaedc, 0xaedc, 0xaedc, 0xaedc, 0xaedc, 0xaedc, 0xaedc, 0xaedc, 0xaedc, 
	0xaedc, 0xaedc, 0xaedc, 0xaedc, 0xaedc, 0xaedc, 0xaedc, 0xaedc, 0xaedc, 0xaedc, 0xaedc, 0xaedc, 0xaedc, 0xaedc, 0xaedc, 0xaedc, 
	0xaedc, 0xaedc, 0xaedc, 0xaedc, 0xaedc, 0xaedc, 0xaedc, 0xaedc, 0xaedc, 0xaedc, 0xaedc, 0xaedc, 0xaedc, 0xaedc, 0xaedc, 0xaedc, 
	0xaedc, 0xaedc, 0xaedc, 0xaedc, 0xaedc, 0xaedc, 0xaedc, 0xaedc, 0xaedc, 0xaedc, 0xaedc, 0xaedc, 0xaedc, 0xaedc, 0xaedc, 0xaedc, 
	0xaedc, 0xaedc, 0xaedc, 0xaedc, 0xaedc, 0xaedc, 0xaedc, 0xaedc, 0xaedc, 0xaedc, 0xaedc, 0xaedc, 0xaedc, 0xaedc, 0xaedc, 0xaedc, 
	0xaedc, 0xaedc, 0xaedc, 0xaedc, 0xaedc, 0xaedc, 0xaedc, 0xaedc, 0xaedc, 0xaedc, 0xaedc, 0xaedc, 0xaedc, 0xaedc, 0xaedc, 0xaedc, 
	0xaedc, 0xaedc, 0xaedc, 0xaedc, 0xaedc, 0xaedc, 0xaedc, 0xaedc, 0xaedc, 0xaedc, 0xaedc, 0xaedc, 0xaedc, 0xaedc, 0xaedc, 0xaedc, 
	0xaedc, 0xaedc, 0xaedc, 0xaedc, 0xaedc, 0xaedc, 0xaedc, 0xaedc, 0xaedc, 0xaedc, 0xaedc, 0xaedc, 0xaedc, 0xaedc, 0xaedc, 0xaedc, 
	0xaedc, 0xaedc, 0xaedc, 0xaedc, 0xaedc, 0xaedc, 0xaedc, 0xaedc, 0xaedc, 0xaedc, 0xaedc, 0xaedc, 0xaedc, 0xaedc, 0xaedc, 0xaedc, 
	0xaedc, 0xaedc, 0xaedc, 0xaedc, 0xaedc, 0xaedc, 0xaedc, 0xaedc, 0xaedc, 0xaedc, 0xaedc, 0xaedc, 0xaedc, 0xaedc, 0xaedc, 0xaedc, 
	0xaedc, 0xaedc, 0xaedc, 0xaedc, 0xaedc, 0xaedc, 0xaedc, 0xaedc, 0xaedc, 0xaedc, 0xaedc, 0xaedc, 0xaedc, 0xaedc, 0xaedc, 0xaedc, 
	0xaedc, 0xaedc, 0xaedc, 0xaedc, 0xaedc, 0xaedc, 0xaedc, 0xaedc, 0xaedc, 0xaedc, 0xaedc, 0xaedc, 0xaedc, 0xaedc, 0xaedc, 0xaedc, 
	0xaedc, 0xaedc, 0xaedc, 0xaedc, 0xaedc, 0xaedc, 0xaedc, 0xaedc, 0xaedc, 0xaedc, 0xaedc, 0xaedc, 0xaedc, 0xaedc, 0xaedc, 0xaedc, 
	0xaedc, 0xaedc, 0xaedc, 0xaedc, 0xaedc, 0xaedc, 0xaedc, 0xaedc, 0xaedc, 0xaedc, 0xaedc, 0xaedc, 0xaedc, 0xaedc, 0xaedc, 0xaedc, 
	0xaedc, 0xaedc, 0xaedc, 0xaedc, 0xaedc, 0xaedc, 0xaedc, 0xaedc, 0xaedc, 0xaedc, 0xaedc, 0xaedc, 0xaedc, 0xaedc, 0xaedc, 0xaedc, 
	0xaedc, 0xaedc, 0xaedc, 0xaedc, 0xaedc, 0xaedc, 0xaedc, 0xaedc, 0xaedc, 0xaedc, 0xaedc, 0xaedc, 0xaedc, 0xaedc, 0xaedc, 0xaedc, 
	0xaedc, 0xaedc, 0xaedc, 0xaedc, 0xaedc, 0xaedc, 0xaedc, 0xaedc, 0xaedc, 0xaedc, 0xaedc, 0xaedc, 0xaedc, 0xaedc, 0xaedc, 0xaedc, 
	0xaedc, 0xaedc, 0xaedc, 0xaedc, 0xaedc, 0xaedc, 0xaedc, 0xaedc, 0xaedc, 0xaedc, 0xaedc, 0xaedc, 0xaedc, 0xaedc, 0xaedc, 0xaedc, 
	0xaedc, 0xaedc, 0xaedc, 0xaedc, 0xaedc, 0xaedc, 0xaedc, 0xaedc, 0xaedc, 0xaedc, 0xaedc, 0xaedc, 0xaedc, 0xaedc, 0xaedc, 0xaedc, 
	0xaedc, 0xaedc, 0xaedc, 0xaedc, 0xaedc, 0xaedc, 0xaedc, 0xaedc, 0xaedc, 0xaedc, 0xaedc, 0xaedc, 0xaedc, 0xaedc, 0xaedc, 0xaedc, 
	0xaedc, 0xaedc, 0xaedc, 0xaedc, 0xaedc, 0xaedc, 0xaedc, 0xaedc, 0xaedc, 0xaedc, 0xaedc, 0xaedc, 0xaedc, 0xaedc, 0xaedc, 0xaedc, 
	0xaedc, 0xaedc, 0xaedc, 0xaedc, 0xaedc, 0xaedc, 0xaedc, 0xaedc, 0xaedc, 0xaedc, 0xaedc, 0xaedc, 0xaedc, 0xaedc, 0xaedc, 0xaedc, 
	0xaedc, 0xaedc, 0xaedc, 0xaedc, 0xaedc, 0xaedc, 0xaedc, 0xaedc, 0xaedc, 0xaedc, 0xaedc, 0xaedc, 0xaedc, 0xaedc, 0xaedc, 0xaedc, 
	0xaedc, 0xaedc, 0xaedc, 0xaedc, 0xaedc, 0xaedc, 0xaedc, 0xaedc, 0xaedc, 0xaedc, 0xaedc, 0xaedc, 0xaedc, 0xaedc, 0xaedc, 0xaedc, 
	0xaedc, 0xaedc, 0xaedc, 0xaedc, 0xaedc, 0xaedc, 0xaedc, 0xaedc, 0xaedc, 0xaedc, 0xaedc, 0xaedc, 0xaedc, 0xaedc, 0xaedc, 0xaedc, 
	0xaedc, 0xaedc, 0xaedc, 0xaedc, 0xaedc, 0xaedc, 0xaedc, 0xaedc, 0xaedc, 0xaedc, 0xaedc, 0xaedc, 0xaedc, 0xaedc, 0xaedc, 0xaedc, 
	0xaedc, 0xaedc, 0xaedc, 0xaedc, 0xaedc, 0xaedc, 0xaedc, 0xaedc, 0xaedc, 0xaedc, 0xaedc, 0xaedc, 0xaedc, 0xaedc, 0xaedc, 0xaedc, 
	0xaedc, 0xaedc, 0xaedc, 0xaedc, 0xaedc, 0xaedc, 0xaedc, 0xaedc, 0xaedc, 0xaedc, 0xaedc, 0xaedc, 0xaedc, 0xaedc, 0xaedc, 0xaedc, 
	0xaedc, 0xaedc, 0xaedc, 0xaedc, 0xaedc, 0xaedc, 0xaedc, 0xaedc, 0xaedc, 0xaedc, 0xaedc, 0xaedc, 0xaedc, 0xaedc, 0xaedc, 0xaedc, 
	0xaedc, 0xaedc, 0xaedc, 0xaedc, 0xaedc, 0xaedc, 0xaedc, 0xaedc, 0xaedc, 0xaedc, 0xaedc, 0xaedc, 0xaedc, 0xaedc, 0xaedc, 0xaedc, 
	0xaedc, 0xaedc, 0xaedc, 0xaedc, 0xaedc, 0xaedc, 0xaedc, 0xaedc, 0xaedc, 0xaedc, 0xaedc, 0xaedc, 0xaedc, 0xaedc, 0xaedc, 0xaedc, 
	0xaedc, 0xaedc, 0xaedc, 0xaedc, 0xaedc, 0xaedc, 0xaedc, 0xaedc, 0xaedc, 0xaedc, 0xaedc, 0xaedc, 0xaedc, 0xaedc, 0xaedc, 0xaedc, 
	0xaedc, 0xaedc, 0xaedc, 0xaedc, 0xaedc, 0xaedc, 0xaedc, 0xaedc, 0xaedc, 0xaedc, 0xaedc, 0xaedc, 0xaedc, 0xaedc, 0xaedc, 0xaedc, 
	0xaedc, 0xaedc, 0xaedc, 0xaedc, 0xaedc, 0xaedc, 0xaedc, 0xaedc, 0xaedc, 0xaedc, 0xaedc, 0xaedc, 0xaedc, 0xaedc, 0xaedc, 0xaedc, 
	0xaedc, 0xaedc, 0xaedc, 0xaedc, 0xaedc, 0xaedc, 0xaedc, 0xaedc, 0xaedc, 0xaedc, 0xaedc, 0xaedc, 0xaedc, 0xaedc, 0xaedc, 0xaedc, 
	0xaedc, 0xaedc, 0xaedc, 0xaedc, 0xaedc, 0xaedc, 0xaedc, 0xaedc, 0xaedc, 0xaedc, 0xaedc, 0xaedc, 0xaedc, 0xaedc, 0xaedc, 0xaedc, 
	0xaedc, 0xaedc, 0xaedc, 0xaedc, 0xaedc, 0xaedc, 0xaedc, 0xaedc, 0xaedc, 0xaedc, 0xaedc, 0xaedc, 0xaedc, 0xaedc, 0xaedc, 0xaedc, 
	0xaedc, 0xaedc, 0xaedc, 0xaedc, 0xaedc, 0xaedc, 0xaedc, 0xaedc, 0xaedc, 0xaedc, 0xaedc, 0xaedc, 0xaedc, 0xaedc, 0xaedc, 0xaedc, 
	0xaedc, 0xaedc, 0xaedc, 0xaedc, 0xaedc, 0xaedc, 0xaedc, 0xaedc, 0xaedc, 0xaedc, 0xaedc, 0xaedc, 0xaedc, 0xaedc, 0xaedc, 0xaedc, 
	0xaedc, 0xaedc, 0xaedc, 0xaedc, 0xaedc, 0xaedc, 0xaedc, 0xaedc, 0xaedc, 0xaedc, 0xaedc, 0xaedc, 0xaedc, 0xaedc, 0xaedc, 0xaedc, 
	0xaedc, 0xaedc, 0xaedc, 0xaedc, 0xaedc, 0xaedc, 0xaedc, 0xaedc, 0xaedc, 0xaedc, 0xaedc, 0xaedc, 0xaedc, 0xaedc, 0xaedc, 0xaedc, 
	0xaedc, 0xaedc, 0xaedc, 0xaedc, 0xaedc, 0xaedc, 0xaedc, 0xaedc, 0xaedc, 0xaedc, 0xaedc, 0xaedc, 0xaedc, 0xaedc, 0xaedc, 0xaedc, 
	0xaedc, 0xaedc, 0xaedc, 0xaedc, 0xaedc, 0xaedc, 0xaedc, 0xaedc, 0xaedc, 0xaedc, 0xaedc, 0xaedc, 0xaedc, 0xaedc, 0xaedc, 0xaedc, 
	0xaedc, 0xaedc, 0xaedc, 0xaedc, 0xaedc, 0xaedc, 0xaedc, 0xaedc, 0xaedc, 0xaedc, 0xaedc, 0xaedc, 0xaedc, 0xaedc, 0xaedc, 0xaedc, 
	0xaedc, 0xaedc, 0xaedc, 0xaedc, 0xaedc, 0xaedc, 0xaedc, 0xaedc, 0xaedc, 0xaedc, 0xaedc, 0xaedc, 0xaedc, 0xaedc, 0xaedc, 0xaedc, 
	0xaedc, 0xaedc, 0xaedc, 0xaedc, 0xaedc, 0xaedc, 0xaedc, 0xaedc, 0xaedc, 0xaedc, 0xaedc, 0xaedc, 0xaedc, 0xaedc, 0xaedc, 0xaedc, 
	0xaedc, 0xaedc, 0xaedc, 0xaedc, 0xaedc, 0xaedc, 0xaedc, 0xaedc, 0xaedc, 0xaedc, 0xaedc, 0xaedc, 0xaedc, 0xaedc, 0xaedc, 0xaedc, 
	0xaedc, 0xaedc, 0xaedc, 0xaedc, 0xaedc, 0xaedc, 0xaedc, 0xaedc, 0xaedc, 0xaedc, 0xaedc, 0xaedc, 0xaedc, 0xaedc, 0xaedc, 0xaedc, 
	0xaedc, 0xaedc, 0xaedc, 0xaedc, 0xaedc, 0xaedc, 0xaedc, 0xaedc, 0xaedc, 0xaedc, 0xaedc, 0xaedc, 0xaedc, 0xaedc, 0xaedc, 0xaedc, 
	0xaedc, 0xaedc, 0xaedc, 0xaedc, 0xaedc, 0xaedc, 0xaedc, 0xaedc, 0xaedc, 0xaedc, 0xaedc, 0xaedc, 0xaedc, 0xaedc, 0xaedc, 0xaedc, 
	0xaedc, 0xaedc, 0xaedc, 0xaedc, 0xaedc, 0xaedc, 0xaedc, 0xaedc, 0xaedc, 0xaedc, 0xaedc, 0xaedc, 0xaedc, 0xaedc, 0xaedc, 0xaedc, 
	0xaedc, 0xaedc, 0xaedc, 0xaedc, 0xaedc, 0xaedc, 0xaedc, 0xaedc, 0xaedc, 0xaedc, 0xaedc, 0xaedc, 0xaedc, 0xaedc, 0xaedc, 0xaedc, 
	0xaedc, 0xaedc, 0xaedc, 0xaedc, 0xaedc, 0xaedc, 0xaedc, 0xaedc, 0xaedc, 0xaedc, 0xaedc, 0xaedc, 0xaedc, 0xaedc, 0xaedc, 0xaedc, 
	0xaedc, 0xaedc, 0xaedc, 0xaedc, 0xaedc, 0xaedc, 0xaedc, 0xaedc, 0xaedc, 0xaedc, 0xaedc, 0xaedc, 0xaedc, 0xaedc, 0xaedc, 0xaedc, 
	0xaedc, 0xaedc, 0xaedc, 0xaedc, 0xaedc, 0xaedc, 0xaedc, 0xaedc, 0xaedc, 0xaedc, 0xaedc, 0xaedc, 0xaedc, 0xaedc, 0xaedc, 0xaedc, 
	0xaedc, 0xaedc, 0xaedc, 0xaedc, 0xaedc, 0xaedc, 0xaedc, 0xaedc, 0xaedc, 0xaedc, 0xaedc, 0xaedc, 0xaedc, 0xaedc, 0xaedc, 0xaedc, 
	0xaedc, 0xaedc, 0xaedc, 0xaedc, 0xaedc, 0xaedc, 0xaedc, 0xaedc, 0xaedc, 0xaedc, 0xaedc, 0xaedc, 0xaedc, 0xaedc, 0xaedc, 0xaedc, 
	0xaedc, 0xaedc, 0xaedc, 0xaedc, 0xaedc, 0xaedc, 0xaedc, 0xaedc, 0xaedc, 0xaedc, 0xaedc, 0xaedc, 0xaedc, 0xaedc, 0xaedc, 0xaedc, 
	0xaedc, 0xaedc, 0xaedc, 0xaedc, 0xaedc, 0xaedc, 0xaedc, 0xaedc, 0xaedc, 0xaedc, 0xaedc, 0xaedc, 0xaedc, 0xaedc, 0xaedc, 0xaedc, 
	0xaedc, 0xaedc, 0xaedc, 0xaedc, 0xaedc, 0xaedc, 0xaedc, 0xaedc, 0xaedc, 0xaedc, 0xaedc, 0xaedc, 0xaedc, 0xaedc, 0xaedc, 0xaedc, 
	0xaedc, 0xaedc, 0xaedc, 0xaedc, 0xaedc, 0xaedc, 0xaedc, 0xaedc, 0xaedc, 0xaedc, 0xaedc, 0xaedc, 0xaedc, 0xaedc, 0xaedc, 0xaedc, 
	0xaedc, 0xaedc, 0xaedc, 0xaedc, 0xaedc, 0xaedc, 0xaedc, 0xaedc, 0xaedc, 0xaedc, 0xaedc, 0xaedc, 0xaedc, 0xaedc, 0xaedc, 0xaedc, 
	0xaedc, 0xaedc, 0xaedc, 0xaedc, 0xaedc, 0xaedc, 0xaedc, 0xaedc, 0xaedc, 0xaedc, 0xaedc, 0xaedc, 0xaedc, 0xaedc, 0xaedc, 0xaedc, 
	0xaedc, 0xaedc, 0xaedc, 0xaedc, 0xaedc, 0xaedc, 0xaedc, 0xaedc, 0xaedc, 0xaedc, 0xaedc, 0xaedc, 0xaedc, 0xaedc, 0xaedc, 0xaedc, 
	0xaedc, 0xaedc, 0xaedc, 0xaedc, 0xaedc, 0xaedc, 0xaedc, 0xaedc, 0xaedc, 0xaedc, 0xaedc, 0xaedc, 0xaedc, 0xaedc, 0xaedc, 0xaedc, 
	0xaedc, 0xaedc, 0xaedc, 0xaedc, 0xaedc, 0xaedc, 0xaedc, 0xaedc, 0xaedc, 0xaedc, 0xaedc, 0xaedc, 0xaedc, 0xaedc, 0xaedc, 0xaedc, 
	0xaedc, 0xaedc, 0xaedc, 0xaedc, 0xaedc, 0xaedc, 0xaedc, 0xaedc, 0xaedc, 0xaedc, 0xaedc, 0xaedc, 0xaedc, 0xaedc, 0xaedc, 0xaedc, 
	0xaedc, 0xaedc, 0xaedc, 0xaedc, 0xaedc, 0xaedc, 0xaedc, 0xaedc, 0xaedc, 0xaedc, 0xaedc, 0xaedc, 0xaedc, 0xaedc, 0xaedc, 0xaedc, 
	0xaedc, 0xaedc, 0xaedc, 0xaedc, 0xaedc, 0xaedc, 0xaedc, 0xaedc, 0xaedc, 0xaedc, 0xaedc, 0xaedc, 0xaedc, 0xaedc, 0xaedc, 0xaedc, 
	0xaedc, 0xaedc, 0xaedc, 0xaedc, 0xaedc, 0xaedc, 0xaedc, 0xaedc, 0xaedc, 0xaedc, 0xaedc, 0xaedc, 0xaedc, 0xaedc, 0xaedc, 0xaedc, 
	0xaedc, 0xaedc, 0xaedc, 0xaedc, 0xaedc, 0xaedc, 0xaedc, 0xaedc, 0xaedc, 0xaedc, 0xaedc, 0xaedc, 0xaedc, 0xaedc, 0xaedc, 0xaedc, 
	0xaedc, 0xaedc, 0xaedc, 0xaedc, 0xaedc, 0xaedc, 0xaedc, 0xaedc, 0xaedc, 0xaedc, 0xaedc, 0xaedc, 0xaedc, 0xaedc, 0xaedc, 0xaedc, 
	0xaedc, 0xaedc, 0xaedc, 0xaedc, 0xaedc, 0xaedc, 0xaedc, 0xaedc, 0xaedc, 0xaedc, 0xaedc, 0xaedc, 0xaedc, 0xaedc, 0xaedc, 0xaedc, 
	0xaedc, 0xaedc, 0xaedc, 0xaedc, 0xaedc, 0xaedc, 0xaedc, 0xaedc, 0xaedc, 0xaedc, 0xaedc, 0xaedc, 0xaedc, 0xaedc, 0xaedc, 0xaedc, 
	0xaedc, 0xaedc, 0xaedc, 0xaedc, 0xaedc, 0xaedc, 0xaedc, 0xaedc, 0xaedc, 0xaedc, 0xaedc, 0xaedc, 0xaedc, 0xaedc, 0xaedc, 0xaedc, 
	0xaedc, 0xaedc, 0xaedc, 0xaedc, 0xaedc, 0xaedc, 0xaedc, 0xaedc, 0xaedc, 0xaedc, 0xaedc, 0xaedc, 0xaedc, 0xaedc, 0xaedc, 0xaedc, 
	0xaedc, 0xaedc, 0xaedc, 0xaedc, 0xaedc, 0xaedc, 0xaedc, 0xaedc, 0xaedc, 0xaedc, 0xaedc, 0xaedc, 0xaedc, 0xaedc, 0xaedc, 0xaedc, 
	0xaedc, 0xaedc, 0xaedc, 0xaedc, 0xaedc, 0xaedc, 0xaedc, 0xaedc, 0xaedc, 0xaedc, 0xaedc, 0xaedc, 0xaedc, 0xaedc, 0xaedc, 0xaedc, 
	0xaedc, 0xaedc, 0xaedc, 0xaedc, 0xaedc, 0xaedc, 0xaedc, 0xaedc, 0xaedc, 0xaedc, 0xaedc, 0xaedc, 0xaedc, 0xaedc, 0xaedc, 0xaedc, 
	0xaedc, 0xaedc, 0xaedc, 0xaedc, 0xaedc, 0xaedc, 0xaedc, 0xaedc, 0xaedc, 0xaedc, 0xaedc, 0xaedc, 0xaedc, 0xaedc, 0xaedc, 0xaedc, 
	0xaedc, 0xaedc, 0xaedc, 0xaedc, 0xaedc, 0xaedc, 0xaedc, 0xaedc, 0xaedc, 0xaedc, 0xaedc, 0xaedc, 0xaedc, 0xaedc, 0xaedc, 0xaedc, 
	0xaedc, 0xaedc, 0xaedc, 0xaedc, 0xaedc, 0xaedc, 0xaedc, 0xaedc, 0xaedc, 0xaedc, 0xaedc, 0xaedc, 0xaedc, 0xaedc, 0xaedc, 0xaedc, 
	0xaedc, 0xaedc, 0xaedc, 0xaedc, 0xaedc, 0xaedc, 0xaedc, 0xaedc, 0xaedc, 0xaedc, 0xaedc, 0xaedc, 0xaedc, 0xaedc, 0xaedc, 0xaedc, 
	0xaedc, 0xaedc, 0xaedc, 0xaedc, 0xaedc, 0xaedc, 0xaedc, 0xaedc, 0xaedc, 0xaedc, 0xaedc, 0xaedc, 0xaedc, 0xaedc, 0xaedc, 0xaedc, 
	0xaedc, 0xaedc, 0xaedc, 0xaedc, 0xaedc, 0xaedc, 0xaedc, 0xaedc, 0xaedc, 0xaedc, 0xaedc, 0xaedc, 0xaedc, 0xaedc, 0xaedc, 0xaedc, 
	0xaedc, 0xaedc, 0xaedc, 0xaedc, 0xaedc, 0xaedc, 0xaedc, 0xaedc, 0xaedc, 0xaedc, 0xaedc, 0xaedc, 0xaedc, 0xaedc, 0xaedc, 0xaedc, 
	0xaedc, 0xaedc, 0xaedc, 0xaedc, 0xaedc, 0xaedc, 0xaedc, 0xaedc, 0xaedc, 0xaedc, 0xaedc, 0xaedc, 0xaedc, 0xaedc, 0xaedc, 0xaedc, 
	0xaedc, 0xaedc, 0xaedc, 0xaedc, 0xaedc, 0xaedc, 0xaedc, 0xaedc, 0xaedc, 0xaedc, 0xaedc, 0xaedc, 0xaedc, 0xaedc, 0xaedc, 0xaedc, 
	0xaedc, 0xaedc, 0xaedc, 0xaedc, 0xaedc, 0xaedc, 0xaedc, 0xaedc, 0xaedc, 0xaedc, 0xaedc, 0xaedc, 0xaedc, 0xaedc, 0xaedc, 0xaedc, 
	0xaedc, 0xaedc, 0xaedc, 0xaedc, 0xaedc, 0xaedc, 0xaedc, 0xaedc, 0xaedc, 0xaedc, 0xaedc, 0xaedc, 0xaedc, 0xaedc, 0xaedc, 0xaedc, 
	0xaedc, 0xaedc, 0xaedc, 0xaedc, 0xaedc, 0xaedc, 0xaedc, 0xaedc, 0xaedc, 0xaedc, 0xaedc, 0xaedc, 0xaedc, 0xaedc, 0xaedc, 0xaedc, 
	0xaedc, 0xaedc, 0xaedc, 0xaedc, 0xaedc, 0xaedc, 0xaedc, 0xaedc, 0xaedc, 0xaedc, 0xaedc, 0xaedc, 0xaedc, 0xaedc, 0xaedc, 0xaedc, 
	0xaedc, 0xaedc, 0xaedc, 0xaedc, 0xaedc, 0xaedc, 0xaedc, 0xaedc, 0xaedc, 0xaedc, 0xaedc, 0xaedc, 0xaedc, 0xaedc, 0xaedc, 0xaedc, 
	0xaedc, 0xaedc, 0xaedc, 0xaedc, 0xaedc, 0xaedc, 0xaedc, 0xaedc, 0xaedc, 0xaedc, 0xaedc, 0xaedc, 0xaedc, 0xaedc, 0xaedc, 0xaedc, 
	0xaedc, 0xaedc, 0xaedc, 0xaedc, 0xaedc, 0xaedc, 0xaedc, 0xaedc, 0xaedc, 0xaedc, 0xaedc, 0xaedc, 0xaedc, 0xaedc, 0xaedc, 0xaedc, 
	0xaedc, 0xaedc, 0xaedc, 0xaedc, 0xaedc, 0xaedc, 0xaedc, 0xaedc, 0xaedc, 0xaedc, 0xaedc, 0xaedc, 0xaedc, 0xaedc, 0xaedc, 0xaedc, 
	0xaedc, 0xaedc, 0xaedc, 0xaedc, 0xaedc, 0xaedc, 0xaedc, 0xaedc, 0xaedc, 0xaedc, 0xaedc, 0xaedc, 0xaedc, 0xaedc, 0xaedc, 0xaedc, 
	0xaedc, 0xaedc, 0xaedc, 0xaedc, 0xaedc, 0xaedc, 0xaedc, 0xaedc, 0xaedc, 0xaedc, 0xaedc, 0xaedc, 0xaedc, 0xaedc, 0xaedc, 0xaedc, 
	0xaedc, 0xaedc, 0xaedc, 0xaedc, 0xaedc, 0xaedc, 0xaedc, 0xaedc, 0xaedc, 0xaedc, 0xaedc, 0xaedc, 0xaedc, 0xaedc, 0xaedc, 0xaedc, 
	0xaedc, 0xaedc, 0xaedc, 0xaedc, 0xaedc, 0xaedc, 0xaedc, 0xaedc, 0xaedc, 0xaedc, 0xaedc, 0xaedc, 0xaedc, 0xaedc, 0xaedc, 0xaedc, 
	0xaedc, 0xaedc, 0xaedc, 0xaedc, 0xaedc, 0xaedc, 0xaedc, 0xaedc, 0xaedc, 0xaedc, 0xaedc, 0xaedc, 0xaedc, 0xaedc, 0xaedc, 0xaedc, 
	0xaedc, 0xaedc, 0xaedc, 0xaedc, 0xaedc, 0xaedc, 0xaedc, 0xaedc, 0xaedc, 0xaedc, 0xaedc, 0xaedc, 0xaedc, 0xaedc, 0xaedc, 0xaedc, 
	0xaedc, 0xaedc, 0xaedc, 0xaedc, 0xaedc, 0xaedc, 0xaedc, 0xaedc, 0xaedc, 0xaedc, 0xaedc, 0xaedc, 0xaedc, 0xaedc, 0xaedc, 0xaedc, 
	0xaedc, 0xaedc, 0xaedc, 0xaedc, 0xaedc, 0xaedc, 0xaedc, 0xaedc, 0xaedc, 0xaedc, 0xaedc, 0xaedc, 0xaedc, 0xaedc, 0xaedc, 0xaedc, 
	0xaedc, 0xaedc, 0xaedc, 0xaedc, 0xaedc, 0xaedc, 0xaedc, 0xaedc, 0xaedc, 0xaedc, 0xaedc, 0xaedc, 0xaedc, 0xaedc, 0xaedc, 0xaedc, 
	0xaedc, 0xaedc, 0xaedc, 0xaedc, 0xaedc, 0xaedc, 0xaedc, 0xaedc, 0xaedc, 0xaedc, 0xaedc, 0xaedc, 0xaedc, 0xaedc, 0xaedc, 0xaedc, 
	0xaedc, 0xaedc, 0xaedc, 0xaedc, 0xaedc, 0xaedc, 0xaedc, 0xaedc, 0xaedc, 0xaedc, 0xaedc, 0xaedc, 0xaedc, 0xaedc, 0xaedc, 0xaedc, 
	0xaedc, 0xaedc, 0xaedc, 0xaedc, 0xaedc, 0xaedc, 0xaedc, 0xaedc, 0xaedc, 0xaedc, 0xaedc, 0xaedc, 0xaedc, 0xaedc, 0xaedc, 0xaedc, 
	0xaedc, 0xaedc, 0xaedc, 0xaedc, 0xaedc, 0xaedc, 0xaedc, 0xaedc, 0xaedc, 0xaedc, 0xaedc, 0xaedc, 0xaedc, 0xaedc, 0xaedc, 0xaedc, 
	0xaedc, 0xaedc, 0xaedc, 0xaedc, 0xaedc, 0xaedc, 0xaedc, 0xaedc, 0xaedc, 0xaedc, 0xaedc, 0xaedc, 0xaedc, 0xaedc, 0xaedc, 0xaedc, 
	0xaedc, 0xaedc, 0xaedc, 0xaedc, 0xaedc, 0xaedc, 0xaedc, 0xaedc, 0xaedc, 0xaedc, 0xaedc, 0xaedc, 0xaedc, 0xaedc, 0xaedc, 0xaedc, 
	0xaedc, 0xaedc, 0xaedc, 0xaedc, 0xaedc, 0xaedc, 0xaedc, 0xaedc, 0xaedc, 0xaedc, 0xaedc, 0xaedc, 0xaedc, 0xaedc, 0xaedc, 0xaedc, 
	0xaedc, 0xaedc, 0xaedc, 0xaedc, 0xaedc, 0xaedc, 0xaedc, 0xaedc, 0xaedc, 0xaedc, 0xaedc, 0xaedc, 0xaedc, 0xaedc, 0xaedc, 0xaedc, 
	0xaedc, 0xaedc, 0xaedc, 0xaedc, 0xaedc, 0xaedc, 0xaedc, 0xaedc, 0xaedc, 0xaedc, 0xaedc, 0xaedc, 0xaedc, 0xaedc, 0xaedc, 0xaedc, 
	0xaedc, 0xaedc, 0xaedc, 0xaedc, 0xaedc, 0xaedc, 0xaedc, 0xaedc, 0xaedc, 0xaedc, 0xaedc, 0xaedc, 0xaedc, 0xaedc, 0xaedc, 0xaedc, 
	0xaedc, 0xaedc, 0xaedc, 0xaedc, 0xaedc, 0xaedc, 0xaedc, 0xaedc, 0xaedc, 0xaedc, 0xaedc, 0xaedc, 0xaedc, 0xaedc, 0xaedc, 0xaedc, 
	0xaedc, 0xaedc, 0xaedc, 0xaedc, 0xaedc, 0xaedc, 0xaedc, 0xaedc, 0xaedc, 0xaedc, 0xaedc, 0xaedc, 0xaedc, 0xaedc, 0xaedc, 0xaedc, 
	0xaedc, 0xaedc, 0xaedc, 0xaedc, 0xaedc, 0xaedc, 0xaedc, 0xaedc, 0xaedc, 0xaedc, 0xaedc, 0xaedc, 0xaedc, 0xaedc, 0xaedc, 0xaedc, 
	0xaedc, 0xaedc, 0xaedc, 0xaedc, 0xaedc, 0xaedc, 0xaedc, 0xaedc, 0xaedc, 0xaedc, 0xaedc, 0xaedc, 0xaedc, 0xaedc, 0xaedc, 0xaedc, 
	0xaedc, 0xaedc, 0xaedc, 0xaedc, 0xaedc, 0xaedc, 0xaedc, 0xaedc, 0xaedc, 0xaedc, 0xaedc, 0xaedc, 0xaedc, 0xaedc, 0xaedc, 0xaedc, 
	0xaedc, 0xaedc, 0xaedc, 0xaedc, 0xaedc, 0xaedc, 0xaedc, 0xaedc, 0xaedc, 0xaedc, 0xaedc, 0xaedc, 0xaedc, 0xaedc, 0xaedc, 0xaedc, 
	0xaedc, 0xaedc, 0xaedc, 0xaedc, 0xaedc, 0xaedc, 0xaedc, 0xaedc, 0xaedc, 0xaedc, 0xaedc, 0xaedc, 0xaedc, 0xaedc, 0xaedc, 0xaedc, 
	0xaedc, 0xaedc, 0xaedc, 0xaedc, 0xaedc, 0xaedc, 0xaedc, 0xaedc, 0xaedc, 0xaedc, 0xaedc, 0xaedc, 0xaedc, 0xaedc, 0xaedc, 0xaedc, 
	0xaedc, 0xaedc, 0xaedc, 0xaedc, 0xaedc, 0xaedc, 0xaedc, 0xaedc, 0xaedc, 0xaedc, 0xaedc, 0xaedc, 0xaedc, 0xaedc, 0xaedc, 0xaedc, 
	0xaedc, 0xaedc, 0xaedc, 0xaedc, 0xaedc, 0xaedc, 0xaedc, 0xaedc, 0xaedc, 0xaedc, 0xaedc, 0xaedc, 0xaedc, 0xaedc, 0xaedc, 0xaedc, 
	0xaedc, 0xaedc, 0xaedc, 0xaedc, 0xaedc, 0xaedc, 0xaedc, 0xaedc, 0xaedc, 0xaedc, 0xaedc, 0xaedc, 0xaedc, 0xaedc, 0xaedc, 0xaedc, 
	0xaedc, 0xaedc, 0xaedc, 0xaedc, 0xaedc, 0xaedc, 0xaedc, 0xaedc, 0xaedc, 0xaedc, 0xaedc, 0xaedc, 0xaedc, 0xaedc, 0xaedc, 0xaedc, 
	0xaedc, 0xaedc, 0xaedc, 0xaedc, 0xaedc, 0xaedc, 0xaedc, 0xaedc, 0xaedc, 0xaedc, 0xaedc, 0xaedc, 0xaedc, 0xaedc, 0xaedc, 0xaedc, 
	0xaedc, 0xaedc, 0xaedc, 0xaedc, 0xaedc, 0xaedc, 0xaedc, 0xaedc, 0xaedc, 0xaedc, 0xaedc, 0xaedc, 0xaedc, 0xaedc, 0xaedc, 0xaedc, 
	0xaedc, 0xaedc, 0xaedc, 0xaedc, 0xaedc, 0xaedc, 0xaedc, 0xaedc, 0xaedc, 0xaedc, 0xaedc, 0xaedc, 0xaedc, 0xaedc, 0xaedc, 0xaedc, 
	0xaedc, 0xaedc, 0xaedc, 0xaedc, 0xaedc, 0xaedc, 0xaedc, 0xaedc, 0xaedc, 0xaedc, 0xaedc, 0xaedc, 0xaedc, 0xaedc, 0xaedc, 0xaedc, 
	0xaedc, 0xaedc, 0xaedc, 0xaedc, 0xaedc, 0xaedc, 0xaedc, 0xaedc, 0xaedc, 0xaedc, 0xaedc, 0xaedc, 0xaedc, 0xaedc, 0xaedc, 0xaedc, 
	0xaedc, 0xaedc, 0xaedc, 0xaedc, 0xaedc, 0xaedc, 0xaedc, 0xaedc, 0xaedc, 0xaedc, 0xaedc, 0xaedc, 0xaedc, 0xaedc, 0xaedc, 0xaedc, 
	0xaedc, 0xaedc, 0xaedc, 0xaedc, 0xaedc, 0xaedc, 0xaedc, 0xaedc, 0xaedc, 0xaedc, 0xaedc, 0xaedc, 0xaedc, 0xaedc, 0xaedc, 0xaedc, 
	0xaedc, 0xaedc, 0xaedc, 0xaedc, 0xaedc, 0xaedc, 0xaedc, 0xaedc, 0xaedc, 0xaedc, 0xaedc, 0xaedc, 0xaedc, 0xaedc, 0xaedc, 0xaedc, 
	0xaedc, 0xaedc, 0xaedc, 0xaedc, 0xaedc, 0xaedc, 0xaedc, 0xaedc, 0xaedc, 0xaedc, 0xaedc, 0xaedc, 0xaedc, 0xaedc, 0xaedc, 0xaedc, 
	0xaedc, 0xaedc, 0xaedc, 0xaedc, 0xaedc, 0xaedc, 0xaedc, 0xaedc, 0xaedc, 0xaedc, 0xaedc, 0xaedc, 0xaedc, 0xaedc, 0xaedc, 0xaedc, 
	0xaedc, 0xaedc, 0xaedc, 0xaedc, 0xaedc, 0xaedc, 0xaedc, 0xaedc, 0xaedc, 0xaedc, 0xaedc, 0xaedc, 0xaedc, 0xaedc, 0xaedc, 0xaedc, 
	0xaedc, 0xaedc, 0xaedc, 0xaedc, 0xaedc, 0xaedc, 0xaedc, 0xaedc, 0xaedc, 0xaedc, 0xaedc, 0xaedc, 0xaedc, 0xaedc, 0xaedc, 0xaedc, 
	0xaedc, 0xaedc, 0xaedc, 0xaedc, 0xaedc, 0xaedc, 0xaedc, 0xaedc, 0xaedc, 0xaedc, 0xaedc, 0xaedc, 0xaedc, 0xaedc, 0xaedc, 0xaedc, 
	0xaedc, 0xaedc, 0xaedc, 0xaedc, 0xaedc, 0xaedc, 0xaedc, 0xaedc, 0xaedc, 0xaedc, 0xaedc, 0xaedc, 0xaedc, 0xaedc, 0xaedc, 0xaedc, 
	0xaedc, 0xaedc, 0xaedc, 0xaedc, 0xaedc, 0xaedc, 0xaedc, 0xaedc, 0xaedc, 0xaedc, 0xaedc, 0xaedc, 0xaedc, 0xaedc, 0xaedc, 0xaedc, 
	0xaedc, 0xaedc, 0xaedc, 0xaedc, 0xaedc, 0xaedc, 0xaedc, 0xaedc, 0xaedc, 0xaedc, 0xaedc, 0xaedc, 0xaedc, 0xaedc, 0xaedc, 0xaedc, 
	0xaedc, 0xaedc, 0xaedc, 0xaedc, 0xaedc, 0xaedc, 0xaedc, 0xaedc, 0xaedc, 0xaedc, 0xaedc, 0xaedc, 0xaedc, 0xaedc, 0xaedc, 0xaedc, 
	0xaedc, 0xaedc, 0xaedc, 0xaedc, 0xaedc, 0xaedc, 0xaedc, 0xaedc, 0xaedc, 0xaedc, 0xaedc, 0xaedc, 0xaedc, 0xaedc, 0xaedc, 0xaedc, 
	0xaedc, 0xaedc, 0xaedc, 0xaedc, 0xaedc, 0xaedc, 0xaedc, 0xaedc, 0xaedc, 0xaedc, 0xaedc, 0xaedc, 0xaedc, 0xaedc, 0xaedc, 0xaedc, 
	0xaedc, 0xaedc, 0xaedc, 0xaedc, 0xaedc, 0xaedc, 0xaedc, 0xaedc, 0xaedc, 0xaedc, 0xaedc, 0xaedc, 0xaedc, 0xaedc, 0xaedc, 0xaedc, 
	0xaedc, 0xaedc, 0xaedc, 0xaedc, 0xaedc, 0xaedc, 0xaedc, 0xaedc, 0xaedc, 0xaedc, 0xaedc, 0xaedc, 0xaedc, 0xaedc, 0xaedc, 0xaedc, 
	0xaedc, 0xaedc, 0xaedc, 0xaedc, 0xaedc, 0xaedc, 0xaedc, 0xaedc, 0xaedc, 0xaedc, 0xaedc, 0xaedc, 0xaedc, 0xaedc, 0xaedc, 0xaedc, 
	0xaedc, 0xaedc, 0xaedc, 0xaedc, 0xaedc, 0xaedc, 0xaedc, 0xaedc, 0xaedc, 0xaedc, 0xaedc, 0xaedc, 0xaedc, 0xaedc, 0xaedc, 0xaedc, 
	0xaedc, 0xaedc, 0xaedc, 0xaedc, 0xaedc, 0xaedc, 0xaedc, 0xaedc, 0xaedc, 0xaedc, 0xaedc, 0xaedc, 0xaedc, 0xaedc, 0xaedc, 0xaedc, 
	0xaedc, 0xaedc, 0xaedc, 0xaedc, 0xaedc, 0xaedc, 0xaedc, 0xaedc, 0xaedc, 0xaedc, 0xaedc, 0xaedc, 0xaedc, 0xaedc, 0xaedc, 0xaedc, 
	0xaedc, 0xaedc, 0xaedc, 0xaedc, 0xaedc, 0xaedc, 0xaedc, 0xaedc, 0xaedc, 0xaedc, 0xaedc, 0xaedc, 0xaedc, 0xaedc, 0xaedc, 0xaedc, 
	0xaedc, 0xaedc, 0xaedc, 0xaedc, 0xaedc, 0xaedc, 0xaedc, 0xaedc, 0xaedc, 0xaedc, 0xaedc, 0xaedc, 0xaedc, 0xaedc, 0xaedc, 0xaedc, 
	0xaedc, 0xaedc, 0xaedc, 0xaedc, 0xaedc, 0xaedc, 0xaedc, 0xaedc, 0xaedc, 0xaedc, 0xaedc, 0xaedc, 0xaedc, 0xaedc, 0xaedc, 0xaedc, 
	0xaedc, 0xaedc, 0xaedc, 0xaedc, 0xaedc, 0xaedc, 0xaedc, 0xaedc, 0xaedc, 0xaedc, 0xaedc, 0xaedc, 0xaedc, 0xaedc, 0xaedc, 0xaedc, 
	0xaedc, 0xaedc, 0xaedc, 0xaedc, 0xaedc, 0xaedc, 0xaedc, 0xaedc, 0xaedc, 0xaedc, 0xaedc, 0xaedc, 0xaedc, 0xaedc, 0xaedc, 0xaedc, 
	0xaedc, 0xaedc, 0xaedc, 0xaedc, 0xaedc, 0xaedc, 0xaedc, 0xaedc, 0xaedc, 0xaedc, 0xaedc, 0xaedc, 0xaedc, 0xaedc, 0xaedc, 0xaedc, 
	0xaedc, 0xaedc, 0xaedc, 0xaedc, 0xaedc, 0xaedc, 0xaedc, 0xaedc, 0xaedc, 0xaedc, 0xaedc, 0xaedc, 0xaedc, 0xaedc, 0xaedc, 0xaedc, 
	0xaedc, 0xaedc, 0xaedc, 0xaedc, 0xaedc, 0xaedc, 0xaedc, 0xaedc, 0xaedc, 0xaedc, 0xaedc, 0xaedc, 0xaedc, 0xaedc, 0xaedc, 0xaedc, 
	0xaedc, 0xaedc, 0xaedc, 0xaedc, 0xaedc, 0xaedc, 0xaedc, 0xaedc, 0xaedc, 0xaedc, 0xaedc, 0xaedc, 0xaedc, 0xaedc, 0xaedc, 0xaedc, 
	0xaedc, 0xaedc, 0xaedc, 0xaedc, 0xaedc, 0xaedc, 0xaedc, 0xaedc, 0xaedc, 0xaedc, 0xaedc, 0xaedc, 0xaedc, 0xaedc, 0xaedc, 0xaedc, 
	0xaedc, 0xaedc, 0xaedc, 0xaedc, 0xaedc, 0xaedc, 0xaedc, 0xaedc, 0xaedc, 0xaedc, 0xaedc, 0xaedc, 0xaedc, 0xaedc, 0xaedc, 0xaedc, 
	0xaedc, 0xaedc, 0xaedc, 0xaedc, 0xaedc, 0xaedc, 0xaedc, 0xaedc, 0xaedc, 0xaedc, 0xaedc, 0xaedc, 0xaedc, 0xaedc, 0xaedc, 0xaedc, 
	0xaedc, 0xaedc, 0xaedc, 0xaedc, 0xaedc, 0xaedc, 0xaedc, 0xaedc, 0xaedc, 0xaedc, 0xaedc, 0xaedc, 0xaedc, 0xaedc, 0xaedc, 0xaedc, 
	0xaedc, 0xaedc, 0xaedc, 0xaedc, 0xaedc, 0xaedc, 0xaedc, 0xaedc, 0xaedc, 0xaedc, 0xaedc, 0xaedc, 0xaedc, 0xaedc, 0xaedc, 0xaedc, 
	0xaedc, 0xaedc, 0xaedc, 0xaedc, 0xaedc, 0xaedc, 0xaedc, 0xaedc, 0xaedc, 0xaedc, 0xaedc, 0xaedc, 0xaedc, 0xaedc, 0xaedc, 0xaedc, 
	0xaedc, 0xaedc, 0xaedc, 0xaedc, 0xaedc, 0xaedc, 0xaedc, 0xaedc, 0xaedc, 0xaedc, 0xaedc, 0xaedc, 0xaedc, 0xaedc, 0xaedc, 0xaedc, 
	0xaedc, 0xaedc, 0xaedc, 0xaedc, 0xaedc, 0xaedc, 0xaedc, 0xaedc, 0xaedc, 0xaedc, 0xaedc, 0xaedc, 0xaedc, 0xaedc, 0xaedc, 0xaedc, 
	0xaedc, 0xaedc, 0xaedc, 0xaedc, 0xaedc, 0xaedc, 0xaedc, 0xaedc, 0xaedc, 0xaedc, 0xaedc, 0xaedc, 0xaedc, 0xaedc, 0xaedc, 0xaedc, 
	0xaedc, 0xaedc, 0xaedc, 0xaedc, 0xaedc, 0xaedc, 0xaedc, 0xaedc, 0xaedc, 0xaedc, 0xaedc, 0xaedc, 0xaedc, 0xaedc, 0xaedc, 0xaedc, 
	0xaedc, 0xaedc, 0xaedc, 0xaedc, 0xaedc, 0xaedc, 0xaedc, 0xaedc, 0xaedc, 0xaedc, 0xaedc, 0xaedc, 0xaedc, 0xaedc, 0xaedc, 0xaedc, 
	0xaedc, 0xaedc, 0xaedc, 0xaedc, 0xaedc, 0xaedc, 0xaedc, 0xaedc, 0xaedc, 0xaedc, 0xaedc, 0xaedc, 0xaedc, 0xaedc, 0xaedc, 0xaedc, 
	0xaedc, 0xaedc, 0xaedc, 0xaedc, 0xaedc, 0xaedc, 0xaedc, 0xaedc, 0xaedc, 0xaedc, 0xaedc, 0xaedc, 0xaedc, 0xaedc, 0xaedc, 0xaedc, 
	0xaedc, 0xaedc, 0xaedc, 0xaedc, 0xaedc, 0xaedc, 0xaedc, 0xaedc, 0xaedc, 0xaedc, 0xaedc, 0xaedc, 0xaedc, 0xaedc, 0xaedc, 0xaedc, 
	0xaedc, 0xaedc, 0xaedc, 0xaedc, 0xaedc, 0xaedc, 0xaedc, 0xaedc, 0xaedc, 0xaedc, 0xaedc, 0xaedc, 0xaedc, 0xaedc, 0xaedc, 0xaedc, 
	0xaedc, 0xaedc, 0xaedc, 0xaedc, 0xaedc, 0xaedc, 0xaedc, 0xaedc, 0xaedc, 0xaedc, 0xaedc, 0xaedc, 0xaedc, 0xaedc, 0xaedc, 0xaedc, 
	0xaedc, 0xaedc, 0xaedc, 0xaedc, 0xaedc, 0xaedc, 0xaedc, 0xaedc, 0xaedc, 0xaedc, 0xaedc, 0xaedc, 0xaedc, 0xaedc, 0xaedc, 0xaedc, 
	0xaedc, 0xaedc, 0xaedc, 0xaedc, 0xaedc, 0xaedc, 0xaedc, 0xaedc, 0xaedc, 0xaedc, 0xaedc, 0xaedc, 0xaedc, 0xaedc, 0xaedc, 0xaedc, 
	0xaedc, 0xaedc, 0xaedc, 0xaedc, 0xaedc, 0xaedc, 0xaedc, 0xaedc, 0xaedc, 0xaedc, 0xaedc, 0xaedc, 0xaedc, 0xaedc, 0xaedc, 0xaedc, 
	0xaedc, 0xaedc, 0xaedc, 0xaedc, 0xaedc, 0xaedc, 0xaedc, 0xaedc, 0xaedc, 0xaedc, 0xaedc, 0xaedc, 0xaedc, 0xaedc, 0xaedc, 0xaedc, 
	0xaedc, 0xaedc, 0xaedc, 0xaedc, 0xaedc, 0xaedc, 0xaedc, 0xaedc, 0xaedc, 0xaedc, 0xaedc, 0xaedc, 0xaedc, 0xaedc, 0xaedc, 0xaedc, 
	0xaedc, 0xaedc, 0xaedc, 0xaedc, 0xaedc, 0xaedc, 0xaedc, 0xaedc, 0xaedc, 0xaedc, 0xaedc, 0xaedc, 0xaedc, 0xaedc, 0xaedc, 0xaedc, 
	0xaedc, 0xaedc, 0xaedc, 0xaedc, 0xaedc, 0xaedc, 0xaedc, 0xaedc, 0xaedc, 0xaedc, 0xaedc, 0xaedc, 0xaedc, 0xaedc, 0xaedc, 0xaedc, 
	0xaedc, 0xaedc, 0xaedc, 0xaedc, 0xaedc, 0xaedc, 0xaedc, 0xaedc, 0xaedc, 0xaedc, 0xaedc, 0xaedc, 0xaedc, 0xaedc, 0xaedc, 0xaedc, 
	0xaedc, 0xaedc, 0xaedc, 0xaedc, 0xaedc, 0xaedc, 0xaedc, 0xaedc, 0xaedc, 0xaedc, 0xaedc, 0xaedc, 0xaedc, 0xaedc, 0xaedc, 0xaedc, 
	0xaedc, 0xaedc, 0xaedc, 0xaedc, 0xaedc, 0xaedc, 0xaedc, 0xaedc, 0xaedc, 0xaedc, 0xaedc, 0xaedc, 0xaedc, 0xaedc, 0xaedc, 0xaedc, 
	0xaedc, 0xaedc, 0xaedc, 0xaedc, 0xaedc, 0xaedc, 0xaedc, 0xaedc, 0xaedc, 0xaedc, 0xaedc, 0xaedc, 0xaedc, 0xaedc, 0xaedc, 0xaedc, 
	0xaedc, 0xaedc, 0xaedc, 0xaedc, 0xaedc, 0xaedc, 0xaedc, 0xaedc, 0xaedc, 0xaedc, 0xaedc, 0xaedc, 0xaedc, 0xaedc, 0xaedc, 0xaedc, 
	0xaedc, 0xaedc, 0xaedc, 0xaedc, 0xaedc, 0xaedc, 0xaedc, 0xaedc, 0xaedc, 0xaedc, 0xaedc, 0xaedc, 0xaedc, 0xaedc, 0xaedc, 0xaedc, 
	0xaedc, 0xaedc, 0xaedc, 0xaedc, 0xaedc, 0xaedc, 0xaedc, 0xaedc, 0xaedc, 0xaedc, 0xaedc, 0xaedc, 0xaedc, 0xaedc, 0xaedc, 0xaedc, 
	0xaedc, 0xaedc, 0xaedc, 0xaedc, 0xaedc, 0xaedc, 0xaedc, 0xaedc, 0xaedc, 0xaedc, 0xaedc, 0xaedc, 0xaedc, 0xaedc, 0xaedc, 0xaedc, 
	0xaedc, 0xaedc, 0xaedc, 0xaedc, 0xaedc, 0xaedc, 0xaedc, 0xaedc, 0xaedc, 0xaedc, 0xaedc, 0xaedc, 0xaedc, 0xaedc, 0xaedc, 0xaedc, 
	0xaedc, 0xaedc, 0xaedc, 0xaedc, 0xaedc, 0xaedc, 0xaedc, 0xaedc, 0xaedc, 0xaedc, 0xaedc, 0xaedc, 0xaedc, 0xaedc, 0xaedc, 0xaedc, 
	0xaedc, 0xaedc, 0xaedc, 0xaedc, 0xaedc, 0xaedc, 0xaedc, 0xaedc, 0xaedc, 0xaedc, 0xaedc, 0xaedc, 0xaedc, 0xaedc, 0xaedc, 0xaedc, 
	0xaedc, 0xaedc, 0xaedc, 0xaedc, 0xaedc, 0xaedc, 0xaedc, 0xaedc, 0xaedc, 0xaedc, 0xaedc, 0xaedc, 0xaedc, 0xaedc, 0xaedc, 0xaedc, 
	0xaedc, 0xaedc, 0xaedc, 0xaedc, 0xaedc, 0xaedc, 0xaedc, 0xaedc, 0xaedc, 0xaedc, 0xaedc, 0xaedc, 0xaedc, 0xaedc, 0xaedc, 0xaedc, 
	0xaedc, 0xaedc, 0xaedc, 0xaedc, 0xaedc, 0xaedc, 0xaedc, 0xaedc, 0xaedc, 0xaedc, 0xaedc, 0xaedc, 0xaedc, 0xaedc, 0xaedc, 0xaedc, 
	0xaedc, 0xaedc, 0xaedc, 0xaedc, 0xaedc, 0xaedc, 0xaedc, 0xaedc, 0xaedc, 0xaedc, 0xaedc, 0xaedc, 0xaedc, 0xaedc, 0xaedc, 0xaedc, 
	0xaedc, 0xaedc, 0xaedc, 0xaedc, 0xaedc, 0xaedc, 0xaedc, 0xaedc, 0xaedc, 0xaedc, 0xaedc, 0xaedc, 0xaedc, 0xaedc, 0xaedc, 0xaedc, 
	0xaedc, 0xaedc, 0xaedc, 0xaedc, 0xaedc, 0xaedc, 0xaedc, 0xaedc, 0xaedc, 0xaedc, 0xaedc, 0xaedc, 0xaedc, 0xaedc, 0xaedc, 0xaedc, 
	0xaedc, 0xaedc, 0xaedc, 0xaedc, 0xaedc, 0xaedc, 0xaedc, 0xaedc, 0xaedc, 0xaedc, 0xaedc, 0xaedc, 0xaedc, 0xaedc, 0xaedc, 0xaedc, 
	0xaedc, 0xaedc, 0xaedc, 0xaedc, 0xaedc, 0xaedc, 0xaedc, 0xaedc, 0xaedc, 0xaedc, 0xaedc, 0xaedc, 0xaedc, 0xaedc, 0xaedc, 0xaedc, 
	0xaedc, 0xaedc, 0xaedc, 0xaedc, 0xaedc, 0xaedc, 0xaedc, 0xaedc, 0xaedc, 0xaedc, 0xaedc, 0xaedc, 0xaedc, 0xaedc, 0xaedc, 0xaedc, 
	0xaedc, 0xaedc, 0xaedc, 0xaedc, 0xaedc, 0xaedc, 0xaedc, 0xaedc, 0xaedc, 0xaedc, 0xaedc, 0xaedc, 0xaedc, 0xaedc, 0xaedc, 0xaedc, 
	0xaedc, 0xaedc, 0xaedc, 0xaedc, 0xaedc, 0xaedc, 0xaedc, 0xaedc, 0xaedc, 0xaedc, 0xaedc, 0xaedc, 0xaedc, 0xaedc, 0xaedc, 0xaedc, 
	0xaedc, 0xaedc, 0xaedc, 0xaedc, 0xaedc, 0xaedc, 0xaedc, 0xaedc, 0xaedc, 0xaedc, 0xaedc, 0xaedc, 0xaedc, 0xaedc, 0xaedc, 0xaedc, 
	0xaedc, 0xaedc, 0xaedc, 0xaedc, 0xaedc, 0xaedc, 0xaedc, 0xaedc, 0xaedc, 0xaedc, 0xaedc, 0xaedc, 0xaedc, 0xaedc, 0xaedc, 0xaedc, 
	0xaedc, 0xaedc, 0xaedc, 0xaedc, 0xaedc, 0xaedc, 0xaedc, 0xaedc, 0xaedc, 0xaedc, 0xaedc, 0xaedc, 0xaedc, 0xaedc, 0xaedc, 0xaedc, 
	0xaedc, 0xaedc, 0xaedc, 0xaedc, 0xaedc, 0xaedc, 0xaedc, 0xaedc, 0xaedc, 0xaedc, 0xaedc, 0xaedc, 0xaedc, 0xaedc, 0xaedc, 0xaedc, 
	0xaedc, 0xaedc, 0xaedc, 0xaedc, 0xaedc, 0xaedc, 0xaedc, 0xaedc, 0xaedc, 0xaedc, 0xaedc, 0xaedc, 0xaedc, 0xaedc, 0xaedc, 0xaedc, 
	0xaedc, 0xaedc, 0xaedc, 0xaedc, 0xaedc, 0xaedc, 0xaedc, 0xaedc, 0xaedc, 0xaedc, 0xaedc, 0xaedc, 0xaedc, 0xaedc, 0xaedc, 0xaedc, 
	0xaedc, 0xaedc, 0xaedc, 0xaedc, 0xaedc, 0xaedc, 0xaedc, 0xaedc, 0xaedc, 0xaedc, 0xaedc, 0xaedc, 0xaedc, 0xaedc, 0xaedc, 0xaedc, 
	0xaedc, 0xaedc, 0xaedc, 0xaedc, 0xaedc, 0xaedc, 0xaedc, 0xaedc, 0xaedc, 0xaedc, 0xaedc, 0xaedc, 0xaedc, 0xaedc, 0xaedc, 0xaedc, 
	0xaedc, 0xaedc, 0xaedc, 0xaedc, 0xaedc, 0xaedc, 0xaedc, 0xaedc, 0xaedc, 0xaedc, 0xaedc, 0xaedc, 0xaedc, 0xaedc, 0xaedc, 0xaedc, 
	0xaedc, 0xaedc, 0xaedc, 0xaedc, 0xaedc, 0xaedc, 0xaedc, 0xaedc, 0xaedc, 0xaedc, 0xaedc, 0xaedc, 0xaedc, 0xaedc, 0xaedc, 0xaedc, 
	0xaedc, 0xaedc, 0xaedc, 0xaedc, 0xaedc, 0xaedc, 0xaedc, 0xaedc, 0xaedc, 0xaedc, 0xaedc, 0xaedc, 0xaedc, 0xaedc, 0xaedc, 0xaedc, 
	0xaedc, 0xaedc, 0xaedc, 0xaedc, 0xaedc, 0xaedc, 0xaedc, 0xaedc, 0xaedc, 0xaedc, 0xaedc, 0xaedc, 0xaedc, 0xaedc, 0xaedc, 0xaedc, 
	0xaedc, 0xaedc, 0xaedc, 0xaedc, 0xaedc, 0xaedc, 0xaedc, 0xaedc, 0xaedc, 0xaedc, 0xaedc, 0xaedc, 0xaedc, 0xaedc, 0xaedc, 0xaedc, 
	0xaedc, 0xaedc, 0xaedc, 0xaedc, 0xaedc, 0xaedc, 0xaedc, 0xaedc, 0xaedc, 0xaedc, 0xaedc, 0xaedc, 0xaedc, 0xaedc, 0xaedc, 0xaedc, 
	0xaedc, 0xaedc, 0xaedc, 0xaedc, 0xaedc, 0xaedc, 0xaedc, 0xaedc, 0xaedc, 0xaedc, 0xaedc, 0xaedc, 0xaedc, 0xaedc, 0xaedc, 0xaedc, 
	0xaedc, 0xaedc, 0xaedc, 0xaedc, 0xaedc, 0xaedc, 0xaedc, 0xaedc, 0xaedc, 0xaedc, 0xaedc, 0xaedc, 0xaedc, 0xaedc, 0xaedc, 0xaedc, 
	0xaedc, 0xaedc, 0xaedc, 0xaedc, 0xaedc, 0xaedc, 0xaedc, 0xaedc, 0xaedc, 0xaedc, 0xaedc, 0xaedc, 0xaedc, 0xaedc, 0xaedc, 0xaedc, 
	0xaedc, 0xaedc, 0xaedc, 0xaedc, 0xaedc, 0xaedc, 0xaedc, 0xaedc, 0xaedc, 0xaedc, 0xaedc, 0xaedc, 0xaedc, 0xaedc, 0xaedc, 0xaedc, 
	0xaedc, 0xaedc, 0xaedc, 0xaedc, 0xaedc, 0xaedc, 0xaedc, 0xaedc, 0xaedc, 0xaedc, 0xaedc, 0xaedc, 0xaedc, 0xaedc, 0xaedc, 0xaedc, 
	0xaedc, 0xaedc, 0xaedc, 0xaedc, 0xaedc, 0xaedc, 0xaedc, 0xaedc, 0xaedc, 0xaedc, 0xaedc, 0xaedc, 0xaedc, 0xaedc, 0xaedc, 0xaedc, 
	0xaedc, 0xaedc, 0xaedc, 0xaedc, 0xaedc, 0xaedc, 0xaedc, 0xaedc, 0xaedc, 0xaedc, 0xaedc, 0xaedc, 0xaedc, 0xaedc, 0xaedc, 0xaedc, 
	0xaedc, 0xaedc, 0xaedc, 0xaedc, 0xaedc, 0xaedc, 0xaedc, 0xaedc, 0xaedc, 0xaedc, 0xaedc, 0xaedc, 0xaedc, 0xaedc, 0xaedc, 0xaedc, 
	0xaedc, 0xaedc, 0xaedc, 0xaedc, 0xaedc, 0xaedc, 0xaedc, 0xaedc, 0xaedc, 0xaedc, 0xaedc, 0xaedc, 0xaedc, 0xaedc, 0xaedc, 0xaedc, 
	0xaedc, 0xaedc, 0xaedc, 0xaedc, 0xaedc, 0xaedc, 0xaedc, 0xaedc, 0xaedc, 0xaedc, 0xaedc, 0xaedc, 0xaedc, 0xaedc, 0xaedc, 0xaedc, 
	0xaedc, 0xaedc, 0xaedc, 0xaedc, 0xaedc, 0xaedc, 0xaedc, 0xaedc, 0xaedc, 0xaedc, 0xaedc, 0xaedc, 0xaedc, 0xaedc, 0xaedc, 0xaedc, 
	0xaedc, 0xaedc, 0xaedc, 0xaedc, 0xaedc, 0xaedc, 0xaedc, 0xaedc, 0xaedc, 0xaedc, 0xaedc, 0xaedc, 0xaedc, 0xaedc, 0xaedc, 0xaedc, 
	0xaedc, 0xaedc, 0xaedc, 0xaedc, 0xaedc, 0xaedc, 0xaedc, 0xaedc, 0xaedc, 0xaedc, 0xaedc, 0xaedc, 0xaedc, 0xaedc, 0xaedc, 0xaedc, 
	0xaedc, 0xaedc, 0xaedc, 0xaedc, 0xaedc, 0xaedc, 0xaedc, 0xaedc, 0xaedc, 0xaedc, 0xaedc, 0xaedc, 0xaedc, 0xaedc, 0xaedc, 0xaedc, 
	0xaedc, 0xaedc, 0xaedc, 0xaedc, 0xaedc, 0xaedc, 0xaedc, 0xaedc, 0xaedc, 0xaedc, 0xaedc, 0xaedc, 0xaedc, 0xaedc, 0xaedc, 0xaedc, 
	0xaedc, 0xaedc, 0xaedc, 0xaedc, 0xaedc, 0xaedc, 0xaedc, 0xaedc, 0xaedc, 0xaedc, 0xaedc, 0xaedc, 0xaedc, 0xaedc, 0xaedc, 0xaedc, 
	0xaedc, 0xaedc, 0xaedc, 0xaedc, 0xaedc, 0xaedc, 0xaedc, 0xaedc, 0xaedc, 0xaedc, 0xaedc, 0xaedc, 0xaedc, 0xaedc, 0xaedc, 0xaedc, 
	0xaedc, 0xaedc, 0xaedc, 0xaedc, 0xaedc, 0xaedc, 0xaedc, 0xaedc, 0xaedc, 0xaedc, 0xaedc, 0xaedc, 0xaedc, 0xaedc, 0xaedc, 0xaedc, 
	0xaedc, 0xaedc, 0xaedc, 0xaedc, 0xaedc, 0xaedc, 0xaedc, 0xaedc, 0xaedc, 0xaedc, 0xaedc, 0xaedc, 0xaedc, 0xaedc, 0xaedc, 0xaedc, 
	0xaedc, 0xaedc, 0xaedc, 0xaedc, 0xaedc, 0xaedc, 0xaedc, 0xaedc, 0xaedc, 0xaedc, 0xaedc, 0xaedc, 0xaedc, 0xaedc, 0xaedc, 0xaedc, 
	0xaedc, 0xaedc, 0xaedc, 0xaedc, 0xaedc, 0xaedc, 0xaedc, 0xaedc, 0xaedc, 0xaedc, 0xaedc, 0xaedc, 0xaedc, 0xaedc, 0xaedc, 0xaedc, 
	0xaedc, 0xaedc, 0xaedc, 0xaedc, 0xaedc, 0xaedc, 0xaedc, 0xaedc, 0xaedc, 0xaedc, 0xaedc, 0xaedc, 0xaedc, 0xaedc, 0xaedc, 0xaedc, 
	0xaedc, 0xaedc, 0xaedc, 0xaedc, 0xaedc, 0xaedc, 0xaedc, 0xaedc, 0xaedc, 0xaedc, 0xaedc, 0xaedc, 0xaedc, 0xaedc, 0xaedc, 0xaedc, 
	0xaedc, 0xaedc, 0xaedc, 0xaedc, 0xaedc, 0xaedc, 0xaedc, 0xaedc, 0xaedc, 0xaedc, 0xaedc, 0xaedc, 0xaedc, 0xaedc, 0xaedc, 0xaedc, 
	0xaedc, 0xaedc, 0xaedc, 0xaedc, 0xaedc, 0xaedc, 0xaedc, 0xaedc, 0xaedc, 0xaedc, 0xaedc, 0xaedc, 0xaedc, 0xaedc, 0xaedc, 0xaedc, 
	0xaedc, 0xaedc, 0xaedc, 0xaedc, 0xaedc, 0xaedc, 0xaedc, 0xaedc, 0xaedc, 0xaedc, 0xaedc, 0xaedc, 0xaedc, 0xaedc, 0xaedc, 0xaedc, 
	0xaedc, 0xaedc, 0xaedc, 0xaedc, 0xaedc, 0xaedc, 0xaedc, 0xaedc, 0xaedc, 0xaedc, 0xaedc, 0xaedc, 0xaedc, 0xaedc, 0xaedc, 0xaedc, 
	0xaedc, 0xaedc, 0xaedc, 0xaedc, 0xaedc, 0xaedc, 0xaedc, 0xaedc, 0xaedc, 0xaedc, 0xaedc, 0xaedc, 0xaedc, 0xaedc, 0xaedc, 0xaedc, 
	0xaedc, 0xaedc, 0xaedc, 0xaedc, 0xaedc, 0xaedc, 0xaedc, 0xaedc, 0xaedc, 0xaedc, 0xaedc, 0xaedc, 0xaedc, 0xaedc, 0xaedc, 0xaedc, 
	0xaedc, 0xaedc, 0xaedc, 0xaedc, 0xaedc, 0xaedc, 0xaedc, 0xaedc, 0xaedc, 0xaedc, 0xaedc, 0xaedc, 0xaedc, 0xaedc, 0xaedc, 0xaedc, 
	0xaedc, 0xaedc, 0xaedc, 0xaedc, 0xaedc, 0xaedc, 0xaedc, 0xaedc, 0xaedc, 0xaedc, 0xaedc, 0xaedc, 0xaedc, 0xaedc, 0xaedc, 0xaedc, 
	0xaedc, 0xaedc, 0xaedc, 0xaedc, 0xaedc, 0xaedc, 0xaedc, 0xaedc, 0xaedc, 0xaedc, 0xaedc, 0xaedc, 0xaedc, 0xaedc, 0xaedc, 0xaedc, 
	0xaedc, 0xaedc, 0xaedc, 0xaedc, 0xaedc, 0xaedc, 0xaedc, 0xaedc, 0xaedc, 0xaedc, 0xaedc, 0xaedc, 0xaedc, 0xaedc, 0xaedc, 0xaedc, 
	0xaedc, 0xaedc, 0xaedc, 0xaedc, 0xaedc, 0xaedc, 0xaedc, 0xaedc, 0xaedc, 0xaedc, 0xaedc, 0xaedc, 0xaedc, 0xaedc, 0xaedc, 0xaedc, 
	0xaedc, 0xaedc, 0xaedc, 0xaedc, 0xaedc, 0xaedc, 0xaedc, 0xaedc, 0xaedc, 0xaedc, 0xaedc, 0xaedc, 0xaedc, 0xaedc, 0xaedc, 0xaedc, 
	0xaedc, 0xaedc, 0xaedc, 0xaedc, 0xaedc, 0xaedc, 0xaedc, 0xaedc, 0xaedc, 0xaedc, 0xaedc, 0xaedc, 0xaedc, 0xaedc, 0xaedc, 0xaedc, 
	0xaedc, 0xaedc, 0xaedc, 0xaedc, 0xaedc, 0xaedc, 0xaedc, 0xaedc, 0xaedc, 0xaedc, 0xaedc, 0xaedc, 0xaedc, 0xaedc, 0xaedc, 0xaedc, 
	0xaedc, 0xaedc, 0xaedc, 0xaedc, 0xaedc, 0xaedc, 0xaedc, 0xaedc, 0xaedc, 0xaedc, 0xaedc, 0xaedc, 0xaedc, 0xaedc, 0xaedc, 0xaedc, 
	0xaedc, 0xaedc, 0xaedc, 0xaedc, 0xaedc, 0xaedc, 0xaedc, 0xaedc, 0xaedc, 0xaedc, 0xaedc, 0xaedc, 0xaedc, 0xaedc, 0xaedc, 0xaedc, 
	0xaedc, 0xaedc, 0xaedc, 0xaedc, 0xaedc, 0xaedc, 0xaedc, 0xaedc, 0xaedc, 0xaedc, 0xaedc, 0xaedc, 0xaedc, 0xaedc, 0xaedc, 0xaedc, 
	0xaedc, 0xaedc, 0xaedc, 0xaedc, 0xaedc, 0xaedc, 0xaedc, 0xaedc, 0xaedc, 0xaedc, 0xaedc, 0xaedc, 0xaedc, 0xaedc, 0xaedc, 0xaedc, 
	0xaedc, 0xaedc, 0xaedc, 0xaedc, 0xaedc, 0xaedc, 0xaedc, 0xaedc, 0xaedc, 0xaedc, 0xaedc, 0xaedc, 0xaedc, 0xaedc, 0xaedc, 0xaedc, 
	0xaedc, 0xaedc, 0xaedc, 0xaedc, 0xaedc, 0xaedc, 0xaedc, 0xaedc, 0xaedc, 0xaedc, 0xaedc, 0xaedc, 0xaedc, 0xaedc, 0xaedc, 0xaedc, 
	0xaedc, 0xaedc, 0xaedc, 0xaedc, 0xaedc, 0xaedc, 0xaedc, 0xaedc, 0xaedc, 0xaedc, 0xaedc, 0xaedc, 0xaedc, 0xaedc, 0xaedc, 0xaedc, 
	0xaedc, 0xaedc, 0xaedc, 0xaedc, 0xaedc, 0xaedc, 0xaedc, 0xaedc, 0xaedc, 0xaedc, 0xaedc, 0xaedc, 0xaedc, 0xaedc, 0xaedc, 0xaedc, 
	0xaedc, 0xaedc, 0xaedc, 0xaedc, 0xaedc, 0xaedc, 0xaedc, 0xaedc, 0xaedc, 0xaedc, 0xaedc, 0xaedc, 0xaedc, 0xaedc, 0xaedc, 0xaedc, 
	0xaedc, 0xaedc, 0xaedc, 0xaedc, 0xaedc, 0xaedc, 0xaedc, 0xaedc, 0xaedc, 0xaedc, 0xaedc, 0xaedc, 0xaedc, 0xaedc, 0xaedc, 0xaedc, 
	0xaedc, 0xaedc, 0xaedc, 0xaedc, 0xaedc, 0xaedc, 0xaedc, 0xaedc, 0xaedc, 0xaedc, 0xaedc, 0xaedc, 0xaedc, 0xaedc, 0xaedc, 0xaedc, 
	0xaedc, 0xaedc, 0xaedc, 0xaedc, 0xaedc, 0xaedc, 0xaedc, 0xaedc, 0xaedc, 0xaedc, 0xaedc, 0xaedc, 0xaedc, 0xaedc, 0xaedc, 0xaedc, 
	0xaedc, 0xaedc, 0xaedc, 0xaedc, 0xaedc, 0xaedc, 0xaedc, 0xaedc, 0xaedc, 0xaedc, 0xaedc, 0xaedc, 0xaedc, 0xaedc, 0xaedc, 0xaedc, 
	0xaedc, 0xaedc, 0xaedc, 0xaedc, 0xaedc, 0xaedc, 0xaedc, 0xaedc, 0xaedc, 0xaedc, 0xaedc, 0xaedc, 0xaedc, 0xaedc, 0xaedc, 0xaedc, 
	0xaedc, 0xaedc, 0xaedc, 0xaedc, 0xaedc, 0xaedc, 0xaedc, 0xaedc, 0xaedc, 0xaedc, 0xaedc, 0xaedc, 0xaedc, 0xaedc, 0xaedc, 0xaedc, 
	0xaedc, 0xaedc, 0xaedc, 0xaedc, 0xaedc, 0xaedc, 0xaedc, 0xaedc, 0xaedc, 0xaedc, 0xaedc, 0xaedc, 0xaedc, 0xaedc, 0xaedc, 0xaedc, 
	0xaedc, 0xaedc, 0xaedc, 0xaedc, 0xaedc, 0xaedc, 0xaedc, 0xaedc, 0xaedc, 0xaedc, 0xaedc, 0xaedc, 0xaedc, 0xaedc, 0xaedc, 0xaedc, 
	0xaedc, 0xaedc, 0xaedc, 0xaedc, 0xaedc, 0xaedc, 0xaedc, 0xaedc, 0xaedc, 0xaedc, 0xaedc, 0xaedc, 0xaedc, 0xaedc, 0xaedc, 0xaedc, 
	0xaedc, 0xaedc, 0xaedc, 0xaedc, 0xaedc, 0xaedc, 0xaedc, 0xaedc, 0xaedc, 0xaedc, 0xaedc, 0xaedc, 0xaedc, 0xaedc, 0xaedc, 0xaedc, 
	0xaedc, 0xaedc, 0xaedc, 0xaedc, 0xaedc, 0xaedc, 0xaedc, 0xaedc, 0xaedc, 0xaedc, 0xaedc, 0xaedc, 0xaedc, 0xaedc, 0xaedc, 0xaedc, 
	0xaedc, 0xaedc, 0xaedc, 0xaedc, 0xaedc, 0xaedc, 0xaedc, 0xaedc, 0xaedc, 0xaedc, 0xaedc, 0xaedc, 0xaedc, 0xaedc, 0xaedc, 0xaedc, 
	0xaedc, 0xaedc, 0xaedc, 0xaedc, 0xaedc, 0xaedc, 0xaedc, 0xaedc, 0xaedc, 0xaedc, 0xaedc, 0xaedc, 0xaedc, 0xaedc, 0xaedc, 0xaedc, 
	0xaedc, 0xaedc, 0xaedc, 0xaedc, 0xaedc, 0xaedc, 0xaedc, 0xaedc, 0xaedc, 0xaedc, 0xaedc, 0xaedc, 0xaedc, 0xaedc, 0xaedc, 0xaedc, 
	0xaedc, 0xaedc, 0xaedc, 0xaedc, 0xaedc, 0xaedc, 0xaedc, 0xaedc, 0xaedc, 0xaedc, 0xaedc, 0xaedc, 0xaedc, 0xaedc, 0xaedc, 0xaedc, 
	0xaedc, 0xaedc, 0xaedc, 0xaedc, 0xaedc, 0xaedc, 0xaedc, 0xaedc, 0xaedc, 0xaedc, 0xaedc, 0xaedc, 0xaedc, 0xaedc, 0xaedc, 0xaedc, 
	0xaedc, 0xaedc, 0xaedc, 0xaedc, 0xaedc, 0xaedc, 0xaedc, 0xaedc, 0xaedc, 0xaedc, 0xaedc, 0xaedc, 0xaedc, 0xaedc, 0xaedc, 0xaedc, 
	0xaedc, 0xaedc, 0xaedc, 0xaedc, 0xaedc, 0xaedc, 0xaedc, 0xaedc, 0xaedc, 0xaedc, 0xaedc, 0xaedc, 0xaedc, 0xaedc, 0xaedc, 0xaedc, 
	0xaedc, 0xaedc, 0xaedc, 0xaedc, 0xaedc, 0xaedc, 0xaedc, 0xaedc, 0xaedc, 0xaedc, 0xaedc, 0xaedc, 0xaedc, 0xaedc, 0xaedc, 0xaedc, 
	0xaedc, 0xaedc, 0xaedc, 0xaedc, 0xaedc, 0xaedc, 0xaedc, 0xaedc, 0xaedc, 0xaedc, 0xaedc, 0xaedc, 0xaedc, 0xaedc, 0xaedc, 0xaedc, 
	0xaedc, 0xaedc, 0xaedc, 0xaedc, 0xaedc, 0xaedc, 0xaedc, 0xaedc, 0xaedc, 0xaedc, 0xaedc, 0xaedc, 0xaedc, 0xaedc, 0xaedc, 0xaedc, 
	0xaedc, 0xaedc, 0xaedc, 0xaedc, 0xaedc, 0xaedc, 0xaedc, 0xaedc, 0xaedc, 0xaedc, 0xaedc, 0xaedc, 0xaedc, 0xaedc, 0xaedc, 0xaedc, 
	0xaedc, 0xaedc, 0xaedc, 0xaedc, 0xaedc, 0xaedc, 0xaedc, 0xaedc, 0xaedc, 0xaedc, 0xaedc, 0xaedc, 0xaedc, 0xaedc, 0xaedc, 0xaedc, 
	0xaedc, 0xaedc, 0xaedc, 0xaedc, 0xaedc, 0xaedc, 0xaedc, 0xaedc, 0xaedc, 0xaedc, 0xaedc, 0xaedc, 0xaedc, 0xaedc, 0xaedc, 0xaedc, 
	0xaedc, 0xaedc, 0xaedc, 0xaedc, 0xaedc, 0xaedc, 0xaedc, 0xaedc, 0xaedc, 0xaedc, 0xaedc, 0xaedc, 0xaedc, 0xaedc, 0xaedc, 0xaedc, 
	0xaedc, 0xaedc, 0xaedc, 0xaedc, 0xaedc, 0xaedc, 0xaedc, 0xaedc, 0xaedc, 0xaedc, 0xaedc, 0xaedc, 0xaedc, 0xaedc, 0xaedc, 0xaedc, 
	0xaedc, 0xaedc, 0xaedc, 0xaedc, 0xaedc, 0xaedc, 0xaedc, 0xaedc, 0xaedc, 0xaedc, 0xaedc, 0xaedc, 0xaedc, 0xaedc, 0xaedc, 0xaedc, 
	0xaedc, 0xaedc, 0xaedc, 0xaedc, 0xaedc, 0xaedc, 0xaedc, 0xaedc, 0xaedc, 0xaedc, 0xaedc, 0xaedc, 0xaedc, 0xaedc, 0xaedc, 0xaedc, 
	0xaedc, 0xaedc, 0xaedc, 0xaedc, 0xaedc, 0xaedc, 0xaedc, 0xaedc, 0xaedc, 0xaedc, 0xaedc, 0xaedc, 0xaedc, 0xaedc, 0xaedc, 0xaedc, 
	0xaedc, 0xaedc, 0xaedc, 0xaedc, 0xaedc, 0xaedc, 0xaedc, 0xaedc, 0xaedc, 0xaedc, 0xaedc, 0xaedc, 0xaedc, 0xaedc, 0xaedc, 0xaedc, 
	0xaedc, 0xaedc, 0xaedc, 0xaedc, 0xaedc, 0xaedc, 0xaedc, 0xaedc, 0xaedc, 0xaedc, 0xaedc, 0xaedc, 0xaedc, 0xaedc, 0xaedc, 0xaedc, 
	0xaedc, 0xaedc, 0xaedc, 0xaedc, 0xaedc, 0xaedc, 0xaedc, 0xaedc, 0xaedc, 0xaedc, 0xaedc, 0xaedc, 0xaedc, 0xaedc, 0xaedc, 0xaedc, 
	0xaedc, 0xaedc, 0xaedc, 0xaedc, 0xaedc, 0xaedc, 0xaedc, 0xaedc, 0xaedc, 0xaedc, 0xaedc, 0xaedc, 0xaedc, 0xaedc, 0xaedc, 0xaedc, 
	0xaedc, 0xaedc, 0xaedc, 0xaedc, 0xaedc, 0xaedc, 0xaedc, 0xaedc, 0xaedc, 0xaedc, 0xaedc, 0xaedc, 0xaedc, 0xaedc, 0xaedc, 0xaedc, 
	0xaedc, 0xaedc, 0xaedc, 0xaedc, 0xaedc, 0xaedc, 0xaedc, 0xaedc, 0xaedc, 0xaedc, 0xaedc, 0xaedc, 0xaedc, 0xaedc, 0xaedc, 0xaedc, 
	0xaedc, 0xaedc, 0xaedc, 0xaedc, 0xaedc, 0xaedc, 0xaedc, 0xaedc, 0xaedc, 0xaedc, 0xaedc, 0xaedc, 0xaedc, 0xaedc, 0xaedc, 0xaedc, 
	0xaedc, 0xaedc, 0xaedc, 0xaedc, 0xaedc, 0xaedc, 0xaedc, 0xaedc, 0xaedc, 0xaedc, 0xaedc, 0xaedc, 0xaedc, 0xaedc, 0xaedc, 0xaedc, 
	0xaedc, 0xaedc, 0xaedc, 0xaedc, 0xaedc, 0xaedc, 0xaedc, 0xaedc, 0xaedc, 0xaedc, 0xaedc, 0xaedc, 0xaedc, 0xaedc, 0xaedc, 0xaedc, 
	0xaedc, 0xaedc, 0xaedc, 0xaedc, 0xaedc, 0xaedc, 0xaedc, 0xaedc, 0xaedc, 0xaedc, 0xaedc, 0xaedc, 0xaedc, 0xaedc, 0xaedc, 0xaedc, 
	0xaedc, 0xaedc, 0xaedc, 0xaedc, 0xaedc, 0xaedc, 0xaedc, 0xaedc, 0xaedc, 0xaedc, 0xaedc, 0xaedc, 0xaedc, 0xaedc, 0xaedc, 0xaedc, 
	0xaedc, 0xaedc, 0xaedc, 0xaedc, 0xaedc, 0xaedc, 0xaedc, 0xaedc, 0xaedc, 0xaedc, 0xaedc, 0xaedc, 0xaedc, 0xaedc, 0xaedc, 0xaedc, 
	0xaedc, 0xaedc, 0xaedc, 0xaedc, 0xaedc, 0xaedc, 0xaedc, 0xaedc, 0xaedc, 0xaedc, 0xaedc, 0xaedc, 0xaedc, 0xaedc, 0xaedc, 0xaedc, 
	0xaedc, 0xaedc, 0xaedc, 0xaedc, 0xaedc, 0xaedc, 0xaedc, 0xaedc, 0xaedc, 0xaedc, 0xaedc, 0xaedc, 0xaedc, 0xaedc, 0xaedc, 0xaedc, 
	0xaedc, 0xaedc, 0xaedc, 0xaedc, 0xaedc, 0xaedc, 0xaedc, 0xaedc, 0xaedc, 0xaedc, 0xaedc, 0xaedc, 0xaedc, 0xaedc, 0xaedc, 0xaedc, 
	0xaedc, 0xaedc, 0xaedc, 0xaedc, 0xaedc, 0xaedc, 0xaedc, 0xaedc, 0xaedc, 0xaedc, 0xaedc, 0xaedc, 0xaedc, 0xaedc, 0xaedc, 0xaedc, 
	0xaedc, 0xaedc, 0xaedc, 0xaedc, 0xaedc, 0xaedc, 0xaedc, 0xaedc, 0xaedc, 0xaedc, 0xaedc, 0xaedc, 0xaedc, 0xaedc, 0xaedc, 0xaedc, 
	0xaedc, 0xaedc, 0xaedc, 0xaedc, 0xaedc, 0xaedc, 0xaedc, 0xaedc, 0xaedc, 0xaedc, 0xaedc, 0xaedc, 0xaedc, 0xaedc, 0xaedc, 0xaedc, 
	0xaedc, 0xaedc, 0xaedc, 0xaedc, 0xaedc, 0xaedc, 0xaedc, 0xaedc, 0xaedc, 0xaedc, 0xaedc, 0xaedc, 0xaedc, 0xaedc, 0xaedc, 0xaedc, 
	0xaedc, 0xaedc, 0xaedc, 0xaedc, 0xaedc, 0xaedc, 0xaedc, 0xaedc, 0xaedc, 0xaedc, 0xaedc, 0xaedc, 0xaedc, 0xaedc, 0xaedc, 0xaedc, 
	0xaedc, 0xaedc, 0xaedc, 0xaedc, 0xaedc, 0xaedc, 0xaedc, 0xaedc, 0xaedc, 0xaedc, 0xaedc, 0xaedc, 0xaedc, 0xaedc, 0xaedc, 0xaedc, 
	0xaedc, 0xaedc, 0xaedc, 0xaedc, 0xaedc, 0xaedc, 0xaedc, 0xaedc, 0xaedc, 0xaedc, 0xaedc, 0xaedc, 0xaedc, 0xaedc, 0xaedc, 0xaedc, 
	0xaedc, 0xaedc, 0xaedc, 0xaedc, 0xaedc, 0xaedc, 0xaedc, 0xaedc, 0xaedc, 0xaedc, 0xaedc, 0xaedc, 0xaedc, 0xaedc, 0xaedc, 0xaedc, 
	0xaedc, 0xaedc, 0xaedc, 0xaedc, 0xaedc, 0xaedc, 0xaedc, 0xaedc, 0xaedc, 0xaedc, 0xaedc, 0xaedc, 0xaedc, 0xaedc, 0xaedc, 0xaedc, 
	0xaedc, 0xaedc, 0xaedc, 0xaedc, 0xaedc, 0xaedc, 0xaedc, 0xaedc, 0xaedc, 0xaedc, 0xaedc, 0xaedc, 0xaedc, 0xaedc, 0xaedc, 0xaedc, 
	0xaedc, 0xaedc, 0xaedc, 0xaedc, 0xaedc, 0xaedc, 0xaedc, 0xaedc, 0xaedc, 0xaedc, 0xaedc, 0xaedc, 0xaedc, 0xaedc, 0xaedc, 0xaedc, 
	0xaedc, 0xaedc, 0xaedc, 0xaedc, 0xaedc, 0xaedc, 0xaedc, 0xaedc, 0xaedc, 0xaedc, 0xaedc, 0xaedc, 0xaedc, 0xaedc, 0xaedc, 0xaedc, 
	0xaedc, 0xaedc, 0xaedc, 0xaedc, 0xaedc, 0xaedc, 0xaedc, 0xaedc, 0xaedc, 0xaedc, 0xaedc, 0xaedc, 0xaedc, 0xaedc, 0xaedc, 0xaedc, 
	0xaedc, 0xaedc, 0xaedc, 0xaedc, 0xaedc, 0xaedc, 0xaedc, 0xaedc, 0xaedc, 0xaedc, 0xaedc, 0xaedc, 0xaedc, 0xaedc, 0xaedc, 0xaedc, 
	0xaedc, 0xaedc, 0xaedc, 0xaedc, 0xaedc, 0xaedc, 0xaedc, 0xaedc, 0xaedc, 0xaedc, 0xaedc, 0xaedc, 0xaedc, 0xaedc, 0xaedc, 0xaedc, 
	0xaedc, 0xaedc, 0xaedc, 0xaedc, 0xaedc, 0xaedc, 0xaedc, 0xaedc, 0xaedc, 0xaedc, 0xaedc, 0xaedc, 0xaedc, 0xaedc, 0xaedc, 0xaedc, 
	0xaedc, 0xaedc, 0xaedc, 0xaedc, 0xaedc, 0xaedc, 0xaedc, 0xaedc, 0xaedc, 0xaedc, 0xaedc, 0xaedc, 0xaedc, 0xaedc, 0xaedc, 0xaedc, 
	0xaedc, 0xaedc, 0xaedc, 0xaedc, 0xaedc, 0xaedc, 0xaedc, 0xaedc, 0xaedc, 0xaedc, 0xaedc, 0xaedc, 0xaedc, 0xaedc, 0xaedc, 0xaedc, 
	0xaedc, 0xaedc, 0xaedc, 0xaedc, 0xaedc, 0xaedc, 0xaedc, 0xaedc, 0xaedc, 0xaedc, 0xaedc, 0xaedc, 0xaedc, 0xaedc, 0xaedc, 0xaedc, 
	0xaedc, 0xaedc, 0xaedc, 0xaedc, 0xaedc, 0xaedc, 0xaedc, 0xaedc, 0xaedc, 0xaedc, 0xaedc, 0xaedc, 0xaedc, 0xaedc, 0xaedc, 0xaedc, 
	0xaedc, 0xaedc, 0xaedc, 0xaedc, 0xaedc, 0xaedc, 0xaedc, 0xaedc, 0xaedc, 0xaedc, 0xaedc, 0xaedc, 0xaedc, 0xaedc, 0xaedc, 0xaedc, 
	0xaedc, 0xaedc, 0xaedc, 0xaedc, 0xaedc, 0xaedc, 0xaedc, 0xaedc, 0xaedc, 0xaedc, 0xaedc, 0xaedc, 0xaedc, 0xaedc, 0xaedc, 0xaedc, 
	0xaedc, 0xaedc, 0xaedc, 0xaedc, 0xaedc, 0xaedc, 0xaedc, 0xaedc, 0xaedc, 0xaedc, 0xaedc, 0xaedc, 0xaedc, 0xaedc, 0xaedc, 0xaedc, 
	0xaedc, 0xaedc, 0xaedc, 0xaedc, 0xaedc, 0xaedc, 0xaedc, 0xaedc, 0xaedc, 0xaedc, 0xaedc, 0xaedc, 0xaedc, 0xaedc, 0xaedc, 0xaedc, 
	0xaedc, 0xaedc, 0xaedc, 0xaedc, 0xaedc, 0xaedc, 0xaedc, 0xaedc, 0xaedc, 0xaedc, 0xaedc, 0xaedc, 0xaedc, 0xaedc, 0xaedc, 0xaedc, 
	0xaedc, 0xaedc, 0xaedc, 0xaedc, 0xaedc, 0xaedc, 0xaedc, 0xaedc, 0xaedc, 0xaedc, 0xaedc, 0xaedc, 0xaedc, 0xaedc, 0xaedc, 0xaedc, 
	0xaedc, 0xaedc, 0xaedc, 0xaedc, 0xaedc, 0xaedc, 0xaedc, 0xaedc, 0xaedc, 0xaedc, 0xaedc, 0xaedc, 0xaedc, 0xaedc, 0xaedc, 0xaedc, 
	0xaedc, 0xaedc, 0xaedc, 0xaedc, 0xaedc, 0xaedc, 0xaedc, 0xaedc, 0xaedc, 0xaedc, 0xaedc, 0xaedc, 0xaedc, 0xaedc, 0xaedc, 0xaedc, 
	0xaedc, 0xaedc, 0xaedc, 0xaedc, 0xaedc, 0xaedc, 0xaedc, 0xaedc, 0xaedc, 0xaedc, 0xaedc, 0xaedc, 0xaedc, 0xaedc, 0xaedc, 0xaedc, 
	0xaedc, 0xaedc, 0xaedc, 0xaedc, 0xaedc, 0xaedc, 0xaedc, 0xaedc, 0xaedc, 0xaedc, 0xaedc, 0xaedc, 0xaedc, 0xaedc, 0xaedc, 0xaedc, 
	0xaedc, 0xaedc, 0xaedc, 0xaedc, 0xaedc, 0xaedc, 0xaedc, 0xaedc, 0xaedc, 0xaedc, 0xaedc, 0xaedc, 0xaedc, 0xaedc, 0xaedc, 0xaedc, 
	0xaedc, 0xaedc, 0xaedc, 0xaedc, 0xaedc, 0xaedc, 0xaedc, 0xaedc, 0xaedc, 0xaedc, 0xaedc, 0xaedc, 0xaedc, 0xaedc, 0xaedc, 0xaedc, 
	0xaedc, 0xaedc, 0xaedc, 0xaedc, 0xaedc, 0xaedc, 0xaedc, 0xaedc, 0xaedc, 0xaedc, 0xaedc, 0xaedc, 0xaedc, 0xaedc, 0xaedc, 0xaedc, 
	0xaedc, 0xaedc, 0xaedc, 0xaedc, 0xaedc, 0xaedc, 0xaedc, 0xaedc, 0xaedc, 0xaedc, 0xaedc, 0xaedc, 0xaedc, 0xaedc, 0xaedc, 0xaedc, 
	0xaedc, 0xaedc, 0xaedc, 0xaedc, 0xaedc, 0xaedc, 0xaedc, 0xaedc, 0xaedc, 0xaedc, 0xaedc, 0xaedc, 0xaedc, 0xaedc, 0xaedc, 0xaedc, 
	0xaedc, 0xaedc, 0xaedc, 0xaedc, 0xaedc, 0xaedc, 0xaedc, 0xaedc, 0xaedc, 0xaedc, 0xaedc, 0xaedc, 0xaedc, 0xaedc, 0xaedc, 0xaedc, 
	0xaedc, 0xaedc, 0xaedc, 0xaedc, 0xaedc, 0xaedc, 0xaedc, 0xaedc, 0xaedc, 0xaedc, 0xaedc, 0xaedc, 0xaedc, 0xaedc, 0xaedc, 0xaedc, 
	0xaedc, 0xaedc, 0xaedc, 0xaedc, 0xaedc, 0xaedc, 0xaedc, 0xaedc, 0xaedc, 0xaedc, 0xaedc, 0xaedc, 0xaedc, 0xaedc, 0xaedc, 0xaedc, 
	0xaedc, 0xaedc, 0xaedc, 0xaedc, 0xaedc, 0xaedc, 0xaedc, 0xaedc, 0xaedc, 0xaedc, 0xaedc, 0xaedc, 0xaedc, 0xaedc, 0xaedc, 0xaedc, 
	0xaedc, 0xaedc, 0xaedc, 0xaedc, 0xaedc, 0xaedc, 0xaedc, 0xaedc, 0xaedc, 0xaedc, 0xaedc, 0xaedc, 0xaedc, 0xaedc, 0xaedc, 0xaedc, 
	0xaedc, 0xaedc, 0xaedc, 0xaedc, 0xaedc, 0xaedc, 0xaedc, 0xaedc, 0xaedc, 0xaedc, 0xaedc, 0xaedc, 0xaedc, 0xaedc, 0xaedc, 0xaedc, 
	0xaedc, 0xaedc, 0xaedc, 0xaedc, 0xaedc, 0xaedc, 0xaedc, 0xaedc, 0xaedc, 0xaedc, 0xaedc, 0xaedc, 0xaedc, 0xaedc, 0xaedc, 0xaedc, 
	0xaedc, 0xaedc, 0xaedc, 0xaedc, 0xaedc, 0xaedc, 0xaedc, 0xaedc, 0xaedc, 0xaedc, 0xaedc, 0xaedc, 0xaedc, 0xaedc, 0xaedc, 0xaedc, 
	0xaedc, 0xaedc, 0xaedc, 0xaedc, 0xaedc, 0xaedc, 0xaedc, 0xaedc, 0xaedc, 0xaedc, 0xaedc, 0xaedc, 0xaedc, 0xaedc, 0xaedc, 0xaedc, 
	0xaedc, 0xaedc, 0xaedc, 0xaedc, 0xaedc, 0xaedc, 0xaedc, 0xaedc, 0xaedc, 0xaedc, 0xaedc, 0xaedc, 0xaedc, 0xaedc, 0xaedc, 0xaedc, 
	0xaedc, 0xaedc, 0xaedc, 0xaedc, 0xaedc, 0xaedc, 0xaedc, 0xaedc, 0xaedc, 0xaedc, 0xaedc, 0xaedc, 0xaedc, 0xaedc, 0xaedc, 0xaedc, 
	0xaedc, 0xaedc, 0xaedc, 0xaedc, 0xaedc, 0xaedc, 0xaedc, 0xaedc, 0xaedc, 0xaedc, 0xaedc, 0xaedc, 0xaedc, 0xaedc, 0xaedc, 0xaedc, 
	0xaedc, 0xaedc, 0xaedc, 0xaedc, 0xaedc, 0xaedc, 0xaedc, 0xaedc, 0xaedc, 0xaedc, 0xaedc, 0xaedc, 0xaedc, 0xaedc, 0xaedc, 0xaedc, 
	0xaedc, 0xaedc, 0xaedc, 0xaedc, 0xaedc, 0xaedc, 0xaedc, 0xaedc, 0xaedc, 0xaedc, 0xaedc, 0xaedc, 0xaedc, 0xaedc, 0xaedc, 0xaedc, 
	0xaedc, 0xaedc, 0xaedc, 0xaedc, 0xaedc, 0xaedc, 0xaedc, 0xaedc, 0xaedc, 0xaedc, 0xaedc, 0xaedc, 0xaedc, 0xaedc, 0xaedc, 0xaedc, 
	0xaedc, 0xaedc, 0xaedc, 0xaedc, 0xaedc, 0xaedc, 0xaedc, 0xaedc, 0xaedc, 0xaedc, 0xaedc, 0xaedc, 0xaedc, 0xaedc, 0xaedc, 0xaedc, 
	0xaedc, 0xaedc, 0xaedc, 0xaedc, 0xaedc, 0xaedc, 0xaedc, 0xaedc, 0xaedc, 0xaedc, 0xaedc, 0xaedc, 0xaedc, 0xaedc, 0xaedc, 0xaedc, 
	0xaedc, 0xaedc, 0xaedc, 0xaedc, 0xaedc, 0xaedc, 0xaedc, 0xaedc, 0xaedc, 0xaedc, 0xaedc, 0xaedc, 0xaedc, 0xaedc, 0xaedc, 0xaedc, 
	0xaedc, 0xaedc, 0xaedc, 0xaedc, 0xaedc, 0xaedc, 0xaedc, 0xaedc, 0xaedc, 0xaedc, 0xaedc, 0xaedc, 0xaedc, 0xaedc, 0xaedc, 0xaedc, 
	0xaedc, 0xaedc, 0xaedc, 0xaedc, 0xaedc, 0xaedc, 0xaedc, 0xaedc, 0xaedc, 0xaedc, 0xaedc, 0xaedc, 0xaedc, 0xaedc, 0xaedc, 0xaedc, 
	0xaedc, 0xaedc, 0xaedc, 0xaedc, 0xaedc, 0xaedc, 0xaedc, 0xaedc, 0xaedc, 0xaedc, 0xaedc, 0xaedc, 0xaedc, 0xaedc, 0xaedc, 0xaedc, 
	0xaedc, 0xaedc, 0xaedc, 0xaedc, 0xaedc, 0xaedc, 0xaedc, 0xaedc, 0xaedc, 0xaedc, 0xaedc, 0xaedc, 0xaedc, 0xaedc, 0xaedc, 0xaedc, 
	0xaedc, 0xaedc, 0xaedc, 0xaedc, 0xaedc, 0xaedc, 0xaedc, 0xaedc, 0xaedc, 0xaedc, 0xaedc, 0xaedc, 0xaedc, 0xaedc, 0xaedc, 0xaedc, 
	0xaedc, 0xaedc, 0xaedc, 0xaedc, 0xaedc, 0xaedc, 0xaedc, 0xaedc, 0xaedc, 0xaedc, 0xaedc, 0xaedc, 0xaedc, 0xaedc, 0xaedc, 0xaedc, 
	0xaedc, 0xaedc, 0xaedc, 0xaedc, 0xaedc, 0xaedc, 0xaedc, 0xaedc, 0xaedc, 0xaedc, 0xaedc, 0xaedc, 0xaedc, 0xaedc, 0xaedc, 0xaedc, 
	0xaedc, 0xaedc, 0xaedc, 0xaedc, 0xaedc, 0xaedc, 0xaedc, 0xaedc, 0xaedc, 0xaedc, 0xaedc, 0xaedc, 0xaedc, 0xaedc, 0xaedc, 0xaedc, 
	0xaedc, 0xaedc, 0xaedc, 0xaedc, 0xaedc, 0xaedc, 0xaedc, 0xaedc, 0xaedc, 0xaedc, 0xaedc, 0xaedc, 0xaedc, 0xaedc, 0xaedc, 0xaedc, 
	0xaedc, 0xaedc, 0xaedc, 0xaedc, 0xaedc, 0xaedc, 0xaedc, 0xaedc, 0xaedc, 0xaedc, 0xaedc, 0xaedc, 0xaedc, 0xaedc, 0xaedc, 0xaedc, 
	0xaedc, 0xaedc, 0xaedc, 0xaedc, 0xaedc, 0xaedc, 0xaedc, 0xaedc, 0xaedc, 0xaedc, 0xaedc, 0xaedc, 0xaedc, 0xaedc, 0xaedc, 0xaedc, 
	0xaedc, 0xaedc, 0xaedc, 0xaedc, 0xaedc, 0xaedc, 0xaedc, 0xaedc, 0xaedc, 0xaedc, 0xaedc, 0xaedc, 0xaedc, 0xaedc, 0xaedc, 0xaedc, 
	0xaedc, 0xaedc, 0xaedc, 0xaedc, 0xaedc, 0xaedc, 0xaedc, 0xaedc, 0xaedc, 0xaedc, 0xaedc, 0xaedc, 0xaedc, 0xaedc, 0xaedc, 0xaedc, 
	0xaedc, 0xaedc, 0xaedc, 0xaedc, 0xaedc, 0xaedc, 0xaedc, 0xaedc, 0xaedc, 0xaedc, 0xaedc, 0xaedc, 0xaedc, 0xaedc, 0xaedc, 0xaedc, 
	0xaedc, 0xaedc, 0xaedc, 0xaedc, 0xaedc, 0xaedc, 0xaedc, 0xaedc, 0xaedc, 0xaedc, 0xaedc, 0xaedc, 0xaedc, 0xaedc, 0xaedc, 0xaedc, 
	0xaedc, 0xaedc, 0xaedc, 0xaedc, 0xaedc, 0xaedc, 0xaedc, 0xaedc, 0xaedc, 0xaedc, 0xaedc, 0xaedc, 0xaedc, 0xaedc, 0xaedc, 0xaedc, 
	0xaedc, 0xaedc, 0xaedc, 0xaedc, 0xaedc, 0xaedc, 0xaedc, 0xaedc, 0xaedc, 0xaedc, 0xaedc, 0xaedc, 0xaedc, 0xaedc, 0xaedc, 0xaedc, 
	0xaedc, 0xaedc, 0xaedc, 0xaedc, 0xaedc, 0xaedc, 0xaedc, 0xaedc, 0xaedc, 0xaedc, 0xaedc, 0xaedc, 0xaedc, 0xaedc, 0xaedc, 0xaedc, 
	0xaedc, 0xaedc, 0xaedc, 0xaedc, 0xaedc, 0xaedc, 0xaedc, 0xaedc, 0xaedc, 0xaedc, 0xaedc, 0xaedc, 0xaedc, 0xaedc, 0xaedc, 0xaedc, 
	0xaedc, 0xaedc, 0xaedc, 0xaedc, 0xaedc, 0xaedc, 0xaedc, 0xaedc, 0xaedc, 0xaedc, 0xaedc, 0xaedc, 0xaedc, 0xaedc, 0xaedc, 0xaedc, 
	0xaedc, 0xaedc, 0xaedc, 0xaedc, 0xaedc, 0xaedc, 0xaedc, 0xaedc, 0xaedc, 0xaedc, 0xaedc, 0xaedc, 0xaedc, 0xaedc, 0xaedc, 0xaedc, 
	0xaedc, 0xaedc, 0xaedc, 0xaedc, 0xaedc, 0xaedc, 0xaedc, 0xaedc, 0xaedc, 0xaedc, 0xaedc, 0xaedc, 0xaedc, 0xaedc, 0xaedc, 0xaedc, 
	0xaedc, 0xaedc, 0xaedc, 0xaedc, 0xaedc, 0xaedc, 0xaedc, 0xaedc, 0xaedc, 0xaedc, 0xaedc, 0xaedc, 0xaedc, 0xaedc, 0xaedc, 0xaedc, 
	0xaedc, 0xaedc, 0xaedc, 0xaedc, 0xaedc, 0xaedc, 0xaedc, 0xaedc, 0xaedc, 0xaedc, 0xaedc, 0xaedc, 0xaedc, 0xaedc, 0xaedc, 0xaedc, 
	0xaedc, 0xaedc, 0xaedc, 0xaedc, 0xaedc, 0xaedc, 0xaedc, 0xaedc, 0xaedc, 0xaedc, 0xaedc, 0xaedc, 0xaedc, 0xaedc, 0xaedc, 0xaedc, 
	0xaedc, 0xaedc, 0xaedc, 0xaedc, 0xaedc, 0xaedc, 0xaedc, 0xaedc, 0xaedc, 0xaedc, 0xaedc, 0xaedc, 0xaedc, 0xaedc, 0xaedc, 0xaedc, 
	0xaedc, 0xaedc, 0xaedc, 0xaedc, 0xaedc, 0xaedc, 0xaedc, 0xaedc, 0xaedc, 0xaedc, 0xaedc, 0xaedc, 0xaedc, 0xaedc, 0xaedc, 0xaedc, 
	0xaedc, 0xaedc, 0xaedc, 0xaedc, 0xaedc, 0xaedc, 0xaedc, 0xaedc, 0xaedc, 0xaedc, 0xaedc, 0xaedc, 0xaedc, 0xaedc, 0xaedc, 0xaedc, 
	0xaedc, 0xaedc, 0xaedc, 0xaedc, 0xaedc, 0xaedc, 0xaedc, 0xaedc, 0xaedc, 0xaedc, 0xaedc, 0xaedc, 0xaedc, 0xaedc, 0xaedc, 0xaedc, 
	0xaedc, 0xaedc, 0xaedc, 0xaedc, 0xaedc, 0xaedc, 0xaedc, 0xaedc, 0xaedc, 0xaedc, 0xaedc, 0xaedc, 0xaedc, 0xaedc, 0xaedc, 0xaedc, 
	0xaedc, 0xaedc, 0xaedc, 0xaedc, 0xaedc, 0xaedc, 0xaedc, 0xaedc, 0xaedc, 0xaedc, 0xaedc, 0xaedc, 0xaedc, 0xaedc, 0xaedc, 0xaedc, 
	0xaedc, 0xaedc, 0xaedc, 0xaedc, 0xaedc, 0xaedc, 0xaedc, 0xaedc, 0xaedc, 0xaedc, 0xaedc, 0xaedc, 0xaedc, 0xaedc, 0xaedc, 0xaedc, 
	0xaedc, 0xaedc, 0xaedc, 0xaedc, 0xaedc, 0xaedc, 0xaedc, 0xaedc, 0xaedc, 0xaedc, 0xaedc, 0xaedc, 0xaedc, 0xaedc, 0xaedc, 0xaedc, 
	0xaedc, 0xaedc, 0xaedc, 0xaedc, 0xaedc, 0xaedc, 0xaedc, 0xaedc, 0xaedc, 0xaedc, 0xaedc, 0xaedc, 0xaedc, 0xaedc, 0xaedc, 0xaedc, 
	0xaedc, 0xaedc, 0xaedc, 0xaedc, 0xaedc, 0xaedc, 0xaedc, 0xaedc, 0xaedc, 0xaedc, 0xaedc, 0xaedc, 0xaedc, 0xaedc, 0xaedc, 0xaedc, 
	0xaedc, 0xaedc, 0xaedc, 0xaedc, 0xaedc, 0xaedc, 0xaedc, 0xaedc, 0xaedc, 0xaedc, 0xaedc, 0xaedc, 0xaedc, 0xaedc, 0xaedc, 0xaedc, 
	0xaedc, 0xaedc, 0xaedc, 0xaedc, 0xaedc, 0xaedc, 0xaedc, 0xaedc, 0xaedc, 0xaedc, 0xaedc, 0xaedc, 0xaedc, 0xaedc, 0xaedc, 0xaedc, 
	0xaedc, 0xaedc, 0xaedc, 0xaedc, 0xaedc, 0xaedc, 0xaedc, 0xaedc, 0xaedc, 0xaedc, 0xaedc, 0xaedc, 0xaedc, 0xaedc, 0xaedc, 0xaedc, 
	0xaedc, 0xaedc, 0xaedc, 0xaedc, 0xaedc, 0xaedc, 0xaedc, 0xaedc, 0xaedc, 0xaedc, 0xaedc, 0xaedc, 0xaedc, 0xaedc, 0xaedc, 0xaedc, 
	0xaedc, 0xaedc, 0xaedc, 0xaedc, 0xaedc, 0xaedc, 0xaedc, 0xaedc, 0xaedc, 0xaedc, 0xaedc, 0xaedc, 0xaedc, 0xaedc, 0xaedc, 0xaedc, 
	0xaedc, 0xaedc, 0xaedc, 0xaedc, 0xaedc, 0xaedc, 0xaedc, 0xaedc, 0xaedc, 0xaedc, 0xaedc, 0xaedc, 0xaedc, 0xaedc, 0xaedc, 0xaedc, 
	0xaedc, 0xaedc, 0xaedc, 0xaedc, 0xaedc, 0xaedc, 0xaedc, 0xaedc, 0xaedc, 0xaedc, 0xaedc, 0xaedc, 0xaedc, 0xaedc, 0xaedc, 0xaedc, 
	0xaedc, 0xaedc, 0xaedc, 0xaedc, 0xaedc, 0xaedc, 0xaedc, 0xaedc, 0xaedc, 0xaedc, 0xaedc, 0xaedc, 0xaedc, 0xaedc, 0xaedc, 0xaedc, 
	0xaedc, 0xaedc, 0xaedc, 0xaedc, 0xaedc, 0xaedc, 0xaedc, 0xaedc, 0xaedc, 0xaedc, 0xaedc, 0xaedc, 0xaedc, 0xaedc, 0xaedc, 0xaedc, 
	0xaedc, 0xaedc, 0xaedc, 0xaedc, 0xaedc, 0xaedc, 0xaedc, 0xaedc, 0xaedc, 0xaedc, 0xaedc, 0xaedc, 0xaedc, 0xaedc, 0xaedc, 0xaedc, 
	0xaedc, 0xaedc, 0xaedc, 0xaedc, 0xaedc, 0xaedc, 0xaedc, 0xaedc, 0xaedc, 0xaedc, 0xaedc, 0xaedc, 0xaedc, 0xaedc, 0xaedc, 0xaedc, 
	0xaedc, 0xaedc, 0xaedc, 0xaedc, 0xaedc, 0xaedc, 0xaedc, 0xaedc, 0xaedc, 0xaedc, 0xaedc, 0xaedc, 0xaedc, 0xaedc, 0xaedc, 0xaedc, 
	0xaedc, 0xaedc, 0xaedc, 0xaedc, 0xaedc, 0xaedc, 0xaedc, 0xaedc, 0xaedc, 0xaedc, 0xaedc, 0xaedc, 0xaedc, 0xaedc, 0xaedc, 0xaedc, 
	0xaedc, 0xaedc, 0xaedc, 0xaedc, 0xaedc, 0xaedc, 0xaedc, 0xaedc, 0xaedc, 0xaedc, 0xaedc, 0xaedc, 0xaedc, 0xaedc, 0xaedc, 0xaedc, 
	0xaedc, 0xaedc, 0xaedc, 0xaedc, 0xaedc, 0xaedc, 0xaedc, 0xaedc, 0xaedc, 0xaedc, 0xaedc, 0xaedc, 0xaedc, 0xaedc, 0xaedc, 0xaedc, 
	0xaedc, 0xaedc, 0xaedc, 0xaedc, 0xaedc, 0xaedc, 0xaedc, 0xaedc, 0xaedc, 0xaedc, 0xaedc, 0xaedc, 0xaedc, 0xaedc, 0xaedc, 0xaedc, 
	0xaedc, 0xaedc, 0xaedc, 0xaedc, 0xaedc, 0xaedc, 0xaedc, 0xaedc, 0xaedc, 0xaedc, 0xaedc, 0xaedc, 0xaedc, 0xaedc, 0xaedc, 0xaedc, 
	0xaedc, 0xaedc, 0xaedc, 0xaedc, 0xaedc, 0xaedc, 0xaedc, 0xaedc, 0xaedc, 0xaedc, 0xaedc, 0xaedc, 0xaedc, 0xaedc, 0xaedc, 0xaedc, 
	0xaedc, 0xaedc, 0xaedc, 0xaedc, 0xaedc, 0xaedc, 0xaedc, 0xaedc, 0xaedc, 0xaedc, 0xaedc, 0xaedc, 0xaedc, 0xaedc, 0xaedc, 0xaedc, 
	0xaedc, 0xaedc, 0xaedc, 0xaedc, 0xaedc, 0xaedc, 0xaedc, 0xaedc, 0xaedc, 0xaedc, 0xaedc, 0xaedc, 0xaedc, 0xaedc, 0xaedc, 0xaedc, 
	0xaedc, 0xaedc, 0xaedc, 0xaedc, 0xaedc, 0xaedc, 0xaedc, 0xaedc, 0xaedc, 0xaedc, 0xaedc, 0xaedc, 0xaedc, 0xaedc, 0xaedc, 0xaedc, 
	0xaedc, 0xaedc, 0xaedc, 0xaedc, 0xaedc, 0xaedc, 0xaedc, 0xaedc, 0xaedc, 0xaedc, 0xaedc, 0xaedc, 0xaedc, 0xaedc, 0xaedc, 0xaedc, 
	0xaedc, 0xaedc, 0xaedc, 0xaedc, 0xaedc, 0xaedc, 0xaedc, 0xaedc, 0xaedc, 0xaedc, 0xaedc, 0xaedc, 0xaedc, 0xaedc, 0xaedc, 0xaedc, 
	0xaedc, 0xaedc, 0xaedc, 0xaedc, 0xaedc, 0xaedc, 0xaedc, 0xaedc, 0xaedc, 0xaedc, 0xaedc, 0xaedc, 0xaedc, 0xaedc, 0xaedc, 0xaedc, 
	0xaedc, 0xaedc, 0xaedc, 0xaedc, 0xaedc, 0xaedc, 0xaedc, 0xaedc, 0xaedc, 0xaedc, 0xaedc, 0xaedc, 0xaedc, 0xaedc, 0xaedc, 0xaedc, 
	0xaedc, 0xaedc, 0xaedc, 0xaedc, 0xaedc, 0xaedc, 0xaedc, 0xaedc, 0xaedc, 0xaedc, 0xaedc, 0xaedc, 0xaedc, 0xaedc, 0xaedc, 0xaedc, 
	0xaedc, 0xaedc, 0xaedc, 0xaedc, 0xaedc, 0xaedc, 0xaedc, 0xaedc, 0xaedc, 0xaedc, 0xaedc, 0xaedc, 0xaedc, 0xaedc, 0xaedc, 0xaedc, 
	0xaedc, 0xaedc, 0xaedc, 0xaedc, 0xaedc, 0xaedc, 0xaedc, 0xaedc, 0xaedc, 0xaedc, 0xaedc, 0xaedc, 0xaedc, 0xaedc, 0xaedc, 0xaedc, 
	0xaedc, 0xaedc, 0xaedc, 0xaedc, 0xaedc, 0xaedc, 0xaedc, 0xaedc, 0xaedc, 0xaedc, 0xaedc, 0xaedc, 0xaedc, 0xaedc, 0xaedc, 0xaedc, 
	0xaedc, 0xaedc, 0xaedc, 0xaedc, 0xaedc, 0xaedc, 0xaedc, 0xaedc, 0xaedc, 0xaedc, 0xaedc, 0xaedc, 0xaedc, 0xaedc, 0xaedc, 0xaedc, 
	0xaedc, 0xaedc, 0xaedc, 0xaedc, 0xaedc, 0xaedc, 0xaedc, 0xaedc, 0xaedc, 0xaedc, 0xaedc, 0xaedc, 0xaedc, 0xaedc, 0xaedc, 0xaedc, 
	0xaedc, 0xaedc, 0xaedc, 0xaedc, 0xaedc, 0xaedc, 0xaedc, 0xaedc, 0xaedc, 0xaedc, 0xaedc, 0xaedc, 0xaedc, 0xaedc, 0xaedc, 0xaedc, 
	0xaedc, 0xaedc, 0xaedc, 0xaedc, 0xaedc, 0xaedc, 0xaedc, 0xaedc, 0xaedc, 0xaedc, 0xaedc, 0xaedc, 0xaedc, 0xaedc, 0xaedc, 0xaedc, 
	0xaedc, 0xaedc, 0xaedc, 0xaedc, 0xaedc, 0xaedc, 0xaedc, 0xaedc, 0xaedc, 0xaedc, 0xaedc, 0xaedc, 0xaedc, 0xaedc, 0xaedc, 0xaedc, 
	0xaedc, 0xaedc, 0xaedc, 0xaedc, 0xaedc, 0xaedc, 0xaedc, 0xaedc, 0xaedc, 0xaedc, 0xaedc, 0xaedc, 0xaedc, 0xaedc, 0xaedc, 0xaedc, 
	0xaedc, 0xaedc, 0xaedc, 0xaedc, 0xaedc, 0xaedc, 0xaedc, 0xaedc, 0xaedc, 0xaedc, 0xaedc, 0xaedc, 0xaedc, 0xaedc, 0xaedc, 0xaedc, 
	0xaedc, 0xaedc, 0xaedc, 0xaedc, 0xaedc, 0xaedc, 0xaedc, 0xaedc, 0xaedc, 0xaedc, 0xaedc, 0xaedc, 0xaedc, 0xaedc, 0xaedc, 0xaedc, 
	0xaedc, 0xaedc, 0xaedc, 0xaedc, 0xaedc, 0xaedc, 0xaedc, 0xaedc, 0xaedc, 0xaedc, 0xaedc, 0xaedc, 0xaedc, 0xaedc, 0xaedc, 0xaedc, 
	0xaedc, 0xaedc, 0xaedc, 0xaedc, 0xaedc, 0xaedc, 0xaedc, 0xaedc, 0xaedc, 0xaedc, 0xaedc, 0xaedc, 0xaedc, 0xaedc, 0xaedc, 0xaedc, 
	0xaedc, 0xaedc, 0xaedc, 0xaedc, 0xaedc, 0xaedc, 0xaedc, 0xaedc, 0xaedc, 0xaedc, 0xaedc, 0xaedc, 0xaedc, 0xaedc, 0xaedc, 0xaedc, 
	0xaedc, 0xaedc, 0xaedc, 0xaedc, 0xaedc, 0xaedc, 0xaedc, 0xaedc, 0xaedc, 0xaedc, 0xaedc, 0xaedc, 0xaedc, 0xaedc, 0xaedc, 0xaedc, 
	0xaedc, 0xaedc, 0xaedc, 0xaedc, 0xaedc, 0xaedc, 0xaedc, 0xaedc, 0xaedc, 0xaedc, 0xaedc, 0xaedc, 0xaedc, 0xaedc, 0xaedc, 0xaedc, 
	0xaedc, 0xaedc, 0xaedc, 0xaedc, 0xaedc, 0xaedc, 0xaedc, 0xaedc, 0xaedc, 0xaedc, 0xaedc, 0xaedc, 0xaedc, 0xaedc, 0xaedc, 0xaedc, 
	0xaedc, 0xaedc, 0xaedc, 0xaedc, 0xaedc, 0xaedc, 0xaedc, 0xaedc, 0xaedc, 0xaedc, 0xaedc, 0xaedc, 0xaedc, 0xaedc, 0xaedc, 0xaedc, 
	0xaedc, 0xaedc, 0xaedc, 0xaedc, 0xaedc, 0xaedc, 0xaedc, 0xaedc, 0xaedc, 0xaedc, 0xaedc, 0xaedc, 0xaedc, 0xaedc, 0xaedc, 0xaedc, 
	0xaedc, 0xaedc, 0xaedc, 0xaedc, 0xaedc, 0xaedc, 0xaedc, 0xaedc, 0xaedc, 0xaedc, 0xaedc, 0xaedc, 0xaedc, 0xaedc, 0xaedc, 0xaedc, 
	0xaedc, 0xaedc, 0xaedc, 0xaedc, 0xaedc, 0xaedc, 0xaedc, 0xaedc, 0xaedc, 0xaedc, 0xaedc, 0xaedc, 0xaedc, 0xaedc, 0xaedc, 0xaedc, 
	0xaedc, 0xaedc, 0xaedc, 0xaedc, 0xaedc, 0xaedc, 0xaedc, 0xaedc, 0xaedc, 0xaedc, 0xaedc, 0xaedc, 0xaedc, 0xaedc, 0xaedc, 0xaedc, 
	0xaedc, 0xaedc, 0xaedc, 0xaedc, 0xaedc, 0xaedc, 0xaedc, 0xaedc, 0xaedc, 0xaedc, 0xaedc, 0xaedc, 0xaedc, 0xaedc, 0xaedc, 0xaedc, 
	0xaedc, 0xaedc, 0xaedc, 0xaedc, 0xaedc, 0xaedc, 0xaedc, 0xaedc, 0xaedc, 0xaedc, 0xaedc, 0xaedc, 0xaedc, 0xaedc, 0xaedc, 0xaedc, 
	0xaedc, 0xaedc, 0xaedc, 0xaedc, 0xaedc, 0xaedc, 0xaedc, 0xaedc, 0xaedc, 0xaedc, 0xaedc, 0xaedc, 0xaedc, 0xaedc, 0xaedc, 0xaedc, 
	0xaedc, 0xaedc, 0xaedc, 0xaedc, 0xaedc, 0xaedc, 0xaedc, 0xaedc, 0xaedc, 0xaedc, 0xaedc, 0xaedc, 0xaedc, 0xaedc, 0xaedc, 0xaedc, 
	0xaedc, 0xaedc, 0xaedc, 0xaedc, 0xaedc, 0xaedc, 0xaedc, 0xaedc, 0xaedc, 0xaedc, 0xaedc, 0xaedc, 0xaedc, 0xaedc, 0xaedc, 0xaedc, 
	0xaedc, 0xaedc, 0xaedc, 0xaedc, 0xaedc, 0xaedc, 0xaedc, 0xaedc, 0xaedc, 0xaedc, 0xaedc, 0xaedc, 0xaedc, 0xaedc, 0xaedc, 0xaedc, 
	0xaedc, 0xaedc, 0xaedc, 0xaedc, 0xaedc, 0xaedc, 0xaedc, 0xaedc, 0xaedc, 0xaedc, 0xaedc, 0xaedc, 0xaedc, 0xaedc, 0xaedc, 0xaedc, 
	0xaedc, 0xaedc, 0xaedc, 0xaedc, 0xaedc, 0xaedc, 0xaedc, 0xaedc, 0xaedc, 0xaedc, 0xaedc, 0xaedc, 0xaedc, 0xaedc, 0xaedc, 0xaedc, 
	0xaedc, 0xaedc, 0xaedc, 0xaedc, 0xaedc, 0xaedc, 0xaedc, 0xaedc, 0xaedc, 0xaedc, 0xaedc, 0xaedc, 0xaedc, 0xaedc, 0xaedc, 0xaedc, 
	0xaedc, 0xaedc, 0xaedc, 0xaedc, 0xaedc, 0xaedc, 0xaedc, 0xaedc, 0xaedc, 0xaedc, 0xaedc, 0xaedc, 0xaedc, 0xaedc, 0xaedc, 0xaedc, 
	0xaedc, 0xaedc, 0xaedc, 0xaedc, 0xaedc, 0xaedc, 0xaedc, 0xaedc, 0xaedc, 0xaedc, 0xaedc, 0xaedc, 0xaedc, 0xaedc, 0xaedc, 0xaedc, 
	0xaedc, 0xaedc, 0xaedc, 0xaedc, 0xaedc, 0xaedc, 0xaedc, 0xaedc, 0xaedc, 0xaedc, 0xaedc, 0xaedc, 0xaedc, 0xaedc, 0xaedc, 0xaedc, 
	0xaedc, 0xaedc, 0xaedc, 0xaedc, 0xaedc, 0xaedc, 0xaedc, 0xaedc, 0xaedc, 0xaedc, 0xaedc, 0xaedc, 0xaedc, 0xaedc, 0xaedc, 0xaedc, 
	0xaedc, 0xaedc, 0xaedc, 0xaedc, 0xaedc, 0xaedc, 0xaedc, 0xaedc, 0xaedc, 0xaedc, 0xaedc, 0xaedc, 0xaedc, 0xaedc, 0xaedc, 0xaedc, 
	0xaedc, 0xaedc, 0xaedc, 0xaedc, 0xaedc, 0xaedc, 0xaedc, 0xaedc, 0xaedc, 0xaedc, 0xaedc, 0xaedc, 0xaedc, 0xaedc, 0xaedc, 0xaedc, 
	0xaedc, 0xaedc, 0xaedc, 0xaedc, 0xaedc, 0xaedc, 0xaedc, 0xaedc, 0xaedc, 0xaedc, 0xaedc, 0xaedc, 0xaedc, 0xaedc, 0xaedc, 0xaedc, 
	0xaedc, 0xaedc, 0xaedc, 0xaedc, 0xaedc, 0xaedc, 0xaedc, 0xaedc, 0xaedc, 0xaedc, 0xaedc, 0xaedc, 0xaedc, 0xaedc, 0xaedc, 0xaedc, 
	0xaedc, 0xaedc, 0xaedc, 0xaedc, 0xaedc, 0xaedc, 0xaedc, 0xaedc, 0xaedc, 0xaedc, 0xaedc, 0xaedc, 0xaedc, 0xaedc, 0xaedc, 0xaedc, 
	0xaedc, 0xaedc, 0xaedc, 0xaedc, 0xaedc, 0xaedc, 0xaedc, 0xaedc, 0xaedc, 0xaedc, 0xaedc, 0xaedc, 0xaedc, 0xaedc, 0xaedc, 0xaedc, 
	0xaedc, 0xaedc, 0xaedc, 0xaedc, 0xaedc, 0xaedc, 0xaedc, 0xaedc, 0xaedc, 0xaedc, 0xaedc, 0xaedc, 0xaedc, 0xaedc, 0xaedc, 0xaedc, 
	0xaedc, 0xaedc, 0xaedc, 0xaedc, 0xaedc, 0xaedc, 0xaedc, 0xaedc, 0xaedc, 0xaedc, 0xaedc, 0xaedc, 0xaedc, 0xaedc, 0xaedc, 0xaedc, 
	0xaedc, 0xaedc, 0xaedc, 0xaedc, 0xaedc, 0xaedc, 0xaedc, 0xaedc, 0xaedc, 0xaedc, 0xaedc, 0xaedc, 0xaedc, 0xaedc, 0xaedc, 0xaedc, 
	0xaedc, 0xaedc, 0xaedc, 0xaedc, 0xaedc, 0xaedc, 0xaedc, 0xaedc, 0xaedc, 0xaedc, 0xaedc, 0xaedc, 0xaedc, 0xaedc, 0xaedc, 0xaedc, 
	0xaedc, 0xaedc, 0xaedc, 0xaedc, 0xaedc, 0xaedc, 0xaedc, 0xaedc, 0xaedc, 0xaedc, 0xaedc, 0xaedc, 0xaedc, 0xaedc, 0xaedc, 0xaedc, 
	0xaedc, 0xaedc, 0xaedc, 0xaedc, 0xaedc, 0xaedc, 0xaedc, 0xaedc, 0xaedc, 0xaedc, 0xaedc, 0xaedc, 0xaedc, 0xaedc, 0xaedc, 0xaedc, 
	0xaedc, 0xaedc, 0xaedc, 0xaedc, 0xaedc, 0xaedc, 0xaedc, 0xaedc, 0xaedc, 0xaedc, 0xaedc, 0xaedc, 0xaedc, 0xaedc, 0xaedc, 0xaedc, 
	0xaedc, 0xaedc, 0xaedc, 0xaedc, 0xaedc, 0xaedc, 0xaedc, 0xaedc, 0xaedc, 0xaedc, 0xaedc, 0xaedc, 0xaedc, 0xaedc, 0xaedc, 0xaedc, 
	0xaedc, 0xaedc, 0xaedc, 0xaedc, 0xaedc, 0xaedc, 0xaedc, 0xaedc, 0xaedc, 0xaedc, 0xaedc, 0xaedc, 0xaedc, 0xaedc, 0xaedc, 0xaedc, 
	0xaedc, 0xaedc, 0xaedc, 0xaedc, 0xaedc, 0xaedc, 0xaedc, 0xaedc, 0xaedc, 0xaedc, 0xaedc, 0xaedc, 0xaedc, 0xaedc, 0xaedc, 0xaedc, 
	0xaedc, 0xaedc, 0xaedc, 0xaedc, 0xaedc, 0xaedc, 0xaedc, 0xaedc, 0xaedc, 0xaedc, 0xaedc, 0xaedc, 0xaedc, 0xaedc, 0xaedc, 0xaedc, 
	0xaedc, 0xaedc, 0xaedc, 0xaedc, 0xaedc, 0xaedc, 0xaedc, 0xaedc, 0xaedc, 0xaedc, 0xaedc, 0xaedc, 0xaedc, 0xaedc, 0xaedc, 0xaedc, 
	0xaedc, 0xaedc, 0xaedc, 0xaedc, 0xaedc, 0xaedc, 0xaedc, 0xaedc, 0xaedc, 0xaedc, 0xaedc, 0xaedc, 0xaedc, 0xaedc, 0xaedc, 0xaedc, 
	0xaedc, 0xaedc, 0xaedc, 0xaedc, 0xaedc, 0xaedc, 0xaedc, 0xaedc, 0xaedc, 0xaedc, 0xaedc, 0xaedc, 0xaedc, 0xaedc, 0xaedc, 0xaedc, 
	0xaedc, 0xaedc, 0xaedc, 0xaedc, 0xaedc, 0xaedc, 0xaedc, 0xaedc, 0xaedc, 0xaedc, 0xaedc, 0xaedc, 0xaedc, 0xaedc, 0xaedc, 0xaedc, 
	0xaedc, 0xaedc, 0xaedc, 0xaedc, 0xaedc, 0xaedc, 0xaedc, 0xaedc, 0xaedc, 0xaedc, 0xaedc, 0xaedc, 0xaedc, 0xaedc, 0xaedc, 0xaedc, 
	0xaedc, 0xaedc, 0xaedc, 0xaedc, 0xaedc, 0xaedc, 0xaedc, 0xaedc, 0xaedc, 0xaedc, 0xaedc, 0xaedc, 0xaedc, 0xaedc, 0xaedc, 0xaedc, 
	0xaedc, 0xaedc, 0xaedc, 0xaedc, 0xaedc, 0xaedc, 0xaedc, 0xaedc, 0xaedc, 0xaedc, 0xaedc, 0xaedc, 0xaedc, 0xaedc, 0xaedc, 0xaedc, 
	0xaedc, 0xaedc, 0xaedc, 0xaedc, 0xaedc, 0xaedc, 0xaedc, 0xaedc, 0xaedc, 0xaedc, 0xaedc, 0xaedc, 0xaedc, 0xaedc, 0xaedc, 0xaedc, 
	0xaedc, 0xaedc, 0xaedc, 0xaedc, 0xaedc, 0xaedc, 0xaedc, 0xaedc, 0xaedc, 0xaedc, 0xaedc, 0xaedc, 0xaedc, 0xaedc, 0xaedc, 0xaedc, 
	0xaedc, 0xaedc, 0xaedc, 0xaedc, 0xaedc, 0xaedc, 0xaedc, 0xaedc, 0xaedc, 0xaedc, 0xaedc, 0xaedc, 0xaedc, 0xaedc, 0xaedc, 0xaedc, 
	0xaedc, 0xaedc, 0xaedc, 0xaedc, 0xaedc, 0xaedc, 0xaedc, 0xaedc, 0xaedc, 0xaedc, 0xaedc, 0xaedc, 0xaedc, 0xaedc, 0xaedc, 0xaedc, 
	0xaedc, 0xaedc, 0xaedc, 0xaedc, 0xaedc, 0xaedc, 0xaedc, 0xaedc, 0xaedc, 0xaedc, 0xaedc, 0xaedc, 0xaedc, 0xaedc, 0xaedc, 0xaedc, 
	0xaedc, 0xaedc, 0xaedc, 0xaedc, 0xaedc, 0xaedc, 0xaedc, 0xaedc, 0xaedc, 0xaedc, 0xaedc, 0xaedc, 0xaedc, 0xaedc, 0xaedc, 0xaedc, 
	0xaedc, 0xaedc, 0xaedc, 0xaedc, 0xaedc, 0xaedc, 0xaedc, 0xaedc, 0xaedc, 0xaedc, 0xaedc, 0xaedc, 0xaedc, 0xaedc, 0xaedc, 0xaedc, 
	0xaedc, 0xaedc, 0xaedc, 0xaedc, 0xaedc, 0xaedc, 0xaedc, 0xaedc, 0xaedc, 0xaedc, 0xaedc, 0xaedc, 0xaedc, 0xaedc, 0xaedc, 0xaedc, 
	0xaedc, 0xaedc, 0xaedc, 0xaedc, 0xaedc, 0xaedc, 0xaedc, 0xaedc, 0xaedc, 0xaedc, 0xaedc, 0xaedc, 0xaedc, 0xaedc, 0xaedc, 0xaedc, 
	0xaedc, 0xaedc, 0xaedc, 0xaedc, 0xaedc, 0xaedc, 0xaedc, 0xaedc, 0xaedc, 0xaedc, 0xaedc, 0xaedc, 0xaedc, 0xaedc, 0xaedc, 0xaedc, 
	0xaedc, 0xaedc, 0xaedc, 0xaedc, 0xaedc, 0xaedc, 0xaedc, 0xaedc, 0xaedc, 0xaedc, 0xaedc, 0xaedc, 0xaedc, 0xaedc, 0xaedc, 0xaedc, 
	0xaedc, 0xaedc, 0xaedc, 0xaedc, 0xaedc, 0xaedc, 0xaedc, 0xaedc, 0xaedc, 0xaedc, 0xaedc, 0xaedc, 0xaedc, 0xaedc, 0xaedc, 0xaedc, 
	0xaedc, 0xaedc, 0xaedc, 0xaedc, 0xaedc, 0xaedc, 0xaedc, 0xaedc, 0xaedc, 0xaedc, 0xaedc, 0xaedc, 0xaedc, 0xaedc, 0xaedc, 0xaedc, 
	0xaedc, 0xaedc, 0xaedc, 0xaedc, 0xaedc, 0xaedc, 0xaedc, 0xaedc, 0xaedc, 0xaedc, 0xaedc, 0xaedc, 0xaedc, 0xaedc, 0xaedc, 0xaedc, 
	0xaedc, 0xaedc, 0xaedc, 0xaedc, 0xaedc, 0xaedc, 0xaedc, 0xaedc, 0xaedc, 0xaedc, 0xaedc, 0xaedc, 0xaedc, 0xaedc, 0xaedc, 0xaedc, 
	0xaedc, 0xaedc, 0xaedc, 0xaedc, 0xaedc, 0xaedc, 0xaedc, 0xaedc, 0xaedc, 0xaedc, 0xaedc, 0xaedc, 0xaedc, 0xaedc, 0xaedc, 0xaedc, 
	0xaedc, 0xaedc, 0xaedc, 0xaedc, 0xaedc, 0xaedc, 0xaedc, 0xaedc, 0xaedc, 0xaedc, 0xaedc, 0xaedc, 0xaedc, 0xaedc, 0xaedc, 0xaedc, 
	0xaedc, 0xaedc, 0xaedc, 0xaedc, 0xaedc, 0xaedc, 0xaedc, 0xaedc, 0xaedc, 0xaedc, 0xaedc, 0xaedc, 0xaedc, 0xaedc, 0xaedc, 0xaedc, 
	0xaedc, 0xaedc, 0xaedc, 0xaedc, 0xaedc, 0xaedc, 0xaedc, 0xaedc, 0xaedc, 0xaedc, 0xaedc, 0xaedc, 0xaedc, 0xaedc, 0xaedc, 0xaedc, 
	0xaedc, 0xaedc, 0xaedc, 0xaedc, 0xaedc, 0xaedc, 0xaedc, 0xaedc, 0xaedc, 0xaedc, 0xaedc, 0xaedc, 0xaedc, 0xaedc, 0xaedc, 0xaedc, 
	0xaedc, 0xaedc, 0xaedc, 0xaedc, 0xaedc, 0xaedc, 0xaedc, 0xaedc, 0xaedc, 0xaedc, 0xaedc, 0xaedc, 0xaedc, 0xaedc, 0xaedc, 0xaedc, 
	0xaedc, 0xaedc, 0xaedc, 0xaedc, 0xaedc, 0xaedc, 0xaedc, 0xaedc, 0xaedc, 0xaedc, 0xaedc, 0xaedc, 0xaedc, 0xaedc, 0xaedc, 0xaedc, 
	0xaedc, 0xaedc, 0xaedc, 0xaedc, 0xaedc, 0xaedc, 0xaedc, 0xaedc, 0xaedc, 0xaedc, 0xaedc, 0xaedc, 0xaedc, 0xaedc, 0xaedc, 0xaedc, 
	0xaedc, 0xaedc, 0xaedc, 0xaedc, 0xaedc, 0xaedc, 0xaedc, 0xaedc, 0xaedc, 0xaedc, 0xaedc, 0xaedc, 0xaedc, 0xaedc, 0xaedc, 0xaedc, 
	0xaedc, 0xaedc, 0xaedc, 0xaedc, 0xaedc, 0xaedc, 0xaedc, 0xaedc, 0xaedc, 0xaedc, 0xaedc, 0xaedc, 0xaedc, 0xaedc, 0xaedc, 0xaedc, 
	0xaedc, 0xaedc, 0xaedc, 0xaedc, 0xaedc, 0xaedc, 0xaedc, 0xaedc, 0xaedc, 0xaedc, 0xaedc, 0xaedc, 0xaedc, 0xaedc, 0xaedc, 0xaedc, 
	0xaedc, 0xaedc, 0xaedc, 0xaedc, 0xaedc, 0xaedc, 0xaedc, 0xaedc, 0xaedc, 0xaedc, 0xaedc, 0xaedc, 0xaedc, 0xaedc, 0xaedc, 0xaedc, 
	0xaedc, 0xaedc, 0xaedc, 0xaedc, 0xaedc, 0xaedc, 0xaedc, 0xaedc, 0xaedc, 0xaedc, 0xaedc, 0xaedc, 0xaedc, 0xaedc, 0xaedc, 0xaedc, 
	0xaedc, 0xaedc, 0xaedc, 0xaedc, 0xaedc, 0xaedc, 0xaedc, 0xaedc, 0xaedc, 0xaedc, 0xaedc, 0xaedc, 0xaedc, 0xaedc, 0xaedc, 0xaedc, 
	0xaedc, 0xaedc, 0xaedc, 0xaedc, 0xaedc, 0xaedc, 0xaedc, 0xaedc, 0xaedc, 0xaedc, 0xaedc, 0xaedc, 0xaedc, 0xaedc, 0xaedc, 0xaedc, 
	0xaedc, 0xaedc, 0xaedc, 0xaedc, 0xaedc, 0xaedc, 0xaedc, 0xaedc, 0xaedc, 0xaedc, 0xaedc, 0xaedc, 0xaedc, 0xaedc, 0xaedc, 0xaedc, 
	0xaedc, 0xaedc, 0xaedc, 0xaedc, 0xaedc, 0xaedc, 0xaedc, 0xaedc, 0xaedc, 0xaedc, 0xaedc, 0xaedc, 0xaedc, 0xaedc, 0xaedc, 0xaedc, 
	0xaedc, 0xaedc, 0xaedc, 0xaedc, 0xaedc, 0xaedc, 0xaedc, 0xaedc, 0xaedc, 0xaedc, 0xaedc, 0xaedc, 0xaedc, 0xaedc, 0xaedc, 0xaedc, 
	0xaedc, 0xaedc, 0xaedc, 0xaedc, 0xaedc, 0xaedc, 0xaedc, 0xaedc, 0xaedc, 0xaedc, 0xaedc, 0xaedc, 0xaedc, 0xaedc, 0xaedc, 0xaedc, 
	0xaedc, 0xaedc, 0xaedc, 0xaedc, 0xaedc, 0xaedc, 0xaedc, 0xaedc, 0xaedc, 0xaedc, 0xaedc, 0xaedc, 0xaedc, 0xaedc, 0xaedc, 0xaedc, 
	0xaedc, 0xaedc, 0xaedc, 0xaedc, 0xaedc, 0xaedc, 0xaedc, 0xaedc, 0xaedc, 0xaedc, 0xaedc, 0xaedc, 0xaedc, 0xaedc, 0xaedc, 0xaedc, 
	0xaedc, 0xaedc, 0xaedc, 0xaedc, 0xaedc, 0xaedc, 0xaedc, 0xaedc, 0xaedc, 0xaedc, 0xaedc, 0xaedc, 0xaedc, 0xaedc, 0xaedc, 0xaedc, 
	0xaedc, 0xaedc, 0xaedc, 0xaedc, 0xaedc, 0xaedc, 0xaedc, 0xaedc, 0xaedc, 0xaedc, 0xaedc, 0xaedc, 0xaedc, 0xaedc, 0xaedc, 0xaedc, 
	0xaedc, 0xaedc, 0xaedc, 0xaedc, 0xaedc, 0xaedc, 0xaedc, 0xaedc, 0xaedc, 0xaedc, 0xaedc, 0xaedc, 0xaedc, 0xaedc, 0xaedc, 0xaedc, 
	0xaedc, 0xaedc, 0xaedc, 0xaedc, 0xaedc, 0xaedc, 0xaedc, 0xaedc, 0xaedc, 0xaedc, 0xaedc, 0xaedc, 0xaedc, 0xaedc, 0xaedc, 0xaedc, 
	0xaedc, 0xaedc, 0xaedc, 0xaedc, 0xaedc, 0xaedc, 0xaedc, 0xaedc, 0xaedc, 0xaedc, 0xaedc, 0xaedc, 0xaedc, 0xaedc, 0xaedc, 0xaedc, 
	0xaedc, 0xaedc, 0xaedc, 0xaedc, 0xaedc, 0xaedc, 0xaedc, 0xaedc, 0xaedc, 0xaedc, 0xaedc, 0xaedc, 0xaedc, 0xaedc, 0xaedc, 0xaedc, 
	0xaedc, 0xaedc, 0xaedc, 0xaedc, 0xaedc, 0xaedc, 0xaedc, 0xaedc, 0xaedc, 0xaedc, 0xaedc, 0xaedc, 0xaedc, 0xaedc, 0xaedc, 0xaedc, 
	0xaedc, 0xaedc, 0xaedc, 0xaedc, 0xaedc, 0xaedc, 0xaedc, 0xaedc, 0xaedc, 0xaedc, 0xaedc, 0xaedc, 0xaedc, 0xaedc, 0xaedc, 0xaedc, 
	0xaedc, 0xaedc, 0xaedc, 0xaedc, 0xaedc, 0xaedc, 0xaedc, 0xaedc, 0xaedc, 0xaedc, 0xaedc, 0xaedc, 0xaedc, 0xaedc, 0xaedc, 0xaedc, 
	0xaedc, 0xaedc, 0xaedc, 0xaedc, 0xaedc, 0xaedc, 0xaedc, 0xaedc, 0xaedc, 0xaedc, 0xaedc, 0xaedc, 0xaedc, 0xaedc, 0xaedc, 0xaedc, 
	0xaedc, 0xaedc, 0xaedc, 0xaedc, 0xaedc, 0xaedc, 0xaedc, 0xaedc, 0xaedc, 0xaedc, 0xaedc, 0xaedc, 0xaedc, 0xaedc, 0xaedc, 0xaedc, 
	0xaedc, 0xaedc, 0xaedc, 0xaedc, 0xaedc, 0xaedc, 0xaedc, 0xaedc, 0xaedc, 0xaedc, 0xaedc, 0xaedc, 0xaedc, 0xaedc, 0xaedc, 0xaedc, 
	0xaedc, 0xaedc, 0xaedc, 0xaedc, 0xaedc, 0xaedc, 0xaedc, 0xaedc, 0xaedc, 0xaedc, 0xaedc, 0xaedc, 0xaedc, 0xaedc, 0xaedc, 0xaedc, 
	0xaedc, 0xaedc, 0xaedc, 0xaedc, 0xaedc, 0xaedc, 0xaedc, 0xaedc, 0xaedc, 0xaedc, 0xaedc, 0xaedc, 0xaedc, 0xaedc, 0xaedc, 0xaedc, 
	0xaedc, 0xaedc, 0xaedc, 0xaedc, 0xaedc, 0xaedc, 0xaedc, 0xaedc, 0xaedc, 0xaedc, 0xaedc, 0xaedc, 0xaedc, 0xaedc, 0xaedc, 0xaedc, 
	0xaedc, 0xaedc, 0xaedc, 0xaedc, 0xaedc, 0xaedc, 0xaedc, 0xaedc, 0xaedc, 0xaedc, 0xaedc, 0xaedc, 0xaedc, 0xaedc, 0xaedc, 0xaedc, 
	0xaedc, 0xaedc, 0xaedc, 0xaedc, 0xaedc, 0xaedc, 0xaedc, 0xaedc, 0xaedc, 0xaedc, 0xaedc, 0xaedc, 0xaedc, 0xaedc, 0xaedc, 0xaedc, 
	0xaedc, 0xaedc, 0xaedc, 0xaedc, 0xaedc, 0xaedc, 0xaedc, 0xaedc, 0xaedc, 0xaedc, 0xaedc, 0xaedc, 0xaedc, 0xaedc, 0xaedc, 0xaedc, 
	0xaedc, 0xaedc, 0xaedc, 0xaedc, 0xaedc, 0xaedc, 0xaedc, 0xaedc, 0xaedc, 0xaedc, 0xaedc, 0xaedc, 0xaedc, 0xaedc, 0xaedc, 0xaedc, 
	0xaedc, 0xaedc, 0xaedc, 0xaedc, 0xaedc, 0xaedc, 0xaedc, 0xaedc, 0xaedc, 0xaedc, 0xaedc, 0xaedc, 0xaedc, 0xaedc, 0xaedc, 0xaedc, 
	0xaedc, 0xaedc, 0xaedc, 0xaedc, 0xaedc, 0xaedc, 0xaedc, 0xaedc, 0xaedc, 0xaedc, 0xaedc, 0xaedc, 0xaedc, 0xaedc, 0xaedc, 0xaedc, 
	0xaedc, 0xaedc, 0xaedc, 0xaedc, 0xaedc, 0xaedc, 0xaedc, 0xaedc, 0xaedc, 0xaedc, 0xaedc, 0xaedc, 0xaedc, 0xaedc, 0xaedc, 0xaedc, 
	0xaedc, 0xaedc, 0xaedc, 0xaedc, 0xaedc, 0xaedc, 0xaedc, 0xaedc, 0xaedc, 0xaedc, 0xaedc, 0xaedc, 0xaedc, 0xaedc, 0xaedc, 0xaedc, 
	0xaedc, 0xaedc, 0xaedc, 0xaedc, 0xaedc, 0xaedc, 0xaedc, 0xaedc, 0xaedc, 0xaedc, 0xaedc, 0xaedc, 0xaedc, 0xaedc, 0xaedc, 0xaedc, 
	0xaedc, 0xaedc, 0xaedc, 0xaedc, 0xaedc, 0xaedc, 0xaedc, 0xaedc, 0xaedc, 0xaedc, 0xaedc, 0xaedc, 0xaedc, 0xaedc, 0xaedc, 0xaedc, 
	0xaedc, 0xaedc, 0xaedc, 0xaedc, 0xaedc, 0xaedc, 0xaedc, 0xaedc, 0xaedc, 0xaedc, 0xaedc, 0xaedc, 0xaedc, 0xaedc, 0xaedc, 0xaedc, 
	0xaedc, 0xaedc, 0xaedc, 0xaedc, 0xaedc, 0xaedc, 0xaedc, 0xaedc, 0xaedc, 0xaedc, 0xaedc, 0xaedc, 0xaedc, 0xaedc, 0xaedc, 0xaedc, 
	0xaedc, 0xaedc, 0xaedc, 0xaedc, 0xaedc, 0xaedc, 0xaedc, 0xaedc, 0xaedc, 0xaedc, 0xaedc, 0xaedc, 0xaedc, 0xaedc, 0xaedc, 0xaedc, 
	0xaedc, 0xaedc, 0xaedc, 0xaedc, 0xaedc, 0xaedc, 0xaedc, 0xaedc, 0xaedc, 0xaedc, 0xaedc, 0xaedc, 0xaedc, 0xaedc, 0xaedc, 0xaedc, 
	0xaedc, 0xaedc, 0xaedc, 0xaedc, 0xaedc, 0xaedc, 0xaedc, 0xaedc, 0xaedc, 0xaedc, 0xaedc, 0xaedc, 0xaedc, 0xaedc, 0xaedc, 0xaedc, 
	0xaedc, 0xaedc, 0xaedc, 0xaedc, 0xaedc, 0xaedc, 0xaedc, 0xaedc, 0xaedc, 0xaedc, 0xaedc, 0xaedc, 0xaedc, 0xaedc, 0xaedc, 0xaedc, 
	0xaedc, 0xaedc, 0xaedc, 0xaedc, 0xaedc, 0xaedc, 0xaedc, 0xaedc, 0xaedc, 0xaedd, 0xaedd, 0xaedc, 0xaedc, 0xaedd, 0xaedd, 0xaedd, 
	0xaedd, 0xaedd, 0xb6dd, 0xaedc, 0xaedc, 0xaedc, 0xb6dc, 0xb6dc, 0xaedc, 0xaedc, 0xaedc, 0xaedc, 0xaedc, 0xaedc, 0xaedc, 0xaedc, 
	0xaedc, 0xaedc, 0xaedc, 0xaedc, 0xaedc, 0xaedc, 0xaedc, 0xaedc, 0xaedc, 0xaedc, 0xaedc, 0xaedc, 0xaedc, 0xaedc, 0xaedc, 0xaedc, 
	0xaedc, 0xaedc, 0xaedc, 0xaedc, 0xaedc, 0xaedc, 0xaedc, 0xaedc, 0xaedc, 0xaedc, 0xaedc, 0xaedc, 0xaedc, 0xaedc, 0xaedc, 0xaedc, 
	0xaedc, 0xaedc, 0xaedc, 0xaedc, 0xaedc, 0xaedc, 0xaedc, 0xaedc, 0xaedc, 0xaedc, 0xaedc, 0xaedc, 0xaedc, 0xaedc, 0xaedc, 0xaedc, 
	0xaedc, 0xaedc, 0xaedc, 0xaedc, 0xaedc, 0xaedc, 0xaedc, 0xaedc, 0xaedc, 0xaedc, 0xaedc, 0xaedc, 0xaedc, 0xaedc, 0xaedc, 0xaedc, 
	0xaedc, 0xaedc, 0xaedc, 0xaedc, 0xaedc, 0xaedc, 0xaedc, 0xaedc, 0xaedc, 0xaedc, 0xaedc, 0xaedc, 0xaedc, 0xaedc, 0xaedc, 0xaedc, 
	0xaedc, 0xaedc, 0xaedc, 0xaedc, 0xaedc, 0xaedc, 0xaedc, 0xaedc, 0xaedc, 0xaedc, 0xaedc, 0xaedc, 0xaedc, 0xaedc, 0xaedc, 0xaedc, 
	0xaedc, 0xaedc, 0xaedc, 0xaedc, 0xaedc, 0xaedc, 0xaedc, 0xaedc, 0xaedc, 0xaedc, 0xaedc, 0xaedc, 0xaedc, 0xaedc, 0xaedc, 0xaedc, 
	0xaedc, 0xaedc, 0xaedc, 0xaedc, 0xaedc, 0xaedc, 0xaedc, 0xaedc, 0xaedc, 0xaedc, 0xaedc, 0xaedc, 0xaedc, 0xaedc, 0xaedc, 0xaedc, 
	0xaedc, 0xaedc, 0xaedc, 0xaedc, 0xaedc, 0xaedc, 0xaedc, 0xaedc, 0xaedc, 0xaedc, 0xaedc, 0xaedc, 0xaedc, 0xaedc, 0xaedc, 0xaedc, 
	0xaedc, 0xaedc, 0xaedc, 0xaedc, 0xaedc, 0xaedc, 0xaedc, 0xaedc, 0xaedc, 0xaedc, 0xaedc, 0xaedc, 0xaedc, 0xaedc, 0xaedc, 0xaedc, 
	0xaedc, 0xaedc, 0xaedc, 0xaedc, 0xaedc, 0xaedc, 0xaedc, 0xaedc, 0xaedc, 0xaedc, 0xaedc, 0xaedc, 0xaedc, 0xaedc, 0xaedc, 0xaedc, 
	0xaedc, 0xaedc, 0xaedc, 0xaedc, 0xaedc, 0xaedc, 0xaedc, 0xaedc, 0xaedc, 0xaedc, 0xaedc, 0xaedc, 0xaedc, 0xaedc, 0xaedc, 0xaedc, 
	0xaedc, 0xaedc, 0xaedc, 0xaedc, 0xaedc, 0xaedc, 0xaedc, 0xaedc, 0xaedc, 0xaedc, 0xaedc, 0xaedc, 0xaedc, 0xaedc, 0xaedc, 0xaedc, 
	0xaedc, 0xaedc, 0xaedc, 0xaedc, 0xaedc, 0xaedc, 0xaedc, 0xaedc, 0xaedc, 0xaedc, 0xaedc, 0xaedc, 0xaedc, 0xaedc, 0xaedc, 0xaedc, 
	0xaedc, 0xaedc, 0xaedc, 0xaedc, 0xaedc, 0xaedc, 0xaedc, 0xaedc, 0xaedd, 0xaedc, 0xaebc, 0xaebc, 0xaedc, 0xb6fd, 0xb6dc, 0xaedc, 
	0xaedc, 0xaedc, 0xaedc, 0xaedc, 0xaedc, 0xaedc, 0xaedc, 0xaedc, 0xaedc, 0xaedc, 0xaedc, 0xaedc, 0xaedc, 0xaedc, 0xaedc, 0xaedc, 
	0xaedc, 0xaedc, 0xaedc, 0xaedc, 0xaedc, 0xaedc, 0xaedc, 0xaedc, 0xaedc, 0xaedc, 0xaedc, 0xaedc, 0xaedc, 0xaedc, 0xaedc, 0xaedc, 
	0xaedc, 0xaedc, 0xaedc, 0xaedc, 0xaedc, 0xaedc, 0xaedc, 0xaedc, 0xaedc, 0xaedc, 0xaedc, 0xaedc, 0xaedc, 0xaedc, 0xaedc, 0xaedc, 
	0xaedc, 0xaedc, 0xaedc, 0xaedc, 0xaedc, 0xaedc, 0xaedc, 0xaedc, 0xaedc, 0xaedc, 0xaedc, 0xaedc, 0xaedc, 0xaedc, 0xaedc, 0xaedc, 
	0xaedc, 0xaedc, 0xaedc, 0xaedc, 0xaedc, 0xaedc, 0xaedc, 0xaedc, 0xaedc, 0xaedc, 0xaedc, 0xaedc, 0xaedc, 0xaedc, 0xaedc, 0xaedc, 
	0xaedc, 0xaedc, 0xaedc, 0xaedc, 0xaedc, 0xaedc, 0xaedc, 0xaedc, 0xaedc, 0xaedc, 0xaedc, 0xaedc, 0xaedc, 0xaedc, 0xaedc, 0xaedc, 
	0xaedc, 0xaedc, 0xaedc, 0xaedc, 0xaedc, 0xaedc, 0xaedc, 0xaedc, 0xaedc, 0xaedc, 0xaedc, 0xaedc, 0xaedc, 0xaedc, 0xaedc, 0xaedc, 
	0xaedc, 0xaedc, 0xaedc, 0xaedc, 0xaedc, 0xaedc, 0xaedc, 0xaedc, 0xaedc, 0xaedc, 0xaedc, 0xaedc, 0xaedc, 0xaedc, 0xaedc, 0xaedc, 
	0xaedc, 0xaedc, 0xaedc, 0xaedc, 0xaedc, 0xaedc, 0xaedc, 0xaedc, 0xaedc, 0xaedc, 0xaedc, 0xaedc, 0xaedc, 0xaedc, 0xaedc, 0xaedc, 
	0xaedc, 0xaedc, 0xaedc, 0xaedc, 0xaedc, 0xaedc, 0xaedc, 0xaedc, 0xaedc, 0xaedc, 0xaedc, 0xaedc, 0xaedc, 0xaedc, 0xaedc, 0xaedc, 
	0xaedc, 0xaedc, 0xaedc, 0xaedc, 0xaedc, 0xaedc, 0xaedc, 0xaedc, 0xaedc, 0xaedc, 0xaedc, 0xaedc, 0xaedc, 0xaedc, 0xaedc, 0xaedc, 
	0xaedc, 0xaedc, 0xaedc, 0xaedc, 0xaedc, 0xaedc, 0xaedc, 0xaedc, 0xaedc, 0xaedc, 0xaedc, 0xaedc, 0xaedc, 0xaedc, 0xaedc, 0xaedc, 
	0xaedc, 0xaedc, 0xaedc, 0xaedc, 0xaedc, 0xaedc, 0xaedc, 0xaedc, 0xaedc, 0xaedc, 0xaedc, 0xaedc, 0xaedc, 0xaedc, 0xaedc, 0xaedc, 
	0xaedc, 0xaedc, 0xaedc, 0xaedc, 0xaedc, 0xaedc, 0xaedc, 0xaedc, 0xaedc, 0xaedc, 0xaedc, 0xaedc, 0xaedc, 0xaedc, 0xaedc, 0xaedc, 
	0xaedc, 0xaedc, 0xaedc, 0xaedc, 0xaedc, 0xaedc, 0xaedc, 0xaedc, 0xaedc, 0xaedc, 0xaedc, 0xaedc, 0xaedc, 0xaedc, 0xaedc, 0xaedc, 
	0xaedc, 0xaedc, 0xaedc, 0xaedc, 0xaedc, 0xaedc, 0xaedc, 0xaedc, 0xaedc, 0xaefd, 0xb6fd, 0xaedc, 0xaedc, 0xaedc, 0xaedc, 0xb6dc, 
	0xb6fc, 0xb6fc, 0xaedc, 0xaedc, 0xaedd, 0xaedd, 0xaefd, 0xaefd, 0xaedc, 0xaedc, 0xaedc, 0xaedc, 0xaedc, 0xaedc, 0xaedc, 0xaedc, 
	0xaedc, 0xaedc, 0xaedc, 0xaedc, 0xaedc, 0xaedc, 0xaedc, 0xaedc, 0xaedc, 0xaedc, 0xaedc, 0xaedc, 0xaedc, 0xaedc, 0xaedc, 0xaedc, 
	0xaedc, 0xaedc, 0xaedc, 0xaedc, 0xaedc, 0xaedc, 0xaedc, 0xaedc, 0xaedc, 0xaedc, 0xaedc, 0xaedc, 0xaedc, 0xaedc, 0xaedc, 0xaedc, 
	0xaedc, 0xaedc, 0xaedc, 0xaedc, 0xaedc, 0xaedc, 0xaedc, 0xaedc, 0xaedc, 0xaedc, 0xaedc, 0xaedc, 0xaedc, 0xaedc, 0xaedc, 0xaedc, 
	0xaedc, 0xaedc, 0xaedc, 0xaedc, 0xaedc, 0xaedc, 0xaedc, 0xaedc, 0xaedc, 0xaedc, 0xaedc, 0xaedc, 0xaedc, 0xaedc, 0xaedc, 0xaedc, 
	0xaedc, 0xaedc, 0xaedc, 0xaedc, 0xaedc, 0xaedc, 0xaedc, 0xaedc, 0xaedc, 0xaedc, 0xaedc, 0xaedc, 0xaedc, 0xaedc, 0xaedc, 0xaedc, 
	0xaedc, 0xaedc, 0xaedc, 0xaedc, 0xaedc, 0xaedc, 0xaedc, 0xaedc, 0xaedc, 0xaedc, 0xaedc, 0xaedc, 0xaedc, 0xaedc, 0xaedc, 0xaedc, 
	0xaedc, 0xaedc, 0xaedc, 0xaedc, 0xaedc, 0xaedc, 0xaedc, 0xaedc, 0xaedc, 0xaedc, 0xaedc, 0xaedc, 0xaedc, 0xaedc, 0xaedc, 0xaedc, 
	0xaedc, 0xaedc, 0xaedc, 0xaedc, 0xaedc, 0xaedc, 0xaedc, 0xaedc, 0xaedc, 0xaedc, 0xaedc, 0xaedc, 0xaedc, 0xaedc, 0xaedc, 0xaedc, 
	0xaedc, 0xaedc, 0xaedc, 0xaedc, 0xaedc, 0xaedc, 0xaedc, 0xaedc, 0xaedc, 0xaedc, 0xaedc, 0xaedc, 0xaedc, 0xaedc, 0xaedc, 0xaedc, 
	0xaedc, 0xaedc, 0xaedc, 0xaedc, 0xaedc, 0xaedc, 0xaedc, 0xaedc, 0xaedc, 0xaedc, 0xaedc, 0xaedc, 0xaedc, 0xaedc, 0xaedc, 0xaedc, 
	0xaedc, 0xaedc, 0xaedc, 0xaedc, 0xaedc, 0xaedc, 0xaedc, 0xaedc, 0xaedc, 0xaedc, 0xaedc, 0xaedc, 0xaedc, 0xaedc, 0xaedc, 0xaedc, 
	0xaedc, 0xaedc, 0xaedc, 0xaedc, 0xaedc, 0xaedc, 0xaedc, 0xaedc, 0xaedc, 0xaedc, 0xaedc, 0xaedc, 0xaedc, 0xaedc, 0xaedc, 0xaedc, 
	0xaedc, 0xaedc, 0xaedc, 0xaedc, 0xaedc, 0xaedc, 0xaedc, 0xaedc, 0xaedc, 0xaedc, 0xaedc, 0xaedc, 0xaedc, 0xaedc, 0xaedc, 0xaedc, 
	0xaedc, 0xaedc, 0xaedc, 0xaedc, 0xaedc, 0xaedc, 0xaedc, 0xaedc, 0xaedc, 0xaedc, 0xaedc, 0xaedc, 0xaedc, 0xaedc, 0xaedc, 0xaedc, 
	0xaedc, 0xaedc, 0xaedc, 0xaedc, 0xaedc, 0xaedc, 0xaedc, 0xaedc, 0xaedc, 0xaedc, 0xaedc, 0xaedc, 0xaedd, 0xaedd, 0xaedc, 0xaebc, 
	0xaebc, 0xaebc, 0xaedc, 0xaedc, 0xb6dd, 0xb6dc, 0xaedc, 0xaebc, 0xaedc, 0xaedc, 0xaedc, 0xaedc, 0xaedc, 0xaedc, 0xaedc, 0xaedc, 
	0xaedc, 0xaedc, 0xaedc, 0xaedc, 0xaedc, 0xaedc, 0xaedc, 0xaedc, 0xaedc, 0xaedc, 0xaedc, 0xaedc, 0xaedc, 0xaedc, 0xaedc, 0xaedc, 
	0xaedc, 0xaedc, 0xaedc, 0xaedc, 0xaedc, 0xaedc, 0xaedc, 0xaedc, 0xaedc, 0xaedc, 0xaedc, 0xaedc, 0xaedc, 0xaedc, 0xaedc, 0xaedc, 
	0xaedc, 0xaedc, 0xaedc, 0xaedc, 0xaedc, 0xaedc, 0xaedc, 0xaedc, 0xaedc, 0xaedc, 0xaedc, 0xaedc, 0xaedc, 0xaedc, 0xaedc, 0xaedc, 
	0xaedc, 0xaedc, 0xaedc, 0xaedc, 0xaedc, 0xaedc, 0xaedc, 0xaedc, 0xaedc, 0xaedc, 0xaedc, 0xaedc, 0xaedc, 0xaedc, 0xaedc, 0xaedc, 
	0xaedc, 0xaedc, 0xaedc, 0xaedc, 0xaedc, 0xaedc, 0xaedc, 0xaedc, 0xaedc, 0xaedc, 0xaedc, 0xaedc, 0xaedc, 0xaedc, 0xaedc, 0xaedc, 
	0xaedc, 0xaedc, 0xaedc, 0xaedc, 0xaedc, 0xaedc, 0xaedc, 0xaedc, 0xaedc, 0xaedc, 0xaedc, 0xaedc, 0xaedc, 0xaedc, 0xaedc, 0xaedc, 
	0xaedc, 0xaedc, 0xaedc, 0xaedc, 0xaedc, 0xaedc, 0xaedc, 0xaedc, 0xaedc, 0xaedc, 0xaedc, 0xaedc, 0xaedc, 0xaedc, 0xaedc, 0xaedc, 
	0xaedc, 0xaedc, 0xaedc, 0xaedc, 0xaedc, 0xaedc, 0xaedc, 0xaedc, 0xaedc, 0xaedc, 0xaedc, 0xaedc, 0xaedc, 0xaedc, 0xaedc, 0xaedc, 
	0xaedc, 0xaedc, 0xaedc, 0xaedc, 0xaedc, 0xaedc, 0xaedc, 0xaedc, 0xaedc, 0xaedc, 0xaedc, 0xaedc, 0xaedc, 0xaedc, 0xaedc, 0xaedc, 
	0xaedc, 0xaedc, 0xaedc, 0xaedc, 0xaedc, 0xaedc, 0xaedc, 0xaedc, 0xaedc, 0xaedc, 0xaedc, 0xaedc, 0xaedc, 0xaedc, 0xaedc, 0xaedc, 
	0xaedc, 0xaedc, 0xaedc, 0xaedc, 0xaedc, 0xaedc, 0xaedc, 0xaedc, 0xaedc, 0xaedc, 0xaedc, 0xaedc, 0xaedc, 0xaedc, 0xaedc, 0xaedc, 
	0xaedc, 0xaedc, 0xaedc, 0xaedc, 0xaedc, 0xaedc, 0xaedc, 0xaedc, 0xaedc, 0xaedc, 0xaedc, 0xaedc, 0xaedc, 0xaedc, 0xaedc, 0xaedc, 
	0xaedc, 0xaedc, 0xaedc, 0xaedc, 0xaedc, 0xaedc, 0xaedc, 0xaedc, 0xaedc, 0xaedc, 0xaedc, 0xaedc, 0xaedc, 0xaedc, 0xaedc, 0xaedc, 
	0xaedc, 0xaedc, 0xaedc, 0xaedc, 0xaedc, 0xaedc, 0xaedc, 0xaedc, 0xaedc, 0xaedc, 0xaedc, 0xaedc, 0xaedc, 0xaedc, 0xaedc, 0xaedc, 
	0xaedc, 0xaedc, 0xaedc, 0xaedc, 0xaedc, 0xaedc, 0xaedc, 0xaedc, 0xb6fc, 0xb6dc, 0xaefd, 0xaefd, 0xaedd, 0xaedd, 0xaedd, 0xaefd, 
	0xaefd, 0xaefd, 0xaedd, 0xaebc, 0xaebc, 0xaedc, 0xb6dd, 0xb6dc, 0xaedc, 0xaedc, 0xaedc, 0xaedc, 0xaedc, 0xaedc, 0xaedc, 0xaedc, 
	0xaedc, 0xaedc, 0xaedc, 0xaedc, 0xaedc, 0xaedc, 0xaedc, 0xaedc, 0xaedc, 0xaedc, 0xaedc, 0xaedc, 0xaedc, 0xaedc, 0xaedc, 0xaedc, 
	0xaedc, 0xaedc, 0xaedc, 0xaedc, 0xaedc, 0xaedc, 0xaedc, 0xaedc, 0xaedc, 0xaedc, 0xaedc, 0xaedc, 0xaedc, 0xaedc, 0xaedc, 0xaedc, 
	0xaedc, 0xaedc, 0xaedc, 0xaedc, 0xaedc, 0xaedc, 0xaedc, 0xaedc, 0xaedc, 0xaedc, 0xaedc, 0xaedc, 0xaedc, 0xaedc, 0xaedc, 0xaedc, 
	0xaedc, 0xaedc, 0xaedc, 0xaedc, 0xaedc, 0xaedc, 0xaedc, 0xaedc, 0xaedc, 0xaedc, 0xaedc, 0xaedc, 0xaedc, 0xaedc, 0xaedc, 0xaedc, 
	0xaedc, 0xaedc, 0xaedc, 0xaedc, 0xaedc, 0xaedc, 0xaedc, 0xaedc, 0xaedc, 0xaedc, 0xaedc, 0xaedc, 0xaedc, 0xaedc, 0xaedc, 0xaedc, 
	0xaedc, 0xaedc, 0xaedc, 0xaedc, 0xaedc, 0xaedc, 0xaedc, 0xaedc, 0xaedc, 0xaedc, 0xaedc, 0xaedc, 0xaedc, 0xaedc, 0xaedc, 0xaedc, 
	0xaedc, 0xaedc, 0xaedc, 0xaedc, 0xaedc, 0xaedc, 0xaedc, 0xaedc, 0xaedc, 0xaedc, 0xaedc, 0xaedc, 0xaedc, 0xaedc, 0xaedc, 0xaedc, 
	0xaedc, 0xaedc, 0xaedc, 0xaedc, 0xaedc, 0xaedc, 0xaedc, 0xaedc, 0xaedc, 0xaedc, 0xaedc, 0xaedc, 0xaedc, 0xaedc, 0xaedc, 0xaedc, 
	0xaedc, 0xaedc, 0xaedc, 0xaedc, 0xaedc, 0xaedc, 0xaedc, 0xaedc, 0xaedc, 0xaedc, 0xaedc, 0xaedc, 0xaedc, 0xaedc, 0xaedc, 0xaedc, 
	0xaedc, 0xaedc, 0xaedc, 0xaedc, 0xaedc, 0xaedc, 0xaedc, 0xaedc, 0xaedc, 0xaedc, 0xaedc, 0xaedc, 0xaedc, 0xaedc, 0xaedc, 0xaedc, 
	0xaedc, 0xaedc, 0xaedc, 0xaedc, 0xaedc, 0xaedc, 0xaedc, 0xaedc, 0xaedc, 0xaedc, 0xaedc, 0xaedc, 0xaedc, 0xaedc, 0xaedc, 0xaedc, 
	0xaedc, 0xaedc, 0xaedc, 0xaedc, 0xaedc, 0xaedc, 0xaedc, 0xaedc, 0xaedc, 0xaedc, 0xaedc, 0xaedc, 0xaedc, 0xaedc, 0xaedc, 0xaedc, 
	0xaedc, 0xaedc, 0xaedc, 0xaedc, 0xaedc, 0xaedc, 0xaedc, 0xaedc, 0xaedc, 0xaedc, 0xaedc, 0xaedc, 0xaedc, 0xaedc, 0xaedc, 0xaedc, 
	0xaedc, 0xaedc, 0xaedc, 0xaedc, 0xaedc, 0xaedc, 0xaedc, 0xaedc, 0xaedc, 0xaedc, 0xaedc, 0xaedc, 0xaedc, 0xaedc, 0xaedc, 0xaedc, 
	0xaedc, 0xaedc, 0xaedc, 0xaedc, 0xaedc, 0xaedc, 0xaedc, 0xaedc, 0xaebc, 0xaebc, 0xaedc, 0xaedd, 0xaedd, 0xaedd, 0xaedd, 0xb6dd, 
	0xb6fd, 0xaedd, 0xaedc, 0xaedc, 0xaefd, 0xaefc, 0xaedc, 0xaedc, 0xaedc, 0xaedc, 0xaedc, 0xaedc, 0xaedc, 0xaedc, 0xaedc, 0xaedc, 
	0xaedc, 0xaedc, 0xaedc, 0xaedc, 0xaedc, 0xaedc, 0xaedc, 0xaedc, 0xaedc, 0xaedc, 0xaedc, 0xaedc, 0xaedc, 0xaedc, 0xaedc, 0xaedc, 
	0xaedc, 0xaedc, 0xaedc, 0xaedc, 0xaedc, 0xaedc, 0xaedc, 0xaedc, 0xaedc, 0xaedc, 0xaedc, 0xaedc, 0xaedc, 0xaedc, 0xaedc, 0xaedc, 
	0xaedc, 0xaedc, 0xaedc, 0xaedc, 0xaedc, 0xaedc, 0xaedc, 0xaedc, 0xaedc, 0xaedc, 0xaedc, 0xaedc, 0xaedc, 0xaedc, 0xaedc, 0xaedc, 
	0xaedc, 0xaedc, 0xaedc, 0xaedc, 0xaedc, 0xaedc, 0xaedc, 0xaedc, 0xaedc, 0xaedc, 0xaedc, 0xaedc, 0xaedc, 0xaedc, 0xaedc, 0xaedc, 
	0xaedc, 0xaedc, 0xaedc, 0xaedc, 0xaedc, 0xaedc, 0xaedc, 0xaedc, 0xaedc, 0xaedc, 0xaedc, 0xaedc, 0xaedc, 0xaedc, 0xaedc, 0xaedc, 
	0xaedc, 0xaedc, 0xaedc, 0xaedc, 0xaedc, 0xaedc, 0xaedc, 0xaedc, 0xaedc, 0xaedc, 0xaedc, 0xaedc, 0xaedc, 0xaedc, 0xaedc, 0xaedc, 
	0xaedc, 0xaedc, 0xaedc, 0xaedc, 0xaedc, 0xaedc, 0xaedc, 0xaedc, 0xaedc, 0xaedc, 0xaedc, 0xaedc, 0xaedc, 0xaedc, 0xaedc, 0xaedc, 
	0xaedc, 0xaedc, 0xaedc, 0xaedc, 0xaedc, 0xaedc, 0xaedc, 0xaedc, 0xaedc, 0xaedc, 0xaedc, 0xaedc, 0xaedc, 0xaedc, 0xaedc, 0xaedc, 
	0xaedc, 0xaedc, 0xaedc, 0xaedc, 0xaedc, 0xaedc, 0xaedc, 0xaedc, 0xaedc, 0xaedc, 0xaedc, 0xaedc, 0xaedc, 0xaedc, 0xaedc, 0xaedc, 
	0xaedc, 0xaedc, 0xaedc, 0xaedc, 0xaedc, 0xaedc, 0xaedc, 0xaedc, 0xaedc, 0xaedc, 0xaedc, 0xaedc, 0xaedc, 0xaedc, 0xaedc, 0xaedc, 
	0xaedc, 0xaedc, 0xaedc, 0xaedc, 0xaedc, 0xaedc, 0xaedc, 0xaedc, 0xaedc, 0xaedc, 0xaedc, 0xaedc, 0xaedc, 0xaedc, 0xaedc, 0xaedc, 
	0xaedc, 0xaedc, 0xaedc, 0xaedc, 0xaedc, 0xaedc, 0xaedc, 0xaedc, 0xaedc, 0xaedc, 0xaedc, 0xaedc, 0xaedc, 0xaedc, 0xaedc, 0xaedc, 
	0xaedc, 0xaedc, 0xaedc, 0xaedc, 0xaedc, 0xaedc, 0xaedc, 0xaedc, 0xaedc, 0xaedc, 0xaedc, 0xaedc, 0xaedc, 0xaedc, 0xaedc, 0xaedc, 
	0xaedc, 0xaedc, 0xaedc, 0xaedc, 0xaedc, 0xaedc, 0xaedc, 0xaedc, 0xaedc, 0xaedc, 0xaedc, 0xaedc, 0xaedc, 0xaedc, 0xaedc, 0xaedc, 
	0xaedc, 0xaedc, 0xaedc, 0xaedc, 0xaedc, 0xaedc, 0xaedc, 0xaedc, 0xb71d, 0xaedd, 0xaebc, 0xb6dd, 0xb6dc, 0xae7b, 0x9dd8, 0x8d56, 
	0x8d14, 0x8d35, 0x9576, 0x9df9, 0xae9b, 0xb6dc, 0xaefc, 0xaedc, 0xaedc, 0xaedc, 0xaedc, 0xaedc, 0xaedc, 0xaedc, 0xaedc, 0xaedc, 
	0xaedc, 0xaedc, 0xaedc, 0xaedc, 0xaedc, 0xaedc, 0xaedc, 0xaedc, 0xaedc, 0xaedc, 0xaedc, 0xaedc, 0xaedc, 0xaedc, 0xaedc, 0xaedc, 
	0xaedc, 0xaedc, 0xaedc, 0xaedc, 0xaedc, 0xaedc, 0xaedc, 0xaedc, 0xaedc, 0xaedc, 0xaedc, 0xaedc, 0xaedc, 0xaedc, 0xaedc, 0xaedc, 
	0xaedc, 0xaedc, 0xaedc, 0xaedc, 0xaedc, 0xaedc, 0xaedc, 0xaedc, 0xaedc, 0xaedc, 0xaedc, 0xaedc, 0xaedc, 0xaedc, 0xaedc, 0xaedc, 
	0xaedc, 0xaedc, 0xaedc, 0xaedc, 0xaedc, 0xaedc, 0xaedc, 0xaedc, 0xaedc, 0xaedc, 0xaedc, 0xaedc, 0xaedc, 0xaedc, 0xaedc, 0xaedc, 
	0xaedc, 0xaedc, 0xaedc, 0xaedc, 0xaedc, 0xaedc, 0xaedc, 0xaedc, 0xaedc, 0xaedc, 0xaedc, 0xaedc, 0xaedc, 0xaedc, 0xaedc, 0xaedc, 
	0xaedc, 0xaedc, 0xaedc, 0xaedc, 0xaedc, 0xaedc, 0xaedc, 0xaedc, 0xaedc, 0xaedc, 0xaedc, 0xaedc, 0xaedc, 0xaedc, 0xaedc, 0xaedc, 
	0xaedc, 0xaedc, 0xaedc, 0xaedc, 0xaedc, 0xaedc, 0xaedc, 0xaedc, 0xaedc, 0xaedc, 0xaedc, 0xaedc, 0xaedc, 0xaedc, 0xaedc, 0xaedc, 
	0xaedc, 0xaedc, 0xaedc, 0xaedc, 0xaedc, 0xaedc, 0xaedc, 0xaedc, 0xaedc, 0xaedc, 0xaedc, 0xaedc, 0xaedc, 0xaedc, 0xaedc, 0xaedc, 
	0xaedc, 0xaedc, 0xaedc, 0xaedc, 0xaedc, 0xaedc, 0xaedc, 0xaedc, 0xaedc, 0xaedc, 0xaedc, 0xaedc, 0xaedc, 0xaedc, 0xaedc, 0xaedc, 
	0xaedc, 0xaedc, 0xaedc, 0xaedc, 0xaedc, 0xaedc, 0xaedc, 0xaedc, 0xaedc, 0xaedc, 0xaedc, 0xaedc, 0xaedc, 0xaedc, 0xaedc, 0xaedc, 
	0xaedc, 0xaedc, 0xaedc, 0xaedc, 0xaedc, 0xaedc, 0xaedc, 0xaedc, 0xaedc, 0xaedc, 0xaedc, 0xaedc, 0xaedc, 0xaedc, 0xaedc, 0xaedc, 
	0xaedc, 0xaedc, 0xaedc, 0xaedc, 0xaedc, 0xaedc, 0xaedc, 0xaedc, 0xaedc, 0xaedc, 0xaedc, 0xaedc, 0xaedc, 0xaedc, 0xaedc, 0xaedc, 
	0xaedc, 0xaedc, 0xaedc, 0xaedc, 0xaedc, 0xaedc, 0xaedc, 0xaedc, 0xaedc, 0xaedc, 0xaedc, 0xaedc, 0xaedc, 0xaedc, 0xaedc, 0xaedc, 
	0xaedc, 0xaedc, 0xaedc, 0xaedc, 0xaedc, 0xaedc, 0xaedc, 0xaedc, 0xaedc, 0xaedc, 0xaedc, 0xaedc, 0xaedc, 0xaedc, 0xaedc, 0xaedc, 
	0xaedc, 0xaedc, 0xaedc, 0xaedc, 0xaedc, 0xaedc, 0xaedc, 0xaedc, 0xaebc, 0xaedd, 0xb6fd, 0xae7b, 0x8d76, 0x6c10, 0x4aec, 0x3a49, 
	0x39e8, 0x39e8, 0x3a29, 0x4aec, 0x6c32, 0x9577, 0xae7b, 0xb6dd, 0xaedc, 0xaedc, 0xaedc, 0xaedc, 0xaedc, 0xaedc, 0xaedc, 0xaedc, 
	0xaedc, 0xaedc, 0xaedc, 0xaedc, 0xaedc, 0xaedc, 0xaedc, 0xaedc, 0xaedc, 0xaedc, 0xaedc, 0xaedc, 0xaedc, 0xaedc, 0xaedc, 0xaedc, 
	0xaedc, 0xaedc, 0xaedc, 0xaedc, 0xaedc, 0xaedc, 0xaedc, 0xaedc, 0xaedc, 0xaedc, 0xaedc, 0xaedc, 0xaedc, 0xaedc, 0xaedc, 0xaedc, 
	0xaedc, 0xaedc, 0xaedc, 0xaedc, 0xaedc, 0xaedc, 0xaedc, 0xaedc, 0xaedc, 0xaedc, 0xaedc, 0xaedc, 0xaedc, 0xaedc, 0xaedc, 0xaedc, 
	0xaedc, 0xaedc, 0xaedc, 0xaedc, 0xaedc, 0xaedc, 0xaedc, 0xaedc, 0xaedc, 0xaedc, 0xaedc, 0xaedc, 0xaedc, 0xaedc, 0xaedc, 0xaedc, 
	0xaedc, 0xaedc, 0xaedc, 0xaedc, 0xaedc, 0xaedc, 0xaedc, 0xaedc, 0xaedc, 0xaedc, 0xaedc, 0xaedc, 0xaedc, 0xaedc, 0xaedc, 0xaedc, 
	0xaedc, 0xaedc, 0xaedc, 0xaedc, 0xaedc, 0xaedc, 0xaedc, 0xaedc, 0xaedc, 0xaedc, 0xaedc, 0xaedc, 0xaedc, 0xaedc, 0xaedc, 0xaedc, 
	0xaedc, 0xaedc, 0xaedc, 0xaedc, 0xaedc, 0xaedc, 0xaedc, 0xaedc, 0xaedc, 0xaedc, 0xaedc, 0xaedc, 0xaedc, 0xaedc, 0xaedc, 0xaedc, 
	0xaedc, 0xaedc, 0xaedc, 0xaedc, 0xaedc, 0xaedc, 0xaedc, 0xaedc, 0xaedc, 0xaedc, 0xaedc, 0xaedc, 0xaedc, 0xaedc, 0xaedc, 0xaedc, 
	0xaedc, 0xaedc, 0xaedc, 0xaedc, 0xaedc, 0xaedc, 0xaedc, 0xaedc, 0xaedc, 0xaedc, 0xaedc, 0xaedc, 0xaedc, 0xaedc, 0xaedc, 0xaedc, 
	0xaedc, 0xaedc, 0xaedc, 0xaedc, 0xaedc, 0xaedc, 0xaedc, 0xaedc, 0xaedc, 0xaedc, 0xaedc, 0xaedc, 0xaedc, 0xaedc, 0xaedc, 0xaedc, 
	0xaedc, 0xaedc, 0xaedc, 0xaedc, 0xaedc, 0xaedc, 0xaedc, 0xaedc, 0xaedc, 0xaedc, 0xaedc, 0xaedc, 0xaedc, 0xaedc, 0xaedc, 0xaedc, 
	0xaedc, 0xaedc, 0xaedc, 0xaedc, 0xaedc, 0xaedc, 0xaedc, 0xaedc, 0xaedc, 0xaedc, 0xaedc, 0xaedc, 0xaedc, 0xaedc, 0xaedc, 0xaedc, 
	0xaedc, 0xaedc, 0xaedc, 0xaedc, 0xaedc, 0xaedc, 0xaedc, 0xaedc, 0xaedc, 0xaedc, 0xaedc, 0xaedc, 0xaedc, 0xaedc, 0xaedc, 0xaedc, 
	0xaedc, 0xaedc, 0xaedc, 0xaedc, 0xaedc, 0xaedc, 0xaedc, 0xaedc, 0xaebc, 0xaedc, 0xaedc, 0xaefc, 0xaefc, 0xaebc, 0xaebc, 0xb6dd, 
	0xb6dd, 0xb6dd, 0xb6dd, 0xaedc, 0xaedc, 0xaedc, 0xb6dd, 0xb6dd, 0xaedb, 0xb6dc, 0xae5b, 0x7432, 0x4aaa, 0x3186, 0x31a6, 0x3186, 
	0x3166, 0x31a6, 0x31a6, 0x3165, 0x39c7, 0x4aaa, 0x7472, 0xa67a, 0xb6dc, 0xaedc, 0xaefd, 0xaedd, 0xaebc, 0xb6dc, 0xb6dd, 0xb6bc, 
	0xaedc, 0xaefd, 0xaedc, 0xaebc, 0xb6dd, 0xb6dd, 0xaedd, 0xaedd, 0xaedc, 0xaedc, 0xaedc, 0xaedc, 0xaedc, 0xaedc, 0xaedc, 0xaedc, 
	0xaedc, 0xaedc, 0xaedc, 0xaedc, 0xaedc, 0xaedc, 0xaedc, 0xaedc, 0xaedc, 0xaedc, 0xaedc, 0xaedc, 0xaedc, 0xaedc, 0xaedc, 0xaedc, 
	0xaedc, 0xaedc, 0xaedc, 0xaedc, 0xaedc, 0xaedc, 0xaedc, 0xaedc, 0xaedc, 0xaedc, 0xaedc, 0xaedc, 0xaedc, 0xaedc, 0xaedc, 0xaedc, 
	0xaedc, 0xaedc, 0xaedc, 0xaedc, 0xaedc, 0xaedc, 0xaedc, 0xaedc, 0xaedc, 0xaedc, 0xaedc, 0xaedc, 0xaedc, 0xaedc, 0xaedc, 0xaedc, 
	0xaedc, 0xaedc, 0xaedc, 0xaedc, 0xaedc, 0xaedc, 0xaedc, 0xaedc, 0xaedc, 0xaedc, 0xaedc, 0xaedc, 0xaedc, 0xaedc, 0xaedc, 0xaedc, 
	0xaedc, 0xaedc, 0xaedc, 0xaedc, 0xaedc, 0xaedc, 0xaedc, 0xaedc, 0xaedc, 0xaedc, 0xaedc, 0xaedc, 0xaedc, 0xaedc, 0xaedc, 0xaedc, 
	0xaedc, 0xaedc, 0xaedc, 0xaedc, 0xaedc, 0xaedc, 0xaedc, 0xaedc, 0xaedc, 0xaedc, 0xaedc, 0xaedc, 0xaedc, 0xaedc, 0xaedc, 0xaedc, 
	0xaedc, 0xaedc, 0xaedc, 0xaedc, 0xaedc, 0xaedc, 0xaedc, 0xaedc, 0xaedc, 0xaedc, 0xaedc, 0xaedc, 0xaedc, 0xaedc, 0xaedc, 0xaedc, 
	0xaedc, 0xaedc, 0xaedc, 0xaedc, 0xaedc, 0xaedc, 0xaedc, 0xaedc, 0xaedc, 0xaedc, 0xaedc, 0xaedc, 0xaedc, 0xaedc, 0xaedc, 0xaedc, 
	0xaedc, 0xaedc, 0xaedc, 0xaedc, 0xaedc, 0xaedc, 0xaedc, 0xaedc, 0xaedc, 0xaedc, 0xaedc, 0xaedc, 0xaedc, 0xaedc, 0xaedc, 0xaedc, 
	0xaedc, 0xaedc, 0xaedc, 0xaedc, 0xaedc, 0xaedc, 0xaedc, 0xaedc, 0xaedc, 0xaedc, 0xaedc, 0xaedc, 0xaedc, 0xaedc, 0xaedc, 0xaedc, 
	0xaedc, 0xaedc, 0xaedc, 0xaedc, 0xaedc, 0xaedc, 0xaedc, 0xaedc, 0xaedc, 0xaedc, 0xaedc, 0xaedc, 0xaedc, 0xaedc, 0xaedc, 0xaedc, 
	0xaedc, 0xaedc, 0xaedc, 0xaedc, 0xaedc, 0xaedc, 0xaedc, 0xaedc, 0xaedc, 0xaedc, 0xaedc, 0xaedc, 0xaedc, 0xaedc, 0xaedc, 0xaedc, 
	0xaedc, 0xaedc, 0xaedc, 0xaedc, 0xaedc, 0xaedc, 0xaedc, 0xaedc, 0xaefd, 0xaedc, 0xaedc, 0xb6dc, 0xaedd, 0xaefd, 0xaedc, 0xaebc, 
	0xaedc, 0xaefd, 0xaefd, 0xaedc, 0xaedc, 0xaefd, 0xaefd, 0xaefd, 0xaedc, 0xa65a, 0x6bf0, 0x3a29, 0x31a6, 0x3185, 0x39c7, 0x3186, 
	0x31a6, 0x2986, 0x31a6, 0x3186, 0x3186, 0x2966, 0x424a, 0x7431, 0xa67a, 0xaedc, 0xaedd, 0xa6dc, 0xaefc, 0xaedc, 0xa6dc, 0xaefd, 
	0xaefd, 0xaedc, 0xaedc, 0xaedd, 0xaedd, 0xaedc, 0xaedc, 0xaedc, 0xaedc, 0xaedc, 0xaedc, 0xaedc, 0xaedc, 0xaedc, 0xaedc, 0xaedc, 
	0xaedc, 0xaedc, 0xaedc, 0xaedc, 0xaedc, 0xaedc, 0xaedc, 0xaedc, 0xaedc, 0xaedc, 0xaedc, 0xaedc, 0xaedc, 0xaedc, 0xaedc, 0xaedc, 
	0xaedc, 0xaedc, 0xaedc, 0xaedc, 0xaedc, 0xaedc, 0xaedc, 0xaedc, 0xaedc, 0xaedc, 0xaedc, 0xaedc, 0xaedc, 0xaedc, 0xaedc, 0xaedc, 
	0xaedc, 0xaedc, 0xaedc, 0xaedc, 0xaedc, 0xaedc, 0xaedc, 0xaedc, 0xaedc, 0xaedc, 0xaedc, 0xaedc, 0xaedc, 0xaedc, 0xaedc, 0xaedc, 
	0xaedc, 0xaedc, 0xaedc, 0xaedc, 0xaedc, 0xaedc, 0xaedc, 0xaedc, 0xaedc, 0xaedc, 0xaedc, 0xaedc, 0xaedc, 0xaedc, 0xaedc, 0xaedc, 
	0xaedc, 0xaedc, 0xaedc, 0xaedc, 0xaedc, 0xaedc, 0xaedc, 0xaedc, 0xaedc, 0xaedc, 0xaedc, 0xaedc, 0xaedc, 0xaedc, 0xaedc, 0xaedc, 
	0xaedc, 0xaedc, 0xaedc, 0xaedc, 0xaedc, 0xaedc, 0xaedc, 0xaedc, 0xaedc, 0xaedc, 0xaedc, 0xaedc, 0xaedc, 0xaedc, 0xaedc, 0xaedc, 
	0xaedc, 0xaedc, 0xaedc, 0xaedc, 0xaedc, 0xaedc, 0xaedc, 0xaedc, 0xaedc, 0xaedc, 0xaedc, 0xaedc, 0xaedc, 0xaedc, 0xaedc, 0xaedc, 
	0xaedc, 0xaedc, 0xaedc, 0xaedc, 0xaedc, 0xaedc, 0xaedc, 0xaedc, 0xaedc, 0xaedc, 0xaedc, 0xaedc, 0xaedc, 0xaedc, 0xaedc, 0xaedc, 
	0xaedc, 0xaedc, 0xaedc, 0xaedc, 0xaedc, 0xaedc, 0xaedc, 0xaedc, 0xaedc, 0xaedc, 0xaedc, 0xaedc, 0xaedc, 0xaedc, 0xaedc, 0xaedc, 
	0xaedc, 0xaedc, 0xaedc, 0xaedc, 0xaedc, 0xaedc, 0xaedc, 0xaedc, 0xaedc, 0xaedc, 0xaedc, 0xaedc, 0xaedc, 0xaedc, 0xaedc, 0xaedc, 
	0xaedc, 0xaedc, 0xaedc, 0xaedc, 0xaedc, 0xaedc, 0xaedc, 0xaedc, 0xaedc, 0xaedc, 0xaedc, 0xaedc, 0xaedc, 0xaedc, 0xaedc, 0xaedc, 
	0xaedc, 0xaedc, 0xaedc, 0xaedc, 0xaedc, 0xaedc, 0xaedc, 0xaedc, 0xaedc, 0xaedc, 0xaedc, 0xaedc, 0xaedc, 0xaedc, 0xaedc, 0xaedc, 
	0xaedc, 0xaedc, 0xaedc, 0xaedc, 0xaedc, 0xaedc, 0xaedc, 0xaedc, 0xaedc, 0xaebc, 0xb6bd, 0xb6bd, 0xaebc, 0xaedc, 0xaf1d, 0xaefc, 
	0xaedc, 0xaebb, 0xae9b, 0xae9b, 0xae9b, 0xaebc, 0xaedc, 0xaefc, 0xae9c, 0x7472, 0x3a29, 0x2965, 0x3185, 0x3186, 0x2965, 0x39a6, 
	0x39a6, 0x31a6, 0x39c6, 0x3185, 0x3186, 0x39a6, 0x3186, 0x4229, 0x74d4, 0xae9b, 0xb71d, 0xaedc, 0xaefc, 0xae9b, 0xa67a, 0xaebb, 
	0xaebb, 0xb6bc, 0xb6fd, 0xaedc, 0xa6bc, 0xaedc, 0xb6fd, 0xaebc, 0xaedc, 0xaedc, 0xaedc, 0xaedc, 0xaedc, 0xaedc, 0xaedc, 0xaedc, 
	0xaedc, 0xaedc, 0xaedc, 0xaedc, 0xaedc, 0xaedc, 0xaedc, 0xaedc, 0xaedc, 0xaedc, 0xaedc, 0xaedc, 0xaedc, 0xaedc, 0xaedc, 0xaedc, 
	0xaedc, 0xaedc, 0xaedc, 0xaedc, 0xaedc, 0xaedc, 0xaedc, 0xaedc, 0xaedc, 0xaedc, 0xaedc, 0xaedc, 0xaedc, 0xaedc, 0xaedc, 0xaedc, 
	0xaedc, 0xaedc, 0xaedc, 0xaedc, 0xaedc, 0xaedc, 0xaedc, 0xaedc, 0xaedc, 0xaedc, 0xaedc, 0xaedc, 0xaedc, 0xaedc, 0xaedc, 0xaedc, 
	0xaedc, 0xaedc, 0xaedc, 0xaedc, 0xaedc, 0xaedc, 0xaedc, 0xaedc, 0xaedc, 0xaedc, 0xaedc, 0xaedc, 0xaedc, 0xaedc, 0xaedc, 0xaedc, 
	0xaedc, 0xaedc, 0xaedc, 0xaedc, 0xaedc, 0xaedc, 0xaedc, 0xaedc, 0xaedc, 0xaedc, 0xaedc, 0xaedc, 0xaedc, 0xaedc, 0xaedc, 0xaedc, 
	0xaedc, 0xaedc, 0xaedc, 0xaedc, 0xaedc, 0xaedc, 0xaedc, 0xaedc, 0xaedc, 0xaedc, 0xaedc, 0xaedc, 0xaedc, 0xaedc, 0xaedc, 0xaedc, 
	0xaedc, 0xaedc, 0xaedc, 0xaedc, 0xaedc, 0xaedc, 0xaedc, 0xaedc, 0xaedc, 0xaedc, 0xaedc, 0xaedc, 0xaedc, 0xaedc, 0xaedc, 0xaedc, 
	0xaedc, 0xaedc, 0xaedc, 0xaedc, 0xaedc, 0xaedc, 0xaedc, 0xaedc, 0xaedc, 0xaedc, 0xaedc, 0xaedc, 0xaedc, 0xaedc, 0xaedc, 0xaedc, 
	0xaedc, 0xaedc, 0xaedc, 0xaedc, 0xaedc, 0xaedc, 0xaedc, 0xaedc, 0xaedc, 0xaedc, 0xaedc, 0xaedc, 0xaedc, 0xaedc, 0xaedc, 0xaedc, 
	0xaedc, 0xaedc, 0xaedc, 0xaedc, 0xaedc, 0xaedc, 0xaedc, 0xaedc, 0xaedc, 0xaedc, 0xaedc, 0xaedc, 0xaedc, 0xaedc, 0xaedc, 0xaedc, 
	0xaedc, 0xaedc, 0xaedc, 0xaedc, 0xaedc, 0xaedc, 0xaedc, 0xaedc, 0xaedc, 0xaedc, 0xaedc, 0xaedc, 0xaedc, 0xaedc, 0xaedc, 0xaedc, 
	0xaedc, 0xaedc, 0xaedc, 0xaedc, 0xaedc, 0xaedc, 0xaedc, 0xaedc, 0xaedc, 0xaedc, 0xaedc, 0xaedc, 0xaedc, 0xaedc, 0xaedc, 0xaedc, 
	0xaedc, 0xaedc, 0xaedc, 0xaedc, 0xaedc, 0xaedc, 0xaedc, 0xaedc, 0xaedc, 0xb6dd, 0xb6dd, 0xb6bd, 0xaedd, 0xaefd, 0xae9b, 0x9df8, 
	0x84f4, 0x6c11, 0x5b6e, 0x5b4e, 0x638f, 0x7431, 0x8d35, 0xae39, 0x9597, 0x428b, 0x31a6, 0x39a6, 0x3186, 0x39a6, 0x5aaa, 0x8bee, 
	0xb4d2, 0xa491, 0x8bce, 0x5289, 0x3185, 0x31a6, 0x31a6, 0x31a6, 0x4b0c, 0x9db7, 0xa619, 0x84f4, 0x7431, 0x638e, 0x5b4e, 0x636f, 
	0x6c11, 0x84f4, 0x9e19, 0xaebc, 0xaefd, 0xaedd, 0xaedc, 0xaedc, 0xaedc, 0xaedc, 0xaedc, 0xaedc, 0xaedc, 0xaedc, 0xaedc, 0xaedc, 
	0xaedc, 0xaedc, 0xaedc, 0xaedc, 0xaedc, 0xaedc, 0xaedc, 0xaedc, 0xaedc, 0xaedc, 0xaedc, 0xaedc, 0xaedc, 0xaedc, 0xaedc, 0xaedc, 
	0xaedc, 0xaedc, 0xaedc, 0xaedc, 0xaedc, 0xaedc, 0xaedc, 0xaedc, 0xaedc, 0xaedc, 0xaedc, 0xaedc, 0xaedc, 0xaedc, 0xaedc, 0xaedc, 
	0xaedc, 0xaedc, 0xaedc, 0xaedc, 0xaedc, 0xaedc, 0xaedc, 0xaedc, 0xaedc, 0xaedc, 0xaedc, 0xaedc, 0xaedc, 0xaedc, 0xaedc, 0xaedc, 
	0xaedc, 0xaedc, 0xaedc, 0xaedc, 0xaedc, 0xaedc, 0xaedc, 0xaedc, 0xaedc, 0xaedc, 0xaedc, 0xaedc, 0xaedc, 0xaedc, 0xaedc, 0xaedc, 
	0xaedc, 0xaedc, 0xaedc, 0xaedc, 0xaedc, 0xaedc, 0xaedc, 0xaedc, 0xaedc, 0xaedc, 0xaedc, 0xaedc, 0xaedc, 0xaedc, 0xaedc, 0xaedc, 
	0xaedc, 0xaedc, 0xaedc, 0xaedc, 0xaedc, 0xaedc, 0xaedc, 0xaedc, 0xaedc, 0xaedc, 0xaedc, 0xaedc, 0xaedc, 0xaedc, 0xaedc, 0xaedc, 
	0xaedc, 0xaedc, 0xaedc, 0xaedc, 0xaedc, 0xaedc, 0xaedc, 0xaedc, 0xaedc, 0xaedc, 0xaedc, 0xaedc, 0xaedc, 0xaedc, 0xaedc, 0xaedc, 
	0xaedc, 0xaedc, 0xaedc, 0xaedc, 0xaedc, 0xaedc, 0xaedc, 0xaedc, 0xaedc, 0xaedc, 0xaedc, 0xaedc, 0xaedc, 0xaedc, 0xaedc, 0xaedc, 
	0xaedc, 0xaedc, 0xaedc, 0xaedc, 0xaedc, 0xaedc, 0xaedc, 0xaedc, 0xaedc, 0xaedc, 0xaedc, 0xaedc, 0xaedc, 0xaedc, 0xaedc, 0xaedc, 
	0xaedc, 0xaedc, 0xaedc, 0xaedc, 0xaedc, 0xaedc, 0xaedc, 0xaedc, 0xaedc, 0xaedc, 0xaedc, 0xaedc, 0xaedc, 0xaedc, 0xaedc, 0xaedc, 
	0xaedc, 0xaedc, 0xaedc, 0xaedc, 0xaedc, 0xaedc, 0xaedc, 0xaedc, 0xaedc, 0xaedc, 0xaedc, 0xaedc, 0xaedc, 0xaedc, 0xaedc, 0xaedc, 
	0xaedc, 0xaedc, 0xaedc, 0xaedc, 0xaedc, 0xaedc, 0xaedc, 0xaedc, 0xaedc, 0xaedc, 0xaedc, 0xaedc, 0xaedc, 0xaedc, 0xaedc, 0xaedc, 
	0xaedc, 0xaedc, 0xaedc, 0xaedc, 0xaedc, 0xaedc, 0xaedc, 0xaedc, 0xaedc, 0xb6fd, 0xaedd, 0xaedd, 0xaefd, 0xa65a, 0x7c93, 0x5b0d, 
	0x3a28, 0x31a7, 0x2986, 0x3187, 0x31a7, 0x31c7, 0x426a, 0x5b4d, 0x634d, 0x31c7, 0x3185, 0x3186, 0x31a6, 0x6b0c, 0xc574, 0xeeb8, 
	0xfed9, 0xfefa, 0xee99, 0xbd54, 0x6b2b, 0x3186, 0x2966, 0x2986, 0x31e7, 0x636e, 0x5b4d, 0x4249, 0x31c7, 0x3186, 0x3186, 0x3166, 
	0x39e7, 0x3a49, 0x5b4e, 0x84f5, 0xae7b, 0xb6bc, 0xaebc, 0xaedd, 0xaedc, 0xaedc, 0xaedc, 0xaedc, 0xaedc, 0xaedc, 0xaedc, 0xaedc, 
	0xaedc, 0xaedc, 0xaedc, 0xaedc, 0xaedc, 0xaedc, 0xaedc, 0xaedc, 0xaedc, 0xaedc, 0xaedc, 0xaedc, 0xaedc, 0xaedc, 0xaedc, 0xaedc, 
	0xaedc, 0xaedc, 0xaedc, 0xaedc, 0xaedc, 0xaedc, 0xaedc, 0xaedc, 0xaedc, 0xaedc, 0xaedc, 0xaedc, 0xaedc, 0xaedc, 0xaedc, 0xaedc, 
	0xaedc, 0xaedc, 0xaedc, 0xaedc, 0xaedc, 0xaedc, 0xaedc, 0xaedc, 0xaedc, 0xaedc, 0xaedc, 0xaedc, 0xaedc, 0xaedc, 0xaedc, 0xaedc, 
	0xaedc, 0xaedc, 0xaedc, 0xaedc, 0xaedc, 0xaedc, 0xaedc, 0xaedc, 0xaedc, 0xaedc, 0xaedc, 0xaedc, 0xaedc, 0xaedc, 0xaedc, 0xaedc, 
	0xaedc, 0xaedc, 0xaedc, 0xaedc, 0xaedc, 0xaedc, 0xaedc, 0xaedc, 0xaedc, 0xaedc, 0xaedc, 0xaedc, 0xaedc, 0xaedc, 0xaedc, 0xaedc, 
	0xaedc, 0xaedc, 0xaedc, 0xaedc, 0xaedc, 0xaedc, 0xaedc, 0xaedc, 0xaedc, 0xaedc, 0xaedc, 0xaedc, 0xaedc, 0xaedc, 0xaedc, 0xaedc, 
	0xaedc, 0xaedc, 0xaedc, 0xaedc, 0xaedc, 0xaedc, 0xaedc, 0xaedc, 0xaedc, 0xaedc, 0xaedc, 0xaedc, 0xaedc, 0xaedc, 0xaedc, 0xaedc, 
	0xaedc, 0xaedc, 0xaedc, 0xaedc, 0xaedc, 0xaedc, 0xaedc, 0xaedc, 0xaedc, 0xaedc, 0xaedc, 0xaedc, 0xaedc, 0xaedc, 0xaedc, 0xaedc, 
	0xaedc, 0xaedc, 0xaedc, 0xaedc, 0xaedc, 0xaedc, 0xaedc, 0xaedc, 0xaedc, 0xaedc, 0xaedc, 0xaedc, 0xaedc, 0xaedc, 0xaedc, 0xaedc, 
	0xaedc, 0xaedc, 0xaedc, 0xaedc, 0xaedc, 0xaedc, 0xaedc, 0xaedc, 0xaedc, 0xaedc, 0xaedc, 0xaedc, 0xaedc, 0xaedc, 0xaedc, 0xaedc, 
	0xaedc, 0xaedc, 0xaedc, 0xaedc, 0xaedc, 0xaedc, 0xaedc, 0xaedc, 0xaedc, 0xaedc, 0xaedc, 0xaedc, 0xaedc, 0xaedc, 0xaedc, 0xaedc, 
	0xaedc, 0xaedc, 0xaedc, 0xaedc, 0xaedc, 0xaedc, 0xaedc, 0xaedc, 0xaedc, 0xaedc, 0xaedc, 0xaedc, 0xaedc, 0xaedc, 0xaedc, 0xaedc, 
	0xaedc, 0xaedc, 0xaedc, 0xaedc, 0xaedc, 0xaedc, 0xaedc, 0xaedc, 0xaedc, 0xaedc, 0xaedc, 0xaefc, 0x9e19, 0x6c11, 0x4249, 0x3166, 
	0x31a6, 0x31a6, 0x3186, 0x3186, 0x3185, 0x2965, 0x2985, 0x29a6, 0x39a6, 0x31a6, 0x31a6, 0x3186, 0x528a, 0xbd75, 0xf6d9, 0xff3a, 
	0xfef9, 0xfef9, 0xff1a, 0xf6d9, 0xacf3, 0x5248, 0x3186, 0x39a7, 0x31a6, 0x31a7, 0x2966, 0x2986, 0x31a6, 0x31a5, 0x31a6, 0x31a6, 
	0x3185, 0x3185, 0x2986, 0x426a, 0x7452, 0xa63a, 0xb6dd, 0xaedd, 0xaedc, 0xaedc, 0xaedc, 0xaedc, 0xaedc, 0xaedc, 0xaedc, 0xaedc, 
	0xaedc, 0xaedc, 0xaedc, 0xaedc, 0xaedc, 0xaedc, 0xaedc, 0xaedc, 0xaedc, 0xaedc, 0xaedc, 0xaedc, 0xaedc, 0xaedc, 0xaedc, 0xaedc, 
	0xaedc, 0xaedc, 0xaedc, 0xaedc, 0xaedc, 0xaedc, 0xaedc, 0xaedc, 0xaedc, 0xaedc, 0xaedc, 0xaedc, 0xaedc, 0xaedc, 0xaedc, 0xaedc, 
	0xaedc, 0xaedc, 0xaedc, 0xaedc, 0xaedc, 0xaedc, 0xaedc, 0xaedc, 0xaedc, 0xaedc, 0xaedc, 0xaedc, 0xaedc, 0xaedc, 0xaedc, 0xaedc, 
	0xaedc, 0xaedc, 0xaedc, 0xaedc, 0xaedc, 0xaedc, 0xaedc, 0xaedc, 0xaedc, 0xaedc, 0xaedc, 0xaedc, 0xaedc, 0xaedc, 0xaedc, 0xaedc, 
	0xaedc, 0xaedc, 0xaedc, 0xaedc, 0xaedc, 0xaedc, 0xaedc, 0xaedc, 0xaedc, 0xaedc, 0xaedc, 0xaedc, 0xaedc, 0xaedc, 0xaedc, 0xaedc, 
	0xaedc, 0xaedc, 0xaedc, 0xaedc, 0xaedc, 0xaedc, 0xaedc, 0xaedc, 0xaedc, 0xaedc, 0xaedc, 0xaedc, 0xaedc, 0xaedc, 0xaedc, 0xaedc, 
	0xaedc, 0xaedc, 0xaedc, 0xaedc, 0xaedc, 0xaedc, 0xaedc, 0xaedc, 0xaedc, 0xaedc, 0xaedc, 0xaedc, 0xaedc, 0xaedc, 0xaedc, 0xaedc, 
	0xaedc, 0xaedc, 0xaedc, 0xaedc, 0xaedc, 0xaedc, 0xaedc, 0xaedc, 0xaedc, 0xaedc, 0xaedc, 0xaedc, 0xaedc, 0xaedc, 0xaedc, 0xaedc, 
	0xaedc, 0xaedc, 0xaedc, 0xaedc, 0xaedc, 0xaedc, 0xaedc, 0xaedc, 0xaedc, 0xaedc, 0xaedc, 0xaedc, 0xaedc, 0xaedc, 0xaedc, 0xaedc, 
	0xaedc, 0xaedc, 0xaedc, 0xaedc, 0xaedc, 0xaedc, 0xaedc, 0xaedc, 0xaedc, 0xaedc, 0xaedc, 0xaedc, 0xaedc, 0xaedc, 0xaedc, 0xaedc, 
	0xaedc, 0xaedc, 0xaedc, 0xaedc, 0xaedc, 0xaedc, 0xaedc, 0xaedc, 0xaedc, 0xaedc, 0xaedc, 0xaedc, 0xaedc, 0xaedc, 0xaedc, 0xaedc, 
	0xaedc, 0xaedc, 0xaedc, 0xaedc, 0xaedc, 0xaedc, 0xaedc, 0xaedc, 0xaedc, 0xaedc, 0xaedc, 0xaedc, 0xaedc, 0xaedc, 0xaedc, 0xaedc, 
	0xaedc, 0xaedc, 0xaedc, 0xaedc, 0xaedc, 0xaedc, 0xaedc, 0xaedc, 0xb6dd, 0xaedc, 0xaefd, 0xa639, 0x6c11, 0x3a08, 0x2965, 0x31a6, 
	0x3186, 0x3186, 0x31a5, 0x31a6, 0x31a6, 0x31a6, 0x31a6, 0x31a6, 0x3186, 0x3186, 0x31a7, 0x31a6, 0x838d, 0xf6b9, 0xfed9, 0xfef9, 
	0xff19, 0xfef9, 0xfef9, 0xfefa, 0xe658, 0x734c, 0x3186, 0x3146, 0x39a6, 0x3186, 0x31a6, 0x31a7, 0x3185, 0x2965, 0x3185, 0x29a6, 
	0x3185, 0x39a6, 0x31a6, 0x2965, 0x3a49, 0x7c72, 0xa65a, 0xb6dd, 0xaedc, 0xaedc, 0xaedc, 0xaedc, 0xaedc, 0xaedc, 0xaedc, 0xaedc, 
	0xaedc, 0xaedc, 0xaedc, 0xaedc, 0xaedc, 0xaedc, 0xaedc, 0xaedc, 0xaedc, 0xaedc, 0xaedc, 0xaedc, 0xaedc, 0xaedc, 0xaedc, 0xaedc, 
	0xaedc, 0xaedc, 0xaedc, 0xaedc, 0xaedc, 0xaedc, 0xaedc, 0xaedc, 0xaedc, 0xaedc, 0xaedc, 0xaedc, 0xaedc, 0xaedc, 0xaedc, 0xaedc, 
	0xaedc, 0xaedc, 0xaedc, 0xaedc, 0xaedc, 0xaedc, 0xaedc, 0xaedc, 0xaedc, 0xaedc, 0xaedc, 0xaedc, 0xaedc, 0xaedc, 0xaedc, 0xaedc, 
	0xaedc, 0xaedc, 0xaedc, 0xaedc, 0xaedc, 0xaedc, 0xaedc, 0xaedc, 0xaedc, 0xaedc, 0xaedc, 0xaedc, 0xaedc, 0xaedc, 0xaedc, 0xaedc, 
	0xaedc, 0xaedc, 0xaedc, 0xaedc, 0xaedc, 0xaedc, 0xaedc, 0xaedc, 0xaedc, 0xaedc, 0xaedc, 0xaedc, 0xaedc, 0xaedc, 0xaedc, 0xaedc, 
	0xaedc, 0xaedc, 0xaedc, 0xaedc, 0xaedc, 0xaedc, 0xaedc, 0xaedc, 0xaedc, 0xaedc, 0xaedc, 0xaedc, 0xaedc, 0xaedc, 0xaedc, 0xaedc, 
	0xaedc, 0xaedc, 0xaedc, 0xaedc, 0xaedc, 0xaedc, 0xaedc, 0xaedc, 0xaedc, 0xaedc, 0xaedc, 0xaedc, 0xaedc, 0xaedc, 0xaedc, 0xaedc, 
	0xaedc, 0xaedc, 0xaedc, 0xaedc, 0xaedc, 0xaedc, 0xaedc, 0xaedc, 0xaedc, 0xaedc, 0xaedc, 0xaedc, 0xaedc, 0xaedc, 0xaedc, 0xaedc, 
	0xaedc, 0xaedc, 0xaedc, 0xaedc, 0xaedc, 0xaedc, 0xaedc, 0xaedc, 0xaedc, 0xaedc, 0xaedc, 0xaedc, 0xaedc, 0xaedc, 0xaedc, 0xaedc, 
	0xaedc, 0xaedc, 0xaedc, 0xaedc, 0xaedc, 0xaedc, 0xaedc, 0xaedc, 0xaedc, 0xaedc, 0xaedc, 0xaedc, 0xaedc, 0xaedc, 0xaedc, 0xaedc, 
	0xaedc, 0xaedc, 0xaedc, 0xaedc, 0xaedc, 0xaedc, 0xaedc, 0xaedc, 0xaedc, 0xaedc, 0xaedc, 0xaedc, 0xaedc, 0xaedc, 0xaedc, 0xaedc, 
	0xaedc, 0xaedc, 0xaedc, 0xaedc, 0xaedc, 0xaedc, 0xaedc, 0xaedc, 0xaedc, 0xaedc, 0xaedc, 0xaedc, 0xaedc, 0xaedc, 0xaedc, 0xaedc, 
	0xaedc, 0xaedc, 0xaedc, 0xaedc, 0xaedc, 0xaedc, 0xaedc, 0xaedc, 0xaebd, 0xaedd, 0xaebb, 0x84d4, 0x424a, 0x3166, 0x31a6, 0x29a5, 
	0x39a6, 0x4208, 0x528a, 0x5acb, 0x5289, 0x41e7, 0x3186, 0x3186, 0x3186, 0x31a7, 0x29a6, 0x41e7, 0x9c2f, 0xf698, 0xff1a, 0xff1a, 
	0xfefa, 0xfed9, 0xfed9, 0xfed9, 0xfefa, 0x83ce, 0x31a6, 0x31a6, 0x3186, 0x3186, 0x3186, 0x3186, 0x41e7, 0x5aaa, 0x62cb, 0x5a8a, 
	0x3a28, 0x3186, 0x39a6, 0x39a6, 0x2945, 0x428a, 0x8515, 0xaedc, 0xaedc, 0xaedc, 0xaedc, 0xaedc, 0xaedc, 0xaedc, 0xaedc, 0xaedc, 
	0xaedc, 0xaedc, 0xaedc, 0xaedc, 0xaedc, 0xaedc, 0xaedc, 0xaedc, 0xaedc, 0xaedc, 0xaedc, 0xaedc, 0xaedc, 0xaedc, 0xaedc, 0xaedc, 
	0xaedc, 0xaedc, 0xaedc, 0xaedc, 0xaedc, 0xaedc, 0xaedc, 0xaedc, 0xaedc, 0xaedc, 0xaedc, 0xaedc, 0xaedc, 0xaedc, 0xaedc, 0xaedc, 
	0xaedc, 0xaedc, 0xaedc, 0xaedc, 0xaedc, 0xaedc, 0xaedc, 0xaedc, 0xaedc, 0xaedc, 0xaedc, 0xaedc, 0xaedc, 0xaedc, 0xaedc, 0xaedc, 
	0xaedc, 0xaedc, 0xaedc, 0xaedc, 0xaedc, 0xaedc, 0xaedc, 0xaedc, 0xaedc, 0xaedc, 0xaedc, 0xaedc, 0xaedc, 0xaedc, 0xaedc, 0xaedc, 
	0xaedc, 0xaedc, 0xaedc, 0xaedc, 0xaedc, 0xaedc, 0xaedc, 0xaedc, 0xaedc, 0xaedc, 0xaedc, 0xaedc, 0xaedc, 0xaedc, 0xaedc, 0xaedc, 
	0xaedc, 0xaedc, 0xaedc, 0xaedc, 0xaedc, 0xaedc, 0xaedc, 0xaedc, 0xaedc, 0xaedc, 0xaedc, 0xaedc, 0xaedc, 0xaedc, 0xaedc, 0xaedc, 
	0xaedc, 0xaedc, 0xaedc, 0xaedc, 0xaedc, 0xaedc, 0xaedc, 0xaedc, 0xaedc, 0xaedc, 0xaedc, 0xaedc, 0xaedc, 0xaedc, 0xaedc, 0xaedc, 
	0xaedc, 0xaedc, 0xaedc, 0xaedc, 0xaedc, 0xaedc, 0xaedc, 0xaedc, 0xaedc, 0xaedc, 0xaedc, 0xaedc, 0xaedc, 0xaedc, 0xaedc, 0xaedc, 
	0xaedc, 0xaedc, 0xaedc, 0xaedc, 0xaedc, 0xaedc, 0xaedc, 0xaedc, 0xaedc, 0xaedc, 0xaedc, 0xaedc, 0xaedc, 0xaedc, 0xaedc, 0xaedc, 
	0xaedc, 0xaedc, 0xaedc, 0xaedc, 0xaedc, 0xaedc, 0xaedc, 0xaedc, 0xaedc, 0xaedc, 0xaedc, 0xaedc, 0xaedc, 0xaedc, 0xaedc, 0xaedc, 
	0xaedc, 0xaedc, 0xaedc, 0xaedc, 0xaedc, 0xaedc, 0xaedc, 0xaedc, 0xaedc, 0xaedc, 0xaedc, 0xaedc, 0xaedc, 0xaedc, 0xaedc, 0xaedc, 
	0xaedc, 0xaedc, 0xaedc, 0xaedc, 0xaedc, 0xaedc, 0xaedc, 0xaedc, 0xaedc, 0xaedc, 0xaedc, 0xaedc, 0xaedc, 0xaedc, 0xaedc, 0xaedc, 
	0xaedc, 0xaedc, 0xaedc, 0xaedc, 0xaedc, 0xaedc, 0xaedc, 0xaedc, 0xaedc, 0xb6dd, 0xa619, 0x530c, 0x31a6, 0x31a7, 0x2966, 0x41c6, 
	0x6b0b, 0xb4f2, 0xe617, 0xee78, 0xd5d5, 0xa470, 0x5a69, 0x31a6, 0x3185, 0x31a6, 0x29a6, 0x39c7, 0x9c70, 0xfef9, 0xfef9, 0xfefa, 
	0xfef9, 0xfefa, 0xfefa, 0xfed9, 0xfed9, 0x8bef, 0x31a6, 0x3186, 0x2986, 0x31a6, 0x3185, 0x62ca, 0xacd1, 0xde16, 0xe657, 0xddf6, 
	0xacd1, 0x6aca, 0x39a6, 0x31c7, 0x2966, 0x31a6, 0x5b6d, 0xa63a, 0xb6fd, 0xaedd, 0xaedc, 0xaedc, 0xaefc, 0xaedd, 0xaedc, 0xaedc, 
	0xaedd, 0xaedc, 0xaedc, 0xaedc, 0xaedc, 0xaedc, 0xaedd, 0xb6dd, 0xaedc, 0xaedc, 0xaedc, 0xaedc, 0xaedc, 0xaedc, 0xaedc, 0xaedc, 
	0xaedc, 0xaedc, 0xaedc, 0xaedc, 0xaedc, 0xaedc, 0xaedc, 0xaedc, 0xaedc, 0xaedc, 0xaedc, 0xaedc, 0xaedc, 0xaedc, 0xaedc, 0xaedc, 
	0xaedc, 0xaedc, 0xaedc, 0xaedc, 0xaedc, 0xaedc, 0xaedc, 0xaedc, 0xaedc, 0xaedc, 0xaedc, 0xaedc, 0xaedc, 0xaedc, 0xaedc, 0xaedc, 
	0xaedc, 0xaedc, 0xaedc, 0xaedc, 0xaedc, 0xaedc, 0xaedc, 0xaedc, 0xaedc, 0xaedc, 0xaedc, 0xaedc, 0xaedc, 0xaedc, 0xaedc, 0xaedc, 
	0xaedc, 0xaedc, 0xaedc, 0xaedc, 0xaedc, 0xaedc, 0xaedc, 0xaedc, 0xaedc, 0xaedc, 0xaedc, 0xaedc, 0xaedc, 0xaedc, 0xaedc, 0xaedc, 
	0xaedc, 0xaedc, 0xaedc, 0xaedc, 0xaedc, 0xaedc, 0xaedc, 0xaedc, 0xaedc, 0xaedc, 0xaedc, 0xaedc, 0xaedc, 0xaedc, 0xaedc, 0xaedc, 
	0xaedc, 0xaedc, 0xaedc, 0xaedc, 0xaedc, 0xaedc, 0xaedc, 0xaedc, 0xaedc, 0xaedc, 0xaedc, 0xaedc, 0xaedc, 0xaedc, 0xaedc, 0xaedc, 
	0xaedc, 0xaedc, 0xaedc, 0xaedc, 0xaedc, 0xaedc, 0xaedc, 0xaedc, 0xaedc, 0xaedc, 0xaedc, 0xaedc, 0xaedc, 0xaedc, 0xaedc, 0xaedc, 
	0xaedc, 0xaedc, 0xaedc, 0xaedc, 0xaedc, 0xaedc, 0xaedc, 0xaedc, 0xaedc, 0xaedc, 0xaedc, 0xaedc, 0xaedc, 0xaedc, 0xaedc, 0xaedc, 
	0xaedc, 0xaedc, 0xaedc, 0xaedc, 0xaedc, 0xaedc, 0xaedc, 0xaedc, 0xaedc, 0xaedc, 0xaedc, 0xaedc, 0xaedc, 0xaedc, 0xaedc, 0xaedc, 
	0xaedc, 0xaedc, 0xaedc, 0xaedc, 0xaedc, 0xaedc, 0xaedc, 0xaedc, 0xaedc, 0xaedc, 0xaedc, 0xaedc, 0xaedc, 0xaedc, 0xaedc, 0xaedc, 
	0xaedc, 0xaedc, 0xaedc, 0xaedc, 0xaedc, 0xaedc, 0xaedc, 0xaedc, 0xaedc, 0xaedc, 0xaedc, 0xaedc, 0xaedc, 0xaedc, 0xaedc, 0xaedc, 
	0xaedc, 0xaedc, 0xaedc, 0xaedc, 0xaedc, 0xaedc, 0xaedc, 0xaedc, 0xaedc, 0xaebc, 0x8515, 0x4249, 0x3186, 0x3186, 0x31a7, 0x6aeb, 
	0xd5f6, 0xf6da, 0xfefa, 0xfefa, 0xff1a, 0xf6b9, 0xb513, 0x5269, 0x3185, 0x31a6, 0x31a6, 0x39e7, 0x9c50, 0xfef9, 0xfef9, 0xfef9, 
	0xfef9, 0xfefa, 0xfefa, 0xfef9, 0xfed9, 0x8bcf, 0x31a6, 0x3186, 0x31c6, 0x3186, 0x62aa, 0xbd74, 0xf6b8, 0xff19, 0xfefa, 0xff1b, 
	0xf6da, 0xc594, 0x62ea, 0x2946, 0x31a6, 0x3186, 0x3a49, 0x9597, 0xaedd, 0xaebc, 0xaedc, 0xb6dd, 0xb6dd, 0xaedc, 0xaebc, 0xaedd, 
	0xb6fd, 0xaedc, 0xaedc, 0xaedc, 0xaedc, 0xb6fd, 0xaedd, 0xaebc, 0xaedc, 0xaedc, 0xaedc, 0xaedc, 0xaedc, 0xaedc, 0xaedc, 0xaedc, 
	0xaedc, 0xaedc, 0xaedc, 0xaedc, 0xaedc, 0xaedc, 0xaedc, 0xaedc, 0xaedc, 0xaedc, 0xaedc, 0xaedc, 0xaedc, 0xaedc, 0xaedc, 0xaedc, 
	0xaedc, 0xaedc, 0xaedc, 0xaedc, 0xaedc, 0xaedc, 0xaedc, 0xaedc, 0xaedc, 0xaedc, 0xaedc, 0xaedc, 0xaedc, 0xaedc, 0xaedc, 0xaedc, 
	0xaedc, 0xaedc, 0xaedc, 0xaedc, 0xaedc, 0xaedc, 0xaedc, 0xaedc, 0xaedc, 0xaedc, 0xaedc, 0xaedc, 0xaedc, 0xaedc, 0xaedc, 0xaedc, 
	0xaedc, 0xaedc, 0xaedc, 0xaedc, 0xaedc, 0xaedc, 0xaedc, 0xaedc, 0xaedc, 0xaedc, 0xaedc, 0xaedc, 0xaedc, 0xaedc, 0xaedc, 0xaedc, 
	0xaedc, 0xaedc, 0xaedc, 0xaedc, 0xaedc, 0xaedc, 0xaedc, 0xaedc, 0xaedc, 0xaedc, 0xaedc, 0xaedc, 0xaedc, 0xaedc, 0xaedc, 0xaedc, 
	0xaedc, 0xaedc, 0xaedc, 0xaedc, 0xaedc, 0xaedc, 0xaedc, 0xaedc, 0xaedc, 0xaedc, 0xaedc, 0xaedc, 0xaedc, 0xaedc, 0xaedc, 0xaedc, 
	0xaedc, 0xaedc, 0xaedc, 0xaedc, 0xaedc, 0xaedc, 0xaedc, 0xaedc, 0xaedc, 0xaedc, 0xaedc, 0xaedc, 0xaedc, 0xaedc, 0xaedc, 0xaedc, 
	0xaedc, 0xaedc, 0xaedc, 0xaedc, 0xaedc, 0xaedc, 0xaedc, 0xaedc, 0xaedc, 0xaedc, 0xaedc, 0xaedc, 0xaedc, 0xaedc, 0xaedc, 0xaedc, 
	0xaedc, 0xaedc, 0xaedc, 0xaedc, 0xaedc, 0xaedc, 0xaedc, 0xaedc, 0xaedc, 0xaedc, 0xaedc, 0xaedc, 0xaedc, 0xaedc, 0xaedc, 0xaedc, 
	0xaedc, 0xaedc, 0xaedc, 0xaedc, 0xaedc, 0xaedc, 0xaedc, 0xaedc, 0xaedc, 0xaedc, 0xaedc, 0xaedc, 0xaedc, 0xaedc, 0xaedc, 0xaedc, 
	0xaedc, 0xaedc, 0xaedc, 0xaedc, 0xaedc, 0xaedc, 0xaedc, 0xaedc, 0xaedc, 0xaedc, 0xaedc, 0xaedc, 0xaedc, 0xaedc, 0xaedc, 0xaedc, 
	0xaedc, 0xaedc, 0xaedc, 0xaedc, 0xaedc, 0xaedc, 0xaedc, 0xaedc, 0xaefd, 0xaebc, 0x6c11, 0x31c7, 0x3186, 0x3186, 0x4a08, 0xacd2, 
	0xf6b9, 0xff1a, 0xfef9, 0xfef9, 0xfef9, 0xff1a, 0xee99, 0x83ad, 0x31a6, 0x31a6, 0x2986, 0x39c7, 0x940f, 0xf6d9, 0xfef9, 0xfef9, 
	0xfef9, 0xfefa, 0xfefa, 0xfef9, 0xf6d9, 0x83ce, 0x3186, 0x3186, 0x3186, 0x39a6, 0x93ef, 0xf6b9, 0xff1a, 0xfef9, 0xfed9, 0xfefa, 
	0xfefa, 0xfed9, 0xa491, 0x39c7, 0x3986, 0x39a6, 0x31c7, 0x7473, 0xa6bc, 0xaedd, 0xb6fd, 0xaebc, 0xaebc, 0xaedc, 0xb6dd, 0xaedd, 
	0xb6fd, 0xaebc, 0xaedc, 0xb6dc, 0xaebc, 0xaedc, 0xb6fd, 0xaefc, 0xaedc, 0xaedc, 0xaedc, 0xaedc, 0xaedc, 0xaedc, 0xaedc, 0xaedc, 
	0xaedc, 0xaedc, 0xaedc, 0xaedc, 0xaedc, 0xaedc, 0xaedc, 0xaedc, 0xaedc, 0xaedc, 0xaedc, 0xaedc, 0xaedc, 0xaedc, 0xaedc, 0xaedc, 
	0xaedc, 0xaedc, 0xaedc, 0xaedc, 0xaedc, 0xaedc, 0xaedc, 0xaedc, 0xaedc, 0xaedc, 0xaedc, 0xaedc, 0xaedc, 0xaedc, 0xaedc, 0xaedc, 
	0xaedc, 0xaedc, 0xaedc, 0xaedc, 0xaedc, 0xaedc, 0xaedc, 0xaedc, 0xaedc, 0xaedc, 0xaedc, 0xaedc, 0xaedc, 0xaedc, 0xaedc, 0xaedc, 
	0xaedc, 0xaedc, 0xaedc, 0xaedc, 0xaedc, 0xaedc, 0xaedc, 0xaedc, 0xaedc, 0xaedc, 0xaedc, 0xaedc, 0xaedc, 0xaedc, 0xaedc, 0xaedc, 
	0xaedc, 0xaedc, 0xaedc, 0xaedc, 0xaedc, 0xaedc, 0xaedc, 0xaedc, 0xaedc, 0xaedc, 0xaedc, 0xaedc, 0xaedc, 0xaedc, 0xaedc, 0xaedc, 
	0xaedc, 0xaedc, 0xaedc, 0xaedc, 0xaedc, 0xaedc, 0xaedc, 0xaedc, 0xaedc, 0xaedc, 0xaedc, 0xaedc, 0xaedc, 0xaedc, 0xaedc, 0xaedc, 
	0xaedc, 0xaedc, 0xaedc, 0xaedc, 0xaedc, 0xaedc, 0xaedc, 0xaedc, 0xaedc, 0xaedc, 0xaedc, 0xaedc, 0xaedc, 0xaedc, 0xaedc, 0xaedc, 
	0xaedc, 0xaedc, 0xaedc, 0xaedc, 0xaedc, 0xaedc, 0xaedc, 0xaedc, 0xaedc, 0xaedc, 0xaedc, 0xaedc, 0xaedc, 0xaedc, 0xaedc, 0xaedc, 
	0xaedc, 0xaedc, 0xaedc, 0xaedc, 0xaedc, 0xaedc, 0xaedc, 0xaedc, 0xaedc, 0xaedc, 0xaedc, 0xaedc, 0xaedc, 0xaedc, 0xaedc, 0xaedc, 
	0xaedc, 0xaedc, 0xaedc, 0xaedc, 0xaedc, 0xaedc, 0xaedc, 0xaedc, 0xaedc, 0xaedc, 0xaedc, 0xaedc, 0xaedc, 0xaedc, 0xaedc, 0xaedc, 
	0xaedc, 0xaedc, 0xaedc, 0xaedc, 0xaedc, 0xaedc, 0xaedc, 0xaedc, 0xaedc, 0xaedc, 0xaedc, 0xaedc, 0xaedc, 0xaedc, 0xaedc, 0xaedc, 
	0xaedc, 0xaedc, 0xaedc, 0xaedc, 0xaedc, 0xaedc, 0xaedc, 0xaedc, 0xaedc, 0xaebc, 0x63af, 0x31a6, 0x39a6, 0x3166, 0x5a89, 0xde17, 
	0xfef9, 0xfed9, 0xfef9, 0xff19, 0xfef8, 0xfed9, 0xfefa, 0xa470, 0x39e6, 0x3186, 0x2986, 0x39a6, 0x8bce, 0xf6b9, 0xfef9, 0xfefa, 
	0xfef9, 0xfefa, 0xfefa, 0xfef9, 0xf6d9, 0x83ae, 0x3186, 0x3186, 0x31a6, 0x4a28, 0xbd13, 0xfefa, 0xfed9, 0xff19, 0xfef9, 0xfef9, 
	0xfed9, 0xfefa, 0xcd95, 0x5a89, 0x3166, 0x3185, 0x39e7, 0x7411, 0xaedc, 0xaedc, 0xaebb, 0xae7b, 0xa67a, 0xae9b, 0xaedc, 0xaedc, 
	0xaedc, 0xaedc, 0xaedd, 0xb6dd, 0xb6dd, 0xaedc, 0xaedc, 0xaedc, 0xaedc, 0xaedc, 0xaedc, 0xaedc, 0xaedc, 0xaedc, 0xaedc, 0xaedc, 
	0xaedc, 0xaedc, 0xaedc, 0xaedc, 0xaedc, 0xaedc, 0xaedc, 0xaedc, 0xaedc, 0xaedc, 0xaedc, 0xaedc, 0xaedc, 0xaedc, 0xaedc, 0xaedc, 
	0xaedc, 0xaedc, 0xaedc, 0xaedc, 0xaedc, 0xaedc, 0xaedc, 0xaedc, 0xaedc, 0xaedc, 0xaedc, 0xaedc, 0xaedc, 0xaedc, 0xaedc, 0xaedc, 
	0xaedc, 0xaedc, 0xaedc, 0xaedc, 0xaedc, 0xaedc, 0xaedc, 0xaedc, 0xaedc, 0xaedc, 0xaedc, 0xaedc, 0xaedc, 0xaedc, 0xaedc, 0xaedc, 
	0xaedc, 0xaedc, 0xaedc, 0xaedc, 0xaedc, 0xaedc, 0xaedc, 0xaedc, 0xaedc, 0xaedc, 0xaedc, 0xaedc, 0xaedc, 0xaedc, 0xaedc, 0xaedc, 
	0xaedc, 0xaedc, 0xaedc, 0xaedc, 0xaedc, 0xaedc, 0xaedc, 0xaedc, 0xaedc, 0xaedc, 0xaedc, 0xaedc, 0xaedc, 0xaedc, 0xaedc, 0xaedc, 
	0xaedc, 0xaedc, 0xaedc, 0xaedc, 0xaedc, 0xaedc, 0xaedc, 0xaedc, 0xaedc, 0xaedc, 0xaedc, 0xaedc, 0xaedc, 0xaedc, 0xaedc, 0xaedc, 
	0xaedc, 0xaedc, 0xaedc, 0xaedc, 0xaedc, 0xaedc, 0xaedc, 0xaedc, 0xaedc, 0xaedc, 0xaedc, 0xaedc, 0xaedc, 0xaedc, 0xaedc, 0xaedc, 
	0xaedc, 0xaedc, 0xaedc, 0xaedc, 0xaedc, 0xaedc, 0xaedc, 0xaedc, 0xaedc, 0xaedc, 0xaedc, 0xaedc, 0xaedc, 0xaedc, 0xaedc, 0xaedc, 
	0xaedc, 0xaedc, 0xaedc, 0xaedc, 0xaedc, 0xaedc, 0xaedc, 0xaedc, 0xaedc, 0xaedc, 0xaedc, 0xaedc, 0xaedc, 0xaedc, 0xaedc, 0xaedc, 
	0xaedc, 0xaedc, 0xaedc, 0xaedc, 0xaedc, 0xaedc, 0xaedc, 0xaedc, 0xaedc, 0xaedc, 0xaedc, 0xaedc, 0xaedc, 0xaedc, 0xaedc, 0xaedc, 
	0xaedc, 0xaedc, 0xaedc, 0xaedc, 0xaedc, 0xaedc, 0xaedc, 0xaedc, 0xaedc, 0xaedc, 0xaedc, 0xaedc, 0xaedc, 0xaedc, 0xaedc, 0xaedc, 
	0xaedc, 0xaedc, 0xaedc, 0xaedc, 0xaedc, 0xaedc, 0xaedc, 0xaedc, 0xaedc, 0xae9b, 0x5b6e, 0x3186, 0x3186, 0x3165, 0x62aa, 0xee77, 
	0xff1a, 0xfed9, 0xfefa, 0xfef9, 0xfef9, 0xfef9, 0xfefa, 0xacb1, 0x4207, 0x3186, 0x3186, 0x39a6, 0x8bce, 0xf6b9, 0xfef9, 0xfefa, 
	0xfef9, 0xfefa, 0xfefa, 0xfef9, 0xf6d9, 0x83ae, 0x3186, 0x3186, 0x2986, 0x5248, 0xcd95, 0xfed9, 0xfef9, 0xfef9, 0xfef9, 0xfef9, 
	0xff1a, 0xff1a, 0xd5d5, 0x5aaa, 0x31a6, 0x3185, 0x31a6, 0x638f, 0x95b7, 0x7cd3, 0x6c10, 0x63af, 0x63af, 0x63f0, 0x7cb3, 0x9597, 
	0xa67a, 0xb6fc, 0xb6fd, 0xaebc, 0xaedd, 0xb6fd, 0xaebc, 0xaebc, 0xaedc, 0xaedc, 0xaedc, 0xaedc, 0xaedc, 0xaedc, 0xaedc, 0xaedc, 
	0xaedc, 0xaedc, 0xaedc, 0xaedc, 0xaedc, 0xaedc, 0xaedc, 0xaedc, 0xaedc, 0xaedc, 0xaedc, 0xaedc, 0xaedc, 0xaedc, 0xaedc, 0xaedc, 
	0xaedc, 0xaedc, 0xaedc, 0xaedc, 0xaedc, 0xaedc, 0xaedc, 0xaedc, 0xaedc, 0xaedc, 0xaedc, 0xaedc, 0xaedc, 0xaedc, 0xaedc, 0xaedc, 
	0xaedc, 0xaedc, 0xaedc, 0xaedc, 0xaedc, 0xaedc, 0xaedc, 0xaedc, 0xaedc, 0xaedc, 0xaedc, 0xaedc, 0xaedc, 0xaedc, 0xaedc, 0xaedc, 
	0xaedc, 0xaedc, 0xaedc, 0xaedc, 0xaedc, 0xaedc, 0xaedc, 0xaedc, 0xaedc, 0xaedc, 0xaedc, 0xaedc, 0xaedc, 0xaedc, 0xaedc, 0xaedc, 
	0xaedc, 0xaedc, 0xaedc, 0xaedc, 0xaedc, 0xaedc, 0xaedc, 0xaedc, 0xaedc, 0xaedc, 0xaedc, 0xaedc, 0xaedc, 0xaedc, 0xaedc, 0xaedc, 
	0xaedc, 0xaedc, 0xaedc, 0xaedc, 0xaedc, 0xaedc, 0xaedc, 0xaedc, 0xaedc, 0xaedc, 0xaedc, 0xaedc, 0xaedc, 0xaedc, 0xaedc, 0xaedc, 
	0xaedc, 0xaedc, 0xaedc, 0xaedc, 0xaedc, 0xaedc, 0xaedc, 0xaedc, 0xaedc, 0xaedc, 0xaedc, 0xaedc, 0xaedc, 0xaedc, 0xaedc, 0xaedc, 
	0xaedc, 0xaedc, 0xaedc, 0xaedc, 0xaedc, 0xaedc, 0xaedc, 0xaedc, 0xaedc, 0xaedc, 0xaedc, 0xaedc, 0xaedc, 0xaedc, 0xaedc, 0xaedc, 
	0xaedc, 0xaedc, 0xaedc, 0xaedc, 0xaedc, 0xaedc, 0xaedc, 0xaedc, 0xaedc, 0xaedc, 0xaedc, 0xaedc, 0xaedc, 0xaedc, 0xaedc, 0xaedc, 
	0xaedc, 0xaedc, 0xaedc, 0xaedc, 0xaedc, 0xaedc, 0xaedc, 0xaedc, 0xaedc, 0xaedc, 0xaedc, 0xaedc, 0xaedc, 0xaedc, 0xaedc, 0xaedc, 
	0xaedc, 0xaedc, 0xaedc, 0xaedc, 0xaedc, 0xaedc, 0xaedc, 0xaedc, 0xaedc, 0xaedc, 0xaedc, 0xaedc, 0xaedc, 0xaedc, 0xaedc, 0xaedc, 
	0xaedc, 0xaedc, 0xaedc, 0xaedc, 0xaedc, 0xaedc, 0xaedc, 0xaedc, 0xaedd, 0xae7b, 0x5b4d, 0x3186, 0x3186, 0x3186, 0x62ca, 0xe657, 
	0xfef9, 0xfefa, 0xff1a, 0xfefa, 0xfef9, 0xff1a, 0xfefa, 0xbd53, 0x4a28, 0x3186, 0x31a7, 0x39c7, 0x942f, 0xf6d9, 0xfef9, 0xfef9, 
	0xfef9, 0xfefa, 0xfefa, 0xfef9, 0xf6d9, 0x83ce, 0x31a6, 0x3186, 0x29a6, 0x5268, 0xd5d5, 0xfed9, 0xff1a, 0xfef9, 0xfed9, 0xfef9, 
	0xfef9, 0xfef9, 0xd5d6, 0x5aaa, 0x31a6, 0x31a6, 0x31a6, 0x4269, 0x4aab, 0x3a08, 0x31a7, 0x31a7, 0x31a7, 0x31a7, 0x3a08, 0x4a8a, 
	0x6431, 0x95b7, 0xaebc, 0xaedd, 0xaedd, 0xaedd, 0xaebd, 0xb6fd, 0xaedc, 0xaedc, 0xaedc, 0xaedc, 0xaedc, 0xaedc, 0xaedc, 0xaedc, 
	0xaedc, 0xaedc, 0xaedc, 0xaedc, 0xaedc, 0xaedc, 0xaedc, 0xaedc, 0xaedc, 0xaedc, 0xaedc, 0xaedc, 0xaedc, 0xaedc, 0xaedc, 0xaedc, 
	0xaedc, 0xaedc, 0xaedc, 0xaedc, 0xaedc, 0xaedc, 0xaedc, 0xaedc, 0xaedc, 0xaedc, 0xaedc, 0xaedc, 0xaedc, 0xaedc, 0xaedc, 0xaedc, 
	0xaedc, 0xaedc, 0xaedc, 0xaedc, 0xaedc, 0xaedc, 0xaedc, 0xaedc, 0xaedc, 0xaedc, 0xaedc, 0xaedc, 0xaedc, 0xaedc, 0xaedc, 0xaedc, 
	0xaedc, 0xaedc, 0xaedc, 0xaedc, 0xaedc, 0xaedc, 0xaedc, 0xaedc, 0xaedc, 0xaedc, 0xaedc, 0xaedc, 0xaedc, 0xaedc, 0xaedc, 0xaedc, 
	0xaedc, 0xaedc, 0xaedc, 0xaedc, 0xaedc, 0xaedc, 0xaedc, 0xaedc, 0xaedc, 0xaedc, 0xaedc, 0xaedc, 0xaedc, 0xaedc, 0xaedc, 0xaedc, 
	0xaedc, 0xaedc, 0xaedc, 0xaedc, 0xaedc, 0xaedc, 0xaedc, 0xaedc, 0xaedc, 0xaedc, 0xaedc, 0xaedc, 0xaedc, 0xaedc, 0xaedc, 0xaedc, 
	0xaedc, 0xaedc, 0xaedc, 0xaedc, 0xaedc, 0xaedc, 0xaedc, 0xaedc, 0xaedc, 0xaedc, 0xaedc, 0xaedc, 0xaedc, 0xaedc, 0xaedc, 0xaedc, 
	0xaedc, 0xaedc, 0xaedc, 0xaedc, 0xaedc, 0xaedc, 0xaedc, 0xaedc, 0xaedc, 0xaedc, 0xaedc, 0xaedc, 0xaedc, 0xaedc, 0xaedc, 0xaedc, 
	0xaedc, 0xaedc, 0xaedc, 0xaedc, 0xaedc, 0xaedc, 0xaedc, 0xaedc, 0xaedc, 0xaedc, 0xaedc, 0xaedc, 0xaedc, 0xaedc, 0xaedc, 0xaedc, 
	0xaedc, 0xaedc, 0xaedc, 0xaedc, 0xaedc, 0xaedc, 0xaedc, 0xaedc, 0xaedc, 0xaedc, 0xaedc, 0xaedc, 0xaedc, 0xaedc, 0xaedc, 0xaedc, 
	0xaedc, 0xaedc, 0xaedc, 0xaedc, 0xaedc, 0xaedc, 0xaedc, 0xaedc, 0xaedc, 0xaedc, 0xaedc, 0xaedc, 0xaedc, 0xaedc, 0xaedc, 0xaedc, 
	0xaedc, 0xaedc, 0xaedc, 0xaedc, 0xaedc, 0xaedc, 0xaedc, 0xaedc, 0xaefd, 0xae7b, 0x5b6e, 0x3185, 0x31a6, 0x3187, 0x62cb, 0xe657, 
	0xff1a, 0xfed9, 0xfed9, 0xfefa, 0xfef9, 0xfef9, 0xfed9, 0xc574, 0x5248, 0x3186, 0x31a7, 0x39c7, 0x9c70, 0xf6d9, 0xfef9, 0xfef9, 
	0xfef9, 0xfefa, 0xfefa, 0xfef9, 0xfed9, 0x8bef, 0x31a6, 0x3186, 0x2986, 0x5269, 0xd5d5, 0xfed9, 0xff1a, 0xfefa, 0xfefa, 0xfefa, 
	0xfefa, 0xfef9, 0xde16, 0x5aaa, 0x2965, 0x31a6, 0x31a6, 0x3186, 0x3186, 0x3186, 0x3186, 0x3186, 0x3186, 0x3186, 0x3186, 0x3186, 
	0x29a7, 0x532d, 0x8d35, 0xae9b, 0xb6fd, 0xaedd, 0xaebc, 0xb6dd, 0xaedc, 0xaedc, 0xaedc, 0xaedc, 0xaedc, 0xaedc, 0xaedc, 0xaedc, 
	0xaedc, 0xaedc, 0xaedc, 0xaedc, 0xaedc, 0xaedc, 0xaedc, 0xaedc, 0xaedc, 0xaedc, 0xaedc, 0xaedc, 0xaedc, 0xaedc, 0xaedc, 0xaedc, 
	0xaedc, 0xaedc, 0xaedc, 0xaedc, 0xaedc, 0xaedc, 0xaedc, 0xaedc, 0xaedc, 0xaedc, 0xaedc, 0xaedc, 0xaedc, 0xaedc, 0xaedc, 0xaedc, 
	0xaedc, 0xaedc, 0xaedc, 0xaedc, 0xaedc, 0xaedc, 0xaedc, 0xaedc, 0xaedc, 0xaedc, 0xaedc, 0xaedc, 0xaedc, 0xaedc, 0xaedc, 0xaedc, 
	0xaedc, 0xaedc, 0xaedc, 0xaedc, 0xaedc, 0xaedc, 0xaedc, 0xaedc, 0xaedc, 0xaedc, 0xaedc, 0xaedc, 0xaedc, 0xaedc, 0xaedc, 0xaedc, 
	0xaedc, 0xaedc, 0xaedc, 0xaedc, 0xaedc, 0xaedc, 0xaedc, 0xaedc, 0xaedc, 0xaedc, 0xaedc, 0xaedc, 0xaedc, 0xaedc, 0xaedc, 0xaedc, 
	0xaedc, 0xaedc, 0xaedc, 0xaedc, 0xaedc, 0xaedc, 0xaedc, 0xaedc, 0xaedc, 0xaedc, 0xaedc, 0xaedc, 0xaedc, 0xaedc, 0xaedc, 0xaedc, 
	0xaedc, 0xaedc, 0xaedc, 0xaedc, 0xaedc, 0xaedc, 0xaedc, 0xaedc, 0xaedc, 0xaedc, 0xaedc, 0xaedc, 0xaedc, 0xaedc, 0xaedc, 0xaedc, 
	0xaedc, 0xaedc, 0xaedc, 0xaedc, 0xaedc, 0xaedc, 0xaedc, 0xaedc, 0xaedc, 0xaedc, 0xaedc, 0xaedc, 0xaedc, 0xaedc, 0xaedc, 0xaedc, 
	0xaedc, 0xaedc, 0xaedc, 0xaedc, 0xaedc, 0xaedc, 0xaedc, 0xaedc, 0xaedc, 0xaedc, 0xaedc, 0xaedc, 0xaedc, 0xaedc, 0xaedc, 0xaedc, 
	0xaedc, 0xaedc, 0xaedc, 0xaedc, 0xaedc, 0xaedc, 0xaedc, 0xaedc, 0xaedc, 0xaedc, 0xaedc, 0xaedc, 0xaedc, 0xaedc, 0xaedc, 0xaedc, 
	0xaedc, 0xaedc, 0xaedc, 0xaedc, 0xaedc, 0xaedc, 0xaedc, 0xaedc, 0xaedc, 0xaedc, 0xaedc, 0xaedc, 0xaedc, 0xaedc, 0xaedc, 0xaedc, 
	0xaedc, 0xaedc, 0xaedc, 0xaedc, 0xaedc, 0xaedc, 0xaedc, 0xaedc, 0xaedc, 0xae7b, 0x636e, 0x2965, 0x3186, 0x2987, 0x62ca, 0xe657, 
	0xff19, 0xfefa, 0xfefa, 0xfefa, 0xfef9, 0xfef9, 0xfefa, 0xc573, 0x5269, 0x3166, 0x31a7, 0x39c6, 0xa470, 0xf6d9, 0xfef9, 0xfefa, 
	0xfef9, 0xfefa, 0xfefa, 0xfef9, 0xfef9, 0x8bef, 0x39c7, 0x3186, 0x2986, 0x5a69, 0xd5d5, 0xff1a, 0xfef9, 0xfefa, 0xfefa, 0xfed9, 
	0xfefa, 0xfef9, 0xddd6, 0x5a8a, 0x31a7, 0x2986, 0x3185, 0x3186, 0x3186, 0x31a6, 0x31a6, 0x31a6, 0x29a6, 0x31a6, 0x31a6, 0x3186, 
	0x3986, 0x2965, 0x4b0c, 0x8d76, 0xaebc, 0xaefd, 0xaefc, 0xaedc, 0xaedc, 0xaedc, 0xaedc, 0xaedc, 0xaedc, 0xaedc, 0xaedc, 0xaedc, 
	0xaedc, 0xaedc, 0xaedc, 0xaedc, 0xaedc, 0xaedc, 0xaedc, 0xaedc, 0xaedc, 0xaedc, 0xaedc, 0xaedc, 0xaedc, 0xaedc, 0xaedc, 0xaedc, 
	0xaedc, 0xaedc, 0xaedc, 0xaedc, 0xaedc, 0xaedc, 0xaedc, 0xaedc, 0xaedc, 0xaedc, 0xaedc, 0xaedc, 0xaedc, 0xaedc, 0xaedc, 0xaedc, 
	0xaedc, 0xaedc, 0xaedc, 0xaedc, 0xaedc, 0xaedc, 0xaedc, 0xaedc, 0xaedc, 0xaedc, 0xaedc, 0xaedc, 0xaedc, 0xaedc, 0xaedc, 0xaedc, 
	0xaedc, 0xaedc, 0xaedc, 0xaedc, 0xaedc, 0xaedc, 0xaedc, 0xaedc, 0xaedc, 0xaedc, 0xaedc, 0xaedc, 0xaedc, 0xaedc, 0xaedc, 0xaedc, 
	0xaedc, 0xaedc, 0xaedc, 0xaedc, 0xaedc, 0xaedc, 0xaedc, 0xaedc, 0xaedc, 0xaedc, 0xaedc, 0xaedc, 0xaedc, 0xaedc, 0xaedc, 0xaedc, 
	0xaedc, 0xaedc, 0xaedc, 0xaedc, 0xaedc, 0xaedc, 0xaedc, 0xaedc, 0xaedc, 0xaedc, 0xaedc, 0xaedc, 0xaedc, 0xaedc, 0xaedc, 0xaedc, 
	0xaedc, 0xaedc, 0xaedc, 0xaedc, 0xaedc, 0xaedc, 0xaedc, 0xaedc, 0xaedc, 0xaedc, 0xaedc, 0xaedc, 0xaedc, 0xaedc, 0xaedc, 0xaedc, 
	0xaedc, 0xaedc, 0xaedc, 0xaedc, 0xaedc, 0xaedc, 0xaedc, 0xaedc, 0xaedc, 0xaedc, 0xaedc, 0xaedc, 0xaedc, 0xaedc, 0xaedc, 0xaedc, 
	0xaedc, 0xaedc, 0xaedc, 0xaedc, 0xaedc, 0xaedc, 0xaedc, 0xaedc, 0xaedc, 0xaedc, 0xaedc, 0xaedc, 0xaedc, 0xaedc, 0xaedc, 0xaedc, 
	0xaedc, 0xaedc, 0xaedc, 0xaedc, 0xaedc, 0xaedc, 0xaedc, 0xaedc, 0xaedc, 0xaedc, 0xaedc, 0xaedc, 0xaedc, 0xaedc, 0xaedc, 0xaedc, 
	0xaedc, 0xaedc, 0xaedc, 0xaedc, 0xaedc, 0xaedc, 0xaedc, 0xaedc, 0xaedc, 0xaedc, 0xaedc, 0xaedc, 0xaedc, 0xaedc, 0xaedc, 0xaedc, 
	0xaedc, 0xaedc, 0xaedc, 0xaedc, 0xaedc, 0xaedc, 0xaedc, 0xaedc, 0xaedd, 0xae9b, 0x5b4e, 0x3186, 0x3186, 0x3166, 0x5aca, 0xe657, 
	0xff19, 0xfef9, 0xfefa, 0xfef9, 0xfef9, 0xfef9, 0xfefa, 0xc574, 0x5249, 0x3186, 0x31a6, 0x41e7, 0x9c50, 0xfed9, 0xfef9, 0xfef9, 
	0xfef9, 0xfefa, 0xfefa, 0xfef9, 0xfed9, 0x8c0f, 0x39a6, 0x3186, 0x2986, 0x5248, 0xd5f6, 0xfef9, 0xfef9, 0xfefa, 0xfef9, 0xfef9, 
	0xfef9, 0xfefa, 0xddf6, 0x5aa9, 0x2965, 0x3186, 0x31a7, 0x3186, 0x29a6, 0x31a6, 0x4a28, 0x62a9, 0x62ca, 0x5248, 0x31a6, 0x31a6, 
	0x3185, 0x31a7, 0x31a7, 0x5b6d, 0xa619, 0xb6dd, 0xaedd, 0xaefc, 0xaedc, 0xaedc, 0xaedc, 0xaedc, 0xaedc, 0xaedc, 0xaedc, 0xaedc, 
	0xaedc, 0xaedc, 0xaedc, 0xaedc, 0xaedc, 0xaedc, 0xaedc, 0xaedc, 0xaedc, 0xaedc, 0xaedc, 0xaedc, 0xaedc, 0xaedc, 0xaedc, 0xaedc, 
	0xaedc, 0xaedc, 0xaedc, 0xaedc, 0xaedc, 0xaedc, 0xaedc, 0xaedc, 0xaedd, 0xaedd, 0xaebc, 0xb6dd, 0xb6dd, 0xaebd, 0xaedc, 0xaedc, 
	0xaebc, 0xb6dc, 0xaedc, 0xaebc, 0xaedd, 0xb6fd, 0xaedd, 0xaedc, 0xaedc, 0xaedc, 0xaedc, 0xaedc, 0xaedc, 0xaedc, 0xaedc, 0xaedc, 
	0xaedc, 0xaedc, 0xaedc, 0xaedc, 0xaedc, 0xaedc, 0xaedc, 0xaedc, 0xaedc, 0xaedc, 0xaedc, 0xaedc, 0xaedc, 0xaedc, 0xaedc, 0xaedc, 
	0xaedc, 0xaedc, 0xaedc, 0xaedc, 0xaedc, 0xaedc, 0xaedc, 0xaedc, 0xaedc, 0xaedc, 0xaedc, 0xaedc, 0xaedc, 0xaedc, 0xaedc, 0xaedc, 
	0xaedc, 0xaedc, 0xaedc, 0xaedc, 0xaedc, 0xaedc, 0xaedc, 0xaedc, 0xaedc, 0xaedc, 0xaedc, 0xaedc, 0xaedc, 0xaedc, 0xaedc, 0xaedc, 
	0xaedc, 0xaedc, 0xaedc, 0xaedc, 0xaedc, 0xaedc, 0xaedc, 0xaedc, 0xaedc, 0xaedc, 0xaedc, 0xaedc, 0xaedc, 0xaedc, 0xaedc, 0xaedc, 
	0xaedc, 0xaedc, 0xaedc, 0xaedc, 0xaedc, 0xaedc, 0xaedc, 0xaedc, 0xaedc, 0xaedc, 0xaedc, 0xaedc, 0xaedc, 0xaedc, 0xaedc, 0xaedc, 
	0xaedc, 0xaedc, 0xaedc, 0xaedc, 0xaedc, 0xaedc, 0xaedc, 0xaedc, 0xaedc, 0xaedc, 0xaedc, 0xaedc, 0xaedc, 0xaedc, 0xaedc, 0xaedc, 
	0xaedc, 0xaedc, 0xaedc, 0xaedc, 0xaedc, 0xaedc, 0xaedc, 0xaedc, 0xaedc, 0xaedc, 0xaedc, 0xaedc, 0xaedc, 0xaedc, 0xaedc, 0xaedc, 
	0xaedc, 0xaedc, 0xaedc, 0xaedc, 0xaedc, 0xaedc, 0xaedc, 0xaedc, 0xaedc, 0xaedc, 0xaedc, 0xaedc, 0xaedc, 0xaedc, 0xaedc, 0xaedc, 
	0xaedc, 0xaedc, 0xaedc, 0xaedc, 0xaedc, 0xaedc, 0xaedc, 0xaedc, 0xaedd, 0xae9b, 0x5b4e, 0x3186, 0x3186, 0x3166, 0x5aca, 0xe657, 
	0xff19, 0xfef9, 0xfefa, 0xfef9, 0xfef9, 0xfef9, 0xfefa, 0xc574, 0x5249, 0x3186, 0x31a6, 0x41e7, 0x9c50, 0xfed9, 0xfef9, 0xfef9, 
	0xfef9, 0xfefa, 0xfefa, 0xfef9, 0xfed9, 0x8c0f, 0x39a6, 0x3186, 0x2986, 0x5248, 0xd5f6, 0xfef9, 0xfef9, 0xfefa, 0xfef9, 0xfef9, 
	0xfef9, 0xfefa, 0xddf6, 0x5aa9, 0x2986, 0x31a6, 0x3186, 0x3185, 0x39a6, 0x83ae, 0xbd54, 0xd616, 0xde37, 0xbd74, 0x8bcf, 0x4a08, 
	0x31a5, 0x3186, 0x3186, 0x3a49, 0x7cb3, 0xae9c, 0xb6fd, 0xaefc, 0xaedc, 0xaedc, 0xaedc, 0xaedc, 0xaedc, 0xaedc, 0xaedc, 0xaedc, 
	0xaedc, 0xaedc, 0xaedc, 0xaedc, 0xaedc, 0xaedc, 0xaedc, 0xaedc, 0xaedc, 0xaedc, 0xaedc, 0xaedc, 0xaedc, 0xaedc, 0xaedc, 0xaedc, 
	0xaedc, 0xaedc, 0xaedc, 0xaedd, 0xaedd, 0xaedd, 0xaedc, 0xaedc, 0xaefd, 0xaefd, 0xaedd, 0xaedc, 0xaedc, 0xaefc, 0xaefc, 0xaedc, 
	0xb6fd, 0xb6fd, 0xaedd, 0xaedc, 0xaedc, 0xaebc, 0xaedc, 0xb6fd, 0xaedc, 0xaedc, 0xaedc, 0xaedc, 0xaedc, 0xaedc, 0xaedc, 0xaedc, 
	0xaedc, 0xaedc, 0xaedc, 0xaedc, 0xaedc, 0xaedc, 0xaedc, 0xaedc, 0xaedc, 0xaedc, 0xaedc, 0xaedc, 0xaedc, 0xaedc, 0xaedc, 0xaedc, 
	0xaedc, 0xaedc, 0xaedc, 0xaedc, 0xaedc, 0xaedc, 0xaedc, 0xaedc, 0xaedc, 0xaedc, 0xaedc, 0xaedc, 0xaedc, 0xaedc, 0xaedc, 0xaedc, 
	0xaedc, 0xaedc, 0xaedc, 0xaedc, 0xaedc, 0xaedc, 0xaedc, 0xaedc, 0xaedc, 0xaedc, 0xaedc, 0xaedc, 0xaedc, 0xaedc, 0xaedc, 0xaedc, 
	0xaedc, 0xaedc, 0xaedc, 0xaedc, 0xaedc, 0xaedc, 0xaedc, 0xaedc, 0xaedc, 0xaedc, 0xaedc, 0xaedc, 0xaedc, 0xaedc, 0xaedc, 0xaedc, 
	0xaedc, 0xaedc, 0xaedc, 0xaedc, 0xaedc, 0xaedc, 0xaedc, 0xaedc, 0xaedc, 0xaedc, 0xaedc, 0xaedc, 0xaedc, 0xaedc, 0xaedc, 0xaedc, 
	0xaedc, 0xaedc, 0xaedc, 0xaedc, 0xaedc, 0xaedc, 0xaedc, 0xaedc, 0xaedc, 0xaedc, 0xaedc, 0xaedc, 0xaedc, 0xaedc, 0xaedc, 0xaedc, 
	0xaedc, 0xaedc, 0xaedc, 0xaedc, 0xaedc, 0xaedc, 0xaedc, 0xaedc, 0xaedc, 0xaedc, 0xaedc, 0xaedc, 0xaedc, 0xaedc, 0xaedc, 0xaedc, 
	0xaedc, 0xaedc, 0xaedc, 0xaedc, 0xaedc, 0xaedc, 0xaedc, 0xaedc, 0xaedc, 0xaedc, 0xaedc, 0xaedc, 0xaedc, 0xaedc, 0xaedc, 0xaedc, 
	0xaedc, 0xaedc, 0xaedc, 0xaedc, 0xaedc, 0xaedc, 0xaedc, 0xaedc, 0xaedd, 0xae9b, 0x5b4e, 0x3186, 0x3186, 0x3166, 0x5aca, 0xe657, 
	0xff19, 0xfef9, 0xfefa, 0xfef9, 0xfef9, 0xfef9, 0xfefa, 0xc574, 0x5249, 0x3186, 0x31a6, 0x41e7, 0x9c50, 0xfed9, 0xfef9, 0xfef9, 
	0xfef9, 0xfefa, 0xfefa, 0xfef9, 0xfed9, 0x8c0f, 0x39a6, 0x3186, 0x2986, 0x5248, 0xd5f6, 0xfef9, 0xfef9, 0xfefa, 0xfef9, 0xfef9, 
	0xfef9, 0xfefa, 0xddf6, 0x5aa9, 0x31a6, 0x31a7, 0x3186, 0x39e7, 0x8bad, 0xd5f6, 0xfefa, 0xfefa, 0xff1a, 0xfefa, 0xe637, 0x9c50, 
	0x4207, 0x3165, 0x31a6, 0x2986, 0x5b6e, 0xae5b, 0xaedd, 0xaedc, 0xaedc, 0xaedc, 0xaedc, 0xaedc, 0xaedc, 0xaedc, 0xaedc, 0xaedc, 
	0xaedc, 0xaedc, 0xaedc, 0xaedc, 0xaedc, 0xaedc, 0xaedc, 0xaedc, 0xaedc, 0xaedc, 0xaedc, 0xaedc, 0xaedc, 0xaedc, 0xaedc, 0xaedc, 
	0xaedc, 0xaedc, 0xaedc, 0xaedc, 0xaedd, 0xaedd, 0xaedc, 0xaedc, 0xaedc, 0xaedc, 0xb6fc, 0xaedc, 0xaedc, 0xaedc, 0xaedc, 0xb6fd, 
	0xaedc, 0xaebc, 0xaedc, 0xb6fd, 0xaedd, 0xaedc, 0xaedc, 0xaedc, 0xaedc, 0xaedc, 0xaedc, 0xaedc, 0xaedc, 0xaedc, 0xaedc, 0xaedc, 
	0xaedc, 0xaedc, 0xaedc, 0xaedc, 0xaedc, 0xaedc, 0xaedc, 0xaedc, 0xaedc, 0xaedc, 0xaedc, 0xaedc, 0xaedc, 0xaedc, 0xaedc, 0xaedc, 
	0xaedc, 0xaedc, 0xaedc, 0xaedc, 0xaedc, 0xaedc, 0xaedc, 0xaedc, 0xaedc, 0xaedc, 0xaedc, 0xaedc, 0xaedc, 0xaedc, 0xaedc, 0xaedc, 
	0xaedc, 0xaedc, 0xaedc, 0xaedc, 0xaedc, 0xaedc, 0xaedc, 0xaedc, 0xaedc, 0xaedc, 0xaedc, 0xaedc, 0xaedc, 0xaedc, 0xaedc, 0xaedc, 
	0xaedc, 0xaedc, 0xaedc, 0xaedc, 0xaedc, 0xaedc, 0xaedc, 0xaedc, 0xaedc, 0xaedc, 0xaedc, 0xaedc, 0xaedc, 0xaedc, 0xaedc, 0xaedc, 
	0xaedc, 0xaedc, 0xaedc, 0xaedc, 0xaedc, 0xaedc, 0xaedc, 0xaedc, 0xaedc, 0xaedc, 0xaedc, 0xaedc, 0xaedc, 0xaedc, 0xaedc, 0xaedc, 
	0xaedc, 0xaedc, 0xaedc, 0xaedc, 0xaedc, 0xaedc, 0xaedc, 0xaedc, 0xaedc, 0xaedc, 0xaedc, 0xaedc, 0xaedc, 0xaedc, 0xaedc, 0xaedc, 
	0xaedc, 0xaedc, 0xaedc, 0xaedc, 0xaedc, 0xaedc, 0xaedc, 0xaedc, 0xaedc, 0xaedc, 0xaedc, 0xaedc, 0xaedc, 0xaedc, 0xaedc, 0xaedc, 
	0xaedc, 0xaedc, 0xaedc, 0xaedc, 0xaedc, 0xaedc, 0xaedc, 0xaedc, 0xaedc, 0xaedc, 0xaedc, 0xaedc, 0xaedc, 0xaedc, 0xaedc, 0xaedc, 
	0xaedc, 0xaedc, 0xaedc, 0xaedc, 0xaedc, 0xaedc, 0xaedc, 0xaedc, 0xaedd, 0xae9b, 0x5b4e, 0x3186, 0x3186, 0x3166, 0x5aca, 0xe657, 
	0xff19, 0xfef9, 0xfefa, 0xfef9, 0xfef9, 0xfef9, 0xfefa, 0xc574, 0x5249, 0x3186, 0x31a6, 0x41e7, 0x9c50, 0xfed9, 0xfef9, 0xfef9, 
	0xfef9, 0xfefa, 0xfefa, 0xfef9, 0xfed9, 0x8c0f, 0x39a6, 0x3186, 0x2986, 0x5248, 0xd5f6, 0xfef9, 0xfef9, 0xfefa, 0xfef9, 0xfef9, 
	0xfef9, 0xfefa, 0xddf6, 0x5aa9, 0x2986, 0x3186, 0x3186, 0x5289, 0xd5b4, 0xfefa, 0xfefa, 0xfed9, 0xfed9, 0xfef9, 0xff1a, 0xe616, 
	0x6b2b, 0x3186, 0x31a7, 0x3186, 0x4aab, 0x9df9, 0xaebc, 0xaefc, 0xaedc, 0xaedc, 0xaedc, 0xaedc, 0xaedc, 0xaedc, 0xaedc, 0xaedc, 
	0xaedc, 0xaedc, 0xaedc, 0xaedc, 0xaedc, 0xaedc, 0xaedc, 0xaedc, 0xaedc, 0xaedc, 0xaedc, 0xaedc, 0xaedc, 0xaedc, 0xaedc, 0xaedc, 
	0xaedc, 0xaedc, 0xaedc, 0xaedc, 0xaedc, 0xaedc, 0xaedc, 0xaedc, 0xb6dd, 0xb6dc, 0xb6dd, 0xb6dc, 0xb6dc, 0xaedc, 0xaebc, 0xb6dd, 
	0xaefd, 0xaedd, 0xaedd, 0xaedd, 0xaedc, 0xaedc, 0xb6fd, 0xaedc, 0xaedc, 0xaedc, 0xaedc, 0xaedc, 0xaedc, 0xaedc, 0xaedc, 0xaedc, 
	0xaedc, 0xaedc, 0xaedc, 0xaedc, 0xaedc, 0xaedc, 0xaedc, 0xaedc, 0xaedc, 0xaedc, 0xaedc, 0xaedc, 0xaedc, 0xaedc, 0xaedc, 0xaedc, 
	0xaedc, 0xaedc, 0xaedc, 0xaedc, 0xaedc, 0xaedc, 0xaedc, 0xaedc, 0xaedc, 0xaedc, 0xaedc, 0xaedc, 0xaedc, 0xaedc, 0xaedc, 0xaedc, 
	0xaedc, 0xaedc, 0xaedc, 0xaedc, 0xaedc, 0xaedc, 0xaedc, 0xaedc, 0xaedc, 0xaedc, 0xaedc, 0xaedc, 0xaedc, 0xaedc, 0xaedc, 0xaedc, 
	0xaedc, 0xaedc, 0xaedc, 0xaedc, 0xaedc, 0xaedc, 0xaedc, 0xaedc, 0xaedc, 0xaedc, 0xaedc, 0xaedc, 0xaedc, 0xaedc, 0xaedc, 0xaedc, 
	0xaedc, 0xaedc, 0xaedc, 0xaedc, 0xaedc, 0xaedc, 0xaedc, 0xaedc, 0xaedc, 0xaedc, 0xaedc, 0xaedc, 0xaedc, 0xaedc, 0xaedc, 0xaedc, 
	0xaedc, 0xaedc, 0xaedc, 0xaedc, 0xaedc, 0xaedc, 0xaedc, 0xaedc, 0xaedc, 0xaedc, 0xaedc, 0xaedc, 0xaedc, 0xaedc, 0xaedc, 0xaedc, 
	0xaedc, 0xaedc, 0xaedc, 0xaedc, 0xaedc, 0xaedc, 0xaedc, 0xaedc, 0xaedc, 0xaedc, 0xaedc, 0xaedc, 0xaedc, 0xaedc, 0xaedc, 0xaedc, 
	0xaedc, 0xaedc, 0xaedc, 0xaedc, 0xaedc, 0xaedc, 0xaedc, 0xaedc, 0xaedc, 0xaedc, 0xaedc, 0xaedc, 0xaedc, 0xaedc, 0xaedc, 0xaedc, 
	0xaedc, 0xaedc, 0xaedc, 0xaedc, 0xaedc, 0xaedc, 0xaedc, 0xaedc, 0xaedd, 0xae9b, 0x5b4e, 0x3186, 0x3186, 0x3166, 0x5aca, 0xe657, 
	0xff19, 0xfef9, 0xfefa, 0xfef9, 0xfef9, 0xfef9, 0xfefa, 0xc574, 0x5249, 0x3186, 0x31a6, 0x41e7, 0x9c50, 0xfed9, 0xfef9, 0xfef9, 
	0xfef9, 0xfefa, 0xfefa, 0xfef9, 0xfed9, 0x8c0f, 0x39a6, 0x3186, 0x2986, 0x5248, 0xd5f6, 0xfef9, 0xfef9, 0xfefa, 0xfef9, 0xfef9, 
	0xfef9, 0xfefa, 0xd5d6, 0x5a89, 0x2986, 0x3186, 0x3185, 0x6b2c, 0xee98, 0xfefa, 0xfefa, 0xff1a, 0xff1a, 0xfed9, 0xfefa, 0xf6b9, 
	0x942f, 0x39c7, 0x3186, 0x3166, 0x4249, 0x9576, 0xaebc, 0xaefd, 0xaedc, 0xaedc, 0xaedc, 0xaedc, 0xaedc, 0xaedc, 0xaedc, 0xaedc, 
	0xaedc, 0xaedc, 0xaedc, 0xaedc, 0xaedc, 0xaedc, 0xaedc, 0xaedc, 0xaedc, 0xaedc, 0xaedc, 0xaedc, 0xaedc, 0xaedc, 0xaedc, 0xaedc, 
	0xaedc, 0xaedd, 0xaedd, 0xaedc, 0xaedc, 0xaedc, 0xaedc, 0xaedc, 0xaedd, 0xaebc, 0xaebc, 0xaedc, 0xb6dd, 0xb6dd, 0xaedd, 0xb6dd, 
	0xaedc, 0xaedc, 0xaedd, 0xaedd, 0xaedc, 0xaedc, 0xaedc, 0xaedc, 0xaedc, 0xaedc, 0xaedc, 0xaedc, 0xaedc, 0xaedc, 0xaedc, 0xaedc, 
	0xaedc, 0xaedc, 0xaedc, 0xaedc, 0xaedc, 0xaedc, 0xaedc, 0xaedc, 0xaedc, 0xaedc, 0xaedc, 0xaedc, 0xaedc, 0xaedc, 0xaedc, 0xaedc, 
	0xaedc, 0xaedc, 0xaedc, 0xaedc, 0xaedc, 0xaedc, 0xaedc, 0xaedc, 0xaedc, 0xaedc, 0xaedc, 0xaedc, 0xaedc, 0xaedc, 0xaedc, 0xaedc, 
	0xaedc, 0xaedc, 0xaedc, 0xaedc, 0xaedc, 0xaedc, 0xaedc, 0xaedc, 0xaedc, 0xaedc, 0xaedc, 0xaedc, 0xaedc, 0xaedc, 0xaedc, 0xaedc, 
	0xaedc, 0xaedc, 0xaedc, 0xaedc, 0xaedc, 0xaedc, 0xaedc, 0xaedc, 0xaedc, 0xaedc, 0xaedc, 0xaedc, 0xaedc, 0xaedc, 0xaedc, 0xaedc, 
	0xaedc, 0xaedc, 0xaedc, 0xaedc, 0xaedc, 0xaedc, 0xaedc, 0xaedc, 0xaedc, 0xaedc, 0xaedc, 0xaedc, 0xaedc, 0xaedc, 0xaedc, 0xaedc, 
	0xaedc, 0xaedc, 0xaedc, 0xaedc, 0xaedc, 0xaedc, 0xaedc, 0xaedc, 0xaedc, 0xaedc, 0xaedc, 0xaedc, 0xaedc, 0xaedc, 0xaedc, 0xaedc, 
	0xaedc, 0xaedc, 0xaedc, 0xaedc, 0xaedc, 0xaedc, 0xaedc, 0xaedc, 0xaedc, 0xaedc, 0xaedc, 0xaedc, 0xaedc, 0xaedc, 0xaedc, 0xaedc, 
	0xaedc, 0xaedc, 0xaedc, 0xaedc, 0xaedc, 0xaedc, 0xaedc, 0xaedc, 0xaedc, 0xaedc, 0xaedc, 0xaedc, 0xaedc, 0xaedc, 0xaedc, 0xaedc, 
	0xaedc, 0xaedc, 0xaedc, 0xaedc, 0xaedc, 0xaedc, 0xaedc, 0xaedc, 0xaedd, 0xae9b, 0x5b4e, 0x3186, 0x3186, 0x3166, 0x5aca, 0xe657, 
	0xff19, 0xfef9, 0xfefa, 0xfef9, 0xfef9, 0xfef9, 0xfefa, 0xc574, 0x5249, 0x3186, 0x31a6, 0x41e7, 0x9c50, 0xfed9, 0xfef9, 0xfef9, 
	0xfef9, 0xfefa, 0xfefa, 0xfef9, 0xfed9, 0x8c0f, 0x39a6, 0x3186, 0x2986, 0x5248, 0xd5f6, 0xfef9, 0xfef9, 0xfefa, 0xfef9, 0xfef9, 
	0xff19, 0xfed9, 0xd5b5, 0x5a89, 0x29a6, 0x3186, 0x3165, 0x736c, 0xf6d9, 0xfef9, 0xfef9, 0xfef9, 0xfef9, 0xfef9, 0xfef9, 0xfef9, 
	0xa491, 0x41e7, 0x3186, 0x3186, 0x4229, 0x8d35, 0xaedc, 0xaedd, 0xaedc, 0xaedc, 0xaedc, 0xaedc, 0xaedc, 0xaedc, 0xaedc, 0xaedc, 
	0xaedc, 0xaedc, 0xaedc, 0xaedc, 0xaedc, 0xaedc, 0xaedc, 0xaedc, 0xaedc, 0xaedc, 0xaedc, 0xaedc, 0xaedc, 0xaedc, 0xaedc, 0xaedc, 
	0xaedc, 0xaedd, 0xaedd, 0xaedc, 0xaedc, 0xaedd, 0xb6fd, 0xaedd, 0xaefd, 0xaedc, 0xb6dc, 0xae9b, 0xa65a, 0xa67a, 0xa67b, 0xaedc, 
	0xb6dc, 0xb6dc, 0xaedc, 0xaedd, 0xaefd, 0xaedc, 0xaebc, 0xb6dc, 0xaedc, 0xaedc, 0xaedc, 0xaedc, 0xaedc, 0xaedc, 0xaedc, 0xaedc, 
	0xaedc, 0xaedc, 0xaedc, 0xaedc, 0xaedc, 0xaedc, 0xaedc, 0xaedc, 0xaedc, 0xaedc, 0xaedc, 0xaedc, 0xaedc, 0xaedc, 0xaedc, 0xaedc, 
	0xaedc, 0xaedc, 0xaedc, 0xaedc, 0xaedc, 0xaedc, 0xaedc, 0xaedc, 0xaedc, 0xaedc, 0xaedc, 0xaedc, 0xaedc, 0xaedc, 0xaedc, 0xaedc, 
	0xaedc, 0xaedc, 0xaedc, 0xaedc, 0xaedc, 0xaedc, 0xaedc, 0xaedc, 0xaedc, 0xaedc, 0xaedc, 0xaedc, 0xaedc, 0xaedc, 0xaedc, 0xaedc, 
	0xaedc, 0xaedc, 0xaedc, 0xaedc, 0xaedc, 0xaedc, 0xaedc, 0xaedc, 0xaedc, 0xaedc, 0xaedc, 0xaedc, 0xaedc, 0xaedc, 0xaedc, 0xaedc, 
	0xaedc, 0xaedc, 0xaedc, 0xaedc, 0xaedc, 0xaedc, 0xaedc, 0xaedc, 0xaedc, 0xaedc, 0xaedc, 0xaedc, 0xaedc, 0xaedc, 0xaedc, 0xaedc, 
	0xaedc, 0xaedc, 0xaedc, 0xaedc, 0xaedc, 0xaedc, 0xaedc, 0xaedc, 0xaedc, 0xaedc, 0xaedc, 0xaedc, 0xaedc, 0xaedc, 0xaedc, 0xaedc, 
	0xaedc, 0xaedc, 0xaedc, 0xaedc, 0xaedc, 0xaedc, 0xaedc, 0xaedc, 0xaedc, 0xaedc, 0xaedc, 0xaedc, 0xaedc, 0xaedc, 0xaedc, 0xaedc, 
	0xaedc, 0xaedc, 0xaedc, 0xaedc, 0xaedc, 0xaedc, 0xaedc, 0xaedc, 0xaedc, 0xaedc, 0xaedc, 0xaedc, 0xaedc, 0xaedc, 0xaedc, 0xaedc, 
	0xaedc, 0xaedc, 0xaedc, 0xaedc, 0xaedc, 0xaedc, 0xaedc, 0xaedc, 0xaedd, 0xae9b, 0x5b4e, 0x3186, 0x3186, 0x3166, 0x5aca, 0xe657, 
	0xff19, 0xfef9, 0xfefa, 0xfef9, 0xfef9, 0xfef9, 0xfefa, 0xc574, 0x5249, 0x3186, 0x31a6, 0x41e7, 0x9c50, 0xfed9, 0xfef9, 0xfef9, 
	0xfef9, 0xfefa, 0xfefa, 0xfef9, 0xfed9, 0x8c0f, 0x39a6, 0x3186, 0x2986, 0x5248, 0xd5f6, 0xfef9, 0xfef9, 0xfefa, 0xfef9, 0xfef9, 
	0xfef9, 0xfef9, 0xddd6, 0x5aa9, 0x29a6, 0x31a7, 0x3185, 0x7b8d, 0xf6b8, 0xfef9, 0xff1a, 0xfef9, 0xfefa, 0xfefa, 0xfef9, 0xfed9, 
	0xa491, 0x41e7, 0x29a6, 0x3186, 0x4229, 0x8535, 0xaedc, 0xaebd, 0xaedc, 0xaedc, 0xaedc, 0xaedc, 0xaedc, 0xaedc, 0xaedc, 0xaedc, 
	0xaedc, 0xaedc, 0xaedc, 0xaedc, 0xaedc, 0xaedc, 0xaedc, 0xaedc, 0xaedc, 0xaedc, 0xaedc, 0xaedc, 0xaedc, 0xaedc, 0xaedc, 0xaedc, 
	0xaedc, 0xaedc, 0xaedc, 0xaedc, 0xaedc, 0xb6fd, 0xaedc, 0xaebc, 0xaebb, 0x9597, 0x7c93, 0x5b8e, 0x532d, 0x5b8e, 0x6c51, 0x8d55, 
	0xa65a, 0xb6dc, 0xb6dc, 0xaebc, 0xaedd, 0xaedd, 0xaedc, 0xb6fd, 0xaedc, 0xaedc, 0xaedc, 0xaedc, 0xaedc, 0xaedc, 0xaedc, 0xaedc, 
	0xaedc, 0xaedc, 0xaedc, 0xaedc, 0xaedc, 0xaedc, 0xaedc, 0xaedc, 0xaedc, 0xaedc, 0xaedc, 0xaedc, 0xaedc, 0xaedc, 0xaedc, 0xaedc, 
	0xaedc, 0xaedc, 0xaedc, 0xaedc, 0xaedc, 0xaedc, 0xaedc, 0xaedc, 0xaedc, 0xaedc, 0xaedc, 0xaedc, 0xaedc, 0xaedc, 0xaedc, 0xaedc, 
	0xaedc, 0xaedc, 0xaedc, 0xaedc, 0xaedc, 0xaedc, 0xaedc, 0xaedc, 0xaedc, 0xaedc, 0xaedc, 0xaedc, 0xaedc, 0xaedc, 0xaedc, 0xaedc, 
	0xaedc, 0xaedc, 0xaedc, 0xaedc, 0xaedc, 0xaedc, 0xaedc, 0xaedc, 0xaedc, 0xaedc, 0xaedc, 0xaedc, 0xaedc, 0xaedc, 0xaedc, 0xaedc, 
	0xaedc, 0xaedc, 0xaedc, 0xaedc, 0xaedc, 0xaedc, 0xaedc, 0xaedc, 0xaedc, 0xaedc, 0xaedc, 0xaedc, 0xaedc, 0xaedc, 0xaedc, 0xaedc, 
	0xaedc, 0xaedc, 0xaedc, 0xaedc, 0xaedc, 0xaedc, 0xaedc, 0xaedc, 0xaedc, 0xaedc, 0xaedc, 0xaedc, 0xaedc, 0xaedc, 0xaedc, 0xaedc, 
	0xaedc, 0xaedc, 0xaedc, 0xaedc, 0xaedc, 0xaedc, 0xaedc, 0xaedc, 0xaedc, 0xaedc, 0xaedc, 0xaedc, 0xaedc, 0xaedc, 0xaedc, 0xaedc, 
	0xaedc, 0xaedc, 0xaedc, 0xaedc, 0xaedc, 0xaedc, 0xaedc, 0xaedc, 0xaedc, 0xaedc, 0xaedc, 0xaedc, 0xaedc, 0xaedc, 0xaedc, 0xaedc, 
	0xaedc, 0xaedc, 0xaedc, 0xaedc, 0xaedc, 0xaedc, 0xaedc, 0xaedc, 0xaedd, 0xae9b, 0x5b4e, 0x3186, 0x3186, 0x3166, 0x5aca, 0xe657, 
	0xff19, 0xfef9, 0xfefa, 0xfef9, 0xfef9, 0xfef9, 0xfefa, 0xc574, 0x5249, 0x3186, 0x31a6, 0x41e7, 0x9c50, 0xfed9, 0xfef9, 0xfef9, 
	0xfef9, 0xfefa, 0xfefa, 0xfef9, 0xfed9, 0x8c0f, 0x39a6, 0x3186, 0x2986, 0x5248, 0xd5f6, 0xfef9, 0xfef9, 0xfefa, 0xfef9, 0xfef9, 
	0xfef9, 0xfefa, 0xde17, 0x5aaa, 0x2985, 0x31a6, 0x3986, 0x83ce, 0xfeb8, 0xff19, 0xfef9, 0xfefa, 0xfefa, 0xfed9, 0xfef9, 0xfed9, 
	0xacb1, 0x39e7, 0x29a7, 0x3165, 0x4228, 0x8514, 0xaedc, 0xb6dd, 0xaedc, 0xaedc, 0xaedc, 0xaedc, 0xaedc, 0xaedc, 0xaedc, 0xaedc, 
	0xaedc, 0xaedc, 0xaedc, 0xaedc, 0xaedc, 0xaedc, 0xaedc, 0xaedc, 0xaedc, 0xaedc, 0xaedc, 0xaedc, 0xaedc, 0xaedc, 0xaedc, 0xaedc, 
	0xaedc, 0xaedc, 0xaedc, 0xaedc, 0xaedc, 0xb6fd, 0xaebc, 0xa69b, 0x7c72, 0x4acc, 0x31c7, 0x3186, 0x39a6, 0x3986, 0x31a7, 0x4249, 
	0x6431, 0x95f8, 0xb6fc, 0xaedc, 0xaedc, 0xb6fd, 0xaedc, 0xaedc, 0xaedc, 0xaedc, 0xaedc, 0xaedc, 0xaedc, 0xaedc, 0xaedc, 0xaedc, 
	0xaedc, 0xaedc, 0xaedc, 0xaedc, 0xaedc, 0xaedc, 0xaedc, 0xaedc, 0xaedc, 0xaedc, 0xaedc, 0xaedc, 0xaedc, 0xaedc, 0xaedc, 0xaedc, 
	0xaedc, 0xaedc, 0xaedc, 0xaedc, 0xaedc, 0xaedc, 0xaedc, 0xaedc, 0xaedc, 0xaedc, 0xaedc, 0xaedc, 0xaedc, 0xaedc, 0xaedc, 0xaedc, 
	0xaedc, 0xaedc, 0xaedc, 0xaedc, 0xaedc, 0xaedc, 0xaedc, 0xaedc, 0xaedc, 0xaedc, 0xaedc, 0xaedc, 0xaedc, 0xaedc, 0xaedc, 0xaedc, 
	0xaedc, 0xaedc, 0xaedc, 0xaedc, 0xaedc, 0xaedc, 0xaedc, 0xaedc, 0xaedc, 0xaedc, 0xaedc, 0xaedc, 0xaedc, 0xaedc, 0xaedc, 0xaedc, 
	0xaedc, 0xaedc, 0xaedc, 0xaedc, 0xaedc, 0xaedc, 0xaedc, 0xaedc, 0xaedc, 0xaedc, 0xaedc, 0xaedc, 0xaedc, 0xaedc, 0xaedc, 0xaedc, 
	0xaedc, 0xaedc, 0xaedc, 0xaedc, 0xaedc, 0xaedc, 0xaedc, 0xaedc, 0xaedc, 0xaedc, 0xaedc, 0xaedc, 0xaedc, 0xaedc, 0xaedc, 0xaedc, 
	0xaedc, 0xaedc, 0xaedc, 0xaedc, 0xaedc, 0xaedc, 0xaedc, 0xaedc, 0xaedc, 0xaedc, 0xaedc, 0xaedc, 0xaedc, 0xaedc, 0xaedc, 0xaedc, 
	0xaedc, 0xaedc, 0xaedc, 0xaedc, 0xaedc, 0xaedc, 0xaedc, 0xaedc, 0xaedc, 0xaedc, 0xaedc, 0xaedc, 0xaedc, 0xaedc, 0xaedc, 0xaedc, 
	0xaedc, 0xaedc, 0xaedc, 0xaedc, 0xaedc, 0xaedc, 0xaedc, 0xaedc, 0xaedd, 0xae9b, 0x5b4e, 0x3186, 0x3186, 0x3166, 0x5aca, 0xe657, 
	0xff19, 0xfef9, 0xfefa, 0xfef9, 0xfef9, 0xfef9, 0xfefa, 0xc574, 0x5249, 0x3186, 0x31a6, 0x41e7, 0x9c50, 0xfed9, 0xfef9, 0xfef9, 
	0xfef9, 0xfefa, 0xfefa, 0xfef9, 0xfed9, 0x8c0f, 0x39a6, 0x3186, 0x2986, 0x5248, 0xd5f6, 0xfef9, 0xfef9, 0xfefa, 0xfef9, 0xfef9, 
	0xfef9, 0xfef9, 0xde16, 0x5a89, 0x3186, 0x2986, 0x39a6, 0x83ce, 0xf6b9, 0xfefa, 0xfef9, 0xfef9, 0xfefa, 0xfef9, 0xfef9, 0xfef9, 
	0xacb1, 0x39e7, 0x3186, 0x3186, 0x4229, 0x8515, 0xaedc, 0xaedc, 0xaedc, 0xaedc, 0xaedc, 0xaedc, 0xaedc, 0xaedc, 0xaedc, 0xaedc, 
	0xaedc, 0xaedc, 0xaedc, 0xaedc, 0xaedc, 0xaedc, 0xaedc, 0xaedc, 0xaedc, 0xaedc, 0xaedc, 0xaedc, 0xaedc, 0xaedc, 0xaedc, 0xaedc, 
	0xaefd, 0xaebc, 0xb6dd, 0xaedd, 0xaedd, 0xaedc, 0xb69b, 0x7472, 0x4228, 0x31a6, 0x3186, 0x3186, 0x31a6, 0x2986, 0x31a6, 0x31a6, 
	0x39e7, 0x636e, 0xa619, 0xaefc, 0xaedc, 0xb6bd, 0xb6fd, 0xa6dc, 0xaedc, 0xaedc, 0xaedc, 0xaedc, 0xaedc, 0xaedc, 0xaedc, 0xaedc, 
	0xaedc, 0xaedc, 0xaedc, 0xaedc, 0xaedc, 0xaedc, 0xaedc, 0xaedc, 0xaedc, 0xaedc, 0xaedc, 0xaedc, 0xaedc, 0xaedc, 0xaedc, 0xaedc, 
	0xaedc, 0xaedc, 0xaedc, 0xaedc, 0xaedc, 0xaedc, 0xaedc, 0xaedc, 0xaedc, 0xaedc, 0xaedc, 0xaedc, 0xaedc, 0xaedc, 0xaedc, 0xaedc, 
	0xaedc, 0xaedc, 0xaedc, 0xaedc, 0xaedc, 0xaedc, 0xaedc, 0xaedc, 0xaedc, 0xaedc, 0xaedc, 0xaedc, 0xaedc, 0xaedc, 0xaedc, 0xaedc, 
	0xaedc, 0xaedc, 0xaedc, 0xaedc, 0xaedc, 0xaedc, 0xaedc, 0xaedc, 0xaedc, 0xaedc, 0xaedc, 0xaedc, 0xaedc, 0xaedc, 0xaedc, 0xaedc, 
	0xaedc, 0xaedc, 0xaedc, 0xaedc, 0xaedc, 0xaedc, 0xaedc, 0xaedc, 0xaedc, 0xaedc, 0xaedc, 0xaedc, 0xaedc, 0xaedc, 0xaedc, 0xaedc, 
	0xaedc, 0xaedc, 0xaedc, 0xaedc, 0xaedc, 0xaedc, 0xaedc, 0xaedc, 0xaedc, 0xaedc, 0xaedc, 0xaedc, 0xaedc, 0xaedc, 0xaedc, 0xaedc, 
	0xaedc, 0xaedc, 0xaedc, 0xaedc, 0xaedc, 0xaedc, 0xaedc, 0xaedc, 0xaedc, 0xaedc, 0xaedc, 0xaedc, 0xaedc, 0xaedc, 0xaedc, 0xaedc, 
	0xaedc, 0xaedc, 0xaedc, 0xaedc, 0xaedc, 0xaedc, 0xaedc, 0xaedc, 0xaedc, 0xaedc, 0xaedc, 0xaedc, 0xaedc, 0xaedc, 0xaedc, 0xaedc, 
	0xaedc, 0xaedc, 0xaedc, 0xaedc, 0xaedc, 0xaedc, 0xaedc, 0xaedc, 0xaedd, 0xae9b, 0x5b4e, 0x3186, 0x3186, 0x3166, 0x5aca, 0xe657, 
	0xff19, 0xfef9, 0xfefa, 0xfef9, 0xfef9, 0xfef9, 0xfefa, 0xc574, 0x5249, 0x3186, 0x31a6, 0x41e7, 0x9c50, 0xfed9, 0xfef9, 0xfef9, 
	0xfef9, 0xfefa, 0xfefa, 0xfef9, 0xfed9, 0x8c0f, 0x39a6, 0x3186, 0x2986, 0x5248, 0xd5f6, 0xfef9, 0xfef9, 0xfefa, 0xfef9, 0xfef9, 
	0xfef9, 0xfef9, 0xde16, 0x5a89, 0x3186, 0x2986, 0x39a6, 0x83ce, 0xf6b9, 0xfefa, 0xfef9, 0xfef9, 0xfefa, 0xfef9, 0xfef9, 0xfef9, 
	0xacb1, 0x39e7, 0x3186, 0x3186, 0x4229, 0x8515, 0xaedc, 0xaedc, 0xaedc, 0xaedc, 0xaedc, 0xaedc, 0xaedc, 0xaedc, 0xaedc, 0xaedc, 
	0xaedc, 0xaedc, 0xaedc, 0xaedc, 0xaedc, 0xaedc, 0xaedc, 0xaedc, 0xaedc, 0xaedc, 0xaedc, 0xaedc, 0xaedc, 0xaedc, 0xaedc, 0xaedc, 
	0xaedd, 0xaedc, 0xb6dd, 0xaebc, 0xaedd, 0xaebc, 0x8515, 0x3a6a, 0x3186, 0x3186, 0x31a6, 0x31a6, 0x3186, 0x3186, 0x31a6, 0x2965, 
	0x2965, 0x3a28, 0x7452, 0xa67a, 0xaefd, 0xb6dd, 0xb6dc, 0xaedc, 0xaedc, 0xaedc, 0xaedc, 0xaedc, 0xaedc, 0xaedc, 0xaedc, 0xaedc, 
	0xaedc, 0xaedc, 0xaedc, 0xaedc, 0xaedc, 0xaedc, 0xaedc, 0xaedc, 0xaedc, 0xaedc, 0xaedc, 0xaedc, 0xaedc, 0xaedc, 0xaedc, 0xaedc, 
	0xaedc, 0xaedc, 0xaedc, 0xaedc, 0xaedc, 0xaedc, 0xaedc, 0xaedc, 0xaedc, 0xaedc, 0xaedc, 0xaedc, 0xaedc, 0xaedc, 0xaedc, 0xaedc, 
	0xaedc, 0xaedc, 0xaedc, 0xaedc, 0xaedc, 0xaedc, 0xaedc, 0xaedc, 0xaedc, 0xaedc, 0xaedc, 0xaedc, 0xaedc, 0xaedc, 0xaedc, 0xaedc, 
	0xaedc, 0xaedc, 0xaedc, 0xaedc, 0xaedc, 0xaedc, 0xaedc, 0xaedc, 0xaedc, 0xaedc, 0xaedc, 0xaedc, 0xaedc, 0xaedc, 0xaedc, 0xaedc, 
	0xaedc, 0xaedc, 0xaedc, 0xaedc, 0xaedc, 0xaedc, 0xaedc, 0xaedc, 0xaedc, 0xaedc, 0xaedc, 0xaedc, 0xaedc, 0xaedc, 0xaedc, 0xaedc, 
	0xaedc, 0xaedc, 0xaedc, 0xaedc, 0xaedc, 0xaedc, 0xaedc, 0xaedc, 0xaedc, 0xaedc, 0xaedc, 0xaedc, 0xaedc, 0xaedc, 0xaedc, 0xaedc, 
	0xaedc, 0xaedc, 0xaedc, 0xaedc, 0xaedc, 0xaedc, 0xaedc, 0xaedc, 0xaedc, 0xaedc, 0xaedc, 0xaedc, 0xaedc, 0xaedc, 0xaedc, 0xaedc, 
	0xaedc, 0xaedc, 0xaedc, 0xaedc, 0xaedc, 0xaedc, 0xaedc, 0xaedc, 0xaedc, 0xaedc, 0xaedc, 0xaedc, 0xaedc, 0xaedc, 0xaedc, 0xaedc, 
	0xaedc, 0xaedc, 0xaedc, 0xaedc, 0xaedc, 0xaedc, 0xaedc, 0xaedc, 0xaedd, 0xae9b, 0x5b4e, 0x3186, 0x3186, 0x3166, 0x5aca, 0xe657, 
	0xff19, 0xfef9, 0xfefa, 0xfef9, 0xfef9, 0xfef9, 0xfefa, 0xc574, 0x5249, 0x3186, 0x31a6, 0x41e7, 0x9c50, 0xfed9, 0xfef9, 0xfef9, 
	0xfef9, 0xfefa, 0xfefa, 0xfef9, 0xfed9, 0x8c0f, 0x39a6, 0x3186, 0x2986, 0x5248, 0xd5f6, 0xfef9, 0xfef9, 0xfefa, 0xfef9, 0xfef9, 
	0xfef9, 0xfef9, 0xde16, 0x5a89, 0x3186, 0x2986, 0x39a6, 0x83ce, 0xf6b9, 0xfefa, 0xfef9, 0xfef9, 0xfefa, 0xfef9, 0xfef9, 0xfef9, 
	0xacb1, 0x39e7, 0x3186, 0x3186, 0x4229, 0x8515, 0xaedc, 0xaedc, 0xaedc, 0xaedc, 0xaedc, 0xaedc, 0xaedc, 0xaedc, 0xaedc, 0xaedc, 
	0xaedc, 0xaedc, 0xaedc, 0xaedc, 0xaedc, 0xaedc, 0xaedc, 0xaedc, 0xaedc, 0xaedc, 0xaedc, 0xaedc, 0xaedc, 0xaedc, 0xaedc, 0xaedc, 
	0xaedc, 0xaebc, 0xaedc, 0xaefd, 0xaedd, 0xae7b, 0x63af, 0x31a7, 0x3186, 0x31a6, 0x31a6, 0x4a69, 0x62eb, 0x52aa, 0x39c7, 0x3186, 
	0x31a6, 0x2986, 0x4acc, 0x9dd8, 0xb6fd, 0xaedd, 0xaebc, 0xaefd, 0xaedc, 0xaedc, 0xaedc, 0xaedc, 0xaedc, 0xaedc, 0xaedc, 0xaedc, 
	0xaedc, 0xaedc, 0xaedc, 0xaedc, 0xaedc, 0xaedc, 0xaedc, 0xaedc, 0xaedc, 0xaedc, 0xaedc, 0xaedc, 0xaedc, 0xaedc, 0xaedc, 0xaedc, 
	0xaedc, 0xaedc, 0xaedc, 0xaedc, 0xaedc, 0xaedc, 0xaedc, 0xaedc, 0xaedc, 0xaedc, 0xaedc, 0xaedc, 0xaedc, 0xaedc, 0xaedc, 0xaedc, 
	0xaedc, 0xaedc, 0xaedc, 0xaedc, 0xaedc, 0xaedc, 0xaedc, 0xaedc, 0xaedc, 0xaedc, 0xaedc, 0xaedc, 0xaedc, 0xaedc, 0xaedc, 0xaedc, 
	0xaedc, 0xaedc, 0xaedc, 0xaedc, 0xaedc, 0xaedc, 0xaedc, 0xaedc, 0xaedc, 0xaedc, 0xaedc, 0xaedc, 0xaedc, 0xaedc, 0xaedc, 0xaedc, 
	0xaedc, 0xaedc, 0xaedc, 0xaedc, 0xaedc, 0xaedc, 0xaedc, 0xaedc, 0xaedc, 0xaedc, 0xaedc, 0xaedc, 0xaedc, 0xaedc, 0xaedc, 0xaedc, 
	0xaedc, 0xaedc, 0xaedc, 0xaedc, 0xaedc, 0xaedc, 0xaedc, 0xaedc, 0xaedc, 0xaedc, 0xaedc, 0xaedc, 0xaedc, 0xaedc, 0xaedc, 0xaedc, 
	0xaedc, 0xaedc, 0xaedc, 0xaedc, 0xaedc, 0xaedc, 0xaedc, 0xaedc, 0xaedc, 0xaedc, 0xaedc, 0xaedc, 0xaedc, 0xaedc, 0xaedc, 0xaedc, 
	0xaedc, 0xaedc, 0xaedc, 0xaedc, 0xaedc, 0xaedc, 0xaedc, 0xaedc, 0xaedc, 0xaedc, 0xaedc, 0xaedc, 0xaedc, 0xaedc, 0xaedc, 0xaedc, 
	0xaedc, 0xaedc, 0xaedc, 0xaedc, 0xaedc, 0xaedc, 0xaedc, 0xaedc, 0xaedd, 0xae9b, 0x5b4e, 0x3186, 0x3186, 0x3166, 0x5aca, 0xe657, 
	0xff19, 0xfef9, 0xfefa, 0xfef9, 0xfef9, 0xfef9, 0xfefa, 0xc574, 0x5249, 0x3186, 0x31a6, 0x41e7, 0x9c50, 0xfed9, 0xfef9, 0xfef9, 
	0xfef9, 0xfefa, 0xfefa, 0xfef9, 0xfed9, 0x8c0f, 0x39a6, 0x3186, 0x2986, 0x5248, 0xd5f6, 0xfef9, 0xfef9, 0xfefa, 0xfef9, 0xfef9, 
	0xfef9, 0xfef9, 0xde16, 0x5a89, 0x3186, 0x2986, 0x39a6, 0x83ce, 0xf6b9, 0xfefa, 0xfef9, 0xfef9, 0xfefa, 0xfef9, 0xfef9, 0xfef9, 
	0xacb1, 0x39e7, 0x3186, 0x3186, 0x4229, 0x8515, 0xaedc, 0xaedc, 0xaedc, 0xaedc, 0xaedc, 0xaedc, 0xaedc, 0xaedc, 0xaedc, 0xaedc, 
	0xaedc, 0xaedc, 0xaedc, 0xaedc, 0xaedc, 0xaedc, 0xaedc, 0xaedc, 0xaedc, 0xaedc, 0xaedc, 0xaedc, 0xaedc, 0xaedc, 0xaedc, 0xaedc, 
	0xaedc, 0xaedc, 0xaedc, 0xaefd, 0xaedc, 0x95b7, 0x428a, 0x3186, 0x3186, 0x3186, 0x5aaa, 0xad55, 0xd679, 0xbdd7, 0x736d, 0x3186, 
	0x31c6, 0x3185, 0x39e8, 0x84f4, 0xaebc, 0xaedd, 0xaebc, 0xb6fc, 0xaedc, 0xaedc, 0xaedc, 0xaedc, 0xaedc, 0xaedc, 0xaedc, 0xaedc, 
	0xaedc, 0xaedc, 0xaedc, 0xaedc, 0xaedc, 0xaedc, 0xaedc, 0xaedc, 0xaedc, 0xaedc, 0xaedc, 0xaedc, 0xaedc, 0xaedc, 0xaedc, 0xaedc, 
	0xaedc, 0xaedc, 0xaedc, 0xaedc, 0xaedc, 0xaedc, 0xaedc, 0xaedc, 0xaedc, 0xaedc, 0xaedc, 0xaedc, 0xaedc, 0xaedc, 0xaedc, 0xaedc, 
	0xaedc, 0xaedc, 0xaedc, 0xaedc, 0xaedc, 0xaedc, 0xaedc, 0xaedc, 0xaedc, 0xaedc, 0xaedc, 0xaedc, 0xaedc, 0xaedc, 0xaedc, 0xaedc, 
	0xaedc, 0xaedc, 0xaedc, 0xaedc, 0xaedc, 0xaedc, 0xaedc, 0xaedc, 0xaedc, 0xaedc, 0xaedc, 0xaedc, 0xaedc, 0xaedc, 0xaedc, 0xaedc, 
	0xaedc, 0xaedc, 0xaedc, 0xaedc, 0xaedc, 0xaedc, 0xaedc, 0xaedc, 0xaedc, 0xaedc, 0xaedc, 0xaedc, 0xaedc, 0xaedc, 0xaedc, 0xaedc, 
	0xaedc, 0xaedc, 0xaedc, 0xaedc, 0xaedc, 0xaedc, 0xaedc, 0xaedc, 0xaedc, 0xaedc, 0xaedc, 0xaedc, 0xaedc, 0xaedc, 0xaedc, 0xaedc, 
	0xaedc, 0xaedc, 0xaedc, 0xaedc, 0xaedc, 0xaedc, 0xaedc, 0xaedc, 0xaedc, 0xaedc, 0xaedc, 0xaedc, 0xaedc, 0xaedc, 0xaedc, 0xaedc, 
	0xaedc, 0xaedc, 0xaedc, 0xaedc, 0xaedc, 0xaedc, 0xaedc, 0xaedc, 0xaedc, 0xaedc, 0xaedc, 0xaedc, 0xaedc, 0xaedc, 0xaedc, 0xaedc, 
	0xaedc, 0xaedc, 0xaedc, 0xaedc, 0xaedc, 0xaedc, 0xaedc, 0xaedc, 0xaedd, 0xae9b, 0x5b4e, 0x3186, 0x3186, 0x3166, 0x5aca, 0xe657, 
	0xff19, 0xfef9, 0xfefa, 0xfef9, 0xfef9, 0xfef9, 0xfefa, 0xc574, 0x5249, 0x3186, 0x31a6, 0x41e7, 0x9c50, 0xfed9, 0xfef9, 0xfef9, 
	0xfef9, 0xfefa, 0xfefa, 0xfef9, 0xfed9, 0x8c0f, 0x39a6, 0x3186, 0x2986, 0x5248, 0xd5f6, 0xfef9, 0xfef9, 0xfefa, 0xfef9, 0xfef9, 
	0xfef9, 0xfef9, 0xde16, 0x5a89, 0x3186, 0x2986, 0x39a6, 0x83ce, 0xf6b9, 0xfefa, 0xfef9, 0xfef9, 0xfefa, 0xfef9, 0xfef9, 0xfef9, 
	0xacb1, 0x39e7, 0x3186, 0x3186, 0x4229, 0x8515, 0xaedc, 0xaedc, 0xaedc, 0xaedc, 0xaedc, 0xaedc, 0xaedc, 0xaedc, 0xaedc, 0xaedc, 
	0xaedc, 0xaedc, 0xaedc, 0xaedc, 0xaedc, 0xaedc, 0xaedc, 0xaedc, 0xaedc, 0xaedc, 0xaedc, 0xaedc, 0xaedc, 0xaedc, 0xaedc, 0xaedc, 
	0xaedc, 0xb6fd, 0xaedc, 0xaedc, 0xaedc, 0x8d56, 0x3a29, 0x3165, 0x31a6, 0x39a6, 0x8c50, 0xef5d, 0xf79e, 0xf77d, 0xb575, 0x4a28, 
	0x2985, 0x3986, 0x39a7, 0x7452, 0xaebc, 0xaedd, 0xaedd, 0xaedc, 0xaedc, 0xaedc, 0xaedc, 0xaedc, 0xaedc, 0xaedc, 0xaedc, 0xaedc, 
	0xaedc, 0xaedc, 0xaedc, 0xaedc, 0xaedc, 0xaedc, 0xaedc, 0xaedc, 0xaedc, 0xaedc, 0xaedc, 0xaedc, 0xaedc, 0xaedc, 0xaedc, 0xaedc, 
	0xaedc, 0xaedc, 0xaedc, 0xaedc, 0xaedc, 0xaedc, 0xaedc, 0xaedc, 0xaedc, 0xaedc, 0xaedc, 0xaedc, 0xaedc, 0xaedc, 0xaedc, 0xaedc, 
	0xaedc, 0xaedc, 0xaedc, 0xaedc, 0xaedc, 0xaedc, 0xaedc, 0xaedc, 0xaedc, 0xaedc, 0xaedc, 0xaedc, 0xaedc, 0xaedc, 0xaedc, 0xaedc, 
	0xaedc, 0xaedc, 0xaedc, 0xaedc, 0xaedc, 0xaedc, 0xaedc, 0xaedc, 0xaedc, 0xaedc, 0xaedc, 0xaedc, 0xaedc, 0xaedc, 0xaedc, 0xaedc, 
	0xaedc, 0xaedc, 0xaedc, 0xaedc, 0xaedc, 0xaedc, 0xaedc, 0xaedc, 0xaedc, 0xaedc, 0xaedc, 0xaedc, 0xaedc, 0xaedc, 0xaedc, 0xaedc, 
	0xaedc, 0xaedc, 0xaedc, 0xaedc, 0xaedc, 0xaedc, 0xaedc, 0xaedc, 0xaedc, 0xaedc, 0xaedc, 0xaedc, 0xaedc, 0xaedc, 0xaedc, 0xaedc, 
	0xaedc, 0xaedc, 0xaedc, 0xaedc, 0xaedc, 0xaedc, 0xaedc, 0xaedc, 0xaedc, 0xaedc, 0xaedc, 0xaedc, 0xaedc, 0xaedc, 0xaedc, 0xaedc, 
	0xaedc, 0xaedc, 0xaedc, 0xaedc, 0xaedc, 0xaedc, 0xaedc, 0xaedc, 0xaedc, 0xaedc, 0xaedc, 0xaedc, 0xaedc, 0xaedc, 0xaedc, 0xaedc, 
	0xaedc, 0xaedc, 0xaedc, 0xaedc, 0xaedc, 0xaedc, 0xaedc, 0xaedc, 0xaedd, 0xae9b, 0x5b4e, 0x3186, 0x3186, 0x3166, 0x5aca, 0xe657, 
	0xff19, 0xfef9, 0xfefa, 0xfef9, 0xfef9, 0xfef9, 0xfefa, 0xc574, 0x5249, 0x3186, 0x31a6, 0x41e7, 0x9c50, 0xfed9, 0xfef9, 0xfef9, 
	0xfef9, 0xfefa, 0xfefa, 0xfef9, 0xfed9, 0x8c0f, 0x39a6, 0x3186, 0x2986, 0x5248, 0xd5f6, 0xfef9, 0xfef9, 0xfefa, 0xfef9, 0xfef9, 
	0xfef9, 0xfef9, 0xde16, 0x5a89, 0x3186, 0x2986, 0x39a6, 0x83ce, 0xf6b9, 0xfefa, 0xfef9, 0xfef9, 0xfefa, 0xfef9, 0xfef9, 0xfef9, 
	0xacb1, 0x39e7, 0x3186, 0x3186, 0x4229, 0x8515, 0xaedc, 0xaedc, 0xaedc, 0xaedc, 0xaedc, 0xaedc, 0xaedc, 0xaedc, 0xaedc, 0xaedc, 
	0xaedc, 0xaedc, 0xaedc, 0xaedc, 0xaedc, 0xaedc, 0xaedc, 0xaedc, 0xaedc, 0xaedc, 0xaedc, 0xaedc, 0xaedc, 0xaedc, 0xaedc, 0xaedc, 
	0xaedc, 0xaedc, 0xaebc, 0xaedd, 0xb6fd, 0x8d35, 0x4249, 0x3186, 0x31a6, 0x39e7, 0x9471, 0xef5d, 0xf77d, 0xf77d, 0xb596, 0x4a69, 
	0x3186, 0x39a6, 0x31c7, 0x7451, 0xaebc, 0xaedd, 0xaebd, 0xaedc, 0xaedc, 0xaedc, 0xaedc, 0xaedc, 0xaedc, 0xaedc, 0xaedc, 0xaedc, 
	0xaedc, 0xaedc, 0xaedc, 0xaedc, 0xaedc, 0xaedc, 0xaedc, 0xaedc, 0xaedc, 0xaedc, 0xaedc, 0xaedc, 0xaedc, 0xaedc, 0xaedc, 0xaedc, 
	0xaedc, 0xaedc, 0xaedc, 0xaedc, 0xaedc, 0xaedc, 0xaedc, 0xaedc, 0xaedc, 0xaedc, 0xaedc, 0xaedc, 0xaedc, 0xaedc, 0xaedc, 0xaedc, 
	0xaedc, 0xaedc, 0xaedc, 0xaedc, 0xaedc, 0xaedc, 0xaedc, 0xaedc, 0xaedc, 0xaedc, 0xaedc, 0xaedc, 0xaedc, 0xaedc, 0xaedc, 0xaedc, 
	0xaedc, 0xaedc, 0xaedc, 0xaedc, 0xaedc, 0xaedc, 0xaedc, 0xaedc, 0xaedc, 0xaedc, 0xaedc, 0xaedc, 0xaedc, 0xaedc, 0xaedc, 0xaedc, 
	0xaedc, 0xaedc, 0xaedc, 0xaedc, 0xaedc, 0xaedc, 0xaedc, 0xaedc, 0xaedc, 0xaedc, 0xaedc, 0xaedc, 0xaedc, 0xaedc, 0xaedc, 0xaedc, 
	0xaedc, 0xaedc, 0xaedc, 0xaedc, 0xaedc, 0xaedc, 0xaedc, 0xaedc, 0xaedc, 0xaedc, 0xaedc, 0xaedc, 0xaedc, 0xaedc, 0xaedc, 0xaedc, 
	0xaedc, 0xaedc, 0xaedc, 0xaedc, 0xaedc, 0xaedc, 0xaedc, 0xaedc, 0xaedc, 0xaedc, 0xaedc, 0xaedc, 0xaedc, 0xaedc, 0xaedc, 0xaedc, 
	0xaedc, 0xaedc, 0xaedc, 0xaedc, 0xaedc, 0xaedc, 0xaedc, 0xaedc, 0xaedc, 0xaedc, 0xaedc, 0xaedc, 0xaedc, 0xaedc, 0xaedc, 0xaedc, 
	0xaedc, 0xaedc, 0xaedc, 0xaedc, 0xaedc, 0xaedc, 0xaedc, 0xaedc, 0xaedd, 0xae9b, 0x5b4e, 0x3186, 0x3186, 0x3166, 0x5aca, 0xe657, 
	0xff19, 0xfef9, 0xfefa, 0xfef9, 0xfef9, 0xfef9, 0xfefa, 0xc574, 0x5249, 0x3186, 0x31a6, 0x41e7, 0x9c50, 0xfed9, 0xfef9, 0xfef9, 
	0xfef9, 0xfefa, 0xfefa, 0xfef9, 0xfed9, 0x8c0f, 0x39a6, 0x3186, 0x2986, 0x5248, 0xd5f6, 0xfef9, 0xfef9, 0xfefa, 0xfef9, 0xfef9, 
	0xfef9, 0xfef9, 0xde16, 0x5a89, 0x3186, 0x2986, 0x39a6, 0x83ce, 0xf6b9, 0xfefa, 0xfef9, 0xfef9, 0xfefa, 0xfef9, 0xfef9, 0xfef9, 
	0xacb1, 0x39e7, 0x3186, 0x3186, 0x4229, 0x8515, 0xaedc, 0xaedc, 0xaedc, 0xaedc, 0xaedc, 0xaedc, 0xaedc, 0xaedc, 0xaedc, 0xaedc, 
	0xaedc, 0xaedc, 0xaedc, 0xaedc, 0xaedc, 0xaedc, 0xaedc, 0xaedc, 0xaedc, 0xaedc, 0xaedc, 0xaedc, 0xaedc, 0xaedc, 0xaedc, 0xaedc, 
	0xaefd, 0xaedc, 0xaedc, 0xaedd, 0xb6dd, 0x8d77, 0x428a, 0x3186, 0x2985, 0x31a6, 0x6b2d, 0xc5f7, 0xe71c, 0xd679, 0x83ef, 0x31a6, 
	0x3186, 0x3166, 0x31e7, 0x7cd3, 0xaebc, 0xaedd, 0xaedd, 0xb6fc, 0xaedc, 0xaedc, 0xaedc, 0xaedc, 0xaedc, 0xaedc, 0xaedc, 0xaedc, 
	0xaedc, 0xaedc, 0xaedc, 0xaedc, 0xaedc, 0xaedc, 0xaedc, 0xaedc, 0xaedc, 0xaedc, 0xaedc, 0xaedc, 0xaedc, 0xaedc, 0xaedc, 0xaedc, 
	0xaedc, 0xaedc, 0xaedc, 0xaedc, 0xaedc, 0xaedc, 0xaedc, 0xaedc, 0xaedc, 0xaedc, 0xaedc, 0xaedc, 0xaedc, 0xaedc, 0xaedc, 0xaedc, 
	0xaedc, 0xaedc, 0xaedc, 0xaedc, 0xaedc, 0xaedc, 0xaedc, 0xaedc, 0xaedc, 0xaedc, 0xaedc, 0xaedc, 0xaedc, 0xaedc, 0xaedc, 0xaedc, 
	0xaedc, 0xaedc, 0xaedc, 0xaedc, 0xaedc, 0xaedc, 0xaedc, 0xaedc, 0xaedc, 0xaedc, 0xaedc, 0xaedc, 0xaedc, 0xaedc, 0xaedc, 0xaedc, 
	0xaedc, 0xaedc, 0xaedc, 0xaedc, 0xaedc, 0xaedc, 0xaedc, 0xaedc, 0xaedc, 0xaedc, 0xaedc, 0xaedc, 0xaedc, 0xaedc, 0xaedc, 0xaedc, 
	0xaedc, 0xaedc, 0xaedc, 0xaedc, 0xaedc, 0xaedc, 0xaedc, 0xaedc, 0xaedc, 0xaedc, 0xaedc, 0xaedc, 0xaedc, 0xaedc, 0xaedc, 0xaedc, 
	0xaedc, 0xaedc, 0xaedc, 0xaedc, 0xaedc, 0xaedc, 0xaedc, 0xaedc, 0xaedc, 0xaedc, 0xaedc, 0xaedc, 0xaedc, 0xaedc, 0xaedc, 0xaedc, 
	0xaedc, 0xaedc, 0xaedc, 0xaedc, 0xaedc, 0xaedc, 0xaedc, 0xaedc, 0xaedc, 0xaedc, 0xaedc, 0xaedc, 0xaedc, 0xaedc, 0xaedc, 0xaedc, 
	0xaedc, 0xaedc, 0xaedc, 0xaedc, 0xaedc, 0xaedc, 0xaedc, 0xaedc, 0xaedd, 0xae9b, 0x5b4e, 0x3186, 0x3186, 0x3166, 0x5aca, 0xe657, 
	0xff19, 0xfef9, 0xfefa, 0xfef9, 0xfef9, 0xfef9, 0xfefa, 0xc574, 0x5249, 0x3186, 0x31a6, 0x41e7, 0x9c50, 0xfed9, 0xfef9, 0xfef9, 
	0xfef9, 0xfefa, 0xfefa, 0xfef9, 0xfed9, 0x8c0f, 0x39a6, 0x3186, 0x2986, 0x5248, 0xd5f6, 0xfef9, 0xfef9, 0xfefa, 0xfef9, 0xfef9, 
	0xfef9, 0xfef9, 0xde16, 0x5a89, 0x3186, 0x2986, 0x39a6, 0x83ce, 0xf6b9, 0xfefa, 0xfef9, 0xfef9, 0xfefa, 0xfef9, 0xfef9, 0xfef9, 
	0xacb1, 0x39e7, 0x3186, 0x3186, 0x4229, 0x8515, 0xaedc, 0xaedc, 0xaedc, 0xaedc, 0xaedc, 0xaedc, 0xaedc, 0xaedc, 0xaedc, 0xaedc, 
	0xaedc, 0xaedc, 0xaedc, 0xaedc, 0xaedc, 0xaedc, 0xaedc, 0xaedc, 0xaedc, 0xaedc, 0xaedc, 0xaedc, 0xaedc, 0xaedc, 0xaedc, 0xaedc, 
	0xaedc, 0xaedc, 0xb6dd, 0xaedd, 0xb6dd, 0xae5a, 0x532d, 0x31a6, 0x31a7, 0x2965, 0x39a6, 0x62eb, 0x738e, 0x630c, 0x4208, 0x31a6, 
	0x3187, 0x31a6, 0x428a, 0x95b7, 0xaedc, 0xb6dd, 0xaebc, 0xaedc, 0xaedc, 0xaedc, 0xaedc, 0xaedc, 0xaedc, 0xaedc, 0xaedc, 0xaedc, 
	0xaedc, 0xaedc, 0xaedc, 0xaedc, 0xaedc, 0xaedc, 0xaedc, 0xaedc, 0xaedc, 0xaedc, 0xaedc, 0xaedc, 0xaedc, 0xaedc, 0xaedc, 0xaedc, 
	0xaedc, 0xaedc, 0xaedc, 0xaedc, 0xaedc, 0xaedc, 0xaedc, 0xaedc, 0xaedc, 0xaedc, 0xaedc, 0xaedc, 0xaedc, 0xaedc, 0xaedc, 0xaedc, 
	0xaedc, 0xaedc, 0xaedc, 0xaedc, 0xaedc, 0xaedc, 0xaedc, 0xaedc, 0xaedc, 0xaedc, 0xaedc, 0xaedc, 0xaedc, 0xaedc, 0xaedc, 0xaedc, 
	0xaedc, 0xaedc, 0xaedc, 0xaedc, 0xaedc, 0xaedc, 0xaedc, 0xaedc, 0xaedc, 0xaedc, 0xaedc, 0xaedc, 0xaedc, 0xaedc, 0xaedc, 0xaedc, 
	0xaedc, 0xaedc, 0xaedc, 0xaedc, 0xaedc, 0xaedc, 0xaedc, 0xaedc, 0xaedc, 0xaedc, 0xaedc, 0xaedc, 0xaedc, 0xaedc, 0xaedc, 0xaedc, 
	0xaedc, 0xaedc, 0xaedc, 0xaedc, 0xaedc, 0xaedc, 0xaedc, 0xaedc, 0xaedc, 0xaedc, 0xaedc, 0xaedc, 0xaedc, 0xaedc, 0xaedc, 0xaedc, 
	0xaedc, 0xaedc, 0xaedc, 0xaedc, 0xaedc, 0xaedc, 0xaedc, 0xaedc, 0xaedc, 0xaedc, 0xaedc, 0xaedc, 0xaedc, 0xaedc, 0xaedc, 0xaedc, 
	0xaedc, 0xaedc, 0xaedc, 0xaedc, 0xaedc, 0xaedc, 0xaedc, 0xaedc, 0xaedc, 0xaedc, 0xaedc, 0xaedc, 0xaedc, 0xaedc, 0xaedc, 0xaedc, 
	0xaedc, 0xaedc, 0xaedc, 0xaedc, 0xaedc, 0xaedc, 0xaedc, 0xaedc, 0xaedd, 0xae9b, 0x5b4e, 0x3186, 0x3186, 0x3166, 0x5aca, 0xe657, 
	0xff19, 0xfef9, 0xfefa, 0xfef9, 0xfef9, 0xfef9, 0xfefa, 0xc574, 0x5249, 0x3186, 0x31a6, 0x41e7, 0x9c50, 0xfed9, 0xfef9, 0xfef9, 
	0xfef9, 0xfefa, 0xfefa, 0xfef9, 0xfed9, 0x8c0f, 0x39a6, 0x3186, 0x2986, 0x5248, 0xd5f6, 0xfef9, 0xfef9, 0xfefa, 0xfef9, 0xfef9, 
	0xfef9, 0xfef9, 0xde16, 0x5a89, 0x3186, 0x2986, 0x39a6, 0x83ce, 0xf6b9, 0xfefa, 0xfef9, 0xfef9, 0xfefa, 0xfef9, 0xfef9, 0xfef9, 
	0xacb1, 0x39e7, 0x3186, 0x3186, 0x4229, 0x8515, 0xaedc, 0xaedc, 0xaedc, 0xaefc, 0xaedc, 0xaedc, 0xaebc, 0xaedc, 0xb6dd, 0xaebc, 
	0xb6dd, 0xb6dd, 0xaedc, 0xaefc, 0xaedc, 0xaedc, 0xb6dc, 0xb6dc, 0xb6fc, 0xaedc, 0xaedc, 0xaedc, 0xaebc, 0xaedd, 0xb6fd, 0xaedc, 
	0xaedc, 0xb6fd, 0xb6dd, 0xb6fd, 0xaedc, 0xae9b, 0x8cf5, 0x39e9, 0x31a6, 0x3185, 0x3186, 0x3186, 0x39a6, 0x39c6, 0x31a5, 0x31a5, 
	0x3186, 0x31c7, 0x6bf0, 0xa67a, 0xb6fd, 0xaebc, 0xb6dd, 0xb6bc, 0xaedc, 0xaedc, 0xaedc, 0xaedc, 0xaedc, 0xaedc, 0xaedc, 0xaedc, 
	0xaedc, 0xaedc, 0xaedc, 0xaedc, 0xaedc, 0xaedc, 0xaedc, 0xaedc, 0xaedc, 0xaedc, 0xaedc, 0xaedc, 0xaedc, 0xaedc, 0xaedc, 0xaedc, 
	0xaedc, 0xaedc, 0xaedc, 0xaedc, 0xaedc, 0xaedc, 0xaedc, 0xaedc, 0xaedc, 0xaedc, 0xaedc, 0xaedc, 0xaedc, 0xaedc, 0xaedc, 0xaedc, 
	0xaedc, 0xaedc, 0xaedc, 0xaedc, 0xaedc, 0xaedc, 0xaedc, 0xaedc, 0xaedc, 0xaedc, 0xaedc, 0xaedc, 0xaedc, 0xaedc, 0xaedc, 0xaedc, 
	0xaedc, 0xaedc, 0xaedc, 0xaedc, 0xaedc, 0xaedc, 0xaedc, 0xaedc, 0xaedc, 0xaedc, 0xaedc, 0xaedc, 0xaedc, 0xaedc, 0xaedc, 0xaedc, 
	0xaedc, 0xaedc, 0xaedc, 0xaedc, 0xaedc, 0xaedc, 0xaedc, 0xaedc, 0xaedc, 0xaedc, 0xaedc, 0xaedc, 0xaedc, 0xaedc, 0xaedc, 0xaedc, 
	0xaedc, 0xaedc, 0xaedc, 0xaedc, 0xaedc, 0xaedc, 0xaedc, 0xaedc, 0xaedc, 0xaedc, 0xaedc, 0xaedc, 0xaedc, 0xaedc, 0xaedc, 0xaedc, 
	0xaedc, 0xaedc, 0xaedc, 0xaedc, 0xaedc, 0xaedc, 0xaedc, 0xaedc, 0xaedc, 0xaedc, 0xaedc, 0xaedc, 0xaedc, 0xaedc, 0xaedc, 0xaedc, 
	0xaedc, 0xaedc, 0xaedc, 0xaedc, 0xaedc, 0xaedc, 0xaedc, 0xaedc, 0xaedc, 0xaedc, 0xaedc, 0xaedc, 0xaedc, 0xaedc, 0xaedc, 0xaedc, 
	0xaedc, 0xaedc, 0xaedc, 0xaedc, 0xaedc, 0xaedc, 0xaedc, 0xaedc, 0xaedd, 0xae9b, 0x5b4e, 0x3186, 0x3186, 0x3166, 0x5aca, 0xe657, 
	0xff19, 0xfef9, 0xfefa, 0xfef9, 0xfef9, 0xfef9, 0xfefa, 0xc574, 0x5249, 0x3186, 0x31a6, 0x41e7, 0x9c50, 0xfed9, 0xfef9, 0xfef9, 
	0xfef9, 0xfefa, 0xfefa, 0xfef9, 0xfed9, 0x8c0f, 0x39a6, 0x3186, 0x2986, 0x5248, 0xd5f6, 0xfef9, 0xfef9, 0xfefa, 0xfef9, 0xfef9, 
	0xfef9, 0xfef9, 0xde16, 0x5a89, 0x3186, 0x2986, 0x39a6, 0x83ce, 0xf6b9, 0xfefa, 0xfef9, 0xfef9, 0xfefa, 0xfef9, 0xfef9, 0xfef9, 
	0xacb1, 0x39e7, 0x3186, 0x3186, 0x4229, 0x8515, 0xaedc, 0xaedc, 0xaedc, 0xaedc, 0xaedc, 0xb6fd, 0xaedd, 0xaebc, 0xaebc, 0xaedd, 
	0xaebc, 0xb6fd, 0xaefd, 0xaefd, 0xaedc, 0xaedd, 0xaedd, 0xaedd, 0xaedc, 0xaefd, 0xaefd, 0xaedc, 0xb6fd, 0xb6fd, 0xaebc, 0xaebc, 
	0xaedc, 0xaedc, 0xaebc, 0xaedd, 0xaedc, 0xb6fc, 0xa619, 0x6c11, 0x31e7, 0x31a7, 0x31a6, 0x3186, 0x3185, 0x3185, 0x3165, 0x3186, 
	0x31a7, 0x5b6d, 0x95b7, 0xb6fc, 0xaedc, 0xaebc, 0xb6dd, 0xaedc, 0xaedc, 0xaedc, 0xaedc, 0xaedc, 0xaedc, 0xaedc, 0xaedc, 0xaedc, 
	0xaedc, 0xaedc, 0xaedc, 0xaedc, 0xaedc, 0xaedc, 0xaedc, 0xaedc, 0xaedc, 0xaedc, 0xaedc, 0xaedc, 0xaedc, 0xaedc, 0xaedc, 0xaedc, 
	0xaedc, 0xaedc, 0xaedc, 0xaedc, 0xaedc, 0xaedc, 0xaedc, 0xaedc, 0xaedc, 0xaedc, 0xaedc, 0xaedc, 0xaedc, 0xaedc, 0xaedc, 0xaedc, 
	0xaedc, 0xaedc, 0xaedc, 0xaedc, 0xaedc, 0xaedc, 0xaedc, 0xaedc, 0xaedc, 0xaedc, 0xaedc, 0xaedc, 0xaedc, 0xaedc, 0xaedc, 0xaedc, 
	0xaedc, 0xaedc, 0xaedc, 0xaedc, 0xaedc, 0xaedc, 0xaedc, 0xaedc, 0xaedc, 0xaedc, 0xaedc, 0xaedc, 0xaedc, 0xaedc, 0xaedc, 0xaedc, 
	0xaedc, 0xaedc, 0xaedc, 0xaedc, 0xaedc, 0xaedc, 0xaedc, 0xaedc, 0xaedc, 0xaedc, 0xaedc, 0xaedc, 0xaedc, 0xaedc, 0xaedc, 0xaedc, 
	0xaedc, 0xaedc, 0xaedc, 0xaedc, 0xaedc, 0xaedc, 0xaedc, 0xaedc, 0xaedc, 0xaedc, 0xaedc, 0xaedc, 0xaedc, 0xaedc, 0xaedc, 0xaedc, 
	0xaedc, 0xaedc, 0xaedc, 0xaedc, 0xaedc, 0xaedc, 0xaedc, 0xaedc, 0xaedc, 0xaedc, 0xaedc, 0xaedc, 0xaedc, 0xaedc, 0xaedc, 0xaedc, 
	0xaedc, 0xaedc, 0xaedc, 0xaedc, 0xaedc, 0xaedc, 0xaedc, 0xaedc, 0xaedc, 0xaedc, 0xaedc, 0xaedc, 0xaedc, 0xaedc, 0xaedc, 0xaedc, 
	0xaedc, 0xaedc, 0xaedc, 0xaedc, 0xaedc, 0xaedc, 0xaedc, 0xaedc, 0xaedd, 0xae9b, 0x5b4e, 0x3186, 0x3186, 0x3166, 0x5aca, 0xe657, 
	0xff19, 0xfef9, 0xfefa, 0xfef9, 0xfef9, 0xfef9, 0xfefa, 0xc574, 0x5249, 0x3186, 0x31a6, 0x41e7, 0x9c50, 0xfed9, 0xfef9, 0xfef9, 
	0xfef9, 0xfefa, 0xfefa, 0xfef9, 0xfed9, 0x8c0f, 0x39a6, 0x3186, 0x2986, 0x5248, 0xd5f6, 0xfef9, 0xfef9, 0xfefa, 0xfef9, 0xfef9, 
	0xfef9, 0xfef9, 0xde16, 0x5a89, 0x3186, 0x2986, 0x39a6, 0x83ce, 0xf6b9, 0xfefa, 0xfef9, 0xfef9, 0xfefa, 0xfef9, 0xfef9, 0xfef9, 
	0xacb1, 0x39e7, 0x3186, 0x3186, 0x4229, 0x8515, 0xaedc, 0xaedc, 0xaedc, 0xaedc, 0xaedc, 0xaedc, 0xaedc, 0xaedc, 0xaedc, 0xb6fd, 
	0xaf1d, 0xa6bc, 0xaebc, 0xaedd, 0xaedc, 0xaefd, 0xaefd, 0xaedd, 0xaedc, 0xaebc, 0xaedd, 0xaedd, 0xaedc, 0xaebc, 0xaedc, 0xb6fd, 
	0xaedd, 0xaedc, 0xaebc, 0xaedc, 0xaedc, 0xaefc, 0xaedc, 0x9e19, 0x63d0, 0x428a, 0x29a6, 0x2986, 0x31a6, 0x3186, 0x31a7, 0x4209, 
	0x5baf, 0x9596, 0xb6dc, 0xb6fd, 0xaedc, 0xaedd, 0xaedc, 0xaedc, 0xaedc, 0xaedc, 0xaedc, 0xaedc, 0xaedc, 0xaedc, 0xaedc, 0xaedc, 
	0xaedc, 0xaedc, 0xaedc, 0xaedc, 0xaedc, 0xaedc, 0xaedc, 0xaedc, 0xaedc, 0xaedc, 0xaedc, 0xaedc, 0xaedc, 0xaedc, 0xaedc, 0xaedc, 
	0xaedc, 0xaedc, 0xaedc, 0xaedc, 0xaedc, 0xaedc, 0xaedc, 0xaedc, 0xaedc, 0xaedc, 0xaedc, 0xaedc, 0xaedc, 0xaedc, 0xaedc, 0xaedc, 
	0xaedc, 0xaedc, 0xaedc, 0xaedc, 0xaedc, 0xaedc, 0xaedc, 0xaedc, 0xaedc, 0xaedc, 0xaedc, 0xaedc, 0xaedc, 0xaedc, 0xaedc, 0xaedc, 
	0xaedc, 0xaedc, 0xaedc, 0xaedc, 0xaedc, 0xaedc, 0xaedc, 0xaedc, 0xaedc, 0xaedc, 0xaedc, 0xaedc, 0xaedc, 0xaedc, 0xaedc, 0xaedc, 
	0xaedc, 0xaedc, 0xaedc, 0xaedc, 0xaedc, 0xaedc, 0xaedc, 0xaedc, 0xaedc, 0xaedc, 0xaedc, 0xaedc, 0xaedc, 0xaedc, 0xaedc, 0xaedc, 
	0xaedc, 0xaedc, 0xaedc, 0xaedc, 0xaedc, 0xaedc, 0xaedc, 0xaedc, 0xaedc, 0xaedc, 0xaedc, 0xaedc, 0xaedc, 0xaedc, 0xaedc, 0xaedc, 
	0xaedc, 0xaedc, 0xaedc, 0xaedc, 0xaedc, 0xaedc, 0xaedc, 0xaedc, 0xaedc, 0xaedc, 0xaedc, 0xaedc, 0xaedc, 0xaedc, 0xaedc, 0xaedc, 
	0xaedc, 0xaedc, 0xaedc, 0xaedc, 0xaedc, 0xaedc, 0xaedc, 0xaedc, 0xaedc, 0xaedc, 0xaedc, 0xaedc, 0xaedc, 0xaedc, 0xaedc, 0xaedc, 
	0xaedc, 0xaedc, 0xaedc, 0xaedc, 0xaedc, 0xaedc, 0xaedc, 0xaedc, 0xaedd, 0xae9b, 0x5b4e, 0x3186, 0x3186, 0x3166, 0x5aca, 0xe657, 
	0xff19, 0xfef9, 0xfefa, 0xfef9, 0xfef9, 0xfef9, 0xfefa, 0xc574, 0x5249, 0x3186, 0x31a6, 0x41e7, 0x9c50, 0xfed9, 0xfef9, 0xfef9, 
	0xfef9, 0xfefa, 0xfefa, 0xfef9, 0xfed9, 0x8c0f, 0x39a6, 0x3186, 0x2986, 0x5248, 0xd5f6, 0xfef9, 0xfef9, 0xfefa, 0xfef9, 0xfef9, 
	0xfef9, 0xfef9, 0xde16, 0x5a89, 0x3186, 0x2986, 0x39a6, 0x83ce, 0xf6b9, 0xfefa, 0xfef9, 0xfef9, 0xfefa, 0xfef9, 0xfef9, 0xfef9, 
	0xacb1, 0x39e7, 0x3186, 0x3186, 0x4229, 0x8515, 0xaedc, 0xaedc, 0xaedc, 0xaedc, 0xaedd, 0xaebc, 0xaedc, 0xaefd, 0xaedc, 0xaedc, 
	0xaedc, 0xaedc, 0xb6dc, 0xae7b, 0x9df9, 0x95b8, 0x9df9, 0xae7a, 0xb6dc, 0xb6fd, 0xaedc, 0xaedc, 0xaedd, 0xaefd, 0xaedd, 0xaebc, 
	0xaedc, 0xaedd, 0xb6bc, 0xb6dd, 0xaedc, 0xaedc, 0xaefd, 0xaedc, 0xae9b, 0x8515, 0x63cf, 0x532d, 0x4aeb, 0x4aec, 0x5b8f, 0x7c93, 
	0x9e19, 0xaedc, 0xaefc, 0xaebc, 0xaedd, 0xb6fd, 0xaedc, 0xaedc, 0xaedc, 0xaedc, 0xaedc, 0xaedc, 0xaedc, 0xaedc, 0xaedc, 0xaedc, 
	0xaedc, 0xaedc, 0xaedc, 0xaedc, 0xaedc, 0xaedc, 0xaedc, 0xaedc, 0xaedc, 0xaedc, 0xaedc, 0xaedc, 0xaedc, 0xaedc, 0xaedc, 0xaedc, 
	0xaedc, 0xaedc, 0xaedc, 0xaedc, 0xaedc, 0xaedc, 0xaedc, 0xaedc, 0xaedc, 0xaedc, 0xaedc, 0xaedc, 0xaedc, 0xaedc, 0xaedc, 0xaedc, 
	0xaedc, 0xaedc, 0xaedc, 0xaedc, 0xaedc, 0xaedc, 0xaedc, 0xaedc, 0xaedc, 0xaedc, 0xaedc, 0xaedc, 0xaedc, 0xaedc, 0xaedc, 0xaedc, 
	0xaedc, 0xaedc, 0xaedc, 0xaedc, 0xaedc, 0xaedc, 0xaedc, 0xaedc, 0xaedc, 0xaedc, 0xaedc, 0xaedc, 0xaedc, 0xaedc, 0xaedc, 0xaedc, 
	0xaedc, 0xaedc, 0xaedc, 0xaedc, 0xaedc, 0xaedc, 0xaedc, 0xaedc, 0xaedc, 0xaedc, 0xaedc, 0xaedc, 0xaedc, 0xaedc, 0xaedc, 0xaedc, 
	0xaedc, 0xaedc, 0xaedc, 0xaedc, 0xaedc, 0xaedc, 0xaedc, 0xaedc, 0xaedc, 0xaedc, 0xaedc, 0xaedc, 0xaedc, 0xaedc, 0xaedc, 0xaedc, 
	0xaedc, 0xaedc, 0xaedc, 0xaedc, 0xaedc, 0xaedc, 0xaedc, 0xaedc, 0xaedc, 0xaedc, 0xaedc, 0xaedc, 0xaedc, 0xaedc, 0xaedc, 0xaedc, 
	0xaedc, 0xaedc, 0xaedc, 0xaedc, 0xaedc, 0xaedc, 0xaedc, 0xaedc, 0xaedc, 0xaedc, 0xaedc, 0xaedc, 0xaedc, 0xaedc, 0xaedc, 0xaedc, 
	0xaedc, 0xaedc, 0xaedc, 0xaedc, 0xaedc, 0xaedc, 0xaedc, 0xaedc, 0xaedd, 0xae9b, 0x5b4e, 0x3186, 0x3186, 0x3166, 0x5aca, 0xe657, 
	0xff19, 0xfef9, 0xfefa, 0xfef9, 0xfef9, 0xfef9, 0xfefa, 0xc574, 0x5249, 0x3186, 0x31a6, 0x41e7, 0x9c50, 0xfed9, 0xfef9, 0xfef9, 
	0xfef9, 0xfefa, 0xfefa, 0xfef9, 0xfed9, 0x8c0f, 0x39a6, 0x3186, 0x2986, 0x5248, 0xd5f6, 0xfef9, 0xfef9, 0xfefa, 0xfef9, 0xfef9, 
	0xfef9, 0xfef9, 0xde16, 0x5a89, 0x3186, 0x2986, 0x39a6, 0x83ce, 0xf6b9, 0xfefa, 0xfef9, 0xfef9, 0xfefa, 0xfef9, 0xfef9, 0xfef9, 
	0xacb1, 0x39e7, 0x3186, 0x3186, 0x4229, 0x8515, 0xaedc, 0xaedc, 0xaedc, 0xaedc, 0xaedd, 0xaedd, 0xaedd, 0xaedd, 0xaedc, 0xaedc, 
	0xaedc, 0xa65a, 0x8d35, 0x63af, 0x532d, 0x4acb, 0x4acb, 0x5b6e, 0x7cb3, 0xa619, 0xb6bc, 0xb6dd, 0xb6fd, 0xaedd, 0xaedc, 0xaedc, 
	0xaedc, 0xaedc, 0xaedc, 0xb6dd, 0xb6dd, 0xaedc, 0xaedc, 0xb6fd, 0xaedd, 0xaebc, 0xae7b, 0xa619, 0x9dd8, 0x9e19, 0xa67a, 0xb6dc, 
	0xb6fd, 0xaedd, 0xaebc, 0xaebc, 0xb6dd, 0xb6dc, 0xaebc, 0xaedc, 0xaedc, 0xaedc, 0xaedc, 0xaedc, 0xaedc, 0xaedc, 0xaedc, 0xaedc, 
	0xaedc, 0xaedc, 0xaedc, 0xaedc, 0xaedc, 0xaedc, 0xaedc, 0xaedc, 0xaedc, 0xaedc, 0xaedc, 0xaedc, 0xaedc, 0xaedc, 0xaedc, 0xaedc, 
	0xaedc, 0xaedc, 0xaedc, 0xaedc, 0xaedc, 0xaedc, 0xaedc, 0xaedc, 0xaedc, 0xaedc, 0xaedc, 0xaedc, 0xaedc, 0xaedc, 0xaedc, 0xaedc, 
	0xaedc, 0xaedc, 0xaedc, 0xaedc, 0xaedc, 0xaedc, 0xaedc, 0xaedc, 0xaedc, 0xaedc, 0xaedc, 0xaedc, 0xaedc, 0xaedc, 0xaedc, 0xaedc, 
	0xaedc, 0xaedc, 0xaedc, 0xaedc, 0xaedc, 0xaedc, 0xaedc, 0xaedc, 0xaedc, 0xaedc, 0xaedc, 0xaedc, 0xaedc, 0xaedc, 0xaedc, 0xaedc, 
	0xaedc, 0xaedc, 0xaedc, 0xaedc, 0xaedc, 0xaedc, 0xaedc, 0xaedc, 0xaedc, 0xaedc, 0xaedc, 0xaedc, 0xaedc, 0xaedc, 0xaedc, 0xaedc, 
	0xaedc, 0xaedc, 0xaedc, 0xaedc, 0xaedc, 0xaedc, 0xaedc, 0xaedc, 0xaedc, 0xaedc, 0xaedc, 0xaedc, 0xaedc, 0xaedc, 0xaedc, 0xaedc, 
	0xaedc, 0xaedc, 0xaedc, 0xaedc, 0xaedc, 0xaedc, 0xaedc, 0xaedc, 0xaedc, 0xaedc, 0xaedc, 0xaedc, 0xaedc, 0xaedc, 0xaedc, 0xaedc, 
	0xaedc, 0xaedc, 0xaedc, 0xaedc, 0xaedc, 0xaedc, 0xaedc, 0xaedc, 0xaedc, 0xaedc, 0xaedc, 0xaedc, 0xaedc, 0xaedc, 0xaedc, 0xaedc, 
	0xaedc, 0xaedc, 0xaedc, 0xaedc, 0xaedc, 0xaedc, 0xaedc, 0xaedc, 0xaedd, 0xae9b, 0x5b4e, 0x3186, 0x3186, 0x3166, 0x5aca, 0xe657, 
	0xff19, 0xfef9, 0xfefa, 0xfef9, 0xfef9, 0xfef9, 0xfefa, 0xc574, 0x5249, 0x3186, 0x31a6, 0x41e7, 0x9c50, 0xfed9, 0xfef9, 0xfef9, 
	0xfef9, 0xfefa, 0xfefa, 0xfef9, 0xfed9, 0x8c0f, 0x39a6, 0x3186, 0x2986, 0x5248, 0xd5f6, 0xfef9, 0xfef9, 0xfefa, 0xfef9, 0xfef9, 
	0xfef9, 0xfef9, 0xde16, 0x5a89, 0x3186, 0x2986, 0x39a6, 0x83ce, 0xf6b9, 0xfefa, 0xfef9, 0xfef9, 0xfefa, 0xfef9, 0xfef9, 0xfef9, 
	0xacb1, 0x39e7, 0x3186, 0x3186, 0x4229, 0x8515, 0xaedc, 0xaedc, 0xb6dd, 0xaedc, 0xaedc, 0xaefd, 0xaedc, 0xaebc, 0xb6fd, 0xb6dd, 
	0xa619, 0x6bf0, 0x3a6a, 0x31a7, 0x3186, 0x31a6, 0x31a6, 0x31c6, 0x3209, 0x5b6e, 0x9556, 0xb6dc, 0xaedc, 0xa69b, 0xb6fd, 0xb6fd, 
	0xaedc, 0xaedd, 0xaedc, 0xaedc, 0xb6dd, 0xb6dc, 0xb6bc, 0xb6dd, 0xaefd, 0xaefd, 0xb6fd, 0xaebc, 0xaebc, 0xaefc, 0xaedd, 0xaefd, 
	0xaebc, 0xaedd, 0xaedd, 0xaedd, 0xb6bc, 0xb6dd, 0xb6dd, 0xaebc, 0xaedc, 0xaedc, 0xaedc, 0xaedc, 0xaedc, 0xaedc, 0xaedc, 0xaedc, 
	0xaedc, 0xaedc, 0xaedc, 0xaedc, 0xaedc, 0xaedc, 0xaedc, 0xaedc, 0xaedc, 0xaedc, 0xaedc, 0xaedc, 0xaedc, 0xaedc, 0xaedc, 0xaedc, 
	0xaedc, 0xaedc, 0xaedc, 0xaedc, 0xaedc, 0xaedc, 0xaedc, 0xaedc, 0xaedc, 0xaedc, 0xaedc, 0xaedc, 0xaedc, 0xaedc, 0xaedc, 0xaedc, 
	0xaedc, 0xaedc, 0xaedc, 0xaedc, 0xaedc, 0xaedc, 0xaedc, 0xaedc, 0xaedc, 0xaedc, 0xaedc, 0xaedc, 0xaedc, 0xaedc, 0xaedc, 0xaedc, 
	0xaedc, 0xaedc, 0xaedc, 0xaedc, 0xaedc, 0xaedc, 0xaedc, 0xaedc, 0xaedc, 0xaedc, 0xaedc, 0xaedc, 0xaedc, 0xaedc, 0xaedc, 0xaedc, 
	0xaedc, 0xaedc, 0xaedc, 0xaedc, 0xaedc, 0xaedc, 0xaedc, 0xaedc, 0xaedc, 0xaedc, 0xaedc, 0xaedc, 0xaedc, 0xaedc, 0xaedc, 0xaedc, 
	0xaedc, 0xaedc, 0xaedc, 0xaedc, 0xaedc, 0xaedc, 0xaedc, 0xaedc, 0xaedc, 0xaedc, 0xaedc, 0xaedc, 0xaedc, 0xaedc, 0xaedc, 0xaedc, 
	0xaedc, 0xaedc, 0xaedc, 0xaedc, 0xaedc, 0xaedc, 0xaedc, 0xaedc, 0xaedc, 0xaedc, 0xaedc, 0xaedc, 0xaedc, 0xaedc, 0xaedc, 0xaedc, 
	0xaedc, 0xaedc, 0xaedc, 0xaedc, 0xaedc, 0xaedc, 0xaedc, 0xaedc, 0xaedc, 0xaedc, 0xaedc, 0xaedc, 0xaedc, 0xaedc, 0xaedc, 0xaedc, 
	0xaedc, 0xaedc, 0xaedc, 0xaedc, 0xaedc, 0xaedc, 0xaedc, 0xaedc, 0xaedd, 0xae9b, 0x5b4e, 0x3186, 0x3186, 0x3166, 0x5aca, 0xe657, 
	0xff19, 0xfef9, 0xfefa, 0xfef9, 0xfef9, 0xfef9, 0xfefa, 0xc574, 0x5249, 0x3186, 0x31a6, 0x41e7, 0x9c50, 0xfed9, 0xfef9, 0xfef9, 
	0xfef9, 0xfefa, 0xfefa, 0xfef9, 0xfed9, 0x8c0f, 0x39a6, 0x3186, 0x2986, 0x5248, 0xd5f6, 0xfef9, 0xfef9, 0xfefa, 0xfef9, 0xfef9, 
	0xfef9, 0xfef9, 0xde16, 0x5a89, 0x3186, 0x2986, 0x39a6, 0x83ce, 0xf6b9, 0xfefa, 0xfef9, 0xfef9, 0xfefa, 0xfef9, 0xfef9, 0xfef9, 
	0xacb1, 0x39e7, 0x3186, 0x3186, 0x4229, 0x8515, 0xaedc, 0xaedc, 0xb6dd, 0xb6dd, 0xaebc, 0xaedd, 0xaedc, 0xaebc, 0xb6dd, 0xa63a, 
	0x73f0, 0x31e8, 0x2986, 0x39a6, 0x3185, 0x3186, 0x31a6, 0x2965, 0x31a6, 0x29a6, 0x532d, 0x9db7, 0xb6bc, 0xaedc, 0xb71d, 0xaebc, 
	0xb6dd, 0xaedc, 0xaedc, 0xaedc, 0xaedc, 0xb6dd, 0xaedc, 0xaedc, 0xaedc, 0xaebc, 0xaedd, 0xaefd, 0xaedd, 0xaedd, 0xa6bc, 0xaedd, 
	0xb6bd, 0xaedd, 0xaefd, 0xaedc, 0xaebc, 0xb6dd, 0xb6fd, 0xaebc, 0xaedc, 0xaedc, 0xaedc, 0xaedc, 0xaedc, 0xaedc, 0xaedc, 0xaedc, 
	0xaedc, 0xaedc, 0xaedc, 0xaedc, 0xaedc, 0xaedc, 0xaedc, 0xaedc, 0xaedc, 0xaedc, 0xaedc, 0xaedc, 0xaedc, 0xaedc, 0xaedc, 0xaedc, 
	0xaedc, 0xaedc, 0xaedc, 0xaedc, 0xaedc, 0xaedc, 0xaedc, 0xaedc, 0xaedc, 0xaedc, 0xaedc, 0xaedc, 0xaedc, 0xaedc, 0xaedc, 0xaedc, 
	0xaedc, 0xaedc, 0xaedc, 0xaedc, 0xaedc, 0xaedc, 0xaedc, 0xaedc, 0xaedc, 0xaedc, 0xaedc, 0xaedc, 0xaedc, 0xaedc, 0xaedc, 0xaedc, 
	0xaedc, 0xaedc, 0xaedc, 0xaedc, 0xaedc, 0xaedc, 0xaedc, 0xaedc, 0xaedc, 0xaedc, 0xaedc, 0xaedc, 0xaedc, 0xaedc, 0xaedc, 0xaedc, 
	0xaedc, 0xaedc, 0xaedc, 0xaedc, 0xaedc, 0xaedc, 0xaedc, 0xaedc, 0xaedc, 0xaedc, 0xaedc, 0xaedc, 0xaedc, 0xaedc, 0xaedc, 0xaedc, 
	0xaedc, 0xaedc, 0xaedc, 0xaedc, 0xaedc, 0xaedc, 0xaedc, 0xaedc, 0xaedc, 0xaedc, 0xaedc, 0xaedc, 0xaedc, 0xaedc, 0xaedc, 0xaedc, 
	0xaedc, 0xaedc, 0xaedc, 0xaedc, 0xaedc, 0xaedc, 0xaedc, 0xaedc, 0xaedc, 0xaedc, 0xaedc, 0xaedc, 0xaedc, 0xaedc, 0xaedc, 0xaedc, 
	0xaedc, 0xaedc, 0xaedc, 0xaedc, 0xaedc, 0xaedc, 0xaedc, 0xaedc, 0xaedc, 0xaedc, 0xaedc, 0xaedc, 0xaedc, 0xaedc, 0xaedc, 0xaedc, 
	0xaedc, 0xaedc, 0xaedc, 0xaedc, 0xaedc, 0xaedc, 0xaedc, 0xaedc, 0xaedd, 0xae9b, 0x5b4e, 0x3186, 0x3186, 0x3166, 0x5aca, 0xe657, 
	0xff19, 0xfef9, 0xfefa, 0xfef9, 0xfef9, 0xfef9, 0xfefa, 0xc574, 0x5249, 0x3186, 0x31a6, 0x41e7, 0x9c50, 0xfed9, 0xfef9, 0xfef9, 
	0xfef9, 0xfefa, 0xfefa, 0xfef9, 0xfed9, 0x8c0f, 0x39a6, 0x3186, 0x2986, 0x5248, 0xd5f6, 0xfef9, 0xfef9, 0xfefa, 0xfef9, 0xfef9, 
	0xfef9, 0xfef9, 0xde16, 0x5a89, 0x3186, 0x2986, 0x39a6, 0x83ce, 0xf6b9, 0xfefa, 0xfef9, 0xfef9, 0xfefa, 0xfef9, 0xfef9, 0xfef9, 
	0xacb1, 0x39e7, 0x3186, 0x3186, 0x4229, 0x8515, 0xaedc, 0xaedc, 0xaebc, 0xb6fd, 0xaedc, 0xaedd, 0xaedc, 0xb6dd, 0xae9b, 0x7cf5, 
	0x3a08, 0x31a6, 0x31a6, 0x3185, 0x3185, 0x39a6, 0x3186, 0x31a7, 0x3985, 0x3186, 0x29c7, 0x63f0, 0xa65a, 0xb6dc, 0xaedc, 0xaedd, 
	0xb6dd, 0xaedd, 0xaedc, 0xaedc, 0xaedd, 0xaedd, 0xaedc, 0xaefd, 0xaedc, 0xaedc, 0xaefc, 0xaedc, 0xaedc, 0xb6dd, 0xb6bc, 0xb6bc, 
	0xb6dd, 0xaedc, 0xaedc, 0xaefc, 0xaedc, 0xaedc, 0xaedd, 0xaefd, 0xaedc, 0xaedc, 0xaedc, 0xaedc, 0xaedc, 0xaedc, 0xaedc, 0xaedc, 
	0xaedc, 0xaedc, 0xaedc, 0xaedc, 0xaedc, 0xaedc, 0xaedc, 0xaedc, 0xaedc, 0xaedc, 0xaedc, 0xaedc, 0xaedc, 0xaedc, 0xaedc, 0xaedc, 
	0xaedc, 0xaedc, 0xaedc, 0xaedc, 0xaedc, 0xaedc, 0xaedc, 0xaedc, 0xaedc, 0xaedc, 0xaedc, 0xaedc, 0xaedc, 0xaedc, 0xaedc, 0xaedc, 
	0xaedc, 0xaedc, 0xaedc, 0xaedc, 0xaedc, 0xaedc, 0xaedc, 0xaedc, 0xaedc, 0xaedc, 0xaedc, 0xaedc, 0xaedc, 0xaedc, 0xaedc, 0xaedc, 
	0xaedc, 0xaedc, 0xaedc, 0xaedc, 0xaedc, 0xaedc, 0xaedc, 0xaedc, 0xaedc, 0xaedc, 0xaedc, 0xaedc, 0xaedc, 0xaedc, 0xaedc, 0xaedc, 
	0xaedc, 0xaedc, 0xaedc, 0xaedc, 0xaedc, 0xaedc, 0xaedc, 0xaedc, 0xaedc, 0xaedc, 0xaedc, 0xaedc, 0xaedc, 0xaedc, 0xaedc, 0xaedc, 
	0xaedc, 0xaedc, 0xaedc, 0xaedc, 0xaedc, 0xaedc, 0xaedc, 0xaedc, 0xaedc, 0xaedc, 0xaedc, 0xaedc, 0xaedc, 0xaedc, 0xaedc, 0xaedc, 
	0xaedc, 0xaedc, 0xaedc, 0xaedc, 0xaedc, 0xaedc, 0xaedc, 0xaedc, 0xaedc, 0xaedc, 0xaedc, 0xaedc, 0xaedc, 0xaedc, 0xaedc, 0xaedc, 
	0xaedc, 0xaedc, 0xaedc, 0xaedc, 0xaedc, 0xaedc, 0xaedc, 0xaedc, 0xaedc, 0xaedc, 0xaedc, 0xaedc, 0xaedd, 0xaedd, 0xaedc, 0xaedc, 
	0xaedc, 0xaedc, 0xaedc, 0xaedc, 0xaedc, 0xaedc, 0xaedc, 0xaedc, 0xaedd, 0xae9b, 0x5b4e, 0x3186, 0x3186, 0x3166, 0x5aca, 0xe657, 
	0xff19, 0xfef9, 0xfefa, 0xfef9, 0xfef9, 0xfef9, 0xfefa, 0xc574, 0x5249, 0x3186, 0x31a6, 0x41e7, 0x9c50, 0xfed9, 0xfef9, 0xfef9, 
	0xfefa, 0xfef9, 0xfef9, 0xfef9, 0xfed9, 0x8c0f, 0x39a6, 0x3186, 0x2986, 0x5248, 0xd5f6, 0xfef9, 0xfef9, 0xfef9, 0xfef9, 0xfef9, 
	0xfefa, 0xfef9, 0xde16, 0x5a89, 0x3186, 0x31a6, 0x39a6, 0x83ce, 0xf6b9, 0xfefa, 0xfef9, 0xfef9, 0xfefa, 0xfef9, 0xfef9, 0xfef9, 
	0xacb1, 0x39e7, 0x3186, 0x3186, 0x4229, 0x8515, 0xaedc, 0xaedc, 0xaedc, 0xaefd, 0xaebc, 0xb6fd, 0xaedc, 0xaefc, 0xae7a, 0x530d, 
	0x39a6, 0x3186, 0x2985, 0x39e7, 0x5acb, 0x7bae, 0x632c, 0x3a07, 0x3186, 0x3186, 0x31a6, 0x428a, 0x9597, 0xb6dd, 0xaedd, 0xaedc, 
	0xaedc, 0xaedc, 0xaedc, 0xaedc, 0xaedc, 0xaedc, 0xaedc, 0xaedc, 0xaedc, 0xaedc, 0xaedc, 0xaedc, 0xaedc, 0xaedc, 0xaedc, 0xaedc, 
	0xaedc, 0xaedc, 0xaedc, 0xaedc, 0xaedc, 0xaedc, 0xaedc, 0xaedc, 0xaedc, 0xaedc, 0xaedc, 0xaedc, 0xaedc, 0xaedc, 0xaedc, 0xaedc, 
	0xaedc, 0xaedc, 0xaedc, 0xaedc, 0xaedc, 0xaedc, 0xaedc, 0xaedc, 0xaedc, 0xaedc, 0xaedc, 0xaedc, 0xaedc, 0xaedc, 0xaedc, 0xaedc, 
	0xaedc, 0xaedc, 0xaedc, 0xaedc, 0xaedc, 0xaedc, 0xaedc, 0xaedc, 0xaedc, 0xaedc, 0xaedc, 0xaedc, 0xaedc, 0xaedc, 0xaedc, 0xaedc, 
	0xaedc, 0xaedc, 0xaedc, 0xaedc, 0xaedc, 0xaedc, 0xaedc, 0xaedc, 0xaedc, 0xaedc, 0xaedc, 0xaedc, 0xaedc, 0xaedc, 0xaedc, 0xaedc, 
	0xaedc, 0xaedc, 0xaedc, 0xaedc, 0xaedc, 0xaedc, 0xaedc, 0xaedc, 0xaedc, 0xaedc, 0xaedc, 0xaedc, 0xaedc, 0xaedc, 0xaedc, 0xaedc, 
	0xaedc, 0xaedc, 0xaedc, 0xaedc, 0xaedc, 0xaedc, 0xaedc, 0xaedc, 0xaedc, 0xaedc, 0xaedc, 0xaedc, 0xaedc, 0xaedc, 0xaedc, 0xaedc, 
	0xaedc, 0xaedc, 0xaedc, 0xaedc, 0xaedc, 0xaedc, 0xaedc, 0xaedc, 0xaedc, 0xaedc, 0xaedc, 0xaedc, 0xaedc, 0xaedc, 0xaedc, 0xaedc, 
	0xaedc, 0xaedc, 0xaedc, 0xaedc, 0xaedc, 0xaedc, 0xaedc, 0xaedc, 0xaedc, 0xaedc, 0xaedc, 0xaedc, 0xaedc, 0xaedc, 0xaedc, 0xaedc, 
	0xaedc, 0xaedc, 0xaedc, 0xaedc, 0xaedc, 0xaedd, 0xb6fd, 0xaefd, 0xaedc, 0xaedc, 0xaedc, 0xaedc, 0xaedc, 0xaedc, 0xaedc, 0xaedd, 
	0xaedc, 0xaedc, 0xaedc, 0xaedc, 0xaedc, 0xaedc, 0xaedc, 0xaedc, 0xaedd, 0xae9b, 0x5b4e, 0x3186, 0x3186, 0x3166, 0x5aca, 0xe657, 
	0xff19, 0xfef9, 0xfefa, 0xfef9, 0xfef9, 0xfef9, 0xfefa, 0xc574, 0x5249, 0x3186, 0x31a6, 0x41e7, 0x9c50, 0xfed9, 0xfef9, 0xfef9, 
	0xfefa, 0xfef9, 0xfef9, 0xfefa, 0xfed9, 0x8c0f, 0x39a6, 0x3186, 0x2986, 0x5248, 0xd5f6, 0xfef9, 0xfef9, 0xfef9, 0xfef9, 0xfef9, 
	0xfef9, 0xfefa, 0xde16, 0x5a89, 0x3186, 0x2986, 0x39a6, 0x83ce, 0xf6b9, 0xfefa, 0xfef9, 0xfef9, 0xfefa, 0xfef9, 0xfef9, 0xfef9, 
	0xacb1, 0x39e7, 0x3186, 0x3186, 0x4229, 0x8515, 0xaedc, 0xaedc, 0xb6fd, 0xaedd, 0xaebc, 0xb6dd, 0xaedd, 0xaedc, 0x95d7, 0x426a, 
	0x3165, 0x31a6, 0x31a6, 0x632c, 0xbdd7, 0xe71c, 0xd69a, 0x7bef, 0x39c7, 0x3185, 0x3186, 0x3208, 0x7c93, 0xaebc, 0xaedd, 0xaedc, 
	0xaedc, 0xaedc, 0xaedc, 0xaedc, 0xaedc, 0xaedc, 0xaedc, 0xaedc, 0xaedc, 0xaedc, 0xaedc, 0xaedc, 0xaedc, 0xaedc, 0xaedc, 0xaedc, 
	0xaedc, 0xaedc, 0xaedc, 0xaedc, 0xaedc, 0xaedc, 0xaedc, 0xaedc, 0xaedc, 0xaedc, 0xaedc, 0xaedc, 0xaedc, 0xaedc, 0xaedc, 0xaedc, 
	0xaedc, 0xaedc, 0xaedc, 0xaedc, 0xaedc, 0xaedc, 0xaedc, 0xaedc, 0xaedc, 0xaedc, 0xaedc, 0xaedc, 0xaedc, 0xaedc, 0xaedc, 0xaedc, 
	0xaedc, 0xaedc, 0xaedc, 0xaedc, 0xaedc, 0xaedc, 0xaedc, 0xaedc, 0xaedc, 0xaedc, 0xaedc, 0xaedc, 0xaedc, 0xaedc, 0xaedc, 0xaedc, 
	0xaedc, 0xaedc, 0xaedc, 0xaedc, 0xaedc, 0xaedc, 0xaedc, 0xaedc, 0xaedc, 0xaedc, 0xaedc, 0xaedc, 0xaedc, 0xaedc, 0xaedc, 0xaedc, 
	0xaedc, 0xaedc, 0xaedc, 0xaedc, 0xaedc, 0xaedc, 0xaedc, 0xaedc, 0xaedc, 0xaedc, 0xaedc, 0xaedc, 0xaedc, 0xaedc, 0xaedc, 0xaedc, 
	0xaedc, 0xaedc, 0xaedc, 0xaedc, 0xaedc, 0xaedc, 0xaedc, 0xaedc, 0xaedc, 0xaedc, 0xaedc, 0xaedc, 0xaedc, 0xaedc, 0xaedc, 0xaedc, 
	0xaedc, 0xaedc, 0xaedc, 0xaedc, 0xaedc, 0xaedc, 0xaedc, 0xaedc, 0xaedc, 0xaedc, 0xaedc, 0xaedc, 0xaedc, 0xaedc, 0xaedc, 0xaedc, 
	0xaedc, 0xaedc, 0xaedc, 0xaedc, 0xaedc, 0xaedc, 0xaedc, 0xaedc, 0xaedc, 0xaedc, 0xaedc, 0xaedc, 0xaedc, 0xaedc, 0xaedc, 0xaedc, 
	0xb6fd, 0xaedd, 0xaedc, 0xaedc, 0xaedc, 0xaedc, 0xaedc, 0xaedc, 0xaedc, 0xaedd, 0xaedd, 0xaedc, 0xaedc, 0xaedc, 0xaedc, 0xaedd, 
	0xaedc, 0xaedc, 0xaedc, 0xaedc, 0xaedc, 0xaedc, 0xaedc, 0xaedc, 0xaedd, 0xae9b, 0x5b4e, 0x3186, 0x3186, 0x3166, 0x5aca, 0xe657, 
	0xff19, 0xfef9, 0xfefa, 0xfef9, 0xfef9, 0xfef9, 0xfefa, 0xc574, 0x5249, 0x3186, 0x31a6, 0x41e7, 0x9c50, 0xfed9, 0xfef9, 0xfef9, 
	0xfefa, 0xfef9, 0xfef9, 0xfefa, 0xfed9, 0x8c0f, 0x39a6, 0x3186, 0x31a6, 0x5268, 0xd5f6, 0xfef9, 0xfef9, 0xfef9, 0xfef9, 0xfef9, 
	0xfef9, 0xfef9, 0xde16, 0x5a89, 0x3186, 0x2986, 0x39a6, 0x83ce, 0xf6b9, 0xfefa, 0xfef9, 0xfef9, 0xfefa, 0xfef9, 0xfef9, 0xfef9, 
	0xacb1, 0x39e7, 0x3186, 0x3186, 0x4229, 0x8515, 0xaedc, 0xaedc, 0xaedc, 0xaedc, 0xaedc, 0xaebd, 0xaefd, 0xaefc, 0x8d56, 0x3a09, 
	0x31a6, 0x31a6, 0x31c7, 0x9472, 0xf77d, 0xf75d, 0xf77d, 0xbd96, 0x4a6a, 0x3186, 0x3185, 0x31e7, 0x6c31, 0xae9b, 0xaedd, 0xaedd, 
	0xaedc, 0xaedc, 0xaedc, 0xaedc, 0xaedc, 0xaedc, 0xaedc, 0xaedc, 0xaedc, 0xaedc, 0xaedc, 0xaedc, 0xaedc, 0xaedc, 0xaedc, 0xaedc, 
	0xaedc, 0xaedc, 0xaedc, 0xaedc, 0xaedc, 0xaedc, 0xaedc, 0xaedc, 0xaedc, 0xaedc, 0xaedc, 0xaedc, 0xaedc, 0xaedc, 0xaedc, 0xaedc, 
	0xaedc, 0xaedc, 0xaedc, 0xaedc, 0xaedc, 0xaedc, 0xaedc, 0xaedc, 0xaedc, 0xaedc, 0xaedc, 0xaedc, 0xaedc, 0xaedc, 0xaedc, 0xaedc, 
	0xaedc, 0xaedc, 0xaedc, 0xaedc, 0xaedc, 0xaedc, 0xaedc, 0xaedc, 0xaedc, 0xaedc, 0xaedc, 0xaedc, 0xaedc, 0xaedc, 0xaedc, 0xaedc, 
	0xaedc, 0xaedc, 0xaedc, 0xaedc, 0xaedc, 0xaedc, 0xaedc, 0xaedc, 0xaedc, 0xaedc, 0xaedc, 0xaedc, 0xaedc, 0xaedc, 0xaedc, 0xaedc, 
	0xaedc, 0xaedc, 0xaedc, 0xaedc, 0xaedc, 0xaedc, 0xaedc, 0xaedc, 0xaedc, 0xaedc, 0xaedc, 0xaedc, 0xaedc, 0xaedc, 0xaedc, 0xaedc, 
	0xaedc, 0xaedc, 0xaedc, 0xaedc, 0xaedc, 0xaedc, 0xaedc, 0xaedc, 0xaedc, 0xaedc, 0xaedc, 0xaedc, 0xaedc, 0xaedc, 0xaedc, 0xaedc, 
	0xaedc, 0xaedc, 0xaedc, 0xaedc, 0xaedc, 0xaedc, 0xaedc, 0xaedc, 0xaedc, 0xaedc, 0xaedc, 0xaedc, 0xaedc, 0xaedc, 0xaedc, 0xaedc, 
	0xaedc, 0xaedc, 0xaedc, 0xaedc, 0xaedc, 0xaedc, 0xaedc, 0xaedc, 0xaedc, 0xaedc, 0xaedc, 0xaedc, 0xaedc, 0xaedc, 0xaedc, 0xaedc, 
	0xaedc, 0xaedc, 0xaedc, 0xaedd, 0xaedd, 0xaedd, 0xaedd, 0xaedc, 0xaedc, 0xaedc, 0xaedc, 0xaedd, 0xaedd, 0xaedc, 0xaedc, 0xaedc, 
	0xaedc, 0xaedc, 0xaedc, 0xaedc, 0xaedc, 0xaedc, 0xaedc, 0xaedc, 0xaedd, 0xae9b, 0x5b4e, 0x3186, 0x3186, 0x3166, 0x5aca, 0xe657, 
	0xff19, 0xfef9, 0xfefa, 0xfef9, 0xfef9, 0xfef9, 0xfefa, 0xc574, 0x5249, 0x3186, 0x31a6, 0x41e7, 0x9c50, 0xfed9, 0xfef9, 0xfef9, 
	0xfefa, 0xfef9, 0xfef9, 0xfefa, 0xf6b9, 0x8c0f, 0x39a6, 0x3186, 0x2986, 0x5248, 0xd5f6, 0xfef9, 0xfef9, 0xfef9, 0xfef9, 0xfef9, 
	0xfef9, 0xfef9, 0xde16, 0x5a89, 0x3186, 0x2986, 0x39a6, 0x83ce, 0xf6b9, 0xfefa, 0xfef9, 0xfef9, 0xfefa, 0xfef9, 0xfef9, 0xfef9, 
	0xacb1, 0x39e7, 0x3186, 0x3186, 0x4229, 0x8515, 0xaedc, 0xaedc, 0xaebc, 0xaedc, 0xaefd, 0xaedc, 0xaedd, 0xaedc, 0x9576, 0x3a09, 
	0x2985, 0x3186, 0x39a7, 0x8c50, 0xf75d, 0xf77d, 0xf77d, 0xb555, 0x4a29, 0x3186, 0x3185, 0x39e7, 0x7452, 0xae9b, 0xaebc, 0xaedd, 
	0xaedc, 0xaedc, 0xaedc, 0xaedc, 0xaedc, 0xaedc, 0xaedc, 0xaedc, 0xaedc, 0xaedc, 0xaedc, 0xaedc, 0xaedc, 0xaedc, 0xaedc, 0xaedc, 
	0xaedc, 0xaedc, 0xaedc, 0xaedc, 0xaedc, 0xaedc, 0xaedc, 0xaedc, 0xaedc, 0xaedc, 0xaedc, 0xaedc, 0xaedc, 0xaedc, 0xaedc, 0xaedc, 
	0xaedc, 0xaedc, 0xaedc, 0xaedc, 0xaedc, 0xaedc, 0xaedc, 0xaedc, 0xaedc, 0xaedc, 0xaedc, 0xaedc, 0xaedc, 0xaedc, 0xaedc, 0xaedc, 
	0xaedc, 0xaedc, 0xaedc, 0xaedc, 0xaedc, 0xaedc, 0xaedc, 0xaedc, 0xaedc, 0xaedc, 0xaedc, 0xaedc, 0xaedc, 0xaedc, 0xaedc, 0xaedc, 
	0xaedc, 0xaedc, 0xaedc, 0xaedc, 0xaedc, 0xaedc, 0xaedc, 0xaedc, 0xaedc, 0xaedc, 0xaedc, 0xaedc, 0xaedc, 0xaedc, 0xaedc, 0xaedc, 
	0xaedc, 0xaedc, 0xaedc, 0xaedc, 0xaedc, 0xaedc, 0xaedc, 0xaedc, 0xaedc, 0xaedc, 0xaedc, 0xaedc, 0xaedc, 0xaedc, 0xaedc, 0xaedc, 
	0xaedc, 0xaedc, 0xaedc, 0xaedc, 0xaedc, 0xaedc, 0xaedc, 0xaedc, 0xaedc, 0xaedc, 0xaedc, 0xaedc, 0xaedc, 0xaedc, 0xaedc, 0xaedc, 
	0xaedc, 0xaedc, 0xaedc, 0xaedc, 0xaedc, 0xaedc, 0xaedc, 0xaedc, 0xaedc, 0xaedc, 0xaedc, 0xaedc, 0xaedc, 0xaedc, 0xaedc, 0xaedc, 
	0xaedc, 0xaedc, 0xaedc, 0xaedc, 0xaedc, 0xaedc, 0xaedc, 0xaedc, 0xaedc, 0xaedc, 0xaedc, 0xaedc, 0xaedc, 0xaedc, 0xaedc, 0xaedc, 
	0xaedc, 0xaedc, 0xaedc, 0xaedc, 0xaedc, 0xaedc, 0xaedc, 0xaedc, 0xaedc, 0xaedc, 0xaedc, 0xaedc, 0xaedc, 0xaedd, 0xaedc, 0xaedc, 
	0xaedc, 0xaedc, 0xaedc, 0xaedc, 0xaedc, 0xaedc, 0xaedc, 0xaedc, 0xaedd, 0xae9b, 0x5b4e, 0x3186, 0x3186, 0x3166, 0x5aca, 0xe657, 
	0xff19, 0xfef9, 0xfefa, 0xfef9, 0xfef9, 0xfef9, 0xfefa, 0xc574, 0x5249, 0x3186, 0x31a6, 0x41e7, 0x9c50, 0xfed9, 0xfef9, 0xfef9, 
	0xfefa, 0xfef9, 0xfef9, 0xfefa, 0xf6b9, 0x8c0f, 0x39a6, 0x3186, 0x2986, 0x5248, 0xd5d6, 0xfef9, 0xfef9, 0xfef9, 0xfef9, 0xfef9, 
	0xfefa, 0xfefa, 0xde16, 0x5a89, 0x31a6, 0x31a7, 0x39a6, 0x83ce, 0xf6b9, 0xfefa, 0xfef9, 0xfef9, 0xfefa, 0xfef9, 0xfef9, 0xfef9, 
	0xacb1, 0x39e7, 0x3186, 0x3186, 0x4229, 0x8515, 0xaedc, 0xaedc, 0xb6bd, 0xaedd, 0xaefc, 0xb6fd, 0xaedc, 0xaedc, 0x9dd8, 0x428b, 
	0x3186, 0x3186, 0x3186, 0x5aaa, 0xad34, 0xd699, 0xbdd7, 0x6b6d, 0x31a6, 0x39c6, 0x3185, 0x3a08, 0x84f4, 0xaebc, 0xaedc, 0xaedd, 
	0xaedc, 0xaedc, 0xaedc, 0xaedc, 0xaedc, 0xaedc, 0xaedc, 0xaedc, 0xaedc, 0xaedc, 0xaedc, 0xaedc, 0xaedc, 0xaedc, 0xaedc, 0xaedc, 
	0xaedc, 0xaedc, 0xaedc, 0xaedc, 0xaedc, 0xaedc, 0xaedc, 0xaedc, 0xaedc, 0xaedc, 0xaedc, 0xaedc, 0xaedc, 0xaedc, 0xaedc, 0xaedc, 
	0xaedc, 0xaedc, 0xaedc, 0xaedc, 0xaedc, 0xaedc, 0xaedc, 0xaedc, 0xaedc, 0xaedc, 0xaedc, 0xaedc, 0xaedc, 0xaedc, 0xaedc, 0xaedc, 
	0xaedc, 0xaedc, 0xaedc, 0xaedc, 0xaedc, 0xaedc, 0xaedc, 0xaedc, 0xaedc, 0xaedc, 0xaedc, 0xaedc, 0xaedc, 0xaedc, 0xaedc, 0xaedc, 
	0xaedc, 0xaedc, 0xaedc, 0xaedc, 0xaedc, 0xaedc, 0xaedc, 0xaedc, 0xaedc, 0xaedc, 0xaedc, 0xaedc, 0xaedc, 0xaedc, 0xaedc, 0xaedc, 
	0xaedc, 0xaedc, 0xaedc, 0xaedc, 0xaedc, 0xaedc, 0xaedc, 0xaedc, 0xaedc, 0xaedc, 0xaedc, 0xaedc, 0xaedc, 0xaedc, 0xaedc, 0xaedc, 
	0xaedc, 0xaedc, 0xaedc, 0xaedc, 0xaedc, 0xaedc, 0xaedc, 0xaedc, 0xaedc, 0xaedc, 0xaedc, 0xaedc, 0xaedc, 0xaedc, 0xaedc, 0xaedc, 
	0xaedc, 0xaedc, 0xaedc, 0xaedc, 0xaedc, 0xaedc, 0xaedc, 0xaedc, 0xaedc, 0xaedc, 0xaedc, 0xaedc, 0xaedc, 0xaedc, 0xaedc, 0xaedc, 
	0xaedc, 0xaedc, 0xaedc, 0xaedc, 0xaedc, 0xaedc, 0xaedc, 0xaedc, 0xaedc, 0xaedc, 0xaedc, 0xaedc, 0xaedc, 0xaedc, 0xaedc, 0xaedc, 
	0xaedd, 0xaedc, 0xaedc, 0xaedc, 0xaedc, 0xaedc, 0xaedc, 0xaedd, 0xb6fd, 0xb6fd, 0xaedc, 0xaedc, 0xaedc, 0xaedc, 0xaedc, 0xaedc, 
	0xaedc, 0xaedc, 0xaedc, 0xaedc, 0xaedc, 0xaedc, 0xaedc, 0xaedc, 0xaedd, 0xae9b, 0x5b4e, 0x3186, 0x3186, 0x3166, 0x5aca, 0xe657, 
	0xff19, 0xfef9, 0xfefa, 0xfef9, 0xfef9, 0xfef9, 0xfefa, 0xc574, 0x5249, 0x3186, 0x31a6, 0x41e7, 0x9c50, 0xfed9, 0xfef9, 0xfef9, 
	0xfefa, 0xfef9, 0xfef9, 0xfef9, 0xfed9, 0x8c0f, 0x39c6, 0x3186, 0x2986, 0x5248, 0xd5f6, 0xfef9, 0xfef9, 0xfef9, 0xfef9, 0xfef9, 
	0xfef9, 0xfef9, 0xd5f6, 0x5a89, 0x3186, 0x31a6, 0x39a6, 0x83cd, 0xf6b9, 0xfefa, 0xfef9, 0xfef9, 0xfefa, 0xfef9, 0xfef9, 0xfef9, 
	0xacb1, 0x39e7, 0x3186, 0x3186, 0x4229, 0x8515, 0xaedc, 0xaedc, 0xb6dc, 0xaedc, 0xaedc, 0xb6dd, 0xaedc, 0xaedc, 0xa65a, 0x5b8f, 
	0x31c7, 0x2966, 0x3986, 0x3986, 0x4a49, 0x5aeb, 0x52aa, 0x39c7, 0x3186, 0x31a6, 0x2965, 0x42cb, 0x9dd8, 0xb6fd, 0xaedd, 0xb6dc, 
	0xaedc, 0xaedc, 0xaedc, 0xaedc, 0xaedc, 0xaedc, 0xaedc, 0xaedc, 0xaedc, 0xaedc, 0xaedc, 0xaedc, 0xaedc, 0xaedc, 0xaedc, 0xaedc, 
	0xaedc, 0xaedc, 0xaedc, 0xaedc, 0xaedc, 0xaedc, 0xaedc, 0xaedc, 0xaedc, 0xaedc, 0xaedc, 0xaedc, 0xaedc, 0xaedc, 0xaedc, 0xaedc, 
	0xaedc, 0xaedc, 0xaedc, 0xaedc, 0xaedc, 0xaedc, 0xaedc, 0xaedc, 0xaedc, 0xaedc, 0xaedc, 0xaedc, 0xaedc, 0xaedc, 0xaedc, 0xaedc, 
	0xaedc, 0xaedc, 0xaedc, 0xaedc, 0xaedc, 0xaedc, 0xaedc, 0xaedc, 0xaedc, 0xaedc, 0xaedc, 0xaedc, 0xaedc, 0xaedc, 0xaedc, 0xaedc, 
	0xaedc, 0xaedc, 0xaedc, 0xaedc, 0xaedc, 0xaedc, 0xaedc, 0xaedc, 0xaedc, 0xaedc, 0xaedc, 0xaedc, 0xaedc, 0xaedc, 0xaedc, 0xaedc, 
	0xaedc, 0xaedc, 0xaedc, 0xaedc, 0xaedc, 0xaedc, 0xaedc, 0xaedc, 0xaedc, 0xaedc, 0xaedc, 0xaedc, 0xaedc, 0xaedc, 0xaedc, 0xaedc, 
	0xaedc, 0xaedc, 0xaedc, 0xaedc, 0xaedc, 0xaedc, 0xaedc, 0xaedc, 0xaedc, 0xaedc, 0xaedc, 0xaedc, 0xaedc, 0xaedc, 0xaedc, 0xaedc, 
	0xaedc, 0xaedc, 0xaedc, 0xaedc, 0xaedc, 0xaedc, 0xaedc, 0xaedc, 0xaedc, 0xaedc, 0xaedc, 0xaedc, 0xaedc, 0xaedc, 0xaedc, 0xaedc, 
	0xaedc, 0xaedc, 0xaedc, 0xaedc, 0xaedc, 0xaedc, 0xaedc, 0xaedc, 0xaedc, 0xaedc, 0xaedc, 0xaedc, 0xaedc, 0xaedc, 0xaedc, 0xaedc, 
	0xaedc, 0xaedc, 0xaedd, 0xaedd, 0xaedc, 0xaedc, 0xb6dd, 0xb6dd, 0xaedc, 0xaedc, 0xaedd, 0xaedd, 0xaedc, 0xaedc, 0xaedc, 0xaedc, 
	0xaedc, 0xaedc, 0xaedc, 0xaedc, 0xaedc, 0xaedc, 0xaedc, 0xaedc, 0xaedd, 0xae9b, 0x5b4e, 0x3186, 0x3186, 0x3166, 0x5aca, 0xe657, 
	0xff19, 0xfef9, 0xfefa, 0xfef9, 0xfef9, 0xfef9, 0xfefa, 0xc574, 0x5249, 0x3186, 0x31a6, 0x41e7, 0x9c50, 0xfed9, 0xfef9, 0xfef9, 
	0xfefa, 0xfef9, 0xfef9, 0xfef9, 0xfed9, 0x940f, 0x39c6, 0x3186, 0x31a6, 0x5268, 0xd5f6, 0xfefa, 0xfef9, 0xfef9, 0xfef9, 0xfef9, 
	0xfef9, 0xfef9, 0xde16, 0x5a89, 0x3186, 0x2986, 0x39a6, 0x83ce, 0xf6b9, 0xfefa, 0xfef9, 0xfef9, 0xfefa, 0xfef9, 0xfef9, 0xfef9, 
	0xacb1, 0x39e7, 0x3186, 0x3186, 0x4229, 0x8515, 0xaedc, 0xaedc, 0xb6bc, 0xaedc, 0xaedc, 0xb6dc, 0xb6dd, 0xaefd, 0xaebc, 0x8d56, 
	0x426a, 0x2986, 0x39a7, 0x3186, 0x3185, 0x3186, 0x3186, 0x3186, 0x31a6, 0x3186, 0x3a28, 0x7452, 0xae7b, 0xaedd, 0xaebc, 0xaebc, 
	0xaedc, 0xaedc, 0xaedc, 0xaedc, 0xaedc, 0xaedc, 0xaedc, 0xaedc, 0xaedc, 0xaedc, 0xaedc, 0xaedc, 0xaedc, 0xaedc, 0xaedc, 0xaedc, 
	0xaedc, 0xaedc, 0xaedc, 0xaedc, 0xaedc, 0xaedc, 0xaedc, 0xaedc, 0xaedc, 0xaedc, 0xaedc, 0xaedc, 0xaedc, 0xaedc, 0xaedc, 0xaedc, 
	0xaedc, 0xaedc, 0xaedc, 0xaedc, 0xaedc, 0xaedc, 0xaedc, 0xaedc, 0xaedc, 0xaedc, 0xaedc, 0xaedc, 0xaedc, 0xaedc, 0xaedc, 0xaedc, 
	0xaedc, 0xaedc, 0xaedc, 0xaedc, 0xaedc, 0xaedc, 0xaedc, 0xaedc, 0xaedc, 0xaedc, 0xaedc, 0xaedc, 0xaedc, 0xaedc, 0xaedc, 0xaedc, 
	0xaedc, 0xaedc, 0xaedc, 0xaedc, 0xaedc, 0xaedc, 0xaedc, 0xaedc, 0xaedc, 0xaedc, 0xaedc, 0xaedc, 0xaedc, 0xaedc, 0xaedc, 0xaedc, 
	0xaedc, 0xaedc, 0xaedc, 0xaedc, 0xaedc, 0xaedc, 0xaedc, 0xaedc, 0xaedc, 0xaedc, 0xaedc, 0xaedc, 0xaedc, 0xaedc, 0xaedc, 0xaedc, 
	0xaedc, 0xaedc, 0xaedc, 0xaedc, 0xaedc, 0xaedc, 0xaedc, 0xaedc, 0xaedc, 0xaedc, 0xaedc, 0xaedc, 0xaedc, 0xaedc, 0xaedc, 0xaedc, 
	0xaedc, 0xaedc, 0xaedc, 0xaedc, 0xaedc, 0xaedc, 0xaedc, 0xaedc, 0xaedc, 0xaedc, 0xaedc, 0xaedc, 0xaedc, 0xaedc, 0xaedc, 0xaedc, 
	0xaedc, 0xaedc, 0xaedc, 0xaedc, 0xaedc, 0xaedc, 0xaedc, 0xaedc, 0xaedc, 0xaedc, 0xaedc, 0xaedc, 0xaedc, 0xaedc, 0xaedc, 0xaedc, 
	0xaedc, 0xaedd, 0xb6fd, 0xaedc, 0xa69b, 0xa67b, 0x9e3a, 0x9e3a, 0x9e5b, 0xa69b, 0xaebc, 0xaedd, 0xaedc, 0xaedc, 0xaedc, 0xb6fd, 
	0xaedc, 0xaedc, 0xaedc, 0xaedc, 0xaedc, 0xaedc, 0xaedc, 0xaedc, 0xaedd, 0xae9b, 0x5b4e, 0x3186, 0x3186, 0x3166, 0x5aca, 0xe657, 
	0xff19, 0xfef9, 0xfefa, 0xfef9, 0xfef9, 0xfef9, 0xfefa, 0xc574, 0x5249, 0x3186, 0x31a6, 0x41e7, 0x9c50, 0xfed9, 0xfef9, 0xfef9, 
	0xfefa, 0xfef9, 0xfef9, 0xfefa, 0xfed9, 0x942f, 0x39c6, 0x3186, 0x31a6, 0x5269, 0xd5f6, 0xfefa, 0xfef9, 0xfef9, 0xfef9, 0xfef9, 
	0xfef9, 0xff1a, 0xde37, 0x62aa, 0x3186, 0x2986, 0x39a6, 0x83ee, 0xf6b9, 0xfefa, 0xfef9, 0xfef9, 0xfefa, 0xfef9, 0xfef9, 0xfef9, 
	0xacb1, 0x39e7, 0x3186, 0x3186, 0x4229, 0x8515, 0xaedc, 0xaedc, 0xb6bc, 0xaefc, 0xaefc, 0xaebc, 0xb6dd, 0xaedd, 0xaedc, 0xae9b, 
	0x7c71, 0x3a49, 0x3186, 0x3186, 0x31c6, 0x3186, 0x31a6, 0x3186, 0x3165, 0x39e7, 0x638e, 0xa5f9, 0xaedd, 0xaedd, 0xaedd, 0xb6dc, 
	0xaedc, 0xaedc, 0xaedc, 0xaedc, 0xaedc, 0xaedc, 0xaedc, 0xaedc, 0xaedc, 0xaedc, 0xaedc, 0xaedc, 0xaedc, 0xaedc, 0xaedc, 0xaedc, 
	0xaedc, 0xaedc, 0xaedc, 0xaedc, 0xaedc, 0xaedc, 0xaedc, 0xaedc, 0xaedc, 0xaedc, 0xaedc, 0xaedc, 0xaedc, 0xaedc, 0xaedc, 0xaedc, 
	0xaedc, 0xaedc, 0xaedc, 0xaedc, 0xaedc, 0xaedc, 0xaedc, 0xaedc, 0xaedc, 0xaedc, 0xaedc, 0xaedc, 0xaedc, 0xaedc, 0xaedc, 0xaedc, 
	0xaedc, 0xaedc, 0xaedc, 0xaedc, 0xaedc, 0xaedc, 0xaedc, 0xaedc, 0xaedc, 0xaedc, 0xaedc, 0xaedc, 0xaedc, 0xaedc, 0xaedc, 0xaedc, 
	0xaedc, 0xaedc, 0xaedc, 0xaedc, 0xaedc, 0xaedc, 0xaedc, 0xaedc, 0xaedc, 0xaedc, 0xaedc, 0xaedc, 0xaedc, 0xaedc, 0xaedc, 0xaedc, 
	0xaedc, 0xaedc, 0xaedc, 0xaedc, 0xaedc, 0xaedc, 0xaedc, 0xaedc, 0xaedc, 0xaedc, 0xaedc, 0xaedc, 0xaedc, 0xaedc, 0xaedc, 0xaedc, 
	0xaedc, 0xaedc, 0xaedc, 0xaedc, 0xaedc, 0xaedc, 0xaedc, 0xaedc, 0xaedc, 0xaedc, 0xaedc, 0xaedc, 0xaedc, 0xaedc, 0xaedc, 0xaedc, 
	0xaedc, 0xaedc, 0xaedc, 0xaedc, 0xaedc, 0xaedc, 0xaedc, 0xaedc, 0xaedc, 0xaedc, 0xaedc, 0xaedc, 0xaedc, 0xaedc, 0xaedc, 0xaedc, 
	0xaedc, 0xaedc, 0xaedc, 0xaedc, 0xaedc, 0xaedc, 0xaedc, 0xaedc, 0xaedc, 0xaefd, 0xaebc, 0xaedd, 0xaedc, 0xb6dc, 0xaedc, 0xaedc, 
	0xaedc, 0xb6dd, 0xae5b, 0x9577, 0x6c52, 0x536e, 0x4aca, 0x4aaa, 0x530c, 0x6bcf, 0x84d4, 0x9dd9, 0xaebc, 0xaefd, 0xaebc, 0xb6bc, 
	0xaefd, 0xaedd, 0xaebc, 0xaefc, 0xaefc, 0xaedc, 0xb6fd, 0xaebc, 0xaedd, 0xae9b, 0x5b4e, 0x3186, 0x3186, 0x3166, 0x5aca, 0xe657, 
	0xfefa, 0xfef9, 0xff1a, 0xfef9, 0xfefa, 0xfef9, 0xfefa, 0xc554, 0x4a68, 0x2986, 0x3186, 0x41c7, 0xa470, 0xf6b8, 0xfef9, 0xff19, 
	0xfef9, 0xfef9, 0xff19, 0xfef9, 0xfefa, 0xbd33, 0x5248, 0x3185, 0x39a6, 0x838d, 0xe678, 0xff3b, 0xfefa, 0xfeda, 0xfefa, 0xfefa, 
	0xff1a, 0xfef9, 0xee98, 0x8bce, 0x39a7, 0x2966, 0x5248, 0xad12, 0xfef9, 0xff1a, 0xfefa, 0xfef9, 0xfefa, 0xfefa, 0xfed9, 0xfed9, 
	0xacb1, 0x41e7, 0x31a6, 0x31a5, 0x3a08, 0x84f4, 0xb6fd, 0xa6fd, 0xaedd, 0xaedd, 0xaedd, 0xb6dd, 0xb6dd, 0xaedd, 0xaebd, 0xaebd, 
	0xa67b, 0x7cb3, 0x4acc, 0x39c7, 0x3986, 0x3165, 0x3185, 0x31e6, 0x428b, 0x7431, 0x9df9, 0xaedc, 0xaedc, 0xaedc, 0xaedc, 0xb6dd, 
	0xaedc, 0xaedc, 0xaedc, 0xaedc, 0xaedc, 0xaedc, 0xaedc, 0xaedc, 0xaedc, 0xaedc, 0xaedc, 0xaedc, 0xaedc, 0xaedc, 0xaedc, 0xaedc, 
	0xaedc, 0xaedc, 0xaedc, 0xaedc, 0xaedc, 0xaedc, 0xaedc, 0xaedc, 0xaedc, 0xaedc, 0xaedc, 0xaedc, 0xaedc, 0xaedc, 0xaedc, 0xaedc, 
	0xaedc, 0xaedc, 0xaedc, 0xaedc, 0xaedc, 0xaedc, 0xaedc, 0xaedc, 0xaedc, 0xaedc, 0xaedc, 0xaedc, 0xaedc, 0xaedc, 0xaedc, 0xaedc, 
	0xaedc, 0xaedc, 0xaedc, 0xaedc, 0xaedc, 0xaedc, 0xaedc, 0xaedc, 0xaedc, 0xaedc, 0xaedc, 0xaedc, 0xaedc, 0xaedc, 0xaedc, 0xaedc, 
	0xaedc, 0xaedc, 0xaedc, 0xaedc, 0xaedc, 0xaedc, 0xaedc, 0xaedc, 0xaedc, 0xaedc, 0xaedc, 0xaedc, 0xaedc, 0xaedc, 0xaedc, 0xaedc, 
	0xaedc, 0xaedc, 0xaedc, 0xaedc, 0xaedc, 0xaedc, 0xaedc, 0xaedc, 0xaedc, 0xaedc, 0xaedc, 0xaedc, 0xaedc, 0xaedc, 0xaedc, 0xaedc, 
	0xaedc, 0xaedc, 0xaedc, 0xaedc, 0xaedc, 0xaedc, 0xaedc, 0xaedc, 0xaedc, 0xaedc, 0xaedc, 0xaedc, 0xaedc, 0xaedc, 0xaedc, 0xaedc, 
	0xaedc, 0xaedc, 0xaedc, 0xaedc, 0xaedc, 0xaedc, 0xaedc, 0xaedc, 0xaedc, 0xaedc, 0xaedc, 0xaedc, 0xaedc, 0xaedc, 0xaedc, 0xaedc, 
	0xaedc, 0xaedc, 0xaedc, 0xaedc, 0xaedc, 0xaedc, 0xaedc, 0xaedc, 0xaedc, 0xaedd, 0xaedd, 0xb6fd, 0xaedc, 0xaebc, 0xaebc, 0xaedd, 
	0xb6fc, 0x9dd8, 0x6bf1, 0x428a, 0x31c7, 0x31a6, 0x3166, 0x39a7, 0x31c7, 0x31a7, 0x31e8, 0x530d, 0x8515, 0xa67a, 0xaedc, 0xaefd, 
	0xaedd, 0xb6dd, 0xaedc, 0xaebc, 0xaedc, 0xaedc, 0xaebc, 0xb6fd, 0xaedd, 0xae9b, 0x5b4e, 0x3186, 0x3186, 0x3166, 0x5aca, 0xe657, 
	0xff1a, 0xfef9, 0xfef9, 0xfed9, 0xfefa, 0xfefa, 0xfefa, 0xc554, 0x5269, 0x31a6, 0x3186, 0x39c6, 0x9c70, 0xf6d9, 0xfef9, 0xfed9, 
	0xfefa, 0xfefa, 0xfef9, 0xfed9, 0xff1a, 0xf699, 0xacd2, 0x83ce, 0x940f, 0xcdb4, 0xfef9, 0xfeb8, 0xfed9, 0xff1a, 0xfef9, 0xfef9, 
	0xfef9, 0xfef9, 0xfef9, 0xd5d5, 0x9c30, 0x83ae, 0xb4d1, 0xee98, 0xfed9, 0xfed9, 0xfed9, 0xfef9, 0xfefa, 0xfef9, 0xfed9, 0xfef9, 
	0xacb2, 0x41e7, 0x2986, 0x31a6, 0x4249, 0x8d15, 0xaebc, 0xaefd, 0xaefc, 0xaedc, 0xaedc, 0xaedc, 0xaedc, 0xaefc, 0xaefc, 0xaefc, 
	0xaebc, 0xae9b, 0x95b8, 0x7c93, 0x63d0, 0x5b8f, 0x63cf, 0x6c31, 0x9576, 0xa639, 0xb6dc, 0xb6fd, 0xaefd, 0xaedc, 0xaedd, 0xb6dc, 
	0xaedc, 0xaedc, 0xaedc, 0xaedc, 0xaedc, 0xaedc, 0xaedc, 0xaedc, 0xaedc, 0xaedc, 0xaedc, 0xaedc, 0xaedc, 0xaedc, 0xaedc, 0xaedc, 
	0xaedc, 0xaedc, 0xaedc, 0xaedc, 0xaedc, 0xaedc, 0xaedc, 0xaedc, 0xaedc, 0xaedc, 0xaedc, 0xaedc, 0xaedc, 0xaedc, 0xaedc, 0xaedc, 
	0xaedc, 0xaedc, 0xaedc, 0xaedc, 0xaedc, 0xaedc, 0xaedc, 0xaedc, 0xaedc, 0xaedc, 0xaedc, 0xaedc, 0xaedc, 0xaedc, 0xaedc, 0xaedc, 
	0xaedc, 0xaedc, 0xaedc, 0xaedc, 0xaedc, 0xaedc, 0xaedc, 0xaedc, 0xaedc, 0xaedc, 0xaedc, 0xaedc, 0xaedc, 0xaedc, 0xaedc, 0xaedc, 
	0xaedc, 0xaedc, 0xaedc, 0xaedc, 0xaedc, 0xaedc, 0xaedc, 0xaedc, 0xaedc, 0xaedc, 0xaedc, 0xaedc, 0xaedc, 0xaedc, 0xaedc, 0xaedc, 
	0xaedc, 0xaedc, 0xaedc, 0xaedc, 0xaedc, 0xaedc, 0xaedc, 0xaedc, 0xaedc, 0xaedc, 0xaedc, 0xaedc, 0xaedc, 0xaedc, 0xaedc, 0xaedc, 
	0xaedc, 0xaedc, 0xaedc, 0xaedc, 0xaedc, 0xaedc, 0xaedc, 0xaedc, 0xaedc, 0xaedc, 0xaedc, 0xaedc, 0xaedc, 0xaedc, 0xaedc, 0xaedc, 
	0xaedc, 0xaedc, 0xaedc, 0xaedc, 0xaedc, 0xaedc, 0xaedc, 0xaedc, 0xaedc, 0xaedc, 0xaedc, 0xaedc, 0xaedc, 0xaedc, 0xaedc, 0xaedc, 
	0xaedc, 0xaedc, 0xaedc, 0xaedc, 0xaedc, 0xaedc, 0xaedc, 0xaedc, 0xaedd, 0xaedc, 0xb6fd, 0xaedd, 0xaedd, 0xaedc, 0xaedc, 0xaedc, 
	0x8d97, 0x5b6e, 0x3a08, 0x3165, 0x3985, 0x39a6, 0x3186, 0x3187, 0x3187, 0x2965, 0x31a6, 0x31a6, 0x3a29, 0x7c72, 0xa67a, 0xa6dc, 
	0xaebc, 0xaedd, 0xb6fd, 0xaebc, 0xaedc, 0xb6fd, 0xaebc, 0xaefd, 0xaedd, 0xae9b, 0x5b4e, 0x3186, 0x3186, 0x3166, 0x5aca, 0xe657, 
	0xff1a, 0xfef9, 0xfef9, 0xfef9, 0xfefa, 0xff1a, 0xfefa, 0xc553, 0x5228, 0x3186, 0x31a6, 0x39c7, 0x9c50, 0xf6d9, 0xfefa, 0xff1a, 
	0xfefa, 0xfefa, 0xff1a, 0xfed9, 0xfed9, 0xff1a, 0xfeda, 0xee78, 0xfed9, 0xff19, 0xff19, 0xff19, 0xfef9, 0xfef9, 0xfef9, 0xff19, 
	0xff1a, 0xfefa, 0xfef9, 0xff1a, 0xf6b9, 0xee78, 0xfed9, 0xfed8, 0xfefa, 0xfeda, 0xfefa, 0xfefa, 0xfef9, 0xfef9, 0xfef9, 0xfef9, 
	0xa491, 0x41e7, 0x3186, 0x2965, 0x4228, 0x8d15, 0xb6bc, 0xaedc, 0xaedc, 0xaedc, 0xaedc, 0xaedc, 0xaefc, 0xaefc, 0xaedc, 0xaedc, 
	0xaefd, 0xaefd, 0xaedd, 0xaebc, 0xa67b, 0x9e3a, 0xa65b, 0xb6bd, 0xaedc, 0xb6fc, 0xaefc, 0xaedc, 0xaedc, 0xaedd, 0xb6dd, 0xb6dc, 
	0xaedc, 0xaedc, 0xaedc, 0xaedc, 0xaedc, 0xaedc, 0xaedc, 0xaedc, 0xaedc, 0xaedc, 0xaedc, 0xaedc, 0xaedc, 0xaedc, 0xaedc, 0xaedc, 
	0xaedc, 0xaedc, 0xaedc, 0xaedc, 0xaedc, 0xaedc, 0xaedc, 0xaedc, 0xaedc, 0xaedc, 0xaedc, 0xaedc, 0xaedc, 0xaedc, 0xaedc, 0xaedc, 
	0xaedc, 0xaedc, 0xaedc, 0xaedc, 0xaedc, 0xaedc, 0xaedc, 0xaedc, 0xaedc, 0xaedc, 0xaedc, 0xaedc, 0xaedc, 0xaedc, 0xaedc, 0xaedc, 
	0xaedc, 0xaedc, 0xaedc, 0xaedc, 0xaedc, 0xaedc, 0xaedc, 0xaedc, 0xaedc, 0xaedc, 0xaedc, 0xaedc, 0xaedc, 0xaedc, 0xaedc, 0xaedc, 
	0xaedc, 0xaedc, 0xaedc, 0xaedc, 0xaedc, 0xaedc, 0xaedc, 0xaedc, 0xaedc, 0xaedc, 0xaedc, 0xaedc, 0xaedc, 0xaedc, 0xaedc, 0xaedc, 
	0xaedc, 0xaedc, 0xaedc, 0xaedc, 0xaedc, 0xaedc, 0xaedc, 0xaedc, 0xaedc, 0xaedc, 0xaedc, 0xaedc, 0xaedc, 0xaedc, 0xaedc, 0xaedc, 
	0xaedc, 0xaedc, 0xaedc, 0xaedc, 0xaedc, 0xaedc, 0xaedc, 0xaedc, 0xaedc, 0xaedc, 0xaedc, 0xaedc, 0xaedc, 0xaedc, 0xaedc, 0xaedc, 
	0xaedc, 0xaedc, 0xaedc, 0xaedc, 0xaedc, 0xaedc, 0xaedc, 0xaedc, 0xaedc, 0xaedc, 0xaedc, 0xaedc, 0xaedc, 0xaedc, 0xaedc, 0xaedc, 
	0xaedc, 0xaedc, 0xaedc, 0xaedc, 0xaedc, 0xaedc, 0xaedc, 0xaedc, 0xb6dd, 0xaebc, 0xaedc, 0xaedd, 0xaedd, 0xaedd, 0xb6dc, 0x9df9, 
	0x5b4e, 0x29a7, 0x2986, 0x39a6, 0x3185, 0x3185, 0x31a6, 0x2985, 0x31a6, 0x2985, 0x31a6, 0x39a6, 0x3165, 0x4208, 0x6c11, 0xae7b, 
	0xb6fd, 0xaebc, 0xaedd, 0xaedd, 0xaebc, 0xb6dd, 0xaedc, 0xaedc, 0xaedd, 0xae9b, 0x5b4e, 0x3186, 0x3186, 0x3166, 0x5aca, 0xe657, 
	0xff1a, 0xfef9, 0xfefa, 0xfefa, 0xfefa, 0xff1a, 0xfed9, 0xcd74, 0x5269, 0x3186, 0x31a6, 0x39c6, 0x9c91, 0xf6d9, 0xfef9, 0xfed9, 
	0xff1a, 0xfef9, 0xfef9, 0xff19, 0xfef9, 0xfed9, 0xff19, 0xff1a, 0xfef9, 0xfef9, 0xfed9, 0xff1a, 0xfed9, 0xfefa, 0xff1a, 0xfef9, 
	0xf6da, 0xfefa, 0xfefa, 0xfed9, 0xfefa, 0xff1a, 0xfef9, 0xff1a, 0xfef9, 0xfefa, 0xff1a, 0xff1a, 0xfef9, 0xff19, 0xff19, 0xf6d8, 
	0xa491, 0x41e7, 0x31a7, 0x3185, 0x3a08, 0x8d35, 0xb6dd, 0xaedc, 0xb6dd, 0xb6dd, 0xb6dd, 0xaedc, 0xaebc, 0xaedc, 0xb6dd, 0xb6dd, 
	0xaedc, 0xaedc, 0xaedc, 0xaefc, 0xaefd, 0xb6fc, 0xaedc, 0xb6dd, 0xaedc, 0xaedc, 0xaedc, 0xaedc, 0xaedc, 0xaedc, 0xaedc, 0xaedc, 
	0xaedc, 0xaedc, 0xaedc, 0xaedc, 0xaedc, 0xaedc, 0xaedc, 0xaedc, 0xaedc, 0xaedc, 0xaedc, 0xaedc, 0xaedc, 0xaedc, 0xaedc, 0xaedc, 
	0xaedc, 0xaedc, 0xaedc, 0xaedc, 0xaedc, 0xaedc, 0xaedc, 0xaedc, 0xaedc, 0xaedc, 0xaedc, 0xaedc, 0xaedc, 0xaedc, 0xaedc, 0xaedc, 
	0xaedc, 0xaedc, 0xaedc, 0xaedc, 0xaedc, 0xaedc, 0xaedc, 0xaedc, 0xaedc, 0xaedc, 0xaedc, 0xaedc, 0xaedc, 0xaedc, 0xaedc, 0xaedc, 
	0xaedc, 0xaedc, 0xaedc, 0xaedc, 0xaedc, 0xaedc, 0xaedc, 0xaedc, 0xaedc, 0xaedc, 0xaedc, 0xaedc, 0xaedc, 0xaedc, 0xaedc, 0xaedc, 
	0xaedc, 0xaedc, 0xaedc, 0xaedc, 0xaedc, 0xaedc, 0xaedc, 0xaedc, 0xaedc, 0xaedc, 0xaedc, 0xaedc, 0xaedc, 0xaedc, 0xaedc, 0xaedc, 
	0xaedc, 0xaedc, 0xaedc, 0xaedc, 0xaedc, 0xaedc, 0xaedc, 0xaedc, 0xaedc, 0xaedc, 0xaedc, 0xaedc, 0xaedc, 0xaedc, 0xaedc, 0xaedc, 
	0xaedc, 0xaedc, 0xaedc, 0xaedc, 0xaedc, 0xaedc, 0xaedc, 0xaedc, 0xaedc, 0xaedc, 0xaedc, 0xaedc, 0xaedc, 0xaedc, 0xaedc, 0xaedc, 
	0xaedc, 0xaedc, 0xaedc, 0xaedc, 0xaedc, 0xaedc, 0xaedc, 0xaedc, 0xaedc, 0xaedc, 0xaedc, 0xaedc, 0xaedc, 0xaedc, 0xaedc, 0xaedc, 
	0xaedc, 0xaedc, 0xaedc, 0xaedc, 0xaedc, 0xaedc, 0xaedc, 0xaedc, 0xb6dd, 0xaedc, 0xaedc, 0xaedc, 0xaedd, 0xb6dd, 0xae7b, 0x6c31, 
	0x39e7, 0x3186, 0x31a6, 0x2965, 0x39a6, 0x5a89, 0x738c, 0x7bad, 0x62eb, 0x4a48, 0x3185, 0x2965, 0x39a7, 0x3186, 0x4229, 0x7430, 
	0xa65a, 0xaedc, 0xaedc, 0xaedd, 0xaedd, 0xaedc, 0xaedc, 0xaedc, 0xaedd, 0xae9b, 0x5b4e, 0x3186, 0x3186, 0x3166, 0x5aca, 0xe657, 
	0xfefa, 0xfef9, 0xfefa, 0xfefa, 0xfef9, 0xfefa, 0xfef9, 0xddd5, 0x528a, 0x2965, 0x3186, 0x4a28, 0xacf2, 0xf6b8, 0xff19, 0xfef9, 
	0xfefa, 0xff1a, 0xfef9, 0xff19, 0xfef9, 0xfed9, 0xff19, 0xfef9, 0xfef9, 0xff3a, 0xfef9, 0xff1a, 0xfefa, 0xfefa, 0xfefa, 0xfefa, 
	0xff1a, 0xfefa, 0xff1a, 0xfef9, 0xff1a, 0xff1a, 0xfeb9, 0xfefa, 0xff1a, 0xfef9, 0xfef9, 0xfef9, 0xfed9, 0xfef9, 0xff19, 0xfef9, 
	0xacd2, 0x41c7, 0x3186, 0x3186, 0x3a28, 0x8515, 0xaebc, 0xaedd, 0xaedd, 0xaedd, 0xaedd, 0xaedd, 0xaedd, 0xaedd, 0xaedd, 0xaedd, 
	0xaedc, 0xb6fd, 0xaedc, 0xaebc, 0xb6dc, 0xb6dc, 0xaedc, 0xaebc, 0xaedd, 0xaedd, 0xb6dd, 0xb6dd, 0xaedc, 0xaedc, 0xaedc, 0xaefc, 
	0xaedc, 0xaedc, 0xaedc, 0xaedc, 0xaedc, 0xaedc, 0xaedc, 0xaedc, 0xaedc, 0xaedc, 0xaedc, 0xaedc, 0xaedc, 0xaedc, 0xaedc, 0xaedc, 
	0xaedc, 0xaedc, 0xaedc, 0xaedc, 0xaedc, 0xaedc, 0xaedc, 0xaedc, 0xaedc, 0xaedc, 0xaedc, 0xaedc, 0xaedc, 0xaedc, 0xaedc, 0xaedc, 
	0xaedc, 0xaedc, 0xaedc, 0xaedc, 0xaedc, 0xaedc, 0xaedc, 0xaedc, 0xaedc, 0xaedc, 0xaedc, 0xaedc, 0xaedc, 0xaedc, 0xaedc, 0xaedc, 
	0xaedc, 0xaedc, 0xaedc, 0xaedc, 0xaedc, 0xaedc, 0xaedc, 0xaedc, 0xaedc, 0xaedc, 0xaedc, 0xaedc, 0xaedc, 0xaedc, 0xaedc, 0xaedc, 
	0xaedc, 0xaedc, 0xaedc, 0xaedc, 0xaedc, 0xaedc, 0xaedc, 0xaedc, 0xaedc, 0xaedc, 0xaedc, 0xaedc, 0xaedc, 0xaedc, 0xaedc, 0xaedc, 
	0xaedc, 0xaedc, 0xaedc, 0xaedc, 0xaedc, 0xaedc, 0xaedc, 0xaedc, 0xaedc, 0xaedc, 0xaedc, 0xaedc, 0xaedc, 0xaedc, 0xaedc, 0xaedc, 
	0xaedc, 0xaedc, 0xaedc, 0xaedc, 0xaedc, 0xaedc, 0xaedc, 0xaedc, 0xaedc, 0xaedc, 0xaedc, 0xaedc, 0xaedc, 0xaedc, 0xaedc, 0xaedc, 
	0xaedc, 0xaedc, 0xaedc, 0xaedc, 0xaedc, 0xaedc, 0xaedc, 0xaedc, 0xaedc, 0xaedc, 0xaedc, 0xaedc, 0xaedc, 0xaedc, 0xaedc, 0xaedc, 
	0xaedc, 0xaedc, 0xaedc, 0xaedc, 0xaedc, 0xaedc, 0xaedc, 0xaedc, 0xaedd, 0xb6dd, 0xaebc, 0xaefd, 0xaedd, 0xb6dc, 0x9597, 0x42aa, 
	0x3165, 0x31a6, 0x3186, 0x4208, 0x8bef, 0xcd95, 0xee58, 0xf699, 0xde37, 0xacb2, 0x62cb, 0x39a6, 0x3186, 0x2986, 0x29a6, 0x3a27, 
	0x6c31, 0xa65a, 0xb71d, 0xaefd, 0xb6dd, 0xaebd, 0xaedc, 0xaefc, 0xaedd, 0xae9b, 0x5b4e, 0x3186, 0x3186, 0x3166, 0x5aca, 0xe657, 
	0xff1a, 0xfef9, 0xfef9, 0xfef9, 0xfef9, 0xfefa, 0xfefa, 0xee78, 0x9450, 0x5248, 0x4207, 0x734c, 0xde16, 0xff19, 0xff3a, 0xfef9, 
	0xfeb9, 0xfeda, 0xfeb9, 0xf6b9, 0xfeb9, 0xf6b9, 0xf6b9, 0xf6b9, 0xfed8, 0xfed9, 0xfed9, 0xfefa, 0xfef9, 0xfed9, 0xfef9, 0xfed9, 
	0xfeb8, 0xf698, 0xfeb8, 0xfed8, 0xf6b8, 0xfed9, 0xff1a, 0xfefa, 0xfef9, 0xfed9, 0xfefa, 0xff1a, 0xfefa, 0xfeb9, 0xf699, 0xf699, 
	0x9c70, 0x41e7, 0x3186, 0x3185, 0x3a49, 0x8d35, 0xb6dc, 0xb6dc, 0xaebb, 0xa69b, 0xae9b, 0xaebb, 0xaebb, 0xa69b, 0xaebb, 0xaebc, 
	0xaedc, 0xaedd, 0xaebd, 0xb6bd, 0xb6dd, 0xaedd, 0xaedc, 0xaefd, 0xaedd, 0xb6bd, 0xb6bd, 0xb6dc, 0xb6dc, 0xaedc, 0xaedc, 0xaedd, 
	0xaedc, 0xaedc, 0xaedc, 0xaedc, 0xaedc, 0xaedc, 0xaedc, 0xaedc, 0xaedc, 0xaedc, 0xaedc, 0xaedc, 0xaedc, 0xaedc, 0xaedc, 0xaedc, 
	0xaedc, 0xaedc, 0xaedc, 0xaedc, 0xaedc, 0xaedc, 0xaedc, 0xaedc, 0xaedc, 0xaedc, 0xaedc, 0xaedc, 0xaedc, 0xaedc, 0xaedc, 0xaedc, 
	0xaedc, 0xaedc, 0xaedc, 0xaedc, 0xaedc, 0xaedc, 0xaedc, 0xaedc, 0xaedc, 0xaedc, 0xaedc, 0xaedc, 0xaedc, 0xaedc, 0xaedc, 0xaedc, 
	0xaedc, 0xaedc, 0xaedc, 0xaedc, 0xaedc, 0xaedc, 0xaedc, 0xaedc, 0xaedc, 0xaedc, 0xaedc, 0xaedc, 0xaedc, 0xaedc, 0xaedc, 0xaedc, 
	0xaedc, 0xaedc, 0xaedc, 0xaedc, 0xaedc, 0xaedc, 0xaedc, 0xaedc, 0xaedc, 0xaedc, 0xaedc, 0xaedc, 0xaedc, 0xaedc, 0xaedc, 0xaedc, 
	0xaedc, 0xaedc, 0xaedc, 0xaedc, 0xaedc, 0xaedc, 0xaedc, 0xaedc, 0xaedc, 0xaedc, 0xaedc, 0xaedc, 0xaedc, 0xaedc, 0xaedc, 0xaedc, 
	0xaedc, 0xaedc, 0xaedc, 0xaedc, 0xaedc, 0xaedc, 0xaedc, 0xaedc, 0xaedc, 0xaedc, 0xaedc, 0xaedc, 0xaedc, 0xaedc, 0xaedc, 0xaedc, 
	0xaedc, 0xaedc, 0xaedc, 0xaedc, 0xaedc, 0xaedc, 0xaedc, 0xaedc, 0xaedc, 0xaedc, 0xaedc, 0xaedc, 0xaedc, 0xaedc, 0xaedc, 0xaedc, 
	0xaedc, 0xaedc, 0xaedc, 0xaedc, 0xaedc, 0xaedc, 0xaedc, 0xaedc, 0xaebd, 0xb6dd, 0xaedc, 0xaedd, 0xaefd, 0xaebc, 0x7c93, 0x31e7, 
	0x31a6, 0x3186, 0x39a6, 0x83ae, 0xe637, 0xfefa, 0xfeda, 0xfefa, 0xfefa, 0xfefa, 0xc554, 0x62aa, 0x31a6, 0x31c6, 0x31a6, 0x31a6, 
	0x3a09, 0x7452, 0xa619, 0xaebc, 0xb6dd, 0xb6dd, 0xaedc, 0xaedd, 0xaedd, 0xae9b, 0x5b4e, 0x3186, 0x3186, 0x3166, 0x5aca, 0xe657, 
	0xfefa, 0xfefa, 0xfef9, 0xfef9, 0xfef9, 0xfef9, 0xfefa, 0xfef9, 0xee78, 0xc553, 0xbd34, 0xde37, 0xfefa, 0xfef9, 0xfef9, 0xeeb9, 
	0xe658, 0xc554, 0x9c70, 0x8bef, 0x8bce, 0x8bce, 0x8bce, 0x8bce, 0x8bee, 0xa491, 0xc574, 0xde37, 0xf6b8, 0xee98, 0xd5d5, 0xacd2, 
	0x9c2f, 0x8bce, 0x8bad, 0x940f, 0xacb1, 0xcd94, 0xe678, 0xf6d9, 0xfefa, 0xfefa, 0xf699, 0xde17, 0xc574, 0xac91, 0x93ef, 0x83ae, 
	0x62ea, 0x39c7, 0x31a7, 0x3165, 0x4249, 0x84b3, 0x9db7, 0x8d35, 0x7451, 0x6bf0, 0x63cf, 0x63cf, 0x63af, 0x63cf, 0x6c10, 0x7472, 
	0x8d56, 0xa63a, 0xb6bc, 0xaebc, 0xaebc, 0xaedd, 0xaedd, 0xaedc, 0xb6dd, 0xaedc, 0xaedc, 0xaedc, 0xaedd, 0xaedd, 0xaedc, 0xaedc, 
	0xaedc, 0xaedc, 0xaedc, 0xaedc, 0xaedc, 0xaedc, 0xaedc, 0xaedc, 0xaedc, 0xaedc, 0xaedc, 0xaedc, 0xaedc, 0xaedc, 0xaedc, 0xaedc, 
	0xaedc, 0xaedc, 0xaedc, 0xaedc, 0xaedc, 0xaedc, 0xaedc, 0xaedc, 0xaedc, 0xaedc, 0xaedc, 0xaedc, 0xaedc, 0xaedc, 0xaedc, 0xaedc, 
	0xaedc, 0xaedc, 0xaedc, 0xaedc, 0xaedc, 0xaedc, 0xaedc, 0xaedc, 0xaedc, 0xaedc, 0xaedc, 0xaedc, 0xaedc, 0xaedc, 0xaedc, 0xaedc, 
	0xaedc, 0xaedc, 0xaedc, 0xaedc, 0xaedc, 0xaedc, 0xaedc, 0xaedc, 0xaedc, 0xaedc, 0xaedc, 0xaedc, 0xaedc, 0xaedc, 0xaedc, 0xaedc, 
	0xaedc, 0xaedc, 0xaedc, 0xaedc, 0xaedc, 0xaedc, 0xaedc, 0xaedc, 0xaedc, 0xaedc, 0xaedc, 0xaedc, 0xaedc, 0xaedc, 0xaedc, 0xaedc, 
	0xaedc, 0xaedc, 0xaedc, 0xaedc, 0xaedc, 0xaedc, 0xaedc, 0xaedc, 0xaedc, 0xaedc, 0xaedc, 0xaedc, 0xaedc, 0xaedc, 0xaedc, 0xaedc, 
	0xaedc, 0xaedc, 0xaedc, 0xaedc, 0xaedc, 0xaedc, 0xaedc, 0xaedc, 0xaedc, 0xaedc, 0xaedc, 0xaedc, 0xaedc, 0xaedc, 0xaedc, 0xaedc, 
	0xaedc, 0xaedc, 0xaedc, 0xaedc, 0xaedc, 0xaedc, 0xaedc, 0xaedc, 0xaedc, 0xaedc, 0xaedc, 0xaedc, 0xaedc, 0xaedc, 0xaedc, 0xaedc, 
	0xaedc, 0xaedc, 0xaedc, 0xaedc, 0xaedc, 0xaedc, 0xaedc, 0xaedc, 0xaedd, 0xb6dd, 0xb6dc, 0xaebc, 0xaedd, 0xa65a, 0x63cf, 0x31a6, 
	0x3187, 0x3186, 0x5268, 0xbd73, 0xff1a, 0xfef9, 0xfef9, 0xff19, 0xfef9, 0xfef9, 0xfefa, 0xc574, 0x62ea, 0x31a5, 0x3186, 0x3966, 
	0x3966, 0x3a08, 0x6c52, 0xa65a, 0xb6dd, 0xb6dd, 0xaedd, 0xaefd, 0xaedd, 0xae9b, 0x5b4e, 0x3186, 0x3186, 0x3166, 0x5aca, 0xe657, 
	0xfef9, 0xfefa, 0xfef9, 0xfef9, 0xff1a, 0xfef9, 0xfef9, 0xff19, 0xfef9, 0xfef9, 0xfed9, 0xff1a, 0xfef9, 0xfeb9, 0xd5f6, 0x9c30, 
	0x62ca, 0x4a27, 0x3a07, 0x31c6, 0x31a6, 0x39c7, 0x39c7, 0x31a6, 0x39a7, 0x41e8, 0x4208, 0x62ca, 0x8c0f, 0x7b8c, 0x4a48, 0x4228, 
	0x39a7, 0x39a7, 0x31c7, 0x31c7, 0x41e7, 0x5228, 0x6b0b, 0xacb2, 0xde16, 0xcdb5, 0xa470, 0x62ea, 0x4207, 0x39e7, 0x31c7, 0x31c6, 
	0x39a6, 0x3186, 0x31a7, 0x3166, 0x39e7, 0x52ec, 0x4acc, 0x3208, 0x39e7, 0x31a7, 0x31a6, 0x39c7, 0x39c7, 0x31a6, 0x31a7, 0x4208, 
	0x4249, 0x532c, 0x7493, 0x9619, 0xaedc, 0xaedd, 0xaebc, 0xb6dd, 0xaedc, 0xaedc, 0xaedc, 0xaedc, 0xaedc, 0xaedc, 0xb6dd, 0xb6dd, 
	0xaedc, 0xaedc, 0xaedc, 0xaedc, 0xaedc, 0xaedc, 0xaedc, 0xaedc, 0xaedc, 0xaedc, 0xaedc, 0xaedc, 0xaedc, 0xaedc, 0xaedc, 0xaedc, 
	0xaedc, 0xaedc, 0xaedc, 0xaedc, 0xaedc, 0xaedc, 0xaedc, 0xaedc, 0xaedc, 0xaedc, 0xaedc, 0xaedc, 0xaedc, 0xaedc, 0xaedc, 0xaedc, 
	0xaedc, 0xaedc, 0xaedc, 0xaedc, 0xaedc, 0xaedc, 0xaedc, 0xaedc, 0xaedc, 0xaedc, 0xaedc, 0xaedc, 0xaedc, 0xaedc, 0xaedc, 0xaedc, 
	0xaedc, 0xaedc, 0xaedc, 0xaedc, 0xaedc, 0xaedc, 0xaedc, 0xaedc, 0xaedc, 0xaedc, 0xaedc, 0xaedc, 0xaedc, 0xaedc, 0xaedc, 0xaedc, 
	0xaedc, 0xaedc, 0xaedc, 0xaedc, 0xaedc, 0xaedc, 0xaedc, 0xaedc, 0xaedc, 0xaedc, 0xaedc, 0xaedc, 0xaedc, 0xaedc, 0xaedc, 0xaedc, 
	0xaedc, 0xaedc, 0xaedc, 0xaedc, 0xaedc, 0xaedc, 0xaedc, 0xaedc, 0xaedc, 0xaedc, 0xaedc, 0xaedc, 0xaedc, 0xaedc, 0xaedc, 0xaedc, 
	0xaedc, 0xaedc, 0xaedc, 0xaedc, 0xaedc, 0xaedc, 0xaedc, 0xaedc, 0xaedc, 0xaedc, 0xaedc, 0xaedc, 0xaedc, 0xaedc, 0xaedc, 0xaedc, 
	0xaedc, 0xaedc, 0xaedc, 0xaedc, 0xaedc, 0xaedc, 0xaedc, 0xaedc, 0xaedc, 0xaedc, 0xaedc, 0xaedc, 0xaedc, 0xaedc, 0xaedc, 0xaedc, 
	0xaedc, 0xaedc, 0xaedc, 0xaedc, 0xaedc, 0xaedc, 0xaedc, 0xaedc, 0xaedc, 0xaedc, 0xb6dd, 0xb6bd, 0xb6fd, 0x9e39, 0x5b6e, 0x3186, 
	0x31a7, 0x39a6, 0x6aea, 0xe657, 0xfefa, 0xfef9, 0xff1a, 0xfef9, 0xfef9, 0xfef9, 0xfed9, 0xfed9, 0xc553, 0x62ca, 0x3186, 0x31a7, 
	0x3185, 0x3185, 0x4228, 0x7452, 0xa65b, 0xaedd, 0xaedd, 0xaedc, 0xaedc, 0xae7b, 0x5b4e, 0x31a6, 0x29a6, 0x2986, 0x62eb, 0xe657, 
	0xff1a, 0xfefa, 0xfef9, 0xfefa, 0xfefa, 0xfef9, 0xfef9, 0xfefa, 0xfefa, 0xfeb8, 0xff19, 0xfef9, 0xe678, 0xacd3, 0x62cb, 0x39c7, 
	0x31a6, 0x3186, 0x3186, 0x3186, 0x3186, 0x31a6, 0x31a6, 0x3186, 0x3186, 0x3186, 0x3186, 0x31a6, 0x39c7, 0x31a6, 0x3186, 0x3186, 
	0x3186, 0x31a6, 0x3186, 0x3186, 0x31a6, 0x3186, 0x31a6, 0x4208, 0x62eb, 0x5aca, 0x41e7, 0x3185, 0x31a6, 0x3186, 0x3186, 0x3186, 
	0x3186, 0x3186, 0x31a6, 0x31a6, 0x31a6, 0x31a6, 0x3186, 0x3186, 0x31a6, 0x31a6, 0x31a6, 0x31a6, 0x31a6, 0x31a6, 0x31a6, 0x31a6, 
	0x3186, 0x3186, 0x39e7, 0x5b2c, 0x8d35, 0xae9b, 0xaedc, 0xaedd, 0xb6dd, 0xaebc, 0xaedc, 0xb6fc, 0xaefc, 0xaedc, 0xaedd, 0xb6dd, 
	0xaedd, 0xaedd, 0xaedd, 0xaefd, 0xaedd, 0xaedc, 0xaedc, 0xb6dd, 0xb6dd, 0xb6bc, 0xaedc, 0xaefd, 0xaefd, 0xaedd, 0xaebc, 0xaedd, 
	0xaedc, 0xaedc, 0xaedc, 0xaedc, 0xaedc, 0xaedc, 0xaedc, 0xaedc, 0xaedc, 0xaedc, 0xaedc, 0xaedc, 0xaedc, 0xaedc, 0xaedc, 0xaedc, 
	0xaedc, 0xaedc, 0xaedc, 0xaedc, 0xaedc, 0xaedc, 0xaedc, 0xaedc, 0xaedc, 0xaedc, 0xaedc, 0xaedc, 0xaedc, 0xaedc, 0xaedc, 0xaedc, 
	0xaedc, 0xaedc, 0xaedc, 0xaedc, 0xaedc, 0xaedc, 0xaedc, 0xaedc, 0xaedc, 0xaedc, 0xaedc, 0xaedc, 0xaedc, 0xaedc, 0xaedc, 0xaedc, 
	0xaedc, 0xaedc, 0xaedc, 0xaedc, 0xaedc, 0xaedc, 0xaedc, 0xaedc, 0xaedc, 0xaedc, 0xaedc, 0xaedc, 0xaedc, 0xaedc, 0xaedc, 0xaedc, 
	0xaedc, 0xaedc, 0xaedc, 0xaedc, 0xaedc, 0xaedc, 0xaedc, 0xaedc, 0xaedc, 0xaedc, 0xaedc, 0xaedc, 0xaedc, 0xaedc, 0xaedc, 0xaedc, 
	0xaedc, 0xaedc, 0xaedc, 0xaedc, 0xaedc, 0xaedc, 0xaedc, 0xaedc, 0xaedc, 0xaedc, 0xaedc, 0xaedc, 0xaedc, 0xaedc, 0xaedc, 0xaedc, 
	0xaedc, 0xaedc, 0xaedc, 0xaedc, 0xaedc, 0xaedc, 0xaedc, 0xaedc, 0xaedc, 0xaedc, 0xaedc, 0xaedc, 0xaedc, 0xaedc, 0xaedc, 0xaedc, 
	0xaedc, 0xaedc, 0xaedc, 0xaedc, 0xaedc, 0xaedc, 0xaedc, 0xaedc, 0xaedc, 0xaedc, 0xaedd, 0xb6bd, 0xb6fd, 0x9e39, 0x5b6e, 0x3986, 
	0x3186, 0x3186, 0x6b0b, 0xde37, 0xff1a, 0xff1a, 0xfed9, 0xff1a, 0xfef9, 0xfef9, 0xfef9, 0xfef9, 0xf6d9, 0xbd74, 0x62eb, 0x3185, 
	0x39c7, 0x3186, 0x31a6, 0x3a29, 0x6c31, 0xa65a, 0xaedc, 0xaedd, 0xaedd, 0xae9b, 0x634e, 0x2965, 0x31a6, 0x3186, 0x5aaa, 0xee58, 
	0xfefa, 0xfef9, 0xfef9, 0xfefa, 0xfefa, 0xfef9, 0xfef9, 0xfef9, 0xfefa, 0xff1a, 0xf6d8, 0xe677, 0x940f, 0x4a28, 0x3186, 0x31a6, 
	0x31a6, 0x3186, 0x3186, 0x31a6, 0x31a6, 0x2965, 0x3186, 0x31a6, 0x3186, 0x31a6, 0x31a6, 0x3186, 0x3186, 0x3186, 0x3186, 0x31a6, 
	0x3186, 0x31a6, 0x31a6, 0x3186, 0x3186, 0x3186, 0x3186, 0x31a6, 0x3186, 0x31a6, 0x2965, 0x3186, 0x31a6, 0x2986, 0x2966, 0x3186, 
	0x31a6, 0x3186, 0x2965, 0x3186, 0x3186, 0x3186, 0x31a6, 0x31a6, 0x3186, 0x3186, 0x3186, 0x3186, 0x3186, 0x3186, 0x3186, 0x3186, 
	0x31a6, 0x31a6, 0x3186, 0x31c7, 0x3a6a, 0x7472, 0xae9b, 0xaedc, 0xaedd, 0xaedc, 0xb6fd, 0xaebc, 0xaefd, 0xaedd, 0xaebc, 0xb6dd, 
	0xaedc, 0xaedd, 0xaedc, 0xaebc, 0xaedc, 0xb6fd, 0xaedc, 0xaebc, 0xaedc, 0xb6fd, 0xb6fd, 0xaedc, 0xaebc, 0xaedc, 0xb6fd, 0xaefd, 
	0xaedc, 0xaedc, 0xaedc, 0xaedc, 0xaedc, 0xaedc, 0xaedc, 0xaedc, 0xaedc, 0xaedc, 0xaedc, 0xaedc, 0xaedc, 0xaedc, 0xaedc, 0xaedc, 
	0xaedc, 0xaedc, 0xaedc, 0xaedc, 0xaedc, 0xaedc, 0xaedc, 0xaedc, 0xaedc, 0xaedc, 0xaedc, 0xaedc, 0xaedc, 0xaedc, 0xaedc, 0xaedc, 
	0xaedc, 0xaedc, 0xaedc, 0xaedc, 0xaedc, 0xaedc, 0xaedc, 0xaedc, 0xaedc, 0xaedc, 0xaedc, 0xaedc, 0xaedc, 0xaedc, 0xaedc, 0xaedc, 
	0xaedc, 0xaedc, 0xaedc, 0xaedc, 0xaedc, 0xaedc, 0xaedc, 0xaedc, 0xaedc, 0xaedc, 0xaedc, 0xaedc, 0xaedc, 0xaedc, 0xaedc, 0xaedc, 
	0xaedc, 0xaedc, 0xaedc, 0xaedc, 0xaedc, 0xaedc, 0xaedc, 0xaedc, 0xaedc, 0xaedc, 0xaedc, 0xaedc, 0xaedc, 0xaedc, 0xaedc, 0xaedc, 
	0xaedc, 0xaedc, 0xaedc, 0xaedc, 0xaedc, 0xaedc, 0xaedc, 0xaedc, 0xaedc, 0xaedc, 0xaedc, 0xaedc, 0xaedc, 0xaedc, 0xaedc, 0xaedc, 
	0xaedc, 0xaedc, 0xaedc, 0xaedc, 0xaedc, 0xaedc, 0xaedc, 0xaedc, 0xaedc, 0xaedc, 0xaedc, 0xaedc, 0xaedc, 0xaedc, 0xaedc, 0xaedc, 
	0xaedc, 0xaedc, 0xaedc, 0xaedc, 0xaedc, 0xaedc, 0xaedc, 0xaedc, 0xb6dc, 0xaedc, 0xaedc, 0xaedd, 0xaedc, 0xa65a, 0x5bae, 0x3986, 
	0x3186, 0x3186, 0x5a8a, 0xcdf6, 0xff1a, 0xfed8, 0xfef9, 0xfefa, 0xfefa, 0xfed9, 0xfed9, 0xff1a, 0xff1a, 0xf6fa, 0xbd54, 0x62ca, 
	0x2986, 0x31a6, 0x3186, 0x2985, 0x4248, 0x7451, 0xa65a, 0xaefd, 0xaebc, 0xae9c, 0x636e, 0x2965, 0x3186, 0x3986, 0x62aa, 0xee58, 
	0xfefa, 0xfef9, 0xfef9, 0xfef9, 0xfefa, 0xfefa, 0xfef9, 0xfef9, 0xfed9, 0xff1a, 0xe657, 0x8bee, 0x41e7, 0x3186, 0x2986, 0x31a6, 
	0x3185, 0x31a6, 0x39e7, 0x4a48, 0x528a, 0x5289, 0x5269, 0x5289, 0x4a49, 0x39e7, 0x3186, 0x3186, 0x31a6, 0x3186, 0x31a6, 0x39c7, 
	0x4a28, 0x5269, 0x5269, 0x4a28, 0x39e7, 0x3186, 0x3186, 0x31a6, 0x2985, 0x31a6, 0x31a6, 0x31a6, 0x31a6, 0x39e7, 0x4a49, 0x528a, 
	0x4a69, 0x39e7, 0x3186, 0x31a6, 0x31a6, 0x31a6, 0x3186, 0x3186, 0x4208, 0x5269, 0x528a, 0x5269, 0x5269, 0x5289, 0x4a49, 0x41e7, 
	0x2986, 0x2986, 0x31a6, 0x2966, 0x3186, 0x428b, 0x7452, 0xae7a, 0xaedd, 0xaedc, 0xaefd, 0xaebc, 0xaedd, 0xaedd, 0xaedc, 0xaedc, 
	0xaedc, 0xaedc, 0xb6dc, 0xb6dc, 0xb6dd, 0xaedc, 0xaedc, 0xaefc, 0xaefd, 0xaedc, 0xaebc, 0xaebc, 0xb6dc, 0xb6dc, 0xaedc, 0xaedc, 
	0xaedc, 0xaedc, 0xaedc, 0xaedc, 0xaedc, 0xaedc, 0xaedc, 0xaedc, 0xaedc, 0xaedc, 0xaedc, 0xaedc, 0xaedc, 0xaedc, 0xaedc, 0xaedc, 
	0xaedc, 0xaedc, 0xaedc, 0xaedc, 0xaedc, 0xaedc, 0xaedc, 0xaedc, 0xaedc, 0xaedc, 0xaedc, 0xaedc, 0xaedc, 0xaedc, 0xaedc, 0xaedc, 
	0xaedc, 0xaedc, 0xaedc, 0xaedc, 0xaedc, 0xaedc, 0xaedc, 0xaedc, 0xaedc, 0xaedc, 0xaedc, 0xaedc, 0xaedc, 0xaedc, 0xaedc, 0xaedc, 
	0xaedc, 0xaedc, 0xaedc, 0xaedc, 0xaedc, 0xaedc, 0xaedc, 0xaedc, 0xaedc, 0xaedc, 0xaedc, 0xaedc, 0xaedc, 0xaedc, 0xaedc, 0xaedc, 
	0xaedc, 0xaedc, 0xaedc, 0xaedc, 0xaedc, 0xaedc, 0xaedc, 0xaedc, 0xaedc, 0xaedc, 0xaedc, 0xaedc, 0xaedc, 0xaedc, 0xaedc, 0xaedc, 
	0xaedc, 0xaedc, 0xaedc, 0xaedc, 0xaedc, 0xaedc, 0xaedc, 0xaedc, 0xaedc, 0xaedc, 0xaedc, 0xaedc, 0xaedc, 0xaedc, 0xaedc, 0xaedc, 
	0xaedc, 0xaedc, 0xaedc, 0xaedc, 0xaedc, 0xaedc, 0xaedc, 0xaedc, 0xaedc, 0xaedc, 0xaedc, 0xaedc, 0xaedc, 0xaedc, 0xaedc, 0xaedc, 
	0xaedc, 0xaedc, 0xaedc, 0xaedc, 0xaedc, 0xaedc, 0xaedc, 0xaedc, 0xb6bd, 0xaedd, 0xaedc, 0xaedd, 0xaedd, 0xa69b, 0x7452, 0x31a7, 
	0x31a6, 0x3186, 0x39c7, 0x9c91, 0xee98, 0xfef9, 0xff1a, 0xfefa, 0xff1a, 0xfefa, 0xfef9, 0xfef9, 0xfeb9, 0xff1a, 0xfefa, 0xc553, 
	0x62cb, 0x3186, 0x31a6, 0x31a6, 0x2965, 0x4249, 0x6c51, 0xa65b, 0xaedd, 0xa69b, 0x5b4e, 0x3186, 0x31a6, 0x3186, 0x62ca, 0xee58, 
	0xff1a, 0xfefa, 0xfef9, 0xfef9, 0xfef9, 0xfef9, 0xfef9, 0xfef9, 0xfef9, 0xeeb8, 0x9450, 0x4207, 0x3186, 0x31a6, 0x31a6, 0x29a6, 
	0x4208, 0x736d, 0x9491, 0xa514, 0xad55, 0xb575, 0xb555, 0xb575, 0xad55, 0x9471, 0x6b4d, 0x4a49, 0x39a6, 0x39c6, 0x5acb, 0x83ef, 
	0xa4f3, 0xb555, 0xb596, 0xad34, 0x8c30, 0x630c, 0x4208, 0x3185, 0x31a6, 0x2965, 0x3186, 0x4228, 0x6b4d, 0x9471, 0xad34, 0xb555, 
	0xad55, 0x9cb2, 0x738e, 0x5289, 0x39a6, 0x3186, 0x528a, 0x738e, 0x9c92, 0xad34, 0xb575, 0xb575, 0xb555, 0xb575, 0xa4f3, 0x8c30, 
	0x6b2c, 0x4207, 0x31a6, 0x3186, 0x3986, 0x3187, 0x3a4a, 0x84f4, 0xaedc, 0xaedc, 0xaebc, 0xb6dd, 0xaebc, 0xaedc, 0xb6fd, 0xaedc, 
	0xb6fd, 0xaedc, 0xaebc, 0xaedc, 0xaedd, 0xaefd, 0xaedd, 0xaefd, 0xaefd, 0xaefd, 0xaedd, 0xb6fd, 0xaedc, 0xaedc, 0xaedc, 0xb6dd, 
	0xaedc, 0xaedc, 0xaedc, 0xaedc, 0xaedc, 0xaedc, 0xaedc, 0xaedc, 0xaedc, 0xaedc, 0xaedc, 0xaedc, 0xaedc, 0xaedc, 0xaedc, 0xaedc, 
	0xaedc, 0xaedc, 0xaedc, 0xaedc, 0xaedc, 0xaedc, 0xaedc, 0xaedc, 0xaedc, 0xaedc, 0xaedc, 0xaedc, 0xaedc, 0xaedc, 0xaedc, 0xaedc, 
	0xaedc, 0xaedc, 0xaedc, 0xaedc, 0xaedc, 0xaedc, 0xaedc, 0xaedc, 0xaedc, 0xaedc, 0xaedc, 0xaedc, 0xaedc, 0xaedc, 0xaedc, 0xaedc, 
	0xaedc, 0xaedc, 0xaedc, 0xaedc, 0xaedc, 0xaedc, 0xaedc, 0xaedc, 0xaedc, 0xaedc, 0xaedc, 0xaedc, 0xaedc, 0xaedc, 0xaedc, 0xaedc, 
	0xaedc, 0xaedc, 0xaedc, 0xaedc, 0xaedc, 0xaedc, 0xaedc, 0xaedc, 0xaedc, 0xaedc, 0xaedc, 0xaedc, 0xaedc, 0xaedc, 0xaedc, 0xaedc, 
	0xaedc, 0xaedc, 0xaedc, 0xaedc, 0xaedc, 0xaedc, 0xaedc, 0xaedc, 0xaedc, 0xaedc, 0xaedc, 0xaedc, 0xaedc, 0xaedc, 0xaedc, 0xaedc, 
	0xaedc, 0xaedc, 0xaedc, 0xaedc, 0xaedc, 0xaedc, 0xaedc, 0xaedc, 0xaedc, 0xaedc, 0xaedc, 0xaedc, 0xaedc, 0xaedc, 0xaedc, 0xaedc, 
	0xaedc, 0xaedc, 0xaedc, 0xaedc, 0xaedc, 0xaedc, 0xaedc, 0xaedc, 0xb6bd, 0xaedc, 0xaedc, 0xaedc, 0xaedd, 0xaebc, 0x9576, 0x424a, 
	0x31a6, 0x3186, 0x3186, 0x5269, 0xb4f2, 0xfef9, 0xfed9, 0xfefa, 0xfefa, 0xfefa, 0xff1a, 0xfed9, 0xfed9, 0xff1a, 0xfef9, 0xfed9, 
	0xc574, 0x6acb, 0x3186, 0x3186, 0x31a6, 0x29a6, 0x3a49, 0x7431, 0xa67b, 0xae9b, 0x5b4e, 0x29a6, 0x31c6, 0x3165, 0x5aca, 0xe658, 
	0xfefa, 0xff1a, 0xfefa, 0xfef9, 0xfef9, 0xfef9, 0xfef9, 0xfefa, 0xfefa, 0xbd33, 0x5248, 0x3186, 0x3186, 0x3186, 0x31a6, 0x5aeb, 
	0x9cb2, 0xc5f7, 0xde9a, 0xde9a, 0xde9a, 0xde9a, 0xde7a, 0xde7a, 0xde9a, 0xde9a, 0xce18, 0xad14, 0x9451, 0x9c92, 0xbd96, 0xd679, 
	0xde7a, 0xde9a, 0xd679, 0xd679, 0xd679, 0xc617, 0x9471, 0x528a, 0x39a7, 0x39c7, 0x630c, 0x9cd3, 0xce18, 0xde9a, 0xde9a, 0xde79, 
	0xde9a, 0xde9a, 0xce38, 0xb555, 0x9471, 0x9451, 0xad34, 0xce38, 0xde9a, 0xde9a, 0xde9a, 0xd679, 0xde9a, 0xde9a, 0xde9a, 0xd679, 
	0xc5b6, 0x9471, 0x4a89, 0x3185, 0x31a6, 0x3166, 0x31a7, 0x52cb, 0x95d8, 0xb6dc, 0xaebc, 0xaefd, 0xaebc, 0xaebc, 0xb6dd, 0xaedc, 
	0xaebc, 0xaedd, 0xaefd, 0xaefd, 0xaedc, 0xaebc, 0xae9b, 0xae7b, 0xae5a, 0xae9b, 0xaedc, 0xaefc, 0xaefd, 0xaefd, 0xaedd, 0xb6bd, 
	0xaedc, 0xaedc, 0xaedc, 0xaedc, 0xaedc, 0xaedc, 0xaedc, 0xaedc, 0xaedc, 0xaedc, 0xaedc, 0xaedc, 0xaedc, 0xaedc, 0xaedc, 0xaedc, 
	0xaedc, 0xaedc, 0xaedc, 0xaedc, 0xaedc, 0xaedc, 0xaedc, 0xaedc, 0xaedc, 0xaedc, 0xaedc, 0xaedc, 0xaedc, 0xaedc, 0xaedc, 0xaedc, 
	0xaedc, 0xaedc, 0xaedc, 0xaedc, 0xaedc, 0xaedc, 0xaedc, 0xaedc, 0xaedc, 0xaedc, 0xaedc, 0xaedc, 0xaedc, 0xaedc, 0xaedc, 0xaedc, 
	0xaedc, 0xaedc, 0xaedc, 0xaedc, 0xaedc, 0xaedc, 0xaedc, 0xaedc, 0xaedc, 0xaedc, 0xaedc, 0xaedc, 0xaedc, 0xaedc, 0xaedc, 0xaedc, 
	0xaedc, 0xaedc, 0xaedc, 0xaedc, 0xaedc, 0xaedc, 0xaedc, 0xaedc, 0xaedc, 0xaedc, 0xaedc, 0xaedc, 0xaedc, 0xaedc, 0xaedc, 0xaedc, 
	0xaedc, 0xaedc, 0xaedc, 0xaedc, 0xaedc, 0xaedc, 0xaedc, 0xaedc, 0xaedc, 0xaedc, 0xaedc, 0xaedc, 0xaedc, 0xaedc, 0xaedc, 0xaedc, 
	0xaedc, 0xaedc, 0xaedc, 0xaedc, 0xaedc, 0xaedc, 0xaedc, 0xaedc, 0xaedc, 0xaedc, 0xaedc, 0xaedc, 0xaedc, 0xaedc, 0xaedc, 0xaedc, 
	0xaedc, 0xaedc, 0xaedc, 0xaedc, 0xaedc, 0xaedc, 0xaedc, 0xaedc, 0xb6bd, 0xaedc, 0xaedc, 0xaedc, 0xb6fd, 0xaedc, 0xa65a, 0x63af, 
	0x29a6, 0x2986, 0x31c7, 0x3165, 0x62ca, 0xc574, 0xf6d9, 0xfefa, 0xfefa, 0xfef9, 0xfef9, 0xfef9, 0xfefa, 0xfef9, 0xfed9, 0xfef9, 
	0xfed9, 0xc574, 0x6aeb, 0x3186, 0x31a7, 0x3186, 0x31a6, 0x4228, 0x7472, 0x9df8, 0x636e, 0x2986, 0x31a6, 0x3166, 0x5aca, 0xe677, 
	0xfef9, 0xfefa, 0xfefa, 0xfef9, 0xfef9, 0xfef9, 0xfefa, 0xfefa, 0xee78, 0x7b4c, 0x39c6, 0x3186, 0x3186, 0x39c7, 0x630c, 0xad55, 
	0xd699, 0xdeba, 0xde99, 0xd679, 0xde79, 0xde9a, 0xde9a, 0xde99, 0xde79, 0xdeba, 0xde9a, 0xd679, 0xd659, 0xd679, 0xde79, 0xde99, 
	0xde9a, 0xde9a, 0xdeba, 0xde99, 0xde9a, 0xdeba, 0xce38, 0xb575, 0x8c51, 0x9c92, 0xbd96, 0xd679, 0xde9a, 0xde79, 0xd659, 0xde79, 
	0xde79, 0xde9a, 0xde9a, 0xde79, 0xd659, 0xd659, 0xd679, 0xde79, 0xd679, 0xd679, 0xde99, 0xde99, 0xde9a, 0xde9a, 0xde99, 0xde99, 
	0xe69a, 0xd679, 0x9cf3, 0x52aa, 0x31a6, 0x31a6, 0x3186, 0x39c7, 0x6c10, 0xb69b, 0xaedd, 0xaedd, 0xaedd, 0xb6dc, 0xaebc, 0xaedd, 
	0xb6dd, 0xaebc, 0xaedc, 0xaedc, 0xa65a, 0x8d56, 0x7452, 0x63b0, 0x63b0, 0x7431, 0x8d35, 0xa63a, 0xaebc, 0xaedc, 0xaebc, 0xb6dd, 
	0xaedc, 0xaedc, 0xaedc, 0xaedc, 0xaedc, 0xaedc, 0xaedc, 0xaedc, 0xaedc, 0xaedc, 0xaedc, 0xaedc, 0xaedc, 0xaedc, 0xaedc, 0xaedc, 
	0xaedc, 0xaedc, 0xaedc, 0xaedc, 0xaedc, 0xaedc, 0xaedc, 0xaedc, 0xaedc, 0xaedc, 0xaedc, 0xaedc, 0xaedc, 0xaedc, 0xaedc, 0xaedc, 
	0xaedc, 0xaedc, 0xaedc, 0xaedc, 0xaedc, 0xaedc, 0xaedc, 0xaedc, 0xaedc, 0xaedc, 0xaedc, 0xaedc, 0xaedc, 0xaedc, 0xaedc, 0xaedc, 
	0xaedc, 0xaedc, 0xaedc, 0xaedc, 0xaedc, 0xaedc, 0xaedc, 0xaedc, 0xaedc, 0xaedc, 0xaedc, 0xaedc, 0xaedc, 0xaedc, 0xaedc, 0xaedc, 
	0xaedc, 0xaedc, 0xaedc, 0xaedc, 0xaedc, 0xaedc, 0xaedc, 0xaedc, 0xaedc, 0xaedc, 0xaedc, 0xaedc, 0xaedc, 0xaedc, 0xaedc, 0xaedc, 
	0xaedc, 0xaedc, 0xaedc, 0xaedc, 0xaedc, 0xaedc, 0xaedc, 0xaedc, 0xaedc, 0xaedc, 0xaedc, 0xaedc, 0xaedc, 0xaedc, 0xaedc, 0xaedc, 
	0xaedc, 0xaedc, 0xaedc, 0xaedc, 0xaedc, 0xaedc, 0xaedc, 0xaedc, 0xaedc, 0xaedc, 0xaedc, 0xaedc, 0xaedc, 0xaedc, 0xaedc, 0xaedc, 
	0xaedc, 0xaedc, 0xaedc, 0xaedc, 0xaedc, 0xaedc, 0xaedc, 0xaedc, 0xb6dd, 0xaedc, 0xaefc, 0xaedc, 0xb6dd, 0xaefd, 0xaebc, 0x8d77, 
	0x4aab, 0x31a7, 0x3186, 0x3186, 0x3186, 0x732c, 0xd5f6, 0xfef9, 0xff1a, 0xff1a, 0xfed9, 0xff1a, 0xfefa, 0xfed9, 0xff3a, 0xfef9, 
	0xfef9, 0xf6d9, 0xc574, 0x6acb, 0x3186, 0x31a6, 0x2965, 0x39a6, 0x3a29, 0x6bf0, 0x5aec, 0x31a6, 0x2986, 0x3987, 0x62ca, 0xe657, 
	0xfef9, 0xfef9, 0xfef9, 0xfef9, 0xfef9, 0xff1a, 0xfef9, 0xfed9, 0xbd33, 0x4a08, 0x2966, 0x31a7, 0x39a7, 0x5269, 0xad34, 0xd69a, 
	0xde99, 0xde99, 0xde99, 0xde9a, 0xde9a, 0xde99, 0xde99, 0xde99, 0xde99, 0xd679, 0xd679, 0xde9a, 0xdeba, 0xde9a, 0xde99, 0xdeba, 
	0xde99, 0xd679, 0xde9a, 0xdeba, 0xde99, 0xd679, 0xde9a, 0xde9a, 0xce58, 0xd659, 0xde9a, 0xde9a, 0xde79, 0xde9a, 0xde9a, 0xde9a, 
	0xde99, 0xde99, 0xde99, 0xde99, 0xde9a, 0xdeba, 0xde9a, 0xde99, 0xde99, 0xde9a, 0xde9a, 0xde99, 0xde99, 0xde9a, 0xde9a, 0xd679, 
	0xde9a, 0xd659, 0xde79, 0x9cb2, 0x4228, 0x2985, 0x31a6, 0x3186, 0x428a, 0x9577, 0xb6dd, 0xaebc, 0xaefd, 0xaedc, 0xaebc, 0xaedd, 
	0xaebc, 0xb6fd, 0xb6bc, 0x9597, 0x63d0, 0x3a49, 0x29a7, 0x31a6, 0x31c7, 0x31c7, 0x3a29, 0x63af, 0x9577, 0xb6bc, 0xb6fd, 0xa6bc, 
	0xaedc, 0xaedc, 0xaedc, 0xaedc, 0xaedc, 0xaedc, 0xaedc, 0xaedc, 0xaedc, 0xaedc, 0xaedc, 0xaedc, 0xaedc, 0xaedc, 0xaedc, 0xaedc, 
	0xaedc, 0xaedc, 0xaedc, 0xaedc, 0xaedc, 0xaedc, 0xaedc, 0xaedc, 0xaedc, 0xaedc, 0xaedc, 0xaedc, 0xaedc, 0xaedc, 0xaedc, 0xaedc, 
	0xaedc, 0xaedc, 0xaedc, 0xaedc, 0xaedc, 0xaedc, 0xaedc, 0xaedc, 0xaedc, 0xaedc, 0xaedc, 0xaedc, 0xaedc, 0xaedc, 0xaedc, 0xaedc, 
	0xaedc, 0xaedc, 0xaedc, 0xaedc, 0xaedc, 0xaedc, 0xaedc, 0xaedc, 0xaedc, 0xaedc, 0xaedc, 0xaedc, 0xaedc, 0xaedc, 0xaedc, 0xaedc, 
	0xaedc, 0xaedc, 0xaedc, 0xaedc, 0xaedc, 0xaedc, 0xaedc, 0xaedc, 0xaedc, 0xaedc, 0xaedc, 0xaedc, 0xaedc, 0xaedc, 0xaedc, 0xaedc, 
	0xaedc, 0xaedc, 0xaedc, 0xaedc, 0xaedc, 0xaedc, 0xaedc, 0xaedc, 0xaedc, 0xaedc, 0xaedc, 0xaedc, 0xaedc, 0xaedc, 0xaedc, 0xaedc, 
	0xaedc, 0xaedc, 0xaedc, 0xaedc, 0xaedc, 0xaedc, 0xaedc, 0xaedc, 0xaedc, 0xaedc, 0xaedc, 0xaedc, 0xaedc, 0xaedc, 0xaedc, 0xaedc, 
	0xaedc, 0xaedc, 0xaedc, 0xaedc, 0xaedc, 0xaedc, 0xaedc, 0xaedc, 0xaedc, 0xaedc, 0xaedc, 0xb6bc, 0xb6dd, 0xaedd, 0xaedc, 0xb6bc, 
	0x8cb4, 0x4249, 0x3185, 0x31a6, 0x3187, 0x39a7, 0x8bae, 0xe636, 0xfef9, 0xfef9, 0xfefa, 0xfefa, 0xff1a, 0xfefa, 0xfed9, 0xff1a, 
	0xfefa, 0xff1a, 0xfed9, 0xc574, 0x62eb, 0x3186, 0x39c7, 0x3165, 0x3186, 0x31e8, 0x39c7, 0x31a6, 0x3186, 0x3987, 0x62aa, 0xee57, 
	0xff1a, 0xfefa, 0xfef9, 0xfef9, 0xfefa, 0xff1a, 0xfed9, 0xf6b8, 0x83ae, 0x3185, 0x31c7, 0x2986, 0x39c6, 0x9450, 0xd679, 0xd679, 
	0xde9a, 0xde99, 0xde99, 0xde9a, 0xde9a, 0xde9a, 0xde9a, 0xde99, 0xd699, 0xde9a, 0xd699, 0xd699, 0xd699, 0xd699, 0xd699, 0xd699, 
	0xdeba, 0xd679, 0xde99, 0xde9a, 0xde99, 0xde9a, 0xde9a, 0xde79, 0xdeba, 0xd679, 0xde99, 0xde99, 0xde99, 0xde9a, 0xd699, 0xd69a, 
	0xde9a, 0xde9a, 0xde9a, 0xd699, 0xd699, 0xd699, 0xd699, 0xd699, 0xde9a, 0xde99, 0xde99, 0xde9a, 0xde9a, 0xd679, 0xd679, 0xde9a, 
	0xd699, 0xde99, 0xe69a, 0xcdf8, 0x7bae, 0x31a6, 0x2986, 0x3186, 0x39e8, 0x7c52, 0xb6bc, 0xaedd, 0xaedc, 0xaedc, 0xb6fd, 0xaedd, 
	0xaefc, 0xaedc, 0x9597, 0x5b2d, 0x3187, 0x3166, 0x39a6, 0x3185, 0x2985, 0x39a6, 0x3186, 0x3186, 0x52ed, 0x8d56, 0xaedc, 0xaefd, 
	0xaedc, 0xaedc, 0xaedc, 0xaedc, 0xaedc, 0xaedc, 0xaedc, 0xaedc, 0xaedc, 0xaedc, 0xaedc, 0xaedc, 0xaedc, 0xaedc, 0xaedc, 0xaedc, 
	0xaedc, 0xaedc, 0xaedc, 0xaedc, 0xaedc, 0xaedc, 0xaedc, 0xaedc, 0xaedc, 0xaedc, 0xaedc, 0xaedc, 0xaedc, 0xaedc, 0xaedc, 0xaedc, 
	0xaedc, 0xaedc, 0xaedc, 0xaedc, 0xaedc, 0xaedc, 0xaedc, 0xaedc, 0xaedc, 0xaedc, 0xaedc, 0xaedc, 0xaedc, 0xaedc, 0xaedc, 0xaedc, 
	0xaedc, 0xaedc, 0xaedc, 0xaedc, 0xaedc, 0xaedc, 0xaedc, 0xaedc, 0xaedc, 0xaedc, 0xaedc, 0xaedc, 0xaedc, 0xaedc, 0xaedc, 0xaedc, 
	0xaedc, 0xaedc, 0xaedc, 0xaedc, 0xaedc, 0xaedc, 0xaedc, 0xaedc, 0xaedc, 0xaedc, 0xaedc, 0xaedc, 0xaedc, 0xaedc, 0xaedc, 0xaedc, 
	0xaedc, 0xaedc, 0xaedc, 0xaedc, 0xaedc, 0xaedc, 0xaedc, 0xaedc, 0xaedc, 0xaedc, 0xaedc, 0xaedc, 0xaedc, 0xaedc, 0xaedc, 0xaedc, 
	0xaedc, 0xaedc, 0xaedc, 0xaedc, 0xaedc, 0xaedc, 0xaedc, 0xaedc, 0xaedc, 0xaedc, 0xaedc, 0xaedc, 0xaedc, 0xaedc, 0xaedc, 0xaedc, 
	0xaedc, 0xaedc, 0xaedc, 0xaedc, 0xaedc, 0xaedc, 0xaedc, 0xaedc, 0xaedc, 0xaedc, 0xaedc, 0xaedc, 0xaedc, 0xaedc, 0xaedc, 0xaedc, 
	0xa67b, 0x7472, 0x3a08, 0x3186, 0x3186, 0x3186, 0x41e7, 0x942f, 0xee78, 0xff1a, 0xfef9, 0xfed8, 0xff1a, 0xfefa, 0xfefa, 0xfef9, 
	0xfef9, 0xfef9, 0xfed9, 0xfed9, 0xc574, 0x62ca, 0x31a6, 0x31a7, 0x3987, 0x3166, 0x3186, 0x31a5, 0x31a6, 0x31a6, 0x5a8a, 0xe658, 
	0xff19, 0xfefa, 0xfefa, 0xfefa, 0xfef9, 0xfed9, 0xfefa, 0xde16, 0x5aaa, 0x31a6, 0x3186, 0x3186, 0x5acb, 0xbdb6, 0xd679, 0xde9a, 
	0xde99, 0xde99, 0xde99, 0xde99, 0xde99, 0xde99, 0xde99, 0xde99, 0xde99, 0xde99, 0xde99, 0xde99, 0xde99, 0xde99, 0xde99, 0xde99, 
	0xde79, 0xde9a, 0xde9a, 0xde9a, 0xde99, 0xd699, 0xd699, 0xdeba, 0xde99, 0xde9a, 0xd679, 0xd699, 0xdeba, 0xde9a, 0xd679, 0xde99, 
	0xde9a, 0xde99, 0xde9a, 0xde99, 0xde99, 0xde9a, 0xde99, 0xde99, 0xde99, 0xde99, 0xde9a, 0xde99, 0xde99, 0xde99, 0xde9a, 0xd699, 
	0xde99, 0xde99, 0xde99, 0xd679, 0xad55, 0x4a28, 0x3186, 0x31a6, 0x3186, 0x5b4e, 0xae5a, 0xb6fd, 0xaebc, 0xaedc, 0xb6fd, 0xaedc, 
	0xa6dc, 0xae5a, 0x634d, 0x31c7, 0x2986, 0x3186, 0x3186, 0x3185, 0x31a6, 0x2965, 0x31a7, 0x31a7, 0x31a6, 0x5b2d, 0xa619, 0xa6fc, 
	0xaedc, 0xaedc, 0xaedc, 0xaedc, 0xaedc, 0xaedc, 0xaedc, 0xaedc, 0xaedc, 0xaedc, 0xaedc, 0xaedc, 0xaedc, 0xaedc, 0xaedc, 0xaedc, 
	0xaedc, 0xaedc, 0xaedc, 0xaedc, 0xaedc, 0xaedc, 0xaedc, 0xaedc, 0xaedc, 0xaedc, 0xaedc, 0xaedc, 0xaedc, 0xaedc, 0xaedc, 0xaedc, 
	0xaedc, 0xaedc, 0xaedc, 0xaedc, 0xaedc, 0xaedc, 0xaedc, 0xaedc, 0xaedc, 0xaedc, 0xaedc, 0xaedc, 0xaedc, 0xaedc, 0xaedc, 0xaedc, 
	0xaedc, 0xaedc, 0xaedc, 0xaedc, 0xaedc, 0xaedc, 0xaedc, 0xaedc, 0xaedc, 0xaedc, 0xaedc, 0xaedc, 0xaedc, 0xaedc, 0xaedc, 0xaedc, 
	0xaedc, 0xaedc, 0xaedc, 0xaedc, 0xaedc, 0xaedc, 0xaedc, 0xaedc, 0xaedc, 0xaedc, 0xaedc, 0xaedc, 0xaedc, 0xaedc, 0xaedc, 0xaedc, 
	0xaedc, 0xaedc, 0xaedc, 0xaedc, 0xaedc, 0xaedc, 0xaedc, 0xaedc, 0xaedc, 0xaedc, 0xaedc, 0xaedc, 0xaedc, 0xaedc, 0xaedc, 0xaedc, 
	0xaedc, 0xaedc, 0xaedc, 0xaedc, 0xaedc, 0xaedc, 0xaedc, 0xaedc, 0xaedc, 0xaedc, 0xaedc, 0xaedc, 0xaedc, 0xaedc, 0xaedc, 0xaedc, 
	0xaedc, 0xaedc, 0xaedc, 0xaedc, 0xaedc, 0xaedc, 0xaedc, 0xaedc, 0xaedc, 0xaedc, 0xaedc, 0xaedc, 0xaedc, 0xaedc, 0xaedc, 0xaedc, 
	0xaedc, 0xa63a, 0x6bf0, 0x39c7, 0x31a7, 0x3166, 0x3186, 0x5248, 0xacb1, 0xf6d9, 0xfef9, 0xfef9, 0xfef9, 0xfefa, 0xfef9, 0xfef9, 
	0xfef9, 0xfef9, 0xfef9, 0xfef9, 0xf6d9, 0xbd74, 0x6aeb, 0x3186, 0x31a6, 0x31a7, 0x3186, 0x3185, 0x3165, 0x2965, 0x6aeb, 0xe657, 
	0xff1a, 0xfefa, 0xfefa, 0xfef9, 0xff19, 0xfef9, 0xfefa, 0xc574, 0x4a69, 0x3186, 0x2986, 0x39c7, 0x7bae, 0xce38, 0xde9a, 0xde99, 
	0xde99, 0xde99, 0xde99, 0xde99, 0xde99, 0xde99, 0xde99, 0xde99, 0xde99, 0xde99, 0xde99, 0xde99, 0xde99, 0xde99, 0xde99, 0xde99, 
	0xdeba, 0xde9a, 0xd679, 0xd679, 0xde9a, 0xde9a, 0xde99, 0xde99, 0xd679, 0xde99, 0xde9a, 0xde99, 0xd679, 0xd679, 0xdeba, 0xdeba, 
	0xde9a, 0xd679, 0xde9a, 0xde99, 0xde99, 0xde99, 0xd679, 0xde9a, 0xde99, 0xde79, 0xde99, 0xde9a, 0xde99, 0xd679, 0xde99, 0xdeba, 
	0xde99, 0xde99, 0xde9a, 0xde9a, 0xc5d7, 0x630b, 0x31a6, 0x3186, 0x3186, 0x4aeb, 0x9dd8, 0xb6dd, 0xaedd, 0xaedc, 0xaedd, 0xaedc, 
	0xa6dc, 0x84f4, 0x4229, 0x2965, 0x31a6, 0x3186, 0x39c7, 0x52aa, 0x52aa, 0x41e7, 0x2945, 0x31a6, 0x3186, 0x3a08, 0x7c93, 0xaedc, 
	0xaedc, 0xaedc, 0xaedc, 0xaedc, 0xaedc, 0xaedc, 0xaedc, 0xaedc, 0xaedc, 0xaedc, 0xaedc, 0xaedc, 0xaedc, 0xaedc, 0xaedc, 0xaedc, 
	0xaedc, 0xaedc, 0xaedc, 0xaedc, 0xaedc, 0xaedc, 0xaedc, 0xaedc, 0xaedc, 0xaedc, 0xaedc, 0xaedc, 0xaedc, 0xaedc, 0xaedc, 0xaedc, 
	0xaedc, 0xaedc, 0xaedc, 0xaedc, 0xaedc, 0xaedc, 0xaedc, 0xaedc, 0xaedc, 0xaedc, 0xaedc, 0xaedc, 0xaedc, 0xaedc, 0xaedc, 0xaedc, 
	0xaedc, 0xaedc, 0xaedc, 0xaedc, 0xaedc, 0xaedc, 0xaedc, 0xaedc, 0xaedc, 0xaedc, 0xaedc, 0xaedc, 0xaedc, 0xaedc, 0xaedc, 0xaedc, 
	0xaedc, 0xaedc, 0xaedc, 0xaedc, 0xaedc, 0xaedc, 0xaedc, 0xaedc, 0xaedc, 0xaedc, 0xaedc, 0xaedc, 0xaedc, 0xaedc, 0xaedc, 0xaedc, 
	0xaedc, 0xaedc, 0xaedc, 0xaedc, 0xaedc, 0xaedc, 0xaedc, 0xaedc, 0xaedc, 0xaedc, 0xaedc, 0xaedc, 0xaedc, 0xaedc, 0xaedc, 0xaedc, 
	0xaedc, 0xaedc, 0xaedc, 0xaedc, 0xaedc, 0xaedc, 0xaedc, 0xaedc, 0xaedc, 0xaedc, 0xaedc, 0xaedc, 0xaedc, 0xaedc, 0xaedc, 0xaedc, 
	0xaedc, 0xaedc, 0xaedc, 0xaedc, 0xaedc, 0xaedc, 0xaedc, 0xaedc, 0xaedc, 0xaedc, 0xaedc, 0xaedc, 0xaedc, 0xaedc, 0xaedc, 0xaedc, 
	0xa6fc, 0xaedd, 0x9dd9, 0x5b6e, 0x31a7, 0x39c7, 0x3186, 0x2986, 0x5a89, 0xb513, 0xff1a, 0xfef9, 0xfef9, 0xff1a, 0xfef9, 0xfef9, 
	0xfefa, 0xfef9, 0xfed9, 0xff1a, 0xff1a, 0xf6fa, 0xbd74, 0x6aca, 0x31a5, 0x31a6, 0x3186, 0x3186, 0x39a6, 0x3165, 0x62aa, 0xe657, 
	0xff1a, 0xfefa, 0xfefa, 0xfef9, 0xff19, 0xfef9, 0xfefa, 0xacb1, 0x4208, 0x3186, 0x3186, 0x39e7, 0x9c92, 0xd679, 0xde9a, 0xde99, 
	0xde99, 0xde99, 0xde99, 0xde99, 0xde99, 0xde99, 0xde99, 0xde99, 0xde99, 0xde99, 0xde99, 0xde99, 0xde99, 0xde99, 0xde99, 0xde99, 
	0xd679, 0xde99, 0xde9a, 0xdeba, 0xde9a, 0xde99, 0xd679, 0xde79, 0xde9a, 0xde79, 0xde99, 0xdeba, 0xde9a, 0xde9a, 0xde99, 0xd679, 
	0xde9a, 0xde99, 0xde9a, 0xde9a, 0xdeba, 0xdeba, 0xde99, 0xd679, 0xde99, 0xde9a, 0xdeba, 0xde9a, 0xde99, 0xde99, 0xde99, 0xde99, 
	0xde99, 0xde99, 0xde9a, 0xde9a, 0xce59, 0x83ef, 0x39c7, 0x3186, 0x3186, 0x426a, 0x8d56, 0xb6dd, 0xaedd, 0xaedc, 0xaedc, 0xaedc, 
	0xaebc, 0x63cf, 0x31a6, 0x3185, 0x31a6, 0x39e7, 0x8410, 0xc5f7, 0xce38, 0x9472, 0x4208, 0x3186, 0x31a6, 0x31a6, 0x5b8f, 0xa67a, 
	0xaedc, 0xaedc, 0xaedc, 0xaedc, 0xaedc, 0xaedc, 0xaedc, 0xaedc, 0xaedc, 0xaedc, 0xaedc, 0xaedc, 0xaedc, 0xaedc, 0xaedc, 0xaedc, 
	0xaedc, 0xaedc, 0xaedc, 0xaedc, 0xaedc, 0xaedc, 0xaedc, 0xaedc, 0xaedc, 0xaedc, 0xaedc, 0xaedc, 0xaedc, 0xaedc, 0xaedc, 0xaedc, 
	0xaedc, 0xaedc, 0xaedc, 0xaedc, 0xaedc, 0xaedc, 0xaedc, 0xaedc, 0xaedc, 0xaedc, 0xaedc, 0xaedc, 0xaedc, 0xaedc, 0xaedc, 0xaedc, 
	0xaedc, 0xaedc, 0xaedc, 0xaedc, 0xaedc, 0xaedc, 0xaedc, 0xaedc, 0xaedc, 0xaedc, 0xaedc, 0xaedc, 0xaedc, 0xaedc, 0xaedc, 0xaedc, 
	0xaedc, 0xaedc, 0xaedc, 0xaedc, 0xaedc, 0xaedc, 0xaedc, 0xaedc, 0xaedc, 0xaedc, 0xaedc, 0xaedc, 0xaedc, 0xaedc, 0xaedc, 0xaedc, 
	0xaedc, 0xaedc, 0xaedc, 0xaedc, 0xaedc, 0xaedc, 0xaedc, 0xaedc, 0xaedc, 0xaedc, 0xaedc, 0xaedc, 0xaedc, 0xaedc, 0xaedc, 0xaedc, 
	0xaedc, 0xaedc, 0xaedc, 0xaedc, 0xaedc, 0xaedc, 0xaedc, 0xaedc, 0xaedc, 0xaedc, 0xaedc, 0xaedc, 0xaedc, 0xaedc, 0xaedc, 0xaedc, 
	0xaedc, 0xaedc, 0xaedc, 0xaedc, 0xaedc, 0xaedc, 0xaedc, 0xaedc, 0xaedc, 0xaedc, 0xaedc, 0xaedc, 0xaedc, 0xaedc, 0xaedc, 0xaedc, 
	0xaedc, 0xaedc, 0xb6bd, 0x9597, 0x4acb, 0x31c6, 0x3186, 0x31a7, 0x3186, 0x62cb, 0xcdd6, 0xfefa, 0xfef9, 0xfed9, 0xfef9, 0xfef9, 
	0xff1a, 0xfefa, 0xfef9, 0xfef9, 0xf6b8, 0xfefa, 0xff1a, 0xc553, 0x62ea, 0x31a6, 0x31a6, 0x3186, 0x2966, 0x2986, 0x62ca, 0xe657, 
	0xfef9, 0xfefa, 0xfefa, 0xfef9, 0xfef9, 0xfed9, 0xfefa, 0xa470, 0x39c7, 0x3186, 0x31a6, 0x4208, 0xa514, 0xd679, 0xde99, 0xde9a, 
	0xde99, 0xde99, 0xde99, 0xde99, 0xde99, 0xde99, 0xde99, 0xde99, 0xde99, 0xde99, 0xde99, 0xde99, 0xde99, 0xde99, 0xde99, 0xde99, 
	0xdeba, 0xde9a, 0xde99, 0xde99, 0xde99, 0xde99, 0xde99, 0xde9a, 0xde9a, 0xde9a, 0xde99, 0xde99, 0xde99, 0xd679, 0xde79, 0xe6da, 
	0xd679, 0xd659, 0xce38, 0xc618, 0xce38, 0xd679, 0xd679, 0xde9a, 0xde99, 0xde99, 0xd679, 0xde99, 0xde9a, 0xde99, 0xd679, 0xde99, 
	0xde99, 0xde9a, 0xde9a, 0xd679, 0xd679, 0x8c51, 0x39c7, 0x3186, 0x3185, 0x4249, 0x8535, 0xb6dc, 0xaebc, 0xaedd, 0xaedc, 0xaedd, 
	0xae5a, 0x5b4d, 0x3186, 0x31a6, 0x3186, 0x5aaa, 0xd659, 0xf77d, 0xf77d, 0xd659, 0x6b2d, 0x3185, 0x31a5, 0x31a6, 0x530d, 0x9df8, 
	0xaedc, 0xaedc, 0xaedc, 0xaedc, 0xaedc, 0xaedc, 0xaedc, 0xaedc, 0xaedc, 0xaedc, 0xaedc, 0xaedc, 0xaedc, 0xaedc, 0xaedc, 0xaedc, 
	0xaedc, 0xaedc, 0xaedc, 0xaedc, 0xaedc, 0xaedc, 0xaedc, 0xaedc, 0xaedc, 0xaedc, 0xaedc, 0xaedc, 0xaedc, 0xaedc, 0xaedc, 0xaedc, 
	0xaedc, 0xaedc, 0xaedc, 0xaedc, 0xaedc, 0xaedc, 0xaedc, 0xaedc, 0xaedc, 0xaedc, 0xaedc, 0xaedc, 0xaedc, 0xaedc, 0xaedc, 0xaedc, 
	0xaedc, 0xaedc, 0xaedc, 0xaedc, 0xaedc, 0xaedc, 0xaedc, 0xaedc, 0xaedc, 0xaedc, 0xaedc, 0xaedc, 0xaedc, 0xaedc, 0xaedc, 0xaedc, 
	0xaedc, 0xaedc, 0xaedc, 0xaedc, 0xaedc, 0xaedc, 0xaedc, 0xaedc, 0xaedc, 0xaedc, 0xaedc, 0xaedc, 0xaedc, 0xaedc, 0xaedc, 0xaedc, 
	0xaedc, 0xaedc, 0xaedc, 0xaedc, 0xaedc, 0xaedc, 0xaedc, 0xaedc, 0xaedc, 0xaedc, 0xaedc, 0xaedc, 0xaedc, 0xaedc, 0xaedc, 0xaedc, 
	0xaedc, 0xaedc, 0xaedc, 0xaedc, 0xaedc, 0xaedc, 0xaedc, 0xaedc, 0xaedc, 0xaedc, 0xaedc, 0xaedc, 0xaedc, 0xaedc, 0xaedc, 0xaedc, 
	0xaedc, 0xaedc, 0xaedc, 0xaedc, 0xaedc, 0xaedc, 0xaedc, 0xaedc, 0xaedc, 0xaedc, 0xaedc, 0xaedc, 0xaedc, 0xaedc, 0xaedc, 0xaedc, 
	0xb6bc, 0xb6fd, 0xaedd, 0xaebb, 0x8d55, 0x3a69, 0x31a6, 0x3186, 0x31a7, 0x39c7, 0x732c, 0xde17, 0xfefa, 0xfed9, 0xfef9, 0xfef9, 
	0xfef9, 0xfefa, 0xff1a, 0xfed9, 0xfed9, 0xff1a, 0xfef9, 0xfed9, 0xc574, 0x62cb, 0x3186, 0x2986, 0x31c7, 0x29a6, 0x62cb, 0xe657, 
	0xfef9, 0xfefa, 0xfefa, 0xfef9, 0xfef9, 0xfed9, 0xfefa, 0x9c70, 0x39a7, 0x31a6, 0x31a6, 0x4208, 0xad14, 0xde9a, 0xd679, 0xde9a, 
	0xde99, 0xde99, 0xde99, 0xde99, 0xde99, 0xde99, 0xde99, 0xde99, 0xde99, 0xde99, 0xde99, 0xde99, 0xde99, 0xde99, 0xde99, 0xde99, 
	0xd679, 0xde99, 0xde99, 0xde9a, 0xde99, 0xde99, 0xde9a, 0xdeba, 0xde99, 0xde9a, 0xde9a, 0xde79, 0xde79, 0xdeba, 0xd679, 0xc5f7, 
	0xa514, 0x8410, 0x6b4c, 0x630b, 0x736d, 0x9471, 0xb575, 0xce59, 0xde9a, 0xd679, 0xd679, 0xde99, 0xdeba, 0xde99, 0xd679, 0xdeba, 
	0xde99, 0xde99, 0xde9a, 0xd679, 0xd679, 0x9471, 0x39c7, 0x3186, 0x3185, 0x3a49, 0x8515, 0xaedc, 0xaebc, 0xaedd, 0xaedc, 0xaedd, 
	0xa63a, 0x5b2d, 0x3186, 0x31a5, 0x3186, 0x630c, 0xdebb, 0xff9e, 0xff9e, 0xe6bb, 0x736e, 0x31a6, 0x3185, 0x3186, 0x530c, 0x9dd8, 
	0xaedc, 0xaedc, 0xaedc, 0xaedc, 0xaedc, 0xaedc, 0xaedc, 0xaedc, 0xaedc, 0xaedc, 0xaedc, 0xaedc, 0xaedc, 0xaedc, 0xaedc, 0xaedc, 
	0xaedc, 0xaedc, 0xaedc, 0xaedc, 0xaedc, 0xaedc, 0xaedc, 0xaedc, 0xaedc, 0xaedc, 0xaedc, 0xaedc, 0xaedc, 0xaedc, 0xaedc, 0xaedc, 
	0xaedc, 0xaedc, 0xaedc, 0xaedc, 0xaedc, 0xaedc, 0xaedc, 0xaedc, 0xaedc, 0xaedc, 0xaedc, 0xaedc, 0xaedc, 0xaedc, 0xaedc, 0xaedc, 
	0xaedc, 0xaedc, 0xaedc, 0xaedc, 0xaedc, 0xaedc, 0xaedc, 0xaedc, 0xaedc, 0xaedc, 0xaedc, 0xaedc, 0xaedc, 0xaedc, 0xaedc, 0xaedc, 
	0xaedc, 0xaedc, 0xaedc, 0xaedc, 0xaedc, 0xaedc, 0xaedc, 0xaedc, 0xaedc, 0xaedc, 0xaedc, 0xaedc, 0xaedc, 0xaedc, 0xaedc, 0xaedc, 
	0xaedc, 0xaedc, 0xaedc, 0xaedc, 0xaedc, 0xaedc, 0xaedc, 0xaedc, 0xaedc, 0xaedc, 0xaedc, 0xaedc, 0xaedc, 0xaedc, 0xaedc, 0xaedc, 
	0xaedc, 0xaedc, 0xaedc, 0xaedc, 0xaedc, 0xaedc, 0xaedc, 0xaedc, 0xaedc, 0xaedc, 0xaedc, 0xaedc, 0xaedc, 0xaedc, 0xaedc, 0xaedc, 
	0xaedc, 0xaedc, 0xaedc, 0xaedc, 0xaedc, 0xaedc, 0xaedc, 0xaedc, 0xaedc, 0xaedc, 0xaedc, 0xaedc, 0xaedc, 0xaedc, 0xaedc, 0xaedc, 
	0xb6bc, 0xb6bc, 0xaedd, 0xaedc, 0xaebb, 0x7cb2, 0x4269, 0x3166, 0x31a6, 0x3186, 0x39c7, 0x8bee, 0xe678, 0xff3a, 0xfef9, 0xfef9, 
	0xfef9, 0xfef9, 0xfef9, 0xfef9, 0xfefa, 0xfef9, 0xfed9, 0xfef9, 0xfeda, 0xc574, 0x62cb, 0x3185, 0x31a6, 0x2986, 0x734c, 0xf698, 
	0xfefa, 0xfefa, 0xfefa, 0xfef9, 0xff19, 0xfefa, 0xfed9, 0xa490, 0x39e7, 0x3186, 0x3186, 0x4208, 0x9cd3, 0xde9a, 0xde99, 0xde99, 
	0xde99, 0xde99, 0xde99, 0xde99, 0xde99, 0xde99, 0xde99, 0xde99, 0xde99, 0xde99, 0xde99, 0xde99, 0xde99, 0xde99, 0xde99, 0xde99, 
	0xde9a, 0xde9a, 0xde99, 0xde9a, 0xde99, 0xd69a, 0xd679, 0xd679, 0xd679, 0xd679, 0xde9a, 0xde99, 0xde99, 0xde99, 0xb575, 0x738e, 
	0x41e7, 0x39a6, 0x31a6, 0x39a6, 0x3186, 0x39c6, 0x5acb, 0x8c50, 0xce17, 0xde9a, 0xe6da, 0xde99, 0xd679, 0xde9a, 0xde9a, 0xde99, 
	0xde99, 0xde99, 0xde9a, 0xde99, 0xd679, 0x8c30, 0x39a7, 0x3186, 0x3186, 0x3a49, 0x8515, 0xaedc, 0xb6dd, 0xaedc, 0xaedc, 0xaedd, 
	0xae7b, 0x638f, 0x3186, 0x3185, 0x31a6, 0x4a49, 0xa4f4, 0xe6fb, 0xef1c, 0xb555, 0x526a, 0x31a6, 0x31a6, 0x3186, 0x5b4e, 0xa65a, 
	0xaedc, 0xaedc, 0xaedc, 0xaedc, 0xaedc, 0xaedc, 0xaedc, 0xaedc, 0xaedc, 0xaedc, 0xaedc, 0xaedc, 0xaedc, 0xaedc, 0xaedc, 0xaedc, 
	0xaedc, 0xaedc, 0xaedc, 0xaedc, 0xaedc, 0xaedc, 0xaedc, 0xaedc, 0xaedc, 0xaedc, 0xaedc, 0xaedc, 0xaedc, 0xaedc, 0xaedc, 0xaedc, 
	0xaedc, 0xaedc, 0xaedc, 0xaedc, 0xaedc, 0xaedc, 0xaedc, 0xaedc, 0xaedc, 0xaedc, 0xaedc, 0xaedc, 0xaedc, 0xaedc, 0xaedc, 0xaedc, 
	0xaedc, 0xaedc, 0xaedc, 0xaedc, 0xaedc, 0xaedc, 0xaedc, 0xaedc, 0xaedc, 0xaedc, 0xaedc, 0xaedc, 0xaedc, 0xaedc, 0xaedc, 0xaedc, 
	0xaedc, 0xaedc, 0xaedc, 0xaedc, 0xaedc, 0xaedc, 0xaedc, 0xaedc, 0xaedc, 0xaedc, 0xaedc, 0xaedc, 0xaedc, 0xaedc, 0xaedc, 0xaedc, 
	0xaedc, 0xaedc, 0xaedc, 0xaedc, 0xaedc, 0xaedc, 0xaedc, 0xaedc, 0xaedc, 0xaedc, 0xaedc, 0xaedc, 0xaedc, 0xaedc, 0xaedc, 0xaedc, 
	0xaedc, 0xaedc, 0xaedc, 0xaedc, 0xaedc, 0xaedc, 0xaedc, 0xaedc, 0xaedc, 0xaedc, 0xaedc, 0xaedc, 0xaedc, 0xaedc, 0xaedc, 0xaedc, 
	0xaedc, 0xaedc, 0xaedc, 0xaedc, 0xaedc, 0xaedc, 0xaedc, 0xaedc, 0xaedc, 0xaedc, 0xaedc, 0xaedc, 0xaedc, 0xaedc, 0xaedc, 0xaedc, 
	0xb6fd, 0xaebc, 0xb6dd, 0xaedd, 0xaebc, 0xa67a, 0x6c31, 0x3a29, 0x3186, 0x2966, 0x31c7, 0x4207, 0x9c70, 0xee78, 0xfef9, 0xfed9, 
	0xff1a, 0xff1a, 0xfed9, 0xff1a, 0xfefa, 0xfed9, 0xff3a, 0xfed9, 0xfed9, 0xfefa, 0xc575, 0x7b2b, 0x5207, 0x6b0b, 0xbd74, 0xfeb9, 
	0xfefa, 0xfefa, 0xfefa, 0xfef9, 0xff19, 0xfefa, 0xfed9, 0xb512, 0x4a28, 0x3186, 0x3186, 0x39e7, 0x8410, 0xd679, 0xde9a, 0xd679, 
	0xde99, 0xde99, 0xde99, 0xde99, 0xde99, 0xde99, 0xde99, 0xde99, 0xde99, 0xde99, 0xde99, 0xde99, 0xde99, 0xde99, 0xde99, 0xde99, 
	0xde79, 0xde99, 0xde9a, 0xd69a, 0xce38, 0xb575, 0x9492, 0x83ef, 0x840f, 0x9492, 0xb575, 0xce59, 0xd679, 0xad55, 0x6b2c, 0x31a6, 
	0x39a7, 0x3165, 0x3186, 0x31a6, 0x31a6, 0x3186, 0x3186, 0x4208, 0x840f, 0xbdb6, 0xdeba, 0xde99, 0xd679, 0xdeba, 0xde9a, 0xd679, 
	0xde9a, 0xde99, 0xde9a, 0xde9a, 0xce38, 0x736d, 0x31a6, 0x3186, 0x3186, 0x42aa, 0x9577, 0xaedc, 0xaefd, 0xaedc, 0xaedc, 0xaedc, 
	0xaedc, 0x7473, 0x39e7, 0x3186, 0x31a6, 0x3186, 0x526a, 0x7bef, 0x7bef, 0x5aaa, 0x3166, 0x3186, 0x3186, 0x31c7, 0x7452, 0xaedc, 
	0xaedc, 0xaedc, 0xaedc, 0xaedc, 0xaedc, 0xaedc, 0xaedc, 0xaedc, 0xaedc, 0xaedc, 0xaedc, 0xaedc, 0xaedc, 0xaedc, 0xaedc, 0xaedc, 
	0xaedc, 0xaedc, 0xaedc, 0xaedc, 0xaedc, 0xaedc, 0xaedc, 0xaedc, 0xaedc, 0xaedc, 0xaedc, 0xaedc, 0xaedc, 0xaedc, 0xaedc, 0xaedc, 
	0xaedc, 0xaedc, 0xaedc, 0xaedc, 0xaedc, 0xaedc, 0xaedc, 0xaedc, 0xaedc, 0xaedc, 0xaedc, 0xaedc, 0xaedc, 0xaedc, 0xaedc, 0xaedc, 
	0xaedc, 0xaedc, 0xaedc, 0xaedc, 0xaedc, 0xaedc, 0xaedc, 0xaedc, 0xaedc, 0xaedc, 0xaedc, 0xaedc, 0xaedc, 0xaedc, 0xaedc, 0xaedc, 
	0xaedc, 0xaedc, 0xaedc, 0xaedc, 0xaedc, 0xaedc, 0xaedc, 0xaedc, 0xaedc, 0xaedc, 0xaedc, 0xaedc, 0xaedc, 0xaedc, 0xaedc, 0xaedc, 
	0xaedc, 0xaedc, 0xaedc, 0xaedc, 0xaedc, 0xaedc, 0xaedc, 0xaedc, 0xaedc, 0xaedc, 0xaedc, 0xaedc, 0xaedc, 0xaedc, 0xaedc, 0xaedc, 
	0xaedc, 0xaedc, 0xaedc, 0xaedc, 0xaedc, 0xaedc, 0xaedc, 0xaedc, 0xaedc, 0xaedc, 0xaedc, 0xaedc, 0xaedc, 0xaedc, 0xaedc, 0xaedc, 
	0xaedc, 0xaedc, 0xaedc, 0xaedc, 0xaedc, 0xaedc, 0xaedc, 0xaedc, 0xaedc, 0xaedc, 0xaedc, 0xaedc, 0xaedc, 0xaedc, 0xaedc, 0xaedc, 
	0xa6fd, 0xaedc, 0xb6bc, 0xb6dd, 0xb6fe, 0xaebc, 0xa639, 0x5b8e, 0x39c6, 0x3186, 0x29a6, 0x31a6, 0x5228, 0xb4f2, 0xfed9, 0xfef9, 
	0xfef9, 0xfef9, 0xfefa, 0xfef9, 0xff1a, 0xfefa, 0xfed9, 0xff1a, 0xff19, 0xfef9, 0xfed9, 0xe616, 0xd5b5, 0xd617, 0xf6da, 0xfed9, 
	0xfef9, 0xfefa, 0xfefa, 0xfef9, 0xfef9, 0xfefa, 0xfeda, 0xcdb5, 0x526a, 0x3186, 0x2986, 0x31a6, 0x734d, 0xce38, 0xde99, 0xde99, 
	0xde99, 0xde99, 0xde99, 0xde99, 0xde99, 0xde99, 0xde99, 0xde99, 0xde99, 0xde99, 0xde99, 0xde99, 0xde99, 0xde99, 0xde99, 0xde99, 
	0xde79, 0xde9a, 0xd679, 0xb555, 0x7bcf, 0x5269, 0x39c7, 0x39c7, 0x39c6, 0x41e7, 0x5269, 0x83ef, 0xad14, 0x738d, 0x3186, 0x31a6, 
	0x3186, 0x3186, 0x31a6, 0x2986, 0x2985, 0x31a6, 0x3186, 0x31a6, 0x41e7, 0x840f, 0xc5f7, 0xde99, 0xde9a, 0xde99, 0xde79, 0xde9a, 
	0xde9a, 0xde99, 0xde9a, 0xde99, 0xbdb6, 0x5aaa, 0x3166, 0x31a6, 0x3186, 0x530c, 0xa619, 0xaedd, 0xaedd, 0xaedc, 0xb6fd, 0xaedc, 
	0xaedd, 0x9db8, 0x52ab, 0x31a6, 0x2966, 0x3186, 0x31a6, 0x2985, 0x31a6, 0x3166, 0x3187, 0x31a7, 0x3186, 0x4a8a, 0x9576, 0xaefc, 
	0xaedc, 0xaedc, 0xaedc, 0xaedc, 0xaedc, 0xaedc, 0xaedc, 0xaedc, 0xaedc, 0xaedc, 0xaedc, 0xaedc, 0xaedc, 0xaedc, 0xaedc, 0xaedc, 
	0xaedc, 0xaedc, 0xaedc, 0xaedc, 0xaedc, 0xaedc, 0xaedc, 0xaedc, 0xaedc, 0xaedc, 0xaedc, 0xaedc, 0xaedc, 0xaedc, 0xaedc, 0xaedc, 
	0xaedc, 0xaedc, 0xaedc, 0xaedc, 0xaedc, 0xaedc, 0xaedc, 0xaedc, 0xaedc, 0xaedc, 0xaedc, 0xaedc, 0xaedc, 0xaedc, 0xaedc, 0xaedc, 
	0xaedc, 0xaedc, 0xaedc, 0xaedc, 0xaedc, 0xaedc, 0xaedc, 0xaedc, 0xaedc, 0xaedc, 0xaedc, 0xaedc, 0xaedc, 0xaedc, 0xaedc, 0xaedc, 
	0xaedc, 0xaedc, 0xaedc, 0xaedc, 0xaedc, 0xaedc, 0xaedc, 0xaedc, 0xaedc, 0xaedc, 0xaedc, 0xaedc, 0xaedc, 0xaedc, 0xaedc, 0xaedc, 
	0xaedc, 0xaedc, 0xaedc, 0xaedc, 0xaedc, 0xaedc, 0xaedc, 0xaedc, 0xaedc, 0xaedc, 0xaedc, 0xaedc, 0xaedc, 0xaedc, 0xaedc, 0xaedc, 
	0xaedc, 0xaedc, 0xaedc, 0xaedc, 0xaedc, 0xaedc, 0xaedc, 0xaedc, 0xaedc, 0xaedc, 0xaedc, 0xaedc, 0xaedc, 0xaedc, 0xaedc, 0xaedc, 
	0xaedc, 0xaedc, 0xaedc, 0xaedc, 0xaedc, 0xaedc, 0xaedc, 0xaedc, 0xaedc, 0xaedc, 0xaedc, 0xaedc, 0xaedc, 0xaedc, 0xaedc, 0xaedc, 
	0xb6fd, 0xaedc, 0xaedd, 0xaedc, 0xaedc, 0xb6fd, 0xaebc, 0x9619, 0x532c, 0x31e7, 0x3185, 0x3986, 0x3986, 0x5aaa, 0xbd54, 0xff19, 
	0xfef9, 0xfef9, 0xfef9, 0xff1a, 0xfefa, 0xfef9, 0xfef9, 0xfef9, 0xfef9, 0xfef9, 0xfef9, 0xfef9, 0xfef9, 0xfef9, 0xfef9, 0xfef9, 
	0xfef9, 0xfefa, 0xfef9, 0xfef9, 0xfefa, 0xff1a, 0xfed9, 0xee77, 0x6b0b, 0x3185, 0x29a6, 0x2986, 0x5269, 0xad34, 0xde79, 0xde9a, 
	0xde9a, 0xd679, 0xde99, 0xde9a, 0xde9a, 0xde9a, 0xde99, 0xde99, 0xd69a, 0xd699, 0xd699, 0xde99, 0xde99, 0xde99, 0xd679, 0xde99, 
	0xde7a, 0xd659, 0xb555, 0x5aeb, 0x39e7, 0x2986, 0x3185, 0x3185, 0x31a7, 0x3186, 0x3186, 0x41e7, 0x4a49, 0x39e7, 0x31a6, 0x29a6, 
	0x31a6, 0x39e6, 0x5aa9, 0x6aea, 0x5228, 0x31a6, 0x29a6, 0x3186, 0x31a6, 0x4207, 0x83ef, 0xc5f7, 0xde99, 0xde99, 0xde9a, 0xd69a, 
	0xd679, 0xdeba, 0xde9a, 0xd659, 0x9492, 0x41e7, 0x3186, 0x31a6, 0x31c7, 0x6bd0, 0xa67b, 0xaedc, 0xaefd, 0xaedc, 0xaedc, 0xaedd, 
	0xaefd, 0xae9c, 0x84d4, 0x4a6a, 0x2965, 0x3186, 0x39a6, 0x3185, 0x3185, 0x3185, 0x39a6, 0x3166, 0x4229, 0x7c93, 0xae9c, 0xaedd, 
	0xaedc, 0xaedc, 0xaedc, 0xaedc, 0xaedc, 0xaedc, 0xaedc, 0xaedc, 0xaedc, 0xaedc, 0xaedc, 0xaedc, 0xaedc, 0xaedc, 0xaedc, 0xaedc, 
	0xaedc, 0xaedc, 0xaedc, 0xaedc, 0xaedc, 0xaedc, 0xaedc, 0xaedc, 0xaedc, 0xaedc, 0xaedc, 0xaedc, 0xaedc, 0xaedc, 0xaedc, 0xaedc, 
	0xaedc, 0xaedc, 0xaedc, 0xaedc, 0xaedc, 0xaedc, 0xaedc, 0xaedc, 0xaedc, 0xaedc, 0xaedc, 0xaedc, 0xaedc, 0xaedc, 0xaedc, 0xaedc, 
	0xaedc, 0xaedc, 0xaedc, 0xaedc, 0xaedc, 0xaedc, 0xaedc, 0xaedc, 0xaedc, 0xaedc, 0xaedc, 0xaedc, 0xaedc, 0xaedc, 0xaedc, 0xaedc, 
	0xaedc, 0xaedc, 0xaedc, 0xaedc, 0xaedc, 0xaedc, 0xaedc, 0xaedc, 0xaedc, 0xaedc, 0xaedc, 0xaedc, 0xaedc, 0xaedc, 0xaedc, 0xaedc, 
	0xaedc, 0xaedc, 0xaedc, 0xaedc, 0xaedc, 0xaedc, 0xaedc, 0xaedc, 0xaedc, 0xaedc, 0xaedc, 0xaedc, 0xaedc, 0xaedc, 0xaedc, 0xaedc, 
	0xaedc, 0xaedc, 0xaedc, 0xaedc, 0xaedc, 0xaedc, 0xaedc, 0xaedc, 0xaedc, 0xaedc, 0xaedc, 0xaedc, 0xaedc, 0xaedc, 0xaedc, 0xaedc, 
	0xaedc, 0xaedc, 0xaedc, 0xaedc, 0xaedc, 0xaedc, 0xaedc, 0xaedc, 0xaedc, 0xaedc, 0xaedc, 0xaedc, 0xaedc, 0xaedc, 0xaedc, 0xaedc, 
	0xaedc, 0xaedc, 0xaedd, 0xb6fd, 0xaedc, 0xaedd, 0xb6fd, 0xaebc, 0x9596, 0x428a, 0x31a6, 0x3186, 0x31a7, 0x3186, 0x730b, 0xcdb5, 
	0xfefa, 0xfef9, 0xff1a, 0xfed9, 0xfed9, 0xfefa, 0xfef9, 0xff1a, 0xfef9, 0xfef9, 0xfef9, 0xfef9, 0xfef9, 0xfef9, 0xfef9, 0xfef9, 
	0xfef9, 0xfefa, 0xfef9, 0xfef9, 0xfefa, 0xff1a, 0xfef9, 0xf6b8, 0x9430, 0x41e7, 0x2986, 0x31a6, 0x31a6, 0x736d, 0xce17, 0xd699, 
	0xde9a, 0xd679, 0xde99, 0xde9a, 0xd679, 0xd679, 0xde99, 0xde9a, 0xde9a, 0xdeba, 0xdeba, 0xde9a, 0xde79, 0xde9a, 0xde9a, 0xde99, 
	0xdeba, 0xbdb6, 0x6b2c, 0x39c6, 0x31a6, 0x31a7, 0x31a6, 0x3186, 0x3185, 0x3186, 0x3186, 0x3186, 0x39c7, 0x31a6, 0x3186, 0x31a6, 
	0x39e7, 0x7bad, 0xcdd6, 0xe637, 0xbd13, 0x62eb, 0x31a6, 0x31c6, 0x2966, 0x3186, 0x4207, 0x83ef, 0xc5f7, 0xd679, 0xdeba, 0xde9a, 
	0xde9a, 0xd679, 0xde9a, 0xbdb6, 0x62ec, 0x31a6, 0x3186, 0x3185, 0x3a08, 0x84d4, 0xb6bc, 0xaefd, 0xaedc, 0xaedc, 0xb6dc, 0xaedd, 
	0xa6dd, 0xb6fd, 0xa65a, 0x7c93, 0x4acb, 0x31c7, 0x3186, 0x39a7, 0x39a6, 0x2966, 0x31a7, 0x4acb, 0x7472, 0xa639, 0xb71d, 0xa6dc, 
	0xaedc, 0xaedc, 0xaedc, 0xaedc, 0xaedc, 0xaedc, 0xaedc, 0xaedc, 0xaedc, 0xaedc, 0xaedc, 0xaedc, 0xaedc, 0xaedc, 0xaedc, 0xaedc, 
	0xaedc, 0xaedc, 0xaedc, 0xaedc, 0xaedc, 0xaedc, 0xaedc, 0xaedc, 0xaedc, 0xaedc, 0xaedc, 0xaedc, 0xaedc, 0xaedc, 0xaedc, 0xaedc, 
	0xaedc, 0xaedc, 0xaedc, 0xaedc, 0xaedc, 0xaedc, 0xaedc, 0xaedc, 0xaedc, 0xaedc, 0xaedc, 0xaedc, 0xaedc, 0xaedc, 0xaedc, 0xaedc, 
	0xaedc, 0xaedc, 0xaedc, 0xaedc, 0xaedc, 0xaedc, 0xaedc, 0xaedc, 0xaedc, 0xaedc, 0xaedc, 0xaedc, 0xaedc, 0xaedc, 0xaedc, 0xaedc, 
	0xaedc, 0xaedc, 0xaedc, 0xaedc, 0xaedc, 0xaedc, 0xaedc, 0xaedc, 0xaedc, 0xaedc, 0xaedc, 0xaedc, 0xaedc, 0xaedc, 0xaedc, 0xaedc, 
	0xaedc, 0xaedc, 0xaedc, 0xaedc, 0xaedc, 0xaedc, 0xaedc, 0xaedc, 0xaedc, 0xaedc, 0xaedc, 0xaedc, 0xaedc, 0xaedc, 0xaedc, 0xaedc, 
	0xaedc, 0xaedc, 0xaedc, 0xaedc, 0xaedc, 0xaedc, 0xaedc, 0xaedc, 0xaedc, 0xaedc, 0xaedc, 0xaedc, 0xaedc, 0xaedc, 0xaedc, 0xaedc, 
	0xaedc, 0xaedc, 0xaedc, 0xaedc, 0xaedc, 0xaedc, 0xaedc, 0xaedc, 0xaedc, 0xaedc, 0xaedc, 0xaedc, 0xaedc, 0xaedc, 0xaedc, 0xaedc, 
	0xaedd, 0xaebc, 0xaedc, 0xb6fd, 0xaebc, 0xaebc, 0xb6fd, 0xb6fd, 0xaebc, 0x84f5, 0x426a, 0x3186, 0x2966, 0x31c7, 0x39a6, 0x83ad, 
	0xde16, 0xff1a, 0xfef9, 0xfef9, 0xff19, 0xfef9, 0xff1a, 0xfefa, 0xfef9, 0xfef9, 0xfef9, 0xfef9, 0xfef9, 0xfef9, 0xfef9, 0xfef9, 
	0xfef9, 0xfef9, 0xfef9, 0xfef9, 0xfef9, 0xfefa, 0xfefa, 0xfef9, 0xcdb5, 0x5a69, 0x3185, 0x31a7, 0x3166, 0x4a28, 0x9451, 0xce59, 
	0xde9a, 0xd679, 0xde99, 0xde9a, 0xd679, 0xd679, 0xde9a, 0xde99, 0xde9a, 0xde79, 0xd658, 0xde79, 0xce38, 0xc5f7, 0xbdd7, 0xc5f7, 
	0xbdb6, 0x9451, 0x39c7, 0x2985, 0x31a7, 0x31a6, 0x39c7, 0x4a28, 0x5248, 0x39c6, 0x3185, 0x31a6, 0x2986, 0x31a6, 0x31a6, 0x3165, 
	0x5a89, 0xcdb6, 0xfefa, 0xfed9, 0xfed9, 0xcdb6, 0x6aeb, 0x31a6, 0x31a7, 0x3186, 0x3186, 0x41e7, 0x83ef, 0xc618, 0xd679, 0xde99, 
	0xde99, 0xde99, 0xc5f7, 0x7bae, 0x39a6, 0x39c7, 0x2965, 0x31a6, 0x532d, 0xa5f9, 0xb6fd, 0xaefd, 0xaedc, 0xaedc, 0xaedc, 0xaedc, 
	0xaedc, 0xaedc, 0xaefd, 0xae9b, 0x8d96, 0x6c10, 0x4acc, 0x424a, 0x4249, 0x4acc, 0x63f0, 0x8d76, 0xa69b, 0xaefc, 0xaedc, 0xaedc, 
	0xaedc, 0xaedc, 0xaedc, 0xaedc, 0xaedc, 0xaedc, 0xaedc, 0xaedc, 0xaedc, 0xaedc, 0xaedc, 0xaedc, 0xaedc, 0xaedc, 0xaedc, 0xaedc, 
	0xaedc, 0xaedc, 0xaedc, 0xaedc, 0xaedc, 0xaedc, 0xaedc, 0xaedc, 0xaedc, 0xaedc, 0xaedc, 0xaedc, 0xaedc, 0xaedc, 0xaedc, 0xaedc, 
	0xaedc, 0xaedc, 0xaedc, 0xaedc, 0xaedc, 0xaedc, 0xaedc, 0xaedc, 0xaedc, 0xaedc, 0xaedc, 0xaedc, 0xaedc, 0xaedc, 0xaedc, 0xaedc, 
	0xaedc, 0xaedc, 0xaedc, 0xaedc, 0xaedc, 0xaedc, 0xaedc, 0xaedc, 0xaedc, 0xaedc, 0xaedc, 0xaedc, 0xaedc, 0xaedc, 0xaedc, 0xaedc, 
	0xaedc, 0xaedc, 0xaedc, 0xaedc, 0xaedc, 0xaedc, 0xaedc, 0xaedc, 0xaedc, 0xaedc, 0xaedc, 0xaedc, 0xaedc, 0xaedc, 0xaedc, 0xaedc, 
	0xaedc, 0xaedc, 0xaedc, 0xaedc, 0xaedc, 0xaedc, 0xaedc, 0xaedc, 0xaedc, 0xaedc, 0xaedc, 0xaedc, 0xaedc, 0xaedc, 0xaedc, 0xaedc, 
	0xaedc, 0xaedc, 0xaedc, 0xaedc, 0xaedc, 0xaedc, 0xaedc, 0xaedc, 0xaedc, 0xaedc, 0xaedc, 0xaedc, 0xaedc, 0xaedc, 0xaedc, 0xaedc, 
	0xaedc, 0xaedc, 0xaedc, 0xaedc, 0xaedc, 0xaedc, 0xaedc, 0xaedc, 0xaedc, 0xaedc, 0xaedc, 0xaedc, 0xaedc, 0xaedc, 0xaedc, 0xaedc, 
	0xb6fd, 0xaedc, 0xaedc, 0xb6fd, 0xaedc, 0xaedc, 0xaedc, 0xaedc, 0xaedd, 0xaebc, 0x7472, 0x3a28, 0x3186, 0x31a6, 0x3165, 0x41e7, 
	0x8c0e, 0xe678, 0xfefa, 0xfed9, 0xff19, 0xfef9, 0xff1a, 0xfed9, 0xfef9, 0xfef9, 0xfef9, 0xfef9, 0xfef9, 0xfef9, 0xfef9, 0xfef9, 
	0xfef9, 0xfef9, 0xfef9, 0xfef9, 0xfef9, 0xfef9, 0xfef9, 0xff1a, 0xf6d9, 0x93ef, 0x39a6, 0x3186, 0x31a6, 0x31a6, 0x4a28, 0x94b2, 
	0xd659, 0xde99, 0xde99, 0xde99, 0xde99, 0xde99, 0xde99, 0xd679, 0xde79, 0xe6ba, 0xce38, 0xad55, 0x83f0, 0x62eb, 0x4a49, 0x4a69, 
	0x62eb, 0x4a29, 0x31a6, 0x31a6, 0x3186, 0x4207, 0x8bce, 0xbd54, 0xbd53, 0x83ad, 0x4207, 0x31c6, 0x2986, 0x3186, 0x3166, 0x3186, 
	0x6aaa, 0xe638, 0xfed9, 0xff19, 0xff19, 0xfefa, 0xd5b5, 0x6b0b, 0x31a6, 0x31a6, 0x3186, 0x2965, 0x4208, 0x83ef, 0xc5d7, 0xde9a, 
	0xd659, 0xd659, 0x83ef, 0x4207, 0x31a6, 0x3186, 0x31a6, 0x3a08, 0x7cd4, 0xb69b, 0xaedd, 0xaefd, 0xaedc, 0xaedc, 0xaedc, 0xaedc, 
	0xb6dc, 0xaebc, 0xaedc, 0xaefd, 0xaedc, 0xae9b, 0xa639, 0x9dd8, 0x9dd8, 0xa639, 0xa69b, 0xaedc, 0xaefd, 0xaedc, 0xaebc, 0xb6dc, 
	0xaedc, 0xaedc, 0xaedc, 0xaedc, 0xaedc, 0xaedc, 0xaedc, 0xaedc, 0xaedc, 0xaedc, 0xaedc, 0xaedc, 0xaedc, 0xaedc, 0xaedc, 0xaedc, 
	0xaedc, 0xaedc, 0xaedc, 0xaedc, 0xaedc, 0xaedc, 0xaedc, 0xaedc, 0xaedc, 0xaedc, 0xaedc, 0xaedc, 0xaedc, 0xaedc, 0xaedc, 0xaedc, 
	0xaedc, 0xaedc, 0xaedc, 0xaedc, 0xaedc, 0xaedc, 0xaedc, 0xaedc, 0xaedc, 0xaedc, 0xaedc, 0xaedc, 0xaedc, 0xaedc, 0xaedc, 0xaedc, 
	0xaedc, 0xaedc, 0xaedc, 0xaedc, 0xaedc, 0xaedc, 0xaedc, 0xaedc, 0xaedc, 0xaedc, 0xaedc, 0xaedc, 0xaedc, 0xaedc, 0xaedc, 0xaedc, 
	0xaedc, 0xaedc, 0xaedc, 0xaedc, 0xaedc, 0xaedc, 0xaedc, 0xaedc, 0xaedc, 0xaedc, 0xaedc, 0xaedc, 0xaedc, 0xaedc, 0xaedc, 0xaedc, 
	0xaedc, 0xaedc, 0xaedc, 0xaedc, 0xaedc, 0xaedc, 0xaedc, 0xaedc, 0xaedc, 0xaedc, 0xaedc, 0xaedc, 0xaedc, 0xaedc, 0xaedc, 0xaedc, 
	0xaedc, 0xaedc, 0xaedc, 0xaedc, 0xaedc, 0xaedc, 0xaedc, 0xaedc, 0xaedc, 0xaedc, 0xaedc, 0xaedc, 0xaedc, 0xaedc, 0xaedc, 0xaedc, 
	0xaedc, 0xaedc, 0xaedc, 0xaedc, 0xaedc, 0xaedc, 0xaedc, 0xaedc, 0xaedc, 0xaedc, 0xaedc, 0xaedc, 0xaedc, 0xaedc, 0xaedc, 0xaedc, 
	0xaedd, 0xaedc, 0xaedc, 0xaedd, 0xaedd, 0xaedd, 0xaedc, 0xaedc, 0xb6fd, 0xaedc, 0xa659, 0x6c10, 0x39e8, 0x3166, 0x31a6, 0x2985, 
	0x4a27, 0xa470, 0xf6b9, 0xfef9, 0xfeb8, 0xff19, 0xfef9, 0xfefa, 0xfef9, 0xfef9, 0xfef9, 0xfef9, 0xfef9, 0xfef9, 0xfef9, 0xfef9, 
	0xfefa, 0xfef9, 0xfef9, 0xfef9, 0xfef9, 0xfef9, 0xfef9, 0xfefa, 0xfef9, 0xd5f6, 0x6b0b, 0x39a6, 0x3186, 0x3186, 0x3186, 0x5acb, 
	0xbdb6, 0xde99, 0xde9a, 0xd679, 0xde9a, 0xde99, 0xd679, 0xde99, 0xd679, 0xc617, 0x8c30, 0x4a69, 0x3186, 0x3186, 0x3186, 0x31a6, 
	0x31a6, 0x2966, 0x31a6, 0x31a6, 0x3165, 0x734c, 0xde36, 0xfef9, 0xfefa, 0xe657, 0x940f, 0x4207, 0x2965, 0x31c6, 0x31a6, 0x31a6, 
	0x49e7, 0xb4d2, 0xff1a, 0xff19, 0xff19, 0xfed9, 0xfeb9, 0xcdb5, 0x6b0b, 0x39a6, 0x2965, 0x39c7, 0x3186, 0x39e7, 0x83ef, 0xc5f7, 
	0xde79, 0xad34, 0x4a49, 0x3186, 0x3186, 0x3186, 0x31e8, 0x636f, 0xa63a, 0xb6dc, 0xaedc, 0xaedd, 0xaefd, 0xaedc, 0xaedc, 0xb6fd, 
	0xaebc, 0xb6bc, 0xb6dd, 0xb6dd, 0xaebd, 0xaedd, 0xaefd, 0xaedc, 0xaefc, 0xaedc, 0xaedd, 0xaedd, 0xaedd, 0xb6dd, 0xb6dd, 0xaebc, 
	0xaedc, 0xaedc, 0xaedc, 0xaedc, 0xaedc, 0xaedc, 0xaedc, 0xaedc, 0xaedc, 0xaedc, 0xaedc, 0xaedc, 0xaedc, 0xaedc, 0xaedc, 0xaedc, 
	0xaedc, 0xaedc, 0xaedc, 0xaedc, 0xaedc, 0xaedc, 0xaedc, 0xaedc, 0xaedc, 0xaedc, 0xaedc, 0xaedc, 0xaedc, 0xaedc, 0xaedc, 0xaedc, 
	0xaedc, 0xaedc, 0xaedc, 0xaedc, 0xaedc, 0xaedc, 0xaedc, 0xaedc, 0xaedc, 0xaedc, 0xaedc, 0xaedc, 0xaedc, 0xaedc, 0xaedc, 0xaedc, 
	0xaedc, 0xaedc, 0xaedc, 0xaedc, 0xaedc, 0xaedc, 0xaedc, 0xaedc, 0xaedc, 0xaedc, 0xaedc, 0xaedc, 0xaedc, 0xaedc, 0xaedc, 0xaedc, 
	0xaedc, 0xaedc, 0xaedc, 0xaedc, 0xaedc, 0xaedc, 0xaedc, 0xaedc, 0xaedc, 0xaedc, 0xaedc, 0xaedc, 0xaedc, 0xaedc, 0xaedc, 0xaedc, 
	0xaedc, 0xaedc, 0xaedc, 0xaedc, 0xaedc, 0xaedc, 0xaedc, 0xaedc, 0xaedc, 0xaedc, 0xaedc, 0xaedc, 0xaedc, 0xaedc, 0xaedc, 0xaedc, 
	0xaedc, 0xaedc, 0xaedc, 0xaedc, 0xaedc, 0xaedc, 0xaedc, 0xaedc, 0xaedc, 0xaedc, 0xaedc, 0xaedc, 0xaedc, 0xaedc, 0xaedc, 0xaedc, 
	0xaedc, 0xaedc, 0xaedc, 0xaedc, 0xaedc, 0xaedc, 0xaedc, 0xaedc, 0xaedc, 0xaedc, 0xaedc, 0xaedc, 0xaedc, 0xaedc, 0xaedc, 0xaedc, 
	0xaedc, 0xaedd, 0xb6fd, 0xaedc, 0xaedc, 0xaedc, 0xaedd, 0xaedd, 0xaebc, 0xaedd, 0xaefc, 0xa618, 0x636e, 0x39c7, 0x31a6, 0x31a6, 
	0x3185, 0x5269, 0xb513, 0xfef9, 0xff1a, 0xfef9, 0xfef9, 0xff1a, 0xfef9, 0xfef9, 0xfef9, 0xfef9, 0xfef9, 0xfef9, 0xfef9, 0xfef9, 
	0xfef9, 0xfef9, 0xfef9, 0xfefa, 0xfefa, 0xfef9, 0xfef9, 0xfef9, 0xfef9, 0xf6d9, 0xb4f3, 0x5249, 0x3186, 0x31a6, 0x39c7, 0x4a49, 
	0xb575, 0xde99, 0xdeba, 0xd679, 0xde9a, 0xde99, 0xde99, 0xde9a, 0xce58, 0x8410, 0x4228, 0x2965, 0x31a6, 0x39c7, 0x31a6, 0x3186, 
	0x3186, 0x31a7, 0x3186, 0x31a6, 0x3185, 0x942f, 0xfef9, 0xfeb8, 0xfed9, 0xff1a, 0xe658, 0x940f, 0x4207, 0x3185, 0x31a6, 0x2986, 
	0x31c6, 0x5269, 0xc595, 0xf6d9, 0xfef9, 0xfef9, 0xfef9, 0xf6d9, 0xcdb5, 0x730b, 0x39a6, 0x3165, 0x3186, 0x3186, 0x4208, 0x83cf, 
	0xc5f7, 0x9cd3, 0x4208, 0x31a6, 0x2965, 0x31a6, 0x4a8a, 0x9d76, 0xaedc, 0xaedc, 0xb6fd, 0xaebc, 0xaedd, 0xaedc, 0xb6fd, 0xaedc, 
	0xaf1d, 0xaedc, 0xaedd, 0xb6bd, 0xb6bd, 0xb6dd, 0xb6dd, 0xaedc, 0xaedd, 0xaebc, 0xb6dd, 0xb6dd, 0xaebc, 0xaebc, 0xaefd, 0xaefc, 
	0xaedc, 0xaedc, 0xaedc, 0xaedc, 0xaedc, 0xaedc, 0xaedc, 0xaedc, 0xaedc, 0xaedc, 0xaedc, 0xaedc, 0xaedc, 0xaedc, 0xaedc, 0xaedc, 
	0xaedc, 0xaedc, 0xaedc, 0xaedc, 0xaedc, 0xaedc, 0xaedc, 0xaedc, 0xaedc, 0xaedc, 0xaedc, 0xaedc, 0xaedc, 0xaedc, 0xaedc, 0xaedc, 
	0xaedc, 0xaedc, 0xaedc, 0xaedc, 0xaedc, 0xaedc, 0xaedc, 0xaedc, 0xaedc, 0xaedc, 0xaedc, 0xaedc, 0xaedc, 0xaedc, 0xaedc, 0xaedc, 
	0xaedc, 0xaedc, 0xaedc, 0xaedc, 0xaedc, 0xaedc, 0xaedc, 0xaedc, 0xaedc, 0xaedc, 0xaedc, 0xaedc, 0xaedc, 0xaedc, 0xaedc, 0xaedc, 
	0xaedc, 0xaedc, 0xaedc, 0xaedc, 0xaedc, 0xaedc, 0xaedc, 0xaedc, 0xaedc, 0xaedc, 0xaedc, 0xaedc, 0xaedc, 0xaedc, 0xaedc, 0xaedc, 
	0xaedc, 0xaedc, 0xaedc, 0xaedc, 0xaedc, 0xaedc, 0xaedc, 0xaedc, 0xaedc, 0xaedc, 0xaedc, 0xaedc, 0xaedc, 0xaedc, 0xaedc, 0xaedc, 
	0xaedc, 0xaedc, 0xaedc, 0xaedc, 0xaedc, 0xaedc, 0xaedc, 0xaedc, 0xaedc, 0xaedc, 0xaedc, 0xaedc, 0xaedc, 0xaedc, 0xaedc, 0xaedc, 
	0xaedc, 0xaedc, 0xaedc, 0xaedc, 0xaedc, 0xaedc, 0xaedc, 0xaedc, 0xaedc, 0xaedc, 0xaedc, 0xaedc, 0xaedc, 0xaedc, 0xaedc, 0xaedc, 
	0xaedc, 0xaedd, 0xaedd, 0xaedc, 0xaedc, 0xaedc, 0xaedc, 0xaedd, 0xaedc, 0xaedc, 0xaedd, 0xaebc, 0x9dd8, 0x4aec, 0x31c7, 0x3185, 
	0x3187, 0x31a6, 0x62aa, 0xc574, 0xfefa, 0xfed9, 0xfef9, 0xfef9, 0xfef9, 0xfef9, 0xfef9, 0xfef9, 0xfef9, 0xfef9, 0xfef9, 0xfef9, 
	0xfef9, 0xfef9, 0xfef9, 0xfef9, 0xfefa, 0xfefa, 0xfef9, 0xfef9, 0xff19, 0xfed9, 0xc595, 0x5269, 0x2986, 0x2985, 0x31a6, 0x630c, 
	0xc5d7, 0xde99, 0xde9a, 0xde99, 0xde9a, 0xde99, 0xde9a, 0xd679, 0xa4f3, 0x4a49, 0x3186, 0x31a6, 0x31a6, 0x2965, 0x3165, 0x3185, 
	0x3185, 0x3186, 0x3186, 0x3186, 0x2965, 0x734c, 0xe637, 0xff3a, 0xff1a, 0xfed9, 0xff1a, 0xe657, 0x940f, 0x41e7, 0x3165, 0x31c7, 
	0x2985, 0x39c7, 0x62ca, 0xcd95, 0xfefa, 0xfed9, 0xfef9, 0xff1a, 0xf6d9, 0xc574, 0x732c, 0x39c6, 0x3186, 0x31a6, 0x31a6, 0x39e7, 
	0x83ef, 0x9cf3, 0x4a6a, 0x39a6, 0x3185, 0x2985, 0x530d, 0xa5f9, 0xaedd, 0xaedc, 0xb6dc, 0xaebc, 0xaedd, 0xaedd, 0xaedc, 0xaedc, 
	0xaedc, 0xaedc, 0xaedc, 0xb6dd, 0xb6fd, 0xb6bc, 0xaebc, 0xb6dd, 0xb6dd, 0xaebc, 0xb6bc, 0xb6dd, 0xb6dd, 0xaedd, 0xaedd, 0xaedd, 
	0xaedc, 0xaedc, 0xaedc, 0xaedc, 0xaedc, 0xaedc, 0xaedc, 0xaedc, 0xaedc, 0xaedc, 0xaedc, 0xaedc, 0xaedc, 0xaedc, 0xaedc, 0xaedc, 
	0xaedc, 0xaedc, 0xaedc, 0xaedc, 0xaedc, 0xaedc, 0xaedc, 0xaedc, 0xaedc, 0xaedc, 0xaedc, 0xaedc, 0xaedc, 0xaedc, 0xaedc, 0xaedc, 
	0xaedc, 0xaedc, 0xaedc, 0xaedc, 0xaedc, 0xaedc, 0xaedc, 0xaedc, 0xaedc, 0xaedc, 0xaedc, 0xaedc, 0xaedc, 0xaedc, 0xaedc, 0xaedc, 
	0xaedc, 0xaedc, 0xaedc, 0xaedc, 0xaedc, 0xaedc, 0xaedc, 0xaedc, 0xaedc, 0xaedc, 0xaedc, 0xaedc, 0xaedc, 0xaedc, 0xaedc, 0xaedc, 
	0xaedc, 0xaedc, 0xaedc, 0xaedc, 0xaedc, 0xaedc, 0xaedc, 0xaedc, 0xaedc, 0xaedc, 0xaedc, 0xaedc, 0xaedc, 0xaedc, 0xaedc, 0xaedc, 
	0xaedc, 0xaedc, 0xaedc, 0xaedc, 0xaedc, 0xaedc, 0xaedc, 0xaedc, 0xaedc, 0xaedc, 0xaedc, 0xaedc, 0xaedc, 0xaedc, 0xaedc, 0xaedc, 
	0xaedc, 0xaedc, 0xaedc, 0xaedc, 0xaedc, 0xaedc, 0xaedc, 0xaedc, 0xaedc, 0xaedc, 0xaedc, 0xaedc, 0xaedc, 0xaedc, 0xaedc, 0xaedc, 
	0xaedc, 0xaedc, 0xaedc, 0xaedc, 0xaedc, 0xaedc, 0xaedc, 0xaedc, 0xaedc, 0xaedc, 0xaedc, 0xaedc, 0xaedc, 0xaedc, 0xaedc, 0xaedc, 
	0xaedc, 0xaedc, 0xaedc, 0xaedc, 0xb6fd, 0xb6fd, 0xaedc, 0xaedc, 0xaefc, 0xaedd, 0xb6bd, 0xaedd, 0xaebc, 0x8d55, 0x4aaa, 0x3986, 
	0x3186, 0x31a7, 0x31a6, 0x732b, 0xddd6, 0xfefa, 0xfed9, 0xff19, 0xfef9, 0xfef9, 0xfef9, 0xfef9, 0xfef9, 0xfef9, 0xfef9, 0xfef9, 
	0xfef9, 0xfef9, 0xfefa, 0xfef9, 0xfef9, 0xfef9, 0xfef9, 0xfef9, 0xfed8, 0xff1a, 0xacb2, 0x41e7, 0x31a6, 0x29a6, 0x39e7, 0x8c51, 
	0xd679, 0xde9a, 0xd679, 0xde9a, 0xde9a, 0xde99, 0xde9a, 0xce38, 0x7b8e, 0x3185, 0x39a6, 0x3186, 0x3186, 0x528a, 0x7bae, 0x7b6d, 
	0x5269, 0x3185, 0x31a6, 0x31a7, 0x31a7, 0x41e7, 0x942f, 0xee78, 0xfef9, 0xfef9, 0xff1a, 0xfefa, 0xe658, 0x8bce, 0x41c7, 0x3186, 
	0x3986, 0x3186, 0x31a6, 0x6b0b, 0xcd74, 0xfef9, 0xff19, 0xfed9, 0xfef9, 0xfed9, 0xcdb5, 0x6b0b, 0x31a6, 0x31a7, 0x2966, 0x31a6, 
	0x41e7, 0x738e, 0x6b4d, 0x3186, 0x3986, 0x31a6, 0x3a49, 0x8d56, 0xaefd, 0xb6fd, 0xaebc, 0xb6dc, 0xb6fd, 0xaedd, 0xaedd, 0xb6fd, 
	0xb6bd, 0xb6dd, 0xaedc, 0xaedc, 0xaefc, 0xaedc, 0xaedc, 0xaedd, 0xaedc, 0xaefd, 0xaedc, 0xaedc, 0xaefc, 0xaedc, 0xaebc, 0xb6dd, 
	0xaedc, 0xaedc, 0xaedc, 0xaedc, 0xaedc, 0xaedc, 0xaedc, 0xaedc, 0xaedc, 0xaedc, 0xaedc, 0xaedc, 0xaedc, 0xaedc, 0xaedc, 0xaedc, 
	0xaedc, 0xaedc, 0xaedc, 0xaedc, 0xaedc, 0xaedc, 0xaedc, 0xaedc, 0xaedc, 0xaedc, 0xaedc, 0xaedc, 0xaedc, 0xaedc, 0xaedc, 0xaedc, 
	0xaedc, 0xaedc, 0xaedc, 0xaedc, 0xaedc, 0xaedc, 0xaedc, 0xaedc, 0xaedc, 0xaedc, 0xaedc, 0xaedc, 0xaedc, 0xaedc, 0xaedc, 0xaedc, 
	0xaedc, 0xaedc, 0xaedc, 0xaedc, 0xaedc, 0xaedc, 0xaedc, 0xaedc, 0xaedc, 0xaedc, 0xaedc, 0xaedc, 0xaedc, 0xaedc, 0xaedc, 0xaedc, 
	0xaedc, 0xaedc, 0xaedc, 0xaedc, 0xaedc, 0xaedc, 0xaedc, 0xaedc, 0xaedc, 0xaedc, 0xaedc, 0xaedc, 0xaedc, 0xaedc, 0xaedc, 0xaedc, 
	0xaedc, 0xaedc, 0xaedc, 0xaedc, 0xaedc, 0xaedc, 0xaedc, 0xaedc, 0xaedc, 0xaedc, 0xaedc, 0xaedc, 0xaedc, 0xaedc, 0xaedc, 0xaedc, 
	0xaedc, 0xaedc, 0xaedc, 0xaedc, 0xaedc, 0xaedc, 0xaedc, 0xaedc, 0xaedc, 0xaedc, 0xaedc, 0xaedc, 0xaedc, 0xaedc, 0xaedc, 0xaedc, 
	0xaedc, 0xaedc, 0xaedc, 0xaedc, 0xaedc, 0xaedc, 0xaedc, 0xaedc, 0xaedc, 0xaedc, 0xaedc, 0xaedc, 0xaedc, 0xaedc, 0xaedc, 0xaedc, 
	0xaedc, 0xaedc, 0xaedc, 0xaedc, 0xaedc, 0xaedc, 0xaedc, 0xaedc, 0xaedc, 0xaedc, 0xaedc, 0xb6fd, 0xaedc, 0xae9b, 0x8cf5, 0x3a2a, 
	0x3185, 0x3186, 0x31a7, 0x39c7, 0x7b8d, 0xe657, 0xff1a, 0xfed9, 0xfef9, 0xfef9, 0xfefa, 0xfefa, 0xfefa, 0xfefa, 0xfef9, 0xfed9, 
	0xfef9, 0xfef9, 0xfef9, 0xfef9, 0xfef9, 0xfef9, 0xfef9, 0xfef9, 0xfef9, 0xfed9, 0x940f, 0x31a6, 0x31a7, 0x2965, 0x4248, 0xb554, 
	0xde99, 0xde99, 0xde99, 0xde99, 0xde99, 0xd699, 0xdeba, 0xb595, 0x5aca, 0x31a6, 0x2986, 0x3186, 0x6289, 0xbd33, 0xf6b8, 0xee78, 
	0xb4f2, 0x5a89, 0x39a6, 0x2986, 0x31a6, 0x3186, 0x4a08, 0x9c91, 0xf698, 0xfef9, 0xff19, 0xfef9, 0xfefa, 0xde17, 0x8bce, 0x41e7, 
	0x3186, 0x31a6, 0x31a6, 0x3186, 0x6b0b, 0xc595, 0xfed9, 0xfef9, 0xfef9, 0xfef9, 0xfeda, 0xcd95, 0x6b0b, 0x31c6, 0x31a6, 0x3186, 
	0x3186, 0x4208, 0x4a49, 0x31a6, 0x29a5, 0x31a6, 0x31c8, 0x7cd3, 0xaefd, 0xaefd, 0xaedc, 0xaedd, 0xaedc, 0xaedc, 0xb6dd, 0xaebc, 
	0xaedc, 0xaedc, 0xaedc, 0xaedc, 0xaedc, 0xaedc, 0xaedc, 0xaedc, 0xaedc, 0xaedc, 0xaedc, 0xaedc, 0xaedc, 0xaedc, 0xaedc, 0xaedc, 
	0xaedc, 0xaedc, 0xaedc, 0xaedc, 0xaedc, 0xaedc, 0xaedc, 0xaedc, 0xaedc, 0xaedc, 0xaedc, 0xaedc, 0xaedc, 0xaedc, 0xaedc, 0xaedc, 
	0xaedc, 0xaedc, 0xaedc, 0xaedc, 0xaedc, 0xaedc, 0xaedc, 0xaedc, 0xaedc, 0xaedc, 0xaedc, 0xaedc, 0xaedc, 0xaedc, 0xaedc, 0xaedc, 
	0xaedc, 0xaedc, 0xaedc, 0xaedc, 0xaedc, 0xaedc, 0xaedc, 0xaedc, 0xaedc, 0xaedc, 0xaedc, 0xaedc, 0xaedc, 0xaedc, 0xaedc, 0xaedc, 
	0xaedc, 0xaedc, 0xaedc, 0xaedc, 0xaedc, 0xaedc, 0xaedc, 0xaedc, 0xaedc, 0xaedc, 0xaedc, 0xaedc, 0xaedc, 0xaedc, 0xaedc, 0xaedc, 
	0xaedc, 0xaedc, 0xaedc, 0xaedc, 0xaedc, 0xaedc, 0xaedc, 0xaedc, 0xaedc, 0xaedc, 0xaedc, 0xaedc, 0xaedc, 0xaedc, 0xaedc, 0xaedc, 
	0xaedc, 0xaedc, 0xaedc, 0xaedc, 0xaedc, 0xaedc, 0xaedc, 0xaedc, 0xaedc, 0xaedc, 0xaedc, 0xaedc, 0xaedc, 0xaedc, 0xaedc, 0xaedc, 
	0xaedc, 0xaedc, 0xaedc, 0xaedc, 0xaedc, 0xaedc, 0xaedc, 0xaedc, 0xaedc, 0xaedc, 0xaedc, 0xaedc, 0xaedc, 0xaedc, 0xaedc, 0xaedc, 
	0xaedc, 0xaedc, 0xaedc, 0xaedc, 0xaedc, 0xaedc, 0xaedc, 0xaedc, 0xaedc, 0xaedc, 0xaedc, 0xaedc, 0xaedc, 0xaedc, 0xaedc, 0xaedc, 
	0xaedc, 0xaedc, 0xaedc, 0xaedc, 0xaedc, 0xaedc, 0xaedc, 0xaedc, 0xaedd, 0xaedc, 0xaebc, 0xb6fd, 0xaefc, 0xaefc, 0xa639, 0x7452, 
	0x4208, 0x31a6, 0x2965, 0x3185, 0x4207, 0x9c50, 0xee98, 0xfef9, 0xff1a, 0xfef9, 0xfef9, 0xfed9, 0xfefa, 0xfefa, 0xfed9, 0xfef9, 
	0xfef9, 0xfef9, 0xfef9, 0xfef9, 0xfef9, 0xfef9, 0xfef9, 0xfef9, 0xff19, 0xf698, 0x83ce, 0x31a6, 0x3186, 0x3186, 0x52ca, 0xbd96, 
	0xde9a, 0xde9a, 0xd679, 0xde99, 0xdeba, 0xd679, 0xd699, 0xad54, 0x5269, 0x3186, 0x31a7, 0x39c7, 0x8bef, 0xf6b9, 0xfed9, 0xff1a, 
	0xf6fa, 0xb513, 0x5269, 0x3185, 0x31c7, 0x3186, 0x3185, 0x4a28, 0xac90, 0xeeb9, 0xfef9, 0xfef9, 0xfefa, 0xf6f9, 0xe678, 0x940f, 
	0x4a28, 0x3186, 0x3186, 0x31a6, 0x39a6, 0x6b0b, 0xc574, 0xfed9, 0xfef9, 0xfef9, 0xfed9, 0xfefa, 0xcdd5, 0x732c, 0x3186, 0x31a6, 
	0x3186, 0x2986, 0x39a7, 0x31a6, 0x31a6, 0x3186, 0x3187, 0x7c92, 0xaedc, 0xaedc, 0xaebc, 0xaedd, 0xaedc, 0xaedc, 0xb6fd, 0xb6dd, 
	0xaedc, 0xaedc, 0xaedc, 0xaedc, 0xaedc, 0xaedc, 0xaedc, 0xaedc, 0xaedc, 0xaedc, 0xaedc, 0xaedc, 0xaedc, 0xaedc, 0xaedc, 0xaedc, 
	0xaedc, 0xaedc, 0xaedc, 0xaedc, 0xaedc, 0xaedc, 0xaedc, 0xaedc, 0xaedc, 0xaedc, 0xaedc, 0xaedc, 0xaedc, 0xaedc, 0xaedc, 0xaedc, 
	0xaedc, 0xaedc, 0xaedc, 0xaedc, 0xaedc, 0xaedc, 0xaedc, 0xaedc, 0xaedc, 0xaedc, 0xaedc, 0xaedc, 0xaedc, 0xaedc, 0xaedc, 0xaedc, 
	0xaedc, 0xaedc, 0xaedc, 0xaedc, 0xaedc, 0xaedc, 0xaedc, 0xaedc, 0xaedc, 0xaedc, 0xaedc, 0xaedc, 0xaedc, 0xaedc, 0xaedc, 0xaedc, 
	0xaedc, 0xaedc, 0xaedc, 0xaedc, 0xaedc, 0xaedc, 0xaedc, 0xaedc, 0xaedc, 0xaedc, 0xaedc, 0xaedc, 0xaedc, 0xaedc, 0xaedc, 0xaedc, 
	0xaedc, 0xaedc, 0xaedc, 0xaedc, 0xaedc, 0xaedc, 0xaedc, 0xaedc, 0xaedc, 0xaedc, 0xaedc, 0xaedc, 0xaedc, 0xaedc, 0xaedc, 0xaedc, 
	0xaedc, 0xaedc, 0xaedc, 0xaedc, 0xaedc, 0xaedc, 0xaedc, 0xaedc, 0xaedc, 0xaedc, 0xaedc, 0xaedc, 0xaedc, 0xaedc, 0xaedc, 0xaedc, 
	0xaedc, 0xaedc, 0xaedc, 0xaedc, 0xaedc, 0xaedc, 0xaedc, 0xaedc, 0xaedc, 0xaedc, 0xaedc, 0xaedc, 0xaedc, 0xaedc, 0xaedc, 0xaedc, 
	0xaedc, 0xaedc, 0xaedc, 0xaedc, 0xaedc, 0xaedc, 0xaedc, 0xaedc, 0xaedc, 0xaedc, 0xaedc, 0xaedc, 0xaedc, 0xaedc, 0xaedc, 0xaedc, 
	0xaedc, 0xaedc, 0xaedc, 0xaedc, 0xaedc, 0xaedc, 0xaedc, 0xaedc, 0xb6fd, 0xaedc, 0xaebc, 0xaedd, 0xaedc, 0xaf1d, 0xb6fc, 0x9e3a, 
	0x6baf, 0x31c7, 0x31c6, 0x31a5, 0x31a6, 0x4a28, 0xacb1, 0xf6b9, 0xff1a, 0xfef9, 0xfefa, 0xfef9, 0xfef9, 0xff1a, 0xfef9, 0xfef9, 
	0xfef9, 0xfef9, 0xfef9, 0xfef9, 0xfef9, 0xfef9, 0xfef9, 0xfef9, 0xff19, 0xee58, 0x7b8d, 0x31a6, 0x3166, 0x31a7, 0x5b0c, 0xc5d6, 
	0xd679, 0xde99, 0xdeba, 0xde99, 0xde9a, 0xde99, 0xde9a, 0xa4f3, 0x4a28, 0x3186, 0x31a7, 0x39a6, 0x940f, 0xf6fa, 0xfed9, 0xff1a, 
	0xfefa, 0xf6d9, 0xacb2, 0x5249, 0x31a6, 0x3186, 0x2965, 0x31a6, 0x4a48, 0xa491, 0xf699, 0xfed9, 0xfef9, 0xff5b, 0xfef9, 0xee58, 
	0x9450, 0x49e7, 0x3186, 0x3186, 0x2965, 0x39a6, 0x6aeb, 0xc5b5, 0xfed9, 0xfefa, 0xff1a, 0xfef9, 0xfef9, 0xcdb5, 0x6b0b, 0x39c6, 
	0x3186, 0x31a6, 0x3166, 0x39a6, 0x31a6, 0x3166, 0x39c8, 0x6c31, 0xaebc, 0xb6dd, 0xb6dd, 0xb6dd, 0xaedc, 0xaedc, 0xaefd, 0xaedc, 
	0xaedc, 0xaedc, 0xaedc, 0xaedc, 0xaedc, 0xaedc, 0xaedc, 0xaedc, 0xaedc, 0xaedc, 0xaedc, 0xaedc, 0xaedc, 0xaedc, 0xaedc, 0xaedc, 
	0xaedc, 0xaedc, 0xaedc, 0xaedc, 0xaedc, 0xaedc, 0xaedc, 0xaedc, 0xaedc, 0xaedc, 0xaedc, 0xaedc, 0xaedc, 0xaedc, 0xaedc, 0xaedc, 
	0xaedc, 0xaedc, 0xaedc, 0xaedc, 0xaedc, 0xaedc, 0xaedc, 0xaedc, 0xaedc, 0xaedc, 0xaedc, 0xaedc, 0xaedc, 0xaedc, 0xaedc, 0xaedc, 
	0xaedc, 0xaedc, 0xaedc, 0xaedc, 0xaedc, 0xaedc, 0xaedc, 0xaedc, 0xaedc, 0xaedc, 0xaedc, 0xaedc, 0xaedc, 0xaedc, 0xaedc, 0xaedc, 
	0xaedc, 0xaedc, 0xaedc, 0xaedc, 0xaedc, 0xaedc, 0xaedc, 0xaedc, 0xaedc, 0xaedc, 0xaedc, 0xaedc, 0xaedc, 0xaedc, 0xaedc, 0xaedc, 
	0xaedc, 0xaedc, 0xaedc, 0xaedc, 0xaedc, 0xaedc, 0xaedc, 0xaedc, 0xaedc, 0xaedc, 0xaedc, 0xaedc, 0xaedc, 0xaedc, 0xaedc, 0xaedc, 
	0xaedc, 0xaedc, 0xaedc, 0xaedc, 0xaedc, 0xaedc, 0xaedc, 0xaedc, 0xaedc, 0xaedc, 0xaedc, 0xaedc, 0xaedc, 0xaedc, 0xaedc, 0xaedc, 
	0xaedc, 0xaedc, 0xaedc, 0xaedc, 0xaedc, 0xaedc, 0xaedc, 0xaedc, 0xaedc, 0xaedc, 0xaedc, 0xaedc, 0xaedc, 0xaedc, 0xaedc, 0xaedc, 
	0xaedc, 0xaedc, 0xaedc, 0xaedc, 0xaedc, 0xaedc, 0xaedc, 0xaedc, 0xaedc, 0xaedc, 0xaedc, 0xaedc, 0xaedc, 0xaedc, 0xaedc, 0xaedc, 
	0xaedc, 0xaedc, 0xaedc, 0xaedc, 0xaedc, 0xaedc, 0xaedc, 0xaedc, 0xaedc, 0xb6dd, 0xb6bc, 0xb6dd, 0xaedc, 0xa6dc, 0xaefd, 0xaedc, 
	0x9dd8, 0x5b6e, 0x31a6, 0x31a6, 0x3186, 0x3186, 0x5a69, 0xbd54, 0xfef9, 0xfefa, 0xfef9, 0xfef9, 0xfef9, 0xff19, 0xff1a, 0xfef9, 
	0xfef9, 0xfef9, 0xfef9, 0xfef9, 0xfef9, 0xfef9, 0xfef9, 0xfef9, 0xff1a, 0xee78, 0x7b8d, 0x3186, 0x3186, 0x31a6, 0x52cb, 0xc5b6, 
	0xdeda, 0xd659, 0xde9a, 0xde99, 0xde79, 0xde99, 0xe6db, 0xb555, 0x5a8a, 0x31a7, 0x3186, 0x3185, 0x62ea, 0xcdb5, 0xfefa, 0xfed9, 
	0xfed9, 0xfef9, 0xfefa, 0xb4f3, 0x5a89, 0x39a6, 0x31a7, 0x31a6, 0x2986, 0x4a28, 0xa471, 0xf6b8, 0xff19, 0xfed9, 0xfef9, 0xfefa, 
	0xe678, 0x9c50, 0x4a07, 0x2965, 0x39e7, 0x3186, 0x3186, 0x62eb, 0xcd74, 0xfefa, 0xfef9, 0xfef9, 0xff19, 0xfed9, 0xcdb5, 0x6b2b, 
	0x39c6, 0x3186, 0x3186, 0x31a6, 0x2966, 0x3186, 0x39c7, 0x6c31, 0xaebc, 0xaedc, 0xaedc, 0xb6dd, 0xb6dd, 0xaedc, 0xaedc, 0xaedc, 
	0xaedc, 0xaedc, 0xaedc, 0xaedc, 0xaedc, 0xaedc, 0xaedc, 0xaedc, 0xaedc, 0xaedc, 0xaedc, 0xaedc, 0xaedc, 0xaedc, 0xaedc, 0xaedc, 
	0xaedc, 0xaedc, 0xaedc, 0xaedc, 0xaedc, 0xaedc, 0xaedc, 0xaedc, 0xaedc, 0xaedc, 0xaedc, 0xaedc, 0xaedc, 0xaedc, 0xaedc, 0xaedc, 
	0xaedc, 0xaedc, 0xaedc, 0xaedc, 0xaedc, 0xaedc, 0xaedc, 0xaedc, 0xaedc, 0xaedc, 0xaedc, 0xaedc, 0xaedc, 0xaedc, 0xaedc, 0xaedc, 
	0xaedc, 0xaedc, 0xaedc, 0xaedc, 0xaedc, 0xaedc, 0xaedc, 0xaedc, 0xaedc, 0xaedc, 0xaedc, 0xaedc, 0xaedc, 0xaedc, 0xaedc, 0xaedc, 
	0xaedc, 0xaedc, 0xaedc, 0xaedc, 0xaedc, 0xaedc, 0xaedc, 0xaedc, 0xaedc, 0xaedc, 0xaedc, 0xaedc, 0xaedc, 0xaedc, 0xaedc, 0xaedc, 
	0xaedc, 0xaedc, 0xaedc, 0xaedc, 0xaedc, 0xaedc, 0xaedc, 0xaedc, 0xaedc, 0xaedc, 0xaedc, 0xaedc, 0xaedc, 0xaedc, 0xaedc, 0xaedc, 
	0xaedc, 0xaedc, 0xaedc, 0xaedc, 0xaedc, 0xaedc, 0xaedc, 0xaedc, 0xaedc, 0xaedc, 0xaedc, 0xaedc, 0xaedc, 0xaedc, 0xaedc, 0xaedc, 
	0xaedc, 0xaedc, 0xaedc, 0xaedc, 0xaedc, 0xaedc, 0xaedc, 0xaedc, 0xaedc, 0xaedc, 0xaedc, 0xaedc, 0xaedc, 0xaedc, 0xaedc, 0xaedc, 
	0xaedc, 0xaedc, 0xaedc, 0xaedc, 0xaedc, 0xaedc, 0xaedc, 0xaedc, 0xaedc, 0xaedc, 0xaedc, 0xaedc, 0xaedc, 0xaedc, 0xaedc, 0xaedc, 
	0xaedc, 0xaedc, 0xaedc, 0xaedc, 0xaedc, 0xaedc, 0xaedc, 0xaedc, 0xaedc, 0xb6fd, 0xb6dd, 0xb6dd, 0xb6dd, 0xaedc, 0xaedc, 0xaedc, 
	0xaefd, 0x95b7, 0x4aab, 0x31a6, 0x3186, 0x3186, 0x39c6, 0x630b, 0xd5d5, 0xf6d9, 0xfefa, 0xfef9, 0xff1a, 0xfef9, 0xfef9, 0xfefa, 
	0xfef9, 0xfef9, 0xfef9, 0xfef9, 0xfef9, 0xfef9, 0xfef9, 0xfef9, 0xfef9, 0xf6b9, 0x83ce, 0x3185, 0x39a7, 0x3186, 0x4a69, 0xbd96, 
	0xdeba, 0xd679, 0xde9a, 0xd679, 0xdeba, 0xd679, 0xbdd7, 0x8c51, 0x4a29, 0x3186, 0x31a6, 0x31a6, 0x39c6, 0x7b6c, 0xd5d6, 0xfef9, 
	0xfef9, 0xfed9, 0xfefa, 0xfefa, 0xbd34, 0x62aa, 0x39a6, 0x2986, 0x31a7, 0x31a6, 0x4a27, 0xa490, 0xee98, 0xfed9, 0xff1a, 0xfef9, 
	0xfef9, 0xee78, 0x9430, 0x4a28, 0x3186, 0x31a6, 0x31a6, 0x3186, 0x6aea, 0xc595, 0xfed9, 0xfef9, 0xfef9, 0xfef9, 0xfefa, 0xcd95, 
	0x6b4c, 0x31a6, 0x3186, 0x31a6, 0x29a6, 0x39a7, 0x3186, 0x7c92, 0xaedc, 0xaedc, 0xa6dc, 0xaedc, 0xb6dd, 0xaebc, 0xaedc, 0xb6fd, 
	0xaedc, 0xaedc, 0xaedc, 0xaedc, 0xaedc, 0xaedc, 0xaedc, 0xaedc, 0xaedc, 0xaedc, 0xaedc, 0xaedc, 0xaedc, 0xaedc, 0xaedc, 0xaedc, 
	0xaedc, 0xaedc, 0xaedc, 0xaedc, 0xaedc, 0xaedc, 0xaedc, 0xaedc, 0xaedc, 0xaedc, 0xaedc, 0xaedc, 0xaedc, 0xaedc, 0xaedc, 0xaedc, 
	0xaedc, 0xaedc, 0xaedc, 0xaedc, 0xaedc, 0xaedc, 0xaedc, 0xaedc, 0xaedc, 0xaedc, 0xaedc, 0xaedc, 0xaedc, 0xaedc, 0xaedc, 0xaedc, 
	0xaedc, 0xaedc, 0xaedc, 0xaedc, 0xaedc, 0xaedc, 0xaedc, 0xaedc, 0xaedc, 0xaedc, 0xaedc, 0xaedc, 0xaedc, 0xaedc, 0xaedc, 0xaedc, 
	0xaedc, 0xaedc, 0xaedc, 0xaedc, 0xaedc, 0xaedc, 0xaedc, 0xaedc, 0xaedc, 0xaedc, 0xaedc, 0xaedc, 0xaedc, 0xaedc, 0xaedc, 0xaedc, 
	0xaedc, 0xaedc, 0xaedc, 0xaedc, 0xaedc, 0xaedc, 0xaedc, 0xaedc, 0xaedc, 0xaedc, 0xaedc, 0xaedc, 0xaedc, 0xaedc, 0xaedc, 0xaedc, 
	0xaedc, 0xaedc, 0xaedc, 0xaedc, 0xaedc, 0xaedc, 0xaedc, 0xaedc, 0xaedc, 0xaedc, 0xaedc, 0xaedc, 0xaedc, 0xaedc, 0xaedc, 0xaedc, 
	0xaedc, 0xaedc, 0xaedc, 0xaedc, 0xaedc, 0xaedc, 0xaedc, 0xaedc, 0xaedc, 0xaedc, 0xaedc, 0xaedc, 0xaedc, 0xaedc, 0xaedc, 0xaedc, 
	0xaedc, 0xaedc, 0xaedc, 0xaedc, 0xaedc, 0xaedc, 0xaedc, 0xaedc, 0xaedc, 0xaedc, 0xaedc, 0xaedc, 0xaedc, 0xaedc, 0xaedc, 0xaedc, 
	0xaedc, 0xaedc, 0xaedc, 0xaedc, 0xaedc, 0xaedc, 0xaedc, 0xaedc, 0xaedc, 0xaedd, 0xaedc, 0xb6bc, 0xb6dd, 0xb6dd, 0xb6dc, 0xaedd, 
	0xa6fc, 0xaedc, 0x8d35, 0x426a, 0x39a7, 0x3165, 0x31c6, 0x29a6, 0x7b4c, 0xde37, 0xff1b, 0xfef9, 0xff1a, 0xfef9, 0xfef9, 0xff1a, 
	0xfef9, 0xfef9, 0xfef9, 0xfef9, 0xfef9, 0xfef9, 0xfef9, 0xfef9, 0xfef9, 0xfed9, 0x9c50, 0x31a5, 0x3186, 0x3186, 0x4208, 0xa4f3, 
	0xd659, 0xde9a, 0xdeba, 0xde9a, 0xde9a, 0xad34, 0x6b4d, 0x4208, 0x31a6, 0x2965, 0x31a6, 0x31a6, 0x2985, 0x39a6, 0x732c, 0xc5b5, 
	0xfed9, 0xff1a, 0xfed9, 0xfefa, 0xfefa, 0xb533, 0x62aa, 0x3986, 0x3186, 0x31a6, 0x31a5, 0x4a28, 0xa470, 0xf699, 0xfefa, 0xff19, 
	0xfef9, 0xfef9, 0xe678, 0x9c70, 0x41e7, 0x2965, 0x31a7, 0x31a7, 0x31a5, 0x6aeb, 0xcd95, 0xfed9, 0xfef9, 0xff1a, 0xfefa, 0xfefa, 
	0xc5b5, 0x734b, 0x39a6, 0x2965, 0x31c6, 0x3186, 0x31a7, 0x63ae, 0xa639, 0xb6fc, 0xb71d, 0xaedc, 0xaedc, 0xb6dc, 0xb6dd, 0xaedc, 
	0xaedc, 0xaedc, 0xaedc, 0xaedc, 0xaedc, 0xaedc, 0xaedc, 0xaedc, 0xaedc, 0xaedc, 0xaedc, 0xaedc, 0xaedc, 0xaedc, 0xaedc, 0xaedc, 
	0xaedc, 0xaedc, 0xaedc, 0xaedc, 0xaedc, 0xaedc, 0xaedc, 0xaedc, 0xaedc, 0xaedc, 0xaedc, 0xaedc, 0xaedc, 0xaedc, 0xaedc, 0xaedc, 
	0xaedc, 0xaedc, 0xaedc, 0xaedc, 0xaedc, 0xaedc, 0xaedc, 0xaedc, 0xaedc, 0xaedc, 0xaedc, 0xaedc, 0xaedc, 0xaedc, 0xaedc, 0xaedc, 
	0xaedc, 0xaedc, 0xaedc, 0xaedc, 0xaedc, 0xaedc, 0xaedc, 0xaedc, 0xaedc, 0xaedc, 0xaedc, 0xaedc, 0xaedc, 0xaedc, 0xaedc, 0xaedc, 
	0xaedc, 0xaedc, 0xaedc, 0xaedc, 0xaedc, 0xaedc, 0xaedc, 0xaedc, 0xaedc, 0xaedc, 0xaedc, 0xaedc, 0xaedc, 0xaedc, 0xaedc, 0xaedc, 
	0xaedc, 0xaedc, 0xaedc, 0xaedc, 0xaedc, 0xaedc, 0xaedc, 0xaedc, 0xaedc, 0xaedc, 0xaedc, 0xaedc, 0xaedc, 0xaedc, 0xaedc, 0xaedc, 
	0xaedc, 0xaedc, 0xaedc, 0xaedc, 0xaedc, 0xaedc, 0xaedc, 0xaedc, 0xaedc, 0xaedc, 0xaedc, 0xaedc, 0xaedc, 0xaedc, 0xaedc, 0xaedc, 
	0xaedc, 0xaedc, 0xaedc, 0xaedc, 0xaedc, 0xaedc, 0xaedc, 0xaedc, 0xaedc, 0xaedc, 0xaedc, 0xaedc, 0xaedc, 0xaedc, 0xaedc, 0xaedc, 
	0xaedc, 0xaedc, 0xaedc, 0xaedc, 0xaedc, 0xaedc, 0xaedc, 0xaedc, 0xaedc, 0xaedc, 0xaedc, 0xaedc, 0xaedc, 0xaedc, 0xaedc, 0xaedc, 
	0xaedc, 0xaedc, 0xaedc, 0xaedc, 0xaedc, 0xaedc, 0xaedc, 0xaedc, 0xaedd, 0xaedc, 0xaedc, 0xaedc, 0xaedc, 0xaedc, 0xaebc, 0xaedc, 
	0xaedc, 0xaefd, 0xae9b, 0x7493, 0x3a49, 0x31a6, 0x3185, 0x31a7, 0x39a6, 0x942f, 0xe657, 0xfef9, 0xfef9, 0xfef9, 0xfef9, 0xfef9, 
	0xfef9, 0xfef9, 0xfef9, 0xfef9, 0xfef9, 0xfef9, 0xfef9, 0xfef9, 0xfef9, 0xfed9, 0xb533, 0x4a27, 0x3186, 0x3186, 0x39c7, 0x7bae, 
	0xd658, 0xde9a, 0xd679, 0xde9a, 0xad55, 0x62eb, 0x31a6, 0x3186, 0x31c7, 0x3186, 0x3185, 0x3186, 0x39c7, 0x3186, 0x39a6, 0x6b2c, 
	0xd616, 0xf6b9, 0xff3a, 0xfed9, 0xfed9, 0xfefa, 0xbd34, 0x62aa, 0x39a6, 0x2965, 0x31a6, 0x39c7, 0x4a28, 0x9c70, 0xee98, 0xfef9, 
	0xfefa, 0xfefa, 0xfef9, 0xee78, 0x9c50, 0x4a07, 0x31a6, 0x2986, 0x31a6, 0x3186, 0x6b0b, 0xcdb5, 0xfefa, 0xfed9, 0xfef9, 0xfef9, 
	0xfef9, 0xcd95, 0x730b, 0x39c6, 0x29a6, 0x2945, 0x39a7, 0x3a28, 0x6c11, 0x9df8, 0xb6fc, 0xaedc, 0xaebc, 0xb6dd, 0xb6fd, 0xa6bc, 
	0xaedc, 0xaedc, 0xaedc, 0xaedc, 0xaedc, 0xaedc, 0xaedc, 0xaedc, 0xaedc, 0xaedc, 0xaedc, 0xaedc, 0xaedc, 0xaedc, 0xaedc, 0xaedc, 
	0xaedc, 0xaedc, 0xaedc, 0xaedc, 0xaedc, 0xaedc, 0xaedc, 0xaedc, 0xaedc, 0xaedc, 0xaedc, 0xaedc, 0xaedc, 0xaedc, 0xaedc, 0xaedc, 
	0xaedc, 0xaedc, 0xaedc, 0xaedc, 0xaedc, 0xaedc, 0xaedc, 0xaedc, 0xaedc, 0xaedc, 0xaedc, 0xaedc, 0xaedc, 0xaedc, 0xaedc, 0xaedc, 
	0xaedc, 0xaedc, 0xaedc, 0xaedc, 0xaedc, 0xaedc, 0xaedc, 0xaedc, 0xaedc, 0xaedc, 0xaedc, 0xaedc, 0xaedc, 0xaedc, 0xaedc, 0xaedc, 
	0xaedc, 0xaedc, 0xaedc, 0xaedc, 0xaedc, 0xaedc, 0xaedc, 0xaedc, 0xaedc, 0xaedc, 0xaedc, 0xaedc, 0xaedc, 0xaedc, 0xaedc, 0xaedc, 
	0xaedc, 0xaedc, 0xaedc, 0xaedc, 0xaedc, 0xaedc, 0xaedc, 0xaedc, 0xaedc, 0xaedc, 0xaedc, 0xaedc, 0xaedc, 0xaedc, 0xaedc, 0xaedc, 
	0xaedc, 0xaedc, 0xaedc, 0xaedc, 0xaedc, 0xaedc, 0xaedc, 0xaedc, 0xaedc, 0xaedc, 0xaedc, 0xaedc, 0xaedc, 0xaedc, 0xaedc, 0xaedc, 
	0xaedc, 0xaedc, 0xaedc, 0xaedc, 0xaedc, 0xaedc, 0xaedc, 0xaedc, 0xaedc, 0xaedc, 0xaedc, 0xaedc, 0xaedc, 0xaedc, 0xaedc, 0xaedc, 
	0xaedc, 0xaedc, 0xaedc, 0xaedc, 0xaedc, 0xaedc, 0xaedc, 0xaedc, 0xaedc, 0xaedc, 0xaedc, 0xaedc, 0xaedc, 0xaedc, 0xaedc, 0xaedc, 
	0xaedc, 0xaedc, 0xaedc, 0xaedc, 0xaedc, 0xaedc, 0xaedc, 0xaedc, 0xb6dd, 0xaebc, 0xaedc, 0xaedd, 0xaedd, 0xaedc, 0xaedc, 0xaefd, 
	0xb6dc, 0xaedd, 0xaefe, 0xae9b, 0x7410, 0x39e7, 0x3186, 0x3166, 0x31a6, 0x41e7, 0xa491, 0xf6b9, 0xfef9, 0xfef9, 0xfef9, 0xfef9, 
	0xfef9, 0xfef9, 0xfef9, 0xfef9, 0xfef9, 0xfef9, 0xfef9, 0xfef9, 0xff19, 0xfefa, 0xd616, 0x5aca, 0x3986, 0x3186, 0x31a6, 0x5269, 
	0xad34, 0xde79, 0xde9a, 0xce18, 0x738e, 0x31a6, 0x31a6, 0x3186, 0x2986, 0x31a6, 0x39a6, 0x3186, 0x3186, 0x31a7, 0x31a6, 0x39c6, 
	0x7b4c, 0xde16, 0xfef9, 0xfef9, 0xfef9, 0xfefa, 0xf6d9, 0xbd34, 0x52a9, 0x39c7, 0x3166, 0x3186, 0x2986, 0x4a48, 0xa470, 0xf698, 
	0xfefa, 0xfef9, 0xfefa, 0xfef9, 0xe678, 0x9c50, 0x41e7, 0x31a6, 0x31a7, 0x31a6, 0x31a5, 0x6aeb, 0xcd75, 0xfeda, 0xfef9, 0xff19, 
	0xfed9, 0xfefa, 0xc575, 0x5aaa, 0x31c6, 0x3986, 0x3966, 0x2986, 0x39e9, 0x7432, 0xa639, 0xaefc, 0xb6fd, 0xaebc, 0xaedc, 0xaefd, 
	0xaedc, 0xaedc, 0xaedc, 0xaedc, 0xaedc, 0xaedc, 0xaedc, 0xaedc, 0xaedc, 0xaedc, 0xaedc, 0xaedc, 0xaedc, 0xaedc, 0xaedc, 0xaedc, 
	0xaedc, 0xaedc, 0xaedc, 0xaedc, 0xaedc, 0xaedc, 0xaedc, 0xaedc, 0xaedc, 0xaedc, 0xaedc, 0xaedc, 0xaedc, 0xaedc, 0xaedc, 0xaedc, 
	0xaedc, 0xaedc, 0xaedc, 0xaedc, 0xaedc, 0xaedc, 0xaedc, 0xaedc, 0xaedc, 0xaedc, 0xaedc, 0xaedc, 0xaedc, 0xaedc, 0xaedc, 0xaedc, 
	0xaedc, 0xaedc, 0xaedc, 0xaedc, 0xaedc, 0xaedc, 0xaedc, 0xaedc, 0xaedc, 0xaedc, 0xaedc, 0xaedc, 0xaedc, 0xaedc, 0xaedc, 0xaedc, 
	0xaedc, 0xaedc, 0xaedc, 0xaedc, 0xaedc, 0xaedc, 0xaedc, 0xaedc, 0xaedc, 0xaedc, 0xaedc, 0xaedc, 0xaedc, 0xaedc, 0xaedc, 0xaedc, 
	0xaedc, 0xaedc, 0xaedc, 0xaedc, 0xaedc, 0xaedc, 0xaedc, 0xaedc, 0xaedc, 0xaedc, 0xaedc, 0xaedc, 0xaedc, 0xaedc, 0xaedc, 0xaedc, 
	0xaedc, 0xaedc, 0xaedc, 0xaedc, 0xaedc, 0xaedc, 0xaedc, 0xaedc, 0xaedc, 0xaedc, 0xaedc, 0xaedc, 0xaedc, 0xaedc, 0xaedc, 0xaedc, 
	0xaedc, 0xaedc, 0xaedc, 0xaedc, 0xaedc, 0xaedc, 0xaedc, 0xaedc, 0xaedc, 0xaedc, 0xaedc, 0xaedc, 0xaedc, 0xaedc, 0xaedc, 0xaedc, 
	0xaedc, 0xaedc, 0xaedc, 0xaedc, 0xaedc, 0xaedc, 0xaedc, 0xaedc, 0xaedc, 0xaedc, 0xaedc, 0xaedc, 0xaedc, 0xaedc, 0xaedc, 0xaedc, 
	0xaedc, 0xaedc, 0xaedc, 0xaedc, 0xaedc, 0xaedc, 0xaedc, 0xaedc, 0xaedc, 0xaedc, 0xaedc, 0xaedc, 0xaedc, 0xaedc, 0xaedc, 0xaedc, 
	0xaedc, 0xaedd, 0xb6fd, 0xaedd, 0x9df9, 0x63af, 0x29a7, 0x39a6, 0x3166, 0x31c6, 0x4a48, 0xb4f3, 0xfed9, 0xfef9, 0xff19, 0xfef9, 
	0xfef9, 0xfef9, 0xfef9, 0xfef9, 0xfef9, 0xfef9, 0xfef9, 0xfef9, 0xfefa, 0xff1a, 0xf698, 0x93ee, 0x3986, 0x31a7, 0x3186, 0x39c6, 
	0x736d, 0xce38, 0xd679, 0xad34, 0x4a49, 0x3186, 0x31a6, 0x3185, 0x41e7, 0x62cb, 0x732c, 0x5a69, 0x39a6, 0x3186, 0x2965, 0x31a6, 
	0x39c6, 0x7b6d, 0xde17, 0xfef9, 0xfef9, 0xff1a, 0xfed9, 0xfeda, 0xbd33, 0x5a89, 0x39a6, 0x2986, 0x2986, 0x31a6, 0x5228, 0x9c91, 
	0xf698, 0xff1a, 0xfef9, 0xfef9, 0xfefa, 0xee78, 0x940f, 0x4a07, 0x31a6, 0x2986, 0x31a6, 0x3186, 0x6b2b, 0xcdb5, 0xfed9, 0xfef9, 
	0xff19, 0xfef9, 0xfed9, 0xcd74, 0x6aea, 0x31a6, 0x31a6, 0x31a7, 0x3186, 0x3a28, 0x6c30, 0xa639, 0xaedd, 0xb6dd, 0xaedd, 0xaedc, 
	0xaedc, 0xaedc, 0xaedc, 0xaedc, 0xaedc, 0xaedd, 0xb6fd, 0xaebc, 0xaedc, 0xaedc, 0xaedc, 0xaedc, 0xaedc, 0xaedc, 0xaedc, 0xaedc, 
	0xaedc, 0xaedc, 0xaedc, 0xaedc, 0xaedc, 0xaedc, 0xaedc, 0xaedc, 0xaedc, 0xaedc, 0xaedc, 0xaedc, 0xaedc, 0xaedc, 0xaedc, 0xaedc, 
	0xaedc, 0xaedc, 0xaedc, 0xaedc, 0xaedc, 0xaedc, 0xaedc, 0xaedc, 0xaedc, 0xaedc, 0xaedc, 0xaedc, 0xaedc, 0xaedc, 0xaedc, 0xaedc, 
	0xaedc, 0xaedc, 0xaedc, 0xaedc, 0xaedc, 0xaedc, 0xaedc, 0xaedc, 0xaedc, 0xaedc, 0xaedc, 0xaedc, 0xaedc, 0xaedc, 0xaedc, 0xaedc, 
	0xaedc, 0xaedc, 0xaedc, 0xaedc, 0xaedc, 0xaedc, 0xaedc, 0xaedc, 0xaedc, 0xaedc, 0xaedc, 0xaedc, 0xaedc, 0xaedc, 0xaedc, 0xaedc, 
	0xaedc, 0xaedc, 0xaedc, 0xaedc, 0xaedc, 0xaedc, 0xaedc, 0xaedc, 0xaedc, 0xaedc, 0xaedc, 0xaedc, 0xaedc, 0xaedc, 0xaedc, 0xaedc, 
	0xaedc, 0xaedc, 0xaedc, 0xaedc, 0xaedc, 0xaedc, 0xaedc, 0xaedc, 0xaedc, 0xaedc, 0xaedc, 0xaedc, 0xaedc, 0xaedc, 0xaedc, 0xaedc, 
	0xaedc, 0xaedc, 0xaedc, 0xaedc, 0xaedc, 0xaedc, 0xaedc, 0xaedc, 0xaedc, 0xaedc, 0xaedc, 0xaedc, 0xaedc, 0xaedc, 0xaedc, 0xaedc, 
	0xaedc, 0xaedc, 0xaedc, 0xaedc, 0xaedc, 0xaedc, 0xaedc, 0xaedc, 0xaedc, 0xaedc, 0xaedc, 0xaedc, 0xaedc, 0xaedc, 0xaedc, 0xaedc, 
	0xaedc, 0xaedc, 0xaedc, 0xaedc, 0xaedc, 0xaedc, 0xaedc, 0xaedc, 0xaedc, 0xaedc, 0xaedc, 0xaedc, 0xaedc, 0xaedc, 0xaedc, 0xaedc, 
	0xaefc, 0xaedc, 0xaedd, 0xb6dd, 0xb6bc, 0x9596, 0x5b4d, 0x2986, 0x31a6, 0x2985, 0x39a6, 0x6aca, 0xcd95, 0xf6d9, 0xff1a, 0xfed9, 
	0xfef9, 0xfef9, 0xfef9, 0xfef9, 0xfef9, 0xfef9, 0xfef9, 0xfef9, 0xfefa, 0xff1a, 0xfed9, 0xc574, 0x5248, 0x3186, 0x3186, 0x31a6, 
	0x528a, 0xad34, 0xd658, 0x8c30, 0x39c7, 0x31a6, 0x2965, 0x39c6, 0x83cd, 0xd617, 0xee99, 0xc595, 0x6b2c, 0x3a07, 0x39c7, 0x3165, 
	0x31a6, 0x41e7, 0x7b6c, 0xde16, 0xfed9, 0xfefa, 0xff1a, 0xfed9, 0xeeb9, 0xb513, 0x62aa, 0x31a6, 0x31a6, 0x3186, 0x39a6, 0x4a28, 
	0xa470, 0xee98, 0xfefa, 0xfef9, 0xff1a, 0xfefa, 0xe698, 0x940f, 0x4207, 0x31a6, 0x31a6, 0x31a6, 0x39a6, 0x730b, 0xcd94, 0xfed9, 
	0xfef9, 0xfef9, 0xfed9, 0xf6d9, 0xcdb5, 0x6b0b, 0x3186, 0x31a6, 0x3186, 0x3186, 0x3a08, 0x7451, 0xa63a, 0xaebc, 0xaefd, 0xaedc, 
	0xaedd, 0xaedc, 0xaebc, 0xaedd, 0xaedc, 0xaedc, 0xb6fd, 0xaedd, 0xaedc, 0xaedc, 0xaedc, 0xaedc, 0xaedc, 0xaedc, 0xaedc, 0xaedc, 
	0xaedc, 0xaedc, 0xaedc, 0xaedc, 0xaedc, 0xaedc, 0xaedc, 0xaedc, 0xaedc, 0xaedc, 0xaedc, 0xaedc, 0xaedc, 0xaedc, 0xaedc, 0xaedc, 
	0xaedc, 0xaedc, 0xaedc, 0xaedc, 0xaedc, 0xaedc, 0xaedc, 0xaedc, 0xaedc, 0xaedc, 0xaedc, 0xaedc, 0xaedc, 0xaedc, 0xaedc, 0xaedc, 
	0xaedc, 0xaedc, 0xaedc, 0xaedc, 0xaedc, 0xaedc, 0xaedc, 0xaedc, 0xaedc, 0xaedc, 0xaedc, 0xaedc, 0xaedc, 0xaedc, 0xaedc, 0xaedc, 
	0xaedc, 0xaedc, 0xaedc, 0xaedc, 0xaedc, 0xaedc, 0xaedc, 0xaedc, 0xaedc, 0xaedc, 0xaedc, 0xaedc, 0xaedc, 0xaedc, 0xaedc, 0xaedc, 
	0xaedc, 0xaedc, 0xaedc, 0xaedc, 0xaedc, 0xaedc, 0xaedc, 0xaedc, 0xaedc, 0xaedc, 0xaedc, 0xaedc, 0xaedc, 0xaedc, 0xaedc, 0xaedc, 
	0xaedc, 0xaedc, 0xaedc, 0xaedc, 0xaedc, 0xaedc, 0xaedc, 0xaedc, 0xaedc, 0xaedc, 0xaedc, 0xaedc, 0xaedc, 0xaedc, 0xaedc, 0xaedc, 
	0xaedc, 0xaedc, 0xaedc, 0xaedc, 0xaedc, 0xaedc, 0xaedc, 0xaedc, 0xaedc, 0xaedc, 0xaedc, 0xaedc, 0xaedc, 0xaedc, 0xaedc, 0xaedc, 
	0xaedc, 0xaedc, 0xaedc, 0xaedc, 0xaedc, 0xaedc, 0xaedc, 0xaedc, 0xaedc, 0xaedc, 0xaedc, 0xaedc, 0xaedc, 0xaedc, 0xaedc, 0xaedc, 
	0xaedc, 0xaedc, 0xaedc, 0xaedc, 0xaedc, 0xaedc, 0xaedc, 0xaedc, 0xaedc, 0xaedc, 0xaedc, 0xaedc, 0xaedc, 0xaedc, 0xaedc, 0xaedc, 
	0xaedc, 0xaedc, 0xaedd, 0xaedd, 0xb6fd, 0xb6dc, 0x8d35, 0x42cb, 0x31a6, 0x31a6, 0x3186, 0x3165, 0x734c, 0xd5f6, 0xff1a, 0xfef9, 
	0xfef9, 0xfef9, 0xfef9, 0xfef9, 0xfef9, 0xfef9, 0xfef9, 0xfef9, 0xfefa, 0xfef9, 0xfefa, 0xcdb5, 0x4a48, 0x2986, 0x31a6, 0x3185, 
	0x4a49, 0xad34, 0xd658, 0x738d, 0x3186, 0x31c7, 0x3185, 0x5289, 0xcdb5, 0xff1a, 0xfef9, 0xfefa, 0xcdf6, 0x7bae, 0x3186, 0x39a7, 
	0x3186, 0x3186, 0x39e7, 0x7b6c, 0xde37, 0xfed9, 0xfed9, 0xff1a, 0xfefa, 0xf6da, 0xb513, 0x5aaa, 0x31a6, 0x3186, 0x3186, 0x31a6, 
	0x4a48, 0xa471, 0xf699, 0xfed9, 0xfef9, 0xff3a, 0xfefa, 0xee58, 0x940f, 0x4a07, 0x3186, 0x3186, 0x2965, 0x39a6, 0x732b, 0xcdb5, 
	0xfeda, 0xfefa, 0xff1a, 0xfef9, 0xfed9, 0xcd95, 0x6aeb, 0x31a6, 0x31a7, 0x3186, 0x3186, 0x3a08, 0x6c31, 0xa65a, 0xaebc, 0xaedc, 
	0xaebc, 0xb6dd, 0xb6dd, 0xb6dc, 0xaedc, 0xaedc, 0xaefd, 0xaedc, 0xaedc, 0xaedc, 0xaedc, 0xaedc, 0xaedc, 0xaedc, 0xaedc, 0xaedc, 
	0xaedc, 0xaedc, 0xaedc, 0xaedc, 0xaedc, 0xaedc, 0xaedc, 0xaedc, 0xaedc, 0xaedc, 0xaedc, 0xaedc, 0xaedc, 0xaedc, 0xaedc, 0xaedc, 
	0xaedc, 0xaedc, 0xaedc, 0xaedc, 0xaedc, 0xaedc, 0xaedc, 0xaedc, 0xaedc, 0xaedc, 0xaedc, 0xaedc, 0xaedc, 0xaedc, 0xaedc, 0xaedc, 
	0xaedc, 0xaedc, 0xaedc, 0xaedc, 0xaedc, 0xaedc, 0xaedc, 0xaedc, 0xaedc, 0xaedc, 0xaedc, 0xaedc, 0xaedc, 0xaedc, 0xaedc, 0xaedc, 
	0xaedc, 0xaedc, 0xaedc, 0xaedc, 0xaedc, 0xaedc, 0xaedc, 0xaedc, 0xaedc, 0xaedc, 0xaedc, 0xaedc, 0xaedc, 0xaedc, 0xaedc, 0xaedc, 
	0xaedc, 0xaedc, 0xaedc, 0xaedc, 0xaedc, 0xaedc, 0xaedc, 0xaedc, 0xaedc, 0xaedc, 0xaedc, 0xaedc, 0xaedc, 0xaedc, 0xaedc, 0xaedc, 
	0xaedc, 0xaedc, 0xaedc, 0xaedc, 0xaedc, 0xaedc, 0xaedc, 0xaedc, 0xaedc, 0xaedc, 0xaedc, 0xaedc, 0xaedc, 0xaedc, 0xaedc, 0xaedc, 
	0xaedc, 0xaedc, 0xaedc, 0xaedc, 0xaedc, 0xaedc, 0xaedc, 0xaedc, 0xaedc, 0xaedc, 0xaedc, 0xaedc, 0xaedc, 0xaedc, 0xaedc, 0xaedc, 
	0xaedc, 0xaedc, 0xaedc, 0xaedc, 0xaedc, 0xaedc, 0xaedc, 0xaedc, 0xaedc, 0xaedc, 0xaedc, 0xaedc, 0xaedc, 0xaedc, 0xaedc, 0xaedc, 
	0xaedc, 0xaedc, 0xaedc, 0xaedc, 0xaedc, 0xaedc, 0xaedc, 0xaedc, 0xaedc, 0xaedc, 0xaedc, 0xaedc, 0xaedc, 0xaedc, 0xaedc, 0xaedc, 
	0xaedc, 0xaedc, 0xaedd, 0xaedd, 0xaebc, 0xb6fd, 0xae7b, 0x84f5, 0x4249, 0x39a7, 0x3186, 0x2986, 0x39c6, 0x8bce, 0xe617, 0xff1a, 
	0xfef9, 0xfef9, 0xfef9, 0xfef9, 0xfef9, 0xfef9, 0xfef9, 0xfef9, 0xfefa, 0xfed9, 0xf6d9, 0x940f, 0x39a6, 0x3186, 0x31a6, 0x31a6, 
	0x736d, 0xc5f7, 0xce38, 0x736d, 0x31a6, 0x3186, 0x3186, 0x5aca, 0xd5b5, 0xfef9, 0xfef9, 0xfef9, 0xfed9, 0xde37, 0x83ae, 0x39a6, 
	0x3186, 0x31c7, 0x31a6, 0x39a6, 0x7b6d, 0xde17, 0xfef9, 0xfef9, 0xfef9, 0xfef9, 0xf6da, 0xb533, 0x5a89, 0x39a6, 0x31a6, 0x31a6, 
	0x3186, 0x4a28, 0xa491, 0xee98, 0xff19, 0xf6d8, 0xfef9, 0xff1a, 0xe658, 0x9c50, 0x41e7, 0x2966, 0x39e8, 0x2986, 0x39a6, 0x6b0b, 
	0xcd95, 0xfefa, 0xfef9, 0xfef9, 0xff19, 0xfed9, 0xc595, 0x6b0b, 0x3186, 0x39a6, 0x3986, 0x3165, 0x3a29, 0x6c31, 0xa63a, 0xb6fd, 
	0xaedc, 0xaedd, 0xaedc, 0xaedc, 0xb6dd, 0xaedc, 0xaedc, 0xaedc, 0xaedc, 0xaedc, 0xaedc, 0xaedc, 0xaedc, 0xaedc, 0xaedc, 0xaedc, 
	0xaedc, 0xaedc, 0xaedc, 0xaedc, 0xaedc, 0xaedc, 0xaedc, 0xaedc, 0xaedc, 0xaedc, 0xaedc, 0xaedc, 0xaedc, 0xaedc, 0xaedc, 0xaedc, 
	0xaedc, 0xaedc, 0xaedc, 0xaedc, 0xaedc, 0xaedc, 0xaedc, 0xaedc, 0xaedc, 0xaedc, 0xaedc, 0xaedc, 0xaedc, 0xaedc, 0xaedc, 0xaedc, 
	0xaedc, 0xaedc, 0xaedc, 0xaedc, 0xaedc, 0xaedc, 0xaedc, 0xaedc, 0xaedc, 0xaedc, 0xaedc, 0xaedc, 0xaedc, 0xaedc, 0xaedc, 0xaedc, 
	0xaedc, 0xaedc, 0xaedc, 0xaedc, 0xaedc, 0xaedc, 0xaedc, 0xaedc, 0xaedc, 0xaedc, 0xaedc, 0xaedc, 0xaedc, 0xaedc, 0xaedc, 0xaedc, 
	0xaedc, 0xaedc, 0xaedc, 0xaedc, 0xaedc, 0xaedc, 0xaedc, 0xaedc, 0xaedc, 0xaedc, 0xaedc, 0xaedc, 0xaedc, 0xaedc, 0xaedc, 0xaedc, 
	0xaedc, 0xaedc, 0xaedc, 0xaedc, 0xaedc, 0xaedc, 0xaedc, 0xaedc, 0xaedc, 0xaedc, 0xaedc, 0xaedc, 0xaedc, 0xaedc, 0xaedc, 0xaedc, 
	0xaedc, 0xaedc, 0xaedc, 0xaedc, 0xaedc, 0xaedc, 0xaedc, 0xaedc, 0xaedc, 0xaedc, 0xaedc, 0xaedc, 0xaedc, 0xaedc, 0xaedc, 0xaedc, 
	0xaedc, 0xaedc, 0xaedc, 0xaedc, 0xaedc, 0xaedc, 0xaedc, 0xaedc, 0xaedc, 0xaedc, 0xaedc, 0xaedc, 0xaedc, 0xaedc, 0xaedc, 0xaedc, 
	0xaedc, 0xaedc, 0xaedc, 0xaedc, 0xaedc, 0xaedc, 0xaedc, 0xaedc, 0xaedc, 0xaedc, 0xaedc, 0xaedc, 0xaedc, 0xaedc, 0xaedc, 0xaedc, 
	0xb6dc, 0xaedc, 0xaebc, 0xaefd, 0xaedd, 0xaedd, 0xb6fd, 0xa67b, 0x7431, 0x3a08, 0x3186, 0x29c6, 0x29a6, 0x41e7, 0xac91, 0xf6d9, 
	0xfef9, 0xfef9, 0xfef9, 0xfef9, 0xfef9, 0xfef9, 0xfef9, 0xfef9, 0xfef9, 0xfefa, 0xde37, 0x62a9, 0x3185, 0x31a7, 0x3186, 0x4a69, 
	0xad14, 0xd679, 0xce38, 0x840f, 0x39c7, 0x3186, 0x3186, 0x4208, 0xac91, 0xf6b9, 0xff1a, 0xfef9, 0xfef9, 0xfed9, 0xde16, 0x83cd, 
	0x39c6, 0x3186, 0x3186, 0x31a6, 0x31a6, 0x83ad, 0xde16, 0xfef9, 0xfed9, 0xfed9, 0xfefa, 0xf6d9, 0xb513, 0x5aaa, 0x31a6, 0x2986, 
	0x3187, 0x31a6, 0x4a27, 0xa491, 0xee98, 0xfefa, 0xff1a, 0xfed9, 0xfefa, 0xe657, 0x942f, 0x4207, 0x3186, 0x31a6, 0x31a6, 0x3186, 
	0x6b0b, 0xcdb5, 0xfed9, 0xff19, 0xfef9, 0xfef9, 0xfefa, 0xcd75, 0x630b, 0x39c6, 0x2985, 0x39c6, 0x3186, 0x3a09, 0x7432, 0xa65a, 
	0xaedc, 0xaedc, 0xa6dc, 0xaedc, 0xb6dd, 0xaebc, 0xaebc, 0xaefc, 0xaedc, 0xaedc, 0xaedc, 0xaedc, 0xaedc, 0xaedc, 0xaedc, 0xaedc, 
	0xaedc, 0xaedc, 0xaedc, 0xaedc, 0xaedc, 0xaedc, 0xaedc, 0xaedc, 0xaedc, 0xaedc, 0xaedc, 0xaedc, 0xaedc, 0xaedc, 0xaedc, 0xaedc, 
	0xaedc, 0xaedc, 0xaedc, 0xaedc, 0xaedc, 0xaedc, 0xaedc, 0xaedc, 0xaedc, 0xaedc, 0xaedc, 0xaedc, 0xaedc, 0xaedc, 0xaedc, 0xaedc, 
	0xaedc, 0xaedc, 0xaedc, 0xaedc, 0xaedc, 0xaedc, 0xaedc, 0xaedc, 0xaedc, 0xaedc, 0xaedc, 0xaedc, 0xaedc, 0xaedc, 0xaedc, 0xaedc, 
	0xaedc, 0xaedc, 0xaedc, 0xaedc, 0xaedc, 0xaedc, 0xaedc, 0xaedc, 0xaedc, 0xaedc, 0xaedc, 0xaedc, 0xaedc, 0xaedc, 0xaedc, 0xaedc, 
	0xaedc, 0xaedc, 0xaedc, 0xaedc, 0xaedc, 0xaedc, 0xaedc, 0xaedc, 0xaedc, 0xaedc, 0xaedc, 0xaedc, 0xaedc, 0xaedc, 0xaedc, 0xaedc, 
	0xaedc, 0xaedc, 0xaedc, 0xaedc, 0xaedc, 0xaedc, 0xaedc, 0xaedc, 0xaedc, 0xaedc, 0xaedc, 0xaedc, 0xaedc, 0xaedc, 0xaedc, 0xaedc, 
	0xaedc, 0xaedc, 0xaedc, 0xaedc, 0xaedc, 0xaedc, 0xaedc, 0xaedc, 0xaedc, 0xaedc, 0xaedc, 0xaedc, 0xaedc, 0xaedc, 0xaedc, 0xaedc, 
	0xaedc, 0xaedc, 0xaedc, 0xaedc, 0xaedc, 0xaedc, 0xaedc, 0xaedc, 0xaedc, 0xaedc, 0xaedc, 0xaedc, 0xaedc, 0xaedc, 0xaedc, 0xaedc, 
	0xaedc, 0xaedc, 0xaedc, 0xaedc, 0xaedc, 0xaedc, 0xaedc, 0xaedc, 0xaedc, 0xaedc, 0xaedc, 0xaedc, 0xaedc, 0xaedc, 0xaedc, 0xaedc, 
	0xb6fc, 0xaedc, 0xaebc, 0xaedd, 0xaefd, 0xaedd, 0xaefd, 0xaedd, 0xa639, 0x63af, 0x3a08, 0x2986, 0x29a6, 0x3185, 0x730b, 0xee78, 
	0xfef9, 0xfef9, 0xfef9, 0xfef9, 0xfef9, 0xfef9, 0xfef9, 0xfef9, 0xfed9, 0xff1a, 0xb513, 0x4a08, 0x31a6, 0x3186, 0x31a6, 0x7bae, 
	0xd659, 0xde99, 0xde79, 0xa4d3, 0x41e7, 0x3186, 0x31a6, 0x3186, 0x5a8a, 0xb513, 0xf6b9, 0xfed9, 0xff19, 0xfefa, 0xfef9, 0xddf6, 
	0x7bad, 0x41c6, 0x3165, 0x3186, 0x31a6, 0x31a6, 0x7b8d, 0xde17, 0xfed9, 0xff1a, 0xfed9, 0xfefa, 0xf6da, 0xb513, 0x62aa, 0x39a6, 
	0x3166, 0x31a7, 0x29a6, 0x4a28, 0xa470, 0xf6b9, 0xfefa, 0xfef9, 0xfef9, 0xfed9, 0xe678, 0x942f, 0x41c7, 0x3185, 0x31a6, 0x31a6, 
	0x31a6, 0x6b0b, 0xcd95, 0xfed9, 0xfef9, 0xff19, 0xfefa, 0xfeda, 0xcdb5, 0x6b0b, 0x31c6, 0x2985, 0x3186, 0x3166, 0x3a08, 0x6c10, 
	0x9e19, 0xaedc, 0xb71d, 0xaedc, 0xaedc, 0xb6dc, 0xb6dd, 0xaedc, 0xaedc, 0xaedc, 0xaedc, 0xaedc, 0xaedc, 0xaedc, 0xaedc, 0xaedc, 
	0xaedc, 0xaedc, 0xaedc, 0xaedc, 0xaedc, 0xaedc, 0xaedc, 0xaedc, 0xaedc, 0xaedc, 0xaedc, 0xaedc, 0xaedc, 0xaedc, 0xaedc, 0xaedc, 
	0xaedc, 0xaedc, 0xaedc, 0xaedc, 0xaedc, 0xaedc, 0xaedc, 0xaedc, 0xaedc, 0xaedc, 0xaedc, 0xaedc, 0xaedc, 0xaedc, 0xaedc, 0xaedc, 
	0xaedc, 0xaedc, 0xaedc, 0xaedc, 0xaedc, 0xaedc, 0xaedc, 0xaedc, 0xaedc, 0xaedc, 0xaedc, 0xaedc, 0xaedc, 0xaedc, 0xaedc, 0xaedc, 
	0xaedc, 0xaedc, 0xaedc, 0xaedc, 0xaedc, 0xaedc, 0xaedc, 0xaedc, 0xaedc, 0xaedc, 0xaedc, 0xaedc, 0xaedc, 0xaedc, 0xaedc, 0xaedc, 
	0xaedc, 0xaedc, 0xaedc, 0xaedc, 0xaedc, 0xaedc, 0xaedc, 0xaedc, 0xaedc, 0xaedc, 0xaedc, 0xaedc, 0xaedc, 0xaedc, 0xaedc, 0xaedc, 
	0xaedc, 0xaedc, 0xaedc, 0xaedc, 0xaedc, 0xaedc, 0xaedc, 0xaedc, 0xaedc, 0xaedc, 0xaedc, 0xaedc, 0xaedc, 0xaedc, 0xaedc, 0xaedc, 
	0xaedc, 0xaedc, 0xaedc, 0xaedc, 0xaedc, 0xaedc, 0xaedc, 0xaedc, 0xaedc, 0xaedc, 0xaedc, 0xaedc, 0xaedc, 0xaedc, 0xaedc, 0xaedc, 
	0xaedc, 0xaedc, 0xaedc, 0xaedc, 0xaedc, 0xaedc, 0xaedc, 0xaedc, 0xaedc, 0xaedc, 0xaedc, 0xaedc, 0xaedc, 0xaedc, 0xaedc, 0xaedc, 
	0xaedc, 0xaedc, 0xaedc, 0xaedc, 0xaedc, 0xaedc, 0xaedc, 0xaedc, 0xaedc, 0xaedc, 0xaedc, 0xaedc, 0xaedc, 0xaedc, 0xaedc, 0xaedc, 
	0xaefd, 0xaedc, 0xaedc, 0xaedc, 0xaedc, 0xaedc, 0xaedc, 0xaedd, 0xb6fd, 0x9dd8, 0x52cb, 0x3186, 0x3186, 0x31c6, 0x5a89, 0xe658, 
	0xfef9, 0xfef9, 0xfef9, 0xfef9, 0xfef9, 0xfef9, 0xfef9, 0xfef9, 0xfef9, 0xfefa, 0x942f, 0x39c7, 0x31a6, 0x3186, 0x39e7, 0xa4f3, 
	0xde9a, 0xd679, 0xde9a, 0xbdb6, 0x630c, 0x31a7, 0x3186, 0x3185, 0x3186, 0x5a89, 0xb513, 0xf6d9, 0xfefa, 0xfef9, 0xfef9, 0xfed9, 
	0xde37, 0x838d, 0x41c6, 0x31a6, 0x2986, 0x3186, 0x39c6, 0x7b8d, 0xde37, 0xf6b9, 0xff1a, 0xfed9, 0xfef9, 0xf6da, 0xb513, 0x5a89, 
	0x39c6, 0x2965, 0x31a6, 0x31a6, 0x4a28, 0xa471, 0xee99, 0xfef9, 0xfef9, 0xfefa, 0xfefa, 0xe658, 0x940f, 0x49e7, 0x31a6, 0x2966, 
	0x31a6, 0x3186, 0x730c, 0xcdb5, 0xfefa, 0xfed9, 0xfef9, 0xfed9, 0xfed9, 0xc574, 0x6b2b, 0x39c6, 0x3186, 0x3186, 0x3186, 0x39e8, 
	0x6c11, 0x9dd8, 0xb6fc, 0xaedc, 0xaebc, 0xb6dd, 0xb6fd, 0xaebc, 0xaedc, 0xaedc, 0xaedc, 0xaedc, 0xaedc, 0xaedc, 0xaedc, 0xaedc, 
	0xaedc, 0xaedc, 0xaedc, 0xaedc, 0xaedc, 0xaedc, 0xaedc, 0xaedc, 0xaedc, 0xaedc, 0xaedc, 0xaedc, 0xaedc, 0xaedc, 0xaedc, 0xaedc, 
	0xaedc, 0xaedc, 0xaedc, 0xaedc, 0xaedc, 0xaedc, 0xaedc, 0xaedc, 0xaedc, 0xaedc, 0xaedc, 0xaedc, 0xaedc, 0xaedc, 0xaedc, 0xaedc, 
	0xaedc, 0xaedc, 0xaedc, 0xaedc, 0xaedc, 0xaedc, 0xaedc, 0xaedc, 0xaedc, 0xaedc, 0xaedc, 0xaedc, 0xaedc, 0xaedc, 0xaedc, 0xaedc, 
	0xaedc, 0xaedc, 0xaedc, 0xaedc, 0xaedc, 0xaedc, 0xaedc, 0xaedc, 0xaedc, 0xaedc, 0xaedc, 0xaedc, 0xaedc, 0xaedc, 0xaedc, 0xaedc, 
	0xaedc, 0xaedc, 0xaedc, 0xaedc, 0xaedc, 0xaedc, 0xaedc, 0xaedc, 0xaedc, 0xaedc, 0xaedc, 0xaedc, 0xaedc, 0xaedc, 0xaedc, 0xaedc, 
	0xaedc, 0xaedc, 0xaedc, 0xaedc, 0xaedc, 0xaedc, 0xaedc, 0xaedc, 0xaedc, 0xaedc, 0xaedc, 0xaedc, 0xaedc, 0xaedc, 0xaedc, 0xaedc, 
	0xaedc, 0xaedc, 0xaedc, 0xaedc, 0xaedc, 0xaedc, 0xaedc, 0xaedc, 0xaedc, 0xaedc, 0xaedc, 0xaedc, 0xaedc, 0xaedc, 0xaedc, 0xaedc, 
	0xaedc, 0xaedc, 0xaedc, 0xaedc, 0xaedc, 0xaedc, 0xaedc, 0xaedc, 0xaedc, 0xaedc, 0xaedc, 0xaedc, 0xaedc, 0xaedc, 0xaedc, 0xaedc, 
	0xaedc, 0xaedc, 0xaedc, 0xaedc, 0xaedc, 0xaedc, 0xaedc, 0xaedc, 0xaedc, 0xaedc, 0xaedc, 0xaedc, 0xaedc, 0xaedc, 0xaedc, 0xaedc, 
	0xaefd, 0xaebc, 0xb6fd, 0xb6dd, 0xaedc, 0xaefd, 0xaedc, 0xaedc, 0xa6dd, 0xae9b, 0x5b4d, 0x3166, 0x39a7, 0x2965, 0x5aca, 0xee78, 
	0xfef9, 0xfef9, 0xfef9, 0xfef9, 0xfef9, 0xfef9, 0xfef9, 0xfef9, 0xfef9, 0xf6b9, 0x8bee, 0x3186, 0x31a6, 0x31a6, 0x4a49, 0xb596, 
	0xde9a, 0xde9a, 0xde79, 0xde99, 0x9cf3, 0x4a49, 0x31a6, 0x3186, 0x3186, 0x3185, 0x5289, 0xb512, 0xf699, 0xfefa, 0xfefa, 0xfef9, 
	0xfefa, 0xde37, 0x7bad, 0x39c6, 0x31a6, 0x3166, 0x31a6, 0x39c6, 0x836c, 0xde37, 0xfed9, 0xfed9, 0xfef9, 0xfefa, 0xf6b9, 0xbd33, 
	0x52aa, 0x39c6, 0x3166, 0x3186, 0x31a6, 0x4a28, 0xa470, 0xf698, 0xfed9, 0xfef9, 0xfef9, 0xfefa, 0xe678, 0x940f, 0x41e7, 0x31a7, 
	0x31a7, 0x31a6, 0x31c6, 0x6b0b, 0xcd95, 0xfefa, 0xfef9, 0xfef9, 0xfef9, 0xfed9, 0xc5b6, 0x62ec, 0x31a6, 0x39c6, 0x3165, 0x3986, 
	0x39e9, 0x7432, 0xa639, 0xaefc, 0xb6fd, 0xaebc, 0xaedc, 0xaefd, 0xaedc, 0xaedc, 0xaedc, 0xaedc, 0xaedc, 0xaedc, 0xaedc, 0xaedc, 
	0xaedc, 0xaedc, 0xaedc, 0xaedc, 0xaedc, 0xaedc, 0xaedc, 0xaedc, 0xaedc, 0xaedc, 0xaedc, 0xaedc, 0xaedc, 0xaedc, 0xaedc, 0xaedc, 
	0xaedc, 0xaedc, 0xaedc, 0xaedc, 0xaedc, 0xaedc, 0xaedc, 0xaedc, 0xaedc, 0xaedc, 0xaedc, 0xaedc, 0xaedc, 0xaedc, 0xaedc, 0xaedc, 
	0xaedc, 0xaedc, 0xaedc, 0xaedc, 0xaedc, 0xaedc, 0xaedc, 0xaedc, 0xaedc, 0xaedc, 0xaedc, 0xaedc, 0xaedc, 0xaedc, 0xaedc, 0xaedc, 
	0xaedc, 0xaedc, 0xaedc, 0xaedc, 0xaedc, 0xaedc, 0xaedc, 0xaedc, 0xaedc, 0xaedc, 0xaedc, 0xaedc, 0xaedc, 0xaedc, 0xaedc, 0xaedc, 
	0xaedc, 0xaedc, 0xaedc, 0xaedc, 0xaedc, 0xaedc, 0xaedc, 0xaedc, 0xaedc, 0xaedc, 0xaedc, 0xaedc, 0xaedc, 0xaedc, 0xaedc, 0xaedc, 
	0xaedc, 0xaedc, 0xaedc, 0xaedc, 0xaedc, 0xaedc, 0xaedc, 0xaedc, 0xaedc, 0xaedc, 0xaedc, 0xaedc, 0xaedc, 0xaedc, 0xaedc, 0xaedc, 
	0xaedc, 0xaedc, 0xaedc, 0xaedc, 0xaedc, 0xaedc, 0xaedc, 0xaedc, 0xaedc, 0xaedc, 0xaedc, 0xaedc, 0xaedc, 0xaedc, 0xaedc, 0xaedc, 
	0xaedc, 0xaedc, 0xaedc, 0xaedc, 0xaedc, 0xaedc, 0xaedc, 0xaedc, 0xaedc, 0xaedc, 0xaedc, 0xaedc, 0xaedc, 0xaedc, 0xaedc, 0xaedc, 
	0xaedc, 0xaedc, 0xaedc, 0xaedc, 0xaedc, 0xaedc, 0xaedc, 0xaedc, 0xaedc, 0xaedc, 0xaedc, 0xaedc, 0xaedc, 0xaedc, 0xaedc, 0xaedc, 
	0xaedc, 0xaedc, 0xaedc, 0xaedc, 0xaedc, 0xaedc, 0xaedc, 0xaedc, 0xaedd, 0xae9b, 0x5b4e, 0x3186, 0x3186, 0x3166, 0x5aca, 0xe657, 
	0xfefa, 0xfefa, 0xfef9, 0xfef9, 0xfef9, 0xfef9, 0xfef9, 0xfef9, 0xfef9, 0xee78, 0x83ad, 0x2985, 0x3186, 0x31a6, 0x5acb, 0xc5b6, 
	0xde99, 0xde99, 0xde9a, 0xd679, 0xd659, 0x9491, 0x4a49, 0x31a6, 0x31a6, 0x31a6, 0x31a6, 0x5a89, 0xb513, 0xf6da, 0xfed9, 0xfef9, 
	0xfef9, 0xfed9, 0xde37, 0x838d, 0x39a6, 0x31a6, 0x31a6, 0x29a6, 0x39c7, 0x7b8d, 0xd616, 0xfef9, 0xff19, 0xfef9, 0xfed9, 0xfeda, 
	0xbd54, 0x5a89, 0x39a6, 0x3186, 0x31a6, 0x31a6, 0x4a28, 0xa491, 0xf678, 0xff1a, 0xfed9, 0xff19, 0xfefa, 0xee58, 0x940f, 0x4a07, 
	0x3185, 0x31a6, 0x2986, 0x39c7, 0x732c, 0xde17, 0xff1a, 0xfed8, 0xfed9, 0xfef9, 0xfefa, 0xc595, 0x62ca, 0x3165, 0x31a6, 0x2986, 
	0x3186, 0x3a28, 0x6c31, 0x9e39, 0xaedc, 0xb6fc, 0xaedc, 0xaedb, 0xb6dc, 0xaedc, 0xaedc, 0xaedc, 0xaefd, 0xaedc, 0xb6fd, 0xaebc, 
	0xaedc, 0xaedc, 0xaedc, 0xaedc, 0xaedc, 0xaedc, 0xaedc, 0xaedc, 0xaedc, 0xaedc, 0xaedc, 0xaedc, 0xaedc, 0xaedc, 0xaedc, 0xaedc, 
	0xaedc, 0xaedc, 0xaedc, 0xaedc, 0xaedc, 0xaedc, 0xaedc, 0xaedc, 0xaedc, 0xaedc, 0xaedc, 0xaedc, 0xaedc, 0xaedc, 0xaedc, 0xaedc, 
	0xaedc, 0xaedc, 0xaedc, 0xaedc, 0xaedc, 0xaedc, 0xaedc, 0xaedc, 0xaedc, 0xaedc, 0xaedc, 0xaedc, 0xaedc, 0xaedc, 0xaedc, 0xaedc, 
	0xaedc, 0xaedc, 0xaedc, 0xaedc, 0xaedc, 0xaedc, 0xaedc, 0xaedc, 0xaedc, 0xaedc, 0xaedc, 0xaedc, 0xaedc, 0xaedc, 0xaedc, 0xaedc, 
	0xaedc, 0xaedc, 0xaedc, 0xaedc, 0xaedc, 0xaedc, 0xaedc, 0xaedc, 0xaedc, 0xaedc, 0xaedc, 0xaedc, 0xaedc, 0xaedc, 0xaedc, 0xaedc, 
	0xaedc, 0xaedc, 0xaedc, 0xaedc, 0xaedc, 0xaedc, 0xaedc, 0xaedc, 0xaedc, 0xaedc, 0xaedc, 0xaedc, 0xaedc, 0xaedc, 0xaedc, 0xaedc, 
	0xaedc, 0xaedc, 0xaedc, 0xaedc, 0xaedc, 0xaedc, 0xaedc, 0xaedc, 0xaedc, 0xaedc, 0xaedc, 0xaedc, 0xaedc, 0xaedc, 0xaedc, 0xaedc, 
	0xaedc, 0xaedc, 0xaedc, 0xaedc, 0xaedc, 0xaedc, 0xaedc, 0xaedc, 0xaedc, 0xaedc, 0xaedc, 0xaedc, 0xaedc, 0xaedc, 0xaedc, 0xaedc, 
	0xaedc, 0xaedc, 0xaedc, 0xaedc, 0xaedc, 0xaedc, 0xaedc, 0xaedc, 0xaedc, 0xaedc, 0xaedc, 0xaedc, 0xaedc, 0xaedc, 0xaedc, 0xaedc, 
	0xaedc, 0xaedc, 0xaedc, 0xaedc, 0xaedc, 0xaedc, 0xaedc, 0xaedc, 0xaedd, 0xae9b, 0x5b4e, 0x3186, 0x3186, 0x3166, 0x5aca, 0xe657, 
	0xfefa, 0xfefa, 0xfef9, 0xfef9, 0xfef9, 0xfef9, 0xfef9, 0xfef9, 0xff19, 0xee57, 0x7b8d, 0x31a6, 0x3186, 0x3186, 0x5aca, 0xc5d7, 
	0xde99, 0xde99, 0xde9a, 0xde99, 0xdeba, 0xce38, 0x9471, 0x4a48, 0x31a6, 0x3186, 0x3186, 0x39a6, 0x5a69, 0xacd2, 0xfefa, 0xfef9, 
	0xfef9, 0xfef9, 0xfefa, 0xde37, 0x83ae, 0x39c6, 0x3186, 0x31a6, 0x31a6, 0x41e7, 0x7b6c, 0xde16, 0xfed9, 0xfefa, 0xff1a, 0xfed9, 
	0xf6b9, 0xbd54, 0x62aa, 0x31a6, 0x31a6, 0x2965, 0x39c6, 0x4a07, 0xa490, 0xee98, 0xfed9, 0xff1a, 0xfef9, 0xfefa, 0xe699, 0x940f, 
	0x4207, 0x2965, 0x31a7, 0x3186, 0x41e7, 0xb4f2, 0xfed9, 0xff1a, 0xff1a, 0xfef9, 0xfef9, 0xf6d9, 0xbd33, 0x62ca, 0x39a6, 0x3186, 
	0x3166, 0x3186, 0x3208, 0x7431, 0xa63a, 0xaebc, 0xaefd, 0xaedc, 0xaedd, 0xaedc, 0xb6fd, 0xaedc, 0xaedd, 0xaedc, 0xb6fd, 0xaebd, 
	0xaedc, 0xaedc, 0xaedc, 0xaedc, 0xaedc, 0xaedc, 0xaedc, 0xaedc, 0xaedc, 0xaedc, 0xaedc, 0xaedc, 0xaedc, 0xaedc, 0xaedc, 0xaedc, 
	0xaedc, 0xaedc, 0xaedc, 0xaedc, 0xaedc, 0xaedc, 0xaedc, 0xaedc, 0xaedc, 0xaedc, 0xaedc, 0xaedc, 0xaedc, 0xaedc, 0xaedc, 0xaedc, 
	0xaedc, 0xaedc, 0xaedc, 0xaedc, 0xaedc, 0xaedc, 0xaedc, 0xaedc, 0xaedc, 0xaedc, 0xaedc, 0xaedc, 0xaedc, 0xaedc, 0xaedc, 0xaedc, 
	0xaedc, 0xaedc, 0xaedc, 0xaedc, 0xaedc, 0xaedc, 0xaedc, 0xaedc, 0xaedc, 0xaedc, 0xaedc, 0xaedc, 0xaedc, 0xaedc, 0xaedc, 0xaedc, 
	0xaedc, 0xaedc, 0xaedc, 0xaedc, 0xaedc, 0xaedc, 0xaedc, 0xaedc, 0xaedc, 0xaedc, 0xaedc, 0xaedc, 0xaedc, 0xaedc, 0xaedc, 0xaedc, 
	0xaedc, 0xaedc, 0xaedc, 0xaedc, 0xaedc, 0xaedc, 0xaedc, 0xaedc, 0xaedc, 0xaedc, 0xaedc, 0xaedc, 0xaedc, 0xaedc, 0xaedc, 0xaedc, 
	0xaedc, 0xaedc, 0xaedc, 0xaedc, 0xaedc, 0xaedc, 0xaedc, 0xaedc, 0xaedc, 0xaedc, 0xaedc, 0xaedc, 0xaedc, 0xaedc, 0xaedc, 0xaedc, 
	0xaedc, 0xaedc, 0xaedc, 0xaedc, 0xaedc, 0xaedc, 0xaedc, 0xaedc, 0xaedc, 0xaedc, 0xaedc, 0xaedc, 0xaedc, 0xaedc, 0xaedc, 0xaedc, 
	0xaedc, 0xaedc, 0xaedc, 0xaedc, 0xaedc, 0xaedc, 0xaedc, 0xaedc, 0xaedc, 0xaedc, 0xaedc, 0xaedc, 0xaedc, 0xaedc, 0xaedc, 0xaedc, 
	0xaedc, 0xaedc, 0xaedc, 0xaedc, 0xaedc, 0xaedc, 0xaedc, 0xaedc, 0xaedd, 0xae9b, 0x5b4e, 0x3186, 0x3186, 0x3166, 0x5aca, 0xe657, 
	0xfefa, 0xfefa, 0xfef9, 0xfef9, 0xfef9, 0xfef9, 0xfef9, 0xfef9, 0xfef9, 0xf6b9, 0x83ad, 0x31a6, 0x3186, 0x3186, 0x5289, 0xc5d6, 
	0xdeba, 0xde99, 0xd679, 0xde79, 0xde99, 0xdeba, 0xce58, 0x9c92, 0x4a49, 0x3186, 0x31a7, 0x3186, 0x3185, 0x62aa, 0xacd2, 0xf6d9, 
	0xfef9, 0xfef9, 0xfef9, 0xfefa, 0xde16, 0x838d, 0x39c6, 0x31a6, 0x2966, 0x31a6, 0x39c6, 0x7b6c, 0xde37, 0xf6d9, 0xff1a, 0xff1a, 
	0xfefa, 0xf6d9, 0xbd54, 0x5a8a, 0x31a6, 0x31a6, 0x2965, 0x31a6, 0x5248, 0x9c50, 0xf6b9, 0xfef9, 0xfed9, 0xff3a, 0xfefa, 0xe637, 
	0x8c0f, 0x4a08, 0x3186, 0x2965, 0x4a07, 0xbd33, 0xfed9, 0xfefa, 0xfefa, 0xfefa, 0xfef9, 0xff3a, 0xfefa, 0xbd54, 0x6b2c, 0x3986, 
	0x31a7, 0x3185, 0x3185, 0x3a08, 0x6c32, 0xa65b, 0xaebc, 0xaedc, 0xaedd, 0xaedc, 0xb6fd, 0xaedc, 0xaedc, 0xaedc, 0xaedc, 0xaedc, 
	0xaedc, 0xaedc, 0xaedc, 0xaedc, 0xaedc, 0xaedc, 0xaedc, 0xaedc, 0xaedc, 0xaedc, 0xaedc, 0xaedc, 0xaedc, 0xaedc, 0xaedc, 0xaedc, 
	0xaedc, 0xaedc, 0xaedc, 0xaedc, 0xaedc, 0xaedc, 0xaedc, 0xaedc, 0xaedc, 0xaedc, 0xaedc, 0xaedc, 0xaedc, 0xaedc, 0xaedc, 0xaedc, 
	0xaedc, 0xaedc, 0xaedc, 0xaedc, 0xaedc, 0xaedc, 0xaedc, 0xaedc, 0xaedc, 0xaedc, 0xaedc, 0xaedc, 0xaedc, 0xaedc, 0xaedc, 0xaedc, 
	0xaedc, 0xaedc, 0xaedc, 0xaedc, 0xaedc, 0xaedc, 0xaedc, 0xaedc, 0xaedc, 0xaedc, 0xaedc, 0xaedc, 0xaedc, 0xaedc, 0xaedc, 0xaedc, 
	0xaedc, 0xaedc, 0xaedc, 0xaedc, 0xaedc, 0xaedc, 0xaedc, 0xaedc, 0xaedc, 0xaedc, 0xaedc, 0xaedc, 0xaedc, 0xaedc, 0xaedc, 0xaedc, 
	0xaedc, 0xaedc, 0xaedc, 0xaedc, 0xaedc, 0xaedc, 0xaedc, 0xaedc, 0xaedc, 0xaedc, 0xaedc, 0xaedc, 0xaedc, 0xaedc, 0xaedc, 0xaedc, 
	0xaedc, 0xaedc, 0xaedc, 0xaedc, 0xaedc, 0xaedc, 0xaedc, 0xaedc, 0xaedc, 0xaedc, 0xaedc, 0xaedc, 0xaedc, 0xaedc, 0xaedc, 0xaedc, 
	0xaedc, 0xaedc, 0xaedc, 0xaedc, 0xaedc, 0xaedc, 0xaedc, 0xaedc, 0xaedc, 0xaedc, 0xaedc, 0xaedc, 0xaedc, 0xaedc, 0xaedc, 0xaedc, 
	0xaedc, 0xaedc, 0xaedc, 0xaedc, 0xaedc, 0xaedc, 0xaedc, 0xaedc, 0xaedc, 0xaedc, 0xaedc, 0xaedc, 0xaedc, 0xaedc, 0xaedc, 0xaedc, 
	0xaedc, 0xaedc, 0xaedc, 0xaedc, 0xaedc, 0xaedc, 0xaedc, 0xaedc, 0xaedd, 0xae9b, 0x5b4e, 0x3186, 0x3186, 0x3166, 0x5aca, 0xe657, 
	0xfefa, 0xfefa, 0xfef9, 0xfef9, 0xfef9, 0xfef9, 0xfef9, 0xfef9, 0xfed9, 0xfeda, 0x940f, 0x3185, 0x3186, 0x31a6, 0x4228, 0xb555, 
	0xde99, 0xde99, 0xde99, 0xde9a, 0xde79, 0xd659, 0xde9a, 0xd659, 0x9c92, 0x4a49, 0x3186, 0x31a6, 0x31a6, 0x3185, 0x5a69, 0xad13, 
	0xf6d9, 0xfef9, 0xfef9, 0xfef9, 0xfef9, 0xde16, 0x8bce, 0x39a6, 0x3186, 0x31a6, 0x31a6, 0x39a6, 0x7b6d, 0xde37, 0xfed9, 0xfef9, 
	0xfef9, 0xfef9, 0xf6d9, 0xbd34, 0x5aaa, 0x3186, 0x31a7, 0x31a6, 0x3186, 0x4a07, 0xa491, 0xf6b8, 0xff19, 0xfed9, 0xfef9, 0xff1a, 
	0xe678, 0x9c30, 0x5aa9, 0x5269, 0x83ce, 0xde37, 0xfefa, 0xfefa, 0xfed9, 0xff1a, 0xfef9, 0xfed8, 0xfef9, 0xff1a, 0xc575, 0x6b0b, 
	0x3186, 0x39a6, 0x3985, 0x2965, 0x3a29, 0x6c32, 0xa63a, 0xaedd, 0xaedd, 0xaebc, 0xaedd, 0xaedd, 0xb6dd, 0xaedc, 0xaedc, 0xaedc, 
	0xaedc, 0xaedc, 0xaedc, 0xaedc, 0xaedc, 0xaedc, 0xaedc, 0xaedc, 0xaedc, 0xaedc, 0xaedc, 0xaedc, 0xaedc, 0xaedc, 0xaedc, 0xaedc, 
	0xaedc, 0xaedc, 0xaedc, 0xaedc, 0xaedc, 0xaedc, 0xaedc, 0xaedc, 0xaedc, 0xaedc, 0xaedc, 0xaedc, 0xaedc, 0xaedc, 0xaedc, 0xaedc, 
	0xaedc, 0xaedc, 0xaedc, 0xaedc, 0xaedc, 0xaedc, 0xaedc, 0xaedc, 0xaedc, 0xaedc, 0xaedc, 0xaedc, 0xaedc, 0xaedc, 0xaedc, 0xaedc, 
	0xaedc, 0xaedc, 0xaedc, 0xaedc, 0xaedc, 0xaedc, 0xaedc, 0xaedc, 0xaedc, 0xaedc, 0xaedc, 0xaedc, 0xaedc, 0xaedc, 0xaedc, 0xaedc, 
	0xaedc, 0xaedc, 0xaedc, 0xaedc, 0xaedc, 0xaedc, 0xaedc, 0xaedc, 0xaedc, 0xaedc, 0xaedc, 0xaedc, 0xaedc, 0xaedc, 0xaedc, 0xaedc, 
	0xaedc, 0xaedc, 0xaedc, 0xaedc, 0xaedc, 0xaedc, 0xaedc, 0xaedc, 0xaedc, 0xaedc, 0xaedc, 0xaedc, 0xaedc, 0xaedc, 0xaedc, 0xaedc, 
	0xaedc, 0xaedc, 0xaedc, 0xaedc, 0xaedc, 0xaedc, 0xaedc, 0xaedc, 0xaedc, 0xaedc, 0xaedc, 0xaedc, 0xaedc, 0xaedc, 0xaedc, 0xaedc, 
	0xaedc, 0xaedc, 0xaedc, 0xaedc, 0xaedc, 0xaedc, 0xaedc, 0xaedc, 0xaedc, 0xaedc, 0xaedc, 0xaedc, 0xaedc, 0xaedc, 0xaedc, 0xaedc, 
	0xaedc, 0xaedc, 0xaedc, 0xaedc, 0xaedc, 0xaedc, 0xaedc, 0xaedc, 0xaedc, 0xaedc, 0xaedc, 0xaedc, 0xaedc, 0xaedc, 0xaedc, 0xaedc, 
	0xaedc, 0xaedc, 0xaedc, 0xaedc, 0xaedc, 0xaedc, 0xaedc, 0xaedc, 0xaedd, 0xae9b, 0x5b4e, 0x3186, 0x3186, 0x3166, 0x5aca, 0xe657, 
	0xfefa, 0xfefa, 0xfef9, 0xfef9, 0xfef9, 0xfef9, 0xfef9, 0xfef9, 0xfef9, 0xfed9, 0xa4b1, 0x39e7, 0x3186, 0x31a6, 0x31c7, 0x9471, 
	0xd679, 0xde9a, 0xde9a, 0xde99, 0xde9a, 0xde9a, 0xd679, 0xde99, 0xd659, 0x9492, 0x4a49, 0x2986, 0x31c7, 0x2985, 0x39a6, 0x5a8a, 
	0xb4f2, 0xf6b8, 0xff1a, 0xfef9, 0xfef9, 0xfefa, 0xde37, 0x838d, 0x39c6, 0x31a6, 0x3186, 0x31a6, 0x39a6, 0x7b8d, 0xde37, 0xfed9, 
	0xfef9, 0xfef9, 0xfefa, 0xfefa, 0xb533, 0x5aa9, 0x39a6, 0x2986, 0x31a7, 0x31a6, 0x4a27, 0xa490, 0xf698, 0xfefa, 0xfef9, 0xfef9, 
	0xff1a, 0xee98, 0xcdb5, 0xc594, 0xe677, 0xff1a, 0xfef9, 0xfed9, 0xff1a, 0xfefa, 0xfef9, 0xfef9, 0xfed8, 0xff1a, 0xf6d9, 0xcd94, 
	0x630b, 0x39c6, 0x2985, 0x39c6, 0x3185, 0x3a08, 0x6c31, 0xa63a, 0xb6dd, 0xaedc, 0xaedd, 0xaedd, 0xb6dd, 0xb6dd, 0xaebc, 0xaefc, 
	0xaedc, 0xaedc, 0xaedc, 0xaedc, 0xaedc, 0xaedc, 0xaedc, 0xaedc, 0xaedc, 0xaedc, 0xaedc, 0xaedc, 0xaedc, 0xaedc, 0xaedc, 0xaedc, 
	0xaedc, 0xaedc, 0xaedc, 0xaedc, 0xaedc, 0xaedc, 0xaedc, 0xaedc, 0xaedc, 0xaedc, 0xaedc, 0xaedc, 0xaedc, 0xaedc, 0xaedc, 0xaedc, 
	0xaedc, 0xaedc, 0xaedc, 0xaedc, 0xaedc, 0xaedc, 0xaedc, 0xaedc, 0xaedc, 0xaedc, 0xaedc, 0xaedc, 0xaedc, 0xaedc, 0xaedc, 0xaedc, 
	0xaedc, 0xaedc, 0xaedc, 0xaedc, 0xaedc, 0xaedc, 0xaedc, 0xaedc, 0xaedc, 0xaedc, 0xaedc, 0xaedc, 0xaedc, 0xaedc, 0xaedc, 0xaedc, 
	0xaedc, 0xaedc, 0xaedc, 0xaedc, 0xaedc, 0xaedc, 0xaedc, 0xaedc, 0xaedc, 0xaedc, 0xaedc, 0xaedc, 0xaedc, 0xaedc, 0xaedc, 0xaedc, 
	0xaedc, 0xaedc, 0xaedc, 0xaedc, 0xaedc, 0xaedc, 0xaedc, 0xaedc, 0xaedc, 0xaedc, 0xaedc, 0xaedc, 0xaedc, 0xaedc, 0xaedc, 0xaedc, 
	0xaedc, 0xaedc, 0xaedc, 0xaedc, 0xaedc, 0xaedc, 0xaedc, 0xaedc, 0xaedc, 0xaedc, 0xaedc, 0xaedc, 0xaedc, 0xaedc, 0xaedc, 0xaedc, 
	0xaedc, 0xaedc, 0xaedc, 0xaedc, 0xaedc, 0xaedc, 0xaedc, 0xaedc, 0xaedc, 0xaedc, 0xaedc, 0xaedc, 0xaedc, 0xaedc, 0xaedc, 0xaedc, 
	0xaedc, 0xaedc, 0xaedc, 0xaedc, 0xaedc, 0xaedc, 0xaedc, 0xaedc, 0xaedc, 0xaedc, 0xaedc, 0xaedc, 0xaedc, 0xaedc, 0xaedc, 0xaedc, 
	0xaedc, 0xaedc, 0xaedc, 0xaedc, 0xaedc, 0xaedc, 0xaedc, 0xaedc, 0xaedd, 0xae9b, 0x5b4e, 0x3186, 0x3186, 0x3166, 0x5aca, 0xe657, 
	0xfefa, 0xfefa, 0xfef9, 0xfef9, 0xfef9, 0xfef9, 0xfef9, 0xfef9, 0xfef9, 0xfefa, 0xc595, 0x5289, 0x3165, 0x3186, 0x31a6, 0x6b0c, 
	0xcdf7, 0xde79, 0xde9a, 0xd679, 0xd679, 0xdeba, 0xde9a, 0xde79, 0xde79, 0xd679, 0x9492, 0x4a49, 0x31a6, 0x31a6, 0x2965, 0x3186, 
	0x5a69, 0xb4f3, 0xf6b8, 0xff1a, 0xfef9, 0xfef9, 0xfefa, 0xde37, 0x83ad, 0x39a6, 0x31a6, 0x31a6, 0x31a6, 0x39c6, 0x7b6c, 0xde37, 
	0xfef9, 0xfefa, 0xff1a, 0xfef9, 0xf6d9, 0xbd54, 0x5aaa, 0x39a6, 0x3166, 0x31a6, 0x3185, 0x4a07, 0xa471, 0xf6b9, 0xfed9, 0xfef9, 
	0xfed9, 0xff3a, 0xfefa, 0xf6d9, 0xfef9, 0xfef9, 0xfed9, 0xfef9, 0xff1a, 0xfef9, 0xfef9, 0xff1a, 0xfef9, 0xfef9, 0xfefa, 0xfefa, 
	0xcdb5, 0x6b2c, 0x31c7, 0x3186, 0x3185, 0x3185, 0x3a28, 0x6c11, 0xa63a, 0xb6dc, 0xaedd, 0xaedd, 0xb6dd, 0xb6dc, 0xaedc, 0xaefc, 
	0xaedc, 0xaedc, 0xaedc, 0xaedc, 0xaedc, 0xaedc, 0xaedc, 0xaedc, 0xaedc, 0xaedc, 0xaedc, 0xaedc, 0xaedc, 0xaedc, 0xaedc, 0xaedc, 
	0xaedc, 0xaedc, 0xaedc, 0xaedc, 0xaedc, 0xaedc, 0xaedc, 0xaedc, 0xaedc, 0xaedc, 0xaedc, 0xaedc, 0xaedc, 0xaedc, 0xaedc, 0xaedc, 
	0xaedc, 0xaedc, 0xaedc, 0xaedc, 0xaedc, 0xaedc, 0xaedc, 0xaedc, 0xaedc, 0xaedc, 0xaedc, 0xaedc, 0xaedc, 0xaedc, 0xaedc, 0xaedc, 
	0xaedc, 0xaedc, 0xaedc, 0xaedc, 0xaedc, 0xaedc, 0xaedc, 0xaedc, 0xaedc, 0xaedc, 0xaedc, 0xaedc, 0xaedc, 0xaedc, 0xaedc, 0xaedc, 
	0xaedc, 0xaedc, 0xaedc, 0xaedc, 0xaedc, 0xaedc, 0xaedc, 0xaedc, 0xaedc, 0xaedc, 0xaedc, 0xaedc, 0xaedc, 0xaedc, 0xaedc, 0xaedc, 
	0xaedc, 0xaedc, 0xaedc, 0xaedc, 0xaedc, 0xaedc, 0xaedc, 0xaedc, 0xaedc, 0xaedc, 0xaedc, 0xaedc, 0xaedc, 0xaedc, 0xaedc, 0xaedc, 
	0xaedc, 0xaedc, 0xaedc, 0xaedc, 0xaedc, 0xaedc, 0xaedc, 0xaedc, 0xaedc, 0xaedc, 0xaedc, 0xaedc, 0xaedc, 0xaedc, 0xaedc, 0xaedc, 
	0xaedc, 0xaedc, 0xaedc, 0xaedc, 0xaedc, 0xaedc, 0xaedc, 0xaedc, 0xaedc, 0xaedc, 0xaedc, 0xaedc, 0xaedc, 0xaedc, 0xaedc, 0xaedc, 
	0xaedc, 0xaedc, 0xaedc, 0xaedc, 0xaedc, 0xaedc, 0xaedc, 0xaedc, 0xaedc, 0xaedc, 0xaedc, 0xaedc, 0xaedc, 0xaedc, 0xaedc, 0xaedc, 
	0xaedc, 0xaedc, 0xaedc, 0xaedc, 0xaedc, 0xaedc, 0xaedc, 0xaedc, 0xaedd, 0xae9b, 0x5b4e, 0x3186, 0x3186, 0x3166, 0x5aca, 0xe657, 
	0xfefa, 0xfefa, 0xfef9, 0xfef9, 0xfef9, 0xfef9, 0xfef9, 0xfef9, 0xfef9, 0xfed9, 0xb513, 0x5289, 0x3165, 0x3186, 0x31a6, 0x526a, 
	0xb575, 0xd659, 0xde9a, 0xdeba, 0xd699, 0xd679, 0xde99, 0xde99, 0xde99, 0xd679, 0xd658, 0x9471, 0x4a49, 0x31a6, 0x31a6, 0x31a6, 
	0x31a6, 0x5aaa, 0xb513, 0xf6b9, 0xfefa, 0xfef9, 0xfef9, 0xfed9, 0xde37, 0x838d, 0x41c6, 0x31c7, 0x2986, 0x3186, 0x39c6, 0x7b8d, 
	0xd616, 0xf6d9, 0xfefa, 0xfef9, 0xfef9, 0xf6d9, 0xbd54, 0x62a9, 0x39a6, 0x2965, 0x31a6, 0x31a6, 0x4a28, 0xa471, 0xf6d9, 0xfef9, 
	0xfed9, 0xfed9, 0xfefa, 0xfefa, 0xff1a, 0xff19, 0xfef9, 0xfef9, 0xfed9, 0xff1a, 0xfef9, 0xfefa, 0xff1a, 0xfef9, 0xfef9, 0xfef9, 
	0xfed9, 0xc574, 0x6b2c, 0x39c6, 0x3185, 0x3185, 0x31a6, 0x3a08, 0x7cd4, 0xae9b, 0xaefc, 0xaefd, 0xaebd, 0xb6bc, 0xaedc, 0xaefc, 
	0xaedc, 0xaedc, 0xaedc, 0xaedc, 0xaedc, 0xaedc, 0xaedc, 0xaedc, 0xaedc, 0xaedc, 0xaedc, 0xaedc, 0xaedc, 0xaedc, 0xaedc, 0xaedc, 
	0xaedc, 0xaedc, 0xaedc, 0xaedc, 0xaedc, 0xaedc, 0xaedc, 0xaedc, 0xaedc, 0xaedc, 0xaedc, 0xaedc, 0xaedc, 0xaedc, 0xaedc, 0xaedc, 
	0xaedc, 0xaedc, 0xaedc, 0xaedc, 0xaedc, 0xaedc, 0xaedc, 0xaedc, 0xaedc, 0xaedc, 0xaedc, 0xaedc, 0xaedc, 0xaedc, 0xaedc, 0xaedc, 
	0xaedc, 0xaedc, 0xaedc, 0xaedc, 0xaedc, 0xaedc, 0xaedc, 0xaedc, 0xaedc, 0xaedc, 0xaedc, 0xaedc, 0xaedc, 0xaedc, 0xaedc, 0xaedc, 
	0xaedc, 0xaedc, 0xaedc, 0xaedc, 0xaedc, 0xaedc, 0xaedc, 0xaedc, 0xaedc, 0xaedc, 0xaedc, 0xaedc, 0xaedc, 0xaedc, 0xaedc, 0xaedc, 
	0xaedc, 0xaedc, 0xaedc, 0xaedc, 0xaedc, 0xaedc, 0xaedc, 0xaedc, 0xaedc, 0xaedc, 0xaedc, 0xaedc, 0xaedc, 0xaedc, 0xaedc, 0xaedc, 
	0xaedc, 0xaedc, 0xaedc, 0xaedc, 0xaedc, 0xaedc, 0xaedc, 0xaedc, 0xaedc, 0xaedc, 0xaedc, 0xaedc, 0xaedc, 0xaedc, 0xaedc, 0xaedc, 
	0xaedc, 0xaedc, 0xaedc, 0xaedc, 0xaedc, 0xaedc, 0xaedc, 0xaedc, 0xaedc, 0xaedc, 0xaedc, 0xaedc, 0xaedc, 0xaedc, 0xaedc, 0xaedc, 
	0xaedc, 0xaedc, 0xaedc, 0xaedc, 0xaedc, 0xaedc, 0xaedc, 0xaedc, 0xaedc, 0xaedc, 0xaedc, 0xaedc, 0xaedc, 0xaedc, 0xaedc, 0xaedc, 
	0xaedc, 0xaedc, 0xaedc, 0xaedc, 0xaedc, 0xaedc, 0xaedc, 0xaedc, 0xaedd, 0xae9b, 0x5b4e, 0x3186, 0x3186, 0x3166, 0x5aca, 0xe657, 
	0xfefa, 0xfefa, 0xfef9, 0xfef9, 0xfef9, 0xfef9, 0xfef9, 0xfef9, 0xff19, 0xde16, 0x732b, 0x31a5, 0x3186, 0x31a6, 0x2986, 0x5aab, 
	0xbd76, 0xe6ba, 0xd679, 0xd699, 0xdeba, 0xd699, 0xde99, 0xde99, 0xde99, 0xde99, 0xd679, 0xd659, 0x9c92, 0x4a28, 0x31a6, 0x31a6, 
	0x29a6, 0x31a6, 0x5a69, 0xb4f2, 0xf6d9, 0xfef9, 0xfef9, 0xfef9, 0xfefa, 0xde16, 0x83ae, 0x39c6, 0x31a6, 0x31a6, 0x3186, 0x39c7, 
	0x7b4c, 0xd616, 0xfefa, 0xfef9, 0xfef9, 0xfefa, 0xeeb9, 0xbd54, 0x5aca, 0x39a6, 0x3186, 0x3186, 0x3186, 0x5268, 0xbd33, 0xfed9, 
	0xff1a, 0xfed9, 0xfefa, 0xfefa, 0xfef9, 0xfef9, 0xfed9, 0xff1a, 0xfef9, 0xfefa, 0xfefa, 0xfefa, 0xfefa, 0xfed9, 0xfef9, 0xfef9, 
	0xfef9, 0xfef9, 0xc5b5, 0x62eb, 0x31a6, 0x31a7, 0x3166, 0x3986, 0x5b8f, 0xa639, 0xaefc, 0xaefd, 0xaedc, 0xb6bc, 0xb6dd, 0xaedc, 
	0xaedc, 0xaedc, 0xaedc, 0xaedc, 0xaedc, 0xaedc, 0xaedc, 0xaedc, 0xaedc, 0xaedc, 0xaedc, 0xaedc, 0xaedc, 0xaedc, 0xaedc, 0xaedc, 
	0xaedc, 0xaedc, 0xaedc, 0xaedc, 0xaedc, 0xaedc, 0xaedc, 0xaedc, 0xaedc, 0xaedc, 0xaedc, 0xaedc, 0xaedc, 0xaedc, 0xaedc, 0xaedc, 
	0xaedc, 0xaedc, 0xaedc, 0xaedc, 0xaedc, 0xaedc, 0xaedc, 0xaedc, 0xaedc, 0xaedc, 0xaedc, 0xaedc, 0xaedc, 0xaedc, 0xaedc, 0xaedc, 
	0xaedc, 0xaedc, 0xaedc, 0xaedc, 0xaedc, 0xaedc, 0xaedc, 0xaedc, 0xaedc, 0xaedc, 0xaedc, 0xaedc, 0xaedc, 0xaedc, 0xaedc, 0xaedc, 
	0xaedc, 0xaedc, 0xaedc, 0xaedc, 0xaedc, 0xaedc, 0xaedc, 0xaedc, 0xaedc, 0xaedc, 0xaedc, 0xaedc, 0xaedc, 0xaedc, 0xaedc, 0xaedc, 
	0xaedc, 0xaedc, 0xaedc, 0xaedc, 0xaedc, 0xaedc, 0xaedc, 0xaedc, 0xaedc, 0xaedc, 0xaedc, 0xaedc, 0xaedc, 0xaedc, 0xaedc, 0xaedc, 
	0xaedc, 0xaedc, 0xaedc, 0xaedc, 0xaedc, 0xaedc, 0xaedc, 0xaedc, 0xaedc, 0xaedc, 0xaedc, 0xaedc, 0xaedc, 0xaedc, 0xaedc, 0xaedc, 
	0xaedc, 0xaedc, 0xaedc, 0xaedc, 0xaedc, 0xaedc, 0xaedc, 0xaedc, 0xaedc, 0xaedc, 0xaedc, 0xaedc, 0xaedc, 0xaedc, 0xaedc, 0xaedc, 
	0xaedc, 0xaedc, 0xaedc, 0xaedc, 0xaedc, 0xaedc, 0xaedc, 0xaedc, 0xaedc, 0xaedc, 0xaedc, 0xaedc, 0xaedc, 0xaedc, 0xaedc, 0xaedc, 
	0xaedc, 0xaedc, 0xaedc, 0xaedc, 0xaedc, 0xaedc, 0xaedc, 0xaedc, 0xaedd, 0xae9b, 0x5b2d, 0x31a6, 0x3186, 0x3186, 0x62ca, 0xe657, 
	0xff1a, 0xfef9, 0xff1a, 0xfefa, 0xfefa, 0xfefa, 0xfefa, 0xfefa, 0xeeb9, 0x9c2f, 0x41c7, 0x31a6, 0x3186, 0x3186, 0x4208, 0x9492, 
	0xd679, 0xd679, 0xde99, 0xde99, 0xde99, 0xde99, 0xde99, 0xde99, 0xde99, 0xde99, 0xde9a, 0xde9a, 0xd658, 0x9491, 0x4a49, 0x31a6, 
	0x3186, 0x31a6, 0x31a6, 0x5269, 0xad13, 0xf6fa, 0xfef9, 0xfef9, 0xfef9, 0xfed9, 0xde37, 0x83ad, 0x39a6, 0x31a6, 0x31a6, 0x29a6, 
	0x39c6, 0x734c, 0xde17, 0xfed9, 0xff1a, 0xfed9, 0xfef9, 0xfefa, 0xc533, 0x6289, 0x31a6, 0x29a6, 0x2986, 0x41e7, 0x93ee, 0xf6b9, 
	0xfef9, 0xfef9, 0xfef9, 0xfef9, 0xfef9, 0xfef9, 0xfef9, 0xfef9, 0xfef9, 0xfef9, 0xfef9, 0xfef9, 0xfef9, 0xfef9, 0xfef9, 0xfef9, 
	0xfefa, 0xfef9, 0xfef9, 0xcd95, 0x62aa, 0x3186, 0x31a7, 0x3186, 0x426a, 0x9dd7, 0xaefd, 0xaedd, 0xb6bc, 0xaedc, 0xaedc, 0xaefd, 
	0xaedc, 0xaedc, 0xaedc, 0xaedc, 0xaedc, 0xaedc, 0xaedc, 0xaedc, 0xaedc, 0xaedc, 0xaedc, 0xaedc, 0xaedc, 0xaedc, 0xaedc, 0xaedc, 
	0xaedc, 0xaedc, 0xaedc, 0xaedc, 0xaedc, 0xaedc, 0xaedc, 0xaedc, 0xaedc, 0xaedc, 0xaedc, 0xaedc, 0xaedc, 0xaedc, 0xaedc, 0xaedc, 
	0xaedc, 0xaedc, 0xaedc, 0xaedc, 0xaedc, 0xaedc, 0xaedc, 0xaedc, 0xaedc, 0xaedc, 0xaedc, 0xaedc, 0xaedc, 0xaedc, 0xaedc, 0xaedc, 
	0xaedc, 0xaedc, 0xaedc, 0xaedc, 0xaedc, 0xaedc, 0xaedc, 0xaedc, 0xaedc, 0xaedc, 0xaedc, 0xaedc, 0xaedc, 0xaedc, 0xaedc, 0xaedc, 
	0xaedc, 0xaedc, 0xaedc, 0xaedc, 0xaedc, 0xaedc, 0xaedc, 0xaedc, 0xaedc, 0xaedc, 0xaedc, 0xaedc, 0xaedc, 0xaedc, 0xaedc, 0xaedc, 
	0xaedc, 0xaedc, 0xaedc, 0xaedc, 0xaedc, 0xaedc, 0xaedc, 0xaedc, 0xaedc, 0xaedc, 0xaedc, 0xaedc, 0xaedc, 0xaedc, 0xaedc, 0xaedc, 
	0xaedc, 0xaedc, 0xaedc, 0xaedc, 0xaedc, 0xaedc, 0xaedc, 0xaedc, 0xaedc, 0xaedc, 0xaedc, 0xaedc, 0xaedc, 0xaedc, 0xaedc, 0xaedc, 
	0xaedc, 0xaedc, 0xaedc, 0xaedc, 0xaedc, 0xaedc, 0xaedc, 0xaedc, 0xaedc, 0xaedc, 0xaedc, 0xaedc, 0xaedc, 0xaedc, 0xaedc, 0xaedc, 
	0xaedc, 0xaedc, 0xaedc, 0xaedc, 0xaedc, 0xaedc, 0xaedc, 0xaedc, 0xaedc, 0xaedc, 0xaedc, 0xaedc, 0xaedc, 0xaedc, 0xaedc, 0xaedc, 
	0xaedc, 0xaedc, 0xaedc, 0xaedc, 0xaedc, 0xaedc, 0xaedc, 0xaedc, 0xaefd, 0xae9b, 0x5b2d, 0x3186, 0x3186, 0x3166, 0x5aca, 0xee78, 
	0xff1a, 0xfef9, 0xfed9, 0xfefa, 0xfefa, 0xfefa, 0xfefa, 0xfed9, 0xcdb5, 0x62a9, 0x3186, 0x3186, 0x3186, 0x4228, 0x8c30, 0xce38, 
	0xd679, 0xde99, 0xde99, 0xde99, 0xde99, 0xde99, 0xde99, 0xde99, 0xdeba, 0xde99, 0xd679, 0xd679, 0xde99, 0xce58, 0x9492, 0x4a49, 
	0x31a6, 0x3186, 0x3186, 0x39a6, 0x5a69, 0xacd2, 0xfed9, 0xfef9, 0xfef9, 0xfef9, 0xfefa, 0xde37, 0x83ce, 0x39c6, 0x3186, 0x31a6, 
	0x31a6, 0x39c6, 0x7b6c, 0xd5f6, 0xfed9, 0xff1a, 0xff1a, 0xf6b9, 0xf6d9, 0xbd54, 0x5aaa, 0x31a6, 0x3185, 0x41c6, 0xacb1, 0xf6b9, 
	0xfef9, 0xfef9, 0xfef9, 0xfef9, 0xfef9, 0xfef9, 0xfef9, 0xfef9, 0xfef9, 0xfef9, 0xfef9, 0xfef9, 0xfef9, 0xfef9, 0xfef9, 0xfef9, 
	0xfefa, 0xfed9, 0xfef9, 0xf6b9, 0x9450, 0x39c6, 0x2966, 0x3186, 0x3a08, 0x8514, 0xaedc, 0xaedd, 0xb6dc, 0xaedc, 0xaedc, 0xaedd, 
	0xaedc, 0xaedc, 0xaedc, 0xaedc, 0xaedc, 0xaedc, 0xaedc, 0xaedc, 0xaedc, 0xaedc, 0xaedc, 0xaedc, 0xaedc, 0xaedc, 0xaedc, 0xaedc, 
	0xaedc, 0xaedc, 0xaedc, 0xaedc, 0xaedc, 0xaedc, 0xaedc, 0xaedc, 0xaedc, 0xaedc, 0xaedc, 0xaedc, 0xaedc, 0xaedc, 0xaedc, 0xaedc, 
	0xaedc, 0xaedc, 0xaedc, 0xaedc, 0xaedc, 0xaedc, 0xaedc, 0xaedc, 0xaedc, 0xaedc, 0xaedc, 0xaedc, 0xaedc, 0xaedc, 0xaedc, 0xaedc, 
	0xaedc, 0xaedc, 0xaedc, 0xaedc, 0xaedc, 0xaedc, 0xaedc, 0xaedc, 0xaedc, 0xaedc, 0xaedc, 0xaedc, 0xaedc, 0xaedc, 0xaedc, 0xaedc, 
	0xaedc, 0xaedc, 0xaedc, 0xaedc, 0xaedc, 0xaedc, 0xaedc, 0xaedc, 0xaedc, 0xaedc, 0xaedc, 0xaedc, 0xaedc, 0xaedc, 0xaedc, 0xaedc, 
	0xaedc, 0xaedc, 0xaedc, 0xaedc, 0xaedc, 0xaedc, 0xaedc, 0xaedc, 0xaedc, 0xaedc, 0xaedc, 0xaedc, 0xaedc, 0xaedc, 0xaedc, 0xaedc, 
	0xaedc, 0xaedc, 0xaedc, 0xaedc, 0xaedc, 0xaedc, 0xaedc, 0xaedc, 0xaedc, 0xaedc, 0xaedc, 0xaedc, 0xaedc, 0xaedc, 0xaedc, 0xaedc, 
	0xaedc, 0xaedc, 0xaedc, 0xaedc, 0xaedc, 0xaedc, 0xaedc, 0xaedc, 0xaedc, 0xaedc, 0xaedc, 0xaedc, 0xaedc, 0xaedc, 0xaedc, 0xaedc, 
	0xaedc, 0xaedc, 0xaedc, 0xaedc, 0xaedc, 0xaedc, 0xaedc, 0xaedc, 0xaedc, 0xaedc, 0xaedc, 0xaedc, 0xaedc, 0xaedc, 0xaedc, 0xaedc, 
	0xaedc, 0xaedc, 0xaedc, 0xaedc, 0xaedc, 0xaedc, 0xaedc, 0xaedc, 0xaebc, 0xae9b, 0x636e, 0x2985, 0x31a6, 0x39a7, 0x62ca, 0xee57, 
	0xff19, 0xfef9, 0xfef9, 0xff19, 0xfef9, 0xfef9, 0xff3a, 0xf6d9, 0x9c70, 0x39a6, 0x31a6, 0x2986, 0x31a7, 0x736d, 0xc5d7, 0xdeba, 
	0xde99, 0xde99, 0xde9a, 0xde9a, 0xde99, 0xde99, 0xde99, 0xde99, 0xd699, 0xde9a, 0xdeba, 0xde9a, 0xd679, 0xdeba, 0xce58, 0x9491, 
	0x4a29, 0x3186, 0x31a6, 0x3186, 0x3185, 0x62ca, 0xacd2, 0xf6d9, 0xfef9, 0xfef9, 0xfef9, 0xfefa, 0xde17, 0x838d, 0x39c6, 0x31a6, 
	0x2986, 0x3186, 0x39a6, 0x7b6d, 0xde17, 0xf6d9, 0xff19, 0xff19, 0xfef9, 0xf6d9, 0xbd54, 0x838d, 0x6aea, 0x8bee, 0xe637, 0xfef9, 
	0xfef9, 0xfef9, 0xfef9, 0xfef9, 0xfef9, 0xfef9, 0xfef9, 0xfef9, 0xfef9, 0xfef9, 0xfef9, 0xfef9, 0xfef9, 0xfef9, 0xfef9, 0xfef9, 
	0xff1a, 0xfef9, 0xfef9, 0xfefa, 0xbd54, 0x4a08, 0x3186, 0x31a6, 0x31a7, 0x6bf0, 0xae9b, 0xaefd, 0xaedc, 0xaedc, 0xaedc, 0xaebd, 
	0xaedc, 0xaedc, 0xaedc, 0xaedc, 0xaedc, 0xaedc, 0xaedc, 0xaedc, 0xaedc, 0xaedc, 0xaedc, 0xaedc, 0xaedc, 0xaedc, 0xaedc, 0xaedc, 
	0xaedc, 0xaedc, 0xaedc, 0xaedc, 0xaedc, 0xaedc, 0xaedc, 0xaedc, 0xaedc, 0xaedc, 0xaedc, 0xaedc, 0xaedc, 0xaedc, 0xaedc, 0xaedc, 
	0xaedc, 0xaedc, 0xaedc, 0xaedc, 0xaedc, 0xaedc, 0xaedc, 0xaedc, 0xaedc, 0xaedc, 0xaedc, 0xaedc, 0xaedc, 0xaedc, 0xaedc, 0xaedc, 
	0xaedc, 0xaedc, 0xaedc, 0xaedc, 0xaedc, 0xaedc, 0xaedc, 0xaedc, 0xaedc, 0xaedc, 0xaedc, 0xaedc, 0xaedc, 0xaedc, 0xaedc, 0xaedc, 
	0xaedc, 0xaedc, 0xaedc, 0xaedc, 0xaedc, 0xaedc, 0xaedc, 0xaedc, 0xaedc, 0xaedc, 0xaedc, 0xaedc, 0xaedc, 0xaedc, 0xaedc, 0xaedc, 
	0xaedc, 0xaedc, 0xaedc, 0xaedc, 0xaedc, 0xaedc, 0xaedc, 0xaedc, 0xaedc, 0xaedc, 0xaedc, 0xaedc, 0xaedc, 0xaedc, 0xaedc, 0xaedc, 
	0xaedc, 0xaedc, 0xaedc, 0xaedc, 0xaedc, 0xaedc, 0xaedc, 0xaedc, 0xaedc, 0xaedc, 0xaedc, 0xaedc, 0xaedc, 0xaedc, 0xaedc, 0xaedc, 
	0xaedc, 0xaedc, 0xaedc, 0xaedc, 0xaedc, 0xaedc, 0xaedc, 0xaedc, 0xaedc, 0xaedc, 0xaedc, 0xaedc, 0xaedc, 0xaedc, 0xaedc, 0xaedc, 
	0xaedc, 0xaedc, 0xaedc, 0xaedc, 0xaedc, 0xaedc, 0xaedc, 0xaedc, 0xaedc, 0xaedc, 0xaedc, 0xaedc, 0xaedc, 0xaedc, 0xaedc, 0xaedc, 
	0xaedc, 0xaedc, 0xaedc, 0xaedc, 0xaedc, 0xaedc, 0xaedc, 0xaedc, 0xaedd, 0xae9b, 0x5b6e, 0x2985, 0x31a5, 0x3186, 0x5aaa, 0xee58, 
	0xfef9, 0xff1a, 0xfef9, 0xff1a, 0xfef9, 0xfef9, 0xff1a, 0xee57, 0x6b2b, 0x3186, 0x31a6, 0x3186, 0x4a49, 0xa514, 0xde99, 0xde79, 
	0xde9a, 0xde9a, 0xde9a, 0xde99, 0xde99, 0xde99, 0xde99, 0xde9a, 0xd699, 0xde99, 0xde99, 0xde9a, 0xde79, 0xde79, 0xde9a, 0xd658, 
	0x9c92, 0x4a49, 0x31a6, 0x31a6, 0x31a6, 0x3185, 0x5a69, 0xacf2, 0xf6d9, 0xfef9, 0xfef9, 0xfef9, 0xfef9, 0xde17, 0x8bce, 0x39a6, 
	0x31a6, 0x2986, 0x31a6, 0x39a7, 0x734c, 0xd617, 0xf6b8, 0xfef9, 0xff19, 0xfef9, 0xfefa, 0xe657, 0xddf6, 0xee98, 0xfefa, 0xff19, 
	0xfef9, 0xfef9, 0xfef9, 0xfef9, 0xfef9, 0xfef9, 0xfef9, 0xfef9, 0xfef9, 0xfef9, 0xfef9, 0xfef9, 0xfef9, 0xfef9, 0xfef9, 0xfef9, 
	0xfed9, 0xfefa, 0xfefa, 0xff1a, 0xd5f6, 0x62ca, 0x3186, 0x3186, 0x3186, 0x530c, 0xa63a, 0xaefd, 0xaedc, 0xaedc, 0xb6dd, 0xaedc, 
	0xaedc, 0xaedc, 0xaedc, 0xaedc, 0xaedc, 0xaedc, 0xaedc, 0xaedc, 0xaedc, 0xaedc, 0xaedc, 0xaedc, 0xaedc, 0xaedc, 0xaedc, 0xaedc, 
	0xaedc, 0xaedc, 0xaedc, 0xaedc, 0xaedc, 0xaedc, 0xaedc, 0xaedc, 0xaedc, 0xaedc, 0xaedc, 0xaedc, 0xaedc, 0xaedc, 0xaedc, 0xaedc, 
	0xaedc, 0xaedc, 0xaedc, 0xaedc, 0xaedc, 0xaedc, 0xaedc, 0xaedc, 0xaedc, 0xaedc, 0xaedc, 0xaedc, 0xaedc, 0xaedc, 0xaedc, 0xaedc, 
	0xaedc, 0xaedc, 0xaedc, 0xaedc, 0xaedc, 0xaedc, 0xaedc, 0xaedc, 0xaedc, 0xaedc, 0xaedc, 0xaedc, 0xaedc, 0xaedc, 0xaedc, 0xaedc, 
	0xaedc, 0xaedc, 0xaedc, 0xaedc, 0xaedc, 0xaedc, 0xaedc, 0xaedc, 0xaedc, 0xaedc, 0xaedc, 0xaedc, 0xaedc, 0xaedc, 0xaedc, 0xaedc, 
	0xaedc, 0xaedc, 0xaedc, 0xaedc, 0xaedc, 0xaedc, 0xaedc, 0xaedc, 0xaedc, 0xaedc, 0xaedc, 0xaedc, 0xaedc, 0xaedc, 0xaedc, 0xaedc, 
	0xaedc, 0xaedc, 0xaedc, 0xaedc, 0xaedc, 0xaedc, 0xaedc, 0xaedc, 0xaedc, 0xaedc, 0xaedc, 0xaedc, 0xaedc, 0xaedc, 0xaedc, 0xaedc, 
	0xaedc, 0xaedc, 0xaedc, 0xaedc, 0xaedc, 0xaedc, 0xaedc, 0xaedc, 0xaedc, 0xaedc, 0xaedc, 0xaedc, 0xaedc, 0xaedc, 0xaedc, 0xaedc, 
	0xaedc, 0xaedc, 0xaedc, 0xaedc, 0xaedc, 0xaedc, 0xaedc, 0xaedc, 0xaedc, 0xaedc, 0xaedc, 0xaedc, 0xaedc, 0xaedc, 0xaedc, 0xaedc, 
	0xaedc, 0xaedc, 0xaedc, 0xaedc, 0xaedc, 0xaedc, 0xaedc, 0xaedc, 0xb6fd, 0xa67b, 0x5b4e, 0x2985, 0x31a5, 0x3165, 0x5aca, 0xe658, 
	0xfeda, 0xfeda, 0xfeb9, 0xfeda, 0xfeda, 0xfefa, 0xf6b9, 0xd595, 0x4a69, 0x3186, 0x2986, 0x31a7, 0x6b4d, 0xce17, 0xdeba, 0xde9a, 
	0xde99, 0xde99, 0xde99, 0xde99, 0xde99, 0xde99, 0xde99, 0xde9a, 0xde9a, 0xde99, 0xde99, 0xde79, 0xde9a, 0xde9a, 0xd679, 0xde99, 
	0xd659, 0x9c92, 0x4a49, 0x2986, 0x31a6, 0x2985, 0x39a6, 0x5a89, 0xb4f2, 0xf6b8, 0xff1a, 0xfef9, 0xfef9, 0xfefa, 0xde37, 0x838d, 
	0x39c7, 0x31a6, 0x31a7, 0x31a7, 0x39a6, 0x7b6d, 0xde16, 0xfed9, 0xfed9, 0xff19, 0xfed9, 0xfefa, 0xff3b, 0xff1a, 0xfed9, 0xfef9, 
	0xfef9, 0xfef9, 0xfef9, 0xfef9, 0xfef9, 0xfef9, 0xfef9, 0xfef9, 0xfef9, 0xfef9, 0xfef9, 0xfef9, 0xfef9, 0xfef9, 0xfef9, 0xfef9, 
	0xfefa, 0xfed9, 0xfefa, 0xff1a, 0xee98, 0x838d, 0x3185, 0x3186, 0x3186, 0x426a, 0x9597, 0xaefc, 0xaedc, 0xaebc, 0xaedc, 0xaedc, 
	0xaedc, 0xaedc, 0xaedc, 0xaedc, 0xaedc, 0xaedc, 0xaedc, 0xaedc, 0xaedc, 0xaedc, 0xaedc, 0xaedc, 0xaedc, 0xaedc, 0xaedc, 0xaedc, 
	0xaedc, 0xaedc, 0xaedc, 0xaedc, 0xaedc, 0xaedc, 0xaedc, 0xaedc, 0xaedc, 0xaedc, 0xaedc, 0xaedc, 0xaedc, 0xaedc, 0xaedc, 0xaedc, 
	0xaedc, 0xaedc, 0xaedc, 0xaedc, 0xaedc, 0xaedc, 0xaedc, 0xaedc, 0xaedc, 0xaedc, 0xaedc, 0xaedc, 0xaedc, 0xaedc, 0xaedc, 0xaedc, 
	0xaedc, 0xaedc, 0xaedc, 0xaedc, 0xaedc, 0xaedc, 0xaedc, 0xaedc, 0xaedc, 0xaedc, 0xaedc, 0xaedc, 0xaedc, 0xaedc, 0xaedc, 0xaedc, 
	0xaedc, 0xaedc, 0xaedc, 0xaedc, 0xaedc, 0xaedc, 0xaedc, 0xaedc, 0xaedc, 0xaedc, 0xaedc, 0xaedc, 0xaedc, 0xaedc, 0xaedc, 0xaedc, 
	0xaedc, 0xaedc, 0xaedc, 0xaedc, 0xaedc, 0xaedc, 0xaedc, 0xaedc, 0xaedc, 0xaedc, 0xaedc, 0xaedc, 0xaedc, 0xaedc, 0xaedc, 0xaedc, 
	0xaedc, 0xaedc, 0xaedc, 0xaedc, 0xaedc, 0xaedc, 0xaedc, 0xaedc, 0xaedc, 0xaedc, 0xaedc, 0xaedc, 0xaedc, 0xaedc, 0xaedc, 0xaedc, 
	0xaedc, 0xaedc, 0xaedc, 0xaedc, 0xaedc, 0xaedc, 0xaedc, 0xaedc, 0xaedc, 0xaedc, 0xaedc, 0xaedc, 0xaedc, 0xaedc, 0xaedc, 0xaedc, 
	0xaedc, 0xaedc, 0xaedc, 0xaedc, 0xaedc, 0xaedc, 0xaedc, 0xaedc, 0xaedc, 0xaedc, 0xaedc, 0xaedc, 0xaedc, 0xaedc, 0xaedc, 0xaedc, 
	0xaedc, 0xaedc, 0xaedc, 0xaedc, 0xaedc, 0xaedc, 0xaedc, 0xaedc, 0xaedc, 0xa67b, 0x5b4e, 0x2986, 0x31a6, 0x39a6, 0x4a49, 0x9c50, 
	0xa4b1, 0xa4b1, 0xa491, 0xa491, 0xa491, 0xa4b1, 0xa491, 0x83ad, 0x4208, 0x3186, 0x31a6, 0x39e7, 0x8c30, 0xd659, 0xdeba, 0xde79, 
	0xde99, 0xde99, 0xde99, 0xde99, 0xde99, 0xde99, 0xde99, 0xde9a, 0xde99, 0xd679, 0xdeba, 0xde9a, 0xd679, 0xde9a, 0xde79, 0xde9a, 
	0xd679, 0xd659, 0x9492, 0x4a49, 0x31a6, 0x31a6, 0x3186, 0x31a6, 0x5a69, 0xb4f3, 0xf6b9, 0xff1a, 0xfef9, 0xfef9, 0xfefa, 0xde37, 
	0x83ae, 0x41c6, 0x31a6, 0x2966, 0x31a6, 0x39c6, 0x7b4c, 0xde37, 0xfed9, 0xff1a, 0xfef9, 0xfef9, 0xfef9, 0xfef9, 0xfefa, 0xff1a, 
	0xfef9, 0xfef9, 0xfef9, 0xfef9, 0xfef9, 0xfef9, 0xfef9, 0xfef9, 0xfef9, 0xfef9, 0xfef9, 0xfef9, 0xfef9, 0xfef9, 0xfef9, 0xfef9, 
	0xff1a, 0xfed9, 0xfef9, 0xfefa, 0xf6d9, 0xa491, 0x41c7, 0x31a6, 0x3185, 0x39e8, 0x7c93, 0xaebc, 0xaefd, 0xaedd, 0xaedc, 0xaefc, 
	0xaedc, 0xaedc, 0xaedc, 0xaedc, 0xaedc, 0xaedc, 0xaedc, 0xaedc, 0xaedc, 0xaedc, 0xaedc, 0xaedc, 0xaedc, 0xaedc, 0xaedc, 0xaedc, 
	0xaedc, 0xaedc, 0xaedc, 0xaedc, 0xaedc, 0xaedc, 0xaedc, 0xaedc, 0xaedc, 0xaedc, 0xaedc, 0xaedc, 0xaedc, 0xaedc, 0xaedc, 0xaedc, 
	0xaedc, 0xaedc, 0xaedc, 0xaedc, 0xaedc, 0xaedc, 0xaedc, 0xaedc, 0xaedc, 0xaedc, 0xaedc, 0xaedc, 0xaedc, 0xaedc, 0xaedc, 0xaedc, 
	0xaedc, 0xaedc, 0xaedc, 0xaedc, 0xaedc, 0xaedc, 0xaedc, 0xaedc, 0xaedc, 0xaedc, 0xaedc, 0xaedc, 0xaedc, 0xaedc, 0xaedc, 0xaedc, 
	0xaedc, 0xaedc, 0xaedc, 0xaedc, 0xaedc, 0xaedc, 0xaedc, 0xaedc, 0xaedc, 0xaedc, 0xaedc, 0xaedc, 0xaedc, 0xaedc, 0xaedc, 0xaedc, 
	0xaedc, 0xaedc, 0xaedc, 0xaedc, 0xaedc, 0xaedc, 0xaedc, 0xaedc, 0xaedc, 0xaedc, 0xaedc, 0xaedc, 0xaedc, 0xaedc, 0xaedc, 0xaedc, 
	0xaedc, 0xaedc, 0xaedc, 0xaedc, 0xaedc, 0xaedc, 0xaedc, 0xaedc, 0xaedc, 0xaedc, 0xaedc, 0xaedc, 0xaedc, 0xaedc, 0xaedc, 0xaedc, 
	0xaedc, 0xaedc, 0xaedc, 0xaedc, 0xaedc, 0xaedc, 0xaedc, 0xaedc, 0xaedc, 0xaedc, 0xaedc, 0xaedc, 0xaedc, 0xaedc, 0xaedc, 0xaedc, 
	0xaedc, 0xaedc, 0xaedc, 0xaedc, 0xaedc, 0xaedc, 0xaedc, 0xaedc, 0xaedc, 0xaedc, 0xaedc, 0xaedc, 0xaedc, 0xaedc, 0xaedc, 0xaedc, 
	0xaedc, 0xaedc, 0xaedc, 0xaedc, 0xaedc, 0xaedc, 0xaedc, 0xaedc, 0xaedc, 0xae9b, 0x636f, 0x2965, 0x3185, 0x3186, 0x2986, 0x39a6, 
	0x31c6, 0x31c6, 0x39c6, 0x31c6, 0x31a6, 0x31c6, 0x39c6, 0x31a6, 0x3186, 0x3186, 0x31a6, 0x41e7, 0x9cb2, 0xde79, 0xdeba, 0xd679, 
	0xde99, 0xde99, 0xde99, 0xde99, 0xde99, 0xde99, 0xde99, 0xde9a, 0xde9a, 0xd679, 0xde99, 0xde9a, 0xd679, 0xde99, 0xde9a, 0xde99, 
	0xde99, 0xde99, 0xd659, 0x9471, 0x4a49, 0x3186, 0x31a6, 0x3186, 0x31a6, 0x5aaa, 0xb513, 0xf6b9, 0xfefa, 0xfef9, 0xfef9, 0xfed9, 
	0xde17, 0x8bad, 0x41c6, 0x3186, 0x2986, 0x3186, 0x41c6, 0x9430, 0xfefa, 0xfeb9, 0xfed9, 0xff1a, 0xfef9, 0xfef9, 0xfed9, 0xfed9, 
	0xfef9, 0xfef9, 0xfef9, 0xfef9, 0xfef9, 0xfef9, 0xfef9, 0xfef9, 0xfef9, 0xfef9, 0xfef9, 0xfef9, 0xfef9, 0xfef9, 0xfef9, 0xfef9, 
	0xfed9, 0xfefa, 0xfef9, 0xfef9, 0xfef9, 0xcdb4, 0x5269, 0x2966, 0x3186, 0x31c7, 0x638f, 0xa65a, 0xaefd, 0xb6dd, 0xaedc, 0xaefc, 
	0xaedc, 0xaedc, 0xaedc, 0xaedc, 0xaedc, 0xaedc, 0xaedc, 0xaedc, 0xaedc, 0xaedc, 0xaedc, 0xaedc, 0xaedc, 0xaedc, 0xaedc, 0xaedc, 
	0xaedc, 0xaedc, 0xaedc, 0xaedc, 0xaedc, 0xaedc, 0xaedc, 0xaedc, 0xaedc, 0xaedc, 0xaedc, 0xaedc, 0xaedc, 0xaedc, 0xaedc, 0xaedc, 
	0xaedc, 0xaedc, 0xaedc, 0xaedc, 0xaedc, 0xaedc, 0xaedc, 0xaedc, 0xaedc, 0xaedc, 0xaedc, 0xaedc, 0xaedc, 0xaedc, 0xaedc, 0xaedc, 
	0xaedc, 0xaedc, 0xaedc, 0xaedc, 0xaedc, 0xaedc, 0xaedc, 0xaedc, 0xaedc, 0xaedc, 0xaedc, 0xaedc, 0xaedc, 0xaedc, 0xaedc, 0xaedc, 
	0xaedc, 0xaedc, 0xaedc, 0xaedc, 0xaedc, 0xaedc, 0xaedc, 0xaedc, 0xaedc, 0xaedc, 0xaedc, 0xaedc, 0xaedc, 0xaedc, 0xaedc, 0xaedc, 
	0xaedc, 0xaedc, 0xaedc, 0xaedc, 0xaedc, 0xaedc, 0xaedc, 0xaedc, 0xaedc, 0xaedc, 0xaedc, 0xaedc, 0xaedc, 0xaedc, 0xaedc, 0xaedc, 
	0xaedc, 0xaedc, 0xaedc, 0xaedc, 0xaedc, 0xaedc, 0xaedc, 0xaedc, 0xaedc, 0xaedc, 0xaedc, 0xaedc, 0xaedc, 0xaedc, 0xaedc, 0xaedc, 
	0xaedc, 0xaedc, 0xaedc, 0xaedc, 0xaedc, 0xaedc, 0xaedc, 0xaedc, 0xaedc, 0xaedc, 0xaedc, 0xaedc, 0xaedc, 0xaedc, 0xaedc, 0xaedc, 
	0xaedc, 0xaedc, 0xaedc, 0xaedc, 0xaedc, 0xaedc, 0xaedc, 0xaedc, 0xaedc, 0xaedc, 0xaedc, 0xaedc, 0xaedc, 0xaedc, 0xaedc, 0xaedc, 
	0xaedc, 0xaedc, 0xaedc, 0xaedc, 0xaedc, 0xaedc, 0xaedc, 0xaedc, 0xaedc, 0xa69b, 0x5b6e, 0x31a6, 0x3186, 0x3186, 0x29a7, 0x31a6, 
	0x31a6, 0x3186, 0x3186, 0x3186, 0x3186, 0x3186, 0x3186, 0x3186, 0x3186, 0x31a6, 0x3186, 0x4207, 0xad13, 0xde99, 0xd679, 0xde9a, 
	0xde99, 0xde99, 0xde9a, 0xde9a, 0xde99, 0xde99, 0xde99, 0xde99, 0xde79, 0xde9a, 0xd679, 0xde99, 0xdeba, 0xd699, 0xdeba, 0xd699, 
	0xde99, 0xde99, 0xde79, 0xd659, 0x9c72, 0x4a28, 0x31a6, 0x31a6, 0x31a6, 0x31a6, 0x5a69, 0xb4f2, 0xfed9, 0xfef9, 0xfef9, 0xfef9, 
	0xfefa, 0xe637, 0x83ad, 0x39e7, 0x31a6, 0x3186, 0x39a6, 0x734c, 0xe658, 0xff3b, 0xfefa, 0xfef9, 0xfef9, 0xff1a, 0xfefa, 0xfefa, 
	0xfef9, 0xfef9, 0xfef9, 0xfef9, 0xfef9, 0xfef9, 0xfef9, 0xfef9, 0xfef9, 0xfef9, 0xfef9, 0xfef9, 0xfef9, 0xfef9, 0xfef9, 0xfef9, 
	0xfed9, 0xff1a, 0xfed9, 0xfef9, 0xff1a, 0xde37, 0x62eb, 0x31a7, 0x31a6, 0x31a6, 0x4acc, 0x9e19, 0xaedc, 0xb6dd, 0xaebc, 0xaefc, 
	0xaedc, 0xaedc, 0xaedc, 0xaedc, 0xaedc, 0xaedc, 0xaedc, 0xaedc, 0xaedc, 0xaedc, 0xaedc, 0xaedc, 0xaedc, 0xaedc, 0xaedc, 0xaedc, 
	0xaedc, 0xaedc, 0xaedc, 0xaedc, 0xaedc, 0xaedc, 0xaedc, 0xaedc, 0xaedc, 0xaedc, 0xaedc, 0xaedc, 0xaedc, 0xaedc, 0xaedc, 0xaedc, 
	0xaedc, 0xaedc, 0xaedc, 0xaedc, 0xaedc, 0xaedc, 0xaedc, 0xaedc, 0xaedc, 0xaedc, 0xaedc, 0xaedc, 0xaedc, 0xaedc, 0xaedc, 0xaedc, 
	0xaedc, 0xaedc, 0xaedc, 0xaedc, 0xaedc, 0xaedc, 0xaedc, 0xaedc, 0xaedc, 0xaedc, 0xaedc, 0xaedc, 0xaedc, 0xaedc, 0xaedc, 0xaedc, 
	0xaedc, 0xaedc, 0xaedc, 0xaedc, 0xaedc, 0xaedc, 0xaedc, 0xaedc, 0xaedc, 0xaedc, 0xaedc, 0xaedc, 0xaedc, 0xaedc, 0xaedc, 0xaedc, 
	0xaedc, 0xaedc, 0xaedc, 0xaedc, 0xaedc, 0xaedc, 0xaedc, 0xaedc, 0xaedc, 0xaedc, 0xaedc, 0xaedc, 0xaedc, 0xaedc, 0xaedc, 0xaedc, 
	0xaedc, 0xaedc, 0xaedc, 0xaedc, 0xaedc, 0xaedc, 0xaedc, 0xaedc, 0xaedc, 0xaedc, 0xaedc, 0xaedc, 0xaedc, 0xaedc, 0xaedc, 0xaedc, 
	0xaedc, 0xaedc, 0xaedc, 0xaedc, 0xaedc, 0xaedc, 0xaedc, 0xaedc, 0xaedc, 0xaedc, 0xaedc, 0xaedc, 0xaedc, 0xaedc, 0xaedc, 0xaedc, 
	0xaedc, 0xaedc, 0xaedc, 0xaedc, 0xaedc, 0xaedc, 0xaedc, 0xaedc, 0xaedc, 0xaedc, 0xaedc, 0xaedc, 0xaedc, 0xaedc, 0xaedc, 0xaedc, 
	0xaedc, 0xaedc, 0xaedc, 0xaedc, 0xaedc, 0xaedc, 0xaedc, 0xaedc, 0xaefd, 0xae9b, 0x6c31, 0x31c7, 0x2965, 0x39a6, 0x3186, 0x3186, 
	0x3186, 0x31a6, 0x3186, 0x3186, 0x3186, 0x3186, 0x3186, 0x3986, 0x3186, 0x31a6, 0x2966, 0x4228, 0xa4d3, 0xde79, 0xde99, 0xd699, 
	0xde9a, 0xd679, 0xd679, 0xde99, 0xde99, 0xde99, 0xde9a, 0xde9a, 0xde99, 0xde9a, 0xde99, 0xde99, 0xde99, 0xde9a, 0xde9a, 0xde99, 
	0xde99, 0xd679, 0xde99, 0xde9a, 0xd659, 0x9492, 0x4a49, 0x31a6, 0x31a6, 0x31a6, 0x31a6, 0x5a89, 0xb513, 0xf6fa, 0xfef9, 0xfef9, 
	0xfefa, 0xfeda, 0xde17, 0x83ad, 0x41e7, 0x3186, 0x41c6, 0x9430, 0xfeb9, 0xfef9, 0xfefa, 0xfef9, 0xfef9, 0xfef9, 0xfef9, 0xfef9, 
	0xfef9, 0xfef9, 0xfef9, 0xfef9, 0xfef9, 0xfef9, 0xfef9, 0xfef9, 0xfef9, 0xfef9, 0xfef9, 0xfef9, 0xfef9, 0xfef9, 0xfef9, 0xfef9, 
	0xfef9, 0xfef9, 0xfef9, 0xfef9, 0xff1a, 0xf698, 0x940f, 0x39c6, 0x31a6, 0x3186, 0x3a49, 0x8d35, 0xb6dd, 0xaebc, 0xaedc, 0xb71d, 
	0xaedc, 0xb6dd, 0xaedc, 0xaebc, 0xaedc, 0xb6fd, 0xaedc, 0xaedc, 0xaedc, 0xaedc, 0xaedc, 0xaedc, 0xaedc, 0xaedc, 0xaedc, 0xaedc, 
	0xaedc, 0xaedc, 0xaedc, 0xaedc, 0xaedc, 0xaedc, 0xaedc, 0xaedc, 0xaedc, 0xaedc, 0xaedc, 0xaedc, 0xaedc, 0xaedc, 0xaedc, 0xaedc, 
	0xaedc, 0xaedc, 0xaedc, 0xaedc, 0xaedc, 0xaedc, 0xaedc, 0xaedc, 0xaedc, 0xaedc, 0xaedc, 0xaedc, 0xaedc, 0xaedc, 0xaedc, 0xaedc, 
	0xaedc, 0xaedc, 0xaedc, 0xaedc, 0xaedc, 0xaedc, 0xaedc, 0xaedc, 0xaedc, 0xaedc, 0xaedc, 0xaedc, 0xaedc, 0xaedc, 0xaedc, 0xaedc, 
	0xaedc, 0xaedc, 0xaedc, 0xaedc, 0xaedc, 0xaedc, 0xaedc, 0xaedc, 0xaedc, 0xaedc, 0xaedc, 0xaedc, 0xaedc, 0xaedc, 0xaedc, 0xaedc, 
	0xaedc, 0xaedc, 0xaedc, 0xaedc, 0xaedc, 0xaedc, 0xaedc, 0xaedc, 0xaedc, 0xaedc, 0xaedc, 0xaedc, 0xaedc, 0xaedc, 0xaedc, 0xaedc, 
	0xaedc, 0xaedc, 0xaedc, 0xaedc, 0xaedc, 0xaedc, 0xaedc, 0xaedc, 0xaedc, 0xaedc, 0xaedc, 0xaedc, 0xaedc, 0xaedc, 0xaedc, 0xaedc, 
	0xaedc, 0xaedc, 0xaedc, 0xaedc, 0xaedc, 0xaedc, 0xaedc, 0xaedc, 0xaedc, 0xaedc, 0xaedc, 0xaedc, 0xaedc, 0xaedc, 0xaedc, 0xaedc, 
	0xaedc, 0xaedc, 0xaedc, 0xaedc, 0xaedc, 0xaedc, 0xaedc, 0xaedc, 0xaedc, 0xaedc, 0xaedc, 0xaedc, 0xaedc, 0xaedc, 0xaedc, 0xaedc, 
	0xaedc, 0xaedc, 0xaedc, 0xaedc, 0xaedc, 0xaedc, 0xaedc, 0xaedc, 0xaedd, 0xaedc, 0x9577, 0x5b8e, 0x426a, 0x3a28, 0x3208, 0x3a29, 
	0x3a09, 0x4229, 0x3a09, 0x3a09, 0x4229, 0x4229, 0x3a09, 0x31c7, 0x31a6, 0x3186, 0x3186, 0x39e7, 0x9c92, 0xde99, 0xde9a, 0xde9a, 
	0xde99, 0xde9a, 0xdeba, 0xdeba, 0xde99, 0xde99, 0xde99, 0xde99, 0xd679, 0xde99, 0xde9a, 0xde9a, 0xde99, 0xde99, 0xde99, 0xde9a, 
	0xdeba, 0xde99, 0xde99, 0xde79, 0xde9a, 0xce38, 0x9492, 0x4a49, 0x39a6, 0x3186, 0x3186, 0x39a6, 0x5a69, 0xacd2, 0xfef9, 0xfef9, 
	0xfef9, 0xff1a, 0xfef9, 0xde57, 0x9c70, 0x7b6c, 0x9c70, 0xde17, 0xfed9, 0xfef9, 0xfefa, 0xfef9, 0xfef9, 0xfef9, 0xfefa, 0xfef9, 
	0xfef9, 0xfef9, 0xfef9, 0xfef9, 0xfef9, 0xfef9, 0xfef9, 0xfef9, 0xfef9, 0xfef9, 0xfef9, 0xfef9, 0xfef9, 0xfef9, 0xfef9, 0xfef9, 
	0xfed9, 0xfefa, 0xff1a, 0xfed9, 0xfef9, 0xfed9, 0xacf2, 0x41e7, 0x2965, 0x31a6, 0x31a7, 0x7c52, 0xb6dc, 0xaefd, 0xaefd, 0xae9c, 
	0xaedc, 0xaedc, 0xb6fd, 0xb6fd, 0xaedd, 0xaedc, 0xaedc, 0xaefd, 0xaedc, 0xaedc, 0xaedc, 0xaedc, 0xaedc, 0xaedc, 0xaedc, 0xaedc, 
	0xaedc, 0xaedc, 0xaedc, 0xaedc, 0xaedc, 0xaedc, 0xaedc, 0xaedc, 0xaedc, 0xaedc, 0xaedc, 0xaedc, 0xaedc, 0xaedc, 0xaedc, 0xaedc, 
	0xaedc, 0xaedc, 0xaedc, 0xaedc, 0xaedc, 0xaedc, 0xaedc, 0xaedc, 0xaedc, 0xaedc, 0xaedc, 0xaedc, 0xaedc, 0xaedc, 0xaedc, 0xaedc, 
	0xaedc, 0xaedc, 0xaedc, 0xaedc, 0xaedc, 0xaedc, 0xaedc, 0xaedc, 0xaedc, 0xaedc, 0xaedc, 0xaedc, 0xaedc, 0xaedc, 0xaedc, 0xaedc, 
	0xaedc, 0xaedc, 0xaedc, 0xaedc, 0xaedc, 0xaedc, 0xaedc, 0xaedc, 0xaedc, 0xaedc, 0xaedc, 0xaedc, 0xaedc, 0xaedc, 0xaedc, 0xaedc, 
	0xaedc, 0xaedc, 0xaedc, 0xaedc, 0xaedc, 0xaedc, 0xaedc, 0xaedc, 0xaedc, 0xaedc, 0xaedc, 0xaedc, 0xaedc, 0xaedc, 0xaedc, 0xaedc, 
	0xaedc, 0xaedc, 0xaedc, 0xaedc, 0xaedc, 0xaedc, 0xaedc, 0xaedc, 0xaedc, 0xaedc, 0xaedc, 0xaedc, 0xaedc, 0xaedc, 0xaedc, 0xaedc, 
	0xaedc, 0xaedc, 0xaedc, 0xaedc, 0xaedc, 0xaedc, 0xaedc, 0xaedc, 0xaedc, 0xaedc, 0xaedc, 0xaedc, 0xaedc, 0xaedc, 0xaedc, 0xaedc, 
	0xaedc, 0xaedc, 0xaedc, 0xaedc, 0xaedc, 0xaedc, 0xaedc, 0xaedc, 0xaedc, 0xaedc, 0xaedc, 0xaedc, 0xaedc, 0xaedc, 0xaedc, 0xaedc, 
	0xaedc, 0xaedc, 0xaedc, 0xaedc, 0xaedc, 0xaedc, 0xaedc, 0xaedc, 0xaedd, 0xb6fd, 0xaebc, 0xa619, 0x8d56, 0x8d35, 0x8d36, 0x8d56, 
	0x8d35, 0x8d56, 0x8d35, 0x8d35, 0x8d35, 0x8d56, 0x8515, 0x7472, 0x4228, 0x3186, 0x31a6, 0x31a6, 0x7bcf, 0xce59, 0xde99, 0xde99, 
	0xde99, 0xde99, 0xde99, 0xd679, 0xde99, 0xde9a, 0xde9a, 0xde99, 0xdeba, 0xde9a, 0xde99, 0xde99, 0xde99, 0xde99, 0xde99, 0xde9a, 
	0xd699, 0xde9a, 0xdeba, 0xde9a, 0xd679, 0xdeba, 0xce59, 0x9492, 0x4a29, 0x3186, 0x31a6, 0x3186, 0x3185, 0x62ca, 0xacf2, 0xf6da, 
	0xfef9, 0xfef9, 0xfed8, 0xfef9, 0xf6b9, 0xee98, 0xf698, 0xfefa, 0xfef9, 0xfefa, 0xfefa, 0xfef9, 0xfef9, 0xfef9, 0xfefa, 0xfef9, 
	0xfef9, 0xfef9, 0xfef9, 0xfef9, 0xfef9, 0xfef9, 0xfef9, 0xfef9, 0xfef9, 0xfef9, 0xfef9, 0xfef9, 0xfef9, 0xfef9, 0xfef9, 0xfef9, 
	0xfefa, 0xfef9, 0xfefa, 0xfef9, 0xfef9, 0xfefa, 0xcdd6, 0x5a69, 0x3186, 0x3186, 0x3186, 0x5b4d, 0x9e19, 0xaefd, 0xaedd, 0xb6bd, 
	0xaedc, 0xaebc, 0xaebc, 0xaedc, 0xaedc, 0xaedc, 0xaedd, 0xaedd, 0xaedc, 0xaedc, 0xaedc, 0xaedc, 0xaedc, 0xaedc, 0xaedc, 0xaedc, 
	0xaedc, 0xaedc, 0xaedc, 0xaedc, 0xaedc, 0xaedc, 0xaedc, 0xaedc, 0xaedc, 0xaedc, 0xaedc, 0xaedc, 0xaedc, 0xaedc, 0xaedc, 0xaedc, 
	0xaedc, 0xaedc, 0xaedc, 0xaedc, 0xaedc, 0xaedc, 0xaedc, 0xaedc, 0xaedc, 0xaedc, 0xaedc, 0xaedc, 0xaedc, 0xaedc, 0xaedc, 0xaedc, 
	0xaedc, 0xaedc, 0xaedc, 0xaedc, 0xaedc, 0xaedc, 0xaedc, 0xaedc, 0xaedc, 0xaedc, 0xaedc, 0xaedc, 0xaedc, 0xaedc, 0xaedc, 0xaedc, 
	0xaedc, 0xaedc, 0xaedc, 0xaedc, 0xaedc, 0xaedc, 0xaedc, 0xaedc, 0xaedc, 0xaedc, 0xaedc, 0xaedc, 0xaedc, 0xaedc, 0xaedc, 0xaedc, 
	0xaedc, 0xaedc, 0xaedc, 0xaedc, 0xaedc, 0xaedc, 0xaedc, 0xaedc, 0xaedc, 0xaedc, 0xaedc, 0xaedc, 0xaedc, 0xaedc, 0xaedc, 0xaedc, 
	0xaedc, 0xaedc, 0xaedc, 0xaedc, 0xaedc, 0xaedc, 0xaedc, 0xaedc, 0xaedc, 0xaedc, 0xaedc, 0xaedc, 0xaedc, 0xaedc, 0xaedc, 0xaedc, 
	0xaedc, 0xaedc, 0xaedc, 0xaedc, 0xaedc, 0xaedc, 0xaedc, 0xaedc, 0xaedc, 0xaedc, 0xaedc, 0xaedc, 0xaedc, 0xaedc, 0xaedc, 0xaedc, 
	0xaedc, 0xaedc, 0xaedc, 0xaedc, 0xaedc, 0xaedc, 0xaedc, 0xaedc, 0xaedc, 0xaedc, 0xaedc, 0xaedc, 0xaedc, 0xaedc, 0xaedc, 0xaedc, 
	0xaedc, 0xaedc, 0xaedc, 0xaedc, 0xaedc, 0xaedc, 0xaedc, 0xaedc, 0xaedc, 0xaebc, 0xaedd, 0xb6dd, 0xaedc, 0xb6dd, 0xb6fd, 0xb6dc, 
	0xb6fd, 0xaefd, 0xaefc, 0xaefd, 0xaefc, 0xaefd, 0xaedc, 0x9619, 0x52aa, 0x2986, 0x3185, 0x31a6, 0x5aca, 0xbdd7, 0xdeba, 0xde79, 
	0xde9a, 0xde9a, 0xde9a, 0xde99, 0xde9a, 0xde9a, 0xde99, 0xde99, 0xd679, 0xd679, 0xd679, 0xde9a, 0xde9a, 0xde9a, 0xde99, 0xde99, 
	0xdeba, 0xde99, 0xd679, 0xde99, 0xde99, 0xde99, 0xde9a, 0xce38, 0x9c92, 0x4a49, 0x3186, 0x31a7, 0x31a6, 0x3185, 0x5a89, 0xacf3, 
	0xf6d8, 0xfef9, 0xfef9, 0xff1a, 0xfef9, 0xff1a, 0xff1a, 0xfef9, 0xfefa, 0xfefa, 0xfef9, 0xfef9, 0xfef9, 0xfefa, 0xfefa, 0xfef9, 
	0xfef9, 0xfef9, 0xfef9, 0xfef9, 0xfef9, 0xfef9, 0xfef9, 0xfef9, 0xfef9, 0xfef9, 0xfef9, 0xfef9, 0xfef9, 0xfef9, 0xfef9, 0xfef9, 
	0xfef9, 0xfed9, 0xfef9, 0xfefa, 0xfef9, 0xfefa, 0xe678, 0x734c, 0x31a6, 0x3186, 0x31a6, 0x3a08, 0x6c31, 0xa65a, 0xaedc, 0xb6dd, 
	0xaefc, 0xaefd, 0xaedd, 0xaedd, 0xaedc, 0xaedc, 0xb6fd, 0xaebc, 0xaedc, 0xaedc, 0xaedc, 0xaedc, 0xaedc, 0xaedc, 0xaedc, 0xaedc, 
	0xaedc, 0xaedc, 0xaedc, 0xaedc, 0xaedc, 0xaedc, 0xaedc, 0xaedc, 0xaedc, 0xaedc, 0xaedc, 0xaedc, 0xaedc, 0xaedc, 0xaedc, 0xaedc, 
	0xaedc, 0xaedc, 0xaedc, 0xaedc, 0xaedc, 0xaedc, 0xaedc, 0xaedc, 0xaedc, 0xaedc, 0xaedc, 0xaedc, 0xaedc, 0xaedc, 0xaedc, 0xaedc, 
	0xaedc, 0xaedc, 0xaedc, 0xaedc, 0xaedc, 0xaedc, 0xaedc, 0xaedc, 0xaedc, 0xaedc, 0xaedc, 0xaedc, 0xaedc, 0xaedc, 0xaedc, 0xaedc, 
	0xaedc, 0xaedc, 0xaedc, 0xaedc, 0xaedc, 0xaedc, 0xaedc, 0xaedc, 0xaedc, 0xaedc, 0xaedc, 0xaedc, 0xaedc, 0xaedc, 0xaedc, 0xaedc, 
	0xaedc, 0xaedc, 0xaedc, 0xaedc, 0xaedc, 0xaedc, 0xaedc, 0xaedc, 0xaedc, 0xaedc, 0xaedc, 0xaedc, 0xaedc, 0xaedc, 0xaedc, 0xaedc, 
	0xaedc, 0xaedc, 0xaedc, 0xaedc, 0xaedc, 0xaedc, 0xaedc, 0xaedc, 0xaedc, 0xaedc, 0xaedc, 0xaedc, 0xaedc, 0xaedc, 0xaedc, 0xaedc, 
	0xaedc, 0xaedc, 0xaedc, 0xaedc, 0xaedc, 0xaedc, 0xaedc, 0xaedc, 0xaedc, 0xaedc, 0xaedc, 0xaedc, 0xaedc, 0xaedc, 0xaedc, 0xaedc, 
	0xaedc, 0xaedc, 0xaedc, 0xaedc, 0xaedc, 0xaedc, 0xaedc, 0xaedc, 0xaedc, 0xaedc, 0xaedc, 0xaedc, 0xaedc, 0xaedc, 0xaedc, 0xaedc, 
	0xaedc, 0xaedc, 0xaedc, 0xaedc, 0xaedc, 0xaedc, 0xaedc, 0xaedc, 0xb6dc, 0xb6fc, 0xaedd, 0xaedd, 0xaedd, 0xaedd, 0xaedc, 0xaedc, 
	0xb6dd, 0xaedc, 0xaedc, 0xb6dd, 0xaedc, 0xb6dd, 0xb6dd, 0xa67b, 0x638e, 0x31a7, 0x31a6, 0x31a6, 0x39e7, 0x8c71, 0xd679, 0xde79, 
	0xd679, 0xde99, 0xde9a, 0xde9a, 0xde9a, 0xde99, 0xd679, 0xdeba, 0xde9a, 0xde9a, 0xde99, 0xde99, 0xde99, 0xd679, 0xde99, 0xdeba, 
	0xde99, 0xde99, 0xde99, 0xde79, 0xde9a, 0xde9a, 0xd679, 0xde9a, 0xd659, 0x9492, 0x4a49, 0x2986, 0x31c7, 0x2986, 0x39a6, 0x5a8a, 
	0xb513, 0xf6d9, 0xfef9, 0xfed9, 0xfef9, 0xfef9, 0xfef9, 0xfef9, 0xfef9, 0xfef9, 0xfef9, 0xfef9, 0xfef9, 0xfefa, 0xfef9, 0xfef9, 
	0xfef9, 0xfef9, 0xfef9, 0xfef9, 0xfef9, 0xfef9, 0xfef9, 0xfef9, 0xfef9, 0xfef9, 0xfef9, 0xfef9, 0xfef9, 0xfef9, 0xfef9, 0xfef9, 
	0xfed9, 0xff1a, 0xfefa, 0xfed9, 0xfef9, 0xfefa, 0xf6d9, 0xa470, 0x31a6, 0x31a6, 0x31a6, 0x2965, 0x4229, 0x7431, 0xa65a, 0xaefc, 
	0xaebc, 0xaedc, 0xaedc, 0xaefd, 0xaedc, 0xaebc, 0xaedd, 0xaedc, 0xaedc, 0xaedc, 0xaedc, 0xaedc, 0xaedc, 0xaedc, 0xaedc, 0xaedc, 
	0xaedc, 0xaedc, 0xaedc, 0xaedc, 0xaedc, 0xaedc, 0xaedc, 0xaedc, 0xaedc, 0xaedc, 0xaedc, 0xaedc, 0xaedc, 0xaedc, 0xaedc, 0xaedc, 
	0xaedc, 0xaedc, 0xaedc, 0xaedc, 0xaedc, 0xaedc, 0xaedc, 0xaedc, 0xaedc, 0xaedc, 0xaedc, 0xaedc, 0xaedc, 0xaedc, 0xaedc, 0xaedc, 
	0xaedc, 0xaedc, 0xaedc, 0xaedc, 0xaedc, 0xaedc, 0xaedc, 0xaedc, 0xaedc, 0xaedc, 0xaedc, 0xaedc, 0xaedc, 0xaedc, 0xaedc, 0xaedc, 
	0xaedc, 0xaedc, 0xaedc, 0xaedc, 0xaedc, 0xaedc, 0xaedc, 0xaedc, 0xaedc, 0xaedc, 0xaedc, 0xaedc, 0xaedc, 0xaedc, 0xaedc, 0xaedc, 
	0xaedc, 0xaedc, 0xaedc, 0xaedc, 0xaedc, 0xaedc, 0xaedc, 0xaedc, 0xaedc, 0xaedc, 0xaedc, 0xaedc, 0xaedc, 0xaedc, 0xaedc, 0xaedc, 
	0xaedc, 0xaedc, 0xaedc, 0xaedc, 0xaedc, 0xaedc, 0xaedc, 0xaedc, 0xaedc, 0xaedc, 0xaedc, 0xaedc, 0xaedc, 0xaedc, 0xaedc, 0xaedc, 
	0xaedc, 0xaedc, 0xaedc, 0xaedc, 0xaedc, 0xaedc, 0xaedc, 0xaedc, 0xaedc, 0xaedc, 0xaedc, 0xaedc, 0xaedc, 0xaedc, 0xaedc, 0xaedc, 
	0xaedc, 0xaedc, 0xaedc, 0xaedc, 0xaedc, 0xaedc, 0xaedc, 0xaedc, 0xaedc, 0xaedc, 0xaedc, 0xaedc, 0xaedc, 0xaedc, 0xaedc, 0xaedc, 
	0xaedc, 0xaedc, 0xaedc, 0xaedc, 0xaedc, 0xaedc, 0xaedc, 0xaedc, 0xaebc, 0xb6dc, 0xaedc, 0xaedc, 0xaedc, 0xaedc, 0xaedc, 0xaefd, 
	0xaedc, 0xaedc, 0xaedc, 0xb6fd, 0xaedc, 0xaebc, 0xb6dd, 0xaebc, 0x84f4, 0x3a29, 0x2986, 0x31a6, 0x3186, 0x52aa, 0xad55, 0xde99, 
	0xde9a, 0xde9a, 0xd679, 0xd679, 0xde9a, 0xde9a, 0xde99, 0xdeba, 0xde99, 0xde99, 0xde99, 0xde99, 0xde9a, 0xde9a, 0xde99, 0xd679, 
	0xd679, 0xd679, 0xdeba, 0xde9a, 0xd679, 0xde99, 0xde79, 0xde99, 0xd679, 0xd659, 0x9491, 0x4a49, 0x31a6, 0x31a7, 0x3186, 0x31a6, 
	0x5228, 0xb513, 0xf6d9, 0xfefa, 0xfefa, 0xff1a, 0xfef9, 0xff19, 0xfef9, 0xfef9, 0xfef9, 0xfef9, 0xfefa, 0xfefa, 0xfef9, 0xfef9, 
	0xfef9, 0xfef9, 0xfef9, 0xfef9, 0xfef9, 0xfef9, 0xfef9, 0xfef9, 0xfef9, 0xfef9, 0xfef9, 0xfef9, 0xfef9, 0xfef9, 0xfef9, 0xfef9, 
	0xfef9, 0xff1a, 0xfefa, 0xfed9, 0xfefa, 0xfef9, 0xff1a, 0xd5d6, 0x6b0b, 0x39a6, 0x2985, 0x31a6, 0x3166, 0x3a08, 0x7451, 0x9e7a, 
	0xb6dc, 0xb6dc, 0xaebc, 0xaedc, 0xaefd, 0xaebc, 0xaedc, 0xb6dd, 0xaedc, 0xaedc, 0xaedc, 0xaedc, 0xaedc, 0xaedc, 0xaedc, 0xaedc, 
	0xaedc, 0xaedc, 0xaedc, 0xaedc, 0xaedc, 0xaedc, 0xaedc, 0xaedc, 0xaedc, 0xaedc, 0xaedc, 0xaedc, 0xaedc, 0xaedc, 0xaedc, 0xaedc, 
	0xaedc, 0xaedc, 0xaedc, 0xaedc, 0xaedc, 0xaedc, 0xaedc, 0xaedc, 0xaedc, 0xaedc, 0xaedc, 0xaedc, 0xaedc, 0xaedc, 0xaedc, 0xaedc, 
	0xaedc, 0xaedc, 0xaedc, 0xaedc, 0xaedc, 0xaedc, 0xaedc, 0xaedc, 0xaedc, 0xaedc, 0xaedc, 0xaedc, 0xaedc, 0xaedc, 0xaedc, 0xaedc, 
	0xaedc, 0xaedc, 0xaedc, 0xaedc, 0xaedc, 0xaedc, 0xaedc, 0xaedc, 0xaedc, 0xaedc, 0xaedc, 0xaedc, 0xaedc, 0xaedc, 0xaedc, 0xaedc, 
	0xaedc, 0xaedc, 0xaedc, 0xaedc, 0xaedc, 0xaedc, 0xaedc, 0xaedc, 0xaedc, 0xaedc, 0xaedc, 0xaedc, 0xaedc, 0xaedc, 0xaedc, 0xaedc, 
	0xaedc, 0xaedc, 0xaedc, 0xaedc, 0xaedc, 0xaedc, 0xaedc, 0xaedc, 0xaedc, 0xaedc, 0xaedc, 0xaedc, 0xaedc, 0xaedc, 0xaedc, 0xaedc, 
	0xaedc, 0xaedc, 0xaedc, 0xaedc, 0xaedc, 0xaedc, 0xaedc, 0xaedc, 0xaedc, 0xaedc, 0xaedc, 0xaedc, 0xaedc, 0xaedc, 0xaedc, 0xaedc, 
	0xaedc, 0xaedc, 0xaedc, 0xaedc, 0xaedc, 0xaedc, 0xaedc, 0xaedc, 0xaedc, 0xaedc, 0xaedc, 0xaedc, 0xaedc, 0xaedc, 0xaedc, 0xaedc, 
	0xaedc, 0xaedc, 0xaedc, 0xaedc, 0xaedc, 0xaedc, 0xaedc, 0xaedc, 0xaedd, 0xaedc, 0xaedc, 0xb6dc, 0xaedc, 0xaedc, 0xaedd, 0xaebc, 
	0xaefd, 0xaefd, 0xaefc, 0xaefd, 0xaedc, 0xaedc, 0xaedd, 0xaedc, 0x9e19, 0x534e, 0x29a6, 0x3185, 0x3186, 0x39c7, 0x6b6d, 0xb575, 
	0xd679, 0xdeba, 0xdeba, 0xd679, 0xde9a, 0xdeba, 0xde99, 0xd679, 0xd679, 0xde9a, 0xdeba, 0xde99, 0xd679, 0xde99, 0xde9a, 0xdeba, 
	0xdeba, 0xd679, 0xd679, 0xde99, 0xd679, 0xde9a, 0xde9a, 0xd679, 0xde99, 0xde99, 0xd658, 0x9471, 0x4a49, 0x3186, 0x31a6, 0x3186, 
	0x39a7, 0x5269, 0xacf2, 0xf6d9, 0xfed9, 0xff1a, 0xfefa, 0xfef9, 0xfef9, 0xfef9, 0xfef9, 0xfef9, 0xfef9, 0xfef9, 0xfef9, 0xfef9, 
	0xfef9, 0xfef9, 0xfef9, 0xfef9, 0xfef9, 0xfef9, 0xfef9, 0xfef9, 0xfef9, 0xfef9, 0xfef9, 0xfef9, 0xfef9, 0xfef9, 0xfef9, 0xfef9, 
	0xff1a, 0xfef9, 0xfed9, 0xfefa, 0xff1a, 0xfef9, 0xfef9, 0xfed9, 0xc595, 0x6aeb, 0x31a6, 0x31a6, 0x31a6, 0x2965, 0x3a28, 0x7431, 
	0xa63a, 0xb6dc, 0xb6dc, 0xaedc, 0xaefd, 0xaedc, 0xaedc, 0xaebc, 0xaedc, 0xaedc, 0xaedc, 0xaedc, 0xaedc, 0xaedc, 0xaedc, 0xaedc, 
	0xaedc, 0xaedc, 0xaedc, 0xaedc, 0xaedc, 0xaedc, 0xaedc, 0xaedc, 0xaedc, 0xaedc, 0xaedc, 0xaedc, 0xaedc, 0xaedc, 0xaedc, 0xaedc, 
	0xaedc, 0xaedc, 0xaedc, 0xaedc, 0xaedc, 0xaedc, 0xaedc, 0xaedc, 0xaedc, 0xaedc, 0xaedc, 0xaedc, 0xaedc, 0xaedc, 0xaedc, 0xaedc, 
	0xaedc, 0xaedc, 0xaedc, 0xaedc, 0xaedc, 0xaedc, 0xaedc, 0xaedc, 0xaedc, 0xaedc, 0xaedc, 0xaedc, 0xaedc, 0xaedc, 0xaedc, 0xaedc, 
	0xaedc, 0xaedc, 0xaedc, 0xaedc, 0xaedc, 0xaedc, 0xaedc, 0xaedc, 0xaedc, 0xaedc, 0xaedc, 0xaedc, 0xaedc, 0xaedc, 0xaedc, 0xaedc, 
	0xaedc, 0xaedc, 0xaedc, 0xaedc, 0xaedc, 0xaedc, 0xaedc, 0xaedc, 0xaedc, 0xaedc, 0xaedc, 0xaedc, 0xaedc, 0xaedc, 0xaedc, 0xaedc, 
	0xaedc, 0xaedc, 0xaedc, 0xaedc, 0xaedc, 0xaedc, 0xaedc, 0xaedc, 0xaedc, 0xaedc, 0xaedc, 0xaedc, 0xaedc, 0xaedc, 0xaedc, 0xaedc, 
	0xaedc, 0xaedc, 0xaedc, 0xaedc, 0xaedc, 0xaedc, 0xaedc, 0xaedc, 0xaedc, 0xaedc, 0xaedc, 0xaedc, 0xaedc, 0xaedc, 0xaedc, 0xaedc, 
	0xaedc, 0xaedc, 0xaedc, 0xaedc, 0xaedc, 0xaedc, 0xaedc, 0xaedc, 0xaedc, 0xaedc, 0xaedc, 0xaedc, 0xaedc, 0xaedc, 0xaedc, 0xaedc, 
	0xaedc, 0xaedc, 0xaedc, 0xaedc, 0xaedc, 0xaedc, 0xaedc, 0xaedc, 0xaefd, 0xaebc, 0xaedc, 0xb6dd, 0xaebc, 0xb6bc, 0xb6fd, 0xaebd, 
	0xaebc, 0xb6dd, 0xaedc, 0xaedc, 0xb6dd, 0xaedc, 0xb6dd, 0xb6bc, 0xaedc, 0x84f4, 0x4249, 0x3186, 0x3166, 0x31a6, 0x3186, 0x632b, 
	0xa4f3, 0xc5f7, 0xde9a, 0xde99, 0xde99, 0xde9a, 0xde99, 0xde9a, 0xde99, 0xde9a, 0xce38, 0xad34, 0x9c91, 0xa4d2, 0xbdb6, 0xd679, 
	0xd679, 0xde9a, 0xde99, 0xde99, 0xde99, 0xd699, 0xdeba, 0xd699, 0xd699, 0xde99, 0xd679, 0xd659, 0x9c92, 0x4a28, 0x31a6, 0x31a6, 
	0x2986, 0x31c6, 0x5268, 0xb4f1, 0xf6d9, 0xfeda, 0xfed9, 0xff1a, 0xfef9, 0xfef9, 0xfef9, 0xfef9, 0xfef9, 0xfef9, 0xfef9, 0xfefa, 
	0xfef9, 0xfef9, 0xfef9, 0xfef9, 0xfef9, 0xfef9, 0xfef9, 0xfef9, 0xfef9, 0xfef9, 0xfef9, 0xfef9, 0xfef9, 0xfef9, 0xfef9, 0xfef9, 
	0xff19, 0xfef9, 0xfefa, 0xfed9, 0xfed9, 0xff1a, 0xfef9, 0xfefa, 0xfeda, 0xcd95, 0x62eb, 0x31a6, 0x3185, 0x31a5, 0x3186, 0x4208, 
	0x6c73, 0xa63a, 0xb6dc, 0xaedc, 0xaedc, 0xaedc, 0xb6fd, 0xaedd, 0xaedc, 0xaedc, 0xaedc, 0xaedc, 0xaedc, 0xaedc, 0xaedc, 0xaedc, 
	0xaedc, 0xaedc, 0xaedc, 0xaedc, 0xaedc, 0xaedc, 0xaedc, 0xaedc, 0xaedc, 0xaedc, 0xaedc, 0xaedc, 0xaedc, 0xaedc, 0xaedc, 0xaedc, 
	0xaedc, 0xaedc, 0xaedc, 0xaedc, 0xaedc, 0xaedc, 0xaedc, 0xaedc, 0xaedc, 0xaedc, 0xaedc, 0xaedc, 0xaedc, 0xaedc, 0xaedc, 0xaedc, 
	0xaedc, 0xaedc, 0xaedc, 0xaedc, 0xaedc, 0xaedc, 0xaedc, 0xaedc, 0xaedc, 0xaedc, 0xaedc, 0xaedc, 0xaedc, 0xaedc, 0xaedc, 0xaedc, 
	0xaedc, 0xaedc, 0xaedc, 0xaedc, 0xaedc, 0xaedc, 0xaedc, 0xaedc, 0xaedc, 0xaedc, 0xaedc, 0xaedc, 0xaedc, 0xaedc, 0xaedc, 0xaedc, 
	0xaedc, 0xaedc, 0xaedc, 0xaedc, 0xaedc, 0xaedc, 0xaedc, 0xaedc, 0xaedc, 0xaedc, 0xaedc, 0xaedc, 0xaedc, 0xaedc, 0xaedc, 0xaedc, 
	0xaedc, 0xaedc, 0xaedc, 0xaedc, 0xaedc, 0xaedc, 0xaedc, 0xaedc, 0xaedc, 0xaedc, 0xaedc, 0xaedc, 0xaedc, 0xaedc, 0xaedc, 0xaedc, 
	0xaedc, 0xaedc, 0xaedc, 0xaedc, 0xaedc, 0xaedc, 0xaedc, 0xaedc, 0xaedc, 0xaedc, 0xaedc, 0xaedc, 0xaedc, 0xaedc, 0xaedc, 0xaedc, 
	0xaedc, 0xaedc, 0xaedc, 0xaedc, 0xaedc, 0xaedc, 0xaedc, 0xaedc, 0xaedc, 0xaedc, 0xaedc, 0xaedc, 0xaedc, 0xaedc, 0xaedc, 0xaedc, 
	0xaedc, 0xaedc, 0xaedc, 0xaedc, 0xaedc, 0xaedc, 0xaedc, 0xaedc, 0xaedc, 0xaedc, 0xaedc, 0xaedc, 0xaedc, 0xaedc, 0xaedc, 0xaedc, 
	0xaedc, 0xaedc, 0xaedc, 0xaedc, 0xaedc, 0xaedc, 0xaedc, 0xaedc, 0xaedc, 0xa67a, 0x6c11, 0x31e8, 0x31a6, 0x3186, 0x2945, 0x31a6, 
	0x4a49, 0x738e, 0x9cd2, 0xb555, 0xbd96, 0xbd96, 0xbd96, 0xbd96, 0xb596, 0x9cd3, 0x7bce, 0x4a49, 0x31a7, 0x4208, 0x630c, 0x8410, 
	0x9491, 0x9471, 0x8c30, 0x8410, 0x8c51, 0x8410, 0x8430, 0x8c30, 0x8c50, 0x840f, 0x8430, 0x8c50, 0x73ae, 0x5289, 0x31a6, 0x2965, 
	0x31a6, 0x3185, 0x3186, 0x5aa9, 0xacf2, 0xf6d9, 0xfefa, 0xfef9, 0xfef9, 0xfef9, 0xfef9, 0xfef9, 0xfef9, 0xfef9, 0xfef9, 0xfef9, 
	0xfef9, 0xfef9, 0xfef9, 0xfef9, 0xfef9, 0xfef9, 0xfef9, 0xfef9, 0xfef9, 0xfef9, 0xfef9, 0xfef9, 0xfef9, 0xfef9, 0xfef9, 0xfef9, 
	0xfef9, 0xff19, 0xfef9, 0xfed9, 0xfefa, 0xfefa, 0xfef9, 0xfef9, 0xfed9, 0xfed9, 0xc593, 0x6aea, 0x31a6, 0x31a7, 0x3186, 0x3186, 
	0x4228, 0x84d3, 0xaedc, 0xaefd, 0xaebc, 0xb6fc, 0xb6bc, 0xaedd, 0xaedc, 0xaedc, 0xaedc, 0xaedc, 0xaedc, 0xaedc, 0xaedc, 0xaedc, 
	0xaedc, 0xaedc, 0xaedc, 0xaedc, 0xaedc, 0xaedc, 0xaedc, 0xaedc, 0xaedc, 0xaedc, 0xaedc, 0xaedc, 0xaedc, 0xaedc, 0xaedc, 0xaedc, 
	0xaedc, 0xaedc, 0xaedc, 0xaedc, 0xaedc, 0xaedc, 0xaedc, 0xaedc, 0xaedc, 0xaedc, 0xaedc, 0xaedc, 0xaedc, 0xaedc, 0xaedc, 0xaedc, 
	0xaedc, 0xaedc, 0xaedc, 0xaedc, 0xaedc, 0xaedc, 0xaedc, 0xaedc, 0xaedc, 0xaedc, 0xaedc, 0xaedc, 0xaedc, 0xaedc, 0xaedc, 0xaedc, 
	0xaedc, 0xaedc, 0xaedc, 0xaedc, 0xaedc, 0xaedc, 0xaedc, 0xaedc, 0xaedc, 0xaedc, 0xaedc, 0xaedc, 0xaedc, 0xaedc, 0xaedc, 0xaedc, 
	0xaedc, 0xaedc, 0xaedc, 0xaedc, 0xaedc, 0xaedc, 0xaedc, 0xaedc, 0xaedc, 0xaedc, 0xaedc, 0xaedc, 0xaedc, 0xaedc, 0xaedc, 0xaedc, 
	0xaedc, 0xaedc, 0xaedc, 0xaedc, 0xaedc, 0xaedc, 0xaedc, 0xaedc, 0xaedc, 0xaedc, 0xaedc, 0xaedc, 0xaedc, 0xaedc, 0xaedc, 0xaedc, 
	0xaedc, 0xaedc, 0xaedc, 0xaedc, 0xaedc, 0xaedc, 0xaedc, 0xaedc, 0xaedc, 0xaedc, 0xaedc, 0xaedc, 0xaedc, 0xaedc, 0xaedc, 0xaedc, 
	0xaedc, 0xaedc, 0xaedc, 0xaedc, 0xaedc, 0xaedc, 0xaedc, 0xaedc, 0xaedc, 0xaedc, 0xaedc, 0xaedc, 0xaedc, 0xaedc, 0xaedc, 0xaedc, 
	0xaedc, 0xaedc, 0xaedc, 0xaedc, 0xaedc, 0xaedc, 0xaedc, 0xaedc, 0xaedc, 0xaedc, 0xaedc, 0xaedc, 0xaedc, 0xaedc, 0xaedc, 0xaedc, 
	0xaedc, 0xaedc, 0xaedc, 0xaedc, 0xaedc, 0xaedc, 0xaedc, 0xaedc, 0xaefd, 0xb6dc, 0xa5f8, 0x63af, 0x31a7, 0x3186, 0x39e7, 0x3185, 
	0x3186, 0x31c7, 0x4208, 0x4a69, 0x52aa, 0x52aa, 0x52aa, 0x5acb, 0x5269, 0x4a28, 0x39a6, 0x3186, 0x31a6, 0x3186, 0x3186, 0x39e7, 
	0x41e7, 0x41c7, 0x39a7, 0x3986, 0x39c7, 0x31a6, 0x39a6, 0x39a6, 0x39a6, 0x39a6, 0x39a6, 0x39a6, 0x39a6, 0x39a6, 0x39a6, 0x39a6, 
	0x3186, 0x31a7, 0x3186, 0x3165, 0x62aa, 0xc574, 0xff1a, 0xfed9, 0xfef9, 0xfef9, 0xfef9, 0xfef9, 0xfef9, 0xfef9, 0xfef9, 0xfef9, 
	0xfef9, 0xfef9, 0xfef9, 0xfef9, 0xfef9, 0xfef9, 0xfef9, 0xfef9, 0xfef9, 0xfef9, 0xfef9, 0xfef9, 0xfef9, 0xfef9, 0xfef9, 0xfef9, 
	0xfef9, 0xff1a, 0xfefa, 0xfef9, 0xfef9, 0xfed9, 0xfed9, 0xff1a, 0xff1a, 0xff1a, 0xf6d9, 0xacb2, 0x4a28, 0x3186, 0x31a6, 0x3186, 
	0x31a7, 0x63d0, 0xae9b, 0xaedd, 0xb6fd, 0xb6dc, 0xaebc, 0xaedd, 0xaedc, 0xaedc, 0xaedc, 0xaedc, 0xaedc, 0xaedc, 0xaedc, 0xaedc, 
	0xaedc, 0xaedc, 0xaedc, 0xaedc, 0xaedc, 0xaedc, 0xaedc, 0xaedc, 0xaedc, 0xaedc, 0xaedc, 0xaedc, 0xaedc, 0xaedc, 0xaedc, 0xaedc, 
	0xaedc, 0xaedc, 0xaedc, 0xaedc, 0xaedc, 0xaedc, 0xaedc, 0xaedc, 0xaedc, 0xaedc, 0xaedc, 0xaedc, 0xaedc, 0xaedc, 0xaedc, 0xaedc, 
	0xaedc, 0xaedc, 0xaedc, 0xaedc, 0xaedc, 0xaedc, 0xaedc, 0xaedc, 0xaedc, 0xaedc, 0xaedc, 0xaedc, 0xaedc, 0xaedc, 0xaedc, 0xaedc, 
	0xaedc, 0xaedc, 0xaedc, 0xaedc, 0xaedc, 0xaedc, 0xaedc, 0xaedc, 0xaedc, 0xaedc, 0xaedc, 0xaedc, 0xaedc, 0xaedc, 0xaedc, 0xaedc, 
	0xaedc, 0xaedc, 0xaedc, 0xaedc, 0xaedc, 0xaedc, 0xaedc, 0xaedc, 0xaedc, 0xaedc, 0xaedc, 0xaedc, 0xaedc, 0xaedc, 0xaedc, 0xaedc, 
	0xaedc, 0xaedc, 0xaedc, 0xaedc, 0xaedc, 0xaedc, 0xaedc, 0xaedc, 0xaedc, 0xaedc, 0xaedc, 0xaedc, 0xaedc, 0xaedc, 0xaedc, 0xaedc, 
	0xaedc, 0xaedc, 0xaedc, 0xaedc, 0xaedc, 0xaedc, 0xaedc, 0xaedc, 0xaedc, 0xaedc, 0xaedc, 0xaedc, 0xaedc, 0xaedc, 0xaedc, 0xaedc, 
	0xaedc, 0xaedc, 0xaedc, 0xaedc, 0xaedc, 0xaedc, 0xaedc, 0xaedc, 0xaedc, 0xaedc, 0xaedc, 0xaedc, 0xaedc, 0xaedc, 0xaedc, 0xaedc, 
	0xaedc, 0xaedc, 0xaedc, 0xaedc, 0xaedc, 0xaedc, 0xaedc, 0xaedc, 0xaedc, 0xaedc, 0xaedc, 0xaedc, 0xaedc, 0xaedc, 0xaedc, 0xaedc, 
	0xaedc, 0xaedc, 0xaedc, 0xaedc, 0xaedc, 0xaedc, 0xaedc, 0xaedc, 0xaedd, 0xaebc, 0xb6dc, 0xa619, 0x63d0, 0x3208, 0x2986, 0x3186, 
	0x3186, 0x3186, 0x3186, 0x3186, 0x3186, 0x31a6, 0x31a6, 0x2986, 0x3186, 0x39a6, 0x3185, 0x3165, 0x3186, 0x3186, 0x2965, 0x31a6, 
	0x31a6, 0x3186, 0x31a7, 0x3186, 0x3186, 0x31a6, 0x31a6, 0x3186, 0x3186, 0x31a6, 0x31a6, 0x3186, 0x3186, 0x3186, 0x3186, 0x2965, 
	0x31a6, 0x2986, 0x31a7, 0x3186, 0x39c6, 0x942f, 0xf6d9, 0xff1a, 0xfef9, 0xfef9, 0xfef9, 0xfef9, 0xfef9, 0xfef9, 0xfef9, 0xfef9, 
	0xfef9, 0xfef9, 0xfef9, 0xfef9, 0xfef9, 0xfef9, 0xfef9, 0xfef9, 0xfef9, 0xfef9, 0xfef9, 0xfef9, 0xfef9, 0xfef9, 0xfef9, 0xfef9, 
	0xfefa, 0xfed9, 0xfefa, 0xfefa, 0xfef9, 0xff1a, 0xff1a, 0xfed9, 0xfed9, 0xfefa, 0xe658, 0x8bae, 0x39c7, 0x31a6, 0x2986, 0x31c6, 
	0x31a7, 0x7411, 0xb6bc, 0xaedd, 0xaedc, 0xb6bc, 0xaedd, 0xaedd, 0xaedc, 0xaedc, 0xaedc, 0xaedc, 0xaedc, 0xaedc, 0xaedc, 0xaedc, 
	0xaedc, 0xaedc, 0xaedc, 0xaedc, 0xaedc, 0xaedc, 0xaedc, 0xaedc, 0xaedc, 0xaedc, 0xaedc, 0xaedc, 0xaedc, 0xaedc, 0xaedc, 0xaedc, 
	0xaedc, 0xaedc, 0xaedc, 0xaedc, 0xaedc, 0xaedc, 0xaedc, 0xaedc, 0xaedc, 0xaedc, 0xaedc, 0xaedc, 0xaedc, 0xaedc, 0xaedc, 0xaedc, 
	0xaedc, 0xaedc, 0xaedc, 0xaedc, 0xaedc, 0xaedc, 0xaedc, 0xaedc, 0xaedc, 0xaedc, 0xaedc, 0xaedc, 0xaedc, 0xaedc, 0xaedc, 0xaedc, 
	0xaedc, 0xaedc, 0xaedc, 0xaedc, 0xaedc, 0xaedc, 0xaedc, 0xaedc, 0xaedc, 0xaedc, 0xaedc, 0xaedc, 0xaedc, 0xaedc, 0xaedc, 0xaedc, 
	0xaedc, 0xaedc, 0xaedc, 0xaedc, 0xaedc, 0xaedc, 0xaedc, 0xaedc, 0xaedc, 0xaedc, 0xaedc, 0xaedc, 0xaedc, 0xaedc, 0xaedc, 0xaedc, 
	0xaedc, 0xaedc, 0xaedc, 0xaedc, 0xaedc, 0xaedc, 0xaedc, 0xaedc, 0xaedc, 0xaedc, 0xaedc, 0xaedc, 0xaedc, 0xaedc, 0xaedc, 0xaedc, 
	0xaedc, 0xaedc, 0xaedc, 0xaedc, 0xaedc, 0xaedc, 0xaedc, 0xaedc, 0xaedc, 0xaedc, 0xaedc, 0xaedc, 0xaedc, 0xaedc, 0xaedc, 0xaedc, 
	0xaedc, 0xaedc, 0xaedc, 0xaedc, 0xaedc, 0xaedc, 0xaedc, 0xaedc, 0xaedc, 0xaedc, 0xaedc, 0xaedc, 0xaedc, 0xaedc, 0xaedc, 0xaedc, 
	0xaedc, 0xaedc, 0xaedc, 0xaedc, 0xaedc, 0xaedc, 0xaedc, 0xaedc, 0xaedc, 0xaedc, 0xaedc, 0xaedc, 0xaedc, 0xaedc, 0xaedc, 0xaedc, 
	0xaedc, 0xaedc, 0xaedc, 0xaedc, 0xaedc, 0xaedc, 0xaedc, 0xaedc, 0xaefd, 0xaedd, 0xaedc, 0xaedc, 0xa63a, 0x7472, 0x42aa, 0x31c7, 
	0x31a7, 0x3186, 0x3186, 0x3186, 0x3165, 0x3186, 0x31a6, 0x3186, 0x3185, 0x3186, 0x2986, 0x31c6, 0x31a6, 0x31a6, 0x31a6, 0x3186, 
	0x29a6, 0x2986, 0x31a6, 0x31a6, 0x2985, 0x29a6, 0x31a6, 0x2986, 0x2986, 0x2986, 0x2986, 0x31a6, 0x31a6, 0x2986, 0x2986, 0x31a6, 
	0x31a6, 0x3186, 0x3186, 0x3186, 0x41e7, 0xa470, 0xf6d9, 0xfed9, 0xfef9, 0xfef9, 0xfef9, 0xfef9, 0xfef9, 0xfef9, 0xfef9, 0xfef9, 
	0xfef9, 0xfef9, 0xfef9, 0xfef9, 0xfef9, 0xfef9, 0xfef9, 0xfef9, 0xfef9, 0xfef9, 0xfef9, 0xfef9, 0xfef9, 0xfef9, 0xfef9, 0xfef9, 
	0xfefa, 0xfef9, 0xfef9, 0xfef9, 0xfef9, 0xfefa, 0xfefa, 0xfed9, 0xfefa, 0xe657, 0x8bee, 0x41e7, 0x3186, 0x3186, 0x31a6, 0x31c6, 
	0x5b4e, 0xa5f8, 0xb6dc, 0xaedd, 0xaebc, 0xb6bc, 0xb6fd, 0xaedd, 0xaedc, 0xaedc, 0xaedc, 0xaedc, 0xaedc, 0xaedc, 0xaedc, 0xaedc, 
	0xaedc, 0xaedc, 0xaedc, 0xaedc, 0xaedc, 0xaedc, 0xaedc, 0xaedc, 0xaedc, 0xaedc, 0xaedc, 0xaedc, 0xaedc, 0xaedc, 0xaedc, 0xaedc, 
	0xaedc, 0xaedc, 0xaedc, 0xaedc, 0xaedc, 0xaedc, 0xaedc, 0xaedc, 0xaedc, 0xaedc, 0xaedc, 0xaedc, 0xaedc, 0xaedc, 0xaedc, 0xaedc, 
	0xaedc, 0xaedc, 0xaedc, 0xaedc, 0xaedc, 0xaedc, 0xaedc, 0xaedc, 0xaedc, 0xaedc, 0xaedc, 0xaedc, 0xaedc, 0xaedc, 0xaedc, 0xaedc, 
	0xaedc, 0xaedc, 0xaedc, 0xaedc, 0xaedc, 0xaedc, 0xaedc, 0xaedc, 0xaedc, 0xaedc, 0xaedc, 0xaedc, 0xaedc, 0xaedc, 0xaedc, 0xaedc, 
	0xaedc, 0xaedc, 0xaedc, 0xaedc, 0xaedc, 0xaedc, 0xaedc, 0xaedc, 0xaedc, 0xaedc, 0xaedc, 0xaedc, 0xaedc, 0xaedc, 0xaedc, 0xaedc, 
	0xaedc, 0xaedc, 0xaedc, 0xaedc, 0xaedc, 0xaedc, 0xaedc, 0xaedc, 0xaedc, 0xaedc, 0xaedc, 0xaedc, 0xaedc, 0xaedc, 0xaedc, 0xaedc, 
	0xaedc, 0xaedc, 0xaedc, 0xaedc, 0xaedc, 0xaedc, 0xaedc, 0xaedc, 0xaedc, 0xaedc, 0xaedc, 0xaedc, 0xaedc, 0xaedc, 0xaedc, 0xaedc, 
	0xaedc, 0xaedc, 0xaedc, 0xaedc, 0xaedc, 0xaedc, 0xaedc, 0xaedc, 0xaedc, 0xaedc, 0xaedc, 0xaedc, 0xaedc, 0xaedc, 0xaedc, 0xaedc, 
	0xaedc, 0xaedc, 0xaedc, 0xaedc, 0xaedc, 0xaedc, 0xaedc, 0xaedc, 0xaedc, 0xaedc, 0xaedc, 0xaedc, 0xaedc, 0xaedc, 0xaedc, 0xaedc, 
	0xaedc, 0xaedc, 0xaedc, 0xaedc, 0xaedc, 0xaedc, 0xaedc, 0xaedc, 0xb6dc, 0xb6fd, 0xaefd, 0xaedc, 0xaedc, 0xae9b, 0x9576, 0x6c11, 
	0x4acb, 0x3a08, 0x31c7, 0x31c7, 0x39c7, 0x31a7, 0x31a7, 0x31a7, 0x31e7, 0x29c7, 0x3a29, 0x4aaa, 0x39e7, 0x3185, 0x3186, 0x3186, 
	0x31a6, 0x39a6, 0x4207, 0x4a28, 0x4207, 0x4207, 0x4a28, 0x4a48, 0x4a28, 0x4a07, 0x4a07, 0x4a28, 0x4a28, 0x4a07, 0x4a07, 0x4a28, 
	0x49e7, 0x4a07, 0x4a08, 0x5248, 0x838d, 0xd5f6, 0xff1a, 0xff19, 0xfef9, 0xfef9, 0xfef9, 0xfef9, 0xfef9, 0xfef9, 0xfef9, 0xfef9, 
	0xfef9, 0xfef9, 0xfef9, 0xfef9, 0xfef9, 0xfef9, 0xfef9, 0xfef9, 0xfef9, 0xfef9, 0xfef9, 0xfef9, 0xfef9, 0xfef9, 0xfef9, 0xfef9, 
	0xfef9, 0xff1a, 0xfef9, 0xfef9, 0xff1a, 0xfed9, 0xfeb9, 0xfefa, 0xee58, 0x83ce, 0x4227, 0x31a6, 0x31a7, 0x3966, 0x39c7, 0x532c, 
	0x95b7, 0xb6fc, 0xaedc, 0xaedc, 0xb6fd, 0xaebc, 0xaedc, 0xaedc, 0xaedc, 0xaedc, 0xaedc, 0xaedc, 0xaedc, 0xaedc, 0xaedc, 0xaedc, 
	0xaedc, 0xaedc, 0xaedc, 0xaedc, 0xaedc, 0xaedc, 0xaedc, 0xaedc, 0xaedc, 0xaedc, 0xaedc, 0xaedc, 0xaedc, 0xaedc, 0xaedc, 0xaedc, 
	0xaedc, 0xaedc, 0xaedc, 0xaedc, 0xaedc, 0xaedc, 0xaedc, 0xaedc, 0xaedc, 0xaedc, 0xaedc, 0xaedc, 0xaedc, 0xaedc, 0xaedc, 0xaedc, 
	0xaedc, 0xaedc, 0xaedc, 0xaedc, 0xaedc, 0xaedc, 0xaedc, 0xaedc, 0xaedc, 0xaedc, 0xaedc, 0xaedc, 0xaedc, 0xaedc, 0xaedc, 0xaedc, 
	0xaedc, 0xaedc, 0xaedc, 0xaedc, 0xaedc, 0xaedc, 0xaedc, 0xaedc, 0xaedc, 0xaedc, 0xaedc, 0xaedc, 0xaedc, 0xaedc, 0xaedc, 0xaedc, 
	0xaedc, 0xaedc, 0xaedc, 0xaedc, 0xaedc, 0xaedc, 0xaedc, 0xaedc, 0xaedc, 0xaedc, 0xaedc, 0xaedc, 0xaedc, 0xaedc, 0xaedc, 0xaedc, 
	0xaedc, 0xaedc, 0xaedc, 0xaedc, 0xaedc, 0xaedc, 0xaedc, 0xaedc, 0xaedc, 0xaedc, 0xaedc, 0xaedc, 0xaedc, 0xaedc, 0xaedc, 0xaedc, 
	0xaedc, 0xaedc, 0xaedc, 0xaedc, 0xaedc, 0xaedc, 0xaedc, 0xaedc, 0xaedc, 0xaedc, 0xaedc, 0xaedc, 0xaedc, 0xaedc, 0xaedc, 0xaedc, 
	0xaedc, 0xaedc, 0xaedc, 0xaedc, 0xaedc, 0xaedc, 0xaedc, 0xaedc, 0xaedc, 0xaedc, 0xaedc, 0xaedc, 0xaedc, 0xaedc, 0xaedc, 0xaedc, 
	0xaedc, 0xaedc, 0xaedc, 0xaedc, 0xaedc, 0xaedc, 0xaedc, 0xaedc, 0xaedc, 0xaedc, 0xaedc, 0xaedc, 0xaedc, 0xaedc, 0xaedc, 0xaedc, 
	0xaedc, 0xaedc, 0xaedc, 0xaedc, 0xaedc, 0xaedc, 0xaedc, 0xaedc, 0xb6bc, 0xaebc, 0xaefd, 0xaefd, 0xaedc, 0xb6fd, 0xb6dd, 0xae9b, 
	0x9df8, 0x8514, 0x6c51, 0x63cf, 0x5b8e, 0x5b8e, 0x5b8e, 0x638e, 0x63cf, 0x6c31, 0x8d15, 0x84d3, 0x4a8a, 0x3186, 0x3186, 0x3187, 
	0x49e7, 0x8bce, 0xbd34, 0xd5b6, 0xd5b5, 0xcdb5, 0xcdb5, 0xcd95, 0xcd95, 0xcd95, 0xd5b6, 0xd5b6, 0xd5b6, 0xd5b6, 0xd5b6, 0xcd95, 
	0xd5f6, 0xcdb5, 0xcdb5, 0xd5d6, 0xee98, 0xfefa, 0xfed9, 0xfef9, 0xfef9, 0xfef9, 0xfef9, 0xfef9, 0xfef9, 0xfef9, 0xfef9, 0xfef9, 
	0xfef9, 0xfef9, 0xfef9, 0xfef9, 0xfef9, 0xfef9, 0xfef9, 0xfef9, 0xfef9, 0xfef9, 0xfef9, 0xfef9, 0xfef9, 0xfef9, 0xfef9, 0xfef9, 
	0xfef9, 0xfef9, 0xff1a, 0xfef9, 0xfed9, 0xff3b, 0xfefa, 0xe637, 0x8bce, 0x39e6, 0x29a5, 0x31a6, 0x3145, 0x39c7, 0x5b4d, 0x95b7, 
	0xaedc, 0xaedc, 0xaefd, 0xaedc, 0xaedc, 0xaebc, 0xaedc, 0xaedd, 0xaedc, 0xaedc, 0xaedc, 0xaedc, 0xaedc, 0xaedc, 0xaedc, 0xaedc, 
	0xaedc, 0xaedc, 0xaedc, 0xaedc, 0xaedc, 0xaedc, 0xaedc, 0xaedc, 0xaedc, 0xaedc, 0xaedc, 0xaedc, 0xaedc, 0xaedc, 0xaedc, 0xaedc, 
	0xaedc, 0xaedc, 0xaedc, 0xaedc, 0xaedc, 0xaedc, 0xaedc, 0xaedc, 0xaedc, 0xaedc, 0xaedc, 0xaedc, 0xaedc, 0xaedc, 0xaedc, 0xaedc, 
	0xaedc, 0xaedc, 0xaedc, 0xaedc, 0xaedc, 0xaedc, 0xaedc, 0xaedc, 0xaedc, 0xaedc, 0xaedc, 0xaedc, 0xaedc, 0xaedc, 0xaedc, 0xaedc, 
	0xaedc, 0xaedc, 0xaedc, 0xaedc, 0xaedc, 0xaedc, 0xaedc, 0xaedc, 0xaedc, 0xaedc, 0xaedc, 0xaedc, 0xaedc, 0xaedc, 0xaedc, 0xaedc, 
	0xaedc, 0xaedc, 0xaedc, 0xaedc, 0xaedc, 0xaedc, 0xaedc, 0xaedc, 0xaedc, 0xaedc, 0xaedc, 0xaedc, 0xaedc, 0xaedc, 0xaedc, 0xaedc, 
	0xaedc, 0xaedc, 0xaedc, 0xaedc, 0xaedc, 0xaedc, 0xaedc, 0xaedc, 0xaedc, 0xaedc, 0xaedc, 0xaedc, 0xaedc, 0xaedc, 0xaedc, 0xaedc, 
	0xaedc, 0xaedc, 0xaedc, 0xaedc, 0xaedc, 0xaedc, 0xaedc, 0xaedc, 0xaedc, 0xaedc, 0xaedc, 0xaedc, 0xaedc, 0xaedc, 0xaedc, 0xaedc, 
	0xaedc, 0xaedc, 0xaedc, 0xaedc, 0xaedc, 0xaedc, 0xaedc, 0xaedc, 0xaedc, 0xaedc, 0xaedc, 0xaedc, 0xaedc, 0xaedc, 0xaedc, 0xaedc, 
	0xaedc, 0xaedc, 0xaedc, 0xaedc, 0xaedc, 0xaedc, 0xaedc, 0xaedc, 0xaedc, 0xaedc, 0xaedc, 0xaedc, 0xaedc, 0xaedc, 0xaedc, 0xaedc, 
	0xaedc, 0xaedc, 0xaedc, 0xaedc, 0xaedc, 0xaedc, 0xaedc, 0xaedc, 0xb6fd, 0xb6dd, 0xaedc, 0xaedc, 0xb6fd, 0xaedd, 0xaedc, 0xaedc, 
	0xaedc, 0xb6dc, 0xaebc, 0xae9b, 0xae9b, 0xae9b, 0xae7b, 0xa67a, 0xae7a, 0xae9b, 0xb6dc, 0x8515, 0x3a29, 0x3186, 0x3186, 0x39a7, 
	0x8bce, 0xe638, 0xff1b, 0xfefa, 0xfed9, 0xfef9, 0xff1a, 0xfefa, 0xfefa, 0xff1a, 0xfefa, 0xfed9, 0xfed9, 0xfefa, 0xff1a, 0xfefa, 
	0xfed9, 0xfefa, 0xfefa, 0xfed9, 0xfef9, 0xfefa, 0xfef9, 0xfef9, 0xfef9, 0xfef9, 0xfef9, 0xfef9, 0xfef9, 0xfef9, 0xfef9, 0xfef9, 
	0xfef9, 0xfef9, 0xfef9, 0xfef9, 0xfef9, 0xfef9, 0xfef9, 0xfef9, 0xfef9, 0xfef9, 0xfef9, 0xfef9, 0xfef9, 0xfef9, 0xfef9, 0xfef9, 
	0xff1a, 0xfed9, 0xff1a, 0xfefa, 0xfed9, 0xff1a, 0xde17, 0x8bee, 0x39e7, 0x39e7, 0x2966, 0x31a6, 0x39e7, 0x532d, 0x95b7, 0xaefd, 
	0xaedd, 0xaebc, 0xb6fd, 0xb6fd, 0xaebc, 0xaedd, 0xb6fd, 0xaefc, 0xaedc, 0xaedc, 0xaedc, 0xaedc, 0xaedc, 0xaedc, 0xaedc, 0xaedc, 
	0xaedc, 0xaedc, 0xaedc, 0xaedc, 0xaedc, 0xaedc, 0xaedc, 0xaedc, 0xaedc, 0xaedc, 0xaedc, 0xaedc, 0xaedc, 0xaedc, 0xaedc, 0xaedc, 
	0xaedc, 0xaedc, 0xaedc, 0xaedc, 0xaedc, 0xaedc, 0xaedc, 0xaedc, 0xaedc, 0xaedc, 0xaedc, 0xaedc, 0xaedc, 0xaedc, 0xaedc, 0xaedc, 
	0xaedc, 0xaedc, 0xaedc, 0xaedc, 0xaedc, 0xaedc, 0xaedc, 0xaedc, 0xaedc, 0xaedc, 0xaedc, 0xaedc, 0xaedc, 0xaedc, 0xaedc, 0xaedc, 
	0xaedc, 0xaedc, 0xaedc, 0xaedc, 0xaedc, 0xaedc, 0xaedc, 0xaedc, 0xaedc, 0xaedc, 0xaedc, 0xaedc, 0xaedc, 0xaedc, 0xaedc, 0xaedc, 
	0xaedc, 0xaedc, 0xaedc, 0xaedc, 0xaedc, 0xaedc, 0xaedc, 0xaedc, 0xaedc, 0xaedc, 0xaedc, 0xaedc, 0xaedc, 0xaedc, 0xaedc, 0xaedc, 
	0xaedc, 0xaedc, 0xaedc, 0xaedc, 0xaedc, 0xaedc, 0xaedc, 0xaedc, 0xaedc, 0xaedc, 0xaedc, 0xaedc, 0xaedc, 0xaedc, 0xaedc, 0xaedc, 
	0xaedc, 0xaedc, 0xaedc, 0xaedc, 0xaedc, 0xaedc, 0xaedc, 0xaedc, 0xaedc, 0xaedc, 0xaedc, 0xaedc, 0xaedc, 0xaedc, 0xaedc, 0xaedc, 
	0xaedc, 0xaedc, 0xaedc, 0xaedc, 0xaedc, 0xaedc, 0xaedc, 0xaedc, 0xaedc, 0xaedc, 0xaedc, 0xaedc, 0xaedc, 0xaedc, 0xaedc, 0xaedc, 
	0xaedc, 0xaedc, 0xaedc, 0xaedc, 0xaedc, 0xaedc, 0xaedc, 0xaedc, 0xaedc, 0xaedc, 0xaedc, 0xaedc, 0xaedc, 0xaedc, 0xaedc, 0xaedc, 
	0xaedc, 0xaedc, 0xaedc, 0xaedc, 0xaedc, 0xaedc, 0xaedc, 0xaedc, 0xaedd, 0xaebc, 0xaedd, 0xb6fd, 0xaedc, 0xaedc, 0xaefc, 0xaefd, 
	0xb6de, 0xaedd, 0xaebd, 0xaebd, 0xb6dd, 0xaedd, 0xaedc, 0xaefd, 0xaefc, 0xaefd, 0xaedd, 0x7cd4, 0x3208, 0x3186, 0x3165, 0x41e8, 
	0xb512, 0xf6f9, 0xfef9, 0xfed9, 0xff19, 0xfef9, 0xfef9, 0xff19, 0xfef9, 0xfef9, 0xfef9, 0xff19, 0xff19, 0xfef9, 0xfef9, 0xfef9, 
	0xfefa, 0xfefa, 0xfef9, 0xfefa, 0xfed9, 0xfed9, 0xff1a, 0xfed9, 0xfef9, 0xfef9, 0xfef9, 0xfef9, 0xfef9, 0xfef9, 0xfef9, 0xfef9, 
	0xfef9, 0xfef9, 0xfef9, 0xfef9, 0xfef9, 0xfef9, 0xfef9, 0xfef9, 0xfef9, 0xfef9, 0xfef9, 0xfef9, 0xfef9, 0xfef9, 0xfef9, 0xfef9, 
	0xfef9, 0xff1a, 0xfef9, 0xfed9, 0xff1a, 0xde37, 0x8c0e, 0x41e6, 0x31c6, 0x2945, 0x39a7, 0x31c7, 0x534c, 0x95d7, 0xaedc, 0xaedd, 
	0xaebd, 0xb6fd, 0xae9c, 0xb6fd, 0xb6bc, 0xb6dd, 0xaedc, 0xaedc, 0xaedc, 0xaedc, 0xaedc, 0xaedc, 0xaedc, 0xaedc, 0xaedc, 0xaedc, 
	0xaedc, 0xaedc, 0xaedc, 0xaedc, 0xaedc, 0xaedc, 0xaedc, 0xaedc, 0xaedc, 0xaedc, 0xaedc, 0xaedc, 0xaedc, 0xaedc, 0xaedc, 0xaedc, 
	0xaedc, 0xaedc, 0xaedc, 0xaedc, 0xaedc, 0xaedc, 0xaedc, 0xaedc, 0xaedc, 0xaedc, 0xaedc, 0xaedc, 0xaedc, 0xaedc, 0xaedc, 0xaedc, 
	0xaedc, 0xaedc, 0xaedc, 0xaedc, 0xaedc, 0xaedc, 0xaedc, 0xaedc, 0xaedc, 0xaedc, 0xaedc, 0xaedc, 0xaedc, 0xaedc, 0xaedc, 0xaedc, 
	0xaedc, 0xaedc, 0xaedc, 0xaedc, 0xaedc, 0xaedc, 0xaedc, 0xaedc, 0xaedc, 0xaedc, 0xaedc, 0xaedc, 0xaedc, 0xaedc, 0xaedc, 0xaedc, 
	0xaedc, 0xaedc, 0xaedc, 0xaedc, 0xaedc, 0xaedc, 0xaedc, 0xaedc, 0xaedc, 0xaedc, 0xaedc, 0xaedc, 0xaedc, 0xaedc, 0xaedc, 0xaedc, 
	0xaedc, 0xaedc, 0xaedc, 0xaedc, 0xaedc, 0xaedc, 0xaedc, 0xaedc, 0xaedc, 0xaedc, 0xaedc, 0xaedc, 0xaedc, 0xaedc, 0xaedc, 0xaedc, 
	0xaedc, 0xaedc, 0xaedc, 0xaedc, 0xaedc, 0xaedc, 0xaedc, 0xaedc, 0xaedc, 0xaedc, 0xaedc, 0xaedc, 0xaedc, 0xaedc, 0xaedc, 0xaedc, 
	0xaedc, 0xaedc, 0xaedc, 0xaedc, 0xaedc, 0xaedc, 0xaedc, 0xaedc, 0xaedc, 0xaedc, 0xaedc, 0xaedc, 0xaedc, 0xaedc, 0xaedc, 0xaedc, 
	0xaedc, 0xaedc, 0xaedc, 0xaedc, 0xaedc, 0xaedc, 0xaedc, 0xaedc, 0xaedc, 0xaedc, 0xaedc, 0xaedc, 0xaedc, 0xaedc, 0xaedc, 0xaedc, 
	0xaedc, 0xaedc, 0xaedc, 0xaedc, 0xaedc, 0xaedc, 0xaedc, 0xaedc, 0xaedc, 0xaedc, 0xaedc, 0xaedc, 0xaedc, 0xaedc, 0xaedc, 0xaedc, 
	0xaedc, 0xaedc, 0xaedc, 0xaedc, 0xaedc, 0xaedc, 0xaedc, 0xaedc, 0xaedc, 0xaedd, 0xb6bc, 0x8d15, 0x3a08, 0x3186, 0x3186, 0x39e8, 
	0x9c2f, 0xeeb9, 0xff1a, 0xfefa, 0xfef9, 0xfef9, 0xfef9, 0xff19, 0xfef9, 0xfef9, 0xfef9, 0xfefa, 0xfefa, 0xfefa, 0xfefa, 0xfefa, 
	0xfefa, 0xfefa, 0xfefa, 0xfefa, 0xfefa, 0xfefa, 0xfefa, 0xfeda, 0xfef9, 0xfef9, 0xfef9, 0xfef9, 0xfef9, 0xfef9, 0xfefa, 0xfefa, 
	0xfefa, 0xfed9, 0xfefa, 0xfefa, 0xfed9, 0xfefa, 0xff1a, 0xfed9, 0xfed9, 0xfef9, 0xfef9, 0xfed9, 0xfefa, 0xff1a, 0xfef9, 0xfef9, 
	0xfef9, 0xfef9, 0xfef9, 0xfefa, 0xee38, 0x93cf, 0x39c7, 0x31c7, 0x31a5, 0x3186, 0x31a7, 0x5b2d, 0x95b8, 0xb6fc, 0xaedc, 0xaedc, 
	0xaedc, 0xaedc, 0xaedc, 0xaedc, 0xaedc, 0xaedc, 0xaedc, 0xaedc, 0xaedc, 0xaedc, 0xaedc, 0xaedc, 0xaedc, 0xaedc, 0xaedc, 0xaedc, 
	0xaedc, 0xaedc, 0xaedc, 0xaedc, 0xaedc, 0xaedc, 0xaedc, 0xaedc, 0xaedc, 0xaedc, 0xaedc, 0xaedc, 0xaedc, 0xaedc, 0xaedc, 0xaedc, 
	0xaedc, 0xaedc, 0xaedc, 0xaedc, 0xaedc, 0xaedc, 0xaedc, 0xaedc, 0xaedc, 0xaedc, 0xaedc, 0xaedc, 0xaedc, 0xaedc, 0xaedc, 0xaedc, 
	0xaedc, 0xaedc, 0xaedc, 0xaedc, 0xaedc, 0xaedc, 0xaedc, 0xaedc, 0xaedc, 0xaedc, 0xaedc, 0xaedc, 0xaedc, 0xaedc, 0xaedc, 0xaedc, 
	0xaedc, 0xaedc, 0xaedc, 0xaedc, 0xaedc, 0xaedc, 0xaedc, 0xaedc, 0xaedc, 0xaedc, 0xaedc, 0xaedc, 0xaedc, 0xaedc, 0xaedc, 0xaedc, 
	0xaedc, 0xaedc, 0xaedc, 0xaedc, 0xaedc, 0xaedc, 0xaedc, 0xaedc, 0xaedc, 0xaedc, 0xaedc, 0xaedc, 0xaedc, 0xaedc, 0xaedc, 0xaedc, 
	0xaedc, 0xaedc, 0xaedc, 0xaedc, 0xaedc, 0xaedc, 0xaedc, 0xaedc, 0xaedc, 0xaedc, 0xaedc, 0xaedc, 0xaedc, 0xaedc, 0xaedc, 0xaedc, 
	0xaedc, 0xaedc, 0xaedc, 0xaedc, 0xaedc, 0xaedc, 0xaedc, 0xaedc, 0xaedc, 0xaedc, 0xaedc, 0xaedc, 0xaedc, 0xaedc, 0xaedc, 0xaedc, 
	0xaedc, 0xaedc, 0xaedc, 0xaedc, 0xaedc, 0xaedc, 0xaedc, 0xaedc, 0xaedc, 0xaedc, 0xaedc, 0xaedc, 0xaedc, 0xaedc, 0xaedc, 0xaedc, 
	0xaedc, 0xaedc, 0xaedc, 0xaedc, 0xaedc, 0xaedc, 0xaedc, 0xaedc, 0xaedc, 0xaedc, 0xaedc, 0xaedc, 0xaedc, 0xaedc, 0xaedc, 0xaedc, 
	0xaedc, 0xaedc, 0xaedc, 0xaedc, 0xaedc, 0xaedc, 0xaedc, 0xaedc, 0xaedc, 0xaedc, 0xaedc, 0xaedc, 0xaedc, 0xaedc, 0xaedc, 0xaedc, 
	0xaedc, 0xaedc, 0xaedc, 0xaedc, 0xaedc, 0xaedc, 0xaedc, 0xaedc, 0xaedc, 0xaedd, 0xaedc, 0x9597, 0x428a, 0x3186, 0x31a6, 0x3186, 
	0x5288, 0xa4d1, 0xd5f6, 0xe657, 0xee98, 0xf6d9, 0xfefa, 0xfed9, 0xfef9, 0xfef9, 0xff1a, 0xfefa, 0xfef9, 0xfef9, 0xfef9, 0xfed9, 
	0xff1a, 0xfef9, 0xfef9, 0xfef9, 0xfef9, 0xfef9, 0xff1a, 0xff1a, 0xff19, 0xff19, 0xfef9, 0xfef9, 0xfef9, 0xfef9, 0xfef9, 0xfef9, 
	0xfef9, 0xfefa, 0xfef9, 0xfef9, 0xff1a, 0xfef9, 0xfed9, 0xff1a, 0xfef9, 0xfefa, 0xfefa, 0xfef9, 0xfef9, 0xfed9, 0xfed9, 0xff1a, 
	0xfef9, 0xfefa, 0xff1a, 0xe658, 0x8bce, 0x41c6, 0x39c6, 0x2965, 0x31a6, 0x31a7, 0x5b4e, 0x9db7, 0xaebc, 0xaedc, 0xb6fd, 0xaedc, 
	0xaedc, 0xaedc, 0xaedc, 0xaedc, 0xaedc, 0xaedc, 0xaedc, 0xaedc, 0xaedc, 0xaedc, 0xaedc, 0xaedc, 0xaedc, 0xaedc, 0xaedc, 0xaedc, 
	0xaedc, 0xaedc, 0xaedc, 0xaedc, 0xaedc, 0xaedc, 0xaedc, 0xaedc, 0xaedc, 0xaedc, 0xaedc, 0xaedc, 0xaedc, 0xaedc, 0xaedc, 0xaedc, 
	0xaedc, 0xaedc, 0xaedc, 0xaedc, 0xaedc, 0xaedc, 0xaedc, 0xaedc, 0xaedc, 0xaedc, 0xaedc, 0xaedc, 0xaedc, 0xaedc, 0xaedc, 0xaedc, 
	0xaedc, 0xaedc, 0xaedc, 0xaedc, 0xaedc, 0xaedc, 0xaedc, 0xaedc, 0xaedc, 0xaedc, 0xaedc, 0xaedc, 0xaedc, 0xaedc, 0xaedc, 0xaedc, 
	0xaedc, 0xaedc, 0xaedc, 0xaedc, 0xaedc, 0xaedc, 0xaedc, 0xaedc, 0xaedc, 0xaedc, 0xaedc, 0xaedc, 0xaedc, 0xaedc, 0xaedc, 0xaedc, 
	0xaedc, 0xaedc, 0xaedc, 0xaedc, 0xaedc, 0xaedc, 0xaedc, 0xaedc, 0xaedc, 0xaedc, 0xaedc, 0xaedc, 0xaedc, 0xaedc, 0xaedc, 0xaedc, 
	0xaedc, 0xaedc, 0xaedc, 0xaedc, 0xaedc, 0xaedc, 0xaedc, 0xaedc, 0xaedc, 0xaedc, 0xaedc, 0xaedc, 0xaedc, 0xaedc, 0xaedc, 0xaedc, 
	0xaedc, 0xaedc, 0xaedc, 0xaedc, 0xaedc, 0xaedc, 0xaedc, 0xaedc, 0xaedc, 0xaedc, 0xaedc, 0xaedc, 0xaedc, 0xaedc, 0xaedc, 0xaedc, 
	0xaedc, 0xaedc, 0xaedc, 0xaedc, 0xaedc, 0xaedc, 0xaedc, 0xaedc, 0xaedc, 0xaedc, 0xaedc, 0xaedc, 0xaedc, 0xaedc, 0xaedc, 0xaedc, 
	0xaedc, 0xaedc, 0xaedc, 0xaedc, 0xaedc, 0xaedc, 0xaedc, 0xaedc, 0xaedc, 0xaedc, 0xaedc, 0xaedc, 0xaedc, 0xaedc, 0xaedc, 0xaedc, 
	0xaedc, 0xaedc, 0xaedc, 0xaedc, 0xaedc, 0xaedc, 0xaedc, 0xaedc, 0xaedc, 0xaedc, 0xaedc, 0xaedc, 0xaedc, 0xaedc, 0xaedc, 0xaedc, 
	0xaedc, 0xaedc, 0xaedc, 0xaedc, 0xaedc, 0xaedc, 0xaedc, 0xaedc, 0xb6dd, 0xaefd, 0xaedc, 0xa65a, 0x5baf, 0x31a7, 0x3186, 0x39a6, 
	0x2985, 0x4a48, 0x62ca, 0x734c, 0x7b8d, 0x8bee, 0x9c50, 0xa471, 0xacd2, 0xb513, 0xbd54, 0xcdb5, 0xde16, 0xe677, 0xf6b8, 0xf6d9, 
	0xf6b9, 0xf6d9, 0xfef9, 0xfef9, 0xfef9, 0xfef9, 0xfef9, 0xfef9, 0xfefa, 0xfefa, 0xfefa, 0xff19, 0xff19, 0xff1a, 0xff19, 0xff19, 
	0xfed9, 0xfef9, 0xff19, 0xfef9, 0xfef9, 0xff1a, 0xff1a, 0xfefa, 0xfefa, 0xfef9, 0xfefa, 0xfefa, 0xfed9, 0xff1a, 0xff1a, 0xfed9, 
	0xfed9, 0xfefa, 0xe658, 0x8bee, 0x39e6, 0x29a5, 0x31a6, 0x39a6, 0x31a7, 0x5b4e, 0x9596, 0xb6fc, 0xaefc, 0xaedc, 0xaedc, 0xb6bc, 
	0xaedc, 0xaedc, 0xaedc, 0xaedc, 0xaedc, 0xaedc, 0xaedc, 0xaedc, 0xaedc, 0xaedc, 0xaedc, 0xaedc, 0xaedc, 0xaedc, 0xaedc, 0xaedc, 
	0xaedc, 0xaedc, 0xaedc, 0xaedc, 0xaedc, 0xaedc, 0xaedc, 0xaedc, 0xaedc, 0xaedc, 0xaedc, 0xaedc, 0xaedc, 0xaedc, 0xaedc, 0xaedc, 
	0xaedc, 0xaedc, 0xaedc, 0xaedc, 0xaedc, 0xaedc, 0xaedc, 0xaedc, 0xaedc, 0xaedc, 0xaedc, 0xaedc, 0xaedc, 0xaedc, 0xaedc, 0xaedc, 
	0xaedc, 0xaedc, 0xaedc, 0xaedc, 0xaedc, 0xaedc, 0xaedc, 0xaedc, 0xaedc, 0xaedc, 0xaedc, 0xaedc, 0xaedc, 0xaedc, 0xaedc, 0xaedc, 
	0xaedc, 0xaedc, 0xaedc, 0xaedc, 0xaedc, 0xaedc, 0xaedc, 0xaedc, 0xaedc, 0xaedc, 0xaedc, 0xaedc, 0xaedc, 0xaedc, 0xaedc, 0xaedc, 
	0xaedc, 0xaedc, 0xaedc, 0xaedc, 0xaedc, 0xaedc, 0xaedc, 0xaedc, 0xaedc, 0xaedc, 0xaedc, 0xaedc, 0xaedc, 0xaedc, 0xaedc, 0xaedc, 
	0xaedc, 0xaedc, 0xaedc, 0xaedc, 0xaedc, 0xaedc, 0xaedc, 0xaedc, 0xaedc, 0xaedc, 0xaedc, 0xaedc, 0xaedc, 0xaedc, 0xaedc, 0xaedc, 
	0xaedc, 0xaedc, 0xaedc, 0xaedc, 0xaedc, 0xaedc, 0xaedc, 0xaedc, 0xaedc, 0xaedc, 0xaedc, 0xaedc, 0xaedc, 0xaedc, 0xaedc, 0xaedc, 
	0xaedc, 0xaedc, 0xaedc, 0xaedc, 0xaedc, 0xaedc, 0xaedc, 0xaedc, 0xaedc, 0xaedc, 0xaedc, 0xaedc, 0xaedc, 0xaedc, 0xaedc, 0xaedc, 
	0xaedc, 0xaedc, 0xaedc, 0xaedc, 0xaedc, 0xaedc, 0xaedc, 0xaedc, 0xaedc, 0xaedc, 0xaedc, 0xaedc, 0xaedc, 0xaedc, 0xaedc, 0xaedc, 
	0xaedc, 0xaedc, 0xaedc, 0xaedc, 0xaedc, 0xaedc, 0xaedc, 0xaedc, 0xaedc, 0xaedc, 0xaedc, 0xaedc, 0xaedc, 0xaedc, 0xaedc, 0xaedc, 
	0xaedc, 0xaedc, 0xaedc, 0xaedc, 0xaedc, 0xaedc, 0xaedc, 0xaedc, 0xb6dc, 0xaefd, 0xaedd, 0xaedc, 0x8535, 0x428a, 0x2965, 0x3986, 
	0x31a7, 0x3166, 0x3166, 0x39a6, 0x3186, 0x2986, 0x2986, 0x31c7, 0x39e7, 0x4208, 0x4a48, 0x5a89, 0x62ca, 0x6b0b, 0x734c, 0x7b8d, 
	0x9c0f, 0xa450, 0xacd2, 0xbd33, 0xcd95, 0xddd6, 0xe637, 0xee78, 0xee78, 0xee98, 0xf6b9, 0xfed9, 0xfed9, 0xfed9, 0xfefa, 0xfef9, 
	0xff3a, 0xfef9, 0xfed9, 0xfef9, 0xfef9, 0xfef9, 0xfefa, 0xff1a, 0xfefa, 0xfef9, 0xfef9, 0xfef9, 0xfef9, 0xfefa, 0xfefa, 0xfed9, 
	0xfefa, 0xe658, 0x8bce, 0x39c6, 0x31c6, 0x31c6, 0x2986, 0x39a7, 0x5b2e, 0x9db7, 0xb6fc, 0xa6bb, 0xa6bc, 0xb6dd, 0xaebd, 0xaedd, 
	0xaedc, 0xaedc, 0xaedc, 0xaedc, 0xaedc, 0xaedc, 0xaedc, 0xaedc, 0xaedc, 0xaedc, 0xaedc, 0xaedc, 0xaedc, 0xaedc, 0xaedc, 0xaedc, 
	0xaedc, 0xaedc, 0xaedc, 0xaedc, 0xaedc, 0xaedc, 0xaedc, 0xaedc, 0xaedc, 0xaedc, 0xaedc, 0xaedc, 0xaedc, 0xaedc, 0xaedc, 0xaedc, 
	0xaedc, 0xaedc, 0xaedc, 0xaedc, 0xaedc, 0xaedc, 0xaedc, 0xaedc, 0xaedc, 0xaedc, 0xaedc, 0xaedc, 0xaedc, 0xaedc, 0xaedc, 0xaedc, 
	0xaedc, 0xaedc, 0xaedc, 0xaedc, 0xaedc, 0xaedc, 0xaedc, 0xaedc, 0xaedc, 0xaedc, 0xaedc, 0xaedc, 0xaedc, 0xaedc, 0xaedc, 0xaedc, 
	0xaedc, 0xaedc, 0xaedc, 0xaedc, 0xaedc, 0xaedc, 0xaedc, 0xaedc, 0xaedc, 0xaedc, 0xaedc, 0xaedc, 0xaedc, 0xaedc, 0xaedc, 0xaedc, 
	0xaedc, 0xaedc, 0xaedc, 0xaedc, 0xaedc, 0xaedc, 0xaedc, 0xaedc, 0xaedc, 0xaedc, 0xaedc, 0xaedc, 0xaedc, 0xaedc, 0xaedc, 0xaedc, 
	0xaedc, 0xaedc, 0xaedc, 0xaedc, 0xaedc, 0xaedc, 0xaedc, 0xaedc, 0xaedc, 0xaedc, 0xaedc, 0xaedc, 0xaedc, 0xaedc, 0xaedc, 0xaedc, 
	0xaedc, 0xaedc, 0xaedc, 0xaedc, 0xaedc, 0xaedc, 0xaedc, 0xaedc, 0xaedc, 0xaedc, 0xaedc, 0xaedc, 0xaedc, 0xaedc, 0xaedc, 0xaedc, 
	0xaedc, 0xaedc, 0xaedc, 0xaedc, 0xaedc, 0xaedc, 0xaedc, 0xaedc, 0xaedc, 0xaedc, 0xaedc, 0xaedc, 0xaedc, 0xaedc, 0xaedc, 0xaedc, 
	0xaedc, 0xaedc, 0xaedc, 0xaedc, 0xaedc, 0xaedc, 0xaedc, 0xaedc, 0xaedc, 0xaedc, 0xaedc, 0xaedc, 0xaedc, 0xaedc, 0xaedc, 0xaedc, 
	0xaedc, 0xaedc, 0xaedc, 0xaedc, 0xaedc, 0xaedc, 0xaedc, 0xaedc, 0xaedc, 0xaedc, 0xaedc, 0xaedc, 0xaedc, 0xaedc, 0xaedc, 0xaedc, 
	0xaedc, 0xaedc, 0xaedc, 0xaedc, 0xaedc, 0xaedc, 0xaedc, 0xaedc, 0xb6bc, 0xaedc, 0xaedd, 0xaefd, 0xae7b, 0x7c93, 0x426a, 0x2965, 
	0x31a6, 0x3186, 0x3986, 0x3166, 0x3186, 0x31a6, 0x31a6, 0x31c6, 0x31a6, 0x31a6, 0x31a6, 0x3186, 0x3166, 0x3166, 0x3186, 0x31a6, 
	0x31a6, 0x39c7, 0x4207, 0x4208, 0x4a48, 0x5269, 0x5aa9, 0x62ca, 0x7b4c, 0x838d, 0x93ef, 0xa470, 0xacd2, 0xbd34, 0xcd95, 0xd5d6, 
	0xde16, 0xf6d9, 0xfefa, 0xfed9, 0xfef9, 0xfed9, 0xfed9, 0xff1a, 0xfefa, 0xff1a, 0xfef9, 0xfef9, 0xff1a, 0xfed9, 0xfeb9, 0xff1a, 
	0xde37, 0x8bee, 0x39e6, 0x3186, 0x39c7, 0x2946, 0x31c7, 0x532d, 0x9db8, 0xae9b, 0xaefd, 0xaedc, 0xb6dd, 0xb6dd, 0xaedd, 0xaefd, 
	0xaedc, 0xaedc, 0xaedc, 0xaedc, 0xaedc, 0xaedc, 0xaedc, 0xaedc, 0xaedc, 0xaedc, 0xaedc, 0xaedc, 0xaedc, 0xaedc, 0xaedc, 0xaedc, 
	0xaedc, 0xaedc, 0xaedc, 0xaedc, 0xaedc, 0xaedc, 0xaedc, 0xaedc, 0xaedc, 0xaedc, 0xaedc, 0xaedc, 0xaedc, 0xaedc, 0xaedc, 0xaedc, 
	0xaedc, 0xaedc, 0xaedc, 0xaedc, 0xaedc, 0xaedc, 0xaedc, 0xaedc, 0xaedc, 0xaedc, 0xaedc, 0xaedc, 0xaedc, 0xaedc, 0xaedc, 0xaedc, 
	0xaedc, 0xaedc, 0xaedc, 0xaedc, 0xaedc, 0xaedc, 0xaedc, 0xaedc, 0xaedc, 0xaedc, 0xaedc, 0xaedc, 0xaedc, 0xaedc, 0xaedc, 0xaedc, 
	0xaedc, 0xaedc, 0xaedc, 0xaedc, 0xaedc, 0xaedc, 0xaedc, 0xaedc, 0xaedc, 0xaedc, 0xaedc, 0xaedc, 0xaedc, 0xaedc, 0xaedc, 0xaedc, 
	0xaedc, 0xaedc, 0xaedc, 0xaedc, 0xaedc, 0xaedc, 0xaedc, 0xaedc, 0xaedc, 0xaedc, 0xaedc, 0xaedc, 0xaedc, 0xaedc, 0xaedc, 0xaedc, 
	0xaedc, 0xaedc, 0xaedc, 0xaedc, 0xaedc, 0xaedc, 0xaedc, 0xaedc, 0xaedc, 0xaedc, 0xaedc, 0xaedc, 0xaedc, 0xaedc, 0xaedc, 0xaedc, 
	0xaedc, 0xaedc, 0xaedc, 0xaedc, 0xaedc, 0xaedc, 0xaedc, 0xaedc, 0xaedc, 0xaedc, 0xaedc, 0xaedc, 0xaedc, 0xaedc, 0xaedc, 0xaedc, 
	0xaedc, 0xaedc, 0xaedc, 0xaedc, 0xaedc, 0xaedc, 0xaedc, 0xaedc, 0xaedc, 0xaedc, 0xaedc, 0xaedc, 0xaedc, 0xaedc, 0xaedc, 0xaedc, 
	0xaedc, 0xaedc, 0xaedc, 0xaedc, 0xaedc, 0xaedc, 0xaedc, 0xaedc, 0xaedc, 0xaedc, 0xaedc, 0xaedc, 0xaedc, 0xaedc, 0xaedc, 0xaedc, 
	0xaedc, 0xaedc, 0xaedc, 0xaedc, 0xaedc, 0xaedc, 0xaedc, 0xaedc, 0xaedc, 0xaedc, 0xaedc, 0xaedc, 0xaedc, 0xaedc, 0xaedc, 0xaedc, 
	0xaedc, 0xaedc, 0xaedc, 0xaedc, 0xaedc, 0xaedc, 0xaedc, 0xaedc, 0xb6dd, 0xaedc, 0xaefd, 0xaedc, 0xaedc, 0xae7b, 0x84d4, 0x532c, 
	0x31e7, 0x31c6, 0x31a6, 0x3186, 0x39c6, 0x3185, 0x3165, 0x3145, 0x3185, 0x3185, 0x3185, 0x3186, 0x3186, 0x3186, 0x3186, 0x31a6, 
	0x31a7, 0x31a7, 0x31a7, 0x31a6, 0x2986, 0x2986, 0x3186, 0x31a6, 0x31a6, 0x31c6, 0x39c6, 0x39c6, 0x39c6, 0x39e7, 0x4227, 0x4a48, 
	0x7b2c, 0xbd33, 0xf6d9, 0xff1a, 0xfefa, 0xfefa, 0xfefa, 0xfef9, 0xfef9, 0xfef9, 0xff1a, 0xfef9, 0xfef9, 0xff3b, 0xff1a, 0xde37, 
	0x8bef, 0x39e6, 0x31a5, 0x31a6, 0x3146, 0x39a8, 0x5b6e, 0x95d7, 0xaedc, 0xaedc, 0xaedc, 0xaedd, 0xb6dd, 0xaebd, 0xaebc, 0xaefd, 
	0xaedc, 0xaedc, 0xaedc, 0xaedc, 0xaedc, 0xaedc, 0xaedc, 0xaedc, 0xaedc, 0xaedc, 0xaedc, 0xaedc, 0xaedc, 0xaedc, 0xaedc, 0xaedc, 
	0xaedc, 0xaedc, 0xaedc, 0xaedc, 0xaedc, 0xaedc, 0xaedc, 0xaedc, 0xaedc, 0xaedc, 0xaedc, 0xaedc, 0xaedc, 0xaedc, 0xaedc, 0xaedc, 
	0xaedc, 0xaedc, 0xaedc, 0xaedc, 0xaedc, 0xaedc, 0xaedc, 0xaedc, 0xaedc, 0xaedc, 0xaedc, 0xaedc, 0xaedc, 0xaedc, 0xaedc, 0xaedc, 
	0xaedc, 0xaedc, 0xaedc, 0xaedc, 0xaedc, 0xaedc, 0xaedc, 0xaedc, 0xaedc, 0xaedc, 0xaedc, 0xaedc, 0xaedc, 0xaedc, 0xaedc, 0xaedc, 
	0xaedc, 0xaedc, 0xaedc, 0xaedc, 0xaedc, 0xaedc, 0xaedc, 0xaedc, 0xaedc, 0xaedc, 0xaedc, 0xaedc, 0xaedc, 0xaedc, 0xaedc, 0xaedc, 
	0xaedc, 0xaedc, 0xaedc, 0xaedc, 0xaedc, 0xaedc, 0xaedc, 0xaedc, 0xaedc, 0xaedc, 0xaedc, 0xaedc, 0xaedc, 0xaedc, 0xaedc, 0xaedc, 
	0xaedc, 0xaedc, 0xaedc, 0xaedc, 0xaedc, 0xaedc, 0xaedc, 0xaedc, 0xaedc, 0xaedc, 0xaedc, 0xaedc, 0xaedc, 0xaedc, 0xaedc, 0xaedc, 
	0xaedc, 0xaedc, 0xaedc, 0xaedc, 0xaedc, 0xaedc, 0xaedc, 0xaedc, 0xaedc, 0xaedc, 0xaedc, 0xaedc, 0xaedc, 0xaedc, 0xaedc, 0xaedc, 
	0xaedc, 0xaedc, 0xaedc, 0xaedc, 0xaedc, 0xaedc, 0xaedc, 0xaedc, 0xaedc, 0xaedc, 0xaedc, 0xaedc, 0xaedc, 0xaedc, 0xaedc, 0xaedc, 
	0xaedc, 0xaedc, 0xaedc, 0xaedc, 0xaedc, 0xaedc, 0xaedc, 0xaedc, 0xaedc, 0xaedc, 0xaedc, 0xaedc, 0xaedc, 0xaedc, 0xaedc, 0xaedc, 
	0xaedc, 0xaedc, 0xaedc, 0xaedc, 0xaedc, 0xaedc, 0xaedc, 0xaedc, 0xaedc, 0xaedc, 0xaedc, 0xaedc, 0xaedc, 0xaedc, 0xaedc, 0xaedc, 
	0xaedc, 0xaedc, 0xaedc, 0xaedc, 0xaedc, 0xaedc, 0xaedc, 0xaedc, 0xb6dd, 0xaedc, 0xb6fc, 0xaebc, 0xaebc, 0xbf1e, 0xaebb, 0x95d7, 
	0x84f3, 0x6c30, 0x5b6e, 0x530c, 0x4aec, 0x426a, 0x4249, 0x4229, 0x3a08, 0x31e8, 0x31c7, 0x31c7, 0x31a7, 0x31a6, 0x2986, 0x2985, 
	0x3186, 0x3186, 0x3186, 0x3186, 0x3186, 0x3186, 0x3186, 0x3186, 0x2986, 0x2986, 0x2986, 0x2986, 0x2986, 0x2986, 0x31a6, 0x31a6, 
	0x3186, 0x5aaa, 0xacd2, 0xeeb9, 0xfefa, 0xfed9, 0xfefa, 0xfefa, 0xfefa, 0xfed9, 0xfefa, 0xfefa, 0xfed9, 0xff1a, 0xd616, 0x8bee, 
	0x41e7, 0x31a6, 0x29a6, 0x31a6, 0x31c7, 0x5b4e, 0x9597, 0xaedc, 0xaedc, 0xb6fd, 0xb6dd, 0xaebc, 0xaedc, 0xaedc, 0xaedc, 0xb6fd, 
	0xaedc, 0xaedc, 0xaedc, 0xaedc, 0xaedc, 0xaedc, 0xaedc, 0xaedc, 0xaedc, 0xaedc, 0xaedc, 0xaedc, 0xaedc, 0xaedc, 0xaedc, 0xaedc, 
	0xaedc, 0xaedc, 0xaedc, 0xaedc, 0xaedc, 0xaedc, 0xaedc, 0xaedc, 0xaedc, 0xaedc, 0xaedc, 0xaedc, 0xaedc, 0xaedc, 0xaedc, 0xaedc, 
	0xaedc, 0xaedc, 0xaedc, 0xaedc, 0xaedc, 0xaedc, 0xaedc, 0xaedc, 0xaedc, 0xaedc, 0xaedc, 0xaedc, 0xaedc, 0xaedc, 0xaedc, 0xaedc, 
	0xaedc, 0xaedc, 0xaedc, 0xaedc, 0xaedc, 0xaedc, 0xaedc, 0xaedc, 0xaedc, 0xaedc, 0xaedc, 0xaedc, 0xaedc, 0xaedc, 0xaedc, 0xaedc, 
	0xaedc, 0xaedc, 0xaedc, 0xaedc, 0xaedc, 0xaedc, 0xaedc, 0xaedc, 0xaedc, 0xaedc, 0xaedc, 0xaedc, 0xaedc, 0xaedc, 0xaedc, 0xaedc, 
	0xaedc, 0xaedc, 0xaedc, 0xaedc, 0xaedc, 0xaedc, 0xaedc, 0xaedc, 0xaedc, 0xaedc, 0xaedc, 0xaedc, 0xaedc, 0xaedc, 0xaedc, 0xaedc, 
	0xaedc, 0xaedc, 0xaedc, 0xaedc, 0xaedc, 0xaedc, 0xaedc, 0xaedc, 0xaedc, 0xaedc, 0xaedc, 0xaedc, 0xaedc, 0xaedc, 0xaedc, 0xaedc, 
	0xaedc, 0xaedc, 0xaedc, 0xaedc, 0xaedc, 0xaedc, 0xaedc, 0xaedc, 0xaedc, 0xaedc, 0xaedc, 0xaedc, 0xaedc, 0xaedc, 0xaedc, 0xaedc, 
	0xaedc, 0xaedc, 0xaedc, 0xaedc, 0xaedc, 0xaedc, 0xaedc, 0xaedc, 0xaedc, 0xaedc, 0xaedc, 0xaedc, 0xaedc, 0xaedc, 0xaedc, 0xaedc, 
	0xaedc, 0xaedc, 0xaedc, 0xaedc, 0xaedc, 0xaedc, 0xaedc, 0xaedc, 0xaedc, 0xaedc, 0xaedc, 0xaedc, 0xaedc, 0xaedc, 0xaedc, 0xaedc, 
	0xaedc, 0xaedc, 0xaedc, 0xaedc, 0xaedc, 0xaedc, 0xaedc, 0xaedc, 0xaedc, 0xaedc, 0xaedc, 0xaedc, 0xaedc, 0xaedc, 0xaedc, 0xaedc, 
	0xaedc, 0xaedc, 0xaedc, 0xaedc, 0xaedc, 0xaedc, 0xaedc, 0xaedc, 0xaedd, 0xaedc, 0xaedc, 0xb6fd, 0xaedd, 0xaedd, 0xaedc, 0xb71d, 
	0xb6bc, 0xae7b, 0xae5b, 0xa63a, 0x9e19, 0x95b8, 0x95b8, 0x8d56, 0x84f4, 0x7c93, 0x7431, 0x6bd0, 0x636e, 0x5b0c, 0x52cb, 0x4aaa, 
	0x4a69, 0x4269, 0x4228, 0x3a07, 0x31c6, 0x31a6, 0x2986, 0x2985, 0x3186, 0x3186, 0x3186, 0x3186, 0x3186, 0x3186, 0x3186, 0x3186, 
	0x29a7, 0x2985, 0x5a89, 0xb4f2, 0xf6b9, 0xff1a, 0xfef9, 0xfef9, 0xfef9, 0xff1a, 0xfed9, 0xfed9, 0xff1a, 0xde37, 0x8bee, 0x41e6, 
	0x3186, 0x3166, 0x31a6, 0x31a6, 0x534d, 0x95b7, 0xaebc, 0xaefd, 0xaefc, 0xaebc, 0xb6bc, 0xb6dd, 0xaedc, 0xaedc, 0xb6fc, 0xb6bc, 
	0xaedc, 0xaedc, 0xaedc, 0xaedc, 0xaedc, 0xaedc, 0xaedc, 0xaedc, 0xaedc, 0xaedc, 0xaedc, 0xaedc, 0xaedc, 0xaedc, 0xaedc, 0xaedc, 
	0xaedc, 0xaedc, 0xaedc, 0xaedc, 0xaedc, 0xaedc, 0xaedc, 0xaedc, 0xaedc, 0xaedc, 0xaedc, 0xaedc, 0xaedc, 0xaedc, 0xaedc, 0xaedc, 
	0xaedc, 0xaedc, 0xaedc, 0xaedc, 0xaedc, 0xaedc, 0xaedc, 0xaedc, 0xaedc, 0xaedc, 0xaedc, 0xaedc, 0xaedc, 0xaedc, 0xaedc, 0xaedc, 
	0xaedc, 0xaedc, 0xaedc, 0xaedc, 0xaedc, 0xaedc, 0xaedc, 0xaedc, 0xaedc, 0xaedc, 0xaedc, 0xaedc, 0xaedc, 0xaedc, 0xaedc, 0xaedc, 
	0xaedc, 0xaedc, 0xaedc, 0xaedc, 0xaedc, 0xaedc, 0xaedc, 0xaedc, 0xaedc, 0xaedc, 0xaedc, 0xaedc, 0xaedc, 0xaedc, 0xaedc, 0xaedc, 
	0xaedc, 0xaedc, 0xaedc, 0xaedc, 0xaedc, 0xaedc, 0xaedc, 0xaedc, 0xaedc, 0xaedc, 0xaedc, 0xaedc, 0xaedc, 0xaedc, 0xaedc, 0xaedc, 
	0xaedc, 0xaedc, 0xaedc, 0xaedc, 0xaedc, 0xaedc, 0xaedc, 0xaedc, 0xaedc, 0xaedc, 0xaedc, 0xaedc, 0xaedc, 0xaedc, 0xaedc, 0xaedc, 
	0xaedc, 0xaedc, 0xaedc, 0xaedc, 0xaedc, 0xaedc, 0xaedc, 0xaedc, 0xaedc, 0xaedc, 0xaedc, 0xaedc, 0xaedc, 0xaedc, 0xaedc, 0xaedc, 
	0xaedc, 0xaedc, 0xaedc, 0xaedc, 0xaedc, 0xaedc, 0xaedc, 0xaedc, 0xaedc, 0xaedc, 0xaedc, 0xaedc, 0xaedc, 0xaedc, 0xaedc, 0xaedc, 
	0xaedc, 0xaedc, 0xaedc, 0xaedc, 0xaedc, 0xaedc, 0xaedc, 0xaedc, 0xaedc, 0xaedc, 0xaedc, 0xaedc, 0xaedc, 0xaedc, 0xaedc, 0xaedc, 
	0xaedc, 0xaedc, 0xaedc, 0xaedc, 0xaedc, 0xaedc, 0xaedc, 0xaedc, 0xaedc, 0xaedc, 0xaedc, 0xaedc, 0xaedc, 0xaedc, 0xaedc, 0xaedc, 
	0xaedc, 0xaedc, 0xaedc, 0xaedc, 0xaedc, 0xaedc, 0xaedc, 0xaedc, 0xaedc, 0xaedc, 0xaedc, 0xaedc, 0xaedc, 0xaedc, 0xaedc, 0xaedc, 
	0xaedd, 0xaedd, 0xaedd, 0xaedd, 0xaedd, 0xaedd, 0xaedd, 0xaedd, 0xaebc, 0xaebc, 0xae9c, 0xa69b, 0xa67b, 0xa67b, 0x9e5a, 0x9e3a, 
	0x9597, 0x9557, 0x84f5, 0x7c93, 0x7432, 0x6bd0, 0x5b8f, 0x5b4e, 0x530c, 0x52cc, 0x428a, 0x426a, 0x3a08, 0x31a7, 0x39c6, 0x3185, 
	0x3185, 0x31a6, 0x31a7, 0x5269, 0xacd2, 0xfed9, 0xfed9, 0xfefa, 0xff1a, 0xfed9, 0xfefa, 0xfefa, 0xe637, 0x8bce, 0x39e7, 0x29a6, 
	0x31a5, 0x31a6, 0x31a7, 0x5b2d, 0x9597, 0xaedc, 0xaedc, 0xaedc, 0xaedc, 0xaedc, 0xaedc, 0xaedc, 0xaedc, 0xaedc, 0xaedc, 0xaedc, 
	0xaedc, 0xaedc, 0xaedc, 0xaedc, 0xaedc, 0xaedc, 0xaedc, 0xaedc, 0xaedc, 0xaedc, 0xaedc, 0xaedc, 0xaedc, 0xaedc, 0xaedc, 0xaedc, 
	0xaedc, 0xaedc, 0xaedc, 0xaedc, 0xaedc, 0xaedc, 0xaedc, 0xaedc, 0xaedc, 0xaedc, 0xaedc, 0xaedc, 0xaedc, 0xaedc, 0xaedc, 0xaedc, 
	0xaedc, 0xaedc, 0xaedc, 0xaedc, 0xaedc, 0xaedc, 0xaedc, 0xaedc, 0xaedc, 0xaedc, 0xaedc, 0xaedc, 0xaedc, 0xaedc, 0xaedc, 0xaedc, 
	0xaedc, 0xaedc, 0xaedc, 0xaedc, 0xaedc, 0xaedc, 0xaedc, 0xaedc, 0xaedc, 0xaedc, 0xaedc, 0xaedc, 0xaedc, 0xaedc, 0xaedc, 0xaedc, 
	0xaedc, 0xaedc, 0xaedc, 0xaedc, 0xaedc, 0xaedc, 0xaedc, 0xaedc, 0xaedc, 0xaedc, 0xaedc, 0xaedc, 0xaedc, 0xaedc, 0xaedc, 0xaedc, 
	0xaedc, 0xaedc, 0xaedc, 0xaedc, 0xaedc, 0xaedc, 0xaedc, 0xaedc, 0xaedc, 0xaedc, 0xaedc, 0xaedc, 0xaedc, 0xaedc, 0xaedc, 0xaedc, 
	0xaedc, 0xaedc, 0xaedc, 0xaedc, 0xaedc, 0xaedc, 0xaedc, 0xaedc, 0xaedc, 0xaedc, 0xaedc, 0xaedc, 0xaedc, 0xaedc, 0xaedc, 0xaedc, 
	0xaedc, 0xaedc, 0xaedc, 0xaedc, 0xaedc, 0xaedc, 0xaedc, 0xaedc, 0xaedc, 0xaedc, 0xaedc, 0xaedc, 0xaedc, 0xaedc, 0xaedc, 0xaedc, 
	0xaedc, 0xaedc, 0xaedc, 0xaedc, 0xaedc, 0xaedc, 0xaedc, 0xaedc, 0xaedc, 0xaedc, 0xaedc, 0xaedc, 0xaedc, 0xaedc, 0xaedc, 0xaedc, 
	0xaedc, 0xaedc, 0xaedc, 0xaedc, 0xaedc, 0xaedc, 0xaedc, 0xaedc, 0xaedc, 0xaedc, 0xaedc, 0xaedc, 0xaedc, 0xaedc, 0xaedc, 0xaedc, 
	0xaedc, 0xaedc, 0xaedc, 0xaedc, 0xaedc, 0xaedc, 0xaedc, 0xaedc, 0xaedc, 0xaedc, 0xaedc, 0xaedc, 0xaedc, 0xaedc, 0xaedc, 0xaedc, 
	0xaedc, 0xaedc, 0xaedc, 0xaedc, 0xaedc, 0xaedc, 0xaedc, 0xaedc, 0xaedc, 0xaedc, 0xaedc, 0xaedc, 0xaedc, 0xaedc, 0xaedc, 0xaedc, 
	0xaedc, 0xaedc, 0xaedc, 0xaedc, 0xaedc, 0xaedc, 0xaedc, 0xaedc, 0xb6dd, 0xb6dd, 0xaedc, 0xb6dd, 0xb6dd, 0xb6dd, 0xaedc, 0xaebc, 
	0xaefc, 0xaedc, 0xaedc, 0xaedc, 0xaedc, 0xaebb, 0xae9b, 0xa67a, 0xa619, 0x9df8, 0x9597, 0x8d56, 0x84f4, 0x7cb3, 0x6bf0, 0x3a6a, 
	0x31a6, 0x3186, 0x2986, 0x39a7, 0x5a69, 0xacb1, 0xfef9, 0xff1a, 0xfed9, 0xff3a, 0xfefa, 0xde16, 0x8bee, 0x41e7, 0x31a6, 0x3186, 
	0x31a6, 0x31a7, 0x5b4e, 0x9db7, 0xaebb, 0xaedc, 0xb6fd, 0xaedc, 0xaedc, 0xaedc, 0xaedc, 0xaedc, 0xaedc, 0xaedc, 0xaedc, 0xaedc, 
	0xaedc, 0xaedc, 0xaedc, 0xaedc, 0xaedc, 0xaedc, 0xaedc, 0xaedc, 0xaedc, 0xaedc, 0xaedc, 0xaedc, 0xaedc, 0xaedc, 0xaedc, 0xaedc, 
	0xaedc, 0xaedc, 0xaedc, 0xaedc, 0xaedc, 0xaedc, 0xaedc, 0xaedc, 0xaedc, 0xaedc, 0xaedc, 0xaedc, 0xaedc, 0xaedc, 0xaedc, 0xaedc, 
	0xaedc, 0xaedc, 0xaedc, 0xaedc, 0xaedc, 0xaedc, 0xaedc, 0xaedc, 0xaedc, 0xaedc, 0xaedc, 0xaedc, 0xaedc, 0xaedc, 0xaedc, 0xaedc, 
	0xaedc, 0xaedc, 0xaedc, 0xaedc, 0xaedc, 0xaedc, 0xaedc, 0xaedc, 0xaedc, 0xaedc, 0xaedc, 0xaedc, 0xaedc, 0xaedc, 0xaedc, 0xaedc, 
	0xaedc, 0xaedc, 0xaedc, 0xaedc, 0xaedc, 0xaedc, 0xaedc, 0xaedc, 0xaedc, 0xaedc, 0xaedc, 0xaedc, 0xaedc, 0xaedc, 0xaedc, 0xaedc, 
	0xaedc, 0xaedc, 0xaedc, 0xaedc, 0xaedc, 0xaedc, 0xaedc, 0xaedc, 0xaedc, 0xaedc, 0xaedc, 0xaedc, 0xaedc, 0xaedc, 0xaedc, 0xaedc, 
	0xaedc, 0xaedc, 0xaedc, 0xaedc, 0xaedc, 0xaedc, 0xaedc, 0xaedc, 0xaedc, 0xaedc, 0xaedc, 0xaedc, 0xaedc, 0xaedc, 0xaedc, 0xaedc, 
	0xaedc, 0xaedc, 0xaedc, 0xaedc, 0xaedc, 0xaedc, 0xaedc, 0xaedc, 0xaedc, 0xaedc, 0xaedc, 0xaedc, 0xaedc, 0xaedc, 0xaedc, 0xaedc, 
	0xaedc, 0xaedc, 0xaedc, 0xaedc, 0xaedc, 0xaedc, 0xaedc, 0xaedc, 0xaedc, 0xaedc, 0xaedc, 0xaedc, 0xaedc, 0xaedc, 0xaedc, 0xaedc, 
	0xaedc, 0xaedc, 0xaedc, 0xaedc, 0xaedc, 0xaedc, 0xaedc, 0xaedc, 0xaedc, 0xaedc, 0xaedc, 0xaedc, 0xaedc, 0xaedc, 0xaedc, 0xaedc, 
	0xaedc, 0xaedc, 0xaedc, 0xaedc, 0xaedc, 0xaedc, 0xaedc, 0xaedc, 0xaedc, 0xaedc, 0xaedc, 0xaedc, 0xaedc, 0xaedc, 0xaedc, 0xaedc, 
	0xaedc, 0xaedc, 0xaedc, 0xaedc, 0xaedc, 0xaedc, 0xaedc, 0xaedc, 0xaedc, 0xaedc, 0xaedc, 0xaedc, 0xaedc, 0xaedc, 0xaedc, 0xaedc, 
	0xaedc, 0xaedc, 0xaedc, 0xaedc, 0xaedc, 0xaedc, 0xaedc, 0xaedc, 0xaedc, 0xaedc, 0xaedc, 0xaedc, 0xaedd, 0xb6fd, 0xaedd, 0xaedd, 
	0xaedc, 0xaedc, 0xaedd, 0xaedc, 0xaefd, 0xaefd, 0xaedc, 0xaedc, 0xaedc, 0xaedc, 0xaedc, 0xaedd, 0xaedc, 0xb6fd, 0xae7b, 0x7cf5, 
	0x4a4a, 0x3186, 0x31a6, 0x3186, 0x3186, 0x5aaa, 0xacd1, 0xf6d9, 0xfef9, 0xfef9, 0xe637, 0x8bee, 0x39e6, 0x29a6, 0x3186, 0x3966, 
	0x31a7, 0x5b4e, 0x9596, 0xaefc, 0xaefc, 0xaedc, 0xb6dd, 0xb6bc, 0xaedc, 0xaedc, 0xaedc, 0xaedc, 0xaedc, 0xaedc, 0xaedc, 0xaedc, 
	0xaedc, 0xaedc, 0xaedc, 0xaedc, 0xaedc, 0xaedc, 0xaedc, 0xaedc, 0xaedc, 0xaedc, 0xaedc, 0xaedc, 0xaedc, 0xaedc, 0xaedc, 0xaedc, 
	0xaedc, 0xaedc, 0xaedc, 0xaedc, 0xaedc, 0xaedc, 0xaedc, 0xaedc, 0xaedc, 0xaedc, 0xaedc, 0xaedc, 0xaedc, 0xaedc, 0xaedc, 0xaedc, 
	0xaedc, 0xaedc, 0xaedc, 0xaedc, 0xaedc, 0xaedc, 0xaedc, 0xaedc, 0xaedc, 0xaedc, 0xaedc, 0xaedc, 0xaedc, 0xaedc, 0xaedc, 0xaedc, 
	0xaedc, 0xaedc, 0xaedc, 0xaedc, 0xaedc, 0xaedc, 0xaedc, 0xaedc, 0xaedc, 0xaedc, 0xaedc, 0xaedc, 0xaedc, 0xaedc, 0xaedc, 0xaedc, 
	0xaedc, 0xaedc, 0xaedc, 0xaedc, 0xaedc, 0xaedc, 0xaedc, 0xaedc, 0xaedc, 0xaedc, 0xaedc, 0xaedc, 0xaedc, 0xaedc, 0xaedc, 0xaedc, 
	0xaedc, 0xaedc, 0xaedc, 0xaedc, 0xaedc, 0xaedc, 0xaedc, 0xaedc, 0xaedc, 0xaedc, 0xaedc, 0xaedc, 0xaedc, 0xaedc, 0xaedc, 0xaedc, 
	0xaedc, 0xaedc, 0xaedc, 0xaedc, 0xaedc, 0xaedc, 0xaedc, 0xaedc, 0xaedc, 0xaedc, 0xaedc, 0xaedc, 0xaedc, 0xaedc, 0xaedc, 0xaedc, 
	0xaedc, 0xaedc, 0xaedc, 0xaedc, 0xaedc, 0xaedc, 0xaedc, 0xaedc, 0xaedc, 0xaedc, 0xaedc, 0xaedc, 0xaedc, 0xaedc, 0xaedc, 0xaedc, 
	0xaedc, 0xaedc, 0xaedc, 0xaedc, 0xaedc, 0xaedc, 0xaedc, 0xaedc, 0xaedc, 0xaedc, 0xaedc, 0xaedc, 0xaedc, 0xaedc, 0xaedc, 0xaedc, 
	0xaedc, 0xaedc, 0xaedc, 0xaedc, 0xaedc, 0xaedc, 0xaedc, 0xaedc, 0xaedc, 0xaedc, 0xaedc, 0xaedc, 0xaedc, 0xaedc, 0xaedc, 0xaedc, 
	0xaedc, 0xaedc, 0xaedc, 0xaedc, 0xaedc, 0xaedc, 0xaedc, 0xaedc, 0xaedc, 0xaedc, 0xaedc, 0xaedc, 0xaedc, 0xaedc, 0xaedc, 0xaedc, 
	0xaedc, 0xaedc, 0xaedc, 0xaedc, 0xaedc, 0xaedc, 0xaedc, 0xaedc, 0xaedc, 0xaedc, 0xaedc, 0xaedc, 0xaedc, 0xaedc, 0xaedc, 0xaedc, 
	0xaedc, 0xaedc, 0xaedc, 0xaedc, 0xaedc, 0xaedc, 0xaedc, 0xaedc, 0xaedc, 0xaedc, 0xaedc, 0xaedc, 0xaedc, 0xaedc, 0xaedc, 0xaedc, 
	0xb6dd, 0xb6dd, 0xb6dd, 0xb6dd, 0xb6dd, 0xb6dd, 0xb6dd, 0xb6dd, 0xaedd, 0xaedd, 0xaefd, 0xaefd, 0xaebc, 0xaedd, 0xb6fd, 0xa65b, 
	0x84b3, 0x426a, 0x31a6, 0x31a6, 0x3186, 0x3186, 0x5a89, 0xacf2, 0xf6b9, 0xe637, 0x8bce, 0x4207, 0x2985, 0x31c7, 0x31a7, 0x39a7, 
	0x5b2e, 0x9597, 0xb6fc, 0xa6dc, 0xaedc, 0xb6dd, 0xaedd, 0xaedd, 0xaedc, 0xaedc, 0xaedc, 0xaedc, 0xaedc, 0xaedc, 0xaedc, 0xaedc, 
	0xaedc, 0xaedc, 0xaedc, 0xaedc, 0xaedc, 0xaedc, 0xaedc, 0xaedc, 0xaedc, 0xaedc, 0xaedc, 0xaedc, 0xaedc, 0xaedc, 0xaedc, 0xaedc, 
	0xaedc, 0xaedc, 0xaedc, 0xaedc, 0xaedc, 0xaedc, 0xaedc, 0xaedc, 0xaedc, 0xaedc, 0xaedc, 0xaedc, 0xaedc, 0xaedc, 0xaedc, 0xaedc, 
	0xaedc, 0xaedc, 0xaedc, 0xaedc, 0xaedc, 0xaedc, 0xaedc, 0xaedc, 0xaedc, 0xaedc, 0xaedc, 0xaedc, 0xaedc, 0xaedc, 0xaedc, 0xaedc, 
	0xaedc, 0xaedc, 0xaedc, 0xaedc, 0xaedc, 0xaedc, 0xaedc, 0xaedc, 0xaedc, 0xaedc, 0xaedc, 0xaedc, 0xaedc, 0xaedc, 0xaedc, 0xaedc, 
	0xaedc, 0xaedc, 0xaedc, 0xaedc, 0xaedc, 0xaedc, 0xaedc, 0xaedc, 0xaedc, 0xaedc, 0xaedc, 0xaedc, 0xaedc, 0xaedc, 0xaedc, 0xaedc, 
	0xaedc, 0xaedc, 0xaedc, 0xaedc, 0xaedc, 0xaedc, 0xaedc, 0xaedc, 0xaedc, 0xaedc, 0xaedc, 0xaedc, 0xaedc, 0xaedc, 0xaedc, 0xaedc, 
	0xaedc, 0xaedc, 0xaedc, 0xaedc, 0xaedc, 0xaedc, 0xaedc, 0xaedc, 0xaedc, 0xaedc, 0xaedc, 0xaedc, 0xaedc, 0xaedc, 0xaedc, 0xaedc, 
	0xaedc, 0xaedc, 0xaedc, 0xaedc, 0xaedc, 0xaedc, 0xaedc, 0xaedc, 0xaedc, 0xaedc, 0xaedc, 0xaedc, 0xaedc, 0xaedc, 0xaedc, 0xaedc, 
	0xaedc, 0xaedc, 0xaedc, 0xaedc, 0xaedc, 0xaedc, 0xaedc, 0xaedc, 0xaedc, 0xaedc, 0xaedc, 0xaedc, 0xaedc, 0xaedc, 0xaedc, 0xaedc, 
	0xaedc, 0xaedc, 0xaedc, 0xaedc, 0xaedc, 0xaedc, 0xaedc, 0xaedc, 0xaedc, 0xaedc, 0xaedc, 0xaedc, 0xaedc, 0xaedc, 0xaedc, 0xaedc, 
	0xaedc, 0xaedc, 0xaedc, 0xaedc, 0xaedc, 0xaedc, 0xaedc, 0xaedc, 0xaedc, 0xaedc, 0xaedc, 0xaedc, 0xaedc, 0xaedc, 0xaedc, 0xaedc, 
	0xaedc, 0xaedc, 0xaedc, 0xaedc, 0xaedc, 0xaedc, 0xaedc, 0xaedc, 0xaedc, 0xaedc, 0xaedc, 0xaedc, 0xaedc, 0xaedc, 0xaedc, 0xaedc, 
	0xaedc, 0xaedc, 0xaedc, 0xaedc, 0xaedc, 0xaedc, 0xaedc, 0xaedc, 0xaedc, 0xaedc, 0xaedd, 0xaedc, 0xaedc, 0xaedc, 0xaedd, 0xaedd, 
	0xaedc, 0xaedc, 0xaedc, 0xaedc, 0xaedc, 0xaedd, 0xaedd, 0xaedd, 0xaedc, 0xaedc, 0xaebc, 0xaedc, 0xaedc, 0xaedc, 0xb6dd, 0xb6fd, 
	0xae9c, 0x7cd3, 0x4269, 0x2985, 0x31a6, 0x3186, 0x39a6, 0x5a89, 0xa471, 0x83ce, 0x4207, 0x3185, 0x39a7, 0x2966, 0x31c7, 0x5b4d, 
	0x95b8, 0xae9b, 0xaefd, 0xaedc, 0xb6dd, 0xb6dd, 0xaebc, 0xaefd, 0xaedc, 0xaedc, 0xaedc, 0xaedc, 0xaedc, 0xaedc, 0xaedc, 0xaedc, 
	0xaedc, 0xaedc, 0xaedc, 0xaedc, 0xaedc, 0xaedc, 0xaedc, 0xaedc, 0xaedc, 0xaedc, 0xaedc, 0xaedc, 0xaedc, 0xaedc, 0xaedc, 0xaedc, 
	0xaedc, 0xaedc, 0xaedc, 0xaedc, 0xaedc, 0xaedc, 0xaedc, 0xaedc, 0xaedc, 0xaedc, 0xaedc, 0xaedc, 0xaedc, 0xaedc, 0xaedc, 0xaedc, 
	0xaedc, 0xaedc, 0xaedc, 0xaedc, 0xaedc, 0xaedc, 0xaedc, 0xaedc, 0xaedc, 0xaedc, 0xaedc, 0xaedc, 0xaedc, 0xaedc, 0xaedc, 0xaedc, 
	0xaedc, 0xaedc, 0xaedc, 0xaedc, 0xaedc, 0xaedc, 0xaedc, 0xaedc, 0xaedc, 0xaedc, 0xaedc, 0xaedc, 0xaedc, 0xaedc, 0xaedc, 0xaedc, 
	0xaedc, 0xaedc, 0xaedc, 0xaedc, 0xaedc, 0xaedc, 0xaedc, 0xaedc, 0xaedc, 0xaedc, 0xaedc, 0xaedc, 0xaedc, 0xaedc, 0xaedc, 0xaedc, 
	0xaedc, 0xaedc, 0xaedc, 0xaedc, 0xaedc, 0xaedc, 0xaedc, 0xaedc, 0xaedc, 0xaedc, 0xaedc, 0xaedc, 0xaedc, 0xaedc, 0xaedc, 0xaedc, 
	0xaedc, 0xaedc, 0xaedc, 0xaedc, 0xaedc, 0xaedc, 0xaedc, 0xaedc, 0xaedc, 0xaedc, 0xaedc, 0xaedc, 0xaedc, 0xaedc, 0xaedc, 0xaedc, 
	0xaedc, 0xaedc, 0xaedc, 0xaedc, 0xaedc, 0xaedc, 0xaedc, 0xaedc, 0xaedc, 0xaedc, 0xaedc, 0xaedc, 0xaedc, 0xaedc, 0xaedc, 0xaedc, 
	0xaedc, 0xaedc, 0xaedc, 0xaedc, 0xaedc, 0xaedc, 0xaedc, 0xaedc, 0xaedc, 0xaedc, 0xaedc, 0xaedc, 0xaedc, 0xaedc, 0xaedc, 0xaedc, 
	0xaedc, 0xaedc, 0xaedc, 0xaedc, 0xaedc, 0xaedc, 0xaedc, 0xaedc, 0xaedc, 0xaedc, 0xaedc, 0xaedc, 0xaedc, 0xaedc, 0xaedc, 0xaedc, 
	0xaedc, 0xaedc, 0xaedc, 0xaedc, 0xaedc, 0xaedc, 0xaedc, 0xaedc, 0xaedc, 0xaedc, 0xaedc, 0xaedc, 0xaedc, 0xaedc, 0xaedc, 0xaedc, 
	0xaedc, 0xaedc, 0xaedc, 0xaedc, 0xaedc, 0xaedc, 0xaedc, 0xaedc, 0xaedc, 0xaedc, 0xaedc, 0xaedc, 0xaedc, 0xaedc, 0xaedc, 0xaedc, 
	0xaedc, 0xaedc, 0xaedc, 0xaedc, 0xaedc, 0xaedc, 0xaedc, 0xaedc, 0xaedc, 0xaedc, 0xaedc, 0xaedc, 0xaedc, 0xaedc, 0xaedc, 0xaedc, 
	0xaedc, 0xaedc, 0xaefc, 0xaedd, 0xaedc, 0xaedc, 0xaedc, 0xaedc, 0xaedc, 0xb6fd, 0xaedc, 0xaedc, 0xb6fd, 0xaedc, 0xaebc, 0xaedc, 
	0xa6dd, 0xaebb, 0x84b3, 0x4269, 0x31a6, 0x3186, 0x2966, 0x31a7, 0x41e7, 0x31a6, 0x31a6, 0x3186, 0x3166, 0x39a7, 0x532d, 0x95d7, 
	0xaedc, 0xaedc, 0xaedc, 0xb6dd, 0xb6dd, 0xaebc, 0xaebc, 0xaefd, 0xaedc, 0xaedc, 0xaedc, 0xaedc, 0xaedc, 0xaedc, 0xaedc, 0xaedc, 
	0xaedc, 0xaedc, 0xaedc, 0xaedc, 0xaedc, 0xaedc, 0xaedc, 0xaedc, 0xaedc, 0xaedc, 0xaedc, 0xaedc, 0xaedc, 0xaedc, 0xaedc, 0xaedc, 
	0xaedc, 0xaedc, 0xaedc, 0xaedc, 0xaedc, 0xaedc, 0xaedc, 0xaedc, 0xaedc, 0xaedc, 0xaedc, 0xaedc, 0xaedc, 0xaedc, 0xaedc, 0xaedc, 
	0xaedc, 0xaedc, 0xaedc, 0xaedc, 0xaedc, 0xaedc, 0xaedc, 0xaedc, 0xaedc, 0xaedc, 0xaedc, 0xaedc, 0xaedc, 0xaedc, 0xaedc, 0xaedc, 
	0xaedc, 0xaedc, 0xaedc, 0xaedc, 0xaedc, 0xaedc, 0xaedc, 0xaedc, 0xaedc, 0xaedc, 0xaedc, 0xaedc, 0xaedc, 0xaedc, 0xaedc, 0xaedc, 
	0xaedc, 0xaedc, 0xaedc, 0xaedc, 0xaedc, 0xaedc, 0xaedc, 0xaedc, 0xaedc, 0xaedc, 0xaedc, 0xaedc, 0xaedc, 0xaedc, 0xaedc, 0xaedc, 
	0xaedc, 0xaedc, 0xaedc, 0xaedc, 0xaedc, 0xaedc, 0xaedc, 0xaedc, 0xaedc, 0xaedc, 0xaedc, 0xaedc, 0xaedc, 0xaedc, 0xaedc, 0xaedc, 
	0xaedc, 0xaedc, 0xaedc, 0xaedc, 0xaedc, 0xaedc, 0xaedc, 0xaedc, 0xaedc, 0xaedc, 0xaedc, 0xaedc, 0xaedc, 0xaedc, 0xaedc, 0xaedc, 
	0xaedc, 0xaedc, 0xaedc, 0xaedc, 0xaedc, 0xaedc, 0xaedc, 0xaedc, 0xaedc, 0xaedc, 0xaedc, 0xaedc, 0xaedc, 0xaedc, 0xaedc, 0xaedc, 
	0xaedc, 0xaedc, 0xaedc, 0xaedc, 0xaedc, 0xaedc, 0xaedc, 0xaedc, 0xaedc, 0xaedc, 0xaedc, 0xaedc, 0xaedc, 0xaedc, 0xaedc, 0xaedc, 
	0xaedc, 0xaedc, 0xaedc, 0xaedc, 0xaedc, 0xaedc, 0xaedc, 0xaedc, 0xaedc, 0xaedc, 0xaedc, 0xaedc, 0xaedc, 0xaedc, 0xaedc, 0xaedc, 
	0xaedc, 0xaedc, 0xaedc, 0xaedc, 0xaedc, 0xaedc, 0xaedc, 0xaedc, 0xaedc, 0xaedc, 0xaedc, 0xaedc, 0xaedc, 0xaedc, 0xaedc, 0xaedc, 
	0xaedc, 0xaedc, 0xaedc, 0xaedc, 0xaedc, 0xaedc, 0xaedc, 0xaedc, 0xaedc, 0xaedc, 0xaedc, 0xaedc, 0xaedc, 0xaedc, 0xaedc, 0xaedc, 
	0xaedc, 0xaedc, 0xaedc, 0xaedc, 0xaedc, 0xaedc, 0xaedc, 0xaedc, 0xaedd, 0xaedd, 0xaedd, 0xaedd, 0xaedd, 0xaedc, 0xaedc, 0xaedc, 
	0xaedc, 0xaedc, 0xaedc, 0xaedc, 0xaedc, 0xaedc, 0xaedc, 0xaedc, 0xaedc, 0xaedc, 0xaedd, 0xaedc, 0xaedc, 0xaedc, 0xaedc, 0xaedd, 
	0xaedc, 0xaebc, 0xae9b, 0x7cb4, 0x426a, 0x31a6, 0x31a6, 0x31a6, 0x3186, 0x31c6, 0x3186, 0x3186, 0x39e8, 0x5b2d, 0x95b7, 0xb6fc, 
	0xaedc, 0xb6fd, 0xb6fd, 0xaebc, 0xaedc, 0xaedc, 0xaedc, 0xb6fd, 0xaedc, 0xaedc, 0xaedc, 0xaedc, 0xaedc, 0xaedc, 0xaedc, 0xaedc, 
	0xaedc, 0xaedc, 0xaedc, 0xaedc, 0xaedc, 0xaedc, 0xaedc, 0xaedc, 0xaedc, 0xaedc, 0xaedc, 0xaedc, 0xaedc, 0xaedc, 0xaedc, 0xaedc, 
	0xaedc, 0xaedc, 0xaedc, 0xaedc, 0xaedc, 0xaedc, 0xaedc, 0xaedc, 0xaedc, 0xaedc, 0xaedc, 0xaedc, 0xaedc, 0xaedc, 0xaedc, 0xaedc, 
	0xaedc, 0xaedc, 0xaedc, 0xaedc, 0xaedc, 0xaedc, 0xaedc, 0xaedc, 0xaedc, 0xaedc, 0xaedc, 0xaedc, 0xaedc, 0xaedc, 0xaedc, 0xaedc, 
	0xaedc, 0xaedc, 0xaedc, 0xaedc, 0xaedc, 0xaedc, 0xaedc, 0xaedc, 0xaedc, 0xaedc, 0xaedc, 0xaedc, 0xaedc, 0xaedc, 0xaedc, 0xaedc, 
	0xaedc, 0xaedc, 0xaedc, 0xaedc, 0xaedc, 0xaedc, 0xaedc, 0xaedc, 0xaedc, 0xaedc, 0xaedc, 0xaedc, 0xaedc, 0xaedc, 0xaedc, 0xaedc, 
	0xaedc, 0xaedc, 0xaedc, 0xaedc, 0xaedc, 0xaedc, 0xaedc, 0xaedc, 0xaedc, 0xaedc, 0xaedc, 0xaedc, 0xaedc, 0xaedc, 0xaedc, 0xaedc, 
	0xaedc, 0xaedc, 0xaedc, 0xaedc, 0xaedc, 0xaedc, 0xaedc, 0xaedc, 0xaedc, 0xaedc, 0xaedc, 0xaedc, 0xaedc, 0xaedc, 0xaedc, 0xaedc, 
	0xaedc, 0xaedc, 0xaedc, 0xaedc, 0xaedc, 0xaedc, 0xaedc, 0xaedc, 0xaedc, 0xaedc, 0xaedc, 0xaedc, 0xaedc, 0xaedc, 0xaedc, 0xaedc, 
	0xaedc, 0xaedc, 0xaedc, 0xaedc, 0xaedc, 0xaedc, 0xaedc, 0xaedc, 0xaedc, 0xaedc, 0xaedc, 0xaedc, 0xaedc, 0xaedc, 0xaedc, 0xaedc, 
	0xaedc, 0xaedc, 0xaedc, 0xaedc, 0xaedc, 0xaedc, 0xaedc, 0xaedc, 0xaedc, 0xaedc, 0xaedc, 0xaedc, 0xaedc, 0xaedc, 0xaedc, 0xaedc, 
	0xaedc, 0xaedc, 0xaedc, 0xaedc, 0xaedc, 0xaedc, 0xaedc, 0xaedc, 0xaedc, 0xaedc, 0xaedc, 0xaedc, 0xaedc, 0xaedc, 0xaedc, 0xaedc, 
	0xaedc, 0xaedc, 0xaedc, 0xaedc, 0xaedc, 0xaedc, 0xaedc, 0xaedc, 0xaedc, 0xaedc, 0xaedc, 0xaedc, 0xaedc, 0xaedc, 0xaedc, 0xaedc, 
	0xaedc, 0xaedc, 0xaedc, 0xaedc, 0xaedc, 0xaedc, 0xaedc, 0xaedc, 0xaedc, 0xaedc, 0xaedc, 0xaedc, 0xaedd, 0xaedd, 0xaedc, 0xaedc, 
	0xaefd, 0xaedd, 0xaedd, 0xaedc, 0xaedc, 0xaedc, 0xaedc, 0xaedc, 0xb6fd, 0xaebc, 0xaedd, 0xb6dd, 0xaebd, 0xb6dd, 0xb6dd, 0xaebd, 
	0xb6dc, 0xaedd, 0xaebd, 0xae9c, 0x84b3, 0x4249, 0x31a6, 0x3185, 0x31a6, 0x3186, 0x31a6, 0x31a6, 0x5b4d, 0x9597, 0xb6dd, 0xaedd, 
	0xaefc, 0xaebc, 0xb6bc, 0xb6dd, 0xaedc, 0xaefc, 0xb6fc, 0xb6bc, 0xaedc, 0xaedc, 0xaedc, 0xaedc, 0xaedc, 0xaedc, 0xaedc, 0xaedc, 
	0xaedc, 0xaedc, 0xaedc, 0xaedc, 0xaedc, 0xaedc, 0xaedc, 0xaedc, 0xaedc, 0xaedc, 0xaedc, 0xaedc, 0xaedc, 0xaedc, 0xaedc, 0xaedc, 
	0xaedc, 0xaedc, 0xaedc, 0xaedc, 0xaedc, 0xaedc, 0xaedc, 0xaedc, 0xaedc, 0xaedc, 0xaedc, 0xaedc, 0xaedc, 0xaedc, 0xaedc, 0xaedc, 
	0xaedc, 0xaedc, 0xaedc, 0xaedc, 0xaedc, 0xaedc, 0xaedc, 0xaedc, 0xaedc, 0xaedc, 0xaedc, 0xaedc, 0xaedc, 0xaedc, 0xaedc, 0xaedc, 
	0xaedc, 0xaedc, 0xaedc, 0xaedc, 0xaedc, 0xaedc, 0xaedc, 0xaedc, 0xaedc, 0xaedc, 0xaedc, 0xaedc, 0xaedc, 0xaedc, 0xaedc, 0xaedc, 
	0xaedc, 0xaedc, 0xaedc, 0xaedc, 0xaedc, 0xaedc, 0xaedc, 0xaedc, 0xaedc, 0xaedc, 0xaedc, 0xaedc, 0xaedc, 0xaedc, 0xaedc, 0xaedc, 
	0xaedc, 0xaedc, 0xaedc, 0xaedc, 0xaedc, 0xaedc, 0xaedc, 0xaedc, 0xaedc, 0xaedc, 0xaedc, 0xaedc, 0xaedc, 0xaedc, 0xaedc, 0xaedc, 
	0xaedc, 0xaedc, 0xaedc, 0xaedc, 0xaedc, 0xaedc, 0xaedc, 0xaedc, 0xaedc, 0xaedc, 0xaedc, 0xaedc, 0xaedc, 0xaedc, 0xaedc, 0xaedc, 
	0xaedc, 0xaedc, 0xaedc, 0xaedc, 0xaedc, 0xaedc, 0xaedc, 0xaedc, 0xaedc, 0xaedc, 0xaedc, 0xaedc, 0xaedc, 0xaedc, 0xaedc, 0xaedc, 
	0xaedc, 0xaedc, 0xaedc, 0xaedc, 0xaedc, 0xaedc, 0xaedc, 0xaedc, 0xaedc, 0xaedc, 0xaedc, 0xaedc, 0xaedc, 0xaedc, 0xaedc, 0xaedc, 
	0xaedc, 0xaedc, 0xaedc, 0xaedc, 0xaedc, 0xaedc, 0xaedc, 0xaedc, 0xaedc, 0xaedc, 0xaedc, 0xaedc, 0xaedc, 0xaedc, 0xaedc, 0xaedc, 
	0xaedc, 0xaedc, 0xaedc, 0xaedc, 0xaedc, 0xaedc, 0xaedc, 0xaedc, 0xaedc, 0xaedc, 0xaedc, 0xaedc, 0xaedc, 0xaedc, 0xaedc, 0xaedc, 
	0xaedc, 0xaedc, 0xaedc, 0xaedc, 0xaedc, 0xaedc, 0xaedc, 0xaedc, 0xaedc, 0xaedc, 0xaedc, 0xaedc, 0xaedc, 0xaedc, 0xaedc, 0xaedc, 
	0xaedc, 0xaedc, 0xaedc, 0xaedc, 0xaedc, 0xaedc, 0xaedc, 0xaedc, 0xaedc, 0xaedc, 0xaedc, 0xaedc, 0xaedc, 0xaedc, 0xaedc, 0xaedc, 
	0xaedc, 0xaedc, 0xaedc, 0xaedc, 0xaedc, 0xaedc, 0xaedc, 0xaedc, 0xaedc, 0xaedc, 0xaedc, 0xaedc, 0xaedc, 0xaedc, 0xaedc, 0xaedc, 
	0xaefc, 0xb6fd, 0xaebc, 0xaedd, 0xae9b, 0x7cd3, 0x428a, 0x39a6, 0x3965, 0x3186, 0x31c7, 0x534d, 0x95b7, 0xb6dc, 0xaebc, 0xaedc, 
	0xaedc, 0xaedc, 0xaedc, 0xaedc, 0xaedc, 0xaedc, 0xaedc, 0xaedc, 0xaedc, 0xaedc, 0xaedc, 0xaedc, 0xaedc, 0xaedc, 0xaedc, 0xaedc, 
	0xaedc, 0xaedc, 0xaedc, 0xaedc, 0xaedc, 0xaedc, 0xaedc, 0xaedc, 0xaedc, 0xaedc, 0xaedc, 0xaedc, 0xaedc, 0xaedc, 0xaedc, 0xaedc, 
	0xaedc, 0xaedc, 0xaedc, 0xaedc, 0xaedc, 0xaedc, 0xaedc, 0xaedc, 0xaedc, 0xaedc, 0xaedc, 0xaedc, 0xaedc, 0xaedc, 0xaedc, 0xaedc, 
	0xaedc, 0xaedc, 0xaedc, 0xaedc, 0xaedc, 0xaedc, 0xaedc, 0xaedc, 0xaedc, 0xaedc, 0xaedc, 0xaedc, 0xaedc, 0xaedc, 0xaedc, 0xaedc, 
	0xaedc, 0xaedc, 0xaedc, 0xaedc, 0xaedc, 0xaedc, 0xaedc, 0xaedc, 0xaedc, 0xaedc, 0xaedc, 0xaedc, 0xaedc, 0xaedc, 0xaedc, 0xaedc, 
	0xaedc, 0xaedc, 0xaedc, 0xaedc, 0xaedc, 0xaedc, 0xaedc, 0xaedc, 0xaedc, 0xaedc, 0xaedc, 0xaedc, 0xaedc, 0xaedc, 0xaedc, 0xaedc, 
	0xaedc, 0xaedc, 0xaedc, 0xaedc, 0xaedc, 0xaedc, 0xaedc, 0xaedc, 0xaedc, 0xaedc, 0xaedc, 0xaedc, 0xaedc, 0xaedc, 0xaedc, 0xaedc, 
	0xaedc, 0xaedc, 0xaedc, 0xaedc, 0xaedc, 0xaedc, 0xaedc, 0xaedc, 0xaedc, 0xaedc, 0xaedc, 0xaedc, 0xaedc, 0xaedc, 0xaedc, 0xaedc, 
	0xaedc, 0xaedc, 0xaedc, 0xaedc, 0xaedc, 0xaedc, 0xaedc, 0xaedc, 0xaedc, 0xaedc, 0xaedc, 0xaedc, 0xaedc, 0xaedc, 0xaedc, 0xaedc, 
	0xaedc, 0xaedc, 0xaedc, 0xaedc, 0xaedc, 0xaedc, 0xaedc, 0xaedc, 0xaedc, 0xaedc, 0xaedc, 0xaedc, 0xaedc, 0xaedc, 0xaedc, 0xaedc, 
	0xaedc, 0xaedc, 0xaedc, 0xaedc, 0xaedc, 0xaedc, 0xaedc, 0xaedc, 0xaedc, 0xaedc, 0xaedc, 0xaedc, 0xaedc, 0xaedc, 0xaedc, 0xaedc, 
	0xaedc, 0xaedc, 0xaedc, 0xaedc, 0xaedc, 0xaedc, 0xaedc, 0xaedc, 0xaedc, 0xaedc, 0xaedc, 0xaedc, 0xaedc, 0xaedc, 0xaedc, 0xaedc, 
	0xaedc, 0xaedc, 0xaedc, 0xaedc, 0xaedc, 0xaedc, 0xaedc, 0xaedc, 0xaedc, 0xaedc, 0xaedc, 0xaedc, 0xaedc, 0xaedc, 0xaedc, 0xaedc, 
	0xaedc, 0xaedc, 0xaedc, 0xaedc, 0xaedc, 0xaedc, 0xaedc, 0xaedc, 0xaedc, 0xaedc, 0xaedc, 0xaedc, 0xaedc, 0xaedc, 0xaedc, 0xaedc, 
	0xaedc, 0xaedc, 0xaedc, 0xaedc, 0xaedc, 0xaedc, 0xaedc, 0xaedc, 0xaedc, 0xaedc, 0xaedc, 0xaedc, 0xaedc, 0xaedc, 0xaedc, 0xaedc, 
	0xaefc, 0xaedc, 0xaebd, 0xaedd, 0xb6fd, 0xae9b, 0x84d3, 0x4a8a, 0x31a7, 0x31c8, 0x5b6e, 0x9db8, 0xb6dc, 0xaebc, 0xaebc, 0xb6fd, 
	0xaedc, 0xaedc, 0xaedc, 0xaedc, 0xaedc, 0xaedc, 0xaedc, 0xaedc, 0xaedc, 0xaedc, 0xaedc, 0xaedc, 0xaedc, 0xaedc, 0xaedc, 0xaedc, 
	0xaedc, 0xaedc, 0xaedc, 0xaedc, 0xaedc, 0xaedc, 0xaedc, 0xaedc, 0xaedc, 0xaedc, 0xaedc, 0xaedc, 0xaedc, 0xaedc, 0xaedc, 0xaedc, 
	0xaedc, 0xaedc, 0xaedc, 0xaedc, 0xaedc, 0xaedc, 0xaedc, 0xaedc, 0xaedc, 0xaedc, 0xaedc, 0xaedc, 0xaedc, 0xaedc, 0xaedc, 0xaedc, 
	0xaedc, 0xaedc, 0xaedc, 0xaedc, 0xaedc, 0xaedc, 0xaedc, 0xaedc, 0xaedc, 0xaedc, 0xaedc, 0xaedc, 0xaedc, 0xaedc, 0xaedc, 0xaedc, 
	0xaedc, 0xaedc, 0xaedc, 0xaedc, 0xaedc, 0xaedc, 0xaedc, 0xaedc, 0xaedc, 0xaedc, 0xaedc, 0xaedc, 0xaedc, 0xaedc, 0xaedc, 0xaedc, 
	0xaedc, 0xaedc, 0xaedc, 0xaedc, 0xaedc, 0xaedc, 0xaedc, 0xaedc, 0xaedc, 0xaedc, 0xaedc, 0xaedc, 0xaedc, 0xaedc, 0xaedc, 0xaedc, 
	0xaedc, 0xaedc, 0xaedc, 0xaedc, 0xaedc, 0xaedc, 0xaedc, 0xaedc, 0xaedc, 0xaedc, 0xaedc, 0xaedc, 0xaedc, 0xaedc, 0xaedc, 0xaedc, 
	0xaedc, 0xaedc, 0xaedc, 0xaedc, 0xaedc, 0xaedc, 0xaedc, 0xaedc, 0xaedc, 0xaedc, 0xaedc, 0xaedc, 0xaedc, 0xaedc, 0xaedc, 0xaedc, 
	0xaedc, 0xaedc, 0xaedc, 0xaedc, 0xaedc, 0xaedc, 0xaedc, 0xaedc, 0xaedc, 0xaedc, 0xaedc, 0xaedc, 0xaedc, 0xaedc, 0xaedc, 0xaedc, 
	0xaedc, 0xaedc, 0xaedc, 0xaedc, 0xaedc, 0xaedc, 0xaedc, 0xaedc, 0xaedc, 0xaedc, 0xaedc, 0xaedc, 0xaedc, 0xaedc, 0xaedc, 0xaedc, 
	0xaedc, 0xaedc, 0xaedc, 0xaedc, 0xaedc, 0xaedc, 0xaedc, 0xaedc, 0xaedc, 0xaedc, 0xaedc, 0xaedc, 0xaedc, 0xaedc, 0xaedc, 0xaedc, 
	0xaedc, 0xaedc, 0xaedc, 0xaedc, 0xaedc, 0xaedc, 0xaedc, 0xaedc, 0xaedc, 0xaedc, 0xaedc, 0xaedc, 0xaedc, 0xaedc, 0xaedc, 0xaedc, 
	0xaedc, 0xaedc, 0xaedc, 0xaedc, 0xaedc, 0xaedc, 0xaedc, 0xaedc, 0xaedc, 0xaedc, 0xaedc, 0xaedc, 0xaedc, 0xaedc, 0xaedc, 0xaedc, 
	0xaedc, 0xaedc, 0xaedc, 0xaedc, 0xaedc, 0xaedc, 0xaedc, 0xaedc, 0xaedc, 0xaedc, 0xaedc, 0xaedc, 0xaedc, 0xaedc, 0xaedc, 0xaedc, 
	0xaedc, 0xaedc, 0xaedc, 0xaedc, 0xaedc, 0xaedc, 0xaedc, 0xaedc, 0xaedc, 0xaedc, 0xaedc, 0xaedc, 0xaedc, 0xaedc, 0xaedc, 0xaedc, 
	0xaedd, 0xaebd, 0xb6fd, 0xaedd, 0xa6bc, 0xb71d, 0xae9b, 0x8d56, 0x7452, 0x7c93, 0x9dd8, 0xb6bc, 0xaebc, 0xaedd, 0xb6fd, 0xaebc, 
	0xaedc, 0xaedc, 0xaedc, 0xaedc, 0xaedc, 0xaedc, 0xaedc, 0xaedc, 0xaedc, 0xaedc, 0xaedc, 0xaedc, 0xaedc, 0xaedc, 0xaedc, 0xaedc, 
	0xaedc, 0xaedc, 0xaedc, 0xaedc, 0xaedc, 0xaedc, 0xaedc, 0xaedc, 0xaedc, 0xaedc, 0xaedc, 0xaedc, 0xaedc, 0xaedc, 0xaedc, 0xaedc, 
	0xaedc, 0xaedc, 0xaedc, 0xaedc, 0xaedc, 0xaedc, 0xaedc, 0xaedc, 0xaedc, 0xaedc, 0xaedc, 0xaedc, 0xaedc, 0xaedc, 0xaedc, 0xaedc, 
	0xaedc, 0xaedc, 0xaedc, 0xaedc, 0xaedc, 0xaedc, 0xaedc, 0xaedc, 0xaedc, 0xaedc, 0xaedc, 0xaedc, 0xaedc, 0xaedc, 0xaedc, 0xaedc, 
	0xaedc, 0xaedc, 0xaedc, 0xaedc, 0xaedc, 0xaedc, 0xaedc, 0xaedc, 0xaedc, 0xaedc, 0xaedc, 0xaedc, 0xaedc, 0xaedc, 0xaedc, 0xaedc, 
	0xaedc, 0xaedc, 0xaedc, 0xaedc, 0xaedc, 0xaedc, 0xaedc, 0xaedc, 0xaedc, 0xaedc, 0xaedc, 0xaedc, 0xaedc, 0xaedc, 0xaedc, 0xaedc, 
	0xaedc, 0xaedc, 0xaedc, 0xaedc, 0xaedc, 0xaedc, 0xaedc, 0xaedc, 0xaedc, 0xaedc, 0xaedc, 0xaedc, 0xaedc, 0xaedc, 0xaedc, 0xaedc, 
	0xaedc, 0xaedc, 0xaedc, 0xaedc, 0xaedc, 0xaedc, 0xaedc, 0xaedc, 0xaedc, 0xaedc, 0xaedc, 0xaedc, 0xaedc, 0xaedc, 0xaedc, 0xaedc, 
	0xaedc, 0xaedc, 0xaedc, 0xaedc, 0xaedc, 0xaedc, 0xaedc, 0xaedc, 0xaedc, 0xaedc, 0xaedc, 0xaedc, 0xaedc, 0xaedc, 0xaedc, 0xaedc, 
	0xaedc, 0xaedc, 0xaedc, 0xaedc, 0xaedc, 0xaedc, 0xaedc, 0xaedc, 0xaedc, 0xaedc, 0xaedc, 0xaedc, 0xaedc, 0xaedc, 0xaedc, 0xaedc, 
	0xaedc, 0xaedc, 0xaedc, 0xaedc, 0xaedc, 0xaedc, 0xaedc, 0xaedc, 0xaedc, 0xaedc, 0xaedc, 0xaedc, 0xaedc, 0xaedc, 0xaedc, 0xaedc, 
	0xaedc, 0xaedc, 0xaedc, 0xaedc, 0xaedc, 0xaedc, 0xaedc, 0xaedc, 0xaedc, 0xaedc, 0xaedc, 0xaedc, 0xaedc, 0xaedc, 0xaedc, 0xaedc, 
	0xaedc, 0xaedc, 0xaedc, 0xaedc, 0xaedc, 0xaedc, 0xaedc, 0xaedc, 0xaedc, 0xaedc, 0xaedc, 0xaedc, 0xaedc, 0xaedc, 0xaedc, 0xaedc, 
	0xaedc, 0xaedc, 0xaedc, 0xaedc, 0xaedc, 0xaedc, 0xaedc, 0xaedc, 0xaedc, 0xaedc, 0xaedc, 0xaedc, 0xaedc, 0xaedc, 0xaedc, 0xaedc, 
	0xaedc, 0xaedc, 0xaedc, 0xaedc, 0xaedc, 0xaedc, 0xaedc, 0xaedc, 0xaedc, 0xaedc, 0xaedc, 0xaedc, 0xaedc, 0xaedc, 0xaedc, 0xaedc, 
	0xaedd, 0xaedd, 0xb6dd, 0xb6fd, 0xaedc, 0xaedc, 0xaedd, 0xb6dd, 0xae9b, 0xaebc, 0xaedc, 0xaedc, 0xaedc, 0xaedd, 0xaefd, 0xaedc, 
	0xaedc, 0xaedc, 0xaedc, 0xaedc, 0xaedc, 0xaedc, 0xaedc, 0xaedc, 0xaedc, 0xaedc, 0xaedc, 0xaedc, 0xaedc, 0xaedc, 0xaedc, 0xaedc, 
	0xaedc, 0xaedc, 0xaedc, 0xaedc, 0xaedc, 0xaedc, 0xaedc, 0xaedc, 0xaedc, 0xaedc, 0xaedc, 0xaedc, 0xaedc, 0xaedc, 0xaedc, 0xaedc, 
	0xaedc, 0xaedc, 0xaedc, 0xaedc, 0xaedc, 0xaedc, 0xaedc, 0xaedc, 0xaedc, 0xaedc, 0xaedc, 0xaedc, 0xaedc, 0xaedc, 0xaedc, 0xaedc, 
	0xaedc, 0xaedc, 0xaedc, 0xaedc, 0xaedc, 0xaedc, 0xaedc, 0xaedc, 0xaedc, 0xaedc, 0xaedc, 0xaedc, 0xaedc, 0xaedc, 0xaedc, 0xaedc, 
	0xaedc, 0xaedc, 0xaedc, 0xaedc, 0xaedc, 0xaedc, 0xaedc, 0xaedc, 0xaedc, 0xaedc, 0xaedc, 0xaedc, 0xaedc, 0xaedc, 0xaedc, 0xaedc, 
	0xaedc, 0xaedc, 0xaedc, 0xaedc, 0xaedc, 0xaedc, 0xaedc, 0xaedc, 0xaedc, 0xaedc, 0xaedc, 0xaedc, 0xaedc, 0xaedc, 0xaedc, 0xaedc, 
	0xaedc, 0xaedc, 0xaedc, 0xaedc, 0xaedc, 0xaedc, 0xaedc, 0xaedc, 0xaedc, 0xaedc, 0xaedc, 0xaedc, 0xaedc, 0xaedc, 0xaedc, 0xaedc, 
	0xaedc, 0xaedc, 0xaedc, 0xaedc, 0xaedc, 0xaedc, 0xaedc, 0xaedc, 0xaedc, 0xaedc, 0xaedc, 0xaedc, 0xaedc, 0xaedc, 0xaedc, 0xaedc, 
	0xaedc, 0xaedc, 0xaedc, 0xaedc, 0xaedc, 0xaedc, 0xaedc, 0xaedc, 0xaedc, 0xaedc, 0xaedc, 0xaedc, 0xaedc, 0xaedc, 0xaedc, 0xaedc, 
	0xaedc, 0xaedc, 0xaedc, 0xaedc, 0xaedc, 0xaedc, 0xaedc, 0xaedc, 0xaedc, 0xaedc, 0xaedc, 0xaedc, 0xaedc, 0xaedc, 0xaedc, 0xaedc, 
	0xaedc, 0xaedc, 0xaedc, 0xaedc, 0xaedc, 0xaedc, 0xaedc, 0xaedc, 0xaedc, 0xaedc, 0xaedc, 0xaedc, 0xaedc, 0xaedc, 0xaedc, 0xaedc, 
	0xaedc, 0xaedc, 0xaedc, 0xaedc, 0xaedc, 0xaedc, 0xaedc, 0xaedc, 0xaedc, 0xaedc, 0xaedc, 0xaedc, 0xaedc, 0xaedc, 0xaedc, 0xaedc, 
	0xaedc, 0xaedc, 0xaedc, 0xaedc, 0xaedc, 0xaedc, 0xaedc, 0xaedc, 0xaedc, 0xaedc, 0xaedc, 0xaedc, 0xaedc, 0xaedc, 0xaedc, 0xaedc, 
	0xaedc, 0xaedc, 0xaedc, 0xaedc, 0xaedc, 0xaedc, 0xaedc, 0xaedc, 0xaedc, 0xaedc, 0xaedc, 0xaedc, 0xaedc, 0xaedc, 0xaedc, 0xaedc, 
	0xaedc, 0xaedc, 0xaedc, 0xaedc, 0xaedc, 0xaedc, 0xaedc, 0xaedc, 0xaedc, 0xaedc, 0xaedc, 0xaedc, 0xaedc, 0xaedc, 0xaedc, 0xaedc, 
	0xaedc, 0xaedd, 0xaebc, 0xaebc, 0xb6fd, 0xaedd, 0xaebc, 0xaedd, 0xaefd, 0xaefd, 0xaedc, 0xaedd, 0xb6fd, 0xaedc, 0xaebc, 0xb6dc, 
	0xaedc, 0xaedc, 0xaedc, 0xaedc, 0xaedc, 0xaedc, 0xaedc, 0xaedc, 0xaedc, 0xaedc, 0xaedc, 0xaedc, 0xaedc, 0xaedc, 0xaedc, 0xaedc, 
	0xaedc, 0xaedc, 0xaedc, 0xaedc, 0xaedc, 0xaedc, 0xaedc, 0xaedc, 0xaedc, 0xaedc, 0xaedc, 0xaedc, 0xaedc, 0xaedc, 0xaedc, 0xaedc, 
	0xaedc, 0xaedc, 0xaedc, 0xaedc, 0xaedc, 0xaedc, 0xaedc, 0xaedc, 0xaedc, 0xaedc, 0xaedc, 0xaedc, 0xaedc, 0xaedc, 0xaedc, 0xaedc, 
	0xaedc, 0xaedc, 0xaedc, 0xaedc, 0xaedc, 0xaedc, 0xaedc, 0xaedc, 0xaedc, 0xaedc, 0xaedc, 0xaedc, 0xaedc, 0xaedc, 0xaedc, 0xaedc, 
	0xaedc, 0xaedc, 0xaedc, 0xaedc, 0xaedc, 0xaedc, 0xaedc, 0xaedc, 0xaedc, 0xaedc, 0xaedc, 0xaedc, 0xaedc, 0xaedc, 0xaedc, 0xaedc, 
	0xaedc, 0xaedc, 0xaedc, 0xaedc, 0xaedc, 0xaedc, 0xaedc, 0xaedc, 0xaedc, 0xaedc, 0xaedc, 0xaedc, 0xaedc, 0xaedc, 0xaedc, 0xaedc, 
	0xaedc, 0xaedc, 0xaedc, 0xaedc, 0xaedc, 0xaedc, 0xaedc, 0xaedc, 0xaedc, 0xaedc, 0xaedc, 0xaedc, 0xaedc, 0xaedc, 0xaedc, 0xaedc, 
	0xaedc, 0xaedc, 0xaedc, 0xaedc, 0xaedc, 0xaedc, 0xaedc, 0xaedc, 0xaedc, 0xaedc, 0xaedc, 0xaedc, 0xaedc, 0xaedc, 0xaedc, 0xaedc, 
	0xaedc, 0xaedc, 0xaedc, 0xaedc, 0xaedc, 0xaedc, 0xaedc, 0xaedc, 0xaedc, 0xaedc, 0xaedc, 0xaedc, 0xaedc, 0xaedc, 0xaedc, 0xaedc, 
	0xaedc, 0xaedc, 0xaedc, 0xaedc, 0xaedc, 0xaedc, 0xaedc, 0xaedc, 0xaedc, 0xaedc, 0xaedc, 0xaedc, 0xaedc, 0xaedc, 0xaedc, 0xaedc, 
	0xaedc, 0xaedc, 0xaedc, 0xaedc, 0xaedc, 0xaedc, 0xaedc, 0xaedc, 0xaedc, 0xaedc, 0xaedc, 0xaedc, 0xaedc, 0xaedc, 0xaedc, 0xaedc, 
	0xaedc, 0xaedc, 0xaedc, 0xaedc, 0xaedc, 0xaedc, 0xaedc, 0xaedc, 0xaedc, 0xaedc, 0xaedc, 0xaedc, 0xaedc, 0xaedc, 0xaedc, 0xaedc, 
	0xaedc, 0xaedc, 0xaedc, 0xaedc, 0xaedc, 0xaedc, 0xaedc, 0xaedc, 0xaedc, 0xaedc, 0xaedc, 0xaedc, 0xaedc, 0xaedc, 0xaedc, 0xaedc, 
	0xaedc, 0xaedc, 0xaedc, 0xaedc, 0xaedc, 0xaedc, 0xaedc, 0xaedc, 0xaedc, 0xaedc, 0xaedc, 0xaedc, 0xaedc, 0xaedc, 0xaedc, 0xaedc, 
	0xaedc, 0xaedc, 0xaedc, 0xaedc, 0xaedc, 0xaedc, 0xaedc, 0xaedc, 0xaedc, 0xaedc, 0xaedc, 0xaedc, 0xaedc, 0xaedc, 0xaedc, 0xaedc, 
	0xaedc, 0xaefc, 0xb6fc, 0xaedc, 0xaebc, 0xaedc, 0xb6dd, 0xb6dd, 0xaedc, 0xaedc, 0xaedd, 0xaedc, 0xaedc, 0xaedc, 0xb6dc, 0xb6dc, 
	0xaedc, 0xaedc, 0xaedc, 0xaedc, 0xaedc, 0xaedc, 0xaedc, 0xaedc, 0xaedc, 0xaedc, 0xaedc, 0xaedc, 0xaedc, 0xaedc, 0xaedc, 0xaedc, 
	0xaedc, 0xaedc, 0xaedc, 0xaedc, 0xaedc, 0xaedc, 0xaedc, 0xaedc, 0xaedc, 0xaedc, 0xaedc, 0xaedc, 0xaedc, 0xaedc, 0xaedc, 0xaedc, 
	0xaedc, 0xaedc, 0xaedc, 0xaedc, 0xaedc, 0xaedc, 0xaedc, 0xaedc, 0xaedc, 0xaedc, 0xaedc, 0xaedc, 0xaedc, 0xaedc, 0xaedc, 0xaedc, 
	0xaedc, 0xaedc, 0xaedc, 0xaedc, 0xaedc, 0xaedc, 0xaedc, 0xaedc, 0xaedc, 0xaedc, 0xaedc, 0xaedc, 0xaedc, 0xaedc, 0xaedc, 0xaedc, 
	0xaedc, 0xaedc, 0xaedc, 0xaedc, 0xaedc, 0xaedc, 0xaedc, 0xaedc, 0xaedc, 0xaedc, 0xaedc, 0xaedc, 0xaedc, 0xaedc, 0xaedc, 0xaedc, 
	0xaedc, 0xaedc, 0xaedc, 0xaedc, 0xaedc, 0xaedc, 0xaedc, 0xaedc, 0xaedc, 0xaedc, 0xaedc, 0xaedc, 0xaedc, 0xaedc, 0xaedc, 0xaedc, 
	0xaedc, 0xaedc, 0xaedc, 0xaedc, 0xaedc, 0xaedc, 0xaedc, 0xaedc, 0xaedc, 0xaedc, 0xaedc, 0xaedc, 0xaedc, 0xaedc, 0xaedc, 0xaedc, 
	0xaedc, 0xaedc, 0xaedc, 0xaedc, 0xaedc, 0xaedc, 0xaedc, 0xaedc, 0xaedc, 0xaedc, 0xaedc, 0xaedc, 0xaedc, 0xaedc, 0xaedc, 0xaedc, 
	0xaedc, 0xaedc, 0xaedc, 0xaedc, 0xaedc, 0xaedc, 0xaedc, 0xaedc, 0xaedc, 0xaedc, 0xaedc, 0xaedc, 0xaedc, 0xaedc, 0xaedc, 0xaedc, 
	0xaedc, 0xaedc, 0xaedc, 0xaedc, 0xaedc, 0xaedc, 0xaedc, 0xaedc, 0xaedc, 0xaedc, 0xaedc, 0xaedc, 0xaedc, 0xaedc, 0xaedc, 0xaedc, 
	0xaedc, 0xaedc, 0xaedc, 0xaedc, 0xaedc, 0xaedc, 0xaedc, 0xaedc, 0xaedc, 0xaedc, 0xaedc, 0xaedc, 0xaedc, 0xaedc, 0xaedc, 0xaedc, 
	0xaedc, 0xaedc, 0xaedc, 0xaedc, 0xaedc, 0xaedc, 0xaedc, 0xaedc, 0xaedc, 0xaedc, 0xaedc, 0xaedc, 0xaedc, 0xaedc, 0xaedc, 0xaedc, 
	0xaedc, 0xaedc, 0xaedc, 0xaedc, 0xaedc, 0xaedc, 0xaedc, 0xaedc, 0xaedc, 0xaedc, 0xaedc, 0xaedc, 0xaedc, 0xaedc, 0xaedc, 0xaedc, 
	0xaedc, 0xaedc, 0xaedc, 0xaedc, 0xaedc, 0xaedc, 0xaedc, 0xaedc, 0xaedc, 0xaedc, 0xaedc, 0xaedc, 0xaedc, 0xaedc, 0xaedc, 0xaedc, 
	0xaedc, 0xaedc, 0xaedc, 0xaedc, 0xaedc, 0xaedc, 0xaedc, 0xaedc, 0xaedc, 0xaedc, 0xaedc, 0xaedc, 0xaedc, 0xaedc, 0xaedc, 0xaedc, 
	0xaedc, 0xaebc, 0xaedc, 0xb6fd, 0xb6fd, 0xb6dd, 0xaedd, 0xaedc, 0xaefd, 0xaebc, 0xaedc, 0xb6fd, 0xb6fd, 0xaedc, 0xaedc, 0xaedc, 
	0xaedc, 0xaedc, 0xaedc, 0xaedc, 0xaedc, 0xaedc, 0xaedc, 0xaedc, 0xaedc, 0xaedc, 0xaedc, 0xaedc, 0xaedc, 0xaedc, 0xaedc, 0xaedc, 
	0xaedc, 0xaedc, 0xaedc, 0xaedc, 0xaedc, 0xaedc, 0xaedc, 0xaedc, 0xaedc, 0xaedc, 0xaedc, 0xaedc, 0xaedc, 0xaedc, 0xaedc, 0xaedc, 
	0xaedc, 0xaedc, 0xaedc, 0xaedc, 0xaedc, 0xaedc, 0xaedc, 0xaedc, 0xaedc, 0xaedc, 0xaedc, 0xaedc, 0xaedc, 0xaedc, 0xaedc, 0xaedc, 
	0xaedc, 0xaedc, 0xaedc, 0xaedc, 0xaedc, 0xaedc, 0xaedc, 0xaedc, 0xaedc, 0xaedc, 0xaedc, 0xaedc, 0xaedc, 0xaedc, 0xaedc, 0xaedc, 
	0xaedc, 0xaedc, 0xaedc, 0xaedc, 0xaedc, 0xaedc, 0xaedc, 0xaedc, 0xaedc, 0xaedc, 0xaedc, 0xaedc, 0xaedc, 0xaedc, 0xaedc, 0xaedc, 
	0xaedc, 0xaedc, 0xaedc, 0xaedc, 0xaedc, 0xaedc, 0xaedc, 0xaedc, 0xaedc, 0xaedc, 0xaedc, 0xaedc, 0xaedc, 0xaedc, 0xaedc, 0xaedc, 
	0xaedc, 0xaedc, 0xaedc, 0xaedc, 0xaedc, 0xaedc, 0xaedc, 0xaedc, 0xaedc, 0xaedc, 0xaedc, 0xaedc, 0xaedc, 0xaedc, 0xaedc, 0xaedc, 
	0xaedc, 0xaedc, 0xaedc, 0xaedc, 0xaedc, 0xaedc, 0xaedc, 0xaedc, 0xaedc, 0xaedc, 0xaedc, 0xaedc, 0xaedc, 0xaedc, 0xaedc, 0xaedc, 
	0xaedc, 0xaedc, 0xaedc, 0xaedc, 0xaedc, 0xaedc, 0xaedc, 0xaedc, 0xaedc, 0xaedc, 0xaedc, 0xaedc, 0xaedc, 0xaedc, 0xaedc, 0xaedc, 
	0xaedc, 0xaedc, 0xaedc, 0xaedc, 0xaedc, 0xaedc, 0xaedc, 0xaedc, 0xaedc, 0xaedc, 0xaedc, 0xaedc, 0xaedc, 0xaedc, 0xaedc, 0xaedc, 
	0xaedc, 0xaedc, 0xaedc, 0xaedc, 0xaedc, 0xaedc, 0xaedc, 0xaedc, 0xaedc, 0xaedc, 0xaedc, 0xaedc, 0xaedc, 0xaedc, 0xaedc, 0xaedc, 
	0xaedc, 0xaedc, 0xaedc, 0xaedc, 0xaedc, 0xaedc, 0xaedc, 0xaedc, 0xaedc, 0xaedc, 0xaedc, 0xaedc, 0xaedc, 0xaedc, 0xaedc, 0xaedc, 
	0xaedc, 0xaedc, 0xaedc, 0xaedc, 0xaedc, 0xaedc, 0xaedc, 0xaedc, 0xaedc, 0xaedc, 0xaedc, 0xaedc, 0xaedc, 0xaedc, 0xaedc, 0xaedc, 
	0xaedc, 0xaedc, 0xaedc, 0xaedc, 0xaedc, 0xaedc, 0xaedc, 0xaedc, 0xaedc, 0xaedc, 0xaedc, 0xaedc, 0xaedc, 0xaedc, 0xaedc, 0xaedc, 
	0xaedc, 0xaedc, 0xaedc, 0xaedc, 0xaedc, 0xaedc, 0xaedc, 0xaedc, 0xaedc, 0xaedc, 0xaedc, 0xaedc, 0xaedc, 0xaedc, 0xaedc, 0xaedc, 
	0xaedd, 0xb6dd, 0xaedd, 0xaedd, 0xaedd, 0xaedd, 0xaedc, 0xaefd, 0xaedc, 0xb6fd, 0xb6dd, 0xaebc, 0xaedc, 0xaedc, 0xaedc, 0xaedd, 
	0xaedc, 0xaedc, 0xaedc, 0xaedc, 0xaedc, 0xaedc, 0xaedc, 0xaedc, 0xaedc, 0xaedc, 0xaedc, 0xaedc, 0xaedc, 0xaedc, 0xaedc, 0xaedc, 
	0xaedc, 0xaedc, 0xaedc, 0xaedc, 0xaedc, 0xaedc, 0xaedc, 0xaedc, 0xaedc, 0xaedc, 0xaedc, 0xaedc, 0xaedc, 0xaedc, 0xaedc, 0xaedc, 
	0xaedc, 0xaedc, 0xaedc, 0xaedc, 0xaedc, 0xaedc, 0xaedc, 0xaedc, 0xaedc, 0xaedc, 0xaedc, 0xaedc, 0xaedc, 0xaedc, 0xaedc, 0xaedc, 
	0xaedc, 0xaedc, 0xaedc, 0xaedc, 0xaedc, 0xaedc, 0xaedc, 0xaedc, 0xaedc, 0xaedc, 0xaedc, 0xaedc, 0xaedc, 0xaedc, 0xaedc, 0xaedc, 
	0xaedc, 0xaedc, 0xaedc, 0xaedc, 0xaedc, 0xaedc, 0xaedc, 0xaedc, 0xaedc, 0xaedc, 0xaedc, 0xaedc, 0xaedc, 0xaedc, 0xaedc, 0xaedc, 
	0xaedc, 0xaedc, 0xaedc, 0xaedc, 0xaedc, 0xaedc, 0xaedc, 0xaedc, 0xaedc, 0xaedc, 0xaedc, 0xaedc, 0xaedc, 0xaedc, 0xaedc, 0xaedc, 
	0xaedc, 0xaedc, 0xaedc, 0xaedc, 0xaedc, 0xaedc, 0xaedc, 0xaedc, 0xaedc, 0xaedc, 0xaedc, 0xaedc, 0xaedc, 0xaedc, 0xaedc, 0xaedc, 
	0xaedc, 0xaedc, 0xaedc, 0xaedc, 0xaedc, 0xaedc, 0xaedc, 0xaedc, 0xaedc, 0xaedc, 0xaedc, 0xaedc, 0xaedc, 0xaedc, 0xaedc, 0xaedc, 
	0xaedc, 0xaedc, 0xaedc, 0xaedc, 0xaedc, 0xaedc, 0xaedc, 0xaedc, 0xaedc, 0xaedc, 0xaedc, 0xaedc, 0xaedc, 0xaedc, 0xaedc, 0xaedc, 
	0xaedc, 0xaedc, 0xaedc, 0xaedc, 0xaedc, 0xaedc, 0xaedc, 0xaedc, 0xaedc, 0xaedc, 0xaedc, 0xaedc, 0xaedc, 0xaedc, 0xaedc, 0xaedc, 
	0xaedc, 0xaedc, 0xaedc, 0xaedc, 0xaedc, 0xaedc, 0xaedc, 0xaedc, 0xaedc, 0xaedc, 0xaedc, 0xaedc, 0xaedc, 0xaedc, 0xaedc, 0xaedc, 
	0xaedc, 0xaedc, 0xaedc, 0xaedc, 0xaedc, 0xaedc, 0xaedc, 0xaedc, 0xaedc, 0xaedc, 0xaedc, 0xaedc, 0xaedc, 0xaedc, 0xaedc, 0xaedc, 
	0xaedc, 0xaedc, 0xaedc, 0xaedc, 0xaedc, 0xaedc, 0xaedc, 0xaedc, 0xaedc, 0xaedc, 0xaedc, 0xaedc, 0xaedc, 0xaedc, 0xaedc, 0xaedc, 
	0xaedc, 0xaedc, 0xaedc, 0xaedc, 0xaedc, 0xaedc, 0xaedc, 0xaedc, 0xaedc, 0xaedc, 0xaedc, 0xaedc, 0xaedc, 0xaedc, 0xaedc, 0xaedc, 
	0xaedc, 0xaedc, 0xaedc, 0xaedc, 0xaedc, 0xaedc, 0xaedc, 0xaedc, 0xaedc, 0xaedc, 0xaedc, 0xaedc, 0xaedc, 0xaedc, 0xaedc, 0xaedc, 
	0xaedc, 0xaedc, 0xaedc, 0xaedc, 0xaedc, 0xaedc, 0xaedc, 0xaedc, 0xaedc, 0xaedc, 0xaedc, 0xaedc, 0xaedc, 0xaedc, 0xaedc, 0xaedc, 
	0xaedc, 0xaedc, 0xaedc, 0xaedc, 0xaedc, 0xaedc, 0xaedc, 0xaedc, 0xaedc, 0xaedc, 0xaedc, 0xaedc, 0xaedc, 0xaedc, 0xaedc, 0xaedc, 
	0xaedc, 0xaedc, 0xaedc, 0xaedc, 0xaedc, 0xaedc, 0xaedc, 0xaedc, 0xaedc, 0xaedc, 0xaedc, 0xaedc, 0xaedc, 0xaedc, 0xaedc, 0xaedc, 
	0xaedc, 0xaedc, 0xaedc, 0xaedc, 0xaedc, 0xaedc, 0xaedc, 0xaedc, 0xaedc, 0xaedc, 0xaedc, 0xaedc, 0xaedc, 0xaedc, 0xaedc, 0xaedc, 
	0xaedc, 0xaedc, 0xaedc, 0xaedc, 0xaedc, 0xaedc, 0xaedc, 0xaedc, 0xaedc, 0xaedc, 0xaedc, 0xaedc, 0xaedc, 0xaedc, 0xaedc, 0xaedc, 
	0xaedc, 0xaedc, 0xaedc, 0xaedc, 0xaedc, 0xaedc, 0xaedc, 0xaedc, 0xaedc, 0xaedc, 0xaedc, 0xaedc, 0xaedc, 0xaedc, 0xaedc, 0xaedc, 
	0xaedc, 0xaedc, 0xaedc, 0xaedc, 0xaedc, 0xaedc, 0xaedc, 0xaedc, 0xaedc, 0xaedc, 0xaedc, 0xaedc, 0xaedc, 0xaedc, 0xaedc, 0xaedc, 
	0xaedc, 0xaedc, 0xaedc, 0xaedc, 0xaedc, 0xaedc, 0xaedc, 0xaedc, 0xaedc, 0xaedc, 0xaedc, 0xaedc, 0xaedc, 0xaedc, 0xaedc, 0xaedc, 
	0xaedc, 0xaedc, 0xaedc, 0xaedc, 0xaedc, 0xaedc, 0xaedc, 0xaedc, 0xaedc, 0xaedc, 0xaedc, 0xaedc, 0xaedc, 0xaedc, 0xaedc, 0xaedc, 
	0xaedc, 0xaedc, 0xaedc, 0xaedc, 0xaedc, 0xaedc, 0xaedc, 0xaedc, 0xaedc, 0xaedc, 0xaedc, 0xaedc, 0xaedc, 0xaedc, 0xaedc, 0xaedc, 
	0xaedc, 0xaedc, 0xaedc, 0xaedc, 0xaedc, 0xaedc, 0xaedc, 0xaedc, 0xaedc, 0xaedc, 0xaedc, 0xaedc, 0xaedc, 0xaedc, 0xaedc, 0xaedc, 
	0xaedc, 0xaedc, 0xaedc, 0xaedc, 0xaedc, 0xaedc, 0xaedc, 0xaedc, 0xaedc, 0xaedc, 0xaedc, 0xaedc, 0xaedc, 0xaedc, 0xaedc, 0xaedc, 
	0xaedc, 0xaedc, 0xaedc, 0xaedc, 0xaedc, 0xaedc, 0xaedc, 0xaedc, 0xaedc, 0xaedc, 0xaedc, 0xaedc, 0xaedc, 0xaedc, 0xaedc, 0xaedc, 
	0xaedc, 0xaedc, 0xaedc, 0xaedc, 0xaedc, 0xaedc, 0xaedc, 0xaedc, 0xaedc, 0xaedc, 0xaedc, 0xaedc, 0xaedc, 0xaedc, 0xaedc, 0xaedc, 
	0xaedc, 0xaedc, 0xaedc, 0xaedc, 0xaedc, 0xaedc, 0xaedc, 0xaedc, 0xaedc, 0xaedc, 0xaedc, 0xaedc, 0xaedc, 0xaedc, 0xaedc, 0xaedc, 
	0xaedc, 0xaedc, 0xaedc, 0xaedc, 0xaedc, 0xaedc, 0xaedc, 0xaedc, 0xaedc, 0xaedc, 0xaedc, 0xaedc, 0xaedc, 0xaedc, 0xaedc, 0xaedc, 
	0xaedc, 0xaedc, 0xaedc, 0xaedc, 0xaedc, 0xaedc, 0xaedc, 0xaedc, 0xaedc, 0xaedc, 0xaedc, 0xaedc, 0xaedc, 0xaedc, 0xaedc, 0xaedc, 
	0xaedc, 0xaedc, 0xaedc, 0xaedc, 0xaedc, 0xaedc, 0xaedc, 0xaedc, 0xaedc, 0xaedc, 0xaedc, 0xaedc, 0xaedc, 0xaedc, 0xaedc, 0xaedc, 
	0xaedc, 0xaedc, 0xaedc, 0xaedc, 0xaedc, 0xaedc, 0xaedc, 0xaedc, 0xaedc, 0xaedc, 0xaedc, 0xaedc, 0xaedc, 0xaedc, 0xaedc, 0xaedc, 
	0xaedc, 0xaedc, 0xaedc, 0xaedc, 0xaedc, 0xaedc, 0xaedc, 0xaedc, 0xaedc, 0xaedc, 0xaedc, 0xaedc, 0xaedc, 0xaedc, 0xaedc, 0xaedc, 
	0xaedc, 0xaedc, 0xaedc, 0xaedc, 0xaedc, 0xaedc, 0xaedc, 0xaedc, 0xaedc, 0xaedc, 0xaedc, 0xaedc, 0xaedc, 0xaedc, 0xaedc, 0xaedc, 
	0xaedc, 0xaedc, 0xaedc, 0xaedc, 0xaedc, 0xaedc, 0xaedc, 0xaedc, 0xaedc, 0xaedc, 0xaedc, 0xaedc, 0xaedc, 0xaedc, 0xaedc, 0xaedc, 
	0xaedc, 0xaedc, 0xaedc, 0xaedc, 0xaedc, 0xaedc, 0xaedc, 0xaedc, 0xaedc, 0xaedc, 0xaedc, 0xaedc, 0xaedc, 0xaedc, 0xaedc, 0xaedc, 
	0xaedc, 0xaedc, 0xaedc, 0xaedc, 0xaedc, 0xaedc, 0xaedc, 0xaedc, 0xaedc, 0xaedc, 0xaedc, 0xaedc, 0xaedc, 0xaedc, 0xaedc, 0xaedc, 
	0xaedc, 0xaedc, 0xaedc, 0xaedc, 0xaedc, 0xaedc, 0xaedc, 0xaedc, 0xaedc, 0xaedc, 0xaedc, 0xaedc, 0xaedc, 0xaedc, 0xaedc, 0xaedc, 
	0xaedc, 0xaedc, 0xaedc, 0xaedc, 0xaedc, 0xaedc, 0xaedc, 0xaedc, 0xaedc, 0xaedc, 0xaedc, 0xaedc, 0xaedc, 0xaedc, 0xaedc, 0xaedc, 
	0xaedc, 0xaedc, 0xaedc, 0xaedc, 0xaedc, 0xaedc, 0xaedc, 0xaedc, 0xaedc, 0xaedc, 0xaedc, 0xaedc, 0xaedc, 0xaedc, 0xaedc, 0xaedc, 
	0xaedc, 0xaedc, 0xaedc, 0xaedc, 0xaedc, 0xaedc, 0xaedc, 0xaedc, 0xaedc, 0xaedc, 0xaedc, 0xaedc, 0xaedc, 0xaedc, 0xaedc, 0xaedc, 
	0xaedc, 0xaedc, 0xaedc, 0xaedc, 0xaedc, 0xaedc, 0xaedc, 0xaedc, 0xaedc, 0xaedc, 0xaedc, 0xaedc, 0xaedc, 0xaedc, 0xaedc, 0xaedc, 
	0xaedc, 0xaedc, 0xaedc, 0xaedc, 0xaedc, 0xaedc, 0xaedc, 0xaedc, 0xaedc, 0xaedc, 0xaedc, 0xaedc, 0xaedc, 0xaedc, 0xaedc, 0xaedc, 
	0xaedc, 0xaedc, 0xaedc, 0xaedc, 0xaedc, 0xaedc, 0xaedc, 0xaedc, 0xaedc, 0xaedc, 0xaedc, 0xaedc, 0xaedc, 0xaedc, 0xaedc, 0xaedc, 
	0xaedc, 0xaedc, 0xaedc, 0xaedc, 0xaedc, 0xaedc, 0xaedc, 0xaedc, 0xaedc, 0xaedc, 0xaedc, 0xaedc, 0xaedc, 0xaedc, 0xaedc, 0xaedc, 
	0xaedc, 0xaedc, 0xaedc, 0xaedc, 0xaedc, 0xaedc, 0xaedc, 0xaedc, 0xaedc, 0xaedc, 0xaedc, 0xaedc, 0xaedc, 0xaedc, 0xaedc, 0xaedc, 
	0xaedc, 0xaedc, 0xaedc, 0xaedc, 0xaedc, 0xaedc, 0xaedc, 0xaedc, 0xaedc, 0xaedc, 0xaedc, 0xaedc, 0xaedc, 0xaedc, 0xaedc, 0xaedc, 
	0xaedc, 0xaedc, 0xaedc, 0xaedc, 0xaedc, 0xaedc, 0xaedc, 0xaedc, 0xaedc, 0xaedc, 0xaedc, 0xaedc, 0xaedc, 0xaedc, 0xaedc, 0xaedc, 
	0xaedc, 0xaedc, 0xaedc, 0xaedc, 0xaedc, 0xaedc, 0xaedc, 0xaedc, 0xaedc, 0xaedc, 0xaedc, 0xaedc, 0xaedc, 0xaedc, 0xaedc, 0xaedc, 
	0xaedc, 0xaedc, 0xaedc, 0xaedc, 0xaedc, 0xaedc, 0xaedc, 0xaedc, 0xaedc, 0xaedc, 0xaedc, 0xaedc, 0xaedc, 0xaedc, 0xaedc, 0xaedc, 
	0xaedc, 0xaedc, 0xaedc, 0xaedc, 0xaedc, 0xaedc, 0xaedc, 0xaedc, 0xaedc, 0xaedc, 0xaedc, 0xaedc, 0xaedc, 0xaedc, 0xaedc, 0xaedc, 
	0xaedc, 0xaedc, 0xaedc, 0xaedc, 0xaedc, 0xaedc, 0xaedc, 0xaedc, 0xaedc, 0xaedc, 0xaedc, 0xaedc, 0xaedc, 0xaedc, 0xaedc, 0xaedc, 
	0xaedc, 0xaedc, 0xaedc, 0xaedc, 0xaedc, 0xaedc, 0xaedc, 0xaedc, 0xaedc, 0xaedc, 0xaedc, 0xaedc, 0xaedc, 0xaedc, 0xaedc, 0xaedc, 
	0xaedc, 0xaedc, 0xaedc, 0xaedc, 0xaedc, 0xaedc, 0xaedc, 0xaedc, 0xaedc, 0xaedc, 0xaedc, 0xaedc, 0xaedc, 0xaedc, 0xaedc, 0xaedc, 
	0xaedc, 0xaedc, 0xaedc, 0xaedc, 0xaedc, 0xaedc, 0xaedc, 0xaedc, 0xaedc, 0xaedc, 0xaedc, 0xaedc, 0xaedc, 0xaedc, 0xaedc, 0xaedc, 
	0xaedc, 0xaedc, 0xaedc, 0xaedc, 0xaedc, 0xaedc, 0xaedc, 0xaedc, 0xaedc, 0xaedc, 0xaedc, 0xaedc, 0xaedc, 0xaedc, 0xaedc, 0xaedc, 
	0xaedc, 0xaedc, 0xaedc, 0xaedc, 0xaedc, 0xaedc, 0xaedc, 0xaedc, 0xaedc, 0xaedc, 0xaedc, 0xaedc, 0xaedc, 0xaedc, 0xaedc, 0xaedc, 
	0xaedc, 0xaedc, 0xaedc, 0xaedc, 0xaedc, 0xaedc, 0xaedc, 0xaedc, 0xaedc, 0xaedc, 0xaedc, 0xaedc, 0xaedc, 0xaedc, 0xaedc, 0xaedc, 
	0xaedc, 0xaedc, 0xaedc, 0xaedc, 0xaedc, 0xaedc, 0xaedc, 0xaedc, 0xaedc, 0xaedc, 0xaedc, 0xaedc, 0xaedc, 0xaedc, 0xaedc, 0xaedc, 
	0xaedc, 0xaedc, 0xaedc, 0xaedc, 0xaedc, 0xaedc, 0xaedc, 0xaedc, 0xaedc, 0xaedc, 0xaedc, 0xaedc, 0xaedc, 0xaedc, 0xaedc, 0xaedc, 
	0xaedc, 0xaedc, 0xaedc, 0xaedc, 0xaedc, 0xaedc, 0xaedc, 0xaedc, 0xaedc, 0xaedc, 0xaedc, 0xaedc, 0xaedc, 0xaedc, 0xaedc, 0xaedc, 
	0xaedc, 0xaedc, 0xaedc, 0xaedc, 0xaedc, 0xaedc, 0xaedc, 0xaedc, 0xaedc, 0xaedc, 0xaedc, 0xaedc, 0xaedc, 0xaedc, 0xaedc, 0xaedc, 
	0xaedc, 0xaedc, 0xaedc, 0xaedc, 0xaedc, 0xaedc, 0xaedc, 0xaedc, 0xaedc, 0xaedc, 0xaedc, 0xaedc, 0xaedc, 0xaedc, 0xaedc, 0xaedc, 
	0xaedc, 0xaedc, 0xaedc, 0xaedc, 0xaedc, 0xaedc, 0xaedc, 0xaedc, 0xaedc, 0xaedc, 0xaedc, 0xaedc, 0xaedc, 0xaedc, 0xaedc, 0xaedc, 
	0xaedc, 0xaedc, 0xaedc, 0xaedc, 0xaedc, 0xaedc, 0xaedc, 0xaedc, 0xaedc, 0xaedc, 0xaedc, 0xaedc, 0xaedc, 0xaedc, 0xaedc, 0xaedc, 
	0xaedc, 0xaedc, 0xaedc, 0xaedc, 0xaedc, 0xaedc, 0xaedc, 0xaedc, 0xaedc, 0xaedc, 0xaedc, 0xaedc, 0xaedc, 0xaedc, 0xaedc, 0xaedc, 
	0xaedc, 0xaedc, 0xaedc, 0xaedc, 0xaedc, 0xaedc, 0xaedc, 0xaedc, 0xaedc, 0xaedc, 0xaedc, 0xaedc, 0xaedc, 0xaedc, 0xaedc, 0xaedc, 
	0xaedc, 0xaedc, 0xaedc, 0xaedc, 0xaedc, 0xaedc, 0xaedc, 0xaedc, 0xaedc, 0xaedc, 0xaedc, 0xaedc, 0xaedc, 0xaedc, 0xaedc, 0xaedc, 
	0xaedc, 0xaedc, 0xaedc, 0xaedc, 0xaedc, 0xaedc, 0xaedc, 0xaedc, 0xaedc, 0xaedc, 0xaedc, 0xaedc, 0xaedc, 0xaedc, 0xaedc, 0xaedc, 
	0xaedc, 0xaedc, 0xaedc, 0xaedc, 0xaedc, 0xaedc, 0xaedc, 0xaedc, 0xaedc, 0xaedc, 0xaedc, 0xaedc, 0xaedc, 0xaedc, 0xaedc, 0xaedc, 
	0xaedc, 0xaedc, 0xaedc, 0xaedc, 0xaedc, 0xaedc, 0xaedc, 0xaedc, 0xaedc, 0xaedc, 0xaedc, 0xaedc, 0xaedc, 0xaedc, 0xaedc, 0xaedc, 
	0xaedc, 0xaedc, 0xaedc, 0xaedc, 0xaedc, 0xaedc, 0xaedc, 0xaedc, 0xaedc, 0xaedc, 0xaedc, 0xaedc, 0xaedc, 0xaedc, 0xaedc, 0xaedc, 
	0xaedc, 0xaedc, 0xaedc, 0xaedc, 0xaedc, 0xaedc, 0xaedc, 0xaedc, 0xaedc, 0xaedc, 0xaedc, 0xaedc, 0xaedc, 0xaedc, 0xaedc, 0xaedc, 
	0xaedc, 0xaedc, 0xaedc, 0xaedc, 0xaedc, 0xaedc, 0xaedc, 0xaedc, 0xaedc, 0xaedc, 0xaedc, 0xaedc, 0xaedc, 0xaedc, 0xaedc, 0xaedc, 
	0xaedc, 0xaedc, 0xaedc, 0xaedc, 0xaedc, 0xaedc, 0xaedc, 0xaedc, 0xaedc, 0xaedc, 0xaedc, 0xaedc, 0xaedc, 0xaedc, 0xaedc, 0xaedc, 
	0xaedc, 0xaedc, 0xaedc, 0xaedc, 0xaedc, 0xaedc, 0xaedc, 0xaedc, 0xaedc, 0xaedc, 0xaedc, 0xaedc, 0xaedc, 0xaedc, 0xaedc, 0xaedc, 
	0xaedc, 0xaedc, 0xaedc, 0xaedc, 0xaedc, 0xaedc, 0xaedc, 0xaedc, 0xaedc, 0xaedc, 0xaedc, 0xaedc, 0xaedc, 0xaedc, 0xaedc, 0xaedc, 
	0xaedc, 0xaedc, 0xaedc, 0xaedc, 0xaedc, 0xaedc, 0xaedc, 0xaedc, 0xaedc, 0xaedc, 0xaedc, 0xaedc, 0xaedc, 0xaedc, 0xaedc, 0xaedc, 
	0xaedc, 0xaedc, 0xaedc, 0xaedc, 0xaedc, 0xaedc, 0xaedc, 0xaedc, 0xaedc, 0xaedc, 0xaedc, 0xaedc, 0xaedc, 0xaedc, 0xaedc, 0xaedc, 
	0xaedc, 0xaedc, 0xaedc, 0xaedc, 0xaedc, 0xaedc, 0xaedc, 0xaedc, 0xaedc, 0xaedc, 0xaedc, 0xaedc, 0xaedc, 0xaedc, 0xaedc, 0xaedc, 
	0xaedc, 0xaedc, 0xaedc, 0xaedc, 0xaedc, 0xaedc, 0xaedc, 0xaedc, 0xaedc, 0xaedc, 0xaedc, 0xaedc, 0xaedc, 0xaedc, 0xaedc, 0xaedc, 
	0xaedc, 0xaedc, 0xaedc, 0xaedc, 0xaedc, 0xaedc, 0xaedc, 0xaedc, 0xaedc, 0xaedc, 0xaedc, 0xaedc, 0xaedc, 0xaedc, 0xaedc, 0xaedc, 
	0xaedc, 0xaedc, 0xaedc, 0xaedc, 0xaedc, 0xaedc, 0xaedc, 0xaedc, 0xaedc, 0xaedc, 0xaedc, 0xaedc, 0xaedc, 0xaedc, 0xaedc, 0xaedc, 
	0xaedc, 0xaedc, 0xaedc, 0xaedc, 0xaedc, 0xaedc, 0xaedc, 0xaedc, 0xaedc, 0xaedc, 0xaedc, 0xaedc, 0xaedc, 0xaedc, 0xaedc, 0xaedc, 
	0xaedc, 0xaedc, 0xaedc, 0xaedc, 0xaedc, 0xaedc, 0xaedc, 0xaedc, 0xaedc, 0xaedc, 0xaedc, 0xaedc, 0xaedc, 0xaedc, 0xaedc, 0xaedc, 
	0xaedc, 0xaedc, 0xaedc, 0xaedc, 0xaedc, 0xaedc, 0xaedc, 0xaedc, 0xaedc, 0xaedc, 0xaedc, 0xaedc, 0xaedc, 0xaedc, 0xaedc, 0xaedc, 
	0xaedc, 0xaedc, 0xaedc, 0xaedc, 0xaedc, 0xaedc, 0xaedc, 0xaedc, 0xaedc, 0xaedc, 0xaedc, 0xaedc, 0xaedc, 0xaedc, 0xaedc, 0xaedc, 
	0xaedc, 0xaedc, 0xaedc, 0xaedc, 0xaedc, 0xaedc, 0xaedc, 0xaedc, 0xaedc, 0xaedc, 0xaedc, 0xaedc, 0xaedc, 0xaedc, 0xaedc, 0xaedc, 
	0xaedc, 0xaedc, 0xaedc, 0xaedc, 0xaedc, 0xaedc, 0xaedc, 0xaedc, 0xaedc, 0xaedc, 0xaedc, 0xaedc, 0xaedc, 0xaedc, 0xaedc, 0xaedc, 
	0xaedc, 0xaedc, 0xaedc, 0xaedc, 0xaedc, 0xaedc, 0xaedc, 0xaedc, 0xaedc, 0xaedc, 0xaedc, 0xaedc, 0xaedc, 0xaedc, 0xaedc, 0xaedc, 
	0xaedc, 0xaedc, 0xaedc, 0xaedc, 0xaedc, 0xaedc, 0xaedc, 0xaedc, 0xaedc, 0xaedc, 0xaedc, 0xaedc, 0xaedc, 0xaedc, 0xaedc, 0xaedc, 
	0xaedc, 0xaedc, 0xaedc, 0xaedc, 0xaedc, 0xaedc, 0xaedc, 0xaedc, 0xaedc, 0xaedc, 0xaedc, 0xaedc, 0xaedc, 0xaedc, 0xaedc, 0xaedc, 
	0xaedc, 0xaedc, 0xaedc, 0xaedc, 0xaedc, 0xaedc, 0xaedc, 0xaedc, 0xaedc, 0xaedc, 0xaedc, 0xaedc, 0xaedc, 0xaedc, 0xaedc, 0xaedc, 
	0xaedc, 0xaedc, 0xaedc, 0xaedc, 0xaedc, 0xaedc, 0xaedc, 0xaedc, 0xaedc, 0xaedc, 0xaedc, 0xaedc, 0xaedc, 0xaedc, 0xaedc, 0xaedc, 
	0xaedc, 0xaedc, 0xaedc, 0xaedc, 0xaedc, 0xaedc, 0xaedc, 0xaedc, 0xaedc, 0xaedc, 0xaedc, 0xaedc, 0xaedc, 0xaedc, 0xaedc, 0xaedc, 
	0xaedc, 0xaedc, 0xaedc, 0xaedc, 0xaedc, 0xaedc, 0xaedc, 0xaedc, 0xaedc, 0xaedc, 0xaedc, 0xaedc, 0xaedc, 0xaedc, 0xaedc, 0xaedc, 
	0xaedc, 0xaedc, 0xaedc, 0xaedc, 0xaedc, 0xaedc, 0xaedc, 0xaedc, 0xaedc, 0xaedc, 0xaedc, 0xaedc, 0xaedc, 0xaedc, 0xaedc, 0xaedc, 
	0xaedc, 0xaedc, 0xaedc, 0xaedc, 0xaedc, 0xaedc, 0xaedc, 0xaedc, 0xaedc, 0xaedc, 0xaedc, 0xaedc, 0xaedc, 0xaedc, 0xaedc, 0xaedc, 
	0xaedc, 0xaedc, 0xaedc, 0xaedc, 0xaedc, 0xaedc, 0xaedc, 0xaedc, 0xaedc, 0xaedc, 0xaedc, 0xaedc, 0xaedc, 0xaedc, 0xaedc, 0xaedc, 
	0xaedc, 0xaedc, 0xaedc, 0xaedc, 0xaedc, 0xaedc, 0xaedc, 0xaedc, 0xaedc, 0xaedc, 0xaedc, 0xaedc, 0xaedc, 0xaedc, 0xaedc, 0xaedc, 
	0xaedc, 0xaedc, 0xaedc, 0xaedc, 0xaedc, 0xaedc, 0xaedc, 0xaedc, 0xaedc, 0xaedc, 0xaedc, 0xaedc, 0xaedc, 0xaedc, 0xaedc, 0xaedc, 
	0xaedc, 0xaedc, 0xaedc, 0xaedc, 0xaedc, 0xaedc, 0xaedc, 0xaedc, 0xaedc, 0xaedc, 0xaedc, 0xaedc, 0xaedc, 0xaedc, 0xaedc, 0xaedc, 
	0xaedc, 0xaedc, 0xaedc, 0xaedc, 0xaedc, 0xaedc, 0xaedc, 0xaedc, 0xaedc, 0xaedc, 0xaedc, 0xaedc, 0xaedc, 0xaedc, 0xaedc, 0xaedc, 
	0xaedc, 0xaedc, 0xaedc, 0xaedc, 0xaedc, 0xaedc, 0xaedc, 0xaedc, 0xaedc, 0xaedc, 0xaedc, 0xaedc, 0xaedc, 0xaedc, 0xaedc, 0xaedc, 
	0xaedc, 0xaedc, 0xaedc, 0xaedc, 0xaedc, 0xaedc, 0xaedc, 0xaedc, 0xaedc, 0xaedc, 0xaedc, 0xaedc, 0xaedc, 0xaedc, 0xaedc, 0xaedc, 
	0xaedc, 0xaedc, 0xaedc, 0xaedc, 0xaedc, 0xaedc, 0xaedc, 0xaedc, 0xaedc, 0xaedc, 0xaedc, 0xaedc, 0xaedc, 0xaedc, 0xaedc, 0xaedc, 
	0xaedc, 0xaedc, 0xaedc, 0xaedc, 0xaedc, 0xaedc, 0xaedc, 0xaedc, 0xaedc, 0xaedc, 0xaedc, 0xaedc, 0xaedc, 0xaedc, 0xaedc, 0xaedc, 
	0xaedc, 0xaedc, 0xaedc, 0xaedc, 0xaedc, 0xaedc, 0xaedc, 0xaedc, 0xaedc, 0xaedc, 0xaedc, 0xaedc, 0xaedc, 0xaedc, 0xaedc, 0xaedc, 
	0xaedc, 0xaedc, 0xaedc, 0xaedc, 0xaedc, 0xaedc, 0xaedc, 0xaedc, 0xaedc, 0xaedc, 0xaedc, 0xaedc, 0xaedc, 0xaedc, 0xaedc, 0xaedc, 
	0xaedc, 0xaedc, 0xaedc, 0xaedc, 0xaedc, 0xaedc, 0xaedc, 0xaedc, 0xaedc, 0xaedc, 0xaedc, 0xaedc, 0xaedc, 0xaedc, 0xaedc, 0xaedc, 
	0xaedc, 0xaedc, 0xaedc, 0xaedc, 0xaedc, 0xaedc, 0xaedc, 0xaedc, 0xaedc, 0xaedc, 0xaedc, 0xaedc, 0xaedc, 0xaedc, 0xaedc, 0xaedc, 
	0xaedc, 0xaedc, 0xaedc, 0xaedc, 0xaedc, 0xaedc, 0xaedc, 0xaedc, 0xaedc, 0xaedc, 0xaedc, 0xaedc, 0xaedc, 0xaedc, 0xaedc, 0xaedc, 
	0xaedc, 0xaedc, 0xaedc, 0xaedc, 0xaedc, 0xaedc, 0xaedc, 0xaedc, 0xaedc, 0xaedc, 0xaedc, 0xaedc, 0xaedc, 0xaedc, 0xaedc, 0xaedc, 
	0xaedc, 0xaedc, 0xaedc, 0xaedc, 0xaedc, 0xaedc, 0xaedc, 0xaedc, 0xaedc, 0xaedc, 0xaedc, 0xaedc, 0xaedc, 0xaedc, 0xaedc, 0xaedc, 
	0xaedc, 0xaedc, 0xaedc, 0xaedc, 0xaedc, 0xaedc, 0xaedc, 0xaedc, 0xaedc, 0xaedc, 0xaedc, 0xaedc, 0xaedc, 0xaedc, 0xaedc, 0xaedc, 
	0xaedc, 0xaedc, 0xaedc, 0xaedc, 0xaedc, 0xaedc, 0xaedc, 0xaedc, 0xaedc, 0xaedc, 0xaedc, 0xaedc, 0xaedc, 0xaedc, 0xaedc, 0xaedc, 
	0xaedc, 0xaedc, 0xaedc, 0xaedc, 0xaedc, 0xaedc, 0xaedc, 0xaedc, 0xaedc, 0xaedc, 0xaedc, 0xaedc, 0xaedc, 0xaedc, 0xaedc, 0xaedc, 
	0xaedc, 0xaedc, 0xaedc, 0xaedc, 0xaedc, 0xaedc, 0xaedc, 0xaedc, 0xaedc, 0xaedc, 0xaedc, 0xaedc, 0xaedc, 0xaedc, 0xaedc, 0xaedc, 
	0xaedc, 0xaedc, 0xaedc, 0xaedc, 0xaedc, 0xaedc, 0xaedc, 0xaedc, 0xaedc, 0xaedc, 0xaedc, 0xaedc, 0xaedc, 0xaedc, 0xaedc, 0xaedc, 
	0xaedc, 0xaedc, 0xaedc, 0xaedc, 0xaedc, 0xaedc, 0xaedc, 0xaedc, 0xaedc, 0xaedc, 0xaedc, 0xaedc, 0xaedc, 0xaedc, 0xaedc, 0xaedc, 
	0xaedc, 0xaedc, 0xaedc, 0xaedc, 0xaedc, 0xaedc, 0xaedc, 0xaedc, 0xaedc, 0xaedc, 0xaedc, 0xaedc, 0xaedc, 0xaedc, 0xaedc, 0xaedc, 
	0xaedc, 0xaedc, 0xaedc, 0xaedc, 0xaedc, 0xaedc, 0xaedc, 0xaedc, 0xaedc, 0xaedc, 0xaedc, 0xaedc, 0xaedc, 0xaedc, 0xaedc, 0xaedc, 
	0xaedc, 0xaedc, 0xaedc, 0xaedc, 0xaedc, 0xaedc, 0xaedc, 0xaedc, 0xaedc, 0xaedc, 0xaedc, 0xaedc, 0xaedc, 0xaedc, 0xaedc, 0xaedc, 
	0xaedc, 0xaedc, 0xaedc, 0xaedc, 0xaedc, 0xaedc, 0xaedc, 0xaedc, 0xaedc, 0xaedc, 0xaedc, 0xaedc, 0xaedc, 0xaedc, 0xaedc, 0xaedc, 
	0xaedc, 0xaedc, 0xaedc, 0xaedc, 0xaedc, 0xaedc, 0xaedc, 0xaedc, 0xaedc, 0xaedc, 0xaedc, 0xaedc, 0xaedc, 0xaedc, 0xaedc, 0xaedc, 
	0xaedc, 0xaedc, 0xaedc, 0xaedc, 0xaedc, 0xaedc, 0xaedc, 0xaedc, 0xaedc, 0xaedc, 0xaedc, 0xaedc, 0xaedc, 0xaedc, 0xaedc, 0xaedc, 
	0xaedc, 0xaedc, 0xaedc, 0xaedc, 0xaedc, 0xaedc, 0xaedc, 0xaedc, 0xaedc, 0xaedc, 0xaedc, 0xaedc, 0xaedc, 0xaedc, 0xaedc, 0xaedc, 
	0xaedc, 0xaedc, 0xaedc, 0xaedc, 0xaedc, 0xaedc, 0xaedc, 0xaedc, 0xaedc, 0xaedc, 0xaedc, 0xaedc, 0xaedc, 0xaedc, 0xaedc, 0xaedc, 
	0xaedc, 0xaedc, 0xaedc, 0xaedc, 0xaedc, 0xaedc, 0xaedc, 0xaedc, 0xaedc, 0xaedc, 0xaedc, 0xaedc, 0xaedc, 0xaedc, 0xaedc, 0xaedc, 
	0xaedc, 0xaedc, 0xaedc, 0xaedc, 0xaedc, 0xaedc, 0xaedc, 0xaedc, 0xaedc, 0xaedc, 0xaedc, 0xaedc, 0xaedc, 0xaedc, 0xaedc, 0xaedc, 
	0xaedc, 0xaedc, 0xaedc, 0xaedc, 0xaedc, 0xaedc, 0xaedc, 0xaedc, 0xaedc, 0xaedc, 0xaedc, 0xaedc, 0xaedc, 0xaedc, 0xaedc, 0xaedc, 
	0xaedc, 0xaedc, 0xaedc, 0xaedc, 0xaedc, 0xaedc, 0xaedc, 0xaedc, 0xaedc, 0xaedc, 0xaedc, 0xaedc, 0xaedc, 0xaedc, 0xaedc, 0xaedc, 
	0xaedc, 0xaedc, 0xaedc, 0xaedc, 0xaedc, 0xaedc, 0xaedc, 0xaedc, 0xaedc, 0xaedc, 0xaedc, 0xaedc, 0xaedc, 0xaedc, 0xaedc, 0xaedc, 
	0xaedc, 0xaedc, 0xaedc, 0xaedc, 0xaedc, 0xaedc, 0xaedc, 0xaedc, 0xaedc, 0xaedc, 0xaedc, 0xaedc, 0xaedc, 0xaedc, 0xaedc, 0xaedc, 
	0xaedc, 0xaedc, 0xaedc, 0xaedc, 0xaedc, 0xaedc, 0xaedc, 0xaedc, 0xaedc, 0xaedc, 0xaedc, 0xaedc, 0xaedc, 0xaedc, 0xaedc, 0xaedc, 
	0xaedc, 0xaedc, 0xaedc, 0xaedc, 0xaedc, 0xaedc, 0xaedc, 0xaedc, 0xaedc, 0xaedc, 0xaedc, 0xaedc, 0xaedc, 0xaedc, 0xaedc, 0xaedc, 
	0xaedc, 0xaedc, 0xaedc, 0xaedc, 0xaedc, 0xaedc, 0xaedc, 0xaedc, 0xaedc, 0xaedc, 0xaedc, 0xaedc, 0xaedc, 0xaedc, 0xaedc, 0xaedc, 
	0xaedc, 0xaedc, 0xaedc, 0xaedc, 0xaedc, 0xaedc, 0xaedc, 0xaedc, 0xaedc, 0xaedc, 0xaedc, 0xaedc, 0xaedc, 0xaedc, 0xaedc, 0xaedc, 
	0xaedc, 0xaedc, 0xaedc, 0xaedc, 0xaedc, 0xaedc, 0xaedc, 0xaedc, 0xaedc, 0xaedc, 0xaedc, 0xaedc, 0xaedc, 0xaedc, 0xaedc, 0xaedc, 
	0xaedc, 0xaedc, 0xaedc, 0xaedc, 0xaedc, 0xaedc, 0xaedc, 0xaedc, 0xaedc, 0xaedc, 0xaedc, 0xaedc, 0xaedc, 0xaedc, 0xaedc, 0xaedc, 
	0xaedc, 0xaedc, 0xaedc, 0xaedc, 0xaedc, 0xaedc, 0xaedc, 0xaedc, 0xaedc, 0xaedc, 0xaedc, 0xaedc, 0xaedc, 0xaedc, 0xaedc, 0xaedc, 
	0xaedc, 0xaedc, 0xaedc, 0xaedc, 0xaedc, 0xaedc, 0xaedc, 0xaedc, 0xaedc, 0xaedc, 0xaedc, 0xaedc, 0xaedc, 0xaedc, 0xaedc, 0xaedc, 
	0xaedc, 0xaedc, 0xaedc, 0xaedc, 0xaedc, 0xaedc, 0xaedc, 0xaedc, 0xaedc, 0xaedc, 0xaedc, 0xaedc, 0xaedc, 0xaedc, 0xaedc, 0xaedc, 
	0xaedc, 0xaedc, 0xaedc, 0xaedc, 0xaedc, 0xaedc, 0xaedc, 0xaedc, 0xaedc, 0xaedc, 0xaedc, 0xaedc, 0xaedc, 0xaedc, 0xaedc, 0xaedc, 
	0xaedc, 0xaedc, 0xaedc, 0xaedc, 0xaedc, 0xaedc, 0xaedc, 0xaedc, 0xaedc, 0xaedc, 0xaedc, 0xaedc, 0xaedc, 0xaedc, 0xaedc, 0xaedc, 
	0xaedc, 0xaedc, 0xaedc, 0xaedc, 0xaedc, 0xaedc, 0xaedc, 0xaedc, 0xaedc, 0xaedc, 0xaedc, 0xaedc, 0xaedc, 0xaedc, 0xaedc, 0xaedc, 
	0xaedc, 0xaedc, 0xaedc, 0xaedc, 0xaedc, 0xaedc, 0xaedc, 0xaedc, 0xaedc, 0xaedc, 0xaedc, 0xaedc, 0xaedc, 0xaedc, 0xaedc, 0xaedc, 
	0xaedc, 0xaedc, 0xaedc, 0xaedc, 0xaedc, 0xaedc, 0xaedc, 0xaedc, 0xaedc, 0xaedc, 0xaedc, 0xaedc, 0xaedc, 0xaedc, 0xaedc, 0xaedc, 
	0xaedc, 0xaedc, 0xaedc, 0xaedc, 0xaedc, 0xaedc, 0xaedc, 0xaedc, 0xaedc, 0xaedc, 0xaedc, 0xaedc, 0xaedc, 0xaedc, 0xaedc, 0xaedc, 
	0xaedc, 0xaedc, 0xaedc, 0xaedc, 0xaedc, 0xaedc, 0xaedc, 0xaedc, 0xaedc, 0xaedc, 0xaedc, 0xaedc, 0xaedc, 0xaedc, 0xaedc, 0xaedc, 
	0xaedc, 0xaedc, 0xaedc, 0xaedc, 0xaedc, 0xaedc, 0xaedc, 0xaedc, 0xaedc, 0xaedc, 0xaedc, 0xaedc, 0xaedc, 0xaedc, 0xaedc, 0xaedc, 
	0xaedc, 0xaedc, 0xaedc, 0xaedc, 0xaedc, 0xaedc, 0xaedc, 0xaedc, 0xaedc, 0xaedc, 0xaedc, 0xaedc, 0xaedc, 0xaedc, 0xaedc, 0xaedc, 
	0xaedc, 0xaedc, 0xaedc, 0xaedc, 0xaedc, 0xaedc, 0xaedc, 0xaedc, 0xaedc, 0xaedc, 0xaedc, 0xaedc, 0xaedc, 0xaedc, 0xaedc, 0xaedc, 
	0xaedc, 0xaedc, 0xaedc, 0xaedc, 0xaedc, 0xaedc, 0xaedc, 0xaedc, 0xaedc, 0xaedc, 0xaedc, 0xaedc, 0xaedc, 0xaedc, 0xaedc, 0xaedc, 
	0xaedc, 0xaedc, 0xaedc, 0xaedc, 0xaedc, 0xaedc, 0xaedc, 0xaedc, 0xaedc, 0xaedc, 0xaedc, 0xaedc, 0xaedc, 0xaedc, 0xaedc, 0xaedc, 
	0xaedc, 0xaedc, 0xaedc, 0xaedc, 0xaedc, 0xaedc, 0xaedc, 0xaedc, 0xaedc, 0xaedc, 0xaedc, 0xaedc, 0xaedc, 0xaedc, 0xaedc, 0xaedc, 
	0xaedc, 0xaedc, 0xaedc, 0xaedc, 0xaedc, 0xaedc, 0xaedc, 0xaedc, 0xaedc, 0xaedc, 0xaedc, 0xaedc, 0xaedc, 0xaedc, 0xaedc, 0xaedc, 
	0xaedc, 0xaedc, 0xaedc, 0xaedc, 0xaedc, 0xaedc, 0xaedc, 0xaedc, 0xaedc, 0xaedc, 0xaedc, 0xaedc, 0xaedc, 0xaedc, 0xaedc, 0xaedc, 
	0xaedc, 0xaedc, 0xaedc, 0xaedc, 0xaedc, 0xaedc, 0xaedc, 0xaedc, 0xaedc, 0xaedc, 0xaedc, 0xaedc, 0xaedc, 0xaedc, 0xaedc, 0xaedc, 
	0xaedc, 0xaedc, 0xaedc, 0xaedc, 0xaedc, 0xaedc, 0xaedc, 0xaedc, 0xaedc, 0xaedc, 0xaedc, 0xaedc, 0xaedc, 0xaedc, 0xaedc, 0xaedc, 
	0xaedc, 0xaedc, 0xaedc, 0xaedc, 0xaedc, 0xaedc, 0xaedc, 0xaedc, 0xaedc, 0xaedc, 0xaedc, 0xaedc, 0xaedc, 0xaedc, 0xaedc, 0xaedc, 
	0xaedc, 0xaedc, 0xaedc, 0xaedc, 0xaedc, 0xaedc, 0xaedc, 0xaedc, 0xaedc, 0xaedc, 0xaedc, 0xaedc, 0xaedc, 0xaedc, 0xaedc, 0xaedc, 
	0xaedc, 0xaedc, 0xaedc, 0xaedc, 0xaedc, 0xaedc, 0xaedc, 0xaedc, 0xaedc, 0xaedc, 0xaedc, 0xaedc, 0xaedc, 0xaedc, 0xaedc, 0xaedc, 
	0xaedc, 0xaedc, 0xaedc, 0xaedc, 0xaedc, 0xaedc, 0xaedc, 0xaedc, 0xaedc, 0xaedc, 0xaedc, 0xaedc, 0xaedc, 0xaedc, 0xaedc, 0xaedc, 
	0xaedc, 0xaedc, 0xaedc, 0xaedc, 0xaedc, 0xaedc, 0xaedc, 0xaedc, 0xaedc, 0xaedc, 0xaedc, 0xaedc, 0xaedc, 0xaedc, 0xaedc, 0xaedc, 
	0xaedc, 0xaedc, 0xaedc, 0xaedc, 0xaedc, 0xaedc, 0xaedc, 0xaedc, 0xaedc, 0xaedc, 0xaedc, 0xaedc, 0xaedc, 0xaedc, 0xaedc, 0xaedc, 
	0xaedc, 0xaedc, 0xaedc, 0xaedc, 0xaedc, 0xaedc, 0xaedc, 0xaedc, 0xaedc, 0xaedc, 0xaedc, 0xaedc, 0xaedc, 0xaedc, 0xaedc, 0xaedc, 
	0xaedc, 0xaedc, 0xaedc, 0xaedc, 0xaedc, 0xaedc, 0xaedc, 0xaedc, 0xaedc, 0xaedc, 0xaedc, 0xaedc, 0xaedc, 0xaedc, 0xaedc, 0xaedc, 
	0xaedc, 0xaedc, 0xaedc, 0xaedc, 0xaedc, 0xaedc, 0xaedc, 0xaedc, 0xaedc, 0xaedc, 0xaedc, 0xaedc, 0xaedc, 0xaedc, 0xaedc, 0xaedc, 
	0xaedc, 0xaedc, 0xaedc, 0xaedc, 0xaedc, 0xaedc, 0xaedc, 0xaedc, 0xaedc, 0xaedc, 0xaedc, 0xaedc, 0xaedc, 0xaedc, 0xaedc, 0xaedc, 
	0xaedc, 0xaedc, 0xaedc, 0xaedc, 0xaedc, 0xaedc, 0xaedc, 0xaedc, 0xaedc, 0xaedc, 0xaedc, 0xaedc, 0xaedc, 0xaedc, 0xaedc, 0xaedc, 
	0xaedc, 0xaedc, 0xaedc, 0xaedc, 0xaedc, 0xaedc, 0xaedc, 0xaedc, 0xaedc, 0xaedc, 0xaedc, 0xaedc, 0xaedc, 0xaedc, 0xaedc, 0xaedc, 
	0xaedc, 0xaedc, 0xaedc, 0xaedc, 0xaedc, 0xaedc, 0xaedc, 0xaedc, 0xaedc, 0xaedc, 0xaedc, 0xaedc, 0xaedc, 0xaedc, 0xaedc, 0xaedc, 
	0xaedc, 0xaedc, 0xaedc, 0xaedc, 0xaedc, 0xaedc, 0xaedc, 0xaedc, 0xaedc, 0xaedc, 0xaedc, 0xaedc, 0xaedc, 0xaedc, 0xaedc, 0xaedc, 
	0xaedc, 0xaedc, 0xaedc, 0xaedc, 0xaedc, 0xaedc, 0xaedc, 0xaedc, 0xaedc, 0xaedc, 0xaedc, 0xaedc, 0xaedc, 0xaedc, 0xaedc, 0xaedc, 
	0xaedc, 0xaedc, 0xaedc, 0xaedc, 0xaedc, 0xaedc, 0xaedc, 0xaedc, 0xaedc, 0xaedc, 0xaedc, 0xaedc, 0xaedc, 0xaedc, 0xaedc, 0xaedc, 
	0xaedc, 0xaedc, 0xaedc, 0xaedc, 0xaedc, 0xaedc, 0xaedc, 0xaedc, 0xaedc, 0xaedc, 0xaedc, 0xaedc, 0xaedc, 0xaedc, 0xaedc, 0xaedc, 
	0xaedc, 0xaedc, 0xaedc, 0xaedc, 0xaedc, 0xaedc, 0xaedc, 0xaedc, 0xaedc, 0xaedc, 0xaedc, 0xaedc, 0xaedc, 0xaedc, 0xaedc, 0xaedc, 
	0xaedc, 0xaedc, 0xaedc, 0xaedc, 0xaedc, 0xaedc, 0xaedc, 0xaedc, 0xaedc, 0xaedc, 0xaedc, 0xaedc, 0xaedc, 0xaedc, 0xaedc, 0xaedc, 
	0xaedc, 0xaedc, 0xaedc, 0xaedc, 0xaedc, 0xaedc, 0xaedc, 0xaedc, 0xaedc, 0xaedc, 0xaedc, 0xaedc, 0xaedc, 0xaedc, 0xaedc, 0xaedc, 
	0xaedc, 0xaedc, 0xaedc, 0xaedc, 0xaedc, 0xaedc, 0xaedc, 0xaedc, 0xaedc, 0xaedc, 0xaedc, 0xaedc, 0xaedc, 0xaedc, 0xaedc, 0xaedc, 
	0xaedc, 0xaedc, 0xaedc, 0xaedc, 0xaedc, 0xaedc, 0xaedc, 0xaedc, 0xaedc, 0xaedc, 0xaedc, 0xaedc, 0xaedc, 0xaedc, 0xaedc, 0xaedc, 
	0xaedc, 0xaedc, 0xaedc, 0xaedc, 0xaedc, 0xaedc, 0xaedc, 0xaedc, 0xaedc, 0xaedc, 0xaedc, 0xaedc, 0xaedc, 0xaedc, 0xaedc, 0xaedc, 
	0xaedc, 0xaedc, 0xaedc, 0xaedc, 0xaedc, 0xaedc, 0xaedc, 0xaedc, 0xaedc, 0xaedc, 0xaedc, 0xaedc, 0xaedc, 0xaedc, 0xaedc, 0xaedc, 
	0xaedc, 0xaedc, 0xaedc, 0xaedc, 0xaedc, 0xaedc, 0xaedc, 0xaedc, 0xaedc, 0xaedc, 0xaedc, 0xaedc, 0xaedc, 0xaedc, 0xaedc, 0xaedc, 
	0xaedc, 0xaedc, 0xaedc, 0xaedc, 0xaedc, 0xaedc, 0xaedc, 0xaedc, 0xaedc, 0xaedc, 0xaedc, 0xaedc, 0xaedc, 0xaedc, 0xaedc, 0xaedc, 
	0xaedc, 0xaedc, 0xaedc, 0xaedc, 0xaedc, 0xaedc, 0xaedc, 0xaedc, 0xaedc, 0xaedc, 0xaedc, 0xaedc, 0xaedc, 0xaedc, 0xaedc, 0xaedc, 
	0xaedc, 0xaedc, 0xaedc, 0xaedc, 0xaedc, 0xaedc, 0xaedc, 0xaedc, 0xaedc, 0xaedc, 0xaedc, 0xaedc, 0xaedc, 0xaedc, 0xaedc, 0xaedc, 
	0xaedc, 0xaedc, 0xaedc, 0xaedc, 0xaedc, 0xaedc, 0xaedc, 0xaedc, 0xaedc, 0xaedc, 0xaedc, 0xaedc, 0xaedc, 0xaedc, 0xaedc, 0xaedc, 
	0xaedc, 0xaedc, 0xaedc, 0xaedc, 0xaedc, 0xaedc, 0xaedc, 0xaedc, 0xaedc, 0xaedc, 0xaedc, 0xaedc, 0xaedc, 0xaedc, 0xaedc, 0xaedc, 
	0xaedc, 0xaedc, 0xaedc, 0xaedc, 0xaedc, 0xaedc, 0xaedc, 0xaedc, 0xaedc, 0xaedc, 0xaedc, 0xaedc, 0xaedc, 0xaedc, 0xaedc, 0xaedc, 
	0xaedc, 0xaedc, 0xaedc, 0xaedc, 0xaedc, 0xaedc, 0xaedc, 0xaedc, 0xaedc, 0xaedc, 0xaedc, 0xaedc, 0xaedc, 0xaedc, 0xaedc, 0xaedc, 
	0xaedc, 0xaedc, 0xaedc, 0xaedc, 0xaedc, 0xaedc, 0xaedc, 0xaedc, 0xaedc, 0xaedc, 0xaedc, 0xaedc, 0xaedc, 0xaedc, 0xaedc, 0xaedc, 
	0xaedc, 0xaedc, 0xaedc, 0xaedc, 0xaedc, 0xaedc, 0xaedc, 0xaedc, 0xaedc, 0xaedc, 0xaedc, 0xaedc, 0xaedc, 0xaedc, 0xaedc, 0xaedc, 
	0xaedc, 0xaedc, 0xaedc, 0xaedc, 0xaedc, 0xaedc, 0xaedc, 0xaedc, 0xaedc, 0xaedc, 0xaedc, 0xaedc, 0xaedc, 0xaedc, 0xaedc, 0xaedc, 
	0xaedc, 0xaedc, 0xaedc, 0xaedc, 0xaedc, 0xaedc, 0xaedc, 0xaedc, 0xaedc, 0xaedc, 0xaedc, 0xaedc, 0xaedc, 0xaedc, 0xaedc, 0xaedc, 
	0xaedc, 0xaedc, 0xaedc, 0xaedc, 0xaedc, 0xaedc, 0xaedc, 0xaedc, 0xaedc, 0xaedc, 0xaedc, 0xaedc, 0xaedc, 0xaedc, 0xaedc, 0xaedc, 
	0xaedc, 0xaedc, 0xaedc, 0xaedc, 0xaedc, 0xaedc, 0xaedc, 0xaedc, 0xaedc, 0xaedc, 0xaedc, 0xaedc, 0xaedc, 0xaedc, 0xaedc, 0xaedc, 
	0xaedc, 0xaedc, 0xaedc, 0xaedc, 0xaedc, 0xaedc, 0xaedc, 0xaedc, 0xaedc, 0xaedc, 0xaedc, 0xaedc, 0xaedc, 0xaedc, 0xaedc, 0xaedc, 
	0xaedc, 0xaedc, 0xaedc, 0xaedc, 0xaedc, 0xaedc, 0xaedc, 0xaedc, 0xaedc, 0xaedc, 0xaedc, 0xaedc, 0xaedc, 0xaedc, 0xaedc, 0xaedc, 
	0xaedc, 0xaedc, 0xaedc, 0xaedc, 0xaedc, 0xaedc, 0xaedc, 0xaedc, 0xaedc, 0xaedc, 0xaedc, 0xaedc, 0xaedc, 0xaedc, 0xaedc, 0xaedc, 
	0xaedc, 0xaedc, 0xaedc, 0xaedc, 0xaedc, 0xaedc, 0xaedc, 0xaedc, 0xaedc, 0xaedc, 0xaedc, 0xaedc, 0xaedc, 0xaedc, 0xaedc, 0xaedc, 
	0xaedc, 0xaedc, 0xaedc, 0xaedc, 0xaedc, 0xaedc, 0xaedc, 0xaedc, 0xaedc, 0xaedc, 0xaedc, 0xaedc, 0xaedc, 0xaedc, 0xaedc, 0xaedc, 
	0xaedc, 0xaedc, 0xaedc, 0xaedc, 0xaedc, 0xaedc, 0xaedc, 0xaedc, 0xaedc, 0xaedc, 0xaedc, 0xaedc, 0xaedc, 0xaedc, 0xaedc, 0xaedc, 
	0xaedc, 0xaedc, 0xaedc, 0xaedc, 0xaedc, 0xaedc, 0xaedc, 0xaedc, 0xaedc, 0xaedc, 0xaedc, 0xaedc, 0xaedc, 0xaedc, 0xaedc, 0xaedc, 
	0xaedc, 0xaedc, 0xaedc, 0xaedc, 0xaedc, 0xaedc, 0xaedc, 0xaedc, 0xaedc, 0xaedc, 0xaedc, 0xaedc, 0xaedc, 0xaedc, 0xaedc, 0xaedc, 
	0xaedc, 0xaedc, 0xaedc, 0xaedc, 0xaedc, 0xaedc, 0xaedc, 0xaedc, 0xaedc, 0xaedc, 0xaedc, 0xaedc, 0xaedc, 0xaedc, 0xaedc, 0xaedc, 
	0xaedc, 0xaedc, 0xaedc, 0xaedc, 0xaedc, 0xaedc, 0xaedc, 0xaedc, 0xaedc, 0xaedc, 0xaedc, 0xaedc, 0xaedc, 0xaedc, 0xaedc, 0xaedc, 
	0xaedc, 0xaedc, 0xaedc, 0xaedc, 0xaedc, 0xaedc, 0xaedc, 0xaedc, 0xaedc, 0xaedc, 0xaedc, 0xaedc, 0xaedc, 0xaedc, 0xaedc, 0xaedc, 
	0xaedc, 0xaedc, 0xaedc, 0xaedc, 0xaedc, 0xaedc, 0xaedc, 0xaedc, 0xaedc, 0xaedc, 0xaedc, 0xaedc, 0xaedc, 0xaedc, 0xaedc, 0xaedc, 
	0xaedc, 0xaedc, 0xaedc, 0xaedc, 0xaedc, 0xaedc, 0xaedc, 0xaedc, 0xaedc, 0xaedc, 0xaedc, 0xaedc, 0xaedc, 0xaedc, 0xaedc, 0xaedc, 
	0xaedc, 0xaedc, 0xaedc, 0xaedc, 0xaedc, 0xaedc, 0xaedc, 0xaedc, 0xaedc, 0xaedc, 0xaedc, 0xaedc, 0xaedc, 0xaedc, 0xaedc, 0xaedc, 
	0xaedc, 0xaedc, 0xaedc, 0xaedc, 0xaedc, 0xaedc, 0xaedc, 0xaedc, 0xaedc, 0xaedc, 0xaedc, 0xaedc, 0xaedc, 0xaedc, 0xaedc, 0xaedc, 
	0xaedc, 0xaedc, 0xaedc, 0xaedc, 0xaedc, 0xaedc, 0xaedc, 0xaedc, 0xaedc, 0xaedc, 0xaedc, 0xaedc, 0xaedc, 0xaedc, 0xaedc, 0xaedc, 
	0xaedc, 0xaedc, 0xaedc, 0xaedc, 0xaedc, 0xaedc, 0xaedc, 0xaedc, 0xaedc, 0xaedc, 0xaedc, 0xaedc, 0xaedc, 0xaedc, 0xaedc, 0xaedc, 
	0xaedc, 0xaedc, 0xaedc, 0xaedc, 0xaedc, 0xaedc, 0xaedc, 0xaedc, 0xaedc, 0xaedc, 0xaedc, 0xaedc, 0xaedc, 0xaedc, 0xaedc, 0xaedc, 
	0xaedc, 0xaedc, 0xaedc, 0xaedc, 0xaedc, 0xaedc, 0xaedc, 0xaedc, 0xaedc, 0xaedc, 0xaedc, 0xaedc, 0xaedc, 0xaedc, 0xaedc, 0xaedc, 
	0xaedc, 0xaedc, 0xaedc, 0xaedc, 0xaedc, 0xaedc, 0xaedc, 0xaedc, 0xaedc, 0xaedc, 0xaedc, 0xaedc, 0xaedc, 0xaedc, 0xaedc, 0xaedc, 
	0xaedc, 0xaedc, 0xaedc, 0xaedc, 0xaedc, 0xaedc, 0xaedc, 0xaedc, 0xaedc, 0xaedc, 0xaedc, 0xaedc, 0xaedc, 0xaedc, 0xaedc, 0xaedc, 
	0xaedc, 0xaedc, 0xaedc, 0xaedc, 0xaedc, 0xaedc, 0xaedc, 0xaedc, 0xaedc, 0xaedc, 0xaedc, 0xaedc, 0xaedc, 0xaedc, 0xaedc, 0xaedc, 
	0xaedc, 0xaedc, 0xaedc, 0xaedc, 0xaedc, 0xaedc, 0xaedc, 0xaedc, 0xaedc, 0xaedc, 0xaedc, 0xaedc, 0xaedc, 0xaedc, 0xaedc, 0xaedc, 
	0xaedc, 0xaedc, 0xaedc, 0xaedc, 0xaedc, 0xaedc, 0xaedc, 0xaedc, 0xaedc, 0xaedc, 0xaedc, 0xaedc, 0xaedc, 0xaedc, 0xaedc, 0xaedc, 
	0xaedc, 0xaedc, 0xaedc, 0xaedc, 0xaedc, 0xaedc, 0xaedc, 0xaedc, 0xaedc, 0xaedc, 0xaedc, 0xaedc, 0xaedc, 0xaedc, 0xaedc, 0xaedc, 
	0xaedc, 0xaedc, 0xaedc, 0xaedc, 0xaedc, 0xaedc, 0xaedc, 0xaedc, 0xaedc, 0xaedc, 0xaedc, 0xaedc, 0xaedc, 0xaedc, 0xaedc, 0xaedc, 
	0xaedc, 0xaedc, 0xaedc, 0xaedc, 0xaedc, 0xaedc, 0xaedc, 0xaedc, 0xaedc, 0xaedc, 0xaedc, 0xaedc, 0xaedc, 0xaedc, 0xaedc, 0xaedc, 
	0xaedc, 0xaedc, 0xaedc, 0xaedc, 0xaedc, 0xaedc, 0xaedc, 0xaedc, 0xaedc, 0xaedc, 0xaedc, 0xaedc, 0xaedc, 0xaedc, 0xaedc, 0xaedc, 
	0xaedc, 0xaedc, 0xaedc, 0xaedc, 0xaedc, 0xaedc, 0xaedc, 0xaedc, 0xaedc, 0xaedc, 0xaedc, 0xaedc, 0xaedc, 0xaedc, 0xaedc, 0xaedc, 
	0xaedc, 0xaedc, 0xaedc, 0xaedc, 0xaedc, 0xaedc, 0xaedc, 0xaedc, 0xaedc, 0xaedc, 0xaedc, 0xaedc, 0xaedc, 0xaedc, 0xaedc, 0xaedc, 
	0xaedc, 0xaedc, 0xaedc, 0xaedc, 0xaedc, 0xaedc, 0xaedc, 0xaedc, 0xaedc, 0xaedc, 0xaedc, 0xaedc, 0xaedc, 0xaedc, 0xaedc, 0xaedc, 
	0xaedc, 0xaedc, 0xaedc, 0xaedc, 0xaedc, 0xaedc, 0xaedc, 0xaedc, 0xaedc, 0xaedc, 0xaedc, 0xaedc, 0xaedc, 0xaedc, 0xaedc, 0xaedc, 
	0xaedc, 0xaedc, 0xaedc, 0xaedc, 0xaedc, 0xaedc, 0xaedc, 0xaedc, 0xaedc, 0xaedc, 0xaedc, 0xaedc, 0xaedc, 0xaedc, 0xaedc, 0xaedc, 
	0xaedc, 0xaedc, 0xaedc, 0xaedc, 0xaedc, 0xaedc, 0xaedc, 0xaedc, 0xaedc, 0xaedc, 0xaedc, 0xaedc, 0xaedc, 0xaedc, 0xaedc, 0xaedc, 
	0xaedc, 0xaedc, 0xaedc, 0xaedc, 0xaedc, 0xaedc, 0xaedc, 0xaedc, 0xaedc, 0xaedc, 0xaedc, 0xaedc, 0xaedc, 0xaedc, 0xaedc, 0xaedc, 
	0xaedc, 0xaedc, 0xaedc, 0xaedc, 0xaedc, 0xaedc, 0xaedc, 0xaedc, 0xaedc, 0xaedc, 0xaedc, 0xaedc, 0xaedc, 0xaedc, 0xaedc, 0xaedc, 
	0xaedc, 0xaedc, 0xaedc, 0xaedc, 0xaedc, 0xaedc, 0xaedc, 0xaedc, 0xaedc, 0xaedc, 0xaedc, 0xaedc, 0xaedc, 0xaedc, 0xaedc, 0xaedc, 
	0xaedc, 0xaedc, 0xaedc, 0xaedc, 0xaedc, 0xaedc, 0xaedc, 0xaedc, 0xaedc, 0xaedc, 0xaedc, 0xaedc, 0xaedc, 0xaedc, 0xaedc, 0xaedc, 
	0xaedc, 0xaedc, 0xaedc, 0xaedc, 0xaedc, 0xaedc, 0xaedc, 0xaedc, 0xaedc, 0xaedc, 0xaedc, 0xaedc, 0xaedc, 0xaedc, 0xaedc, 0xaedc, 
	0xaedc, 0xaedc, 0xaedc, 0xaedc, 0xaedc, 0xaedc, 0xaedc, 0xaedc, 0xaedc, 0xaedc, 0xaedc, 0xaedc, 0xaedc, 0xaedc, 0xaedc, 0xaedc, 
	0xaedc, 0xaedc, 0xaedc, 0xaedc, 0xaedc, 0xaedc, 0xaedc, 0xaedc, 0xaedc, 0xaedc, 0xaedc, 0xaedc, 0xaedc, 0xaedc, 0xaedc, 0xaedc, 
	0xaedc, 0xaedc, 0xaedc, 0xaedc, 0xaedc, 0xaedc, 0xaedc, 0xaedc, 0xaedc, 0xaedc, 0xaedc, 0xaedc, 0xaedc, 0xaedc, 0xaedc, 0xaedc, 
	0xaedc, 0xaedc, 0xaedc, 0xaedc, 0xaedc, 0xaedc, 0xaedc, 0xaedc, 0xaedc, 0xaedc, 0xaedc, 0xaedc, 0xaedc, 0xaedc, 0xaedc, 0xaedc, 
	0xaedc, 0xaedc, 0xaedc, 0xaedc, 0xaedc, 0xaedc, 0xaedc, 0xaedc, 0xaedc, 0xaedc, 0xaedc, 0xaedc, 0xaedc, 0xaedc, 0xaedc, 0xaedc, 
	0xaedc, 0xaedc, 0xaedc, 0xaedc, 0xaedc, 0xaedc, 0xaedc, 0xaedc, 0xaedc, 0xaedc, 0xaedc, 0xaedc, 0xaedc, 0xaedc, 0xaedc, 0xaedc, 
	0xaedc, 0xaedc, 0xaedc, 0xaedc, 0xaedc, 0xaedc, 0xaedc, 0xaedc, 0xaedc, 0xaedc, 0xaedc, 0xaedc, 0xaedc, 0xaedc, 0xaedc, 0xaedc, 
	0xaedc, 0xaedc, 0xaedc, 0xaedc, 0xaedc, 0xaedc, 0xaedc, 0xaedc, 0xaedc, 0xaedc, 0xaedc, 0xaedc, 0xaedc, 0xaedc, 0xaedc, 0xaedc, 
	0xaedc, 0xaedc, 0xaedc, 0xaedc, 0xaedc, 0xaedc, 0xaedc, 0xaedc, 0xaedc, 0xaedc, 0xaedc, 0xaedc, 0xaedc, 0xaedc, 0xaedc, 0xaedc, 
	0xaedc, 0xaedc, 0xaedc, 0xaedc, 0xaedc, 0xaedc, 0xaedc, 0xaedc, 0xaedc, 0xaedc, 0xaedc, 0xaedc, 0xaedc, 0xaedc, 0xaedc, 0xaedc, 
	0xaedc, 0xaedc, 0xaedc, 0xaedc, 0xaedc, 0xaedc, 0xaedc, 0xaedc, 0xaedc, 0xaedc, 0xaedc, 0xaedc, 0xaedc, 0xaedc, 0xaedc, 0xaedc, 
	0xaedc, 0xaedc, 0xaedc, 0xaedc, 0xaedc, 0xaedc, 0xaedc, 0xaedc, 0xaedc, 0xaedc, 0xaedc, 0xaedc, 0xaedc, 0xaedc, 0xaedc, 0xaedc, 
	0xaedc, 0xaedc, 0xaedc, 0xaedc, 0xaedc, 0xaedc, 0xaedc, 0xaedc, 0xaedc, 0xaedc, 0xaedc, 0xaedc, 0xaedc, 0xaedc, 0xaedc, 0xaedc, 
	0xaedc, 0xaedc, 0xaedc, 0xaedc, 0xaedc, 0xaedc, 0xaedc, 0xaedc, 0xaedc, 0xaedc, 0xaedc, 0xaedc, 0xaedc, 0xaedc, 0xaedc, 0xaedc, 
	0xaedc, 0xaedc, 0xaedc, 0xaedc, 0xaedc, 0xaedc, 0xaedc, 0xaedc, 0xaedc, 0xaedc, 0xaedc, 0xaedc, 0xaedc, 0xaedc, 0xaedc, 0xaedc, 
	0xaedc, 0xaedc, 0xaedc, 0xaedc, 0xaedc, 0xaedc, 0xaedc, 0xaedc, 0xaedc, 0xaedc, 0xaedc, 0xaedc, 0xaedc, 0xaedc, 0xaedc, 0xaedc, 
	0xaedc, 0xaedc, 0xaedc, 0xaedc, 0xaedc, 0xaedc, 0xaedc, 0xaedc, 0xaedc, 0xaedc, 0xaedc, 0xaedc, 0xaedc, 0xaedc, 0xaedc, 0xaedc, 
	0xaedc, 0xaedc, 0xaedc, 0xaedc, 0xaedc, 0xaedc, 0xaedc, 0xaedc, 0xaedc, 0xaedc, 0xaedc, 0xaedc, 0xaedc, 0xaedc, 0xaedc, 0xaedc, 
	0xaedc, 0xaedc, 0xaedc, 0xaedc, 0xaedc, 0xaedc, 0xaedc, 0xaedc, 0xaedc, 0xaedc, 0xaedc, 0xaedc, 0xaedc, 0xaedc, 0xaedc, 0xaedc, 
	0xaedc, 0xaedc, 0xaedc, 0xaedc, 0xaedc, 0xaedc, 0xaedc, 0xaedc, 0xaedc, 0xaedc, 0xaedc, 0xaedc, 0xaedc, 0xaedc, 0xaedc, 0xaedc, 
	0xaedc, 0xaedc, 0xaedc, 0xaedc, 0xaedc, 0xaedc, 0xaedc, 0xaedc, 0xaedc, 0xaedc, 0xaedc, 0xaedc, 0xaedc, 0xaedc, 0xaedc, 0xaedc, 
	0xaedc, 0xaedc, 0xaedc, 0xaedc, 0xaedc, 0xaedc, 0xaedc, 0xaedc, 0xaedc, 0xaedc, 0xaedc, 0xaedc, 0xaedc, 0xaedc, 0xaedc, 0xaedc, 
	0xaedc, 0xaedc, 0xaedc, 0xaedc, 0xaedc, 0xaedc, 0xaedc, 0xaedc, 0xaedc, 0xaedc, 0xaedc, 0xaedc, 0xaedc, 0xaedc, 0xaedc, 0xaedc, 
	0xaedc, 0xaedc, 0xaedc, 0xaedc, 0xaedc, 0xaedc, 0xaedc, 0xaedc, 0xaedc, 0xaedc, 0xaedc, 0xaedc, 0xaedc, 0xaedc, 0xaedc, 0xaedc, 
	0xaedc, 0xaedc, 0xaedc, 0xaedc, 0xaedc, 0xaedc, 0xaedc, 0xaedc, 0xaedc, 0xaedc, 0xaedc, 0xaedc, 0xaedc, 0xaedc, 0xaedc, 0xaedc, 
	0xaedc, 0xaedc, 0xaedc, 0xaedc, 0xaedc, 0xaedc, 0xaedc, 0xaedc, 0xaedc, 0xaedc, 0xaedc, 0xaedc, 0xaedc, 0xaedc, 0xaedc, 0xaedc, 
	0xaedc, 0xaedc, 0xaedc, 0xaedc, 0xaedc, 0xaedc, 0xaedc, 0xaedc, 0xaedc, 0xaedc, 0xaedc, 0xaedc, 0xaedc, 0xaedc, 0xaedc, 0xaedc, 
	0xaedc, 0xaedc, 0xaedc, 0xaedc, 0xaedc, 0xaedc, 0xaedc, 0xaedc, 0xaedc, 0xaedc, 0xaedc, 0xaedc, 0xaedc, 0xaedc, 0xaedc, 0xaedc, 
	0xaedc, 0xaedc, 0xaedc, 0xaedc, 0xaedc, 0xaedc, 0xaedc, 0xaedc, 0xaedc, 0xaedc, 0xaedc, 0xaedc, 0xaedc, 0xaedc, 0xaedc, 0xaedc, 
	0xaedc, 0xaedc, 0xaedc, 0xaedc, 0xaedc, 0xaedc, 0xaedc, 0xaedc, 0xaedc, 0xaedc, 0xaedc, 0xaedc, 0xaedc, 0xaedc, 0xaedc, 0xaedc, 
	0xaedc, 0xaedc, 0xaedc, 0xaedc, 0xaedc, 0xaedc, 0xaedc, 0xaedc, 0xaedc, 0xaedc, 0xaedc, 0xaedc, 0xaedc, 0xaedc, 0xaedc, 0xaedc, 
	0xaedc, 0xaedc, 0xaedc, 0xaedc, 0xaedc, 0xaedc, 0xaedc, 0xaedc, 0xaedc, 0xaedc, 0xaedc, 0xaedc, 0xaedc, 0xaedc, 0xaedc, 0xaedc, 
	0xaedc, 0xaedc, 0xaedc, 0xaedc, 0xaedc, 0xaedc, 0xaedc, 0xaedc, 0xaedc, 0xaedc, 0xaedc, 0xaedc, 0xaedc, 0xaedc, 0xaedc, 0xaedc, 
	0xaedc, 0xaedc, 0xaedc, 0xaedc, 0xaedc, 0xaedc, 0xaedc, 0xaedc, 0xaedc, 0xaedc, 0xaedc, 0xaedc, 0xaedc, 0xaedc, 0xaedc, 0xaedc, 
	0xaedc, 0xaedc, 0xaedc, 0xaedc, 0xaedc, 0xaedc, 0xaedc, 0xaedc, 0xaedc, 0xaedc, 0xaedc, 0xaedc, 0xaedc, 0xaedc, 0xaedc, 0xaedc, 
	0xaedc, 0xaedc, 0xaedc, 0xaedc, 0xaedc, 0xaedc, 0xaedc, 0xaedc, 0xaedc, 0xaedc, 0xaedc, 0xaedc, 0xaedc, 0xaedc, 0xaedc, 0xaedc, 
	0xaedc, 0xaedc, 0xaedc, 0xaedc, 0xaedc, 0xaedc, 0xaedc, 0xaedc, 0xaedc, 0xaedc, 0xaedc, 0xaedc, 0xaedc, 0xaedc, 0xaedc, 0xaedc, 
	0xaedc, 0xaedc, 0xaedc, 0xaedc, 0xaedc, 0xaedc, 0xaedc, 0xaedc, 0xaedc, 0xaedc, 0xaedc, 0xaedc, 0xaedc, 0xaedc, 0xaedc, 0xaedc, 
	0xaedc, 0xaedc, 0xaedc, 0xaedc, 0xaedc, 0xaedc, 0xaedc, 0xaedc, 0xaedc, 0xaedc, 0xaedc, 0xaedc, 0xaedc, 0xaedc, 0xaedc, 0xaedc, 
	0xaedc, 0xaedc, 0xaedc, 0xaedc, 0xaedc, 0xaedc, 0xaedc, 0xaedc, 0xaedc, 0xaedc, 0xaedc, 0xaedc, 0xaedc, 0xaedc, 0xaedc, 0xaedc, 
	0xaedc, 0xaedc, 0xaedc, 0xaedc, 0xaedc, 0xaedc, 0xaedc, 0xaedc, 0xaedc, 0xaedc, 0xaedc, 0xaedc, 0xaedc, 0xaedc, 0xaedc, 0xaedc, 
	0xaedc, 0xaedc, 0xaedc, 0xaedc, 0xaedc, 0xaedc, 0xaedc, 0xaedc, 0xaedc, 0xaedc, 0xaedc, 0xaedc, 0xaedc, 0xaedc, 0xaedc, 0xaedc, 
	0xaedc, 0xaedc, 0xaedc, 0xaedc, 0xaedc, 0xaedc, 0xaedc, 0xaedc, 0xaedc, 0xaedc, 0xaedc, 0xaedc, 0xaedc, 0xaedc, 0xaedc, 0xaedc, 
	0xaedc, 0xaedc, 0xaedc, 0xaedc, 0xaedc, 0xaedc, 0xaedc, 0xaedc, 0xaedc, 0xaedc, 0xaedc, 0xaedc, 0xaedc, 0xaedc, 0xaedc, 0xaedc, 
	0xaedc, 0xaedc, 0xaedc, 0xaedc, 0xaedc, 0xaedc, 0xaedc, 0xaedc, 0xaedc, 0xaedc, 0xaedc, 0xaedc, 0xaedc, 0xaedc, 0xaedc, 0xaedc, 
	0xaedc, 0xaedc, 0xaedc, 0xaedc, 0xaedc, 0xaedc, 0xaedc, 0xaedc, 0xaedc, 0xaedc, 0xaedc, 0xaedc, 0xaedc, 0xaedc, 0xaedc, 0xaedc, 
	0xaedc, 0xaedc, 0xaedc, 0xaedc, 0xaedc, 0xaedc, 0xaedc, 0xaedc, 0xaedc, 0xaedc, 0xaedc, 0xaedc, 0xaedc, 0xaedc, 0xaedc, 0xaedc, 
	0xaedc, 0xaedc, 0xaedc, 0xaedc, 0xaedc, 0xaedc, 0xaedc, 0xaedc, 0xaedc, 0xaedc, 0xaedc, 0xaedc, 0xaedc, 0xaedc, 0xaedc, 0xaedc, 
	0xaedc, 0xaedc, 0xaedc, 0xaedc, 0xaedc, 0xaedc, 0xaedc, 0xaedc, 0xaedc, 0xaedc, 0xaedc, 0xaedc, 0xaedc, 0xaedc, 0xaedc, 0xaedc, 
	0xaedc, 0xaedc, 0xaedc, 0xaedc, 0xaedc, 0xaedc, 0xaedc, 0xaedc, 0xaedc, 0xaedc, 0xaedc, 0xaedc, 0xaedc, 0xaedc, 0xaedc, 0xaedc, 
	0xaedc, 0xaedc, 0xaedc, 0xaedc, 0xaedc, 0xaedc, 0xaedc, 0xaedc, 0xaedc, 0xaedc, 0xaedc, 0xaedc, 0xaedc, 0xaedc, 0xaedc, 0xaedc, 
	0xaedc, 0xaedc, 0xaedc, 0xaedc, 0xaedc, 0xaedc, 0xaedc, 0xaedc, 0xaedc, 0xaedc, 0xaedc, 0xaedc, 0xaedc, 0xaedc, 0xaedc, 0xaedc, 
	0xaedc, 0xaedc, 0xaedc, 0xaedc, 0xaedc, 0xaedc, 0xaedc, 0xaedc, 0xaedc, 0xaedc, 0xaedc, 0xaedc, 0xaedc, 0xaedc, 0xaedc, 0xaedc, 
	0xaedc, 0xaedc, 0xaedc, 0xaedc, 0xaedc, 0xaedc, 0xaedc, 0xaedc, 0xaedc, 0xaedc, 0xaedc, 0xaedc, 0xaedc, 0xaedc, 0xaedc, 0xaedc, 
	0xaedc, 0xaedc, 0xaedc, 0xaedc, 0xaedc, 0xaedc, 0xaedc, 0xaedc, 0xaedc, 0xaedc, 0xaedc, 0xaedc, 0xaedc, 0xaedc, 0xaedc, 0xaedc, 
	0xaedc, 0xaedc, 0xaedc, 0xaedc, 0xaedc, 0xaedc, 0xaedc, 0xaedc, 0xaedc, 0xaedc, 0xaedc, 0xaedc, 0xaedc, 0xaedc, 0xaedc, 0xaedc, 
	0xaedc, 0xaedc, 0xaedc, 0xaedc, 0xaedc, 0xaedc, 0xaedc, 0xaedc, 0xaedc, 0xaedc, 0xaedc, 0xaedc, 0xaedc, 0xaedc, 0xaedc, 0xaedc, 
	0xaedc, 0xaedc, 0xaedc, 0xaedc, 0xaedc, 0xaedc, 0xaedc, 0xaedc, 0xaedc, 0xaedc, 0xaedc, 0xaedc, 0xaedc, 0xaedc, 0xaedc, 0xaedc, 
	0xaedc, 0xaedc, 0xaedc, 0xaedc, 0xaedc, 0xaedc, 0xaedc, 0xaedc, 0xaedc, 0xaedc, 0xaedc, 0xaedc, 0xaedc, 0xaedc, 0xaedc, 0xaedc, 
	0xaedc, 0xaedc, 0xaedc, 0xaedc, 0xaedc, 0xaedc, 0xaedc, 0xaedc, 0xaedc, 0xaedc, 0xaedc, 0xaedc, 0xaedc, 0xaedc, 0xaedc, 0xaedc, 
	0xaedc, 0xaedc, 0xaedc, 0xaedc, 0xaedc, 0xaedc, 0xaedc, 0xaedc, 0xaedc, 0xaedc, 0xaedc, 0xaedc, 0xaedc, 0xaedc, 0xaedc, 0xaedc, 
	0xaedc, 0xaedc, 0xaedc, 0xaedc, 0xaedc, 0xaedc, 0xaedc, 0xaedc, 0xaedc, 0xaedc, 0xaedc, 0xaedc, 0xaedc, 0xaedc, 0xaedc, 0xaedc, 
	0xaedc, 0xaedc, 0xaedc, 0xaedc, 0xaedc, 0xaedc, 0xaedc, 0xaedc, 0xaedc, 0xaedc, 0xaedc, 0xaedc, 0xaedc, 0xaedc, 0xaedc, 0xaedc, 
	0xaedc, 0xaedc, 0xaedc, 0xaedc, 0xaedc, 0xaedc, 0xaedc, 0xaedc, 0xaedc, 0xaedc, 0xaedc, 0xaedc, 0xaedc, 0xaedc, 0xaedc, 0xaedc, 
	0xaedc, 0xaedc, 0xaedc, 0xaedc, 0xaedc, 0xaedc, 0xaedc, 0xaedc, 0xaedc, 0xaedc, 0xaedc, 0xaedc, 0xaedc, 0xaedc, 0xaedc, 0xaedc, 
	0xaedc, 0xaedc, 0xaedc, 0xaedc, 0xaedc, 0xaedc, 0xaedc, 0xaedc, 0xaedc, 0xaedc, 0xaedc, 0xaedc, 0xaedc, 0xaedc, 0xaedc, 0xaedc, 
	0xaedc, 0xaedc, 0xaedc, 0xaedc, 0xaedc, 0xaedc, 0xaedc, 0xaedc, 0xaedc, 0xaedc, 0xaedc, 0xaedc, 0xaedc, 0xaedc, 0xaedc, 0xaedc, 
	0xaedc, 0xaedc, 0xaedc, 0xaedc, 0xaedc, 0xaedc, 0xaedc, 0xaedc, 0xaedc, 0xaedc, 0xaedc, 0xaedc, 0xaedc, 0xaedc, 0xaedc, 0xaedc, 
	0xaedc, 0xaedc, 0xaedc, 0xaedc, 0xaedc, 0xaedc, 0xaedc, 0xaedc, 0xaedc, 0xaedc, 0xaedc, 0xaedc, 0xaedc, 0xaedc, 0xaedc, 0xaedc, 
	0xaedc, 0xaedc, 0xaedc, 0xaedc, 0xaedc, 0xaedc, 0xaedc, 0xaedc, 0xaedc, 0xaedc, 0xaedc, 0xaedc, 0xaedc, 0xaedc, 0xaedc, 0xaedc, 
	0xaedc, 0xaedc, 0xaedc, 0xaedc, 0xaedc, 0xaedc, 0xaedc, 0xaedc, 0xaedc, 0xaedc, 0xaedc, 0xaedc, 0xaedc, 0xaedc, 0xaedc, 0xaedc, 
	0xaedc, 0xaedc, 0xaedc, 0xaedc, 0xaedc, 0xaedc, 0xaedc, 0xaedc, 0xaedc, 0xaedc, 0xaedc, 0xaedc, 0xaedc, 0xaedc, 0xaedc, 0xaedc, 
	0xaedc, 0xaedc, 0xaedc, 0xaedc, 0xaedc, 0xaedc, 0xaedc, 0xaedc, 0xaedc, 0xaedc, 0xaedc, 0xaedc, 0xaedc, 0xaedc, 0xaedc, 0xaedc, 
	0xaedc, 0xaedc, 0xaedc, 0xaedc, 0xaedc, 0xaedc, 0xaedc, 0xaedc, 0xaedc, 0xaedc, 0xaedc, 0xaedc, 0xaedc, 0xaedc, 0xaedc, 0xaedc, 
	0xaedc, 0xaedc, 0xaedc, 0xaedc, 0xaedc, 0xaedc, 0xaedc, 0xaedc, 0xaedc, 0xaedc, 0xaedc, 0xaedc, 0xaedc, 0xaedc, 0xaedc, 0xaedc, 
	0xaedc, 0xaedc, 0xaedc, 0xaedc, 0xaedc, 0xaedc, 0xaedc, 0xaedc, 0xaedc, 0xaedc, 0xaedc, 0xaedc, 0xaedc, 0xaedc, 0xaedc, 0xaedc, 
	0xaedc, 0xaedc, 0xaedc, 0xaedc, 0xaedc, 0xaedc, 0xaedc, 0xaedc, 0xaedc, 0xaedc, 0xaedc, 0xaedc, 0xaedc, 0xaedc, 0xaedc, 0xaedc, 
	0xaedc, 0xaedc, 0xaedc, 0xaedc, 0xaedc, 0xaedc, 0xaedc, 0xaedc, 0xaedc, 0xaedc, 0xaedc, 0xaedc, 0xaedc, 0xaedc, 0xaedc, 0xaedc, 
	0xaedc, 0xaedc, 0xaedc, 0xaedc, 0xaedc, 0xaedc, 0xaedc, 0xaedc, 0xaedc, 0xaedc, 0xaedc, 0xaedc, 0xaedc, 0xaedc, 0xaedc, 0xaedc, 
	0xaedc, 0xaedc, 0xaedc, 0xaedc, 0xaedc, 0xaedc, 0xaedc, 0xaedc, 0xaedc, 0xaedc, 0xaedc, 0xaedc, 0xaedc, 0xaedc, 0xaedc, 0xaedc, 
	0xaedc, 0xaedc, 0xaedc, 0xaedc, 0xaedc, 0xaedc, 0xaedc, 0xaedc, 0xaedc, 0xaedc, 0xaedc, 0xaedc, 0xaedc, 0xaedc, 0xaedc, 0xaedc, 
	0xaedc, 0xaedc, 0xaedc, 0xaedc, 0xaedc, 0xaedc, 0xaedc, 0xaedc, 0xaedc, 0xaedc, 0xaedc, 0xaedc, 0xaedc, 0xaedc, 0xaedc, 0xaedc, 
	0xaedc, 0xaedc, 0xaedc, 0xaedc, 0xaedc, 0xaedc, 0xaedc, 0xaedc, 0xaedc, 0xaedc, 0xaedc, 0xaedc, 0xaedc, 0xaedc, 0xaedc, 0xaedc, 
	0xaedc, 0xaedc, 0xaedc, 0xaedc, 0xaedc, 0xaedc, 0xaedc, 0xaedc, 0xaedc, 0xaedc, 0xaedc, 0xaedc, 0xaedc, 0xaedc, 0xaedc, 0xaedc, 
	0xaedc, 0xaedc, 0xaedc, 0xaedc, 0xaedc, 0xaedc, 0xaedc, 0xaedc, 0xaedc, 0xaedc, 0xaedc, 0xaedc, 0xaedc, 0xaedc, 0xaedc, 0xaedc, 
	0xaedc, 0xaedc, 0xaedc, 0xaedc, 0xaedc, 0xaedc, 0xaedc, 0xaedc, 0xaedc, 0xaedc, 0xaedc, 0xaedc, 0xaedc, 0xaedc, 0xaedc, 0xaedc, 
	0xaedc, 0xaedc, 0xaedc, 0xaedc, 0xaedc, 0xaedc, 0xaedc, 0xaedc, 0xaedc, 0xaedc, 0xaedc, 0xaedc, 0xaedc, 0xaedc, 0xaedc, 0xaedc, 
	0xaedc, 0xaedc, 0xaedc, 0xaedc, 0xaedc, 0xaedc, 0xaedc, 0xaedc, 0xaedc, 0xaedc, 0xaedc, 0xaedc, 0xaedc, 0xaedc, 0xaedc, 0xaedc, 
	0xaedc, 0xaedc, 0xaedc, 0xaedc, 0xaedc, 0xaedc, 0xaedc, 0xaedc, 0xaedc, 0xaedc, 0xaedc, 0xaedc, 0xaedc, 0xaedc, 0xaedc, 0xaedc, 
	0xaedc, 0xaedc, 0xaedc, 0xaedc, 0xaedc, 0xaedc, 0xaedc, 0xaedc, 0xaedc, 0xaedc, 0xaedc, 0xaedc, 0xaedc, 0xaedc, 0xaedc, 0xaedc, 
	0xaedc, 0xaedc, 0xaedc, 0xaedc, 0xaedc, 0xaedc, 0xaedc, 0xaedc, 0xaedc, 0xaedc, 0xaedc, 0xaedc, 0xaedc, 0xaedc, 0xaedc, 0xaedc, 
	0xaedc, 0xaedc, 0xaedc, 0xaedc, 0xaedc, 0xaedc, 0xaedc, 0xaedc, 0xaedc, 0xaedc, 0xaedc, 0xaedc, 0xaedc, 0xaedc, 0xaedc, 0xaedc, 
	0xaedc, 0xaedc, 0xaedc, 0xaedc, 0xaedc, 0xaedc, 0xaedc, 0xaedc, 0xaedc, 0xaedc, 0xaedc, 0xaedc, 0xaedc, 0xaedc, 0xaedc, 0xaedc, 
	0xaedc, 0xaedc, 0xaedc, 0xaedc, 0xaedc, 0xaedc, 0xaedc, 0xaedc, 0xaedc, 0xaedc, 0xaedc, 0xaedc, 0xaedc, 0xaedc, 0xaedc, 0xaedc, 
	0xaedc, 0xaedc, 0xaedc, 0xaedc, 0xaedc, 0xaedc, 0xaedc, 0xaedc, 0xaedc, 0xaedc, 0xaedc, 0xaedc, 0xaedc, 0xaedc, 0xaedc, 0xaedc, 
	0xaedc, 0xaedc, 0xaedc, 0xaedc, 0xaedc, 0xaedc, 0xaedc, 0xaedc, 0xaedc, 0xaedc, 0xaedc, 0xaedc, 0xaedc, 0xaedc, 0xaedc, 0xaedc, 
	0xaedc, 0xaedc, 0xaedc, 0xaedc, 0xaedc, 0xaedc, 0xaedc, 0xaedc, 0xaedc, 0xaedc, 0xaedc, 0xaedc, 0xaedc, 0xaedc, 0xaedc, 0xaedc, 
	0xaedc, 0xaedc, 0xaedc, 0xaedc, 0xaedc, 0xaedc, 0xaedc, 0xaedc, 0xaedc, 0xaedc, 0xaedc, 0xaedc, 0xaedc, 0xaedc, 0xaedc, 0xaedc, 
	0xaedc, 0xaedc, 0xaedc, 0xaedc, 0xaedc, 0xaedc, 0xaedc, 0xaedc, 0xaedc, 0xaedc, 0xaedc, 0xaedc, 0xaedc, 0xaedc, 0xaedc, 0xaedc, 
	0xaedc, 0xaedc, 0xaedc, 0xaedc, 0xaedc, 0xaedc, 0xaedc, 0xaedc, 0xaedc, 0xaedc, 0xaedc, 0xaedc, 0xaedc, 0xaedc, 0xaedc, 0xaedc, 
	0xaedc, 0xaedc, 0xaedc, 0xaedc, 0xaedc, 0xaedc, 0xaedc, 0xaedc, 0xaedc, 0xaedc, 0xaedc, 0xaedc, 0xaedc, 0xaedc, 0xaedc, 0xaedc, 
	0xaedc, 0xaedc, 0xaedc, 0xaedc, 0xaedc, 0xaedc, 0xaedc, 0xaedc, 0xaedc, 0xaedc, 0xaedc, 0xaedc, 0xaedc, 0xaedc, 0xaedc, 0xaedc, 
	0xaedc, 0xaedc, 0xaedc, 0xaedc, 0xaedc, 0xaedc, 0xaedc, 0xaedc, 0xaedc, 0xaedc, 0xaedc, 0xaedc, 0xaedc, 0xaedc, 0xaedc, 0xaedc, 
	0xaedc, 0xaedc, 0xaedc, 0xaedc, 0xaedc, 0xaedc, 0xaedc, 0xaedc, 0xaedc, 0xaedc, 0xaedc, 0xaedc, 0xaedc, 0xaedc, 0xaedc, 0xaedc, 
	0xaedc, 0xaedc, 0xaedc, 0xaedc, 0xaedc, 0xaedc, 0xaedc, 0xaedc, 0xaedc, 0xaedc, 0xaedc, 0xaedc, 0xaedc, 0xaedc, 0xaedc, 0xaedc, 
	0xaedc, 0xaedc, 0xaedc, 0xaedc, 0xaedc, 0xaedc, 0xaedc, 0xaedc, 0xaedc, 0xaedc, 0xaedc, 0xaedc, 0xaedc, 0xaedc, 0xaedc, 0xaedc, 
	0xaedc, 0xaedc, 0xaedc, 0xaedc, 0xaedc, 0xaedc, 0xaedc, 0xaedc, 0xaedc, 0xaedc, 0xaedc, 0xaedc, 0xaedc, 0xaedc, 0xaedc, 0xaedc, 
	0xaedc, 0xaedc, 0xaedc, 0xaedc, 0xaedc, 0xaedc, 0xaedc, 0xaedc, 0xaedc, 0xaedc, 0xaedc, 0xaedc, 0xaedc, 0xaedc, 0xaedc, 0xaedc, 
	0xaedc, 0xaedc, 0xaedc, 0xaedc, 0xaedc, 0xaedc, 0xaedc, 0xaedc, 0xaedc, 0xaedc, 0xaedc, 0xaedc, 0xaedc, 0xaedc, 0xaedc, 0xaedc, 
	0xaedc, 0xaedc, 0xaedc, 0xaedc, 0xaedc, 0xaedc, 0xaedc, 0xaedc, 0xaedc, 0xaedc, 0xaedc, 0xaedc, 0xaedc, 0xaedc, 0xaedc, 0xaedc, 
	0xaedc, 0xaedc, 0xaedc, 0xaedc, 0xaedc, 0xaedc, 0xaedc, 0xaedc, 0xaedc, 0xaedc, 0xaedc, 0xaedc, 0xaedc, 0xaedc, 0xaedc, 0xaedc, 
	0xaedc, 0xaedc, 0xaedc, 0xaedc, 0xaedc, 0xaedc, 0xaedc, 0xaedc, 0xaedc, 0xaedc, 0xaedc, 0xaedc, 0xaedc, 0xaedc, 0xaedc, 0xaedc, 
	0xaedc, 0xaedc, 0xaedc, 0xaedc, 0xaedc, 0xaedc, 0xaedc, 0xaedc, 0xaedc, 0xaedc, 0xaedc, 0xaedc, 0xaedc, 0xaedc, 0xaedc, 0xaedc, 
	0xaedc, 0xaedc, 0xaedc, 0xaedc, 0xaedc, 0xaedc, 0xaedc, 0xaedc, 0xaedc, 0xaedc, 0xaedc, 0xaedc, 0xaedc, 0xaedc, 0xaedc, 0xaedc, 
	0xaedc, 0xaedc, 0xaedc, 0xaedc, 0xaedc, 0xaedc, 0xaedc, 0xaedc, 0xaedc, 0xaedc, 0xaedc, 0xaedc, 0xaedc, 0xaedc, 0xaedc, 0xaedc, 
	0xaedc, 0xaedc, 0xaedc, 0xaedc, 0xaedc, 0xaedc, 0xaedc, 0xaedc, 0xaedc, 0xaedc, 0xaedc, 0xaedc, 0xaedc, 0xaedc, 0xaedc, 0xaedc, 
	0xaedc, 0xaedc, 0xaedc, 0xaedc, 0xaedc, 0xaedc, 0xaedc, 0xaedc, 0xaedc, 0xaedc, 0xaedc, 0xaedc, 0xaedc, 0xaedc, 0xaedc, 0xaedc, 
	0xaedc, 0xaedc, 0xaedc, 0xaedc, 0xaedc, 0xaedc, 0xaedc, 0xaedc, 0xaedc, 0xaedc, 0xaedc, 0xaedc, 0xaedc, 0xaedc, 0xaedc, 0xaedc, 
	0xaedc, 0xaedc, 0xaedc, 0xaedc, 0xaedc, 0xaedc, 0xaedc, 0xaedc, 0xaedc, 0xaedc, 0xaedc, 0xaedc, 0xaedc, 0xaedc, 0xaedc, 0xaedc, 
	0xaedc, 0xaedc, 0xaedc, 0xaedc, 0xaedc, 0xaedc, 0xaedc, 0xaedc, 0xaedc, 0xaedc, 0xaedc, 0xaedc, 0xaedc, 0xaedc, 0xaedc, 0xaedc, 
	0xaedc, 0xaedc, 0xaedc, 0xaedc, 0xaedc, 0xaedc, 0xaedc, 0xaedc, 0xaedc, 0xaedc, 0xaedc, 0xaedc, 0xaedc, 0xaedc, 0xaedc, 0xaedc, 
	0xaedc, 0xaedc, 0xaedc, 0xaedc, 0xaedc, 0xaedc, 0xaedc, 0xaedc, 0xaedc, 0xaedc, 0xaedc, 0xaedc, 0xaedc, 0xaedc, 0xaedc, 0xaedc, 
	0xaedc, 0xaedc, 0xaedc, 0xaedc, 0xaedc, 0xaedc, 0xaedc, 0xaedc, 0xaedc, 0xaedc, 0xaedc, 0xaedc, 0xaedc, 0xaedc, 0xaedc, 0xaedc, 
	0xaedc, 0xaedc, 0xaedc, 0xaedc, 0xaedc, 0xaedc, 0xaedc, 0xaedc, 0xaedc, 0xaedc, 0xaedc, 0xaedc, 0xaedc, 0xaedc, 0xaedc, 0xaedc, 
	0xaedc, 0xaedc, 0xaedc, 0xaedc, 0xaedc, 0xaedc, 0xaedc, 0xaedc, 0xaedc, 0xaedc, 0xaedc, 0xaedc, 0xaedc, 0xaedc, 0xaedc, 0xaedc, 
	0xaedc, 0xaedc, 0xaedc, 0xaedc, 0xaedc, 0xaedc, 0xaedc, 0xaedc, 0xaedc, 0xaedc, 0xaedc, 0xaedc, 0xaedc, 0xaedc, 0xaedc, 0xaedc, 
	0xaedc, 0xaedc, 0xaedc, 0xaedc, 0xaedc, 0xaedc, 0xaedc, 0xaedc, 0xaedc, 0xaedc, 0xaedc, 0xaedc, 0xaedc, 0xaedc, 0xaedc, 0xaedc, 
	0xaedc, 0xaedc, 0xaedc, 0xaedc, 0xaedc, 0xaedc, 0xaedc, 0xaedc, 0xaedc, 0xaedc, 0xaedc, 0xaedc, 0xaedc, 0xaedc, 0xaedc, 0xaedc, 
	0xaedc, 0xaedc, 0xaedc, 0xaedc, 0xaedc, 0xaedc, 0xaedc, 0xaedc, 0xaedc, 0xaedc, 0xaedc, 0xaedc, 0xaedc, 0xaedc, 0xaedc, 0xaedc, 
	0xaedc, 0xaedc, 0xaedc, 0xaedc, 0xaedc, 0xaedc, 0xaedc, 0xaedc, 0xaedc, 0xaedc, 0xaedc, 0xaedc, 0xaedc, 0xaedc, 0xaedc, 0xaedc, 
	0xaedc, 0xaedc, 0xaedc, 0xaedc, 0xaedc, 0xaedc, 0xaedc, 0xaedc, 0xaedc, 0xaedc, 0xaedc, 0xaedc, 0xaedc, 0xaedc, 0xaedc, 0xaedc, 
	0xaedc, 0xaedc, 0xaedc, 0xaedc, 0xaedc, 0xaedc, 0xaedc, 0xaedc, 0xaedc, 0xaedc, 0xaedc, 0xaedc, 0xaedc, 0xaedc, 0xaedc, 0xaedc, 
	0xaedc, 0xaedc, 0xaedc, 0xaedc, 0xaedc, 0xaedc, 0xaedc, 0xaedc, 0xaedc, 0xaedc, 0xaedc, 0xaedc, 0xaedc, 0xaedc, 0xaedc, 0xaedc, 
	0xaedc, 0xaedc, 0xaedc, 0xaedc, 0xaedc, 0xaedc, 0xaedc, 0xaedc, 0xaedc, 0xaedc, 0xaedc, 0xaedc, 0xaedc, 0xaedc, 0xaedc, 0xaedc, 
	0xaedc, 0xaedc, 0xaedc, 0xaedc, 0xaedc, 0xaedc, 0xaedc, 0xaedc, 0xaedc, 0xaedc, 0xaedc, 0xaedc, 0xaedc, 0xaedc, 0xaedc, 0xaedc, 
	0xaedc, 0xaedc, 0xaedc, 0xaedc, 0xaedc, 0xaedc, 0xaedc, 0xaedc, 0xaedc, 0xaedc, 0xaedc, 0xaedc, 0xaedc, 0xaedc, 0xaedc, 0xaedc, 
	0xaedc, 0xaedc, 0xaedc, 0xaedc, 0xaedc, 0xaedc, 0xaedc, 0xaedc, 0xaedc, 0xaedc, 0xaedc, 0xaedc, 0xaedc, 0xaedc, 0xaedc, 0xaedc, 
	0xaedc, 0xaedc, 0xaedc, 0xaedc, 0xaedc, 0xaedc, 0xaedc, 0xaedc, 0xaedc, 0xaedc, 0xaedc, 0xaedc, 0xaedc, 0xaedc, 0xaedc, 0xaedc, 
	0xaedc, 0xaedc, 0xaedc, 0xaedc, 0xaedc, 0xaedc, 0xaedc, 0xaedc, 0xaedc, 0xaedc, 0xaedc, 0xaedc, 0xaedc, 0xaedc, 0xaedc, 0xaedc, 
	0xaedc, 0xaedc, 0xaedc, 0xaedc, 0xaedc, 0xaedc, 0xaedc, 0xaedc, 0xaedc, 0xaedc, 0xaedc, 0xaedc, 0xaedc, 0xaedc, 0xaedc, 0xaedc, 
	0xaedc, 0xaedc, 0xaedc, 0xaedc, 0xaedc, 0xaedc, 0xaedc, 0xaedc, 0xaedc, 0xaedc, 0xaedc, 0xaedc, 0xaedc, 0xaedc, 0xaedc, 0xaedc, 
	0xaedc, 0xaedc, 0xaedc, 0xaedc, 0xaedc, 0xaedc, 0xaedc, 0xaedc, 0xaedc, 0xaedc, 0xaedc, 0xaedc, 0xaedc, 0xaedc, 0xaedc, 0xaedc, 
	0xaedc, 0xaedc, 0xaedc, 0xaedc, 0xaedc, 0xaedc, 0xaedc, 0xaedc, 0xaedc, 0xaedc, 0xaedc, 0xaedc, 0xaedc, 0xaedc, 0xaedc, 0xaedc, 
	0xaedc, 0xaedc, 0xaedc, 0xaedc, 0xaedc, 0xaedc, 0xaedc, 0xaedc, 0xaedc, 0xaedc, 0xaedc, 0xaedc, 0xaedc, 0xaedc, 0xaedc, 0xaedc, 
	0xaedc, 0xaedc, 0xaedc, 0xaedc, 0xaedc, 0xaedc, 0xaedc, 0xaedc, 0xaedc, 0xaedc, 0xaedc, 0xaedc, 0xaedc, 0xaedc, 0xaedc, 0xaedc, 
	0xaedc, 0xaedc, 0xaedc, 0xaedc, 0xaedc, 0xaedc, 0xaedc, 0xaedc, 0xaedc, 0xaedc, 0xaedc, 0xaedc, 0xaedc, 0xaedc, 0xaedc, 0xaedc, 
	0xaedc, 0xaedc, 0xaedc, 0xaedc, 0xaedc, 0xaedc, 0xaedc, 0xaedc, 0xaedc, 0xaedc, 0xaedc, 0xaedc, 0xaedc, 0xaedc, 0xaedc, 0xaedc, 
	0xaedc, 0xaedc, 0xaedc, 0xaedc, 0xaedc, 0xaedc, 0xaedc, 0xaedc, 0xaedc, 0xaedc, 0xaedc, 0xaedc, 0xaedc, 0xaedc, 0xaedc, 0xaedc, 
	0xaedc, 0xaedc, 0xaedc, 0xaedc, 0xaedc, 0xaedc, 0xaedc, 0xaedc, 0xaedc, 0xaedc, 0xaedc, 0xaedc, 0xaedc, 0xaedc, 0xaedc, 0xaedc, 
	0xaedc, 0xaedc, 0xaedc, 0xaedc, 0xaedc, 0xaedc, 0xaedc, 0xaedc, 0xaedc, 0xaedc, 0xaedc, 0xaedc, 0xaedc, 0xaedc, 0xaedc, 0xaedc, 
	0xaedc, 0xaedc, 0xaedc, 0xaedc, 0xaedc, 0xaedc, 0xaedc, 0xaedc, 0xaedc, 0xaedc, 0xaedc, 0xaedc, 0xaedc, 0xaedc, 0xaedc, 0xaedc, 
	0xaedc, 0xaedc, 0xaedc, 0xaedc, 0xaedc, 0xaedc, 0xaedc, 0xaedc, 0xaedc, 0xaedc, 0xaedc, 0xaedc, 0xaedc, 0xaedc, 0xaedc, 0xaedc, 
	0xaedc, 0xaedc, 0xaedc, 0xaedc, 0xaedc, 0xaedc, 0xaedc, 0xaedc, 0xaedc, 0xaedc, 0xaedc, 0xaedc, 0xaedc, 0xaedc, 0xaedc, 0xaedc, 
	0xaedc, 0xaedc, 0xaedc, 0xaedc, 0xaedc, 0xaedc, 0xaedc, 0xaedc, 0xaedc, 0xaedc, 0xaedc, 0xaedc, 0xaedc, 0xaedc, 0xaedc, 0xaedc, 
	0xaedc, 0xaedc, 0xaedc, 0xaedc, 0xaedc, 0xaedc, 0xaedc, 0xaedc, 0xaedc, 0xaedc, 0xaedc, 0xaedc, 0xaedc, 0xaedc, 0xaedc, 0xaedc, 
	0xaedc, 0xaedc, 0xaedc, 0xaedc, 0xaedc, 0xaedc, 0xaedc, 0xaedc, 0xaedc, 0xaedc, 0xaedc, 0xaedc, 0xaedc, 0xaedc, 0xaedc, 0xaedc, 
	0xaedc, 0xaedc, 0xaedc, 0xaedc, 0xaedc, 0xaedc, 0xaedc, 0xaedc, 0xaedc, 0xaedc, 0xaedc, 0xaedc, 0xaedc, 0xaedc, 0xaedc, 0xaedc, 
	0xaedc, 0xaedc, 0xaedc, 0xaedc, 0xaedc, 0xaedc, 0xaedc, 0xaedc, 0xaedc, 0xaedc, 0xaedc, 0xaedc, 0xaedc, 0xaedc, 0xaedc, 0xaedc, 
	0xaedc, 0xaedc, 0xaedc, 0xaedc, 0xaedc, 0xaedc, 0xaedc, 0xaedc, 0xaedc, 0xaedc, 0xaedc, 0xaedc, 0xaedc, 0xaedc, 0xaedc, 0xaedc, 
	0xaedc, 0xaedc, 0xaedc, 0xaedc, 0xaedc, 0xaedc, 0xaedc, 0xaedc, 0xaedc, 0xaedc, 0xaedc, 0xaedc, 0xaedc, 0xaedc, 0xaedc, 0xaedc, 
	0xaedc, 0xaedc, 0xaedc, 0xaedc, 0xaedc, 0xaedc, 0xaedc, 0xaedc, 0xaedc, 0xaedc, 0xaedc, 0xaedc, 0xaedc, 0xaedc, 0xaedc, 0xaedc, 
	0xaedc, 0xaedc, 0xaedc, 0xaedc, 0xaedc, 0xaedc, 0xaedc, 0xaedc, 0xaedc, 0xaedc, 0xaedc, 0xaedc, 0xaedc, 0xaedc, 0xaedc, 0xaedc, 
	0xaedc, 0xaedc, 0xaedc, 0xaedc, 0xaedc, 0xaedc, 0xaedc, 0xaedc, 0xaedc, 0xaedc, 0xaedc, 0xaedc, 0xaedc, 0xaedc, 0xaedc, 0xaedc, 
	0xaedc, 0xaedc, 0xaedc, 0xaedc, 0xaedc, 0xaedc, 0xaedc, 0xaedc, 0xaedc, 0xaedc, 0xaedc, 0xaedc, 0xaedc, 0xaedc, 0xaedc, 0xaedc, 
	0xaedc, 0xaedc, 0xaedc, 0xaedc, 0xaedc, 0xaedc, 0xaedc, 0xaedc, 0xaedc, 0xaedc, 0xaedc, 0xaedc, 0xaedc, 0xaedc, 0xaedc, 0xaedc, 
	0xaedc, 0xaedc, 0xaedc, 0xaedc, 0xaedc, 0xaedc, 0xaedc, 0xaedc, 0xaedc, 0xaedc, 0xaedc, 0xaedc, 0xaedc, 0xaedc, 0xaedc, 0xaedc, 
	0xaedc, 0xaedc, 0xaedc, 0xaedc, 0xaedc, 0xaedc, 0xaedc, 0xaedc, 0xaedc, 0xaedc, 0xaedc, 0xaedc, 0xaedc, 0xaedc, 0xaedc, 0xaedc, 
	0xaedc, 0xaedc, 0xaedc, 0xaedc, 0xaedc, 0xaedc, 0xaedc, 0xaedc, 0xaedc, 0xaedc, 0xaedc, 0xaedc, 0xaedc, 0xaedc, 0xaedc, 0xaedc, 
	0xaedc, 0xaedc, 0xaedc, 0xaedc, 0xaedc, 0xaedc, 0xaedc, 0xaedc, 0xaedc, 0xaedc, 0xaedc, 0xaedc, 0xaedc, 0xaedc, 0xaedc, 0xaedc, 
	0xaedc, 0xaedc, 0xaedc, 0xaedc, 0xaedc, 0xaedc, 0xaedc, 0xaedc, 0xaedc, 0xaedc, 0xaedc, 0xaedc, 0xaedc, 0xaedc, 0xaedc, 0xaedc, 
	0xaedc, 0xaedc, 0xaedc, 0xaedc, 0xaedc, 0xaedc, 0xaedc, 0xaedc, 0xaedc, 0xaedc, 0xaedc, 0xaedc, 0xaedc, 0xaedc, 0xaedc, 0xaedc, 
	0xaedc, 0xaedc, 0xaedc, 0xaedc, 0xaedc, 0xaedc, 0xaedc, 0xaedc, 0xaedc, 0xaedc, 0xaedc, 0xaedc, 0xaedc, 0xaedc, 0xaedc, 0xaedc, 
	0xaedc, 0xaedc, 0xaedc, 0xaedc, 0xaedc, 0xaedc, 0xaedc, 0xaedc, 0xaedc, 0xaedc, 0xaedc, 0xaedc, 0xaedc, 0xaedc, 0xaedc, 0xaedc, 
	0xaedc, 0xaedc, 0xaedc, 0xaedc, 0xaedc, 0xaedc, 0xaedc, 0xaedc, 0xaedc, 0xaedc, 0xaedc, 0xaedc, 0xaedc, 0xaedc, 0xaedc, 0xaedc, 
	0xaedc, 0xaedc, 0xaedc, 0xaedc, 0xaedc, 0xaedc, 0xaedc, 0xaedc, 0xaedc, 0xaedc, 0xaedc, 0xaedc, 0xaedc, 0xaedc, 0xaedc, 0xaedc, 
	0xaedc, 0xaedc, 0xaedc, 0xaedc, 0xaedc, 0xaedc, 0xaedc, 0xaedc, 0xaedc, 0xaedc, 0xaedc, 0xaedc, 0xaedc, 0xaedc, 0xaedc, 0xaedc, 
	0xaedc, 0xaedc, 0xaedc, 0xaedc, 0xaedc, 0xaedc, 0xaedc, 0xaedc, 0xaedc, 0xaedc, 0xaedc, 0xaedc, 0xaedc, 0xaedc, 0xaedc, 0xaedc, 
	0xaedc, 0xaedc, 0xaedc, 0xaedc, 0xaedc, 0xaedc, 0xaedc, 0xaedc, 0xaedc, 0xaedc, 0xaedc, 0xaedc, 0xaedc, 0xaedc, 0xaedc, 0xaedc, 
	0xaedc, 0xaedc, 0xaedc, 0xaedc, 0xaedc, 0xaedc, 0xaedc, 0xaedc, 0xaedc, 0xaedc, 0xaedc, 0xaedc, 0xaedc, 0xaedc, 0xaedc, 0xaedc, 
	0xaedc, 0xaedc, 0xaedc, 0xaedc, 0xaedc, 0xaedc, 0xaedc, 0xaedc, 0xaedc, 0xaedc, 0xaedc, 0xaedc, 0xaedc, 0xaedc, 0xaedc, 0xaedc, 
	0xaedc, 0xaedc, 0xaedc, 0xaedc, 0xaedc, 0xaedc, 0xaedc, 0xaedc, 0xaedc, 0xaedc, 0xaedc, 0xaedc, 0xaedc, 0xaedc, 0xaedc, 0xaedc, 
	0xaedc, 0xaedc, 0xaedc, 0xaedc, 0xaedc, 0xaedc, 0xaedc, 0xaedc, 0xaedc, 0xaedc, 0xaedc, 0xaedc, 0xaedc, 0xaedc, 0xaedc, 0xaedc, 
	0xaedc, 0xaedc, 0xaedc, 0xaedc, 0xaedc, 0xaedc, 0xaedc, 0xaedc, 0xaedc, 0xaedc, 0xaedc, 0xaedc, 0xaedc, 0xaedc, 0xaedc, 0xaedc, 
	0xaedc, 0xaedc, 0xaedc, 0xaedc, 0xaedc, 0xaedc, 0xaedc, 0xaedc, 0xaedc, 0xaedc, 0xaedc, 0xaedc, 0xaedc, 0xaedc, 0xaedc, 0xaedc, 
	0xaedc, 0xaedc, 0xaedc, 0xaedc, 0xaedc, 0xaedc, 0xaedc, 0xaedc, 0xaedc, 0xaedc, 0xaedc, 0xaedc, 0xaedc, 0xaedc, 0xaedc, 0xaedc, 
	0xaedc, 0xaedc, 0xaedc, 0xaedc, 0xaedc, 0xaedc, 0xaedc, 0xaedc, 0xaedc, 0xaedc, 0xaedc, 0xaedc, 0xaedc, 0xaedc, 0xaedc, 0xaedc, 
	0xaedc, 0xaedc, 0xaedc, 0xaedc, 0xaedc, 0xaedc, 0xaedc, 0xaedc, 0xaedc, 0xaedc, 0xaedc, 0xaedc, 0xaedc, 0xaedc, 0xaedc, 0xaedc, 
	0xaedc, 0xaedc, 0xaedc, 0xaedc, 0xaedc, 0xaedc, 0xaedc, 0xaedc, 0xaedc, 0xaedc, 0xaedc, 0xaedc, 0xaedc, 0xaedc, 0xaedc, 0xaedc, 
	0xaedc, 0xaedc, 0xaedc, 0xaedc, 0xaedc, 0xaedc, 0xaedc, 0xaedc, 0xaedc, 0xaedc, 0xaedc, 0xaedc, 0xaedc, 0xaedc, 0xaedc, 0xaedc, 
	0xaedc, 0xaedc, 0xaedc, 0xaedc, 0xaedc, 0xaedc, 0xaedc, 0xaedc, 0xaedc, 0xaedc, 0xaedc, 0xaedc, 0xaedc, 0xaedc, 0xaedc, 0xaedc, 
	0xaedc, 0xaedc, 0xaedc, 0xaedc, 0xaedc, 0xaedc, 0xaedc, 0xaedc, 0xaedc, 0xaedc, 0xaedc, 0xaedc, 0xaedc, 0xaedc, 0xaedc, 0xaedc, 
	0xaedc, 0xaedc, 0xaedc, 0xaedc, 0xaedc, 0xaedc, 0xaedc, 0xaedc, 0xaedc, 0xaedc, 0xaedc, 0xaedc, 0xaedc, 0xaedc, 0xaedc, 0xaedc, 
	0xaedc, 0xaedc, 0xaedc, 0xaedc, 0xaedc, 0xaedc, 0xaedc, 0xaedc, 0xaedc, 0xaedc, 0xaedc, 0xaedc, 0xaedc, 0xaedc, 0xaedc, 0xaedc, 
	0xaedc, 0xaedc, 0xaedc, 0xaedc, 0xaedc, 0xaedc, 0xaedc, 0xaedc, 0xaedc, 0xaedc, 0xaedc, 0xaedc, 0xaedc, 0xaedc, 0xaedc, 0xaedc, 
	0xaedc, 0xaedc, 0xaedc, 0xaedc, 0xaedc, 0xaedc, 0xaedc, 0xaedc, 0xaedc, 0xaedc, 0xaedc, 0xaedc, 0xaedc, 0xaedc, 0xaedc, 0xaedc, 
	0xaedc, 0xaedc, 0xaedc, 0xaedc, 0xaedc, 0xaedc, 0xaedc, 0xaedc, 0xaedc, 0xaedc, 0xaedc, 0xaedc, 0xaedc, 0xaedc, 0xaedc, 0xaedc, 
	0xaedc, 0xaedc, 0xaedc, 0xaedc, 0xaedc, 0xaedc, 0xaedc, 0xaedc, 0xaedc, 0xaedc, 0xaedc, 0xaedc, 0xaedc, 0xaedc, 0xaedc, 0xaedc, 
	0xaedc, 0xaedc, 0xaedc, 0xaedc, 0xaedc, 0xaedc, 0xaedc, 0xaedc, 0xaedc, 0xaedc, 0xaedc, 0xaedc, 0xaedc, 0xaedc, 0xaedc, 0xaedc, 
	0xaedc, 0xaedc, 0xaedc, 0xaedc, 0xaedc, 0xaedc, 0xaedc, 0xaedc, 0xaedc, 0xaedc, 0xaedc, 0xaedc, 0xaedc, 0xaedc, 0xaedc, 0xaedc, 
	0xaedc, 0xaedc, 0xaedc, 0xaedc, 0xaedc, 0xaedc, 0xaedc, 0xaedc, 0xaedc, 0xaedc, 0xaedc, 0xaedc, 0xaedc, 0xaedc, 0xaedc, 0xaedc, 
	0xaedc, 0xaedc, 0xaedc, 0xaedc, 0xaedc, 0xaedc, 0xaedc, 0xaedc, 0xaedc, 0xaedc, 0xaedc, 0xaedc, 0xaedc, 0xaedc, 0xaedc, 0xaedc, 
	0xaedc, 0xaedc, 0xaedc, 0xaedc, 0xaedc, 0xaedc, 0xaedc, 0xaedc, 0xaedc, 0xaedc, 0xaedc, 0xaedc, 0xaedc, 0xaedc, 0xaedc, 0xaedc, 
	0xaedc, 0xaedc, 0xaedc, 0xaedc, 0xaedc, 0xaedc, 0xaedc, 0xaedc, 0xaedc, 0xaedc, 0xaedc, 0xaedc, 0xaedc, 0xaedc, 0xaedc, 0xaedc, 
	0xaedc, 0xaedc, 0xaedc, 0xaedc, 0xaedc, 0xaedc, 0xaedc, 0xaedc, 0xaedc, 0xaedc, 0xaedc, 0xaedc, 0xaedc, 0xaedc, 0xaedc, 0xaedc, 
	0xaedc, 0xaedc, 0xaedc, 0xaedc, 0xaedc, 0xaedc, 0xaedc, 0xaedc, 0xaedc, 0xaedc, 0xaedc, 0xaedc, 0xaedc, 0xaedc, 0xaedc, 0xaedc, 
	0xaedc, 0xaedc, 0xaedc, 0xaedc, 0xaedc, 0xaedc, 0xaedc, 0xaedc, 0xaedc, 0xaedc, 0xaedc, 0xaedc, 0xaedc, 0xaedc, 0xaedc, 0xaedc, 
	0xaedc, 0xaedc, 0xaedc, 0xaedc, 0xaedc, 0xaedc, 0xaedc, 0xaedc, 0xaedc, 0xaedc, 0xaedc, 0xaedc, 0xaedc, 0xaedc, 0xaedc, 0xaedc, 
	0xaedc, 0xaedc, 0xaedc, 0xaedc, 0xaedc, 0xaedc, 0xaedc, 0xaedc, 0xaedc, 0xaedc, 0xaedc, 0xaedc, 0xaedc, 0xaedc, 0xaedc, 0xaedc, 
	0xaedc, 0xaedc, 0xaedc, 0xaedc, 0xaedc, 0xaedc, 0xaedc, 0xaedc, 0xaedc, 0xaedc, 0xaedc, 0xaedc, 0xaedc, 0xaedc, 0xaedc, 0xaedc, 
	0xaedc, 0xaedc, 0xaedc, 0xaedc, 0xaedc, 0xaedc, 0xaedc, 0xaedc, 0xaedc, 0xaedc, 0xaedc, 0xaedc, 0xaedc, 0xaedc, 0xaedc, 0xaedc, 
	0xaedc, 0xaedc, 0xaedc, 0xaedc, 0xaedc, 0xaedc, 0xaedc, 0xaedc, 0xaedc, 0xaedc, 0xaedc, 0xaedc, 0xaedc, 0xaedc, 0xaedc, 0xaedc, 
	0xaedc, 0xaedc, 0xaedc, 0xaedc, 0xaedc, 0xaedc, 0xaedc, 0xaedc, 0xaedc, 0xaedc, 0xaedc, 0xaedc, 0xaedc, 0xaedc, 0xaedc, 0xaedc, 
	0xaedc, 0xaedc, 0xaedc, 0xaedc, 0xaedc, 0xaedc, 0xaedc, 0xaedc, 0xaedc, 0xaedc, 0xaedc, 0xaedc, 0xaedc, 0xaedc, 0xaedc, 0xaedc, 
	0xaedc, 0xaedc, 0xaedc, 0xaedc, 0xaedc, 0xaedc, 0xaedc, 0xaedc, 0xaedc, 0xaedc, 0xaedc, 0xaedc, 0xaedc, 0xaedc, 0xaedc, 0xaedc, 
	0xaedc, 0xaedc, 0xaedc, 0xaedc, 0xaedc, 0xaedc, 0xaedc, 0xaedc, 0xaedc, 0xaedc, 0xaedc, 0xaedc, 0xaedc, 0xaedc, 0xaedc, 0xaedc, 
	0xaedc, 0xaedc, 0xaedc, 0xaedc, 0xaedc, 0xaedc, 0xaedc, 0xaedc, 0xaedc, 0xaedc, 0xaedc, 0xaedc, 0xaedc, 0xaedc, 0xaedc, 0xaedc, 
	0xaedc, 0xaedc, 0xaedc, 0xaedc, 0xaedc, 0xaedc, 0xaedc, 0xaedc, 0xaedc, 0xaedc, 0xaedc, 0xaedc, 0xaedc, 0xaedc, 0xaedc, 0xaedc, 
	0xaedc, 0xaedc, 0xaedc, 0xaedc, 0xaedc, 0xaedc, 0xaedc, 0xaedc, 0xaedc, 0xaedc, 0xaedc, 0xaedc, 0xaedc, 0xaedc, 0xaedc, 0xaedc, 
	0xaedc, 0xaedc, 0xaedc, 0xaedc, 0xaedc, 0xaedc, 0xaedc, 0xaedc, 0xaedc, 0xaedc, 0xaedc, 0xaedc, 0xaedc, 0xaedc, 0xaedc, 0xaedc, 
	0xaedc, 0xaedc, 0xaedc, 0xaedc, 0xaedc, 0xaedc, 0xaedc, 0xaedc, 0xaedc, 0xaedc, 0xaedc, 0xaedc, 0xaedc, 0xaedc, 0xaedc, 0xaedc, 
	0xaedc, 0xaedc, 0xaedc, 0xaedc, 0xaedc, 0xaedc, 0xaedc, 0xaedc, 0xaedc, 0xaedc, 0xaedc, 0xaedc, 0xaedc, 0xaedc, 0xaedc, 0xaedc, 
	0xaedc, 0xaedc, 0xaedc, 0xaedc, 0xaedc, 0xaedc, 0xaedc, 0xaedc, 0xaedc, 0xaedc, 0xaedc, 0xaedc, 0xaedc, 0xaedc, 0xaedc, 0xaedc, 
	0xaedc, 0xaedc, 0xaedc, 0xaedc, 0xaedc, 0xaedc, 0xaedc, 0xaedc, 0xaedc, 0xaedc, 0xaedc, 0xaedc, 0xaedc, 0xaedc, 0xaedc, 0xaedc, 
	0xaedc, 0xaedc, 0xaedc, 0xaedc, 0xaedc, 0xaedc, 0xaedc, 0xaedc, 0xaedc, 0xaedc, 0xaedc, 0xaedc, 0xaedc, 0xaedc, 0xaedc, 0xaedc, 
	0xaedc, 0xaedc, 0xaedc, 0xaedc, 0xaedc, 0xaedc, 0xaedc, 0xaedc, 0xaedc, 0xaedc, 0xaedc, 0xaedc, 0xaedc, 0xaedc, 0xaedc, 0xaedc, 
	0xaedc, 0xaedc, 0xaedc, 0xaedc, 0xaedc, 0xaedc, 0xaedc, 0xaedc, 0xaedc, 0xaedc, 0xaedc, 0xaedc, 0xaedc, 0xaedc, 0xaedc, 0xaedc, 
	0xaedc, 0xaedc, 0xaedc, 0xaedc, 0xaedc, 0xaedc, 0xaedc, 0xaedc, 0xaedc, 0xaedc, 0xaedc, 0xaedc, 0xaedc, 0xaedc, 0xaedc, 0xaedc, 
	0xaedc, 0xaedc, 0xaedc, 0xaedc, 0xaedc, 0xaedc, 0xaedc, 0xaedc, 0xaedc, 0xaedc, 0xaedc, 0xaedc, 0xaedc, 0xaedc, 0xaedc, 0xaedc, 
	0xaedc, 0xaedc, 0xaedc, 0xaedc, 0xaedc, 0xaedc, 0xaedc, 0xaedc, 0xaedc, 0xaedc, 0xaedc, 0xaedc, 0xaedc, 0xaedc, 0xaedc, 0xaedc, 
	0xaedc, 0xaedc, 0xaedc, 0xaedc, 0xaedc, 0xaedc, 0xaedc, 0xaedc, 0xaedc, 0xaedc, 0xaedc, 0xaedc, 0xaedc, 0xaedc, 0xaedc, 0xaedc, 
	0xaedc, 0xaedc, 0xaedc, 0xaedc, 0xaedc, 0xaedc, 0xaedc, 0xaedc, 0xaedc, 0xaedc, 0xaedc, 0xaedc, 0xaedc, 0xaedc, 0xaedc, 0xaedc, 
	0xaedc, 0xaedc, 0xaedc, 0xaedc, 0xaedc, 0xaedc, 0xaedc, 0xaedc, 0xaedc, 0xaedc, 0xaedc, 0xaedc, 0xaedc, 0xaedc, 0xaedc, 0xaedc, 
	0xaedc, 0xaedc, 0xaedc, 0xaedc, 0xaedc, 0xaedc, 0xaedc, 0xaedc, 0xaedc, 0xaedc, 0xaedc, 0xaedc, 0xaedc, 0xaedc, 0xaedc, 0xaedc, 
	0xaedc, 0xaedc, 0xaedc, 0xaedc, 0xaedc, 0xaedc, 0xaedc, 0xaedc, 0xaedc, 0xaedc, 0xaedc, 0xaedc, 0xaedc, 0xaedc, 0xaedc, 0xaedc, 
	0xaedc, 0xaedc, 0xaedc, 0xaedc, 0xaedc, 0xaedc, 0xaedc, 0xaedc, 0xaedc, 0xaedc, 0xaedc, 0xaedc, 0xaedc, 0xaedc, 0xaedc, 0xaedc, 
	0xaedc, 0xaedc, 0xaedc, 0xaedc, 0xaedc, 0xaedc, 0xaedc, 0xaedc, 0xaedc, 0xaedc, 0xaedc, 0xaedc, 0xaedc, 0xaedc, 0xaedc, 0xaedc, 
	0xaedc, 0xaedc, 0xaedc, 0xaedc, 0xaedc, 0xaedc, 0xaedc, 0xaedc, 0xaedc, 0xaedc, 0xaedc, 0xaedc, 0xaedc, 0xaedc, 0xaedc, 0xaedc, 
	0xaedc, 0xaedc, 0xaedc, 0xaedc, 0xaedc, 0xaedc, 0xaedc, 0xaedc, 0xaedc, 0xaedc, 0xaedc, 0xaedc, 0xaedc, 0xaedc, 0xaedc, 0xaedc, 
	0xaedc, 0xaedc, 0xaedc, 0xaedc, 0xaedc, 0xaedc, 0xaedc, 0xaedc, 0xaedc, 0xaedc, 0xaedc, 0xaedc, 0xaedc, 0xaedc, 0xaedc, 0xaedc, 
	0xaedc, 0xaedc, 0xaedc, 0xaedc, 0xaedc, 0xaedc, 0xaedc, 0xaedc, 0xaedc, 0xaedc, 0xaedc, 0xaedc, 0xaedc, 0xaedc, 0xaedc, 0xaedc, 
	0xaedc, 0xaedc, 0xaedc, 0xaedc, 0xaedc, 0xaedc, 0xaedc, 0xaedc, 0xaedc, 0xaedc, 0xaedc, 0xaedc, 0xaedc, 0xaedc, 0xaedc, 0xaedc, 
	0xaedc, 0xaedc, 0xaedc, 0xaedc, 0xaedc, 0xaedc, 0xaedc, 0xaedc, 0xaedc, 0xaedc, 0xaedc, 0xaedc, 0xaedc, 0xaedc, 0xaedc, 0xaedc, 
	0xaedc, 0xaedc, 0xaedc, 0xaedc, 0xaedc, 0xaedc, 0xaedc, 0xaedc, 0xaedc, 0xaedc, 0xaedc, 0xaedc, 0xaedc, 0xaedc, 0xaedc, 0xaedc, 
	0xaedc, 0xaedc, 0xaedc, 0xaedc, 0xaedc, 0xaedc, 0xaedc, 0xaedc, 0xaedc, 0xaedc, 0xaedc, 0xaedc, 0xaedc, 0xaedc, 0xaedc, 0xaedc, 
	0xaedc, 0xaedc, 0xaedc, 0xaedc, 0xaedc, 0xaedc, 0xaedc, 0xaedc, 0xaedc, 0xaedc, 0xaedc, 0xaedc, 0xaedc, 0xaedc, 0xaedc, 0xaedc, 
	0xaedc, 0xaedc, 0xaedc, 0xaedc, 0xaedc, 0xaedc, 0xaedc, 0xaedc, 0xaedc, 0xaedc, 0xaedc, 0xaedc, 0xaedc, 0xaedc, 0xaedc, 0xaedc, 
	0xaedc, 0xaedc, 0xaedc, 0xaedc, 0xaedc, 0xaedc, 0xaedc, 0xaedc, 0xaedc, 0xaedc, 0xaedc, 0xaedc, 0xaedc, 0xaedc, 0xaedc, 0xaedc, 
	0xaedc, 0xaedc, 0xaedc, 0xaedc, 0xaedc, 0xaedc, 0xaedc, 0xaedc, 0xaedc, 0xaedc, 0xaedc, 0xaedc, 0xaedc, 0xaedc, 0xaedc, 0xaedc, 
	0xaedc, 0xaedc, 0xaedc, 0xaedc, 0xaedc, 0xaedc, 0xaedc, 0xaedc, 0xaedc, 0xaedc, 0xaedc, 0xaedc, 0xaedc, 0xaedc, 0xaedc, 0xaedc, 
	0xaedc, 0xaedc, 0xaedc, 0xaedc, 0xaedc, 0xaedc, 0xaedc, 0xaedc, 0xaedc, 0xaedc, 0xaedc, 0xaedc, 0xaedc, 0xaedc, 0xaedc, 0xaedc, 
	0xaedc, 0xaedc, 0xaedc, 0xaedc, 0xaedc, 0xaedc, 0xaedc, 0xaedc, 0xaedc, 0xaedc, 0xaedc, 0xaedc, 0xaedc, 0xaedc, 0xaedc, 0xaedc, 
	0xaedc, 0xaedc, 0xaedc, 0xaedc, 0xaedc, 0xaedc, 0xaedc, 0xaedc, 0xaedc, 0xaedc, 0xaedc, 0xaedc, 0xaedc, 0xaedc, 0xaedc, 0xaedc, 
	0xaedc, 0xaedc, 0xaedc, 0xaedc, 0xaedc, 0xaedc, 0xaedc, 0xaedc, 0xaedc, 0xaedc, 0xaedc, 0xaedc, 0xaedc, 0xaedc, 0xaedc, 0xaedc, 
	0xaedc, 0xaedc, 0xaedc, 0xaedc, 0xaedc, 0xaedc, 0xaedc, 0xaedc, 0xaedc, 0xaedc, 0xaedc, 0xaedc, 0xaedc, 0xaedc, 0xaedc, 0xaedc, 
	0xaedc, 0xaedc, 0xaedc, 0xaedc, 0xaedc, 0xaedc, 0xaedc, 0xaedc, 0xaedc, 0xaedc, 0xaedc, 0xaedc, 0xaedc, 0xaedc, 0xaedc, 0xaedc, 
	0xaedc, 0xaedc, 0xaedc, 0xaedc, 0xaedc, 0xaedc, 0xaedc, 0xaedc, 0xaedc, 0xaedc, 0xaedc, 0xaedc, 0xaedc, 0xaedc, 0xaedc, 0xaedc, 
	0xaedc, 0xaedc, 0xaedc, 0xaedc, 0xaedc, 0xaedc, 0xaedc, 0xaedc, 0xaedc, 0xaedc, 0xaedc, 0xaedc, 0xaedc, 0xaedc, 0xaedc, 0xaedc, 
	0xaedc, 0xaedc, 0xaedc, 0xaedc, 0xaedc, 0xaedc, 0xaedc, 0xaedc, 0xaedc, 0xaedc, 0xaedc, 0xaedc, 0xaedc, 0xaedc, 0xaedc, 0xaedc, 
	0xaedc, 0xaedc, 0xaedc, 0xaedc, 0xaedc, 0xaedc, 0xaedc, 0xaedc, 0xaedc, 0xaedc, 0xaedc, 0xaedc, 0xaedc, 0xaedc, 0xaedc, 0xaedc, 
	0xaedc, 0xaedc, 0xaedc, 0xaedc, 0xaedc, 0xaedc, 0xaedc, 0xaedc, 0xaedc, 0xaedc, 0xaedc, 0xaedc, 0xaedc, 0xaedc, 0xaedc, 0xaedc, 
	0xaedc, 0xaedc, 0xaedc, 0xaedc, 0xaedc, 0xaedc, 0xaedc, 0xaedc, 0xaedc, 0xaedc, 0xaedc, 0xaedc, 0xaedc, 0xaedc, 0xaedc, 0xaedc, 
	0xaedc, 0xaedc, 0xaedc, 0xaedc, 0xaedc, 0xaedc, 0xaedc, 0xaedc, 0xaedc, 0xaedc, 0xaedc, 0xaedc, 0xaedc, 0xaedc, 0xaedc, 0xaedc, 
	0xaedc, 0xaedc, 0xaedc, 0xaedc, 0xaedc, 0xaedc, 0xaedc, 0xaedc, 0xaedc, 0xaedc, 0xaedc, 0xaedc, 0xaedc, 0xaedc, 0xaedc, 0xaedc, 
	0xaedc, 0xaedc, 0xaedc, 0xaedc, 0xaedc, 0xaedc, 0xaedc, 0xaedc, 0xaedc, 0xaedc, 0xaedc, 0xaedc, 0xaedc, 0xaedc, 0xaedc, 0xaedc, 
	0xaedc, 0xaedc, 0xaedc, 0xaedc, 0xaedc, 0xaedc, 0xaedc, 0xaedc, 0xaedc, 0xaedc, 0xaedc, 0xaedc, 0xaedc, 0xaedc, 0xaedc, 0xaedc, 
	0xaedc, 0xaedc, 0xaedc, 0xaedc, 0xaedc, 0xaedc, 0xaedc, 0xaedc, 0xaedc, 0xaedc, 0xaedc, 0xaedc, 0xaedc, 0xaedc, 0xaedc, 0xaedc, 
	0xaedc, 0xaedc, 0xaedc, 0xaedc, 0xaedc, 0xaedc, 0xaedc, 0xaedc, 0xaedc, 0xaedc, 0xaedc, 0xaedc, 0xaedc, 0xaedc, 0xaedc, 0xaedc, 
	0xaedc, 0xaedc, 0xaedc, 0xaedc, 0xaedc, 0xaedc, 0xaedc, 0xaedc, 0xaedc, 0xaedc, 0xaedc, 0xaedc, 0xaedc, 0xaedc, 0xaedc, 0xaedc, 
	0xaedc, 0xaedc, 0xaedc, 0xaedc, 0xaedc, 0xaedc, 0xaedc, 0xaedc, 0xaedc, 0xaedc, 0xaedc, 0xaedc, 0xaedc, 0xaedc, 0xaedc, 0xaedc, 
	0xaedc, 0xaedc, 0xaedc, 0xaedc, 0xaedc, 0xaedc, 0xaedc, 0xaedc, 0xaedc, 0xaedc, 0xaedc, 0xaedc, 0xaedc, 0xaedc, 0xaedc, 0xaedc, 
	0xaedc, 0xaedc, 0xaedc, 0xaedc, 0xaedc, 0xaedc, 0xaedc, 0xaedc, 0xaedc, 0xaedc, 0xaedc, 0xaedc, 0xaedc, 0xaedc, 0xaedc, 0xaedc, 
	0xaedc, 0xaedc, 0xaedc, 0xaedc, 0xaedc, 0xaedc, 0xaedc, 0xaedc, 0xaedc, 0xaedc, 0xaedc, 0xaedc, 0xaedc, 0xaedc, 0xaedc, 0xaedc, 
	0xaedc, 0xaedc, 0xaedc, 0xaedc, 0xaedc, 0xaedc, 0xaedc, 0xaedc, 0xaedc, 0xaedc, 0xaedc, 0xaedc, 0xaedc, 0xaedc, 0xaedc, 0xaedc, 
	0xaedc, 0xaedc, 0xaedc, 0xaedc, 0xaedc, 0xaedc, 0xaedc, 0xaedc, 0xaedc, 0xaedc, 0xaedc, 0xaedc, 0xaedc, 0xaedc, 0xaedc, 0xaedc, 
	0xaedc, 0xaedc, 0xaedc, 0xaedc, 0xaedc, 0xaedc, 0xaedc, 0xaedc, 0xaedc, 0xaedc, 0xaedc, 0xaedc, 0xaedc, 0xaedc, 0xaedc, 0xaedc, 
	0xaedc, 0xaedc, 0xaedc, 0xaedc, 0xaedc, 0xaedc, 0xaedc, 0xaedc, 0xaedc, 0xaedc, 0xaedc, 0xaedc, 0xaedc, 0xaedc, 0xaedc, 0xaedc, 
	0xaedc, 0xaedc, 0xaedc, 0xaedc, 0xaedc, 0xaedc, 0xaedc, 0xaedc, 0xaedc, 0xaedc, 0xaedc, 0xaedc, 0xaedc, 0xaedc, 0xaedc, 0xaedc, 
	0xaedc, 0xaedc, 0xaedc, 0xaedc, 0xaedc, 0xaedc, 0xaedc, 0xaedc, 0xaedc, 0xaedc, 0xaedc, 0xaedc, 0xaedc, 0xaedc, 0xaedc, 0xaedc, 
	0xaedc, 0xaedc, 0xaedc, 0xaedc, 0xaedc, 0xaedc, 0xaedc, 0xaedc, 0xaedc, 0xaedc, 0xaedc, 0xaedc, 0xaedc, 0xaedc, 0xaedc, 0xaedc, 
	0xaedc, 0xaedc, 0xaedc, 0xaedc, 0xaedc, 0xaedc, 0xaedc, 0xaedc, 0xaedc, 0xaedc, 0xaedc, 0xaedc, 0xaedc, 0xaedc, 0xaedc, 0xaedc, 
	0xaedc, 0xaedc, 0xaedc, 0xaedc, 0xaedc, 0xaedc, 0xaedc, 0xaedc, 0xaedc, 0xaedc, 0xaedc, 0xaedc, 0xaedc, 0xaedc, 0xaedc, 0xaedc, 
	0xaedc, 0xaedc, 0xaedc, 0xaedc, 0xaedc, 0xaedc, 0xaedc, 0xaedc, 0xaedc, 0xaedc, 0xaedc, 0xaedc, 0xaedc, 0xaedc, 0xaedc, 0xaedc, 
	0xaedc, 0xaedc, 0xaedc, 0xaedc, 0xaedc, 0xaedc, 0xaedc, 0xaedc, 0xaedc, 0xaedc, 0xaedc, 0xaedc, 0xaedc, 0xaedc, 0xaedc, 0xaedc, 
	0xaedc, 0xaedc, 0xaedc, 0xaedc, 0xaedc, 0xaedc, 0xaedc, 0xaedc, 0xaedc, 0xaedc, 0xaedc, 0xaedc, 0xaedc, 0xaedc, 0xaedc, 0xaedc, 
	0xaedc, 0xaedc, 0xaedc, 0xaedc, 0xaedc, 0xaedc, 0xaedc, 0xaedc, 0xaedc, 0xaedc, 0xaedc, 0xaedc, 0xaedc, 0xaedc, 0xaedc, 0xaedc, 
	0xaedc, 0xaedc, 0xaedc, 0xaedc, 0xaedc, 0xaedc, 0xaedc, 0xaedc, 0xaedc, 0xaedc, 0xaedc, 0xaedc, 0xaedc, 0xaedc, 0xaedc, 0xaedc, 
	0xaedc, 0xaedc, 0xaedc, 0xaedc, 0xaedc, 0xaedc, 0xaedc, 0xaedc, 0xaedc, 0xaedc, 0xaedc, 0xaedc, 0xaedc, 0xaedc, 0xaedc, 0xaedc, 
	0xaedc, 0xaedc, 0xaedc, 0xaedc, 0xaedc, 0xaedc, 0xaedc, 0xaedc, 0xaedc, 0xaedc, 0xaedc, 0xaedc, 0xaedc, 0xaedc, 0xaedc, 0xaedc, 
	0xaedc, 0xaedc, 0xaedc, 0xaedc, 0xaedc, 0xaedc, 0xaedc, 0xaedc, 0xaedc, 0xaedc, 0xaedc, 0xaedc, 0xaedc, 0xaedc, 0xaedc, 0xaedc, 
	0xaedc, 0xaedc, 0xaedc, 0xaedc, 0xaedc, 0xaedc, 0xaedc, 0xaedc, 0xaedc, 0xaedc, 0xaedc, 0xaedc, 0xaedc, 0xaedc, 0xaedc, 0xaedc, 
	0xaedc, 0xaedc, 0xaedc, 0xaedc, 0xaedc, 0xaedc, 0xaedc, 0xaedc, 0xaedc, 0xaedc, 0xaedc, 0xaedc, 0xaedc, 0xaedc, 0xaedc, 0xaedc, 
	0xaedc, 0xaedc, 0xaedc, 0xaedc, 0xaedc, 0xaedc, 0xaedc, 0xaedc, 0xaedc, 0xaedc, 0xaedc, 0xaedc, 0xaedc, 0xaedc, 0xaedc, 0xaedc, 
	0xaedc, 0xaedc, 0xaedc, 0xaedc, 0xaedc, 0xaedc, 0xaedc, 0xaedc, 0xaedc, 0xaedc, 0xaedc, 0xaedc, 0xaedc, 0xaedc, 0xaedc, 0xaedc, 
	0xaedc, 0xaedc, 0xaedc, 0xaedc, 0xaedc, 0xaedc, 0xaedc, 0xaedc, 0xaedc, 0xaedc, 0xaedc, 0xaedc, 0xaedc, 0xaedc, 0xaedc, 0xaedc, 
	0xaedc, 0xaedc, 0xaedc, 0xaedc, 0xaedc, 0xaedc, 0xaedc, 0xaedc, 0xaedc, 0xaedc, 0xaedc, 0xaedc, 0xaedc, 0xaedc, 0xaedc, 0xaedc, 
	0xaedc, 0xaedc, 0xaedc, 0xaedc, 0xaedc, 0xaedc, 0xaedc, 0xaedc, 0xaedc, 0xaedc, 0xaedc, 0xaedc, 0xaedc, 0xaedc, 0xaedc, 0xaedc, 
	0xaedc, 0xaedc, 0xaedc, 0xaedc, 0xaedc, 0xaedc, 0xaedc, 0xaedc, 0xaedc, 0xaedc, 0xaedc, 0xaedc, 0xaedc, 0xaedc, 0xaedc, 0xaedc, 
	0xaedc, 0xaedc, 0xaedc, 0xaedc, 0xaedc, 0xaedc, 0xaedc, 0xaedc, 0xaedc, 0xaedc, 0xaedc, 0xaedc, 0xaedc, 0xaedc, 0xaedc, 0xaedc, 
	0xaedc, 0xaedc, 0xaedc, 0xaedc, 0xaedc, 0xaedc, 0xaedc, 0xaedc, 0xaedc, 0xaedc, 0xaedc, 0xaedc, 0xaedc, 0xaedc, 0xaedc, 0xaedc, 
	0xaedc, 0xaedc, 0xaedc, 0xaedc, 0xaedc, 0xaedc, 0xaedc, 0xaedc, 0xaedc, 0xaedc, 0xaedc, 0xaedc, 0xaedc, 0xaedc, 0xaedc, 0xaedc, 
	0xaedc, 0xaedc, 0xaedc, 0xaedc, 0xaedc, 0xaedc, 0xaedc, 0xaedc, 0xaedc, 0xaedc, 0xaedc, 0xaedc, 0xaedc, 0xaedc, 0xaedc, 0xaedc, 
	0xaedc, 0xaedc, 0xaedc, 0xaedc, 0xaedc, 0xaedc, 0xaedc, 0xaedc, 0xaedc, 0xaedc, 0xaedc, 0xaedc, 0xaedc, 0xaedc, 0xaedc, 0xaedc, 
	0xaedc, 0xaedc, 0xaedc, 0xaedc, 0xaedc, 0xaedc, 0xaedc, 0xaedc, 0xaedc, 0xaedc, 0xaedc, 0xaedc, 0xaedc, 0xaedc, 0xaedc, 0xaedc, 
	0xaedc, 0xaedc, 0xaedc, 0xaedc, 0xaedc, 0xaedc, 0xaedc, 0xaedc, 0xaedc, 0xaedc, 0xaedc, 0xaedc, 0xaedc, 0xaedc, 0xaedc, 0xaedc, 
	0xaedc, 0xaedc, 0xaedc, 0xaedc, 0xaedc, 0xaedc, 0xaedc, 0xaedc, 0xaedc, 0xaedc, 0xaedc, 0xaedc, 0xaedc, 0xaedc, 0xaedc, 0xaedc, 
	0xaedc, 0xaedc, 0xaedc, 0xaedc, 0xaedc, 0xaedc, 0xaedc, 0xaedc, 0xaedc, 0xaedc, 0xaedc, 0xaedc, 0xaedc, 0xaedc, 0xaedc, 0xaedc, 
	0xaedc, 0xaedc, 0xaedc, 0xaedc, 0xaedc, 0xaedc, 0xaedc, 0xaedc, 0xaedc, 0xaedc, 0xaedc, 0xaedc, 0xaedc, 0xaedc, 0xaedc, 0xaedc, 
	0xaedc, 0xaedc, 0xaedc, 0xaedc, 0xaedc, 0xaedc, 0xaedc, 0xaedc, 0xaedc, 0xaedc, 0xaedc, 0xaedc, 0xaedc, 0xaedc, 0xaedc, 0xaedc, 
	0xaedc, 0xaedc, 0xaedc, 0xaedc, 0xaedc, 0xaedc, 0xaedc, 0xaedc, 0xaedc, 0xaedc, 0xaedc, 0xaedc, 0xaedc, 0xaedc, 0xaedc, 0xaedc, 
	0xaedc, 0xaedc, 0xaedc, 0xaedc, 0xaedc, 0xaedc, 0xaedc, 0xaedc, 0xaedc, 0xaedc, 0xaedc, 0xaedc, 0xaedc, 0xaedc, 0xaedc, 0xaedc, 
	0xaedc, 0xaedc, 0xaedc, 0xaedc, 0xaedc, 0xaedc, 0xaedc, 0xaedc, 0xaedc, 0xaedc, 0xaedc, 0xaedc, 0xaedc, 0xaedc, 0xaedc, 0xaedc, 
	0xaedc, 0xaedc, 0xaedc, 0xaedc, 0xaedc, 0xaedc, 0xaedc, 0xaedc, 0xaedc, 0xaedc, 0xaedc, 0xaedc, 0xaedc, 0xaedc, 0xaedc, 0xaedc, 
	0xaedc, 0xaedc, 0xaedc, 0xaedc, 0xaedc, 0xaedc, 0xaedc, 0xaedc, 0xaedc, 0xaedc, 0xaedc, 0xaedc, 0xaedc, 0xaedc, 0xaedc, 0xaedc, 
	0xaedc, 0xaedc, 0xaedc, 0xaedc, 0xaedc, 0xaedc, 0xaedc, 0xaedc, 0xaedc, 0xaedc, 0xaedc, 0xaedc, 0xaedc, 0xaedc, 0xaedc, 0xaedc, 
	0xaedc, 0xaedc, 0xaedc, 0xaedc, 0xaedc, 0xaedc, 0xaedc, 0xaedc, 0xaedc, 0xaedc, 0xaedc, 0xaedc, 0xaedc, 0xaedc, 0xaedc, 0xaedc, 
	0xaedc, 0xaedc, 0xaedc, 0xaedc, 0xaedc, 0xaedc, 0xaedc, 0xaedc, 0xaedc, 0xaedc, 0xaedc, 0xaedc, 0xaedc, 0xaedc, 0xaedc, 0xaedc, 
	0xaedc, 0xaedc, 0xaedc, 0xaedc, 0xaedc, 0xaedc, 0xaedc, 0xaedc, 0xaedc, 0xaedc, 0xaedc, 0xaedc, 0xaedc, 0xaedc, 0xaedc, 0xaedc, 
	0xaedc, 0xaedc, 0xaedc, 0xaedc, 0xaedc, 0xaedc, 0xaedc, 0xaedc, 0xaedc, 0xaedc, 0xaedc, 0xaedc, 0xaedc, 0xaedc, 0xaedc, 0xaedc, 
	0xaedc, 0xaedc, 0xaedc, 0xaedc, 0xaedc, 0xaedc, 0xaedc, 0xaedc, 0xaedc, 0xaedc, 0xaedc, 0xaedc, 0xaedc, 0xaedc, 0xaedc, 0xaedc, 
	0xaedc, 0xaedc, 0xaedc, 0xaedc, 0xaedc, 0xaedc, 0xaedc, 0xaedc, 0xaedc, 0xaedc, 0xaedc, 0xaedc, 0xaedc, 0xaedc, 0xaedc, 0xaedc, 
	0xaedc, 0xaedc, 0xaedc, 0xaedc, 0xaedc, 0xaedc, 0xaedc, 0xaedc, 0xaedc, 0xaedc, 0xaedc, 0xaedc, 0xaedc, 0xaedc, 0xaedc, 0xaedc, 
	0xaedc, 0xaedc, 0xaedc, 0xaedc, 0xaedc, 0xaedc, 0xaedc, 0xaedc, 0xaedc, 0xaedc, 0xaedc, 0xaedc, 0xaedc, 0xaedc, 0xaedc, 0xaedc, 
	0xaedc, 0xaedc, 0xaedc, 0xaedc, 0xaedc, 0xaedc, 0xaedc, 0xaedc, 0xaedc, 0xaedc, 0xaedc, 0xaedc, 0xaedc, 0xaedc, 0xaedc, 0xaedc, 
	0xaedc, 0xaedc, 0xaedc, 0xaedc, 0xaedc, 0xaedc, 0xaedc, 0xaedc, 0xaedc, 0xaedc, 0xaedc, 0xaedc, 0xaedc, 0xaedc, 0xaedc, 0xaedc, 
	0xaedc, 0xaedc, 0xaedc, 0xaedc, 0xaedc, 0xaedc, 0xaedc, 0xaedc, 0xaedc, 0xaedc, 0xaedc, 0xaedc, 0xaedc, 0xaedc, 0xaedc, 0xaedc, 
	0xaedc, 0xaedc, 0xaedc, 0xaedc, 0xaedc, 0xaedc, 0xaedc, 0xaedc, 0xaedc, 0xaedc, 0xaedc, 0xaedc, 0xaedc, 0xaedc, 0xaedc, 0xaedc, 
	0xaedc, 0xaedc, 0xaedc, 0xaedc, 0xaedc, 0xaedc, 0xaedc, 0xaedc, 0xaedc, 0xaedc, 0xaedc, 0xaedc, 0xaedc, 0xaedc, 0xaedc, 0xaedc, 
	0xaedc, 0xaedc, 0xaedc, 0xaedc, 0xaedc, 0xaedc, 0xaedc, 0xaedc, 0xaedc, 0xaedc, 0xaedc, 0xaedc, 0xaedc, 0xaedc, 0xaedc, 0xaedc, 
	0xaedc, 0xaedc, 0xaedc, 0xaedc, 0xaedc, 0xaedc, 0xaedc, 0xaedc, 0xaedc, 0xaedc, 0xaedc, 0xaedc, 0xaedc, 0xaedc, 0xaedc, 0xaedc, 
	0xaedc, 0xaedc, 0xaedc, 0xaedc, 0xaedc, 0xaedc, 0xaedc, 0xaedc, 0xaedc, 0xaedc, 0xaedc, 0xaedc, 0xaedc, 0xaedc, 0xaedc, 0xaedc, 
	0xaedc, 0xaedc, 0xaedc, 0xaedc, 0xaedc, 0xaedc, 0xaedc, 0xaedc, 0xaedc, 0xaedc, 0xaedc, 0xaedc, 0xaedc, 0xaedc, 0xaedc, 0xaedc, 
	0xaedc, 0xaedc, 0xaedc, 0xaedc, 0xaedc, 0xaedc, 0xaedc, 0xaedc, 0xaedc, 0xaedc, 0xaedc, 0xaedc, 0xaedc, 0xaedc, 0xaedc, 0xaedc, 
	0xaedc, 0xaedc, 0xaedc, 0xaedc, 0xaedc, 0xaedc, 0xaedc, 0xaedc, 0xaedc, 0xaedc, 0xaedc, 0xaedc, 0xaedc, 0xaedc, 0xaedc, 0xaedc, 
	0xaedc, 0xaedc, 0xaedc, 0xaedc, 0xaedc, 0xaedc, 0xaedc, 0xaedc, 0xaedc, 0xaedc, 0xaedc, 0xaedc, 0xaedc, 0xaedc, 0xaedc, 0xaedc, 
	0xaedc, 0xaedc, 0xaedc, 0xaedc, 0xaedc, 0xaedc, 0xaedc, 0xaedc, 0xaedc, 0xaedc, 0xaedc, 0xaedc, 0xaedc, 0xaedc, 0xaedc, 0xaedc, 
	0xaedc, 0xaedc, 0xaedc, 0xaedc, 0xaedc, 0xaedc, 0xaedc, 0xaedc, 0xaedc, 0xaedc, 0xaedc, 0xaedc, 0xaedc, 0xaedc, 0xaedc, 0xaedc, 
	0xaedc, 0xaedc, 0xaedc, 0xaedc, 0xaedc, 0xaedc, 0xaedc, 0xaedc, 0xaedc, 0xaedc, 0xaedc, 0xaedc, 0xaedc, 0xaedc, 0xaedc, 0xaedc, 
	0xaedc, 0xaedc, 0xaedc, 0xaedc, 0xaedc, 0xaedc, 0xaedc, 0xaedc, 0xaedc, 0xaedc, 0xaedc, 0xaedc, 0xaedc, 0xaedc, 0xaedc, 0xaedc, 
	0xaedc, 0xaedc, 0xaedc, 0xaedc, 0xaedc, 0xaedc, 0xaedc, 0xaedc, 0xaedc, 0xaedc, 0xaedc, 0xaedc, 0xaedc, 0xaedc, 0xaedc, 0xaedc, 
	0xaedc, 0xaedc, 0xaedc, 0xaedc, 0xaedc, 0xaedc, 0xaedc, 0xaedc, 0xaedc, 0xaedc, 0xaedc, 0xaedc, 0xaedc, 0xaedc, 0xaedc, 0xaedc, 
	0xaedc, 0xaedc, 0xaedc, 0xaedc, 0xaedc, 0xaedc, 0xaedc, 0xaedc, 0xaedc, 0xaedc, 0xaedc, 0xaedc, 0xaedc, 0xaedc, 0xaedc, 0xaedc, 
	0xaedc, 0xaedc, 0xaedc, 0xaedc, 0xaedc, 0xaedc, 0xaedc, 0xaedc, 0xaedc, 0xaedc, 0xaedc, 0xaedc, 0xaedc, 0xaedc, 0xaedc, 0xaedc, 
	0xaedc, 0xaedc, 0xaedc, 0xaedc, 0xaedc, 0xaedc, 0xaedc, 0xaedc, 0xaedc, 0xaedc, 0xaedc, 0xaedc, 0xaedc, 0xaedc, 0xaedc, 0xaedc, 
	0xaedc, 0xaedc, 0xaedc, 0xaedc, 0xaedc, 0xaedc, 0xaedc, 0xaedc, 0xaedc, 0xaedc, 0xaedc, 0xaedc, 0xaedc, 0xaedc, 0xaedc, 0xaedc, 
	0xaedc, 0xaedc, 0xaedc, 0xaedc, 0xaedc, 0xaedc, 0xaedc, 0xaedc, 0xaedc, 0xaedc, 0xaedc, 0xaedc, 0xaedc, 0xaedc, 0xaedc, 0xaedc, 
	0xaedc, 0xaedc, 0xaedc, 0xaedc, 0xaedc, 0xaedc, 0xaedc, 0xaedc, 0xaedc, 0xaedc, 0xaedc, 0xaedc, 0xaedc, 0xaedc, 0xaedc, 0xaedc, 
	0xaedc, 0xaedc, 0xaedc, 0xaedc, 0xaedc, 0xaedc, 0xaedc, 0xaedc, 0xaedc, 0xaedc, 0xaedc, 0xaedc, 0xaedc, 0xaedc, 0xaedc, 0xaedc, 
	0xaedc, 0xaedc, 0xaedc, 0xaedc, 0xaedc, 0xaedc, 0xaedc, 0xaedc, 0xaedc, 0xaedc, 0xaedc, 0xaedc, 0xaedc, 0xaedc, 0xaedc, 0xaedc, 
	0xaedc, 0xaedc, 0xaedc, 0xaedc, 0xaedc, 0xaedc, 0xaedc, 0xaedc, 0xaedc, 0xaedc, 0xaedc, 0xaedc, 0xaedc, 0xaedc, 0xaedc, 0xaedc, 
	0xaedc, 0xaedc, 0xaedc, 0xaedc, 0xaedc, 0xaedc, 0xaedc, 0xaedc, 0xaedc, 0xaedc, 0xaedc, 0xaedc, 0xaedc, 0xaedc, 0xaedc, 0xaedc, 
	0xaedc, 0xaedc, 0xaedc, 0xaedc, 0xaedc, 0xaedc, 0xaedc, 0xaedc, 0xaedc, 0xaedc, 0xaedc, 0xaedc, 0xaedc, 0xaedc, 0xaedc, 0xaedc, 
	0xaedc, 0xaedc, 0xaedc, 0xaedc, 0xaedc, 0xaedc, 0xaedc, 0xaedc, 0xaedc, 0xaedc, 0xaedc, 0xaedc, 0xaedc, 0xaedc, 0xaedc, 0xaedc, 
	0xaedc, 0xaedc, 0xaedc, 0xaedc, 0xaedc, 0xaedc, 0xaedc, 0xaedc, 0xaedc, 0xaedc, 0xaedc, 0xaedc, 0xaedc, 0xaedc, 0xaedc, 0xaedc, 
	0xaedc, 0xaedc, 0xaedc, 0xaedc, 0xaedc, 0xaedc, 0xaedc, 0xaedc, 0xaedc, 0xaedc, 0xaedc, 0xaedc, 0xaedc, 0xaedc, 0xaedc, 0xaedc, 
	0xaedc, 0xaedc, 0xaedc, 0xaedc, 0xaedc, 0xaedc, 0xaedc, 0xaedc, 0xaedc, 0xaedc, 0xaedc, 0xaedc, 0xaedc, 0xaedc, 0xaedc, 0xaedc, 
	0xaedc, 0xaedc, 0xaedc, 0xaedc, 0xaedc, 0xaedc, 0xaedc, 0xaedc, 0xaedc, 0xaedc, 0xaedc, 0xaedc, 0xaedc, 0xaedc, 0xaedc, 0xaedc, 
	0xaedc, 0xaedc, 0xaedc, 0xaedc, 0xaedc, 0xaedc, 0xaedc, 0xaedc, 0xaedc, 0xaedc, 0xaedc, 0xaedc, 0xaedc, 0xaedc, 0xaedc, 0xaedc, 
	0xaedc, 0xaedc, 0xaedc, 0xaedc, 0xaedc, 0xaedc, 0xaedc, 0xaedc, 0xaedc, 0xaedc, 0xaedc, 0xaedc, 0xaedc, 0xaedc, 0xaedc, 0xaedc, 
	0xaedc, 0xaedc, 0xaedc, 0xaedc, 0xaedc, 0xaedc, 0xaedc, 0xaedc, 0xaedc, 0xaedc, 0xaedc, 0xaedc, 0xaedc, 0xaedc, 0xaedc, 0xaedc, 
	0xaedc, 0xaedc, 0xaedc, 0xaedc, 0xaedc, 0xaedc, 0xaedc, 0xaedc, 0xaedc, 0xaedc, 0xaedc, 0xaedc, 0xaedc, 0xaedc, 0xaedc, 0xaedc, 
	0xaedc, 0xaedc, 0xaedc, 0xaedc, 0xaedc, 0xaedc, 0xaedc, 0xaedc, 0xaedc, 0xaedc, 0xaedc, 0xaedc, 0xaedc, 0xaedc, 0xaedc, 0xaedc, 
	0xaedc, 0xaedc, 0xaedc, 0xaedc, 0xaedc, 0xaedc, 0xaedc, 0xaedc, 0xaedc, 0xaedc, 0xaedc, 0xaedc, 0xaedc, 0xaedc, 0xaedc, 0xaedc, 
	0xaedc, 0xaedc, 0xaedc, 0xaedc, 0xaedc, 0xaedc, 0xaedc, 0xaedc, 0xaedc, 0xaedc, 0xaedc, 0xaedc, 0xaedc, 0xaedc, 0xaedc, 0xaedc, 
	0xaedc, 0xaedc, 0xaedc, 0xaedc, 0xaedc, 0xaedc, 0xaedc, 0xaedc, 0xaedc, 0xaedc, 0xaedc, 0xaedc, 0xaedc, 0xaedc, 0xaedc, 0xaedc, 
	0xaedc, 0xaedc, 0xaedc, 0xaedc, 0xaedc, 0xaedc, 0xaedc, 0xaedc, 0xaedc, 0xaedc, 0xaedc, 0xaedc, 0xaedc, 0xaedc, 0xaedc, 0xaedc, 
	0xaedc, 0xaedc, 0xaedc, 0xaedc, 0xaedc, 0xaedc, 0xaedc, 0xaedc, 0xaedc, 0xaedc, 0xaedc, 0xaedc, 0xaedc, 0xaedc, 0xaedc, 0xaedc, 
	0xaedc, 0xaedc, 0xaedc, 0xaedc, 0xaedc, 0xaedc, 0xaedc, 0xaedc, 0xaedc, 0xaedc, 0xaedc, 0xaedc, 0xaedc, 0xaedc, 0xaedc, 0xaedc, 
	0xaedc, 0xaedc, 0xaedc, 0xaedc, 0xaedc, 0xaedc, 0xaedc, 0xaedc, 0xaedc, 0xaedc, 0xaedc, 0xaedc, 0xaedc, 0xaedc, 0xaedc, 0xaedc, 
	0xaedc, 0xaedc, 0xaedc, 0xaedc, 0xaedc, 0xaedc, 0xaedc, 0xaedc, 0xaedc, 0xaedc, 0xaedc, 0xaedc, 0xaedc, 0xaedc, 0xaedc, 0xaedc, 
	0xaedc, 0xaedc, 0xaedc, 0xaedc, 0xaedc, 0xaedc, 0xaedc, 0xaedc, 0xaedc, 0xaedc, 0xaedc, 0xaedc, 0xaedc, 0xaedc, 0xaedc, 0xaedc, 
	0xaedc, 0xaedc, 0xaedc, 0xaedc, 0xaedc, 0xaedc, 0xaedc, 0xaedc, 0xaedc, 0xaedc, 0xaedc, 0xaedc, 0xaedc, 0xaedc, 0xaedc, 0xaedc, 
	0xaedc, 0xaedc, 0xaedc, 0xaedc, 0xaedc, 0xaedc, 0xaedc, 0xaedc, 0xaedc, 0xaedc, 0xaedc, 0xaedc, 0xaedc, 0xaedc, 0xaedc, 0xaedc, 
	0xaedc, 0xaedc, 0xaedc, 0xaedc, 0xaedc, 0xaedc, 0xaedc, 0xaedc, 0xaedc, 0xaedc, 0xaedc, 0xaedc, 0xaedc, 0xaedc, 0xaedc, 0xaedc, 
	0xaedc, 0xaedc, 0xaedc, 0xaedc, 0xaedc, 0xaedc, 0xaedc, 0xaedc, 0xaedc, 0xaedc, 0xaedc, 0xaedc, 0xaedc, 0xaedc, 0xaedc, 0xaedc, 
	0xaedc, 0xaedc, 0xaedc, 0xaedc, 0xaedc, 0xaedc, 0xaedc, 0xaedc, 0xaedc, 0xaedc, 0xaedc, 0xaedc, 0xaedc, 0xaedc, 0xaedc, 0xaedc, 
	0xaedc, 0xaedc, 0xaedc, 0xaedc, 0xaedc, 0xaedc, 0xaedc, 0xaedc, 0xaedc, 0xaedc, 0xaedc, 0xaedc, 0xaedc, 0xaedc, 0xaedc, 0xaedc, 
	0xaedc, 0xaedc, 0xaedc, 0xaedc, 0xaedc, 0xaedc, 0xaedc, 0xaedc, 0xaedc, 0xaedc, 0xaedc, 0xaedc, 0xaedc, 0xaedc, 0xaedc, 0xaedc, 
	0xaedc, 0xaedc, 0xaedc, 0xaedc, 0xaedc, 0xaedc, 0xaedc, 0xaedc, 0xaedc, 0xaedc, 0xaedc, 0xaedc, 0xaedc, 0xaedc, 0xaedc, 0xaedc, 
	0xaedc, 0xaedc, 0xaedc, 0xaedc, 0xaedc, 0xaedc, 0xaedc, 0xaedc, 0xaedc, 0xaedc, 0xaedc, 0xaedc, 0xaedc, 0xaedc, 0xaedc, 0xaedc, 
	0xaedc, 0xaedc, 0xaedc, 0xaedc, 0xaedc, 0xaedc, 0xaedc, 0xaedc, 0xaedc, 0xaedc, 0xaedc, 0xaedc, 0xaedc, 0xaedc, 0xaedc, 0xaedc, 
	0xaedc, 0xaedc, 0xaedc, 0xaedc, 0xaedc, 0xaedc, 0xaedc, 0xaedc, 0xaedc, 0xaedc, 0xaedc, 0xaedc, 0xaedc, 0xaedc, 0xaedc, 0xaedc, 
	0xaedc, 0xaedc, 0xaedc, 0xaedc, 0xaedc, 0xaedc, 0xaedc, 0xaedc, 0xaedc, 0xaedc, 0xaedc, 0xaedc, 0xaedc, 0xaedc, 0xaedc, 0xaedc, 
	0xaedc, 0xaedc, 0xaedc, 0xaedc, 0xaedc, 0xaedc, 0xaedc, 0xaedc, 0xaedc, 0xaedc, 0xaedc, 0xaedc, 0xaedc, 0xaedc, 0xaedc, 0xaedc, 
	0xaedc, 0xaedc, 0xaedc, 0xaedc, 0xaedc, 0xaedc, 0xaedc, 0xaedc, 0xaedc, 0xaedc, 0xaedc, 0xaedc, 0xaedc, 0xaedc, 0xaedc, 0xaedc, 
	0xaedc, 0xaedc, 0xaedc, 0xaedc, 0xaedc, 0xaedc, 0xaedc, 0xaedc, 0xaedc, 0xaedc, 0xaedc, 0xaedc, 0xaedc, 0xaedc, 0xaedc, 0xaedc, 
	0xaedc, 0xaedc, 0xaedc, 0xaedc, 0xaedc, 0xaedc, 0xaedc, 0xaedc, 0xaedc, 0xaedc, 0xaedc, 0xaedc, 0xaedc, 0xaedc, 0xaedc, 0xaedc, 
	0xaedc, 0xaedc, 0xaedc, 0xaedc, 0xaedc, 0xaedc, 0xaedc, 0xaedc, 0xaedc, 0xaedc, 0xaedc, 0xaedc, 0xaedc, 0xaedc, 0xaedc, 0xaedc, 
	0xaedc, 0xaedc, 0xaedc, 0xaedc, 0xaedc, 0xaedc, 0xaedc, 0xaedc, 0xaedc, 0xaedc, 0xaedc, 0xaedc, 0xaedc, 0xaedc, 0xaedc, 0xaedc, 
	0xaedc, 0xaedc, 0xaedc, 0xaedc, 0xaedc, 0xaedc, 0xaedc, 0xaedc, 0xaedc, 0xaedc, 0xaedc, 0xaedc, 0xaedc, 0xaedc, 0xaedc, 0xaedc, 
	0xaedc, 0xaedc, 0xaedc, 0xaedc, 0xaedc, 0xaedc, 0xaedc, 0xaedc, 0xaedc, 0xaedc, 0xaedc, 0xaedc, 0xaedc, 0xaedc, 0xaedc, 0xaedc, 
	0xaedc, 0xaedc, 0xaedc, 0xaedc, 0xaedc, 0xaedc, 0xaedc, 0xaedc, 0xaedc, 0xaedc, 0xaedc, 0xaedc, 0xaedc, 0xaedc, 0xaedc, 0xaedc, 
	0xaedc, 0xaedc, 0xaedc, 0xaedc, 0xaedc, 0xaedc, 0xaedc, 0xaedc, 0xaedc, 0xaedc, 0xaedc, 0xaedc, 0xaedc, 0xaedc, 0xaedc, 0xaedc, 
	0xaedc, 0xaedc, 0xaedc, 0xaedc, 0xaedc, 0xaedc, 0xaedc, 0xaedc, 0xaedc, 0xaedc, 0xaedc, 0xaedc, 0xaedc, 0xaedc, 0xaedc, 0xaedc, 
	0xaedc, 0xaedc, 0xaedc, 0xaedc, 0xaedc, 0xaedc, 0xaedc, 0xaedc, 0xaedc, 0xaedc, 0xaedc, 0xaedc, 0xaedc, 0xaedc, 0xaedc, 0xaedc, 
	0xaedc, 0xaedc, 0xaedc, 0xaedc, 0xaedc, 0xaedc, 0xaedc, 0xaedc, 0xaedc, 0xaedc, 0xaedc, 0xaedc, 0xaedc, 0xaedc, 0xaedc, 0xaedc, 
	0xaedc, 0xaedc, 0xaedc, 0xaedc, 0xaedc, 0xaedc, 0xaedc, 0xaedc, 0xaedc, 0xaedc, 0xaedc, 0xaedc, 0xaedc, 0xaedc, 0xaedc, 0xaedc, 
	0xaedc, 0xaedc, 0xaedc, 0xaedc, 0xaedc, 0xaedc, 0xaedc, 0xaedc, 0xaedc, 0xaedc, 0xaedc, 0xaedc, 0xaedc, 0xaedc, 0xaedc, 0xaedc, 
	0xaedc, 0xaedc, 0xaedc, 0xaedc, 0xaedc, 0xaedc, 0xaedc, 0xaedc, 0xaedc, 0xaedc, 0xaedc, 0xaedc, 0xaedc, 0xaedc, 0xaedc, 0xaedc, 
	0xaedc, 0xaedc, 0xaedc, 0xaedc, 0xaedc, 0xaedc, 0xaedc, 0xaedc, 0xaedc, 0xaedc, 0xaedc, 0xaedc, 0xaedc, 0xaedc, 0xaedc, 0xaedc, 
	0xaedc, 0xaedc, 0xaedc, 0xaedc, 0xaedc, 0xaedc, 0xaedc, 0xaedc, 0xaedc, 0xaedc, 0xaedc, 0xaedc, 0xaedc, 0xaedc, 0xaedc, 0xaedc, 
	0xaedc, 0xaedc, 0xaedc, 0xaedc, 0xaedc, 0xaedc, 0xaedc, 0xaedc, 0xaedc, 0xaedc, 0xaedc, 0xaedc, 0xaedc, 0xaedc, 0xaedc, 0xaedc, 
	0xaedc, 0xaedc, 0xaedc, 0xaedc, 0xaedc, 0xaedc, 0xaedc, 0xaedc, 0xaedc, 0xaedc, 0xaedc, 0xaedc, 0xaedc, 0xaedc, 0xaedc, 0xaedc, 
	0xaedc, 0xaedc, 0xaedc, 0xaedc, 0xaedc, 0xaedc, 0xaedc, 0xaedc, 0xaedc, 0xaedc, 0xaedc, 0xaedc, 0xaedc, 0xaedc, 0xaedc, 0xaedc, 
	0xaedc, 0xaedc, 0xaedc, 0xaedc, 0xaedc, 0xaedc, 0xaedc, 0xaedc, 0xaedc, 0xaedc, 0xaedc, 0xaedc, 0xaedc, 0xaedc, 0xaedc, 0xaedc, 
	0xaedc, 0xaedc, 0xaedc, 0xaedc, 0xaedc, 0xaedc, 0xaedc, 0xaedc, 0xaedc, 0xaedc, 0xaedc, 0xaedc, 0xaedc, 0xaedc, 0xaedc, 0xaedc, 
	0xaedc, 0xaedc, 0xaedc, 0xaedc, 0xaedc, 0xaedc, 0xaedc, 0xaedc, 0xaedc, 0xaedc, 0xaedc, 0xaedc, 0xaedc, 0xaedc, 0xaedc, 0xaedc, 
	0xaedc, 0xaedc, 0xaedc, 0xaedc, 0xaedc, 0xaedc, 0xaedc, 0xaedc, 0xaedc, 0xaedc, 0xaedc, 0xaedc, 0xaedc, 0xaedc, 0xaedc, 0xaedc, 
	0xaedc, 0xaedc, 0xaedc, 0xaedc, 0xaedc, 0xaedc, 0xaedc, 0xaedc, 0xaedc, 0xaedc, 0xaedc, 0xaedc, 0xaedc, 0xaedc, 0xaedc, 0xaedc, 
	0xaedc, 0xaedc, 0xaedc, 0xaedc, 0xaedc, 0xaedc, 0xaedc, 0xaedc, 0xaedc, 0xaedc, 0xaedc, 0xaedc, 0xaedc, 0xaedc, 0xaedc, 0xaedc, 
	0xaedc, 0xaedc, 0xaedc, 0xaedc, 0xaedc, 0xaedc, 0xaedc, 0xaedc, 0xaedc, 0xaedc, 0xaedc, 0xaedc, 0xaedc, 0xaedc, 0xaedc, 0xaedc, 
	0xaedc, 0xaedc, 0xaedc, 0xaedc, 0xaedc, 0xaedc, 0xaedc, 0xaedc, 0xaedc, 0xaedc, 0xaedc, 0xaedc, 0xaedc, 0xaedc, 0xaedc, 0xaedc, 
	0xaedc, 0xaedc, 0xaedc, 0xaedc, 0xaedc, 0xaedc, 0xaedc, 0xaedc, 0xaedc, 0xaedc, 0xaedc, 0xaedc, 0xaedc, 0xaedc, 0xaedc, 0xaedc, 
	0xaedc, 0xaedc, 0xaedc, 0xaedc, 0xaedc, 0xaedc, 0xaedc, 0xaedc, 0xaedc, 0xaedc, 0xaedc, 0xaedc, 0xaedc, 0xaedc, 0xaedc, 0xaedc, 
	0xaedc, 0xaedc, 0xaedc, 0xaedc, 0xaedc, 0xaedc, 0xaedc, 0xaedc, 0xaedc, 0xaedc, 0xaedc, 0xaedc, 0xaedc, 0xaedc, 0xaedc, 0xaedc, 
	0xaedc, 0xaedc, 0xaedc, 0xaedc, 0xaedc, 0xaedc, 0xaedc, 0xaedc, 0xaedc, 0xaedc, 0xaedc, 0xaedc, 0xaedc, 0xaedc, 0xaedc, 0xaedc, 
	0xaedc, 0xaedc, 0xaedc, 0xaedc, 0xaedc, 0xaedc, 0xaedc, 0xaedc, 0xaedc, 0xaedc, 0xaedc, 0xaedc, 0xaedc, 0xaedc, 0xaedc, 0xaedc, 
	0xaedc, 0xaedc, 0xaedc, 0xaedc, 0xaedc, 0xaedc, 0xaedc, 0xaedc, 0xaedc, 0xaedc, 0xaedc, 0xaedc, 0xaedc, 0xaedc, 0xaedc, 0xaedc, 
	0xaedc, 0xaedc, 0xaedc, 0xaedc, 0xaedc, 0xaedc, 0xaedc, 0xaedc, 0xaedc, 0xaedc, 0xaedc, 0xaedc, 0xaedc, 0xaedc, 0xaedc, 0xaedc, 
	0xaedc, 0xaedc, 0xaedc, 0xaedc, 0xaedc, 0xaedc, 0xaedc, 0xaedc, 0xaedc, 0xaedc, 0xaedc, 0xaedc, 0xaedc, 0xaedc, 0xaedc, 0xaedc, 
	0xaedc, 0xaedc, 0xaedc, 0xaedc, 0xaedc, 0xaedc, 0xaedc, 0xaedc, 0xaedc, 0xaedc, 0xaedc, 0xaedc, 0xaedc, 0xaedc, 0xaedc, 0xaedc, 
	0xaedc, 0xaedc, 0xaedc, 0xaedc, 0xaedc, 0xaedc, 0xaedc, 0xaedc, 0xaedc, 0xaedc, 0xaedc, 0xaedc, 0xaedc, 0xaedc, 0xaedc, 0xaedc, 
	0xaedc, 0xaedc, 0xaedc, 0xaedc, 0xaedc, 0xaedc, 0xaedc, 0xaedc, 0xaedc, 0xaedc, 0xaedc, 0xaedc, 0xaedc, 0xaedc, 0xaedc, 0xaedc, 
	0xaedc, 0xaedc, 0xaedc, 0xaedc, 0xaedc, 0xaedc, 0xaedc, 0xaedc, 0xaedc, 0xaedc, 0xaedc, 0xaedc, 0xaedc, 0xaedc, 0xaedc, 0xaedc, 
	0xaedc, 0xaedc, 0xaedc, 0xaedc, 0xaedc, 0xaedc, 0xaedc, 0xaedc, 0xaedc, 0xaedc, 0xaedc, 0xaedc, 0xaedc, 0xaedc, 0xaedc, 0xaedc, 
	0xaedc, 0xaedc, 0xaedc, 0xaedc, 0xaedc, 0xaedc, 0xaedc, 0xaedc, 0xaedc, 0xaedc, 0xaedc, 0xaedc, 0xaedc, 0xaedc, 0xaedc, 0xaedc, 
	0xaedc, 0xaedc, 0xaedc, 0xaedc, 0xaedc, 0xaedc, 0xaedc, 0xaedc, 0xaedc, 0xaedc, 0xaedc, 0xaedc, 0xaedc, 0xaedc, 0xaedc, 0xaedc, 
	0xaedc, 0xaedc, 0xaedc, 0xaedc, 0xaedc, 0xaedc, 0xaedc, 0xaedc, 0xaedc, 0xaedc, 0xaedc, 0xaedc, 0xaedc, 0xaedc, 0xaedc, 0xaedc, 
	0xaedc, 0xaedc, 0xaedc, 0xaedc, 0xaedc, 0xaedc, 0xaedc, 0xaedc, 0xaedc, 0xaedc, 0xaedc, 0xaedc, 0xaedc, 0xaedc, 0xaedc, 0xaedc, 
	0xaedc, 0xaedc, 0xaedc, 0xaedc, 0xaedc, 0xaedc, 0xaedc, 0xaedc, 0xaedc, 0xaedc, 0xaedc, 0xaedc, 0xaedc, 0xaedc, 0xaedc, 0xaedc, 
	0xaedc, 0xaedc, 0xaedc, 0xaedc, 0xaedc, 0xaedc, 0xaedc, 0xaedc, 0xaedc, 0xaedc, 0xaedc, 0xaedc, 0xaedc, 0xaedc, 0xaedc, 0xaedc, 
	0xaedc, 0xaedc, 0xaedc, 0xaedc, 0xaedc, 0xaedc, 0xaedc, 0xaedc, 0xaedc, 0xaedc, 0xaedc, 0xaedc, 0xaedc, 0xaedc, 0xaedc, 0xaedc, 
	0xaedc, 0xaedc, 0xaedc, 0xaedc, 0xaedc, 0xaedc, 0xaedc, 0xaedc, 0xaedc, 0xaedc, 0xaedc, 0xaedc, 0xaedc, 0xaedc, 0xaedc, 0xaedc, 
	0xaedc, 0xaedc, 0xaedc, 0xaedc, 0xaedc, 0xaedc, 0xaedc, 0xaedc, 0xaedc, 0xaedc, 0xaedc, 0xaedc, 0xaedc, 0xaedc, 0xaedc, 0xaedc, 
	0xaedc, 0xaedc, 0xaedc, 0xaedc, 0xaedc, 0xaedc, 0xaedc, 0xaedc, 0xaedc, 0xaedc, 0xaedc, 0xaedc, 0xaedc, 0xaedc, 0xaedc, 0xaedc, 
	0xaedc, 0xaedc, 0xaedc, 0xaedc, 0xaedc, 0xaedc, 0xaedc, 0xaedc, 0xaedc, 0xaedc, 0xaedc, 0xaedc, 0xaedc, 0xaedc, 0xaedc, 0xaedc, 
	0xaedc, 0xaedc, 0xaedc, 0xaedc, 0xaedc, 0xaedc, 0xaedc, 0xaedc, 0xaedc, 0xaedc, 0xaedc, 0xaedc, 0xaedc, 0xaedc, 0xaedc, 0xaedc, 
	0xaedc, 0xaedc, 0xaedc, 0xaedc, 0xaedc, 0xaedc, 0xaedc, 0xaedc, 0xaedc, 0xaedc, 0xaedc, 0xaedc, 0xaedc, 0xaedc, 0xaedc, 0xaedc, 
	0xaedc, 0xaedc, 0xaedc, 0xaedc, 0xaedc, 0xaedc, 0xaedc, 0xaedc, 0xaedc, 0xaedc, 0xaedc, 0xaedc, 0xaedc, 0xaedc, 0xaedc, 0xaedc, 
	0xaedc, 0xaedc, 0xaedc, 0xaedc, 0xaedc, 0xaedc, 0xaedc, 0xaedc, 0xaedc, 0xaedc, 0xaedc, 0xaedc, 0xaedc, 0xaedc, 0xaedc, 0xaedc, 
	0xaedc, 0xaedc, 0xaedc, 0xaedc, 0xaedc, 0xaedc, 0xaedc, 0xaedc, 0xaedc, 0xaedc, 0xaedc, 0xaedc, 0xaedc, 0xaedc, 0xaedc, 0xaedc, 
	0xaedc, 0xaedc, 0xaedc, 0xaedc, 0xaedc, 0xaedc, 0xaedc, 0xaedc, 0xaedc, 0xaedc, 0xaedc, 0xaedc, 0xaedc, 0xaedc, 0xaedc, 0xaedc, 
	0xaedc, 0xaedc, 0xaedc, 0xaedc, 0xaedc, 0xaedc, 0xaedc, 0xaedc, 0xaedc, 0xaedc, 0xaedc, 0xaedc, 0xaedc, 0xaedc, 0xaedc, 0xaedc, 
	0xaedc, 0xaedc, 0xaedc, 0xaedc, 0xaedc, 0xaedc, 0xaedc, 0xaedc, 0xaedc, 0xaedc, 0xaedc, 0xaedc, 0xaedc, 0xaedc, 0xaedc, 0xaedc, 
	0xaedc, 0xaedc, 0xaedc, 0xaedc, 0xaedc, 0xaedc, 0xaedc, 0xaedc, 0xaedc, 0xaedc, 0xaedc, 0xaedc, 0xaedc, 0xaedc, 0xaedc, 0xaedc, 
	0xaedc, 0xaedc, 0xaedc, 0xaedc, 0xaedc, 0xaedc, 0xaedc, 0xaedc, 0xaedc, 0xaedc, 0xaedc, 0xaedc, 0xaedc, 0xaedc, 0xaedc, 0xaedc, 
	0xaedc, 0xaedc, 0xaedc, 0xaedc, 0xaedc, 0xaedc, 0xaedc, 0xaedc, 0xaedc, 0xaedc, 0xaedc, 0xaedc, 0xaedc, 0xaedc, 0xaedc, 0xaedc, 
	0xaedc, 0xaedc, 0xaedc, 0xaedc, 0xaedc, 0xaedc, 0xaedc, 0xaedc, 0xaedc, 0xaedc, 0xaedc, 0xaedc, 0xaedc, 0xaedc, 0xaedc, 0xaedc, 
	0xaedc, 0xaedc, 0xaedc, 0xaedc, 0xaedc, 0xaedc, 0xaedc, 0xaedc, 0xaedc, 0xaedc, 0xaedc, 0xaedc, 0xaedc, 0xaedc, 0xaedc, 0xaedc, 
	0xaedc, 0xaedc, 0xaedc, 0xaedc, 0xaedc, 0xaedc, 0xaedc, 0xaedc, 0xaedc, 0xaedc, 0xaedc, 0xaedc, 0xaedc, 0xaedc, 0xaedc, 0xaedc, 
	0xaedc, 0xaedc, 0xaedc, 0xaedc, 0xaedc, 0xaedc, 0xaedc, 0xaedc, 0xaedc, 0xaedc, 0xaedc, 0xaedc, 0xaedc, 0xaedc, 0xaedc, 0xaedc, 
	0xaedc, 0xaedc, 0xaedc, 0xaedc, 0xaedc, 0xaedc, 0xaedc, 0xaedc, 0xaedc, 0xaedc, 0xaedc, 0xaedc, 0xaedc, 0xaedc, 0xaedc, 0xaedc, 
	0xaedc, 0xaedc, 0xaedc, 0xaedc, 0xaedc, 0xaedc, 0xaedc, 0xaedc, 0xaedc, 0xaedc, 0xaedc, 0xaedc, 0xaedc, 0xaedc, 0xaedc, 0xaedc, 
	0xaedc, 0xaedc, 0xaedc, 0xaedc, 0xaedc, 0xaedc, 0xaedc, 0xaedc, 0xaedc, 0xaedc, 0xaedc, 0xaedc, 0xaedc, 0xaedc, 0xaedc, 0xaedc, 
	0xaedc, 0xaedc, 0xaedc, 0xaedc, 0xaedc, 0xaedc, 0xaedc, 0xaedc, 0xaedc, 0xaedc, 0xaedc, 0xaedc, 0xaedc, 0xaedc, 0xaedc, 0xaedc, 
	0xaedc, 0xaedc, 0xaedc, 0xaedc, 0xaedc, 0xaedc, 0xaedc, 0xaedc, 0xaedc, 0xaedc, 0xaedc, 0xaedc, 0xaedc, 0xaedc, 0xaedc, 0xaedc, 
	0xaedc, 0xaedc, 0xaedc, 0xaedc, 0xaedc, 0xaedc, 0xaedc, 0xaedc, 0xaedc, 0xaedc, 0xaedc, 0xaedc, 0xaedc, 0xaedc, 0xaedc, 0xaedc, 
	0xaedc, 0xaedc, 0xaedc, 0xaedc, 0xaedc, 0xaedc, 0xaedc, 0xaedc, 0xaedc, 0xaedc, 0xaedc, 0xaedc, 0xaedc, 0xaedc, 0xaedc, 0xaedc, 
	0xaedc, 0xaedc, 0xaedc, 0xaedc, 0xaedc, 0xaedc, 0xaedc, 0xaedc, 0xaedc, 0xaedc, 0xaedc, 0xaedc, 0xaedc, 0xaedc, 0xaedc, 0xaedc, 
	0xaedc, 0xaedc, 0xaedc, 0xaedc, 0xaedc, 0xaedc, 0xaedc, 0xaedc, 0xaedc, 0xaedc, 0xaedc, 0xaedc, 0xaedc, 0xaedc, 0xaedc, 0xaedc, 
	0xaedc, 0xaedc, 0xaedc, 0xaedc, 0xaedc, 0xaedc, 0xaedc, 0xaedc, 0xaedc, 0xaedc, 0xaedc, 0xaedc, 0xaedc, 0xaedc, 0xaedc, 0xaedc, 
	0xaedc, 0xaedc, 0xaedc, 0xaedc, 0xaedc, 0xaedc, 0xaedc, 0xaedc, 0xaedc, 0xaedc, 0xaedc, 0xaedc, 0xaedc, 0xaedc, 0xaedc, 0xaedc, 
	0xaedc, 0xaedc, 0xaedc, 0xaedc, 0xaedc, 0xaedc, 0xaedc, 0xaedc, 0xaedc, 0xaedc, 0xaedc, 0xaedc, 0xaedc, 0xaedc, 0xaedc, 0xaedc, 
	0xaedc, 0xaedc, 0xaedc, 0xaedc, 0xaedc, 0xaedc, 0xaedc, 0xaedc, 0xaedc, 0xaedc, 0xaedc, 0xaedc, 0xaedc, 0xaedc, 0xaedc, 0xaedc, 
	0xaedc, 0xaedc, 0xaedc, 0xaedc, 0xaedc, 0xaedc, 0xaedc, 0xaedc, 0xaedc, 0xaedc, 0xaedc, 0xaedc, 0xaedc, 0xaedc, 0xaedc, 0xaedc, 
	0xaedc, 0xaedc, 0xaedc, 0xaedc, 0xaedc, 0xaedc, 0xaedc, 0xaedc, 0xaedc, 0xaedc, 0xaedc, 0xaedc, 0xaedc, 0xaedc, 0xaedc, 0xaedc, 
	0xaedc, 0xaedc, 0xaedc, 0xaedc, 0xaedc, 0xaedc, 0xaedc, 0xaedc, 0xaedc, 0xaedc, 0xaedc, 0xaedc, 0xaedc, 0xaedc, 0xaedc, 0xaedc, 
	0xaedc, 0xaedc, 0xaedc, 0xaedc, 0xaedc, 0xaedc, 0xaedc, 0xaedc, 0xaedc, 0xaedc, 0xaedc, 0xaedc, 0xaedc, 0xaedc, 0xaedc, 0xaedc, 
	0xaedc, 0xaedc, 0xaedc, 0xaedc, 0xaedc, 0xaedc, 0xaedc, 0xaedc, 0xaedc, 0xaedc, 0xaedc, 0xaedc, 0xaedc, 0xaedc, 0xaedc, 0xaedc, 
	0xaedc, 0xaedc, 0xaedc, 0xaedc, 0xaedc, 0xaedc, 0xaedc, 0xaedc, 0xaedc, 0xaedc, 0xaedc, 0xaedc, 0xaedc, 0xaedc, 0xaedc, 0xaedc, 
	0xaedc, 0xaedc, 0xaedc, 0xaedc, 0xaedc, 0xaedc, 0xaedc, 0xaedc, 0xaedc, 0xaedc, 0xaedc, 0xaedc, 0xaedc, 0xaedc, 0xaedc, 0xaedc, 
	0xaedc, 0xaedc, 0xaedc, 0xaedc, 0xaedc, 0xaedc, 0xaedc, 0xaedc, 0xaedc, 0xaedc, 0xaedc, 0xaedc, 0xaedc, 0xaedc, 0xaedc, 0xaedc, 
	0xaedc, 0xaedc, 0xaedc, 0xaedc, 0xaedc, 0xaedc, 0xaedc, 0xaedc, 0xaedc, 0xaedc, 0xaedc, 0xaedc, 0xaedc, 0xaedc, 0xaedc, 0xaedc, 
	0xaedc, 0xaedc, 0xaedc, 0xaedc, 0xaedc, 0xaedc, 0xaedc, 0xaedc, 0xaedc, 0xaedc, 0xaedc, 0xaedc, 0xaedc, 0xaedc, 0xaedc, 0xaedc, 
	0xaedc, 0xaedc, 0xaedc, 0xaedc, 0xaedc, 0xaedc, 0xaedc, 0xaedc, 0xaedc, 0xaedc, 0xaedc, 0xaedc, 0xaedc, 0xaedc, 0xaedc, 0xaedc, 
	0xaedc, 0xaedc, 0xaedc, 0xaedc, 0xaedc, 0xaedc, 0xaedc, 0xaedc, 0xaedc, 0xaedc, 0xaedc, 0xaedc, 0xaedc, 0xaedc, 0xaedc, 0xaedc, 
	0xaedc, 0xaedc, 0xaedc, 0xaedc, 0xaedc, 0xaedc, 0xaedc, 0xaedc, 0xaedc, 0xaedc, 0xaedc, 0xaedc, 0xaedc, 0xaedc, 0xaedc, 0xaedc, 
	0xaedc, 0xaedc, 0xaedc, 0xaedc, 0xaedc, 0xaedc, 0xaedc, 0xaedc, 0xaedc, 0xaedc, 0xaedc, 0xaedc, 0xaedc, 0xaedc, 0xaedc, 0xaedc, 
	0xaedc, 0xaedc, 0xaedc, 0xaedc, 0xaedc, 0xaedc, 0xaedc, 0xaedc, 0xaedc, 0xaedc, 0xaedc, 0xaedc, 0xaedc, 0xaedc, 0xaedc, 0xaedc, 
	0xaedc, 0xaedc, 0xaedc, 0xaedc, 0xaedc, 0xaedc, 0xaedc, 0xaedc, 0xaedc, 0xaedc, 0xaedc, 0xaedc, 0xaedc, 0xaedc, 0xaedc, 0xaedc, 
	0xaedc, 0xaedc, 0xaedc, 0xaedc, 0xaedc, 0xaedc, 0xaedc, 0xaedc, 0xaedc, 0xaedc, 0xaedc, 0xaedc, 0xaedc, 0xaedc, 0xaedc, 0xaedc, 
	0xaedc, 0xaedc, 0xaedc, 0xaedc, 0xaedc, 0xaedc, 0xaedc, 0xaedc, 0xaedc, 0xaedc, 0xaedc, 0xaedc, 0xaedc, 0xaedc, 0xaedc, 0xaedc, 
	0xaedc, 0xaedc, 0xaedc, 0xaedc, 0xaedc, 0xaedc, 0xaedc, 0xaedc, 0xaedc, 0xaedc, 0xaedc, 0xaedc, 0xaedc, 0xaedc, 0xaedc, 0xaedc, 
	0xaedc, 0xaedc, 0xaedc, 0xaedc, 0xaedc, 0xaedc, 0xaedc, 0xaedc, 0xaedc, 0xaedc, 0xaedc, 0xaedc, 0xaedc, 0xaedc, 0xaedc, 0xaedc, 
	0xaedc, 0xaedc, 0xaedc, 0xaedc, 0xaedc, 0xaedc, 0xaedc, 0xaedc, 0xaedc, 0xaedc, 0xaedc, 0xaedc, 0xaedc, 0xaedc, 0xaedc, 0xaedc, 
	0xaedc, 0xaedc, 0xaedc, 0xaedc, 0xaedc, 0xaedc, 0xaedc, 0xaedc, 0xaedc, 0xaedc, 0xaedc, 0xaedc, 0xaedc, 0xaedc, 0xaedc, 0xaedc, 
	0xaedc, 0xaedc, 0xaedc, 0xaedc, 0xaedc, 0xaedc, 0xaedc, 0xaedc, 0xaedc, 0xaedc, 0xaedc, 0xaedc, 0xaedc, 0xaedc, 0xaedc, 0xaedc, 
	0xaedc, 0xaedc, 0xaedc, 0xaedc, 0xaedc, 0xaedc, 0xaedc, 0xaedc, 0xaedc, 0xaedc, 0xaedc, 0xaedc, 0xaedc, 0xaedc, 0xaedc, 0xaedc, 
	0xaedc, 0xaedc, 0xaedc, 0xaedc, 0xaedc, 0xaedc, 0xaedc, 0xaedc, 0xaedc, 0xaedc, 0xaedc, 0xaedc, 0xaedc, 0xaedc, 0xaedc, 0xaedc, 
	0xaedc, 0xaedc, 0xaedc, 0xaedc, 0xaedc, 0xaedc, 0xaedc, 0xaedc, 0xaedc, 0xaedc, 0xaedc, 0xaedc, 0xaedc, 0xaedc, 0xaedc, 0xaedc, 
	0xaedc, 0xaedc, 0xaedc, 0xaedc, 0xaedc, 0xaedc, 0xaedc, 0xaedc, 0xaedc, 0xaedc, 0xaedc, 0xaedc, 0xaedc, 0xaedc, 0xaedc, 0xaedc, 
	0xaedc, 0xaedc, 0xaedc, 0xaedc, 0xaedc, 0xaedc, 0xaedc, 0xaedc, 0xaedc, 0xaedc, 0xaedc, 0xaedc, 0xaedc, 0xaedc, 0xaedc, 0xaedc, 
	0xaedc, 0xaedc, 0xaedc, 0xaedc, 0xaedc, 0xaedc, 0xaedc, 0xaedc, 0xaedc, 0xaedc, 0xaedc, 0xaedc, 0xaedc, 0xaedc, 0xaedc, 0xaedc, 
	0xaedc, 0xaedc, 0xaedc, 0xaedc, 0xaedc, 0xaedc, 0xaedc, 0xaedc, 0xaedc, 0xaedc, 0xaedc, 0xaedc, 0xaedc, 0xaedc, 0xaedc, 0xaedc, 
	0xaedc, 0xaedc, 0xaedc, 0xaedc, 0xaedc, 0xaedc, 0xaedc, 0xaedc, 0xaedc, 0xaedc, 0xaedc, 0xaedc, 0xaedc, 0xaedc, 0xaedc, 0xaedc, 
	0xaedc, 0xaedc, 0xaedc, 0xaedc, 0xaedc, 0xaedc, 0xaedc, 0xaedc, 0xaedc, 0xaedc, 0xaedc, 0xaedc, 0xaedc, 0xaedc, 0xaedc, 0xaedc, 
	0xaedc, 0xaedc, 0xaedc, 0xaedc, 0xaedc, 0xaedc, 0xaedc, 0xaedc, 0xaedc, 0xaedc, 0xaedc, 0xaedc, 0xaedc, 0xaedc, 0xaedc, 0xaedc, 
	0xaedc, 0xaedc, 0xaedc, 0xaedc, 0xaedc, 0xaedc, 0xaedc, 0xaedc, 0xaedc, 0xaedc, 0xaedc, 0xaedc, 0xaedc, 0xaedc, 0xaedc, 0xaedc, 
	0xaedc, 0xaedc, 0xaedc, 0xaedc, 0xaedc, 0xaedc, 0xaedc, 0xaedc, 0xaedc, 0xaedc, 0xaedc, 0xaedc, 0xaedc, 0xaedc, 0xaedc, 0xaedc, 
	0xaedc, 0xaedc, 0xaedc, 0xaedc, 0xaedc, 0xaedc, 0xaedc, 0xaedc, 0xaedc, 0xaedc, 0xaedc, 0xaedc, 0xaedc, 0xaedc, 0xaedc, 0xaedc, 
	0xaedc, 0xaedc, 0xaedc, 0xaedc, 0xaedc, 0xaedc, 0xaedc, 0xaedc, 0xaedc, 0xaedc, 0xaedc, 0xaedc, 0xaedc, 0xaedc, 0xaedc, 0xaedc, 
	0xaedc, 0xaedc, 0xaedc, 0xaedc, 0xaedc, 0xaedc, 0xaedc, 0xaedc, 0xaedc, 0xaedc, 0xaedc, 0xaedc, 0xaedc, 0xaedc, 0xaedc, 0xaedc, 
	0xaedc, 0xaedc, 0xaedc, 0xaedc, 0xaedc, 0xaedc, 0xaedc, 0xaedc, 0xaedc, 0xaedc, 0xaedc, 0xaedc, 0xaedc, 0xaedc, 0xaedc, 0xaedc, 
	0xaedc, 0xaedc, 0xaedc, 0xaedc, 0xaedc, 0xaedc, 0xaedc, 0xaedc, 0xaedc, 0xaedc, 0xaedc, 0xaedc, 0xaedc, 0xaedc, 0xaedc, 0xaedc, 
	0xaedc, 0xaedc, 0xaedc, 0xaedc, 0xaedc, 0xaedc, 0xaedc, 0xaedc, 0xaedc, 0xaedc, 0xaedc, 0xaedc, 0xaedc, 0xaedc, 0xaedc, 0xaedc, 
	0xaedc, 0xaedc, 0xaedc, 0xaedc, 0xaedc, 0xaedc, 0xaedc, 0xaedc, 0xaedc, 0xaedc, 0xaedc, 0xaedc, 0xaedc, 0xaedc, 0xaedc, 0xaedc, 
	0xaedc, 0xaedc, 0xaedc, 0xaedc, 0xaedc, 0xaedc, 0xaedc, 0xaedc, 0xaedc, 0xaedc, 0xaedc, 0xaedc, 0xaedc, 0xaedc, 0xaedc, 0xaedc, 
	0xaedc, 0xaedc, 0xaedc, 0xaedc, 0xaedc, 0xaedc, 0xaedc, 0xaedc, 0xaedc, 0xaedc, 0xaedc, 0xaedc, 0xaedc, 0xaedc, 0xaedc, 0xaedc, 
	0xaedc, 0xaedc, 0xaedc, 0xaedc, 0xaedc, 0xaedc, 0xaedc, 0xaedc, 0xaedc, 0xaedc, 0xaedc, 0xaedc, 0xaedc, 0xaedc, 0xaedc, 0xaedc, 
	0xaedc, 0xaedc, 0xaedc, 0xaedc, 0xaedc, 0xaedc, 0xaedc, 0xaedc, 0xaedc, 0xaedc, 0xaedc, 0xaedc, 0xaedc, 0xaedc, 0xaedc, 0xaedc, 
	0xaedc, 0xaedc, 0xaedc, 0xaedc, 0xaedc, 0xaedc, 0xaedc, 0xaedc, 0xaedc, 0xaedc, 0xaedc, 0xaedc, 0xaedc, 0xaedc, 0xaedc, 0xaedc, 
	0xaedc, 0xaedc, 0xaedc, 0xaedc, 0xaedc, 0xaedc, 0xaedc, 0xaedc, 0xaedc, 0xaedc, 0xaedc, 0xaedc, 0xaedc, 0xaedc, 0xaedc, 0xaedc, 
	0xaedc, 0xaedc, 0xaedc, 0xaedc, 0xaedc, 0xaedc, 0xaedc, 0xaedc, 0xaedc, 0xaedc, 0xaedc, 0xaedc, 0xaedc, 0xaedc, 0xaedc, 0xaedc, 
	0xaedc, 0xaedc, 0xaedc, 0xaedc, 0xaedc, 0xaedc, 0xaedc, 0xaedc, 0xaedc, 0xaedc, 0xaedc, 0xaedc, 0xaedc, 0xaedc, 0xaedc, 0xaedc, 
	0xaedc, 0xaedc, 0xaedc, 0xaedc, 0xaedc, 0xaedc, 0xaedc, 0xaedc, 0xaedc, 0xaedc, 0xaedc, 0xaedc, 0xaedc, 0xaedc, 0xaedc, 0xaedc, 
	0xaedc, 0xaedc, 0xaedc, 0xaedc, 0xaedc, 0xaedc, 0xaedc, 0xaedc, 0xaedc, 0xaedc, 0xaedc, 0xaedc, 0xaedc, 0xaedc, 0xaedc, 0xaedc, 
	0xaedc, 0xaedc, 0xaedc, 0xaedc, 0xaedc, 0xaedc, 0xaedc, 0xaedc, 0xaedc, 0xaedc, 0xaedc, 0xaedc, 0xaedc, 0xaedc, 0xaedc, 0xaedc, 
	0xaedc, 0xaedc, 0xaedc, 0xaedc, 0xaedc, 0xaedc, 0xaedc, 0xaedc, 0xaedc, 0xaedc, 0xaedc, 0xaedc, 0xaedc, 0xaedc, 0xaedc, 0xaedc, 
	0xaedc, 0xaedc, 0xaedc, 0xaedc, 0xaedc, 0xaedc, 0xaedc, 0xaedc, 0xaedc, 0xaedc, 0xaedc, 0xaedc, 0xaedc, 0xaedc, 0xaedc, 0xaedc, 
	0xaedc, 0xaedc, 0xaedc, 0xaedc, 0xaedc, 0xaedc, 0xaedc, 0xaedc, 0xaedc, 0xaedc, 0xaedc, 0xaedc, 0xaedc, 0xaedc, 0xaedc, 0xaedc, 
	0xaedc, 0xaedc, 0xaedc, 0xaedc, 0xaedc, 0xaedc, 0xaedc, 0xaedc, 0xaedc, 0xaedc, 0xaedc, 0xaedc, 0xaedc, 0xaedc, 0xaedc, 0xaedc, 
	0xaedc, 0xaedc, 0xaedc, 0xaedc, 0xaedc, 0xaedc, 0xaedc, 0xaedc, 0xaedc, 0xaedc, 0xaedc, 0xaedc, 0xaedc, 0xaedc, 0xaedc, 0xaedc, 
	0xaedc, 0xaedc, 0xaedc, 0xaedc, 0xaedc, 0xaedc, 0xaedc, 0xaedc, 0xaedc, 0xaedc, 0xaedc, 0xaedc, 0xaedc, 0xaedc, 0xaedc, 0xaedc, 
	0xaedc, 0xaedc, 0xaedc, 0xaedc, 0xaedc, 0xaedc, 0xaedc, 0xaedc, 0xaedc, 0xaedc, 0xaedc, 0xaedc, 0xaedc, 0xaedc, 0xaedc, 0xaedc, 
	0xaedc, 0xaedc, 0xaedc, 0xaedc, 0xaedc, 0xaedc, 0xaedc, 0xaedc, 0xaedc, 0xaedc, 0xaedc, 0xaedc, 0xaedc, 0xaedc, 0xaedc, 0xaedc, 
	0xaedc, 0xaedc, 0xaedc, 0xaedc, 0xaedc, 0xaedc, 0xaedc, 0xaedc, 0xaedc, 0xaedc, 0xaedc, 0xaedc, 0xaedc, 0xaedc, 0xaedc, 0xaedc, 
	0xaedc, 0xaedc, 0xaedc, 0xaedc, 0xaedc, 0xaedc, 0xaedc, 0xaedc, 0xaedc, 0xaedc, 0xaedc, 0xaedc, 0xaedc, 0xaedc, 0xaedc, 0xaedc, 
	0xaedc, 0xaedc, 0xaedc, 0xaedc, 0xaedc, 0xaedc, 0xaedc, 0xaedc, 0xaedc, 0xaedc, 0xaedc, 0xaedc, 0xaedc, 0xaedc, 0xaedc, 0xaedc, 
	0xaedc, 0xaedc, 0xaedc, 0xaedc, 0xaedc, 0xaedc, 0xaedc, 0xaedc, 0xaedc, 0xaedc, 0xaedc, 0xaedc, 0xaedc, 0xaedc, 0xaedc, 0xaedc, 
	0xaedc, 0xaedc, 0xaedc, 0xaedc, 0xaedc, 0xaedc, 0xaedc, 0xaedc, 0xaedc, 0xaedc, 0xaedc, 0xaedc, 0xaedc, 0xaedc, 0xaedc, 0xaedc, 
	0xaedc, 0xaedc, 0xaedc, 0xaedc, 0xaedc, 0xaedc, 0xaedc, 0xaedc, 0xaedc, 0xaedc, 0xaedc, 0xaedc, 0xaedc, 0xaedc, 0xaedc, 0xaedc, 
	0xaedc, 0xaedc, 0xaedc, 0xaedc, 0xaedc, 0xaedc, 0xaedc, 0xaedc, 0xaedc, 0xaedc, 0xaedc, 0xaedc, 0xaedc, 0xaedc, 0xaedc, 0xaedc, 
	0xaedc, 0xaedc, 0xaedc, 0xaedc, 0xaedc, 0xaedc, 0xaedc, 0xaedc, 0xaedc, 0xaedc, 0xaedc, 0xaedc, 0xaedc, 0xaedc, 0xaedc, 0xaedc, 
	0xaedc, 0xaedc, 0xaedc, 0xaedc, 0xaedc, 0xaedc, 0xaedc, 0xaedc, 0xaedc, 0xaedc, 0xaedc, 0xaedc, 0xaedc, 0xaedc, 0xaedc, 0xaedc, 
	0xaedc, 0xaedc, 0xaedc, 0xaedc, 0xaedc, 0xaedc, 0xaedc, 0xaedc, 0xaedc, 0xaedc, 0xaedc, 0xaedc, 0xaedc, 0xaedc, 0xaedc, 0xaedc
};

#endif // SCRUB_IMAGE_H