#ifndef SOAP_IMAGE_H
#define SOAP_IMAGE_H

// 'F99A06CB-2C79-40A4-9CBF-D544C6A125F8', 256x256px
const uint16_t soap_map [] PROGMEM = {
	0xaedc, 0xaedc, 0xaedc, 0xaedc, 0xaedc, 0xaedc, 0xaedc, 0xaedc, 0xaedc, 0xaedc, 0xaedc, 0xaedc, 0xaedc, 0xaedc, 0xaedc, 0xaedc, 
	0xaedc, 0xaedc, 0xaedc, 0xaedc, 0xaedc, 0xaedc, 0xaedc, 0xaedc, 0xaedc, 0xaedc, 0xaedc, 0xaedc, 0xaedc, 0xaedc, 0xaedc, 0xaedc, 
	0xaedc, 0xaedc, 0xaedc, 0xaedc, 0xaedc, 0xaedc, 0xaedc, 0xaedc, 0xaedc, 0xaedc, 0xaedc, 0xaedc, 0xaedc, 0xaedc, 0xaedc, 0xaedc, 
	0xaedc, 0xaedc, 0xaedc, 0xaedc, 0xaedc, 0xaedc, 0xaedc, 0xaedc, 0xaedc, 0xaedc, 0xaedc, 0xaedc, 0xaedc, 0xaedc, 0xaedc, 0xaedc, 
	0xaedc, 0xaedc, 0xaedc, 0xaedc, 0xaedc, 0xaedc, 0xaedc, 0xaedc, 0xaedc, 0xaedc, 0xaedc, 0xaedc, 0xaedc, 0xaedc, 0xaedc, 0xaedc, 
	0xaedc, 0xaedc, 0xaedc, 0xaedc, 0xaedc, 0xaedc, 0xaedc, 0xaedc, 0xaedc, 0xaedc, 0xaedc, 0xaedc, 0xaedc, 0xaedc, 0xaedc, 0xaedc, 
	0xaedc, 0xaedc, 0xaedc, 0xaedc, 0xaedc, 0xaedc, 0xaedc, 0xaedc, 0xaedc, 0xaedc, 0xaedc, 0xaedc, 0xaedc, 0xaedc, 0xaedc, 0xaedc, 
	0xaedc, 0xaedc, 0xaedc, 0xaedc, 0xaedc, 0xaedc, 0xaedc, 0xaedc, 0xaedc, 0xaedc, 0xaedc, 0xaedc, 0xaedc, 0xaedc, 0xaedc, 0xaedc, 
	0xaedc, 0xaedc, 0xaedc, 0xaedc, 0xaedc, 0xaedc, 0xaedc, 0xaedc, 0xaedc, 0xaedc, 0xaedc, 0xaedc, 0xaedc, 0xaedc, 0xaedc, 0xaedc, 
	0xaedc, 0xaedc, 0xaedc, 0xaedc, 0xaedc, 0xaedc, 0xaedc, 0xaedc, 0xaedc, 0xaedc, 0xaedc, 0xaedc, 0xaedc, 0xaedc, 0xaedc, 0xaedc, 
	0xaedc, 0xaedc, 0xaedc, 0xaedc, 0xaedc, 0xaedc, 0xaedc, 0xaedc, 0xaedc, 0xaedc, 0xaedc, 0xaedc, 0xaedc, 0xaedc, 0xaedc, 0xaedc, 
	0xaedc, 0xaedc, 0xaedc, 0xaedc, 0xaedc, 0xaedc, 0xaedc, 0xaedc, 0xaedc, 0xaedc, 0xaedc, 0xaedc, 0xaedc, 0xaedc, 0xaedc, 0xaedc, 
	0xaedc, 0xaedc, 0xaedc, 0xaedc, 0xaedc, 0xaedc, 0xaedc, 0xaedc, 0xaedc, 0xaedc, 0xaedc, 0xaedc, 0xaedc, 0xaedc, 0xaedc, 0xaedc, 
	0xaedc, 0xaedc, 0xaedc, 0xaedc, 0xaedc, 0xaedc, 0xaedc, 0xaedc, 0xaedc, 0xaedc, 0xaedc, 0xaedc, 0xaedc, 0xaedc, 0xaedc, 0xaedc, 
	0xaedc, 0xaedc, 0xaedc, 0xaedc, 0xaedc, 0xaedc, 0xaedc, 0xaedc, 0xaedc, 0xaedc, 0xaedc, 0xaedc, 0xaedc, 0xaedc, 0xaedc, 0xaedc, 
	0xaedc, 0xaedc, 0xaedc, 0xaedc, 0xaedc, 0xaedc, 0xaedc, 0xaedc, 0xaedc, 0xaedc, 0xaedc, 0xaedc, 0xaedc, 0xaedc, 0xaedc, 0xaedc, 
	0xaedc, 0xaedc, 0xaedc, 0xaedc, 0xaedc, 0xaedc, 0xaedc, 0xaedc, 0xaedc, 0xaedc, 0xaedc, 0xaedc, 0xaedc, 0xaedc, 0xaedc, 0xaedc, 
	0xaedc, 0xaedc, 0xaedc, 0xaedc, 0xaedc, 0xaedc, 0xaedc, 0xaedc, 0xaedc, 0xaedc, 0xaedc, 0xaedc, 0xaedc, 0xaedc, 0xaedc, 0xaedc, 
	0xaedc, 0xaedc, 0xaedc, 0xaedc, 0xaedc, 0xaedc, 0xaedc, 0xaedc, 0xaedc, 0xaedc, 0xaedc, 0xaedc, 0xaedc, 0xaedc, 0xaedc, 0xaedc, 
	0xaedc, 0xaedc, 0xaedc, 0xaedc, 0xaedc, 0xaedc, 0xaedc, 0xaedc, 0xaedc, 0xaedc, 0xaedc, 0xaedc, 0xaedc, 0xaedc, 0xaedc, 0xaedc, 
	0xaedc, 0xaedc, 0xaedc, 0xaedc, 0xaedc, 0xaedc, 0xaedc, 0xaedc, 0xaedc, 0xaedc, 0xaedc, 0xaedc, 0xaedc, 0xaedc, 0xaedc, 0xaedc, 
	0xaedc, 0xaedc, 0xaedc, 0xaedc, 0xaedc, 0xaedc, 0xaedc, 0xaedc, 0xaedc, 0xaedc, 0xaedc, 0xaedc, 0xaedc, 0xaedc, 0xaedc, 0xaedc, 
	0xaedc, 0xaedc, 0xaedc, 0xaedc, 0xaedc, 0xaedc, 0xaedc, 0xaedc, 0xaedc, 0xaedc, 0xaedc, 0xaedc, 0xaedc, 0xaedc, 0xaedc, 0xaedc, 
	0xaedc, 0xaedc, 0xaedc, 0xaedc, 0xaedc, 0xaedc, 0xaedc, 0xaedc, 0xaedc, 0xaedc, 0xaedc, 0xaedc, 0xaedc, 0xaedc, 0xaedc, 0xaedc, 
	0xaedc, 0xaedc, 0xaedc, 0xaedc, 0xaedc, 0xaedc, 0xaedc, 0xaedc, 0xaedc, 0xaedc, 0xaedc, 0xaedc, 0xaedc, 0xaedc, 0xaedc, 0xaedc, 
	0xaedc, 0xaedc, 0xaedc, 0xaedc, 0xaedc, 0xaedc, 0xaedc, 0xaedc, 0xaedc, 0xaedc, 0xaedc, 0xaedc, 0xaedc, 0xaedc, 0xaedc, 0xaedc, 
	0xaedc, 0xaedc, 0xaedc, 0xaedc, 0xaedc, 0xaedc, 0xaedc, 0xaedc, 0xaedc, 0xaedc, 0xaedc, 0xaedc, 0xaedc, 0xaedc, 0xaedc, 0xaedc, 
	0xaedc, 0xaedc, 0xaedc, 0xaedc, 0xaedc, 0xaedc, 0xaedc, 0xaedc, 0xaedc, 0xaedc, 0xaedc, 0xaedc, 0xaedc, 0xaedc, 0xaedc, 0xaedc, 
	0xaedc, 0xaedc, 0xaedc, 0xaedc, 0xaedc, 0xaedc, 0xaedc, 0xaedc, 0xaedc, 0xaedc, 0xaedc, 0xaedc, 0xaedc, 0xaedc, 0xaedc, 0xaedc, 
	0xaedc, 0xaedc, 0xaedc, 0xaedc, 0xaedc, 0xaedc, 0xaedc, 0xaedc, 0xaedc, 0xaedc, 0xaedc, 0xaedc, 0xaedc, 0xaedc, 0xaedc, 0xaedc, 
	0xaedc, 0xaedc, 0xaedc, 0xaedc, 0xaedc, 0xaedc, 0xaedc, 0xaedc, 0xaedc, 0xaedc, 0xaedc, 0xaedc, 0xaedc, 0xaedc, 0xaedc, 0xaedc, 
	0xaedc, 0xaedc, 0xaedc, 0xaedc, 0xaedc, 0xaedc, 0xaedc, 0xaedc, 0xaedc, 0xaedc, 0xaedc, 0xaedc, 0xaedc, 0xaedc, 0xaedc, 0xaedc, 
	0xaedc, 0xaedc, 0xaedc, 0xaedc, 0xaedc, 0xaedc, 0xaedc, 0xaedc, 0xaedc, 0xaedc, 0xaedc, 0xaedc, 0xaedc, 0xaedc, 0xaedc, 0xaedc, 
	0xaedc, 0xaedc, 0xaedc, 0xaedc, 0xaedc, 0xaedc, 0xaedc, 0xaedc, 0xaedc, 0xaedc, 0xaedc, 0xaedc, 0xaedc, 0xaedc, 0xaedc, 0xaedc, 
	0xaedc, 0xaedc, 0xaedc, 0xaedc, 0xaedc, 0xaedc, 0xaedc, 0xaedc, 0xaedc, 0xaedc, 0xaedc, 0xaedc, 0xaedc, 0xaedc, 0xaedc, 0xaedc, 
	0xaedc, 0xaedc, 0xaedc, 0xaedc, 0xaedc, 0xaedc, 0xaedc, 0xaedc, 0xaedc, 0xaedc, 0xaedc, 0xaedc, 0xaedc, 0xaedc, 0xaedc, 0xaedc, 
	0xaedc, 0xaedc, 0xaedc, 0xaedc, 0xaedc, 0xaedc, 0xaedc, 0xaedc, 0xaedc, 0xaedc, 0xaedc, 0xaedc, 0xaedc, 0xaedc, 0xaedc, 0xaedc, 
	0xaedc, 0xaedc, 0xaedc, 0xaedc, 0xaedc, 0xaedc, 0xaedc, 0xaedc, 0xaedc, 0xaedc, 0xaedc, 0xaedc, 0xaedc, 0xaedc, 0xaedc, 0xaedc, 
	0xaedc, 0xaedc, 0xaedc, 0xaedc, 0xaedc, 0xaedc, 0xaedc, 0xaedc, 0xaedc, 0xaedc, 0xaedc, 0xaedc, 0xaedc, 0xaedc, 0xaedc, 0xaedc, 
	0xaedc, 0xaedc, 0xaedc, 0xaedc, 0xaedc, 0xaedc, 0xaedc, 0xaedc, 0xaedc, 0xaedc, 0xaedc, 0xaedc, 0xaedc, 0xaedc, 0xaedc, 0xaedc, 
	0xaedc, 0xaedc, 0xaedc, 0xaedc, 0xaedc, 0xaedc, 0xaedc, 0xaedc, 0xaedc, 0xaedc, 0xaedc, 0xaedc, 0xaedc, 0xaedc, 0xaedc, 0xaedc, 
	0xaedc, 0xaedc, 0xaedc, 0xaedc, 0xaedc, 0xaedc, 0xaedc, 0xaedc, 0xaedc, 0xaedc, 0xaedc, 0xaedc, 0xaedc, 0xaedc, 0xaedc, 0xaedc, 
	0xaedc, 0xaedc, 0xaedc, 0xaedc, 0xaedc, 0xaedc, 0xaedc, 0xaedc, 0xaedc, 0xaedc, 0xaedc, 0xaedc, 0xaedc, 0xaedc, 0xaedc, 0xaedc, 
	0xaedc, 0xaedc, 0xaedc, 0xaedc, 0xaedc, 0xaedc, 0xaedc, 0xaedc, 0xaedc, 0xaedc, 0xaedc, 0xaedc, 0xaedc, 0xaedc, 0xaedc, 0xaedc, 
	0xaedc, 0xaedc, 0xaedc, 0xaedc, 0xaedc, 0xaedc, 0xaedc, 0xaedc, 0xaedc, 0xaedc, 0xaedc, 0xaedc, 0xaedc, 0xaedc, 0xaedc, 0xaedc, 
	0xaedc, 0xaedc, 0xaedc, 0xaedc, 0xaedc, 0xaedc, 0xaedc, 0xaedc, 0xaedc, 0xaedc, 0xaedc, 0xaedc, 0xaedc, 0xaedc, 0xaedc, 0xaedc, 
	0xaedc, 0xaedc, 0xaedc, 0xaedc, 0xaedc, 0xaedc, 0xaedc, 0xaedc, 0xaedc, 0xaedc, 0xaedc, 0xaedc, 0xaedc, 0xaedc, 0xaedc, 0xaedc, 
	0xaedc, 0xaedc, 0xaedc, 0xaedc, 0xaedc, 0xaedc, 0xaedc, 0xaedc, 0xaedc, 0xaedc, 0xaedc, 0xaedc, 0xaedc, 0xaedc, 0xaedc, 0xaedc, 
	0xaedc, 0xaedc, 0xaedc, 0xaedc, 0xaedc, 0xaedc, 0xaedc, 0xaedc, 0xaedc, 0xaedc, 0xaedc, 0xaedc, 0xaedc, 0xaedc, 0xaedc, 0xaedc, 
	0xaedc, 0xaedc, 0xaedc, 0xaedc, 0xaedc, 0xaedc, 0xaedc, 0xaedc, 0xaedc, 0xaedc, 0xaedc, 0xaedc, 0xaedc, 0xaedc, 0xaedc, 0xaedc, 
	0xaedc, 0xaedc, 0xaedc, 0xaedc, 0xaedc, 0xaedc, 0xaedc, 0xaedc, 0xaedc, 0xaedc, 0xaedc, 0xaedc, 0xaedc, 0xaedc, 0xaedc, 0xaedc, 
	0xaedc, 0xaedc, 0xaedc, 0xaedc, 0xaedc, 0xaedc, 0xaedc, 0xaedc, 0xaedc, 0xaedc, 0xaedc, 0xaedc, 0xaedc, 0xaedc, 0xaedc, 0xaedc, 
	0xaedc, 0xaedc, 0xaedc, 0xaedc, 0xaedc, 0xaedc, 0xaedc, 0xaedc, 0xaedc, 0xaedc, 0xaedc, 0xaedc, 0xaedc, 0xaedc, 0xaedc, 0xaedc, 
	0xaedc, 0xaedc, 0xaedc, 0xaedc, 0xaedc, 0xaedc, 0xaedc, 0xaedc, 0xaedc, 0xaedc, 0xaedc, 0xaedc, 0xaedc, 0xaedc, 0xaedc, 0xaedc, 
	0xaedc, 0xaedc, 0xaedc, 0xaedc, 0xaedc, 0xaedc, 0xaedc, 0xaedc, 0xaedc, 0xaedc, 0xaedc, 0xaedc, 0xaedc, 0xaedc, 0xaedc, 0xaedc, 
	0xaedc, 0xaedc, 0xaedc, 0xaedc, 0xaedc, 0xaedc, 0xaedc, 0xaedc, 0xaedc, 0xaedc, 0xaedc, 0xaedc, 0xaedc, 0xaedc, 0xaedc, 0xaedc, 
	0xaedc, 0xaedc, 0xaedc, 0xaedc, 0xaedc, 0xaedc, 0xaedc, 0xaedc, 0xaedc, 0xaedc, 0xaedc, 0xaedc, 0xaedc, 0xaedc, 0xaedc, 0xaedc, 
	0xaedc, 0xaedc, 0xaedc, 0xaedc, 0xaedc, 0xaedc, 0xaedc, 0xaedc, 0xaedc, 0xaedc, 0xaedc, 0xaedc, 0xaedc, 0xaedc, 0xaedc, 0xaedc, 
	0xaedc, 0xaedc, 0xaedc, 0xaedc, 0xaedc, 0xaedc, 0xaedc, 0xaedc, 0xaedc, 0xaedc, 0xaedc, 0xaedc, 0xaedc, 0xaedc, 0xaedc, 0xaedc, 
	0xaedc, 0xaedc, 0xaedc, 0xaedc, 0xaedc, 0xaedc, 0xaedc, 0xaedc, 0xaedc, 0xaedc, 0xaedc, 0xaedc, 0xaedc, 0xaedc, 0xaedc, 0xaedc, 
	0xaedc, 0xaedc, 0xaedc, 0xaedc, 0xaedc, 0xaedc, 0xaedc, 0xaedc, 0xaedc, 0xaedc, 0xaedc, 0xaedc, 0xaedc, 0xaedc, 0xaedc, 0xaedc, 
	0xaedc, 0xaedc, 0xaedc, 0xaedc, 0xaedc, 0xaedc, 0xaedc, 0xaedc, 0xaedc, 0xaedc, 0xaedc, 0xaedc, 0xaedc, 0xaedc, 0xaedc, 0xaedc, 
	0xaedc, 0xaedc, 0xaedc, 0xaedc, 0xaedc, 0xaedc, 0xaedc, 0xaedc, 0xaedc, 0xaedc, 0xaedc, 0xaedc, 0xaedc, 0xaedc, 0xaedc, 0xaedc, 
	0xaedc, 0xaedc, 0xaedc, 0xaedc, 0xaedc, 0xaedc, 0xaedc, 0xaedc, 0xaedc, 0xaedc, 0xaedc, 0xaedc, 0xaedc, 0xaedc, 0xaedc, 0xaedc, 
	0xaedc, 0xaedc, 0xaedc, 0xaedc, 0xaedc, 0xaedc, 0xaedc, 0xaedc, 0xaedc, 0xaedc, 0xaedc, 0xaedc, 0xaedc, 0xaedc, 0xaedc, 0xaedc, 
	0xaedc, 0xaedc, 0xaedc, 0xaedc, 0xaedc, 0xaedc, 0xaedc, 0xaedc, 0xaedc, 0xaedc, 0xaedc, 0xaedc, 0xaedc, 0xaedc, 0xaedc, 0xaedc, 
	0xaedc, 0xaedc, 0xaedc, 0xaedc, 0xaedc, 0xaedc, 0xaedc, 0xaedc, 0xaedc, 0xaedc, 0xaedc, 0xaedc, 0xaedc, 0xaedc, 0xaedc, 0xaedc, 
	0xaedc, 0xaedc, 0xaedc, 0xaedc, 0xaedc, 0xaedc, 0xaedc, 0xaedc, 0xaedc, 0xaedc, 0xaedc, 0xaedc, 0xaedc, 0xaedc, 0xaedc, 0xaedc, 
	0xaedc, 0xaedc, 0xaedc, 0xaedc, 0xaedc, 0xaedc, 0xaedc, 0xaedc, 0xaedc, 0xaedc, 0xaedc, 0xaedc, 0xaedc, 0xaedc, 0xaedc, 0xaedc, 
	0xaedc, 0xaedc, 0xaedc, 0xaedc, 0xaedc, 0xaedc, 0xaedc, 0xaedc, 0xaedc, 0xaedc, 0xaedc, 0xaedc, 0xaedc, 0xaedc, 0xaedc, 0xaedc, 
	0xaedc, 0xaedc, 0xaedc, 0xaedc, 0xaedc, 0xaedc, 0xaedc, 0xaedc, 0xaedc, 0xaedc, 0xaedc, 0xaedc, 0xaedc, 0xaedc, 0xaedc, 0xaedc, 
	0xaedc, 0xaedc, 0xaedc, 0xaedc, 0xaedc, 0xaedc, 0xaedc, 0xaedc, 0xaedc, 0xaedc, 0xaedc, 0xaedc, 0xaedc, 0xaedc, 0xaedc, 0xaedc, 
	0xaedc, 0xaedc, 0xaedc, 0xaedc, 0xaedc, 0xaedc, 0xaedc, 0xaedc, 0xaedc, 0xaedc, 0xaedc, 0xaedc, 0xaedc, 0xaedc, 0xaedc, 0xaedc, 
	0xaedc, 0xaedc, 0xaedc, 0xaedc, 0xaedc, 0xaedc, 0xaedc, 0xaedc, 0xaedc, 0xaedc, 0xaedc, 0xaedc, 0xaedc, 0xaedc, 0xaedc, 0xaedc, 
	0xaedc, 0xaedc, 0xaedc, 0xaedc, 0xaedc, 0xaedc, 0xaedc, 0xaedc, 0xaedc, 0xaedc, 0xaedc, 0xaedc, 0xaedc, 0xaedc, 0xaedc, 0xaedc, 
	0xaedc, 0xaedc, 0xaedc, 0xaedc, 0xaedc, 0xaedc, 0xaedc, 0xaedc, 0xaedc, 0xaedc, 0xaedc, 0xaedc, 0xaedc, 0xaedc, 0xaedc, 0xaedc, 
	0xaedc, 0xaedc, 0xaedc, 0xaedc, 0xaedc, 0xaedc, 0xaedc, 0xaedc, 0xaedc, 0xaedc, 0xaedc, 0xaedc, 0xaedc, 0xaedc, 0xaedc, 0xaedc, 
	0xaedc, 0xaedc, 0xaedc, 0xaedc, 0xaedc, 0xaedc, 0xaedc, 0xaedc, 0xaedc, 0xaedc, 0xaedc, 0xaedc, 0xaedc, 0xaedc, 0xaedc, 0xaedc, 
	0xaedc, 0xaedc, 0xaedc, 0xaedc, 0xaedc, 0xaedc, 0xaedc, 0xaedc, 0xaedc, 0xaedc, 0xaedc, 0xaedc, 0xaedc, 0xaedc, 0xaedc, 0xaedc, 
	0xaedc, 0xaedc, 0xaedc, 0xaedc, 0xaedc, 0xaedc, 0xaedc, 0xaedc, 0xaedc, 0xaedc, 0xaedc, 0xaedc, 0xaedc, 0xaedc, 0xaedc, 0xaedc, 
	0xaedc, 0xaedc, 0xaedc, 0xaedc, 0xaedc, 0xaedc, 0xaedc, 0xaedc, 0xaedc, 0xaedc, 0xaedc, 0xaedc, 0xaedc, 0xaedc, 0xaedc, 0xaedc, 
	0xaedc, 0xaedc, 0xaedc, 0xaedc, 0xaedc, 0xaedc, 0xaedc, 0xaedc, 0xaedc, 0xaedc, 0xaedc, 0xaedc, 0xaedc, 0xaedc, 0xaedc, 0xaedc, 
	0xaedc, 0xaedc, 0xaedc, 0xaedc, 0xaedc, 0xaedc, 0xaedc, 0xaedc, 0xaedc, 0xaedc, 0xaedc, 0xaedc, 0xaedc, 0xaedc, 0xaedc, 0xaedc, 
	0xaedc, 0xaedc, 0xaedc, 0xaedc, 0xaedc, 0xaedc, 0xaedc, 0xaedc, 0xaedc, 0xaedc, 0xaedc, 0xaedc, 0xaedc, 0xaedc, 0xaedc, 0xaedc, 
	0xaedc, 0xaedc, 0xaedc, 0xaedc, 0xaedc, 0xaedc, 0xaedc, 0xaedc, 0xaedc, 0xaedc, 0xaedc, 0xaedc, 0xaedc, 0xaedc, 0xaedc, 0xaedc, 
	0xaedc, 0xaedc, 0xaedc, 0xaedc, 0xaedc, 0xaedc, 0xaedc, 0xaedc, 0xaedc, 0xaedc, 0xaedc, 0xaedc, 0xaedc, 0xaedc, 0xaedc, 0xaedc, 
	0xaedc, 0xaedc, 0xaedc, 0xaedc, 0xaedc, 0xaedc, 0xaedc, 0xaedc, 0xaedc, 0xaedc, 0xaedc, 0xaedc, 0xaedc, 0xaedc, 0xaedc, 0xaedc, 
	0xaedc, 0xaedc, 0xaedc, 0xaedc, 0xaedc, 0xaedc, 0xaedc, 0xaedc, 0xaedc, 0xaedc, 0xaedc, 0xaedc, 0xaedc, 0xaedc, 0xaedc, 0xaedc, 
	0xaedc, 0xaedc, 0xaedc, 0xaedc, 0xaedc, 0xaedc, 0xaedc, 0xaedc, 0xaedc, 0xaedc, 0xaedc, 0xaedc, 0xaedc, 0xaedc, 0xaedc, 0xaedc, 
	0xaedc, 0xaedc, 0xaedc, 0xaedc, 0xaedc, 0xaedc, 0xaedc, 0xaedc, 0xaedc, 0xaedc, 0xaedc, 0xaedc, 0xaedc, 0xaedc, 0xaedc, 0xaedc, 
	0xaedc, 0xaedc, 0xaedc, 0xaedc, 0xaedc, 0xaedc, 0xaedc, 0xaedc, 0xaedc, 0xaedc, 0xaedc, 0xaedc, 0xaedc, 0xaedc, 0xaedc, 0xaedc, 
	0xaedc, 0xaedc, 0xaedc, 0xaedc, 0xaedc, 0xaedc, 0xaedc, 0xaedc, 0xaedc, 0xaedc, 0xaedc, 0xaedc, 0xaedc, 0xaedc, 0xaedc, 0xaedc, 
	0xaedc, 0xaedc, 0xaedc, 0xaedc, 0xaedc, 0xaedc, 0xaedc, 0xaedc, 0xaedc, 0xaedc, 0xaedc, 0xaedc, 0xaedc, 0xaedc, 0xaedc, 0xaedc, 
	0xaedc, 0xaedc, 0xaedc, 0xaedc, 0xaedc, 0xaedc, 0xaedc, 0xaedc, 0xaedc, 0xaedc, 0xaedc, 0xaedc, 0xaedc, 0xaedc, 0xaedc, 0xaedc, 
	0xaedc, 0xaedc, 0xaedc, 0xaedc, 0xaedc, 0xaedc, 0xaedc, 0xaedc, 0xaedc, 0xaedc, 0xaedc, 0xaedc, 0xaedc, 0xaedc, 0xaedc, 0xaedc, 
	0xaedc, 0xaedc, 0xaedc, 0xaedc, 0xaedc, 0xaedc, 0xaedc, 0xaedc, 0xaedc, 0xaedc, 0xaedc, 0xaedc, 0xaedc, 0xaedc, 0xaedc, 0xaedc, 
	0xaedc, 0xaedc, 0xaedc, 0xaedc, 0xaedc, 0xaedc, 0xaedc, 0xaedc, 0xaedc, 0xaedc, 0xaedc, 0xaedc, 0xaedc, 0xaedc, 0xaedc, 0xaedc, 
	0xaedc, 0xaedc, 0xaedc, 0xaedc, 0xaedc, 0xaedc, 0xaedc, 0xaedc, 0xaedc, 0xaedc, 0xaedc, 0xaedc, 0xaedc, 0xaedc, 0xaedc, 0xaedc, 
	0xaedc, 0xaedc, 0xaedc, 0xaedc, 0xaedc, 0xaedc, 0xaedc, 0xaedc, 0xaedc, 0xaedc, 0xaedc, 0xaedc, 0xaedc, 0xaedc, 0xaedc, 0xaedc, 
	0xaedc, 0xaedc, 0xaedc, 0xaedc, 0xaedc, 0xaedc, 0xaedc, 0xaedc, 0xaedc, 0xaedc, 0xaedc, 0xaedc, 0xaedc, 0xaedc, 0xaedc, 0xaedc, 
	0xaedc, 0xaedc, 0xaedc, 0xaedc, 0xaedc, 0xaedc, 0xaedc, 0xaedc, 0xaedc, 0xaedc, 0xaedc, 0xaedc, 0xaedc, 0xaedc, 0xaedc, 0xaedc, 
	0xaedc, 0xaedc, 0xaedc, 0xaedc, 0xaedc, 0xaedc, 0xaedc, 0xaedc, 0xaedc, 0xaedc, 0xaedc, 0xaedc, 0xaedc, 0xaedc, 0xaedc, 0xaedc, 
	0xaedc, 0xaedc, 0xaedc, 0xaedc, 0xaedc, 0xaedc, 0xaedc, 0xaedc, 0xaedc, 0xaedc, 0xaedc, 0xaedc, 0xaedc, 0xaedc, 0xaedc, 0xaedc, 
	0xaedc, 0xaedc, 0xaedc, 0xaedc, 0xaedc, 0xaedc, 0xaedc, 0xaedc, 0xaedc, 0xaedc, 0xaedc, 0xaedc, 0xaedc, 0xaedc, 0xaedc, 0xaedc, 
	0xaedc, 0xaedc, 0xaedc, 0xaedc, 0xaedc, 0xaedc, 0xaedc, 0xaedc, 0xaedc, 0xaedc, 0xaedc, 0xaedc, 0xaedc, 0xaedc, 0xaedc, 0xaedc, 
	0xaedc, 0xaedc, 0xaedc, 0xaedc, 0xaedc, 0xaedc, 0xaedc, 0xaedc, 0xaedc, 0xaedc, 0xaedc, 0xaedc, 0xaedc, 0xaedc, 0xaedc, 0xaedc, 
	0xaedc, 0xaedc, 0xaedc, 0xaedc, 0xaedc, 0xaedc, 0xaedc, 0xaedc, 0xaedc, 0xaedc, 0xaedc, 0xaedc, 0xaedc, 0xaedc, 0xaedc, 0xaedc, 
	0xaedc, 0xaedc, 0xaedc, 0xaedc, 0xaedc, 0xaedc, 0xaedc, 0xaedc, 0xaedc, 0xaedc, 0xaedc, 0xaedc, 0xaedc, 0xaedc, 0xaedc, 0xaedc, 
	0xaedc, 0xaedc, 0xaedc, 0xaedc, 0xaedc, 0xaedc, 0xaedc, 0xaedc, 0xaedc, 0xaedc, 0xaedc, 0xaedc, 0xaedc, 0xaedc, 0xaedc, 0xaedc, 
	0xaedc, 0xaedc, 0xaedc, 0xaedc, 0xaedc, 0xaedc, 0xaedc, 0xaedc, 0xaedc, 0xaedc, 0xaedc, 0xaedc, 0xaedc, 0xaedc, 0xaedc, 0xaedc, 
	0xaedc, 0xaedc, 0xaedc, 0xaedc, 0xaedc, 0xaedc, 0xaedc, 0xaedc, 0xaedc, 0xaedc, 0xaedc, 0xaedc, 0xaedc, 0xaedc, 0xaedc, 0xaedc, 
	0xaedc, 0xaedc, 0xaedc, 0xaedc, 0xaedc, 0xaedc, 0xaedc, 0xaedc, 0xaedc, 0xaedc, 0xaedc, 0xaedc, 0xaedc, 0xaedc, 0xaedc, 0xaedc, 
	0xaedc, 0xaedc, 0xaedc, 0xaedc, 0xaedc, 0xaedc, 0xaedc, 0xaedc, 0xaedc, 0xaedc, 0xaedc, 0xaedc, 0xaedc, 0xaedc, 0xaedc, 0xaedc, 
	0xaedc, 0xaedc, 0xaedc, 0xaedc, 0xaedc, 0xaedc, 0xaedc, 0xaedc, 0xaedc, 0xaedc, 0xaedc, 0xaedc, 0xaedc, 0xaedc, 0xaedc, 0xaedc, 
	0xaedc, 0xaedc, 0xaedc, 0xaedc, 0xaedc, 0xaedc, 0xaedc, 0xaedc, 0xaedc, 0xaedc, 0xaedc, 0xaedc, 0xaedc, 0xaedc, 0xaedc, 0xaedc, 
	0xaedc, 0xaedc, 0xaedc, 0xaedc, 0xaedc, 0xaedc, 0xaedc, 0xaedc, 0xaedc, 0xaedc, 0xaedc, 0xaedc, 0xaedc, 0xaedc, 0xaedc, 0xaedc, 
	0xaedc, 0xaedc, 0xaedc, 0xaedc, 0xaedc, 0xaedc, 0xaedc, 0xaedc, 0xaedc, 0xaedc, 0xaedc, 0xaedc, 0xaedc, 0xaedc, 0xaedc, 0xaedc, 
	0xaedc, 0xaedc, 0xaedc, 0xaedc, 0xaedc, 0xaedc, 0xaedc, 0xaedc, 0xaedc, 0xaedc, 0xaedc, 0xaedc, 0xaedc, 0xaedc, 0xaedc, 0xaedc, 
	0xaedc, 0xaedc, 0xaedc, 0xaedc, 0xaedc, 0xaedc, 0xaedc, 0xaedc, 0xaedc, 0xaedc, 0xaedc, 0xaedc, 0xaedc, 0xaedc, 0xaedc, 0xaedc, 
	0xaedc, 0xaedc, 0xaedc, 0xaedc, 0xaedc, 0xaedc, 0xaedc, 0xaedc, 0xaedc, 0xaedc, 0xaedc, 0xaedc, 0xaedc, 0xaedc, 0xaedc, 0xaedc, 
	0xaedc, 0xaedc, 0xaedc, 0xaedc, 0xaedc, 0xaedc, 0xaedc, 0xaedc, 0xaedc, 0xaedc, 0xaedc, 0xaedc, 0xaedc, 0xaedc, 0xaedc, 0xaedc, 
	0xaedc, 0xaedc, 0xaedc, 0xaedc, 0xaedc, 0xaedc, 0xaedc, 0xaedc, 0xaedc, 0xaedc, 0xaedc, 0xaedc, 0xaedc, 0xaedc, 0xaedc, 0xaedc, 
	0xaedc, 0xaedc, 0xaedc, 0xaedc, 0xaedc, 0xaedc, 0xaedc, 0xaedc, 0xaedc, 0xaedc, 0xaedc, 0xaedc, 0xaedc, 0xaedc, 0xaedc, 0xaedc, 
	0xaedc, 0xaedc, 0xaedc, 0xaedc, 0xaedc, 0xaedc, 0xaedc, 0xaedc, 0xaedc, 0xaedc, 0xaedc, 0xaedc, 0xaedc, 0xaedc, 0xaedc, 0xaedc, 
	0xaedc, 0xaedc, 0xaedc, 0xaedc, 0xaedc, 0xaedc, 0xaedc, 0xaedc, 0xaedc, 0xaedc, 0xaedc, 0xaedc, 0xaedc, 0xaedc, 0xaedc, 0xaedc, 
	0xaedc, 0xaedc, 0xaedc, 0xaedc, 0xaedc, 0xaedc, 0xaedc, 0xaedc, 0xaedc, 0xaedc, 0xaedc, 0xaedc, 0xaedc, 0xaedc, 0xaedc, 0xaedc, 
	0xaedc, 0xaedc, 0xaedc, 0xaedc, 0xaedc, 0xaedc, 0xaedc, 0xaedc, 0xaedc, 0xaedc, 0xaedc, 0xaedc, 0xaedc, 0xaedc, 0xaedc, 0xaedc, 
	0xaedc, 0xaedc, 0xaedc, 0xaedc, 0xaedc, 0xaedc, 0xaedc, 0xaedc, 0xaedc, 0xaedc, 0xaedc, 0xaedc, 0xaedc, 0xaedc, 0xaedc, 0xaedc, 
	0xaedc, 0xaedc, 0xaedc, 0xaedc, 0xaedc, 0xaedc, 0xaedc, 0xaedc, 0xaedc, 0xaedc, 0xaedc, 0xaedc, 0xaedc, 0xaedc, 0xaedc, 0xaedc, 
	0xaedc, 0xaedc, 0xaedc, 0xaedc, 0xaedc, 0xaedc, 0xaedc, 0xaedc, 0xaedc, 0xaedc, 0xaedc, 0xaedc, 0xaedc, 0xaedc, 0xaedc, 0xaedc, 
	0xaedc, 0xaedc, 0xaedc, 0xaedc, 0xaedc, 0xaedc, 0xaedc, 0xaedc, 0xaedc, 0xaedc, 0xaedc, 0xaedc, 0xaedc, 0xaedc, 0xaedc, 0xaedc, 
	0xaedc, 0xaedc, 0xaedc, 0xaedc, 0xaedc, 0xaedc, 0xaedc, 0xaedc, 0xaedc, 0xaedc, 0xaedc, 0xaedc, 0xaedc, 0xaedc, 0xaedc, 0xaedc, 
	0xaedc, 0xaedc, 0xaedc, 0xaedc, 0xaedc, 0xaedc, 0xaedc, 0xaedc, 0xaedc, 0xaedc, 0xaedc, 0xaedc, 0xaedc, 0xaedc, 0xaedc, 0xaedc, 
	0xaedc, 0xaedc, 0xaedc, 0xaedc, 0xaedc, 0xaedc, 0xaedc, 0xaedc, 0xaedc, 0xaedc, 0xaedc, 0xaedc, 0xaedc, 0xaedc, 0xaedc, 0xaedc, 
	0xaedc, 0xaedc, 0xaedc, 0xaedc, 0xaedc, 0xaedc, 0xaedc, 0xaedc, 0xaedc, 0xaedc, 0xaedc, 0xaedc, 0xaedc, 0xaedc, 0xaedc, 0xaedc, 
	0xaedc, 0xaedc, 0xaedc, 0xaedc, 0xaedc, 0xaedc, 0xaedc, 0xaedc, 0xaedc, 0xaedc, 0xaedc, 0xaedc, 0xaedc, 0xaedc, 0xaedc, 0xaedc, 
	0xaedc, 0xaedc, 0xaedc, 0xaedc, 0xaedc, 0xaedc, 0xaedc, 0xaedc, 0xaedc, 0xaedc, 0xaedc, 0xaedc, 0xaedc, 0xaedc, 0xaedc, 0xaedc, 
	0xaedc, 0xaedc, 0xaedc, 0xaedc, 0xaedc, 0xaedc, 0xaedc, 0xaedc, 0xaedc, 0xaedc, 0xaedc, 0xaedc, 0xaedc, 0xaedc, 0xaedc, 0xaedc, 
	0xaedc, 0xaedc, 0xaedc, 0xaedc, 0xaedc, 0xaedc, 0xaedc, 0xaedc, 0xaedc, 0xaedc, 0xaedc, 0xaedc, 0xaedc, 0xaedc, 0xaedc, 0xaedc, 
	0xaedc, 0xaedc, 0xaedc, 0xaedc, 0xaedc, 0xaedc, 0xaedc, 0xaedc, 0xaedc, 0xaedc, 0xaedc, 0xaedc, 0xaedc, 0xaedc, 0xaedc, 0xaedc, 
	0xaedc, 0xaedc, 0xaedc, 0xaedc, 0xaedc, 0xaedc, 0xaedc, 0xaedc, 0xaedc, 0xaedc, 0xaedc, 0xaedc, 0xaedc, 0xaedc, 0xaedc, 0xaedc, 
	0xaedc, 0xaedc, 0xaedc, 0xaedc, 0xaedc, 0xaedc, 0xaedc, 0xaedc, 0xaedc, 0xaedc, 0xaedc, 0xaedc, 0xaedc, 0xaedc, 0xaedc, 0xaedc, 
	0xaedc, 0xaedc, 0xaedc, 0xaedc, 0xaedc, 0xaedc, 0xaedc, 0xaedc, 0xaedc, 0xaedc, 0xaedc, 0xaedc, 0xaedc, 0xaedc, 0xaedc, 0xaedc, 
	0xaedc, 0xaedc, 0xaedc, 0xaedc, 0xaedc, 0xaedc, 0xaedc, 0xaedc, 0xaedc, 0xaedc, 0xaedc, 0xaedc, 0xaedc, 0xaedc, 0xaedc, 0xaedc, 
	0xaedc, 0xaedc, 0xaedc, 0xaedc, 0xaedc, 0xaedc, 0xaedc, 0xaedc, 0xaedc, 0xaedc, 0xaedc, 0xaedc, 0xaedc, 0xaedc, 0xaedc, 0xaedc, 
	0xaedc, 0xaedc, 0xaedc, 0xaedc, 0xaedc, 0xaedc, 0xaedc, 0xaedc, 0xaedc, 0xaedc, 0xaedc, 0xaedc, 0xaedc, 0xaedc, 0xaedc, 0xaedc, 
	0xaedc, 0xaedc, 0xaedc, 0xaedc, 0xaedc, 0xaedc, 0xaedc, 0xaedc, 0xaedc, 0xaedc, 0xaedc, 0xaedc, 0xaedc, 0xaedc, 0xaedc, 0xaedc, 
	0xaedc, 0xaedc, 0xaedc, 0xaedc, 0xaedc, 0xaedc, 0xaedc, 0xaedc, 0xaedc, 0xaedc, 0xaedc, 0xaedc, 0xaedc, 0xaedc, 0xaedc, 0xaedc, 
	0xaedc, 0xaedc, 0xaedc, 0xaedc, 0xaedc, 0xaedc, 0xaedc, 0xaedc, 0xaedc, 0xaedc, 0xaedc, 0xaedc, 0xaedc, 0xaedc, 0xaedc, 0xaedc, 
	0xaedc, 0xaedc, 0xaedc, 0xaedc, 0xaedc, 0xaedc, 0xaedc, 0xaedc, 0xaedc, 0xaedc, 0xaedc, 0xaedc, 0xaedc, 0xaedc, 0xaedc, 0xaedc, 
	0xaedc, 0xaedc, 0xaedc, 0xaedc, 0xaedc, 0xaedc, 0xaedc, 0xaedc, 0xaedc, 0xaedc, 0xaedc, 0xaedc, 0xaedc, 0xaedc, 0xaedc, 0xaedc, 
	0xaedc, 0xaedc, 0xaedc, 0xaedc, 0xaedc, 0xaedc, 0xaedc, 0xaedc, 0xaedc, 0xaedc, 0xaedc, 0xaedc, 0xaedc, 0xaedc, 0xaedc, 0xaedc, 
	0xaedc, 0xaedc, 0xaedc, 0xaedc, 0xaedc, 0xaedc, 0xaedc, 0xaedc, 0xaedc, 0xaedc, 0xaedc, 0xaedc, 0xaedc, 0xaedc, 0xaedc, 0xaedc, 
	0xaedc, 0xaedc, 0xaedc, 0xaedc, 0xaedc, 0xaedc, 0xaedc, 0xaedc, 0xaedc, 0xaedc, 0xaedc, 0xaedc, 0xaedc, 0xaedc, 0xaedc, 0xaedc, 
	0xaedc, 0xaedc, 0xaedc, 0xaedc, 0xaedc, 0xaedc, 0xaedc, 0xaedc, 0xaedc, 0xaedc, 0xaedc, 0xaedc, 0xaedc, 0xaedc, 0xaedc, 0xaedc, 
	0xaedc, 0xaedc, 0xaedc, 0xaedc, 0xaedc, 0xaedc, 0xaedc, 0xaedc, 0xaedc, 0xaedc, 0xaedc, 0xaedc, 0xaedc, 0xaedc, 0xaedc, 0xaedc, 
	0xaedc, 0xaedc, 0xaedc, 0xaedc, 0xaedc, 0xaedc, 0xaedc, 0xaedc, 0xaedc, 0xaedc, 0xaedc, 0xaedc, 0xaedc, 0xaedc, 0xaedc, 0xaedc, 
	0xaedc, 0xaedc, 0xaedc, 0xaedc, 0xaedc, 0xaedc, 0xaedc, 0xaedc, 0xaedc, 0xaedc, 0xaedc, 0xaedc, 0xaedc, 0xaedc, 0xaedc, 0xaedc, 
	0xaedc, 0xaedc, 0xaedc, 0xaedc, 0xaedc, 0xaedc, 0xaedc, 0xaedc, 0xaedc, 0xaedc, 0xaedc, 0xaedc, 0xaedc, 0xaedc, 0xaedc, 0xaedc, 
	0xaedc, 0xaedc, 0xaedc, 0xaedc, 0xaedc, 0xaedc, 0xaedc, 0xaedc, 0xaedc, 0xaedc, 0xaedc, 0xaedc, 0xaedc, 0xaedc, 0xaedc, 0xaedc, 
	0xaedc, 0xaedc, 0xaedc, 0xaedc, 0xaedc, 0xaedc, 0xaedc, 0xaedc, 0xaedc, 0xaedc, 0xaedc, 0xaedc, 0xaedc, 0xaedc, 0xaedc, 0xaedc, 
	0xaedc, 0xaedc, 0xaedc, 0xaedc, 0xaedc, 0xaedc, 0xaedc, 0xaedc, 0xaedc, 0xaedc, 0xaedc, 0xaedc, 0xaedc, 0xaedc, 0xaedc, 0xaedc, 
	0xaedc, 0xaedc, 0xaedc, 0xaedc, 0xaedc, 0xaedc, 0xaedc, 0xaedc, 0xaedc, 0xaedc, 0xaedc, 0xaedc, 0xaedc, 0xaedc, 0xaedc, 0xaedc, 
	0xaedc, 0xaedc, 0xaedc, 0xaedc, 0xaedc, 0xaedc, 0xaedc, 0xaedc, 0xaedc, 0xaedc, 0xaedc, 0xaedc, 0xaedc, 0xaedc, 0xaedc, 0xaedc, 
	0xaedc, 0xaedc, 0xaedc, 0xaedc, 0xaedc, 0xaedc, 0xaedc, 0xaedc, 0xaedc, 0xaedc, 0xaedc, 0xaedc, 0xaedc, 0xaedc, 0xaedc, 0xaedc, 
	0xaedc, 0xaedc, 0xaedc, 0xaedc, 0xaedc, 0xaedc, 0xaedc, 0xaedc, 0xaedc, 0xaedc, 0xaedc, 0xaedc, 0xaedc, 0xaedc, 0xaedc, 0xaedc, 
	0xaedc, 0xaedc, 0xaedc, 0xaedc, 0xaedc, 0xaedc, 0xaedc, 0xaedc, 0xaedc, 0xaedc, 0xaedc, 0xaedc, 0xaedc, 0xaedc, 0xaedc, 0xaedc, 
	0xaedc, 0xaedc, 0xaedc, 0xaedc, 0xaedc, 0xaedc, 0xaedc, 0xaedc, 0xaedc, 0xaedc, 0xaedc, 0xaedc, 0xaedc, 0xaedc, 0xaedc, 0xaedc, 
	0xaedc, 0xaedc, 0xaedc, 0xaedc, 0xaedc, 0xaedc, 0xaedc, 0xaedc, 0xaedc, 0xaedc, 0xaedc, 0xaedc, 0xaedc, 0xaedc, 0xaedc, 0xaedc, 
	0xaedc, 0xaedc, 0xaedc, 0xaedc, 0xaedc, 0xaedc, 0xaedc, 0xaedc, 0xaedc, 0xaedc, 0xaedc, 0xaedc, 0xaedc, 0xaedc, 0xaedc, 0xaedc, 
	0xaedc, 0xaedc, 0xaedc, 0xaedc, 0xaedc, 0xaedc, 0xaedc, 0xaedc, 0xaedc, 0xaedc, 0xaedc, 0xaedc, 0xaedc, 0xaedc, 0xaedc, 0xaedc, 
	0xaedc, 0xaedc, 0xaedc, 0xaedc, 0xaedc, 0xaedc, 0xaedc, 0xaedc, 0xaedc, 0xaedc, 0xaedc, 0xaedc, 0xaedc, 0xaedc, 0xaedc, 0xaedc, 
	0xaedc, 0xaedc, 0xaedc, 0xaedc, 0xaedc, 0xaedc, 0xaedc, 0xaedc, 0xaedc, 0xaedc, 0xaedc, 0xaedc, 0xaedc, 0xaedc, 0xaedc, 0xaedc, 
	0xaedc, 0xaedc, 0xaedc, 0xaedc, 0xaedc, 0xaedc, 0xaedc, 0xaedc, 0xaedc, 0xaedc, 0xaedc, 0xaedc, 0xaedc, 0xaedc, 0xaedc, 0xaedc, 
	0xaedc, 0xaedc, 0xaedc, 0xaedc, 0xaedc, 0xaedc, 0xaedc, 0xaedc, 0xaedc, 0xaedc, 0xaedc, 0xaedc, 0xaedc, 0xaedc, 0xaedc, 0xaedc, 
	0xaedc, 0xaedc, 0xaedc, 0xaedc, 0xaedc, 0xaedc, 0xaedc, 0xaedc, 0xaedc, 0xaedc, 0xaedc, 0xaedc, 0xaedc, 0xaedc, 0xaedc, 0xaedc, 
	0xaedc, 0xaedc, 0xaedc, 0xaedc, 0xaedc, 0xaedc, 0xaedc, 0xaedc, 0xaedc, 0xaedc, 0xaedc, 0xaedc, 0xaedc, 0xaedc, 0xaedc, 0xaedc, 
	0xaedc, 0xaedc, 0xaedc, 0xaedc, 0xaedc, 0xaedc, 0xaedc, 0xaedc, 0xaedc, 0xaedc, 0xaedc, 0xaedc, 0xaedc, 0xaedc, 0xaedc, 0xaedc, 
	0xaedc, 0xaedc, 0xaedc, 0xaedc, 0xaedc, 0xaedc, 0xaedc, 0xaedc, 0xaedc, 0xaedc, 0xaedc, 0xaedc, 0xaedc, 0xaedc, 0xaedc, 0xaedc, 
	0xaedc, 0xaedc, 0xaedc, 0xaedc, 0xaedc, 0xaedc, 0xaedc, 0xaedc, 0xaedc, 0xaedc, 0xaedc, 0xaedc, 0xaedc, 0xaedc, 0xaedc, 0xaedc, 
	0xaedc, 0xaedc, 0xaedc, 0xaedc, 0xaedc, 0xaedc, 0xaedc, 0xaedc, 0xaedc, 0xaedc, 0xaedc, 0xaedc, 0xaedc, 0xaedc, 0xaedc, 0xaedc, 
	0xaedc, 0xaedc, 0xaedc, 0xaedc, 0xaedc, 0xaedc, 0xaedc, 0xaedc, 0xaedc, 0xaedc, 0xaedc, 0xaedc, 0xaedc, 0xaedc, 0xaedc, 0xaedc, 
	0xaedc, 0xaedc, 0xaedc, 0xaedc, 0xaedc, 0xaedc, 0xaedc, 0xaedc, 0xaedc, 0xaedc, 0xaedc, 0xaedc, 0xaedc, 0xaedc, 0xaedc, 0xaedc, 
	0xaedc, 0xaedc, 0xaedc, 0xaedc, 0xaedc, 0xaedc, 0xaedc, 0xaedc, 0xaedc, 0xaedc, 0xaedc, 0xaedc, 0xaedc, 0xaedc, 0xaedc, 0xaedc, 
	0xaedc, 0xaedc, 0xaedc, 0xaedc, 0xaedc, 0xaedc, 0xaedc, 0xaedc, 0xaedc, 0xaedc, 0xaedc, 0xaedc, 0xaedc, 0xaedc, 0xaedc, 0xaedc, 
	0xaedc, 0xaedc, 0xaedc, 0xaedc, 0xaedc, 0xaedc, 0xaedc, 0xaedc, 0xaedc, 0xaedc, 0xaedc, 0xaedc, 0xaedc, 0xaedc, 0xaedc, 0xaedc, 
	0xaedc, 0xaedc, 0xaedc, 0xaedc, 0xaedc, 0xaedc, 0xaedc, 0xaedc, 0xaedc, 0xaedc, 0xaedc, 0xaedc, 0xaedc, 0xaedc, 0xaedc, 0xaedc, 
	0xaedc, 0xaedc, 0xaedc, 0xaedc, 0xaedc, 0xaedc, 0xaedc, 0xaedc, 0xaedc, 0xaedc, 0xaedc, 0xaedc, 0xaedc, 0xaedc, 0xaedc, 0xaedc, 
	0xaedc, 0xaedc, 0xaedc, 0xaedc, 0xaedc, 0xaedc, 0xaedc, 0xaedc, 0xaedc, 0xaedc, 0xaedc, 0xaedc, 0xaedc, 0xaedc, 0xaedc, 0xaedc, 
	0xaedc, 0xaedc, 0xaedc, 0xaedc, 0xaedc, 0xaedc, 0xaedc, 0xaedc, 0xaedc, 0xaedc, 0xaedc, 0xaedc, 0xaedc, 0xaedc, 0xaedc, 0xaedc, 
	0xaedc, 0xaedc, 0xaedc, 0xaedc, 0xaedc, 0xaedc, 0xaedc, 0xaedc, 0xaedc, 0xaedc, 0xaedc, 0xaedc, 0xaedc, 0xaedc, 0xaedc, 0xaedc, 
	0xaedc, 0xaedc, 0xaedc, 0xaedc, 0xaedc, 0xaedc, 0xaedc, 0xaedc, 0xaedc, 0xaedc, 0xaedc, 0xaedc, 0xaedc, 0xaedc, 0xaedc, 0xaedc, 
	0xaedc, 0xaedc, 0xaedc, 0xaedc, 0xaedc, 0xaedc, 0xaedc, 0xaedc, 0xaedc, 0xaedc, 0xaedc, 0xaedc, 0xaedc, 0xaedc, 0xaedc, 0xaedc, 
	0xaedc, 0xaedc, 0xaedc, 0xaedc, 0xaedc, 0xaedc, 0xaedc, 0xaedc, 0xaedc, 0xaedc, 0xaedc, 0xaedc, 0xaedc, 0xaedc, 0xaedc, 0xaedc, 
	0xaedc, 0xaedc, 0xaedc, 0xaedc, 0xaedc, 0xaedc, 0xaedc, 0xaedc, 0xaedc, 0xaedc, 0xaedc, 0xaedc, 0xaedc, 0xaedc, 0xaedc, 0xaedc, 
	0xaedc, 0xaedc, 0xaedc, 0xaedc, 0xaedc, 0xaedc, 0xaedc, 0xaedc, 0xaedc, 0xaedc, 0xaedc, 0xaedc, 0xaedc, 0xaedc, 0xaedc, 0xaedc, 
	0xaedc, 0xaedc, 0xaedc, 0xaedc, 0xaedc, 0xaedc, 0xaedc, 0xaedc, 0xaedc, 0xaedc, 0xaedc, 0xaedc, 0xaedc, 0xaedc, 0xaedc, 0xaedc, 
	0xaedc, 0xaedc, 0xaedc, 0xaedc, 0xaedc, 0xaedc, 0xaedc, 0xaedc, 0xaedc, 0xaedc, 0xaedc, 0xaedc, 0xaedc, 0xaedc, 0xaedc, 0xaedc, 
	0xaedc, 0xaedc, 0xaedc, 0xaedc, 0xaedc, 0xaedc, 0xaedc, 0xaedc, 0xaedc, 0xaedc, 0xaedc, 0xaedc, 0xaedc, 0xaedc, 0xaedc, 0xaedc, 
	0xaedc, 0xaedc, 0xaedc, 0xaedc, 0xaedc, 0xaedc, 0xaedc, 0xaedc, 0xaedc, 0xaedc, 0xaedc, 0xaedc, 0xaedc, 0xaedc, 0xaedc, 0xaedc, 
	0xaedc, 0xaedc, 0xaedc, 0xaedc, 0xaedc, 0xaedc, 0xaedc, 0xaedc, 0xaedc, 0xaedc, 0xaedc, 0xaedc, 0xaedc, 0xaedc, 0xaedc, 0xaedc, 
	0xaedc, 0xaedc, 0xaedc, 0xaedc, 0xaedc, 0xaedc, 0xaedc, 0xaedc, 0xaedc, 0xaedc, 0xaedc, 0xaedc, 0xaedc, 0xaedc, 0xaedc, 0xaedc, 
	0xaedc, 0xaedc, 0xaedc, 0xaedc, 0xaedc, 0xaedc, 0xaedc, 0xaedc, 0xaedc, 0xaedc, 0xaedc, 0xaedc, 0xaedc, 0xaedc, 0xaedc, 0xaedc, 
	0xaedc, 0xaedc, 0xaedc, 0xaedc, 0xaedc, 0xaedc, 0xaedc, 0xaedc, 0xaedc, 0xaedc, 0xaedc, 0xaedc, 0xaedc, 0xaedc, 0xaedc, 0xaedc, 
	0xaedc, 0xaedc, 0xaedc, 0xaedc, 0xaedc, 0xaedc, 0xaedc, 0xaedc, 0xaedc, 0xaedc, 0xaedc, 0xaedc, 0xaedc, 0xaedc, 0xaedc, 0xaedc, 
	0xaedc, 0xaedc, 0xaedc, 0xaedc, 0xaedc, 0xaedc, 0xaedc, 0xaedc, 0xaedc, 0xaedc, 0xaedc, 0xaedc, 0xaedc, 0xaedc, 0xaedc, 0xaedc, 
	0xaedc, 0xaedc, 0xaedc, 0xaedc, 0xaedc, 0xaedc, 0xaedc, 0xaedc, 0xaedc, 0xaedc, 0xaedc, 0xaedc, 0xaedc, 0xaedc, 0xaedc, 0xaedc, 
	0xaedc, 0xaedc, 0xaedc, 0xaedc, 0xaedc, 0xaedc, 0xaedc, 0xaedc, 0xaedc, 0xaedc, 0xaedc, 0xaedc, 0xaedc, 0xaedc, 0xaedc, 0xaedc, 
	0xaedc, 0xaedc, 0xaedc, 0xaedc, 0xaedc, 0xaedc, 0xaedc, 0xaedc, 0xaedc, 0xaedc, 0xaedc, 0xaedc, 0xaedc, 0xaedc, 0xaedc, 0xaedc, 
	0xaedc, 0xaedc, 0xaedc, 0xaedc, 0xaedc, 0xaedc, 0xaedc, 0xaedc, 0xaedc, 0xaedc, 0xaedc, 0xaedc, 0xaedc, 0xaedc, 0xaedc, 0xaedc, 
	0xaedc, 0xaedc, 0xaedc, 0xaedc, 0xaedc, 0xaedc, 0xaedc, 0xaedc, 0xaedc, 0xaedc, 0xaedc, 0xaedc, 0xaedc, 0xaedc, 0xaedc, 0xaedc, 
	0xaedc, 0xaedc, 0xaedc, 0xaedc, 0xaedc, 0xaedc, 0xaedc, 0xaedc, 0xaedc, 0xaedc, 0xaedc, 0xaedc, 0xaedc, 0xaedc, 0xaedc, 0xaedc, 
	0xaedc, 0xaedc, 0xaedc, 0xaedc, 0xaedc, 0xaedc, 0xaedc, 0xaedc, 0xaedc, 0xaedc, 0xaedc, 0xaedc, 0xaedc, 0xaedc, 0xaedc, 0xaedc, 
	0xaedc, 0xaedc, 0xaedc, 0xaedc, 0xaedc, 0xaedc, 0xaedc, 0xaedc, 0xaedc, 0xaedc, 0xaedc, 0xaedc, 0xaedc, 0xaedc, 0xaedc, 0xaedc, 
	0xaedc, 0xaedc, 0xaedc, 0xaedc, 0xaedc, 0xaedc, 0xaedc, 0xaedc, 0xaedc, 0xaedc, 0xaedc, 0xaedc, 0xaedc, 0xaedc, 0xaedc, 0xaedc, 
	0xaedc, 0xaedc, 0xaedc, 0xaedc, 0xaedc, 0xaedc, 0xaedc, 0xaedc, 0xaedc, 0xaedc, 0xaedc, 0xaedc, 0xaedc, 0xaedc, 0xaedc, 0xaedc, 
	0xaedc, 0xaedc, 0xaedc, 0xaedc, 0xaedc, 0xaedc, 0xaedc, 0xaedc, 0xaedc, 0xaedc, 0xaedc, 0xaedc, 0xaedc, 0xaedc, 0xaedc, 0xaedc, 
	0xaedc, 0xaedc, 0xaedc, 0xaedc, 0xaedc, 0xaedc, 0xaedc, 0xaedc, 0xaedc, 0xaedc, 0xaedc, 0xaedc, 0xaedc, 0xaedc, 0xaedc, 0xaedc, 
	0xaedc, 0xaedc, 0xaedc, 0xaedc, 0xaedc, 0xaedc, 0xaedc, 0xaedc, 0xaedc, 0xaedc, 0xaedc, 0xaedc, 0xaedc, 0xaedc, 0xaedc, 0xaedc, 
	0xaedc, 0xaedc, 0xaedc, 0xaedc, 0xaedc, 0xaedc, 0xaedc, 0xaedc, 0xaedc, 0xaedc, 0xaedc, 0xaedc, 0xaedc, 0xaedc, 0xaedc, 0xaedc, 
	0xaedc, 0xaedc, 0xaedc, 0xaedc, 0xaedc, 0xaedc, 0xaedc, 0xaedc, 0xaedc, 0xaedc, 0xaedc, 0xaedc, 0xaedc, 0xaedc, 0xaedc, 0xaedc, 
	0xaedc, 0xaedc, 0xaedc, 0xaedc, 0xaedc, 0xaedc, 0xaedc, 0xaedc, 0xaedc, 0xaedc, 0xaedc, 0xaedc, 0xaedc, 0xaedc, 0xaedc, 0xaedc, 
	0xaedc, 0xaedc, 0xaedc, 0xaedc, 0xaedc, 0xaedc, 0xaedc, 0xaedc, 0xaedc, 0xaedc, 0xaedc, 0xaedc, 0xaedc, 0xaedc, 0xaedc, 0xaedc, 
	0xaedc, 0xaedc, 0xaedc, 0xaedc, 0xaedc, 0xaedc, 0xaedc, 0xaedc, 0xaedc, 0xaedc, 0xaedc, 0xaedc, 0xaedc, 0xaedc, 0xaedc, 0xaedc, 
	0xaedc, 0xaedc, 0xaedc, 0xaedc, 0xaedc, 0xaedc, 0xaedc, 0xaedc, 0xaedc, 0xaedc, 0xaedc, 0xaedc, 0xaedc, 0xaedc, 0xaedc, 0xaedc, 
	0xaedc, 0xaedc, 0xaedc, 0xaedc, 0xaedc, 0xaedc, 0xaedc, 0xaedc, 0xaedc, 0xaedc, 0xaedc, 0xaedc, 0xaedc, 0xaedc, 0xaedc, 0xaedc, 
	0xaedc, 0xaedc, 0xaedc, 0xaedc, 0xaedc, 0xaedc, 0xaedc, 0xaedc, 0xaedc, 0xaedc, 0xaedc, 0xaedc, 0xaedc, 0xaedc, 0xaedc, 0xaedc, 
	0xaedc, 0xaedc, 0xaedc, 0xaedc, 0xaedc, 0xaedc, 0xaedc, 0xaedc, 0xaedc, 0xaedc, 0xaedc, 0xaedc, 0xaedc, 0xaedc, 0xaedc, 0xaedc, 
	0xaedc, 0xaedc, 0xaedc, 0xaedc, 0xaedc, 0xaedc, 0xaedc, 0xaedc, 0xaedc, 0xaedc, 0xaedc, 0xaedc, 0xaedc, 0xaedc, 0xaedc, 0xaedc, 
	0xaedc, 0xaedc, 0xaedc, 0xaedc, 0xaedc, 0xaedc, 0xaedc, 0xaedc, 0xaedc, 0xaedc, 0xaedc, 0xaedc, 0xaedc, 0xaedc, 0xaedc, 0xaedc, 
	0xaedc, 0xaedc, 0xaedc, 0xaedc, 0xaedc, 0xaedc, 0xaedc, 0xaedc, 0xaedc, 0xaedc, 0xaedc, 0xaedc, 0xaedc, 0xaedc, 0xaedc, 0xaedc, 
	0xaedc, 0xaedc, 0xaedc, 0xaedc, 0xaedc, 0xaedc, 0xaedc, 0xaedc, 0xaedc, 0xaedc, 0xaedc, 0xaedc, 0xaedc, 0xaedc, 0xaedc, 0xaedc, 
	0xaedc, 0xaedc, 0xaedc, 0xaedc, 0xaedc, 0xaedc, 0xaedc, 0xaedc, 0xaedc, 0xaedc, 0xaedc, 0xaedc, 0xaedc, 0xaedc, 0xaedc, 0xaedc, 
	0xaedc, 0xaedc, 0xaedc, 0xaedc, 0xaedc, 0xaedc, 0xaedc, 0xaedc, 0xaedc, 0xaedc, 0xaedc, 0xaedc, 0xaedc, 0xaedc, 0xaedc, 0xaedc, 
	0xaedc, 0xaedc, 0xaedc, 0xaedc, 0xaedc, 0xaedc, 0xaedc, 0xaedc, 0xaedc, 0xaedc, 0xaedc, 0xaedc, 0xaedc, 0xaedc, 0xaedc, 0xaedc, 
	0xaedc, 0xaedc, 0xaedc, 0xaedc, 0xaedc, 0xaedc, 0xaedc, 0xaedc, 0xaedc, 0xaedc, 0xaedc, 0xaedc, 0xaedc, 0xaedc, 0xaedc, 0xaedc, 
	0xaedc, 0xaedc, 0xaedc, 0xaedc, 0xaedc, 0xaedc, 0xaedc, 0xaedc, 0xaedc, 0xaedc, 0xaedc, 0xaedc, 0xaedc, 0xaedc, 0xaedc, 0xaedc, 
	0xaedc, 0xaedc, 0xaedc, 0xaedc, 0xaedc, 0xaedc, 0xaedc, 0xaedc, 0xaedc, 0xaedc, 0xaedc, 0xaedc, 0xaedc, 0xaedc, 0xaedc, 0xaedc, 
	0xaedc, 0xaedc, 0xaedc, 0xaedc, 0xaedc, 0xaedc, 0xaedc, 0xaedc, 0xaedc, 0xaedc, 0xaedc, 0xaedc, 0xaedc, 0xaedc, 0xaedc, 0xaedc, 
	0xaedc, 0xaedc, 0xaedc, 0xaedc, 0xaedc, 0xaedc, 0xaedc, 0xaedc, 0xaedc, 0xaedc, 0xaedc, 0xaedc, 0xaedc, 0xaedc, 0xaedc, 0xaedc, 
	0xaedc, 0xaedc, 0xaedc, 0xaedc, 0xaedc, 0xaedc, 0xaedc, 0xaedc, 0xaedc, 0xaedc, 0xaedc, 0xaedc, 0xaedc, 0xaedc, 0xaedc, 0xaedc, 
	0xaedc, 0xaedc, 0xaedc, 0xaedc, 0xaedc, 0xaedc, 0xaedc, 0xaedc, 0xaedc, 0xaedc, 0xaedc, 0xaedc, 0xaedc, 0xaedc, 0xaedc, 0xaedc, 
	0xaedc, 0xaedc, 0xaedc, 0xaedc, 0xaedc, 0xaedc, 0xaedc, 0xaedc, 0xaedc, 0xaedc, 0xaedc, 0xaedc, 0xaedc, 0xaedc, 0xaedc, 0xaedc, 
	0xaedc, 0xaedc, 0xaedc, 0xaedc, 0xaedc, 0xaedc, 0xaedc, 0xaedc, 0xaedc, 0xaedc, 0xaedc, 0xaedc, 0xaedc, 0xaedc, 0xaedc, 0xaedc, 
	0xaedc, 0xaedc, 0xaedc, 0xaedc, 0xaedc, 0xaedc, 0xaedc, 0xaedc, 0xaedc, 0xaedc, 0xaedc, 0xaedc, 0xaedc, 0xaedc, 0xaedc, 0xaedc, 
	0xaedc, 0xaedc, 0xaedc, 0xaedc, 0xaedc, 0xaedc, 0xaedc, 0xaedc, 0xaedc, 0xaedc, 0xaedc, 0xaedc, 0xaedc, 0xaedc, 0xaedc, 0xaedc, 
	0xaedc, 0xaedc, 0xaedc, 0xaedc, 0xaedc, 0xaedc, 0xaedc, 0xaedc, 0xaedc, 0xaedc, 0xaedc, 0xaedc, 0xaedc, 0xaedc, 0xaedc, 0xaedc, 
	0xaedc, 0xaedc, 0xaedc, 0xaedc, 0xaedc, 0xaedc, 0xaedc, 0xaedc, 0xaedc, 0xaedc, 0xaedc, 0xaedc, 0xaedc, 0xaedc, 0xaedc, 0xaedc, 
	0xaedc, 0xaedc, 0xaedc, 0xaedc, 0xaedc, 0xaedc, 0xaedc, 0xaedc, 0xaedc, 0xaedc, 0xaedc, 0xaedc, 0xaedc, 0xaedc, 0xaedc, 0xaedc, 
	0xaedc, 0xaedc, 0xaedc, 0xaedc, 0xaedc, 0xaedc, 0xaedc, 0xaedc, 0xaedc, 0xaedc, 0xaedc, 0xaedc, 0xaedc, 0xaedc, 0xaedc, 0xaedc, 
	0xaedc, 0xaedc, 0xaedc, 0xaedc, 0xaedc, 0xaedc, 0xaedc, 0xaedc, 0xaedc, 0xaedc, 0xaedc, 0xaedc, 0xaedc, 0xaedc, 0xaedc, 0xaedc, 
	0xaedc, 0xaedc, 0xaedc, 0xaedc, 0xaedc, 0xaedc, 0xaedc, 0xaedc, 0xaedc, 0xaedc, 0xaedc, 0xaedc, 0xaedc, 0xaedc, 0xaedc, 0xaedc, 
	0xaedc, 0xaedc, 0xaedc, 0xaedc, 0xaedc, 0xaedc, 0xaedc, 0xaedc, 0xaedc, 0xaedc, 0xaedc, 0xaedc, 0xaedc, 0xaedc, 0xaedc, 0xaedc, 
	0xaedc, 0xaedc, 0xaedc, 0xaedc, 0xaedc, 0xaedc, 0xaedc, 0xaedc, 0xaedc, 0xaedc, 0xaedc, 0xaedc, 0xaedc, 0xaedc, 0xaedc, 0xaedc, 
	0xaedc, 0xaedc, 0xaedc, 0xaedc, 0xaedc, 0xaedc, 0xaedc, 0xaedc, 0xaedc, 0xaedc, 0xaedc, 0xaedc, 0xaedc, 0xaedc, 0xaedc, 0xaedc, 
	0xaedc, 0xaedc, 0xaedc, 0xaedc, 0xaedc, 0xaedc, 0xaedc, 0xaedc, 0xaedc, 0xaedc, 0xaedc, 0xaedc, 0xaedc, 0xaedc, 0xaedc, 0xaedc, 
	0xaedc, 0xaedc, 0xaedc, 0xaedc, 0xaedc, 0xaedc, 0xaedc, 0xaedc, 0xaedc, 0xaedc, 0xaedc, 0xaedc, 0xaedc, 0xaedc, 0xaedc, 0xaedc, 
	0xaedc, 0xaedc, 0xaedc, 0xaedc, 0xaedc, 0xaedc, 0xaedc, 0xaedc, 0xaedc, 0xaedc, 0xaedc, 0xaedc, 0xaedc, 0xaedc, 0xaedc, 0xaedc, 
	0xaedc, 0xaedc, 0xaedc, 0xaedc, 0xaedc, 0xaedc, 0xaedc, 0xaedc, 0xaedc, 0xaedc, 0xaedc, 0xaedc, 0xaedc, 0xaedc, 0xaedc, 0xaedc, 
	0xaedc, 0xaedc, 0xaedc, 0xaedc, 0xaedc, 0xaedc, 0xaedc, 0xaedc, 0xaedc, 0xaedc, 0xaedc, 0xaedc, 0xaedc, 0xaedc, 0xaedc, 0xaedc, 
	0xaedc, 0xaedc, 0xaedc, 0xaedc, 0xaedc, 0xaedc, 0xaedc, 0xaedc, 0xaedc, 0xaedc, 0xaedc, 0xaedc, 0xaedc, 0xaedc, 0xaedc, 0xaedc, 
	0xaedc, 0xaedc, 0xaedc, 0xaedc, 0xaedc, 0xaedc, 0xaedc, 0xaedc, 0xaedc, 0xaedc, 0xaedc, 0xaedc, 0xaedc, 0xaedc, 0xaedc, 0xaedc, 
	0xaedc, 0xaedc, 0xaedc, 0xaedc, 0xaedc, 0xaedc, 0xaedc, 0xaedc, 0xaedc, 0xaedc, 0xaedc, 0xaedc, 0xaedc, 0xaedc, 0xaedc, 0xaedc, 
	0xaedc, 0xaedc, 0xaedc, 0xaedc, 0xaedc, 0xaedc, 0xaedc, 0xaedc, 0xaedc, 0xaedc, 0xaedc, 0xaedc, 0xaedc, 0xaedc, 0xaedc, 0xaedc, 
	0xaedc, 0xaedc, 0xaedc, 0xaedc, 0xaedc, 0xaedc, 0xaedc, 0xaedc, 0xaedc, 0xaedc, 0xaedc, 0xaedc, 0xaedc, 0xaedc, 0xaedc, 0xaedc, 
	0xaedc, 0xaedc, 0xaedc, 0xaedc, 0xaedc, 0xaedc, 0xaedc, 0xaedc, 0xaedc, 0xaedc, 0xaedc, 0xaedc, 0xaedc, 0xaedc, 0xaedc, 0xaedc, 
	0xaedc, 0xaedc, 0xaedc, 0xaedc, 0xaedc, 0xaedc, 0xaedc, 0xaedc, 0xaedc, 0xaedc, 0xaedc, 0xaedc, 0xaedc, 0xaedc, 0xaedc, 0xaedc, 
	0xaedc, 0xaedc, 0xaedc, 0xaedc, 0xaedc, 0xaedc, 0xaedc, 0xaedc, 0xaedc, 0xaedc, 0xaedc, 0xaedc, 0xaedc, 0xaedc, 0xaedc, 0xaedc, 
	0xaedc, 0xaedc, 0xaedc, 0xaedc, 0xaedc, 0xaedc, 0xaedc, 0xaedc, 0xaedc, 0xaedc, 0xaedc, 0xaedc, 0xaedc, 0xaedc, 0xaedc, 0xaedc, 
	0xaedc, 0xaedc, 0xaedc, 0xaedc, 0xaedc, 0xaedc, 0xaedc, 0xaedc, 0xaedc, 0xaedc, 0xaedc, 0xaedc, 0xaedc, 0xaedc, 0xaedc, 0xaedc, 
	0xaedc, 0xaedc, 0xaedc, 0xaedc, 0xaedc, 0xaedc, 0xaedc, 0xaedc, 0xaedc, 0xaedc, 0xaedc, 0xaedc, 0xaedc, 0xaedc, 0xaedc, 0xaedc, 
	0xaedc, 0xaedc, 0xaedc, 0xaedc, 0xaedc, 0xaedc, 0xaedc, 0xaedc, 0xaedc, 0xaedc, 0xaedc, 0xaedc, 0xaedc, 0xaedc, 0xaedc, 0xaedc, 
	0xaedc, 0xaedc, 0xaedc, 0xaedc, 0xaedc, 0xaedc, 0xaedc, 0xaedc, 0xaedc, 0xaedc, 0xaedc, 0xaedc, 0xaedc, 0xaedc, 0xaedc, 0xaedc, 
	0xaedc, 0xaedc, 0xaedc, 0xaedc, 0xaedc, 0xaedc, 0xaedc, 0xaedc, 0xaedc, 0xaedc, 0xaedc, 0xaedc, 0xaedc, 0xaedc, 0xaedc, 0xaedc, 
	0xaedc, 0xaedc, 0xaedc, 0xaedc, 0xaedc, 0xaedc, 0xaedc, 0xaedc, 0xaedc, 0xaedc, 0xaedc, 0xaedc, 0xaedc, 0xaedc, 0xaedc, 0xaedc, 
	0xaedc, 0xaedc, 0xaedc, 0xaedc, 0xaedc, 0xaedc, 0xaedc, 0xaedc, 0xaedc, 0xaedc, 0xaedc, 0xaedc, 0xaedc, 0xaedc, 0xaedc, 0xaedc, 
	0xaedc, 0xaedc, 0xaedc, 0xaedc, 0xaedc, 0xaedc, 0xaedc, 0xaedc, 0xaedc, 0xaedc, 0xaedc, 0xaedc, 0xaedc, 0xaedc, 0xaedc, 0xaedc, 
	0xaedc, 0xaedc, 0xaedc, 0xaedc, 0xaedc, 0xaedc, 0xaedc, 0xaedc, 0xaedc, 0xaedc, 0xaedc, 0xaedc, 0xaedc, 0xaedc, 0xaedc, 0xaedc, 
	0xaedc, 0xaedc, 0xaedc, 0xaedc, 0xaedc, 0xaedc, 0xaedc, 0xaedc, 0xaedc, 0xaedc, 0xaedc, 0xaedc, 0xaedc, 0xaedc, 0xaedc, 0xaedc, 
	0xaedc, 0xaedc, 0xaedc, 0xaedc, 0xaedc, 0xaedc, 0xaedc, 0xaedc, 0xaedc, 0xaedc, 0xaedc, 0xaedc, 0xaedc, 0xaedc, 0xaedc, 0xaedc, 
	0xaedc, 0xaedc, 0xaedc, 0xaedc, 0xaedc, 0xaedc, 0xaedc, 0xaedc, 0xaedc, 0xaedc, 0xaedc, 0xaedc, 0xaedc, 0xaedc, 0xaedc, 0xaedc, 
	0xaedc, 0xaedc, 0xaedc, 0xaedc, 0xaedc, 0xaedc, 0xaedc, 0xaedc, 0xaedc, 0xaedc, 0xaedc, 0xaedc, 0xaedc, 0xaedc, 0xaedc, 0xaedc, 
	0xaedc, 0xaedc, 0xaedc, 0xaedc, 0xaedc, 0xaedc, 0xaedc, 0xaedc, 0xaedc, 0xaedc, 0xaedc, 0xaedc, 0xaedc, 0xaedc, 0xaedc, 0xaedc, 
	0xaedc, 0xaedc, 0xaedc, 0xaedc, 0xaedc, 0xaedc, 0xaedc, 0xaedc, 0xaedc, 0xaedc, 0xaedc, 0xaedc, 0xaedc, 0xaedc, 0xaedc, 0xaedc, 
	0xaedc, 0xaedc, 0xaedc, 0xaedc, 0xaedc, 0xaedc, 0xaedc, 0xaedc, 0xaedc, 0xaedc, 0xaedc, 0xaedc, 0xaedc, 0xaedc, 0xaedc, 0xaedc, 
	0xaedc, 0xaedc, 0xaedc, 0xaedc, 0xaedc, 0xaedc, 0xaedc, 0xaedc, 0xaedc, 0xaedc, 0xaedc, 0xaedc, 0xaedc, 0xaedc, 0xaedc, 0xaedc, 
	0xaedc, 0xaedc, 0xaedc, 0xaedc, 0xaedc, 0xaedc, 0xaedc, 0xaedc, 0xaedc, 0xaedc, 0xaedc, 0xaedc, 0xaedc, 0xaedc, 0xaedc, 0xaedc, 
	0xaedc, 0xaedc, 0xaedc, 0xaedc, 0xaedc, 0xaedc, 0xaedc, 0xaedc, 0xaedc, 0xaedc, 0xaedc, 0xaedc, 0xaedc, 0xaedc, 0xaedc, 0xaedc, 
	0xaedc, 0xaedc, 0xaedc, 0xaedc, 0xaedc, 0xaedc, 0xaedc, 0xaedc, 0xaedc, 0xaedc, 0xaedc, 0xaedc, 0xaedc, 0xaedc, 0xaedc, 0xaedc, 
	0xaedc, 0xaedc, 0xaedc, 0xaedc, 0xaedc, 0xaedc, 0xaedc, 0xaedc, 0xaedc, 0xaedc, 0xaedc, 0xaedc, 0xaedc, 0xaedc, 0xaedc, 0xaedc, 
	0xaedc, 0xaedc, 0xaedc, 0xaedc, 0xaedc, 0xaedc, 0xaedc, 0xaedc, 0xaedc, 0xaedc, 0xaedc, 0xaedc, 0xaedc, 0xaedc, 0xaedc, 0xaedc, 
	0xaedc, 0xaedc, 0xaedc, 0xaedc, 0xaedc, 0xaedc, 0xaedc, 0xaedc, 0xaedc, 0xaedc, 0xaedc, 0xaedc, 0xaedc, 0xaedc, 0xaedc, 0xaedc, 
	0xaedc, 0xaedc, 0xaedc, 0xaedc, 0xaedc, 0xaedc, 0xaedc, 0xaedc, 0xaedc, 0xaedc, 0xaedc, 0xaedc, 0xaedc, 0xaedc, 0xaedc, 0xaedc, 
	0xaedc, 0xaedc, 0xaedc, 0xaedc, 0xaedc, 0xaedc, 0xaedc, 0xaedc, 0xaedc, 0xaedc, 0xaedc, 0xaedc, 0xaedc, 0xaedc, 0xaedc, 0xaedc, 
	0xaedc, 0xaedc, 0xaedc, 0xaedc, 0xaedc, 0xaedc, 0xaedc, 0xaedc, 0xaedc, 0xaedc, 0xaedc, 0xaedc, 0xaedc, 0xaedc, 0xaedc, 0xaedc, 
	0xaedc, 0xaedc, 0xaedc, 0xaedc, 0xaedc, 0xaedc, 0xaedc, 0xaedc, 0xaedc, 0xaedc, 0xaedc, 0xaedc, 0xaedc, 0xaedc, 0xaedc, 0xaedc, 
	0xaedc, 0xaedc, 0xaedc, 0xaedc, 0xaedc, 0xaedc, 0xaedc, 0xaedc, 0xaedc, 0xaedc, 0xaedc, 0xaedc, 0xaedc, 0xaedc, 0xaedc, 0xaedc, 
	0xaedc, 0xaedc, 0xaedc, 0xaedc, 0xaedc, 0xaedc, 0xaedc, 0xaedc, 0xaedc, 0xaedc, 0xaedc, 0xaedc, 0xaedc, 0xaedc, 0xaedc, 0xaedc, 
	0xaedc, 0xaedc, 0xaedc, 0xaedc, 0xaedc, 0xaedc, 0xaedc, 0xaedc, 0xaedc, 0xaedc, 0xaedc, 0xaedc, 0xaedc, 0xaedc, 0xaedc, 0xaedc, 
	0xaedc, 0xaedc, 0xaedc, 0xaedc, 0xaedc, 0xaedc, 0xaedc, 0xaedc, 0xaedc, 0xaedc, 0xaedc, 0xaedc, 0xaedc, 0xaedc, 0xaedc, 0xaedc, 
	0xaedc, 0xaedc, 0xaedc, 0xaedc, 0xaedc, 0xaedc, 0xaedc, 0xaedc, 0xaedc, 0xaedc, 0xaedc, 0xaedc, 0xaedc, 0xaedc, 0xaedc, 0xaedc, 
	0xaedc, 0xaedc, 0xaedc, 0xaedc, 0xaedc, 0xaedc, 0xaedc, 0xaedc, 0xaedc, 0xaedc, 0xaedc, 0xaedc, 0xaedc, 0xaedc, 0xaedc, 0xaedc, 
	0xaedc, 0xaedc, 0xaedc, 0xaedc, 0xaedc, 0xaedc, 0xaedc, 0xaedc, 0xaedc, 0xaedc, 0xaedc, 0xaedc, 0xaedc, 0xaedc, 0xaedc, 0xaedc, 
	0xaedc, 0xaedc, 0xaedc, 0xaedc, 0xaedc, 0xaedc, 0xaedc, 0xaedc, 0xaedc, 0xaedc, 0xaedc, 0xaedc, 0xaedc, 0xaedc, 0xaedc, 0xaedc, 
	0xaedc, 0xaedc, 0xaedc, 0xaedc, 0xaedc, 0xaedc, 0xaedc, 0xaedc, 0xaedc, 0xaedc, 0xaedc, 0xaedc, 0xaedc, 0xaedc, 0xaedc, 0xaedc, 
	0xaedc, 0xaedc, 0xaedc, 0xaedc, 0xaedc, 0xaedc, 0xaedc, 0xaedc, 0xaedc, 0xaedc, 0xaedc, 0xaedc, 0xaedc, 0xaedc, 0xaedc, 0xaedc, 
	0xaedc, 0xaedc, 0xaedc, 0xaedc, 0xaedc, 0xaedc, 0xaedc, 0xaedc, 0xaedc, 0xaedc, 0xaedc, 0xaedc, 0xaedc, 0xaedc, 0xaedc, 0xaedc, 
	0xaedc, 0xaedc, 0xaedc, 0xaedc, 0xaedc, 0xaedc, 0xaedc, 0xaedc, 0xaedc, 0xaedc, 0xaedc, 0xaedc, 0xaedc, 0xaedc, 0xaedc, 0xaedc, 
	0xaedc, 0xaedc, 0xaedc, 0xaedc, 0xaedc, 0xaedc, 0xaedc, 0xaedc, 0xaedc, 0xaedc, 0xaedc, 0xaedc, 0xaedc, 0xaedc, 0xaedc, 0xaedc, 
	0xaedc, 0xaedc, 0xaedc, 0xaedc, 0xaedc, 0xaedc, 0xaedc, 0xaedc, 0xaedc, 0xaedc, 0xaedc, 0xaedc, 0xaedc, 0xaedc, 0xaedc, 0xaedc, 
	0xaedc, 0xaedc, 0xaedc, 0xaedc, 0xaedc, 0xaedc, 0xaedc, 0xaedc, 0xaedc, 0xaedc, 0xaedc, 0xaedc, 0xaedc, 0xaedc, 0xaedc, 0xaedc, 
	0xaedc, 0xaedc, 0xaedc, 0xaedc, 0xaedc, 0xaedc, 0xaedc, 0xaedc, 0xaedc, 0xaedc, 0xaedc, 0xaedc, 0xaedc, 0xaedc, 0xaedc, 0xaedc, 
	0xaedc, 0xaedc, 0xaedc, 0xaedc, 0xaedc, 0xaedc, 0xaedc, 0xaedc, 0xaedc, 0xaedc, 0xaedc, 0xaedc, 0xaedc, 0xaedc, 0xaedc, 0xaedc, 
	0xaedc, 0xaedc, 0xaedc, 0xaedc, 0xaedc, 0xaedc, 0xaedc, 0xaedc, 0xaedc, 0xaedc, 0xaedc, 0xaedc, 0xaedc, 0xaedc, 0xaedc, 0xaedc, 
	0xaedc, 0xaedc, 0xaedc, 0xaedc, 0xaedc, 0xaedc, 0xaedc, 0xaedc, 0xaedc, 0xaedc, 0xaedc, 0xaedc, 0xaedc, 0xaedc, 0xaedc, 0xaedc, 
	0xaedc, 0xaedc, 0xaedc, 0xaedc, 0xaedc, 0xaedc, 0xaedc, 0xaedc, 0xaedc, 0xaedc, 0xaedc, 0xaedc, 0xaedc, 0xaedc, 0xaedc, 0xaedc, 
	0xaedc, 0xaedc, 0xaedc, 0xaedc, 0xaedc, 0xaedc, 0xaedc, 0xaedc, 0xaedc, 0xaedc, 0xaedc, 0xaedc, 0xaedc, 0xaedc, 0xaedc, 0xaedc, 
	0xaedc, 0xaedc, 0xaedc, 0xaedc, 0xaedc, 0xaedc, 0xaedc, 0xaedc, 0xaedc, 0xaedc, 0xaedc, 0xaedc, 0xaedc, 0xaedc, 0xaedc, 0xaedc, 
	0xaedc, 0xaedc, 0xaedc, 0xaedc, 0xaedc, 0xaedc, 0xaedc, 0xaedc, 0xaedc, 0xaedc, 0xaedc, 0xaedc, 0xaedc, 0xaedc, 0xaedc, 0xaedc, 
	0xaedc, 0xaedc, 0xaedc, 0xaedc, 0xaedc, 0xaedc, 0xaedc, 0xaedc, 0xaedc, 0xaedc, 0xaedc, 0xaedc, 0xaedc, 0xaedc, 0xaedc, 0xaedc, 
	0xaedc, 0xaedc, 0xaedc, 0xaedc, 0xaedc, 0xaedc, 0xaedc, 0xaedc, 0xaedc, 0xaedc, 0xaedc, 0xaedc, 0xaedc, 0xaedc, 0xaedc, 0xaedc, 
	0xaedc, 0xaedc, 0xaedc, 0xaedc, 0xaedc, 0xaedc, 0xaedc, 0xaedc, 0xaedc, 0xaedc, 0xaedc, 0xaedc, 0xaedc, 0xaedc, 0xaedc, 0xaedc, 
	0xaedc, 0xaedc, 0xaedc, 0xaedc, 0xaedc, 0xaedc, 0xaedc, 0xaedc, 0xaedc, 0xaedc, 0xaedc, 0xaedc, 0xaedc, 0xaedc, 0xaedc, 0xaedc, 
	0xaedc, 0xaedc, 0xaedc, 0xaedc, 0xaedc, 0xaedc, 0xaedc, 0xaedc, 0xaedc, 0xaedc, 0xaedc, 0xaedc, 0xaedc, 0xaedc, 0xaedc, 0xaedc, 
	0xaedc, 0xaedc, 0xaedc, 0xaedc, 0xaedc, 0xaedc, 0xaedc, 0xaedc, 0xaedc, 0xaedc, 0xaedc, 0xaedc, 0xaedc, 0xaedc, 0xaedc, 0xaedc, 
	0xaedc, 0xaedc, 0xaedc, 0xaedc, 0xaedc, 0xaedc, 0xaedc, 0xaedc, 0xaedc, 0xaedc, 0xaedc, 0xaedc, 0xaedc, 0xaedc, 0xaedc, 0xaedc, 
	0xaedc, 0xaedc, 0xaedc, 0xaedc, 0xaedc, 0xaedc, 0xaedc, 0xaedc, 0xaedc, 0xaedc, 0xaedc, 0xaedc, 0xaedc, 0xaedc, 0xaedc, 0xaedc, 
	0xaedc, 0xaedc, 0xaedc, 0xaedc, 0xaedc, 0xaedc, 0xaedc, 0xaedc, 0xaedc, 0xaedc, 0xaedc, 0xaedc, 0xaedc, 0xaedc, 0xaedc, 0xaedc, 
	0xaedc, 0xaedc, 0xaedc, 0xaedc, 0xaedc, 0xaedc, 0xaedc, 0xaedc, 0xaedc, 0xaedc, 0xaedc, 0xaedc, 0xaedc, 0xaedc, 0xaedc, 0xaedc, 
	0xaedc, 0xaedc, 0xaedc, 0xaedc, 0xaedc, 0xaedc, 0xaedc, 0xaedc, 0xaedc, 0xaedc, 0xaedc, 0xaedc, 0xaedc, 0xaedc, 0xaedc, 0xaedc, 
	0xaedc, 0xaedc, 0xaedc, 0xaedc, 0xaedc, 0xaedc, 0xaedc, 0xaedc, 0xaedc, 0xaedc, 0xaedc, 0xaedc, 0xaedc, 0xaedc, 0xaedc, 0xaedc, 
	0xaedc, 0xaedc, 0xaedc, 0xaedc, 0xaedc, 0xaedc, 0xaedc, 0xaedc, 0xaedc, 0xaedc, 0xaedc, 0xaedc, 0xaedc, 0xaedc, 0xaedc, 0xaedc, 
	0xaedc, 0xaedc, 0xaedc, 0xaedc, 0xaedc, 0xaedc, 0xaedc, 0xaedc, 0xaedc, 0xaedc, 0xaedc, 0xaedc, 0xaedc, 0xaedc, 0xaedc, 0xaedc, 
	0xaedc, 0xaedc, 0xaedc, 0xaedc, 0xaedc, 0xaedc, 0xaedc, 0xaedc, 0xaedc, 0xaedc, 0xaedc, 0xaedc, 0xaedc, 0xaedc, 0xaedc, 0xaedc, 
	0xaedc, 0xaedc, 0xaedc, 0xaedc, 0xaedc, 0xaedc, 0xaedc, 0xaedc, 0xaedc, 0xaedc, 0xaedc, 0xaedc, 0xaedc, 0xaedc, 0xaedc, 0xaedc, 
	0xaedc, 0xaedc, 0xaedc, 0xaedc, 0xaedc, 0xaedc, 0xaedc, 0xaedc, 0xaedc, 0xaedc, 0xaedc, 0xaedc, 0xaedc, 0xaedc, 0xaedc, 0xaedc, 
	0xaedc, 0xaedc, 0xaedc, 0xaedc, 0xaedc, 0xaedc, 0xaedc, 0xaedc, 0xaedc, 0xaedc, 0xaedc, 0xaedc, 0xaedc, 0xaedc, 0xaedc, 0xaedc, 
	0xaedc, 0xaedc, 0xaedc, 0xaedc, 0xaedc, 0xaedc, 0xaedc, 0xaedc, 0xaedc, 0xaedc, 0xaedc, 0xaedc, 0xaedc, 0xaedc, 0xaedc, 0xaedc, 
	0xaedc, 0xaedc, 0xaedc, 0xaedc, 0xaedc, 0xaedc, 0xaedc, 0xaedc, 0xaedc, 0xaedc, 0xaedc, 0xaedc, 0xaedc, 0xaedc, 0xaedc, 0xaedc, 
	0xaedc, 0xaedc, 0xaedc, 0xaedc, 0xaedc, 0xaedc, 0xaedc, 0xaedc, 0xaedc, 0xaedc, 0xaedc, 0xaedc, 0xaedc, 0xaedc, 0xaedc, 0xaedc, 
	0xaedc, 0xaedc, 0xaedc, 0xaedc, 0xaedc, 0xaedc, 0xaedc, 0xaedc, 0xaedc, 0xaedc, 0xaedc, 0xaedc, 0xaedc, 0xaedc, 0xaedc, 0xaedc, 
	0xaedc, 0xaedc, 0xaedc, 0xaedc, 0xaedc, 0xaedc, 0xaedc, 0xaedc, 0xaedc, 0xaedc, 0xaedc, 0xaedc, 0xaedc, 0xaedc, 0xaedc, 0xaedc, 
	0xaedc, 0xaedc, 0xaedc, 0xaedc, 0xaedc, 0xaedc, 0xaedc, 0xaedc, 0xaedc, 0xaedc, 0xaedc, 0xaedc, 0xaedc, 0xaedc, 0xaedc, 0xaedc, 
	0xaedc, 0xaedc, 0xaedc, 0xaedc, 0xaedc, 0xaedc, 0xaedc, 0xaedc, 0xaedc, 0xaedc, 0xaedc, 0xaedc, 0xaedc, 0xaedc, 0xaedc, 0xaedc, 
	0xaedc, 0xaedc, 0xaedc, 0xaedc, 0xaedc, 0xaedc, 0xaedc, 0xaedc, 0xaedc, 0xaedc, 0xaedc, 0xaedc, 0xaedc, 0xaedc, 0xaedc, 0xaedc, 
	0xaedc, 0xaedc, 0xaedc, 0xaedc, 0xaedc, 0xaedc, 0xaedc, 0xaedc, 0xaedc, 0xaedc, 0xaedc, 0xaedc, 0xaedc, 0xaedc, 0xaedc, 0xaedc, 
	0xaedc, 0xaedc, 0xaedc, 0xaedc, 0xaedc, 0xaedc, 0xaedc, 0xaedc, 0xaedc, 0xaedc, 0xaedc, 0xaedc, 0xaedc, 0xaedc, 0xaedc, 0xaedc, 
	0xaedc, 0xaedc, 0xaedc, 0xaedc, 0xaedc, 0xaedc, 0xaedc, 0xaedc, 0xaedc, 0xaedc, 0xaedc, 0xaedc, 0xaedc, 0xaedc, 0xaedc, 0xaedc, 
	0xaedc, 0xaedc, 0xaedc, 0xaedc, 0xaedc, 0xaedc, 0xaedc, 0xaedc, 0xaedc, 0xaedc, 0xaedc, 0xaedc, 0xaedc, 0xaedc, 0xaedc, 0xaedc, 
	0xaedc, 0xaedc, 0xaedc, 0xaedc, 0xaedc, 0xaedc, 0xaedc, 0xaedc, 0xaedc, 0xaedc, 0xaedc, 0xaedc, 0xaedc, 0xaedc, 0xaedc, 0xaedc, 
	0xaedc, 0xaedc, 0xaedc, 0xaedc, 0xaedc, 0xaedc, 0xaedc, 0xaedc, 0xaedc, 0xaedc, 0xaedc, 0xaedc, 0xaedc, 0xaedc, 0xaedc, 0xaedc, 
	0xaedc, 0xaedc, 0xaedc, 0xaedc, 0xaedc, 0xaedc, 0xaedc, 0xaedc, 0xaedc, 0xaedc, 0xaedc, 0xaedc, 0xaedc, 0xaedc, 0xaedc, 0xaedc, 
	0xaedc, 0xaedc, 0xaedc, 0xaedc, 0xaedc, 0xaedc, 0xaedc, 0xaedc, 0xaedc, 0xaedc, 0xaedc, 0xaedc, 0xaedc, 0xaedc, 0xaedc, 0xaedc, 
	0xaedc, 0xaedc, 0xaedc, 0xaedc, 0xaedc, 0xaedc, 0xaedc, 0xaedc, 0xaedc, 0xaedc, 0xaedc, 0xaedc, 0xaedc, 0xaedc, 0xaedc, 0xaedc, 
	0xaedc, 0xaedc, 0xaedc, 0xaedc, 0xaedc, 0xaedc, 0xaedc, 0xaedc, 0xaedc, 0xaedc, 0xaedc, 0xaedc, 0xaedc, 0xaedc, 0xaedc, 0xaedc, 
	0xaedc, 0xaedc, 0xaedc, 0xaedc, 0xaedc, 0xaedc, 0xaedc, 0xaedc, 0xaedc, 0xaedc, 0xaedc, 0xaedc, 0xaedc, 0xaedc, 0xaedc, 0xaedc, 
	0xaedc, 0xaedc, 0xaedc, 0xaedc, 0xaedc, 0xaedc, 0xaedc, 0xaedc, 0xaedc, 0xaedc, 0xaedc, 0xaedc, 0xaedc, 0xaedc, 0xaedc, 0xaedc, 
	0xaedc, 0xaedc, 0xaedc, 0xaedc, 0xaedc, 0xaedc, 0xaedc, 0xaedc, 0xaedc, 0xaedc, 0xaedc, 0xaedc, 0xaedc, 0xaedc, 0xaedc, 0xaedc, 
	0xaedc, 0xaedc, 0xaedc, 0xaedc, 0xaedc, 0xaedc, 0xaedc, 0xaedc, 0xaedc, 0xaedc, 0xaedc, 0xaedc, 0xaedc, 0xaedc, 0xaedc, 0xaedc, 
	0xaedc, 0xaedc, 0xaedc, 0xaedc, 0xaedc, 0xaedc, 0xaedc, 0xaedc, 0xaedc, 0xaedc, 0xaedc, 0xaedc, 0xaedc, 0xaedc, 0xaedc, 0xaedc, 
	0xaedc, 0xaedc, 0xaedc, 0xaedc, 0xaedc, 0xaedc, 0xaedc, 0xaedc, 0xaedc, 0xaedc, 0xaedc, 0xaedc, 0xaedc, 0xaedc, 0xaedc, 0xaedc, 
	0xaedc, 0xaedc, 0xaedc, 0xaedc, 0xaedc, 0xaedc, 0xaedc, 0xaedc, 0xaedc, 0xaedc, 0xaedc, 0xaedc, 0xaedc, 0xaedc, 0xaedc, 0xaedc, 
	0xaedc, 0xaedc, 0xaedc, 0xaedc, 0xaedc, 0xaedc, 0xaedc, 0xaedc, 0xaedc, 0xaedc, 0xaedc, 0xaedc, 0xaedc, 0xaedc, 0xaedc, 0xaedc, 
	0xaedc, 0xaedc, 0xaedc, 0xaedc, 0xaedc, 0xaedc, 0xaedc, 0xaedc, 0xaedc, 0xaedc, 0xaedc, 0xaedc, 0xaedc, 0xaedc, 0xaedc, 0xaedc, 
	0xaedc, 0xaedc, 0xaedc, 0xaedc, 0xaedc, 0xaedc, 0xaedc, 0xaedc, 0xaedc, 0xaedc, 0xaedc, 0xaedc, 0xaedc, 0xaedc, 0xaedc, 0xaedc, 
	0xaedc, 0xaedc, 0xaedc, 0xaedc, 0xaedc, 0xaedc, 0xaedc, 0xaedc, 0xaedc, 0xaedc, 0xaedc, 0xaedc, 0xaedc, 0xaedc, 0xaedc, 0xaedc, 
	0xaedc, 0xaedc, 0xaedc, 0xaedc, 0xaedc, 0xaedc, 0xaedc, 0xaedc, 0xaedc, 0xaedc, 0xaedc, 0xaedc, 0xaedc, 0xaedc, 0xaedc, 0xaedc, 
	0xaedc, 0xaedc, 0xaedc, 0xaedc, 0xaedc, 0xaedc, 0xaedc, 0xaedc, 0xaedc, 0xaedc, 0xaedc, 0xaedc, 0xaedc, 0xaedc, 0xaedc, 0xaedc, 
	0xaedc, 0xaedc, 0xaedc, 0xaedc, 0xaedc, 0xaedc, 0xaedc, 0xaedc, 0xaedc, 0xaedc, 0xaedc, 0xaedc, 0xaedc, 0xaedc, 0xaedc, 0xaedc, 
	0xaedc, 0xaedc, 0xaedc, 0xaedc, 0xaedc, 0xaedc, 0xaedc, 0xaedc, 0xaedc, 0xaedc, 0xaedc, 0xaedc, 0xaedc, 0xaedc, 0xaedc, 0xaedc, 
	0xaedc, 0xaedc, 0xaedc, 0xaedc, 0xaedc, 0xaedc, 0xaedc, 0xaedc, 0xaedc, 0xaedc, 0xaedc, 0xaedc, 0xaedc, 0xaedc, 0xaedc, 0xaedc, 
	0xaedc, 0xaedc, 0xaedc, 0xaedc, 0xaedc, 0xaedc, 0xaedc, 0xaedc, 0xaedc, 0xaedc, 0xaedc, 0xaedc, 0xaedc, 0xaedc, 0xaedc, 0xaedc, 
	0xaedc, 0xaedc, 0xaedc, 0xaedc, 0xaedc, 0xaedc, 0xaedc, 0xaedc, 0xaedc, 0xaedc, 0xaedc, 0xaedc, 0xaedc, 0xaedc, 0xaedc, 0xaedc, 
	0xaedc, 0xaedc, 0xaedc, 0xaedc, 0xaedc, 0xaedc, 0xaedc, 0xaedc, 0xaedc, 0xaedc, 0xaedc, 0xaedc, 0xaedc, 0xaedc, 0xaedc, 0xaedc, 
	0xaedc, 0xaedc, 0xaedc, 0xaedc, 0xaedc, 0xaedc, 0xaedc, 0xaedc, 0xaedc, 0xaedc, 0xaedc, 0xaedc, 0xaedc, 0xaedc, 0xaedc, 0xaedc, 
	0xaedc, 0xaedc, 0xaedc, 0xaedc, 0xaedc, 0xaedc, 0xaedc, 0xaedc, 0xaedc, 0xaedc, 0xaedc, 0xaedc, 0xaedc, 0xaedc, 0xaedc, 0xaedc, 
	0xaedc, 0xaedc, 0xaedc, 0xaedc, 0xaedc, 0xaedc, 0xaedc, 0xaedc, 0xaedc, 0xaedc, 0xaedc, 0xaedc, 0xaedc, 0xaedc, 0xaedc, 0xaedc, 
	0xaedc, 0xaedc, 0xaedc, 0xaedc, 0xaedc, 0xaedc, 0xaedc, 0xaedc, 0xaedc, 0xaedc, 0xaedc, 0xaedc, 0xaedc, 0xaedc, 0xaedc, 0xaedc, 
	0xaedc, 0xaedc, 0xaedc, 0xaedc, 0xaedc, 0xaedc, 0xaedc, 0xaedc, 0xaedc, 0xaedc, 0xaedc, 0xaedc, 0xaedc, 0xaedc, 0xaedc, 0xaedc, 
	0xaedc, 0xaedc, 0xaedc, 0xaedc, 0xaedc, 0xaedc, 0xaedc, 0xaedc, 0xaedc, 0xaedc, 0xaedc, 0xaedc, 0xaedc, 0xaedc, 0xaedc, 0xaedc, 
	0xaedc, 0xaedc, 0xaedc, 0xaedc, 0xaedc, 0xaedc, 0xaedc, 0xaedc, 0xaedc, 0xaedc, 0xaedc, 0xaedc, 0xaedc, 0xaedc, 0xaedc, 0xaedc, 
	0xaedc, 0xaedc, 0xaedc, 0xaedc, 0xaedc, 0xaedc, 0xaedc, 0xaedc, 0xaedc, 0xaedc, 0xaedc, 0xaedc, 0xaedc, 0xaedc, 0xaedc, 0xaedc, 
	0xaedc, 0xaedc, 0xaedc, 0xaedc, 0xaedc, 0xaedc, 0xaedc, 0xaedc, 0xaedc, 0xaedc, 0xaedc, 0xaedc, 0xaedc, 0xaedc, 0xaedc, 0xaedc, 
	0xaedc, 0xaedc, 0xaedc, 0xaedc, 0xaedc, 0xaedc, 0xaedc, 0xaedc, 0xaedc, 0xaedc, 0xaedc, 0xaedc, 0xaedc, 0xaedc, 0xaedc, 0xaedc, 
	0xaedc, 0xaedc, 0xaedc, 0xaedc, 0xaedc, 0xaedc, 0xaedc, 0xaedc, 0xaedc, 0xaedc, 0xaedc, 0xaedc, 0xaedc, 0xaedc, 0xaedc, 0xaedc, 
	0xaedc, 0xaedc, 0xaedc, 0xaedc, 0xaedc, 0xaedc, 0xaedc, 0xaedc, 0xaedc, 0xaedc, 0xaedc, 0xaedc, 0xaedc, 0xaedc, 0xaedc, 0xaedc, 
	0xaedc, 0xaedc, 0xaedc, 0xaedc, 0xaedc, 0xaedc, 0xaedc, 0xaedc, 0xaedc, 0xaedc, 0xaedc, 0xaedc, 0xaedc, 0xaedc, 0xaedc, 0xaedc, 
	0xaedc, 0xaedc, 0xaedc, 0xaedc, 0xaedc, 0xaedc, 0xaedc, 0xaedc, 0xaedc, 0xaedc, 0xaedc, 0xaedc, 0xaedc, 0xaedc, 0xaedc, 0xaedc, 
	0xaedc, 0xaedc, 0xaedc, 0xaedc, 0xaedc, 0xaedc, 0xaedc, 0xaedc, 0xaedc, 0xaedc, 0xaedc, 0xaedc, 0xaedc, 0xaedc, 0xaedc, 0xaedc, 
	0xaedc, 0xaedc, 0xaedc, 0xaedc, 0xaedc, 0xaedc, 0xaedc, 0xaedc, 0xaedc, 0xaedc, 0xaedc, 0xaedc, 0xaedc, 0xaedc, 0xaedc, 0xaedc, 
	0xaedc, 0xaedc, 0xaedc, 0xaedc, 0xaedc, 0xaedc, 0xaedc, 0xaedc, 0xaedc, 0xaedc, 0xaedc, 0xaedc, 0xaedc, 0xaedc, 0xaedc, 0xaedc, 
	0xaedc, 0xaedc, 0xaedc, 0xaedc, 0xaedc, 0xaedc, 0xaedc, 0xaedc, 0xaedc, 0xaedc, 0xb6fd, 0xb6fd, 0xaedc, 0xaedc, 0xaedc, 0xaebc, 
	0xaedc, 0xaedc, 0xaedc, 0xaedc, 0xaedc, 0xaedc, 0xaedc, 0xaefd, 0xaedd, 0xaedd, 0xaedd, 0xaedd, 0xaedd, 0xaedd, 0xaedd, 0xaedd, 
	0xaedd, 0xaedd, 0xaedd, 0xaedd, 0xaedd, 0xaedd, 0xaedd, 0xaedd, 0xaedd, 0xaedd, 0xaedd, 0xaedd, 0xaedd, 0xaedd, 0xaedd, 0xaedd, 
	0xaedd, 0xaedd, 0xaedd, 0xaedd, 0xaedd, 0xaedd, 0xaedd, 0xaedd, 0xaedd, 0xaedd, 0xaedd, 0xaedd, 0xaedd, 0xaedd, 0xaedd, 0xaedd, 
	0xaedd, 0xaedd, 0xaedd, 0xaedd, 0xaedd, 0xaedd, 0xaedd, 0xaedd, 0xaedd, 0xaedd, 0xaedd, 0xaedd, 0xaedd, 0xaedd, 0xaedd, 0xaedd, 
	0xb6bc, 0xb6dc, 0xb6dc, 0xaedc, 0xaefc, 0xaedc, 0xaedc, 0xaedc, 0xaedc, 0xaedc, 0xaedc, 0xaefc, 0xaedc, 0xb6dc, 0xb6dc, 0xaedd, 
	0xaedc, 0xaedc, 0xaedc, 0xaedc, 0xaedc, 0xaedc, 0xaedc, 0xaedc, 0xaedc, 0xaedc, 0xaedc, 0xaedc, 0xaedc, 0xaedc, 0xaedc, 0xaedc, 
	0xaedc, 0xaedc, 0xaedc, 0xaedc, 0xaedc, 0xaedc, 0xaedc, 0xaedc, 0xaedc, 0xaedc, 0xaedc, 0xaedc, 0xaedc, 0xaedc, 0xaedc, 0xaedc, 
	0xaedc, 0xaedc, 0xaedc, 0xaedc, 0xaedc, 0xaedc, 0xaedc, 0xaedc, 0xaedc, 0xaedc, 0xaedc, 0xaedc, 0xaedc, 0xaedc, 0xaedc, 0xaedc, 
	0xaedc, 0xaedc, 0xaedc, 0xaedc, 0xaedc, 0xaedc, 0xaedc, 0xaedc, 0xaedc, 0xaedc, 0xaedc, 0xaedc, 0xaedc, 0xaedc, 0xaedc, 0xaedc, 
	0xaedc, 0xaedc, 0xaedc, 0xaedc, 0xaedc, 0xaedc, 0xaedc, 0xaedc, 0xaedc, 0xaedc, 0xaedc, 0xaedc, 0xaedc, 0xaedc, 0xaedc, 0xaedc, 
	0xaedc, 0xaedc, 0xaedc, 0xaedc, 0xaedc, 0xaedc, 0xaedc, 0xaedc, 0xaedc, 0xaedc, 0xaedc, 0xaedc, 0xaedc, 0xaedc, 0xaedc, 0xaedc, 
	0xaedc, 0xaedc, 0xaedc, 0xaedc, 0xaedc, 0xaedc, 0xaedc, 0xaedc, 0xaedc, 0xaedc, 0xaedc, 0xaedc, 0xaedc, 0xaedc, 0xaedc, 0xaedc, 
	0xaedc, 0xaedc, 0xaedc, 0xaedc, 0xaedc, 0xaedc, 0xaedc, 0xaedc, 0xaedc, 0xaedc, 0xaedc, 0xaedc, 0xaedc, 0xaedc, 0xaedc, 0xaedc, 
	0xaedc, 0xaedc, 0xaedc, 0xaedc, 0xaedc, 0xaedc, 0xaedc, 0xaedc, 0xaedc, 0xaedc, 0xaedc, 0xaedc, 0xaedc, 0xaedc, 0xaedc, 0xaedc, 
	0xaedc, 0xaedc, 0xaedc, 0xaedc, 0xaedc, 0xaedc, 0xaedc, 0xaedc, 0xaedc, 0xaedc, 0xaedc, 0xaedc, 0xaedc, 0xaedc, 0xaedc, 0xaedc, 
	0xaedc, 0xaedc, 0xaedc, 0xaedc, 0xaedc, 0xaedc, 0xaedc, 0xaedc, 0xb6fd, 0xaedc, 0xaebc, 0xaedc, 0xaedc, 0xaedc, 0xaedd, 0xb6fd, 
	0xaedc, 0xaefd, 0xaefd, 0xaedc, 0xaedc, 0xb6dd, 0xaedc, 0xaebc, 0xaedc, 0xaedc, 0xaedc, 0xaedc, 0xaedc, 0xaedc, 0xaedc, 0xaedc, 
	0xaedc, 0xaedc, 0xaedc, 0xaedc, 0xaedc, 0xaedc, 0xaedc, 0xaedc, 0xaedc, 0xaedc, 0xaedc, 0xaedc, 0xaedc, 0xaedc, 0xaedc, 0xaedc, 
	0xaedc, 0xaedc, 0xaedc, 0xaedc, 0xaedc, 0xaedc, 0xaedc, 0xaedc, 0xaedc, 0xaedc, 0xaedc, 0xaedc, 0xaedc, 0xaedc, 0xaedc, 0xaedc, 
	0xaedc, 0xaedc, 0xaedc, 0xaedc, 0xaedc, 0xaedc, 0xaedc, 0xaedc, 0xaedc, 0xaedc, 0xaedc, 0xaedc, 0xaedc, 0xaedc, 0xaedc, 0xaedc, 
	0xaedd, 0xaedc, 0xaedc, 0xaedc, 0xaefd, 0xaedc, 0xaedc, 0xaedd, 0xb6bc, 0xb6dd, 0xb6fd, 0xaedd, 0xaebc, 0xb6dc, 0xb6dd, 0xaebc, 
	0xaedc, 0xaedc, 0xaedc, 0xaedc, 0xaedc, 0xaedc, 0xaedc, 0xaedc, 0xaedc, 0xaedc, 0xaedc, 0xaedc, 0xaedc, 0xaedc, 0xaedc, 0xaedc, 
	0xaedc, 0xaedc, 0xaedc, 0xaedc, 0xaedc, 0xaedc, 0xaedc, 0xaedc, 0xaedc, 0xaedc, 0xaedc, 0xaedc, 0xaedc, 0xaedc, 0xaedc, 0xaedc, 
	0xaedc, 0xaedc, 0xaedc, 0xaedc, 0xaedc, 0xaedc, 0xaedc, 0xaedc, 0xaedc, 0xaedc, 0xaedc, 0xaedc, 0xaedc, 0xaedc, 0xaedc, 0xaedc, 
	0xaedc, 0xaedc, 0xaedc, 0xaedc, 0xaedc, 0xaedc, 0xaedc, 0xaedc, 0xaedc, 0xaedc, 0xaedc, 0xaedc, 0xaedc, 0xaedc, 0xaedc, 0xaedc, 
	0xaedc, 0xaedc, 0xaedc, 0xaedc, 0xaedc, 0xaedc, 0xaedc, 0xaedc, 0xaedc, 0xaedc, 0xaedc, 0xaedc, 0xaedc, 0xaedc, 0xaedc, 0xaedc, 
	0xaedc, 0xaedc, 0xaedc, 0xaedc, 0xaedc, 0xaedc, 0xaedc, 0xaedc, 0xaedc, 0xaedc, 0xaedc, 0xaedc, 0xaedc, 0xaedc, 0xaedc, 0xaedc, 
	0xaedc, 0xaedc, 0xaedc, 0xaedc, 0xaedc, 0xaedc, 0xaedc, 0xaedc, 0xaedc, 0xaedc, 0xaedc, 0xaedc, 0xaedc, 0xaedc, 0xaedc, 0xaedc, 
	0xaedc, 0xaedc, 0xaedc, 0xaedc, 0xaedc, 0xaedc, 0xaedc, 0xaedc, 0xaedc, 0xaedc, 0xaedc, 0xaedc, 0xaedc, 0xaedc, 0xaedc, 0xaedc, 
	0xaedc, 0xaedc, 0xaedc, 0xaedc, 0xaedc, 0xaedc, 0xaedc, 0xaedc, 0xaedc, 0xaedc, 0xaedc, 0xaedc, 0xaedc, 0xaedc, 0xaedc, 0xaedc, 
	0xaedc, 0xaedc, 0xaedc, 0xaedc, 0xaedc, 0xaedc, 0xaedc, 0xaedc, 0xaedc, 0xaedc, 0xaedc, 0xaedc, 0xaedc, 0xaedc, 0xaedc, 0xaedc, 
	0xaedc, 0xaedc, 0xaedc, 0xaedc, 0xaedc, 0xaedc, 0xaedc, 0xaedc, 0xaedc, 0xaedc, 0xaedc, 0xaedd, 0xb6fd, 0xaedc, 0xaebc, 0xaedc, 
	0xaebc, 0xaedc, 0xaedc, 0xaedc, 0xaedc, 0xb6fd, 0xb6fd, 0xb6fd, 0xaedc, 0xaedc, 0xaedc, 0xaedc, 0xaedc, 0xaedc, 0xaedc, 0xaedc, 
	0xaedc, 0xaedc, 0xaedc, 0xaedc, 0xaedc, 0xaedc, 0xaedc, 0xaedc, 0xaedc, 0xaedc, 0xaedc, 0xaedc, 0xaedc, 0xaedc, 0xaedc, 0xaedc, 
	0xaedc, 0xaedc, 0xaedc, 0xaedc, 0xaedc, 0xaedc, 0xaedc, 0xaedc, 0xaedc, 0xaedc, 0xaedc, 0xaedc, 0xaedc, 0xaedc, 0xaedc, 0xaedc, 
	0xaedc, 0xaedc, 0xaedc, 0xaedc, 0xaedc, 0xaedc, 0xaedc, 0xaedc, 0xaedc, 0xaedc, 0xaedc, 0xaedc, 0xaedc, 0xaedc, 0xaedc, 0xaedc, 
	0xaedd, 0xb6dd, 0xb6dd, 0xb6dd, 0xb6dd, 0xb6bd, 0xb6bc, 0xb6dd, 0xb6dd, 0xb6dd, 0xaebc, 0xaebc, 0xb6fd, 0xb6dd, 0xaebc, 0xaefd, 
	0xaedc, 0xaedc, 0xaedc, 0xaedc, 0xaedc, 0xaedc, 0xaedc, 0xaedc, 0xaedc, 0xaedc, 0xaedc, 0xaedc, 0xaedc, 0xaedc, 0xaedc, 0xaedc, 
	0xaedc, 0xaedc, 0xaedc, 0xaedc, 0xaedc, 0xaedc, 0xaedc, 0xaedc, 0xaedc, 0xaedc, 0xaedc, 0xaedc, 0xaedc, 0xaedc, 0xaedc, 0xaedc, 
	0xaedc, 0xaedc, 0xaedc, 0xaedc, 0xaedc, 0xaedc, 0xaedc, 0xaedc, 0xaedc, 0xaedc, 0xaedc, 0xaedc, 0xaedc, 0xaedc, 0xaedc, 0xaedc, 
	0xaedc, 0xaedc, 0xaedc, 0xaedc, 0xaedc, 0xaedc, 0xaedc, 0xaedc, 0xaedc, 0xaedc, 0xaedc, 0xaedc, 0xaedc, 0xaedc, 0xaedc, 0xaedc, 
	0xaedc, 0xaedc, 0xaedc, 0xaedc, 0xaedc, 0xaedc, 0xaedc, 0xaedc, 0xaedc, 0xaedc, 0xaedc, 0xaedc, 0xaedc, 0xaedc, 0xaedc, 0xaedc, 
	0xaedc, 0xaedc, 0xaedc, 0xaedc, 0xaedc, 0xaedc, 0xaedc, 0xaedc, 0xaedc, 0xaedc, 0xaedc, 0xaedc, 0xaedc, 0xaedc, 0xaedc, 0xaedc, 
	0xaedc, 0xaedc, 0xaedc, 0xaedc, 0xaedc, 0xaedc, 0xaedc, 0xaedc, 0xaedc, 0xaedc, 0xaedc, 0xaedc, 0xaedc, 0xaedc, 0xaedc, 0xaedc, 
	0xaedc, 0xaedc, 0xaedc, 0xaedc, 0xaedc, 0xaedc, 0xaedc, 0xaedc, 0xaedc, 0xaedc, 0xaedc, 0xaedc, 0xaedc, 0xaedc, 0xaedc, 0xaedc, 
	0xaedc, 0xaedc, 0xaedc, 0xaedc, 0xaedc, 0xaedc, 0xaedc, 0xaedc, 0xaedc, 0xaedc, 0xaedc, 0xaedc, 0xaedc, 0xaedc, 0xaedc, 0xaedc, 
	0xaedc, 0xaedc, 0xaedc, 0xaedc, 0xaedc, 0xaedc, 0xaedc, 0xaedc, 0xaedc, 0xaedc, 0xaedc, 0xaedc, 0xaedc, 0xaedc, 0xaedc, 0xaedc, 
	0xaedc, 0xaedc, 0xaedc, 0xaedc, 0xaedc, 0xaedc, 0xaedc, 0xaedc, 0xaebc, 0xb6fd, 0xb6fd, 0xaedc, 0xaedc, 0xaefd, 0xaefd, 0xaefd, 
	0xb6dd, 0xb6dd, 0xb6dd, 0xb6fd, 0xaedc, 0xaedc, 0xaedc, 0xaefd, 0xaedd, 0xaedd, 0xaedd, 0xaedd, 0xaedd, 0xaedd, 0xaedd, 0xaedd, 
	0xaedd, 0xaedd, 0xaedd, 0xaedd, 0xaedd, 0xaedd, 0xaedd, 0xaedd, 0xaedd, 0xaedd, 0xaedd, 0xaedd, 0xaedd, 0xaedd, 0xaedd, 0xaedd, 
	0xaedd, 0xaedd, 0xaedd, 0xaedd, 0xaedd, 0xaedd, 0xaedd, 0xaedd, 0xaedd, 0xaedd, 0xaedd, 0xaedd, 0xaedd, 0xaedd, 0xaedd, 0xaedd, 
	0xaedd, 0xaedd, 0xaedd, 0xaedd, 0xaedd, 0xaedd, 0xaedd, 0xaedd, 0xaedd, 0xaedd, 0xaedd, 0xaedd, 0xaedd, 0xaedd, 0xaedd, 0xaedd, 
	0xaebc, 0xaedc, 0xaedc, 0xaebc, 0xaedc, 0xb6fd, 0xaedd, 0xaedd, 0xaebc, 0xb6fd, 0xb6fd, 0xaedd, 0xaebc, 0xaedd, 0xaedd, 0xaefd, 
	0xaedc, 0xaedc, 0xaedc, 0xaedc, 0xaedc, 0xaedc, 0xaedc, 0xaedc, 0xaedc, 0xaedc, 0xaedc, 0xaedc, 0xaedc, 0xaedc, 0xaedc, 0xaedc, 
	0xaedc, 0xaedc, 0xaedc, 0xaedc, 0xaedc, 0xaedc, 0xaedc, 0xaedc, 0xaedc, 0xaedc, 0xaedc, 0xaedc, 0xaedc, 0xaedc, 0xaedc, 0xaedc, 
	0xaedc, 0xaedc, 0xaedc, 0xaedc, 0xaedc, 0xaedc, 0xaedc, 0xaedc, 0xaedc, 0xaedc, 0xaedc, 0xaedc, 0xaedc, 0xaedc, 0xaedc, 0xaedc, 
	0xaedc, 0xaedc, 0xaedc, 0xaedc, 0xaedc, 0xaedc, 0xaedc, 0xaedc, 0xaedc, 0xaedc, 0xaedc, 0xaedc, 0xaedc, 0xaedc, 0xaedc, 0xaedc, 
	0xaedc, 0xaedc, 0xaedc, 0xaedc, 0xaedc, 0xaedc, 0xaedc, 0xaedc, 0xaedc, 0xaedc, 0xaedc, 0xaedc, 0xaedc, 0xaedc, 0xaedc, 0xaedc, 
	0xaedc, 0xaedc, 0xaedc, 0xaedc, 0xaedc, 0xaedc, 0xaedc, 0xaedc, 0xaedc, 0xaedc, 0xaedc, 0xaedc, 0xaedc, 0xaedc, 0xaedc, 0xaedc, 
	0xaedc, 0xaedc, 0xaedc, 0xaedc, 0xaedc, 0xaedc, 0xaedc, 0xaedc, 0xaedc, 0xaedc, 0xaedc, 0xaedc, 0xaedc, 0xaedc, 0xaedc, 0xaedc, 
	0xaedc, 0xaedc, 0xaedc, 0xaedc, 0xaedc, 0xaedc, 0xaedc, 0xaedc, 0xaedc, 0xaedc, 0xaedc, 0xaedc, 0xaedc, 0xaedc, 0xaedc, 0xaedc, 
	0xaedc, 0xaedc, 0xaedc, 0xaedc, 0xaedc, 0xaedc, 0xaedc, 0xaedc, 0xaedc, 0xaedc, 0xaedc, 0xaedc, 0xaedc, 0xaedc, 0xaedc, 0xaedc, 
	0xaedc, 0xaedc, 0xaedc, 0xaedc, 0xaedc, 0xaedc, 0xaedc, 0xaedc, 0xaedc, 0xaedc, 0xaedc, 0xaedc, 0xaedc, 0xaedc, 0xaedc, 0xaedc, 
	0xaedc, 0xaedc, 0xaedc, 0xaedc, 0xaedc, 0xaedc, 0xaedc, 0xaedc, 0xb6dd, 0xb6fd, 0xaedd, 0xaedc, 0xaedc, 0xaedc, 0xaedc, 0xaebc, 
	0xaedd, 0xaedc, 0xaedd, 0xb6dc, 0xaebc, 0xaebc, 0xb6dc, 0xb6fd, 0xb6fc, 0xb6fc, 0xaedc, 0xaedc, 0xaedc, 0xaedc, 0xaedc, 0xaedc, 
	0xb6dc, 0xb6dc, 0xb6dc, 0xb6dc, 0xb6dc, 0xb6dc, 0xb6dc, 0xb6dc, 0xb6dc, 0xb6dc, 0xb6dc, 0xb6dc, 0xb6dc, 0xb6dc, 0xb6dc, 0xb6dc, 
	0xb6dc, 0xb6dc, 0xb6dc, 0xb6dc, 0xb6dc, 0xb6dc, 0xb6dc, 0xb6dc, 0xb6dc, 0xb6dc, 0xb6dc, 0xb6dc, 0xb6dc, 0xb6dc, 0xb6dc, 0xb6dc, 
	0xb6dc, 0xb6dc, 0xb6dc, 0xb6dc, 0xb6dc, 0xb6dc, 0xb6dc, 0xb6dc, 0xb6dc, 0xb6dc, 0xb6dc, 0xb6dc, 0xb6dc, 0xb6dc, 0xb6dc, 0xb6dc, 
	0xaedc, 0xb6dc, 0xaedc, 0xaedc, 0xaefc, 0xaefc, 0xaedc, 0xaefc, 0xb71d, 0xa6bc, 0xaedc, 0xb6fd, 0xaebc, 0xaebd, 0xb6fd, 0xaebc, 
	0xaedc, 0xaedc, 0xaedc, 0xaedc, 0xaedc, 0xaedc, 0xaedc, 0xaedc, 0xaedc, 0xaedc, 0xaedc, 0xaedc, 0xaedc, 0xaedc, 0xaedc, 0xaedc, 
	0xaedc, 0xaedc, 0xaedc, 0xaedc, 0xaedc, 0xaedc, 0xaedc, 0xaedc, 0xaedc, 0xaedc, 0xaedc, 0xaedc, 0xaedc, 0xaedc, 0xaedc, 0xaedc, 
	0xaedc, 0xaedc, 0xaedc, 0xaedc, 0xaedc, 0xaedc, 0xaedc, 0xaedc, 0xaedc, 0xaedc, 0xaedc, 0xaedc, 0xaedc, 0xaedc, 0xaedc, 0xaedc, 
	0xaedc, 0xaedc, 0xaedc, 0xaedc, 0xaedc, 0xaedc, 0xaedc, 0xaedc, 0xaedc, 0xaedc, 0xaedc, 0xaedc, 0xaedc, 0xaedc, 0xaedc, 0xaedc, 
	0xaedc, 0xaedc, 0xaedc, 0xaedc, 0xaedc, 0xaedc, 0xaedc, 0xaedc, 0xaedc, 0xaedc, 0xaedc, 0xaedc, 0xaedc, 0xaedc, 0xaedc, 0xaedc, 
	0xaedc, 0xaedc, 0xaedc, 0xaedc, 0xaedc, 0xaedc, 0xaedc, 0xaedc, 0xaedc, 0xaedc, 0xaedc, 0xaedc, 0xaedc, 0xaedc, 0xaedc, 0xaedc, 
	0xaedc, 0xaedc, 0xaedc, 0xaedc, 0xaedc, 0xaedc, 0xaedc, 0xaedc, 0xaedc, 0xaedc, 0xaedc, 0xaedc, 0xaedc, 0xaedc, 0xaedc, 0xaedc, 
	0xaedc, 0xaedc, 0xaedc, 0xaedc, 0xaedc, 0xaedc, 0xaedc, 0xaedc, 0xaedc, 0xaedc, 0xaedc, 0xaedc, 0xaedc, 0xaedc, 0xaedc, 0xaedc, 
	0xaedc, 0xaedc, 0xaedc, 0xaedc, 0xaedc, 0xaedc, 0xaedc, 0xaedc, 0xaedc, 0xaedc, 0xaedc, 0xaedc, 0xaedc, 0xaedc, 0xaedc, 0xaedc, 
	0xaedc, 0xaedc, 0xaedc, 0xaedc, 0xaedc, 0xaedc, 0xaedc, 0xaedc, 0xaedc, 0xaedc, 0xaedc, 0xaedc, 0xaedc, 0xaedc, 0xaedc, 0xaedc, 
	0xaedc, 0xaedc, 0xaedc, 0xaedc, 0xaedc, 0xaedc, 0xaedc, 0xaedc, 0xb6dd, 0xaedc, 0xaedc, 0xaefd, 0xaedc, 0xaedc, 0xb6dd, 0xb6fd, 
	0xaefd, 0xa6bc, 0xae9b, 0x9df8, 0x8515, 0x7452, 0x5b6f, 0x42ac, 0x42ab, 0x42ab, 0x428a, 0x428a, 0x3a8a, 0x3a8a, 0x3a8a, 0x3a8a, 
	0x3a8a, 0x3a8a, 0x3a8a, 0x3a8a, 0x3a8a, 0x3a8a, 0x3a8a, 0x3a8a, 0x3a8a, 0x3a8a, 0x3a8a, 0x3a8a, 0x3a8a, 0x3a8a, 0x3a8a, 0x3a8a, 
	0x3a8a, 0x3a8a, 0x3a8a, 0x3a8a, 0x3a8a, 0x3a8a, 0x3a8a, 0x3a8a, 0x3a8a, 0x3a8a, 0x3a8a, 0x3a8a, 0x3a8a, 0x3a8a, 0x3a8a, 0x3a8a, 
	0x3a8a, 0x3a8a, 0x3a8a, 0x3a8a, 0x3a8a, 0x3a8a, 0x3a8a, 0x3a8a, 0x3a8a, 0x3a8a, 0x3a8a, 0x3a8a, 0x3a8a, 0x3a8a, 0x3a8a, 0x3a8a, 
	0x428b, 0x3a6a, 0x3a6a, 0x42ab, 0x42cc, 0x534e, 0x7472, 0x95b7, 0xae9b, 0xaedc, 0xaefc, 0xaedc, 0xaedd, 0xaedd, 0xaebc, 0xaedd, 
	0xaedc, 0xaedc, 0xaedc, 0xaedc, 0xaedc, 0xaedc, 0xaedc, 0xaedc, 0xaedc, 0xaedc, 0xaedc, 0xaedc, 0xaedc, 0xaedc, 0xaedc, 0xaedc, 
	0xaedc, 0xaedc, 0xaedc, 0xaedc, 0xaedc, 0xaedc, 0xaedc, 0xaedc, 0xaedc, 0xaedc, 0xaedc, 0xaedc, 0xaedc, 0xaedc, 0xaedc, 0xaedc, 
	0xaedc, 0xaedc, 0xaedc, 0xaedc, 0xaedc, 0xaedc, 0xaedc, 0xaedc, 0xaedc, 0xaedc, 0xaedc, 0xaedc, 0xaedc, 0xaedc, 0xaedc, 0xaedc, 
	0xaedc, 0xaedc, 0xaedc, 0xaedc, 0xaedc, 0xaedc, 0xaedc, 0xaedc, 0xaedc, 0xaedc, 0xaedc, 0xaedc, 0xaedc, 0xaedc, 0xaedc, 0xaedc, 
	0xaedc, 0xaedc, 0xaedc, 0xaedc, 0xaedc, 0xaedc, 0xaedc, 0xaedc, 0xaedc, 0xaedc, 0xaedc, 0xaedc, 0xaedc, 0xaedc, 0xaedc, 0xaedc, 
	0xaedc, 0xaedc, 0xaedc, 0xaedc, 0xaedc, 0xaedc, 0xaedc, 0xaedc, 0xaedc, 0xaedc, 0xaedc, 0xaedc, 0xaedc, 0xaedc, 0xaedc, 0xaedc, 
	0xaedc, 0xaedc, 0xaedc, 0xaedc, 0xaedc, 0xaedc, 0xaedc, 0xaedc, 0xaedc, 0xaedc, 0xaedc, 0xaedc, 0xaedc, 0xaedc, 0xaedc, 0xaedc, 
	0xaedc, 0xaedc, 0xaedc, 0xaedc, 0xaedc, 0xaedc, 0xaedc, 0xaedc, 0xaedc, 0xaedc, 0xaedc, 0xaedc, 0xaedc, 0xaedc, 0xaedc, 0xaedc, 
	0xaedc, 0xaedc, 0xaedc, 0xaedc, 0xaedc, 0xaedc, 0xaedc, 0xaedc, 0xaedc, 0xaedc, 0xaedc, 0xaedc, 0xaedc, 0xaedc, 0xaedc, 0xaedc, 
	0xaedc, 0xaedc, 0xaedc, 0xaedc, 0xaedc, 0xaedc, 0xaedc, 0xaedc, 0xaedc, 0xaedc, 0xaedc, 0xaedc, 0xaedc, 0xaedc, 0xaedc, 0xaedc, 
	0xaedc, 0xaedc, 0xaedc, 0xaedc, 0xaedc, 0xaedc, 0xaedc, 0xaedc, 0xb6dd, 0xaebc, 0xaedc, 0xaedd, 0xaebc, 0xb6dd, 0xb6dd, 0xae9c, 
	0xa619, 0x7cb3, 0x4b2d, 0x29c7, 0x10c3, 0x0862, 0x0841, 0x0021, 0x0000, 0x0000, 0x0000, 0x0000, 0x0000, 0x0000, 0x0000, 0x0000, 
	0x0000, 0x0000, 0x0000, 0x0000, 0x0000, 0x0000, 0x0000, 0x0000, 0x0000, 0x0000, 0x0000, 0x0000, 0x0000, 0x0000, 0x0000, 0x0000, 
	0x0000, 0x0000, 0x0000, 0x0000, 0x0000, 0x0000, 0x0000, 0x0000, 0x0000, 0x0000, 0x0000, 0x0000, 0x0000, 0x0000, 0x0000, 0x0000, 
	0x0000, 0x0000, 0x0000, 0x0000, 0x0000, 0x0000, 0x0000, 0x0000, 0x0000, 0x0000, 0x0000, 0x0000, 0x0000, 0x0000, 0x0000, 0x0000, 
	0x0000, 0x0000, 0x0000, 0x0000, 0x0000, 0x0000, 0x10a3, 0x2987, 0x5baf, 0x9dd8, 0xbefd, 0xaebc, 0xaebc, 0xaedc, 0xaedc, 0xb6fd, 
	0xaedc, 0xaedc, 0xaedc, 0xaedc, 0xaedc, 0xaedc, 0xaedc, 0xaedc, 0xaedc, 0xaedc, 0xaedc, 0xaedc, 0xaedc, 0xaedc, 0xaedc, 0xaedc, 
	0xaedc, 0xaedc, 0xaedc, 0xaedc, 0xaedc, 0xaedc, 0xaedc, 0xaedc, 0xaedc, 0xaedc, 0xaedc, 0xaedc, 0xaedc, 0xaedc, 0xaedc, 0xaedc, 
	0xaedc, 0xaedc, 0xaedc, 0xaedc, 0xaedc, 0xaedc, 0xaedc, 0xaedc, 0xaedc, 0xaedc, 0xaedc, 0xaedc, 0xaedc, 0xaedc, 0xaedc, 0xaedc, 
	0xaedc, 0xaedc, 0xaedc, 0xaedc, 0xaedc, 0xaedc, 0xaedc, 0xaedc, 0xaedc, 0xaedc, 0xaedc, 0xaedc, 0xaedc, 0xaedc, 0xaedc, 0xaedc, 
	0xaedc, 0xaedc, 0xaedc, 0xaedc, 0xaedc, 0xaedc, 0xaedc, 0xaedc, 0xaedc, 0xaedc, 0xaedc, 0xaedc, 0xaedc, 0xaedc, 0xaedc, 0xaedc, 
	0xaedc, 0xaedc, 0xaedc, 0xaedc, 0xaedc, 0xaedc, 0xaedc, 0xaedc, 0xaedc, 0xaedc, 0xaedc, 0xaedc, 0xaedc, 0xaedc, 0xaedc, 0xaedc, 
	0xaedc, 0xaedc, 0xaedc, 0xaedc, 0xaedc, 0xaedc, 0xaedc, 0xaedc, 0xaedc, 0xaedc, 0xaedc, 0xaedc, 0xaedc, 0xaedc, 0xaedc, 0xaedc, 
	0xaedc, 0xaedc, 0xaedc, 0xaedc, 0xaedc, 0xaedc, 0xaedc, 0xaedc, 0xaedc, 0xaedc, 0xaedc, 0xaedc, 0xaedc, 0xaedc, 0xaedc, 0xaedc, 
	0xaedc, 0xaedc, 0xaedc, 0xaedc, 0xaedc, 0xaedc, 0xaedc, 0xaedc, 0xaedc, 0xaedc, 0xaedc, 0xaedc, 0xaedc, 0xaedc, 0xaedc, 0xaedc, 
	0xaedc, 0xaedc, 0xaedc, 0xaedc, 0xaedc, 0xaedc, 0xaedc, 0xaedc, 0xaedc, 0xaedc, 0xaedc, 0xaedc, 0xaedc, 0xaedc, 0xaedc, 0xaedc, 
	0xaedc, 0xaedc, 0xaedc, 0xaedc, 0xaedc, 0xaedc, 0xaedc, 0xaedc, 0xaedd, 0xaebc, 0xaedd, 0xb6fd, 0xaedc, 0xb6dc, 0x95d9, 0x6c53, 
	0x3a09, 0x10c4, 0x0000, 0x0000, 0x0000, 0x0000, 0x0000, 0x0000, 0x0000, 0x0000, 0x0000, 0x0000, 0x0000, 0x0000, 0x0000, 0x0000, 
	0x0000, 0x0000, 0x0000, 0x0000, 0x0000, 0x0000, 0x0000, 0x0000, 0x0000, 0x0000, 0x0000, 0x0000, 0x0000, 0x0000, 0x0000, 0x0000, 
	0x0000, 0x0000, 0x0000, 0x0000, 0x0000, 0x0000, 0x0000, 0x0000, 0x0000, 0x0000, 0x0000, 0x0000, 0x0000, 0x0000, 0x0000, 0x0000, 
	0x0000, 0x0000, 0x0000, 0x0000, 0x0000, 0x0000, 0x0000, 0x0000, 0x0000, 0x0000, 0x0000, 0x0000, 0x0000, 0x0000, 0x0000, 0x0000, 
	0x0000, 0x0000, 0x0000, 0x0000, 0x0000, 0x0000, 0x0000, 0x0000, 0x0883, 0x3a6b, 0x8d36, 0xb6dc, 0xb6fd, 0xaedc, 0xb6fd, 0xaedc, 
	0xaedc, 0xaedc, 0xaedc, 0xaedc, 0xaedc, 0xaedc, 0xaedc, 0xaedc, 0xaedc, 0xaedc, 0xaedc, 0xaedc, 0xaedc, 0xaedc, 0xaedc, 0xaedc, 
	0xaedc, 0xaedc, 0xaedc, 0xaedc, 0xaedc, 0xaedc, 0xaedc, 0xaedc, 0xaedc, 0xaedc, 0xaedc, 0xaedc, 0xaedc, 0xaedc, 0xaedc, 0xaedc, 
	0xaedc, 0xaedc, 0xaedc, 0xaedc, 0xaedc, 0xaedc, 0xaedc, 0xaedc, 0xaedc, 0xaedc, 0xaedc, 0xaedc, 0xaedc, 0xaedc, 0xaedc, 0xaedc, 
	0xaedc, 0xaedc, 0xaedc, 0xaedc, 0xaedc, 0xaedc, 0xaedc, 0xaedc, 0xaedc, 0xaedc, 0xaedc, 0xaedc, 0xaedc, 0xaedc, 0xaedc, 0xaedc, 
	0xaedc, 0xaedc, 0xaedc, 0xaedc, 0xaedc, 0xaedc, 0xaedc, 0xaedc, 0xaedc, 0xaedc, 0xaedc, 0xaedc, 0xaedc, 0xaedc, 0xaedc, 0xaedc, 
	0xaedc, 0xaedc, 0xaedc, 0xaedc, 0xaedc, 0xaedc, 0xaedc, 0xaedc, 0xaedc, 0xaedc, 0xaedc, 0xaedc, 0xaedc, 0xaedc, 0xaedc, 0xaedc, 
	0xaedc, 0xaedc, 0xaedc, 0xaedc, 0xaedc, 0xaedc, 0xaedc, 0xaedc, 0xaedc, 0xaedc, 0xaedc, 0xaedc, 0xaedc, 0xaedc, 0xaedc, 0xaedc, 
	0xaedc, 0xaedc, 0xaedc, 0xaedc, 0xaedc, 0xaedc, 0xaedc, 0xaedc, 0xaedc, 0xaedc, 0xaedc, 0xaedc, 0xaedc, 0xaedc, 0xaedc, 0xaedc, 
	0xaedc, 0xaedc, 0xaedc, 0xaedc, 0xaedc, 0xaedc, 0xaedc, 0xaedc, 0xaedc, 0xaedc, 0xaedc, 0xaedc, 0xaedc, 0xaedc, 0xaedc, 0xaedc, 
	0xaedc, 0xaedc, 0xaedc, 0xaedc, 0xaedc, 0xaedc, 0xaedc, 0xaedc, 0xaedc, 0xaedc, 0xaedc, 0xaedc, 0xaedc, 0xaedc, 0xaedc, 0xaedc, 
	0xb6dd, 0xaedd, 0xaebc, 0xaefd, 0xaedc, 0xaedc, 0xaedc, 0xaedc, 0xb6db, 0xb6fc, 0xaedc, 0xb6fc, 0xae7b, 0x7cb4, 0x3a8a, 0x08a2, 
	0x0020, 0x0000, 0x0000, 0x0000, 0x0000, 0x0000, 0x0000, 0x0000, 0x0000, 0x0000, 0x0000, 0x0000, 0x0000, 0x0000, 0x0000, 0x0000, 
	0x0000, 0x0000, 0x0000, 0x0000, 0x0000, 0x0000, 0x0000, 0x0000, 0x0000, 0x0000, 0x0000, 0x0000, 0x0000, 0x0000, 0x0000, 0x0000, 
	0x0000, 0x0000, 0x0000, 0x0000, 0x0000, 0x0000, 0x0000, 0x0000, 0x0000, 0x0000, 0x0000, 0x0000, 0x0000, 0x0000, 0x0000, 0x0000, 
	0x0000, 0x0000, 0x0000, 0x0000, 0x0000, 0x0000, 0x0000, 0x0000, 0x0000, 0x0000, 0x0000, 0x0000, 0x0000, 0x0000, 0x0000, 0x0000, 
	0x0000, 0x0020, 0x0000, 0x0000, 0x0020, 0x0000, 0x0800, 0x0000, 0x0000, 0x0841, 0x3a09, 0x9576, 0xb6fd, 0xaedc, 0xb6fd, 0xb6dc, 
	0xaedc, 0xaedc, 0xaedc, 0xaedc, 0xaedc, 0xaedc, 0xaedc, 0xaedc, 0xaedc, 0xaedc, 0xaedc, 0xaedc, 0xaedc, 0xaedc, 0xaedc, 0xaedc, 
	0xaedc, 0xaedc, 0xaedc, 0xaedc, 0xaedc, 0xaedc, 0xaedc, 0xaedc, 0xaedc, 0xaedc, 0xaedc, 0xaedc, 0xaedc, 0xaedc, 0xaedc, 0xaedc, 
	0xaedc, 0xaedc, 0xaedc, 0xaedc, 0xaedc, 0xaedc, 0xaedc, 0xaedc, 0xaedc, 0xaedc, 0xaedc, 0xaedc, 0xaedc, 0xaedc, 0xaedc, 0xaedc, 
	0xaedc, 0xaedc, 0xaedc, 0xaedc, 0xaedc, 0xaedc, 0xaedc, 0xaedc, 0xaedc, 0xaedc, 0xaedc, 0xaedc, 0xaedc, 0xaedc, 0xaedc, 0xaedc, 
	0xaedc, 0xaedc, 0xaedc, 0xaedc, 0xaedc, 0xaedc, 0xaedc, 0xaedc, 0xaedc, 0xaedc, 0xaedc, 0xaedc, 0xaedc, 0xaedc, 0xaedc, 0xaedc, 
	0xaedc, 0xaedc, 0xaedc, 0xaedc, 0xaedc, 0xaedc, 0xaedc, 0xaedc, 0xaedc, 0xaedc, 0xaedc, 0xaedc, 0xaedc, 0xaedc, 0xaedc, 0xaedc, 
	0xaedc, 0xaedc, 0xaedc, 0xaedc, 0xaedc, 0xaedc, 0xaedc, 0xaedc, 0xaedc, 0xaedc, 0xaedc, 0xaedc, 0xaedc, 0xaedc, 0xaedc, 0xaedc, 
	0xaedc, 0xaedc, 0xaedc, 0xaedc, 0xaedc, 0xaedc, 0xaedc, 0xaedc, 0xaedc, 0xaedc, 0xaedc, 0xaedc, 0xaedc, 0xaedc, 0xaedc, 0xaedc, 
	0xaedc, 0xaedc, 0xaedc, 0xaedc, 0xaedc, 0xaedc, 0xaedc, 0xaedc, 0xaedc, 0xaedc, 0xaedc, 0xaedc, 0xaedc, 0xaedc, 0xaedc, 0xaedc, 
	0xaedc, 0xaedc, 0xaedc, 0xaedc, 0xaedc, 0xaedc, 0xaedc, 0xaedc, 0xaedc, 0xaedc, 0xaedc, 0xaedc, 0xaedc, 0xaedc, 0xaedc, 0xaedc, 
	0xaebc, 0xb6fd, 0xaedc, 0xaedd, 0xaedc, 0xaedd, 0xaedc, 0xaedc, 0xb6dd, 0xae9c, 0xb6fd, 0x9e19, 0x5baf, 0x1925, 0x0000, 0x0000, 
	0x0000, 0x0000, 0x0000, 0x0000, 0x0800, 0x0000, 0x0000, 0x0000, 0x0000, 0x0000, 0x0000, 0x0000, 0x0000, 0x0000, 0x0000, 0x0000, 
	0x0000, 0x0000, 0x0000, 0x0000, 0x0000, 0x0000, 0x0000, 0x0000, 0x0000, 0x0000, 0x0000, 0x0000, 0x0000, 0x0000, 0x0000, 0x0000, 
	0x0000, 0x0000, 0x0000, 0x0000, 0x0000, 0x0000, 0x0000, 0x0000, 0x0000, 0x0000, 0x0000, 0x0000, 0x0000, 0x0000, 0x0000, 0x0000, 
	0x0000, 0x0000, 0x0000, 0x0000, 0x0000, 0x0000, 0x0000, 0x0000, 0x0000, 0x0000, 0x0000, 0x0000, 0x0000, 0x0000, 0x0000, 0x0000, 
	0x0000, 0x0000, 0x0000, 0x0000, 0x0000, 0x0000, 0x0001, 0x0001, 0x0000, 0x0000, 0x0882, 0x4b0d, 0xa63a, 0xaedd, 0xaebc, 0xb6bc, 
	0xaedc, 0xaedc, 0xaedc, 0xaedc, 0xaedc, 0xaedc, 0xaedc, 0xaedc, 0xaedc, 0xaedc, 0xaedc, 0xaedc, 0xaedc, 0xaedc, 0xaedc, 0xaedc, 
	0xaedc, 0xaedc, 0xaedc, 0xaedc, 0xaedc, 0xaedc, 0xaedc, 0xaedc, 0xaedc, 0xaedc, 0xaedc, 0xaedc, 0xaedc, 0xaedc, 0xaedc, 0xaedc, 
	0xaedc, 0xaedc, 0xaedc, 0xaedc, 0xaedc, 0xaedc, 0xaedc, 0xaedc, 0xaedc, 0xaedc, 0xaedc, 0xaedc, 0xaedc, 0xaedc, 0xaedc, 0xaedc, 
	0xaedc, 0xaedc, 0xaedc, 0xaedc, 0xaedc, 0xaedc, 0xaedc, 0xaedc, 0xaedc, 0xaedc, 0xaedc, 0xaedc, 0xaedc, 0xaedc, 0xaedc, 0xaedc, 
	0xaedc, 0xaedc, 0xaedc, 0xaedc, 0xaedc, 0xaedc, 0xaedc, 0xaedc, 0xaedc, 0xaedc, 0xaedc, 0xaedc, 0xaedc, 0xaedc, 0xaedc, 0xaedc, 
	0xaedc, 0xaedc, 0xaedc, 0xaedc, 0xaedc, 0xaedc, 0xaedc, 0xaedc, 0xaedc, 0xaedc, 0xaedc, 0xaedc, 0xaedc, 0xaedc, 0xaedc, 0xaedc, 
	0xaedc, 0xaedc, 0xaedc, 0xaedc, 0xaedc, 0xaedc, 0xaedc, 0xaedc, 0xaedc, 0xaedc, 0xaedc, 0xaedc, 0xaedc, 0xaedc, 0xaedc, 0xaedc, 
	0xaedc, 0xaedc, 0xaedc, 0xaedc, 0xaedc, 0xaedc, 0xaedc, 0xaedc, 0xaedc, 0xaedc, 0xaedc, 0xaedc, 0xaedc, 0xaedc, 0xaedc, 0xaedc, 
	0xaedc, 0xaedc, 0xaedc, 0xaedc, 0xaedc, 0xaedc, 0xaedc, 0xaedc, 0xaedc, 0xaedc, 0xaedc, 0xaedc, 0xaedc, 0xaedc, 0xaedc, 0xaedc, 
	0xaedc, 0xaedc, 0xaedc, 0xaedc, 0xaedc, 0xaedc, 0xaedc, 0xaedc, 0xaedc, 0xaedc, 0xaedc, 0xaedc, 0xaedc, 0xaedc, 0xaedc, 0xaedc, 
	0xaedc, 0xb6fd, 0xaedc, 0xaebc, 0xaedc, 0xb6fd, 0xaedd, 0xaefd, 0xaebd, 0xb6fd, 0x95b8, 0x42cc, 0x10c3, 0x0000, 0x0000, 0x0800, 
	0x0000, 0x0000, 0x0020, 0x0000, 0x0000, 0x0000, 0x0000, 0x0000, 0x0000, 0x0000, 0x0000, 0x0000, 0x0000, 0x0000, 0x0000, 0x0000, 
	0x0000, 0x0000, 0x0000, 0x0000, 0x0000, 0x0000, 0x0000, 0x0000, 0x0000, 0x0000, 0x0000, 0x0000, 0x0000, 0x0000, 0x0000, 0x0000, 
	0x0000, 0x0000, 0x0000, 0x0000, 0x0000, 0x0000, 0x0000, 0x0000, 0x0000, 0x0000, 0x0000, 0x0000, 0x0000, 0x0000, 0x0000, 0x0000, 
	0x0000, 0x0000, 0x0000, 0x0000, 0x0000, 0x0000, 0x0000, 0x0000, 0x0000, 0x0000, 0x0000, 0x0000, 0x0000, 0x0000, 0x0000, 0x0000, 
	0x0800, 0x0000, 0x0000, 0x0000, 0x0000, 0x0000, 0x0000, 0x0020, 0x0000, 0x0000, 0x0000, 0x10e4, 0x7cd4, 0xb6dc, 0xaedd, 0xb6dd, 
	0xaedc, 0xaedc, 0xaedc, 0xaedc, 0xaedc, 0xaedc, 0xaedc, 0xaedc, 0xaedc, 0xaedc, 0xaedc, 0xaedc, 0xaedc, 0xaedc, 0xaedc, 0xaedc, 
	0xaedc, 0xaedc, 0xaedc, 0xaedc, 0xaedc, 0xaedc, 0xaedc, 0xaedc, 0xaedc, 0xaedc, 0xaedc, 0xaedc, 0xaedc, 0xaedc, 0xaedc, 0xaedc, 
	0xaedc, 0xaedc, 0xaedc, 0xaedc, 0xaedc, 0xaedc, 0xaedc, 0xaedc, 0xaedc, 0xaedc, 0xaedc, 0xaedc, 0xaedc, 0xaedc, 0xaedc, 0xaedc, 
	0xaedc, 0xaedc, 0xaedc, 0xaedc, 0xaedc, 0xaedc, 0xaedc, 0xaedc, 0xaedc, 0xaedc, 0xaedc, 0xaedc, 0xaedc, 0xaedc, 0xaedc, 0xaedc, 
	0xaedc, 0xaedc, 0xaedc, 0xaedc, 0xaedc, 0xaedc, 0xaedc, 0xaedc, 0xaedc, 0xaedc, 0xaedc, 0xaedc, 0xaedc, 0xaedc, 0xaedc, 0xaedc, 
	0xaedc, 0xaedc, 0xaedc, 0xaedc, 0xaedc, 0xaedc, 0xaedc, 0xaedc, 0xaedc, 0xaedc, 0xaedc, 0xaedc, 0xaedc, 0xaedc, 0xaedc, 0xaedc, 
	0xaedc, 0xaedc, 0xaedc, 0xaedc, 0xaedc, 0xaedc, 0xaedc, 0xaedc, 0xaedc, 0xaedc, 0xaedc, 0xaedc, 0xaedc, 0xaedc, 0xaedc, 0xaedc, 
	0xaedc, 0xaedc, 0xaedc, 0xaedc, 0xaedc, 0xaedc, 0xaedc, 0xaedc, 0xaedc, 0xaedc, 0xaedc, 0xaedc, 0xaedc, 0xaedc, 0xaedc, 0xaedc, 
	0xaedc, 0xaedc, 0xaedc, 0xaedc, 0xaedc, 0xaedc, 0xaedc, 0xaedc, 0xaedc, 0xaedc, 0xaedc, 0xaedc, 0xaedc, 0xaedc, 0xaedc, 0xaedc, 
	0xaedc, 0xaedc, 0xaedc, 0xaedc, 0xaedc, 0xaedc, 0xaedc, 0xaedc, 0xaedc, 0xaedc, 0xaedc, 0xaedc, 0xaedc, 0xaedc, 0xaedc, 0xaedc, 
	0xaefd, 0xaedc, 0xaedc, 0xaebc, 0xaedd, 0xaefd, 0xaebc, 0xaefd, 0xaefc, 0x95b7, 0x42ab, 0x0061, 0x0000, 0x0000, 0x0000, 0x0020, 
	0x0000, 0x0000, 0x0000, 0x0000, 0x0083, 0x0146, 0x120a, 0x22ad, 0x2b0f, 0x2b30, 0x2b30, 0x2b30, 0x2b30, 0x2b2f, 0x2b4f, 0x2b50, 
	0x2b2f, 0x2b2f, 0x2b70, 0x3390, 0x33b0, 0x33b0, 0x2b90, 0x33b0, 0x33b0, 0x33b0, 0x33b0, 0x33b0, 0x33b0, 0x33b0, 0x33b0, 0x33b0, 
	0x33b0, 0x33b0, 0x33b0, 0x33b0, 0x33b0, 0x33b0, 0x33b0, 0x33b0, 0x33b0, 0x33b0, 0x33b0, 0x33b0, 0x33b0, 0x33b0, 0x33b0, 0x33b0, 
	0x33b0, 0x33b0, 0x33b0, 0x33b0, 0x33b0, 0x33b0, 0x33b0, 0x33b0, 0x2b90, 0x2b90, 0x33b0, 0x33b0, 0x33b0, 0x2b6f, 0x2b50, 0x2b30, 
	0x2b0f, 0x2b50, 0x2b50, 0x2b2e, 0x2aed, 0x11c9, 0x0042, 0x0800, 0x0000, 0x0020, 0x0000, 0x0021, 0x4b0c, 0xa65a, 0xb6fd, 0xaebc, 
	0xaedc, 0xaedc, 0xaedc, 0xaedc, 0xaedc, 0xaedc, 0xaedc, 0xaedc, 0xaedc, 0xaedc, 0xaedc, 0xaedc, 0xaedc, 0xaedc, 0xaedc, 0xaedc, 
	0xaedc, 0xaedc, 0xaedc, 0xaedc, 0xaedc, 0xaedc, 0xaedc, 0xaedc, 0xaedc, 0xaedc, 0xaedc, 0xaedc, 0xaedc, 0xaedc, 0xaedc, 0xaedc, 
	0xaedc, 0xaedc, 0xaedc, 0xaedc, 0xaedc, 0xaedc, 0xaedc, 0xaedc, 0xaedc, 0xaedc, 0xaedc, 0xaedc, 0xaedc, 0xaedc, 0xaedc, 0xaedc, 
	0xaedc, 0xaedc, 0xaedc, 0xaedc, 0xaedc, 0xaedc, 0xaedc, 0xaedc, 0xaedc, 0xaedc, 0xaedc, 0xaedc, 0xaedc, 0xaedc, 0xaedc, 0xaedc, 
	0xaedc, 0xaedc, 0xaedc, 0xaedc, 0xaedc, 0xaedc, 0xaedc, 0xaedc, 0xaedc, 0xaedc, 0xaedc, 0xaedc, 0xaedc, 0xaedc, 0xaedc, 0xaedc, 
	0xaedc, 0xaedc, 0xaedc, 0xaedc, 0xaedc, 0xaedc, 0xaedc, 0xaedc, 0xaedc, 0xaedc, 0xaedc, 0xaedc, 0xaedc, 0xaedc, 0xaedc, 0xaedc, 
	0xaedc, 0xaedc, 0xaedc, 0xaedc, 0xaedc, 0xaedc, 0xaedc, 0xaedc, 0xaedc, 0xaedc, 0xaedc, 0xaedc, 0xaedc, 0xaedc, 0xaedc, 0xaedc, 
	0xaedc, 0xaedc, 0xaedc, 0xaedc, 0xaedc, 0xaedc, 0xaedc, 0xaedc, 0xaedc, 0xaedc, 0xaedc, 0xaedc, 0xaedc, 0xaedc, 0xaedc, 0xaedc, 
	0xaedc, 0xaedc, 0xaedc, 0xaedc, 0xaedc, 0xaedc, 0xaedc, 0xaedc, 0xaedc, 0xaedc, 0xaedc, 0xaedc, 0xaedc, 0xaedc, 0xaedc, 0xaedc, 
	0xaedc, 0xaedc, 0xaedc, 0xaedc, 0xaedc, 0xaedc, 0xaedc, 0xaedc, 0xaedc, 0xaedc, 0xaedc, 0xaedc, 0xaedc, 0xaedc, 0xaedc, 0xaedc, 
	0xaedc, 0xaebc, 0xb6dd, 0xb6dd, 0xaedd, 0xaedd, 0xaedc, 0xb6dc, 0x95f7, 0x42aa, 0x0840, 0x0000, 0x0000, 0x0000, 0x0000, 0x0020, 
	0x0000, 0x0020, 0x08e5, 0x226c, 0x3bf3, 0x44f8, 0x457b, 0x4ddd, 0x4e1d, 0x4e1d, 0x563e, 0x563e, 0x563e, 0x563e, 0x4e3e, 0x4e3e, 
	0x563e, 0x4e3e, 0x567e, 0x5edf, 0x5f1f, 0x5f1f, 0x5f1e, 0x5f1e, 0x5f1e, 0x5f1e, 0x5f1e, 0x5f1e, 0x5f1e, 0x5f1e, 0x5f1e, 0x5f1e, 
	0x5f1e, 0x5f1e, 0x5f1e, 0x5f1e, 0x5f1e, 0x5f1e, 0x5f1e, 0x5f1e, 0x5f1e, 0x5f1e, 0x5f1e, 0x5f1e, 0x5f1e, 0x5f1e, 0x5f1e, 0x5f1e, 
	0x5f1e, 0x5f1e, 0x5f1e, 0x5f1e, 0x5f1e, 0x5f1e, 0x5f1e, 0x5f1e, 0x571e, 0x5f1e, 0x5f1e, 0x5f1e, 0x5ede, 0x569e, 0x565e, 0x4e3e, 
	0x4e3e, 0x565f, 0x4e3e, 0x4e1c, 0x4dfc, 0x3cd7, 0x122b, 0x0001, 0x0000, 0x0000, 0x0000, 0x0000, 0x29c7, 0x95b7, 0xaefd, 0xaebd, 
	0xaedc, 0xaedc, 0xaedc, 0xaedc, 0xaedc, 0xaedc, 0xaedc, 0xaedc, 0xaedc, 0xaedc, 0xaedc, 0xaedc, 0xaedc, 0xaedc, 0xaedc, 0xaedc, 
	0xaedc, 0xaedc, 0xaedc, 0xaedc, 0xaedc, 0xaedc, 0xaedc, 0xaedc, 0xaedc, 0xaedc, 0xaedc, 0xaedc, 0xaedc, 0xaedc, 0xaedc, 0xaedc, 
	0xaedc, 0xaedc, 0xaedc, 0xaedc, 0xaedc, 0xaedc, 0xaedc, 0xaedc, 0xaedc, 0xaedc, 0xaedc, 0xaedc, 0xaedc, 0xaedc, 0xaedc, 0xaedc, 
	0xaedc, 0xaedc, 0xaedc, 0xaedc, 0xaedc, 0xaedc, 0xaedc, 0xaedc, 0xaedc, 0xaedc, 0xaedc, 0xaedc, 0xaedc, 0xaedc, 0xaedc, 0xaedc, 
	0xaedc, 0xaedc, 0xaedc, 0xaedc, 0xaedc, 0xaedc, 0xaedc, 0xaedc, 0xaedc, 0xaedc, 0xaedc, 0xaedc, 0xaedc, 0xaedc, 0xaedc, 0xaedc, 
	0xaedc, 0xaedc, 0xaedc, 0xaedc, 0xaedc, 0xaedc, 0xaedc, 0xaedc, 0xaedc, 0xaedc, 0xaedc, 0xaedc, 0xaedc, 0xaedc, 0xaedc, 0xaedc, 
	0xaedc, 0xaedc, 0xaedc, 0xaedc, 0xaedc, 0xaedc, 0xaedc, 0xaedc, 0xaedc, 0xaedc, 0xaedc, 0xaedc, 0xaedc, 0xaedc, 0xaedc, 0xaedc, 
	0xaedc, 0xaedc, 0xaedc, 0xaedc, 0xaedc, 0xaedc, 0xaedc, 0xaedc, 0xaedc, 0xaedc, 0xaedc, 0xaedc, 0xaedc, 0xaedc, 0xaedc, 0xaedc, 
	0xaedc, 0xaedc, 0xaedc, 0xaedc, 0xaedc, 0xaedc, 0xaedc, 0xaedc, 0xaedc, 0xaedc, 0xaedc, 0xaedc, 0xaedc, 0xaedc, 0xaedc, 0xaedc, 
	0xaedc, 0xaedc, 0xaedc, 0xaedc, 0xaedc, 0xaedc, 0xaedc, 0xaedc, 0xaedc, 0xaedc, 0xaedc, 0xaedc, 0xaedc, 0xaedc, 0xaedc, 0xaedc, 
	0xaefc, 0xaedc, 0xb6dd, 0xb6dd, 0xaebc, 0xaedc, 0xb6fd, 0xa63a, 0x532d, 0x1082, 0x0000, 0x0000, 0x0000, 0x0000, 0x0800, 0x0020, 
	0x08a4, 0x228c, 0x3c96, 0x459b, 0x4e1e, 0x561e, 0x4e1e, 0x4e1e, 0x4e3d, 0x4e3d, 0x4e3e, 0x4e1e, 0x561e, 0x561e, 0x4e1e, 0x4e1e, 
	0x561e, 0x4e1e, 0x4e3e, 0x569e, 0x56de, 0x5efe, 0x56fe, 0x571e, 0x56fe, 0x56fe, 0x56fe, 0x56fe, 0x56fe, 0x56fe, 0x56fe, 0x56fe, 
	0x56fe, 0x56fe, 0x56fe, 0x56fe, 0x56fe, 0x56fe, 0x56fe, 0x56fe, 0x56fe, 0x56fe, 0x56fe, 0x56fe, 0x56fe, 0x56fe, 0x56fe, 0x56fe, 
	0x56fe, 0x56fe, 0x56fe, 0x56fe, 0x56fe, 0x56fe, 0x56fe, 0x56fe, 0x571e, 0x5f1e, 0x5efe, 0x56de, 0x569e, 0x565e, 0x4e1e, 0x4e1e, 
	0x563d, 0x561e, 0x55fe, 0x4e1d, 0x4e3e, 0x4e1d, 0x3bf3, 0x0883, 0x0000, 0x0000, 0x0000, 0x0000, 0x1904, 0x8d97, 0xaedc, 0xb6dd, 
	0xaedc, 0xaedc, 0xaedc, 0xaedc, 0xaedc, 0xaedc, 0xaedc, 0xaedc, 0xaedc, 0xaedc, 0xaedc, 0xaedc, 0xaedc, 0xaedc, 0xaedc, 0xaedc, 
	0xaedc, 0xaedc, 0xaedc, 0xaedc, 0xaedc, 0xaedc, 0xaedc, 0xaedc, 0xaedc, 0xaedc, 0xaedc, 0xaedc, 0xaedc, 0xaedc, 0xaedc, 0xaedc, 
	0xaedc, 0xaedc, 0xaedc, 0xaedc, 0xaedc, 0xaedc, 0xaedc, 0xaedc, 0xaedc, 0xaedc, 0xaedc, 0xaedc, 0xaedc, 0xaedc, 0xaedc, 0xaedc, 
	0xaedc, 0xaedc, 0xaedc, 0xaedc, 0xaedc, 0xaedc, 0xaedc, 0xaedc, 0xaedc, 0xaedc, 0xaedc, 0xaedc, 0xaedc, 0xaedc, 0xaedc, 0xaedc, 
	0xaedc, 0xaedc, 0xaedc, 0xaedc, 0xaedc, 0xaedc, 0xaedc, 0xaedc, 0xaedc, 0xaedc, 0xaedc, 0xaedc, 0xaedc, 0xaedc, 0xaedc, 0xaedc, 
	0xaedc, 0xaedc, 0xaedc, 0xaedc, 0xaedc, 0xaedc, 0xaedc, 0xaedc, 0xaedc, 0xaedc, 0xaedc, 0xaedc, 0xaedc, 0xaedc, 0xaedc, 0xaedc, 
	0xaedc, 0xaedc, 0xaedc, 0xaedc, 0xaedc, 0xaedc, 0xaedc, 0xaedc, 0xaedc, 0xaedc, 0xaedc, 0xaedc, 0xaedc, 0xaedc, 0xaedc, 0xaedc, 
	0xaedc, 0xaedc, 0xaedc, 0xaedc, 0xaedc, 0xaedc, 0xaedc, 0xaedc, 0xaedc, 0xaedc, 0xaedc, 0xaedc, 0xaedc, 0xaedc, 0xaedc, 0xaedc, 
	0xaedc, 0xaedc, 0xaedc, 0xaedc, 0xaedc, 0xaedc, 0xaedc, 0xaedc, 0xaedc, 0xaedc, 0xaedc, 0xaedc, 0xaedc, 0xaedc, 0xaedc, 0xaedc, 
	0xaedc, 0xaedc, 0xaedc, 0xaedc, 0xaedc, 0xaedc, 0xaedc, 0xaedc, 0xaedc, 0xaedc, 0xaedc, 0xaedc, 0xaedc, 0xaedc, 0xaedc, 0xaedc, 
	0xaefc, 0xaedc, 0xb6dd, 0xaedd, 0xa6dc, 0xaefc, 0xae7b, 0x6c32, 0x10c3, 0x0001, 0x0000, 0x0000, 0x0000, 0x0800, 0x0021, 0x0946, 
	0x23d2, 0x453a, 0x563f, 0x4e1f, 0x4dfe, 0x561e, 0x563d, 0x4e5d, 0x563e, 0x561e, 0x4dfe, 0x55de, 0x55be, 0x559e, 0x559e, 0x4d9e, 
	0x557e, 0x4d7e, 0x4d9e, 0x4dbe, 0x55de, 0x55fe, 0x55fe, 0x55fe, 0x55fe, 0x55fe, 0x55fe, 0x55fe, 0x55fe, 0x55fe, 0x55fe, 0x55fe, 
	0x55fe, 0x55fe, 0x55fe, 0x55fe, 0x55fe, 0x55fe, 0x55fe, 0x55fe, 0x55fe, 0x55fe, 0x55fe, 0x55fe, 0x55fe, 0x55fe, 0x55fe, 0x55fe, 
	0x55fe, 0x55fe, 0x55fe, 0x55fe, 0x55fe, 0x55fe, 0x55fe, 0x55fe, 0x561e, 0x55fe, 0x55fe, 0x55fe, 0x4dbe, 0x4d9e, 0x4d7e, 0x4d9e, 
	0x459d, 0x4d7e, 0x4d9e, 0x4dbe, 0x4d9f, 0x4dbf, 0x4416, 0x0884, 0x0000, 0x0020, 0x0000, 0x0000, 0x10a3, 0x8576, 0xaedc, 0xb6dc, 
	0xaedc, 0xaedc, 0xaedc, 0xaedc, 0xaedc, 0xaedc, 0xaedc, 0xaedc, 0xaedc, 0xaedc, 0xaedc, 0xaedc, 0xaedc, 0xaedc, 0xaedc, 0xaedc, 
	0xaedc, 0xaedc, 0xaedc, 0xaedc, 0xaedc, 0xaedc, 0xaedc, 0xaedc, 0xaedc, 0xaedc, 0xaedc, 0xaedc, 0xaedc, 0xaedc, 0xaedc, 0xaedc, 
	0xaedc, 0xaedc, 0xaedc, 0xaedc, 0xaedc, 0xaedc, 0xaedc, 0xaedc, 0xaedc, 0xaedc, 0xaedc, 0xaedc, 0xaedc, 0xaedc, 0xaedc, 0xaedc, 
	0xaedc, 0xaedc, 0xaedc, 0xaedc, 0xaedc, 0xaedc, 0xaedc, 0xaedc, 0xaedc, 0xaedc, 0xaedc, 0xaedc, 0xaedc, 0xaedc, 0xaedc, 0xaedc, 
	0xaedc, 0xaedc, 0xaedc, 0xaedc, 0xaedc, 0xaedc, 0xaedc, 0xaedc, 0xaedc, 0xaedc, 0xaedc, 0xaedc, 0xaedc, 0xaedc, 0xaedc, 0xaedc, 
	0xaedc, 0xaedc, 0xaedc, 0xaedc, 0xaedc, 0xaedc, 0xaedc, 0xaedc, 0xaedc, 0xaedc, 0xaedc, 0xaedc, 0xaedc, 0xaedc, 0xaedc, 0xaedc, 
	0xaedc, 0xaedc, 0xaedc, 0xaedc, 0xaedc, 0xaedc, 0xaedc, 0xaedc, 0xaedc, 0xaedc, 0xaedc, 0xaedc, 0xaedc, 0xaedc, 0xaedc, 0xaedc, 
	0xaedc, 0xaedc, 0xaedc, 0xaedc, 0xaedc, 0xaedc, 0xaedc, 0xaedc, 0xaedc, 0xaedc, 0xaedc, 0xaedc, 0xaedc, 0xaedc, 0xaedc, 0xaedc, 
	0xaedc, 0xaedc, 0xaedc, 0xaedc, 0xaedc, 0xaedc, 0xaedc, 0xaedc, 0xaedc, 0xaedc, 0xaedc, 0xaedc, 0xaedc, 0xaedc, 0xaedc, 0xaedc, 
	0xaedc, 0xaedc, 0xaedc, 0xaedc, 0xaedc, 0xaedc, 0xaedc, 0xaedc, 0xaedc, 0xaedc, 0xaedc, 0xaedc, 0xaedc, 0xaedc, 0xaedc, 0xaedc, 
	0xaedc, 0xaebc, 0xb6dd, 0xaefd, 0xaefc, 0xaefc, 0x9577, 0x2187, 0x0000, 0x0000, 0x0001, 0x0000, 0x0000, 0x0000, 0x11a9, 0x3c75, 
	0x55fc, 0x563e, 0x4e3e, 0x4e1e, 0x4e3d, 0x563d, 0x4e1e, 0x4e1f, 0x4dde, 0x4dbe, 0x4d7e, 0x4d3e, 0x4d1e, 0x4cfe, 0x4cfe, 0x4cfe, 
	0x4cde, 0x4cde, 0x4cde, 0x4cde, 0x4cfe, 0x4cff, 0x4cff, 0x4cdf, 0x4cfe, 0x4cfe, 0x4cfe, 0x4cfe, 0x4cfe, 0x4cfe, 0x4cfe, 0x4cfe, 
	0x4cfe, 0x4cfe, 0x4cfe, 0x4cfe, 0x4cfe, 0x4cfe, 0x4cfe, 0x4cfe, 0x4cfe, 0x4cfe, 0x4cfe, 0x4cfe, 0x4cfe, 0x4cfe, 0x4cfe, 0x4cfe, 
	0x4cfe, 0x4cfe, 0x4cfe, 0x4cfe, 0x4cfe, 0x4cfe, 0x4cfe, 0x4cfe, 0x4cde, 0x4cde, 0x4cff, 0x4cff, 0x4cde, 0x4cde, 0x4cde, 0x4cfe, 
	0x4cfe, 0x4cff, 0x44be, 0x4cfe, 0x4cdf, 0x44dd, 0x2b94, 0x0083, 0x0000, 0x0000, 0x0000, 0x0800, 0x10e4, 0x8d96, 0xaefc, 0xb6dd, 
	0xaedc, 0xaedc, 0xaedc, 0xaedc, 0xaedc, 0xaedc, 0xaedc, 0xaedc, 0xaedc, 0xaedc, 0xaedc, 0xaedc, 0xaedc, 0xaedc, 0xaedc, 0xaedc, 
	0xaedc, 0xaedc, 0xaedc, 0xaedc, 0xaedc, 0xaedc, 0xaedc, 0xaedc, 0xaedc, 0xaedc, 0xaedc, 0xaedc, 0xaedc, 0xaedc, 0xaedc, 0xaedc, 
	0xaedc, 0xaedc, 0xaedc, 0xaedc, 0xaedc, 0xaedc, 0xaedc, 0xaedc, 0xaedc, 0xaedc, 0xaedc, 0xaedc, 0xaedc, 0xaedc, 0xaedc, 0xaedc, 
	0xaedc, 0xaedc, 0xaedc, 0xaedc, 0xaedc, 0xaedc, 0xaedc, 0xaedc, 0xaedc, 0xaedc, 0xaedc, 0xaedc, 0xaedc, 0xaedc, 0xaedc, 0xaedc, 
	0xaedc, 0xaedc, 0xaedc, 0xaedc, 0xaedc, 0xaedc, 0xaedc, 0xaedc, 0xaedc, 0xaedc, 0xaedc, 0xaedc, 0xaedc, 0xaedc, 0xaedc, 0xaedc, 
	0xaedc, 0xaedc, 0xaedc, 0xaedc, 0xaedc, 0xaedc, 0xaedc, 0xaedc, 0xaedc, 0xaedc, 0xaedc, 0xaedc, 0xaedc, 0xaedc, 0xaedc, 0xaedc, 
	0xaedc, 0xaedc, 0xaedc, 0xaedc, 0xaedc, 0xaedc, 0xaedc, 0xaedc, 0xaedc, 0xaedc, 0xaedc, 0xaedc, 0xaedc, 0xaedc, 0xaedc, 0xaedc, 
	0xaedc, 0xaedc, 0xaedc, 0xaedc, 0xaedc, 0xaedc, 0xaedc, 0xaedc, 0xaedc, 0xaedc, 0xaedc, 0xaedc, 0xaedc, 0xaedc, 0xaedc, 0xaedc, 
	0xaedc, 0xaedc, 0xaedc, 0xaedc, 0xaedc, 0xaedc, 0xaedc, 0xaedc, 0xaedc, 0xaedc, 0xaedc, 0xaedc, 0xaedc, 0xaedc, 0xaedc, 0xaedc, 
	0xaedc, 0xaedc, 0xaedc, 0xaedc, 0xaedc, 0xaedc, 0xaedc, 0xaedc, 0xaedc, 0xaedc, 0xaedc, 0xaedc, 0xaedc, 0xaedc, 0xaedc, 0xaedc, 
	0xb6fd, 0xaebc, 0xb6fd, 0xaedd, 0xaedd, 0xae7b, 0x532d, 0x0841, 0x0000, 0x0000, 0x0000, 0x0020, 0x0000, 0x1187, 0x3c76, 0x4e1d, 
	0x4e3e, 0x4e3d, 0x563e, 0x4e1e, 0x4e1e, 0x563e, 0x55fe, 0x4d9e, 0x4d3f, 0x4d1e, 0x4cde, 0x4cdf, 0x4cdf, 0x4cff, 0x4d1e, 0x4cfe, 
	0x4cff, 0x4cff, 0x4cff, 0x4cff, 0x4cff, 0x4cff, 0x4cff, 0x4cff, 0x4cff, 0x4cff, 0x4cff, 0x4cff, 0x4cff, 0x4cff, 0x4cff, 0x4cff, 
	0x4cff, 0x4cff, 0x4cff, 0x4cff, 0x4cff, 0x4cff, 0x4cff, 0x4cff, 0x44de, 0x4cff, 0x4cff, 0x4cdf, 0x4cdf, 0x4cff, 0x4cff, 0x4cdf, 
	0x4cdf, 0x4cdf, 0x4cdf, 0x4cbe, 0x4cde, 0x4cff, 0x4cff, 0x4cde, 0x4cff, 0x4cdf, 0x4cdf, 0x4cff, 0x4cdf, 0x4cdf, 0x4cdf, 0x4cdf, 
	0x4cdf, 0x4cff, 0x44ff, 0x44ff, 0x4cde, 0x43d8, 0x19ab, 0x0021, 0x0000, 0x0020, 0x0000, 0x0000, 0x29a7, 0x95b8, 0xb6dd, 0xaefd, 
	0xaedc, 0xaedc, 0xaedc, 0xaedc, 0xaedc, 0xaedc, 0xaedc, 0xaedc, 0xaedc, 0xaedc, 0xaedc, 0xaedc, 0xaedc, 0xaedc, 0xaedc, 0xaedc, 
	0xaedc, 0xaedc, 0xaedc, 0xaedc, 0xaedc, 0xaedc, 0xaedc, 0xaedc, 0xaedc, 0xaedc, 0xaedc, 0xaedc, 0xaedc, 0xaedc, 0xaedc, 0xaedc, 
	0xaedc, 0xaedc, 0xaedc, 0xaedc, 0xaedc, 0xaedc, 0xaedc, 0xaedc, 0xaedc, 0xaedc, 0xaedc, 0xaedc, 0xaedc, 0xaedc, 0xaedc, 0xaedc, 
	0xaedc, 0xaedc, 0xaedc, 0xaedc, 0xaedc, 0xaedc, 0xaedc, 0xaedc, 0xaedc, 0xaedc, 0xaedc, 0xaedc, 0xaedc, 0xaedc, 0xaedc, 0xaedc, 
	0xaedc, 0xaedc, 0xaedc, 0xaedc, 0xaedc, 0xaedc, 0xaedc, 0xaedc, 0xaedc, 0xaedc, 0xaedc, 0xaedc, 0xaedc, 0xaedc, 0xaedc, 0xaedc, 
	0xaedc, 0xaedc, 0xaedc, 0xaedc, 0xaedc, 0xaedc, 0xaedc, 0xaedc, 0xaedc, 0xaedc, 0xaedc, 0xaedc, 0xaedc, 0xaedc, 0xaedc, 0xaedc, 
	0xaedc, 0xaedc, 0xaedc, 0xaedc, 0xaedc, 0xaedc, 0xaedc, 0xaedc, 0xaedc, 0xaedc, 0xaedc, 0xaedc, 0xaedc, 0xaedc, 0xaedc, 0xaedc, 
	0xaedc, 0xaedc, 0xaedc, 0xaedc, 0xaedc, 0xaedc, 0xaedc, 0xaedc, 0xaedc, 0xaedc, 0xaedc, 0xaedc, 0xaedc, 0xaedc, 0xaedc, 0xaedc, 
	0xaedc, 0xaedc, 0xaedc, 0xaedc, 0xaedc, 0xaedc, 0xaedc, 0xaedc, 0xaedc, 0xaedc, 0xaedc, 0xaedc, 0xaedc, 0xaedc, 0xaedc, 0xaedc, 
	0xaedc, 0xaedc, 0xaedc, 0xaedc, 0xaedc, 0xaedc, 0xaedc, 0xaedc, 0xaedc, 0xaedc, 0xaedc, 0xaedc, 0xaedc, 0xaedc, 0xaedc, 0xaedc, 
	0xaedc, 0xaedc, 0xaedd, 0xaebc, 0xb6dd, 0x8515, 0x2166, 0x0000, 0x0000, 0x0000, 0x0000, 0x0000, 0x0925, 0x3c14, 0x55dd, 0x4e3f, 
	0x561e, 0x563f, 0x55fe, 0x563e, 0x563e, 0x459d, 0x4d5e, 0x4d1f, 0x4cbe, 0x3c1a, 0x3376, 0x3313, 0x2af3, 0x2af3, 0x2ad3, 0x2ab3, 
	0x32d2, 0x32d2, 0x32d2, 0x32d2, 0x32d2, 0x32d2, 0x32d2, 0x32d2, 0x32d2, 0x32d2, 0x32d2, 0x32d2, 0x32d2, 0x32d2, 0x32d2, 0x32d2, 
	0x32d2, 0x32d2, 0x32d2, 0x32d2, 0x32d2, 0x32d2, 0x32d2, 0x32d2, 0x32f2, 0x32f2, 0x2ad2, 0x2ad2, 0x32d2, 0x32f2, 0x32f2, 0x32d2, 
	0x2af2, 0x2af2, 0x2af2, 0x2af2, 0x2af2, 0x2af2, 0x2af2, 0x2af2, 0x2af2, 0x2af2, 0x2af2, 0x2af2, 0x2af2, 0x2af2, 0x2af2, 0x2af2, 
	0x3af3, 0x32d2, 0x32d2, 0x32f2, 0x2a8f, 0x1189, 0x0041, 0x0000, 0x0020, 0x0000, 0x0800, 0x0020, 0x4b0d, 0xa65a, 0xaedd, 0xaedc, 
	0xaedc, 0xaedc, 0xaedc, 0xaedc, 0xaedc, 0xaedc, 0xaedc, 0xaedc, 0xaedc, 0xaedc, 0xaedc, 0xaedc, 0xaedc, 0xaedc, 0xaedc, 0xaedc, 
	0xaedc, 0xaedc, 0xaedc, 0xaedc, 0xaedc, 0xaedc, 0xaedc, 0xaedc, 0xaedc, 0xaedc, 0xaedc, 0xaedc, 0xaedc, 0xaedc, 0xaedc, 0xaedc, 
	0xaedc, 0xaedc, 0xaedc, 0xaedc, 0xaedc, 0xaedc, 0xaedc, 0xaedc, 0xaedc, 0xaedc, 0xaedc, 0xaedc, 0xaedc, 0xaedc, 0xaedc, 0xaedc, 
	0xaedc, 0xaedc, 0xaedc, 0xaedc, 0xaedc, 0xaedc, 0xaedc, 0xaedc, 0xaedc, 0xaedc, 0xaedc, 0xaedc, 0xaedc, 0xaedc, 0xaedc, 0xaedc, 
	0xaedc, 0xaedc, 0xaedc, 0xaedc, 0xaedc, 0xaedc, 0xaedc, 0xaedc, 0xaedc, 0xaedc, 0xaedc, 0xaedc, 0xaedc, 0xaedc, 0xaedc, 0xaedc, 
	0xaedc, 0xaedc, 0xaedc, 0xaedc, 0xaedc, 0xaedc, 0xaedc, 0xaedc, 0xaedc, 0xaedc, 0xaedc, 0xaedc, 0xaedc, 0xaedc, 0xaedc, 0xaedc, 
	0xaedc, 0xaedc, 0xaedc, 0xaedc, 0xaedc, 0xaedc, 0xaedc, 0xaedc, 0xaedc, 0xaedc, 0xaedc, 0xaedc, 0xaedc, 0xaedc, 0xaedc, 0xaedc, 
	0xaedc, 0xaedc, 0xaedc, 0xaedc, 0xaedc, 0xaedc, 0xaedc, 0xaedc, 0xaedc, 0xaedc, 0xaedc, 0xaedc, 0xaedc, 0xaedc, 0xaedc, 0xaedc, 
	0xaedc, 0xaedc, 0xaedc, 0xaedc, 0xaedc, 0xaedc, 0xaedc, 0xaedc, 0xaedc, 0xaedc, 0xaedc, 0xaedc, 0xaedc, 0xaedc, 0xaedc, 0xaedc, 
	0xaedc, 0xaedc, 0xaedc, 0xaedc, 0xaedc, 0xaedc, 0xaedc, 0xaedc, 0xaedc, 0xaedc, 0xaedc, 0xaedc, 0xaedc, 0xaedc, 0xaedc, 0xaedc, 
	0xaedc, 0xaedd, 0xaedc, 0xaedc, 0xae9c, 0x534e, 0x0020, 0x0000, 0x0000, 0x0000, 0x0000, 0x08a2, 0x2b2f, 0x4dbd, 0x563f, 0x4dfd, 
	0x4e1d, 0x561e, 0x561e, 0x4e1e, 0x4dfe, 0x457f, 0x54fe, 0x3bd8, 0x2a4e, 0x1169, 0x00a3, 0x0040, 0x0020, 0x0020, 0x0000, 0x0001, 
	0x0000, 0x0000, 0x0000, 0x0000, 0x0000, 0x0000, 0x0000, 0x0000, 0x0000, 0x0000, 0x0000, 0x0000, 0x0000, 0x0000, 0x0000, 0x0000, 
	0x0000, 0x0000, 0x0000, 0x0000, 0x0000, 0x0000, 0x0000, 0x0000, 0x0000, 0x0000, 0x0020, 0x0020, 0x0020, 0x0000, 0x0000, 0x0000, 
	0x0000, 0x0000, 0x0000, 0x0020, 0x0000, 0x0000, 0x0000, 0x0020, 0x0000, 0x0020, 0x0020, 0x0000, 0x0000, 0x0000, 0x0000, 0x0000, 
	0x0020, 0x0020, 0x0021, 0x0000, 0x0000, 0x0000, 0x0000, 0x0000, 0x0000, 0x0000, 0x0000, 0x08c3, 0x7493, 0xb6dc, 0xaedd, 0xaedc, 
	0xaedc, 0xaedc, 0xaedc, 0xaedc, 0xaedc, 0xaedc, 0xaedc, 0xaedc, 0xaedc, 0xaedc, 0xaedc, 0xaedc, 0xaedc, 0xaedc, 0xaedc, 0xaedc, 
	0xaedc, 0xaedc, 0xaedc, 0xaedc, 0xaedc, 0xaedc, 0xaedc, 0xaedc, 0xaedc, 0xaedc, 0xaedc, 0xaedc, 0xaedc, 0xaedc, 0xaedc, 0xaedc, 
	0xaedc, 0xaedc, 0xaedc, 0xaedc, 0xaedc, 0xaedc, 0xaedc, 0xaedc, 0xaedc, 0xaedc, 0xaedc, 0xaedc, 0xaedc, 0xaedc, 0xaedc, 0xaedc, 
	0xaedc, 0xaedc, 0xaedc, 0xaedc, 0xaedc, 0xaedc, 0xaedc, 0xaedc, 0xaedc, 0xaedc, 0xaedc, 0xaedc, 0xaedc, 0xaedc, 0xaedc, 0xaedc, 
	0xaedc, 0xaedc, 0xaedc, 0xaedc, 0xaedc, 0xaedc, 0xaedc, 0xaedc, 0xaedc, 0xaedc, 0xaedc, 0xaedc, 0xaedc, 0xaedc, 0xaedc, 0xaedc, 
	0xaedc, 0xaedc, 0xaedc, 0xaedc, 0xaedc, 0xaedc, 0xaedc, 0xaedc, 0xaedc, 0xaedc, 0xaedc, 0xaedc, 0xaedc, 0xaedc, 0xaedc, 0xaedc, 
	0xaedc, 0xaedc, 0xaedc, 0xaedc, 0xaedc, 0xaedc, 0xaedc, 0xaedc, 0xaedc, 0xaedc, 0xaedc, 0xaedc, 0xaedc, 0xaedc, 0xaedc, 0xaedc, 
	0xaedc, 0xaedc, 0xaedc, 0xaedc, 0xaedc, 0xaedc, 0xaedc, 0xaedc, 0xaedc, 0xaedc, 0xaedc, 0xaedc, 0xaedc, 0xaedc, 0xaedc, 0xaedc, 
	0xaedc, 0xaedc, 0xaedc, 0xaedc, 0xaedc, 0xaedc, 0xaedc, 0xaedc, 0xaedc, 0xaedc, 0xaedc, 0xaedc, 0xaedc, 0xaedc, 0xaedc, 0xaedc, 
	0xaedc, 0xaedc, 0xaedc, 0xaedc, 0xaedc, 0xaedc, 0xaedc, 0xaedc, 0xaedc, 0xaedc, 0xaedc, 0xaedc, 0xaedc, 0xaedc, 0xaedc, 0xaedc, 
	0xaedc, 0xaedc, 0xaedd, 0xb6dc, 0x95b8, 0x29c8, 0x0000, 0x0000, 0x0000, 0x0001, 0x0000, 0x1208, 0x4558, 0x463e, 0x4e3e, 0x563d, 
	0x565d, 0x4e1d, 0x563e, 0x459d, 0x453e, 0x449d, 0x3334, 0x0948, 0x0042, 0x0000, 0x0000, 0x0800, 0x0000, 0x0000, 0x0000, 0x0000, 
	0x0000, 0x0000, 0x0000, 0x0000, 0x0000, 0x0000, 0x0000, 0x0000, 0x0000, 0x0000, 0x0000, 0x0000, 0x0000, 0x0000, 0x0000, 0x0000, 
	0x0000, 0x0000, 0x0000, 0x0000, 0x0000, 0x0000, 0x0000, 0x0000, 0x0000, 0x0000, 0x0000, 0x0000, 0x0000, 0x0000, 0x0000, 0x0021, 
	0x0021, 0x0000, 0x0000, 0x0000, 0x0000, 0x0000, 0x0000, 0x0000, 0x0000, 0x0000, 0x0000, 0x0000, 0x0000, 0x0000, 0x0000, 0x0000, 
	0x0000, 0x0000, 0x0000, 0x0000, 0x0000, 0x0000, 0x0000, 0x0000, 0x0800, 0x0000, 0x0041, 0x42ec, 0x9e19, 0xaedd, 0xaedd, 0xb6dc, 
	0xaedc, 0xaedc, 0xaedc, 0xaedc, 0xaedc, 0xaedc, 0xaedc, 0xaedc, 0xaedc, 0xaedc, 0xaedc, 0xaedc, 0xaedc, 0xaedc, 0xaedc, 0xaedc, 
	0xaedc, 0xaedc, 0xaedc, 0xaedc, 0xaedc, 0xaedc, 0xaedc, 0xaedc, 0xaedc, 0xaedc, 0xaedc, 0xaedc, 0xaedc, 0xaedc, 0xaedc, 0xaedc, 
	0xaedc, 0xaedc, 0xaedc, 0xaedc, 0xaedc, 0xaedc, 0xaedc, 0xaedc, 0xaedc, 0xaedc, 0xaedc, 0xaedc, 0xaedc, 0xaedc, 0xaedc, 0xaedc, 
	0xaedc, 0xaedc, 0xaedc, 0xaedc, 0xaedc, 0xaedc, 0xaedc, 0xaedc, 0xaedc, 0xaedc, 0xaedc, 0xaedc, 0xaedc, 0xaedc, 0xaedc, 0xaedc, 
	0xaedc, 0xaedc, 0xaedc, 0xaedc, 0xaedc, 0xaedc, 0xaedc, 0xaedc, 0xaedc, 0xaedc, 0xaedc, 0xaedc, 0xaedc, 0xaedc, 0xaedc, 0xaedc, 
	0xaedc, 0xaedc, 0xaedc, 0xaedc, 0xaedc, 0xaedc, 0xaedc, 0xaedc, 0xaedc, 0xaedc, 0xaedc, 0xaedc, 0xaedc, 0xaedc, 0xaedc, 0xaedc, 
	0xaedc, 0xaedc, 0xaedc, 0xaedc, 0xaedc, 0xaedc, 0xaedc, 0xaedc, 0xaedc, 0xaedc, 0xaedc, 0xaedc, 0xaedc, 0xaedc, 0xaedc, 0xaedc, 
	0xaedc, 0xaedc, 0xaedc, 0xaedc, 0xaedc, 0xaedc, 0xaedc, 0xaedc, 0xaedc, 0xaedc, 0xaedc, 0xaedc, 0xaedc, 0xaedc, 0xaedc, 0xaedc, 
	0xaedc, 0xaedc, 0xaedc, 0xaedc, 0xaedc, 0xaedc, 0xaedc, 0xaedc, 0xaedc, 0xaedc, 0xaedc, 0xaedc, 0xaedc, 0xaedc, 0xaedc, 0xaedc, 
	0xaedc, 0xaedc, 0xaedc, 0xaedc, 0xaedc, 0xaedc, 0xaedc, 0xaedc, 0xaedc, 0xaedc, 0xaedc, 0xaedc, 0xaedc, 0xaedc, 0xaedc, 0xaedc, 
	0xaedd, 0xaedc, 0xaedc, 0xb6dc, 0x7472, 0x08a3, 0x0000, 0x0000, 0x0000, 0x0021, 0x0063, 0x3391, 0x561d, 0x4e3e, 0x561d, 0x4e1f, 
	0x4e3e, 0x561d, 0x55de, 0x555f, 0x54bd, 0x32f3, 0x08e6, 0x0000, 0x0000, 0x0000, 0x0000, 0x0000, 0x0000, 0x0000, 0x0000, 0x0020, 
	0x0000, 0x0000, 0x0000, 0x0000, 0x0000, 0x0000, 0x0000, 0x0000, 0x0000, 0x0000, 0x0000, 0x0000, 0x0000, 0x0000, 0x0000, 0x0000, 
	0x0000, 0x0000, 0x0000, 0x0000, 0x0000, 0x0000, 0x0000, 0x0000, 0x0020, 0x0000, 0x0000, 0x0000, 0x0000, 0x0000, 0x0000, 0x0000, 
	0x0000, 0x0000, 0x0000, 0x0000, 0x0000, 0x0000, 0x0000, 0x0000, 0x0000, 0x0000, 0x0000, 0x0000, 0x0000, 0x0000, 0x0000, 0x0000, 
	0x0001, 0x0000, 0x0000, 0x0000, 0x0000, 0x0000, 0x0000, 0x0020, 0x0000, 0x0020, 0x3208, 0x8d97, 0xaedc, 0xaedd, 0xb6fd, 0xaebc, 
	0xaedc, 0xaedc, 0xaedc, 0xaedc, 0xaedc, 0xaedc, 0xaedc, 0xaedc, 0xaedc, 0xaedc, 0xaedc, 0xaedc, 0xaedc, 0xaedc, 0xaedc, 0xaedc, 
	0xaedc, 0xaedc, 0xaedc, 0xaedc, 0xaedc, 0xaedc, 0xaedc, 0xaedc, 0xaedc, 0xaedc, 0xaedc, 0xaedc, 0xaedc, 0xaedc, 0xaedc, 0xaedc, 
	0xaedc, 0xaedc, 0xaedc, 0xaedc, 0xaedc, 0xaedc, 0xaedc, 0xaedc, 0xaedc, 0xaedc, 0xaedc, 0xaedc, 0xaedc, 0xaedc, 0xaedc, 0xaedc, 
	0xaedc, 0xaedc, 0xaedc, 0xaedc, 0xaedc, 0xaedc, 0xaedc, 0xaedc, 0xaedc, 0xaedc, 0xaedc, 0xaedc, 0xaedc, 0xaedc, 0xaedc, 0xaedc, 
	0xaedc, 0xaedc, 0xaedc, 0xaedc, 0xaedc, 0xaedc, 0xaedc, 0xaedc, 0xaedc, 0xaedc, 0xaedc, 0xaedc, 0xaedc, 0xaedc, 0xaedc, 0xaedc, 
	0xaedc, 0xaedc, 0xaedc, 0xaedc, 0xaedc, 0xaedc, 0xaedc, 0xaedc, 0xaedc, 0xaedc, 0xaedc, 0xaedc, 0xaedc, 0xaedc, 0xaedc, 0xaedc, 
	0xaedc, 0xaedc, 0xaedc, 0xaedc, 0xaedc, 0xaedc, 0xaedc, 0xaedc, 0xaedc, 0xaedc, 0xaedc, 0xaedc, 0xaedc, 0xaedc, 0xaedc, 0xaedc, 
	0xaedc, 0xaedc, 0xaedc, 0xaedc, 0xaedc, 0xaedc, 0xaedc, 0xaedc, 0xaedc, 0xaedc, 0xaedc, 0xaedc, 0xaedc, 0xaedc, 0xaedc, 0xaedc, 
	0xaedc, 0xaedc, 0xaedc, 0xaedc, 0xaedc, 0xaedc, 0xaedc, 0xaedc, 0xaedc, 0xaedc, 0xaedc, 0xaedc, 0xaedc, 0xaedc, 0xaedc, 0xaedc, 
	0xaedc, 0xaedc, 0xaedc, 0xaedc, 0xaedc, 0xaedc, 0xaedc, 0xaedc, 0xaedc, 0xaedc, 0xaedc, 0xaedc, 0xaedc, 0xaedc, 0xaedc, 0xaedc, 
	0xaedc, 0xaedc, 0xaedc, 0xae9b, 0x5b4e, 0x0000, 0x0000, 0x0000, 0x0000, 0x0000, 0x1168, 0x553a, 0x4e1f, 0x563e, 0x55fd, 0x463f, 
	0x4e3f, 0x4dff, 0x457f, 0x551e, 0x3375, 0x0107, 0x0000, 0x0000, 0x0000, 0x0000, 0x0000, 0x0000, 0x0000, 0x0000, 0x0000, 0x0000, 
	0x0000, 0x0000, 0x0000, 0x0000, 0x0000, 0x0000, 0x0000, 0x0000, 0x0000, 0x0000, 0x0000, 0x0000, 0x0000, 0x0000, 0x0000, 0x0000, 
	0x0000, 0x0000, 0x0000, 0x0000, 0x0000, 0x0000, 0x0000, 0x0000, 0x0000, 0x0000, 0x0000, 0x0000, 0x0000, 0x0000, 0x0000, 0x0000, 
	0x0000, 0x0000, 0x0020, 0x0000, 0x0000, 0x0000, 0x0000, 0x0000, 0x0000, 0x0000, 0x0000, 0x0020, 0x0020, 0x0000, 0x0000, 0x0000, 
	0x0000, 0x0020, 0x0000, 0x0000, 0x0001, 0x0001, 0x0000, 0x0000, 0x0062, 0x3a4a, 0x8515, 0xaebb, 0xaefd, 0xaedd, 0xb6dd, 0xaedc, 
	0xaedc, 0xaedc, 0xaedc, 0xaedc, 0xaedc, 0xaedc, 0xaedc, 0xaedc, 0xaedc, 0xaedc, 0xaedc, 0xaedc, 0xaedc, 0xaedc, 0xaedc, 0xaedc, 
	0xaedc, 0xaedc, 0xaedc, 0xaedc, 0xaedc, 0xaedc, 0xaedc, 0xaedc, 0xaedc, 0xaedc, 0xaedc, 0xaedc, 0xaedc, 0xaedc, 0xaedc, 0xaedc, 
	0xaedc, 0xaedc, 0xaedc, 0xaedc, 0xaedc, 0xaedc, 0xaedc, 0xaedc, 0xaedc, 0xaedc, 0xaedc, 0xaedc, 0xaedc, 0xaedc, 0xaedc, 0xaedc, 
	0xaedc, 0xaedc, 0xaedc, 0xaedc, 0xaedc, 0xaedc, 0xaedc, 0xaedc, 0xaedc, 0xaedc, 0xaedc, 0xaedc, 0xaedc, 0xaedc, 0xaedc, 0xaedc, 
	0xaedc, 0xaedc, 0xaedc, 0xaedc, 0xaedc, 0xaedc, 0xaedc, 0xaedc, 0xaedc, 0xaedc, 0xaedc, 0xaedc, 0xaedc, 0xaedc, 0xaedc, 0xaedc, 
	0xaedc, 0xaedc, 0xaedc, 0xaedc, 0xaedc, 0xaedc, 0xaedc, 0xaedc, 0xaedc, 0xaedc, 0xaedc, 0xaedc, 0xaedc, 0xaedc, 0xaedc, 0xaedc, 
	0xaedc, 0xaedc, 0xaedc, 0xaedc, 0xaedc, 0xaedc, 0xaedc, 0xaedc, 0xaedc, 0xaedc, 0xaedc, 0xaedc, 0xaedc, 0xaedc, 0xaedc, 0xaedc, 
	0xaedc, 0xaedc, 0xaedc, 0xaedc, 0xaedc, 0xaedc, 0xaedc, 0xaedc, 0xaedc, 0xaedc, 0xaedc, 0xaedc, 0xaedc, 0xaedc, 0xaedc, 0xaedc, 
	0xaedc, 0xaedc, 0xaedc, 0xaedc, 0xaedc, 0xaedc, 0xaedc, 0xaedc, 0xaedc, 0xaedc, 0xaedc, 0xaedc, 0xaedc, 0xaedc, 0xaedc, 0xaedc, 
	0xaedc, 0xaedc, 0xaedc, 0xaedc, 0xaedc, 0xaedc, 0xaedc, 0xaedc, 0xaedc, 0xaedc, 0xaedc, 0xaedc, 0xaedc, 0xaedc, 0xaedc, 0xaedc, 
	0xb6dc, 0xaedc, 0xaefd, 0x9e19, 0x3a6a, 0x0000, 0x0000, 0x0000, 0x0020, 0x0020, 0x1aac, 0x55fc, 0x461d, 0x563e, 0x563e, 0x567e, 
	0x5e3e, 0x4dbe, 0x453e, 0x4c59, 0x19cb, 0x0021, 0x0020, 0x0000, 0x0001, 0x0000, 0x0000, 0x0000, 0x0000, 0x0000, 0x0000, 0x0000, 
	0x0000, 0x0000, 0x0000, 0x0000, 0x0000, 0x0000, 0x0000, 0x0000, 0x0000, 0x0000, 0x0000, 0x0000, 0x0000, 0x0000, 0x0000, 0x0000, 
	0x0000, 0x0000, 0x0000, 0x0000, 0x0000, 0x0000, 0x0000, 0x0000, 0x0000, 0x0000, 0x0000, 0x0000, 0x0000, 0x0000, 0x0000, 0x0000, 
	0x0000, 0x0000, 0x0000, 0x0000, 0x0000, 0x0000, 0x0000, 0x0000, 0x0000, 0x0000, 0x0000, 0x0000, 0x0000, 0x0000, 0x0000, 0x0000, 
	0x0000, 0x0001, 0x0000, 0x0000, 0x0020, 0x0000, 0x0881, 0x2165, 0x536e, 0x8d97, 0xb6fd, 0xaedc, 0xaedc, 0xaedd, 0xaebc, 0xb6dd, 
	0xaedc, 0xaedc, 0xaedc, 0xaedc, 0xaedc, 0xaedc, 0xaedc, 0xaedc, 0xaedc, 0xaedc, 0xaedc, 0xaedc, 0xaedc, 0xaedc, 0xaedc, 0xaedc, 
	0xaedc, 0xaedc, 0xaedc, 0xaedc, 0xaedc, 0xaedc, 0xaedc, 0xaedc, 0xaedc, 0xaedc, 0xaedc, 0xaedc, 0xaedc, 0xaedc, 0xaedc, 0xaedc, 
	0xaedc, 0xaedc, 0xaedc, 0xaedc, 0xaedc, 0xaedc, 0xaedc, 0xaedc, 0xaedc, 0xaedc, 0xaedc, 0xaedc, 0xaedc, 0xaedc, 0xaedc, 0xaedc, 
	0xaedc, 0xaedc, 0xaedc, 0xaedc, 0xaedc, 0xaedc, 0xaedc, 0xaedc, 0xaedc, 0xaedc, 0xaedc, 0xaedc, 0xaedc, 0xaedc, 0xaedc, 0xaedc, 
	0xaedc, 0xaedc, 0xaedc, 0xaedc, 0xaedc, 0xaedc, 0xaedc, 0xaedc, 0xaedc, 0xaedc, 0xaedc, 0xaedc, 0xaedc, 0xaedc, 0xaedc, 0xaedc, 
	0xaedc, 0xaedc, 0xaedc, 0xaedc, 0xaedc, 0xaedc, 0xaedc, 0xaedc, 0xaedc, 0xaedc, 0xaedc, 0xaedc, 0xaedc, 0xaedc, 0xaedc, 0xaedc, 
	0xaedc, 0xaedc, 0xaedc, 0xaedc, 0xaedc, 0xaedc, 0xaedc, 0xaedc, 0xaedc, 0xaedc, 0xaedc, 0xaedc, 0xaedc, 0xaedc, 0xaedc, 0xaedc, 
	0xaedc, 0xaedc, 0xaedc, 0xaedc, 0xaedc, 0xaedc, 0xaedc, 0xaedc, 0xaedc, 0xaedc, 0xaedc, 0xaedc, 0xaedc, 0xaedc, 0xaedc, 0xaedc, 
	0xaedc, 0xaedc, 0xaedc, 0xaedc, 0xaedc, 0xaedc, 0xaedc, 0xaedc, 0xaedc, 0xaedc, 0xaedc, 0xaedc, 0xaedc, 0xaedc, 0xaedc, 0xaedc, 
	0xaedc, 0xaedc, 0xaedc, 0xaedc, 0xaedc, 0xaedc, 0xaedc, 0xaedc, 0xaedc, 0xaedc, 0xaedc, 0xaedc, 0xaedc, 0xaedc, 0xaedc, 0xaedc, 
	0xb6dc, 0xaedc, 0xaefd, 0x95b7, 0x2166, 0x0000, 0x0000, 0x0000, 0x0000, 0x0841, 0x226c, 0x3455, 0x3476, 0x3456, 0x3c76, 0x3c53, 
	0x3c55, 0x33f6, 0x3397, 0x2ab1, 0x0885, 0x0800, 0x0000, 0x0000, 0x0000, 0x0000, 0x0882, 0x2165, 0x29c8, 0x31e8, 0x31e8, 0x31e8, 
	0x31e8, 0x31e8, 0x31e8, 0x31e8, 0x31e8, 0x31e8, 0x31e8, 0x31e8, 0x31e8, 0x31e8, 0x31e8, 0x31e8, 0x31e8, 0x31e8, 0x31e8, 0x31e8, 
	0x31e8, 0x31e8, 0x31e8, 0x31e8, 0x31e8, 0x31e8, 0x31e8, 0x31e8, 0x31e8, 0x31e8, 0x31e7, 0x31e8, 0x3208, 0x29c7, 0x10e3, 0x0000, 
	0x0000, 0x0000, 0x0000, 0x0000, 0x1083, 0x2125, 0x2945, 0x2925, 0x2945, 0x2925, 0x18c3, 0x0021, 0x0000, 0x0000, 0x0000, 0x0000, 
	0x0881, 0x29a7, 0x3208, 0x31e8, 0x3a29, 0x4aeb, 0x6c12, 0x8d57, 0xae7b, 0xb6dc, 0xa6bc, 0xaedd, 0xaedc, 0xaedc, 0xb6dd, 0xaebc, 
	0xaedc, 0xaedc, 0xaedc, 0xaedc, 0xaedc, 0xaedc, 0xaedc, 0xaedc, 0xaedc, 0xaedc, 0xaedc, 0xaedc, 0xaedc, 0xaedc, 0xaedc, 0xaedc, 
	0xaedc, 0xaedc, 0xaedc, 0xaedc, 0xaedc, 0xaedc, 0xaedc, 0xaedc, 0xaedc, 0xaedc, 0xaedc, 0xaedc, 0xaedc, 0xaedc, 0xaedc, 0xaedc, 
	0xaedc, 0xaedc, 0xaedc, 0xaedc, 0xaedc, 0xaedc, 0xaedc, 0xaedc, 0xaedc, 0xaedc, 0xaedc, 0xaedc, 0xaedc, 0xaedc, 0xaedc, 0xaedc, 
	0xaedc, 0xaedc, 0xaedc, 0xaedc, 0xaedc, 0xaedc, 0xaedc, 0xaedc, 0xaedc, 0xaedc, 0xaedc, 0xaedc, 0xaedc, 0xaedc, 0xaedc, 0xaedc, 
	0xaedc, 0xaedc, 0xaedc, 0xaedc, 0xaedc, 0xaedc, 0xaedc, 0xaedc, 0xaedc, 0xaedc, 0xaedc, 0xaedc, 0xaedc, 0xaedc, 0xaedc, 0xaedc, 
	0xaedc, 0xaedc, 0xaedc, 0xaedc, 0xaedc, 0xaedc, 0xaedc, 0xaedc, 0xaedc, 0xaedc, 0xaedc, 0xaedc, 0xaedc, 0xaedc, 0xaedc, 0xaedc, 
	0xaedc, 0xaedc, 0xaedc, 0xaedc, 0xaedc, 0xaedc, 0xaedc, 0xaedc, 0xaedc, 0xaedc, 0xaedc, 0xaedc, 0xaedc, 0xaedc, 0xaedc, 0xaedc, 
	0xaedc, 0xaedc, 0xaedc, 0xaedc, 0xaedc, 0xaedc, 0xaedc, 0xaedc, 0xaedc, 0xaedc, 0xaedc, 0xaedc, 0xaedc, 0xaedc, 0xaedc, 0xaedc, 
	0xaedc, 0xaedc, 0xaedc, 0xaedc, 0xaedc, 0xaedc, 0xaedc, 0xaedc, 0xaedc, 0xaedc, 0xaedc, 0xaedc, 0xaedc, 0xaedc, 0xaedc, 0xaedc, 
	0xaedc, 0xaedc, 0xaedc, 0xaedc, 0xaedc, 0xaedc, 0xaedc, 0xaedc, 0xaedc, 0xaedc, 0xaedc, 0xaedc, 0xaedc, 0xaedc, 0xaedc, 0xaedc, 
	0xaefc, 0xaefd, 0xaefd, 0x8535, 0x1104, 0x0000, 0x0820, 0x0000, 0x0000, 0x0000, 0x0021, 0x0041, 0x0061, 0x0862, 0x0061, 0x0061, 
	0x0041, 0x0041, 0x0862, 0x0021, 0x0000, 0x0000, 0x0000, 0x0000, 0x0000, 0x0062, 0x4b4e, 0x8d77, 0xa65a, 0xa67b, 0xa67b, 0xa67a, 
	0xa67b, 0xa67b, 0xa67b, 0xa67b, 0xa67b, 0xa67b, 0xa67b, 0xa67b, 0xa67b, 0xa67b, 0xa67b, 0xa67b, 0xa67b, 0xa67b, 0xa67b, 0xa67b, 
	0xa67b, 0xa67b, 0xa67b, 0xa67b, 0xa67b, 0xa67b, 0xa67b, 0xa67b, 0xa67b, 0xa67b, 0xa67b, 0xa65b, 0xa67b, 0xa65a, 0x3a6a, 0x0000, 
	0x0000, 0x0000, 0x0000, 0x0000, 0x4209, 0x8452, 0x8432, 0x8453, 0x8453, 0x8452, 0x52ab, 0x0000, 0x0000, 0x0000, 0x0000, 0x0000, 
	0x2186, 0x9e19, 0xa67b, 0xa67a, 0xa69b, 0xae7c, 0xa6bc, 0xaebc, 0xaedc, 0xaedc, 0xaedc, 0xaedc, 0xaedc, 0xaedc, 0xaedc, 0xaedc, 
	0xaedc, 0xaedc, 0xaedc, 0xaedc, 0xaedc, 0xaedc, 0xaedc, 0xaedc, 0xaedc, 0xaedc, 0xaedc, 0xaedc, 0xaedc, 0xaedc, 0xaedc, 0xaedc, 
	0xaedc, 0xaedc, 0xaedc, 0xaedc, 0xaedc, 0xaedc, 0xaedc, 0xaedc, 0xaedc, 0xaedc, 0xaedc, 0xaedc, 0xaedc, 0xaedc, 0xaedc, 0xaedc, 
	0xaedc, 0xaedc, 0xaedc, 0xaedc, 0xaedc, 0xaedc, 0xaedc, 0xaedc, 0xaedc, 0xaedc, 0xaedc, 0xaedc, 0xaedc, 0xaedc, 0xaedc, 0xaedc, 
	0xaedc, 0xaedc, 0xaedc, 0xaedc, 0xaedc, 0xaedc, 0xaedc, 0xaedc, 0xaedc, 0xaedc, 0xaedc, 0xaedc, 0xaedc, 0xaedc, 0xaedc, 0xaedc, 
	0xaedc, 0xaedc, 0xaedc, 0xaedc, 0xaedc, 0xaedc, 0xaedc, 0xaedc, 0xaedc, 0xaedc, 0xaedc, 0xaedc, 0xaedc, 0xaedc, 0xaedc, 0xaedc, 
	0xaedc, 0xaedc, 0xaedc, 0xaedc, 0xaedc, 0xaedc, 0xaedc, 0xaedc, 0xaedc, 0xaedc, 0xaedc, 0xaedc, 0xaedc, 0xaedc, 0xaedc, 0xaedc, 
	0xaedc, 0xaedc, 0xaedc, 0xaedc, 0xaedc, 0xaedc, 0xaedc, 0xaedc, 0xaedc, 0xaedc, 0xaedc, 0xaedc, 0xaedc, 0xaedc, 0xaedc, 0xaedc, 
	0xaedc, 0xaedc, 0xaedc, 0xaedc, 0xaedc, 0xaedc, 0xaedc, 0xaedc, 0xaedc, 0xaedc, 0xaedc, 0xaedc, 0xaedc, 0xaedc, 0xaedc, 0xaedc, 
	0xaedc, 0xaedc, 0xaedc, 0xaedc, 0xaedc, 0xaedc, 0xaedc, 0xaedc, 0xaedc, 0xaedc, 0xaedc, 0xaedc, 0xaedc, 0xaedc, 0xaedc, 0xaedc, 
	0xaedc, 0xaedc, 0xaedc, 0xaedc, 0xaedc, 0xaedc, 0xaedc, 0xaedc, 0xaedc, 0xaedc, 0xaedc, 0xaedc, 0xaedc, 0xaedc, 0xaedc, 0xaedc, 
	0xaebc, 0xaedd, 0xb6dd, 0x8515, 0x08c3, 0x0000, 0x0000, 0x0020, 0x0000, 0x0000, 0x0000, 0x0000, 0x0000, 0x0000, 0x0000, 0x0000, 
	0x0000, 0x0000, 0x0000, 0x0000, 0x0000, 0x0000, 0x0000, 0x0000, 0x0000, 0x428b, 0x9df8, 0xb6dd, 0xb6fd, 0xb6bc, 0xaedc, 0xaedc, 
	0xb6dd, 0xb6dd, 0xb6dd, 0xb6dd, 0xb6dd, 0xb6dd, 0xb6dd, 0xb6dd, 0xb6dd, 0xb6dd, 0xb6dd, 0xb6dd, 0xb6dd, 0xb6dd, 0xb6dd, 0xb6dd, 
	0xb6dd, 0xb6dd, 0xb6dd, 0xb6dd, 0xb6dd, 0xb6dd, 0xb6dd, 0xb6dd, 0xaedd, 0xaedd, 0xaedc, 0xb6dd, 0xb6dd, 0xae9b, 0x3a8b, 0x0000, 
	0x0000, 0x0000, 0x0000, 0x0000, 0x4229, 0x8c94, 0x8c94, 0x8c73, 0x8473, 0x8c93, 0x5aec, 0x0021, 0x0000, 0x0000, 0x0000, 0x0000, 
	0x29c7, 0xa65a, 0xb6dd, 0xaedc, 0xaefd, 0xb6dd, 0xaefc, 0xb6dd, 0xaedc, 0xaedc, 0xaedc, 0xaedc, 0xaedc, 0xaedc, 0xaedc, 0xaedc, 
	0xaedc, 0xaedc, 0xaedc, 0xaedc, 0xaedc, 0xaedc, 0xaedc, 0xaedc, 0xaedc, 0xaedc, 0xaedc, 0xaedc, 0xaedc, 0xaedc, 0xaedc, 0xaedc, 
	0xaedc, 0xaedc, 0xaedc, 0xaedc, 0xaedc, 0xaedc, 0xaedc, 0xaedc, 0xaedc, 0xaedc, 0xaedc, 0xaedc, 0xaedc, 0xaedc, 0xaedc, 0xaedc, 
	0xaedc, 0xaedc, 0xaedc, 0xaedc, 0xaedc, 0xaedc, 0xaedc, 0xaedc, 0xaedc, 0xaedc, 0xaedc, 0xaedc, 0xaedc, 0xaedc, 0xaedc, 0xaedc, 
	0xaedc, 0xaedc, 0xaedc, 0xaedc, 0xaedc, 0xaedc, 0xaedc, 0xaedc, 0xaedc, 0xaedc, 0xaedc, 0xaedc, 0xaedc, 0xaedc, 0xaedc, 0xaedc, 
	0xaedc, 0xaedc, 0xaedc, 0xaedc, 0xaedc, 0xaedc, 0xaedc, 0xaedc, 0xaedc, 0xaedc, 0xaedc, 0xaedc, 0xaedc, 0xaedc, 0xaedc, 0xaedc, 
	0xaedc, 0xaedc, 0xaedc, 0xaedc, 0xaedc, 0xaedc, 0xaedc, 0xaedc, 0xaedc, 0xaedc, 0xaedc, 0xaedc, 0xaedc, 0xaedc, 0xaedc, 0xaedc, 
	0xaedc, 0xaedc, 0xaedc, 0xaedc, 0xaedc, 0xaedc, 0xaedc, 0xaedc, 0xaedc, 0xaedc, 0xaedc, 0xaedc, 0xaedc, 0xaedc, 0xaedc, 0xaedc, 
	0xaedc, 0xaedc, 0xaedc, 0xaedc, 0xaedc, 0xaedc, 0xaedc, 0xaedc, 0xaedc, 0xaedc, 0xaedc, 0xaedc, 0xaedc, 0xaedc, 0xaedc, 0xaedc, 
	0xaedc, 0xaedc, 0xaedc, 0xaedc, 0xaedc, 0xaedc, 0xaedc, 0xaedc, 0xaedc, 0xaedc, 0xaedc, 0xaedc, 0xaedc, 0xaedc, 0xaedc, 0xaedc, 
	0xaedc, 0xaedc, 0xaedc, 0xaedc, 0xaedc, 0xaedc, 0xaedc, 0xaedc, 0xaedc, 0xaedc, 0xaedc, 0xaedc, 0xaedc, 0xaedc, 0xaedc, 0xaedc, 
	0xb6dc, 0xb6dd, 0xb6fd, 0x84f4, 0x08a2, 0x0000, 0x0000, 0x0000, 0x0000, 0x0000, 0x0000, 0x0000, 0x0000, 0x0000, 0x0000, 0x0000, 
	0x0000, 0x0000, 0x0020, 0x0020, 0x0000, 0x0000, 0x0000, 0x0000, 0x0021, 0x6bf0, 0xaebb, 0xaedc, 0xb6dd, 0xb6bc, 0xb6bc, 0xaefc, 
	0xaedd, 0xaedd, 0xaedd, 0xaedd, 0xaedd, 0xaedd, 0xaedd, 0xaedd, 0xaedd, 0xaedd, 0xaedd, 0xaedd, 0xaedd, 0xaedd, 0xaedd, 0xaedd, 
	0xaedd, 0xaedd, 0xaedd, 0xaedd, 0xaedd, 0xaedd, 0xaedd, 0xaedd, 0xaedd, 0xaedd, 0xaedc, 0xb6dd, 0xb6dd, 0xae9b, 0x3a8a, 0x0000, 
	0x0000, 0x0000, 0x0000, 0x0000, 0x422a, 0x8c93, 0x8c94, 0x8c94, 0x94b4, 0x9cf5, 0x632d, 0x0000, 0x0000, 0x0000, 0x0000, 0x0000, 
	0x29c7, 0xa65a, 0xb6dd, 0xaedc, 0xaefd, 0xb6dd, 0xaedc, 0xaedd, 0xaedc, 0xaedc, 0xaedc, 0xaedc, 0xaedc, 0xaedc, 0xaedc, 0xaedc, 
	0xaedc, 0xaedc, 0xaedc, 0xaedc, 0xaedc, 0xaedc, 0xaedc, 0xaedc, 0xaedc, 0xaedc, 0xaedc, 0xaedc, 0xaedc, 0xaedc, 0xaedc, 0xaedc, 
	0xaedc, 0xaedc, 0xaedc, 0xaedc, 0xaedc, 0xaedc, 0xaedc, 0xaedc, 0xaedc, 0xaedc, 0xaedc, 0xaedc, 0xaedc, 0xaedc, 0xaedc, 0xaedc, 
	0xaedc, 0xaedc, 0xaedc, 0xaedc, 0xaedc, 0xaedc, 0xaedc, 0xaedc, 0xaedc, 0xaedc, 0xaedc, 0xaedc, 0xaedc, 0xaedc, 0xaedc, 0xaedc, 
	0xaedc, 0xaedc, 0xaedc, 0xaedc, 0xaedc, 0xaedc, 0xaedc, 0xaedc, 0xaedc, 0xaedc, 0xaedc, 0xaedc, 0xaedc, 0xaedc, 0xaedc, 0xaedc, 
	0xaedc, 0xaedc, 0xaedc, 0xaedc, 0xaedc, 0xaedc, 0xaedc, 0xaedc, 0xaedc, 0xaedc, 0xaedc, 0xaedc, 0xaedc, 0xaedc, 0xaedc, 0xaedc, 
	0xaedc, 0xaedc, 0xaedc, 0xaedc, 0xaedc, 0xaedc, 0xaedc, 0xaedc, 0xaedc, 0xaedc, 0xaedc, 0xaedc, 0xaedc, 0xaedc, 0xaedc, 0xaedc, 
	0xaedc, 0xaedc, 0xaedc, 0xaedc, 0xaedc, 0xaedc, 0xaedc, 0xaedc, 0xaedc, 0xaedc, 0xaedc, 0xaedc, 0xaedc, 0xaedc, 0xaedc, 0xaedc, 
	0xaedc, 0xaedc, 0xaedc, 0xaedc, 0xaedc, 0xaedc, 0xaedc, 0xaedc, 0xaedc, 0xaedc, 0xaedc, 0xaedc, 0xaedc, 0xaedc, 0xaedc, 0xaedc, 
	0xaedc, 0xaedc, 0xaedc, 0xaedc, 0xaedc, 0xaedc, 0xaedc, 0xaedc, 0xaedc, 0xaedc, 0xaedc, 0xaedc, 0xaedc, 0xaedc, 0xaedc, 0xaedc, 
	0xaedc, 0xaedc, 0xaedc, 0xaedc, 0xaedc, 0xaedc, 0xaedc, 0xaedc, 0xaedc, 0xaedc, 0xaedc, 0xaedc, 0xaedc, 0xaedc, 0xaedc, 0xaedc, 
	0xb6fd, 0xaebc, 0xb6dd, 0x8515, 0x1104, 0x0000, 0x0000, 0x0000, 0x0000, 0x0000, 0x0000, 0x0000, 0x0000, 0x0000, 0x0000, 0x0000, 
	0x0000, 0x0000, 0x0000, 0x0000, 0x0000, 0x0000, 0x0000, 0x0000, 0x10a3, 0x7cb4, 0xaefd, 0xa6fd, 0xb6dd, 0xb6dd, 0xaebc, 0xaefd, 
	0xaedc, 0xaedc, 0xaedc, 0xaedc, 0xaedc, 0xaedc, 0xaedc, 0xaedc, 0xaedc, 0xaedc, 0xaedc, 0xaedc, 0xaedc, 0xaedc, 0xaedc, 0xaedc, 
	0xaedc, 0xaedc, 0xaedc, 0xaedc, 0xaedc, 0xaedc, 0xaedc, 0xaedc, 0xaedd, 0xaedc, 0xaedc, 0xaedc, 0xaedd, 0xae9b, 0x3a8b, 0x0000, 
	0x0000, 0x0000, 0x0000, 0x0020, 0x4229, 0x8473, 0x8cb4, 0xa536, 0xb5d9, 0xc61a, 0x7bf0, 0x0021, 0x0000, 0x0000, 0x0000, 0x0000, 
	0x29c7, 0xa65a, 0xb6dd, 0xaedc, 0xaedd, 0xb6bd, 0xaedc, 0xaedd, 0xaedc, 0xaedc, 0xaedc, 0xaedc, 0xaedc, 0xaedc, 0xaedc, 0xaedc, 
	0xaedc, 0xaedc, 0xaedc, 0xaedc, 0xaedc, 0xaedc, 0xaedc, 0xaedc, 0xaedc, 0xaedc, 0xaedc, 0xaedc, 0xaedc, 0xaedc, 0xaedc, 0xaedc, 
	0xaedc, 0xaedc, 0xaedc, 0xaedc, 0xaedc, 0xaedc, 0xaedc, 0xaedc, 0xaedc, 0xaedc, 0xaedc, 0xaedc, 0xaedc, 0xaedc, 0xaedc, 0xaedc, 
	0xaedc, 0xaedc, 0xaedc, 0xaedc, 0xaedc, 0xaedc, 0xaedc, 0xaedc, 0xaedc, 0xaedc, 0xaedc, 0xaedc, 0xaedc, 0xaedc, 0xaedc, 0xaedc, 
	0xaedc, 0xaedc, 0xaedc, 0xaedc, 0xaedc, 0xaedc, 0xaedc, 0xaedc, 0xaedc, 0xaedc, 0xaedc, 0xaedc, 0xaedc, 0xaedc, 0xaedc, 0xaedc, 
	0xaedc, 0xaedc, 0xaedc, 0xaedc, 0xaedc, 0xaedc, 0xaedc, 0xaedc, 0xaedc, 0xaedc, 0xaedc, 0xaedc, 0xaedc, 0xaedc, 0xaedc, 0xaedc, 
	0xaedc, 0xaedc, 0xaedc, 0xaedc, 0xaedc, 0xaedc, 0xaedc, 0xaedc, 0xaedc, 0xaedc, 0xaedc, 0xaedc, 0xaedc, 0xaedc, 0xaedc, 0xaedc, 
	0xaedc, 0xaedc, 0xaedc, 0xaedc, 0xaedc, 0xaedc, 0xaedc, 0xaedc, 0xaedc, 0xaedc, 0xaedc, 0xaedc, 0xaedc, 0xaedc, 0xaedc, 0xaedc, 
	0xaedc, 0xaedc, 0xaedc, 0xaedc, 0xaedc, 0xaedc, 0xaedc, 0xaedc, 0xaedc, 0xaedc, 0xaedc, 0xaedc, 0xaedc, 0xaedc, 0xaedc, 0xaedc, 
	0xaedc, 0xaedc, 0xaedc, 0xaedc, 0xaedc, 0xaedc, 0xaedc, 0xaedc, 0xaedc, 0xaedc, 0xaedc, 0xaedc, 0xaedc, 0xaedc, 0xaedc, 0xaedc, 
	0xaedc, 0xaedc, 0xaedc, 0xaedc, 0xaedc, 0xaedc, 0xaedc, 0xaedc, 0xaedc, 0xaedc, 0xaedc, 0xaedc, 0xaedc, 0xaedc, 0xaedc, 0xaedc, 
	0xaedc, 0xa6bc, 0xb71d, 0xa619, 0x42ab, 0x0042, 0x0000, 0x0020, 0x0000, 0x0000, 0x0000, 0x0000, 0x0000, 0x0000, 0x0000, 0x0000, 
	0x0000, 0x0000, 0x0000, 0x0000, 0x0000, 0x0000, 0x0000, 0x0821, 0x3a6b, 0x95b8, 0xaf1d, 0xa6fd, 0xa6bc, 0xb6dd, 0xb6bc, 0xaedc, 
	0xaedd, 0xaedd, 0xaedd, 0xaedd, 0xaedd, 0xaedd, 0xaedd, 0xaedd, 0xaedd, 0xaedd, 0xaedd, 0xaedd, 0xaedd, 0xaedd, 0xaedd, 0xaedd, 
	0xaedd, 0xaedd, 0xaedd, 0xaedd, 0xaedd, 0xaedd, 0xaedd, 0xaedd, 0xb6fd, 0xaefd, 0xaedc, 0xaedc, 0xb6dd, 0xaebb, 0x3a8b, 0x0000, 
	0x0000, 0x0000, 0x0000, 0x0000, 0x4229, 0x94b4, 0xad77, 0xc65b, 0xce9c, 0xd6bc, 0x8452, 0x0021, 0x0000, 0x0000, 0x0000, 0x0000, 
	0x29c7, 0xa65a, 0xb6dd, 0xaedc, 0xaefd, 0xb6dd, 0xaefc, 0xb6dd, 0xaedc, 0xaedc, 0xaedc, 0xaedc, 0xaedc, 0xaedc, 0xaedc, 0xaedc, 
	0xaedc, 0xaedc, 0xaedc, 0xaedc, 0xaedc, 0xaedc, 0xaedc, 0xaedc, 0xaedc, 0xaedc, 0xaedc, 0xaedc, 0xaedc, 0xaedc, 0xaedc, 0xaedc, 
	0xaedc, 0xaedc, 0xaedc, 0xaedc, 0xaedc, 0xaedc, 0xaedc, 0xaedc, 0xaedc, 0xaedc, 0xaedc, 0xaedc, 0xaedc, 0xaedc, 0xaedc, 0xaedc, 
	0xaedc, 0xaedc, 0xaedc, 0xaedc, 0xaedc, 0xaedc, 0xaedc, 0xaedc, 0xaedc, 0xaedc, 0xaedc, 0xaedc, 0xaedc, 0xaedc, 0xaedc, 0xaedc, 
	0xaedc, 0xaedc, 0xaedc, 0xaedc, 0xaedc, 0xaedc, 0xaedc, 0xaedc, 0xaedc, 0xaedc, 0xaedc, 0xaedc, 0xaedc, 0xaedc, 0xaedc, 0xaedc, 
	0xaedc, 0xaedc, 0xaedc, 0xaedc, 0xaedc, 0xaedc, 0xaedc, 0xaedc, 0xaedc, 0xaedc, 0xaedc, 0xaedc, 0xaedc, 0xaedc, 0xaedc, 0xaedc, 
	0xaedc, 0xaedc, 0xaedc, 0xaedc, 0xaedc, 0xaedc, 0xaedc, 0xaedc, 0xaedc, 0xaedc, 0xaedc, 0xaedc, 0xaedc, 0xaedc, 0xaedc, 0xaedc, 
	0xaedc, 0xaedc, 0xaedc, 0xaedc, 0xaedc, 0xaedc, 0xaedc, 0xaedc, 0xaedc, 0xaedc, 0xaedc, 0xaedc, 0xaedc, 0xaedc, 0xaedc, 0xaedc, 
	0xaedc, 0xaedc, 0xaedc, 0xaedc, 0xaedc, 0xaedc, 0xaedc, 0xaedc, 0xaedc, 0xaedc, 0xaedc, 0xaedc, 0xaedc, 0xaedc, 0xaedc, 0xaedc, 
	0xaedc, 0xaedc, 0xaedc, 0xaedc, 0xaedc, 0xaedc, 0xaedc, 0xaedc, 0xaedc, 0xaedc, 0xaedc, 0xaedc, 0xaedc, 0xaedc, 0xaedc, 0xaedc, 
	0xaedc, 0xaedc, 0xaedc, 0xaedc, 0xaedc, 0xaedc, 0xaedc, 0xaedc, 0xaedc, 0xaedc, 0xaedc, 0xaedc, 0xaedc, 0xaedc, 0xaedc, 0xaedc, 
	0xaefd, 0xaedc, 0xaedc, 0xb6bc, 0x9598, 0x532d, 0x21a7, 0x1105, 0x1945, 0x1945, 0x1945, 0x1945, 0x1945, 0x1945, 0x1945, 0x1945, 
	0x1945, 0x1925, 0x1925, 0x1925, 0x1925, 0x1125, 0x29c7, 0x4acc, 0x9577, 0xb6bc, 0xaedd, 0xaedd, 0xaebc, 0xb6fd, 0xb6dd, 0xaedd, 
	0xaedc, 0xaedc, 0xaedc, 0xaedc, 0xaedc, 0xaedc, 0xaedc, 0xaedc, 0xaedc, 0xaedc, 0xaedc, 0xaedc, 0xaedc, 0xaedc, 0xaedc, 0xaedc, 
	0xaedc, 0xaedc, 0xaedc, 0xaedc, 0xaedc, 0xaedc, 0xaedc, 0xaedc, 0xaedd, 0xaedc, 0xaedc, 0xaedc, 0xaedd, 0xae9b, 0x3a8a, 0x0000, 
	0x0000, 0x0000, 0x0000, 0x0000, 0x4a4a, 0xad77, 0xc63a, 0xcebc, 0xce7b, 0xce9c, 0x8431, 0x0000, 0x0000, 0x0000, 0x0000, 0x0000, 
	0x29a7, 0xa65a, 0xb6dd, 0xaedc, 0xaedd, 0xaebc, 0xaedc, 0xaedd, 0xaedc, 0xaedc, 0xaedc, 0xaedc, 0xaedc, 0xaedc, 0xaedc, 0xaedc, 
	0xaedc, 0xaedc, 0xaedc, 0xaedc, 0xaedc, 0xaedc, 0xaedc, 0xaedc, 0xaedc, 0xaedc, 0xaedc, 0xaedc, 0xaedc, 0xaedc, 0xaedc, 0xaedc, 
	0xaedc, 0xaedc, 0xaedc, 0xaedc, 0xaedc, 0xaedc, 0xaedc, 0xaedc, 0xaedc, 0xaedc, 0xaedc, 0xaedc, 0xaedc, 0xaedc, 0xaedc, 0xaedc, 
	0xaedc, 0xaedc, 0xaedc, 0xaedc, 0xaedc, 0xaedc, 0xaedc, 0xaedc, 0xaedc, 0xaedc, 0xaedc, 0xaedc, 0xaedc, 0xaedc, 0xaedc, 0xaedc, 
	0xaedc, 0xaedc, 0xaedc, 0xaedc, 0xaedc, 0xaedc, 0xaedc, 0xaedc, 0xaedc, 0xaedc, 0xaedc, 0xaedc, 0xaedc, 0xaedc, 0xaedc, 0xaedc, 
	0xaedc, 0xaedc, 0xaedc, 0xaedc, 0xaedc, 0xaedc, 0xaedc, 0xaedc, 0xaedc, 0xaedc, 0xaedc, 0xaedc, 0xaedc, 0xaedc, 0xaedc, 0xaedc, 
	0xaedc, 0xaedc, 0xaedc, 0xaedc, 0xaedc, 0xaedc, 0xaedc, 0xaedc, 0xaedc, 0xaedc, 0xaedc, 0xaedc, 0xaedc, 0xaedc, 0xaedc, 0xaedc, 
	0xaedc, 0xaedc, 0xaedc, 0xaedc, 0xaedc, 0xaedc, 0xaedc, 0xaedc, 0xaedc, 0xaedc, 0xaedc, 0xaedc, 0xaedc, 0xaedc, 0xaedc, 0xaedc, 
	0xaedc, 0xaedc, 0xaedc, 0xaedc, 0xaedc, 0xaedc, 0xaedc, 0xaedc, 0xaedc, 0xaedc, 0xaedc, 0xaedc, 0xaedc, 0xaedc, 0xaedc, 0xaedc, 
	0xaedc, 0xaedc, 0xaedc, 0xaedc, 0xaedc, 0xaedc, 0xaedc, 0xaedc, 0xaedc, 0xaedc, 0xaedc, 0xaedc, 0xaedc, 0xaedc, 0xaedc, 0xaedc, 
	0xaedc, 0xaedc, 0xaedc, 0xaedc, 0xaedc, 0xaedc, 0xaedc, 0xaedc, 0xaedc, 0xaedc, 0xaedc, 0xaedc, 0xaedc, 0xaedc, 0xaedc, 0xaedc, 
	0xaedc, 0xaefd, 0xaedc, 0xaebc, 0xb6bc, 0xa63a, 0x9df9, 0xa619, 0x9df9, 0x9df9, 0x9df9, 0x9df8, 0x9df8, 0x9df8, 0x9e19, 0x9e19, 
	0x9e19, 0x9e19, 0x95f8, 0x9e19, 0x9e39, 0x95f8, 0x95f8, 0xa67a, 0xaebb, 0xb6dd, 0xaedd, 0xb6fd, 0xaedc, 0xaebc, 0xaebc, 0xb6dd, 
	0xaedc, 0xaedc, 0xaedc, 0xaedc, 0xaedc, 0xaedc, 0xaedc, 0xaedc, 0xaedc, 0xaedc, 0xaedc, 0xaedc, 0xaedc, 0xaedc, 0xaedc, 0xaedc, 
	0xaedc, 0xaedc, 0xaedc, 0xaedc, 0xaedc, 0xaedc, 0xaedc, 0xaedc, 0xaedd, 0xaedc, 0xaedc, 0xaedc, 0xb6dd, 0xaebb, 0x3a8b, 0x0000, 
	0x0000, 0x0000, 0x0000, 0x0000, 0x52ac, 0xbe19, 0xce9c, 0xce9c, 0xce9c, 0xd69c, 0x8432, 0x0021, 0x0000, 0x0000, 0x0000, 0x0000, 
	0x29c7, 0xa67b, 0xb6dd, 0xaedc, 0xaefd, 0xb6dd, 0xaedc, 0xaedd, 0xaedc, 0xaedc, 0xaedc, 0xaedc, 0xaedc, 0xaedc, 0xaedc, 0xaedc, 
	0xaedc, 0xaedc, 0xaedc, 0xaedc, 0xaedc, 0xaedc, 0xaedc, 0xaedc, 0xaedc, 0xaedc, 0xaedc, 0xaedc, 0xaedc, 0xaedc, 0xaedc, 0xaedc, 
	0xaedc, 0xaedc, 0xaedc, 0xaedc, 0xaedc, 0xaedc, 0xaedc, 0xaedc, 0xaedc, 0xaedc, 0xaedc, 0xaedc, 0xaedc, 0xaedc, 0xaedc, 0xaedc, 
	0xaedc, 0xaedc, 0xaedc, 0xaedc, 0xaedc, 0xaedc, 0xaedc, 0xaedc, 0xaedc, 0xaedc, 0xaedc, 0xaedc, 0xaedc, 0xaedc, 0xaedc, 0xaedc, 
	0xaedc, 0xaedc, 0xaedc, 0xaedc, 0xaedc, 0xaedc, 0xaedc, 0xaedc, 0xaedc, 0xaedc, 0xaedc, 0xaedc, 0xaedc, 0xaedc, 0xaedc, 0xaedc, 
	0xaedc, 0xaedc, 0xaedc, 0xaedc, 0xaedc, 0xaedc, 0xaedc, 0xaedc, 0xaedc, 0xaedc, 0xaedc, 0xaedc, 0xaedc, 0xaedc, 0xaedc, 0xaedc, 
	0xaedc, 0xaedc, 0xaedc, 0xaedc, 0xaedc, 0xaedc, 0xaedc, 0xaedc, 0xaedc, 0xaedc, 0xaedc, 0xaedc, 0xaedc, 0xaedc, 0xaedc, 0xaedc, 
	0xaedc, 0xaedc, 0xaedc, 0xaedc, 0xaedc, 0xaedc, 0xaedc, 0xaedc, 0xaedc, 0xaedc, 0xaedc, 0xaedc, 0xaedc, 0xaedc, 0xaedc, 0xaedc, 
	0xaedc, 0xaedc, 0xaedc, 0xaedc, 0xaedc, 0xaedc, 0xaedc, 0xaedc, 0xaedc, 0xaedc, 0xaedc, 0xaedc, 0xaedc, 0xaedc, 0xaedc, 0xaedc, 
	0xaedc, 0xaedc, 0xaedc, 0xaedc, 0xaedc, 0xaedc, 0xaedc, 0xaedc, 0xaedc, 0xaedc, 0xaedc, 0xaedc, 0xaedc, 0xaedc, 0xaedc, 0xaedc, 
	0xaedc, 0xaedc, 0xaedc, 0xaedc, 0xaedc, 0xaedc, 0xaedc, 0xaedc, 0xaedc, 0xaedc, 0xaedc, 0xaedc, 0xaedc, 0xaedc, 0xaedc, 0xaedc, 
	0xb6dd, 0xaebc, 0xaedc, 0xaefd, 0xaedd, 0xb6fd, 0xaedd, 0xaedc, 0xaefd, 0xaefd, 0xaefd, 0xaefd, 0xaedd, 0xb6dd, 0xb6fd, 0xb6fd, 
	0xaedd, 0xb6fd, 0xaefd, 0xaedd, 0xb6fd, 0xaefd, 0xaedd, 0xaefd, 0xaefc, 0xaedc, 0xb6dd, 0xaebc, 0xaefc, 0xaefc, 0xaefc, 0xb6bd, 
	0xaedc, 0xaedc, 0xaedc, 0xaedc, 0xaedc, 0xaedc, 0xaedc, 0xaedc, 0xaedc, 0xaedc, 0xaedc, 0xaedc, 0xaedc, 0xaedc, 0xaedc, 0xaedc, 
	0xaedc, 0xaedc, 0xaedc, 0xaedc, 0xaedc, 0xaedc, 0xaedc, 0xaedc, 0xb6dd, 0xaedd, 0xaedc, 0xaedc, 0xb6dd, 0xae9b, 0x3a8a, 0x0000, 
	0x0000, 0x0000, 0x0000, 0x0000, 0x5aec, 0xc65a, 0xcebc, 0xce9c, 0xce9c, 0xce9b, 0x8431, 0x0021, 0x0000, 0x0000, 0x0000, 0x0000, 
	0x29c7, 0xa65a, 0xb6dd, 0xaedc, 0xaedd, 0xb6bd, 0xaedc, 0xaedd, 0xaedc, 0xaedc, 0xaedc, 0xaedc, 0xaedc, 0xaedc, 0xaedc, 0xaedc, 
	0xaedc, 0xaedc, 0xaedc, 0xaedc, 0xaedc, 0xaedc, 0xaedc, 0xaedc, 0xaedc, 0xaedc, 0xaedc, 0xaedc, 0xaedc, 0xaedc, 0xaedc, 0xaedc, 
	0xaedc, 0xaedc, 0xaedc, 0xaedc, 0xaedc, 0xaedc, 0xaedc, 0xaedc, 0xaedc, 0xaedc, 0xaedc, 0xaedc, 0xaedc, 0xaedc, 0xaedc, 0xaedc, 
	0xaedc, 0xaedc, 0xaedc, 0xaedc, 0xaedc, 0xaedc, 0xaedc, 0xaedc, 0xaedc, 0xaedc, 0xaedc, 0xaedc, 0xaedc, 0xaedc, 0xaedc, 0xaedc, 
	0xaedc, 0xaedc, 0xaedc, 0xaedc, 0xaedc, 0xaedc, 0xaedc, 0xaedc, 0xaedc, 0xaedc, 0xaedc, 0xaedc, 0xaedc, 0xaedc, 0xaedc, 0xaedc, 
	0xaedc, 0xaedc, 0xaedc, 0xaedc, 0xaedc, 0xaedc, 0xaedc, 0xaedc, 0xaedc, 0xaedc, 0xaedc, 0xaedc, 0xaedc, 0xaedc, 0xaedc, 0xaedc, 
	0xaedc, 0xaedc, 0xaedc, 0xaedc, 0xaedc, 0xaedc, 0xaedc, 0xaedc, 0xaedc, 0xaedc, 0xaedc, 0xaedc, 0xaedc, 0xaedc, 0xaedc, 0xaedc, 
	0xaedc, 0xaedc, 0xaedc, 0xaedc, 0xaedc, 0xaedc, 0xaedc, 0xaedc, 0xaedc, 0xaedc, 0xaedc, 0xaedc, 0xaedc, 0xaedc, 0xaedc, 0xaedc, 
	0xaedc, 0xaedc, 0xaedc, 0xaedc, 0xaedc, 0xaedc, 0xaedc, 0xaedc, 0xaedc, 0xaedc, 0xaedc, 0xaedc, 0xaedc, 0xaedc, 0xaedc, 0xaedc, 
	0xaedc, 0xaedc, 0xaedc, 0xaedc, 0xaedc, 0xaedc, 0xaedc, 0xaedc, 0xaedc, 0xaedc, 0xaedc, 0xaedc, 0xaedc, 0xaedc, 0xaedc, 0xaedc, 
	0xaedc, 0xaedc, 0xaedc, 0xaedc, 0xaedc, 0xaedc, 0xaedc, 0xaedc, 0xaedc, 0xaedc, 0xaedc, 0xaedc, 0xaedc, 0xaedc, 0xaedc, 0xaedc, 
	0xaedc, 0xaedc, 0xaedc, 0xaedc, 0xaedc, 0xaedc, 0xaedc, 0xaedc, 0xaedc, 0xaedc, 0xaedc, 0xaedc, 0xaedc, 0xaedc, 0xaedc, 0xaedc, 
	0xaedc, 0xaedc, 0xaedc, 0xaedc, 0xaedc, 0xaedc, 0xaedc, 0xaedc, 0xaedc, 0xaedc, 0xaedc, 0xaedc, 0xaedc, 0xaedc, 0xaedc, 0xaedc, 
	0xaedc, 0xaedc, 0xaedc, 0xaedc, 0xaedc, 0xaedc, 0xaedc, 0xaedc, 0xaedc, 0xaedc, 0xaedc, 0xaedc, 0xaedc, 0xaedc, 0xaedc, 0xaedc, 
	0xaedc, 0xb6fd, 0xaedd, 0xaedc, 0xaedc, 0xaedd, 0xaedc, 0xaedc, 0xaedc, 0xb6bc, 0xb6bd, 0xb6bd, 0xaedd, 0xaebb, 0x3a6a, 0x0000, 
	0x0000, 0x0000, 0x0000, 0x0000, 0x5b2d, 0xce7b, 0xce9c, 0xce9c, 0xce9c, 0xcebc, 0x8431, 0x0021, 0x0000, 0x0000, 0x0000, 0x0000, 
	0x29a7, 0xa65a, 0xaedd, 0xb6bc, 0xb6dc, 0xaebc, 0xaedc, 0xaefc, 0xaedc, 0xaedc, 0xaedc, 0xaedc, 0xaedc, 0xaedc, 0xaedc, 0xaedc, 
	0xaedc, 0xaedc, 0xaedc, 0xaedc, 0xaedc, 0xaedc, 0xaedc, 0xaedc, 0xaedc, 0xaedc, 0xaedc, 0xaedc, 0xaedc, 0xaedc, 0xaedc, 0xaedc, 
	0xaedc, 0xaedc, 0xaedc, 0xaedc, 0xaedc, 0xaedc, 0xaedc, 0xaedc, 0xaedc, 0xaedc, 0xaedc, 0xaedc, 0xaedc, 0xaedc, 0xaedc, 0xaedc, 
	0xaedc, 0xaedc, 0xaedc, 0xaedc, 0xaedc, 0xaedc, 0xaedc, 0xaedc, 0xaedc, 0xaedc, 0xaedc, 0xaedc, 0xaedc, 0xaedc, 0xaedc, 0xaedc, 
	0xaedc, 0xaedc, 0xaedc, 0xaedc, 0xaedc, 0xaedc, 0xaedc, 0xaedc, 0xaedc, 0xaedc, 0xaedc, 0xaedc, 0xaedc, 0xaedc, 0xaedc, 0xaedc, 
	0xaedc, 0xaedc, 0xaedc, 0xaedc, 0xaedc, 0xaedc, 0xaedc, 0xaedc, 0xaedc, 0xaedc, 0xaedc, 0xaedc, 0xaedc, 0xaedc, 0xaedc, 0xaedc, 
	0xaedc, 0xaedc, 0xaedc, 0xaedc, 0xaedc, 0xaedc, 0xaedc, 0xaedc, 0xaedc, 0xaedc, 0xaedc, 0xaedc, 0xaedc, 0xaedc, 0xaedc, 0xaedc, 
	0xaedc, 0xaedc, 0xaedc, 0xaedc, 0xaedc, 0xaedc, 0xaedc, 0xaedc, 0xaedc, 0xaedc, 0xaedc, 0xaedc, 0xaedc, 0xaedc, 0xaedc, 0xaedc, 
	0xaedc, 0xaedc, 0xaedc, 0xaedc, 0xaedc, 0xaedc, 0xaedc, 0xaedc, 0xaedc, 0xaedc, 0xaedc, 0xaedc, 0xaedc, 0xaedc, 0xaedc, 0xaedc, 
	0xaedc, 0xaedc, 0xaedc, 0xaedc, 0xaedc, 0xaedc, 0xaedc, 0xaedc, 0xaedc, 0xaedc, 0xaedc, 0xaedc, 0xaedc, 0xaedc, 0xaedc, 0xaedc, 
	0xaedc, 0xaedc, 0xaedc, 0xaedc, 0xaedc, 0xaedc, 0xaedc, 0xaedc, 0xaedc, 0xaedc, 0xaedc, 0xaedc, 0xaedc, 0xaedc, 0xaedc, 0xaedc, 
	0xaedc, 0xaedc, 0xaedc, 0xaedc, 0xaedc, 0xaedc, 0xaedc, 0xaedc, 0xaedc, 0xaedc, 0xaedc, 0xaedc, 0xaedc, 0xaedc, 0xaedc, 0xaedc, 
	0xaedc, 0xaedc, 0xaedc, 0xaedc, 0xaedc, 0xaedc, 0xaedc, 0xaedc, 0xaedc, 0xaedc, 0xaedc, 0xaedc, 0xaedc, 0xaedc, 0xaedc, 0xaedc, 
	0xaedc, 0xaedc, 0xaedc, 0xaedc, 0xaedc, 0xaedc, 0xaedc, 0xaedc, 0xaedc, 0xaedc, 0xaedc, 0xaedc, 0xaedc, 0xaedc, 0xaedc, 0xaedc, 
	0xaedc, 0xaedd, 0xaedd, 0xaedc, 0xaedc, 0xaedc, 0xaedc, 0xaedc, 0xaefd, 0xaedc, 0xaebc, 0xaefd, 0xa6fd, 0xaebb, 0x3a8a, 0x0000, 
	0x0000, 0x0000, 0x0000, 0x0000, 0x634e, 0xce9c, 0xce9c, 0xcebc, 0xcebc, 0xd6bc, 0x8431, 0x0021, 0x0000, 0x0000, 0x0000, 0x0000, 
	0x29c7, 0xa65a, 0xaefd, 0xb6fd, 0xaedc, 0xaedc, 0xb6fd, 0xaedc, 0xaedc, 0xaedc, 0xaedc, 0xaedc, 0xaedc, 0xaedc, 0xaedc, 0xaedc, 
	0xaedc, 0xaedc, 0xaedc, 0xaedc, 0xaedc, 0xaedc, 0xaedc, 0xaedc, 0xaedc, 0xaedc, 0xaedc, 0xaedc, 0xaedc, 0xaedc, 0xaedc, 0xaedc, 
	0xaedc, 0xaedc, 0xaedc, 0xaedc, 0xaedc, 0xaedc, 0xaedc, 0xaedc, 0xaedc, 0xaedc, 0xaedc, 0xaedc, 0xaedc, 0xaedc, 0xaedc, 0xaedc, 
	0xaedc, 0xaedc, 0xaedc, 0xaedc, 0xaedc, 0xaedc, 0xaedc, 0xaedc, 0xaedc, 0xaedc, 0xaedc, 0xaedc, 0xaedc, 0xaedc, 0xaedc, 0xaedc, 
	0xaedc, 0xaedc, 0xaedc, 0xaedc, 0xaedc, 0xaedc, 0xaedc, 0xaedc, 0xaedc, 0xaedc, 0xaedc, 0xaedc, 0xaedc, 0xaedc, 0xaedc, 0xaedc, 
	0xaedc, 0xaedc, 0xaedc, 0xaedc, 0xaedc, 0xaedc, 0xaedc, 0xaedc, 0xaedc, 0xaedc, 0xaedc, 0xaedc, 0xaedc, 0xaedc, 0xaedc, 0xaedc, 
	0xaedc, 0xaedc, 0xaedc, 0xaedc, 0xaedc, 0xaedc, 0xaedc, 0xaedc, 0xaedc, 0xaedc, 0xaedc, 0xaedc, 0xaedc, 0xaedc, 0xaedc, 0xaedc, 
	0xaedc, 0xaedc, 0xaedc, 0xaedc, 0xaedc, 0xaedc, 0xaedc, 0xaedc, 0xaedc, 0xaedc, 0xaedc, 0xaedc, 0xaedc, 0xaedc, 0xaedc, 0xaedc, 
	0xaedc, 0xaedc, 0xaedc, 0xaedc, 0xaedc, 0xaedc, 0xaedc, 0xaedc, 0xaedc, 0xaedc, 0xaedc, 0xaedc, 0xaedc, 0xaedc, 0xaedc, 0xaedc, 
	0xaedc, 0xaedc, 0xaedc, 0xaedc, 0xaedc, 0xaedc, 0xaedc, 0xaedc, 0xaedc, 0xaedc, 0xaedc, 0xaedc, 0xaedc, 0xaedc, 0xaedc, 0xaedc, 
	0xaedc, 0xaedc, 0xaedc, 0xaedc, 0xaedc, 0xaedc, 0xaedc, 0xaedc, 0xaedc, 0xaedc, 0xaedc, 0xaedc, 0xaedc, 0xaedc, 0xaedc, 0xaedc, 
	0xaedc, 0xaedc, 0xaedc, 0xaedc, 0xaedc, 0xaedc, 0xaedc, 0xaedc, 0xaedc, 0xaedc, 0xaedc, 0xaedc, 0xaedc, 0xaedc, 0xaedc, 0xaedc, 
	0xaedc, 0xaedc, 0xaedc, 0xaedc, 0xaedc, 0xaedc, 0xaedc, 0xaedc, 0xaedc, 0xaedc, 0xaedc, 0xaedc, 0xaedc, 0xaedc, 0xaedc, 0xaedc, 
	0xaedc, 0xaedc, 0xaedc, 0xaedc, 0xaedc, 0xaedc, 0xaedc, 0xaedc, 0xaedc, 0xaedc, 0xaedc, 0xaedc, 0xaedc, 0xaedc, 0xaedc, 0xaedc, 
	0xaedc, 0xaedc, 0xaedc, 0xaedd, 0xaedc, 0xaedc, 0xaedc, 0xaedc, 0xa6bc, 0xb6fd, 0xaedc, 0xaefd, 0xa6fc, 0xaebb, 0x428b, 0x0000, 
	0x0000, 0x0000, 0x0000, 0x0000, 0x634e, 0xd6bc, 0xce9c, 0xce9c, 0xce9b, 0xd6bb, 0x8431, 0x0021, 0x0000, 0x0000, 0x0000, 0x0000, 
	0x29c7, 0xa67a, 0xaedd, 0xaedc, 0xa6fc, 0xaedd, 0xb6bd, 0xaebc, 0xaedc, 0xaedc, 0xaedc, 0xaedc, 0xaedc, 0xaedc, 0xaedc, 0xaedc, 
	0xaedc, 0xaedc, 0xaedc, 0xaedc, 0xaedc, 0xaedc, 0xaedc, 0xaedc, 0xaedc, 0xaedc, 0xaedc, 0xaedc, 0xaedc, 0xaedc, 0xaedc, 0xaedc, 
	0xaedc, 0xaedc, 0xaedc, 0xaedc, 0xaedc, 0xaedc, 0xaedc, 0xaedc, 0xaedc, 0xaedc, 0xaedc, 0xaedc, 0xaedc, 0xaedc, 0xaedc, 0xaedc, 
	0xaedc, 0xaedc, 0xaedc, 0xaedc, 0xaedc, 0xaedc, 0xaedc, 0xaedc, 0xaedc, 0xaedc, 0xaedc, 0xaedc, 0xaedc, 0xaedc, 0xaedc, 0xaedc, 
	0xaedc, 0xaedc, 0xaedc, 0xaedc, 0xaedc, 0xaedc, 0xaedc, 0xaedc, 0xaedc, 0xaedc, 0xaedc, 0xaedc, 0xaedc, 0xaedc, 0xaedc, 0xaedc, 
	0xaedc, 0xaedc, 0xaedc, 0xaedc, 0xaedc, 0xaedc, 0xaedc, 0xaedc, 0xaedc, 0xaedc, 0xaedc, 0xaedc, 0xaedc, 0xaedc, 0xaedc, 0xaedc, 
	0xaedc, 0xaedc, 0xaedc, 0xaedc, 0xaedc, 0xaedc, 0xaedc, 0xaedc, 0xaedc, 0xaedc, 0xaedc, 0xaedc, 0xaedc, 0xaedc, 0xaedc, 0xaedc, 
	0xaedc, 0xaedc, 0xaedc, 0xaedc, 0xaedc, 0xaedc, 0xaedc, 0xaedc, 0xaedc, 0xaedc, 0xaedc, 0xaedc, 0xaedc, 0xaedc, 0xaedc, 0xaedc, 
	0xaedc, 0xaedc, 0xaedc, 0xaedc, 0xaedc, 0xaedc, 0xaedc, 0xaedc, 0xaedc, 0xaedc, 0xaedc, 0xaedc, 0xaedc, 0xaedc, 0xaedc, 0xaedc, 
	0xaedc, 0xaedc, 0xaedc, 0xaedc, 0xaedc, 0xaedc, 0xaedc, 0xaedc, 0xaedc, 0xaedc, 0xaedc, 0xaedc, 0xaedc, 0xaedc, 0xaedc, 0xaedc, 
	0xaedc, 0xaedc, 0xaedc, 0xaedc, 0xaedc, 0xaedc, 0xaedc, 0xaedc, 0xaedc, 0xaedc, 0xaedc, 0xaedc, 0xaedc, 0xaedc, 0xaedc, 0xaedc, 
	0xaedc, 0xaedc, 0xaedc, 0xaedc, 0xaedc, 0xaedc, 0xaedc, 0xaedc, 0xaedc, 0xaedc, 0xaedc, 0xaedc, 0xaedc, 0xaedc, 0xaedc, 0xaedc, 
	0xaedc, 0xaedc, 0xaedc, 0xaedc, 0xaedc, 0xaedc, 0xaedc, 0xaedc, 0xaedc, 0xaedc, 0xaedc, 0xaedc, 0xaedc, 0xaedc, 0xaedc, 0xaedc, 
	0xaedc, 0xaedc, 0xaedc, 0xaedc, 0xaedc, 0xaedc, 0xaedc, 0xaedc, 0xaedc, 0xaedc, 0xaedc, 0xaedc, 0xaedc, 0xaedc, 0xaedc, 0xaedc, 
	0xaedd, 0xaedc, 0xaedc, 0xaedd, 0xaedc, 0xaedc, 0xaedc, 0xaedc, 0xaedc, 0xb6dc, 0xa63a, 0x9e39, 0xa65a, 0x9df8, 0x3a4a, 0x0000, 
	0x0000, 0x0000, 0x0000, 0x0020, 0x5aec, 0xbdd8, 0xbdf9, 0xbdf9, 0xbe19, 0xbdf8, 0x73af, 0x0841, 0x0000, 0x0000, 0x0000, 0x0000, 
	0x2186, 0x9596, 0xa65a, 0xa63a, 0xa65a, 0xae9b, 0xb6dd, 0xaedd, 0xaedc, 0xaedc, 0xaedc, 0xaedc, 0xaedc, 0xaedc, 0xaedc, 0xaedc, 
	0xaedc, 0xaedc, 0xaedc, 0xaedc, 0xaedc, 0xaedc, 0xaedc, 0xaedc, 0xaedc, 0xaedc, 0xaedc, 0xaedc, 0xaedc, 0xaedc, 0xaedc, 0xaedc, 
	0xaedc, 0xaedc, 0xaedc, 0xaedc, 0xaedc, 0xaedc, 0xaedc, 0xaedc, 0xaedc, 0xaedc, 0xaedc, 0xaedc, 0xaedc, 0xaedc, 0xaedc, 0xaedc, 
	0xaedc, 0xaedc, 0xaedc, 0xaedc, 0xaedc, 0xaedc, 0xaedc, 0xaedc, 0xaedc, 0xaedc, 0xaedc, 0xaedc, 0xaedc, 0xaedc, 0xaedc, 0xaedc, 
	0xaedc, 0xaedc, 0xaedc, 0xaedc, 0xaedc, 0xaedc, 0xaedc, 0xaedc, 0xaedc, 0xaedc, 0xaedc, 0xaedc, 0xaedc, 0xaedc, 0xaedc, 0xaedc, 
	0xaedc, 0xaedc, 0xaedc, 0xaedc, 0xaedc, 0xaedc, 0xaedc, 0xaedc, 0xaedc, 0xaedc, 0xaedc, 0xaedc, 0xaedc, 0xaedc, 0xaedc, 0xaedc, 
	0xaedc, 0xaedc, 0xaedc, 0xaedc, 0xaedc, 0xaedc, 0xaedc, 0xaedc, 0xaedc, 0xaedc, 0xaedc, 0xaedc, 0xaedc, 0xaedc, 0xaedc, 0xaedc, 
	0xaedc, 0xaedc, 0xaedc, 0xaedc, 0xaedc, 0xaedc, 0xaedc, 0xaedc, 0xaedc, 0xaedc, 0xaedc, 0xaedc, 0xaedc, 0xaedc, 0xaedc, 0xaedc, 
	0xaedc, 0xaedc, 0xaedc, 0xaedc, 0xaedc, 0xaedc, 0xaedc, 0xaedc, 0xaedc, 0xaedc, 0xaedc, 0xaedc, 0xaedc, 0xaedc, 0xaedc, 0xaedc, 
	0xaedc, 0xaedc, 0xaedc, 0xaedc, 0xaedc, 0xaedc, 0xaedc, 0xaedc, 0xaedc, 0xaedc, 0xaedc, 0xaedc, 0xaedc, 0xaedc, 0xaedc, 0xaedc, 
	0xaedc, 0xaedc, 0xaedc, 0xaedc, 0xaedc, 0xaedc, 0xaedc, 0xaedc, 0xaedc, 0xaedc, 0xaedc, 0xaedc, 0xaedc, 0xaedc, 0xaedc, 0xaedc, 
	0xaedc, 0xaedc, 0xaedc, 0xaedc, 0xaedc, 0xaedc, 0xaedc, 0xaedc, 0xaedc, 0xaedc, 0xaedc, 0xaedc, 0xaedc, 0xaedc, 0xaedc, 0xaedc, 
	0xaedc, 0xaedc, 0xaedc, 0xaedc, 0xaedc, 0xaedc, 0xaedc, 0xaedc, 0xaedc, 0xaedc, 0xaedc, 0xaedc, 0xaedc, 0xaedc, 0xaedc, 0xaedc, 
	0xaedc, 0xaedc, 0xaedc, 0xaedc, 0xaedc, 0xaedc, 0xaedc, 0xaedc, 0xaedc, 0xaedc, 0xaedc, 0xaedc, 0xaedc, 0xaedc, 0xaedc, 0xaedc, 
	0xb6fd, 0xaedc, 0xaedc, 0xaedd, 0xaedc, 0xaedc, 0xaedd, 0xaedc, 0xb6bb, 0x6c52, 0x324a, 0x2166, 0x2187, 0x2166, 0x0862, 0x0000, 
	0x0000, 0x0000, 0x0000, 0x0000, 0x10a3, 0x2966, 0x2966, 0x2966, 0x2966, 0x2966, 0x18e4, 0x0000, 0x0000, 0x0000, 0x0000, 0x0000, 
	0x0861, 0x2165, 0x2166, 0x2167, 0x3229, 0x63f0, 0xa619, 0xa6dc, 0xaedc, 0xaedc, 0xaedc, 0xaedc, 0xaedc, 0xaedc, 0xaedc, 0xaedc, 
	0xaedc, 0xaedc, 0xaedc, 0xaedc, 0xaedc, 0xaedc, 0xaedc, 0xaedc, 0xaedc, 0xaedc, 0xaedc, 0xaedc, 0xaedc, 0xaedc, 0xaedc, 0xaedc, 
	0xaedc, 0xaedc, 0xaedc, 0xaedc, 0xaedc, 0xaedc, 0xaedc, 0xaedc, 0xaedc, 0xaedc, 0xaedc, 0xaedc, 0xaedc, 0xaedc, 0xaedc, 0xaedc, 
	0xaedc, 0xaedc, 0xaedc, 0xaedc, 0xaedc, 0xaedc, 0xaedc, 0xaedc, 0xaedc, 0xaedc, 0xaedc, 0xaedc, 0xaedc, 0xaedc, 0xaedc, 0xaedc, 
	0xaedc, 0xaedc, 0xaedc, 0xaedc, 0xaedc, 0xaedc, 0xaedc, 0xaedc, 0xaedc, 0xaedc, 0xaedc, 0xaedc, 0xaedc, 0xaedc, 0xaedc, 0xaedc, 
	0xaedc, 0xaedc, 0xaedc, 0xaedc, 0xaedc, 0xaedc, 0xaedc, 0xaedc, 0xaedc, 0xaedc, 0xaedc, 0xaedc, 0xaedc, 0xaedc, 0xaedc, 0xaedc, 
	0xaedc, 0xaedc, 0xaedc, 0xaedc, 0xaedc, 0xaedc, 0xaedc, 0xaedc, 0xaedc, 0xaedc, 0xaedc, 0xaedc, 0xaedc, 0xaedc, 0xaedc, 0xaedc, 
	0xaedc, 0xaedc, 0xaedc, 0xaedc, 0xaedc, 0xaedc, 0xaedc, 0xaedc, 0xaedc, 0xaedc, 0xaedc, 0xaedc, 0xaedc, 0xaedc, 0xaedc, 0xaedc, 
	0xaedc, 0xaedc, 0xaedc, 0xaedc, 0xaedc, 0xaedc, 0xaedc, 0xaedc, 0xaedc, 0xaedc, 0xaedc, 0xaedc, 0xaedc, 0xaedc, 0xaedc, 0xaedc, 
	0xaedc, 0xaedc, 0xaedc, 0xaedc, 0xaedc, 0xaedc, 0xaedc, 0xaedc, 0xaedc, 0xaedc, 0xaedc, 0xaedc, 0xaedc, 0xaedc, 0xaedc, 0xaedc, 
	0xaedc, 0xaedc, 0xaedc, 0xaedc, 0xaedc, 0xaedc, 0xaedc, 0xaedc, 0xaedc, 0xaedc, 0xaedc, 0xaedc, 0xaedc, 0xaedc, 0xaedc, 0xaedc, 
	0xaedc, 0xaedc, 0xaedc, 0xaedc, 0xaedc, 0xaedc, 0xaedc, 0xaedc, 0xaedc, 0xaedc, 0xaedc, 0xaedc, 0xaedc, 0xaedc, 0xaedc, 0xaedc, 
	0xaedc, 0xaedc, 0xaedc, 0xaedc, 0xaedc, 0xaedc, 0xaedc, 0xaedc, 0xaedc, 0xaedc, 0xaedc, 0xaedc, 0xaedc, 0xaedc, 0xaedc, 0xaedc, 
	0xaedc, 0xaedc, 0xaedc, 0xaedc, 0xaedc, 0xaedc, 0xaedc, 0xaedc, 0xaedc, 0xaedc, 0xaedc, 0xaedc, 0xaedc, 0xaedc, 0xaedc, 0xaedc, 
	0xb6fd, 0xaedc, 0xaedc, 0xaedd, 0xaedc, 0xaedd, 0xaedd, 0xaebc, 0x6c51, 0x1124, 0x0000, 0x0000, 0x0000, 0x0000, 0x0020, 0x0000, 
	0x0000, 0x0000, 0x0000, 0x0020, 0x0000, 0x0000, 0x0000, 0x0000, 0x0000, 0x0000, 0x0000, 0x0000, 0x0000, 0x0000, 0x0000, 0x0000, 
	0x0000, 0x0000, 0x0000, 0x0000, 0x0000, 0x10e3, 0x63cf, 0xa6bb, 0xaedc, 0xaedc, 0xaedc, 0xaedc, 0xaedc, 0xaedc, 0xaedc, 0xaedc, 
	0xaedc, 0xaedc, 0xaedc, 0xaedc, 0xaedc, 0xaedc, 0xaedc, 0xaedc, 0xaedc, 0xaedc, 0xaedc, 0xaedc, 0xaedc, 0xaedc, 0xaedc, 0xaedc, 
	0xaedc, 0xaedc, 0xaedc, 0xaedc, 0xaedc, 0xaedc, 0xaedc, 0xaedc, 0xaedc, 0xaedc, 0xaedc, 0xaedc, 0xaedc, 0xaedc, 0xaedc, 0xaedc, 
	0xaedc, 0xaedc, 0xaedc, 0xaedc, 0xaedc, 0xaedc, 0xaedc, 0xaedc, 0xaedc, 0xaedc, 0xaedc, 0xaedc, 0xaedc, 0xaedc, 0xaedc, 0xaedc, 
	0xaedc, 0xaedc, 0xaedc, 0xaedc, 0xaedc, 0xaedc, 0xaedc, 0xaedc, 0xaedc, 0xaedc, 0xaedc, 0xaedc, 0xaedc, 0xaedc, 0xaedc, 0xaedc, 
	0xaedc, 0xaedc, 0xaedc, 0xaedc, 0xaedc, 0xaedc, 0xaedc, 0xaedc, 0xaedc, 0xaedc, 0xaedc, 0xaedc, 0xaedc, 0xaedc, 0xaedc, 0xaedc, 
	0xaedc, 0xaedc, 0xaedc, 0xaedc, 0xaedc, 0xaedc, 0xaedc, 0xaedc, 0xaedc, 0xaedc, 0xaedc, 0xaedc, 0xaedc, 0xaedc, 0xaedc, 0xaedc, 
	0xaedc, 0xaedc, 0xaedc, 0xaedc, 0xaedc, 0xaedc, 0xaedc, 0xaedc, 0xaedc, 0xaedc, 0xaedc, 0xaedc, 0xaedc, 0xaedc, 0xaedc, 0xaedc, 
	0xaedc, 0xaedc, 0xaedc, 0xaedc, 0xaedc, 0xaedc, 0xaedc, 0xaedc, 0xaedc, 0xaedc, 0xaedc, 0xaedc, 0xaedc, 0xaedc, 0xaedc, 0xaedc, 
	0xaedc, 0xaedc, 0xaedc, 0xaedc, 0xaedc, 0xaedc, 0xaedc, 0xaedc, 0xaedc, 0xaedc, 0xaedc, 0xaedc, 0xaedc, 0xaedc, 0xaedc, 0xaedc, 
	0xaedc, 0xaedc, 0xaedc, 0xaedc, 0xaedc, 0xaedc, 0xaedc, 0xaedc, 0xaedc, 0xaedc, 0xaedc, 0xaedc, 0xaedc, 0xaedc, 0xaedc, 0xaedc, 
	0xaedc, 0xaedc, 0xaedc, 0xaedc, 0xaedc, 0xaedc, 0xaedc, 0xaedc, 0xaedc, 0xaedc, 0xaedc, 0xaedc, 0xaedc, 0xaedc, 0xaedc, 0xaedc, 
	0xaedc, 0xaedc, 0xaedc, 0xaedc, 0xaedc, 0xaedc, 0xaedc, 0xaedc, 0xaedc, 0xaedc, 0xaedc, 0xaedc, 0xaedc, 0xaedc, 0xaedc, 0xaedc, 
	0xaedc, 0xaedc, 0xaedc, 0xaedc, 0xaedc, 0xaedc, 0xaedc, 0xaedc, 0xaedc, 0xaedc, 0xaedc, 0xaedc, 0xaedc, 0xaedc, 0xaedc, 0xaedc, 
	0xaedd, 0xaedc, 0xaedd, 0xaedd, 0xaedc, 0xaedd, 0xaedc, 0xa67b, 0x428a, 0x0020, 0x0000, 0x0000, 0x0000, 0x0000, 0x0000, 0x0000, 
	0x0000, 0x0000, 0x0000, 0x0000, 0x0000, 0x0000, 0x0000, 0x0000, 0x0000, 0x0000, 0x0020, 0x0000, 0x0000, 0x0000, 0x0000, 0x0000, 
	0x0000, 0x0000, 0x0000, 0x0000, 0x0000, 0x0000, 0x29a7, 0x9e19, 0xaedc, 0xaedc, 0xaedc, 0xaedc, 0xaedc, 0xaedc, 0xaedc, 0xaedc, 
	0xaedc, 0xaedc, 0xaedc, 0xaedc, 0xaedc, 0xaedc, 0xaedc, 0xaedc, 0xaedc, 0xaedc, 0xaedc, 0xaedc, 0xaedc, 0xaedc, 0xaedc, 0xaedc, 
	0xaedc, 0xaedc, 0xaedc, 0xaedc, 0xaedc, 0xaedc, 0xaedc, 0xaedc, 0xaedc, 0xaedc, 0xaedc, 0xaedc, 0xaedc, 0xaedc, 0xaedc, 0xaedc, 
	0xaedc, 0xaedc, 0xaedc, 0xaedc, 0xaedc, 0xaedc, 0xaedc, 0xaedc, 0xaedc, 0xaedc, 0xaedc, 0xaedc, 0xaedc, 0xaedc, 0xaedc, 0xaedc, 
	0xaedc, 0xaedc, 0xaedc, 0xaedc, 0xaedc, 0xaedc, 0xaedc, 0xaedc, 0xaedc, 0xaedc, 0xaedc, 0xaedc, 0xaedc, 0xaedc, 0xaedc, 0xaedc, 
	0xaedc, 0xaedc, 0xaedc, 0xaedc, 0xaedc, 0xaedc, 0xaedc, 0xaedc, 0xaedc, 0xaedc, 0xaedc, 0xaedc, 0xaedc, 0xaedc, 0xaedc, 0xaedc, 
	0xaedc, 0xaedc, 0xaedc, 0xaedc, 0xaedc, 0xaedc, 0xaedc, 0xaedc, 0xaedc, 0xaedc, 0xaedc, 0xaedc, 0xaedc, 0xaedc, 0xaedc, 0xaedc, 
	0xaedc, 0xaedc, 0xaedc, 0xaedc, 0xaedc, 0xaedc, 0xaedc, 0xaedc, 0xaedc, 0xaedc, 0xaedc, 0xaedc, 0xaedc, 0xaedc, 0xaedc, 0xaedc, 
	0xaedc, 0xaedc, 0xaedc, 0xaedc, 0xaedc, 0xaedc, 0xaedc, 0xaedc, 0xaedc, 0xaedc, 0xaedc, 0xaedc, 0xaedc, 0xaedc, 0xaedc, 0xaedc, 
	0xaedc, 0xaedc, 0xaedc, 0xaedc, 0xaedc, 0xaedc, 0xaedc, 0xaedc, 0xaedc, 0xaedc, 0xaedc, 0xaedc, 0xaedc, 0xaedc, 0xaedc, 0xaedc, 
	0xaedc, 0xaedc, 0xaedc, 0xaedc, 0xaedc, 0xaedc, 0xaedc, 0xaedc, 0xaedc, 0xaedc, 0xaedc, 0xaedc, 0xaedc, 0xaedc, 0xaedc, 0xaedc, 
	0xaedc, 0xaedc, 0xaedc, 0xaedc, 0xaedc, 0xaedc, 0xaedc, 0xaedc, 0xaedc, 0xaedc, 0xaedc, 0xaedc, 0xaedc, 0xaedc, 0xaedc, 0xaedc, 
	0xaedc, 0xaedc, 0xaedc, 0xaedc, 0xaedc, 0xaedc, 0xaedc, 0xaedc, 0xaedc, 0xaedc, 0xaedc, 0xaedc, 0xaedc, 0xaedc, 0xaedc, 0xaedc, 
	0xaedc, 0xaedc, 0xaedc, 0xaedc, 0xaedc, 0xaedc, 0xaedc, 0xaedc, 0xaedc, 0xaedc, 0xaedc, 0xaedc, 0xaedc, 0xaedc, 0xaedc, 0xaedc, 
	0xaedd, 0xaedc, 0xb6fd, 0xaedd, 0xaedc, 0xb6fd, 0xaedc, 0x9e5b, 0x2987, 0x0000, 0x0000, 0x0000, 0x0000, 0x0000, 0x0000, 0x0000, 
	0x0000, 0x0000, 0x0000, 0x0000, 0x0000, 0x0000, 0x0000, 0x0000, 0x0000, 0x0000, 0x0000, 0x0000, 0x0000, 0x0000, 0x0000, 0x0000, 
	0x0000, 0x0000, 0x0000, 0x0000, 0x0020, 0x0000, 0x1904, 0x9dd9, 0xaedc, 0xaedc, 0xaedc, 0xaedc, 0xaedc, 0xaedc, 0xaedc, 0xaedc, 
	0xaedc, 0xaedc, 0xaedc, 0xaedc, 0xaedc, 0xaedc, 0xaedc, 0xaedc, 0xaedc, 0xaedc, 0xaedc, 0xaedc, 0xaedc, 0xaedc, 0xaedc, 0xaedc, 
	0xaedc, 0xaedc, 0xaedc, 0xaedc, 0xaedc, 0xaedc, 0xaedc, 0xaedc, 0xaedc, 0xaedc, 0xaedc, 0xaedc, 0xaedc, 0xaedc, 0xaedc, 0xaedc, 
	0xaedc, 0xaedc, 0xaedc, 0xaedc, 0xaedc, 0xaedc, 0xaedc, 0xaedc, 0xaedc, 0xaedc, 0xaedc, 0xaedc, 0xaedc, 0xaedc, 0xaedc, 0xaedc, 
	0xaedc, 0xaedc, 0xaedc, 0xaedc, 0xaedc, 0xaedc, 0xaedc, 0xaedc, 0xaedc, 0xaedc, 0xaedc, 0xaedc, 0xaedc, 0xaedc, 0xaedc, 0xaedc, 
	0xaedc, 0xaedc, 0xaedc, 0xaedc, 0xaedc, 0xaedc, 0xaedc, 0xaedc, 0xaedc, 0xaedc, 0xaedc, 0xaedc, 0xaedc, 0xaedc, 0xaedc, 0xaedc, 
	0xaedc, 0xaedc, 0xaedc, 0xaedc, 0xaedc, 0xaedc, 0xaedc, 0xaedc, 0xaedc, 0xaedc, 0xaedc, 0xaedc, 0xaedc, 0xaedc, 0xaedc, 0xaedc, 
	0xaedc, 0xaedc, 0xaedc, 0xaedc, 0xaedc, 0xaedc, 0xaedc, 0xaedc, 0xaedc, 0xaedc, 0xaedc, 0xaedc, 0xaedc, 0xaedc, 0xaedc, 0xaedc, 
	0xaedc, 0xaedc, 0xaedc, 0xaedc, 0xaedc, 0xaedc, 0xaedc, 0xaedc, 0xaedc, 0xaedc, 0xaedc, 0xaedc, 0xaedc, 0xaedc, 0xaedc, 0xaedc, 
	0xaedc, 0xaedc, 0xaedc, 0xaedc, 0xaedc, 0xaedc, 0xaedc, 0xaedc, 0xaedc, 0xaedc, 0xaedc, 0xaedc, 0xaedc, 0xaedc, 0xaedc, 0xaedc, 
	0xaedc, 0xaedc, 0xaedc, 0xaedc, 0xaedc, 0xaedc, 0xaedc, 0xaedc, 0xaedc, 0xaedc, 0xaedc, 0xaedc, 0xaedc, 0xaedc, 0xaedc, 0xaedc, 
	0xaedc, 0xaedc, 0xaedc, 0xaedc, 0xaedc, 0xaedc, 0xaedc, 0xaedc, 0xaedc, 0xaedc, 0xaedc, 0xaedc, 0xaedc, 0xaedc, 0xaedc, 0xaedc, 
	0xaedc, 0xaedc, 0xaedc, 0xaedc, 0xaedc, 0xaedc, 0xaedc, 0xaedc, 0xaedc, 0xaedc, 0xaedc, 0xaedc, 0xaedc, 0xaedc, 0xaedc, 0xaedc, 
	0xaedc, 0xaedc, 0xaedc, 0xaedc, 0xaedc, 0xaedc, 0xaedc, 0xaedc, 0xaedc, 0xaedc, 0xaedc, 0xaedc, 0xaedc, 0xaedc, 0xaedc, 0xaedc, 
	0xaedd, 0xaedc, 0xaedd, 0xaedc, 0xaedd, 0xaedc, 0xb6dd, 0xa65a, 0x29a6, 0x0000, 0x0000, 0x0000, 0x0000, 0x0020, 0x0000, 0x0000, 
	0x0000, 0x0000, 0x0000, 0x0000, 0x0000, 0x0000, 0x0000, 0x0000, 0x0000, 0x0000, 0x0000, 0x0000, 0x0000, 0x0000, 0x0000, 0x0000, 
	0x0000, 0x0020, 0x0000, 0x0000, 0x0020, 0x0000, 0x10e4, 0x9df8, 0xb6fd, 0xaedc, 0xaedc, 0xaedc, 0xaedc, 0xaedc, 0xaedc, 0xaedc, 
	0xaedc, 0xaedc, 0xaedc, 0xaedc, 0xaedc, 0xaedc, 0xaedc, 0xaedc, 0xaedc, 0xaedc, 0xaedc, 0xaedc, 0xaedc, 0xaedc, 0xaedc, 0xaedc, 
	0xaedc, 0xaedc, 0xaedc, 0xaedc, 0xaedc, 0xaedc, 0xaedc, 0xaedc, 0xaedc, 0xaedc, 0xaedc, 0xaedc, 0xaedc, 0xaedc, 0xaedc, 0xaedc, 
	0xaedc, 0xaedc, 0xaedc, 0xaedc, 0xaedc, 0xaedc, 0xaedc, 0xaedc, 0xaedc, 0xaedc, 0xaedc, 0xaedc, 0xaedc, 0xaedc, 0xaedc, 0xaedc, 
	0xaedc, 0xaedc, 0xaedc, 0xaedc, 0xaedc, 0xaedc, 0xaedc, 0xaedc, 0xaedc, 0xaedc, 0xaedc, 0xaedc, 0xaedc, 0xaedc, 0xaedc, 0xaedc, 
	0xaedc, 0xaedc, 0xaedc, 0xaedc, 0xaedc, 0xaedc, 0xaedc, 0xaedc, 0xaedc, 0xaedc, 0xaedc, 0xaedc, 0xaedc, 0xaedc, 0xaedc, 0xaedc, 
	0xaedc, 0xaedc, 0xaedc, 0xaedc, 0xaedc, 0xaedc, 0xaedc, 0xaedc, 0xaedc, 0xaedc, 0xaedc, 0xaedc, 0xaedc, 0xaedc, 0xaedc, 0xaedc, 
	0xaedc, 0xaedc, 0xaedc, 0xaedc, 0xaedc, 0xaedc, 0xaedc, 0xaedc, 0xaedc, 0xaedc, 0xaedc, 0xaedc, 0xaedc, 0xaedc, 0xaedc, 0xaedc, 
	0xaedc, 0xaedc, 0xaedc, 0xaedc, 0xaedc, 0xaedc, 0xaedc, 0xaedc, 0xaedc, 0xaedc, 0xaedc, 0xaedc, 0xaedc, 0xaedc, 0xaedc, 0xaedc, 
	0xaedc, 0xaedc, 0xaedc, 0xaedc, 0xaedc, 0xaedc, 0xaedc, 0xaedc, 0xaedc, 0xaedc, 0xaedc, 0xaedc, 0xaedc, 0xaedc, 0xaedc, 0xaedc, 
	0xaedc, 0xaedc, 0xaedc, 0xaedc, 0xaedc, 0xaedc, 0xaedc, 0xaedc, 0xaedc, 0xaedc, 0xaedc, 0xaedc, 0xaedc, 0xaedc, 0xaedc, 0xaedc, 
	0xaedc, 0xaedc, 0xaedc, 0xaedc, 0xaedc, 0xaedc, 0xaedc, 0xaedc, 0xaedc, 0xaedc, 0xaedc, 0xaedc, 0xaedc, 0xaedc, 0xaedc, 0xaedc, 
	0xaedc, 0xaedc, 0xaedc, 0xaedc, 0xaedc, 0xaedc, 0xaedc, 0xaedc, 0xaedc, 0xaedc, 0xaedc, 0xaedc, 0xaedc, 0xaedc, 0xaedc, 0xaedc, 
	0xaedc, 0xaedc, 0xaedc, 0xaedc, 0xaedc, 0xaedc, 0xaedc, 0xaedc, 0xaedc, 0xaedc, 0xaedc, 0xaedc, 0xaedc, 0xaedc, 0xaedc, 0xaedc, 
	0xaedd, 0xaedc, 0xaedd, 0xaedc, 0xaedd, 0xaedc, 0xb6dd, 0xa65a, 0x29c7, 0x0000, 0x0000, 0x0000, 0x0000, 0x0000, 0x0021, 0x0841, 
	0x0041, 0x0041, 0x0021, 0x0021, 0x0821, 0x0841, 0x0841, 0x0841, 0x0841, 0x0841, 0x0841, 0x0841, 0x0841, 0x0841, 0x0841, 0x0841, 
	0x0841, 0x0000, 0x0020, 0x0000, 0x0000, 0x0000, 0x1905, 0x95d8, 0xb6fd, 0xaedc, 0xaedc, 0xaedc, 0xaedc, 0xaedc, 0xaedc, 0xaedc, 
	0xaedc, 0xaedc, 0xaedc, 0xaedc, 0xaedc, 0xaedc, 0xaedc, 0xaedc, 0xaedc, 0xaedc, 0xaedc, 0xaedc, 0xaedc, 0xaedc, 0xaedc, 0xaedc, 
	0xaedc, 0xaedc, 0xaedc, 0xaedc, 0xaedc, 0xaedc, 0xaedc, 0xaedc, 0xaedc, 0xaedc, 0xaedc, 0xaedc, 0xaedc, 0xaedc, 0xaedc, 0xaedc, 
	0xaedc, 0xaedc, 0xaedc, 0xaedc, 0xaedc, 0xaedc, 0xaedc, 0xaedc, 0xaedc, 0xaedc, 0xaedc, 0xaedc, 0xaedc, 0xaedc, 0xaedc, 0xaedc, 
	0xaedc, 0xaedc, 0xaedc, 0xaedc, 0xaedc, 0xaedc, 0xaedc, 0xaedc, 0xaedc, 0xaedc, 0xaedc, 0xaedc, 0xaedc, 0xaedc, 0xaedc, 0xaedc, 
	0xaedc, 0xaedc, 0xaedc, 0xaedc, 0xaedc, 0xaedc, 0xaedc, 0xaedc, 0xaedc, 0xaedc, 0xaedc, 0xaedc, 0xaedc, 0xaedc, 0xaedc, 0xaedc, 
	0xaedc, 0xaedc, 0xaedc, 0xaedc, 0xaedc, 0xaedc, 0xaedc, 0xaedc, 0xaedc, 0xaedc, 0xaedc, 0xaedc, 0xaedc, 0xaedc, 0xaedc, 0xaedc, 
	0xaedc, 0xaedc, 0xaedc, 0xaedc, 0xaedc, 0xaedc, 0xaedc, 0xaedc, 0xaedc, 0xaedc, 0xaedc, 0xaedc, 0xaedc, 0xaedc, 0xaedc, 0xaedc, 
	0xaedc, 0xaedc, 0xaedc, 0xaedc, 0xaedc, 0xaedc, 0xaedc, 0xaedc, 0xaedc, 0xaedc, 0xaedc, 0xaedc, 0xaedc, 0xaedc, 0xaedc, 0xaedc, 
	0xaedc, 0xaedc, 0xaedc, 0xaedc, 0xaedc, 0xaedc, 0xaedc, 0xaedc, 0xaedc, 0xaedc, 0xaedc, 0xaedc, 0xaedc, 0xaedc, 0xaedc, 0xaedc, 
	0xaedc, 0xaedc, 0xaedc, 0xaedc, 0xaedc, 0xaedc, 0xaedc, 0xaedc, 0xaedc, 0xaedc, 0xaedc, 0xaedc, 0xaedc, 0xaedc, 0xaedc, 0xaedc, 
	0xaedc, 0xaedc, 0xaedc, 0xaedc, 0xaedc, 0xaedc, 0xaedc, 0xaedc, 0xaedc, 0xaedc, 0xaedc, 0xaedc, 0xaedc, 0xaedc, 0xaedc, 0xaedc, 
	0xaedc, 0xaedc, 0xaedc, 0xaedc, 0xaedc, 0xaedc, 0xaedc, 0xaedc, 0xaedc, 0xaedc, 0xaedc, 0xaedc, 0xaedc, 0xaedc, 0xaedc, 0xaedc, 
	0xaedc, 0xaedc, 0xaedc, 0xaedc, 0xaedc, 0xaedc, 0xaedc, 0xaedc, 0xaedc, 0xaedc, 0xaedc, 0xaedc, 0xaedc, 0xaedc, 0xaedc, 0xaedc, 
	0xaedd, 0xaedc, 0xaedd, 0xaedc, 0xaedd, 0xaedc, 0xaedc, 0xa65a, 0x29a6, 0x0000, 0x0000, 0x0000, 0x0000, 0x0021, 0x526a, 0x8431, 
	0x8411, 0x8432, 0x8432, 0x8432, 0x8c73, 0x94b4, 0x9cd4, 0x94b3, 0x94d3, 0x94d3, 0x94d3, 0x94d3, 0x94d3, 0x94d3, 0x94d3, 0x94d3, 
	0x6b6e, 0x0861, 0x0000, 0x0000, 0x0000, 0x0000, 0x1925, 0x95b8, 0xb6fd, 0xaedc, 0xaedc, 0xaedc, 0xaedc, 0xaedc, 0xaedc, 0xaedc, 
	0xaedc, 0xaedc, 0xaedc, 0xaedc, 0xaedc, 0xaedc, 0xaedc, 0xaedc, 0xaedc, 0xaedc, 0xaedc, 0xaedc, 0xaedc, 0xaedc, 0xaedc, 0xaedc, 
	0xaedc, 0xaedc, 0xaedc, 0xaedc, 0xaedc, 0xaedc, 0xaedc, 0xaedc, 0xaedc, 0xaedc, 0xaedc, 0xaedc, 0xaedc, 0xaedc, 0xaedc, 0xaedc, 
	0xaedc, 0xaedc, 0xaedc, 0xaedc, 0xaedc, 0xaedc, 0xaedc, 0xaedc, 0xaedc, 0xaedc, 0xaedc, 0xaedc, 0xaedc, 0xaedc, 0xaedc, 0xaedc, 
	0xaedc, 0xaedc, 0xaedc, 0xaedc, 0xaedc, 0xaedc, 0xaedc, 0xaedc, 0xaedc, 0xaedc, 0xaedc, 0xaedc, 0xaedc, 0xaedc, 0xaedc, 0xaedc, 
	0xaedc, 0xaedc, 0xaedc, 0xaedc, 0xaedc, 0xaedc, 0xaedc, 0xaedc, 0xaedc, 0xaedc, 0xaedc, 0xaedc, 0xaedc, 0xaedc, 0xaedc, 0xaedc, 
	0xaedc, 0xaedc, 0xaedc, 0xaedc, 0xaedc, 0xaedc, 0xaedc, 0xaedc, 0xaedc, 0xaedc, 0xaedc, 0xaedc, 0xaedc, 0xaedc, 0xaedc, 0xaedc, 
	0xaedc, 0xaedc, 0xaedc, 0xaedc, 0xaedc, 0xaedc, 0xaedc, 0xaedc, 0xaedc, 0xaedc, 0xaedc, 0xaedc, 0xaedc, 0xaedc, 0xaedc, 0xaedc, 
	0xaedc, 0xaedc, 0xaedc, 0xaedc, 0xaedc, 0xaedc, 0xaedc, 0xaedc, 0xaedc, 0xaedc, 0xaedc, 0xaedc, 0xaedc, 0xaedc, 0xaedc, 0xaedc, 
	0xaedc, 0xaedc, 0xaedc, 0xaedc, 0xaedc, 0xaedc, 0xaedc, 0xaedc, 0xaedc, 0xaedc, 0xaedc, 0xaedc, 0xaedc, 0xaedc, 0xaedc, 0xaedc, 
	0xaedc, 0xaedc, 0xaedc, 0xaedc, 0xaedc, 0xaedc, 0xaedc, 0xaedc, 0xaedc, 0xaedc, 0xaedc, 0xaedc, 0xaedc, 0xaedc, 0xaedc, 0xaedc, 
	0xaedc, 0xaedc, 0xaedc, 0xaedc, 0xaedc, 0xaedc, 0xaedc, 0xaedc, 0xaedc, 0xaedc, 0xaedc, 0xaedc, 0xaedc, 0xaedc, 0xaedc, 0xaedc, 
	0xaedc, 0xaedc, 0xaedc, 0xaedc, 0xaedc, 0xaedc, 0xaedc, 0xaedc, 0xaedc, 0xaedc, 0xaedc, 0xaedc, 0xaedc, 0xaedc, 0xaedc, 0xaedc, 
	0xaedc, 0xaedc, 0xaedc, 0xaedc, 0xaedc, 0xaedc, 0xaedc, 0xaedc, 0xaedc, 0xaedc, 0xaedc, 0xaedc, 0xaedc, 0xaedc, 0xaedc, 0xaedc, 
	0xaedd, 0xaedc, 0xaedd, 0xaedc, 0xaedd, 0xaedc, 0xb6dd, 0xa65a, 0x29a6, 0x0000, 0x0000, 0x0000, 0x0000, 0x0841, 0x7bd0, 0xc65a, 
	0xbe1a, 0xc63a, 0xc63a, 0xc63a, 0xce7b, 0xdf1d, 0xe75e, 0xe73d, 0xe73d, 0xe73d, 0xe73d, 0xdf1d, 0xdf1d, 0xe73d, 0xe73d, 0xe73d, 
	0xad56, 0x0882, 0x0000, 0x0000, 0x0000, 0x0000, 0x1104, 0x9df8, 0xb6fd, 0xaedc, 0xaedc, 0xaedc, 0xaedc, 0xaedc, 0xaedc, 0xaedc, 
	0xaedc, 0xaedc, 0xaedc, 0xaedc, 0xaedc, 0xaedc, 0xaedc, 0xaedc, 0xaedc, 0xaedc, 0xaedc, 0xaedc, 0xaedc, 0xaedc, 0xaedc, 0xaedc, 
	0xaedc, 0xaedc, 0xaedc, 0xaedc, 0xaedc, 0xaedc, 0xaedc, 0xaedc, 0xaedc, 0xaedc, 0xaedc, 0xaedc, 0xaedc, 0xaedc, 0xaedc, 0xaedc, 
	0xaedc, 0xaedc, 0xaedc, 0xaedc, 0xaedc, 0xaedc, 0xaedc, 0xaedc, 0xaedc, 0xaedc, 0xaedc, 0xaedc, 0xaedc, 0xaedc, 0xaedc, 0xaedc, 
	0xaedc, 0xaedc, 0xaedc, 0xaedc, 0xaedc, 0xaedc, 0xaedc, 0xaedc, 0xaedc, 0xaedc, 0xaedc, 0xaedc, 0xaedc, 0xaedc, 0xaedc, 0xaedc, 
	0xaedc, 0xaedc, 0xaedc, 0xaedc, 0xaedc, 0xaedc, 0xaedc, 0xaedc, 0xaedc, 0xaedc, 0xaedc, 0xaedc, 0xaedc, 0xaedc, 0xaedc, 0xaedc, 
	0xaedc, 0xaedc, 0xaedc, 0xaedc, 0xaedc, 0xaedc, 0xaedc, 0xaedc, 0xaedc, 0xaedc, 0xaedc, 0xaedc, 0xaedc, 0xaedc, 0xaedc, 0xaedc, 
	0xaedc, 0xaedc, 0xaedc, 0xaedc, 0xaedc, 0xaedc, 0xaedc, 0xaedc, 0xaedc, 0xaedc, 0xaedc, 0xaedc, 0xaedc, 0xaedc, 0xaedc, 0xaedc, 
	0xaedc, 0xaedc, 0xaedc, 0xaedc, 0xaedc, 0xaedc, 0xaedc, 0xaedc, 0xaedc, 0xaedc, 0xaedc, 0xaedc, 0xaedc, 0xaedc, 0xaedc, 0xaedc, 
	0xaedc, 0xaedc, 0xaedc, 0xaedc, 0xaedc, 0xaedc, 0xaedc, 0xaedc, 0xaedc, 0xaedc, 0xaedc, 0xaedc, 0xaedc, 0xaedc, 0xaedc, 0xaedc, 
	0xaedc, 0xaedc, 0xaedc, 0xaedc, 0xaedc, 0xaedc, 0xaedc, 0xaedc, 0xaedc, 0xaedc, 0xaedc, 0xaedc, 0xaedc, 0xaedc, 0xaedc, 0xaedc, 
	0xaedc, 0xaedc, 0xaedc, 0xaedc, 0xaedc, 0xaedc, 0xaedc, 0xaedc, 0xaedc, 0xaedc, 0xaedc, 0xaedc, 0xaedc, 0xaedc, 0xaedc, 0xaedc, 
	0xaedc, 0xaedc, 0xaedc, 0xaedc, 0xaedc, 0xaedc, 0xaedc, 0xaedc, 0xaedc, 0xaedc, 0xaedc, 0xaedc, 0xaedc, 0xaedc, 0xaedc, 0xaedc, 
	0xaedc, 0xaedc, 0xaedc, 0xaedc, 0xaedc, 0xaedc, 0xaedc, 0xaedc, 0xaedc, 0xaedc, 0xaedc, 0xaedc, 0xaedc, 0xaedc, 0xaedc, 0xaedc, 
	0xaedd, 0xaedc, 0xaedd, 0xaedc, 0xaedd, 0xaedc, 0xb6dd, 0xa65a, 0x29c7, 0x0000, 0x0000, 0x0000, 0x0000, 0x0021, 0x7bd0, 0xbe19, 
	0xbe1a, 0xc63a, 0xbe3a, 0xbe1a, 0xc65a, 0xd6dc, 0xdf1d, 0xdf1d, 0xdf1d, 0xdf1d, 0xdf1d, 0xdf1d, 0xdf1d, 0xdf1d, 0xdf1d, 0xdf3d, 
	0xa535, 0x0861, 0x0000, 0x0000, 0x0000, 0x0000, 0x1104, 0x95f8, 0xb6fd, 0xaedc, 0xaedc, 0xaedc, 0xaedc, 0xaedc, 0xaedc, 0xaedc, 
	0xaedc, 0xaedc, 0xaedc, 0xaedc, 0xaedc, 0xaedc, 0xaedc, 0xaedc, 0xaedc, 0xaedc, 0xaedc, 0xaedc, 0xaedc, 0xaedc, 0xaedc, 0xaedc, 
	0xaedc, 0xaedc, 0xaedc, 0xaedc, 0xaedc, 0xaedc, 0xaedc, 0xaedc, 0xaedc, 0xaedc, 0xaedc, 0xaedc, 0xaedc, 0xaedc, 0xaedc, 0xaedc, 
	0xaedc, 0xaedc, 0xaedc, 0xaedc, 0xaedc, 0xaedc, 0xaedc, 0xaedc, 0xaedc, 0xaedc, 0xaedc, 0xaedc, 0xaedc, 0xaedc, 0xaedc, 0xaedc, 
	0xaedc, 0xaedc, 0xaedc, 0xaedc, 0xaedc, 0xaedc, 0xaedc, 0xaedc, 0xaedc, 0xaedc, 0xaedc, 0xaedc, 0xaedc, 0xaedc, 0xaedc, 0xaedc, 
	0xaedc, 0xaedc, 0xaedc, 0xaedc, 0xaedc, 0xaedc, 0xaedc, 0xaedc, 0xaedc, 0xaedc, 0xaedc, 0xaedc, 0xaedc, 0xaedc, 0xaedc, 0xaedc, 
	0xaedc, 0xaedc, 0xaedc, 0xaedc, 0xaedc, 0xaedc, 0xaedc, 0xaedc, 0xaedc, 0xaedc, 0xaedc, 0xaedc, 0xaedc, 0xaedc, 0xaedc, 0xaedc, 
	0xaedc, 0xaedc, 0xaedc, 0xaedc, 0xaedc, 0xaedc, 0xaedc, 0xaedc, 0xaedc, 0xaedc, 0xaedc, 0xaedc, 0xaedc, 0xaedc, 0xaedc, 0xaedc, 
	0xaedc, 0xaedc, 0xaedc, 0xaedc, 0xaedc, 0xaedc, 0xaedc, 0xaedc, 0xaedc, 0xaedc, 0xaedc, 0xaedc, 0xaedc, 0xaedc, 0xaedc, 0xaedc, 
	0xaedc, 0xaedc, 0xaedc, 0xaedc, 0xaedc, 0xaedc, 0xaedc, 0xaedc, 0xaedc, 0xaedc, 0xaedc, 0xaedc, 0xaedc, 0xaedc, 0xaedc, 0xaedc, 
	0xaedc, 0xaedc, 0xaedc, 0xaedc, 0xaedc, 0xaedc, 0xaedc, 0xaedc, 0xaedc, 0xaedc, 0xaedc, 0xaedc, 0xaedc, 0xaedc, 0xaedc, 0xaedc, 
	0xaedc, 0xaedc, 0xaedc, 0xaedc, 0xaedc, 0xaedc, 0xaedc, 0xaedc, 0xaedc, 0xaedc, 0xaedc, 0xaedc, 0xaedc, 0xaedc, 0xaedc, 0xaedc, 
	0xaedc, 0xaedc, 0xaedc, 0xaedc, 0xaedc, 0xaedc, 0xaedc, 0xaedc, 0xaedc, 0xaedc, 0xaedc, 0xaedc, 0xaedc, 0xaedc, 0xaedc, 0xaedc, 
	0xaedc, 0xaedc, 0xaedc, 0xaedc, 0xaedc, 0xaedc, 0xaedc, 0xaedc, 0xaedc, 0xaedc, 0xaedc, 0xaedc, 0xaedc, 0xaedc, 0xaedc, 0xaedc, 
	0xaedd, 0xaedc, 0xaedd, 0xaedc, 0xaedd, 0xaedc, 0xb6dd, 0xa65a, 0x29a6, 0x0000, 0x0000, 0x0000, 0x0000, 0x0021, 0x8411, 0xc65a, 
	0xbe1a, 0xbe3a, 0xbe1a, 0xbe19, 0xc63a, 0xce9b, 0xd6fc, 0xdf1d, 0xdf1d, 0xdf1d, 0xdf1d, 0xdf1d, 0xdf1d, 0xdf1d, 0xdf1d, 0xdf1d, 
	0xad36, 0x0882, 0x0000, 0x0000, 0x0000, 0x0020, 0x1904, 0x95d8, 0xb6fd, 0xaedc, 0xaedc, 0xaedc, 0xaedc, 0xaedc, 0xaedc, 0xaedc, 
	0xaedc, 0xaedc, 0xaedc, 0xaedc, 0xaedc, 0xaedc, 0xaedc, 0xaedc, 0xaedc, 0xaedc, 0xaedc, 0xaedc, 0xaedc, 0xaedc, 0xaedc, 0xaedc, 
	0xaedc, 0xaedc, 0xaedc, 0xaedc, 0xaedc, 0xaedc, 0xaedc, 0xaedc, 0xaedc, 0xaedc, 0xaedc, 0xaedc, 0xaedc, 0xaedc, 0xaedc, 0xaedc, 
	0xaedc, 0xaedc, 0xaedc, 0xaedc, 0xaedc, 0xaedc, 0xaedc, 0xaedc, 0xaedc, 0xaedc, 0xaedc, 0xaedc, 0xaedc, 0xaedc, 0xaedc, 0xaedc, 
	0xaedc, 0xaedc, 0xaedc, 0xaedc, 0xaedc, 0xaedc, 0xaedc, 0xaedc, 0xaedc, 0xaedc, 0xaedc, 0xaedc, 0xaedc, 0xaedc, 0xaedc, 0xaedc, 
	0xaedc, 0xaedc, 0xaedc, 0xaedc, 0xaedc, 0xaedc, 0xaedc, 0xaedc, 0xaedc, 0xaedc, 0xaedc, 0xaedc, 0xaedc, 0xaedc, 0xaedc, 0xaedc, 
	0xaedc, 0xaedc, 0xaedc, 0xaedc, 0xaedc, 0xaedc, 0xaedc, 0xaedc, 0xaedc, 0xaedc, 0xaedc, 0xaedc, 0xaedc, 0xaedc, 0xaedc, 0xaedc, 
	0xaedc, 0xaedc, 0xaedc, 0xaedc, 0xaedc, 0xaedc, 0xaedc, 0xaedc, 0xaedc, 0xaedc, 0xaedc, 0xaedc, 0xaedc, 0xaedc, 0xaedc, 0xaedc, 
	0xaedc, 0xaedc, 0xaedc, 0xaedc, 0xaedc, 0xaedc, 0xaedc, 0xaedc, 0xaedc, 0xaedc, 0xaedc, 0xaedc, 0xaedc, 0xaedc, 0xaedc, 0xaedc, 
	0xaedc, 0xaedc, 0xaedc, 0xaedc, 0xaedc, 0xaedc, 0xaedc, 0xaedc, 0xaedc, 0xaedc, 0xaedc, 0xaedc, 0xaedc, 0xaedc, 0xaedc, 0xaedc, 
	0xaedc, 0xaedc, 0xaedc, 0xaedc, 0xaedc, 0xaedc, 0xaedc, 0xaedc, 0xaedc, 0xaedc, 0xaedc, 0xaedc, 0xaedc, 0xaedc, 0xaedc, 0xaedc, 
	0xaedc, 0xaedc, 0xaedc, 0xaedc, 0xaedc, 0xaedc, 0xaedc, 0xaedc, 0xaedc, 0xaedc, 0xaedc, 0xaedc, 0xaedc, 0xaedc, 0xaedc, 0xaedc, 
	0xaedc, 0xaedc, 0xaedc, 0xaedc, 0xaedc, 0xaedc, 0xaedc, 0xaedc, 0xaedc, 0xaedc, 0xaedc, 0xaedc, 0xaedc, 0xaedc, 0xaedc, 0xaedc, 
	0xaedc, 0xaedc, 0xaedc, 0xaedc, 0xaedc, 0xaedc, 0xaedc, 0xaedc, 0xaedc, 0xaedc, 0xaedc, 0xaedc, 0xaedc, 0xaedc, 0xaedc, 0xaedc, 
	0xaedd, 0xaedc, 0xaedd, 0xaedc, 0xaedc, 0xaedc, 0xaedc, 0x9e5a, 0x29c7, 0x0000, 0x0000, 0x0000, 0x0000, 0x0021, 0x7bd0, 0xbe19, 
	0xbe19, 0xbe1a, 0xbe1a, 0xbe3a, 0xc63a, 0xc65b, 0xd6bc, 0xdf1d, 0xdefd, 0xdf1d, 0xdf1d, 0xdf1d, 0xdf1d, 0xdf1d, 0xdf1d, 0xdf1d, 
	0xa515, 0x0882, 0x0000, 0x0000, 0x0000, 0x0000, 0x1104, 0x95d8, 0xb6fd, 0xaedc, 0xaedc, 0xaedc, 0xaedc, 0xaedc, 0xaedc, 0xaedc, 
	0xaedc, 0xaedc, 0xaedc, 0xaedc, 0xaedc, 0xaedc, 0xaedc, 0xaedc, 0xaedc, 0xaedc, 0xaedc, 0xaedc, 0xaedc, 0xaedc, 0xaedc, 0xaedc, 
	0xaedc, 0xaedc, 0xaedc, 0xaedc, 0xaedc, 0xaedc, 0xaedc, 0xaedc, 0xaedc, 0xaedc, 0xaedc, 0xaedc, 0xaedc, 0xaedc, 0xaedc, 0xaedc, 
	0xaedc, 0xaedc, 0xaedc, 0xaedc, 0xaedc, 0xaedc, 0xaedc, 0xaedc, 0xaedc, 0xaedc, 0xaedc, 0xaedc, 0xaedc, 0xaedc, 0xaedc, 0xaedc, 
	0xaedc, 0xaedc, 0xaedc, 0xaedc, 0xaedc, 0xaedc, 0xaedc, 0xaedc, 0xaedc, 0xaedc, 0xaedc, 0xaedc, 0xaedc, 0xaedc, 0xaedc, 0xaedc, 
	0xaedc, 0xaedc, 0xaedc, 0xaedc, 0xaedc, 0xaedc, 0xaedc, 0xaedc, 0xaedc, 0xaedc, 0xaedc, 0xaedc, 0xaedc, 0xaedc, 0xaedc, 0xaedc, 
	0xaedc, 0xaedc, 0xaedc, 0xaedc, 0xaedc, 0xaedc, 0xaedc, 0xaedc, 0xaedc, 0xaedc, 0xaedc, 0xaedc, 0xaedc, 0xaedc, 0xaedc, 0xaedc, 
	0xaedc, 0xaedc, 0xaedc, 0xaedc, 0xaedc, 0xaedc, 0xaedc, 0xaedc, 0xaedc, 0xaedc, 0xaedc, 0xaedc, 0xaedc, 0xaedc, 0xaedc, 0xaedc, 
	0xaedc, 0xaedc, 0xaedc, 0xaedc, 0xaedc, 0xaedc, 0xaedc, 0xaedc, 0xaedc, 0xaedc, 0xaedc, 0xaedc, 0xaedc, 0xaedc, 0xaedc, 0xaedc, 
	0xaedc, 0xaedc, 0xaedc, 0xaedc, 0xaedc, 0xaedc, 0xaedc, 0xaedc, 0xaedc, 0xaedc, 0xaedc, 0xaedc, 0xaedc, 0xaedc, 0xaedc, 0xaedc, 
	0xaedc, 0xaedc, 0xaedc, 0xaedc, 0xaedc, 0xaedc, 0xaedc, 0xaedc, 0xaedc, 0xaedc, 0xaedc, 0xaedc, 0xaedc, 0xaedc, 0xaedc, 0xaedc, 
	0xaedc, 0xaedc, 0xaedc, 0xaedc, 0xaedc, 0xaedc, 0xaedc, 0xaedc, 0xaedc, 0xaedc, 0xaedc, 0xaedc, 0xaedc, 0xaedc, 0xaedc, 0xaedc, 
	0xaedc, 0xaedc, 0xaedc, 0xaedc, 0xaedc, 0xaedc, 0xaedc, 0xaedc, 0xaedc, 0xaedc, 0xaedc, 0xaedc, 0xaedc, 0xaedc, 0xaedc, 0xaedc, 
	0xaedc, 0xaedc, 0xaedc, 0xaedc, 0xaedc, 0xaedc, 0xaedc, 0xaedc, 0xaedc, 0xaedc, 0xaedc, 0xaedc, 0xaedc, 0xaedc, 0xaedc, 0xaedc, 
	0xaedd, 0xaedc, 0xaedc, 0xaedc, 0xaedc, 0xaedc, 0xaebc, 0x9e5a, 0x29c7, 0x0000, 0x0000, 0x0000, 0x0000, 0x0021, 0x7bd0, 0xbe3a, 
	0xbe19, 0xbe19, 0xbe19, 0xbe1a, 0xbe1a, 0xbdf9, 0xc63a, 0xce9c, 0xd6dc, 0xdefc, 0xdefd, 0xdefd, 0xdefd, 0xdefd, 0xdf1d, 0xdf1d, 
	0xa536, 0x0882, 0x0000, 0x0000, 0x0000, 0x0000, 0x1905, 0x95b8, 0xb6fd, 0xaedc, 0xaedc, 0xaedc, 0xaedc, 0xaedc, 0xaedc, 0xaedc, 
	0xaedc, 0xaedc, 0xaedc, 0xaedc, 0xaedc, 0xaedc, 0xaedc, 0xaedc, 0xaedc, 0xaedc, 0xaedc, 0xaedc, 0xaedc, 0xaedc, 0xaedc, 0xaedc, 
	0xaedc, 0xaedc, 0xaedc, 0xaedc, 0xaedc, 0xaedc, 0xaedc, 0xaedc, 0xaedc, 0xaedc, 0xaedc, 0xaedc, 0xaedc, 0xaedc, 0xaedc, 0xaedc, 
	0xaedc, 0xaedc, 0xaedc, 0xaedc, 0xaedc, 0xaedc, 0xaedc, 0xaedc, 0xaedc, 0xaedc, 0xaedc, 0xaedc, 0xaedc, 0xaedc, 0xaedc, 0xaedc, 
	0xaedc, 0xaedc, 0xaedc, 0xaedc, 0xaedc, 0xaedc, 0xaedc, 0xaedc, 0xaedc, 0xaedc, 0xaedc, 0xaedc, 0xaedc, 0xaedc, 0xaedc, 0xaedc, 
	0xaedc, 0xaedc, 0xaedc, 0xaedc, 0xaedc, 0xaedc, 0xaedc, 0xaedc, 0xaedc, 0xaedc, 0xaedc, 0xaedc, 0xaedc, 0xaedc, 0xaedc, 0xaedc, 
	0xaedc, 0xaedc, 0xaedc, 0xaedc, 0xaedc, 0xaedc, 0xaedc, 0xaedc, 0xaedc, 0xaedc, 0xaedc, 0xaedc, 0xaedc, 0xaedc, 0xaedc, 0xaedc, 
	0xaedc, 0xaedc, 0xaedc, 0xaedc, 0xaedc, 0xaedc, 0xaedc, 0xaedc, 0xaedc, 0xaedc, 0xaedc, 0xaedc, 0xaedc, 0xaedc, 0xaedc, 0xaedc, 
	0xaedc, 0xaedc, 0xaedc, 0xaedc, 0xaedc, 0xaedc, 0xaedc, 0xaedc, 0xaedc, 0xaedc, 0xaedc, 0xaedc, 0xaedc, 0xaedc, 0xaedc, 0xaedc, 
	0xaedc, 0xaedc, 0xaedc, 0xaedc, 0xaedc, 0xaedc, 0xaedc, 0xaedc, 0xaedc, 0xaedc, 0xaedc, 0xaedc, 0xaedc, 0xaedc, 0xaedc, 0xaedc, 
	0xaedc, 0xaedc, 0xaedc, 0xaedc, 0xaedc, 0xaedc, 0xaedc, 0xaedc, 0xaedc, 0xaedc, 0xaedc, 0xaedc, 0xaedc, 0xaedc, 0xaedc, 0xaedc, 
	0xaedc, 0xaedc, 0xaedc, 0xaedc, 0xaedc, 0xaedc, 0xaedc, 0xaedc, 0xaedc, 0xaedc, 0xaedc, 0xaedc, 0xaedc, 0xaedc, 0xaedc, 0xaedc, 
	0xaedc, 0xaedc, 0xaedc, 0xaedc, 0xaedc, 0xaedc, 0xaedc, 0xaedc, 0xaedc, 0xaedc, 0xaedc, 0xaedc, 0xaedc, 0xaedc, 0xaedc, 0xaedc, 
	0xaedc, 0xaedc, 0xaedc, 0xaedc, 0xaedc, 0xaedc, 0xaedc, 0xaedc, 0xaedc, 0xaedc, 0xaedc, 0xaedc, 0xaedc, 0xaedc, 0xaedc, 0xaedc, 
	0xaefd, 0xa6dc, 0xaedb, 0x8514, 0x5b6e, 0x530c, 0x530c, 0x4acb, 0x10c3, 0x0000, 0x0000, 0x0020, 0x0000, 0x0020, 0x31a7, 0x52ac, 
	0x52ab, 0x52ab, 0x52ab, 0x52ab, 0x52ab, 0x52ab, 0x52ab, 0x52ab, 0x62ec, 0x630c, 0x630c, 0x630d, 0x630d, 0x632d, 0x630d, 0x630d, 
	0x3a68, 0x0842, 0x0000, 0x0000, 0x0020, 0x0000, 0x0862, 0x3a8a, 0x530c, 0x4b0c, 0x536e, 0x84d4, 0xae7b, 0xaedc, 0xaedc, 0xb6bc, 
	0xaedc, 0xaedc, 0xaedc, 0xaedc, 0xaedc, 0xaedc, 0xaedc, 0xaedc, 0xaedc, 0xaedc, 0xaedc, 0xaedc, 0xaedc, 0xaedc, 0xaedc, 0xaedc, 
	0xaedc, 0xaedc, 0xaedc, 0xaedc, 0xaedc, 0xaedc, 0xaedc, 0xaedc, 0xaedc, 0xaedc, 0xaedc, 0xaedc, 0xaedc, 0xaedc, 0xaedc, 0xaedc, 
	0xaedc, 0xaedc, 0xaedc, 0xaedc, 0xaedc, 0xaedc, 0xaedc, 0xaedc, 0xaedc, 0xaedc, 0xaedc, 0xaedc, 0xaedc, 0xaedc, 0xaedc, 0xaedc, 
	0xaedc, 0xaedc, 0xaedc, 0xaedc, 0xaedc, 0xaedc, 0xaedc, 0xaedc, 0xaedc, 0xaedc, 0xaedc, 0xaedc, 0xaedc, 0xaedc, 0xaedc, 0xaedc, 
	0xaedc, 0xaedc, 0xaedc, 0xaedc, 0xaedc, 0xaedc, 0xaedc, 0xaedc, 0xaedc, 0xaedc, 0xaedc, 0xaedc, 0xaedc, 0xaedc, 0xaedc, 0xaedc, 
	0xaedc, 0xaedc, 0xaedc, 0xaedc, 0xaedc, 0xaedc, 0xaedc, 0xaedc, 0xaedc, 0xaedc, 0xaedc, 0xaedc, 0xaedc, 0xaedc, 0xaedc, 0xaedc, 
	0xaedc, 0xaedc, 0xaedc, 0xaedc, 0xaedc, 0xaedc, 0xaedc, 0xaedc, 0xaedc, 0xaedc, 0xaedc, 0xaedc, 0xaedc, 0xaedc, 0xaedc, 0xaedc, 
	0xaedc, 0xaedc, 0xaedc, 0xaedc, 0xaedc, 0xaedc, 0xaedc, 0xaedc, 0xaedc, 0xaedc, 0xaedc, 0xaedc, 0xaedc, 0xaedc, 0xaedc, 0xaedc, 
	0xaedc, 0xaedc, 0xaedc, 0xaedc, 0xaedc, 0xaedc, 0xaedc, 0xaedc, 0xaedc, 0xaedc, 0xaedc, 0xaedc, 0xaedc, 0xaedc, 0xaedc, 0xaedc, 
	0xaedc, 0xaedc, 0xaedc, 0xaedc, 0xaedc, 0xaedc, 0xaedc, 0xaedc, 0xaedc, 0xaedc, 0xaedc, 0xaedc, 0xaedc, 0xaedc, 0xaedc, 0xaedc, 
	0xaedc, 0xaedc, 0xaedc, 0xaedc, 0xaedc, 0xaedc, 0xaedc, 0xaedc, 0xaedc, 0xaedc, 0xaedc, 0xaedc, 0xaedc, 0xaedc, 0xaedc, 0xaedc, 
	0xaedc, 0xaedc, 0xaedc, 0xaedc, 0xaedc, 0xaedc, 0xaedc, 0xaedc, 0xaedc, 0xaedc, 0xaedc, 0xaedc, 0xaedc, 0xaedc, 0xaedc, 0xaedc, 
	0xaedc, 0xaedc, 0xaedc, 0xaedc, 0xaedc, 0xaedc, 0xaedc, 0xaedc, 0xaedc, 0xaedc, 0xaedc, 0xaedc, 0xaedc, 0xaedc, 0xaedc, 0xaedc, 
	0xaebc, 0xb6bc, 0x7cb3, 0x21a7, 0x0041, 0x0000, 0x0000, 0x0000, 0x0000, 0x0000, 0x0800, 0x0000, 0x0000, 0x0000, 0x0000, 0x0000, 
	0x0000, 0x0000, 0x0000, 0x0000, 0x0000, 0x0000, 0x0000, 0x0000, 0x0000, 0x0000, 0x0000, 0x0000, 0x0000, 0x0000, 0x0000, 0x0000, 
	0x0020, 0x0000, 0x0800, 0x0000, 0x0000, 0x0000, 0x0000, 0x0020, 0x0000, 0x0000, 0x0020, 0x1925, 0x63f1, 0xa69b, 0xaefd, 0xb6fc, 
	0xaedc, 0xaedc, 0xaedc, 0xaedc, 0xaedc, 0xaedc, 0xaedc, 0xaedc, 0xaedc, 0xaedc, 0xaedc, 0xaedc, 0xaedc, 0xaedc, 0xaedc, 0xaedc, 
	0xaedc, 0xaedc, 0xaedc, 0xaedc, 0xaedc, 0xaedc, 0xaedc, 0xaedc, 0xaedc, 0xaedc, 0xaedc, 0xaedc, 0xaedc, 0xaedc, 0xaedc, 0xaedc, 
	0xaedc, 0xaedc, 0xaedc, 0xaedc, 0xaedc, 0xaedc, 0xaedc, 0xaedc, 0xaedc, 0xaedc, 0xaedc, 0xaedc, 0xaedc, 0xaedc, 0xaedc, 0xaedc, 
	0xaedc, 0xaedc, 0xaedc, 0xaedc, 0xaedc, 0xaedc, 0xaedc, 0xaedc, 0xaedc, 0xaedc, 0xaedc, 0xaedc, 0xaedc, 0xaedc, 0xaedc, 0xaedc, 
	0xaedc, 0xaedc, 0xaedc, 0xaedc, 0xaedc, 0xaedc, 0xaedc, 0xaedc, 0xaedc, 0xaedc, 0xaedc, 0xaedc, 0xaedc, 0xaedc, 0xaedc, 0xaedc, 
	0xaedc, 0xaedc, 0xaedc, 0xaedc, 0xaedc, 0xaedc, 0xaedc, 0xaedc, 0xaedc, 0xaedc, 0xaedc, 0xaedc, 0xaedc, 0xaedc, 0xaedc, 0xaedc, 
	0xaedc, 0xaedc, 0xaedc, 0xaedc, 0xaedc, 0xaedc, 0xaedc, 0xaedc, 0xaedc, 0xaedc, 0xaedc, 0xaedc, 0xaedc, 0xaedc, 0xaedc, 0xaedc, 
	0xaedc, 0xaedc, 0xaedc, 0xaedc, 0xaedc, 0xaedc, 0xaedc, 0xaedc, 0xaedc, 0xaedc, 0xaedc, 0xaedc, 0xaedc, 0xaedc, 0xaedc, 0xaedc, 
	0xaedc, 0xaedc, 0xaedc, 0xaedc, 0xaedc, 0xaedc, 0xaedc, 0xaedc, 0xaedc, 0xaedc, 0xaedc, 0xaedc, 0xaedc, 0xaedc, 0xaedc, 0xaedc, 
	0xaedc, 0xaedc, 0xaedc, 0xaedc, 0xaedc, 0xaedc, 0xaedc, 0xaedc, 0xaedc, 0xaedc, 0xaedc, 0xaedc, 0xaedc, 0xaedc, 0xaedc, 0xaedc, 
	0xaedc, 0xaedc, 0xaedc, 0xaedc, 0xaedc, 0xaedc, 0xaedc, 0xaedc, 0xaedc, 0xaedc, 0xaedc, 0xaedc, 0xaedc, 0xaedc, 0xaedc, 0xaedc, 
	0xaedc, 0xaedc, 0xaedc, 0xaedc, 0xaedc, 0xaedc, 0xaedc, 0xaedc, 0xaedc, 0xaedc, 0xaedc, 0xaedc, 0xaedc, 0xaedc, 0xaedc, 0xaedc, 
	0xaedc, 0xaedc, 0xaedc, 0xaedc, 0xaedc, 0xaedc, 0xaedc, 0xaedc, 0xaedc, 0xaedc, 0xaedc, 0xaedc, 0xaedc, 0xaedc, 0xaedc, 0xaedc, 
	0xb6dc, 0xa619, 0x3a49, 0x0000, 0x0000, 0x0800, 0x0000, 0x0000, 0x0000, 0x0000, 0x0000, 0x0000, 0x0000, 0x0000, 0x0000, 0x0000, 
	0x0000, 0x0000, 0x0000, 0x0000, 0x0000, 0x0000, 0x0000, 0x0000, 0x0000, 0x0000, 0x0000, 0x0000, 0x0000, 0x0000, 0x0000, 0x0000, 
	0x0000, 0x0000, 0x0000, 0x0000, 0x0020, 0x0000, 0x0000, 0x0000, 0x0000, 0x0000, 0x0000, 0x0000, 0x29c8, 0x95b7, 0xaedc, 0xaedc, 
	0xaedc, 0xaedc, 0xaedc, 0xaedc, 0xaedc, 0xaedc, 0xaedc, 0xaedc, 0xaedc, 0xaedc, 0xaedc, 0xaedc, 0xaedc, 0xaedc, 0xaedc, 0xaedc, 
	0xaedc, 0xaedc, 0xaedc, 0xaedc, 0xaedc, 0xaedc, 0xaedc, 0xaedc, 0xaedc, 0xaedc, 0xaedc, 0xaedc, 0xaedc, 0xaedc, 0xaedc, 0xaedc, 
	0xaedc, 0xaedc, 0xaedc, 0xaedc, 0xaedc, 0xaedc, 0xaedc, 0xaedc, 0xaedc, 0xaedc, 0xaedc, 0xaedc, 0xaedc, 0xaedc, 0xaedc, 0xaedc, 
	0xaedc, 0xaedc, 0xaedc, 0xaedc, 0xaedc, 0xaedc, 0xaedc, 0xaedc, 0xaedc, 0xaedc, 0xaedc, 0xaedc, 0xaedc, 0xaedc, 0xaedc, 0xaedc, 
	0xaedc, 0xaedc, 0xaedc, 0xaedc, 0xaedc, 0xaedc, 0xaedc, 0xaedc, 0xaedc, 0xaedc, 0xaedc, 0xaedc, 0xaedc, 0xaedc, 0xaedc, 0xaedc, 
	0xaedc, 0xaedc, 0xaedc, 0xaedc, 0xaedc, 0xaedc, 0xaedc, 0xaedc, 0xaedc, 0xaedc, 0xaedc, 0xaedc, 0xaedc, 0xaedc, 0xaedc, 0xaedc, 
	0xaedc, 0xaedc, 0xaedc, 0xaedc, 0xaedc, 0xaedc, 0xaedc, 0xaedc, 0xaedc, 0xaedc, 0xaedc, 0xaedc, 0xaedc, 0xaedc, 0xaedc, 0xaedc, 
	0xaedc, 0xaedc, 0xaedc, 0xaedc, 0xaedc, 0xaedc, 0xaedc, 0xaedc, 0xaedc, 0xaedc, 0xaedc, 0xaedc, 0xaedc, 0xaedc, 0xaedc, 0xaedc, 
	0xaedc, 0xaedc, 0xaedc, 0xaedc, 0xaedc, 0xaedc, 0xaedc, 0xaedc, 0xaedc, 0xaedc, 0xaedc, 0xaedc, 0xaedc, 0xaedc, 0xaedc, 0xaedc, 
	0xaedc, 0xaedc, 0xaedc, 0xaedc, 0xaedc, 0xaedc, 0xaedc, 0xaedc, 0xaedc, 0xaedc, 0xaedc, 0xaedc, 0xaedc, 0xaedc, 0xaedc, 0xaedc, 
	0xaedc, 0xaedc, 0xaedc, 0xaedc, 0xaedc, 0xaedc, 0xaedc, 0xaedc, 0xaedc, 0xaedc, 0xaedc, 0xaedc, 0xaedc, 0xaedc, 0xaedc, 0xaedc, 
	0xaedc, 0xaedc, 0xaedc, 0xaedc, 0xaedc, 0xaedc, 0xaedc, 0xaedc, 0xaedc, 0xaedc, 0xaedc, 0xaedc, 0xaedc, 0xaedc, 0xaedc, 0xaedc, 
	0xaedc, 0xaedc, 0xaedc, 0xaedc, 0xaedc, 0xaedc, 0xaedc, 0xaedc, 0xaedc, 0xaedc, 0xaedc, 0xaedc, 0xaedc, 0xaedc, 0xaedc, 0xaedc, 
	0xb6fd, 0x95b8, 0x1965, 0x0000, 0x0000, 0x0000, 0x0000, 0x0000, 0x0000, 0x0000, 0x0000, 0x0000, 0x0000, 0x0000, 0x0000, 0x0040, 
	0x0000, 0x0000, 0x0000, 0x0000, 0x0000, 0x0000, 0x0000, 0x0000, 0x0000, 0x0000, 0x0000, 0x0000, 0x0000, 0x0000, 0x0000, 0x0000, 
	0x0000, 0x0000, 0x0000, 0x0000, 0x0000, 0x0000, 0x0000, 0x0000, 0x0000, 0x0000, 0x0020, 0x0000, 0x08a3, 0x8d56, 0xb6fd, 0xaedd, 
	0xaedc, 0xaedc, 0xaedc, 0xaedc, 0xaedc, 0xaedc, 0xaedc, 0xaedc, 0xaedc, 0xaedc, 0xaedc, 0xaedc, 0xaedc, 0xaedc, 0xaedc, 0xaedc, 
	0xaedc, 0xaedc, 0xaedc, 0xaedc, 0xaedc, 0xaedc, 0xaedc, 0xaedc, 0xaedc, 0xaedc, 0xaedc, 0xaedc, 0xaedc, 0xaedc, 0xaedc, 0xaedc, 
	0xaedc, 0xaedc, 0xaedc, 0xaedc, 0xaedc, 0xaedc, 0xaedc, 0xaedc, 0xaedc, 0xaedc, 0xaedc, 0xaedc, 0xaedc, 0xaedc, 0xaedc, 0xaedc, 
	0xaedc, 0xaedc, 0xaedc, 0xaedc, 0xaedc, 0xaedc, 0xaedc, 0xaedc, 0xaedc, 0xaedc, 0xaedc, 0xaedc, 0xaedc, 0xaedc, 0xaedc, 0xaedc, 
	0xaedc, 0xaedc, 0xaedc, 0xaedc, 0xaedc, 0xaedc, 0xaedc, 0xaedc, 0xaedc, 0xaedc, 0xaedc, 0xaedc, 0xaedc, 0xaedc, 0xaedc, 0xaedc, 
	0xaedc, 0xaedc, 0xaedc, 0xaedc, 0xaedc, 0xaedc, 0xaedc, 0xaedc, 0xaedc, 0xaedc, 0xaedc, 0xaedc, 0xaedc, 0xaedc, 0xaedc, 0xaedc, 
	0xaedc, 0xaedc, 0xaedc, 0xaedc, 0xaedc, 0xaedc, 0xaedc, 0xaedc, 0xaedc, 0xaedc, 0xaedc, 0xaedc, 0xaedc, 0xaedc, 0xaedc, 0xaedc, 
	0xaedc, 0xaedc, 0xaedc, 0xaedc, 0xaedc, 0xaedc, 0xaedc, 0xaedc, 0xaedc, 0xaedc, 0xaedc, 0xaedc, 0xaedc, 0xaedc, 0xaedc, 0xaedc, 
	0xaedc, 0xaedc, 0xaedc, 0xaedc, 0xaedc, 0xaedc, 0xaedc, 0xaedc, 0xaedc, 0xaedc, 0xaedc, 0xaedc, 0xaedc, 0xaedc, 0xaedc, 0xaedc, 
	0xaedc, 0xaedc, 0xaedc, 0xaedc, 0xaedc, 0xaedc, 0xaedc, 0xaedc, 0xaedc, 0xaedc, 0xaedc, 0xaedc, 0xaedc, 0xaedc, 0xaedc, 0xaedc, 
	0xaedc, 0xaedc, 0xaedc, 0xaedc, 0xaedc, 0xaedc, 0xaedc, 0xaedc, 0xaedc, 0xaedc, 0xaedc, 0xaedc, 0xaedc, 0xaedc, 0xaedc, 0xaedc, 
	0xaedc, 0xaedc, 0xaedc, 0xaedc, 0xaedc, 0xaedc, 0xaedc, 0xaedc, 0xaedc, 0xaedc, 0xaedc, 0xaedc, 0xaedc, 0xaedc, 0xaedc, 0xaedc, 
	0xaedc, 0xaedc, 0xaedc, 0xaedc, 0xaedc, 0xaedc, 0xaedc, 0xaedc, 0xaedc, 0xaedc, 0xaedc, 0xaedc, 0xaedc, 0xaedc, 0xaedc, 0xaedc, 
	0xaedd, 0x95b8, 0x1125, 0x0020, 0x0000, 0x0000, 0x0020, 0x0000, 0x0000, 0x0000, 0x0000, 0x0000, 0x0000, 0x0000, 0x0000, 0x0000, 
	0x0000, 0x0000, 0x0000, 0x0000, 0x0000, 0x0000, 0x0000, 0x0000, 0x0000, 0x0000, 0x0000, 0x0000, 0x0000, 0x0000, 0x0000, 0x0000, 
	0x0000, 0x0000, 0x0000, 0x0000, 0x0800, 0x0000, 0x0000, 0x0001, 0x0000, 0x0000, 0x0000, 0x0000, 0x0882, 0x8535, 0xb6fd, 0xaebd, 
	0xaedc, 0xaedc, 0xaedc, 0xaedc, 0xaedc, 0xaedc, 0xaedc, 0xaedc, 0xaedc, 0xaedc, 0xaedc, 0xaedc, 0xaedc, 0xaedc, 0xaedc, 0xaedc, 
	0xaedc, 0xaedc, 0xaedc, 0xaedc, 0xaedc, 0xaedc, 0xaedc, 0xaedc, 0xaedc, 0xaedc, 0xaedc, 0xaedc, 0xaedc, 0xaedc, 0xaedc, 0xaedc, 
	0xaedc, 0xaedc, 0xaedc, 0xaedc, 0xaedc, 0xaedc, 0xaedc, 0xaedc, 0xaedc, 0xaedc, 0xaedc, 0xaedc, 0xaedc, 0xaedc, 0xaedc, 0xaedc, 
	0xaedc, 0xaedc, 0xaedc, 0xaedc, 0xaedc, 0xaedc, 0xaedc, 0xaedc, 0xaedc, 0xaedc, 0xaedc, 0xaedc, 0xaedc, 0xaedc, 0xaedc, 0xaedc, 
	0xaedc, 0xaedc, 0xaedc, 0xaedc, 0xaedc, 0xaedc, 0xaedc, 0xaedc, 0xaedc, 0xaedc, 0xaedc, 0xaedc, 0xaedc, 0xaedc, 0xaedc, 0xaedc, 
	0xaedc, 0xaedc, 0xaedc, 0xaedc, 0xaedc, 0xaedc, 0xaedc, 0xaedc, 0xaedc, 0xaedc, 0xaedc, 0xaedc, 0xaedc, 0xaedc, 0xaedc, 0xaedc, 
	0xaedc, 0xaedc, 0xaedc, 0xaedc, 0xaedc, 0xaedc, 0xaedc, 0xaedc, 0xaedc, 0xaedc, 0xaedc, 0xaedc, 0xaedc, 0xaedc, 0xaedc, 0xaedc, 
	0xaedc, 0xaedc, 0xaedc, 0xaedc, 0xaedc, 0xaedc, 0xaedc, 0xaedc, 0xaedc, 0xaedc, 0xaedc, 0xaedc, 0xaedc, 0xaedc, 0xaedc, 0xaedc, 
	0xaedc, 0xaedc, 0xaedc, 0xaedc, 0xaedc, 0xaedc, 0xaedc, 0xaedc, 0xaedc, 0xaedc, 0xaedc, 0xaedc, 0xaedc, 0xaedc, 0xaedc, 0xaedc, 
	0xaedc, 0xaedc, 0xaedc, 0xaedc, 0xaedc, 0xaedc, 0xaedc, 0xaedc, 0xaedc, 0xaedc, 0xaedc, 0xaedc, 0xaedc, 0xaedc, 0xaedc, 0xaedc, 
	0xaedc, 0xaedc, 0xaedc, 0xaedc, 0xaedc, 0xaedc, 0xaedc, 0xaedc, 0xaedc, 0xaedc, 0xaedc, 0xaedc, 0xaedc, 0xaedc, 0xaedc, 0xaedc, 
	0xaedc, 0xaedc, 0xaedc, 0xaedc, 0xaedc, 0xaedc, 0xaedc, 0xaedc, 0xaedc, 0xaedc, 0xaedc, 0xaedc, 0xaedc, 0xaedc, 0xaedc, 0xaedc, 
	0xaedc, 0xaedc, 0xaedc, 0xaedc, 0xaedc, 0xaedc, 0xaedc, 0xaedc, 0xaedc, 0xaedc, 0xaedc, 0xaedc, 0xaedc, 0xaedc, 0xaedc, 0xaedc, 
	0xaefd, 0x9dd8, 0x10e4, 0x0000, 0x0800, 0x0000, 0x0000, 0x0000, 0x0000, 0x0000, 0x0000, 0x0000, 0x0000, 0x0000, 0x0020, 0x0000, 
	0x0000, 0x0000, 0x0000, 0x0000, 0x0000, 0x0000, 0x0000, 0x0000, 0x0000, 0x0000, 0x0000, 0x0000, 0x0000, 0x0000, 0x0000, 0x0000, 
	0x0800, 0x0001, 0x0001, 0x0000, 0x0000, 0x0000, 0x0000, 0x0000, 0x0000, 0x0020, 0x0000, 0x0000, 0x0883, 0x8515, 0xb6dd, 0xaedd, 
	0xaedc, 0xaedc, 0xaedc, 0xaedc, 0xaedc, 0xaedc, 0xaedc, 0xaedc, 0xaedc, 0xaedc, 0xaedc, 0xaedc, 0xaedc, 0xaedc, 0xaedc, 0xaedc, 
	0xaedc, 0xaedc, 0xaedc, 0xaedc, 0xaedc, 0xaedc, 0xaedc, 0xaedc, 0xaedc, 0xaedc, 0xaedc, 0xaedc, 0xaedc, 0xaedc, 0xaedc, 0xaedc, 
	0xaedc, 0xaedc, 0xaedc, 0xaedc, 0xaedc, 0xaedc, 0xaedc, 0xaedc, 0xaedc, 0xaedc, 0xaedc, 0xaedc, 0xaedc, 0xaedc, 0xaedc, 0xaedc, 
	0xaedc, 0xaedc, 0xaedc, 0xaedc, 0xaedc, 0xaedc, 0xaedc, 0xaedc, 0xaedc, 0xaedc, 0xaedc, 0xaedc, 0xaedc, 0xaedc, 0xaedc, 0xaedc, 
	0xaedc, 0xaedc, 0xaedc, 0xaedc, 0xaedc, 0xaedc, 0xaedc, 0xaedc, 0xaedc, 0xaedc, 0xaedc, 0xaedc, 0xaedc, 0xaedc, 0xaedc, 0xaedc, 
	0xaedc, 0xaedc, 0xaedc, 0xaedc, 0xaedc, 0xaedc, 0xaedc, 0xaedc, 0xaedc, 0xaedc, 0xaedc, 0xaedc, 0xaedc, 0xaedc, 0xaedc, 0xaedc, 
	0xaedc, 0xaedc, 0xaedc, 0xaedc, 0xaedc, 0xaedc, 0xaedc, 0xaedc, 0xaedc, 0xaedc, 0xaedc, 0xaedc, 0xaedc, 0xaedc, 0xaedc, 0xaedc, 
	0xaedc, 0xaedc, 0xaedc, 0xaedc, 0xaedc, 0xaedc, 0xaedc, 0xaedc, 0xaedc, 0xaedc, 0xaedc, 0xaedc, 0xaedc, 0xaedc, 0xaedc, 0xaedc, 
	0xaedc, 0xaedc, 0xaedc, 0xaedc, 0xaedc, 0xaedc, 0xaedc, 0xaedc, 0xaedc, 0xaedc, 0xaedc, 0xaedc, 0xaedc, 0xaedc, 0xaedc, 0xaedc, 
	0xaedc, 0xaedc, 0xaedc, 0xaedc, 0xaedc, 0xaedc, 0xaedc, 0xaedc, 0xaedc, 0xaedc, 0xaedc, 0xaedc, 0xaedc, 0xaedc, 0xaedc, 0xaedc, 
	0xaedc, 0xaedc, 0xaedc, 0xaedc, 0xaedc, 0xaedc, 0xaedc, 0xaedc, 0xaedc, 0xaedc, 0xaedc, 0xaedc, 0xaedc, 0xaedc, 0xaedc, 0xaedc, 
	0xaedc, 0xaedc, 0xaedc, 0xaedc, 0xaedc, 0xaedc, 0xaedc, 0xaedc, 0xaedc, 0xaedc, 0xaedc, 0xaedc, 0xaedc, 0xaedc, 0xaedc, 0xaedc, 
	0xaedc, 0xaedc, 0xaedc, 0xaedc, 0xaedc, 0xaedc, 0xaedc, 0xaedc, 0xaedc, 0xaedc, 0xaedc, 0xaedc, 0xaedc, 0xaedc, 0xaedc, 0xaedc, 
	0xaefd, 0x9dd8, 0x1104, 0x0000, 0x0000, 0x0000, 0x0000, 0x0801, 0x192a, 0x21ad, 0x19ac, 0x21ce, 0x21ad, 0x198d, 0x21ed, 0x1a0d, 
	0x222c, 0x222c, 0x222c, 0x222c, 0x222c, 0x222c, 0x222c, 0x222c, 0x222c, 0x222c, 0x222c, 0x222c, 0x220c, 0x220c, 0x220c, 0x220c, 
	0x1a0c, 0x1a0e, 0x1a0d, 0x220c, 0x1a0c, 0x222e, 0x21ca, 0x0020, 0x0000, 0x0020, 0x0000, 0x0000, 0x08a3, 0x8d56, 0xb6dc, 0xaedd, 
	0xaedc, 0xaedc, 0xaedc, 0xaedc, 0xaedc, 0xaedc, 0xaedc, 0xaedc, 0xaedc, 0xaedc, 0xaedc, 0xaedc, 0xaedc, 0xaedc, 0xaedc, 0xaedc, 
	0xaedc, 0xaedc, 0xaedc, 0xaedc, 0xaedc, 0xaedc, 0xaedc, 0xaedc, 0xaedc, 0xaedc, 0xaedc, 0xaedc, 0xaedc, 0xaedc, 0xaedc, 0xaedc, 
	0xaedc, 0xaedc, 0xaedc, 0xaedc, 0xaedc, 0xaedc, 0xaedc, 0xaedc, 0xaedc, 0xaedc, 0xaedc, 0xaedc, 0xaedc, 0xaedc, 0xaedc, 0xaedc, 
	0xaedc, 0xaedc, 0xaedc, 0xaedc, 0xaedc, 0xaedc, 0xaedc, 0xaedc, 0xaedc, 0xaedc, 0xaedc, 0xaedc, 0xaedc, 0xaedc, 0xaedc, 0xaedc, 
	0xaedc, 0xaedc, 0xaedc, 0xaedc, 0xaedc, 0xaedc, 0xaedc, 0xaedc, 0xaedc, 0xaedc, 0xaedc, 0xaedc, 0xaedc, 0xaedc, 0xaedc, 0xaedc, 
	0xaedc, 0xaedc, 0xaedc, 0xaedc, 0xaedc, 0xaedc, 0xaedc, 0xaedc, 0xaedc, 0xaedc, 0xaedc, 0xaedc, 0xaedc, 0xaedc, 0xaedc, 0xaedc, 
	0xaedc, 0xaedc, 0xaedc, 0xaedc, 0xaedc, 0xaedc, 0xaedc, 0xaedc, 0xaedc, 0xaedc, 0xaedc, 0xaedc, 0xaedc, 0xaedc, 0xaedc, 0xaedc, 
	0xaedc, 0xaedc, 0xaedc, 0xaedc, 0xaedc, 0xaedc, 0xaedc, 0xaedc, 0xaedc, 0xaedc, 0xaedc, 0xaedc, 0xaedc, 0xaedc, 0xaedc, 0xaedc, 
	0xaedc, 0xaedc, 0xaedc, 0xaedc, 0xaedc, 0xaedc, 0xaedc, 0xaedc, 0xaedc, 0xaedc, 0xaedc, 0xaedc, 0xaedc, 0xaedc, 0xaedc, 0xaedc, 
	0xaedc, 0xaedc, 0xaedc, 0xaedc, 0xaedc, 0xaedc, 0xaedc, 0xaedc, 0xaedc, 0xaedc, 0xaedc, 0xaedc, 0xaedc, 0xaedc, 0xaedc, 0xaedc, 
	0xaedc, 0xaedc, 0xaedc, 0xaedc, 0xaedc, 0xaedc, 0xaedc, 0xaedc, 0xaedc, 0xaedc, 0xaedc, 0xaedc, 0xaedc, 0xaedc, 0xaedc, 0xaedc, 
	0xaedc, 0xaedc, 0xaedc, 0xaedc, 0xaedc, 0xaedc, 0xaedc, 0xaedc, 0xaedc, 0xaedc, 0xaedc, 0xaedc, 0xaedc, 0xaedc, 0xaedc, 0xaedc, 
	0xaedc, 0xaedc, 0xaedc, 0xaedc, 0xaedc, 0xaedc, 0xaedc, 0xaedc, 0xaedc, 0xaedc, 0xaedc, 0xaedc, 0xaedc, 0xaedc, 0xaedc, 0xaedc, 
	0xaefd, 0x95d7, 0x1124, 0x0000, 0x0000, 0x0020, 0x0001, 0x0821, 0x32d9, 0x53fe, 0x43df, 0x43df, 0x4bbf, 0x43df, 0x4c7f, 0x4cbe, 
	0x4cde, 0x4cde, 0x4cde, 0x4cde, 0x4cde, 0x4cde, 0x4cde, 0x4cde, 0x44de, 0x44de, 0x44de, 0x44de, 0x44de, 0x44de, 0x44de, 0x44de, 
	0x4cdd, 0x4cdf, 0x4cbe, 0x54fd, 0x44be, 0x44df, 0x43f8, 0x00c4, 0x0000, 0x0000, 0x0000, 0x0000, 0x0862, 0x8535, 0xb6fc, 0xaedc, 
	0xaedc, 0xaedc, 0xaedc, 0xaedc, 0xaedc, 0xaedc, 0xaedc, 0xaedc, 0xaedc, 0xaedc, 0xaedc, 0xaedc, 0xaedc, 0xaedc, 0xaedc, 0xaedc, 
	0xaedc, 0xaedc, 0xaedc, 0xaedc, 0xaedc, 0xaedc, 0xaedc, 0xaedc, 0xaedc, 0xaedc, 0xaedc, 0xaedc, 0xaedc, 0xaedc, 0xaedc, 0xaedc, 
	0xaedc, 0xaedc, 0xaedc, 0xaedc, 0xaedc, 0xaedc, 0xaedc, 0xaedc, 0xaedc, 0xaedc, 0xaedc, 0xaedc, 0xaedc, 0xaedc, 0xaedc, 0xaedc, 
	0xaedc, 0xaedc, 0xaedc, 0xaedc, 0xaedc, 0xaedc, 0xaedc, 0xaedc, 0xaedc, 0xaedc, 0xaedc, 0xaedc, 0xaedc, 0xaedc, 0xaedc, 0xaedc, 
	0xaedc, 0xaedc, 0xaedc, 0xaedc, 0xaedc, 0xaedc, 0xaedc, 0xaedc, 0xaedc, 0xaedc, 0xaedc, 0xaedc, 0xaedc, 0xaedc, 0xaedc, 0xaedc, 
	0xaedc, 0xaedc, 0xaedc, 0xaedc, 0xaedc, 0xaedc, 0xaedc, 0xaedc, 0xaedc, 0xaedc, 0xaedc, 0xaedc, 0xaedc, 0xaedc, 0xaedc, 0xaedc, 
	0xaedc, 0xaedc, 0xaedc, 0xaedc, 0xaedc, 0xaedc, 0xaedc, 0xaedc, 0xaedc, 0xaedc, 0xaedc, 0xaedc, 0xaedc, 0xaedc, 0xaedc, 0xaedc, 
	0xaedc, 0xaedc, 0xaedc, 0xaedc, 0xaedc, 0xaedc, 0xaedc, 0xaedc, 0xaedc, 0xaedc, 0xaedc, 0xaedc, 0xaedc, 0xaedc, 0xaedc, 0xaedc, 
	0xaedc, 0xaedc, 0xaedc, 0xaedc, 0xaedc, 0xaedc, 0xaedc, 0xaedc, 0xaedc, 0xaedc, 0xaedc, 0xaedc, 0xaedc, 0xaedc, 0xaedc, 0xaedc, 
	0xaedc, 0xaedc, 0xaedc, 0xaedc, 0xaedc, 0xaedc, 0xaedc, 0xaedc, 0xaedc, 0xaedc, 0xaedc, 0xaedc, 0xaedc, 0xaedc, 0xaedc, 0xaedc, 
	0xaedc, 0xaedc, 0xaedc, 0xaedc, 0xaedc, 0xaedc, 0xaedc, 0xaedc, 0xaedc, 0xaedc, 0xaedc, 0xaedc, 0xaedc, 0xaedc, 0xaedc, 0xaedc, 
	0xaedc, 0xaedc, 0xaedc, 0xaedc, 0xaedc, 0xaedc, 0xaedc, 0xaedc, 0xaedc, 0xaedc, 0xaedc, 0xaedc, 0xaedc, 0xaedc, 0xaedc, 0xaedc, 
	0xaedc, 0xaedc, 0xaedc, 0xaedc, 0xaedc, 0xaedc, 0xaedc, 0xaedc, 0xaedd, 0xaedd, 0xaedd, 0xaedd, 0xaebc, 0xaedc, 0xb6fd, 0xb6fd, 
	0xb6fd, 0x9db8, 0x1925, 0x0000, 0x0000, 0x0000, 0x0000, 0x0821, 0x32f7, 0x53ff, 0x43bf, 0x4bff, 0x4bdf, 0x4bff, 0x441f, 0x4cde, 
	0x44fe, 0x44de, 0x44de, 0x4cdf, 0x4cdf, 0x4cdf, 0x4cde, 0x4cde, 0x4cde, 0x4cde, 0x4cde, 0x4cde, 0x4cde, 0x4cde, 0x4cde, 0x4cde, 
	0x4cde, 0x54df, 0x4cde, 0x44de, 0x4cfe, 0x44de, 0x3c5a, 0x08c4, 0x0000, 0x0000, 0x0000, 0x0000, 0x08a2, 0x8d15, 0xb6dc, 0xb6dd, 
	0xaedc, 0xaedc, 0xaedc, 0xaedd, 0xaedd, 0xaedc, 0xaedc, 0xaedc, 0xaedc, 0xaedc, 0xaedc, 0xaedc, 0xaedc, 0xaedc, 0xaedc, 0xaedc, 
	0xaedc, 0xaedc, 0xaedc, 0xaedc, 0xaedc, 0xaedc, 0xaedc, 0xaedc, 0xaedc, 0xaedc, 0xaedc, 0xaedc, 0xaedc, 0xaedc, 0xaedc, 0xaedc, 
	0xaedc, 0xaedc, 0xaedc, 0xaedc, 0xaedc, 0xaedc, 0xaedc, 0xaedc, 0xaedc, 0xaedc, 0xaedc, 0xaedc, 0xaedc, 0xaedc, 0xaedc, 0xaedc, 
	0xaedc, 0xaedc, 0xaedc, 0xaedc, 0xaedc, 0xaedc, 0xaedc, 0xaedc, 0xaedc, 0xaedc, 0xaedc, 0xaedc, 0xaedc, 0xaedc, 0xaedc, 0xaedc, 
	0xaedc, 0xaedc, 0xaedc, 0xaedc, 0xaedc, 0xaedc, 0xaedc, 0xaedc, 0xaedc, 0xaedc, 0xaedc, 0xaedc, 0xaedc, 0xaedc, 0xaedc, 0xaedc, 
	0xaedc, 0xaedc, 0xaedc, 0xaedc, 0xaedc, 0xaedc, 0xaedc, 0xaedc, 0xaedc, 0xaedc, 0xaedc, 0xaedc, 0xaedc, 0xaedc, 0xaedc, 0xaedc, 
	0xaedc, 0xaedc, 0xaedc, 0xaedc, 0xaedc, 0xaedc, 0xaedc, 0xaedc, 0xaedc, 0xaedc, 0xaedc, 0xaedc, 0xaedc, 0xaedc, 0xaedc, 0xaedc, 
	0xaedc, 0xaedc, 0xaedc, 0xaedc, 0xaedc, 0xaedc, 0xaedc, 0xaedc, 0xaedc, 0xaedc, 0xaedc, 0xaedc, 0xaedc, 0xaedc, 0xaedc, 0xaedc, 
	0xaedc, 0xaedc, 0xaedc, 0xaedc, 0xaedc, 0xaedc, 0xaedc, 0xaedc, 0xaedc, 0xaedc, 0xaedc, 0xaedc, 0xaedc, 0xaedc, 0xaedc, 0xaedc, 
	0xaedc, 0xaedc, 0xaedc, 0xaedc, 0xaedc, 0xaedc, 0xaedc, 0xaedc, 0xaedc, 0xaedc, 0xaedc, 0xaedc, 0xaedc, 0xaedc, 0xaedc, 0xaedc, 
	0xaedc, 0xaedc, 0xaedc, 0xaedc, 0xaedc, 0xaedc, 0xaedc, 0xaedc, 0xaedc, 0xaedc, 0xaedc, 0xaedc, 0xaedc, 0xaedc, 0xaedc, 0xaedc, 
	0xaedc, 0xaedc, 0xaedc, 0xaedc, 0xaedc, 0xaedc, 0xaedc, 0xaedc, 0xaedc, 0xaedc, 0xaedc, 0xaedc, 0xaedc, 0xaedc, 0xaedc, 0xaedc, 
	0xaedc, 0xaedc, 0xaedc, 0xaedc, 0xaedc, 0xaedc, 0xaedc, 0xaedc, 0xb6dd, 0xaedc, 0xaedc, 0xb6dd, 0xb6fd, 0xb6dd, 0xaebc, 0xae9c, 
	0xaedc, 0x9dd8, 0x1105, 0x0000, 0x0000, 0x0000, 0x0000, 0x0822, 0x32d8, 0x53ff, 0x43bf, 0x4bdf, 0x4bdf, 0x4bdf, 0x43ff, 0x4c9f, 
	0x4cfe, 0x4cde, 0x4cde, 0x4cde, 0x4cde, 0x4cde, 0x4cde, 0x4cfe, 0x4cde, 0x4cde, 0x4cde, 0x4cde, 0x4cde, 0x4cde, 0x4cde, 0x4cde, 
	0x4cfe, 0x4cfe, 0x4cde, 0x4cff, 0x54fe, 0x4cdf, 0x3c1a, 0x0884, 0x0000, 0x0000, 0x0000, 0x0000, 0x0882, 0x8d35, 0xaedc, 0xaedd, 
	0xaedc, 0xaedd, 0xaedc, 0xaedc, 0xaebc, 0xaedc, 0xb6dc, 0xb6fd, 0xaedc, 0xaedc, 0xaedc, 0xaedc, 0xaedc, 0xaedc, 0xaedc, 0xaedc, 
	0xaedc, 0xaedc, 0xaedc, 0xaedc, 0xaedc, 0xaedc, 0xaedc, 0xaedc, 0xaedc, 0xaedc, 0xaedc, 0xaedc, 0xaedc, 0xaedc, 0xaedc, 0xaedc, 
	0xaedc, 0xaedc, 0xaedc, 0xaedc, 0xaedc, 0xaedc, 0xaedc, 0xaedc, 0xaedc, 0xaedc, 0xaedc, 0xaedc, 0xaedc, 0xaedc, 0xaedc, 0xaedc, 
	0xaedc, 0xaedc, 0xaedc, 0xaedc, 0xaedc, 0xaedc, 0xaedc, 0xaedc, 0xaedc, 0xaedc, 0xaedc, 0xaedc, 0xaedc, 0xaedc, 0xaedc, 0xaedc, 
	0xaedc, 0xaedc, 0xaedc, 0xaedc, 0xaedc, 0xaedc, 0xaedc, 0xaedc, 0xaedc, 0xaedc, 0xaedc, 0xaedc, 0xaedc, 0xaedc, 0xaedc, 0xaedc, 
	0xaedc, 0xaedc, 0xaedc, 0xaedc, 0xaedc, 0xaedc, 0xaedc, 0xaedc, 0xaedc, 0xaedc, 0xaedc, 0xaedc, 0xaedc, 0xaedc, 0xaedc, 0xaedc, 
	0xaedc, 0xaedc, 0xaedc, 0xaedc, 0xaedc, 0xaedc, 0xaedc, 0xaedc, 0xaedc, 0xaedc, 0xaedc, 0xaedc, 0xaedc, 0xaedc, 0xaedc, 0xaedc, 
	0xaedc, 0xaedc, 0xaedc, 0xaedc, 0xaedc, 0xaedc, 0xaedc, 0xaedc, 0xaedc, 0xaedc, 0xaedc, 0xaedc, 0xaedc, 0xaedc, 0xaedc, 0xaedc, 
	0xaedc, 0xaedc, 0xaedc, 0xaedc, 0xaedc, 0xaedc, 0xaedc, 0xaedc, 0xaedc, 0xaedc, 0xaedc, 0xaedc, 0xaedc, 0xaedc, 0xaedc, 0xaedc, 
	0xaedc, 0xaedc, 0xaedc, 0xaedc, 0xaedc, 0xaedc, 0xaedc, 0xaedc, 0xaedc, 0xaedc, 0xaedc, 0xaedc, 0xaedc, 0xaedc, 0xaedc, 0xaedc, 
	0xaedc, 0xaedc, 0xaedc, 0xaedc, 0xaedc, 0xaedc, 0xaedc, 0xaedc, 0xaedc, 0xaedc, 0xaedc, 0xaedc, 0xaedc, 0xaedc, 0xaedc, 0xaedc, 
	0xaedc, 0xaedc, 0xaedc, 0xaedc, 0xaedc, 0xaedc, 0xaedc, 0xaedc, 0xaedc, 0xaedc, 0xaedc, 0xaedc, 0xaedc, 0xaedc, 0xaedc, 0xaedc, 
	0xaedc, 0xaedc, 0xaedc, 0xaedc, 0xaedc, 0xaedc, 0xaedc, 0xaedc, 0xb6bc, 0xb6dc, 0xb6dc, 0xaedd, 0xaedc, 0xaedc, 0xb6dd, 0xb6fd, 
	0xaefd, 0x9df9, 0x1925, 0x0000, 0x0000, 0x0000, 0x0000, 0x0042, 0x32d8, 0x53df, 0x4bdf, 0x4bff, 0x4bdf, 0x4bbf, 0x4bdf, 0x4c3f, 
	0x4cbf, 0x4cbf, 0x4cdf, 0x4cde, 0x44de, 0x44de, 0x44de, 0x4cde, 0x4cfe, 0x4cfe, 0x4cfe, 0x4cfe, 0x4cfe, 0x4cfe, 0x4cfe, 0x4cfe, 
	0x44ff, 0x44ff, 0x44de, 0x3cde, 0x4cdf, 0x4cdf, 0x441a, 0x08a5, 0x0000, 0x0000, 0x0020, 0x0000, 0x0882, 0x8d35, 0xaefd, 0xaefd, 
	0xaedc, 0xaedc, 0xaedc, 0xaedc, 0xaedc, 0xb6dc, 0xb6dc, 0xb6bc, 0xaedc, 0xaedc, 0xaedc, 0xaedc, 0xaedc, 0xaedc, 0xaedc, 0xaedc, 
	0xaedc, 0xaedc, 0xaedc, 0xaedc, 0xaedc, 0xaedc, 0xaedc, 0xaedc, 0xaedc, 0xaedc, 0xaedc, 0xaedc, 0xaedc, 0xaedc, 0xaedc, 0xaedc, 
	0xaedc, 0xaedc, 0xaedc, 0xaedc, 0xaedc, 0xaedc, 0xaedc, 0xaedc, 0xaedc, 0xaedc, 0xaedc, 0xaedc, 0xaedc, 0xaedc, 0xaedc, 0xaedc, 
	0xaedc, 0xaedc, 0xaedc, 0xaedc, 0xaedc, 0xaedc, 0xaedc, 0xaedc, 0xaedc, 0xaedc, 0xaedc, 0xaedc, 0xaedc, 0xaedc, 0xaedc, 0xaedc, 
	0xaedc, 0xaedc, 0xaedc, 0xaedc, 0xaedc, 0xaedc, 0xaedc, 0xaedc, 0xaedc, 0xaedc, 0xaedc, 0xaedc, 0xaedc, 0xaedc, 0xaedc, 0xaedc, 
	0xaedc, 0xaedc, 0xaedc, 0xaedc, 0xaedc, 0xaedc, 0xaedc, 0xaedc, 0xaedc, 0xaedc, 0xaedc, 0xaedc, 0xaedc, 0xaedc, 0xaedc, 0xaedc, 
	0xaedc, 0xaedc, 0xaedc, 0xaedc, 0xaedc, 0xaedc, 0xaedc, 0xaedc, 0xaedc, 0xaedc, 0xaedc, 0xaedc, 0xaedc, 0xaedc, 0xaedc, 0xaedc, 
	0xaedc, 0xaedc, 0xaedc, 0xaedc, 0xaedc, 0xaedc, 0xaedc, 0xaedc, 0xaedc, 0xaedc, 0xaedc, 0xaedc, 0xaedc, 0xaedc, 0xaedc, 0xaedc, 
	0xaedc, 0xaedc, 0xaedc, 0xaedc, 0xaedc, 0xaedc, 0xaedc, 0xaedc, 0xaedc, 0xaedc, 0xaedc, 0xaedc, 0xaedc, 0xaedc, 0xaedc, 0xaedc, 
	0xaedc, 0xaedc, 0xaedc, 0xaedc, 0xaedc, 0xaedc, 0xaedc, 0xaedc, 0xaedc, 0xaedc, 0xaedc, 0xaedc, 0xaedc, 0xaedc, 0xaedc, 0xaedc, 
	0xaedc, 0xaedc, 0xaedc, 0xaedc, 0xaedc, 0xaedc, 0xaedc, 0xaedc, 0xaedc, 0xaedc, 0xaedc, 0xaedc, 0xaedc, 0xaedc, 0xaedc, 0xaedc, 
	0xaedc, 0xaedc, 0xaedc, 0xaedc, 0xaedc, 0xaedc, 0xaedc, 0xaedc, 0xaedc, 0xaedc, 0xaedc, 0xaedc, 0xaedc, 0xaedc, 0xaedc, 0xaedc, 
	0xaedc, 0xaedc, 0xaedc, 0xaedc, 0xaedc, 0xaedc, 0xaedc, 0xaedc, 0xb6dc, 0xb6dd, 0xaedd, 0xaedc, 0xaedc, 0xaedd, 0xaedd, 0xaebc, 
	0xb6fd, 0x95b7, 0x1104, 0x0000, 0x0000, 0x0000, 0x0000, 0x0862, 0x32f9, 0x4bde, 0x4bff, 0x441f, 0x43ff, 0x4bff, 0x43ff, 0x4c1f, 
	0x4c5e, 0x4c7f, 0x4cbf, 0x4cdf, 0x4cfe, 0x4cfe, 0x4cdf, 0x54df, 0x54ff, 0x54ff, 0x54ff, 0x54ff, 0x54ff, 0x54ff, 0x54ff, 0x54ff, 
	0x4cdf, 0x4cff, 0x551e, 0x4cfe, 0x4cff, 0x551f, 0x43f8, 0x00c4, 0x0000, 0x0020, 0x0000, 0x0000, 0x0883, 0x8d35, 0xaedc, 0xaedd, 
	0xaedd, 0xaefd, 0xaefd, 0xaedd, 0xaedc, 0xaedc, 0xaedc, 0xaedc, 0xaedc, 0xaedc, 0xaedc, 0xaedc, 0xaedc, 0xaedc, 0xaedc, 0xaedc, 
	0xaedc, 0xaedc, 0xaedc, 0xaedc, 0xaedc, 0xaedc, 0xaedc, 0xaedc, 0xaedc, 0xaedc, 0xaedc, 0xaedc, 0xaedc, 0xaedc, 0xaedc, 0xaedc, 
	0xaedc, 0xaedc, 0xaedc, 0xaedc, 0xaedc, 0xaedc, 0xaedc, 0xaedc, 0xaedc, 0xaedc, 0xaedc, 0xaedc, 0xaedc, 0xaedc, 0xaedc, 0xaedc, 
	0xaedc, 0xaedc, 0xaedc, 0xaedc, 0xaedc, 0xaedc, 0xaedc, 0xaedc, 0xaedc, 0xaedc, 0xaedc, 0xaedc, 0xaedc, 0xaedc, 0xaedc, 0xaedc, 
	0xaedc, 0xaedc, 0xaedc, 0xaedc, 0xaedc, 0xaedc, 0xaedc, 0xaedc, 0xaedc, 0xaedc, 0xaedc, 0xaedc, 0xaedc, 0xaedc, 0xaedc, 0xaedc, 
	0xaedc, 0xaedc, 0xaedc, 0xaedc, 0xaedc, 0xaedc, 0xaedc, 0xaedc, 0xaedc, 0xaedc, 0xaedc, 0xaedc, 0xaedc, 0xaedc, 0xaedc, 0xaedc, 
	0xaedc, 0xaedc, 0xaedc, 0xaedc, 0xaedc, 0xaedc, 0xaedc, 0xaedc, 0xaedc, 0xaedc, 0xaedc, 0xaedc, 0xaedc, 0xaedc, 0xaedc, 0xaedc, 
	0xaedc, 0xaedc, 0xaedc, 0xaedc, 0xaedc, 0xaedc, 0xaedc, 0xaedc, 0xaedc, 0xaedc, 0xaedc, 0xaedc, 0xaedc, 0xaedc, 0xaedc, 0xaedc, 
	0xaedc, 0xaedc, 0xaedc, 0xaedc, 0xaedc, 0xaedc, 0xaedc, 0xaedc, 0xaedc, 0xaedc, 0xaedc, 0xaedc, 0xaedc, 0xaedc, 0xaedc, 0xaedc, 
	0xaedc, 0xaedc, 0xaedc, 0xaedc, 0xaedc, 0xaedc, 0xaedc, 0xaedc, 0xaedc, 0xaedc, 0xaedc, 0xaedc, 0xaedc, 0xaedc, 0xaedc, 0xaedc, 
	0xaedc, 0xaedc, 0xaedc, 0xaedc, 0xaedc, 0xaedc, 0xaedc, 0xaedc, 0xaedc, 0xaedc, 0xaedc, 0xaedc, 0xaedc, 0xaedc, 0xaedc, 0xaedc, 
	0xaedc, 0xaedc, 0xaedc, 0xaedc, 0xaedc, 0xaedc, 0xaedc, 0xaedc, 0xaedc, 0xaedc, 0xaedc, 0xaedc, 0xaedc, 0xaedc, 0xaedc, 0xaedc, 
	0xaedc, 0xaedc, 0xaedc, 0xaedc, 0xaedc, 0xaedc, 0xaedc, 0xaedc, 0xaebc, 0xaedd, 0xaefd, 0xaedc, 0xaedc, 0xb6fd, 0xaedc, 0xae9b, 
	0xa639, 0x7cb3, 0x1104, 0x0020, 0x0000, 0x0000, 0x0000, 0x0021, 0x2211, 0x32b5, 0x32b6, 0x32b6, 0x32b6, 0x32b7, 0x3296, 0x32b5, 
	0x32d6, 0x32f5, 0x3335, 0x3355, 0x3375, 0x3375, 0x3355, 0x3356, 0x3375, 0x3375, 0x3375, 0x3375, 0x3375, 0x3375, 0x3375, 0x3375, 
	0x3355, 0x3376, 0x3375, 0x2b95, 0x2b75, 0x3375, 0x2ad1, 0x00c4, 0x0000, 0x0000, 0x0000, 0x0000, 0x1083, 0x7451, 0x9df9, 0xae9b, 
	0xaedc, 0xaedd, 0xaedd, 0xaedc, 0xaedc, 0xaedd, 0xaefd, 0xaefd, 0xaedc, 0xaedc, 0xaedc, 0xaedc, 0xaedc, 0xaedc, 0xaedc, 0xaedc, 
	0xaedc, 0xaedc, 0xaedc, 0xaedc, 0xaedc, 0xaedc, 0xaedc, 0xaedc, 0xaedc, 0xaedc, 0xaedc, 0xaedc, 0xaedc, 0xaedc, 0xaedc, 0xaedc, 
	0xaedc, 0xaedc, 0xaedc, 0xaedc, 0xaedc, 0xaedc, 0xaedc, 0xaedc, 0xaedc, 0xaedc, 0xaedc, 0xaedc, 0xaedc, 0xaedc, 0xaedc, 0xaedc, 
	0xaedc, 0xaedc, 0xaedc, 0xaedc, 0xaedc, 0xaedc, 0xaedc, 0xaedc, 0xaedc, 0xaedc, 0xaedc, 0xaedc, 0xaedc, 0xaedc, 0xaedc, 0xaedc, 
	0xaedc, 0xaedc, 0xaedc, 0xaedc, 0xaedc, 0xaedc, 0xaedc, 0xaedc, 0xaedc, 0xaedc, 0xaedc, 0xaedc, 0xaedc, 0xaedc, 0xaedc, 0xaedc, 
	0xaedc, 0xaedc, 0xaedc, 0xaedc, 0xaedc, 0xaedc, 0xaedc, 0xaedc, 0xaedc, 0xaedc, 0xaedc, 0xaedc, 0xaedc, 0xaedc, 0xaedc, 0xaedc, 
	0xaedc, 0xaedc, 0xaedc, 0xaedc, 0xaedc, 0xaedc, 0xaedc, 0xaedc, 0xaedc, 0xaedc, 0xaedc, 0xaedc, 0xaedc, 0xaedc, 0xaedc, 0xaedc, 
	0xaedc, 0xaedc, 0xaedc, 0xaedc, 0xaedc, 0xaedc, 0xaedc, 0xaedc, 0xaedc, 0xaedc, 0xaedc, 0xaedc, 0xaedc, 0xaedc, 0xaedc, 0xaedc, 
	0xaedc, 0xaedc, 0xaedc, 0xaedc, 0xaedc, 0xaedc, 0xaedc, 0xaedc, 0xaedc, 0xaedc, 0xaedc, 0xaedc, 0xaedc, 0xaedc, 0xaedc, 0xaedc, 
	0xaedc, 0xaedc, 0xaedc, 0xaedc, 0xaedc, 0xaedc, 0xaedc, 0xaedc, 0xaedc, 0xaedc, 0xaedc, 0xaedc, 0xaedc, 0xaedc, 0xaedc, 0xaedc, 
	0xaedc, 0xaedc, 0xaedc, 0xaedc, 0xaedc, 0xaedc, 0xaedc, 0xaedc, 0xaedc, 0xaedc, 0xaedc, 0xaedc, 0xaedc, 0xaedc, 0xaedc, 0xaedc, 
	0xaedc, 0xaedc, 0xaedc, 0xaedc, 0xaedc, 0xaedc, 0xaedc, 0xaedc, 0xaedc, 0xaedc, 0xaedc, 0xaedc, 0xaedc, 0xaedc, 0xaedc, 0xaedc, 
	0xaedc, 0xaedc, 0xaedc, 0xaedc, 0xaedc, 0xaedc, 0xaedc, 0xaedc, 0xaedd, 0xb6fd, 0xb6fd, 0xaebc, 0xa65a, 0x8d97, 0x6c52, 0x4b4d, 
	0x3a4a, 0x21a7, 0x0000, 0x0000, 0x0000, 0x0000, 0x0000, 0x0000, 0x0000, 0x0841, 0x0042, 0x0021, 0x0021, 0x0042, 0x0022, 0x0022, 
	0x0002, 0x0022, 0x0022, 0x0042, 0x0041, 0x0041, 0x0042, 0x0042, 0x0042, 0x0042, 0x0042, 0x0042, 0x0042, 0x0042, 0x0042, 0x0042, 
	0x0841, 0x0021, 0x0021, 0x0041, 0x0022, 0x0022, 0x0843, 0x0800, 0x0000, 0x0000, 0x0000, 0x0000, 0x0000, 0x1965, 0x326a, 0x4b0d, 
	0x6c52, 0x8535, 0xa63a, 0xb6dc, 0xb6dc, 0xaedc, 0xaedc, 0xaebc, 0xaedc, 0xaedc, 0xaedc, 0xaedc, 0xaedc, 0xaedc, 0xaedc, 0xaedc, 
	0xaedc, 0xaedc, 0xaedc, 0xaedc, 0xaedc, 0xaedc, 0xaedc, 0xaedc, 0xaedc, 0xaedc, 0xaedc, 0xaedc, 0xaedc, 0xaedc, 0xaedc, 0xaedc, 
	0xaedc, 0xaedc, 0xaedc, 0xaedc, 0xaedc, 0xaedc, 0xaedc, 0xaedc, 0xaedc, 0xaedc, 0xaedc, 0xaedc, 0xaedc, 0xaedc, 0xaedc, 0xaedc, 
	0xaedc, 0xaedc, 0xaedc, 0xaedc, 0xaedc, 0xaedc, 0xaedc, 0xaedc, 0xaedc, 0xaedc, 0xaedc, 0xaedc, 0xaedc, 0xaedc, 0xaedc, 0xaedc, 
	0xaedc, 0xaedc, 0xaedc, 0xaedc, 0xaedc, 0xaedc, 0xaedc, 0xaedc, 0xaedc, 0xaedc, 0xaedc, 0xaedc, 0xaedc, 0xaedc, 0xaedc, 0xaedc, 
	0xaedc, 0xaedc, 0xaedc, 0xaedc, 0xaedc, 0xaedc, 0xaedc, 0xaedc, 0xaedc, 0xaedc, 0xaedc, 0xaedc, 0xaedc, 0xaedc, 0xaedc, 0xaedc, 
	0xaedc, 0xaedc, 0xaedc, 0xaedc, 0xaedc, 0xaedc, 0xaedc, 0xaedc, 0xaedc, 0xaedc, 0xaedc, 0xaedc, 0xaedc, 0xaedc, 0xaedc, 0xaedc, 
	0xaedc, 0xaedc, 0xaedc, 0xaedc, 0xaedc, 0xaedc, 0xaedc, 0xaedc, 0xaedc, 0xaedc, 0xaedc, 0xaedc, 0xaedc, 0xaedc, 0xaedc, 0xaedc, 
	0xaedc, 0xaedc, 0xaedc, 0xaedc, 0xaedc, 0xaedc, 0xaedc, 0xaedc, 0xaedc, 0xaedc, 0xaedc, 0xaedc, 0xaedc, 0xaedc, 0xaedc, 0xaedc, 
	0xaedc, 0xaedc, 0xaedc, 0xaedc, 0xaedc, 0xaedc, 0xaedc, 0xaedc, 0xaedc, 0xaedc, 0xaedc, 0xaedc, 0xaedc, 0xaedc, 0xaedc, 0xaedc, 
	0xaedc, 0xaedc, 0xaedc, 0xaedc, 0xaedc, 0xaedc, 0xaedc, 0xaedc, 0xaedc, 0xaedc, 0xaedc, 0xaedc, 0xaedc, 0xaedc, 0xaedc, 0xaedc, 
	0xaedc, 0xaedc, 0xaedc, 0xaedc, 0xaedc, 0xaedc, 0xaedc, 0xaedc, 0xaedc, 0xaedc, 0xaedc, 0xaedc, 0xaedc, 0xaedc, 0xaedc, 0xaedc, 
	0xaedc, 0xaedc, 0xaedc, 0xaedc, 0xaedc, 0xaedc, 0xaedc, 0xaedc, 0xb6fd, 0xae9b, 0x9dd8, 0x7472, 0x4acc, 0x2166, 0x0882, 0x0021, 
	0x0000, 0x0000, 0x0000, 0x0020, 0x0000, 0x0000, 0x0000, 0x0020, 0x0000, 0x0000, 0x0000, 0x0000, 0x0000, 0x0000, 0x0000, 0x0000, 
	0x0000, 0x0000, 0x0000, 0x0000, 0x0000, 0x0000, 0x0000, 0x0000, 0x0000, 0x0000, 0x0000, 0x0000, 0x0000, 0x0000, 0x0000, 0x0000, 
	0x0000, 0x0000, 0x0000, 0x0000, 0x0000, 0x0000, 0x0001, 0x0000, 0x0000, 0x0000, 0x0000, 0x0000, 0x0000, 0x0000, 0x0000, 0x0000, 
	0x0882, 0x1945, 0x428a, 0x6c31, 0x95b7, 0xb6bc, 0xb6fd, 0xaedd, 0xaedc, 0xaedc, 0xaedc, 0xaedc, 0xaedc, 0xaedc, 0xaedc, 0xaedc, 
	0xaedc, 0xaedc, 0xaedc, 0xaedc, 0xaedc, 0xaedc, 0xaedc, 0xaedc, 0xaedc, 0xaedc, 0xaedc, 0xaedc, 0xaedc, 0xaedc, 0xaedc, 0xaedc, 
	0xaedc, 0xaedc, 0xaedc, 0xaedc, 0xaedc, 0xaedc, 0xaedc, 0xaedc, 0xaedc, 0xaedc, 0xaedc, 0xaedc, 0xaedc, 0xaedc, 0xaedc, 0xaedc, 
	0xaedc, 0xaedc, 0xaedc, 0xaedc, 0xaedc, 0xaedc, 0xaedc, 0xaedc, 0xaedc, 0xaedc, 0xaedc, 0xaedc, 0xaedc, 0xaedc, 0xaedc, 0xaedc, 
	0xaedc, 0xaedc, 0xaedc, 0xaedc, 0xaedc, 0xaedc, 0xaedc, 0xaedc, 0xaedc, 0xaedc, 0xaedc, 0xaedc, 0xaedc, 0xaedc, 0xaedc, 0xaedc, 
	0xaedc, 0xaedc, 0xaedc, 0xaedc, 0xaedc, 0xaedc, 0xaedc, 0xaedc, 0xaedc, 0xaedc, 0xaedc, 0xaedc, 0xaedc, 0xaedc, 0xaedc, 0xaedc, 
	0xaedc, 0xaedc, 0xaedc, 0xaedc, 0xaedc, 0xaedc, 0xaedc, 0xaedc, 0xaedc, 0xaedc, 0xaedc, 0xaedc, 0xaedc, 0xaedc, 0xaedc, 0xaedc, 
	0xaedc, 0xaedc, 0xaedc, 0xaedc, 0xaedc, 0xaedc, 0xaedc, 0xaedc, 0xaedc, 0xaedc, 0xaedc, 0xaedc, 0xaedc, 0xaedc, 0xaedc, 0xaedc, 
	0xaedc, 0xaedc, 0xaedc, 0xaedc, 0xaedc, 0xaedc, 0xaedc, 0xaedc, 0xaedc, 0xaedc, 0xaedc, 0xaedc, 0xaedc, 0xaedc, 0xaedc, 0xaedc, 
	0xaedc, 0xaedc, 0xaedc, 0xaedc, 0xaedc, 0xaedc, 0xaedc, 0xaedc, 0xaedc, 0xaedc, 0xaedc, 0xaedc, 0xaedc, 0xaedc, 0xaedc, 0xaedc, 
	0xaedc, 0xaedc, 0xaedc, 0xaedc, 0xaedc, 0xaedc, 0xaedc, 0xaedc, 0xaedc, 0xaedc, 0xaedc, 0xaedc, 0xaedc, 0xaedc, 0xaedc, 0xaedc, 
	0xaedc, 0xaedc, 0xaedc, 0xaedc, 0xaedc, 0xaedc, 0xaedc, 0xaedc, 0xaedc, 0xaedc, 0xaedc, 0xaedc, 0xaedc, 0xaedc, 0xaedc, 0xaedc, 
	0xaedc, 0xaedc, 0xaedc, 0xaedc, 0xaedc, 0xaedc, 0xaedc, 0xaedc, 0x9e19, 0x6c52, 0x322a, 0x08a4, 0x0021, 0x0000, 0x0000, 0x0000, 
	0x0000, 0x0000, 0x0020, 0x0000, 0x0000, 0x0000, 0x0000, 0x0000, 0x0000, 0x0000, 0x0000, 0x0000, 0x0000, 0x0000, 0x0000, 0x0000, 
	0x0000, 0x0000, 0x0000, 0x0000, 0x0000, 0x0000, 0x0000, 0x0000, 0x0000, 0x0000, 0x0000, 0x0000, 0x0000, 0x0000, 0x0000, 0x0000, 
	0x0000, 0x0001, 0x0000, 0x0000, 0x0000, 0x0000, 0x0000, 0x0000, 0x0000, 0x0000, 0x0000, 0x0000, 0x0000, 0x0000, 0x0000, 0x0000, 
	0x0000, 0x0000, 0x0000, 0x08a3, 0x29e8, 0x63f0, 0x95b8, 0xb6dc, 0xaedc, 0xaedc, 0xaedc, 0xaedc, 0xaedc, 0xaedc, 0xaedc, 0xaedc, 
	0xaedc, 0xaedc, 0xaedc, 0xaedc, 0xaedc, 0xaedc, 0xaedc, 0xaedc, 0xaedc, 0xaedc, 0xaedc, 0xaedc, 0xaedc, 0xaedc, 0xaedc, 0xaedc, 
	0xaedc, 0xaedc, 0xaedc, 0xaedc, 0xaedc, 0xaedc, 0xaedc, 0xaedc, 0xaedc, 0xaedc, 0xaedc, 0xaedc, 0xaedc, 0xaedc, 0xaedc, 0xaedc, 
	0xaedc, 0xaedc, 0xaedc, 0xaedc, 0xaedc, 0xaedc, 0xaedc, 0xaedc, 0xaedc, 0xaedc, 0xaedc, 0xaedc, 0xaedc, 0xaedc, 0xaedc, 0xaedc, 
	0xaedc, 0xaedc, 0xaedc, 0xaedc, 0xaedc, 0xaedc, 0xaedc, 0xaedc, 0xaedc, 0xaedc, 0xaedc, 0xaedc, 0xaedc, 0xaedc, 0xaedc, 0xaedc, 
	0xaedc, 0xaedc, 0xaedc, 0xaedc, 0xaedc, 0xaedc, 0xaedc, 0xaedc, 0xaedc, 0xaedc, 0xaedc, 0xaedc, 0xaedc, 0xaedc, 0xaedc, 0xaedc, 
	0xaedc, 0xaedc, 0xaedc, 0xaedc, 0xaedc, 0xaedc, 0xaedc, 0xaedc, 0xaedc, 0xaedc, 0xaedc, 0xaedc, 0xaedc, 0xaedc, 0xaedc, 0xaedc, 
	0xaedc, 0xaedc, 0xaedc, 0xaedc, 0xaedc, 0xaedc, 0xaedc, 0xaedc, 0xaedc, 0xaedc, 0xaedc, 0xaedc, 0xaedc, 0xaedc, 0xaedc, 0xaedc, 
	0xaedc, 0xaedc, 0xaedc, 0xaedc, 0xaedc, 0xaedc, 0xaedc, 0xaedc, 0xaedc, 0xaedc, 0xaedc, 0xaedc, 0xaedc, 0xaedc, 0xaedc, 0xaedc, 
	0xaedc, 0xaedc, 0xaedc, 0xaedc, 0xaedc, 0xaedc, 0xaedc, 0xaedc, 0xaedc, 0xaedc, 0xaedc, 0xaedc, 0xaedc, 0xaedc, 0xaedc, 0xaedc, 
	0xaedc, 0xaedc, 0xaedc, 0xaedc, 0xaedc, 0xaefd, 0xaedd, 0xaedd, 0xaedc, 0xaedc, 0xaedd, 0xaedd, 0xaedd, 0xaedd, 0xaedd, 0xaedd, 
	0xaebc, 0xb6dc, 0xaedc, 0xaebc, 0xaedd, 0xb6fd, 0xaedc, 0xaedc, 0xaedc, 0xaedc, 0xaedc, 0xaedc, 0xaedc, 0xaedc, 0xaedc, 0xaedc, 
	0xa6fc, 0xaedc, 0xb6bd, 0xb6dd, 0xaedc, 0xaefc, 0xae9b, 0x84d4, 0x42ab, 0x08c3, 0x0000, 0x0020, 0x0000, 0x0000, 0x0020, 0x0000, 
	0x0000, 0x0000, 0x0000, 0x0000, 0x0000, 0x0000, 0x0000, 0x0000, 0x0000, 0x0000, 0x0000, 0x0000, 0x0000, 0x0000, 0x0000, 0x0000, 
	0x0000, 0x0000, 0x0000, 0x0000, 0x0000, 0x0000, 0x0000, 0x0000, 0x0000, 0x0000, 0x0000, 0x0000, 0x0000, 0x0000, 0x0000, 0x0000, 
	0x0000, 0x0000, 0x0000, 0x0000, 0x0000, 0x0000, 0x0000, 0x0000, 0x0000, 0x0001, 0x0000, 0x0000, 0x0000, 0x0000, 0x0000, 0x0000, 
	0x0001, 0x0000, 0x0000, 0x0000, 0x0000, 0x0862, 0x3229, 0x7c93, 0xa67b, 0xb6fd, 0xaedc, 0xaebc, 0xb6fd, 0xaedc, 0xaebc, 0xaedc, 
	0xaedc, 0xaedc, 0xaedc, 0xaedc, 0xaedc, 0xaedc, 0xaedc, 0xaedc, 0xaedc, 0xaedc, 0xaedc, 0xaedc, 0xaedc, 0xaedc, 0xaedc, 0xaedc, 
	0xaedc, 0xaedc, 0xaedc, 0xaedc, 0xaedc, 0xaedc, 0xaedc, 0xaedc, 0xaedc, 0xaedc, 0xaedc, 0xaedc, 0xaedc, 0xaedc, 0xaedc, 0xaedc, 
	0xaedc, 0xaedc, 0xaedc, 0xaedc, 0xaedc, 0xaedc, 0xaedc, 0xaedc, 0xaedc, 0xaedc, 0xaedc, 0xaedc, 0xaedc, 0xaedc, 0xaedc, 0xaedc, 
	0xaedc, 0xaedc, 0xaedc, 0xaedc, 0xaedc, 0xaedc, 0xaedc, 0xaedc, 0xaedc, 0xaedc, 0xaedc, 0xaedc, 0xaedc, 0xaedc, 0xaedc, 0xaedc, 
	0xaedc, 0xaedc, 0xaedc, 0xaedc, 0xaedc, 0xaedc, 0xaedc, 0xaedc, 0xaedc, 0xaedc, 0xaedc, 0xaedc, 0xaedc, 0xaedc, 0xaedc, 0xaedc, 
	0xaedc, 0xaedc, 0xaedc, 0xaedc, 0xaedc, 0xaedc, 0xaedc, 0xaedc, 0xaedc, 0xaedc, 0xaedc, 0xaedc, 0xaedc, 0xaedc, 0xaedc, 0xaedc, 
	0xaedc, 0xaedc, 0xaedc, 0xaedc, 0xaedc, 0xaedc, 0xaedc, 0xaedc, 0xaedc, 0xaedc, 0xaedc, 0xaedc, 0xaedc, 0xaedc, 0xaedc, 0xaedc, 
	0xaedc, 0xaedc, 0xaedc, 0xaedc, 0xaedc, 0xaedc, 0xaedc, 0xaedc, 0xaedc, 0xaedc, 0xaedc, 0xaedc, 0xaedc, 0xaedc, 0xaedc, 0xaedc, 
	0xaedc, 0xaedc, 0xaedc, 0xaedc, 0xaedc, 0xaedc, 0xaedc, 0xaedc, 0xaedc, 0xaedc, 0xaedc, 0xaedc, 0xaedc, 0xaedc, 0xaedc, 0xaedc, 
	0xaedc, 0xaedd, 0xb6dd, 0xb6dd, 0xaedc, 0xaedc, 0xaedc, 0xb6dc, 0xaebc, 0xaedc, 0xb6dd, 0xb6dd, 0xb6dd, 0xaedc, 0xaedc, 0xb6dc, 
	0xaedd, 0xaedd, 0xaedd, 0xb6fd, 0xaedc, 0xaebc, 0xaedc, 0xaefd, 0xaedc, 0xaedc, 0xaedc, 0xaedc, 0xaedc, 0xaedc, 0xaedc, 0xaedc, 
	0xaedc, 0xaedc, 0xb6dd, 0xaedc, 0xaedc, 0x9e19, 0x63d0, 0x1925, 0x0000, 0x0000, 0x0000, 0x0000, 0x0000, 0x0000, 0x0000, 0x0000, 
	0x0020, 0x0020, 0x0020, 0x0001, 0x0000, 0x0000, 0x0000, 0x0000, 0x0000, 0x0000, 0x0000, 0x0000, 0x0000, 0x0000, 0x0000, 0x0000, 
	0x0000, 0x0000, 0x0000, 0x0000, 0x0000, 0x0000, 0x0000, 0x0000, 0x0000, 0x0000, 0x0000, 0x0000, 0x0000, 0x0000, 0x0000, 0x0000, 
	0x0000, 0x0000, 0x0000, 0x0000, 0x0000, 0x0000, 0x0000, 0x0000, 0x0000, 0x0000, 0x0000, 0x0000, 0x0000, 0x0000, 0x0000, 0x0000, 
	0x0000, 0x0000, 0x0000, 0x0020, 0x0000, 0x0000, 0x0000, 0x1104, 0x532e, 0x9dd8, 0xaedc, 0xaedc, 0xaedd, 0xaebc, 0xb6fd, 0xaefd, 
	0xaedc, 0xaedc, 0xaedc, 0xaedc, 0xaedc, 0xaedc, 0xaedc, 0xaedc, 0xaedc, 0xaedc, 0xaedc, 0xaedc, 0xaedc, 0xaedc, 0xaedc, 0xaedc, 
	0xaedc, 0xaedc, 0xaedc, 0xaedc, 0xaedc, 0xaedc, 0xaedc, 0xaedc, 0xaedc, 0xaedc, 0xaedc, 0xaedc, 0xaedc, 0xaedc, 0xaedc, 0xaedc, 
	0xaedc, 0xaedc, 0xaedc, 0xaedc, 0xaedc, 0xaedc, 0xaedc, 0xaedc, 0xaedc, 0xaedc, 0xaedc, 0xaedc, 0xaedc, 0xaedc, 0xaedc, 0xaedc, 
	0xaedc, 0xaedc, 0xaedc, 0xaedc, 0xaedc, 0xaedc, 0xaedc, 0xaedc, 0xaedc, 0xaedc, 0xaedc, 0xaedc, 0xaedc, 0xaedc, 0xaedc, 0xaedc, 
	0xaedc, 0xaedc, 0xaedc, 0xaedc, 0xaedc, 0xaedc, 0xaedc, 0xaedc, 0xaedc, 0xaedc, 0xaedc, 0xaedc, 0xaedc, 0xaedc, 0xaedc, 0xaedc, 
	0xaedc, 0xaedc, 0xaedc, 0xaedc, 0xaedc, 0xaedc, 0xaedc, 0xaedc, 0xaedc, 0xaedc, 0xaedc, 0xaedc, 0xaedc, 0xaedc, 0xaedc, 0xaedc, 
	0xaedc, 0xaedc, 0xaedc, 0xaedc, 0xaedc, 0xaedc, 0xaedc, 0xaedc, 0xaedc, 0xaedc, 0xaedc, 0xaedc, 0xaedc, 0xaedc, 0xaedc, 0xaedc, 
	0xaedc, 0xaedc, 0xaedc, 0xaedc, 0xaedc, 0xaedc, 0xaedc, 0xaedc, 0xaedc, 0xaedc, 0xaedc, 0xaedc, 0xaedc, 0xaedc, 0xaedc, 0xaedc, 
	0xaedc, 0xaedc, 0xaedc, 0xaedc, 0xaedc, 0xaedc, 0xaedc, 0xaedc, 0xaedc, 0xaedc, 0xaedc, 0xaedc, 0xaedc, 0xaedc, 0xaedc, 0xaedc, 
	0xaebd, 0xaebd, 0xaedc, 0xb6dd, 0xb6dc, 0xaedc, 0xaedc, 0xb6dc, 0xb6fd, 0xb6dc, 0xb6dc, 0xb6dc, 0xaedc, 0xaebc, 0xb6dc, 0xb6dd, 
	0xaedd, 0xaebc, 0xaedc, 0xb6fd, 0xaedd, 0xaedc, 0xaedc, 0xaedd, 0xaedc, 0xaedc, 0xaedc, 0xaedc, 0xaedc, 0xaedc, 0xaedc, 0xaedc, 
	0xb6bc, 0xb6dd, 0xaedc, 0xaedc, 0x95b8, 0x4aec, 0x10a3, 0x0000, 0x0800, 0x0000, 0x0000, 0x0000, 0x0000, 0x0800, 0x0000, 0x0000, 
	0x0020, 0x0862, 0x08a4, 0x08c5, 0x08e5, 0x0905, 0x1125, 0x1125, 0x1125, 0x1125, 0x1125, 0x1125, 0x1125, 0x1125, 0x1125, 0x1125, 
	0x1125, 0x1125, 0x1125, 0x1125, 0x1125, 0x1125, 0x1125, 0x1125, 0x1125, 0x1125, 0x1125, 0x1125, 0x1125, 0x1125, 0x1125, 0x1125, 
	0x1125, 0x1125, 0x1125, 0x1125, 0x0925, 0x0925, 0x0925, 0x1125, 0x1146, 0x0925, 0x0925, 0x10e5, 0x08c4, 0x00a3, 0x0061, 0x0000, 
	0x0000, 0x0000, 0x0000, 0x0000, 0x0000, 0x0000, 0x0000, 0x0000, 0x0862, 0x3249, 0x8d56, 0xaedc, 0xaedd, 0xaedd, 0xaebc, 0xaedc, 
	0xaedc, 0xaedc, 0xaedc, 0xaedc, 0xaedc, 0xaedc, 0xaedc, 0xaedc, 0xaedc, 0xaedc, 0xaedc, 0xaedc, 0xaedc, 0xaedc, 0xaedc, 0xaedc, 
	0xaedc, 0xaedc, 0xaedc, 0xaedc, 0xaedc, 0xaedc, 0xaedc, 0xaedc, 0xaedc, 0xaedc, 0xaedc, 0xaedc, 0xaedc, 0xaedc, 0xaedc, 0xaedc, 
	0xaedc, 0xaedc, 0xaedc, 0xaedc, 0xaedc, 0xaedc, 0xaedc, 0xaedc, 0xaedc, 0xaedc, 0xaedc, 0xaedc, 0xaedc, 0xaedc, 0xaedc, 0xaedc, 
	0xaedc, 0xaedc, 0xaedc, 0xaedc, 0xaedc, 0xaedc, 0xaedc, 0xaedc, 0xaedc, 0xaedc, 0xaedc, 0xaedc, 0xaedc, 0xaedc, 0xaedc, 0xaedc, 
	0xaedc, 0xaedc, 0xaedc, 0xaedc, 0xaedc, 0xaedc, 0xaedc, 0xaedc, 0xaedc, 0xaedc, 0xaedc, 0xaedc, 0xaedc, 0xaedc, 0xaedc, 0xaedc, 
	0xaedc, 0xaedc, 0xaedc, 0xaedc, 0xaedc, 0xaedc, 0xaedc, 0xaedc, 0xaedc, 0xaedc, 0xaedc, 0xaedc, 0xaedc, 0xaedc, 0xaedc, 0xaedc, 
	0xaedc, 0xaedc, 0xaedc, 0xaedc, 0xaedc, 0xaedc, 0xaedc, 0xaedc, 0xaedc, 0xaedc, 0xaedc, 0xaedc, 0xaedc, 0xaedc, 0xaedc, 0xaedc, 
	0xaedc, 0xaedc, 0xaedc, 0xaedc, 0xaedc, 0xaedc, 0xaedc, 0xaedc, 0xaedc, 0xaedc, 0xaedc, 0xaedc, 0xaedc, 0xaedc, 0xaedc, 0xaedc, 
	0xaedc, 0xaedc, 0xaedc, 0xaedc, 0xaedc, 0xaedc, 0xaedc, 0xaedc, 0xaedc, 0xaedc, 0xaedc, 0xaedc, 0xaedc, 0xaedc, 0xaedc, 0xaedc, 
	0xaedd, 0xaedd, 0xaedc, 0xaedc, 0xaedc, 0xaedc, 0xaedc, 0xaefd, 0xaebc, 0xaebc, 0xaedc, 0xb6fd, 0xb6fd, 0xaedd, 0xaedc, 0xaedc, 
	0xb6fd, 0xaedd, 0xaedd, 0xaedc, 0xaedc, 0xaedd, 0xb6fd, 0xaedc, 0xaedc, 0xaedc, 0xaedc, 0xaedc, 0xaedc, 0xaedc, 0xaedc, 0xaedc, 
	0xb6fd, 0xaedd, 0xaedc, 0x8d76, 0x3a8a, 0x0862, 0x0000, 0x0000, 0x0000, 0x0000, 0x0001, 0x0000, 0x0000, 0x0000, 0x08c5, 0x1189, 
	0x2250, 0x2ad2, 0x3bb6, 0x4499, 0x4d1a, 0x4d5a, 0x4d7a, 0x455a, 0x455a, 0x455a, 0x455a, 0x455a, 0x455a, 0x455a, 0x455a, 0x455a, 
	0x455a, 0x455a, 0x455a, 0x455a, 0x455a, 0x455a, 0x455a, 0x455a, 0x455a, 0x455a, 0x455a, 0x455a, 0x455a, 0x455a, 0x455a, 0x455a, 
	0x455a, 0x455a, 0x455a, 0x455a, 0x455a, 0x455a, 0x455a, 0x455a, 0x455b, 0x3d7b, 0x457b, 0x44f9, 0x4477, 0x33f4, 0x2b0f, 0x19c9, 
	0x0925, 0x0062, 0x0000, 0x0000, 0x0000, 0x0000, 0x0000, 0x0000, 0x0000, 0x0000, 0x3209, 0x8515, 0xaebc, 0xaefd, 0xaedd, 0xb6dd, 
	0xaedc, 0xaedc, 0xaedc, 0xaedc, 0xaedc, 0xaedc, 0xaedc, 0xaedc, 0xaedc, 0xaedc, 0xaedc, 0xaedc, 0xaedc, 0xaedc, 0xaedc, 0xaedc, 
	0xaedc, 0xaedc, 0xaedc, 0xaedc, 0xaedc, 0xaedc, 0xaedc, 0xaedc, 0xaedc, 0xaedc, 0xaedc, 0xaedc, 0xaedc, 0xaedc, 0xaedc, 0xaedc, 
	0xaedc, 0xaedc, 0xaedc, 0xaedc, 0xaedc, 0xaedc, 0xaedc, 0xaedc, 0xaedc, 0xaedc, 0xaedc, 0xaedc, 0xaedc, 0xaedc, 0xaedc, 0xaedc, 
	0xaedc, 0xaedc, 0xaedc, 0xaedc, 0xaedc, 0xaedc, 0xaedc, 0xaedc, 0xaedc, 0xaedc, 0xaedc, 0xaedc, 0xaedc, 0xaedc, 0xaedc, 0xaedc, 
	0xaedc, 0xaedc, 0xaedc, 0xaedc, 0xaedc, 0xaedc, 0xaedc, 0xaedc, 0xaedc, 0xaedc, 0xaedc, 0xaedc, 0xaedc, 0xaedc, 0xaedc, 0xaedc, 
	0xaedc, 0xaedc, 0xaedc, 0xaedc, 0xaedc, 0xaedc, 0xaedc, 0xaedc, 0xaedc, 0xaedc, 0xaedc, 0xaedc, 0xaedc, 0xaedc, 0xaedc, 0xaedc, 
	0xaedc, 0xaedc, 0xaedc, 0xaedc, 0xaedc, 0xaedc, 0xaedc, 0xaedc, 0xaedc, 0xaedc, 0xaedc, 0xaedc, 0xaedc, 0xaedc, 0xaedc, 0xaedc, 
	0xaedc, 0xaedc, 0xaedc, 0xaedc, 0xaedc, 0xaedc, 0xaedc, 0xaedc, 0xaedc, 0xaedc, 0xaedc, 0xaedc, 0xaedc, 0xaedc, 0xaedc, 0xaedc, 
	0xaedc, 0xaedc, 0xaedc, 0xaedc, 0xaedc, 0xaedc, 0xaedc, 0xaedc, 0xaedc, 0xaedc, 0xaedc, 0xaedc, 0xaedc, 0xaedc, 0xaedc, 0xaedc, 
	0xaedd, 0xaedd, 0xaedd, 0xaefd, 0xaefd, 0xaedd, 0xaedd, 0xaefd, 0xb71d, 0xb6fd, 0xaefd, 0xaedc, 0xaedc, 0xaefd, 0xaedd, 0xaedd, 
	0xaebc, 0xaedc, 0xaedc, 0xaefd, 0xaedd, 0xaedc, 0xaedc, 0xaedc, 0xaedc, 0xaedc, 0xaedc, 0xaedc, 0xaedc, 0xaedc, 0xaedc, 0xaedc, 
	0xaefd, 0xaebc, 0x95b7, 0x428b, 0x0021, 0x0000, 0x0000, 0x0000, 0x0020, 0x0020, 0x0000, 0x0001, 0x1106, 0x222d, 0x3374, 0x447b, 
	0x4cbc, 0x4cdd, 0x4d3e, 0x4dde, 0x4e1e, 0x4e3e, 0x4e3e, 0x563f, 0x4e3e, 0x4e3e, 0x4e3e, 0x4e3e, 0x4e3e, 0x4e3e, 0x4e3e, 0x4e3e, 
	0x4e3e, 0x4e3e, 0x4e3e, 0x4e3e, 0x4e3e, 0x4e3e, 0x4e3e, 0x4e3e, 0x4e3e, 0x4e3e, 0x4e3e, 0x4e3e, 0x4e3e, 0x4e3e, 0x4e3e, 0x4e3e, 
	0x563e, 0x563e, 0x563e, 0x563e, 0x563e, 0x563e, 0x563e, 0x563e, 0x5dff, 0x55fe, 0x561d, 0x563d, 0x563d, 0x4e1d, 0x4dfc, 0x559b, 
	0x3c56, 0x230f, 0x1187, 0x0042, 0x0000, 0x0000, 0x0000, 0x0000, 0x0020, 0x0000, 0x0001, 0x31c8, 0x8d35, 0xaedc, 0xaedd, 0xb6dd, 
	0xaedc, 0xaedc, 0xaedc, 0xaedc, 0xaedc, 0xaedc, 0xaedc, 0xaedc, 0xaedc, 0xaedc, 0xaedc, 0xaedc, 0xaedc, 0xaedc, 0xaedc, 0xaedc, 
	0xaedc, 0xaedc, 0xaedc, 0xaedc, 0xaedc, 0xaedc, 0xaedc, 0xaedc, 0xaedc, 0xaedc, 0xaedc, 0xaedc, 0xaedc, 0xaedc, 0xaedc, 0xaedc, 
	0xaedc, 0xaedc, 0xaedc, 0xaedc, 0xaedc, 0xaedc, 0xaedc, 0xaedc, 0xaedc, 0xaedc, 0xaedc, 0xaedc, 0xaedc, 0xaedc, 0xaedc, 0xaedc, 
	0xaedc, 0xaedc, 0xaedc, 0xaedc, 0xaedc, 0xaedc, 0xaedc, 0xaedc, 0xaedc, 0xaedc, 0xaedc, 0xaedc, 0xaedc, 0xaedc, 0xaedc, 0xaedc, 
	0xaedc, 0xaedc, 0xaedc, 0xaedc, 0xaedc, 0xaedc, 0xaedc, 0xaedc, 0xaedc, 0xaedc, 0xaedc, 0xaedc, 0xaedc, 0xaedc, 0xaedc, 0xaedc, 
	0xaedc, 0xaedc, 0xaedc, 0xaedc, 0xaedc, 0xaedc, 0xaedc, 0xaedc, 0xaedc, 0xaedc, 0xaedc, 0xaedc, 0xaedc, 0xaedc, 0xaedc, 0xaedc, 
	0xaedc, 0xaedc, 0xaedc, 0xaedc, 0xaedc, 0xaedc, 0xaedc, 0xaedc, 0xaedc, 0xaedc, 0xaedc, 0xaedc, 0xaedc, 0xaedc, 0xaedc, 0xaedc, 
	0xaedc, 0xaedc, 0xaedc, 0xaedc, 0xaedc, 0xaedc, 0xaedc, 0xaedc, 0xaedc, 0xaedc, 0xaedc, 0xaedc, 0xaedc, 0xaedc, 0xaedc, 0xaedc, 
	0xaedc, 0xaedc, 0xaedc, 0xaedc, 0xaedc, 0xaedc, 0xaedc, 0xaedc, 0xaedc, 0xaedc, 0xaedc, 0xaedc, 0xaedc, 0xaedc, 0xaedc, 0xaedc, 
	0xaedc, 0xaedc, 0xaedc, 0xaedc, 0xb6dc, 0xaebc, 0xa67b, 0x9e3a, 0x95d8, 0x9dd8, 0x9dd8, 0x9df9, 0x9e39, 0xa67b, 0xaebc, 0xb6dd, 
	0xb6fd, 0xb6fd, 0xaedc, 0xaedd, 0xb6fd, 0xaedc, 0xaebc, 0xaedc, 0xaedc, 0xaedc, 0xaedc, 0xaedc, 0xaedc, 0xaedc, 0xaedc, 0xaedc, 
	0xaefc, 0x9e18, 0x42cb, 0x0041, 0x0000, 0x0000, 0x0000, 0x0020, 0x0000, 0x0000, 0x0084, 0x220c, 0x3b96, 0x4c9c, 0x4cff, 0x44df, 
	0x4cff, 0x4d3e, 0x4dbe, 0x4e3e, 0x4e5e, 0x4e3d, 0x4e1d, 0x4dfe, 0x4e1e, 0x4e1e, 0x4e1e, 0x4e1e, 0x4e1e, 0x4e1e, 0x4e1e, 0x4e1e, 
	0x4e1e, 0x4e1e, 0x4e1e, 0x4e1e, 0x4e1e, 0x4e1e, 0x4e1e, 0x4e1e, 0x4e1e, 0x4e1e, 0x4e1e, 0x4e1e, 0x4e1e, 0x4e1e, 0x4e1e, 0x4e1e, 
	0x563e, 0x561e, 0x4e1e, 0x4e1e, 0x563e, 0x561e, 0x561e, 0x561e, 0x4e5e, 0x665e, 0x869e, 0x9efe, 0x96de, 0x7e7e, 0x5e3e, 0x4e3f, 
	0x4e3f, 0x4dbc, 0x44b7, 0x22ee, 0x0905, 0x0000, 0x0000, 0x0800, 0x0020, 0x0000, 0x0800, 0x0001, 0x3a4a, 0x9597, 0xb6dc, 0xaebc, 
	0xaedc, 0xaedc, 0xaedc, 0xaedc, 0xaedc, 0xaedc, 0xaedc, 0xaedc, 0xaedc, 0xaedc, 0xaedc, 0xaedc, 0xaedc, 0xaedc, 0xaedc, 0xaedc, 
	0xaedc, 0xaedc, 0xaedc, 0xaedc, 0xaedc, 0xaedc, 0xaedc, 0xaedc, 0xaedc, 0xaedc, 0xaedc, 0xaedc, 0xaedc, 0xaedc, 0xaedc, 0xaedc, 
	0xaedc, 0xaedc, 0xaedc, 0xaedc, 0xaedc, 0xaedc, 0xaedc, 0xaedc, 0xaedc, 0xaedc, 0xaedc, 0xaedc, 0xaedc, 0xaedc, 0xaedc, 0xaedc, 
	0xaedc, 0xaedc, 0xaedc, 0xaedc, 0xaedc, 0xaedc, 0xaedc, 0xaedc, 0xaedc, 0xaedc, 0xaedc, 0xaedc, 0xaedc, 0xaedc, 0xaedc, 0xaedc, 
	0xaedc, 0xaedc, 0xaedc, 0xaedc, 0xaedc, 0xaedc, 0xaedc, 0xaedc, 0xaedc, 0xaedc, 0xaedc, 0xaedc, 0xaedc, 0xaedc, 0xaedc, 0xaedc, 
	0xaedc, 0xaedc, 0xaedc, 0xaedc, 0xaedc, 0xaedc, 0xaedc, 0xaedc, 0xaedc, 0xaedc, 0xaedc, 0xaedc, 0xaedc, 0xaedc, 0xaedc, 0xaedc, 
	0xaedc, 0xaedc, 0xaedc, 0xaedc, 0xaedc, 0xaedc, 0xaedc, 0xaedc, 0xaedc, 0xaedc, 0xaedc, 0xaedc, 0xaedc, 0xaedc, 0xaedc, 0xaedc, 
	0xaedc, 0xaedc, 0xaedc, 0xaedc, 0xaedc, 0xaedc, 0xaedc, 0xaedc, 0xaedc, 0xaedc, 0xaedc, 0xaedc, 0xaedc, 0xaedc, 0xaedc, 0xaedc, 
	0xaedc, 0xaedc, 0xaedc, 0xaedc, 0xaedc, 0xaedc, 0xaedc, 0xaedc, 0xaedc, 0xaedc, 0xaedc, 0xaedc, 0xaedc, 0xaedc, 0xaedc, 0xaedc, 
	0xaedc, 0xb6fd, 0xb6dc, 0xa65a, 0x9576, 0x7451, 0x4b0c, 0x3209, 0x2166, 0x1945, 0x1945, 0x21a6, 0x3249, 0x532d, 0x7473, 0x9577, 
	0xa65a, 0xb6dc, 0xb6dc, 0xaebc, 0xaedc, 0xaedc, 0xaedc, 0xb6fd, 0xaedc, 0xaedc, 0xaedc, 0xaedc, 0xaedc, 0xaedc, 0xaedc, 0xaedc, 
	0xa659, 0x5baf, 0x0882, 0x0000, 0x0000, 0x0000, 0x0040, 0x0000, 0x0001, 0x1127, 0x2b12, 0x449b, 0x44df, 0x44df, 0x4cff, 0x44de, 
	0x4cde, 0x4d5e, 0x55bd, 0x4e1d, 0x4e3e, 0x4e3e, 0x4e3e, 0x563e, 0x4e1e, 0x4e1e, 0x4e1e, 0x4e1e, 0x4e1e, 0x4e1e, 0x4e1e, 0x4e1e, 
	0x4e1e, 0x4e1e, 0x4e1e, 0x4e1e, 0x4e1e, 0x4e1e, 0x4e1e, 0x4e1e, 0x4e1e, 0x4e1e, 0x4e1e, 0x4e1e, 0x4e1e, 0x4e1e, 0x4e1e, 0x4e1e, 
	0x4e1e, 0x4e1e, 0x4e1e, 0x4e3e, 0x4e1e, 0x4e1e, 0x561e, 0x563e, 0x7e5c, 0xb71e, 0xe79f, 0xef7d, 0xe77d, 0xdf7f, 0xb73e, 0x86bc, 
	0x663d, 0x563e, 0x565e, 0x55dc, 0x3c13, 0x11a8, 0x0021, 0x0000, 0x0000, 0x0000, 0x0000, 0x0000, 0x0021, 0x42ab, 0xa63a, 0xaedc, 
	0xaedc, 0xaedc, 0xaedc, 0xaedc, 0xaedc, 0xaedc, 0xaedc, 0xaedc, 0xaedc, 0xaedc, 0xaedc, 0xaedc, 0xaedc, 0xaedc, 0xaedc, 0xaedc, 
	0xaedc, 0xaedc, 0xaedc, 0xaedc, 0xaedc, 0xaedc, 0xaedc, 0xaedc, 0xaedc, 0xaedc, 0xaedc, 0xaedc, 0xaedc, 0xaedc, 0xaedc, 0xaedc, 
	0xaedc, 0xaedc, 0xaedc, 0xaedc, 0xaedc, 0xaedc, 0xaedc, 0xaedc, 0xaedc, 0xaedc, 0xaedc, 0xaedc, 0xaedc, 0xaedc, 0xaedc, 0xaedc, 
	0xaedc, 0xaedc, 0xaedc, 0xaedc, 0xaedc, 0xaedc, 0xaedc, 0xaedc, 0xaedc, 0xaedc, 0xaedc, 0xaedc, 0xaedc, 0xaedc, 0xaedc, 0xaedc, 
	0xaedc, 0xaedc, 0xaedc, 0xaedc, 0xaedc, 0xaedc, 0xaedc, 0xaedc, 0xaedc, 0xaedc, 0xaedc, 0xaedc, 0xaedc, 0xaedc, 0xaedc, 0xaedc, 
	0xaedc, 0xaedc, 0xaedc, 0xaedc, 0xaedc, 0xaedc, 0xaedc, 0xaedc, 0xaedc, 0xaedc, 0xaedc, 0xaedc, 0xaedc, 0xaedc, 0xaedc, 0xaedc, 
	0xaedc, 0xaedc, 0xaedc, 0xaedc, 0xaedc, 0xaedc, 0xaedc, 0xaedc, 0xaedc, 0xaedc, 0xaedc, 0xaedc, 0xaedc, 0xaedc, 0xaedc, 0xaedc, 
	0xaedc, 0xaedc, 0xaedc, 0xaedc, 0xaedc, 0xaedc, 0xaedc, 0xaedc, 0xaedc, 0xaedc, 0xaedc, 0xaedc, 0xaedc, 0xaedc, 0xaedc, 0xaedc, 
	0xaedc, 0xaedc, 0xaedc, 0xaedc, 0xaedc, 0xaedc, 0xaedc, 0xaedc, 0xaedc, 0xaedc, 0xaedc, 0xaedc, 0xaedc, 0xaedc, 0xaedc, 0xaedc, 
	0xaedd, 0xa67b, 0x8536, 0x4b4e, 0x1986, 0x0062, 0x0020, 0x0000, 0x0000, 0x0000, 0x0000, 0x0000, 0x0000, 0x0000, 0x08c3, 0x2187, 
	0x4b8f, 0x8d76, 0xaebb, 0xaedc, 0xaedc, 0xb6fd, 0xaedd, 0xaedd, 0xaedc, 0xaedc, 0xaedc, 0xaedc, 0xaedc, 0xaedc, 0xaedc, 0xaedc, 
	0x7492, 0x10e4, 0x0000, 0x0000, 0x0000, 0x0020, 0x0000, 0x0821, 0x1189, 0x3b75, 0x4cbd, 0x44ff, 0x4cff, 0x4cbd, 0x4cdd, 0x4cff, 
	0x44fe, 0x559e, 0x561e, 0x563e, 0x4e1e, 0x4e1f, 0x561e, 0x561d, 0x4e3e, 0x4e3e, 0x4e3e, 0x4e3e, 0x4e3e, 0x4e3e, 0x4e3e, 0x4e3e, 
	0x4e3e, 0x4e3e, 0x4e3e, 0x4e3e, 0x4e3e, 0x4e3e, 0x4e3e, 0x4e3e, 0x4e3e, 0x4e3e, 0x4e3e, 0x4e3e, 0x4e3e, 0x4e3e, 0x4e3e, 0x4e3e, 
	0x4e3e, 0x4e1d, 0x4e3e, 0x4e3e, 0x4e1d, 0x561d, 0x5e3e, 0x665f, 0xc75e, 0xe77f, 0xf77e, 0xef9d, 0xf79e, 0xff7e, 0xf75e, 0xdf7e, 
	0xa6ff, 0x7e7d, 0x563d, 0x463f, 0x4e1e, 0x4cb8, 0x224b, 0x0081, 0x0000, 0x0000, 0x0020, 0x0020, 0x0000, 0x10a4, 0x63b0, 0xaebc, 
	0xaedc, 0xaedc, 0xaedc, 0xaedc, 0xaedc, 0xaedc, 0xaedc, 0xaedc, 0xaedc, 0xaedc, 0xaedc, 0xaedc, 0xaedc, 0xaedc, 0xaedc, 0xaedc, 
	0xaedc, 0xaedc, 0xaedc, 0xaedc, 0xaedc, 0xaedc, 0xaedc, 0xaedc, 0xaedc, 0xaedc, 0xaedc, 0xaedc, 0xaedc, 0xaedc, 0xaedc, 0xaedc, 
	0xaedc, 0xaedc, 0xaedc, 0xaedc, 0xaedc, 0xaedc, 0xaedc, 0xaedc, 0xaedc, 0xaedc, 0xaedc, 0xaedc, 0xaedc, 0xaedc, 0xaedc, 0xaedc, 
	0xaedc, 0xaedc, 0xaedc, 0xaedc, 0xaedc, 0xaedc, 0xaedc, 0xaedc, 0xaedc, 0xaedc, 0xaedc, 0xaedc, 0xaedc, 0xaedc, 0xaedc, 0xaedc, 
	0xaedc, 0xaedc, 0xaedc, 0xaedc, 0xaedc, 0xaedc, 0xaedc, 0xaedc, 0xaedc, 0xaedc, 0xaedc, 0xaedc, 0xaedc, 0xaedc, 0xaedc, 0xaedc, 
	0xaedc, 0xaedc, 0xaedc, 0xaedc, 0xaedc, 0xaedc, 0xaedc, 0xaedc, 0xaedc, 0xaedc, 0xaedc, 0xaedc, 0xaedc, 0xaedc, 0xaedc, 0xaedc, 
	0xaedc, 0xaedc, 0xaedc, 0xaedc, 0xaedc, 0xaedc, 0xaedc, 0xaedc, 0xaedc, 0xaedc, 0xaedc, 0xaedc, 0xaedc, 0xaedc, 0xaedc, 0xaedc, 
	0xaedc, 0xaedc, 0xaedc, 0xaedc, 0xaedc, 0xaedc, 0xaedc, 0xaedc, 0xaedc, 0xaedc, 0xaedc, 0xaedc, 0xaedc, 0xaedc, 0xaedc, 0xaedc, 
	0xaedc, 0xaedc, 0xaedc, 0xaedc, 0xaedc, 0xaedc, 0xaedc, 0xaedc, 0xaedd, 0xb6fd, 0xb6dc, 0xaedc, 0xaedd, 0xaedd, 0xaedd, 0xb6dc, 
	0x9df8, 0x5bae, 0x2165, 0x0000, 0x0000, 0x0000, 0x0000, 0x0000, 0x0000, 0x0000, 0x0000, 0x0000, 0x0000, 0x0000, 0x0000, 0x0000, 
	0x0841, 0x29a7, 0x63d0, 0xa619, 0xb6dc, 0xaebc, 0xaefd, 0xaedd, 0xb6bc, 0xaefd, 0xaefc, 0xb6dc, 0xb6bd, 0xaedc, 0xb6fc, 0x9597, 
	0x31e7, 0x0040, 0x0000, 0x0000, 0x0000, 0x0000, 0x0020, 0x116a, 0x33f9, 0x449d, 0x4cff, 0x4cff, 0x4cde, 0x4cde, 0x4cfe, 0x44de, 
	0x4d5e, 0x55de, 0x561e, 0x4e1d, 0x4e1e, 0x4e1f, 0x4e1e, 0x4e3e, 0x4e1e, 0x4e1e, 0x4e1e, 0x4e1e, 0x4e1e, 0x4e1e, 0x4e1e, 0x4e1e, 
	0x4e1e, 0x4e1e, 0x4e1e, 0x4e1e, 0x4e1e, 0x4e1e, 0x4e1e, 0x4e1e, 0x4e1e, 0x4e1e, 0x4e1e, 0x4e1e, 0x4e1e, 0x4e1e, 0x4e1e, 0x4e1e, 
	0x4e3d, 0x4e1e, 0x561f, 0x4e1d, 0x561d, 0x4e1f, 0x565e, 0x9ebd, 0xe77d, 0xef9e, 0xef9e, 0xef9e, 0xf79e, 0xf79e, 0xef9e, 0xefbe, 
	0xe79e, 0xd71e, 0x8e9e, 0x565d, 0x4e1d, 0x4e3f, 0x451a, 0x1a4b, 0x0021, 0x0020, 0x0000, 0x0000, 0x0000, 0x0000, 0x2946, 0x8d35, 
	0xaedd, 0xaedc, 0xaedc, 0xaedc, 0xaedd, 0xb6dd, 0xaedc, 0xaedc, 0xaedc, 0xaedc, 0xaedc, 0xaedc, 0xaedc, 0xaedc, 0xaedc, 0xaedc, 
	0xaedc, 0xaedc, 0xaedc, 0xaedc, 0xaedc, 0xaedc, 0xaedc, 0xaedc, 0xaedc, 0xaedc, 0xaedc, 0xaedc, 0xaedc, 0xaedc, 0xaedc, 0xaedc, 
	0xaedc, 0xaedc, 0xaedc, 0xaedc, 0xaedc, 0xaedc, 0xaedc, 0xaedc, 0xaedc, 0xaedc, 0xaedc, 0xaedc, 0xaedc, 0xaedc, 0xaedc, 0xaedc, 
	0xaedc, 0xaedc, 0xaedc, 0xaedc, 0xaedc, 0xaedc, 0xaedc, 0xaedc, 0xaedc, 0xaedc, 0xaedc, 0xaedc, 0xaedc, 0xaedc, 0xaedc, 0xaedc, 
	0xaedc, 0xaedc, 0xaedc, 0xaedc, 0xaedc, 0xaedc, 0xaedc, 0xaedc, 0xaedc, 0xaedc, 0xaedc, 0xaedc, 0xaedc, 0xaedc, 0xaedc, 0xaedc, 
	0xaedc, 0xaedc, 0xaedc, 0xaedc, 0xaedc, 0xaedc, 0xaedc, 0xaedc, 0xaedc, 0xaedc, 0xaedc, 0xaedc, 0xaedc, 0xaedc, 0xaedc, 0xaedc, 
	0xaedc, 0xaedc, 0xaedc, 0xaedc, 0xaedc, 0xaedc, 0xaedc, 0xaedc, 0xaedc, 0xaedc, 0xaedc, 0xaedc, 0xaedc, 0xaedc, 0xaedc, 0xaedc, 
	0xaedc, 0xaedc, 0xaedc, 0xaedc, 0xaedc, 0xaedc, 0xaedc, 0xaedc, 0xaedc, 0xaedc, 0xaedc, 0xaedc, 0xaedc, 0xaedc, 0xaedc, 0xaedc, 
	0xaedc, 0xaedc, 0xaedc, 0xaedc, 0xaedc, 0xaedc, 0xaedc, 0xaedc, 0xaefd, 0xaebc, 0xb6fd, 0xb6fd, 0xaedd, 0xaedd, 0xb6dc, 0x8536, 
	0x3a4a, 0x0062, 0x0000, 0x0000, 0x0000, 0x0000, 0x0000, 0x0000, 0x0000, 0x0000, 0x0000, 0x0000, 0x0000, 0x0000, 0x0000, 0x0020, 
	0x0000, 0x0000, 0x08a3, 0x42cc, 0x95d8, 0xb6fc, 0xaebc, 0xb6dd, 0xb6dd, 0xaedc, 0xaedc, 0xb6fd, 0xaebd, 0xaefd, 0xa67a, 0x536f, 
	0x0862, 0x0000, 0x0000, 0x0000, 0x0000, 0x0000, 0x1189, 0x4396, 0x4cbc, 0x4cfe, 0x4cde, 0x44de, 0x4cde, 0x4cde, 0x4cfe, 0x4cfe, 
	0x4d7e, 0x55de, 0x563e, 0x4e3d, 0x4e1e, 0x4e1e, 0x4e1e, 0x4e3e, 0x4e1e, 0x4e1e, 0x4e1e, 0x4e1e, 0x4e1e, 0x4e1e, 0x4e1e, 0x4e1e, 
	0x4e1e, 0x4e1e, 0x4e1e, 0x4e1e, 0x4e1e, 0x4e1e, 0x4e1e, 0x4e1e, 0x4e1e, 0x4e1e, 0x4e1e, 0x4e1e, 0x4e1e, 0x4e1e, 0x4e1e, 0x4e1e, 
	0x4e3e, 0x4e1e, 0x563f, 0x4e3e, 0x563d, 0x4e1e, 0x5e5e, 0xaefe, 0xf79e, 0xf77e, 0xf77e, 0xef9e, 0xef9d, 0xef9d, 0xef7e, 0xf77f, 
	0xf79e, 0xefbe, 0xcf5e, 0x8ede, 0x5e5d, 0x563e, 0x55fd, 0x44f7, 0x1a0a, 0x0001, 0x0000, 0x0000, 0x0000, 0x0000, 0x0041, 0x4aec, 
	0xa65b, 0xb6dc, 0xaedc, 0xaedd, 0xaedd, 0xb6dd, 0xaedd, 0xaedc, 0xaedc, 0xaedc, 0xaedc, 0xaedc, 0xaedc, 0xaedc, 0xaedc, 0xaedc, 
	0xaedc, 0xaedc, 0xaedc, 0xaedc, 0xaedc, 0xaedc, 0xaedc, 0xaedc, 0xaedc, 0xaedc, 0xaedc, 0xaedc, 0xaedc, 0xaedc, 0xaedc, 0xaedc, 
	0xaedc, 0xaedc, 0xaedc, 0xaedc, 0xaedc, 0xaedc, 0xaedc, 0xaedc, 0xaedc, 0xaedc, 0xaedc, 0xaedc, 0xaedc, 0xaedc, 0xaedc, 0xaedc, 
	0xaedc, 0xaedc, 0xaedc, 0xaedc, 0xaedc, 0xaedc, 0xaedc, 0xaedc, 0xaedc, 0xaedc, 0xaedc, 0xaedc, 0xaedc, 0xaedc, 0xaedc, 0xaedc, 
	0xaedc, 0xaedc, 0xaedc, 0xaedc, 0xaedc, 0xaedc, 0xaedc, 0xaedc, 0xaedc, 0xaedc, 0xaedc, 0xaedc, 0xaedc, 0xaedc, 0xaedc, 0xaedc, 
	0xaedc, 0xaedc, 0xaedc, 0xaedc, 0xaedc, 0xaedc, 0xaedc, 0xaedc, 0xaedc, 0xaedc, 0xaedc, 0xaedc, 0xaedc, 0xaedc, 0xaedc, 0xaedc, 
	0xaedc, 0xaedc, 0xaedc, 0xaedc, 0xaedc, 0xaedc, 0xaedc, 0xaedc, 0xaedc, 0xaedc, 0xaedc, 0xaedc, 0xaedc, 0xaedc, 0xaedc, 0xaedc, 
	0xaedc, 0xaedc, 0xaedc, 0xaedc, 0xaedc, 0xaedc, 0xaedc, 0xaedc, 0xaedc, 0xaedc, 0xaedc, 0xaedc, 0xaedc, 0xaedc, 0xaedc, 0xaedc, 
	0xaedc, 0xaedc, 0xaedc, 0xaedc, 0xaedc, 0xaedc, 0xaedc, 0xaedc, 0xaedc, 0xaebc, 0xaedc, 0xaefd, 0xaebc, 0xb6bc, 0x84f5, 0x3209, 
	0x0821, 0x0000, 0x0020, 0x0000, 0x0000, 0x0000, 0x0000, 0x0000, 0x0000, 0x0000, 0x0000, 0x0000, 0x0000, 0x0000, 0x0000, 0x0000, 
	0x0000, 0x0000, 0x0000, 0x0062, 0x3a8a, 0x8d96, 0xb6fd, 0xb6bd, 0xb6dd, 0xaedd, 0xaedc, 0xb6dd, 0xaedc, 0xaefc, 0x8d56, 0x2166, 
	0x0000, 0x0000, 0x0020, 0x0001, 0x0001, 0x00c4, 0x2b13, 0x4cde, 0x54fe, 0x4cfe, 0x44de, 0x4cde, 0x4cff, 0x4cde, 0x4cde, 0x4cff, 
	0x4dbe, 0x561e, 0x563e, 0x4e3d, 0x4e1e, 0x4e1e, 0x4e1e, 0x4e1e, 0x4e1e, 0x4e1e, 0x4e1e, 0x4e1e, 0x4e1e, 0x4e1e, 0x4e1e, 0x4e1e, 
	0x4e1e, 0x4e1e, 0x4e1e, 0x4e1e, 0x4e1e, 0x4e1e, 0x4e1e, 0x4e1e, 0x4e1e, 0x4e1e, 0x4e1e, 0x4e1e, 0x4e1e, 0x4e1e, 0x4e1e, 0x4e1e, 
	0x561e, 0x4e1d, 0x4e3e, 0x4e5e, 0x4e3d, 0x4e1d, 0x665d, 0xb6fe, 0xef9e, 0xf79e, 0xf77e, 0xf77e, 0xf79e, 0xef9e, 0xef9e, 0xf79e, 
	0xf79e, 0xf7bd, 0xf79d, 0xd73e, 0x969d, 0x5e3e, 0x4e3e, 0x4e5e, 0x3c96, 0x1146, 0x0000, 0x0020, 0x0000, 0x0000, 0x0000, 0x1905, 
	0x7d15, 0xb6dc, 0xaedc, 0xaefd, 0xaedc, 0xaedc, 0xaedd, 0xaedc, 0xaedc, 0xaedc, 0xaedc, 0xaedc, 0xaedc, 0xaedc, 0xaedc, 0xaedc, 
	0xaedc, 0xaedc, 0xaedc, 0xaedc, 0xaedc, 0xaedc, 0xaedc, 0xaedc, 0xaedc, 0xaedc, 0xaedc, 0xaedc, 0xaedc, 0xaedc, 0xaedc, 0xaedc, 
	0xaedc, 0xaedc, 0xaedc, 0xaedc, 0xaedc, 0xaedc, 0xaedc, 0xaedc, 0xaedc, 0xaedc, 0xaedc, 0xaedc, 0xaedc, 0xaedc, 0xaedc, 0xaedc, 
	0xaedc, 0xaedc, 0xaedc, 0xaedc, 0xaedc, 0xaedc, 0xaedc, 0xaedc, 0xaedc, 0xaedc, 0xaedc, 0xaedc, 0xaedc, 0xaedc, 0xaedc, 0xaedc, 
	0xaedc, 0xaedc, 0xaedc, 0xaedc, 0xaedc, 0xaedc, 0xaedc, 0xaedc, 0xaedc, 0xaedc, 0xaedc, 0xaedc, 0xaedc, 0xaedc, 0xaedc, 0xaedc, 
	0xaedc, 0xaedc, 0xaedc, 0xaedc, 0xaedc, 0xaedc, 0xaedc, 0xaedc, 0xaedc, 0xaedc, 0xaedc, 0xaedc, 0xaedc, 0xaedc, 0xaedc, 0xaedc, 
	0xaedc, 0xaedc, 0xaedc, 0xaedc, 0xaedc, 0xaedc, 0xaedc, 0xaedc, 0xaedc, 0xaedc, 0xaedc, 0xaedc, 0xaedc, 0xaedc, 0xaedc, 0xaedc, 
	0xaedc, 0xaedc, 0xaedc, 0xaedc, 0xaedc, 0xaedc, 0xaedc, 0xaedc, 0xaedc, 0xaedc, 0xaedc, 0xaedc, 0xaedc, 0xaedc, 0xaedc, 0xaedc, 
	0xaedc, 0xaedc, 0xaedc, 0xaedc, 0xaedc, 0xaedc, 0xaedc, 0xaedc, 0xaedc, 0xb6fd, 0xaedd, 0xaedc, 0xb6dc, 0x9577, 0x3229, 0x0000, 
	0x0000, 0x0000, 0x0000, 0x0020, 0x0000, 0x0000, 0x0000, 0x0861, 0x0862, 0x0882, 0x0862, 0x0861, 0x0021, 0x0000, 0x0000, 0x0000, 
	0x0000, 0x0000, 0x0800, 0x0000, 0x0021, 0x42cb, 0x9e19, 0xaebc, 0xaedc, 0xb6dd, 0xb6dd, 0xaedc, 0xaefd, 0xa69b, 0x5b6e, 0x0862, 
	0x0000, 0x0000, 0x0000, 0x0000, 0x0022, 0x228e, 0x3c7c, 0x44ff, 0x4cde, 0x4cde, 0x44de, 0x4cff, 0x4cfe, 0x4cde, 0x4cde, 0x4d1f, 
	0x4dde, 0x561e, 0x4e3e, 0x4e3d, 0x4e1e, 0x561e, 0x561e, 0x4e1e, 0x4e1e, 0x4e1e, 0x4e1e, 0x4e1e, 0x4e1e, 0x4e1e, 0x4e1e, 0x4e1e, 
	0x4e1e, 0x4e1e, 0x4e1e, 0x4e1e, 0x4e1e, 0x4e1e, 0x4e1e, 0x4e1e, 0x4e1e, 0x4e1e, 0x4e1e, 0x4e1e, 0x4e1e, 0x4e1e, 0x4e1e, 0x4e1e, 
	0x561e, 0x4e1e, 0x4e1e, 0x4e5e, 0x4e3d, 0x4e1d, 0x5e3d, 0x9ede, 0xef9d, 0xefbe, 0xef9e, 0xef7e, 0xf79f, 0xf79f, 0xef9e, 0xefbd, 
	0xef9e, 0xef7e, 0xf79e, 0xf79e, 0xd73e, 0x869e, 0x4e3d, 0x4e1d, 0x4dfd, 0x3350, 0x0083, 0x0000, 0x0000, 0x0000, 0x0000, 0x0021, 
	0x4b0d, 0xa65a, 0xaedc, 0xaefd, 0xaedc, 0xaedc, 0xaedc, 0xaedc, 0xaedc, 0xaedc, 0xaedc, 0xaedc, 0xaedc, 0xaedc, 0xaedc, 0xaedc, 
	0xaedc, 0xaedc, 0xaedc, 0xaedc, 0xaedc, 0xaedc, 0xaedc, 0xaedc, 0xaedc, 0xaedc, 0xaedc, 0xaedc, 0xaedc, 0xaedc, 0xaedc, 0xaedc, 
	0xaedc, 0xaedc, 0xaedc, 0xaedc, 0xaedc, 0xaedc, 0xaedc, 0xaedc, 0xaedc, 0xaedc, 0xaedc, 0xaedc, 0xaedc, 0xaedc, 0xaedc, 0xaedc, 
	0xaedc, 0xaedc, 0xaedc, 0xaedc, 0xaedc, 0xaedc, 0xaedc, 0xaedc, 0xaedc, 0xaedc, 0xaedc, 0xaedc, 0xaedc, 0xaedc, 0xaedc, 0xaedc, 
	0xaedc, 0xaedc, 0xaedc, 0xaedc, 0xaedc, 0xaedc, 0xaedc, 0xaedc, 0xaedc, 0xaedc, 0xaedc, 0xaedc, 0xaedc, 0xaedc, 0xaedc, 0xaedc, 
	0xaedc, 0xaedc, 0xaedc, 0xaedc, 0xaedc, 0xaedc, 0xaedc, 0xaedc, 0xaedc, 0xaedc, 0xaedc, 0xaedc, 0xaedc, 0xaedc, 0xaedc, 0xaedc, 
	0xaedc, 0xaedc, 0xaedc, 0xaedc, 0xaedc, 0xaedc, 0xaedc, 0xaedc, 0xaedc, 0xaedc, 0xaedc, 0xaedc, 0xaedc, 0xaedc, 0xaedc, 0xaedc, 
	0xaedc, 0xaedc, 0xaedc, 0xaedc, 0xaedc, 0xaedc, 0xaedc, 0xaedc, 0xaedc, 0xaedc, 0xaedc, 0xaedc, 0xaedc, 0xaedc, 0xaedc, 0xaedc, 
	0xaedc, 0xaedc, 0xaedc, 0xaedc, 0xaedc, 0xaedc, 0xaedc, 0xaedc, 0xb6dc, 0xaedc, 0xaefd, 0xaedc, 0xa63a, 0x42cb, 0x0061, 0x0000, 
	0x0000, 0x0020, 0x0000, 0x0000, 0x0000, 0x10a3, 0x3208, 0x63ae, 0x8d14, 0xa5b7, 0x9d96, 0x8cd3, 0x6bcf, 0x31e8, 0x0882, 0x0000, 
	0x0000, 0x0000, 0x0000, 0x0000, 0x0000, 0x08a3, 0x536e, 0xa67a, 0xaedd, 0xaedc, 0xaedc, 0xaefd, 0xaefd, 0x95b7, 0x21a6, 0x0000, 
	0x0000, 0x0000, 0x0000, 0x0020, 0x1106, 0x43f9, 0x4d1f, 0x4cde, 0x4cdf, 0x4cff, 0x4cfe, 0x4cde, 0x4cde, 0x4cde, 0x4cfe, 0x4d3f, 
	0x4dfe, 0x4e1e, 0x4e3e, 0x4e3d, 0x4e1e, 0x561e, 0x561e, 0x4e1e, 0x4e1e, 0x4e1e, 0x4e1e, 0x4e1e, 0x4e1e, 0x4e1e, 0x4e1e, 0x4e1e, 
	0x4e1e, 0x4e1e, 0x4e1e, 0x4e1e, 0x4e1e, 0x4e1e, 0x4e1e, 0x4e1e, 0x4e1e, 0x4e1e, 0x4e1e, 0x4e1e, 0x4e1e, 0x4e1e, 0x4e1e, 0x4e1e, 
	0x563e, 0x4e3d, 0x561e, 0x4e3e, 0x4e3e, 0x4e1e, 0x563e, 0x767e, 0xd73e, 0xef9e, 0xf7de, 0xf79d, 0xef9e, 0xef9e, 0xf79e, 0xf77d, 
	0xef9e, 0xef9f, 0xefbe, 0xffbe, 0xf79e, 0xbf3e, 0x767d, 0x55fe, 0x4e3e, 0x4d59, 0x1a0b, 0x0001, 0x0000, 0x0000, 0x0000, 0x0000, 
	0x1946, 0x9576, 0xb6dc, 0xaedd, 0xaedc, 0xaedc, 0xaedc, 0xaedc, 0xaedc, 0xaedc, 0xaedc, 0xaedc, 0xaedc, 0xaedc, 0xaedc, 0xaedc, 
	0xaedc, 0xaedc, 0xaedc, 0xaedc, 0xaedc, 0xaedc, 0xaedc, 0xaedc, 0xaedc, 0xaedc, 0xaedc, 0xaedc, 0xaedc, 0xaedc, 0xaedc, 0xaedc, 
	0xaedc, 0xaedc, 0xaedc, 0xaedc, 0xaedc, 0xaedc, 0xaedc, 0xaedc, 0xaedc, 0xaedc, 0xaedc, 0xaedc, 0xaedc, 0xaedc, 0xaedc, 0xaedc, 
	0xaedc, 0xaedc, 0xaedc, 0xaedc, 0xaedc, 0xaedc, 0xaedc, 0xaedc, 0xaedc, 0xaedc, 0xaedc, 0xaedc, 0xaedc, 0xaedc, 0xaedc, 0xaedc, 
	0xaedc, 0xaedc, 0xaedc, 0xaedc, 0xaedc, 0xaedc, 0xaedc, 0xaedc, 0xaedc, 0xaedc, 0xaedc, 0xaedc, 0xaedc, 0xaedc, 0xaedc, 0xaedc, 
	0xaedc, 0xaedc, 0xaedc, 0xaedc, 0xaedc, 0xaedc, 0xaedc, 0xaedc, 0xaedc, 0xaedc, 0xaedc, 0xaedc, 0xaedc, 0xaedc, 0xaedc, 0xaedc, 
	0xaedc, 0xaedc, 0xaedc, 0xaedc, 0xaedc, 0xaedc, 0xaedc, 0xaedc, 0xaedc, 0xaedc, 0xaedc, 0xaedc, 0xaedc, 0xaedc, 0xaedc, 0xaedc, 
	0xaedc, 0xaedc, 0xaedc, 0xaedc, 0xaedc, 0xaedc, 0xaedc, 0xaedc, 0xaedc, 0xaedc, 0xaedc, 0xaedc, 0xaedc, 0xaedc, 0xaedc, 0xaedc, 
	0xaedc, 0xaedc, 0xaedc, 0xaedc, 0xaedc, 0xaedc, 0xaedc, 0xaedc, 0xb6dc, 0xa6bc, 0xaedd, 0xaebc, 0x6c31, 0x08a3, 0x0000, 0x0000, 
	0x0000, 0x0000, 0x0000, 0x0041, 0x29c7, 0x7472, 0xb69a, 0xd7be, 0xdfdf, 0xe7ff, 0xe7ff, 0xe7df, 0xdf7d, 0xc69a, 0x8451, 0x29a7, 
	0x0020, 0x0000, 0x0040, 0x0000, 0x0000, 0x0000, 0x1125, 0x7cf4, 0xb6fd, 0xaebc, 0xaedc, 0xaefd, 0xaebc, 0x7c93, 0x0882, 0x0000, 
	0x0021, 0x0000, 0x0801, 0x0061, 0x2a8e, 0x4c9e, 0x44ff, 0x4cdd, 0x4cdf, 0x4cff, 0x4cfe, 0x4cde, 0x4cde, 0x4cfe, 0x4cfe, 0x4d5e, 
	0x4e1e, 0x4e1e, 0x4e3e, 0x4e1e, 0x4e1e, 0x561e, 0x561e, 0x4e1e, 0x4e1e, 0x4e1e, 0x4e1e, 0x4e1e, 0x4e1e, 0x4e1e, 0x4e1e, 0x4e1e, 
	0x4e1e, 0x4e1e, 0x4e1e, 0x4e1e, 0x4e1e, 0x4e1e, 0x4e1e, 0x4e1e, 0x4e1e, 0x4e1e, 0x4e1e, 0x4e1e, 0x4e1e, 0x4e1e, 0x4e1e, 0x4e1e, 
	0x4e1e, 0x4e3d, 0x561e, 0x4e1e, 0x563e, 0x561f, 0x4e3f, 0x563d, 0x8ebe, 0xc73f, 0xef9e, 0xff9d, 0xf79d, 0xef9e, 0xf79f, 0xf77e, 
	0xf77d, 0xefbe, 0xef9e, 0xef7e, 0xefbe, 0xe79e, 0xaefe, 0x5e3f, 0x563e, 0x4e3e, 0x3bf4, 0x0083, 0x0020, 0x0000, 0x0000, 0x0000, 
	0x0862, 0x6c11, 0xaebc, 0xaedd, 0xaedc, 0xb6dc, 0xaedc, 0xaefd, 0xaedc, 0xaedc, 0xaedc, 0xaedc, 0xaedc, 0xaedc, 0xaedc, 0xaedc, 
	0xaedc, 0xaedc, 0xaedc, 0xaedc, 0xaedc, 0xaedc, 0xaedc, 0xaedc, 0xaedc, 0xaedc, 0xaedc, 0xaedc, 0xaedc, 0xaedc, 0xaedc, 0xaedc, 
	0xaedc, 0xaedc, 0xaedc, 0xaedc, 0xaedc, 0xaedc, 0xaedc, 0xaedc, 0xaedc, 0xaedc, 0xaedc, 0xaedc, 0xaedc, 0xaedc, 0xaedc, 0xaedc, 
	0xaedc, 0xaedc, 0xaedc, 0xaedc, 0xaedc, 0xaedc, 0xaedc, 0xaedc, 0xaedc, 0xaedc, 0xaedc, 0xaedc, 0xaedc, 0xaedc, 0xaedc, 0xaedc, 
	0xaedc, 0xaedc, 0xaedc, 0xaedc, 0xaedc, 0xaedc, 0xaedc, 0xaedc, 0xaedc, 0xaedc, 0xaedc, 0xaedc, 0xaedc, 0xaedc, 0xaedc, 0xaedc, 
	0xaedc, 0xaedc, 0xaedc, 0xaedc, 0xaedc, 0xaedc, 0xaedc, 0xaedc, 0xaedc, 0xaedc, 0xaedc, 0xaedc, 0xaedc, 0xaedc, 0xaedc, 0xaedc, 
	0xaedc, 0xaedc, 0xaedc, 0xaedc, 0xaedc, 0xaedc, 0xaedc, 0xaedc, 0xaedc, 0xaedc, 0xaedc, 0xaedc, 0xaedc, 0xaedc, 0xaedc, 0xaedc, 
	0xaedc, 0xaedc, 0xaedc, 0xaedc, 0xaedc, 0xaedc, 0xaedc, 0xaedc, 0xaedc, 0xaedc, 0xaedc, 0xaedc, 0xaedc, 0xaedc, 0xaedc, 0xaedc, 
	0xaedc, 0xaedc, 0xaedc, 0xaedc, 0xaedc, 0xaedc, 0xaedc, 0xaedc, 0xaefc, 0xb6fd, 0xaebc, 0x9db8, 0x31e8, 0x0020, 0x0000, 0x0000, 
	0x0000, 0x0000, 0x0021, 0x42ab, 0x95f7, 0xc7be, 0xcfbf, 0xdfff, 0xe7ff, 0xe7ff, 0xe7ff, 0xe7ff, 0xdfdf, 0xefff, 0xe7bf, 0xa5b7, 
	0x3a08, 0x0020, 0x0000, 0x0000, 0x0000, 0x0000, 0x0021, 0x428a, 0x9e3a, 0xb6dc, 0xaedc, 0xaefd, 0xa65b, 0x52ed, 0x0021, 0x0000, 
	0x0000, 0x0000, 0x0000, 0x0927, 0x3bf7, 0x4cff, 0x4cde, 0x4cfe, 0x4cde, 0x44de, 0x4cde, 0x4cde, 0x4cdf, 0x4cff, 0x451e, 0x4d7e, 
	0x561d, 0x563e, 0x4e3e, 0x4e1e, 0x563e, 0x561e, 0x4e1e, 0x4e3e, 0x4e1e, 0x4e1e, 0x4e1e, 0x4e1e, 0x4e1e, 0x4e1e, 0x4e1e, 0x4e1e, 
	0x4e1e, 0x4e1e, 0x4e1e, 0x4e1e, 0x4e1e, 0x4e1e, 0x4e1e, 0x4e1e, 0x4e1e, 0x4e1e, 0x4e1e, 0x4e1e, 0x4e1e, 0x4e1e, 0x4e1e, 0x4e1e, 
	0x4e1e, 0x4e3d, 0x561e, 0x4e1e, 0x4e3e, 0x561e, 0x4e3f, 0x4e1d, 0x563d, 0x7e9e, 0xaede, 0xd71e, 0xef7e, 0xef9e, 0xef9e, 0xef9f, 
	0xf79d, 0xf7be, 0xf79e, 0xf79e, 0xef9f, 0xffbe, 0xdf5e, 0x869e, 0x563e, 0x4e3e, 0x4d39, 0x11c9, 0x0000, 0x0000, 0x0000, 0x0000, 
	0x0000, 0x3a6a, 0xa65a, 0xaedd, 0xaedc, 0xaedc, 0xaedc, 0xaedd, 0xaedc, 0xaedc, 0xaedc, 0xaedc, 0xaedc, 0xaedc, 0xaedc, 0xaedc, 
	0xaedc, 0xaedc, 0xaedc, 0xaedc, 0xaedc, 0xaedc, 0xaedc, 0xaedc, 0xaedc, 0xaedc, 0xaedc, 0xaedc, 0xaedc, 0xaedc, 0xaedc, 0xaedc, 
	0xaedc, 0xaedc, 0xaedc, 0xaedc, 0xaedc, 0xaedc, 0xaedc, 0xaedc, 0xaedc, 0xaedc, 0xaedc, 0xaedc, 0xaedc, 0xaedc, 0xaedc, 0xaedc, 
	0xaedc, 0xaedc, 0xaedc, 0xaedc, 0xaedc, 0xaedc, 0xaedc, 0xaedc, 0xaedc, 0xaedc, 0xaedc, 0xaedc, 0xaedc, 0xaedc, 0xaedc, 0xaedc, 
	0xaedc, 0xaedc, 0xaedc, 0xaedc, 0xaedc, 0xaedc, 0xaedc, 0xaedc, 0xaedc, 0xaedc, 0xaedc, 0xaedc, 0xaedc, 0xaedc, 0xaedc, 0xaedc, 
	0xaedc, 0xaedc, 0xaedc, 0xaedc, 0xaedc, 0xaedc, 0xaedc, 0xaedc, 0xaedc, 0xaedc, 0xaedc, 0xaedc, 0xaedc, 0xaedc, 0xaedc, 0xaedc, 
	0xaedc, 0xaedc, 0xaedc, 0xaedc, 0xaedc, 0xaedc, 0xaedc, 0xaedc, 0xaedc, 0xaedc, 0xaedc, 0xaedc, 0xaedc, 0xaedc, 0xaedc, 0xaedc, 
	0xaedc, 0xaedc, 0xaedc, 0xaedc, 0xaedc, 0xaedc, 0xaedc, 0xaedc, 0xaedc, 0xaedc, 0xaedc, 0xaedc, 0xaedc, 0xaedc, 0xaedc, 0xaedc, 
	0xaedc, 0xaedc, 0xaedc, 0xaedc, 0xaedc, 0xaedc, 0xaedc, 0xaedc, 0xa6bc, 0xb6fd, 0xae9c, 0x6c32, 0x08c3, 0x0000, 0x0000, 0x0000, 
	0x0000, 0x0020, 0x3a69, 0x9e18, 0xbfbe, 0xbfdf, 0xcfbf, 0xe7df, 0xe7df, 0xefff, 0xe7bf, 0xe7ff, 0xe7ff, 0xdfdf, 0xe7ff, 0xdfdf, 
	0xb5d7, 0x31c7, 0x0020, 0x0000, 0x0000, 0x0000, 0x0000, 0x18e4, 0x74f5, 0xb6dd, 0xaefd, 0xa6dc, 0xa63a, 0x31a8, 0x0000, 0x0000, 
	0x0000, 0x0000, 0x0000, 0x222e, 0x449c, 0x4cfe, 0x4cde, 0x44fe, 0x4cde, 0x4cde, 0x4cfe, 0x4cde, 0x4cdf, 0x44de, 0x451e, 0x55bf, 
	0x561d, 0x563e, 0x4e3e, 0x4e1e, 0x563e, 0x561e, 0x4e1d, 0x4e3e, 0x4e1e, 0x4e1e, 0x4e1e, 0x4e1e, 0x4e1e, 0x4e1e, 0x4e1e, 0x4e1e, 
	0x4e1e, 0x4e1e, 0x4e1e, 0x4e1e, 0x4e1e, 0x4e1e, 0x4e1e, 0x4e1e, 0x4e1e, 0x4e1e, 0x4e1e, 0x4e1e, 0x4e1e, 0x4e1e, 0x4e1e, 0x4e1e, 
	0x561e, 0x4e3d, 0x561e, 0x4e1e, 0x4e3d, 0x55fd, 0x561e, 0x561d, 0x4e1d, 0x4e3e, 0x563e, 0x869e, 0xbf3e, 0xe77d, 0xef9d, 0xef9e, 
	0xefbd, 0xef7f, 0xef9e, 0xf7bf, 0xf77e, 0xf75d, 0xef9e, 0xb71d, 0x5e5e, 0x4e1e, 0x55fc, 0x2b70, 0x0021, 0x0000, 0x0020, 0x0001, 
	0x0000, 0x1925, 0x95d9, 0xaefd, 0xaedd, 0xb6dc, 0xaedc, 0xaedd, 0xaedc, 0xaedc, 0xaedc, 0xaedc, 0xaedc, 0xaedc, 0xaedc, 0xaedc, 
	0xaedc, 0xaedc, 0xaedc, 0xaedc, 0xaedc, 0xaedc, 0xaedc, 0xaedc, 0xaedc, 0xaedc, 0xaedc, 0xaedc, 0xaedc, 0xaedc, 0xaedc, 0xaedc, 
	0xaedc, 0xaedc, 0xaedc, 0xaedc, 0xaedc, 0xaedc, 0xaedc, 0xaedc, 0xaedc, 0xaedc, 0xaedc, 0xaedc, 0xaedc, 0xaedc, 0xaedc, 0xaedc, 
	0xaedc, 0xaedc, 0xaedc, 0xaedc, 0xaedc, 0xaedc, 0xaedc, 0xaedc, 0xaedc, 0xaedc, 0xaedc, 0xaedc, 0xaedc, 0xaedc, 0xaedc, 0xaedc, 
	0xaedc, 0xaedc, 0xaedc, 0xaedc, 0xaedc, 0xaedc, 0xaedc, 0xaedc, 0xaedc, 0xaedc, 0xaedc, 0xaedc, 0xaedc, 0xaedc, 0xaedc, 0xaedc, 
	0xaedc, 0xaedc, 0xaedc, 0xaedc, 0xaedc, 0xaedc, 0xaedc, 0xaedc, 0xaedc, 0xaedc, 0xaedc, 0xaedc, 0xaedc, 0xaedc, 0xaedc, 0xaedc, 
	0xaedc, 0xaedc, 0xaedc, 0xaedc, 0xaedc, 0xaedc, 0xaedc, 0xaedc, 0xaedc, 0xaedc, 0xaedc, 0xaedc, 0xaedc, 0xaedc, 0xaedc, 0xaedc, 
	0xaedc, 0xaedc, 0xaedc, 0xaedc, 0xaedc, 0xaedc, 0xaedc, 0xaedc, 0xaedc, 0xaedc, 0xaedc, 0xaedc, 0xaedc, 0xaedc, 0xaedc, 0xaedc, 
	0xaedc, 0xaedc, 0xaedc, 0xaedc, 0xaedc, 0xaedc, 0xaedc, 0xaedc, 0xaebc, 0xaf1d, 0xa65a, 0x4249, 0x0020, 0x0000, 0x0000, 0x0020, 
	0x0000, 0x1124, 0x8576, 0xc79f, 0xc7bf, 0xc7bf, 0xcfdf, 0xdfff, 0xefdf, 0xe7ff, 0xe7ff, 0xe7ff, 0xe7ff, 0xe7ff, 0xe7ff, 0xe7df, 
	0xdfdf, 0x84f3, 0x10e3, 0x0000, 0x0000, 0x0000, 0x0020, 0x0000, 0x536e, 0xa69c, 0xa6fd, 0xaefc, 0x8516, 0x1925, 0x0000, 0x0000, 
	0x0000, 0x0000, 0x0043, 0x3313, 0x4cde, 0x4cde, 0x54bd, 0x4cfe, 0x4cfe, 0x4cde, 0x4cfe, 0x44fe, 0x4cfe, 0x4cdf, 0x4d1e, 0x4dde, 
	0x4e1e, 0x4e1e, 0x4e1e, 0x4e1e, 0x4e1e, 0x4e1e, 0x4e1e, 0x4e1e, 0x4e1e, 0x4e1e, 0x4e1e, 0x4e1e, 0x4e1e, 0x4e1e, 0x4e1e, 0x4e1e, 
	0x4e1e, 0x4e1e, 0x4e1e, 0x4e1e, 0x4e1e, 0x4e1e, 0x4e1e, 0x4e1e, 0x4e1e, 0x4e1e, 0x4e1e, 0x4e1e, 0x4e1e, 0x4e1e, 0x4e1e, 0x4e1e, 
	0x4e1e, 0x4e1e, 0x4e1e, 0x4e1e, 0x4e1e, 0x4e1e, 0x4e1e, 0x4e1e, 0x563d, 0x4e3d, 0x4e3f, 0x4e3e, 0x665d, 0xaefe, 0xef9f, 0xf77e, 
	0xf79e, 0xf7be, 0xf77e, 0xf79e, 0xefbe, 0xf79e, 0xf77e, 0xdf7d, 0x865d, 0x463d, 0x4e3e, 0x3cb7, 0x00a5, 0x0000, 0x0000, 0x0000, 
	0x0000, 0x10a3, 0x84d3, 0xaefd, 0xaedd, 0xaedc, 0xaefd, 0xaedd, 0xaedc, 0xaedc, 0xaedc, 0xaedc, 0xaedc, 0xaedc, 0xaedc, 0xaedc, 
	0xaedc, 0xaedc, 0xaedc, 0xaedc, 0xaedc, 0xaedc, 0xaedc, 0xaedc, 0xaedc, 0xaedc, 0xaedc, 0xaedc, 0xaedc, 0xaedc, 0xaedc, 0xaedc, 
	0xaedc, 0xaedc, 0xaedc, 0xaedc, 0xaedc, 0xaedc, 0xaedc, 0xaedc, 0xaedc, 0xaedc, 0xaedc, 0xaedc, 0xaedc, 0xaedc, 0xaedc, 0xaedc, 
	0xaedc, 0xaedc, 0xaedc, 0xaedc, 0xaedc, 0xaedc, 0xaedc, 0xaedc, 0xaedc, 0xaedc, 0xaedc, 0xaedc, 0xaedc, 0xaedc, 0xaedc, 0xaedc, 
	0xaedc, 0xaedc, 0xaedc, 0xaedc, 0xaedc, 0xaedc, 0xaedc, 0xaedc, 0xaedc, 0xaedc, 0xaedc, 0xaedc, 0xaedc, 0xaedc, 0xaedc, 0xaedc, 
	0xaedc, 0xaedc, 0xaedc, 0xaedc, 0xaedc, 0xaedc, 0xaedc, 0xaedc, 0xaedc, 0xaedc, 0xaedc, 0xaedc, 0xaedc, 0xaedc, 0xaedc, 0xaedc, 
	0xaedc, 0xaedc, 0xaedc, 0xaedc, 0xaedc, 0xaedc, 0xaedc, 0xaedc, 0xaedc, 0xaedc, 0xaedc, 0xaedc, 0xaedc, 0xaedc, 0xaedc, 0xaedc, 
	0xaedc, 0xaedc, 0xaedc, 0xaedc, 0xaedc, 0xaedc, 0xaedc, 0xaedc, 0xaedc, 0xaedc, 0xaedc, 0xaedc, 0xaedc, 0xaedc, 0xaedc, 0xaedc, 
	0xaedc, 0xaedc, 0xaedc, 0xaedc, 0xaedc, 0xaedc, 0xaedc, 0xaedc, 0xaedc, 0xaefd, 0x8d77, 0x29a6, 0x0000, 0x0000, 0x0000, 0x0000, 
	0x0820, 0x5b6d, 0xb71c, 0xc7bf, 0xc7df, 0xc7bf, 0xcfbf, 0xd7df, 0xe7df, 0xe7ff, 0xe7ff, 0xe7ff, 0xe7ff, 0xe7ff, 0xe7ff, 0xe7ff, 
	0xe7ff, 0xcf3c, 0x52cb, 0x0000, 0x0000, 0x0000, 0x0000, 0x0000, 0x3a08, 0x9df9, 0xaefd, 0xaebc, 0x6c73, 0x08c3, 0x0000, 0x0020, 
	0x0000, 0x0020, 0x08e5, 0x3b96, 0x451f, 0x4d1f, 0x4cde, 0x3cfe, 0x4cfe, 0x4cde, 0x4cfe, 0x44fe, 0x4cfe, 0x4cdf, 0x4d1e, 0x4dde, 
	0x4e1e, 0x4e1e, 0x4e1e, 0x4e1e, 0x4e1e, 0x4e1e, 0x4e1e, 0x4e1e, 0x4e1e, 0x4e1e, 0x4e1e, 0x4e1e, 0x4e1e, 0x4e1e, 0x4e1e, 0x4e1e, 
	0x4e1e, 0x4e1e, 0x4e1e, 0x4e1e, 0x4e1e, 0x4e1e, 0x4e1e, 0x4e1e, 0x4e1e, 0x4e1e, 0x4e1e, 0x4e1e, 0x4e1e, 0x4e1e, 0x4e1e, 0x4e1e, 
	0x4e1e, 0x4e1e, 0x4e1e, 0x4e1e, 0x4e1e, 0x4e1e, 0x4e1e, 0x4e1e, 0x4e1d, 0x4e1e, 0x563e, 0x563e, 0x55fd, 0x7e5d, 0xbf1e, 0xef9e, 
	0xf79e, 0xef9e, 0xf77e, 0xf79e, 0xefbe, 0xf79e, 0xf79e, 0xe79e, 0x9edf, 0x563d, 0x4e3d, 0x4539, 0x1168, 0x0000, 0x0000, 0x0000, 
	0x0000, 0x0862, 0x6c31, 0xaedc, 0xaedd, 0xaebc, 0xaefc, 0xaedd, 0xaedc, 0xaedc, 0xaedc, 0xaedc, 0xaedc, 0xaedc, 0xaedc, 0xaedc, 
	0xaedc, 0xaedc, 0xaedc, 0xaedc, 0xaedc, 0xaedc, 0xaedc, 0xaedc, 0xaedc, 0xaedc, 0xaedc, 0xaedc, 0xaedc, 0xaedc, 0xaedc, 0xaedc, 
	0xaedc, 0xaedc, 0xaedc, 0xaedc, 0xaedc, 0xaedc, 0xaedc, 0xaedc, 0xaedc, 0xaedc, 0xaedc, 0xaedc, 0xaedc, 0xaedc, 0xaedc, 0xaedc, 
	0xaedc, 0xaedc, 0xaedc, 0xaedc, 0xaedc, 0xaedc, 0xaedc, 0xaedc, 0xaedc, 0xaedc, 0xaedc, 0xaedc, 0xaedc, 0xaedc, 0xaedc, 0xaedc, 
	0xaedc, 0xaedc, 0xaedc, 0xaedc, 0xaedc, 0xaedc, 0xaedc, 0xaedc, 0xaedc, 0xaedc, 0xaedc, 0xaedc, 0xaedc, 0xaedc, 0xaedc, 0xaedc, 
	0xaedc, 0xaedc, 0xaedc, 0xaedc, 0xaedc, 0xaedc, 0xaedc, 0xaedc, 0xaedc, 0xaedc, 0xaedc, 0xaedc, 0xaedc, 0xaedc, 0xaedc, 0xaedc, 
	0xaedc, 0xaedc, 0xaedc, 0xaedc, 0xaedc, 0xaedc, 0xaedc, 0xaedc, 0xaedc, 0xaedc, 0xaedc, 0xaedc, 0xaedc, 0xaedc, 0xaedc, 0xaedc, 
	0xaedc, 0xaedc, 0xaedc, 0xaedc, 0xaedc, 0xaedc, 0xaedc, 0xaedc, 0xaedc, 0xaedc, 0xaedc, 0xaedc, 0xaedc, 0xaedc, 0xaedc, 0xaedc, 
	0xaedc, 0xaedc, 0xaedc, 0xaedc, 0xaedc, 0xaedc, 0xaedc, 0xaedc, 0xb6dd, 0xaedc, 0x7493, 0x10c3, 0x0000, 0x0000, 0x0000, 0x0000, 
	0x10c3, 0x8d55, 0xc7bf, 0xbf9e, 0xcfdf, 0xc7bf, 0xc7be, 0xcfdf, 0xdfff, 0xdfff, 0xe7ff, 0xe7ff, 0xe7df, 0xe7df, 0xe7df, 0xe7df, 
	0xe7df, 0xe7ff, 0x84b2, 0x10a2, 0x0000, 0x0000, 0x0000, 0x0000, 0x2145, 0x8d56, 0xb6fd, 0xaebc, 0x5bd0, 0x0861, 0x0000, 0x0000, 
	0x0000, 0x0000, 0x0969, 0x3c1b, 0x44df, 0x4cfe, 0x4cfe, 0x4cff, 0x4cfe, 0x4cde, 0x4cfe, 0x44fe, 0x4cfe, 0x4cdf, 0x4d1e, 0x4dde, 
	0x4e1e, 0x4e1e, 0x4e1e, 0x4e1e, 0x4e1e, 0x4e1e, 0x4e1e, 0x4e1e, 0x4e1e, 0x4e1e, 0x4e1e, 0x4e1e, 0x4e1e, 0x4e1e, 0x4e1e, 0x4e1e, 
	0x4e1e, 0x4e1e, 0x4e1e, 0x4e1e, 0x4e1e, 0x4e1e, 0x4e1e, 0x4e1e, 0x4e1e, 0x4e1e, 0x4e1e, 0x4e1e, 0x4e1e, 0x4e1e, 0x4e1e, 0x4e1e, 
	0x4e1e, 0x4e1e, 0x4e1e, 0x4e1e, 0x4e1e, 0x4e1e, 0x4e1e, 0x4e1e, 0x563f, 0x4e1e, 0x4e3e, 0x561d, 0x4dfe, 0x4e3e, 0x869d, 0xd75e, 
	0xef9e, 0xf79e, 0xf77e, 0xf79e, 0xefbe, 0xf79e, 0xf79e, 0xef9e, 0xb71f, 0x665d, 0x4e3d, 0x4d9b, 0x222b, 0x0020, 0x0000, 0x0000, 
	0x0000, 0x0021, 0x5b6e, 0xaedc, 0xb6dd, 0xaebc, 0xaedc, 0xaedd, 0xaedc, 0xaedc, 0xaedc, 0xaedc, 0xaedc, 0xaedc, 0xaedc, 0xaedc, 
	0xaedc, 0xaedc, 0xaedc, 0xaedc, 0xaedc, 0xaedc, 0xaedc, 0xaedc, 0xaedc, 0xaedc, 0xaedc, 0xaedc, 0xaedc, 0xaedc, 0xaedc, 0xaedc, 
	0xaedc, 0xaedc, 0xaedc, 0xaedc, 0xaedc, 0xaedc, 0xaedc, 0xaedc, 0xaedc, 0xaedc, 0xaedc, 0xaedc, 0xaedc, 0xaedc, 0xaedc, 0xaedc, 
	0xaedc, 0xaedc, 0xaedc, 0xaedc, 0xaedc, 0xaedc, 0xaedc, 0xaedc, 0xaedc, 0xaedc, 0xaedc, 0xaedc, 0xaedc, 0xaedc, 0xaedc, 0xaedc, 
	0xaedc, 0xaedc, 0xaedc, 0xaedc, 0xaedc, 0xaedc, 0xaedc, 0xaedc, 0xaedc, 0xaedc, 0xaedc, 0xaedc, 0xaedc, 0xaedc, 0xaedc, 0xaedc, 
	0xaedc, 0xaedc, 0xaedc, 0xaedc, 0xaedc, 0xaedc, 0xaedc, 0xaedc, 0xaedc, 0xaedc, 0xaedc, 0xaedc, 0xaedc, 0xaedc, 0xaedc, 0xaedc, 
	0xaedc, 0xaedc, 0xaedc, 0xaedc, 0xaedc, 0xaedc, 0xaedc, 0xaedc, 0xaedc, 0xaedc, 0xaedc, 0xaedc, 0xaedc, 0xaedc, 0xaedc, 0xaedc, 
	0xaedc, 0xaedc, 0xaedc, 0xaedc, 0xaedc, 0xaedc, 0xaedc, 0xaedc, 0xaedc, 0xaedc, 0xaedc, 0xaedc, 0xaedc, 0xaedc, 0xaedc, 0xaedc, 
	0xaedc, 0xaedc, 0xaedc, 0xaedc, 0xaedc, 0xaedc, 0xaedc, 0xaedc, 0xb6dc, 0xaedc, 0x63f1, 0x0861, 0x0000, 0x0000, 0x0000, 0x0000, 
	0x29e8, 0xae59, 0xc7df, 0xc79f, 0xc7bf, 0xbfbe, 0xc7df, 0xc7be, 0xd7df, 0xdfff, 0xdfff, 0xe7ff, 0xe7ff, 0xe7ff, 0xe7ff, 0xe7ff, 
	0xe7ff, 0xdfdf, 0xae18, 0x2965, 0x0000, 0x0000, 0x0020, 0x0000, 0x08c2, 0x74b4, 0xaedd, 0xb6dc, 0x536e, 0x0020, 0x0800, 0x0000, 
	0x0000, 0x0000, 0x19ab, 0x4c7d, 0x4cdf, 0x4cfd, 0x44be, 0x4cdf, 0x4cfe, 0x4cde, 0x4cde, 0x44fe, 0x4cde, 0x4cde, 0x4d1e, 0x4dfe, 
	0x4e1e, 0x4e1e, 0x4e1e, 0x4e1e, 0x4e1e, 0x4e1e, 0x4e1e, 0x4e1e, 0x4e1e, 0x4e1e, 0x4e1e, 0x4e1e, 0x4e1e, 0x4e1e, 0x4e1e, 0x4e1e, 
	0x4e1e, 0x4e1e, 0x4e1e, 0x4e1e, 0x4e1e, 0x4e1e, 0x4e1e, 0x4e1e, 0x4e1e, 0x4e1e, 0x4e1e, 0x4e1e, 0x4e1e, 0x4e1e, 0x4e1e, 0x4e1e, 
	0x4e1e, 0x4e1e, 0x4e1e, 0x4e1e, 0x4e1e, 0x4e1e, 0x4e1e, 0x4e1e, 0x563f, 0x4e1e, 0x4e3e, 0x561d, 0x563f, 0x463f, 0x5e5d, 0xb6fd, 
	0xef7e, 0xf79e, 0xf77e, 0xef9e, 0xefbe, 0xf79e, 0xf79e, 0xef9e, 0xcf3e, 0x767d, 0x4e3e, 0x4ddc, 0x22ce, 0x0020, 0x0000, 0x0000, 
	0x0000, 0x0000, 0x4aec, 0xaedc, 0xb6dd, 0xb6dc, 0xaedc, 0xaedd, 0xaedc, 0xaedc, 0xaedc, 0xaedc, 0xaedc, 0xaedc, 0xaedc, 0xaedc, 
	0xaedc, 0xaedc, 0xaedc, 0xaedc, 0xaedc, 0xaedc, 0xaedc, 0xaedc, 0xaedc, 0xaedc, 0xaedc, 0xaedc, 0xaedc, 0xaedc, 0xaedc, 0xaedc, 
	0xaedc, 0xaedc, 0xaedc, 0xaedc, 0xaedc, 0xaedc, 0xaedc, 0xaedc, 0xaedc, 0xaedc, 0xaedc, 0xaedc, 0xaedc, 0xaedc, 0xaedc, 0xaedc, 
	0xaedc, 0xaedc, 0xaedc, 0xaedc, 0xaedc, 0xaedc, 0xaedc, 0xaedc, 0xaedc, 0xaedc, 0xaedc, 0xaedc, 0xaedc, 0xaedc, 0xaedc, 0xaedc, 
	0xaedc, 0xaedc, 0xaedc, 0xaedc, 0xaedc, 0xaedc, 0xaedc, 0xaedc, 0xaedc, 0xaedc, 0xaedc, 0xaedc, 0xaedc, 0xaedc, 0xaedc, 0xaedc, 
	0xaedc, 0xaedc, 0xaedc, 0xaedc, 0xaedc, 0xaedc, 0xaedc, 0xaedc, 0xaedc, 0xaedc, 0xaedc, 0xaedc, 0xaedc, 0xaedc, 0xaedc, 0xaedc, 
	0xaedc, 0xaedc, 0xaedc, 0xaedc, 0xaedc, 0xaedc, 0xaedc, 0xaedc, 0xaedc, 0xaedc, 0xaedc, 0xaedc, 0xaedc, 0xaedc, 0xaedc, 0xaedc, 
	0xaedc, 0xaedc, 0xaedc, 0xaedc, 0xaedc, 0xaedc, 0xaedc, 0xaedc, 0xaedc, 0xaedc, 0xaedc, 0xaedc, 0xaedc, 0xaedc, 0xaedc, 0xaedc, 
	0xaedc, 0xaedc, 0xaedc, 0xaedc, 0xaedc, 0xaedc, 0xaedc, 0xaedc, 0xb6bc, 0xaedd, 0x5baf, 0x0020, 0x0000, 0x0000, 0x0000, 0x0000, 
	0x3249, 0xbf1c, 0xc7df, 0xc7bf, 0xc79f, 0xc7df, 0xc7df, 0xc79e, 0xcfbf, 0xcfdf, 0xd7df, 0xdfff, 0xdfff, 0xdfff, 0xe7ff, 0xe7ff, 
	0xe7ff, 0xdfff, 0xc6fb, 0x29c7, 0x0000, 0x0000, 0x0000, 0x0000, 0x0881, 0x7493, 0xb6fd, 0xae9b, 0x4b2d, 0x0041, 0x0020, 0x0002, 
	0x0000, 0x0000, 0x1a0c, 0x4c7d, 0x4cde, 0x4cfd, 0x44fe, 0x4cff, 0x4cfe, 0x4cde, 0x4cff, 0x44fe, 0x4cde, 0x4cde, 0x4d1e, 0x55fe, 
	0x4e1e, 0x4e1e, 0x4e1e, 0x4e1e, 0x4e1e, 0x4e1e, 0x4e1e, 0x4e1e, 0x4e1e, 0x4e1e, 0x4e1e, 0x4e1e, 0x4e1e, 0x4e1e, 0x4e1e, 0x4e1e, 
	0x4e1e, 0x4e1e, 0x4e1e, 0x4e1e, 0x4e1e, 0x4e1e, 0x4e1e, 0x4e1e, 0x4e1e, 0x4e1e, 0x4e1e, 0x4e1e, 0x4e1e, 0x4e1e, 0x4e1e, 0x4e1e, 
	0x4e1e, 0x4e1e, 0x4e1e, 0x4e1e, 0x4e1e, 0x4e1e, 0x4e1e, 0x4e1e, 0x4e1d, 0x561e, 0x563f, 0x4e3d, 0x563e, 0x4e1f, 0x561d, 0x8ebe, 
	0xdf7e, 0xf79e, 0xf79e, 0xef9e, 0xefbe, 0xf77e, 0xf79e, 0xf79e, 0xdf5e, 0x869e, 0x4e3e, 0x4dfd, 0x2b2f, 0x0020, 0x0020, 0x0000, 
	0x0000, 0x0000, 0x42ab, 0xaedc, 0xaedd, 0xb6dc, 0xaedc, 0xaedd, 0xaedc, 0xaedc, 0xaedc, 0xaedc, 0xaedc, 0xaedc, 0xaedc, 0xaedc, 
	0xaedc, 0xaedc, 0xaedc, 0xaedc, 0xaedc, 0xaedc, 0xaedc, 0xaedc, 0xaedc, 0xaedc, 0xaedc, 0xaedc, 0xaedc, 0xaedc, 0xaedc, 0xaedc, 
	0xaedc, 0xaedc, 0xaedc, 0xaedc, 0xaedc, 0xaedc, 0xaedc, 0xaedc, 0xaedc, 0xaedc, 0xaedc, 0xaedc, 0xaedc, 0xaedc, 0xaedc, 0xaedc, 
	0xaedc, 0xaedc, 0xaedc, 0xaedc, 0xaedc, 0xaedc, 0xaedc, 0xaedc, 0xaedc, 0xaedc, 0xaedc, 0xaedc, 0xaedc, 0xaedc, 0xaedc, 0xaedc, 
	0xaedc, 0xaedc, 0xaedc, 0xaedc, 0xaedc, 0xaedc, 0xaedc, 0xaedc, 0xaedc, 0xaedc, 0xaedc, 0xaedc, 0xaedc, 0xaedc, 0xaedc, 0xaedc, 
	0xaedc, 0xaedc, 0xaedc, 0xaedc, 0xaedc, 0xaedc, 0xaedc, 0xaedc, 0xaedc, 0xaedc, 0xaedc, 0xaedc, 0xaedc, 0xaedc, 0xaedc, 0xaedc, 
	0xaedc, 0xaedc, 0xaedc, 0xaedc, 0xaedc, 0xaedc, 0xaedc, 0xaedc, 0xaedc, 0xaedc, 0xaedc, 0xaedc, 0xaedc, 0xaedc, 0xaedc, 0xaedc, 
	0xaedc, 0xaedc, 0xaedc, 0xaedc, 0xaedc, 0xaedc, 0xaedc, 0xaedc, 0xaedc, 0xaedc, 0xaedc, 0xaedc, 0xaedc, 0xaedc, 0xaedc, 0xaedc, 
	0xaedc, 0xaedc, 0xaedc, 0xaedc, 0xaedc, 0xaedc, 0xaedc, 0xaedc, 0xaedc, 0xaedc, 0x5b6f, 0x0000, 0x0000, 0x0000, 0x0000, 0x0000, 
	0x3a6a, 0xbf3d, 0xc7bf, 0xc7bf, 0xc7bf, 0xc7df, 0xbfbf, 0xc7bf, 0xc7bf, 0xc7bf, 0xcfdf, 0xcfdf, 0xd7df, 0xd7df, 0xd7df, 0xd7df, 
	0xd7bf, 0xcfdf, 0xc71b, 0x29c7, 0x0000, 0x0000, 0x0000, 0x0000, 0x0841, 0x7453, 0xb6dd, 0xb6dc, 0x8536, 0x63f0, 0x63d0, 0x4350, 
	0x2ad1, 0x2ad0, 0x3bd7, 0x4cbf, 0x4cde, 0x4cfe, 0x4cfe, 0x4cde, 0x4cde, 0x4cdf, 0x4cdf, 0x44fe, 0x4cde, 0x4cde, 0x4d3e, 0x55fe, 
	0x4e1e, 0x4e1e, 0x4e1e, 0x4e1e, 0x4e1e, 0x4e1e, 0x4e1e, 0x4e1e, 0x4e1e, 0x4e1e, 0x4e1e, 0x4e1e, 0x4e1e, 0x4e1e, 0x4e1e, 0x4e1e, 
	0x4e1e, 0x4e1e, 0x4e1e, 0x4e1e, 0x4e1e, 0x4e1e, 0x4e1e, 0x4e1e, 0x4e1e, 0x4e1e, 0x4e1e, 0x4e1e, 0x4e1e, 0x4e1e, 0x4e1e, 0x4e1e, 
	0x4e1e, 0x4e1e, 0x4e1e, 0x4e1e, 0x4e1e, 0x4e1e, 0x4e1e, 0x4e1e, 0x4e1c, 0x561e, 0x4e3f, 0x4e1d, 0x4e3d, 0x561e, 0x55fd, 0x6e7e, 
	0xd75e, 0xef7e, 0xf79e, 0xef9d, 0xf79e, 0xf79e, 0xef9e, 0xf79d, 0xef9e, 0x8e9e, 0x4e3e, 0x561e, 0x2b50, 0x0000, 0x0000, 0x0000, 
	0x0000, 0x0000, 0x3a8a, 0xaedc, 0xaedd, 0xb6dc, 0xaedc, 0xaedd, 0xaedc, 0xaedc, 0xaedc, 0xaedc, 0xaedc, 0xaedc, 0xaedc, 0xaedc, 
	0xaedc, 0xaedc, 0xaedc, 0xaedc, 0xaedc, 0xaedc, 0xaedc, 0xaedc, 0xaedc, 0xaedc, 0xaedc, 0xaedc, 0xaedc, 0xaedc, 0xaedc, 0xaedc, 
	0xaedc, 0xaedc, 0xaedc, 0xaedc, 0xaedc, 0xaedc, 0xaedc, 0xaedc, 0xaedc, 0xaedc, 0xaedc, 0xaedc, 0xaedc, 0xaedc, 0xaedc, 0xaedc, 
	0xaedc, 0xaedc, 0xaedc, 0xaedc, 0xaedc, 0xaedc, 0xaedc, 0xaedc, 0xaedc, 0xaedc, 0xaedc, 0xaedc, 0xaedc, 0xaedc, 0xaedc, 0xaedc, 
	0xaedc, 0xaedc, 0xaedc, 0xaedc, 0xaedc, 0xaedc, 0xaedc, 0xaedc, 0xaedc, 0xaedc, 0xaedc, 0xaedc, 0xaedc, 0xaedc, 0xaedc, 0xaedc, 
	0xaedc, 0xaedc, 0xaedc, 0xaedc, 0xaedc, 0xaedc, 0xaedc, 0xaedc, 0xaedc, 0xaedc, 0xaedc, 0xaedc, 0xaedc, 0xaedc, 0xaedc, 0xaedc, 
	0xaedc, 0xaedc, 0xaedc, 0xaedc, 0xaedc, 0xaedc, 0xaedc, 0xaedc, 0xaedc, 0xaedc, 0xaedc, 0xaedc, 0xaedc, 0xaedc, 0xaedc, 0xaedc, 
	0xaedc, 0xaedc, 0xaedc, 0xaedc, 0xaedc, 0xaedc, 0xaedc, 0xaedc, 0xaedc, 0xaedc, 0xaedc, 0xaedc, 0xaedc, 0xaedc, 0xaedc, 0xaedc, 
	0xaedc, 0xaedc, 0xaedc, 0xaedc, 0xaedc, 0xaedc, 0xaedc, 0xaedc, 0xaedc, 0xaedc, 0x5b8f, 0x0821, 0x0000, 0x0000, 0x0000, 0x0000, 
	0x3a8a, 0xb6fb, 0xc7bf, 0xc7bf, 0xc7df, 0xc7bf, 0xbf9f, 0xc7bf, 0xc7bf, 0xc7bf, 0xc7bf, 0xc7bf, 0xc7bf, 0xc7bf, 0xc7bf, 0xc79f, 
	0xcfdf, 0xc7bf, 0xae7a, 0x29c7, 0x0000, 0x0000, 0x0000, 0x0000, 0x0862, 0x7453, 0xb6bd, 0xb6dc, 0xb6fc, 0xb6dc, 0xaedd, 0x7ddc, 
	0x4cdf, 0x44de, 0x44df, 0x44bf, 0x44df, 0x4cde, 0x54df, 0x54de, 0x4cde, 0x4cdf, 0x4cff, 0x44fe, 0x4cde, 0x4cde, 0x4d3e, 0x55fe, 
	0x4e1e, 0x4e1e, 0x4e1e, 0x4e1e, 0x4e1e, 0x4e1e, 0x4e1e, 0x4e1e, 0x4e1e, 0x4e1e, 0x4e1e, 0x4e1e, 0x4e1e, 0x4e1e, 0x4e1e, 0x4e1e, 
	0x4e1e, 0x4e1e, 0x4e1e, 0x4e1e, 0x4e1e, 0x4e1e, 0x4e1e, 0x4e1e, 0x4e1e, 0x4e1e, 0x4e1e, 0x4e1e, 0x4e1e, 0x4e1e, 0x4e1e, 0x4e1e, 
	0x4e1e, 0x4e1e, 0x4e1e, 0x4e1e, 0x4e1e, 0x4e1e, 0x4e1e, 0x4e1e, 0x563e, 0x4e3e, 0x4e1e, 0x4e1e, 0x4e3e, 0x563e, 0x561e, 0x5e3e, 
	0xc73d, 0xef9f, 0xf79e, 0xef9d, 0xf79e, 0xf79e, 0xefbe, 0xf79d, 0xef9e, 0x969e, 0x4e1d, 0x561e, 0x2b50, 0x0000, 0x0000, 0x0000, 
	0x0000, 0x0000, 0x3a8a, 0xaedc, 0xaedd, 0xb6dc, 0xaedc, 0xaedd, 0xaedc, 0xaedc, 0xaedc, 0xaedc, 0xaedc, 0xaedc, 0xaedc, 0xaedc, 
	0xaedc, 0xaedc, 0xaedc, 0xaedc, 0xaedc, 0xaedc, 0xaedc, 0xaedc, 0xaedc, 0xaedc, 0xaedc, 0xaedc, 0xaedc, 0xaedc, 0xaedc, 0xaedc, 
	0xaedc, 0xaedc, 0xaedc, 0xaedc, 0xaedc, 0xaedc, 0xaedc, 0xaedc, 0xaedc, 0xaedc, 0xaedc, 0xaedc, 0xaedc, 0xaedc, 0xaedc, 0xaedc, 
	0xaedc, 0xaedc, 0xaedc, 0xaedc, 0xaedc, 0xaedc, 0xaedc, 0xaedc, 0xaedc, 0xaedc, 0xaedc, 0xaedc, 0xaedc, 0xaedc, 0xaedc, 0xaedc, 
	0xaedc, 0xaedc, 0xaedc, 0xaedc, 0xaedc, 0xaedc, 0xaedc, 0xaedc, 0xaedc, 0xaedc, 0xaedc, 0xaedc, 0xaedc, 0xaedc, 0xaedc, 0xaedc, 
	0xaedc, 0xaedc, 0xaedc, 0xaedc, 0xaedc, 0xaedc, 0xaedc, 0xaedc, 0xaedc, 0xaedc, 0xaedc, 0xaedc, 0xaedc, 0xaedc, 0xaedc, 0xaedc, 
	0xaedc, 0xaedc, 0xaedc, 0xaedc, 0xaedc, 0xaedc, 0xaedc, 0xaedc, 0xaedc, 0xaedc, 0xaedc, 0xaedc, 0xaedc, 0xaedc, 0xaedc, 0xaedc, 
	0xaedc, 0xaedc, 0xaedc, 0xaedc, 0xaedc, 0xaedc, 0xaedc, 0xaedc, 0xaedc, 0xaedc, 0xaedc, 0xaedc, 0xaedc, 0xaedc, 0xaedc, 0xaedc, 
	0xaedc, 0xaedc, 0xaedc, 0xaedc, 0xaedc, 0xaedc, 0xaedc, 0xaedc, 0xaedc, 0xaefd, 0x6bf0, 0x1062, 0x0000, 0x0000, 0x0000, 0x0000, 
	0x21a7, 0xa638, 0xc7bf, 0xc7bf, 0xc7bf, 0xbfbf, 0xc7df, 0xc79f, 0xc7bf, 0xc7bf, 0xbfbf, 0xbfbf, 0xc7bf, 0xc7bf, 0xc7bf, 0xc7bf, 
	0xbf9f, 0xc7df, 0x95d7, 0x1904, 0x0000, 0x0000, 0x0000, 0x0000, 0x10e3, 0x7cd5, 0xb71e, 0xa6bc, 0xaedd, 0xaedc, 0xaede, 0x7dde, 
	0x54bf, 0x4d1f, 0x4cfe, 0x4cbd, 0x4d1f, 0x44df, 0x4cdf, 0x3cfe, 0x4cde, 0x4cdf, 0x4cff, 0x44fe, 0x4cfe, 0x4cde, 0x4d3e, 0x4dfe, 
	0x4e1e, 0x4e1e, 0x4e1e, 0x4e1e, 0x4e1e, 0x4e1e, 0x4e1e, 0x4e1e, 0x4e1e, 0x4e1e, 0x4e1e, 0x4e1e, 0x4e1e, 0x4e1e, 0x4e1e, 0x4e1e, 
	0x4e1e, 0x4e1e, 0x4e1e, 0x4e1e, 0x4e1e, 0x4e1e, 0x4e1e, 0x4e1e, 0x4e1e, 0x4e1e, 0x4e1e, 0x4e1e, 0x4e1e, 0x4e1e, 0x4e1e, 0x4e1e, 
	0x4e1e, 0x4e1e, 0x4e1e, 0x4e1e, 0x4e1e, 0x4e1e, 0x4e1e, 0x4e1e, 0x561f, 0x4e3e, 0x4e1e, 0x5e1e, 0x4e3e, 0x4e1d, 0x561e, 0x563f, 
	0xc73d, 0xef9f, 0xf79e, 0xef7d, 0xf77e, 0xf79f, 0xefbe, 0xef9d, 0xef9d, 0x96be, 0x4e3e, 0x561e, 0x2350, 0x0800, 0x0000, 0x0000, 
	0x0000, 0x0000, 0x3a8a, 0xaedc, 0xaedd, 0xb6dc, 0xaebc, 0xaedd, 0xaedc, 0xaedc, 0xaedc, 0xaedc, 0xaedc, 0xaedc, 0xaedc, 0xaedc, 
	0xaedc, 0xaedc, 0xaedc, 0xaedc, 0xaedc, 0xaedc, 0xaedc, 0xaedc, 0xaedc, 0xaedc, 0xaedc, 0xaedc, 0xaedc, 0xaedc, 0xaedc, 0xaedc, 
	0xaedc, 0xaedc, 0xaedc, 0xaedc, 0xaedc, 0xaedc, 0xaedc, 0xaedc, 0xaedc, 0xaedc, 0xaedc, 0xaedc, 0xaedc, 0xaedc, 0xaedc, 0xaedc, 
	0xaedc, 0xaedc, 0xaedc, 0xaedc, 0xaedc, 0xaedc, 0xaedc, 0xaedc, 0xaedc, 0xaedc, 0xaedc, 0xaedc, 0xaedc, 0xaedc, 0xaedc, 0xaedc, 
	0xaedc, 0xaedc, 0xaedc, 0xaedc, 0xaedc, 0xaedc, 0xaedc, 0xaedc, 0xaedc, 0xaedc, 0xaedc, 0xaedc, 0xaedc, 0xaedc, 0xaedc, 0xaedc, 
	0xaedc, 0xaedc, 0xaedc, 0xaedc, 0xaedc, 0xaedc, 0xaedc, 0xaedc, 0xaedc, 0xaedc, 0xaedc, 0xaedc, 0xaedc, 0xaedc, 0xaedc, 0xaedc, 
	0xaedc, 0xaedc, 0xaedc, 0xaedc, 0xaedc, 0xaedc, 0xaedc, 0xaedc, 0xaedc, 0xaedc, 0xaedc, 0xaedc, 0xaedc, 0xaedc, 0xaedc, 0xaedc, 
	0xaedc, 0xaedc, 0xaedc, 0xaedc, 0xaedc, 0xaedc, 0xaedc, 0xaedc, 0xaedc, 0xb6fc, 0xaedc, 0xaedc, 0xb6fd, 0xaebc, 0xaedd, 0xaefd, 
	0xaedd, 0xaebd, 0xae9c, 0xa5f9, 0x84f5, 0x6c32, 0x63f0, 0x5b8f, 0x5bae, 0x5b8e, 0x3a28, 0x0882, 0x0000, 0x0000, 0x0000, 0x0000, 
	0x10a3, 0x84d4, 0xc79e, 0xbfbf, 0xc7df, 0xc7bf, 0xc7bf, 0xc7df, 0xc7bf, 0xc7bf, 0xc7bf, 0xc7bf, 0xc7bf, 0xc7bf, 0xc7bf, 0xc7bf, 
	0xbfff, 0xc77e, 0x7431, 0x0882, 0x0000, 0x0000, 0x0000, 0x0000, 0x0882, 0x4aab, 0x638f, 0x5b8f, 0x5b8f, 0x63d0, 0x6c53, 0x6455, 
	0x447c, 0x4cbe, 0x4cde, 0x4cde, 0x4cde, 0x4cbf, 0x4cde, 0x451d, 0x4cfe, 0x4cde, 0x4cff, 0x4cfe, 0x4cfe, 0x4cde, 0x4d3e, 0x4dfe, 
	0x4e1d, 0x563e, 0x561e, 0x561e, 0x4e3e, 0x4e1e, 0x563e, 0x563e, 0x4e1f, 0x4518, 0x3bb2, 0x2350, 0x230f, 0x2b30, 0x2350, 0x2b30, 
	0x2330, 0x2330, 0x2330, 0x2330, 0x2330, 0x2330, 0x2330, 0x2330, 0x2330, 0x2330, 0x2330, 0x2330, 0x2330, 0x2330, 0x2330, 0x2330, 
	0x2330, 0x2330, 0x2330, 0x2330, 0x2330, 0x2330, 0x2330, 0x2330, 0x2b30, 0x2b30, 0x2b30, 0x2b30, 0x2b30, 0x2b30, 0x2b30, 0x2b30, 
	0x6bae, 0x73ef, 0x7c10, 0x7bf0, 0x7bef, 0x7bef, 0x7bf0, 0x7bf0, 0x7bf0, 0x4baf, 0x232e, 0x2b2e, 0x19c8, 0x0000, 0x0000, 0x0000, 
	0x0000, 0x0000, 0x3a8a, 0xaedc, 0xaedd, 0xaedc, 0xaefc, 0xaedd, 0xaedc, 0xaedc, 0xaedc, 0xaedc, 0xaedc, 0xaedc, 0xaedc, 0xaedc, 
	0xaedc, 0xaedc, 0xaedc, 0xaedc, 0xaedc, 0xaedc, 0xaedc, 0xaedc, 0xaedc, 0xaedc, 0xaedc, 0xaedc, 0xaedc, 0xaedc, 0xaedc, 0xaedc, 
	0xaedc, 0xaedc, 0xaedc, 0xaedc, 0xaedc, 0xaedc, 0xaedc, 0xaedc, 0xaedc, 0xaedc, 0xaedc, 0xaedc, 0xaedc, 0xaedc, 0xaedc, 0xaedc, 
	0xaedc, 0xaedc, 0xaedc, 0xaedc, 0xaedc, 0xaedc, 0xaedc, 0xaedc, 0xaedc, 0xaedc, 0xaedc, 0xaedc, 0xaedc, 0xaedc, 0xaedc, 0xaedc, 
	0xaedc, 0xaedc, 0xaedc, 0xaedc, 0xaedc, 0xaedc, 0xaedc, 0xaedc, 0xaedc, 0xaedc, 0xaedc, 0xaedc, 0xaedc, 0xaedc, 0xaedc, 0xaedc, 
	0xaedc, 0xaedc, 0xaedc, 0xaedc, 0xaedc, 0xaedc, 0xaedc, 0xaedc, 0xaedc, 0xaedc, 0xaedc, 0xaedc, 0xaedc, 0xaedc, 0xaedc, 0xaedc, 
	0xaedc, 0xaedc, 0xaedc, 0xaedc, 0xaedc, 0xaedc, 0xaedc, 0xaedc, 0xaedc, 0xaedc, 0xaedc, 0xaedc, 0xaedc, 0xaedc, 0xaedc, 0xaedc, 
	0xaedc, 0xaedc, 0xaedc, 0xaedc, 0xaedc, 0xaedc, 0xaedc, 0xaedc, 0xaedc, 0xaedc, 0xaedc, 0xb6fd, 0xaebc, 0xb71d, 0xaebc, 0xb6dd, 
	0xaebb, 0x8d96, 0x5baf, 0x3229, 0x1945, 0x08a2, 0x0021, 0x0000, 0x0000, 0x0021, 0x0000, 0x0000, 0x0000, 0x0000, 0x0000, 0x0000, 
	0x0021, 0x42cb, 0xb6fc, 0xc7df, 0xbfbf, 0xc7bf, 0xbf9e, 0xbfbf, 0xc7bf, 0xc7bf, 0xc7bf, 0xc7bf, 0xc7bf, 0xc7bf, 0xc7bf, 0xc7bf, 
	0xbfbf, 0xae9a, 0x3a49, 0x0000, 0x0000, 0x0000, 0x0000, 0x0000, 0x0000, 0x0020, 0x0000, 0x0000, 0x0020, 0x0061, 0x08c4, 0x08e5, 
	0x1989, 0x22b0, 0x4439, 0x4cde, 0x44de, 0x4cde, 0x4cfe, 0x4cdf, 0x44de, 0x4cde, 0x4cdf, 0x44de, 0x4cde, 0x4cde, 0x4d3e, 0x4dfe, 
	0x4e1d, 0x563e, 0x561e, 0x4e1e, 0x4e3e, 0x4e1e, 0x4e1e, 0x561d, 0x3d16, 0x11e8, 0x0062, 0x0000, 0x0020, 0x0000, 0x0000, 0x0000, 
	0x0000, 0x0000, 0x0000, 0x0000, 0x0000, 0x0000, 0x0000, 0x0000, 0x0000, 0x0000, 0x0000, 0x0000, 0x0000, 0x0000, 0x0000, 0x0000, 
	0x0000, 0x0000, 0x0000, 0x0000, 0x0000, 0x0000, 0x0000, 0x0000, 0x0000, 0x0000, 0x0000, 0x0000, 0x0000, 0x0000, 0x0000, 0x0000, 
	0x0000, 0x0000, 0x0000, 0x0000, 0x0000, 0x0000, 0x0000, 0x0000, 0x0000, 0x0000, 0x0001, 0x0021, 0x0000, 0x0000, 0x0000, 0x0000, 
	0x0000, 0x0000, 0x3a8a, 0xaedc, 0xaedd, 0xaedc, 0xaefc, 0xaedd, 0xaedc, 0xaedc, 0xaedc, 0xaedc, 0xaedc, 0xaedc, 0xaedc, 0xaedc, 
	0xaedc, 0xaedc, 0xaedc, 0xaedc, 0xaedc, 0xaedc, 0xaedc, 0xaedc, 0xaedc, 0xaedc, 0xaedc, 0xaedc, 0xaedc, 0xaedc, 0xaedc, 0xaedc, 
	0xaedc, 0xaedc, 0xaedc, 0xaedc, 0xaedc, 0xaedc, 0xaedc, 0xaedc, 0xaedc, 0xaedc, 0xaedc, 0xaedc, 0xaedc, 0xaedc, 0xaedc, 0xaedc, 
	0xaedc, 0xaedc, 0xaedc, 0xaedc, 0xaedc, 0xaedc, 0xaedc, 0xaedc, 0xaedc, 0xaedc, 0xaedc, 0xaedc, 0xaedc, 0xaedc, 0xaedc, 0xaedc, 
	0xaedc, 0xaedc, 0xaedc, 0xaedc, 0xaedc, 0xaedc, 0xaedc, 0xaedc, 0xaedc, 0xaedc, 0xaedc, 0xaedc, 0xaedc, 0xaedc, 0xaedc, 0xaedc, 
	0xaedc, 0xaedc, 0xaedc, 0xaedc, 0xaedc, 0xaedc, 0xaedc, 0xaedc, 0xaedc, 0xaedc, 0xaedc, 0xaedc, 0xaedc, 0xaedc, 0xaedc, 0xaedc, 
	0xaedc, 0xaedc, 0xaedc, 0xaedc, 0xaedc, 0xaedc, 0xaedc, 0xaedc, 0xaedc, 0xaedc, 0xaedc, 0xaedc, 0xaedc, 0xaedc, 0xaedc, 0xaedc, 
	0xaedc, 0xaedc, 0xaedc, 0xaedc, 0xaedc, 0xaedc, 0xaedc, 0xaedc, 0xb6fc, 0xaedc, 0xb6bd, 0xaedd, 0xaedc, 0xaedc, 0xb6fc, 0xa619, 
	0x63ef, 0x29e7, 0x0041, 0x0000, 0x0000, 0x0000, 0x0000, 0x0000, 0x0000, 0x0000, 0x0000, 0x0000, 0x0000, 0x0000, 0x0000, 0x0000, 
	0x0000, 0x1124, 0x8db6, 0xc7be, 0xc7bf, 0xcfdf, 0xc7bf, 0xc7df, 0xc7bf, 0xc7bf, 0xc7bf, 0xc7bf, 0xc7bf, 0xc7bf, 0xc7bf, 0xc7bf, 
	0xcf9e, 0x84f4, 0x08c3, 0x0000, 0x0000, 0x0020, 0x0000, 0x0000, 0x0000, 0x0000, 0x0000, 0x0020, 0x0000, 0x0000, 0x0000, 0x0000, 
	0x0800, 0x0062, 0x0989, 0x2b33, 0x4c9c, 0x4d1f, 0x44be, 0x54de, 0x44de, 0x4cde, 0x4cdf, 0x44de, 0x4cde, 0x4cde, 0x4d3e, 0x55fe, 
	0x4e3e, 0x563e, 0x561e, 0x4e1e, 0x4e3e, 0x4e1e, 0x561d, 0x4ddd, 0x22cd, 0x0001, 0x0800, 0x0000, 0x0000, 0x0000, 0x0000, 0x0020, 
	0x0000, 0x0000, 0x0000, 0x0000, 0x0000, 0x0000, 0x0000, 0x0000, 0x0000, 0x0000, 0x0000, 0x0000, 0x0000, 0x0000, 0x0000, 0x0000, 
	0x0000, 0x0000, 0x0000, 0x0000, 0x0000, 0x0000, 0x0000, 0x0000, 0x0000, 0x0000, 0x0000, 0x0000, 0x0000, 0x0000, 0x0000, 0x0000, 
	0x0000, 0x0000, 0x0000, 0x0000, 0x0000, 0x0000, 0x0000, 0x0000, 0x0020, 0x0000, 0x0800, 0x0000, 0x0000, 0x0020, 0x0000, 0x0000, 
	0x0000, 0x0000, 0x3a8a, 0xaedc, 0xaedd, 0xaedc, 0xaefc, 0xaedd, 0xaedc, 0xaedc, 0xaedc, 0xaedc, 0xaedc, 0xaedc, 0xaedc, 0xaedc, 
	0xaedc, 0xaedc, 0xaedc, 0xaedc, 0xaedc, 0xaedc, 0xaedc, 0xaedc, 0xaedc, 0xaedc, 0xaedc, 0xaedc, 0xaedc, 0xaedc, 0xaedc, 0xaedc, 
	0xaedc, 0xaedc, 0xaedc, 0xaedc, 0xaedc, 0xaedc, 0xaedc, 0xaedc, 0xaedc, 0xaedc, 0xaedc, 0xaedc, 0xaedc, 0xaedc, 0xaedc, 0xaedc, 
	0xaedc, 0xaedc, 0xaedc, 0xaedc, 0xaedc, 0xaedc, 0xaedc, 0xaedc, 0xaedc, 0xaedc, 0xaedc, 0xaedc, 0xaedc, 0xaedc, 0xaedc, 0xaedc, 
	0xaedc, 0xaedc, 0xaedc, 0xaedc, 0xaedc, 0xaedc, 0xaedc, 0xaedc, 0xaedc, 0xaedc, 0xaedc, 0xaedc, 0xaedc, 0xaedc, 0xaedc, 0xaedc, 
	0xaedc, 0xaedc, 0xaedc, 0xaedc, 0xaedc, 0xaedc, 0xaedc, 0xaedc, 0xaedc, 0xaedc, 0xaedc, 0xaedc, 0xaedc, 0xaedc, 0xaedc, 0xaedc, 
	0xaedc, 0xaedc, 0xaedc, 0xaedc, 0xaedc, 0xaedc, 0xaedc, 0xaedc, 0xaedc, 0xaedc, 0xaedc, 0xaedc, 0xaedc, 0xaedc, 0xaedc, 0xaedc, 
	0xaedc, 0xaedc, 0xaedc, 0xaedc, 0xaedc, 0xaedc, 0xaedc, 0xaedc, 0xaedc, 0xaedc, 0xb6dd, 0xaedd, 0xaefd, 0xaedc, 0x9dd8, 0x534d, 
	0x10e4, 0x0000, 0x0000, 0x0020, 0x0000, 0x0000, 0x0020, 0x0000, 0x0000, 0x0000, 0x0000, 0x0000, 0x0000, 0x0000, 0x0000, 0x0000, 
	0x0000, 0x0061, 0x84f3, 0xcf9e, 0xd7df, 0xcfbe, 0xd7df, 0xcfbf, 0xd7df, 0xd7df, 0xd7df, 0xd7df, 0xd7df, 0xd7df, 0xd7df, 0xd7df, 
	0xd79e, 0x6c10, 0x0020, 0x0000, 0x0000, 0x0000, 0x0000, 0x0000, 0x0000, 0x0000, 0x0000, 0x0000, 0x0000, 0x0000, 0x0000, 0x0000, 
	0x0000, 0x0000, 0x0000, 0x08a3, 0x2aaf, 0x3c5c, 0x44ff, 0x4cfc, 0x4cfe, 0x4cde, 0x4cdf, 0x44de, 0x4cde, 0x4cde, 0x4d3e, 0x55fe, 
	0x4e3e, 0x563e, 0x561e, 0x563e, 0x4e3e, 0x4e3e, 0x4e1d, 0x4ddc, 0x11a8, 0x0000, 0x0020, 0x0020, 0x0000, 0x0000, 0x0001, 0x0020, 
	0x0000, 0x0000, 0x0000, 0x0000, 0x0000, 0x0000, 0x0000, 0x0000, 0x0000, 0x0000, 0x0000, 0x0000, 0x0000, 0x0000, 0x0000, 0x0000, 
	0x0000, 0x0000, 0x0000, 0x0000, 0x0000, 0x0000, 0x0000, 0x0000, 0x0000, 0x0000, 0x0000, 0x0000, 0x0000, 0x0000, 0x0000, 0x0000, 
	0x0000, 0x0000, 0x0000, 0x0000, 0x0000, 0x0000, 0x0000, 0x0000, 0x0000, 0x0000, 0x0000, 0x0000, 0x0000, 0x0000, 0x0000, 0x0000, 
	0x0000, 0x0000, 0x3a8a, 0xaedc, 0xaedd, 0xaedc, 0xaefc, 0xaedd, 0xaedc, 0xaedc, 0xaedc, 0xaedc, 0xaedc, 0xaedc, 0xaedc, 0xaedc, 
	0xaedc, 0xaedc, 0xaedc, 0xaedc, 0xaedc, 0xaedc, 0xaedc, 0xaedc, 0xaedc, 0xaedc, 0xaedc, 0xaedc, 0xaedc, 0xaedc, 0xaedc, 0xaedc, 
	0xaedc, 0xaedc, 0xaedc, 0xaedc, 0xaedc, 0xaedc, 0xaedc, 0xaedc, 0xaedc, 0xaedc, 0xaedc, 0xaedc, 0xaedc, 0xaedc, 0xaedc, 0xaedc, 
	0xaedc, 0xaedc, 0xaedc, 0xaedc, 0xaedc, 0xaedc, 0xaedc, 0xaedc, 0xaedc, 0xaedc, 0xaedc, 0xaedc, 0xaedc, 0xaedc, 0xaedc, 0xaedc, 
	0xaedc, 0xaedc, 0xaedc, 0xaedc, 0xaedc, 0xaedc, 0xaedc, 0xaedc, 0xaedc, 0xaedc, 0xaedc, 0xaedc, 0xaedc, 0xaedc, 0xaedc, 0xaedc, 
	0xaedc, 0xaedc, 0xaedc, 0xaedc, 0xaedc, 0xaedc, 0xaedc, 0xaedc, 0xaedc, 0xaedc, 0xaedc, 0xaedc, 0xaedc, 0xaedc, 0xaedc, 0xaedc, 
	0xaedc, 0xaedc, 0xaedc, 0xaedc, 0xaedc, 0xaedc, 0xaedc, 0xaedc, 0xaedc, 0xaedc, 0xaedc, 0xaedc, 0xaedc, 0xaedc, 0xaedc, 0xaedc, 
	0xaedc, 0xaedc, 0xaedc, 0xaedc, 0xaedc, 0xaedc, 0xaedc, 0xaedc, 0xaedc, 0xaebc, 0xb6dd, 0xaedd, 0xaebc, 0xa639, 0x4b0c, 0x0882, 
	0x0000, 0x0000, 0x0000, 0x0000, 0x0000, 0x0000, 0x0000, 0x0000, 0x0000, 0x0000, 0x0000, 0x0000, 0x0000, 0x0000, 0x0000, 0x0000, 
	0x0000, 0x10c3, 0xa596, 0xe7ff, 0xe7ff, 0xe7ff, 0xe7ff, 0xe7ff, 0xe7ff, 0xe7ff, 0xe7ff, 0xe7ff, 0xe7ff, 0xe7ff, 0xe7ff, 0xe7ff, 
	0xe7ff, 0x8cf3, 0x0882, 0x0000, 0x0000, 0x0000, 0x0820, 0x0000, 0x0000, 0x0000, 0x0000, 0x0000, 0x0000, 0x0000, 0x0000, 0x0000, 
	0x0000, 0x0021, 0x0000, 0x0000, 0x0062, 0x228f, 0x4c9c, 0x44df, 0x4cfe, 0x4cdf, 0x4cff, 0x44de, 0x4cde, 0x4cde, 0x4d3e, 0x4dfe, 
	0x4e1e, 0x4e1e, 0x561e, 0x563e, 0x4e3e, 0x563e, 0x561d, 0x4dbc, 0x19a7, 0x0000, 0x0000, 0x0000, 0x0000, 0x0000, 0x0801, 0x0000, 
	0x0000, 0x0000, 0x0000, 0x0000, 0x0000, 0x0000, 0x0000, 0x0000, 0x0000, 0x0000, 0x0000, 0x0000, 0x0000, 0x0000, 0x0000, 0x0000, 
	0x0000, 0x0000, 0x0000, 0x0000, 0x0000, 0x0000, 0x0000, 0x0000, 0x0000, 0x0000, 0x0000, 0x0000, 0x0000, 0x0000, 0x0000, 0x0000, 
	0x0000, 0x0000, 0x0000, 0x0000, 0x0000, 0x0000, 0x0000, 0x0000, 0x0800, 0x0000, 0x0000, 0x0000, 0x0001, 0x0000, 0x0000, 0x0000, 
	0x0000, 0x0000, 0x3a8a, 0xaedc, 0xaedd, 0xaedc, 0xaefc, 0xaedd, 0xaedc, 0xaedc, 0xaedc, 0xaedc, 0xaedc, 0xaedc, 0xaedc, 0xaedc, 
	0xaedc, 0xaedc, 0xaedc, 0xaedc, 0xaedc, 0xaedc, 0xaedc, 0xaedc, 0xaedc, 0xaedc, 0xaedc, 0xaedc, 0xaedc, 0xaedc, 0xaedc, 0xaedc, 
	0xaedc, 0xaedc, 0xaedc, 0xaedc, 0xaedc, 0xaedc, 0xaedc, 0xaedc, 0xaedc, 0xaedc, 0xaedc, 0xaedc, 0xaedc, 0xaedc, 0xaedc, 0xaedc, 
	0xaedc, 0xaedc, 0xaedc, 0xaedc, 0xaedc, 0xaedc, 0xaedc, 0xaedc, 0xaedc, 0xaedc, 0xaedc, 0xaedc, 0xaedc, 0xaedc, 0xaedc, 0xaedc, 
	0xaedc, 0xaedc, 0xaedc, 0xaedc, 0xaedc, 0xaedc, 0xaedc, 0xaedc, 0xaedc, 0xaedc, 0xaedc, 0xaedc, 0xaedc, 0xaedc, 0xaedc, 0xaedc, 
	0xaedc, 0xaedc, 0xaedc, 0xaedc, 0xaedc, 0xaedc, 0xaedc, 0xaedc, 0xaedc, 0xaedc, 0xaedc, 0xaedc, 0xaedc, 0xaedc, 0xaedc, 0xaedc, 
	0xaedc, 0xaedc, 0xaedc, 0xaedc, 0xaedc, 0xaedc, 0xaedc, 0xaedc, 0xaedc, 0xaedc, 0xaedc, 0xaedc, 0xaedc, 0xaedc, 0xaedc, 0xaedc, 
	0xaedc, 0xaedc, 0xaedc, 0xaedc, 0xaedc, 0xaedc, 0xaedc, 0xaedc, 0xb6fd, 0xaedc, 0xaebc, 0xb6fd, 0xa65a, 0x5baf, 0x08a3, 0x0000, 
	0x0000, 0x0000, 0x0000, 0x0000, 0x0000, 0x0000, 0x0000, 0x0000, 0x0000, 0x0000, 0x0000, 0x0000, 0x0000, 0x0000, 0x0000, 0x0020, 
	0x10a2, 0x636e, 0xc6db, 0xe7df, 0xe7ff, 0xe7ff, 0xe7df, 0xe7ff, 0xe7ff, 0xe7ff, 0xe7ff, 0xe7ff, 0xe7ff, 0xe7ff, 0xe7ff, 0xe7ff, 
	0xe7df, 0xbe9a, 0x4aeb, 0x0882, 0x0000, 0x0000, 0x0000, 0x0000, 0x0000, 0x0000, 0x0000, 0x0000, 0x0020, 0x0000, 0x0000, 0x0000, 
	0x0000, 0x0000, 0x0000, 0x0000, 0x0000, 0x08a4, 0x2ad2, 0x4cbf, 0x4cfe, 0x4cde, 0x4cdf, 0x4cfe, 0x4cfe, 0x4cde, 0x4d3e, 0x4dfe, 
	0x4e1e, 0x4e1e, 0x561e, 0x563e, 0x4e3e, 0x563e, 0x561e, 0x4d9c, 0x1148, 0x0000, 0x0000, 0x0000, 0x0000, 0x0020, 0x0000, 0x0000, 
	0x0000, 0x0000, 0x0000, 0x0000, 0x0000, 0x0000, 0x0000, 0x0000, 0x0000, 0x0000, 0x0000, 0x0000, 0x0000, 0x0000, 0x0000, 0x0000, 
	0x0000, 0x0000, 0x0000, 0x0000, 0x0000, 0x0000, 0x0000, 0x0000, 0x0000, 0x0000, 0x0000, 0x0000, 0x0000, 0x0000, 0x0000, 0x0000, 
	0x0000, 0x0000, 0x0000, 0x0000, 0x0000, 0x0000, 0x0000, 0x0000, 0x0000, 0x0000, 0x0000, 0x0000, 0x0000, 0x0000, 0x0021, 0x0001, 
	0x0000, 0x0000, 0x3a8a, 0xaedc, 0xaedd, 0xaedc, 0xaefc, 0xaedd, 0xaedc, 0xaedc, 0xaedc, 0xaedc, 0xaedc, 0xaedc, 0xaedc, 0xaedc, 
	0xaedc, 0xaedc, 0xaedc, 0xaedc, 0xaedc, 0xaedc, 0xaedc, 0xaedc, 0xaedc, 0xaedc, 0xaedc, 0xaedc, 0xaedc, 0xaedc, 0xaedc, 0xaedc, 
	0xaedc, 0xaedc, 0xaedc, 0xaedc, 0xaedc, 0xaedc, 0xaedc, 0xaedc, 0xaedc, 0xaedc, 0xaedc, 0xaedc, 0xaedc, 0xaedc, 0xaedc, 0xaedc, 
	0xaedc, 0xaedc, 0xaedc, 0xaedc, 0xaedc, 0xaedc, 0xaedc, 0xaedc, 0xaedc, 0xaedc, 0xaedc, 0xaedc, 0xaedc, 0xaedc, 0xaedc, 0xaedc, 
	0xaedc, 0xaedc, 0xaedc, 0xaedc, 0xaedc, 0xaedc, 0xaedc, 0xaedc, 0xaedc, 0xaedc, 0xaedc, 0xaedc, 0xaedc, 0xaedc, 0xaedc, 0xaedc, 
	0xaedc, 0xaedc, 0xaedc, 0xaedc, 0xaedc, 0xaedc, 0xaedc, 0xaedc, 0xaedc, 0xaedc, 0xaedc, 0xaedc, 0xaedc, 0xaedc, 0xaedc, 0xaedc, 
	0xaedc, 0xaedc, 0xaedc, 0xaedc, 0xaedc, 0xaedc, 0xaedc, 0xaedc, 0xaedc, 0xaedc, 0xaedc, 0xaedc, 0xaedc, 0xaedc, 0xaedc, 0xaedc, 
	0xaedc, 0xaedc, 0xaedc, 0xaedc, 0xaedc, 0xaedc, 0xaedc, 0xaedc, 0xaebc, 0xaedd, 0xaefc, 0xb6fc, 0x84f5, 0x1905, 0x0000, 0x0000, 
	0x0020, 0x0000, 0x0000, 0x0000, 0x0061, 0x2186, 0x3a6a, 0x428a, 0x42ab, 0x42ab, 0x42ab, 0x4acb, 0x52eb, 0x4acb, 0x4aeb, 0x530c, 
	0x7c71, 0xcefc, 0xe7ff, 0xe7df, 0xe7ff, 0xe7ff, 0xe7df, 0xe7ff, 0xe7df, 0xe7df, 0xe7df, 0xe7df, 0xe7df, 0xe7df, 0xe7df, 0xe7df, 
	0xe7df, 0xe7ff, 0xbe9a, 0x7430, 0x530c, 0x52cc, 0x4aab, 0x52eb, 0x52eb, 0x52eb, 0x52cb, 0x4aaa, 0x4aaa, 0x4269, 0x2986, 0x0020, 
	0x0021, 0x0000, 0x0000, 0x0000, 0x0000, 0x0000, 0x0928, 0x3bd7, 0x44de, 0x4cde, 0x4cde, 0x44de, 0x4cfe, 0x4cde, 0x4d3e, 0x4dfe, 
	0x4e1e, 0x561e, 0x561e, 0x563e, 0x4e1e, 0x563e, 0x561e, 0x4d9c, 0x1988, 0x0000, 0x0000, 0x0000, 0x0000, 0x0020, 0x09a5, 0x1aa9, 
	0x0aa9, 0x0aa9, 0x0aa9, 0x0aa9, 0x0aa9, 0x0aa9, 0x0aa9, 0x0aa9, 0x0aa9, 0x0aa9, 0x0aa9, 0x0aa9, 0x0aa9, 0x0aa9, 0x0aa9, 0x0aa9, 
	0x0aa9, 0x0aa9, 0x0aa9, 0x0aa9, 0x0aa9, 0x0aa9, 0x0aa9, 0x0aa9, 0x0aa9, 0x0aa9, 0x0aa9, 0x0aa9, 0x0aa9, 0x0aa9, 0x0aa9, 0x0aa9, 
	0x12aa, 0x12aa, 0x12aa, 0x12aa, 0x12aa, 0x128a, 0x128a, 0x128a, 0x0aca, 0x0aaa, 0x0aca, 0x0ac9, 0x0164, 0x0000, 0x0800, 0x0000, 
	0x0000, 0x0000, 0x3a8a, 0xaedc, 0xaedd, 0xaedc, 0xaefc, 0xaedd, 0xaedc, 0xaedc, 0xaedc, 0xaedc, 0xaedc, 0xaedc, 0xaedc, 0xaedc, 
	0xaedc, 0xaedc, 0xaedc, 0xaedc, 0xaedc, 0xaedc, 0xaedc, 0xaedc, 0xaedc, 0xaedc, 0xaedc, 0xaedc, 0xaedc, 0xaedc, 0xaedc, 0xaedc, 
	0xaedc, 0xaedc, 0xaedc, 0xaedc, 0xaedc, 0xaedc, 0xaedc, 0xaedc, 0xaedc, 0xaedc, 0xaedc, 0xaedc, 0xaedc, 0xaedc, 0xaedc, 0xaedc, 
	0xaedc, 0xaedc, 0xaedc, 0xaedc, 0xaedc, 0xaedc, 0xaedc, 0xaedc, 0xaedc, 0xaedc, 0xaedc, 0xaedc, 0xaedc, 0xaedc, 0xaedc, 0xaedc, 
	0xaedc, 0xaedc, 0xaedc, 0xaedc, 0xaedc, 0xaedc, 0xaedc, 0xaedc, 0xaedc, 0xaedc, 0xaedc, 0xaedc, 0xaedc, 0xaedc, 0xaedc, 0xaedc, 
	0xaedc, 0xaedc, 0xaedc, 0xaedc, 0xaedc, 0xaedc, 0xaedc, 0xaedc, 0xaedc, 0xaedc, 0xaedc, 0xaedc, 0xaedc, 0xaedc, 0xaedc, 0xaedc, 
	0xaedc, 0xaedc, 0xaedc, 0xaedc, 0xaedc, 0xaedc, 0xaedc, 0xaedc, 0xaedc, 0xaedc, 0xaedc, 0xaedc, 0xaedc, 0xaedc, 0xaedc, 0xaedc, 
	0xaedc, 0xaedc, 0xaedc, 0xaedc, 0xaedc, 0xaedc, 0xaedc, 0xaedc, 0xb6bd, 0xaefd, 0xaefc, 0x9e39, 0x4acc, 0x0021, 0x0000, 0x0000, 
	0x0000, 0x0000, 0x0001, 0x2166, 0x6410, 0x9e18, 0xaefb, 0xbf7e, 0xbf7e, 0xc79e, 0xcf9e, 0xd79e, 0xdf9e, 0xdf9e, 0xdf9e, 0xe7be, 
	0xe7ff, 0xdfdf, 0xe7ff, 0xe7ff, 0xdfde, 0xe7ff, 0xe7de, 0xe7ff, 0xe7ff, 0xe7ff, 0xe7ff, 0xe7ff, 0xe7ff, 0xe7ff, 0xe7ff, 0xe7ff, 
	0xe7ff, 0xe7ff, 0xdfde, 0xe7df, 0xe7bf, 0xdf7e, 0xdfbe, 0xdfbe, 0xd7bf, 0xdfbf, 0xdf9e, 0xdfbf, 0xdf9e, 0xcf1c, 0xadd7, 0x6bae, 
	0x1904, 0x0800, 0x0800, 0x0000, 0x0020, 0x0000, 0x0042, 0x228f, 0x44de, 0x4cbe, 0x4cde, 0x44de, 0x4cfe, 0x4cde, 0x4d3e, 0x4dfe, 
	0x563e, 0x561e, 0x561e, 0x563e, 0x4e1e, 0x563e, 0x561e, 0x4d9c, 0x1187, 0x0020, 0x0000, 0x0000, 0x0800, 0x0022, 0x14b1, 0x1f9a, 
	0x275a, 0x275a, 0x275a, 0x275a, 0x275a, 0x275a, 0x275a, 0x275a, 0x275a, 0x275a, 0x275a, 0x275a, 0x275a, 0x275a, 0x275a, 0x275a, 
	0x275a, 0x275a, 0x275a, 0x275a, 0x275a, 0x275a, 0x275a, 0x275a, 0x275a, 0x275a, 0x275a, 0x275a, 0x275a, 0x275a, 0x275a, 0x275a, 
	0x277a, 0x275a, 0x275a, 0x275a, 0x275a, 0x275a, 0x275a, 0x275a, 0x2f39, 0x2f3b, 0x273b, 0x2f5a, 0x140e, 0x0020, 0x0800, 0x0020, 
	0x0000, 0x0000, 0x3a8a, 0xaedc, 0xaedd, 0xaedc, 0xaefc, 0xaedd, 0xaedc, 0xaedc, 0xaedc, 0xaedc, 0xaedc, 0xaedc, 0xaedc, 0xaedc, 
	0xaedc, 0xaedc, 0xaedc, 0xaedc, 0xaedc, 0xaedc, 0xaedc, 0xaedc, 0xaedc, 0xaedc, 0xaedc, 0xaedc, 0xaedc, 0xaedc, 0xaedc, 0xaedc, 
	0xaedc, 0xaedc, 0xaedc, 0xaedc, 0xaedc, 0xaedc, 0xaedc, 0xaedc, 0xaedc, 0xaedc, 0xaedc, 0xaedc, 0xaedc, 0xaedc, 0xaedc, 0xaedc, 
	0xaedc, 0xaedc, 0xaedc, 0xaedc, 0xaedc, 0xaedc, 0xaedc, 0xaedc, 0xaedc, 0xaedc, 0xaedc, 0xaedc, 0xaedc, 0xaedc, 0xaedc, 0xaedc, 
	0xaedc, 0xaedc, 0xaedc, 0xaedc, 0xaedc, 0xaedc, 0xaedc, 0xaedc, 0xaedc, 0xaedc, 0xaedc, 0xaedc, 0xaedc, 0xaedc, 0xaedc, 0xaedc, 
	0xaedc, 0xaedc, 0xaedc, 0xaedc, 0xaedc, 0xaedc, 0xaedc, 0xaedc, 0xaedc, 0xaedc, 0xaedc, 0xaedc, 0xaedc, 0xaedc, 0xaedc, 0xaedc, 
	0xaedc, 0xaedc, 0xaedc, 0xaedc, 0xaedc, 0xaedc, 0xaedc, 0xaedc, 0xaedc, 0xaedc, 0xaedc, 0xaedc, 0xaedc, 0xaedc, 0xaedc, 0xaedc, 
	0xaedc, 0xaedc, 0xaedc, 0xaedc, 0xaedc, 0xaedc, 0xaedc, 0xaedc, 0xb6dd, 0xaedc, 0xaedc, 0x8d15, 0x1904, 0x0000, 0x0000, 0x0000, 
	0x0020, 0x0000, 0x2187, 0x8556, 0xb75d, 0xc7df, 0xc7bf, 0xc7df, 0xc7bf, 0xc7bf, 0xd7df, 0xdfff, 0xe7ff, 0xe7ff, 0xe7df, 0xe7ff, 
	0xe7ff, 0xe7ff, 0xe7ff, 0xe7ff, 0xe7ff, 0xe7ff, 0xe7ff, 0xe7ff, 0xe7ff, 0xe7ff, 0xe7ff, 0xe7ff, 0xe7ff, 0xe7ff, 0xe7ff, 0xe7ff, 
	0xe7ff, 0xe7ff, 0xe7ff, 0xe7ff, 0xe7ff, 0xe7ff, 0xe7ff, 0xe7ff, 0xe7ff, 0xe7ff, 0xe7ff, 0xe7ff, 0xe7ff, 0xe7ff, 0xdfdf, 0xd79e, 
	0x94f4, 0x1925, 0x0000, 0x0000, 0x0000, 0x0000, 0x0001, 0x1104, 0x43f8, 0x451f, 0x4cde, 0x54dd, 0x44fe, 0x4cff, 0x451e, 0x55fd, 
	0x4e3e, 0x4e1e, 0x561e, 0x563e, 0x4e1e, 0x4e3e, 0x561e, 0x4dbc, 0x1187, 0x0000, 0x0000, 0x0000, 0x0000, 0x0021, 0x1cd1, 0x27bb, 
	0x279b, 0x279b, 0x279b, 0x279b, 0x279b, 0x279b, 0x279b, 0x279b, 0x279b, 0x279b, 0x279b, 0x279b, 0x279b, 0x279b, 0x279b, 0x279b, 
	0x279b, 0x279b, 0x279b, 0x279b, 0x279b, 0x279b, 0x279b, 0x279b, 0x279b, 0x279b, 0x279b, 0x279b, 0x279b, 0x279b, 0x279b, 0x279b, 
	0x279b, 0x279b, 0x279b, 0x279b, 0x279b, 0x279b, 0x279b, 0x279b, 0x279b, 0x279c, 0x279b, 0x27bb, 0x140f, 0x0000, 0x0000, 0x0000, 
	0x0000, 0x0000, 0x3a8a, 0xaedc, 0xaedd, 0xaedc, 0xaefc, 0xaedd, 0xaedc, 0xaedc, 0xaedc, 0xaedc, 0xaedc, 0xaedc, 0xaedc, 0xaedc, 
	0xaedc, 0xaedc, 0xaedc, 0xaedc, 0xaedc, 0xaedc, 0xaedc, 0xaedc, 0xaedc, 0xaedc, 0xaedc, 0xaedc, 0xaedc, 0xaedc, 0xaedc, 0xaedc, 
	0xaedc, 0xaedc, 0xaedc, 0xaedc, 0xaedc, 0xaedc, 0xaedc, 0xaedc, 0xaedc, 0xaedc, 0xaedc, 0xaedc, 0xaedc, 0xaedc, 0xaedc, 0xaedc, 
	0xaedc, 0xaedc, 0xaedc, 0xaedc, 0xaedc, 0xaedc, 0xaedc, 0xaedc, 0xaedc, 0xaedc, 0xaedc, 0xaedc, 0xaedc, 0xaedc, 0xaedc, 0xaedc, 
	0xaedc, 0xaedc, 0xaedc, 0xaedc, 0xaedc, 0xaedc, 0xaedc, 0xaedc, 0xaedc, 0xaedc, 0xaedc, 0xaedc, 0xaedc, 0xaedc, 0xaedc, 0xaedc, 
	0xaedc, 0xaedc, 0xaedc, 0xaedc, 0xaedc, 0xaedc, 0xaedc, 0xaedc, 0xaedc, 0xaedc, 0xaedc, 0xaedc, 0xaedc, 0xaedc, 0xaedc, 0xaedc, 
	0xaedc, 0xaedc, 0xaedc, 0xaedc, 0xaedc, 0xaedc, 0xaedc, 0xaedc, 0xaedc, 0xaedc, 0xaedc, 0xaedc, 0xaedc, 0xaedc, 0xaedc, 0xaedc, 
	0xaedc, 0xaedc, 0xaedc, 0xaedc, 0xaedc, 0xaedc, 0xaedc, 0xaedc, 0xaedd, 0xaefd, 0xaebb, 0x6bf0, 0x0862, 0x0000, 0x0000, 0x0000, 
	0x0000, 0x10e3, 0x84d3, 0xc77e, 0xc7df, 0xc7bf, 0xbf9e, 0xc7bf, 0xc7bf, 0xc7bf, 0xd7df, 0xdfff, 0xe7ff, 0xe7df, 0xe7ff, 0xe7ff, 
	0xe7ff, 0xe7ff, 0xe7ff, 0xe7ff, 0xe7ff, 0xe7ff, 0xe7ff, 0xe7ff, 0xe7ff, 0xe7ff, 0xe7ff, 0xe7ff, 0xe7ff, 0xe7ff, 0xe7ff, 0xe7ff, 
	0xe7ff, 0xe7ff, 0xe7ff, 0xe7ff, 0xe7ff, 0xe7ff, 0xe7ff, 0xe7ff, 0xe7ff, 0xe7ff, 0xe7ff, 0xe7ff, 0xe7ff, 0xe7ff, 0xe7ff, 0xe7df, 
	0xdf7d, 0x7c51, 0x08a2, 0x0000, 0x0020, 0x0000, 0x0000, 0x0883, 0x3334, 0x44de, 0x4cde, 0x4cde, 0x44fe, 0x4cff, 0x4d1e, 0x55fd, 
	0x4e3e, 0x4e1e, 0x561e, 0x563e, 0x4e1e, 0x4e3e, 0x561e, 0x4dbc, 0x1187, 0x0000, 0x0000, 0x0000, 0x0000, 0x0021, 0x1cd1, 0x27bb, 
	0x279b, 0x279b, 0x279b, 0x279b, 0x279b, 0x279b, 0x279b, 0x279b, 0x279b, 0x279b, 0x279b, 0x279b, 0x279b, 0x279b, 0x279b, 0x279b, 
	0x279b, 0x279b, 0x279b, 0x279b, 0x279b, 0x279b, 0x279b, 0x279b, 0x279b, 0x279b, 0x279b, 0x279b, 0x279b, 0x279b, 0x279b, 0x279b, 
	0x279b, 0x279b, 0x279b, 0x279b, 0x279b, 0x279b, 0x279b, 0x279b, 0x279b, 0x279c, 0x279b, 0x27bb, 0x140f, 0x0000, 0x0000, 0x0000, 
	0x0000, 0x0000, 0x3a8a, 0xaedc, 0xaedd, 0xaedc, 0xaefc, 0xaedd, 0xaedc, 0xaedc, 0xaedc, 0xaedc, 0xaedc, 0xaedc, 0xaedc, 0xaedc, 
	0xaedc, 0xaedc, 0xaedc, 0xaedc, 0xaedc, 0xaedc, 0xaedc, 0xaedc, 0xaedc, 0xaedc, 0xaedc, 0xaedc, 0xaedc, 0xaedc, 0xaedc, 0xaedc, 
	0xaedc, 0xaedc, 0xaedc, 0xaedc, 0xaedc, 0xaedc, 0xaedc, 0xaedc, 0xaedc, 0xaedc, 0xaedc, 0xaedc, 0xaedc, 0xaedc, 0xaedc, 0xaedc, 
	0xaedc, 0xaedc, 0xaedc, 0xaedc, 0xaedc, 0xaedc, 0xaedc, 0xaedc, 0xaedc, 0xaedc, 0xaedc, 0xaedc, 0xaedc, 0xaedc, 0xaedc, 0xaedc, 
	0xaedc, 0xaedc, 0xaedc, 0xaedc, 0xaedc, 0xaedc, 0xaedc, 0xaedc, 0xaedc, 0xaedc, 0xaedc, 0xaedc, 0xaedc, 0xaedc, 0xaedc, 0xaedc, 
	0xaedc, 0xaedc, 0xaedc, 0xaedc, 0xaedc, 0xaedc, 0xaedc, 0xaedc, 0xaedc, 0xaedc, 0xaedc, 0xaedc, 0xaedc, 0xaedc, 0xaedc, 0xaedc, 
	0xaedc, 0xaedc, 0xaedc, 0xaedc, 0xaedc, 0xaedc, 0xaedc, 0xaedc, 0xaedc, 0xaedc, 0xaedc, 0xaedc, 0xaedc, 0xaedc, 0xaedc, 0xaedc, 
	0xaedc, 0xaedc, 0xaedc, 0xaedc, 0xaedc, 0xaedc, 0xaedc, 0xaedc, 0xaedc, 0xaefd, 0xa65a, 0x428b, 0x0000, 0x0000, 0x0020, 0x0000, 
	0x0000, 0x3a8a, 0xaebb, 0xc7bf, 0xc7bf, 0xcfdf, 0xbfbf, 0xc7bf, 0xbfbf, 0xc7bf, 0xd7df, 0xe7ff, 0xe7ff, 0xe7df, 0xe7df, 0xe7ff, 
	0xe7ff, 0xe7ff, 0xe7ff, 0xe7ff, 0xe7ff, 0xe7ff, 0xe7ff, 0xe7ff, 0xe7ff, 0xe7ff, 0xe7ff, 0xe7ff, 0xe7ff, 0xe7ff, 0xe7ff, 0xe7ff, 
	0xe7ff, 0xe7ff, 0xe7ff, 0xe7ff, 0xe7ff, 0xe7ff, 0xe7ff, 0xe7ff, 0xe7ff, 0xe7ff, 0xe7ff, 0xe7ff, 0xe7df, 0xe7ff, 0xe7ff, 0xe7ff, 
	0xe7ff, 0xc6ba, 0x3a08, 0x0000, 0x0020, 0x0000, 0x0000, 0x0000, 0x224e, 0x44bd, 0x4cdf, 0x4cde, 0x44fe, 0x4cde, 0x4d3e, 0x4dfe, 
	0x4e3e, 0x4e1e, 0x561e, 0x563e, 0x4e1e, 0x4e3e, 0x561e, 0x4dbc, 0x1187, 0x0000, 0x0000, 0x0000, 0x0000, 0x0021, 0x1cd1, 0x27bb, 
	0x279b, 0x279b, 0x279b, 0x279b, 0x279b, 0x279b, 0x279b, 0x279b, 0x279b, 0x279b, 0x279b, 0x279b, 0x279b, 0x279b, 0x279b, 0x279b, 
	0x279b, 0x279b, 0x279b, 0x279b, 0x279b, 0x279b, 0x279b, 0x279b, 0x279b, 0x279b, 0x279b, 0x279b, 0x279b, 0x279b, 0x279b, 0x279b, 
	0x279b, 0x279b, 0x279b, 0x279b, 0x279b, 0x279b, 0x279b, 0x279b, 0x279b, 0x279c, 0x279b, 0x27bb, 0x140f, 0x0000, 0x0000, 0x0000, 
	0x0000, 0x0000, 0x3a8a, 0xaedc, 0xaedd, 0xaedc, 0xaefc, 0xaedd, 0xaedc, 0xaedc, 0xaedc, 0xaedc, 0xaedc, 0xaedc, 0xaedc, 0xaedc, 
	0xaedc, 0xaedc, 0xaedc, 0xaedc, 0xaedc, 0xaedc, 0xaedc, 0xaedc, 0xaedc, 0xaedc, 0xaedc, 0xaedc, 0xaedc, 0xaedc, 0xaedc, 0xaedc, 
	0xaedc, 0xaedc, 0xaedc, 0xaedc, 0xaedc, 0xaedc, 0xaedc, 0xaedc, 0xaedc, 0xaedc, 0xaedc, 0xaedc, 0xaedc, 0xaedc, 0xaedc, 0xaedc, 
	0xaedc, 0xaedc, 0xaedc, 0xaedc, 0xaedc, 0xaedc, 0xaedc, 0xaedc, 0xaedc, 0xaedc, 0xaedc, 0xaedc, 0xaedc, 0xaedc, 0xaedc, 0xaedc, 
	0xaedc, 0xaedc, 0xaedc, 0xaedc, 0xaedc, 0xaedc, 0xaedc, 0xaedc, 0xaedc, 0xaedc, 0xaedc, 0xaedc, 0xaedc, 0xaedc, 0xaedc, 0xaedc, 
	0xaedc, 0xaedc, 0xaedc, 0xaedc, 0xaedc, 0xaedc, 0xaedc, 0xaedc, 0xaedc, 0xaedc, 0xaedc, 0xaedc, 0xaedc, 0xaedc, 0xaedc, 0xaedc, 
	0xaedc, 0xaedc, 0xaedc, 0xaedc, 0xaedc, 0xaedc, 0xaedc, 0xaedc, 0xaedc, 0xaedc, 0xaedc, 0xaedc, 0xaedc, 0xaedc, 0xaedc, 0xaedc, 
	0xaedc, 0xaedc, 0xaedc, 0xaedc, 0xaedc, 0xaedc, 0xaedc, 0xaedc, 0xaedd, 0xaedc, 0xa63a, 0x29c8, 0x0000, 0x0000, 0x0000, 0x0000, 
	0x0821, 0x6c51, 0xbf9e, 0xbfbf, 0xc79f, 0xc7bf, 0xc7bf, 0xbfbf, 0xbfbf, 0xc7bf, 0xd7df, 0xdfdf, 0xe7ff, 0xe7ff, 0xe7df, 0xe7ff, 
	0xe7ff, 0xe7ff, 0xe7ff, 0xe7ff, 0xe7ff, 0xe7ff, 0xe7ff, 0xe7ff, 0xe7ff, 0xe7ff, 0xe7ff, 0xe7ff, 0xe7ff, 0xe7ff, 0xe7ff, 0xe7ff, 
	0xe7ff, 0xe7ff, 0xe7ff, 0xe7ff, 0xe7ff, 0xe7ff, 0xe7ff, 0xe7ff, 0xe7df, 0xe7ff, 0xe7ff, 0xe7ff, 0xe7df, 0xe7df, 0xe7df, 0xe7df, 
	0xdfff, 0xdf7e, 0x6bae, 0x0020, 0x0000, 0x0000, 0x0020, 0x0000, 0x19cb, 0x4cbc, 0x4cff, 0x4cde, 0x44de, 0x4cbe, 0x4d3e, 0x4dfe, 
	0x4e3e, 0x4e1e, 0x561e, 0x563e, 0x4e1e, 0x4e3e, 0x561e, 0x4dbc, 0x1187, 0x0000, 0x0000, 0x0000, 0x0000, 0x0021, 0x1cd1, 0x27bb, 
	0x279b, 0x279b, 0x279b, 0x279b, 0x279b, 0x279b, 0x279b, 0x279b, 0x279b, 0x279b, 0x279b, 0x279b, 0x279b, 0x279b, 0x279b, 0x279b, 
	0x279b, 0x279b, 0x279b, 0x279b, 0x279b, 0x279b, 0x279b, 0x279b, 0x279b, 0x279b, 0x279b, 0x279b, 0x279b, 0x279b, 0x279b, 0x279b, 
	0x279b, 0x279b, 0x279b, 0x279b, 0x279b, 0x279b, 0x279b, 0x279b, 0x279b, 0x279c, 0x279b, 0x27bb, 0x140f, 0x0000, 0x0000, 0x0000, 
	0x0000, 0x0000, 0x3a8a, 0xaedc, 0xaedd, 0xaedc, 0xaefc, 0xaedd, 0xaedc, 0xaedc, 0xaedc, 0xaedc, 0xaedc, 0xaedc, 0xaedc, 0xaedc, 
	0xaedc, 0xaedc, 0xaedc, 0xaedc, 0xaedc, 0xaedc, 0xaedc, 0xaedc, 0xaedc, 0xaedc, 0xaedc, 0xaedc, 0xaedc, 0xaedc, 0xaedc, 0xaedc, 
	0xaedc, 0xaedc, 0xaedc, 0xaedc, 0xaedc, 0xaedc, 0xaedc, 0xaedc, 0xaedc, 0xaedc, 0xaedc, 0xaedc, 0xaedc, 0xaedc, 0xaedc, 0xaedc, 
	0xaedc, 0xaedc, 0xaedc, 0xaedc, 0xaedc, 0xaedc, 0xaedc, 0xaedc, 0xaedc, 0xaedc, 0xaedc, 0xaedc, 0xaedc, 0xaedc, 0xaedc, 0xaedc, 
	0xaedc, 0xaedc, 0xaedc, 0xaedc, 0xaedc, 0xaedc, 0xaedc, 0xaedc, 0xaedc, 0xaedc, 0xaedc, 0xaedc, 0xaedc, 0xaedc, 0xaedc, 0xaedc, 
	0xaedc, 0xaedc, 0xaedc, 0xaedc, 0xaedc, 0xaedc, 0xaedc, 0xaedc, 0xaedc, 0xaedc, 0xaedc, 0xaedc, 0xaedc, 0xaedc, 0xaedc, 0xaedc, 
	0xaedc, 0xaedc, 0xaedc, 0xaedc, 0xaedc, 0xaedc, 0xaedc, 0xaedc, 0xaedc, 0xaedc, 0xaedc, 0xaedc, 0xaedc, 0xaedc, 0xaedc, 0xaedc, 
	0xaedc, 0xaedc, 0xaedc, 0xaedc, 0xaedc, 0xaedc, 0xaedc, 0xaedc, 0xaedd, 0xaedc, 0x9e39, 0x2987, 0x0000, 0x0000, 0x0000, 0x0000, 
	0x0841, 0x84f4, 0xbfdf, 0xc7ff, 0xc7bf, 0xbf9e, 0xc7df, 0xbfbf, 0xc7bf, 0xc7bf, 0xcfbf, 0xdfdf, 0xe7ff, 0xe7ff, 0xe7ff, 0xe7ff, 
	0xe7df, 0xe7df, 0xe7df, 0xe7df, 0xe7df, 0xe7df, 0xe7df, 0xe7df, 0xe7df, 0xe7df, 0xe7df, 0xe7df, 0xe7df, 0xe7df, 0xe7df, 0xe7df, 
	0xe7ff, 0xe7ff, 0xe7ff, 0xe7ff, 0xe7ff, 0xe7ff, 0xe7ff, 0xe7ff, 0xe7ff, 0xe7ff, 0xe7ff, 0xe7ff, 0xe7ff, 0xe7ff, 0xe7ff, 0xe7ff, 
	0xe7ff, 0xdfbe, 0x7c51, 0x0020, 0x0000, 0x0000, 0x0000, 0x0000, 0x1969, 0x4cbc, 0x4cff, 0x4cde, 0x44de, 0x4cbd, 0x4d3f, 0x4dfe, 
	0x4e3e, 0x4e1e, 0x561e, 0x563e, 0x4e1e, 0x4e3e, 0x561e, 0x4dbc, 0x1187, 0x0000, 0x0000, 0x0000, 0x0000, 0x0021, 0x1cd1, 0x27bb, 
	0x279b, 0x279b, 0x279b, 0x279b, 0x279b, 0x279b, 0x279b, 0x279b, 0x279b, 0x279b, 0x279b, 0x279b, 0x279b, 0x279b, 0x279b, 0x279b, 
	0x279b, 0x279b, 0x279b, 0x279b, 0x279b, 0x279b, 0x279b, 0x279b, 0x279b, 0x279b, 0x279b, 0x279b, 0x279b, 0x279b, 0x279b, 0x279b, 
	0x279b, 0x279b, 0x279b, 0x279b, 0x279b, 0x279b, 0x279b, 0x279b, 0x279b, 0x279c, 0x279b, 0x27bb, 0x140f, 0x0000, 0x0000, 0x0000, 
	0x0000, 0x0000, 0x3a8a, 0xaedc, 0xaedd, 0xaedc, 0xaefc, 0xaedd, 0xaedc, 0xaedc, 0xaedc, 0xaedc, 0xaedc, 0xaedc, 0xaedc, 0xaedc, 
	0xaedc, 0xaedc, 0xaedc, 0xaedc, 0xaedc, 0xaedc, 0xaedc, 0xaedc, 0xaedc, 0xaedc, 0xaedc, 0xaedc, 0xaedc, 0xaedc, 0xaedc, 0xaedc, 
	0xaedc, 0xaedc, 0xaedc, 0xaedc, 0xaedc, 0xaedc, 0xaedc, 0xaedc, 0xaedc, 0xaedc, 0xaedc, 0xaedc, 0xaedc, 0xaedc, 0xaedc, 0xaedc, 
	0xaedc, 0xaedc, 0xaedc, 0xaedc, 0xaedc, 0xaedc, 0xaedc, 0xaedc, 0xaedc, 0xaedc, 0xaedc, 0xaedc, 0xaedc, 0xaedc, 0xaedc, 0xaedc, 
	0xaedc, 0xaedc, 0xaedc, 0xaedc, 0xaedc, 0xaedc, 0xaedc, 0xaedc, 0xaedc, 0xaedc, 0xaedc, 0xaedc, 0xaedc, 0xaedc, 0xaedc, 0xaedc, 
	0xaedc, 0xaedc, 0xaedc, 0xaedc, 0xaedc, 0xaedc, 0xaedc, 0xaedc, 0xaedc, 0xaedc, 0xaedc, 0xaedc, 0xaedc, 0xaedc, 0xaedc, 0xaedc, 
	0xaedc, 0xaedc, 0xaedc, 0xaedc, 0xaedc, 0xaedc, 0xaedc, 0xaedc, 0xaedc, 0xaedc, 0xaedc, 0xaedc, 0xaedc, 0xaedc, 0xaedc, 0xaedc, 
	0xaedc, 0xaedc, 0xaedc, 0xaedc, 0xaedc, 0xaedc, 0xaedc, 0xaedc, 0xaedd, 0xaedd, 0x9e39, 0x29a7, 0x0000, 0x0000, 0x0000, 0x0000, 
	0x0841, 0x7cd3, 0xbfbe, 0xbfbf, 0xc7bf, 0xcfbf, 0xc7df, 0xc7bf, 0xc7bf, 0xc7bf, 0xcfbf, 0xd7df, 0xdfff, 0xe7ff, 0xe7ff, 0xe7ff, 
	0xe7ff, 0xe7ff, 0xe7ff, 0xe7ff, 0xe7ff, 0xe7ff, 0xe7ff, 0xe7ff, 0xe7ff, 0xe7ff, 0xe7ff, 0xe7ff, 0xe7ff, 0xe7ff, 0xe7ff, 0xe7ff, 
	0xe7ff, 0xe7ff, 0xe7ff, 0xe7ff, 0xe7ff, 0xe7ff, 0xe7ff, 0xe7ff, 0xe7ff, 0xe7ff, 0xe7ff, 0xe7ff, 0xe7ff, 0xe7ff, 0xe7ff, 0xe7ff, 
	0xdfff, 0xe7df, 0x7c31, 0x0020, 0x0000, 0x0000, 0x0000, 0x0000, 0x198a, 0x449c, 0x4cdf, 0x4cfe, 0x4cfe, 0x4cde, 0x4d3e, 0x4dfe, 
	0x4e3e, 0x4e1e, 0x561e, 0x563e, 0x4e1e, 0x4e3e, 0x561e, 0x4dbc, 0x1187, 0x0000, 0x0000, 0x0000, 0x0000, 0x0021, 0x1cd1, 0x27bb, 
	0x279b, 0x279b, 0x279b, 0x279b, 0x279b, 0x279b, 0x279b, 0x279b, 0x279b, 0x279b, 0x279b, 0x279b, 0x279b, 0x279b, 0x279b, 0x279b, 
	0x279b, 0x279b, 0x279b, 0x279b, 0x279b, 0x279b, 0x279b, 0x279b, 0x279b, 0x279b, 0x279b, 0x279b, 0x279b, 0x279b, 0x279b, 0x279b, 
	0x279b, 0x279b, 0x279b, 0x279b, 0x279b, 0x279b, 0x279b, 0x279b, 0x279b, 0x279c, 0x279b, 0x27bb, 0x140f, 0x0000, 0x0000, 0x0000, 
	0x0000, 0x0000, 0x3a8a, 0xaedc, 0xaedd, 0xaedc, 0xaefc, 0xaedd, 0xaedc, 0xaedc, 0xaedc, 0xaedc, 0xaedc, 0xaedc, 0xaedc, 0xaedc, 
	0xaedc, 0xaedc, 0xaedc, 0xaedc, 0xaedc, 0xaedc, 0xaedc, 0xaedc, 0xaedc, 0xaedc, 0xaedc, 0xaedc, 0xaedc, 0xaedc, 0xaedc, 0xaedc, 
	0xaedc, 0xaedc, 0xaedc, 0xaedc, 0xaedc, 0xaedc, 0xaedc, 0xaedc, 0xaedc, 0xaedc, 0xaedc, 0xaedc, 0xaedc, 0xaedc, 0xaedc, 0xaedc, 
	0xaedc, 0xaedc, 0xaedc, 0xaedc, 0xaedc, 0xaedc, 0xaedc, 0xaedc, 0xaedc, 0xaedc, 0xaedc, 0xaedc, 0xaedc, 0xaedc, 0xaedc, 0xaedc, 
	0xaedc, 0xaedc, 0xaedc, 0xaedc, 0xaedc, 0xaedc, 0xaedc, 0xaedc, 0xaedc, 0xaedc, 0xaedc, 0xaedc, 0xaedc, 0xaedc, 0xaedc, 0xaedc, 
	0xaedc, 0xaedc, 0xaedc, 0xaedc, 0xaedc, 0xaedc, 0xaedc, 0xaedc, 0xaedc, 0xaedc, 0xaedc, 0xaedc, 0xaedc, 0xaedc, 0xaedc, 0xaedc, 
	0xaedc, 0xaedc, 0xaedc, 0xaedc, 0xaedc, 0xaedc, 0xaedc, 0xaedc, 0xaedc, 0xaedc, 0xaedc, 0xaedc, 0xaedc, 0xaedc, 0xaedc, 0xaedc, 
	0xaedc, 0xaedc, 0xaedc, 0xaedc, 0xaedc, 0xaedc, 0xaedc, 0xaedc, 0xaebd, 0xaefd, 0xa63a, 0x3249, 0x0000, 0x0000, 0x0000, 0x0000, 
	0x0000, 0x63cf, 0xc75d, 0xbfbf, 0xc7df, 0xc7bf, 0xc79e, 0xc7bf, 0xc7bf, 0xc7bf, 0xc7bf, 0xcfdf, 0xcfdf, 0xd7ff, 0xdfff, 0xe7ff, 
	0xe7ff, 0xe7ff, 0xe7ff, 0xe7ff, 0xe7ff, 0xe7ff, 0xe7ff, 0xe7ff, 0xe7ff, 0xe7ff, 0xe7ff, 0xe7ff, 0xe7ff, 0xe7ff, 0xe7ff, 0xe7ff, 
	0xe7ff, 0xe7ff, 0xe7ff, 0xe7ff, 0xe7ff, 0xe7ff, 0xe7ff, 0xe7ff, 0xe7ff, 0xe7ff, 0xe7ff, 0xe7ff, 0xe7ff, 0xdfdf, 0xdfdf, 0xe7ff, 
	0xdfdf, 0xd77d, 0x5b2c, 0x0000, 0x0000, 0x0000, 0x0000, 0x0020, 0x220d, 0x44bd, 0x4cdf, 0x4cde, 0x4cff, 0x4cde, 0x4d1e, 0x4dfe, 
	0x4e3e, 0x4e1e, 0x561e, 0x563e, 0x4e1e, 0x4e3e, 0x561e, 0x4dbc, 0x1187, 0x0000, 0x0000, 0x0000, 0x0000, 0x0021, 0x1cd1, 0x27bb, 
	0x279b, 0x279b, 0x279b, 0x279b, 0x279b, 0x279b, 0x279b, 0x279b, 0x279b, 0x279b, 0x279b, 0x279b, 0x279b, 0x279b, 0x279b, 0x279b, 
	0x279b, 0x279b, 0x279b, 0x279b, 0x279b, 0x279b, 0x279b, 0x279b, 0x279b, 0x279b, 0x279b, 0x279b, 0x279b, 0x279b, 0x279b, 0x279b, 
	0x279b, 0x279b, 0x279b, 0x279b, 0x279b, 0x279b, 0x279b, 0x279b, 0x279b, 0x279c, 0x279b, 0x27bb, 0x140f, 0x0000, 0x0000, 0x0000, 
	0x0000, 0x0000, 0x3a8a, 0xaedc, 0xaedd, 0xaedc, 0xaefc, 0xaedd, 0xaedc, 0xaedc, 0xaedc, 0xaedc, 0xaedc, 0xaedc, 0xaedc, 0xaedc, 
	0xaedc, 0xaedc, 0xaedc, 0xaedc, 0xaedc, 0xaedc, 0xaedc, 0xaedc, 0xaedc, 0xaedc, 0xaedc, 0xaedc, 0xaedc, 0xaedc, 0xaedc, 0xaedc, 
	0xaedc, 0xaedc, 0xaedc, 0xaedc, 0xaedc, 0xaedc, 0xaedc, 0xaedc, 0xaedc, 0xaedc, 0xaedc, 0xaedc, 0xaedc, 0xaedc, 0xaedc, 0xaedc, 
	0xaedc, 0xaedc, 0xaedc, 0xaedc, 0xaedc, 0xaedc, 0xaedc, 0xaedc, 0xaedc, 0xaedc, 0xaedc, 0xaedc, 0xaedc, 0xaedc, 0xaedc, 0xaedc, 
	0xaedc, 0xaedc, 0xaedc, 0xaedc, 0xaedc, 0xaedc, 0xaedc, 0xaedc, 0xaedc, 0xaedc, 0xaedc, 0xaedc, 0xaedc, 0xaedc, 0xaedc, 0xaedc, 
	0xaedc, 0xaedc, 0xaedc, 0xaedc, 0xaedc, 0xaedc, 0xaedc, 0xaedc, 0xaedc, 0xaedc, 0xaedc, 0xaedc, 0xaedc, 0xaedc, 0xaedc, 0xaedc, 
	0xaedc, 0xaedc, 0xaedc, 0xaedc, 0xaedc, 0xaedc, 0xaedc, 0xaedc, 0xaedc, 0xaedc, 0xaedc, 0xaedc, 0xaedc, 0xaedc, 0xaedc, 0xaedc, 
	0xaedc, 0xaedc, 0xaedc, 0xaedc, 0xaedc, 0xaedc, 0xaedc, 0xaedc, 0xaebd, 0xaefd, 0xa67a, 0x4aec, 0x0041, 0x0000, 0x0000, 0x0000, 
	0x0020, 0x31e8, 0xa639, 0xc7df, 0xbfdf, 0xc79e, 0xcfbf, 0xc7bf, 0xc7bf, 0xc7bf, 0xc7bf, 0xc7bf, 0xc7bf, 0xcfbf, 0xd7df, 0xdfdf, 
	0xdfff, 0xdfff, 0xdfff, 0xdfff, 0xdfff, 0xdfff, 0xdfff, 0xdfff, 0xdfff, 0xdfff, 0xdfff, 0xdfff, 0xdfff, 0xdfff, 0xdfff, 0xdfff, 
	0xdfdf, 0xdfdf, 0xdfdf, 0xdfdf, 0xdfdf, 0xdfdf, 0xdfdf, 0xdfdf, 0xdfdf, 0xdfdf, 0xdfff, 0xdfff, 0xdfff, 0xdfff, 0xdfff, 0xdfff, 
	0xdfdf, 0xae18, 0x2186, 0x0000, 0x0000, 0x0000, 0x0000, 0x0041, 0x2a90, 0x4cdd, 0x4cdf, 0x4cde, 0x44fe, 0x4cde, 0x4d1e, 0x55fe, 
	0x4e3e, 0x4e1e, 0x561e, 0x563e, 0x4e1e, 0x4e3e, 0x561e, 0x4dbc, 0x1187, 0x0000, 0x0000, 0x0000, 0x0000, 0x0021, 0x1cd1, 0x27bb, 
	0x279b, 0x279b, 0x279b, 0x279b, 0x279b, 0x279b, 0x279b, 0x279b, 0x279b, 0x279b, 0x279b, 0x279b, 0x279b, 0x279b, 0x279b, 0x279b, 
	0x279b, 0x279b, 0x279b, 0x279b, 0x279b, 0x279b, 0x279b, 0x279b, 0x279b, 0x279b, 0x279b, 0x279b, 0x279b, 0x279b, 0x279b, 0x279b, 
	0x279b, 0x279b, 0x279b, 0x279b, 0x279b, 0x279b, 0x279b, 0x279b, 0x279b, 0x279c, 0x279b, 0x27bb, 0x140f, 0x0000, 0x0000, 0x0000, 
	0x0000, 0x0000, 0x3a8a, 0xaedc, 0xaedd, 0xaedc, 0xaefc, 0xaedd, 0xaedc, 0xaedc, 0xaedc, 0xaedc, 0xaedc, 0xaedc, 0xaedc, 0xaedc, 
	0xaedc, 0xaedc, 0xaedc, 0xaedc, 0xaedc, 0xaedc, 0xaedc, 0xaedc, 0xaedc, 0xaedc, 0xaedc, 0xaedc, 0xaedc, 0xaedc, 0xaedc, 0xaedc, 
	0xaedc, 0xaedc, 0xaedc, 0xaedc, 0xaedc, 0xaedc, 0xaedc, 0xaedc, 0xaedc, 0xaedc, 0xaedc, 0xaedc, 0xaedc, 0xaedc, 0xaedc, 0xaedc, 
	0xaedc, 0xaedc, 0xaedc, 0xaedc, 0xaedc, 0xaedc, 0xaedc, 0xaedc, 0xaedc, 0xaedc, 0xaedc, 0xaedc, 0xaedc, 0xaedc, 0xaedc, 0xaedc, 
	0xaedc, 0xaedc, 0xaedc, 0xaedc, 0xaedc, 0xaedc, 0xaedc, 0xaedc, 0xaedc, 0xaedc, 0xaedc, 0xaedc, 0xaedc, 0xaedc, 0xaedc, 0xaedc, 
	0xaedc, 0xaedc, 0xaedc, 0xaedc, 0xaedc, 0xaedc, 0xaedc, 0xaedc, 0xaedc, 0xaedc, 0xaedc, 0xaedc, 0xaedc, 0xaedc, 0xaedc, 0xaedc, 
	0xaedc, 0xaedc, 0xaedc, 0xaedc, 0xaedc, 0xaedc, 0xaedc, 0xaedc, 0xaedc, 0xaedc, 0xaedc, 0xaedc, 0xaedc, 0xaedc, 0xaedc, 0xaedc, 
	0xaefd, 0xaedc, 0xaebc, 0xb6dc, 0xb6dc, 0xb6dd, 0xb6fd, 0xaedc, 0xb6dd, 0xaebd, 0xaebd, 0x6c53, 0x0062, 0x0000, 0x0000, 0x0000, 
	0x0000, 0x0082, 0x5bcf, 0xb71c, 0xc7df, 0xbfbf, 0xc7df, 0xc79f, 0xc7bf, 0xbfbf, 0xc7bf, 0xc79f, 0xc7bf, 0xc79f, 0xc7df, 0xbfbe, 
	0xc7bf, 0xc7bf, 0xc7bf, 0xc7bf, 0xc7bf, 0xc7bf, 0xc7bf, 0xc7bf, 0xc7bf, 0xc7bf, 0xc7bf, 0xc7bf, 0xc7bf, 0xc7bf, 0xc7bf, 0xc7bf, 
	0xc7bf, 0xc7bf, 0xc7bf, 0xc7bf, 0xc7bf, 0xc7bf, 0xc7bf, 0xc7bf, 0xcfbf, 0xcfbf, 0xcfdf, 0xcfbf, 0xc7bf, 0xcfdf, 0xc7bf, 0xc7df, 
	0xaefc, 0x532c, 0x0841, 0x0001, 0x0000, 0x0000, 0x0000, 0x0084, 0x3b55, 0x54dd, 0x44df, 0x44de, 0x4cff, 0x4cbf, 0x551e, 0x55fe, 
	0x565e, 0x4e1e, 0x4e1e, 0x561f, 0x4e1e, 0x4e5e, 0x563e, 0x4d7b, 0x1187, 0x0000, 0x0000, 0x0000, 0x0000, 0x0021, 0x1cd1, 0x27bb, 
	0x279b, 0x279b, 0x279b, 0x279b, 0x279b, 0x279b, 0x279b, 0x279b, 0x279b, 0x279b, 0x279b, 0x279b, 0x279b, 0x279b, 0x279b, 0x279b, 
	0x279b, 0x279b, 0x279b, 0x279b, 0x279b, 0x279b, 0x279b, 0x279b, 0x279b, 0x279b, 0x279b, 0x279b, 0x279b, 0x279b, 0x279b, 0x279b, 
	0x279b, 0x279b, 0x279b, 0x279b, 0x279b, 0x279b, 0x279b, 0x279b, 0x279b, 0x279c, 0x279b, 0x27bb, 0x140f, 0x0000, 0x0000, 0x0000, 
	0x0000, 0x0000, 0x3a8a, 0xaedc, 0xaedd, 0xaedc, 0xaefc, 0xaedd, 0xaedc, 0xaedc, 0xaedc, 0xaedc, 0xaedc, 0xaedc, 0xaedc, 0xaedc, 
	0xaedc, 0xaedc, 0xaedc, 0xaedc, 0xaedc, 0xaedc, 0xaedc, 0xaedc, 0xaedc, 0xaedc, 0xaedc, 0xaedc, 0xaedc, 0xaedc, 0xaedc, 0xaedc, 
	0xaedc, 0xaedc, 0xaedc, 0xaedc, 0xaedc, 0xaedc, 0xaedc, 0xaedc, 0xaedc, 0xaedc, 0xaedc, 0xaedc, 0xaedc, 0xaedc, 0xaedc, 0xaedc, 
	0xaedc, 0xaedc, 0xaedc, 0xaedc, 0xaedc, 0xaedc, 0xaedc, 0xaedc, 0xaedc, 0xaedc, 0xaedc, 0xaedc, 0xaedc, 0xaedc, 0xaedc, 0xaedc, 
	0xaedc, 0xaedc, 0xaedc, 0xaedc, 0xaedc, 0xaedc, 0xaedc, 0xaedc, 0xaedc, 0xaedc, 0xaedc, 0xaedc, 0xaedc, 0xaedc, 0xaedc, 0xaedc, 
	0xaedc, 0xaedc, 0xaedc, 0xaedc, 0xaedc, 0xaedc, 0xaedc, 0xaedc, 0xaedc, 0xaedc, 0xaedc, 0xaedc, 0xaedc, 0xaedc, 0xaedc, 0xaedc, 
	0xaedc, 0xaedc, 0xaedc, 0xaedc, 0xaedc, 0xaedc, 0xaedc, 0xaedc, 0xaedc, 0xaedc, 0xaedc, 0xaedc, 0xaedc, 0xaedc, 0xaedc, 0xaedc, 
	0xaebc, 0xb6fc, 0xb6fd, 0xaedc, 0xaedd, 0xaedd, 0xaedc, 0xaedc, 0xaefc, 0xaefd, 0xaedd, 0x8d97, 0x29c7, 0x0000, 0x0000, 0x0000, 
	0x0800, 0x0000, 0x1104, 0x63f0, 0xb6bb, 0xc79e, 0xbf9e, 0xcfff, 0xc7df, 0xc7bf, 0xbfbf, 0xc7df, 0xc7bf, 0xc7bf, 0xc79f, 0xc7df, 
	0xc7bf, 0xc7bf, 0xc7bf, 0xc7bf, 0xc7bf, 0xc7bf, 0xc7bf, 0xc7bf, 0xc7bf, 0xc7bf, 0xc7bf, 0xc7bf, 0xc7bf, 0xc7bf, 0xc7bf, 0xc7bf, 
	0xc7bf, 0xc7bf, 0xc7bf, 0xc7bf, 0xc7bf, 0xc7bf, 0xc7bf, 0xc7bf, 0xc7ff, 0xc7bf, 0xbf9e, 0xcfff, 0xc7bf, 0xc79e, 0xc79e, 0xa659, 
	0x534d, 0x10a2, 0x0000, 0x0000, 0x0021, 0x0000, 0x0001, 0x19aa, 0x445d, 0x4cff, 0x44df, 0x54fe, 0x4cfe, 0x44df, 0x453f, 0x461e, 
	0x561e, 0x4e3e, 0x563e, 0x561e, 0x4dfe, 0x4e3e, 0x4e1d, 0x4dbc, 0x1187, 0x0000, 0x0000, 0x0000, 0x0000, 0x0021, 0x1cd1, 0x27bb, 
	0x279b, 0x279b, 0x279b, 0x279b, 0x279b, 0x279b, 0x279b, 0x279b, 0x279b, 0x279b, 0x279b, 0x279b, 0x279b, 0x279b, 0x279b, 0x279b, 
	0x279b, 0x279b, 0x279b, 0x279b, 0x279b, 0x279b, 0x279b, 0x279b, 0x279b, 0x279b, 0x279b, 0x279b, 0x279b, 0x279b, 0x279b, 0x279b, 
	0x279b, 0x279b, 0x279b, 0x279b, 0x279b, 0x279b, 0x279b, 0x279b, 0x279b, 0x279c, 0x279b, 0x27bb, 0x140f, 0x0000, 0x0000, 0x0000, 
	0x0000, 0x0000, 0x3a8a, 0xaedc, 0xaedd, 0xaedc, 0xaefc, 0xaedd, 0xaedc, 0xaedc, 0xaedc, 0xaedc, 0xaedc, 0xaedc, 0xaedc, 0xaedc, 
	0xaedc, 0xaedc, 0xaedc, 0xaedc, 0xaedc, 0xaedc, 0xaedc, 0xaedc, 0xaedc, 0xaedc, 0xaedc, 0xaedc, 0xaedc, 0xaedc, 0xaedc, 0xaedc, 
	0xaedc, 0xaedc, 0xaedc, 0xaedc, 0xaedc, 0xaedc, 0xaedc, 0xaedc, 0xaedc, 0xaedc, 0xaedc, 0xaedc, 0xaedc, 0xaedc, 0xaedc, 0xaedc, 
	0xaedc, 0xaedc, 0xaedc, 0xaedc, 0xaedc, 0xaedc, 0xaedc, 0xaedc, 0xaedc, 0xaedc, 0xaedc, 0xaedc, 0xaedc, 0xaedc, 0xaedc, 0xaedc, 
	0xaedc, 0xaedc, 0xaedc, 0xaedc, 0xaedc, 0xaedc, 0xaedc, 0xaedc, 0xaedc, 0xaedc, 0xaedc, 0xaedc, 0xaedc, 0xaedc, 0xaedc, 0xaedc, 
	0xaedc, 0xaedc, 0xaedc, 0xaedc, 0xaedc, 0xaedc, 0xaedc, 0xaedc, 0xaedc, 0xaedc, 0xaedc, 0xaedc, 0xaedc, 0xaedc, 0xaedc, 0xaedc, 
	0xaedc, 0xaedc, 0xaedc, 0xaedc, 0xaedc, 0xaedc, 0xaedc, 0xaedc, 0xaedc, 0xaedc, 0xaedc, 0xaedc, 0xaedc, 0xaedc, 0xaedc, 0xaedc, 
	0xb6fd, 0xaedc, 0xaefd, 0xaefd, 0xaedc, 0xb6dd, 0xb6fd, 0xae9b, 0x9e39, 0x9e19, 0x95d8, 0x9576, 0x42aa, 0x0020, 0x0000, 0x0000, 
	0x0800, 0x0000, 0x0000, 0x0883, 0x426a, 0x7492, 0x95d7, 0xa699, 0xb6db, 0xc79e, 0xc7df, 0xbfbf, 0xbf9f, 0xc7df, 0xbf9e, 0xc7bf, 
	0xc7bf, 0xc7bf, 0xc7bf, 0xc7bf, 0xc7bf, 0xc7bf, 0xc7bf, 0xc7bf, 0xc7bf, 0xc7bf, 0xc7bf, 0xc7bf, 0xc7bf, 0xc7bf, 0xc7bf, 0xc7bf, 
	0xc7bf, 0xc7bf, 0xc7bf, 0xc7bf, 0xc7bf, 0xc7bf, 0xc7bf, 0xc7bf, 0xbfbf, 0xc7bf, 0xbf7d, 0xaefb, 0xa659, 0x95b7, 0x6c31, 0x3249, 
	0x0882, 0x0000, 0x0820, 0x0000, 0x0000, 0x0000, 0x0022, 0x2a2c, 0x33f9, 0x3c3a, 0x445a, 0x4c7a, 0x4cbc, 0x4cff, 0x4d3e, 0x55dd, 
	0x561e, 0x4e1e, 0x563e, 0x55fd, 0x561d, 0x565e, 0x4e3e, 0x459c, 0x1187, 0x0000, 0x0000, 0x0000, 0x0000, 0x0021, 0x1cd1, 0x27bb, 
	0x279b, 0x279b, 0x279b, 0x279b, 0x279b, 0x279b, 0x279b, 0x279b, 0x279b, 0x279b, 0x279b, 0x279b, 0x279b, 0x279b, 0x279b, 0x279b, 
	0x279b, 0x279b, 0x279b, 0x279b, 0x279b, 0x279b, 0x279b, 0x279b, 0x279b, 0x279b, 0x279b, 0x279b, 0x279b, 0x279b, 0x279b, 0x279b, 
	0x279b, 0x279b, 0x279b, 0x279b, 0x279b, 0x279b, 0x279b, 0x279b, 0x279b, 0x279c, 0x279b, 0x27bb, 0x140f, 0x0000, 0x0000, 0x0000, 
	0x0000, 0x0000, 0x3a8a, 0xaedc, 0xaedd, 0xaedc, 0xaefc, 0xaedd, 0xaedc, 0xaedc, 0xaedc, 0xaedc, 0xaedc, 0xaedc, 0xaedc, 0xaedc, 
	0xaedc, 0xaedc, 0xaedc, 0xaedc, 0xaedc, 0xaedc, 0xaedc, 0xaedc, 0xaedc, 0xaedc, 0xaedc, 0xaedc, 0xaedc, 0xaedc, 0xaedc, 0xaedc, 
	0xaedc, 0xaedc, 0xaedc, 0xaedc, 0xaedc, 0xaedc, 0xaedc, 0xaedc, 0xaedc, 0xaedc, 0xaedc, 0xaedc, 0xaedc, 0xaedc, 0xaedc, 0xaedc, 
	0xaedc, 0xaedc, 0xaedc, 0xaedc, 0xaedc, 0xaedc, 0xaedc, 0xaedc, 0xaedc, 0xaedc, 0xaedc, 0xaedc, 0xaedc, 0xaedc, 0xaedc, 0xaedc, 
	0xaedc, 0xaedc, 0xaedc, 0xaedc, 0xaedc, 0xaedc, 0xaedc, 0xaedc, 0xaedc, 0xaedc, 0xaedc, 0xaedc, 0xaedc, 0xaedc, 0xaedc, 0xaedc, 
	0xaedc, 0xaedc, 0xaedc, 0xaedc, 0xaedc, 0xaedc, 0xaedc, 0xaedc, 0xaedc, 0xaedc, 0xaedc, 0xaedc, 0xaedc, 0xaedc, 0xaedc, 0xaedc, 
	0xaedc, 0xaedc, 0xaedc, 0xaedc, 0xaedc, 0xaedc, 0xaedc, 0xaedc, 0xaedc, 0xaedc, 0xaedc, 0xaedc, 0xaedc, 0xaedc, 0xaedc, 0xaedc, 
	0xaedc, 0xa6bc, 0xaedc, 0xaefd, 0xaebc, 0xa63a, 0x8515, 0x5baf, 0x426a, 0x21a7, 0x1105, 0x1905, 0x0882, 0x0000, 0x0000, 0x0000, 
	0x0000, 0x0000, 0x0020, 0x0000, 0x0000, 0x08a2, 0x1945, 0x1945, 0x3aab, 0x8534, 0xc77e, 0xbfbf, 0xc7bf, 0xc7df, 0xc7bf, 0xc7bf, 
	0xc7bf, 0xc7bf, 0xc7bf, 0xc7bf, 0xc7bf, 0xc7bf, 0xc7bf, 0xc7bf, 0xc7bf, 0xc7bf, 0xc7bf, 0xc7bf, 0xc7bf, 0xc7bf, 0xc7bf, 0xc7bf, 
	0xc7bf, 0xc7bf, 0xc7bf, 0xc7bf, 0xc7bf, 0xc7bf, 0xc7bf, 0xc7bf, 0xc7bf, 0xbf1c, 0x7cb3, 0x3229, 0x1945, 0x1925, 0x0041, 0x0000, 
	0x0000, 0x0000, 0x0000, 0x0000, 0x0000, 0x0000, 0x0000, 0x08a4, 0x10c4, 0x00e6, 0x0928, 0x19eb, 0x22f1, 0x3bf8, 0x44bb, 0x4dde, 
	0x563f, 0x4e3e, 0x4e3e, 0x563e, 0x4dfd, 0x4e1d, 0x563e, 0x459c, 0x1187, 0x0000, 0x0000, 0x0000, 0x0000, 0x0021, 0x1cd1, 0x27bb, 
	0x279b, 0x279b, 0x279b, 0x279b, 0x279b, 0x279b, 0x279b, 0x279b, 0x279b, 0x279b, 0x279b, 0x279b, 0x279b, 0x279b, 0x279b, 0x279b, 
	0x279b, 0x279b, 0x279b, 0x279b, 0x279b, 0x279b, 0x279b, 0x279b, 0x279b, 0x279b, 0x279b, 0x279b, 0x279b, 0x279b, 0x279b, 0x279b, 
	0x279b, 0x279b, 0x279b, 0x279b, 0x279b, 0x279b, 0x279b, 0x279b, 0x279b, 0x279c, 0x279b, 0x27bb, 0x140f, 0x0000, 0x0000, 0x0000, 
	0x0000, 0x0000, 0x3a8a, 0xaedc, 0xaedd, 0xaedc, 0xaefc, 0xaedd, 0xaedc, 0xaedc, 0xaedc, 0xaedc, 0xaedc, 0xaedc, 0xaedc, 0xaedc, 
	0xaedc, 0xaedc, 0xaedc, 0xaedc, 0xaedc, 0xaedc, 0xaedc, 0xaedc, 0xaedc, 0xaedc, 0xaedc, 0xaedc, 0xaedc, 0xaedc, 0xaedc, 0xaedc, 
	0xaedc, 0xaedc, 0xaedc, 0xaedc, 0xaedc, 0xaedc, 0xaedc, 0xaedc, 0xaedc, 0xaedc, 0xaedc, 0xaedc, 0xaedc, 0xaedc, 0xaedc, 0xaedc, 
	0xaedc, 0xaedc, 0xaedc, 0xaedc, 0xaedc, 0xaedc, 0xaedc, 0xaedc, 0xaedc, 0xaedc, 0xaedc, 0xaedc, 0xaedc, 0xaedc, 0xaedc, 0xaedc, 
	0xaedc, 0xaedc, 0xaedc, 0xaedc, 0xaedc, 0xaedc, 0xaedc, 0xaedc, 0xaedc, 0xaedc, 0xaedc, 0xaedc, 0xaedc, 0xaedc, 0xaedc, 0xaedc, 
	0xaedc, 0xaedc, 0xaedc, 0xaedc, 0xaedc, 0xaedc, 0xaedc, 0xaedc, 0xaedc, 0xaedc, 0xaedc, 0xaedc, 0xaedc, 0xaedc, 0xaedc, 0xaedc, 
	0xaedc, 0xaedc, 0xaedc, 0xaedc, 0xaedc, 0xaedc, 0xaedc, 0xaedc, 0xaedc, 0xaedc, 0xaedc, 0xaedc, 0xaedc, 0xaedc, 0xaedc, 0xaedc, 
	0xaedd, 0xb71e, 0xb6fd, 0xa65a, 0x84f5, 0x4aec, 0x1104, 0x0062, 0x0820, 0x0000, 0x0000, 0x0000, 0x0000, 0x0000, 0x0000, 0x0000, 
	0x0020, 0x0000, 0x0000, 0x0000, 0x0000, 0x0000, 0x0000, 0x0000, 0x0000, 0x2a08, 0x9df7, 0xc7bf, 0xc7bf, 0xc7bf, 0xc7bf, 0xc7bf, 
	0xc7bf, 0xc7bf, 0xc7bf, 0xc7bf, 0xc7bf, 0xc7bf, 0xc7bf, 0xc7bf, 0xc7bf, 0xc7bf, 0xc7bf, 0xc7bf, 0xc7bf, 0xc7bf, 0xc7bf, 0xc7bf, 
	0xc7bf, 0xc7bf, 0xc7bf, 0xc7bf, 0xc7bf, 0xc7bf, 0xc7bf, 0xc7bf, 0xc79e, 0x8d35, 0x2145, 0x0000, 0x0000, 0x0000, 0x0020, 0x0000, 
	0x0000, 0x0000, 0x0000, 0x0000, 0x0020, 0x0000, 0x0000, 0x0000, 0x0800, 0x0000, 0x0000, 0x0800, 0x0041, 0x00e6, 0x1a6e, 0x44f8, 
	0x55fd, 0x565e, 0x461e, 0x4e3f, 0x4e1e, 0x4dfd, 0x563e, 0x4d9c, 0x1187, 0x0000, 0x0000, 0x0000, 0x0000, 0x0021, 0x1cd1, 0x27bb, 
	0x279b, 0x279b, 0x279b, 0x279b, 0x279b, 0x279b, 0x279b, 0x279b, 0x279b, 0x279b, 0x279b, 0x279b, 0x279b, 0x279b, 0x279b, 0x279b, 
	0x279b, 0x279b, 0x279b, 0x279b, 0x279b, 0x279b, 0x279b, 0x279b, 0x279b, 0x279b, 0x279b, 0x279b, 0x279b, 0x279b, 0x279b, 0x279b, 
	0x279b, 0x279b, 0x279b, 0x279b, 0x279b, 0x279b, 0x279b, 0x279b, 0x279b, 0x279c, 0x279b, 0x27bb, 0x140f, 0x0000, 0x0000, 0x0000, 
	0x0000, 0x0000, 0x3a8a, 0xaedc, 0xaedd, 0xaedc, 0xaefc, 0xaedd, 0xaedc, 0xaedc, 0xaedc, 0xaedc, 0xaedc, 0xaedc, 0xaedc, 0xaedc, 
	0xaedc, 0xaedc, 0xaedc, 0xaedc, 0xaedc, 0xaedc, 0xaedc, 0xaedc, 0xaedc, 0xaedc, 0xaedc, 0xaedc, 0xaedc, 0xaedc, 0xaedc, 0xaedc, 
	0xaedc, 0xaedc, 0xaedc, 0xaedc, 0xaedc, 0xaedc, 0xaedc, 0xaedc, 0xaedc, 0xaedc, 0xaedc, 0xaedc, 0xaedc, 0xaedc, 0xaedc, 0xaedc, 
	0xaedc, 0xaedc, 0xaedc, 0xaedc, 0xaedc, 0xaedc, 0xaedc, 0xaedc, 0xaedc, 0xaedc, 0xaedc, 0xaedc, 0xaedc, 0xaedc, 0xaedc, 0xaedc, 
	0xaedc, 0xaedc, 0xaedc, 0xaedc, 0xaedc, 0xaedc, 0xaedc, 0xaedc, 0xaedc, 0xaedc, 0xaedc, 0xaedc, 0xaedc, 0xaedc, 0xaedc, 0xaedc, 
	0xaedc, 0xaedc, 0xaedc, 0xaedc, 0xaedc, 0xaedc, 0xaedc, 0xaedc, 0xaedc, 0xaedc, 0xaedc, 0xaedc, 0xaedc, 0xaedc, 0xaedc, 0xaedc, 
	0xaedc, 0xaedc, 0xaedc, 0xaedc, 0xaedc, 0xaedc, 0xaedc, 0xaedc, 0xaedc, 0xaedc, 0xaedc, 0xaedc, 0xaedc, 0xaedc, 0xaedc, 0xaedc, 
	0xaefd, 0xae9c, 0xa619, 0x6c11, 0x2166, 0x0020, 0x0000, 0x0000, 0x0000, 0x0000, 0x0000, 0x0000, 0x0000, 0x0000, 0x0000, 0x0000, 
	0x0000, 0x0000, 0x0000, 0x0000, 0x0000, 0x0020, 0x0000, 0x0000, 0x0821, 0x0061, 0x7471, 0xd7bf, 0xcfbf, 0xcfdf, 0xcfdf, 0xc7be, 
	0xcfbf, 0xcfbf, 0xcfbf, 0xcfbf, 0xcfbf, 0xcfbf, 0xcfbf, 0xcfbf, 0xcfbf, 0xcfbf, 0xcfbf, 0xcfbf, 0xcfbf, 0xcfbf, 0xcfbf, 0xcfbf, 
	0xcfbf, 0xcfbf, 0xcfbf, 0xcfbf, 0xcfbf, 0xcfbf, 0xcfbf, 0xcfbf, 0xc79e, 0x538e, 0x0020, 0x0800, 0x0000, 0x0000, 0x0020, 0x0000, 
	0x0000, 0x0000, 0x0800, 0x0000, 0x0000, 0x0000, 0x0000, 0x0800, 0x0000, 0x0001, 0x0001, 0x0000, 0x0800, 0x0000, 0x0021, 0x1166, 
	0x33f3, 0x55db, 0x4e3e, 0x4e3e, 0x563e, 0x563e, 0x563e, 0x4d9b, 0x1187, 0x0000, 0x0000, 0x0000, 0x0000, 0x0021, 0x1cd1, 0x27bb, 
	0x279b, 0x279b, 0x279b, 0x279b, 0x279b, 0x279b, 0x279b, 0x279b, 0x279b, 0x279b, 0x279b, 0x279b, 0x279b, 0x279b, 0x279b, 0x279b, 
	0x279b, 0x279b, 0x279b, 0x279b, 0x279b, 0x279b, 0x279b, 0x279b, 0x279b, 0x279b, 0x279b, 0x279b, 0x279b, 0x279b, 0x279b, 0x279b, 
	0x279b, 0x279b, 0x279b, 0x279b, 0x279b, 0x279b, 0x279b, 0x279b, 0x279b, 0x279c, 0x279b, 0x27bb, 0x140f, 0x0000, 0x0000, 0x0000, 
	0x0000, 0x0000, 0x3a8a, 0xaedc, 0xaedd, 0xaedc, 0xaefc, 0xaedd, 0xaedc, 0xaedc, 0xaedc, 0xaedc, 0xaedc, 0xaedc, 0xaedc, 0xaedc, 
	0xaedc, 0xaedc, 0xaedc, 0xaedc, 0xaedc, 0xaedc, 0xaedc, 0xaedc, 0xaedc, 0xaedc, 0xaedc, 0xaedc, 0xaedc, 0xaedc, 0xaedc, 0xaedc, 
	0xaedc, 0xaedc, 0xaedc, 0xaedc, 0xaedc, 0xaedc, 0xaedc, 0xaedc, 0xaedc, 0xaedc, 0xaedc, 0xaedc, 0xaedc, 0xaedc, 0xaedc, 0xaedc, 
	0xaedc, 0xaedc, 0xaedc, 0xaedc, 0xaedc, 0xaedc, 0xaedc, 0xaedc, 0xaedc, 0xaedc, 0xaedc, 0xaedc, 0xaedc, 0xaedc, 0xaedc, 0xaedc, 
	0xaedc, 0xaedc, 0xaedc, 0xaedc, 0xaedc, 0xaedc, 0xaedc, 0xaedc, 0xaedc, 0xaedc, 0xaedc, 0xaedc, 0xaedc, 0xaedc, 0xaedc, 0xaedc, 
	0xaedc, 0xaedc, 0xaedc, 0xaedc, 0xaedc, 0xaedc, 0xaedc, 0xaedc, 0xaedc, 0xaedc, 0xaedc, 0xaedc, 0xaedc, 0xaedc, 0xaedc, 0xaedc, 
	0xaedc, 0xaedc, 0xaedc, 0xaedc, 0xaedc, 0xaedc, 0xaedc, 0xaedc, 0xaedc, 0xaedc, 0xaedc, 0xaedc, 0xaedc, 0xaedc, 0xaedc, 0xaedc, 
	0xaedc, 0xa63a, 0x5baf, 0x10c3, 0x0000, 0x0000, 0x0000, 0x0000, 0x0000, 0x0020, 0x0000, 0x0000, 0x0000, 0x0000, 0x0000, 0x0020, 
	0x0000, 0x0000, 0x0000, 0x0000, 0x0000, 0x0000, 0x0000, 0x0000, 0x0000, 0x0041, 0x84b2, 0xe7ff, 0xd7df, 0xdfdf, 0xdfff, 0xdfff, 
	0xdfff, 0xdfff, 0xdfff, 0xdfff, 0xdfff, 0xdfff, 0xdfff, 0xdfff, 0xdfff, 0xdfff, 0xdfff, 0xdfff, 0xdfff, 0xdfff, 0xdfff, 0xdfff, 
	0xdfff, 0xdfff, 0xdfff, 0xdfff, 0xdfff, 0xdfff, 0xdfff, 0xdfff, 0xd7df, 0x5b8d, 0x0020, 0x0000, 0x0000, 0x0020, 0x0000, 0x0000, 
	0x0000, 0x0000, 0x0000, 0x0000, 0x0000, 0x0000, 0x0000, 0x0000, 0x0000, 0x0020, 0x0000, 0x0000, 0x0000, 0x0000, 0x0000, 0x0001, 
	0x0926, 0x3391, 0x55bb, 0x563e, 0x4e1e, 0x4e3e, 0x561d, 0x4dbc, 0x1187, 0x0000, 0x0000, 0x0000, 0x0000, 0x0021, 0x1cd1, 0x27bb, 
	0x279b, 0x279b, 0x279b, 0x279b, 0x279b, 0x279b, 0x279b, 0x279b, 0x279b, 0x279b, 0x279b, 0x279b, 0x279b, 0x279b, 0x279b, 0x279b, 
	0x279b, 0x279b, 0x279b, 0x279b, 0x279b, 0x279b, 0x279b, 0x279b, 0x279b, 0x279b, 0x279b, 0x279b, 0x279b, 0x279b, 0x279b, 0x279b, 
	0x279b, 0x279b, 0x279b, 0x279b, 0x279b, 0x279b, 0x279b, 0x279b, 0x279b, 0x279c, 0x279b, 0x27bb, 0x140f, 0x0000, 0x0000, 0x0000, 
	0x0000, 0x0000, 0x3a8a, 0xaedc, 0xaedd, 0xaedc, 0xaefc, 0xaedd, 0xaedc, 0xaedc, 0xaedc, 0xaedc, 0xaedc, 0xaedc, 0xaedc, 0xaedc, 
	0xaedc, 0xaedc, 0xaedc, 0xaedc, 0xaedc, 0xaedc, 0xaedc, 0xaedc, 0xaedc, 0xaedc, 0xaedc, 0xaedc, 0xaedc, 0xaedc, 0xaedc, 0xaedc, 
	0xaedc, 0xaedc, 0xaedc, 0xaedc, 0xaedc, 0xaedc, 0xaedc, 0xaedc, 0xaedc, 0xaedc, 0xaedc, 0xaedc, 0xaedc, 0xaedc, 0xaedc, 0xaedc, 
	0xaedc, 0xaedc, 0xaedc, 0xaedc, 0xaedc, 0xaedc, 0xaedc, 0xaedc, 0xaedc, 0xaedc, 0xaedc, 0xaedc, 0xaedc, 0xaedc, 0xaedc, 0xaedc, 
	0xaedc, 0xaedc, 0xaedc, 0xaedc, 0xaedc, 0xaedc, 0xaedc, 0xaedc, 0xaedc, 0xaedc, 0xaedc, 0xaedc, 0xaedc, 0xaedc, 0xaedc, 0xaedc, 
	0xaedc, 0xaedc, 0xaedc, 0xaedc, 0xaedc, 0xaedc, 0xaedc, 0xaedc, 0xaedc, 0xaedc, 0xaedc, 0xaedc, 0xaedc, 0xaedc, 0xaedc, 0xaedc, 
	0xaedc, 0xaedc, 0xaedc, 0xaedc, 0xaedc, 0xaedc, 0xaedc, 0xaedc, 0xaedc, 0xaedc, 0xaedc, 0xaedc, 0xaedc, 0xaedc, 0xaedc, 0xaedc, 
	0xa69b, 0x5bd0, 0x08e4, 0x0000, 0x0000, 0x0000, 0x0000, 0x0020, 0x0000, 0x0000, 0x0000, 0x0000, 0x0000, 0x0020, 0x0000, 0x0000, 
	0x0000, 0x0000, 0x0000, 0x0000, 0x0000, 0x0000, 0x0000, 0x0000, 0x0000, 0x2986, 0xadd7, 0xe7df, 0xe7ff, 0xe7ff, 0xe7df, 0xe7df, 
	0xe7ff, 0xe7ff, 0xe7ff, 0xe7ff, 0xe7ff, 0xe7ff, 0xe7ff, 0xe7ff, 0xe7ff, 0xe7ff, 0xe7ff, 0xe7ff, 0xe7ff, 0xe7ff, 0xe7ff, 0xe7ff, 
	0xe7ff, 0xe7ff, 0xe7ff, 0xe7ff, 0xe7ff, 0xe7ff, 0xe7ff, 0xe7ff, 0xe7df, 0x9514, 0x18e3, 0x0000, 0x0000, 0x0000, 0x0000, 0x0800, 
	0x0000, 0x0000, 0x0000, 0x0000, 0x0000, 0x0000, 0x0000, 0x0000, 0x0001, 0x0000, 0x0000, 0x0800, 0x0000, 0x0000, 0x0000, 0x0000, 
	0x0800, 0x0105, 0x3413, 0x55fd, 0x561e, 0x4e3e, 0x4e1d, 0x45bc, 0x1187, 0x0000, 0x0000, 0x0000, 0x0000, 0x0021, 0x1cd1, 0x27bb, 
	0x279b, 0x279b, 0x279b, 0x279b, 0x279b, 0x279b, 0x279b, 0x279b, 0x279b, 0x279b, 0x279b, 0x279b, 0x279b, 0x279b, 0x279b, 0x279b, 
	0x279b, 0x279b, 0x279b, 0x279b, 0x279b, 0x279b, 0x279b, 0x279b, 0x279b, 0x279b, 0x279b, 0x279b, 0x279b, 0x279b, 0x279b, 0x279b, 
	0x279b, 0x279b, 0x279b, 0x279b, 0x279b, 0x279b, 0x279b, 0x279b, 0x279b, 0x279c, 0x279b, 0x27bb, 0x140f, 0x0000, 0x0000, 0x0000, 
	0x0000, 0x0000, 0x3a8a, 0xaedc, 0xaedd, 0xaedc, 0xaefc, 0xaedd, 0xaedc, 0xaedc, 0xaedc, 0xaedc, 0xaedc, 0xaedc, 0xaedc, 0xaedc, 
	0xaedc, 0xaedc, 0xaedc, 0xaedc, 0xaedc, 0xaedc, 0xaedc, 0xaedc, 0xaedc, 0xaedc, 0xaedc, 0xaedc, 0xaedc, 0xaedc, 0xaedc, 0xaedc, 
	0xaedc, 0xaedc, 0xaedc, 0xaedc, 0xaedc, 0xaedc, 0xaedc, 0xaedc, 0xaedc, 0xaedc, 0xaedc, 0xaedc, 0xaedc, 0xaedc, 0xaedc, 0xaedc, 
	0xaedc, 0xaedc, 0xaedc, 0xaedc, 0xaedc, 0xaedc, 0xaedc, 0xaedc, 0xaedc, 0xaedc, 0xaedc, 0xaedc, 0xaedc, 0xaedc, 0xaedc, 0xaedc, 
	0xaedc, 0xaedc, 0xaedc, 0xaedc, 0xaedc, 0xaedc, 0xaedc, 0xaedc, 0xaedc, 0xaedc, 0xaedc, 0xaedc, 0xaedc, 0xaedc, 0xaedc, 0xaedc, 
	0xaedc, 0xaedc, 0xaedc, 0xaedc, 0xaedc, 0xaedc, 0xaedc, 0xaedc, 0xaedc, 0xaedc, 0xaedc, 0xaedc, 0xaedc, 0xaedc, 0xaedc, 0xaedc, 
	0xaedc, 0xaedc, 0xaedc, 0xaedc, 0xaedc, 0xaedc, 0xaedc, 0xaedc, 0xb6dc, 0xa6bc, 0xaefd, 0xb6dd, 0xaebc, 0xaefc, 0xaedc, 0xb6bd, 
	0x7cd3, 0x1925, 0x0000, 0x0000, 0x0020, 0x0000, 0x0000, 0x0000, 0x0020, 0x0861, 0x0862, 0x0882, 0x10c3, 0x0882, 0x0862, 0x10a3, 
	0x1083, 0x0882, 0x08a3, 0x0882, 0x0882, 0x10a3, 0x10a3, 0x18c3, 0x29e8, 0x8cf4, 0xd75d, 0xe7ff, 0xe7ff, 0xe7ff, 0xe7ff, 0xe7ff, 
	0xe7ff, 0xe7ff, 0xe7ff, 0xe7ff, 0xe7ff, 0xe7ff, 0xe7ff, 0xe7ff, 0xe7ff, 0xe7ff, 0xe7ff, 0xe7ff, 0xe7ff, 0xe7ff, 0xe7ff, 0xe7ff, 
	0xe7ff, 0xe7ff, 0xe7ff, 0xe7ff, 0xe7ff, 0xe7ff, 0xe7ff, 0xe7ff, 0xe7ff, 0xc71c, 0x7451, 0x2186, 0x10c3, 0x10a3, 0x1082, 0x10a2, 
	0x10a3, 0x10a3, 0x10a3, 0x10a3, 0x10a3, 0x10a3, 0x10a3, 0x10a3, 0x10a2, 0x0861, 0x0841, 0x0021, 0x0000, 0x0000, 0x0000, 0x0000, 
	0x0000, 0x0000, 0x1967, 0x44d6, 0x4e3e, 0x55fe, 0x561e, 0x45bb, 0x1187, 0x0800, 0x0000, 0x0020, 0x0000, 0x0000, 0x14f1, 0x279c, 
	0x277b, 0x279b, 0x27bb, 0x279b, 0x279b, 0x279b, 0x279b, 0x279b, 0x279b, 0x279b, 0x279b, 0x279b, 0x279b, 0x279b, 0x279b, 0x279b, 
	0x279b, 0x279b, 0x279b, 0x279b, 0x279b, 0x279b, 0x279b, 0x279b, 0x279b, 0x279b, 0x279b, 0x279b, 0x279b, 0x279b, 0x279b, 0x279b, 
	0x279b, 0x279b, 0x279b, 0x279b, 0x279b, 0x279b, 0x279b, 0x279b, 0x279b, 0x279c, 0x279b, 0x27bb, 0x140f, 0x0000, 0x0000, 0x0000, 
	0x0000, 0x0000, 0x3a8a, 0xaedc, 0xaedd, 0xaedc, 0xaefc, 0xaedd, 0xaedc, 0xaedc, 0xaedc, 0xaedc, 0xaedc, 0xaedc, 0xaedc, 0xaedc, 
	0xaedc, 0xaedc, 0xaedc, 0xaedc, 0xaedc, 0xaedc, 0xaedc, 0xaedc, 0xaedc, 0xaedc, 0xaedc, 0xaedc, 0xaedc, 0xaedc, 0xaedc, 0xaedc, 
	0xaedc, 0xaedc, 0xaedc, 0xaedc, 0xaedc, 0xaedc, 0xaedc, 0xaedc, 0xaedc, 0xaedc, 0xaedc, 0xaedc, 0xaedc, 0xaedc, 0xaedc, 0xaedc, 
	0xaedc, 0xaedc, 0xaedc, 0xaedc, 0xaedc, 0xaedc, 0xaedc, 0xaedc, 0xaedc, 0xaedc, 0xaedc, 0xaedc, 0xaedc, 0xaedc, 0xaedc, 0xaedc, 
	0xaedc, 0xaedc, 0xaedc, 0xaedc, 0xaedc, 0xaedc, 0xaedc, 0xaedc, 0xaedc, 0xaedc, 0xaedc, 0xaedc, 0xaedc, 0xaedc, 0xaedc, 0xaedc, 
	0xaedc, 0xaedc, 0xaedc, 0xaedc, 0xaedc, 0xaedc, 0xaedc, 0xaedc, 0xaedc, 0xaedc, 0xaedc, 0xaedc, 0xaedc, 0xaedc, 0xaedc, 0xaedc, 
	0xaedc, 0xaedc, 0xaedc, 0xaedc, 0xaedc, 0xaedc, 0xaedc, 0xaedc, 0xb6dc, 0xaedc, 0xaedd, 0xb6dd, 0xaebc, 0xaefc, 0xaefc, 0x9df9, 
	0x3a8a, 0x0021, 0x0000, 0x0000, 0x0000, 0x0000, 0x0000, 0x08c3, 0x3289, 0x6430, 0x8d75, 0x95b6, 0x8d96, 0x95b6, 0x9596, 0x95b6, 
	0x95b6, 0x8d96, 0x8db6, 0x95b6, 0x9db6, 0xa5f7, 0xa617, 0xae18, 0xbe9a, 0xdf7e, 0xe7ff, 0xe7ff, 0xe7ff, 0xe7ff, 0xe7df, 0xe7ff, 
	0xe7ff, 0xe7ff, 0xe7ff, 0xe7ff, 0xe7ff, 0xe7ff, 0xe7ff, 0xe7ff, 0xe7ff, 0xe7ff, 0xe7ff, 0xe7ff, 0xe7ff, 0xe7ff, 0xe7ff, 0xe7ff, 
	0xe7ff, 0xe7ff, 0xe7ff, 0xe7ff, 0xe7ff, 0xe7ff, 0xe7ff, 0xe7ff, 0xe7ff, 0xe7ff, 0xd75d, 0xbe79, 0xb618, 0xb5f7, 0xadf7, 0xb5f7, 
	0xadf7, 0xadf7, 0xadf7, 0xadf7, 0xadf7, 0xadf7, 0xadf7, 0xadf7, 0xadf7, 0xa596, 0x7c30, 0x4249, 0x10a2, 0x0000, 0x0020, 0x0000, 
	0x0000, 0x0000, 0x0042, 0x1acd, 0x45bb, 0x563f, 0x561e, 0x4dbb, 0x09a7, 0x0000, 0x0020, 0x0000, 0x0000, 0x0801, 0x1cf1, 0x27bb, 
	0x279b, 0x279b, 0x279b, 0x279b, 0x2f9b, 0x27bb, 0x279b, 0x279b, 0x279b, 0x279b, 0x279b, 0x279b, 0x279b, 0x279b, 0x279b, 0x279b, 
	0x279b, 0x279b, 0x279b, 0x279b, 0x279b, 0x279b, 0x279b, 0x279b, 0x279b, 0x279b, 0x279b, 0x279b, 0x279b, 0x279b, 0x279b, 0x279b, 
	0x279b, 0x279b, 0x279b, 0x279b, 0x279b, 0x279b, 0x279b, 0x279b, 0x279b, 0x279c, 0x279b, 0x27bb, 0x140f, 0x0000, 0x0000, 0x0000, 
	0x0000, 0x0000, 0x3a8a, 0xaedc, 0xaedd, 0xaedc, 0xaefc, 0xaedd, 0xaedc, 0xaedc, 0xaedc, 0xaedc, 0xaedc, 0xaedc, 0xaedc, 0xaedc, 
	0xaedc, 0xaedc, 0xaedc, 0xaedc, 0xaedc, 0xaedc, 0xaedc, 0xaedc, 0xaedc, 0xaedc, 0xaedc, 0xaedc, 0xaedc, 0xaedc, 0xaedc, 0xaedc, 
	0xaedc, 0xaedc, 0xaedc, 0xaedc, 0xaedc, 0xaedc, 0xaedc, 0xaedc, 0xaedc, 0xaedc, 0xaedc, 0xaedc, 0xaedc, 0xaedc, 0xaedc, 0xaedc, 
	0xaedc, 0xaedc, 0xaedc, 0xaedc, 0xaedc, 0xaedc, 0xaedc, 0xaedc, 0xaedc, 0xaedc, 0xaedc, 0xaedc, 0xaedc, 0xaedc, 0xaedc, 0xaedc, 
	0xaedc, 0xaedc, 0xaedc, 0xaedc, 0xaedc, 0xaedc, 0xaedc, 0xaedc, 0xaedc, 0xaedc, 0xaedc, 0xaedc, 0xaedc, 0xaedc, 0xaedc, 0xaedc, 
	0xaedc, 0xaedc, 0xaedc, 0xaedc, 0xaedc, 0xaedc, 0xaedc, 0xaedc, 0xaedc, 0xaedc, 0xaedc, 0xaedc, 0xaedc, 0xaedc, 0xaedc, 0xaedc, 
	0xaedc, 0xaedc, 0xaedc, 0xaedc, 0xaedc, 0xaedc, 0xaedc, 0xaedc, 0xaebc, 0xaefd, 0xaedc, 0xaedc, 0xaedc, 0xaefc, 0xaedc, 0x7493, 
	0x10c3, 0x0000, 0x0000, 0x0000, 0x0000, 0x0000, 0x2146, 0x6c51, 0xa69a, 0xbf5d, 0xc79e, 0xbf7d, 0xbf9e, 0xc7bf, 0xc79e, 0xc79e, 
	0xc79e, 0xbf9e, 0xc79e, 0xc79e, 0xd7df, 0xe7ff, 0xe7ff, 0xe7ff, 0xefff, 0xe7ff, 0xe7df, 0xdfdf, 0xe7ff, 0xe7ff, 0xe7df, 0xe7ff, 
	0xe7ff, 0xe7ff, 0xe7ff, 0xe7ff, 0xe7ff, 0xe7ff, 0xe7ff, 0xe7ff, 0xe7ff, 0xe7ff, 0xe7ff, 0xe7ff, 0xe7ff, 0xe7ff, 0xe7ff, 0xe7ff, 
	0xe7ff, 0xe7ff, 0xe7ff, 0xe7ff, 0xe7ff, 0xe7ff, 0xe7ff, 0xe7ff, 0xe7df, 0xe7df, 0xefff, 0xefff, 0xe7ff, 0xe7ff, 0xe7ff, 0xe7ff, 
	0xe7ff, 0xe7ff, 0xe7ff, 0xe7ff, 0xe7ff, 0xe7ff, 0xe7ff, 0xe7ff, 0xe7df, 0xe7ff, 0xdf9e, 0xc6db, 0x7c51, 0x10e4, 0x0000, 0x0000, 
	0x0000, 0x0020, 0x0800, 0x0105, 0x34b6, 0x4e3e, 0x4dfe, 0x4d9b, 0x1987, 0x0001, 0x0020, 0x0000, 0x0000, 0x0001, 0x14b1, 0x279b, 
	0x279b, 0x277b, 0x277b, 0x277b, 0x277b, 0x279b, 0x279b, 0x27bb, 0x279b, 0x279b, 0x279b, 0x279b, 0x279b, 0x279b, 0x279b, 0x279b, 
	0x279b, 0x279b, 0x279b, 0x279b, 0x279b, 0x279b, 0x279b, 0x279b, 0x279b, 0x279b, 0x279b, 0x279b, 0x279b, 0x279b, 0x279b, 0x279b, 
	0x279b, 0x279b, 0x279b, 0x279b, 0x279b, 0x279b, 0x279b, 0x279b, 0x279b, 0x279c, 0x279b, 0x27bb, 0x140f, 0x0000, 0x0000, 0x0000, 
	0x0000, 0x0000, 0x3a8a, 0xaedc, 0xaedd, 0xaedc, 0xaefc, 0xaedd, 0xaedc, 0xaedc, 0xaedc, 0xaedc, 0xaedc, 0xaedc, 0xaedc, 0xaedc, 
	0xaedc, 0xaedc, 0xaedc, 0xaedc, 0xaedc, 0xaedc, 0xaedc, 0xaedc, 0xaedc, 0xaedc, 0xaedc, 0xaedc, 0xaedc, 0xaedc, 0xaedc, 0xaedc, 
	0xaedc, 0xaedc, 0xaedc, 0xaedc, 0xaedc, 0xaedc, 0xaedc, 0xaedc, 0xaedc, 0xaedc, 0xaedc, 0xaedc, 0xaedc, 0xaedc, 0xaedc, 0xaedc, 
	0xaedc, 0xaedc, 0xaedc, 0xaedc, 0xaedc, 0xaedc, 0xaedc, 0xaedc, 0xaedc, 0xaedc, 0xaedc, 0xaedc, 0xaedc, 0xaedc, 0xaedc, 0xaedc, 
	0xaedc, 0xaedc, 0xaedc, 0xaedc, 0xaedc, 0xaedc, 0xaedc, 0xaedc, 0xaedc, 0xaedc, 0xaedc, 0xaedc, 0xaedc, 0xaedc, 0xaedc, 0xaedc, 
	0xaedc, 0xaedc, 0xaedc, 0xaedc, 0xaedc, 0xaedc, 0xaedc, 0xaedc, 0xaedc, 0xaedc, 0xaedc, 0xaedc, 0xaedc, 0xaedc, 0xaedc, 0xaedc, 
	0xaedc, 0xaedc, 0xaedc, 0xaedc, 0xaedc, 0xaedc, 0xaedc, 0xaedc, 0xaedc, 0xaedd, 0xaedc, 0xaedc, 0xaedd, 0xaefc, 0xa67a, 0x4b0d, 
	0x0000, 0x0000, 0x0000, 0x0000, 0x0000, 0x10c4, 0x7451, 0xbf3c, 0xc77e, 0xc77e, 0xbf5e, 0xbf7e, 0xc79f, 0xc77e, 0xbf5e, 0xbf7e, 
	0xc77e, 0xbf7e, 0xbf7e, 0xc77e, 0xd79f, 0xe7ff, 0xe7df, 0xe7df, 0xe7df, 0xe7ff, 0xe7ff, 0xdfdf, 0xe7ff, 0xe7ff, 0xe7df, 0xe7ff, 
	0xe7ff, 0xe7ff, 0xe7ff, 0xe7ff, 0xe7ff, 0xe7ff, 0xe7ff, 0xe7ff, 0xe7ff, 0xe7ff, 0xe7ff, 0xe7ff, 0xe7ff, 0xe7ff, 0xe7ff, 0xe7ff, 
	0xe7ff, 0xe7ff, 0xe7ff, 0xe7ff, 0xe7ff, 0xe7ff, 0xe7ff, 0xe7ff, 0xe7ff, 0xe7df, 0xe7df, 0xe7ff, 0xe7ff, 0xdfff, 0xe7ff, 0xdfff, 
	0xe7ff, 0xe7ff, 0xe7ff, 0xe7ff, 0xe7ff, 0xe7ff, 0xe7ff, 0xe7ff, 0xe7ff, 0xe7ff, 0xe7ff, 0xe7ff, 0xcf3c, 0x7c51, 0x10a2, 0x0000, 
	0x0000, 0x0000, 0x0800, 0x0042, 0x2370, 0x45fc, 0x4e3e, 0x4dbc, 0x11a7, 0x0842, 0x0841, 0x0040, 0x0061, 0x00c3, 0x14f1, 0x2fbb, 
	0x27bb, 0x279b, 0x2f9b, 0x2f9b, 0x2f9b, 0x277b, 0x279b, 0x279b, 0x279b, 0x279b, 0x279b, 0x279b, 0x279b, 0x279b, 0x279b, 0x279b, 
	0x279b, 0x279b, 0x279b, 0x279b, 0x279b, 0x279b, 0x279b, 0x279b, 0x279b, 0x279b, 0x279b, 0x279b, 0x279b, 0x279b, 0x279b, 0x279b, 
	0x279b, 0x279b, 0x279b, 0x279b, 0x279b, 0x279b, 0x279b, 0x279b, 0x279b, 0x279c, 0x279b, 0x27bb, 0x140f, 0x0000, 0x0000, 0x0000, 
	0x0000, 0x0000, 0x3a8a, 0xaedc, 0xaedd, 0xaedc, 0xaefc, 0xaedd, 0xaedc, 0xaedc, 0xaedc, 0xaedc, 0xaedc, 0xaedc, 0xaedc, 0xaedc, 
	0xaedc, 0xaedc, 0xaedc, 0xaedc, 0xaedc, 0xaedc, 0xaedc, 0xaedc, 0xaedc, 0xaedc, 0xaedc, 0xaedc, 0xaedc, 0xaedc, 0xaedc, 0xaedc, 
	0xaedc, 0xaedc, 0xaedc, 0xaedc, 0xaedc, 0xaedc, 0xaedc, 0xaedc, 0xaedc, 0xaedc, 0xaedc, 0xaedc, 0xaedc, 0xaedc, 0xaedc, 0xaedc, 
	0xaedc, 0xaedc, 0xaedc, 0xaedc, 0xaedc, 0xaedc, 0xaedc, 0xaedc, 0xaedc, 0xaedc, 0xaedc, 0xaedc, 0xaedc, 0xaedc, 0xaedc, 0xaedc, 
	0xaedc, 0xaedc, 0xaedc, 0xaedc, 0xaedc, 0xaedc, 0xaedc, 0xaedc, 0xaedc, 0xaedc, 0xaedc, 0xaedc, 0xaedc, 0xaedc, 0xaedc, 0xaedc, 
	0xaedc, 0xaedc, 0xaedc, 0xaedc, 0xaedc, 0xaedc, 0xaedc, 0xaedc, 0xaedc, 0xaedc, 0xaedc, 0xaedc, 0xaedc, 0xaedc, 0xaedc, 0xaedc, 
	0xaedc, 0xaedc, 0xaedc, 0xaedc, 0xaedc, 0xaedc, 0xaedc, 0xaedc, 0xb6dd, 0xaedc, 0xaedc, 0xaedc, 0xaedd, 0xaedd, 0x95b8, 0x29c8, 
	0x0000, 0x0000, 0x0000, 0x0000, 0x0021, 0x4acb, 0xb6db, 0xbf7e, 0xbf7e, 0xc79e, 0xbf9e, 0xbf7e, 0xbf7e, 0xbf7e, 0xbf7e, 0xbf9e, 
	0xbf9e, 0xbf7e, 0xbf9e, 0xbf7e, 0xcfbf, 0xe7ff, 0xe7ff, 0xe7df, 0xe7ff, 0xe7ff, 0xe7ff, 0xe7ff, 0xe7ff, 0xe7ff, 0xe7ff, 0xe7df, 
	0xe7ff, 0xe7ff, 0xe7ff, 0xe7ff, 0xe7ff, 0xe7ff, 0xe7ff, 0xe7ff, 0xe7ff, 0xe7ff, 0xe7ff, 0xe7ff, 0xe7ff, 0xe7ff, 0xe7ff, 0xe7ff, 
	0xe7ff, 0xe7ff, 0xe7ff, 0xe7ff, 0xe7ff, 0xe7ff, 0xe7ff, 0xe7ff, 0xe7ff, 0xe7ff, 0xe7ff, 0xe7ff, 0xe7ff, 0xe7ff, 0xe7ff, 0xe7ff, 
	0xe7df, 0xe7df, 0xe7df, 0xe7df, 0xe7df, 0xe7df, 0xe7df, 0xe7df, 0xdfbf, 0xe7ff, 0xe7ff, 0xdfdf, 0xe7ff, 0xc6db, 0x428a, 0x0000, 
	0x0000, 0x0000, 0x0000, 0x0000, 0x122a, 0x459a, 0x4e3e, 0x4dde, 0x3cd7, 0x3434, 0x2c74, 0x1d33, 0x1573, 0x1d53, 0x1eb9, 0x279c, 
	0x1f9b, 0x1f9b, 0x27bb, 0x27bb, 0x27bb, 0x279b, 0x279b, 0x279b, 0x279b, 0x279b, 0x279b, 0x279b, 0x279b, 0x279b, 0x279b, 0x279b, 
	0x279b, 0x279b, 0x279b, 0x279b, 0x279b, 0x279b, 0x279b, 0x279b, 0x279b, 0x279b, 0x279b, 0x279b, 0x279b, 0x279b, 0x279b, 0x279b, 
	0x279b, 0x279b, 0x279b, 0x279b, 0x279b, 0x279b, 0x279b, 0x279b, 0x279b, 0x279c, 0x279b, 0x27bb, 0x140f, 0x0000, 0x0000, 0x0000, 
	0x0000, 0x0000, 0x3a8a, 0xaedc, 0xaedd, 0xaedc, 0xaefc, 0xaedd, 0xaedc, 0xaedc, 0xaedc, 0xaedc, 0xaedc, 0xaedc, 0xaedc, 0xaedc, 
	0xaedc, 0xaedc, 0xaedc, 0xaedc, 0xaedc, 0xaedc, 0xaedc, 0xaedc, 0xaedc, 0xaedc, 0xaedc, 0xaedc, 0xaedc, 0xaedc, 0xaedc, 0xaedc, 
	0xaedc, 0xaedc, 0xaedc, 0xaedc, 0xaedc, 0xaedc, 0xaedc, 0xaedc, 0xaedc, 0xaedc, 0xaedc, 0xaedc, 0xaedc, 0xaedc, 0xaedc, 0xaedc, 
	0xaedc, 0xaedc, 0xaedc, 0xaedc, 0xaedc, 0xaedc, 0xaedc, 0xaedc, 0xaedc, 0xaedc, 0xaedc, 0xaedc, 0xaedc, 0xaedc, 0xaedc, 0xaedc, 
	0xaedc, 0xaedc, 0xaedc, 0xaedc, 0xaedc, 0xaedc, 0xaedc, 0xaedc, 0xaedc, 0xaedc, 0xaedc, 0xaedc, 0xaedc, 0xaedc, 0xaedc, 0xaedc, 
	0xaedc, 0xaedc, 0xaedc, 0xaedc, 0xaedc, 0xaedc, 0xaedc, 0xaedc, 0xaedc, 0xaedc, 0xaedc, 0xaedc, 0xaedc, 0xaedc, 0xaedc, 0xaedc, 
	0xaedc, 0xaedc, 0xaedc, 0xaedc, 0xaedc, 0xaedc, 0xaedc, 0xaedc, 0xb6dd, 0xaedc, 0xaedc, 0xaedc, 0xaedd, 0xaedd, 0x8535, 0x10e4, 
	0x0000, 0x0020, 0x0000, 0x0000, 0x10c3, 0x84f4, 0xbf7e, 0xb79e, 0xbf5d, 0xbf7e, 0xbf7e, 0xbf7e, 0xbf9e, 0xbf9e, 0xbf7e, 0xbf7d, 
	0xbf7e, 0xbf7e, 0xbf9e, 0xbf9d, 0xcfbe, 0xe7ff, 0xe7ff, 0xe7ff, 0xdfdf, 0xe7df, 0xe7df, 0xe7ff, 0xe7ff, 0xe7ff, 0xe7ff, 0xe7ff, 
	0xe7ff, 0xe7ff, 0xe7ff, 0xe7ff, 0xe7ff, 0xe7ff, 0xe7ff, 0xe7ff, 0xe7ff, 0xe7ff, 0xe7ff, 0xe7ff, 0xe7ff, 0xe7ff, 0xe7ff, 0xe7ff, 
	0xe7ff, 0xe7ff, 0xe7ff, 0xe7ff, 0xe7ff, 0xe7ff, 0xe7ff, 0xe7ff, 0xe7ff, 0xe7ff, 0xe7ff, 0xe7df, 0xe7ff, 0xe7df, 0xe7df, 0xe7ff, 
	0xe7ff, 0xe7ff, 0xe7ff, 0xe7ff, 0xe7ff, 0xe7ff, 0xe7ff, 0xe7ff, 0xefff, 0xefdf, 0xe7bf, 0xe7ff, 0xe7ff, 0xdfde, 0x8492, 0x0862, 
	0x0000, 0x0000, 0x0000, 0x0000, 0x0946, 0x4d38, 0x563e, 0x563f, 0x4e1f, 0x561f, 0x4e3e, 0x373c, 0x27bc, 0x2f9c, 0x27bc, 0x277b, 
	0x27bb, 0x279b, 0x279b, 0x279b, 0x279b, 0x279b, 0x2f9b, 0x279b, 0x279b, 0x279b, 0x279b, 0x279b, 0x279b, 0x279b, 0x279b, 0x279b, 
	0x279b, 0x279b, 0x279b, 0x279b, 0x279b, 0x279b, 0x279b, 0x279b, 0x279b, 0x279b, 0x279b, 0x279b, 0x279b, 0x279b, 0x279b, 0x279b, 
	0x279b, 0x279b, 0x279b, 0x279b, 0x279b, 0x279b, 0x279b, 0x279b, 0x279b, 0x279c, 0x279b, 0x27bb, 0x140f, 0x0000, 0x0000, 0x0000, 
	0x0000, 0x0000, 0x3a8a, 0xaedc, 0xaedd, 0xaedc, 0xaefc, 0xaedd, 0xaedc, 0xaedc, 0xaedc, 0xaedc, 0xaedc, 0xaedc, 0xaedc, 0xaedc, 
	0xaedc, 0xaedc, 0xaedc, 0xaedc, 0xaedc, 0xaedc, 0xaedc, 0xaedc, 0xaedc, 0xaedc, 0xaedc, 0xaedc, 0xaedc, 0xaedc, 0xaedc, 0xaedc, 
	0xaedc, 0xaedc, 0xaedc, 0xaedc, 0xaedc, 0xaedc, 0xaedc, 0xaedc, 0xaedc, 0xaedc, 0xaedc, 0xaedc, 0xaedc, 0xaedc, 0xaedc, 0xaedc, 
	0xaedc, 0xaedc, 0xaedc, 0xaedc, 0xaedc, 0xaedc, 0xaedc, 0xaedc, 0xaedc, 0xaedc, 0xaedc, 0xaedc, 0xaedc, 0xaedc, 0xaedc, 0xaedc, 
	0xaedc, 0xaedc, 0xaedc, 0xaedc, 0xaedc, 0xaedc, 0xaedc, 0xaedc, 0xaedc, 0xaedc, 0xaedc, 0xaedc, 0xaedc, 0xaedc, 0xaedc, 0xaedc, 
	0xaedc, 0xaedc, 0xaedc, 0xaedc, 0xaedc, 0xaedc, 0xaedc, 0xaedc, 0xaedc, 0xaedc, 0xaedc, 0xaedc, 0xaedc, 0xaedc, 0xaedc, 0xaedc, 
	0xaedc, 0xaedc, 0xaedc, 0xaedc, 0xaedc, 0xaedc, 0xaedc, 0xaedc, 0xaedd, 0xaefc, 0xaedc, 0xb6dd, 0xaefd, 0xaedd, 0x84d4, 0x0882, 
	0x0000, 0x0000, 0x0000, 0x0000, 0x1945, 0x9e18, 0xb75d, 0xbf9e, 0xc79e, 0xc77e, 0xc77e, 0xc77e, 0xbf5d, 0xbf5d, 0xbf7d, 0xc79e, 
	0xc77e, 0xbf7e, 0xbf9e, 0xbf7d, 0xcf9e, 0xdfdf, 0xe7ff, 0xe7df, 0xe7ff, 0xe7ff, 0xe7ff, 0xe7ff, 0xe7df, 0xe7df, 0xe7ff, 0xe7ff, 
	0xe7ff, 0xe7ff, 0xe7ff, 0xe7ff, 0xe7ff, 0xe7ff, 0xe7ff, 0xe7ff, 0xe7ff, 0xe7ff, 0xe7ff, 0xe7ff, 0xe7ff, 0xe7ff, 0xe7ff, 0xe7ff, 
	0xe7ff, 0xe7ff, 0xe7ff, 0xe7ff, 0xe7ff, 0xe7ff, 0xe7ff, 0xe7ff, 0xe7df, 0xe7ff, 0xe7ff, 0xe7ff, 0xe7ff, 0xe7ff, 0xe7ff, 0xe7df, 
	0xe7ff, 0xe7ff, 0xe7ff, 0xe7ff, 0xe7ff, 0xe7ff, 0xe7ff, 0xe7ff, 0xe7ff, 0xe7ff, 0xe7df, 0xe7ff, 0xdfdf, 0xe7df, 0xadd7, 0x10c3, 
	0x0000, 0x0000, 0x0020, 0x0000, 0x08e5, 0x4cf7, 0x561d, 0x55fc, 0x4dfe, 0x561e, 0x4e1d, 0x36fb, 0x275a, 0x2f5b, 0x277b, 0x275a, 
	0x2f5b, 0x2f9c, 0x2fbc, 0x279b, 0x279b, 0x279b, 0x279b, 0x277b, 0x279b, 0x279b, 0x279b, 0x279b, 0x279b, 0x279b, 0x279b, 0x279b, 
	0x279b, 0x279b, 0x279b, 0x279b, 0x279b, 0x279b, 0x279b, 0x279b, 0x279b, 0x279b, 0x279b, 0x279b, 0x279b, 0x279b, 0x279b, 0x279b, 
	0x279b, 0x279b, 0x279b, 0x279b, 0x279b, 0x279b, 0x279b, 0x279b, 0x279b, 0x279c, 0x279b, 0x27bb, 0x140f, 0x0000, 0x0000, 0x0000, 
	0x0000, 0x0000, 0x3a8a, 0xaedc, 0xaedd, 0xaedc, 0xaefc, 0xaedd, 0xaedc, 0xaedc, 0xaedc, 0xaedc, 0xaedc, 0xaedc, 0xaedc, 0xaedc, 
	0xaedc, 0xaedc, 0xaedc, 0xaedc, 0xaedc, 0xaedc, 0xaedc, 0xaedc, 0xaedc, 0xaedc, 0xaedc, 0xaedc, 0xaedc, 0xaedc, 0xaedc, 0xaedc, 
	0xaedc, 0xaedc, 0xaedc, 0xaedc, 0xaedc, 0xaedc, 0xaedc, 0xaedc, 0xaedc, 0xaedc, 0xaedc, 0xaedc, 0xaedc, 0xaedc, 0xaedc, 0xaedc, 
	0xaedc, 0xaedc, 0xaedc, 0xaedc, 0xaedc, 0xaedc, 0xaedc, 0xaedc, 0xaedc, 0xaedc, 0xaedc, 0xaedc, 0xaedc, 0xaedc, 0xaedc, 0xaedc, 
	0xaedc, 0xaedc, 0xaedc, 0xaedc, 0xaedc, 0xaedc, 0xaedc, 0xaedc, 0xaedc, 0xaedc, 0xaedc, 0xaedc, 0xaedc, 0xaedc, 0xaedc, 0xaedc, 
	0xaedc, 0xaedc, 0xaedc, 0xaedc, 0xaedc, 0xaedc, 0xaedc, 0xaedc, 0xaedc, 0xaedc, 0xaedc, 0xaedc, 0xaedc, 0xaedc, 0xaedc, 0xaedc, 
	0xaedc, 0xaedc, 0xaedc, 0xaedc, 0xaedc, 0xaedc, 0xaedc, 0xaedc, 0xaebc, 0xb71d, 0xaebc, 0xb6dd, 0xaedd, 0xaedd, 0x84d3, 0x0862, 
	0x0000, 0x0000, 0x0020, 0x0000, 0x1945, 0xa659, 0xc7bf, 0xbf5e, 0xbf7e, 0xbf7e, 0xbf7e, 0xbf7e, 0xbf7e, 0xbf9e, 0xbf9e, 0xbf7e, 
	0xbf7e, 0xbf7e, 0xbf9e, 0xbf7d, 0xc79e, 0xd7df, 0xdfff, 0xe7ff, 0xe7df, 0xe7df, 0xe7ff, 0xe7ff, 0xe7ff, 0xe7ff, 0xe7ff, 0xe7ff, 
	0xe7ff, 0xe7ff, 0xe7ff, 0xe7ff, 0xe7ff, 0xe7ff, 0xe7ff, 0xe7ff, 0xe7ff, 0xe7ff, 0xe7ff, 0xe7ff, 0xe7ff, 0xe7ff, 0xe7ff, 0xe7ff, 
	0xe7ff, 0xe7ff, 0xe7ff, 0xe7ff, 0xe7ff, 0xe7ff, 0xe7ff, 0xe7ff, 0xe7df, 0xe7df, 0xe7ff, 0xe7ff, 0xe7df, 0xe7ff, 0xe7ff, 0xe7ff, 
	0xe7ff, 0xe7ff, 0xe7ff, 0xe7ff, 0xe7ff, 0xe7ff, 0xe7ff, 0xe7ff, 0xdfff, 0xdfff, 0xe7ff, 0xe7df, 0xe7ff, 0xe7ff, 0xbe59, 0x18e3, 
	0x0040, 0x0800, 0x0020, 0x0000, 0x0084, 0x3c76, 0x459b, 0x2c95, 0x2b8f, 0x230e, 0x224c, 0x128a, 0x12ea, 0x0b0b, 0x0bce, 0x14b0, 
	0x1616, 0x1eb8, 0x2f5b, 0x279b, 0x279b, 0x279b, 0x279b, 0x279b, 0x279b, 0x279b, 0x279b, 0x279b, 0x279b, 0x279b, 0x279b, 0x279b, 
	0x279b, 0x279b, 0x279b, 0x279b, 0x279b, 0x279b, 0x279b, 0x279b, 0x279b, 0x279b, 0x279b, 0x279b, 0x279b, 0x279b, 0x279b, 0x279b, 
	0x279b, 0x279b, 0x279b, 0x279b, 0x279b, 0x279b, 0x279b, 0x279b, 0x279b, 0x279c, 0x279b, 0x27bb, 0x140f, 0x0000, 0x0000, 0x0000, 
	0x0000, 0x0000, 0x3a8a, 0xaedc, 0xaedd, 0xaedc, 0xaefc, 0xaedd, 0xaedc, 0xaedc, 0xaedc, 0xaedc, 0xaedc, 0xaedc, 0xaedc, 0xaedc, 
	0xaedc, 0xaedc, 0xaedc, 0xaedc, 0xaedc, 0xaedc, 0xaedc, 0xaedc, 0xaedc, 0xaedc, 0xaedc, 0xaedc, 0xaedc, 0xaedc, 0xaedc, 0xaedc, 
	0xaedc, 0xaedc, 0xaedc, 0xaedc, 0xaedc, 0xaedc, 0xaedc, 0xaedc, 0xaedc, 0xaedc, 0xaedc, 0xaedc, 0xaedc, 0xaedc, 0xaedc, 0xaedc, 
	0xaedc, 0xaedc, 0xaedc, 0xaedc, 0xaedc, 0xaedc, 0xaedc, 0xaedc, 0xaedc, 0xaedc, 0xaedc, 0xaedc, 0xaedc, 0xaedc, 0xaedc, 0xaedc, 
	0xaedc, 0xaedc, 0xaedc, 0xaedc, 0xaedc, 0xaedc, 0xaedc, 0xaedc, 0xaedc, 0xaedc, 0xaedc, 0xaedc, 0xaedc, 0xaedc, 0xaedc, 0xaedc, 
	0xaedc, 0xaedc, 0xaedc, 0xaedc, 0xaedc, 0xaedc, 0xaedc, 0xaedc, 0xaedc, 0xaedc, 0xaedc, 0xaedc, 0xaedc, 0xaedc, 0xaedc, 0xaedc, 
	0xb6fc, 0xaedc, 0xaedc, 0xaedc, 0xaedc, 0xaedd, 0xaedd, 0xaedd, 0xaedd, 0xaedc, 0xb6fc, 0xaebc, 0xaedd, 0xb6fd, 0x8515, 0x10a3, 
	0x0000, 0x0000, 0x0020, 0x0000, 0x1925, 0x95b7, 0xbf7e, 0xbf7e, 0xc77e, 0xbf7d, 0xbf7e, 0xbf9e, 0xbf7e, 0xbf7e, 0xbf7e, 0xbf7e, 
	0xbf7e, 0xbf7e, 0xbf7e, 0xbf7e, 0xc77e, 0xcf9e, 0xd7df, 0xdfff, 0xe7ff, 0xe7ff, 0xe7ff, 0xe7ff, 0xe7ff, 0xe7ff, 0xe7ff, 0xe7ff, 
	0xe7ff, 0xe7ff, 0xe7ff, 0xe7ff, 0xe7ff, 0xe7ff, 0xe7ff, 0xe7ff, 0xe7ff, 0xe7ff, 0xe7ff, 0xe7df, 0xe7ff, 0xe7df, 0xe7df, 0xe7df, 
	0xe7ff, 0xe7ff, 0xe7ff, 0xe7df, 0xe7df, 0xefff, 0xe7df, 0xe7df, 0xe7ff, 0xe7ff, 0xe7ff, 0xe7ff, 0xe7ff, 0xe7ff, 0xe7ff, 0xe7ff, 
	0xe7df, 0xe7df, 0xe7df, 0xe7df, 0xe7df, 0xe7df, 0xe7df, 0xe7df, 0xe7ff, 0xe7ff, 0xefff, 0xe7ff, 0xe7ff, 0xefff, 0xbe79, 0x10e3, 
	0x0000, 0x0000, 0x0000, 0x0000, 0x0062, 0x21a7, 0x1987, 0x00c4, 0x0082, 0x0041, 0x0020, 0x0000, 0x0000, 0x0000, 0x0041, 0x08a2, 
	0x0124, 0x02c9, 0x1c90, 0x2e97, 0x279b, 0x279b, 0x1fbb, 0x279b, 0x279b, 0x279b, 0x279b, 0x279b, 0x279b, 0x279b, 0x279b, 0x279b, 
	0x279b, 0x279b, 0x279b, 0x279b, 0x279b, 0x279b, 0x279b, 0x279b, 0x279b, 0x279b, 0x279b, 0x279b, 0x279b, 0x279b, 0x279b, 0x279b, 
	0x279b, 0x279b, 0x279b, 0x279b, 0x279b, 0x279b, 0x279b, 0x279b, 0x279b, 0x279c, 0x279b, 0x27bb, 0x140f, 0x0000, 0x0000, 0x0000, 
	0x0000, 0x0000, 0x3a8a, 0xaedc, 0xaedd, 0xaedc, 0xaefc, 0xaedd, 0xaedc, 0xaedc, 0xaedc, 0xaedc, 0xaedc, 0xaedc, 0xaedc, 0xaedc, 
	0xaedc, 0xaedc, 0xaedc, 0xaedc, 0xaedc, 0xaedc, 0xaedc, 0xaedc, 0xaedc, 0xaedc, 0xaedc, 0xaedc, 0xaedc, 0xaedc, 0xaedc, 0xaedc, 
	0xaedc, 0xaedc, 0xaedc, 0xaedc, 0xaedc, 0xaedc, 0xaedc, 0xaedc, 0xaedc, 0xaedc, 0xaedc, 0xaedc, 0xaedc, 0xaedc, 0xaedc, 0xaedc, 
	0xaedc, 0xaedc, 0xaedc, 0xaedc, 0xaedc, 0xaedc, 0xaedc, 0xaedc, 0xaedc, 0xaedc, 0xaedc, 0xaedc, 0xaedc, 0xaedc, 0xaedc, 0xaedc, 
	0xaedc, 0xaedc, 0xaedc, 0xaedc, 0xaedc, 0xaedc, 0xaedc, 0xaedc, 0xaedc, 0xaedc, 0xaedc, 0xaedc, 0xaedc, 0xaedc, 0xaedc, 0xaedc, 
	0xaedc, 0xaedc, 0xaedc, 0xaedc, 0xaedc, 0xaedc, 0xaedc, 0xaedc, 0xaedc, 0xaedc, 0xaedc, 0xaedc, 0xaedc, 0xaedc, 0xaedc, 0xaedc, 
	0xaedc, 0xaedc, 0xb6fd, 0xb6fc, 0xb6dc, 0xaedc, 0xaedc, 0xaedc, 0xaedd, 0xaefc, 0xaedc, 0xaedc, 0xaefd, 0xaefd, 0x8d76, 0x1965, 
	0x0000, 0x0000, 0x0000, 0x0000, 0x0882, 0x6c31, 0xbf5d, 0xb77e, 0xbf7e, 0xbf9e, 0xbf9e, 0xb77d, 0xbf7e, 0xbf9e, 0xbf7e, 0xbf5d, 
	0xbf7e, 0xbf9e, 0xbf7e, 0xbf7e, 0xbf7e, 0xc79e, 0xcfbe, 0xcfde, 0xdfdf, 0xdfdf, 0xe7ff, 0xe7ff, 0xe7ff, 0xe7ff, 0xe7ff, 0xe7ff, 
	0xe7ff, 0xe7ff, 0xe7ff, 0xe7ff, 0xe7ff, 0xe7ff, 0xe7ff, 0xe7ff, 0xe7ff, 0xdfdf, 0xdfdf, 0xdfff, 0xe7ff, 0xe7ff, 0xdfff, 0xdfff, 
	0xe7ff, 0xe7ff, 0xe7ff, 0xe7ff, 0xdfff, 0xdfff, 0xdfdf, 0xe7ff, 0xdfff, 0xdfff, 0xdfff, 0xdfff, 0xdfff, 0xdfff, 0xdfff, 0xdfff, 
	0xe7ff, 0xe7ff, 0xe7ff, 0xe7ff, 0xe7ff, 0xe7ff, 0xe7ff, 0xe7ff, 0xdfff, 0xdfbf, 0xe7df, 0xe7ff, 0xdfff, 0xdfff, 0xbe7a, 0x1904, 
	0x0000, 0x0000, 0x0000, 0x0020, 0x0000, 0x0021, 0x0020, 0x0021, 0x0020, 0x0000, 0x0000, 0x0000, 0x0000, 0x0020, 0x0000, 0x0000, 
	0x0000, 0x0041, 0x00c4, 0x0a8a, 0x2594, 0x275a, 0x1fbb, 0x2f7c, 0x279b, 0x279b, 0x279b, 0x279b, 0x279b, 0x279b, 0x279b, 0x279b, 
	0x279b, 0x279b, 0x279b, 0x279b, 0x279b, 0x279b, 0x279b, 0x279b, 0x279b, 0x279b, 0x279b, 0x279b, 0x279b, 0x279b, 0x279b, 0x279b, 
	0x279b, 0x279b, 0x279b, 0x279b, 0x279b, 0x279b, 0x279b, 0x279b, 0x279b, 0x279c, 0x279b, 0x27bb, 0x140f, 0x0000, 0x0000, 0x0000, 
	0x0000, 0x0000, 0x3a8a, 0xaedc, 0xaedd, 0xaedc, 0xaefc, 0xaedd, 0xaedc, 0xaedc, 0xaedc, 0xaedc, 0xaedc, 0xaedc, 0xaedc, 0xaedc, 
	0xaedc, 0xaedc, 0xaedc, 0xaedc, 0xaedc, 0xaedc, 0xaedc, 0xaedc, 0xaedc, 0xaedc, 0xaedc, 0xaedc, 0xaedc, 0xaedc, 0xaedc, 0xaedc, 
	0xaedc, 0xaedc, 0xaedc, 0xaedc, 0xaedc, 0xaedc, 0xaedc, 0xaedc, 0xaedc, 0xaedc, 0xaedc, 0xaedc, 0xaedc, 0xaedc, 0xaedc, 0xaedc, 
	0xaedc, 0xaedc, 0xaedc, 0xaedc, 0xaedc, 0xaedc, 0xaedc, 0xaedc, 0xaedc, 0xaedc, 0xaedc, 0xaedc, 0xaedc, 0xaedc, 0xaedc, 0xaedc, 
	0xaedc, 0xaedc, 0xaedc, 0xaedc, 0xaedc, 0xaedc, 0xaedc, 0xaedc, 0xaedc, 0xaedc, 0xaedc, 0xaedc, 0xaedc, 0xaedc, 0xaedc, 0xaedc, 
	0xaedc, 0xaedc, 0xaedc, 0xaedc, 0xaedc, 0xaedc, 0xaedc, 0xaedc, 0xaedc, 0xaedc, 0xaedc, 0xaedc, 0xaedc, 0xaedc, 0xaedc, 0xaedc, 
	0xaedc, 0xaedc, 0xaebc, 0xaedc, 0xaedc, 0xb6dc, 0xb6dc, 0xaedc, 0xaedd, 0xb6fd, 0xaedc, 0xb6dc, 0xb6fd, 0xaebc, 0x9df9, 0x3a4a, 
	0x0000, 0x0000, 0x0000, 0x0000, 0x0021, 0x3249, 0xa638, 0xbf9e, 0xbf7e, 0xbf9e, 0xbf7e, 0xbf7e, 0xc77e, 0xbf7e, 0xbf7e, 0xc79f, 
	0xbf7e, 0xbf7e, 0xbf7e, 0xbf7e, 0xbf7e, 0xbf7e, 0xc77e, 0xc77e, 0xcf9e, 0xcf9e, 0xcfbf, 0xcfbf, 0xcfbf, 0xcfbf, 0xcfbf, 0xcfbf, 
	0xcfbf, 0xcfbf, 0xcfbf, 0xcfbf, 0xcfbf, 0xcfbf, 0xcfbf, 0xcfbf, 0xcfde, 0xcfbe, 0xd7df, 0xd7bf, 0xcfbe, 0xcf9e, 0xcfbe, 0xcfbe, 
	0xcfbe, 0xcf9e, 0xcfbf, 0xd7df, 0xd7bf, 0xd7bf, 0xcfbe, 0xcfbf, 0xcfbf, 0xcfbf, 0xcfbf, 0xcfbf, 0xcfbf, 0xcfbf, 0xcfbf, 0xcfbf, 
	0xcfbf, 0xcfbf, 0xcfbe, 0xcfbe, 0xcfbe, 0xcfbe, 0xcfbe, 0xcfbf, 0xcfdf, 0xd7bf, 0xd79f, 0xcf9e, 0xc7df, 0xc7df, 0x9dd7, 0x10c3, 
	0x0020, 0x0000, 0x0000, 0x0000, 0x0000, 0x0000, 0x0000, 0x0000, 0x0000, 0x0000, 0x0000, 0x0000, 0x0000, 0x0000, 0x0000, 0x0000, 
	0x0800, 0x0000, 0x0000, 0x0001, 0x01e7, 0x1d12, 0x2f7a, 0x277b, 0x279b, 0x279b, 0x279b, 0x279b, 0x279b, 0x279b, 0x279b, 0x279b, 
	0x279b, 0x279b, 0x279b, 0x279b, 0x279b, 0x279b, 0x279b, 0x279b, 0x279b, 0x279b, 0x279b, 0x279b, 0x279b, 0x279b, 0x279b, 0x279b, 
	0x279b, 0x279b, 0x279b, 0x279b, 0x279b, 0x279b, 0x279b, 0x279b, 0x279b, 0x279c, 0x279b, 0x27bb, 0x140f, 0x0000, 0x0000, 0x0000, 
	0x0000, 0x0000, 0x3a8a, 0xaedc, 0xaedd, 0xaedc, 0xaefc, 0xaedd, 0xaedc, 0xaedc, 0xaedc, 0xaedc, 0xaedc, 0xaedc, 0xaedc, 0xaedc, 
	0xaedc, 0xaedc, 0xaedc, 0xaedc, 0xaedc, 0xaedc, 0xaedc, 0xaedc, 0xaedc, 0xaedc, 0xaedc, 0xaedc, 0xaedc, 0xaedc, 0xaedc, 0xaedc, 
	0xaedc, 0xaedc, 0xaedc, 0xaedc, 0xaedc, 0xaedc, 0xaedc, 0xaedc, 0xaedc, 0xaedc, 0xaedc, 0xaedc, 0xaedc, 0xaedc, 0xaedc, 0xaedc, 
	0xaedc, 0xaedc, 0xaedc, 0xaedc, 0xaedc, 0xaedc, 0xaedc, 0xaedc, 0xaedc, 0xaedc, 0xaedc, 0xaedc, 0xaedc, 0xaedc, 0xaedc, 0xaedc, 
	0xaedc, 0xaedc, 0xaedc, 0xaedc, 0xaedc, 0xaedc, 0xaedc, 0xaedc, 0xaedc, 0xaedc, 0xaedc, 0xaedc, 0xaedc, 0xaedc, 0xaedc, 0xaedc, 
	0xaedc, 0xaedc, 0xaedc, 0xaedc, 0xaedc, 0xaedc, 0xaedc, 0xaedc, 0xaedc, 0xaedc, 0xaedc, 0xaedc, 0xaedc, 0xaedc, 0xaedc, 0xaedc, 
	0xaedd, 0xaefd, 0xaefd, 0xaedd, 0xaedc, 0xaedc, 0xaedc, 0xaedd, 0xaebc, 0xaedd, 0xaedc, 0xb6bc, 0xb6dd, 0xaedc, 0xae9b, 0x638f, 
	0x0061, 0x0000, 0x0000, 0x0000, 0x0000, 0x0862, 0x534d, 0xa679, 0xbf7e, 0xc79e, 0xbf7e, 0xbf7e, 0xbf9e, 0xbf7e, 0xbf5e, 0xc79e, 
	0xbf9e, 0xbf9e, 0xbf9e, 0xbf9e, 0xbf9e, 0xbf9e, 0xbf9e, 0xbf7e, 0xbf7e, 0xbf7e, 0xbf9e, 0xbf9e, 0xbf9e, 0xbf7e, 0xbf7e, 0xbf7e, 
	0xbf7e, 0xbf7e, 0xbf7e, 0xbf7e, 0xbf7e, 0xbf7e, 0xbf7e, 0xbf7e, 0xb79d, 0xb77d, 0xbf7d, 0xbf7d, 0xc77e, 0xc79e, 0xc79f, 0xbf7e, 
	0xc79e, 0xbf7e, 0xc79e, 0xbf7e, 0xbf7e, 0xc77e, 0xc77e, 0xbf7e, 0xbf7e, 0xbf7e, 0xbf7e, 0xbf7e, 0xbf7e, 0xbf7e, 0xbf7e, 0xbf7e, 
	0xbf7e, 0xbf7e, 0xbf7e, 0xbf7e, 0xbf7e, 0xbf7e, 0xbf7e, 0xbf7e, 0xbf7e, 0xbf5d, 0xc77e, 0xc77e, 0xbf7e, 0xbf5d, 0x9555, 0x10c3, 
	0x0000, 0x0000, 0x0020, 0x0000, 0x0000, 0x0000, 0x0000, 0x0000, 0x0000, 0x0000, 0x0000, 0x0000, 0x0000, 0x0000, 0x0000, 0x0020, 
	0x0020, 0x0020, 0x0020, 0x0000, 0x0000, 0x01e7, 0x2df5, 0x279b, 0x279b, 0x279b, 0x279b, 0x279b, 0x279b, 0x279b, 0x279b, 0x279b, 
	0x279b, 0x279b, 0x279b, 0x279b, 0x279b, 0x279b, 0x279b, 0x279b, 0x279b, 0x279b, 0x279b, 0x279b, 0x279b, 0x279b, 0x279b, 0x279b, 
	0x279b, 0x279b, 0x279b, 0x279b, 0x279b, 0x279b, 0x279b, 0x279b, 0x279b, 0x279c, 0x279b, 0x27bb, 0x140f, 0x0000, 0x0000, 0x0000, 
	0x0000, 0x0000, 0x3a8a, 0xaedc, 0xaedd, 0xaedc, 0xaefc, 0xaedd, 0xaedc, 0xaedc, 0xaedc, 0xaedc, 0xaedc, 0xaedc, 0xaedc, 0xaedc, 
	0xaedc, 0xaedc, 0xaedc, 0xaedc, 0xaedc, 0xaedc, 0xaedc, 0xaedc, 0xaedc, 0xaedc, 0xaedc, 0xaedc, 0xaedc, 0xaedc, 0xaedc, 0xaedc, 
	0xaedc, 0xaedc, 0xaedc, 0xaedc, 0xaedc, 0xaedc, 0xaedc, 0xaedc, 0xaedc, 0xaedc, 0xaedc, 0xaedc, 0xaedc, 0xaedc, 0xaedc, 0xaedc, 
	0xaedc, 0xaedc, 0xaedc, 0xaedc, 0xaedc, 0xaedc, 0xaedc, 0xaedc, 0xaedc, 0xaedc, 0xaedc, 0xaedc, 0xaedc, 0xaedc, 0xaedc, 0xaedc, 
	0xaedc, 0xaedc, 0xaedc, 0xaedc, 0xaedc, 0xaedc, 0xaedc, 0xaedc, 0xaedc, 0xaedc, 0xaedc, 0xaedc, 0xaedc, 0xaedc, 0xaedc, 0xaedc, 
	0xaedc, 0xaedc, 0xaedc, 0xaedc, 0xaedc, 0xaedc, 0xaedc, 0xaedc, 0xaedc, 0xaedc, 0xaedc, 0xaedc, 0xaedc, 0xaedc, 0xaedc, 0xaedc, 
	0xaebc, 0xaedc, 0xaedc, 0xaedd, 0xaedd, 0xaefd, 0xaedd, 0xaebc, 0xb71d, 0xa6dc, 0xaedc, 0xaebc, 0xaedc, 0xaefd, 0xb6fc, 0x8515, 
	0x2165, 0x0000, 0x0000, 0x0000, 0x0000, 0x0000, 0x10a3, 0x430b, 0x8d96, 0xaeba, 0xbf5d, 0xbf7d, 0xbf9d, 0xbf9e, 0xbf9e, 0xbf7e, 
	0xbf7d, 0xbf7d, 0xbf7d, 0xbf7d, 0xbf7d, 0xbf7d, 0xbf7d, 0xbf7d, 0xbf7e, 0xbf7e, 0xbf7e, 0xbf7e, 0xbf7e, 0xbf7e, 0xbf7e, 0xbf7e, 
	0xbf7e, 0xbf7e, 0xbf7e, 0xbf7e, 0xbf7e, 0xbf7e, 0xbf7e, 0xbf7e, 0xbf9e, 0xc79e, 0xc77e, 0xbf5e, 0xbf5d, 0xbf7e, 0xbf7e, 0xbf7e, 
	0xbf7e, 0xbf7e, 0xbf7e, 0xbf7e, 0xbf7e, 0xbf7e, 0xbf7e, 0xbf7e, 0xbf7e, 0xbf7e, 0xbf7e, 0xbf7e, 0xbf7e, 0xbf7e, 0xbf7e, 0xbf7e, 
	0xbf7e, 0xbf7e, 0xbf7e, 0xbf7e, 0xbf7e, 0xbf7e, 0xbf7e, 0xbf7e, 0xbf9e, 0xbf7e, 0xb77d, 0xbf7e, 0xb6fc, 0x7cd3, 0x3228, 0x0000, 
	0x0000, 0x0000, 0x0000, 0x0000, 0x0000, 0x0000, 0x0000, 0x0000, 0x0000, 0x0000, 0x0000, 0x0000, 0x0000, 0x0000, 0x0020, 0x0000, 
	0x0000, 0x0000, 0x0000, 0x0000, 0x0800, 0x0041, 0x0b6c, 0x2739, 0x279b, 0x279b, 0x279b, 0x279b, 0x279b, 0x279b, 0x279b, 0x279b, 
	0x279b, 0x279b, 0x279b, 0x279b, 0x279b, 0x279b, 0x279b, 0x279b, 0x279b, 0x279b, 0x279b, 0x279b, 0x279b, 0x279b, 0x279b, 0x279b, 
	0x279b, 0x279b, 0x279b, 0x279b, 0x279b, 0x279b, 0x279b, 0x279b, 0x279b, 0x279c, 0x279b, 0x27bb, 0x140f, 0x0000, 0x0000, 0x0000, 
	0x0000, 0x0000, 0x3a8a, 0xaedc, 0xaedd, 0xaedc, 0xaefc, 0xaedd, 0xaedc, 0xaedc, 0xaedc, 0xaedc, 0xaedc, 0xaedc, 0xaedc, 0xaedc, 
	0xaedc, 0xaedc, 0xaedc, 0xaedc, 0xaedc, 0xaedc, 0xaedc, 0xaedc, 0xaedc, 0xaedc, 0xaedc, 0xaedc, 0xaedc, 0xaedc, 0xaedc, 0xaedc, 
	0xaedc, 0xaedc, 0xaedc, 0xaedc, 0xaedc, 0xaedc, 0xaedc, 0xaedc, 0xaedc, 0xaedc, 0xaedc, 0xaedc, 0xaedc, 0xaedc, 0xaedc, 0xaedc, 
	0xaedc, 0xaedc, 0xaedc, 0xaedc, 0xaedc, 0xaedc, 0xaedc, 0xaedc, 0xaedc, 0xaedc, 0xaedc, 0xaedc, 0xaedc, 0xaedc, 0xaedc, 0xaedc, 
	0xaedc, 0xaedc, 0xaedc, 0xaedc, 0xaedc, 0xaedc, 0xaedc, 0xaedc, 0xaedc, 0xaedc, 0xaedc, 0xaedc, 0xaedc, 0xaedc, 0xaedc, 0xaedc, 
	0xaedc, 0xaedc, 0xaedc, 0xaedc, 0xaedc, 0xaedc, 0xaedc, 0xaedc, 0xaedc, 0xaedc, 0xaedc, 0xaedc, 0xaedc, 0xaedc, 0xaedc, 0xaedc, 
	0xaedc, 0xb6dc, 0xb6fd, 0xaedd, 0xaedd, 0xb6dd, 0xb6dc, 0xb6bc, 0xa639, 0x8556, 0x7cd4, 0x6c52, 0x63d0, 0x53cf, 0x53af, 0x4b0d, 
	0x1945, 0x0000, 0x0000, 0x0000, 0x0000, 0x0000, 0x0000, 0x0041, 0x1945, 0x428a, 0x5b8e, 0x63af, 0x63cf, 0x5bcf, 0x5bcf, 0x5bcf, 
	0x63cf, 0x63cf, 0x63cf, 0x63cf, 0x63cf, 0x63cf, 0x63cf, 0x63cf, 0x63cf, 0x63cf, 0x63cf, 0x63af, 0x63af, 0x63af, 0x63cf, 0x63cf, 
	0x63cf, 0x63cf, 0x63cf, 0x63cf, 0x63cf, 0x63cf, 0x63cf, 0x63cf, 0x63d0, 0x63d0, 0x6410, 0x74b3, 0x95b7, 0xa69a, 0xb73d, 0xbf9e, 
	0xbf7e, 0xbf9e, 0xbf7e, 0xbf9e, 0xbfbf, 0xbf7e, 0xbf7e, 0xbf7e, 0xbf7e, 0xbf7e, 0xbf7e, 0xbf7e, 0xbf7e, 0xbf7e, 0xbf7e, 0xbf7e, 
	0xbf7e, 0xbf7e, 0xbf7e, 0xbf7e, 0xbf7e, 0xbf7e, 0xbf7e, 0xbf7e, 0xbf7e, 0xbf9e, 0xbf7d, 0x9df8, 0x536e, 0x10e4, 0x0000, 0x0000, 
	0x0000, 0x0000, 0x0000, 0x0020, 0x0020, 0x0000, 0x0000, 0x1082, 0x3965, 0x5207, 0x6a89, 0x7aca, 0x7aeb, 0x72ca, 0x5207, 0x3124, 
	0x0820, 0x0000, 0x0000, 0x0000, 0x0000, 0x0000, 0x0186, 0x2615, 0x279b, 0x279b, 0x279b, 0x279b, 0x279b, 0x279b, 0x279b, 0x279b, 
	0x279b, 0x279b, 0x279b, 0x279b, 0x279b, 0x279b, 0x279b, 0x279b, 0x279b, 0x279b, 0x279b, 0x279b, 0x279b, 0x279b, 0x279b, 0x279b, 
	0x279b, 0x279b, 0x279b, 0x279b, 0x279b, 0x279b, 0x279b, 0x279b, 0x279b, 0x279c, 0x279b, 0x27bb, 0x140f, 0x0000, 0x0000, 0x0000, 
	0x0000, 0x0000, 0x3a8a, 0xaedc, 0xaedd, 0xaedc, 0xaefc, 0xaedd, 0xaedc, 0xaedc, 0xaedc, 0xaedc, 0xaedc, 0xaedc, 0xaedc, 0xaedc, 
	0xaedc, 0xaedc, 0xaedc, 0xaedc, 0xaedc, 0xaedc, 0xaedc, 0xaedc, 0xaedc, 0xaedc, 0xaedc, 0xaedc, 0xaedc, 0xaedc, 0xaedc, 0xaedc, 
	0xaedc, 0xaedc, 0xaedc, 0xaedc, 0xaedc, 0xaedc, 0xaedc, 0xaedc, 0xaedc, 0xaedc, 0xaedc, 0xaedc, 0xaedc, 0xaedc, 0xaedc, 0xaedc, 
	0xaedc, 0xaedc, 0xaedc, 0xaedc, 0xaedc, 0xaedc, 0xaedc, 0xaedc, 0xaedc, 0xaedc, 0xaedc, 0xaedc, 0xaedc, 0xaedc, 0xaedc, 0xaedc, 
	0xaedc, 0xaedc, 0xaedc, 0xaedc, 0xaedc, 0xaedc, 0xaedc, 0xaedc, 0xaedc, 0xaedc, 0xaedc, 0xaedc, 0xaedc, 0xaedc, 0xaedc, 0xaedc, 
	0xaedc, 0xaedc, 0xaedc, 0xaedc, 0xaedc, 0xaedc, 0xaedc, 0xaedc, 0xaedc, 0xaedc, 0xaedc, 0xaedc, 0xaedc, 0xaedc, 0xaedc, 0xaedc, 
	0xb6fc, 0xaedc, 0xaebc, 0xb6dc, 0xb6bc, 0x9dd8, 0x7472, 0x534e, 0x3a09, 0x2186, 0x10e4, 0x1082, 0x0021, 0x0021, 0x0000, 0x0001, 
	0x0000, 0x0000, 0x0020, 0x0020, 0x0000, 0x0000, 0x0000, 0x0000, 0x0000, 0x0000, 0x0000, 0x0000, 0x0000, 0x0000, 0x0000, 0x0000, 
	0x0000, 0x0000, 0x0000, 0x0000, 0x0000, 0x0000, 0x0000, 0x0000, 0x0000, 0x0000, 0x0020, 0x0000, 0x0000, 0x0000, 0x0020, 0x0020, 
	0x0000, 0x0000, 0x0000, 0x0000, 0x0000, 0x0000, 0x0000, 0x0000, 0x0000, 0x0021, 0x0041, 0x0882, 0x1925, 0x3269, 0x6c51, 0xae59, 
	0xbf3d, 0xc79f, 0xbf7e, 0xbf5d, 0xbf7e, 0xbf7e, 0xbf7e, 0xbf7e, 0xbf7e, 0xbf7e, 0xbf7e, 0xbf7e, 0xbf7e, 0xbf7e, 0xbf7e, 0xbf7e, 
	0xbf7e, 0xbf7e, 0xbf7e, 0xbf9e, 0xbf7e, 0xbf7e, 0xbf7e, 0xbf7e, 0xc77e, 0xb6db, 0x7cb3, 0x29e7, 0x0061, 0x0000, 0x0000, 0x0000, 
	0x0000, 0x0000, 0x0000, 0x0000, 0x1020, 0x3103, 0x6a89, 0xa450, 0xccf2, 0xe595, 0xf5f6, 0xfe37, 0xfe58, 0xfe17, 0xe595, 0xc4b1, 
	0x6289, 0x1061, 0x0020, 0x0000, 0x0000, 0x0800, 0x00a3, 0x14b0, 0x279b, 0x279b, 0x279b, 0x279b, 0x279b, 0x279b, 0x279b, 0x279b, 
	0x279b, 0x279b, 0x279b, 0x279b, 0x279b, 0x279b, 0x279b, 0x279b, 0x279b, 0x279b, 0x279b, 0x279b, 0x279b, 0x279b, 0x279b, 0x279b, 
	0x279b, 0x279b, 0x279b, 0x279b, 0x279b, 0x279b, 0x279b, 0x279b, 0x279b, 0x279c, 0x279b, 0x27bb, 0x140f, 0x0000, 0x0000, 0x0000, 
	0x0000, 0x0000, 0x3a8a, 0xaedc, 0xaedd, 0xaedc, 0xaefc, 0xaedd, 0xaedc, 0xaedc, 0xaedc, 0xaedc, 0xaedc, 0xaedc, 0xaedc, 0xaedc, 
	0xaedc, 0xaedc, 0xaedc, 0xaedc, 0xaedc, 0xaedc, 0xaedc, 0xaedc, 0xaedc, 0xaedc, 0xaedc, 0xaedc, 0xaedc, 0xaedc, 0xaedc, 0xaedc, 
	0xaedc, 0xaedc, 0xaedc, 0xaedc, 0xaedc, 0xaedc, 0xaedc, 0xaedc, 0xaedc, 0xaedc, 0xaedc, 0xaedc, 0xaedc, 0xaedc, 0xaedc, 0xaedc, 
	0xaedc, 0xaedc, 0xaedc, 0xaedc, 0xaedc, 0xaedc, 0xaedc, 0xaedc, 0xaedc, 0xaedc, 0xaedc, 0xaedc, 0xaedc, 0xaedc, 0xaedc, 0xaedc, 
	0xaedc, 0xaedc, 0xaedc, 0xaedc, 0xaedc, 0xaedc, 0xaedc, 0xaedc, 0xaedc, 0xaedc, 0xaedc, 0xaedc, 0xaedc, 0xaedc, 0xaedc, 0xaedc, 
	0xaedc, 0xaedc, 0xaedc, 0xaedc, 0xaedc, 0xaedc, 0xaedc, 0xaedc, 0xaedc, 0xaedc, 0xaedc, 0xaedc, 0xaedc, 0xaedc, 0xaedc, 0xaedc, 
	0xaebc, 0xaedd, 0xae7b, 0x8556, 0x538f, 0x29e8, 0x10e3, 0x0041, 0x0000, 0x0000, 0x0000, 0x0000, 0x0000, 0x0020, 0x0000, 0x0000, 
	0x0800, 0x0000, 0x0000, 0x0000, 0x0020, 0x0000, 0x0000, 0x0000, 0x0000, 0x0000, 0x0020, 0x0000, 0x0000, 0x0000, 0x0000, 0x0000, 
	0x0000, 0x0000, 0x0000, 0x0000, 0x0000, 0x0000, 0x0000, 0x0000, 0x0000, 0x0000, 0x0000, 0x0000, 0x0000, 0x0000, 0x0000, 0x0000, 
	0x0000, 0x0000, 0x0000, 0x0000, 0x0000, 0x0000, 0x0000, 0x0000, 0x0000, 0x0000, 0x0000, 0x0000, 0x0000, 0x0000, 0x10a2, 0x3a08, 
	0x8555, 0xb6dc, 0xc79e, 0xbf7e, 0xbf7e, 0xbf7e, 0xbf9e, 0xbf7e, 0xbf7e, 0xbf7e, 0xbf7e, 0xbf7e, 0xbf7e, 0xbf7e, 0xbf7e, 0xbf7e, 
	0xbf7e, 0xbf7e, 0xbf7e, 0xbf7e, 0xbf7e, 0xbf7e, 0xbf5d, 0xbf5d, 0x95f8, 0x4b4d, 0x10e3, 0x0000, 0x0000, 0x0000, 0x0000, 0x0000, 
	0x0000, 0x0000, 0x0000, 0x20e3, 0x72eb, 0xc512, 0xedf6, 0xfe37, 0xfe57, 0xfe77, 0xfe57, 0xfe57, 0xfe57, 0xfe57, 0xfe78, 0xfe57, 
	0xd554, 0x41a5, 0x0000, 0x0800, 0x0020, 0x0000, 0x0042, 0x13ad, 0x279b, 0x279b, 0x279b, 0x279b, 0x279b, 0x279b, 0x279b, 0x279b, 
	0x279b, 0x279b, 0x279b, 0x279b, 0x279b, 0x279b, 0x279b, 0x279b, 0x279b, 0x279b, 0x279b, 0x279b, 0x279b, 0x279b, 0x279b, 0x279b, 
	0x279b, 0x279b, 0x279b, 0x279b, 0x279b, 0x279b, 0x279b, 0x279b, 0x279b, 0x279c, 0x279b, 0x27bb, 0x140f, 0x0000, 0x0000, 0x0000, 
	0x0000, 0x0000, 0x3a8a, 0xaedc, 0xaedd, 0xaedc, 0xaefc, 0xaedd, 0xaedc, 0xaedc, 0xaedc, 0xaedc, 0xaedc, 0xaedc, 0xaedc, 0xaedc, 
	0xaedc, 0xaedc, 0xaedc, 0xaedc, 0xaedc, 0xaedc, 0xaedc, 0xaedc, 0xaedc, 0xaedc, 0xaedc, 0xaedc, 0xaedc, 0xaedc, 0xaedc, 0xaedc, 
	0xaedc, 0xaedc, 0xaedc, 0xaedc, 0xaedc, 0xaedc, 0xaedc, 0xaedc, 0xaedc, 0xaedc, 0xaedc, 0xaedc, 0xaedc, 0xaedc, 0xaedc, 0xaedc, 
	0xaedc, 0xaedc, 0xaedc, 0xaedc, 0xaedc, 0xaedc, 0xaedc, 0xaedc, 0xaedc, 0xaedc, 0xaedc, 0xaedc, 0xaedc, 0xaedc, 0xaedc, 0xaedc, 
	0xaedc, 0xaedc, 0xaedc, 0xaedc, 0xaedc, 0xaedc, 0xaedc, 0xaedc, 0xaedc, 0xaedc, 0xaedc, 0xaedc, 0xaedc, 0xaedc, 0xaedc, 0xaedc, 
	0xaedc, 0xaedc, 0xaedc, 0xaedc, 0xaedc, 0xaedc, 0xaedc, 0xaedc, 0xaebd, 0xaedd, 0xaedd, 0xaedd, 0xaedc, 0xaedc, 0xaedc, 0xaedc, 
	0xaebc, 0x8d56, 0x534e, 0x2145, 0x0821, 0x0000, 0x0000, 0x0000, 0x0000, 0x0000, 0x0000, 0x0000, 0x0000, 0x0000, 0x0000, 0x0000, 
	0x0000, 0x0000, 0x0000, 0x0000, 0x0000, 0x0000, 0x0000, 0x0000, 0x0000, 0x0000, 0x0000, 0x0000, 0x0000, 0x0000, 0x0000, 0x0000, 
	0x0000, 0x0000, 0x0000, 0x0000, 0x0000, 0x0000, 0x0000, 0x0000, 0x0000, 0x0000, 0x0000, 0x0000, 0x0000, 0x0000, 0x0000, 0x0000, 
	0x0000, 0x0000, 0x0000, 0x0000, 0x0000, 0x0000, 0x0000, 0x0000, 0x0000, 0x0000, 0x0000, 0x0000, 0x0000, 0x0000, 0x0020, 0x0000, 
	0x2145, 0x7471, 0xb6fc, 0xc7bf, 0xb75d, 0xbf7e, 0xc79e, 0xb75d, 0xbf7e, 0xbf7e, 0xbf7e, 0xbf7e, 0xbf7e, 0xbf7e, 0xbf7e, 0xbf7e, 
	0xbf7d, 0xbf7d, 0xbf7e, 0xbf7e, 0xbf7e, 0xbf7e, 0xae9a, 0x7492, 0x29a7, 0x0861, 0x0000, 0x0000, 0x0000, 0x0000, 0x0000, 0x0000, 
	0x0000, 0x1040, 0x51c6, 0xb450, 0xf5f6, 0xfe37, 0xfe57, 0xfe58, 0xfe57, 0xfe57, 0xfe57, 0xfe57, 0xfe57, 0xfe78, 0xfe57, 0xfe37, 
	0xfe16, 0x6a89, 0x0000, 0x0800, 0x0000, 0x0000, 0x0001, 0x136c, 0x279b, 0x279b, 0x279b, 0x279b, 0x279b, 0x279b, 0x279b, 0x279b, 
	0x279b, 0x279b, 0x279b, 0x279b, 0x279b, 0x279b, 0x279b, 0x279b, 0x279b, 0x279b, 0x279b, 0x279b, 0x279b, 0x279b, 0x279b, 0x279b, 
	0x279b, 0x279b, 0x279b, 0x279b, 0x279b, 0x279b, 0x279b, 0x279b, 0x279b, 0x279c, 0x279b, 0x27bb, 0x140f, 0x0000, 0x0000, 0x0000, 
	0x0000, 0x0000, 0x3a8a, 0xaedc, 0xaedd, 0xaedc, 0xaefc, 0xaedd, 0xaedc, 0xaedc, 0xaedc, 0xaedc, 0xaedc, 0xaedc, 0xaedc, 0xaedc, 
	0xaedc, 0xaedc, 0xaedc, 0xaedc, 0xaedc, 0xaedc, 0xaedc, 0xaedc, 0xaedc, 0xaedc, 0xaedc, 0xaedc, 0xaedc, 0xaedc, 0xaedc, 0xaedc, 
	0xaedc, 0xaedc, 0xaedc, 0xaedc, 0xaedc, 0xaedc, 0xaedc, 0xaedc, 0xaedc, 0xaedc, 0xaedc, 0xaedc, 0xaedc, 0xaedc, 0xaedc, 0xaedc, 
	0xaedc, 0xaedc, 0xaedc, 0xaedc, 0xaedc, 0xaedc, 0xaedc, 0xaedc, 0xaedc, 0xaedc, 0xaedc, 0xaedc, 0xaedc, 0xaedc, 0xaedc, 0xaedc, 
	0xaedc, 0xaedc, 0xaedc, 0xaedc, 0xaedc, 0xaedc, 0xaedc, 0xaedc, 0xaedc, 0xaedc, 0xaedc, 0xaedc, 0xaedc, 0xaedc, 0xaedc, 0xaedc, 
	0xaedc, 0xaedc, 0xaedc, 0xaedc, 0xaedc, 0xaedc, 0xaedc, 0xaedc, 0xb71d, 0xaebc, 0xb6dd, 0xaedd, 0xaedc, 0xaefd, 0xa69b, 0xa63a, 
	0x63b0, 0x29c8, 0x0062, 0x0000, 0x0000, 0x0000, 0x0000, 0x0000, 0x0000, 0x0000, 0x0000, 0x0000, 0x0000, 0x0000, 0x0000, 0x0000, 
	0x0000, 0x0000, 0x0000, 0x0000, 0x0000, 0x0000, 0x0000, 0x0000, 0x0000, 0x0000, 0x0000, 0x0000, 0x0000, 0x0000, 0x0000, 0x0000, 
	0x0000, 0x0000, 0x0000, 0x0000, 0x0000, 0x0000, 0x0000, 0x0000, 0x0000, 0x0000, 0x0000, 0x0000, 0x0000, 0x0000, 0x0000, 0x0000, 
	0x0000, 0x0000, 0x0000, 0x0000, 0x0000, 0x0000, 0x0000, 0x0000, 0x0000, 0x0000, 0x0040, 0x0000, 0x0000, 0x0000, 0x0000, 0x0020, 
	0x0000, 0x1965, 0x7cf3, 0xb71c, 0xbf7e, 0xbf7e, 0xbf7e, 0xc79e, 0xbf7e, 0xbf7e, 0xbf9e, 0xbf7e, 0xbf7e, 0xbf7e, 0xc79e, 0xbf7e, 
	0xbf9e, 0xbf7e, 0xbf7d, 0xbf9e, 0xaefc, 0x8555, 0x4aeb, 0x08a2, 0x0040, 0x0000, 0x0000, 0x0000, 0x0000, 0x0000, 0x0000, 0x0000, 
	0x3103, 0x7b4c, 0xcd74, 0xf637, 0xfe57, 0xfe57, 0xfe57, 0xfe77, 0xfe38, 0xfe58, 0xfe57, 0xfe57, 0xfe57, 0xfe37, 0xfe57, 0xfe78, 
	0xedd5, 0x6289, 0x0000, 0x0000, 0x0020, 0x0000, 0x0000, 0x138c, 0x279b, 0x279b, 0x279b, 0x279b, 0x279b, 0x279b, 0x279b, 0x279b, 
	0x279b, 0x279b, 0x279b, 0x279b, 0x279b, 0x279b, 0x279b, 0x279b, 0x279b, 0x279b, 0x279b, 0x279b, 0x279b, 0x279b, 0x279b, 0x279b, 
	0x279b, 0x279b, 0x279b, 0x279b, 0x279b, 0x279b, 0x279b, 0x279b, 0x279b, 0x279c, 0x279b, 0x27bb, 0x140f, 0x0000, 0x0000, 0x0000, 
	0x0000, 0x0000, 0x3a8a, 0xaedc, 0xaedd, 0xaedc, 0xaefc, 0xaedd, 0xaedc, 0xaedc, 0xaedc, 0xaedc, 0xaedc, 0xaedc, 0xaedc, 0xaedc, 
	0xaedc, 0xaedc, 0xaedc, 0xaedc, 0xaedc, 0xaedc, 0xaedc, 0xaedc, 0xaedc, 0xaedc, 0xaedc, 0xaedc, 0xaedc, 0xaedc, 0xaedc, 0xaedc, 
	0xaedc, 0xaedc, 0xaedc, 0xaedc, 0xaedc, 0xaedc, 0xaedc, 0xaedc, 0xaedc, 0xaedc, 0xaedc, 0xaedc, 0xaedc, 0xaedc, 0xaedc, 0xaedc, 
	0xaedc, 0xaedc, 0xaedc, 0xaedc, 0xaedc, 0xaedc, 0xaedc, 0xaedc, 0xaedc, 0xaedc, 0xaedc, 0xaedc, 0xaedc, 0xaedc, 0xaedc, 0xaedc, 
	0xaedc, 0xaedc, 0xaedc, 0xaedc, 0xaedc, 0xaedc, 0xaedc, 0xaedc, 0xaedc, 0xaedc, 0xaedc, 0xaedc, 0xaedc, 0xaedc, 0xaedc, 0xaedc, 
	0xaedc, 0xaedc, 0xaedc, 0xaedc, 0xaedc, 0xaedc, 0xaedc, 0xaedc, 0xa6bb, 0xaedc, 0xb6bc, 0xb6dd, 0xaedc, 0xaedc, 0x8d56, 0x42ac, 
	0x10a2, 0x0000, 0x0000, 0x0000, 0x0000, 0x0000, 0x0000, 0x0021, 0x0000, 0x0000, 0x0000, 0x0000, 0x0000, 0x0000, 0x0000, 0x0020, 
	0x0000, 0x0000, 0x0000, 0x0000, 0x0000, 0x0000, 0x0000, 0x0000, 0x0000, 0x0000, 0x0000, 0x0000, 0x0000, 0x0000, 0x0000, 0x0000, 
	0x0000, 0x0000, 0x0000, 0x0000, 0x0000, 0x0000, 0x0000, 0x0000, 0x0000, 0x0000, 0x0000, 0x0000, 0x0000, 0x0000, 0x0000, 0x0000, 
	0x0000, 0x0000, 0x0000, 0x0000, 0x0000, 0x0000, 0x0000, 0x0000, 0x0040, 0x0000, 0x0000, 0x0000, 0x0000, 0x0000, 0x0000, 0x0000, 
	0x0000, 0x0000, 0x29e8, 0x9dd7, 0xc77e, 0xbf7e, 0xbf7e, 0xc77e, 0xc77e, 0xbf5d, 0xbf7d, 0xbf7e, 0xbf7e, 0xbf7e, 0xbf7e, 0xbf7e, 
	0xbf7e, 0xbf9e, 0xbf3d, 0x9e18, 0x5bcf, 0x1945, 0x0020, 0x0800, 0x0000, 0x0000, 0x0000, 0x0000, 0x0000, 0x0000, 0x18a2, 0x5208, 
	0xbc91, 0xedf6, 0xfe98, 0xfe57, 0xfe36, 0xfe57, 0xfe57, 0xfe57, 0xfe78, 0xfe17, 0xfe57, 0xfe78, 0xfe37, 0xfe37, 0xfe77, 0xfe37, 
	0xd4f3, 0x4185, 0x0000, 0x0000, 0x0020, 0x0000, 0x0042, 0x0c0d, 0x279b, 0x279b, 0x279b, 0x279b, 0x279b, 0x279b, 0x279b, 0x279b, 
	0x279b, 0x279b, 0x279b, 0x279b, 0x279b, 0x279b, 0x279b, 0x279b, 0x279b, 0x279b, 0x279b, 0x279b, 0x279b, 0x279b, 0x279b, 0x279b, 
	0x279b, 0x279b, 0x279b, 0x279b, 0x279b, 0x279b, 0x279b, 0x279b, 0x279b, 0x279c, 0x279b, 0x27bb, 0x140f, 0x0000, 0x0000, 0x0000, 
	0x0000, 0x0000, 0x3a8a, 0xaedc, 0xaedd, 0xaedc, 0xaefc, 0xaedd, 0xaedc, 0xaedc, 0xaedc, 0xaedc, 0xaedc, 0xaedc, 0xaedc, 0xaedc, 
	0xaedc, 0xaedc, 0xaedc, 0xaedc, 0xaedc, 0xaedc, 0xaedc, 0xaedc, 0xaedc, 0xaedc, 0xaedc, 0xaedc, 0xaedc, 0xaedc, 0xaedc, 0xaedc, 
	0xaedc, 0xaedc, 0xaedc, 0xaedc, 0xaedc, 0xaedc, 0xaedc, 0xaedc, 0xaedc, 0xaedc, 0xaedc, 0xaedc, 0xaedc, 0xaedc, 0xaedc, 0xaedc, 
	0xaedc, 0xaedc, 0xaedc, 0xaedc, 0xaedc, 0xaedc, 0xaedc, 0xaedc, 0xaedc, 0xaedc, 0xaedc, 0xaedc, 0xaedc, 0xaedc, 0xaedc, 0xaedc, 
	0xaedc, 0xaedc, 0xaedc, 0xaedc, 0xaedc, 0xaedc, 0xaedc, 0xaedc, 0xaedc, 0xaedc, 0xaedc, 0xaedc, 0xaedc, 0xaedc, 0xaedc, 0xaedc, 
	0xaedc, 0xaedc, 0xaedc, 0xaedc, 0xaedc, 0xaedc, 0xaedc, 0xaedd, 0xaefd, 0xaedc, 0xb6dd, 0xb6dd, 0xae9b, 0x7cd4, 0x29c8, 0x0021, 
	0x0000, 0x0000, 0x0000, 0x0000, 0x0000, 0x0000, 0x0000, 0x0000, 0x0000, 0x0881, 0x2103, 0x3985, 0x49e7, 0x5a28, 0x5a28, 0x5a27, 
	0x5a28, 0x5a28, 0x5a28, 0x5a28, 0x5a28, 0x5a28, 0x5a28, 0x5a28, 0x5a28, 0x5a28, 0x5a28, 0x5a28, 0x5a28, 0x5a28, 0x5a28, 0x5a28, 
	0x5a28, 0x5a28, 0x5a28, 0x5a28, 0x5a28, 0x5a28, 0x5a28, 0x5a28, 0x5a28, 0x5a28, 0x5a28, 0x5a28, 0x5a28, 0x5a28, 0x5a28, 0x5a28, 
	0x5a48, 0x5a48, 0x5a48, 0x5a48, 0x5a68, 0x5a69, 0x5a89, 0x5a8a, 0x5a8a, 0x628a, 0x5a69, 0x3986, 0x1081, 0x0000, 0x0000, 0x0000, 
	0x0000, 0x0000, 0x0000, 0x638e, 0xb71c, 0xbf9e, 0xbf9e, 0xbf5e, 0xbf7e, 0xc79e, 0xbf9e, 0xbf7e, 0xbf7e, 0xbf9e, 0xc79f, 0xbf7e, 
	0xb77e, 0xaebb, 0x7c92, 0x31e8, 0x0841, 0x0000, 0x0000, 0x0000, 0x0000, 0x0000, 0x0000, 0x0000, 0x0040, 0x2924, 0x832c, 0xdd95, 
	0xfe37, 0xfe57, 0xfe57, 0xfe37, 0xfe77, 0xfe77, 0xfe57, 0xfe57, 0xfe77, 0xfe77, 0xfe57, 0xfe37, 0xfe58, 0xfe78, 0xfe16, 0xf574, 
	0x830c, 0x1040, 0x0000, 0x0000, 0x0000, 0x0800, 0x08c4, 0x1531, 0x279b, 0x279b, 0x279b, 0x279b, 0x279b, 0x279b, 0x279b, 0x279b, 
	0x279b, 0x279b, 0x279b, 0x279b, 0x279b, 0x279b, 0x279b, 0x279b, 0x279b, 0x279b, 0x279b, 0x279b, 0x279b, 0x279b, 0x279b, 0x279b, 
	0x279b, 0x279b, 0x279b, 0x279b, 0x279b, 0x279b, 0x279b, 0x279b, 0x279b, 0x279c, 0x279b, 0x27bb, 0x140f, 0x0000, 0x0000, 0x0000, 
	0x0000, 0x0000, 0x3a8a, 0xaedc, 0xaedd, 0xaedc, 0xaefc, 0xaedd, 0xaedc, 0xaedc, 0xaedc, 0xaedc, 0xaedc, 0xaedc, 0xaedc, 0xaedc, 
	0xaedc, 0xaedc, 0xaedc, 0xaedc, 0xaedc, 0xaedc, 0xaedc, 0xaedc, 0xaedc, 0xaedc, 0xaedc, 0xaedc, 0xaedc, 0xaedc, 0xaedc, 0xaedc, 
	0xaedc, 0xaedc, 0xaedc, 0xaedc, 0xaedc, 0xaedc, 0xaedc, 0xaedc, 0xaedc, 0xaedc, 0xaedc, 0xaedc, 0xaedc, 0xaedc, 0xaedc, 0xaedc, 
	0xaedc, 0xaedc, 0xaedc, 0xaedc, 0xaedc, 0xaedc, 0xaedc, 0xaedc, 0xaedc, 0xaedc, 0xaedc, 0xaedc, 0xaedc, 0xaedc, 0xaedc, 0xaedc, 
	0xaedc, 0xaedc, 0xaedc, 0xaedc, 0xaedc, 0xaedc, 0xaedc, 0xaedc, 0xaedc, 0xaedc, 0xaedc, 0xaedc, 0xaedc, 0xaedc, 0xaedc, 0xaedc, 
	0xaedc, 0xaedc, 0xaedc, 0xaedc, 0xaedc, 0xaedc, 0xaedd, 0xaedd, 0xaedd, 0xb6fd, 0xaedc, 0xa65a, 0x6c31, 0x1945, 0x0000, 0x0000, 
	0x0000, 0x0000, 0x0000, 0x0000, 0x0000, 0x0000, 0x1040, 0x3944, 0x72aa, 0x938d, 0xbc91, 0xcd33, 0xe5b5, 0xf5f6, 0xfe17, 0xfe37, 
	0xf617, 0xf617, 0xf617, 0xf617, 0xf617, 0xf617, 0xf617, 0xf617, 0xf617, 0xf617, 0xf617, 0xf617, 0xf617, 0xf617, 0xf617, 0xf617, 
	0xf617, 0xf617, 0xf617, 0xf617, 0xf617, 0xf617, 0xf617, 0xf617, 0xf617, 0xf617, 0xf617, 0xf617, 0xf617, 0xf617, 0xf617, 0xf617, 
	0xf617, 0xf617, 0xf617, 0xf637, 0xf658, 0xf678, 0xf6b9, 0xfefa, 0xf6ba, 0xfeda, 0xf69a, 0xcdb6, 0x8bef, 0x2944, 0x0000, 0x0000, 
	0x0000, 0x0000, 0x0000, 0x1965, 0x9e18, 0xbf9e, 0xbf7e, 0xc79e, 0xbf7e, 0xbf7e, 0xbf9e, 0xbf9e, 0xbf7e, 0xbf7e, 0xbf5d, 0xb71c, 
	0x8534, 0x42eb, 0x10c3, 0x0000, 0x0000, 0x0000, 0x0000, 0x0000, 0x0000, 0x0000, 0x0000, 0x1861, 0x5a48, 0xbcb2, 0xf637, 0xfe37, 
	0xfe57, 0xfe57, 0xfe57, 0xfe57, 0xfe37, 0xfe57, 0xfe57, 0xfe78, 0xfe57, 0xfe36, 0xfe77, 0xfe57, 0xfdf6, 0xfdd6, 0xd4d2, 0x930a, 
	0x28e3, 0x0000, 0x0000, 0x0000, 0x0000, 0x0800, 0x09a7, 0x1eb6, 0x279b, 0x279b, 0x279b, 0x279b, 0x279b, 0x279b, 0x279b, 0x279b, 
	0x279b, 0x279b, 0x279b, 0x279b, 0x279b, 0x279b, 0x279b, 0x279b, 0x279b, 0x279b, 0x279b, 0x279b, 0x279b, 0x279b, 0x279b, 0x279b, 
	0x279b, 0x279b, 0x279b, 0x279b, 0x279b, 0x279b, 0x279b, 0x279b, 0x279b, 0x279c, 0x279b, 0x27bb, 0x140f, 0x0000, 0x0000, 0x0000, 
	0x0000, 0x0000, 0x3a8a, 0xaedc, 0xaedd, 0xaedc, 0xaefc, 0xaedd, 0xaedc, 0xaedc, 0xaedc, 0xaedc, 0xaedc, 0xaedc, 0xaedc, 0xaedc, 
	0xaedc, 0xaedc, 0xaedc, 0xaedc, 0xaedc, 0xaedc, 0xaedc, 0xaedc, 0xaedc, 0xaedc, 0xaedc, 0xaedc, 0xaedc, 0xaedc, 0xaedc, 0xaedc, 
	0xaedc, 0xaedc, 0xaedc, 0xaedc, 0xaedc, 0xaedc, 0xaedc, 0xaedc, 0xaedc, 0xaedc, 0xaedc, 0xaedc, 0xaedc, 0xaedc, 0xaedc, 0xaedc, 
	0xaedc, 0xaedc, 0xaedc, 0xaedc, 0xaedc, 0xaedc, 0xaedc, 0xaedc, 0xaedc, 0xaedc, 0xaedc, 0xaedc, 0xaedc, 0xaedc, 0xaedc, 0xaedc, 
	0xaedc, 0xaedc, 0xaedc, 0xaedc, 0xaedc, 0xaedc, 0xaedc, 0xaedc, 0xaedc, 0xaedc, 0xaedc, 0xaedc, 0xaedc, 0xaedc, 0xaedc, 0xaedc, 
	0xaedc, 0xaedc, 0xaedc, 0xaedc, 0xaedc, 0xaedc, 0xaedc, 0xaedc, 0xb6dd, 0xaedc, 0x9e19, 0x538e, 0x1904, 0x0000, 0x0000, 0x0000, 
	0x0000, 0x0001, 0x0000, 0x0000, 0x1081, 0x41c6, 0x8b6c, 0xcd13, 0xedb5, 0xfe37, 0xfe78, 0xfe57, 0xfe37, 0xfe57, 0xfe57, 0xfe57, 
	0xfe57, 0xfe57, 0xfe57, 0xfe57, 0xfe57, 0xfe57, 0xfe57, 0xfe57, 0xfe57, 0xfe57, 0xfe57, 0xfe57, 0xfe57, 0xfe57, 0xfe57, 0xfe57, 
	0xfe57, 0xfe57, 0xfe57, 0xfe57, 0xfe57, 0xfe57, 0xfe57, 0xfe57, 0xfe57, 0xfe57, 0xfe57, 0xfe57, 0xfe57, 0xfe57, 0xfe57, 0xfe57, 
	0xfe37, 0xfe37, 0xfe37, 0xfe37, 0xfe57, 0xfe78, 0xfeb9, 0xfef9, 0xff1b, 0xfefa, 0xff1a, 0xff1b, 0xeeda, 0x942f, 0x18a2, 0x0000, 
	0x0000, 0x0000, 0x0840, 0x0061, 0x7492, 0xbf5d, 0xb77e, 0xbf9e, 0xbf7e, 0xbf9e, 0xbf7e, 0xbf5e, 0xc79e, 0xc73d, 0x8d75, 0x4b2d, 
	0x1904, 0x0021, 0x0000, 0x0000, 0x0000, 0x0000, 0x0000, 0x0000, 0x0020, 0x0840, 0x4165, 0x9b8e, 0xdd75, 0xfe58, 0xfe77, 0xfe36, 
	0xfe57, 0xfe57, 0xfe77, 0xfe78, 0xfe57, 0xfe57, 0xfe57, 0xfe16, 0xfe79, 0xfe37, 0xfdf5, 0xfdf5, 0xe573, 0xac0e, 0x51e6, 0x1041, 
	0x0000, 0x0000, 0x0000, 0x0000, 0x0000, 0x0041, 0x138d, 0x1f7a, 0x279b, 0x279b, 0x279b, 0x279b, 0x279b, 0x279b, 0x279b, 0x279b, 
	0x279b, 0x279b, 0x279b, 0x279b, 0x279b, 0x279b, 0x279b, 0x279b, 0x279b, 0x279b, 0x279b, 0x279b, 0x279b, 0x279b, 0x279b, 0x279b, 
	0x279b, 0x279b, 0x279b, 0x279b, 0x279b, 0x279b, 0x279b, 0x279b, 0x279b, 0x279c, 0x279b, 0x27bb, 0x140f, 0x0000, 0x0000, 0x0000, 
	0x0000, 0x0000, 0x3a8a, 0xaedc, 0xaedd, 0xaedc, 0xaefc, 0xaedd, 0xaedc, 0xaedc, 0xaedc, 0xaedc, 0xaedc, 0xaedc, 0xaedc, 0xaedc, 
	0xaedc, 0xaedc, 0xaedc, 0xaedc, 0xaedc, 0xaedc, 0xaedc, 0xaedc, 0xaedc, 0xaedc, 0xaedc, 0xaedc, 0xaedc, 0xaedc, 0xaedc, 0xaedc, 
	0xaedc, 0xaedc, 0xaedc, 0xaedc, 0xaedc, 0xaedc, 0xaedc, 0xaedc, 0xaedc, 0xaedc, 0xaedc, 0xaedc, 0xaedc, 0xaedc, 0xaedc, 0xaedc, 
	0xaedc, 0xaedc, 0xaedc, 0xaedc, 0xaedc, 0xaedc, 0xaedc, 0xaedc, 0xaedc, 0xaedc, 0xaedc, 0xaedc, 0xaedc, 0xaedc, 0xaedc, 0xaedc, 
	0xaedc, 0xaedc, 0xaedc, 0xaedc, 0xaedc, 0xaedc, 0xaedc, 0xaedc, 0xaedc, 0xaedc, 0xaedc, 0xaedc, 0xaedc, 0xaedc, 0xaedc, 0xaedc, 
	0xaedc, 0xaedc, 0xaedd, 0xaedd, 0xaedd, 0xaedc, 0xaedc, 0xaedc, 0xaebb, 0x9597, 0x4acc, 0x08a3, 0x0000, 0x0000, 0x0000, 0x0000, 
	0x0000, 0x0000, 0x0820, 0x3964, 0x836c, 0xcd53, 0xf637, 0xfe58, 0xfe57, 0xfe78, 0xfe77, 0xfe57, 0xfe57, 0xfe77, 0xfe77, 0xfe57, 
	0xfe57, 0xfe57, 0xfe57, 0xfe57, 0xfe57, 0xfe57, 0xfe57, 0xfe57, 0xfe57, 0xfe57, 0xfe57, 0xfe57, 0xfe57, 0xfe57, 0xfe57, 0xfe57, 
	0xfe57, 0xfe57, 0xfe57, 0xfe57, 0xfe57, 0xfe57, 0xfe57, 0xfe57, 0xfe57, 0xfe57, 0xfe57, 0xfe57, 0xfe57, 0xfe57, 0xfe57, 0xfe57, 
	0xfe77, 0xfe57, 0xfe57, 0xfe57, 0xfe57, 0xfe57, 0xfe78, 0xfe98, 0xfeb9, 0xfef9, 0xfef9, 0xfeb9, 0xfefa, 0xe617, 0x5a69, 0x0020, 
	0x0000, 0x0000, 0x0000, 0x0020, 0x4b2d, 0xbf1d, 0xbf9e, 0xbf9d, 0xbf9e, 0xbf5d, 0xbf7e, 0xbf3d, 0x9df8, 0x63af, 0x2186, 0x0061, 
	0x0000, 0x0000, 0x0000, 0x0000, 0x0000, 0x0000, 0x0000, 0x0800, 0x20c2, 0x72ea, 0xc4f2, 0xf617, 0xfe57, 0xfe37, 0xfe57, 0xfe78, 
	0xfe77, 0xfe77, 0xfe57, 0xfe37, 0xfe57, 0xfe57, 0xfe57, 0xfe57, 0xfdf6, 0xfdd6, 0xf5b5, 0xcc91, 0x7288, 0x20e2, 0x0020, 0x0000, 
	0x0000, 0x0000, 0x0000, 0x0000, 0x0020, 0x0228, 0x25f5, 0x279b, 0x279b, 0x279b, 0x279b, 0x279b, 0x279b, 0x279b, 0x279b, 0x279b, 
	0x279b, 0x279b, 0x279b, 0x279b, 0x279b, 0x279b, 0x279b, 0x279b, 0x279b, 0x279b, 0x279b, 0x279b, 0x279b, 0x279b, 0x279b, 0x279b, 
	0x279b, 0x279b, 0x279b, 0x279b, 0x279b, 0x279b, 0x279b, 0x279b, 0x279b, 0x279c, 0x279b, 0x27bb, 0x140f, 0x0000, 0x0000, 0x0000, 
	0x0000, 0x0000, 0x3a8a, 0xaedc, 0xaedd, 0xaedc, 0xaefc, 0xaedd, 0xaedc, 0xaedc, 0xaedc, 0xaedc, 0xaedc, 0xaedc, 0xaedc, 0xaedc, 
	0xaedc, 0xaedc, 0xaedc, 0xaedc, 0xaedc, 0xaedc, 0xaedc, 0xaedc, 0xaedc, 0xaedc, 0xaedc, 0xaedc, 0xaedc, 0xaedc, 0xaedc, 0xaedc, 
	0xaedc, 0xaedc, 0xaedc, 0xaedc, 0xaedc, 0xaedc, 0xaedc, 0xaedc, 0xaedc, 0xaedc, 0xaedc, 0xaedc, 0xaedc, 0xaedc, 0xaedc, 0xaedc, 
	0xaedc, 0xaedc, 0xaedc, 0xaedc, 0xaedc, 0xaedc, 0xaedc, 0xaedc, 0xaedc, 0xaedc, 0xaedc, 0xaedc, 0xaedc, 0xaedc, 0xaedc, 0xaedc, 
	0xaedc, 0xaedc, 0xaedc, 0xaedc, 0xaedc, 0xaedc, 0xaedc, 0xaedc, 0xaedc, 0xaedc, 0xaedc, 0xaedc, 0xaedc, 0xaedc, 0xaedc, 0xaedc, 
	0xaedc, 0xaedd, 0xaedd, 0xaedd, 0xaedd, 0xaedc, 0xaedc, 0xaedc, 0x8535, 0x3229, 0x0041, 0x0000, 0x0000, 0x0000, 0x0021, 0x0000, 
	0x0020, 0x0840, 0x5a28, 0xc4b2, 0xf5f7, 0xfe58, 0xfe57, 0xfe57, 0xfe57, 0xfe57, 0xfe37, 0xfe57, 0xfe57, 0xfe57, 0xfe37, 0xfe58, 
	0xfe57, 0xfe57, 0xfe57, 0xfe57, 0xfe57, 0xfe57, 0xfe57, 0xfe57, 0xfe57, 0xfe57, 0xfe57, 0xfe57, 0xfe57, 0xfe57, 0xfe57, 0xfe57, 
	0xfe57, 0xfe57, 0xfe57, 0xfe57, 0xfe57, 0xfe57, 0xfe57, 0xfe57, 0xfe57, 0xfe57, 0xfe57, 0xfe57, 0xfe57, 0xfe57, 0xfe57, 0xfe57, 
	0xfe57, 0xfe57, 0xfe57, 0xfe37, 0xfe37, 0xfe38, 0xfe38, 0xfe58, 0xfe57, 0xfe77, 0xf677, 0xfe78, 0xfe38, 0xfe38, 0x8b6d, 0x0800, 
	0x0000, 0x0000, 0x0000, 0x0000, 0x428b, 0xbefc, 0xbf7e, 0xbf9d, 0xbf7e, 0xbf5d, 0xa67a, 0x6c71, 0x29e8, 0x0081, 0x0000, 0x0000, 
	0x0000, 0x0000, 0x0000, 0x0000, 0x0000, 0x0000, 0x1081, 0x4207, 0xb450, 0xedd6, 0xfe57, 0xfe56, 0xfe77, 0xfe77, 0xfe58, 0xfe37, 
	0xfe37, 0xfe78, 0xfe58, 0xfe37, 0xfe78, 0xfe57, 0xfe16, 0xfe16, 0xfdb4, 0xe532, 0x936c, 0x4145, 0x1001, 0x0000, 0x0000, 0x0000, 
	0x0000, 0x0000, 0x0000, 0x0000, 0x0904, 0x1c6f, 0x277a, 0x2f9c, 0x279b, 0x279b, 0x279b, 0x279b, 0x279b, 0x279b, 0x279b, 0x279b, 
	0x279b, 0x279b, 0x279b, 0x279b, 0x279b, 0x279b, 0x279b, 0x279b, 0x279b, 0x279b, 0x279b, 0x279b, 0x279b, 0x279b, 0x279b, 0x279b, 
	0x279b, 0x279b, 0x279b, 0x279b, 0x279b, 0x279b, 0x279b, 0x279b, 0x279b, 0x279c, 0x279b, 0x27bb, 0x140f, 0x0000, 0x0000, 0x0000, 
	0x0000, 0x0000, 0x3a8a, 0xaedc, 0xaedd, 0xaedc, 0xaefc, 0xaedd, 0xaedc, 0xaedc, 0xaedc, 0xaedc, 0xaedc, 0xaedc, 0xaedc, 0xaedc, 
	0xaedc, 0xaedc, 0xaedc, 0xaedc, 0xaedc, 0xaedc, 0xaedc, 0xaedc, 0xaedc, 0xaedc, 0xaedc, 0xaedc, 0xaedc, 0xaedc, 0xaedc, 0xaedc, 
	0xaedc, 0xaedc, 0xaedc, 0xaedc, 0xaedc, 0xaedc, 0xaedc, 0xaedc, 0xaedc, 0xaedc, 0xaedc, 0xaedc, 0xaedc, 0xaedc, 0xaedc, 0xaedc, 
	0xaedc, 0xaedc, 0xaedc, 0xaedc, 0xaedc, 0xaedc, 0xaedc, 0xaedc, 0xaedc, 0xaedc, 0xaedc, 0xaedc, 0xaedc, 0xaedc, 0xaedc, 0xaedc, 
	0xaedc, 0xaedc, 0xaedc, 0xaedc, 0xaedc, 0xaedc, 0xaedc, 0xaedc, 0xaebc, 0xaedd, 0xb6fd, 0xaedc, 0xb6dc, 0xaedc, 0xaebc, 0xaedc, 
	0xaedd, 0xaedd, 0xaedc, 0xaedc, 0xaefc, 0xb6fc, 0xa63a, 0x7494, 0x2986, 0x0020, 0x0000, 0x0000, 0x0000, 0x0000, 0x0000, 0x0000, 
	0x1881, 0x72ea, 0xd554, 0xfe57, 0xfe77, 0xfe57, 0xfe37, 0xfe58, 0xfe57, 0xfe57, 0xfe57, 0xfe57, 0xfe57, 0xfe57, 0xfe57, 0xfe57, 
	0xfe57, 0xfe57, 0xfe58, 0xfe38, 0xfe37, 0xfe37, 0xfe58, 0xfe58, 0xfe57, 0xfe57, 0xfe57, 0xfe57, 0xfe57, 0xfe57, 0xfe57, 0xfe57, 
	0xfe57, 0xfe57, 0xfe57, 0xfe57, 0xfe57, 0xfe57, 0xfe57, 0xfe57, 0xfe57, 0xfe57, 0xfe57, 0xfe57, 0xfe57, 0xfe57, 0xfe57, 0xfe57, 
	0xfe57, 0xfe57, 0xfe57, 0xfe57, 0xfe57, 0xfe57, 0xfe57, 0xfe57, 0xfe38, 0xfe58, 0xf637, 0xfe57, 0xfe36, 0xfe57, 0x938d, 0x0821, 
	0x0000, 0x0000, 0x0000, 0x0000, 0x3249, 0xb6fc, 0xc79e, 0xb75d, 0xae9a, 0x7cb3, 0x3a49, 0x08a2, 0x0000, 0x0000, 0x0000, 0x0000, 
	0x0000, 0x0000, 0x0000, 0x0000, 0x0840, 0x3944, 0x938c, 0xd574, 0xfe57, 0xfe37, 0xfe57, 0xfe57, 0xfe57, 0xfe57, 0xfe77, 0xfe58, 
	0xfe58, 0xfe58, 0xfe37, 0xfe37, 0xf636, 0xfe36, 0xfdd5, 0xfd33, 0xc40f, 0x5a27, 0x08a2, 0x0000, 0x0000, 0x0020, 0x0000, 0x0000, 
	0x0000, 0x0000, 0x0000, 0x00e3, 0x13ee, 0x2ef8, 0x27dc, 0x279c, 0x279b, 0x279b, 0x279b, 0x279b, 0x279b, 0x279b, 0x279b, 0x279b, 
	0x279b, 0x279b, 0x279b, 0x279b, 0x279b, 0x279b, 0x279b, 0x279b, 0x279b, 0x279b, 0x279b, 0x279b, 0x279b, 0x279b, 0x279b, 0x279b, 
	0x279b, 0x279b, 0x279b, 0x279b, 0x279b, 0x279b, 0x279b, 0x279b, 0x279b, 0x279c, 0x279b, 0x27bb, 0x140f, 0x0000, 0x0000, 0x0000, 
	0x0000, 0x0000, 0x3a8a, 0xaedc, 0xaedd, 0xaedc, 0xaefc, 0xaedd, 0xaedc, 0xaedc, 0xaedc, 0xaedc, 0xaedc, 0xaedc, 0xaedc, 0xaedc, 
	0xaedc, 0xaedc, 0xaedc, 0xaedc, 0xaedc, 0xaedc, 0xaedc, 0xaedc, 0xaedc, 0xaedc, 0xaedc, 0xaedc, 0xaedc, 0xaedc, 0xaedc, 0xaedc, 
	0xaedc, 0xaedc, 0xaedc, 0xaedc, 0xaedc, 0xaedc, 0xaedc, 0xaedc, 0xaedc, 0xaedc, 0xaedc, 0xaedc, 0xaedc, 0xaedc, 0xaedc, 0xaedc, 
	0xaedc, 0xaedc, 0xaedc, 0xaedc, 0xaedc, 0xaedc, 0xaedc, 0xaedc, 0xaedc, 0xaedc, 0xaedc, 0xaedc, 0xaedc, 0xaedc, 0xaedc, 0xaedc, 
	0xaedc, 0xaedc, 0xaedc, 0xaedc, 0xaedc, 0xaedc, 0xaedc, 0xaedc, 0xb6fd, 0xaedc, 0xaedc, 0xaedc, 0xaedc, 0xaedc, 0xb6fd, 0xb6fd, 
	0xaebc, 0xaedc, 0xaedd, 0xaefd, 0xaedc, 0x9e19, 0x63f0, 0x1104, 0x0000, 0x0000, 0x0000, 0x0000, 0x0000, 0x0000, 0x0800, 0x28e3, 
	0x8bad, 0xddb5, 0xfe78, 0xfe37, 0xfe37, 0xfe98, 0xfe57, 0xfe37, 0xfe57, 0xfe57, 0xfe57, 0xfe57, 0xfe57, 0xfe57, 0xfe57, 0xfe57, 
	0xfe57, 0xfe57, 0xfe78, 0xfe77, 0xfe57, 0xfe36, 0xfe36, 0xfe36, 0xfe17, 0xfe17, 0xfe17, 0xfe17, 0xfe17, 0xfe17, 0xfe17, 0xfe17, 
	0xfe17, 0xfe17, 0xfe17, 0xfe17, 0xfe17, 0xfe17, 0xfe17, 0xfe17, 0xfe17, 0xfe17, 0xfe17, 0xfe17, 0xfe17, 0xfe17, 0xfe17, 0xfe17, 
	0xfe17, 0xfe17, 0xfe17, 0xfe17, 0xfe17, 0xfe17, 0xfe17, 0xfe17, 0xfe15, 0xfe36, 0xfe57, 0xfe37, 0xfe15, 0xf5f5, 0x7aeb, 0x0800, 
	0x0000, 0x0000, 0x0000, 0x0000, 0x42ab, 0xbefb, 0xae7a, 0x7cf4, 0x3269, 0x08c3, 0x0020, 0x0000, 0x0000, 0x0000, 0x0020, 0x0000, 
	0x0020, 0x0000, 0x0820, 0x28c3, 0x6aaa, 0xbcd2, 0xf616, 0xfe58, 0xfe57, 0xfe57, 0xfe57, 0xfe57, 0xfe58, 0xfe78, 0xfe58, 0xfe17, 
	0xfe37, 0xfe57, 0xfe77, 0xfe36, 0xfdb5, 0xfd74, 0xcc90, 0x82ea, 0x28c3, 0x0820, 0x0000, 0x0020, 0x0000, 0x0000, 0x0000, 0x0020, 
	0x0000, 0x0001, 0x09a7, 0x14b0, 0x1f18, 0x1fbb, 0x275a, 0x2f9c, 0x279b, 0x279b, 0x279b, 0x279b, 0x279b, 0x279b, 0x279b, 0x279b, 
	0x279b, 0x279b, 0x279b, 0x279b, 0x279b, 0x279b, 0x279b, 0x279b, 0x279b, 0x279b, 0x279b, 0x279b, 0x279b, 0x279b, 0x279b, 0x279b, 
	0x279b, 0x279b, 0x279b, 0x279b, 0x279b, 0x279b, 0x279b, 0x279b, 0x279b, 0x279c, 0x279b, 0x27bb, 0x140f, 0x0000, 0x0000, 0x0000, 
	0x0000, 0x0000, 0x3a8a, 0xaedc, 0xaedd, 0xaedc, 0xaefc, 0xaedd, 0xaedc, 0xaedc, 0xaedc, 0xaedc, 0xaedc, 0xaedc, 0xaedc, 0xaedc, 
	0xaedc, 0xaedc, 0xaedc, 0xaedc, 0xaedc, 0xaedc, 0xaedc, 0xaedc, 0xaedc, 0xaedc, 0xaedc, 0xaedc, 0xaedc, 0xaedc, 0xaedc, 0xaedc, 
	0xaedc, 0xaedc, 0xaedc, 0xaedc, 0xaedc, 0xaedc, 0xaedc, 0xaedc, 0xaedc, 0xaedc, 0xaedc, 0xaedc, 0xaedc, 0xaedc, 0xaedc, 0xaedc, 
	0xaedc, 0xaedc, 0xaedc, 0xaedc, 0xaedc, 0xaedc, 0xaedc, 0xaedc, 0xaedc, 0xaedc, 0xaedc, 0xaedc, 0xaedc, 0xaedc, 0xaedc, 0xaedc, 
	0xaedc, 0xaedc, 0xaedc, 0xaedc, 0xaedc, 0xaedc, 0xaedc, 0xaedc, 0xaedc, 0xaedc, 0xb6fd, 0xb6fd, 0xaedc, 0xaedc, 0xaedd, 0xaebc, 
	0xb6fc, 0xb6fd, 0xb6bd, 0xaebd, 0x95b8, 0x4b0d, 0x10c3, 0x0000, 0x0000, 0x0000, 0x0000, 0x0000, 0x0020, 0x0040, 0x3945, 0xac10, 
	0xedf6, 0xfe58, 0xfe58, 0xfe37, 0xfe37, 0xfe57, 0xfe57, 0xfe57, 0xfe57, 0xfe57, 0xfe57, 0xfe57, 0xfe57, 0xfe57, 0xfe57, 0xfe57, 
	0xfe37, 0xfe57, 0xfe77, 0xfe77, 0xfe56, 0xfe36, 0xfdf5, 0xfdb4, 0xfdd4, 0xfdd4, 0xfdd4, 0xfdd4, 0xfdd4, 0xfdd4, 0xfdd4, 0xfdd4, 
	0xfdd4, 0xfdd4, 0xfdd4, 0xfdd4, 0xfdd4, 0xfdd4, 0xfdd4, 0xfdd4, 0xfdd4, 0xfdd4, 0xfdd4, 0xfdd4, 0xfdd4, 0xfdd4, 0xfdd4, 0xfdd4, 
	0xfdd4, 0xfdd4, 0xfdd4, 0xfdd4, 0xfdd4, 0xfdd4, 0xfdd4, 0xfdd4, 0xfdf4, 0xfdd4, 0xfd94, 0xfdb4, 0xfdd5, 0xbc90, 0x3965, 0x0000, 
	0x0000, 0x0000, 0x0000, 0x0041, 0x4acb, 0x84b3, 0x4aab, 0x08a3, 0x0040, 0x0000, 0x0000, 0x0000, 0x0000, 0x0000, 0x0000, 0x0020, 
	0x0000, 0x1881, 0x5207, 0xac30, 0xedf6, 0xfe78, 0xfe57, 0xfe57, 0xfe77, 0xfe37, 0xfe57, 0xfe58, 0xfe57, 0xfe37, 0xfe58, 0xfe58, 
	0xfe56, 0xfe36, 0xfdd4, 0xfd94, 0xed12, 0xab8d, 0x49a6, 0x0820, 0x0001, 0x0000, 0x0000, 0x0000, 0x0000, 0x0000, 0x0000, 0x0000, 
	0x0124, 0x136c, 0x1df4, 0x1f5a, 0x27bc, 0x2f7c, 0x2f7b, 0x1fbb, 0x279b, 0x279b, 0x279b, 0x279b, 0x279b, 0x279b, 0x279b, 0x279b, 
	0x279b, 0x279b, 0x279b, 0x279b, 0x279b, 0x279b, 0x279b, 0x279b, 0x279b, 0x279b, 0x279b, 0x279b, 0x279b, 0x279b, 0x279b, 0x279b, 
	0x279b, 0x279b, 0x279b, 0x279b, 0x279b, 0x279b, 0x279b, 0x279b, 0x279b, 0x279c, 0x279b, 0x27bb, 0x140f, 0x0000, 0x0000, 0x0000, 
	0x0000, 0x0000, 0x3a8a, 0xaedc, 0xaedd, 0xaedc, 0xaefc, 0xaedd, 0xaedc, 0xaedc, 0xaedc, 0xaedc, 0xaedc, 0xaedc, 0xaedc, 0xaedc, 
	0xaedc, 0xaedc, 0xaedc, 0xaedc, 0xaedc, 0xaedc, 0xaedc, 0xaedc, 0xaedc, 0xaedc, 0xaedc, 0xaedc, 0xaedc, 0xaedc, 0xaedc, 0xaedc, 
	0xaedc, 0xaedc, 0xaedc, 0xaedc, 0xaedc, 0xaedc, 0xaedc, 0xaedc, 0xaedc, 0xaedc, 0xaedc, 0xaedc, 0xaedc, 0xaedc, 0xaedc, 0xaedc, 
	0xaedc, 0xaedc, 0xaedc, 0xaedc, 0xaedc, 0xaedc, 0xaedc, 0xaedc, 0xaedc, 0xaedc, 0xaedc, 0xaedc, 0xaedc, 0xaedc, 0xaedc, 0xaedc, 
	0xaedc, 0xaedc, 0xaedc, 0xaedc, 0xaedc, 0xaedc, 0xaedc, 0xaedc, 0xaedc, 0xaedd, 0xaedc, 0xaedd, 0xaedd, 0xaefd, 0xb6fd, 0xaedd, 
	0xaedc, 0xaebc, 0xb69c, 0x8d57, 0x3a4a, 0x0062, 0x0000, 0x0000, 0x0000, 0x0000, 0x0000, 0x0000, 0x0840, 0x5207, 0xbcb2, 0xfe38, 
	0xfe57, 0xfe37, 0xfe37, 0xfe58, 0xfe57, 0xfe57, 0xfe57, 0xfe57, 0xfe57, 0xfe57, 0xfe57, 0xfe57, 0xfe57, 0xfe57, 0xfe57, 0xfe57, 
	0xfe58, 0xfe78, 0xfe36, 0xfdf5, 0xfdd5, 0xfdb5, 0xfdb5, 0xfd94, 0xfdb4, 0xfdb4, 0xfdb4, 0xfdb4, 0xfdb4, 0xfdb4, 0xfdb4, 0xfdb4, 
	0xfdb4, 0xfdb4, 0xfdb4, 0xfdb4, 0xfdb4, 0xfdb4, 0xfdb4, 0xfdb4, 0xfdb4, 0xfdb4, 0xfdb4, 0xfdb4, 0xfdb4, 0xfdb4, 0xfdb4, 0xfdb4, 
	0xfdb4, 0xfdb4, 0xfdb4, 0xfdb4, 0xfdb4, 0xfdb4, 0xfdb4, 0xfdb4, 0xfd93, 0xfdb5, 0xfdb5, 0xf574, 0xccd1, 0x6a88, 0x0800, 0x0000, 
	0x0000, 0x0000, 0x0000, 0x0041, 0x10e3, 0x10e3, 0x0020, 0x0000, 0x0000, 0x0000, 0x0000, 0x0000, 0x0000, 0x0000, 0x0000, 0x0820, 
	0x49a6, 0x9bce, 0xe5b5, 0xfe37, 0xfe37, 0xfe37, 0xfe57, 0xfe77, 0xfe57, 0xfe57, 0xfe78, 0xfe78, 0xfe78, 0xfe77, 0xfe57, 0xfdf5, 
	0xfdf5, 0xfd94, 0xf573, 0xc470, 0x6227, 0x1881, 0x0020, 0x0000, 0x0000, 0x0000, 0x0000, 0x0020, 0x0000, 0x0000, 0x00c3, 0x1249, 
	0x1d12, 0x26f8, 0x1ffc, 0x279c, 0x2f3c, 0x2f7c, 0x27bc, 0x1f9a, 0x279b, 0x279b, 0x279b, 0x279b, 0x279b, 0x279b, 0x279b, 0x279b, 
	0x279b, 0x279b, 0x279b, 0x279b, 0x279b, 0x279b, 0x279b, 0x279b, 0x279b, 0x279b, 0x279b, 0x279b, 0x279b, 0x279b, 0x279b, 0x279b, 
	0x279b, 0x279b, 0x279b, 0x279b, 0x279b, 0x279b, 0x279b, 0x279b, 0x279b, 0x279c, 0x279b, 0x27bb, 0x140f, 0x0000, 0x0000, 0x0000, 
	0x0000, 0x0000, 0x3a8a, 0xaedc, 0xaedd, 0xaedc, 0xaefc, 0xaedd, 0xaedc, 0xaedc, 0xaedc, 0xaedc, 0xaedc, 0xaedc, 0xaedc, 0xaedc, 
	0xaedc, 0xaedc, 0xaedc, 0xaedc, 0xaedc, 0xaedc, 0xaedc, 0xaedc, 0xaedc, 0xaedc, 0xaedc, 0xaedc, 0xaedc, 0xaedc, 0xaedc, 0xaedc, 
	0xaedc, 0xaedc, 0xaedc, 0xaedc, 0xaedc, 0xaedc, 0xaedc, 0xaedc, 0xaedc, 0xaedc, 0xaedc, 0xaedc, 0xaedc, 0xaedc, 0xaedc, 0xaedc, 
	0xaedc, 0xaedc, 0xaedc, 0xaedc, 0xaedc, 0xaedc, 0xaedc, 0xaedc, 0xaedc, 0xaedc, 0xaedc, 0xaedc, 0xaedc, 0xaedc, 0xaedc, 0xaedc, 
	0xaedc, 0xaedc, 0xaedc, 0xaedc, 0xaedc, 0xaedc, 0xaedc, 0xaedc, 0xaedc, 0xb6fd, 0xaebc, 0xaedc, 0xaefd, 0xaedd, 0xaedc, 0xaedc, 
	0xaedd, 0xae9c, 0x7c93, 0x29c7, 0x0041, 0x0000, 0x0000, 0x0000, 0x0021, 0x0000, 0x0000, 0x1861, 0x6a69, 0xcd33, 0xfe57, 0xfe57, 
	0xfe57, 0xfe78, 0xfe57, 0xfe37, 0xfe78, 0xfe78, 0xfe57, 0xfe57, 0xfe57, 0xfe57, 0xfe57, 0xfe57, 0xfe57, 0xfe57, 0xfe57, 0xfe57, 
	0xfe57, 0xfe57, 0xfe16, 0xfdd5, 0xf574, 0xcc91, 0xc491, 0xcc91, 0xcc90, 0xcc90, 0xcc90, 0xcc90, 0xcc90, 0xcc90, 0xcc90, 0xcc90, 
	0xcc90, 0xcc90, 0xcc90, 0xcc90, 0xcc90, 0xcc90, 0xcc90, 0xcc90, 0xcc90, 0xcc90, 0xcc90, 0xcc90, 0xcc90, 0xcc90, 0xcc90, 0xcc90, 
	0xcc90, 0xcc90, 0xcc90, 0xcc90, 0xcc90, 0xcc90, 0xcc90, 0xcc90, 0xcc91, 0xcc71, 0xc450, 0x934c, 0x49a5, 0x1040, 0x0000, 0x0000, 
	0x0000, 0x0000, 0x0000, 0x0000, 0x0020, 0x0000, 0x0000, 0x0000, 0x0000, 0x0000, 0x0000, 0x0000, 0x0020, 0x1040, 0x4165, 0x938d, 
	0xdd54, 0xf617, 0xfe77, 0xfe57, 0xfe57, 0xfe77, 0xfe57, 0xfe58, 0xfe57, 0xfe57, 0xfe57, 0xfe57, 0xfe16, 0xfe15, 0xfdf5, 0xfdd4, 
	0xfd74, 0xd4d1, 0x830b, 0x3103, 0x0820, 0x0020, 0x0020, 0x0000, 0x0000, 0x0020, 0x0020, 0x0000, 0x0041, 0x01a6, 0x0c2e, 0x1e77, 
	0x279a, 0x2f9b, 0x277b, 0x279b, 0x27bb, 0x279b, 0x27bb, 0x279b, 0x279b, 0x279b, 0x279b, 0x279b, 0x279b, 0x279b, 0x279b, 0x279b, 
	0x279b, 0x279b, 0x279b, 0x279b, 0x279b, 0x279b, 0x279b, 0x279b, 0x279b, 0x279b, 0x279b, 0x279b, 0x279b, 0x279b, 0x279b, 0x279b, 
	0x279b, 0x279b, 0x279b, 0x279b, 0x279b, 0x279b, 0x279b, 0x279b, 0x279b, 0x279c, 0x279b, 0x27bb, 0x140f, 0x0000, 0x0000, 0x0000, 
	0x0000, 0x0000, 0x3a8a, 0xaedc, 0xaedd, 0xaedc, 0xaefc, 0xaedd, 0xaedc, 0xaedc, 0xaedc, 0xaedc, 0xaedc, 0xaedc, 0xaedc, 0xaedc, 
	0xaedc, 0xaedc, 0xaedc, 0xaedc, 0xaedc, 0xaedc, 0xaedc, 0xaedc, 0xaedc, 0xaedc, 0xaedc, 0xaedc, 0xaedc, 0xaedc, 0xaedc, 0xaedc, 
	0xaedc, 0xaedc, 0xaedc, 0xaedc, 0xaedc, 0xaedc, 0xaedc, 0xaedc, 0xaedc, 0xaedc, 0xaedc, 0xaedc, 0xaedc, 0xaedc, 0xaedc, 0xaedc, 
	0xaedc, 0xaedc, 0xaedc, 0xaedc, 0xaedc, 0xaedc, 0xaedc, 0xaedc, 0xaedc, 0xaedc, 0xaedc, 0xaedc, 0xaedc, 0xaedc, 0xaedc, 0xaedc, 
	0xaedc, 0xaedc, 0xaedc, 0xaedc, 0xaedc, 0xaedc, 0xaedc, 0xaedc, 0xaebc, 0xb6fd, 0xaedc, 0xaefd, 0xb6fd, 0xaebc, 0xb6dc, 0xb6fd, 
	0xa65a, 0x6411, 0x2166, 0x0000, 0x0000, 0x0000, 0x0000, 0x0000, 0x0000, 0x0000, 0x20c2, 0x830c, 0xe595, 0xfe37, 0xfe37, 0xfe56, 
	0xfe57, 0xfe57, 0xfe57, 0xfe57, 0xfe57, 0xfe37, 0xfe57, 0xfe78, 0xfe57, 0xfe57, 0xfe57, 0xfe57, 0xfe57, 0xfe57, 0xfe57, 0xfe57, 
	0xfe78, 0xfe57, 0xfe15, 0xfd94, 0xc42f, 0x4123, 0x1881, 0x1881, 0x18a2, 0x18a2, 0x18a2, 0x18a2, 0x18a2, 0x18a2, 0x18a2, 0x18a2, 
	0x18a2, 0x18a2, 0x18a2, 0x18a2, 0x18a2, 0x18a2, 0x18a2, 0x18a2, 0x18a2, 0x18a2, 0x18a2, 0x18a2, 0x18a2, 0x18a2, 0x18a2, 0x18a2, 
	0x18a2, 0x18a2, 0x18a2, 0x18a2, 0x18a2, 0x18a2, 0x18a2, 0x18a2, 0x2081, 0x2081, 0x18a2, 0x1081, 0x0000, 0x0000, 0x0841, 0x0000, 
	0x0000, 0x0000, 0x0000, 0x0000, 0x0000, 0x0000, 0x0000, 0x0000, 0x0000, 0x0000, 0x0020, 0x0840, 0x2903, 0x7b0b, 0xcd13, 0xf617, 
	0xfe37, 0xfe77, 0xfe77, 0xfe57, 0xfe57, 0xfe57, 0xfe37, 0xfe37, 0xfe58, 0xfe57, 0xfe16, 0xfdf5, 0xfdd5, 0xfdd5, 0xfd94, 0xf553, 
	0xabee, 0x51c6, 0x1060, 0x0020, 0x0000, 0x0000, 0x0000, 0x0000, 0x0000, 0x0000, 0x0000, 0x00c3, 0x130b, 0x1d94, 0x2759, 0x27bb, 
	0x279b, 0x2f9b, 0x277b, 0x27bb, 0x27ba, 0x279b, 0x279b, 0x27bb, 0x279b, 0x279b, 0x279b, 0x279b, 0x279b, 0x279b, 0x279b, 0x279b, 
	0x279b, 0x279b, 0x279b, 0x279b, 0x279b, 0x279b, 0x279b, 0x279b, 0x279b, 0x279b, 0x279b, 0x279b, 0x279b, 0x279b, 0x279b, 0x279b, 
	0x279b, 0x279b, 0x279b, 0x279b, 0x279b, 0x279b, 0x279b, 0x279b, 0x279b, 0x279c, 0x279b, 0x27bb, 0x140f, 0x0000, 0x0000, 0x0000, 
	0x0000, 0x0000, 0x3a8a, 0xaedc, 0xaedd, 0xaedc, 0xaefc, 0xaedd, 0xaedc, 0xaedc, 0xaedc, 0xaedc, 0xaedc, 0xaedc, 0xaedc, 0xaedc, 
	0xaedc, 0xaedc, 0xaedc, 0xaedc, 0xaedc, 0xaedc, 0xaedc, 0xaedc, 0xaedc, 0xaedc, 0xaedc, 0xaedc, 0xaedc, 0xaedc, 0xaedc, 0xaedc, 
	0xaedc, 0xaedc, 0xaedc, 0xaedc, 0xaedc, 0xaedc, 0xaedc, 0xaedc, 0xaedc, 0xaedc, 0xaedc, 0xaedc, 0xaedc, 0xaedc, 0xaedc, 0xaedc, 
	0xaedc, 0xaedc, 0xaedc, 0xaedc, 0xaedc, 0xaedc, 0xaedc, 0xaedc, 0xaedc, 0xaedc, 0xaedc, 0xaedc, 0xaedc, 0xaedc, 0xaedc, 0xaedc, 
	0xaedc, 0xaedc, 0xaedc, 0xaedc, 0xaedc, 0xaedc, 0xaedc, 0xaedc, 0xaedc, 0xb6fd, 0xaedc, 0xaedd, 0xaedc, 0xb6dc, 0xb6bc, 0x95f8, 
	0x534d, 0x10e4, 0x0000, 0x0020, 0x0000, 0x0000, 0x0000, 0x0000, 0x0800, 0x3924, 0x9bef, 0xedf6, 0xfe57, 0xfe37, 0xfe57, 0xfe78, 
	0xfe57, 0xfe57, 0xfe78, 0xfe77, 0xfe36, 0xfe57, 0xfe78, 0xfe37, 0xfe57, 0xfe57, 0xfe57, 0xfe57, 0xfe57, 0xfe57, 0xfe57, 0xfe57, 
	0xfe37, 0xfe36, 0xfdf5, 0xfd94, 0xbc2f, 0x1881, 0x0020, 0x0020, 0x0000, 0x0000, 0x0000, 0x0000, 0x0000, 0x0000, 0x0000, 0x0000, 
	0x0000, 0x0000, 0x0000, 0x0000, 0x0000, 0x0000, 0x0000, 0x0000, 0x0000, 0x0000, 0x0000, 0x0000, 0x0000, 0x0000, 0x0000, 0x0000, 
	0x0000, 0x0000, 0x0000, 0x0000, 0x0000, 0x0000, 0x0000, 0x0000, 0x0000, 0x0020, 0x0000, 0x0000, 0x0000, 0x0000, 0x0000, 0x0000, 
	0x0000, 0x0000, 0x0000, 0x0000, 0x0000, 0x0000, 0x0000, 0x0000, 0x0000, 0x0000, 0x28c2, 0x6aa9, 0xbcb1, 0xee16, 0xfe57, 0xfe57, 
	0xfe77, 0xfe57, 0xfe37, 0xfe57, 0xfe77, 0xfe57, 0xfe37, 0xfe58, 0xfe16, 0xfe37, 0xfe16, 0xfdb4, 0xfdb5, 0xf594, 0xbc2f, 0x7a89, 
	0x18a2, 0x0020, 0x0000, 0x0000, 0x0000, 0x0000, 0x0000, 0x0800, 0x0001, 0x0843, 0x19c8, 0x2491, 0x26d9, 0x279b, 0x2f9b, 0x277b, 
	0x27bc, 0x1f9b, 0x277b, 0x2f9b, 0x279b, 0x279b, 0x279b, 0x2f7b, 0x279b, 0x279b, 0x279b, 0x279b, 0x279b, 0x279b, 0x279b, 0x279b, 
	0x279b, 0x279b, 0x279b, 0x279b, 0x279b, 0x279b, 0x279b, 0x279b, 0x279b, 0x279b, 0x279b, 0x279b, 0x279b, 0x279b, 0x279b, 0x279b, 
	0x279b, 0x279b, 0x279b, 0x279b, 0x279b, 0x279b, 0x279b, 0x279b, 0x279b, 0x279c, 0x279b, 0x27bb, 0x140f, 0x0000, 0x0000, 0x0000, 
	0x0000, 0x0000, 0x3a8a, 0xaedc, 0xaedd, 0xaedc, 0xaefc, 0xaedd, 0xaedc, 0xaedc, 0xaedc, 0xaedc, 0xaedc, 0xaedc, 0xaedc, 0xaedc, 
	0xaedc, 0xaedc, 0xaedc, 0xaedc, 0xaedc, 0xaedc, 0xaedc, 0xaedc, 0xaedc, 0xaedc, 0xaedc, 0xaedc, 0xaedc, 0xaedc, 0xaedc, 0xaedc, 
	0xaedc, 0xaedc, 0xaedc, 0xaedc, 0xaedc, 0xaedc, 0xaedc, 0xaedc, 0xaedc, 0xaedc, 0xaedc, 0xaedc, 0xaedc, 0xaedc, 0xaedc, 0xaedc, 
	0xaedc, 0xaedc, 0xaedc, 0xaedc, 0xaedc, 0xaedc, 0xaedc, 0xaedc, 0xaedc, 0xaedc, 0xaedc, 0xaedc, 0xaedc, 0xaedc, 0xaedc, 0xaedc, 
	0xaedc, 0xaedc, 0xaedc, 0xaedc, 0xaedc, 0xaedc, 0xaedc, 0xaedc, 0xaedc, 0xaefd, 0xaedc, 0xaedc, 0xaedc, 0xb6dc, 0x8d97, 0x32cb, 
	0x0862, 0x0000, 0x0000, 0x0000, 0x0000, 0x0000, 0x0000, 0x0821, 0x49c6, 0xac70, 0xf617, 0xfe57, 0xfe57, 0xfe77, 0xfe58, 0xfe38, 
	0xfe58, 0xfe57, 0xfe37, 0xfe37, 0xfe57, 0xfe57, 0xfe57, 0xfe57, 0xfe57, 0xfe57, 0xfe57, 0xfe57, 0xfe57, 0xfe57, 0xfe57, 0xfe57, 
	0xfe38, 0xfe57, 0xfdf5, 0xfd94, 0xc450, 0x1861, 0x0020, 0x0000, 0x0000, 0x0000, 0x0000, 0x0000, 0x0000, 0x0000, 0x0000, 0x0000, 
	0x0000, 0x0000, 0x0000, 0x0000, 0x0000, 0x0000, 0x0000, 0x0000, 0x0000, 0x0000, 0x0000, 0x0000, 0x0000, 0x0000, 0x0000, 0x0000, 
	0x0000, 0x0000, 0x0000, 0x0000, 0x0000, 0x0000, 0x0000, 0x0000, 0x0000, 0x0000, 0x0000, 0x0000, 0x0000, 0x0800, 0x0000, 0x0020, 
	0x0000, 0x0020, 0x0000, 0x0000, 0x0000, 0x0000, 0x0000, 0x0040, 0x20e3, 0x6289, 0xb491, 0xedd6, 0xfe57, 0xfe57, 0xfe36, 0xfe57, 
	0xfe57, 0xfe57, 0xfe37, 0xfe37, 0xfe57, 0xfe57, 0xfe57, 0xf636, 0xfdf6, 0xfdb4, 0xfdb4, 0xfdb4, 0xdcf2, 0x9b6c, 0x4184, 0x0020, 
	0x0000, 0x0000, 0x0020, 0x0000, 0x0000, 0x0000, 0x0000, 0x0000, 0x0926, 0x2aee, 0x3d56, 0x2f1c, 0x1fbc, 0x1f9b, 0x2f9c, 0x279c, 
	0x2f7b, 0x277b, 0x27dc, 0x27bc, 0x279b, 0x279b, 0x279b, 0x279b, 0x279b, 0x279b, 0x279b, 0x279b, 0x279b, 0x279b, 0x279b, 0x279b, 
	0x279b, 0x279b, 0x279b, 0x279b, 0x279b, 0x279b, 0x279b, 0x279b, 0x279b, 0x279b, 0x279b, 0x279b, 0x279b, 0x279b, 0x279b, 0x279b, 
	0x279b, 0x279b, 0x279b, 0x279b, 0x279b, 0x279b, 0x279b, 0x279b, 0x279b, 0x279c, 0x279b, 0x27bb, 0x140f, 0x0000, 0x0000, 0x0000, 
	0x0000, 0x0000, 0x3a8a, 0xaedc, 0xaedd, 0xaedc, 0xaefc, 0xaedd, 0xaedc, 0xaedc, 0xaedc, 0xaedc, 0xaedc, 0xaedc, 0xaedc, 0xaedc, 
	0xaedc, 0xaedc, 0xaedc, 0xaedc, 0xaedc, 0xaedc, 0xaedc, 0xaedc, 0xaedc, 0xaedc, 0xaedc, 0xaedc, 0xaedc, 0xaedc, 0xaedc, 0xaedc, 
	0xaedc, 0xaedc, 0xaedc, 0xaedc, 0xaedc, 0xaedc, 0xaedc, 0xaedc, 0xaedc, 0xaedc, 0xaedc, 0xaedc, 0xaedc, 0xaedc, 0xaedc, 0xaedc, 
	0xaedc, 0xaedc, 0xaedc, 0xaedc, 0xaedc, 0xaedc, 0xaedc, 0xaedc, 0xaedc, 0xaedc, 0xaedc, 0xaedc, 0xaedc, 0xaedc, 0xaedc, 0xaedc, 
	0xaedd, 0xb6dd, 0xb6dd, 0xaedc, 0xaefd, 0xaedc, 0xaedd, 0xb6dd, 0xaedc, 0xb6dd, 0xaebc, 0xaedd, 0xaebb, 0x7cd4, 0x3208, 0x0021, 
	0x0000, 0x0000, 0x0000, 0x0000, 0x0000, 0x0000, 0x1881, 0x5a48, 0xd4f2, 0xf616, 0xfe78, 0xfe37, 0xfe57, 0xfe57, 0xfe37, 0xfe57, 
	0xfe57, 0xfe57, 0xfe57, 0xfe57, 0xfe57, 0xfe57, 0xfe57, 0xfe57, 0xfe57, 0xfe57, 0xfe57, 0xfe57, 0xfe57, 0xfe57, 0xfe57, 0xfe57, 
	0xfe57, 0xfe77, 0xfe57, 0xfe17, 0xc4b2, 0x1881, 0x0000, 0x0000, 0x0000, 0x0000, 0x0000, 0x0000, 0x0000, 0x0000, 0x0000, 0x0000, 
	0x0000, 0x0000, 0x0000, 0x0000, 0x0000, 0x0000, 0x0000, 0x0000, 0x0000, 0x0000, 0x0000, 0x0000, 0x0000, 0x0000, 0x0000, 0x0000, 
	0x0000, 0x0000, 0x0000, 0x0000, 0x0000, 0x0000, 0x0000, 0x0000, 0x0000, 0x0000, 0x0000, 0x0000, 0x0000, 0x0000, 0x0000, 0x0000, 
	0x0000, 0x0000, 0x0000, 0x0020, 0x0000, 0x0000, 0x20e3, 0x5a49, 0xbc70, 0xe5b5, 0xfe57, 0xfe37, 0xfe57, 0xfe57, 0xfe57, 0xfe58, 
	0xfe57, 0xfe78, 0xfe37, 0xfe37, 0xfe57, 0xfe16, 0xfdf5, 0xfdd5, 0xfd95, 0xfdb4, 0xf572, 0xb40d, 0x59e7, 0x1882, 0x0000, 0x0000, 
	0x0000, 0x0000, 0x0020, 0x0000, 0x0000, 0x0000, 0x00a3, 0x1a2a, 0x3c76, 0x4d9c, 0x563e, 0x373d, 0x1f7b, 0x2f9c, 0x277b, 0x27bb, 
	0x279b, 0x279b, 0x279b, 0x279b, 0x279b, 0x279b, 0x279b, 0x279b, 0x279b, 0x279b, 0x279b, 0x279b, 0x279b, 0x279b, 0x279b, 0x279b, 
	0x279b, 0x279b, 0x279b, 0x279b, 0x279b, 0x279b, 0x279b, 0x279b, 0x279b, 0x279b, 0x279b, 0x279b, 0x279b, 0x279b, 0x279b, 0x279b, 
	0x279b, 0x279b, 0x279b, 0x279b, 0x279b, 0x279b, 0x279b, 0x279b, 0x279b, 0x279c, 0x279b, 0x27bb, 0x140f, 0x0000, 0x0000, 0x0000, 
	0x0000, 0x0000, 0x3a8a, 0xaedc, 0xaedd, 0xaedc, 0xaefc, 0xaedd, 0xaedc, 0xaedc, 0xaedc, 0xaedc, 0xaedc, 0xaedc, 0xaedc, 0xaedc, 
	0xaedc, 0xaedc, 0xaedc, 0xaedc, 0xaedc, 0xaedc, 0xaedc, 0xaedc, 0xaedc, 0xaedc, 0xaedc, 0xaedc, 0xaedc, 0xaedc, 0xaedc, 0xaedc, 
	0xaedc, 0xaedc, 0xaedc, 0xaedc, 0xaedc, 0xaedc, 0xaedc, 0xaedc, 0xaedc, 0xaedc, 0xaedc, 0xaedc, 0xaedc, 0xaedc, 0xaedc, 0xaedc, 
	0xaedc, 0xaedc, 0xaedc, 0xaedc, 0xaedc, 0xaedc, 0xaedc, 0xaedc, 0xaedc, 0xaedc, 0xaedc, 0xaedc, 0xaedc, 0xaedc, 0xaedc, 0xaedc, 
	0xaefd, 0xaebc, 0xaebc, 0xb6dc, 0xaedc, 0xaedd, 0xb6dd, 0xaebc, 0xb6dd, 0xaebc, 0xaefd, 0xae9b, 0x6c32, 0x2186, 0x0020, 0x0000, 
	0x0000, 0x0000, 0x0000, 0x0000, 0x0000, 0x18c2, 0x72ca, 0xdd95, 0xfe37, 0xfe57, 0xfe37, 0xfe37, 0xfe57, 0xfe57, 0xfe37, 0xfe57, 
	0xfe57, 0xfe57, 0xfe57, 0xfe57, 0xfe57, 0xfe57, 0xfe57, 0xfe57, 0xfe57, 0xfe57, 0xfe57, 0xfe57, 0xfe57, 0xfe57, 0xfe57, 0xfe57, 
	0xfe57, 0xfe57, 0xfe57, 0xfe37, 0xbcb1, 0x10a1, 0x0020, 0x0020, 0x0000, 0x0000, 0x0000, 0x0000, 0x0000, 0x0000, 0x0000, 0x0000, 
	0x0000, 0x0000, 0x0000, 0x0000, 0x0000, 0x0000, 0x0000, 0x0000, 0x0000, 0x0000, 0x0000, 0x0000, 0x0000, 0x0000, 0x0000, 0x0000, 
	0x0000, 0x0000, 0x0000, 0x0000, 0x0000, 0x0000, 0x0000, 0x0000, 0x0000, 0x0000, 0x0000, 0x0000, 0x0000, 0x0000, 0x0000, 0x0000, 
	0x0000, 0x0021, 0x0000, 0x0000, 0x28c3, 0x6268, 0xac4f, 0xe5d5, 0xf637, 0xfe78, 0xfe78, 0xfe57, 0xfe37, 0xfe57, 0xfe57, 0xfe58, 
	0xfe58, 0xfe37, 0xfe57, 0xfe77, 0xfdf6, 0xfdb4, 0xfdb5, 0xfd94, 0xfd93, 0xcc90, 0x7aca, 0x28e4, 0x0821, 0x0000, 0x0000, 0x0000, 
	0x0000, 0x0000, 0x0000, 0x0000, 0x0841, 0x1187, 0x2b71, 0x4d7a, 0x463d, 0x565e, 0x4e3d, 0x36fc, 0x279b, 0x27bb, 0x27bb, 0x27ba, 
	0x279b, 0x279b, 0x279b, 0x279b, 0x279b, 0x279b, 0x279b, 0x279b, 0x279b, 0x279b, 0x279b, 0x279b, 0x279b, 0x279b, 0x279b, 0x279b, 
	0x279b, 0x279b, 0x279b, 0x279b, 0x279b, 0x279b, 0x279b, 0x279b, 0x279b, 0x279b, 0x279b, 0x279b, 0x279b, 0x279b, 0x279b, 0x279b, 
	0x279b, 0x279b, 0x279b, 0x279b, 0x279b, 0x279b, 0x279b, 0x279b, 0x279b, 0x279c, 0x279b, 0x27bb, 0x140f, 0x0000, 0x0000, 0x0000, 
	0x0000, 0x0000, 0x3a8a, 0xaedc, 0xaedd, 0xaedc, 0xaefc, 0xaedd, 0xaedc, 0xaedc, 0xaedc, 0xaedc, 0xaedc, 0xaedc, 0xaedc, 0xaedc, 
	0xaedc, 0xaedc, 0xaedc, 0xaedc, 0xaedc, 0xaedc, 0xaedc, 0xaedc, 0xaedc, 0xaedc, 0xaedc, 0xaedc, 0xaedc, 0xaedc, 0xaedc, 0xaedc, 
	0xaedc, 0xaedc, 0xaedc, 0xaedc, 0xaedc, 0xaedc, 0xaedc, 0xaedc, 0xaedc, 0xaedc, 0xaedc, 0xaedc, 0xaedc, 0xaedc, 0xaedc, 0xaedc, 
	0xaedc, 0xaedc, 0xaedc, 0xaedc, 0xaedc, 0xaedc, 0xaedc, 0xaedc, 0xaedc, 0xaedc, 0xaedc, 0xaedc, 0xaedc, 0xaedc, 0xaedc, 0xaedc, 
	0xaefc, 0xaedc, 0xb6dc, 0xb6dc, 0xaebc, 0xaedc, 0xb6fd, 0xb6dd, 0xaedd, 0xaefd, 0x9e19, 0x5b8e, 0x10e3, 0x0000, 0x0000, 0x0000, 
	0x0000, 0x0000, 0x0000, 0x0000, 0x2904, 0x8bae, 0xe5d6, 0xfe57, 0xfe78, 0xfe78, 0xfe37, 0xfe57, 0xfe57, 0xfe57, 0xfe37, 0xfe57, 
	0xfe57, 0xfe57, 0xfe57, 0xfe57, 0xfe57, 0xfe57, 0xfe57, 0xfe57, 0xfe57, 0xfe57, 0xfe57, 0xfe57, 0xfe57, 0xfe57, 0xfe57, 0xfe57, 
	0xfe37, 0xfe57, 0xfe77, 0xfe57, 0xc4d2, 0x39a4, 0x10a1, 0x1881, 0x18c2, 0x18c2, 0x18c2, 0x18c2, 0x18c2, 0x18c2, 0x18c2, 0x18c2, 
	0x18c2, 0x18c2, 0x18c2, 0x18c2, 0x18c2, 0x18c2, 0x18c2, 0x18c2, 0x18c2, 0x18c2, 0x18c2, 0x18c2, 0x18c2, 0x18c2, 0x18c2, 0x18c2, 
	0x18c2, 0x18c2, 0x18c2, 0x18c2, 0x18c2, 0x18c2, 0x18c2, 0x18c2, 0x18c2, 0x18c2, 0x18c2, 0x18c2, 0x18c2, 0x18c2, 0x18c2, 0x18c2, 
	0x1882, 0x20a2, 0x3124, 0x6269, 0xac50, 0xe5b5, 0xfe37, 0xfe57, 0xfe77, 0xfe57, 0xfe57, 0xfe77, 0xfe57, 0xfe57, 0xfe58, 0xfe58, 
	0xfe17, 0xfe57, 0xfe36, 0xf5d4, 0xfd94, 0xfdb4, 0xfdb4, 0xe512, 0x9b8c, 0x4985, 0x1041, 0x0000, 0x0000, 0x0000, 0x0000, 0x0000, 
	0x0000, 0x0000, 0x0020, 0x08e5, 0x22ae, 0x44b7, 0x561d, 0x461d, 0x4dbb, 0x4d5b, 0x459a, 0x2e79, 0x1ef8, 0x1e97, 0x273a, 0x2f7b, 
	0x279b, 0x279b, 0x279b, 0x279b, 0x279b, 0x279b, 0x279b, 0x279b, 0x279b, 0x279b, 0x279b, 0x279b, 0x279b, 0x279b, 0x279b, 0x279b, 
	0x279b, 0x279b, 0x279b, 0x279b, 0x279b, 0x279b, 0x279b, 0x279b, 0x279b, 0x279b, 0x279b, 0x279b, 0x279b, 0x279b, 0x279b, 0x279b, 
	0x279b, 0x279b, 0x279b, 0x279b, 0x279b, 0x279b, 0x279b, 0x279b, 0x279b, 0x279c, 0x279b, 0x27bb, 0x140f, 0x0000, 0x0000, 0x0000, 
	0x0000, 0x0000, 0x3a8a, 0xaedc, 0xaedd, 0xaedc, 0xaefc, 0xaedd, 0xaedc, 0xaedc, 0xaedc, 0xaedc, 0xaedc, 0xaedc, 0xaedc, 0xaedc, 
	0xaedc, 0xaedc, 0xaedc, 0xaedc, 0xaedc, 0xaedc, 0xaedc, 0xaedc, 0xaedc, 0xaedc, 0xaedc, 0xaedc, 0xaedc, 0xaedc, 0xaedc, 0xaedc, 
	0xaedc, 0xaedc, 0xaedc, 0xaedc, 0xaedc, 0xaedc, 0xaedc, 0xaedc, 0xaedc, 0xaedc, 0xaedc, 0xaedc, 0xaedc, 0xaedc, 0xaedc, 0xaedc, 
	0xaedc, 0xaedc, 0xaedc, 0xaedc, 0xaedc, 0xaedc, 0xaedc, 0xaedc, 0xaedc, 0xaedc, 0xaedc, 0xaedc, 0xaedc, 0xaedc, 0xaedc, 0xaedc, 
	0xaedc, 0xaefc, 0xaedc, 0xaedc, 0xb6fd, 0xaefd, 0xaedc, 0xaedc, 0xaedc, 0x95b8, 0x4aec, 0x0862, 0x0000, 0x0020, 0x0000, 0x0000, 
	0x0000, 0x0000, 0x0020, 0x3965, 0xac30, 0xf617, 0xfe57, 0xfe57, 0xfe37, 0xfe57, 0xfe57, 0xfe57, 0xfe57, 0xfe57, 0xfe57, 0xfe57, 
	0xfe57, 0xfe57, 0xfe57, 0xfe57, 0xfe57, 0xfe57, 0xfe57, 0xfe57, 0xfe57, 0xfe57, 0xfe57, 0xfe57, 0xfe57, 0xfe57, 0xfe57, 0xfe57, 
	0xfe37, 0xfe57, 0xfe57, 0xfe57, 0xf616, 0xcd12, 0xc513, 0xd534, 0xcd13, 0xcd13, 0xcd13, 0xcd13, 0xcd13, 0xcd13, 0xcd13, 0xcd13, 
	0xcd13, 0xcd13, 0xcd13, 0xcd13, 0xcd13, 0xcd13, 0xcd13, 0xcd13, 0xcd13, 0xcd13, 0xcd13, 0xcd13, 0xcd13, 0xcd13, 0xcd13, 0xcd13, 
	0xcd13, 0xcd13, 0xcd13, 0xcd13, 0xcd13, 0xcd13, 0xcd13, 0xcd13, 0xcd13, 0xcd13, 0xcd13, 0xcd13, 0xcd13, 0xcd13, 0xcd13, 0xcd13, 
	0xcd53, 0xcd33, 0xd533, 0xe5b5, 0xfe38, 0xfe58, 0xfe37, 0xfe57, 0xfe57, 0xfe57, 0xfe57, 0xfe58, 0xfe57, 0xfe57, 0xfe57, 0xfe37, 
	0xfe37, 0xfdb5, 0xfdb4, 0xfdb4, 0xfd94, 0xf574, 0xb42f, 0x6227, 0x18a2, 0x0000, 0x0000, 0x0000, 0x0000, 0x0020, 0x0000, 0x0000, 
	0x0000, 0x0082, 0x11c9, 0x3c34, 0x4dbc, 0x4e1e, 0x4e3e, 0x4ddc, 0x1a4b, 0x0927, 0x0906, 0x0125, 0x0165, 0x01e7, 0x1d53, 0x2fbc, 
	0x279b, 0x279b, 0x279b, 0x279b, 0x279b, 0x279b, 0x279b, 0x279b, 0x279b, 0x279b, 0x279b, 0x279b, 0x279b, 0x279b, 0x279b, 0x279b, 
	0x279b, 0x279b, 0x279b, 0x279b, 0x279b, 0x279b, 0x279b, 0x279b, 0x279b, 0x279b, 0x279b, 0x279b, 0x279b, 0x279b, 0x279b, 0x279b, 
	0x279b, 0x279b, 0x279b, 0x279b, 0x279b, 0x279b, 0x279b, 0x279b, 0x279b, 0x279c, 0x279b, 0x27bb, 0x140f, 0x0000, 0x0000, 0x0000, 
	0x0000, 0x0000, 0x3a8a, 0xaedc, 0xaedd, 0xaedc, 0xaefc, 0xaedd, 0xaedc, 0xaedc, 0xaedc, 0xaedc, 0xaedc, 0xaedc, 0xaedc, 0xaedc, 
	0xaedc, 0xaedc, 0xaedc, 0xaedc, 0xaedc, 0xaedc, 0xaedc, 0xaedc, 0xaedc, 0xaedc, 0xaedc, 0xaedc, 0xaedc, 0xaedc, 0xaedc, 0xaedc, 
	0xaedc, 0xaedc, 0xaedc, 0xaedc, 0xaedc, 0xaedc, 0xaedc, 0xaedc, 0xaedc, 0xaedc, 0xaedc, 0xaedc, 0xaedc, 0xaedc, 0xaedc, 0xaedc, 
	0xaedc, 0xaedc, 0xaedc, 0xaedc, 0xaedc, 0xaedc, 0xaedc, 0xaedc, 0xaedc, 0xaedc, 0xaedc, 0xaedc, 0xaedc, 0xaedc, 0xaedc, 0xaedc, 
	0xaedc, 0xaedc, 0xaedd, 0xaedd, 0xaebc, 0xaefd, 0xaefd, 0xaebc, 0x8514, 0x3229, 0x0862, 0x0000, 0x0000, 0x0000, 0x0020, 0x0000, 
	0x0000, 0x0820, 0x5248, 0xbd12, 0xf616, 0xfe37, 0xfe58, 0xfe57, 0xfe57, 0xfe57, 0xfe57, 0xfe57, 0xfe37, 0xfe57, 0xfe78, 0xfe37, 
	0xfe57, 0xfe57, 0xfe57, 0xfe57, 0xfe57, 0xfe57, 0xfe57, 0xfe57, 0xfe57, 0xfe57, 0xfe57, 0xfe57, 0xfe57, 0xfe57, 0xfe57, 0xfe57, 
	0xfe58, 0xfe78, 0xfe57, 0xfe37, 0xfe57, 0xfe58, 0xfe58, 0xfe38, 0xfe77, 0xfe77, 0xfe77, 0xfe77, 0xfe77, 0xfe77, 0xfe77, 0xfe77, 
	0xfe77, 0xfe77, 0xfe77, 0xfe77, 0xfe77, 0xfe77, 0xfe77, 0xfe77, 0xfe77, 0xfe77, 0xfe77, 0xfe77, 0xfe77, 0xfe77, 0xfe77, 0xfe77, 
	0xfe77, 0xfe77, 0xfe77, 0xfe77, 0xfe77, 0xfe77, 0xfe77, 0xfe77, 0xfe77, 0xfe77, 0xfe77, 0xfe77, 0xfe77, 0xfe77, 0xfe77, 0xfe77, 
	0xfe77, 0xfe57, 0xfe57, 0xfe57, 0xfe57, 0xfe78, 0xfe57, 0xfe58, 0xfe57, 0xfe78, 0xfe58, 0xfe57, 0xfe57, 0xfe16, 0xfdf5, 0xfdd5, 
	0xfd93, 0xfdb4, 0xfdb4, 0xfd94, 0xd4d1, 0x8b0b, 0x3103, 0x0820, 0x0000, 0x0020, 0x0000, 0x0000, 0x0020, 0x0000, 0x0000, 0x0020, 
	0x0926, 0x3371, 0x4539, 0x461e, 0x4e5e, 0x4e1d, 0x561e, 0x4dbd, 0x1966, 0x0000, 0x0000, 0x0020, 0x0000, 0x0041, 0x14b0, 0x1fbb, 
	0x279b, 0x279b, 0x279b, 0x279b, 0x279b, 0x279b, 0x279b, 0x279b, 0x279b, 0x279b, 0x279b, 0x279b, 0x279b, 0x279b, 0x279b, 0x279b, 
	0x279b, 0x279b, 0x279b, 0x279b, 0x279b, 0x279b, 0x279b, 0x279b, 0x279b, 0x279b, 0x279b, 0x279b, 0x279b, 0x279b, 0x279b, 0x279b, 
	0x279b, 0x279b, 0x279b, 0x279b, 0x279b, 0x279b, 0x279b, 0x279b, 0x279b, 0x279c, 0x279b, 0x27bb, 0x140f, 0x0000, 0x0000, 0x0000, 
	0x0000, 0x0000, 0x3a8a, 0xaedc, 0xaedd, 0xaedc, 0xaefc, 0xaedd, 0xaedc, 0xaedc, 0xaedc, 0xaedc, 0xaedc, 0xaedc, 0xaedc, 0xaedc, 
	0xaedc, 0xaedc, 0xaedc, 0xaedc, 0xaedc, 0xaedc, 0xaedc, 0xaedc, 0xaedc, 0xaedc, 0xaedc, 0xaedc, 0xaedc, 0xaedc, 0xaedc, 0xaedc, 
	0xaedc, 0xaedc, 0xaedc, 0xaedc, 0xaedc, 0xaedc, 0xaedc, 0xaedc, 0xaedc, 0xaedc, 0xaedc, 0xaedc, 0xaedc, 0xaedc, 0xaedc, 0xaedc, 
	0xaedc, 0xaedc, 0xaedc, 0xaedc, 0xaedc, 0xaedc, 0xaedc, 0xaedc, 0xaedc, 0xaedc, 0xaedc, 0xaedc, 0xaedc, 0xaedc, 0xaedc, 0xaedc, 
	0xaedd, 0xaebc, 0xb6fd, 0xaedd, 0xaedc, 0xb71d, 0xa65a, 0x7493, 0x2186, 0x0061, 0x0000, 0x0000, 0x0000, 0x0000, 0x0000, 0x0020, 
	0x1081, 0x6aca, 0xcd53, 0xfe77, 0xfe76, 0xfe36, 0xfe57, 0xfe38, 0xfe78, 0xfe57, 0xfe57, 0xfe57, 0xfe57, 0xfe57, 0xfe57, 0xfe57, 
	0xfe57, 0xfe57, 0xfe57, 0xfe57, 0xfe57, 0xfe57, 0xfe57, 0xfe57, 0xfe57, 0xfe57, 0xfe57, 0xfe57, 0xfe57, 0xfe57, 0xfe57, 0xfe57, 
	0xfe57, 0xfe57, 0xfe57, 0xfe37, 0xfe37, 0xfe57, 0xfe57, 0xfe57, 0xfe57, 0xfe57, 0xfe57, 0xfe57, 0xfe57, 0xfe57, 0xfe57, 0xfe57, 
	0xfe57, 0xfe57, 0xfe57, 0xfe57, 0xfe57, 0xfe57, 0xfe57, 0xfe57, 0xfe57, 0xfe57, 0xfe57, 0xfe57, 0xfe57, 0xfe57, 0xfe57, 0xfe57, 
	0xfe57, 0xfe57, 0xfe57, 0xfe57, 0xfe57, 0xfe57, 0xfe57, 0xfe57, 0xfe57, 0xfe57, 0xfe57, 0xfe57, 0xfe57, 0xfe57, 0xfe57, 0xfe57, 
	0xfe37, 0xfe57, 0xfe78, 0xfe77, 0xfe57, 0xfe57, 0xfe57, 0xfe57, 0xfe57, 0xfe57, 0xfe37, 0xfe36, 0xfe16, 0xfdd5, 0xfdb4, 0xfdd5, 
	0xfdb4, 0xfdb4, 0xed53, 0xa3ad, 0x49c6, 0x1061, 0x0000, 0x0000, 0x0020, 0x0000, 0x0000, 0x0000, 0x0000, 0x0000, 0x00c5, 0x226c, 
	0x3c96, 0x55bc, 0x563f, 0x4e3f, 0x4e3d, 0x561c, 0x561d, 0x45bc, 0x1187, 0x0001, 0x0000, 0x0000, 0x0800, 0x0001, 0x1cd1, 0x279c, 
	0x279b, 0x279b, 0x279b, 0x279b, 0x279b, 0x279b, 0x279b, 0x279b, 0x279b, 0x279b, 0x279b, 0x279b, 0x279b, 0x279b, 0x279b, 0x279b, 
	0x279b, 0x279b, 0x279b, 0x279b, 0x279b, 0x279b, 0x279b, 0x279b, 0x279b, 0x279b, 0x279b, 0x279b, 0x279b, 0x279b, 0x279b, 0x279b, 
	0x279b, 0x279b, 0x279b, 0x279b, 0x279b, 0x279b, 0x279b, 0x279b, 0x279b, 0x279c, 0x279b, 0x27bb, 0x140f, 0x0000, 0x0000, 0x0000, 
	0x0000, 0x0000, 0x3a8a, 0xaedc, 0xaedd, 0xaedc, 0xaefc, 0xaedd, 0xaedc, 0xaedc, 0xaedc, 0xaedc, 0xaedc, 0xaedc, 0xaedc, 0xaedc, 
	0xaedc, 0xaedc, 0xaedc, 0xaedc, 0xaedc, 0xaedc, 0xaedc, 0xaedc, 0xaedc, 0xaedc, 0xaedc, 0xaedc, 0xaedc, 0xaedc, 0xaedc, 0xaedc, 
	0xaedc, 0xaedc, 0xaedc, 0xaedc, 0xaedc, 0xaedc, 0xaedc, 0xaedc, 0xaedc, 0xaedc, 0xaedc, 0xaedc, 0xaedc, 0xaedc, 0xaedc, 0xaedc, 
	0xaedc, 0xaedc, 0xaedc, 0xaedc, 0xaedc, 0xaedc, 0xaedc, 0xaedc, 0xaedc, 0xaedc, 0xaedc, 0xaedc, 0xaedc, 0xaedc, 0xaedc, 0xaedc, 
	0xaedc, 0xaebc, 0xaedd, 0xaefd, 0xaedc, 0x9e19, 0x63cf, 0x1925, 0x0020, 0x0000, 0x0000, 0x0000, 0x0000, 0x0000, 0x0800, 0x20e3, 
	0x8b6c, 0xddb5, 0xfe58, 0xfe17, 0xfe57, 0xfe77, 0xfe57, 0xfe58, 0xfe57, 0xfe57, 0xfe57, 0xfe57, 0xfe57, 0xfe37, 0xfe37, 0xfe57, 
	0xfe57, 0xfe57, 0xfe57, 0xfe57, 0xfe57, 0xfe57, 0xfe57, 0xfe57, 0xfe57, 0xfe57, 0xfe57, 0xfe57, 0xfe57, 0xfe57, 0xfe57, 0xfe57, 
	0xfe57, 0xfe57, 0xfe78, 0xfe78, 0xfe58, 0xfe57, 0xfe57, 0xfe77, 0xfe58, 0xfe58, 0xfe58, 0xfe58, 0xfe58, 0xfe58, 0xfe58, 0xfe58, 
	0xfe58, 0xfe58, 0xfe58, 0xfe58, 0xfe58, 0xfe58, 0xfe58, 0xfe58, 0xfe58, 0xfe58, 0xfe58, 0xfe58, 0xfe58, 0xfe58, 0xfe58, 0xfe58, 
	0xfe58, 0xfe58, 0xfe58, 0xfe58, 0xfe58, 0xfe58, 0xfe58, 0xfe58, 0xfe58, 0xfe58, 0xfe58, 0xfe58, 0xfe58, 0xfe58, 0xfe58, 0xfe58, 
	0xfe78, 0xfe57, 0xfe37, 0xfe57, 0xfe57, 0xfe57, 0xfe57, 0xfe57, 0xfe58, 0xfe37, 0xfe16, 0xfdd5, 0xfdb4, 0xfd94, 0xfdb4, 0xfdb4, 
	0xf594, 0xbc4f, 0x6a88, 0x20a2, 0x0000, 0x0000, 0x0000, 0x0000, 0x0000, 0x0000, 0x0020, 0x0000, 0x0002, 0x0949, 0x2b73, 0x4d7b, 
	0x4e3f, 0x563e, 0x4dfd, 0x561d, 0x563e, 0x565e, 0x563e, 0x4d9c, 0x0987, 0x0000, 0x0000, 0x0000, 0x0000, 0x0000, 0x1cd0, 0x2f9b, 
	0x279b, 0x279b, 0x279b, 0x279b, 0x279b, 0x279b, 0x279b, 0x279b, 0x279b, 0x279b, 0x279b, 0x279b, 0x279b, 0x279b, 0x279b, 0x279b, 
	0x279b, 0x279b, 0x279b, 0x279b, 0x279b, 0x279b, 0x279b, 0x279b, 0x279b, 0x279b, 0x279b, 0x279b, 0x279b, 0x279b, 0x279b, 0x279b, 
	0x279b, 0x279b, 0x279b, 0x279b, 0x279b, 0x279b, 0x279b, 0x279b, 0x279b, 0x279c, 0x279b, 0x27bb, 0x140f, 0x0000, 0x0000, 0x0000, 
	0x0000, 0x0000, 0x3a8a, 0xaedc, 0xaedd, 0xaedc, 0xaefc, 0xaedd, 0xaedc, 0xaedc, 0xaedc, 0xaedc, 0xaedc, 0xaedc, 0xaedc, 0xaedc, 
	0xaedc, 0xaedc, 0xaedc, 0xaedc, 0xaedc, 0xaedc, 0xaedc, 0xaedc, 0xaedc, 0xaedc, 0xaedc, 0xaedc, 0xaedc, 0xaedc, 0xaedc, 0xaedc, 
	0xaedc, 0xaedc, 0xaedc, 0xaedc, 0xaedc, 0xaedc, 0xaedc, 0xaedc, 0xaedc, 0xaedc, 0xaedc, 0xaedc, 0xaedc, 0xaedc, 0xaedc, 0xaedc, 
	0xaedc, 0xaedc, 0xaedc, 0xaedc, 0xaedc, 0xaedc, 0xaedc, 0xaedc, 0xaedc, 0xaedc, 0xaedc, 0xaedc, 0xaedc, 0xaedc, 0xaedc, 0xaedc, 
	0xb6dc, 0xb6fd, 0xaedc, 0xaedc, 0x95d8, 0x4b4d, 0x10c3, 0x0000, 0x0000, 0x0000, 0x0000, 0x0000, 0x0000, 0x0000, 0x3944, 0xac10, 
	0xf5f5, 0xfe57, 0xfe37, 0xfe38, 0xfe58, 0xfe57, 0xfe57, 0xfe57, 0xfe57, 0xfe57, 0xfe57, 0xfe57, 0xfe57, 0xfe57, 0xfe57, 0xfe57, 
	0xfe57, 0xfe57, 0xfe57, 0xfe57, 0xfe57, 0xfe57, 0xfe57, 0xfe57, 0xfe57, 0xfe57, 0xfe57, 0xfe57, 0xfe57, 0xfe57, 0xfe57, 0xfe57, 
	0xfe57, 0xfe57, 0xfe58, 0xfe57, 0xfe37, 0xfe37, 0xfe57, 0xfe57, 0xfe57, 0xfe57, 0xfe57, 0xfe57, 0xfe57, 0xfe57, 0xfe57, 0xfe57, 
	0xfe57, 0xfe57, 0xfe57, 0xfe57, 0xfe57, 0xfe57, 0xfe57, 0xfe57, 0xfe57, 0xfe57, 0xfe57, 0xfe57, 0xfe57, 0xfe57, 0xfe57, 0xfe57, 
	0xfe57, 0xfe57, 0xfe57, 0xfe57, 0xfe57, 0xfe57, 0xfe57, 0xfe57, 0xfe57, 0xfe57, 0xfe57, 0xfe57, 0xfe57, 0xfe57, 0xfe57, 0xfe57, 
	0xfe57, 0xfe57, 0xfe57, 0xfe57, 0xfe57, 0xfe57, 0xfe37, 0xfe37, 0xfdf6, 0xfdd5, 0xfdd5, 0xfdb4, 0xfd94, 0xfdd5, 0xfd94, 0xe4d1, 
	0x934b, 0x4144, 0x0820, 0x0000, 0x0000, 0x0000, 0x0000, 0x0000, 0x0800, 0x0000, 0x0000, 0x08c6, 0x2a70, 0x4418, 0x4d3d, 0x4dfe, 
	0x4e1d, 0x4e1d, 0x563e, 0x4e3e, 0x461e, 0x4e3e, 0x563e, 0x459c, 0x1187, 0x0000, 0x0000, 0x0000, 0x0000, 0x0021, 0x14f1, 0x279c, 
	0x279b, 0x279b, 0x279b, 0x279b, 0x279b, 0x279b, 0x279b, 0x279b, 0x279b, 0x279b, 0x279b, 0x279b, 0x279b, 0x279b, 0x279b, 0x279b, 
	0x279b, 0x279b, 0x279b, 0x279b, 0x279b, 0x279b, 0x279b, 0x279b, 0x279b, 0x279b, 0x279b, 0x279b, 0x279b, 0x279b, 0x279b, 0x279b, 
	0x279b, 0x279b, 0x279b, 0x279b, 0x279b, 0x279b, 0x279b, 0x279b, 0x279b, 0x279c, 0x279b, 0x27bb, 0x140f, 0x0000, 0x0000, 0x0000, 
	0x0000, 0x0000, 0x3a8a, 0xaedc, 0xaedd, 0xaedc, 0xaefc, 0xaedd, 0xaedc, 0xaedc, 0xaedc, 0xaedc, 0xaedc, 0xaedc, 0xaedc, 0xaedc, 
	0xaedc, 0xaedc, 0xaedc, 0xaedc, 0xaedc, 0xaedc, 0xaedc, 0xaedc, 0xaedc, 0xaedc, 0xaedc, 0xaedc, 0xaedc, 0xaedc, 0xaedc, 0xaedc, 
	0xaedc, 0xaedc, 0xaedc, 0xaedc, 0xaedc, 0xaedc, 0xaedc, 0xaedc, 0xaedc, 0xaedc, 0xaedc, 0xaedc, 0xaedc, 0xaedc, 0xaedc, 0xaedc, 
	0xaedc, 0xaedc, 0xaedc, 0xaedc, 0xaedc, 0xaedc, 0xaedc, 0xaedc, 0xaedc, 0xaedd, 0xb6bc, 0xb6dc, 0xb6dd, 0xaedd, 0xaebd, 0xb6dd, 
	0xaefd, 0xaedc, 0xaedc, 0x8d76, 0x3a6a, 0x0062, 0x0000, 0x0000, 0x0000, 0x0000, 0x0000, 0x0020, 0x0040, 0x49e6, 0xbcb1, 0xfdd7, 
	0xfe57, 0xfe57, 0xfe57, 0xfe57, 0xfe57, 0xfe57, 0xfe57, 0xfe57, 0xfe57, 0xfe57, 0xfe57, 0xfe57, 0xfe57, 0xfe57, 0xfe57, 0xfe57, 
	0xfe57, 0xfe57, 0xfe57, 0xfe57, 0xfe57, 0xfe57, 0xfe57, 0xfe57, 0xfe57, 0xfe57, 0xfe57, 0xfe57, 0xfe57, 0xfe57, 0xfe57, 0xfe57, 
	0xfe57, 0xfe57, 0xfe57, 0xfe57, 0xfe57, 0xfe57, 0xfe57, 0xfe57, 0xfe57, 0xfe57, 0xfe57, 0xfe57, 0xfe57, 0xfe57, 0xfe57, 0xfe57, 
	0xfe57, 0xfe57, 0xfe57, 0xfe57, 0xfe57, 0xfe57, 0xfe57, 0xfe57, 0xfe57, 0xfe57, 0xfe57, 0xfe57, 0xfe57, 0xfe57, 0xfe57, 0xfe57, 
	0xfe57, 0xfe57, 0xfe57, 0xfe57, 0xfe57, 0xfe57, 0xfe57, 0xfe57, 0xfe57, 0xfe57, 0xfe77, 0xfe57, 0xfe57, 0xfe57, 0xfe57, 0xfe57, 
	0xfe57, 0xfe57, 0xfe57, 0xfe38, 0xfe37, 0xfe37, 0xfe16, 0xfdf5, 0xfdb4, 0xfdb4, 0xfd94, 0xfdb4, 0xfdb4, 0xf573, 0xac0e, 0x51e7, 
	0x1081, 0x0000, 0x0000, 0x0000, 0x0000, 0x0000, 0x0000, 0x0000, 0x0000, 0x0883, 0x11cc, 0x3375, 0x4c9d, 0x4cdf, 0x4d3e, 0x55fe, 
	0x4e3e, 0x4e1e, 0x561e, 0x563e, 0x4e1e, 0x4e3e, 0x561e, 0x4dbc, 0x1187, 0x0000, 0x0000, 0x0000, 0x0000, 0x0021, 0x1cd1, 0x27bb, 
	0x279b, 0x279b, 0x279b, 0x279b, 0x279b, 0x279b, 0x279b, 0x279b, 0x279b, 0x279b, 0x279b, 0x279b, 0x279b, 0x279b, 0x279b, 0x279b, 
	0x279b, 0x279b, 0x279b, 0x279b, 0x279b, 0x279b, 0x279b, 0x279b, 0x279b, 0x279b, 0x279b, 0x279b, 0x279b, 0x279b, 0x279b, 0x279b, 
	0x279b, 0x279b, 0x279b, 0x279b, 0x279b, 0x279b, 0x279b, 0x279b, 0x279b, 0x279c, 0x279b, 0x27bb, 0x140f, 0x0000, 0x0000, 0x0000, 
	0x0000, 0x0000, 0x3a8a, 0xaedc, 0xaedd, 0xaedc, 0xaefc, 0xaedd, 0xaedc, 0xaedc, 0xaedc, 0xaedc, 0xaedc, 0xaedc, 0xaedc, 0xaedc, 
	0xaedc, 0xaedc, 0xaedc, 0xaedc, 0xaedc, 0xaedc, 0xaedc, 0xaedc, 0xaedc, 0xaedc, 0xaedc, 0xaedc, 0xaedc, 0xaedc, 0xaedc, 0xaedc, 
	0xaedc, 0xaedc, 0xaedc, 0xaedc, 0xaedc, 0xaedc, 0xaedc, 0xaedc, 0xaedc, 0xaedc, 0xaedc, 0xaedc, 0xaedc, 0xaedc, 0xaedc, 0xaedc, 
	0xaedc, 0xaedc, 0xaedc, 0xaedc, 0xaedc, 0xaedc, 0xaedc, 0xaedc, 0xaedc, 0xaedc, 0xaedc, 0xaebc, 0xaedd, 0xaefd, 0xaedc, 0xaedc, 
	0xaedd, 0xa67b, 0x7cd4, 0x29e8, 0x0021, 0x0000, 0x0000, 0x0000, 0x0000, 0x0020, 0x0000, 0x1061, 0x6a89, 0xcd13, 0xfe57, 0xfe57, 
	0xfe57, 0xfe57, 0xfe57, 0xfe57, 0xfe57, 0xfe57, 0xfe57, 0xfe57, 0xfe57, 0xfe57, 0xfe57, 0xfe57, 0xfe57, 0xfe57, 0xfe57, 0xfe57, 
	0xfe57, 0xfe57, 0xfe57, 0xfe57, 0xfe57, 0xfe57, 0xfe57, 0xfe57, 0xfe57, 0xfe57, 0xfe57, 0xfe57, 0xfe57, 0xfe57, 0xfe57, 0xfe57, 
	0xfe57, 0xfe57, 0xfe57, 0xfe57, 0xfe57, 0xfe57, 0xfe57, 0xfe57, 0xfe57, 0xfe57, 0xfe57, 0xfe57, 0xfe57, 0xfe57, 0xfe57, 0xfe57, 
	0xfe57, 0xfe57, 0xfe57, 0xfe57, 0xfe57, 0xfe57, 0xfe57, 0xfe57, 0xfe57, 0xfe57, 0xfe57, 0xfe57, 0xfe57, 0xfe57, 0xfe57, 0xfe57, 
	0xfe57, 0xfe57, 0xfe57, 0xfe57, 0xfe57, 0xfe57, 0xfe57, 0xfe57, 0xfe57, 0xfe57, 0xfe57, 0xfe57, 0xfe57, 0xfe57, 0xfe57, 0xfe57, 
	0xfe58, 0xfe57, 0xfe57, 0xfe57, 0xfe37, 0xfdf5, 0xfdb5, 0xfdb4, 0xfdb4, 0xfdb4, 0xfdb4, 0xfd94, 0xcc70, 0x7289, 0x30e3, 0x0820, 
	0x0000, 0x0000, 0x0000, 0x0000, 0x0000, 0x0000, 0x0000, 0x0020, 0x0948, 0x2ab1, 0x4c3b, 0x4cde, 0x44fe, 0x44de, 0x453e, 0x4dfe, 
	0x4e3e, 0x4e1e, 0x561e, 0x563e, 0x4e1e, 0x4e3e, 0x561e, 0x4dbc, 0x1187, 0x0000, 0x0000, 0x0000, 0x0000, 0x0021, 0x1cd1, 0x27bb, 
	0x279b, 0x279b, 0x279b, 0x279b, 0x279b, 0x279b, 0x279b, 0x279b, 0x279b, 0x279b, 0x279b, 0x279b, 0x279b, 0x279b, 0x279b, 0x279b, 
	0x279b, 0x279b, 0x279b, 0x279b, 0x279b, 0x279b, 0x279b, 0x279b, 0x279b, 0x279b, 0x279b, 0x279b, 0x279b, 0x279b, 0x279b, 0x279b, 
	0x279b, 0x279b, 0x279b, 0x279b, 0x279b, 0x279b, 0x279b, 0x279b, 0x279b, 0x279c, 0x279b, 0x27bb, 0x140f, 0x0000, 0x0000, 0x0000, 
	0x0000, 0x0000, 0x3a8a, 0xaedc, 0xaedd, 0xaedc, 0xaefc, 0xaedd, 0xaedc, 0xaedc, 0xaedc, 0xaedc, 0xaedc, 0xaedc, 0xaedc, 0xaedc, 
	0xaedc, 0xaedc, 0xaedc, 0xaedc, 0xaedc, 0xaedc, 0xaedc, 0xaedc, 0xaedc, 0xaedc, 0xaedc, 0xaedc, 0xaedc, 0xaedc, 0xaedc, 0xaedc, 
	0xaedc, 0xaedc, 0xaedc, 0xaedc, 0xaedc, 0xaedc, 0xaedc, 0xaedc, 0xaedc, 0xaedc, 0xaedc, 0xaedc, 0xaedc, 0xaedc, 0xaedc, 0xaedc, 
	0xaedc, 0xaedc, 0xaedc, 0xaedc, 0xaedc, 0xaedc, 0xaedc, 0xaedc, 0xaebc, 0xaedc, 0xb6fd, 0xaedd, 0xaedc, 0xaefc, 0xaefc, 0xaedc, 
	0xa65a, 0x6c31, 0x2166, 0x0020, 0x0800, 0x0000, 0x0000, 0x0000, 0x0000, 0x0000, 0x20e2, 0x7b0b, 0xe575, 0xfe58, 0xfe36, 0xfe97, 
	0xfe57, 0xfe57, 0xfe57, 0xfe57, 0xfe57, 0xfe57, 0xfe57, 0xfe57, 0xfe57, 0xfe57, 0xfe57, 0xfe57, 0xfe57, 0xfe57, 0xfe57, 0xfe57, 
	0xfe57, 0xfe57, 0xfe57, 0xfe57, 0xfe57, 0xfe57, 0xfe57, 0xfe57, 0xfe57, 0xfe57, 0xfe57, 0xfe57, 0xfe57, 0xfe57, 0xfe57, 0xfe57, 
	0xfe57, 0xfe57, 0xfe57, 0xfe57, 0xfe57, 0xfe57, 0xfe57, 0xfe57, 0xfe57, 0xfe57, 0xfe57, 0xfe57, 0xfe57, 0xfe57, 0xfe57, 0xfe57, 
	0xfe57, 0xfe57, 0xfe57, 0xfe57, 0xfe57, 0xfe57, 0xfe57, 0xfe57, 0xfe57, 0xfe57, 0xfe57, 0xfe57, 0xfe57, 0xfe57, 0xfe57, 0xfe57, 
	0xfe57, 0xfe57, 0xfe57, 0xfe57, 0xfe57, 0xfe57, 0xfe57, 0xfe57, 0xfe57, 0xfe57, 0xfe57, 0xfe57, 0xfe57, 0xfe57, 0xfe57, 0xfe57, 
	0xfe37, 0xfe37, 0xfe36, 0xfdf5, 0xfdb4, 0xfdb4, 0xfdb5, 0xfd94, 0xfdb4, 0xfdb4, 0xdd32, 0x9b8d, 0x4165, 0x1041, 0x0000, 0x0000, 
	0x0000, 0x0000, 0x0000, 0x0000, 0x0000, 0x0000, 0x00c6, 0x2a4e, 0x3bf8, 0x4c7c, 0x4cff, 0x44ff, 0x44ff, 0x4cfe, 0x4d5e, 0x4dff, 
	0x4e3e, 0x4e1e, 0x561e, 0x563e, 0x4e1e, 0x4e3e, 0x561e, 0x4dbc, 0x1187, 0x0000, 0x0000, 0x0000, 0x0000, 0x0021, 0x1cd1, 0x27bb, 
	0x279b, 0x279b, 0x279b, 0x279b, 0x279b, 0x279b, 0x279b, 0x279b, 0x279b, 0x279b, 0x279b, 0x279b, 0x279b, 0x279b, 0x279b, 0x279b, 
	0x279b, 0x279b, 0x279b, 0x279b, 0x279b, 0x279b, 0x279b, 0x279b, 0x279b, 0x279b, 0x279b, 0x279b, 0x279b, 0x279b, 0x279b, 0x279b, 
	0x279b, 0x279b, 0x279b, 0x279b, 0x279b, 0x279b, 0x279b, 0x279b, 0x279b, 0x279c, 0x279b, 0x27bb, 0x140f, 0x0000, 0x0000, 0x0000, 
	0x0000, 0x0000, 0x3a8a, 0xaedc, 0xaedd, 0xaedc, 0xaefc, 0xaedd, 0xaedc, 0xaedc, 0xaedc, 0xaedc, 0xaedc, 0xaedc, 0xaedc, 0xaedc, 
	0xaedc, 0xaedc, 0xaedc, 0xaedc, 0xaedc, 0xaedc, 0xaedc, 0xaedc, 0xaedc, 0xaedc, 0xaedc, 0xaedc, 0xaedc, 0xaedc, 0xaedc, 0xaedc, 
	0xaedc, 0xaedc, 0xaedc, 0xaedc, 0xaedc, 0xaedc, 0xaedc, 0xaedc, 0xaedc, 0xaedc, 0xaedc, 0xaedc, 0xaedc, 0xaedc, 0xaedc, 0xaedc, 
	0xaedc, 0xaedc, 0xaedc, 0xaedc, 0xaedc, 0xaedc, 0xaedc, 0xaedc, 0xb6dd, 0xaedd, 0xaedc, 0xaedc, 0xa6dc, 0xaedc, 0xb6dc, 0x9dd8, 
	0x5b4e, 0x1104, 0x0000, 0x0000, 0x0000, 0x0000, 0x0000, 0x0020, 0x0020, 0x3124, 0x9bce, 0xedf6, 0xfe57, 0xfe37, 0xfe57, 0xfe37, 
	0xfe57, 0xfe57, 0xfe57, 0xfe57, 0xfe57, 0xfe57, 0xfe57, 0xfe57, 0xfe57, 0xfe57, 0xfe57, 0xfe57, 0xfe57, 0xfe57, 0xfe57, 0xfe57, 
	0xfe57, 0xfe57, 0xfe57, 0xfe57, 0xfe57, 0xfe57, 0xfe57, 0xfe57, 0xfe57, 0xfe57, 0xfe57, 0xfe57, 0xfe57, 0xfe57, 0xfe57, 0xfe57, 
	0xfe57, 0xfe57, 0xfe57, 0xfe57, 0xfe57, 0xfe57, 0xfe57, 0xfe57, 0xfe57, 0xfe57, 0xfe57, 0xfe57, 0xfe57, 0xfe57, 0xfe57, 0xfe57, 
	0xfe57, 0xfe57, 0xfe57, 0xfe57, 0xfe57, 0xfe57, 0xfe57, 0xfe57, 0xfe57, 0xfe57, 0xfe57, 0xfe57, 0xfe57, 0xfe57, 0xfe57, 0xfe57, 
	0xfe57, 0xfe57, 0xfe57, 0xfe57, 0xfe57, 0xfe57, 0xfe57, 0xfe57, 0xfe57, 0xfe37, 0xfe57, 0xfe57, 0xfe57, 0xfe57, 0xfe57, 0xfe57, 
	0xfe57, 0xfdd5, 0xfdb5, 0xfdd4, 0xfdb4, 0xfdb4, 0xfdb5, 0xfd94, 0xf553, 0xbc0f, 0x5a28, 0x18a2, 0x0020, 0x0000, 0x0000, 0x0001, 
	0x0000, 0x0021, 0x0000, 0x0000, 0x0882, 0x21a9, 0x3314, 0x447c, 0x4cfe, 0x4cde, 0x44de, 0x44de, 0x4cdf, 0x4cbf, 0x4d1e, 0x55fe, 
	0x4e3e, 0x4e1e, 0x561e, 0x563e, 0x4e1e, 0x4e3e, 0x561e, 0x4dbc, 0x1187, 0x0000, 0x0000, 0x0000, 0x0000, 0x0021, 0x1cd1, 0x27bb, 
	0x279b, 0x279b, 0x279b, 0x279b, 0x279b, 0x279b, 0x279b, 0x279b, 0x279b, 0x279b, 0x279b, 0x279b, 0x279b, 0x279b, 0x279b, 0x279b, 
	0x279b, 0x279b, 0x279b, 0x279b, 0x279b, 0x279b, 0x279b, 0x279b, 0x279b, 0x279b, 0x279b, 0x279b, 0x279b, 0x279b, 0x279b, 0x279b, 
	0x279b, 0x279b, 0x279b, 0x279b, 0x279b, 0x279b, 0x279b, 0x279b, 0x279b, 0x279c, 0x279b, 0x27bb, 0x140f, 0x0000, 0x0000, 0x0000, 
	0x0000, 0x0000, 0x3a8a, 0xaedc, 0xaedd, 0xaedc, 0xaefc, 0xaedd, 0xaedc, 0xaedc, 0xaedc, 0xaedc, 0xaedc, 0xaedc, 0xaedc, 0xaedc, 
	0xaedc, 0xaedc, 0xaedc, 0xaedc, 0xaedc, 0xaedc, 0xaedc, 0xaedc, 0xaedc, 0xaedc, 0xaedc, 0xaedc, 0xaedc, 0xaedc, 0xaedc, 0xaedc, 
	0xaedc, 0xaedc, 0xaedc, 0xaedc, 0xaedc, 0xaedc, 0xaedc, 0xaedc, 0xaedc, 0xaedc, 0xaedc, 0xaedc, 0xaedc, 0xaedc, 0xaedc, 0xaedc, 
	0xaedc, 0xaedc, 0xaedc, 0xaedc, 0xaedc, 0xaedc, 0xaedc, 0xaedc, 0xaedc, 0xaedc, 0xaedc, 0xaefd, 0xaefc, 0xb6dc, 0x9df9, 0x42ed, 
	0x0882, 0x0000, 0x0000, 0x0000, 0x0000, 0x0000, 0x0021, 0x0000, 0x49a5, 0xb490, 0xf617, 0xfe37, 0xfe57, 0xfe57, 0xfe57, 0xfe58, 
	0xfe57, 0xfe57, 0xfe57, 0xfe57, 0xfe57, 0xfe57, 0xfe57, 0xfe57, 0xfe57, 0xfe57, 0xfe57, 0xfe57, 0xfe57, 0xfe57, 0xfe57, 0xfe57, 
	0xfe57, 0xfe57, 0xfe57, 0xfe57, 0xfe57, 0xfe57, 0xfe57, 0xfe57, 0xfe57, 0xfe57, 0xfe57, 0xfe57, 0xfe57, 0xfe57, 0xfe57, 0xfe57, 
	0xfe57, 0xfe57, 0xfe57, 0xfe57, 0xfe57, 0xfe57, 0xfe57, 0xfe57, 0xfe57, 0xfe57, 0xfe57, 0xfe57, 0xfe57, 0xfe57, 0xfe57, 0xfe57, 
	0xfe57, 0xfe57, 0xfe57, 0xfe57, 0xfe57, 0xfe57, 0xfe57, 0xfe57, 0xfe57, 0xfe57, 0xfe57, 0xfe57, 0xfe57, 0xfe57, 0xfe57, 0xfe57, 
	0xfe57, 0xfe57, 0xfe57, 0xfe57, 0xfe57, 0xfe57, 0xfe57, 0xfe57, 0xfe77, 0xfe57, 0xfe57, 0xfe57, 0xfe57, 0xfe57, 0xfe16, 0xfe16, 
	0xfdb5, 0xfdb4, 0xfdb4, 0xfd93, 0xfd93, 0xfdb4, 0xf574, 0xdcb1, 0x82ea, 0x3903, 0x0000, 0x0000, 0x0000, 0x0000, 0x0020, 0x0000, 
	0x0000, 0x0000, 0x0021, 0x1127, 0x2ab0, 0x4419, 0x4cde, 0x4cdf, 0x44be, 0x4cde, 0x4d1e, 0x4cfd, 0x4cde, 0x4cbf, 0x4d1e, 0x4dfe, 
	0x4e3e, 0x4e1e, 0x561e, 0x563e, 0x4e1e, 0x4e3e, 0x561e, 0x4dbc, 0x1187, 0x0000, 0x0000, 0x0000, 0x0000, 0x0021, 0x1cd1, 0x27bb, 
	0x279b, 0x279b, 0x279b, 0x279b, 0x279b, 0x279b, 0x279b, 0x279b, 0x279b, 0x279b, 0x279b, 0x279b, 0x279b, 0x279b, 0x279b, 0x279b, 
	0x279b, 0x279b, 0x279b, 0x279b, 0x279b, 0x279b, 0x279b, 0x279b, 0x279b, 0x279b, 0x279b, 0x279b, 0x279b, 0x279b, 0x279b, 0x279b, 
	0x279b, 0x279b, 0x279b, 0x279b, 0x279b, 0x279b, 0x279b, 0x279b, 0x279b, 0x279c, 0x279b, 0x27bb, 0x140f, 0x0000, 0x0000, 0x0000, 
	0x0000, 0x0000, 0x3a8a, 0xaedc, 0xaedd, 0xaedc, 0xaefc, 0xaedd, 0xaedc, 0xaedc, 0xaedc, 0xaedc, 0xaedc, 0xaedc, 0xaedc, 0xaedc, 
	0xaedc, 0xaedc, 0xaedc, 0xaedc, 0xaedc, 0xaedc, 0xaedc, 0xaedc, 0xaedc, 0xaedc, 0xaedc, 0xaedc, 0xaedc, 0xaedc, 0xaedc, 0xaedc, 
	0xaedc, 0xaedc, 0xaedc, 0xaedc, 0xaedc, 0xaedc, 0xaedc, 0xaedc, 0xaedc, 0xaedc, 0xaedc, 0xaedc, 0xaedc, 0xaedc, 0xaedc, 0xaedc, 
	0xaedc, 0xaedc, 0xaedc, 0xaedc, 0xaedc, 0xaedc, 0xaedc, 0xaedc, 0xaebc, 0xb6fd, 0xaedd, 0xaedc, 0xb6fd, 0xb6dc, 0x9598, 0x29e9, 
	0x0000, 0x0000, 0x0000, 0x0000, 0x0000, 0x0000, 0x1041, 0x5a49, 0xccf2, 0xf637, 0xfe78, 0xfe57, 0xfe57, 0xfe37, 0xfe78, 0xfe38, 
	0xfe57, 0xfe57, 0xfe57, 0xfe57, 0xfe57, 0xfe57, 0xfe57, 0xfe57, 0xfe57, 0xfe57, 0xfe57, 0xfe57, 0xfe57, 0xfe57, 0xfe57, 0xfe57, 
	0xfe57, 0xfe57, 0xfe57, 0xfe57, 0xfe57, 0xfe57, 0xfe77, 0xfe77, 0xfe57, 0xfe57, 0xfe57, 0xfe57, 0xfe57, 0xfe57, 0xfe57, 0xfe57, 
	0xfe57, 0xfe57, 0xfe57, 0xfe57, 0xfe57, 0xfe57, 0xfe57, 0xfe57, 0xfe57, 0xfe57, 0xfe57, 0xfe57, 0xfe57, 0xfe57, 0xfe57, 0xfe57, 
	0xfe57, 0xfe57, 0xfe57, 0xfe57, 0xfe57, 0xfe57, 0xfe57, 0xfe57, 0xfe57, 0xfe57, 0xfe57, 0xfe57, 0xfe57, 0xfe57, 0xfe57, 0xfe57, 
	0xfe57, 0xfe57, 0xfe57, 0xfe57, 0xfe57, 0xfe57, 0xfe57, 0xfe57, 0xfe77, 0xfe57, 0xfe57, 0xfe37, 0xfe36, 0xfe16, 0xfdd5, 0xfdb5, 
	0xfdb4, 0xfdb4, 0xfd93, 0xfd94, 0xfd95, 0xed33, 0x9b8d, 0x49c5, 0x0821, 0x0000, 0x0000, 0x0000, 0x0000, 0x0000, 0x0000, 0x0000, 
	0x0000, 0x08a4, 0x21ec, 0x4397, 0x449d, 0x44df, 0x451f, 0x4cfe, 0x4cfe, 0x4cdf, 0x4cdf, 0x44de, 0x4cfe, 0x4cfe, 0x453e, 0x461e, 
	0x4e3e, 0x4e1e, 0x561e, 0x563e, 0x4e1e, 0x4e3e, 0x561e, 0x4dbc, 0x1187, 0x0000, 0x0000, 0x0000, 0x0000, 0x0021, 0x1cd1, 0x27bb, 
	0x279b, 0x279b, 0x279b, 0x279b, 0x279b, 0x279b, 0x279b, 0x279b, 0x279b, 0x279b, 0x279b, 0x279b, 0x279b, 0x279b, 0x279b, 0x279b, 
	0x279b, 0x279b, 0x279b, 0x279b, 0x279b, 0x279b, 0x279b, 0x279b, 0x279b, 0x279b, 0x279b, 0x279b, 0x279b, 0x279b, 0x279b, 0x279b, 
	0x279b, 0x279b, 0x279b, 0x279b, 0x279b, 0x279b, 0x279b, 0x279b, 0x279b, 0x279c, 0x279b, 0x27bb, 0x140f, 0x0000, 0x0000, 0x0000, 
	0x0000, 0x0000, 0x3a8a, 0xaedc, 0xaedd, 0xaedc, 0xaefc, 0xaedd, 0xaedc, 0xaedc, 0xaedc, 0xaedc, 0xaedc, 0xaedc, 0xaedc, 0xaedc, 
	0xaedc, 0xaedc, 0xaedc, 0xaedc, 0xaedc, 0xaedc, 0xaedc, 0xaedc, 0xaedc, 0xaedc, 0xaedc, 0xaedc, 0xaedc, 0xaedc, 0xaedc, 0xaedc, 
	0xaedc, 0xaedc, 0xaedc, 0xaedc, 0xaedc, 0xaedc, 0xaedc, 0xaedc, 0xaedc, 0xaedc, 0xaedc, 0xaedc, 0xaedc, 0xaedc, 0xaedc, 0xaedc, 
	0xaedc, 0xaedc, 0xaedc, 0xaedc, 0xaedc, 0xaedc, 0xaedc, 0xaedc, 0xaefc, 0xb6fd, 0xb6fd, 0xae9c, 0xaedc, 0xb6dc, 0xae9b, 0x74b4, 
	0x1904, 0x0020, 0x0000, 0x0000, 0x0000, 0x20a2, 0x72ea, 0xdd74, 0xfe37, 0xfe78, 0xfe57, 0xfe57, 0xfe78, 0xfe57, 0xfe37, 0xfe57, 
	0xfe57, 0xfe57, 0xfe57, 0xfe57, 0xfe57, 0xfe57, 0xfe57, 0xfe57, 0xfe57, 0xfe57, 0xfe57, 0xfe57, 0xfe57, 0xfe57, 0xfe57, 0xfe57, 
	0xfe57, 0xfe57, 0xfe57, 0xfe57, 0xfe37, 0xfe37, 0xfe37, 0xfe37, 0xfe57, 0xfe57, 0xfe57, 0xfe57, 0xfe57, 0xfe57, 0xfe57, 0xfe57, 
	0xfe57, 0xfe57, 0xfe57, 0xfe57, 0xfe57, 0xfe57, 0xfe57, 0xfe57, 0xfe57, 0xfe57, 0xfe57, 0xfe57, 0xfe57, 0xfe57, 0xfe57, 0xfe57, 
	0xfe57, 0xfe57, 0xfe57, 0xfe57, 0xfe57, 0xfe57, 0xfe57, 0xfe57, 0xfe57, 0xfe57, 0xfe57, 0xfe57, 0xfe57, 0xfe57, 0xfe57, 0xfe57, 
	0xfe57, 0xfe57, 0xfe57, 0xfe57, 0xfe57, 0xfe57, 0xfe57, 0xfe57, 0xfe17, 0xfe16, 0xfe16, 0xfdf6, 0xfdd5, 0xfdd5, 0xfdb4, 0xfd94, 
	0xfdb4, 0xfdb4, 0xfdd5, 0xf574, 0xc430, 0x7248, 0x20c2, 0x0020, 0x0001, 0x0000, 0x0000, 0x0000, 0x0000, 0x0000, 0x0001, 0x0021, 
	0x1169, 0x32f2, 0x445b, 0x4cff, 0x4cdf, 0x4cdf, 0x4cfe, 0x44fe, 0x4cfe, 0x4cbf, 0x4cdf, 0x4cff, 0x4cfe, 0x4cde, 0x451e, 0x4e1e, 
	0x4e3e, 0x4e1e, 0x561e, 0x563e, 0x4e1e, 0x4e3e, 0x561e, 0x4dbc, 0x1187, 0x0000, 0x0000, 0x0000, 0x0000, 0x0021, 0x1cd1, 0x27bb, 
	0x279b, 0x279b, 0x279b, 0x279b, 0x279b, 0x279b, 0x279b, 0x279b, 0x279b, 0x279b, 0x279b, 0x279b, 0x279b, 0x279b, 0x279b, 0x279b, 
	0x279b, 0x279b, 0x279b, 0x279b, 0x279b, 0x279b, 0x279b, 0x279b, 0x279b, 0x279b, 0x279b, 0x279b, 0x279b, 0x279b, 0x279b, 0x279b, 
	0x279b, 0x279b, 0x279b, 0x279b, 0x279b, 0x279b, 0x279b, 0x279b, 0x279b, 0x279c, 0x279b, 0x27bb, 0x140f, 0x0000, 0x0000, 0x0000, 
	0x0000, 0x0000, 0x3a8a, 0xaedc, 0xaedd, 0xaedc, 0xaefc, 0xaedd, 0xaedc, 0xaedc, 0xaedc, 0xaedc, 0xaedc, 0xaedc, 0xaedc, 0xaedc, 
	0xaedc, 0xaedc, 0xaedc, 0xaedc, 0xaedc, 0xaedc, 0xaedc, 0xaedc, 0xaedc, 0xaedc, 0xaedc, 0xaedc, 0xaedc, 0xaedc, 0xaedc, 0xaedc, 
	0xaedc, 0xaedc, 0xaedc, 0xaedc, 0xaedc, 0xaedc, 0xaedc, 0xaedc, 0xaedc, 0xaedc, 0xaedc, 0xaedc, 0xaedc, 0xaedc, 0xaedc, 0xaedc, 
	0xaedc, 0xaedc, 0xaedc, 0xaedc, 0xaedc, 0xaedc, 0xaedc, 0xaedc, 0xaefc, 0xaebc, 0xb6fd, 0xaedd, 0xb6fd, 0xaedc, 0xaedc, 0xae9b, 
	0x73ef, 0x10c3, 0x0000, 0x0800, 0x28e3, 0x93ae, 0xe5d5, 0xfe56, 0xfe37, 0xfe57, 0xfe58, 0xfe57, 0xfe57, 0xfe57, 0xfe57, 0xfe57, 
	0xfe57, 0xfe57, 0xfe57, 0xfe57, 0xfe57, 0xfe57, 0xfe57, 0xfe57, 0xfe57, 0xfe57, 0xfe57, 0xfe57, 0xfe57, 0xfe57, 0xfe57, 0xfe57, 
	0xfe57, 0xfe37, 0xfe37, 0xfe16, 0xfdf6, 0xfdf6, 0xfdf6, 0xfdf6, 0xfdf5, 0xfdf5, 0xfdf5, 0xfdf5, 0xfdf5, 0xfdf5, 0xfdf5, 0xfdf5, 
	0xfdf5, 0xfdf5, 0xfdf5, 0xfdf5, 0xfdf5, 0xfdf5, 0xfdf5, 0xfdf5, 0xfdf5, 0xfdf5, 0xfdf5, 0xfdf5, 0xfdf5, 0xfdf5, 0xfdf5, 0xfdf5, 
	0xfdf5, 0xfdf5, 0xfdf5, 0xfdf5, 0xfdf5, 0xfdf5, 0xfdf5, 0xfdf5, 0xfdf5, 0xfdf5, 0xfdf5, 0xfdf5, 0xfdf5, 0xfdf5, 0xfdf5, 0xfdf5, 
	0xfdf5, 0xfdf5, 0xfdf5, 0xfdf5, 0xfdf5, 0xfdf5, 0xfdf5, 0xfdf5, 0xfdd6, 0xfdd5, 0xfdd5, 0xfdb5, 0xfdb4, 0xfd94, 0xfdb4, 0xfdb4, 
	0xfd94, 0xfd94, 0xdcd1, 0x8b2a, 0x3163, 0x0040, 0x0000, 0x0801, 0x0000, 0x0000, 0x0000, 0x0000, 0x0800, 0x0821, 0x1126, 0x430e, 
	0x3c1a, 0x4cde, 0x4cfe, 0x44de, 0x4cfe, 0x4cde, 0x4cdf, 0x4cdf, 0x4cfe, 0x4cde, 0x4cfe, 0x4cfe, 0x4cdf, 0x54bf, 0x4d1e, 0x55fe, 
	0x4e3e, 0x4e1e, 0x561e, 0x563e, 0x4e1e, 0x4e3e, 0x561e, 0x4dbc, 0x1187, 0x0000, 0x0000, 0x0000, 0x0000, 0x0021, 0x1cd1, 0x27bb, 
	0x279b, 0x279b, 0x279b, 0x279b, 0x279b, 0x279b, 0x279b, 0x279b, 0x279b, 0x279b, 0x279b, 0x279b, 0x279b, 0x279b, 0x279b, 0x279b, 
	0x279b, 0x279b, 0x279b, 0x279b, 0x279b, 0x279b, 0x279b, 0x279b, 0x279b, 0x279b, 0x279b, 0x279b, 0x279b, 0x279b, 0x279b, 0x279b, 
	0x279b, 0x279b, 0x279b, 0x279b, 0x279b, 0x279b, 0x279b, 0x279b, 0x279b, 0x279c, 0x279b, 0x27bb, 0x140f, 0x0000, 0x0000, 0x0000, 
	0x0000, 0x0000, 0x3a8a, 0xaedc, 0xaedd, 0xaedc, 0xaefc, 0xaedd, 0xaedc, 0xaedc, 0xaedc, 0xaedc, 0xaedc, 0xaedc, 0xaedc, 0xaedc, 
	0xaedc, 0xaedc, 0xaedc, 0xaedc, 0xaedc, 0xaedc, 0xaedc, 0xaedc, 0xaedc, 0xaedc, 0xaedc, 0xaedc, 0xaedc, 0xaedc, 0xaedc, 0xaedc, 
	0xaedc, 0xaedc, 0xaedc, 0xaedc, 0xaedc, 0xaedc, 0xaedc, 0xaedc, 0xaedc, 0xaedc, 0xaedc, 0xaedc, 0xaedc, 0xaedc, 0xaedc, 0xaedc, 
	0xaedc, 0xaedc, 0xaedc, 0xaedc, 0xaedc, 0xaedc, 0xaedc, 0xaedc, 0xaedc, 0xaedc, 0xaedc, 0xaedc, 0xaedc, 0xaedc, 0xaedc, 0xaedc, 
	0xbe38, 0x7aea, 0x1061, 0x3965, 0xac2f, 0xfe17, 0xfe36, 0xfe78, 0xfe57, 0xfe57, 0xfe57, 0xfe57, 0xfe57, 0xfe57, 0xfe57, 0xfe57, 
	0xfe57, 0xfe57, 0xfe57, 0xfe57, 0xfe57, 0xfe57, 0xfe57, 0xfe57, 0xfe57, 0xfe57, 0xfe57, 0xfe57, 0xfe57, 0xfe57, 0xfe57, 0xfe57, 
	0xfe36, 0xfdf6, 0xfdb5, 0xfdb4, 0xfdd4, 0xfdd4, 0xfdb3, 0xfdb3, 0xfdb4, 0xfdb4, 0xfdb4, 0xfdb4, 0xfdb4, 0xfdb4, 0xfdb4, 0xfdb4, 
	0xfdb4, 0xfdb4, 0xfdb4, 0xfdb4, 0xfdb4, 0xfdb4, 0xfdb4, 0xfdb4, 0xfdb4, 0xfdb4, 0xfdb4, 0xfdb4, 0xfdb4, 0xfdb4, 0xfdb4, 0xfdb4, 
	0xfdb4, 0xfdb4, 0xfdb4, 0xfdb4, 0xfdb4, 0xfdb4, 0xfdb4, 0xfdb4, 0xfdb4, 0xfdb4, 0xfdb4, 0xfdb4, 0xfdb4, 0xfdb4, 0xfdb4, 0xfdb4, 
	0xfd94, 0xfdb5, 0xfdb4, 0xfdb4, 0xfdb4, 0xfdb4, 0xfdb4, 0xfdb4, 0xfdb4, 0xfdb4, 0xfdd4, 0xfdd4, 0xfd93, 0xfdb4, 0xfdd5, 0xfd94, 
	0xf574, 0xb42f, 0x5a27, 0x1081, 0x0020, 0x0000, 0x0000, 0x0000, 0x0000, 0x0000, 0x0000, 0x0020, 0x10a3, 0x4a8b, 0x84f5, 0x7d7d, 
	0x4cde, 0x44df, 0x4cdf, 0x54ff, 0x44de, 0x4cde, 0x54be, 0x4cde, 0x4cfe, 0x4cde, 0x4cde, 0x44de, 0x4cfe, 0x4cde, 0x4d3e, 0x4dfe, 
	0x4e3e, 0x4e1e, 0x561e, 0x563e, 0x4e1e, 0x4e3e, 0x561e, 0x4dbc, 0x1967, 0x0000, 0x0000, 0x0020, 0x0020, 0x0001, 0x1cb1, 0x27bb, 
	0x279b, 0x279b, 0x279b, 0x279b, 0x279b, 0x279b, 0x279b, 0x279b, 0x279b, 0x279b, 0x279b, 0x279b, 0x279b, 0x279b, 0x279b, 0x279b, 
	0x279b, 0x279b, 0x279b, 0x279b, 0x279b, 0x279b, 0x279b, 0x279b, 0x279b, 0x279b, 0x279b, 0x279b, 0x279b, 0x279b, 0x279b, 0x279b, 
	0x279b, 0x279b, 0x279b, 0x279b, 0x279b, 0x279b, 0x279b, 0x279b, 0x277b, 0x279c, 0x279c, 0x27bb, 0x0c0e, 0x0021, 0x0000, 0x0000, 
	0x0000, 0x0000, 0x3a8a, 0xaedc, 0xaedd, 0xaedc, 0xaefc, 0xaedd, 0xaedc, 0xaedc, 0xaedc, 0xaedc, 0xaedc, 0xaedc, 0xaedc, 0xaedc, 
	0xaedc, 0xaedc, 0xaedc, 0xaedc, 0xaedc, 0xaedc, 0xaedc, 0xaedc, 0xaedc, 0xaedc, 0xaedc, 0xaedc, 0xaedc, 0xaedc, 0xaedc, 0xaedc, 
	0xaedc, 0xaedc, 0xaedc, 0xaedc, 0xaedc, 0xaedc, 0xaedc, 0xaedc, 0xaedc, 0xaedc, 0xaedc, 0xaedc, 0xaedc, 0xaedc, 0xaedc, 0xaedc, 
	0xaedc, 0xaedc, 0xaedc, 0xaedc, 0xaedc, 0xaedc, 0xaedc, 0xaedc, 0xaedc, 0xaedc, 0xaedc, 0xaedc, 0xaedc, 0xaedc, 0xaedc, 0xaedc, 
	0xce7a, 0xdd74, 0x93ce, 0xbcf3, 0xee36, 0xfe37, 0xfe98, 0xfe37, 0xfe57, 0xfe57, 0xfe57, 0xfe57, 0xfe57, 0xfe57, 0xfe57, 0xfe57, 
	0xfe57, 0xfe57, 0xfe57, 0xfe57, 0xfe57, 0xfe57, 0xfe57, 0xfe57, 0xfe57, 0xfe57, 0xfe57, 0xfe57, 0xfe57, 0xfe57, 0xfe37, 0xfe36, 
	0xfdf5, 0xfdd4, 0xfd94, 0xfd94, 0xfd94, 0xfd94, 0xfd95, 0xfd95, 0xfdb4, 0xfdb4, 0xfdb4, 0xfdb4, 0xfdb4, 0xfdb4, 0xfdb4, 0xfdb4, 
	0xfdb4, 0xfdb4, 0xfdb4, 0xfdb4, 0xfdb4, 0xfdb4, 0xfdb4, 0xfdb4, 0xfdb4, 0xfdb4, 0xfdb4, 0xfdb4, 0xfdb4, 0xfdb4, 0xfdb4, 0xfdb4, 
	0xfdb4, 0xfdb4, 0xfdb4, 0xfdb4, 0xfdb4, 0xfdb4, 0xfdb4, 0xfdb4, 0xfdb4, 0xfdb4, 0xfdb4, 0xfdb4, 0xfdb4, 0xfdb4, 0xfdb4, 0xfdb4, 
	0xfdb4, 0xfdb4, 0xfdb4, 0xfdb4, 0xfd94, 0xfd94, 0xfdb4, 0xfdb4, 0xfdb5, 0xfdb4, 0xfdb4, 0xfdb4, 0xfd94, 0xfdd5, 0xf573, 0xd4b0, 
	0x82ea, 0x30e2, 0x0800, 0x0000, 0x0000, 0x0000, 0x0020, 0x0000, 0x0000, 0x0000, 0x0062, 0x2a07, 0x6c31, 0xa639, 0xaf1c, 0x75dd, 
	0x4cff, 0x451f, 0x44df, 0x4cde, 0x44de, 0x44de, 0x4cde, 0x4d1f, 0x4cfe, 0x4cde, 0x4cde, 0x44de, 0x4cfe, 0x4cde, 0x4d3e, 0x4dfe, 
	0x4e3e, 0x4e1e, 0x561e, 0x563e, 0x4e1e, 0x4e3e, 0x561e, 0x4dbc, 0x0987, 0x0000, 0x0000, 0x0000, 0x0000, 0x0061, 0x1cd1, 0x27ba, 
	0x279b, 0x279b, 0x279b, 0x279b, 0x279b, 0x279b, 0x279b, 0x279b, 0x279b, 0x279b, 0x279b, 0x279b, 0x279b, 0x279b, 0x279b, 0x279b, 
	0x279b, 0x279b, 0x279b, 0x279b, 0x279b, 0x279b, 0x279b, 0x279b, 0x279b, 0x279b, 0x279b, 0x279b, 0x279b, 0x279b, 0x279b, 0x279b, 
	0x279b, 0x279b, 0x279b, 0x279b, 0x279b, 0x279b, 0x279b, 0x279b, 0x2fbb, 0x279a, 0x2f7b, 0x2f9a, 0x142e, 0x0021, 0x0000, 0x0000, 
	0x0000, 0x0000, 0x3a8a, 0xaedc, 0xaedd, 0xaedc, 0xaefc, 0xaedd, 0xaedc, 0xaedc, 0xaedc, 0xaedc, 0xaedc, 0xaedc, 0xaedc, 0xaedc, 
	0xaedc, 0xaedc, 0xaedc, 0xaedc, 0xaedc, 0xaedc, 0xaedc, 0xaedc, 0xaedc, 0xaedc, 0xaedc, 0xaedc, 0xaedc, 0xaedc, 0xaedc, 0xaedc, 
	0xaedc, 0xaedc, 0xaedc, 0xaedc, 0xaedc, 0xaedc, 0xaedc, 0xaedc, 0xaedc, 0xaedc, 0xaedc, 0xaedc, 0xaedc, 0xaedc, 0xaedc, 0xaedc, 
	0xaedc, 0xaedc, 0xaedc, 0xaedc, 0xaedc, 0xaedc, 0xaedc, 0xaedc, 0xaedc, 0xaedc, 0xaedc, 0xaedc, 0xaedc, 0xaedc, 0xaedc, 0xaedc, 
	0xd69a, 0xfe78, 0xedf6, 0xfe78, 0xfe77, 0xfe37, 0xfe57, 0xfe57, 0xfe57, 0xfe57, 0xfe57, 0xfe57, 0xfe57, 0xfe57, 0xfe57, 0xfe57, 
	0xfe57, 0xfe57, 0xfe57, 0xfe57, 0xfe57, 0xfe57, 0xfe57, 0xfe57, 0xfe57, 0xfe57, 0xfe57, 0xfe57, 0xfe57, 0xfe37, 0xfe16, 0xfdf5, 
	0xfdb4, 0xfdb4, 0xfdb4, 0xfd93, 0xfd94, 0xfdb4, 0xfdb5, 0xfdb5, 0xfd94, 0xfd94, 0xfd94, 0xfd94, 0xfd94, 0xfd94, 0xfd94, 0xfd94, 
	0xfd94, 0xfd94, 0xfd94, 0xfd94, 0xfd94, 0xfd94, 0xfd94, 0xfd94, 0xfd94, 0xfd94, 0xfd94, 0xfd94, 0xfd94, 0xfd94, 0xfd94, 0xfd94, 
	0xfd94, 0xfd94, 0xfd94, 0xfd94, 0xfd94, 0xfd94, 0xfd94, 0xfd94, 0xfd94, 0xfd94, 0xfd94, 0xfd94, 0xfd94, 0xfd94, 0xfd94, 0xfd94, 
	0xfdb4, 0xfdb4, 0xfdb4, 0xfdd4, 0xfdb5, 0xfd94, 0xfd94, 0xfd94, 0xfdb4, 0xfd94, 0xfdb5, 0xfd95, 0xf554, 0xd4b1, 0x8b2b, 0x4984, 
	0x0820, 0x0020, 0x0000, 0x0000, 0x0000, 0x0000, 0x0000, 0x0000, 0x0000, 0x2146, 0x534e, 0x8d97, 0xb6dd, 0xb6bc, 0xa6bc, 0x85fe, 
	0x4cbd, 0x4cfe, 0x4cdd, 0x4cbe, 0x4cfe, 0x4cfe, 0x44de, 0x44ff, 0x4cfe, 0x4cde, 0x4cde, 0x44de, 0x4cfe, 0x4cde, 0x4d3e, 0x4dfe, 
	0x4e3e, 0x4e1e, 0x561e, 0x563e, 0x4e1e, 0x4e3e, 0x561e, 0x4dbc, 0x1187, 0x0000, 0x0000, 0x0000, 0x0000, 0x0000, 0x0a68, 0x0bcd, 
	0x0bcd, 0x0bcd, 0x0bcd, 0x0bcd, 0x0bcd, 0x0bcd, 0x0bcd, 0x0bcd, 0x0bcd, 0x0bcd, 0x0bcd, 0x0bcd, 0x0bcd, 0x0bcd, 0x0bcd, 0x0bcd, 
	0x0bcd, 0x0bcd, 0x0bcd, 0x0bcd, 0x0bcd, 0x0bcd, 0x0bcd, 0x0bcd, 0x0bcd, 0x0bcd, 0x0bcd, 0x0bcd, 0x0bcd, 0x0bcd, 0x0bcd, 0x0bcd, 
	0x0bcd, 0x0bcd, 0x0bcd, 0x0bcd, 0x0bcd, 0x0bcd, 0x0bcd, 0x0bcd, 0x13cd, 0x0bcd, 0x13ae, 0x13cd, 0x0a07, 0x0000, 0x0000, 0x0000, 
	0x0000, 0x0000, 0x3a8a, 0xaedc, 0xaedd, 0xaedc, 0xaefc, 0xaedd, 0xaedc, 0xaedc, 0xaedc, 0xaedc, 0xaedc, 0xaedc, 0xaedc, 0xaedc, 
	0xaedc, 0xaedc, 0xaedc, 0xaedc, 0xaedc, 0xaedc, 0xaedc, 0xaedc, 0xaedc, 0xaedc, 0xaedc, 0xaedc, 0xaedc, 0xaedc, 0xaedc, 0xaedc, 
	0xaedc, 0xaedc, 0xaedc, 0xaedc, 0xaedc, 0xaedc, 0xaedc, 0xaedc, 0xaedc, 0xaedc, 0xaedc, 0xaedc, 0xaedc, 0xaedc, 0xaedc, 0xaedc, 
	0xaedc, 0xaedc, 0xaedc, 0xaedc, 0xaedc, 0xaedc, 0xaedc, 0xaedc, 0xaedc, 0xaedc, 0xaedc, 0xaedc, 0xaedc, 0xaedc, 0xaedc, 0xaedc, 
	0xd69a, 0xfe37, 0xfe58, 0xfe57, 0xfe36, 0xfe57, 0xf636, 0xfe78, 0xfe57, 0xfe57, 0xfe57, 0xfe57, 0xfe57, 0xfe57, 0xfe57, 0xfe57, 
	0xfe57, 0xfe57, 0xfe57, 0xfe57, 0xfe57, 0xfe57, 0xfe57, 0xfe57, 0xfe57, 0xfe57, 0xfe57, 0xfe57, 0xfe37, 0xfe16, 0xfdd5, 0xfdb4, 
	0xfdb5, 0xfdb4, 0xfd94, 0xfdb4, 0xfdb4, 0xfdb4, 0xfdb4, 0xfdb4, 0xfdb4, 0xfdb4, 0xfdb4, 0xfdb4, 0xfdb4, 0xfdb4, 0xfdb4, 0xfdb4, 
	0xfdb4, 0xfdb4, 0xfdb4, 0xfdb4, 0xfdb4, 0xfdb4, 0xfdb4, 0xfdb4, 0xfdb4, 0xfdb4, 0xfdb4, 0xfdb4, 0xfdb4, 0xfdb4, 0xfdb4, 0xfdb4, 
	0xfdb4, 0xfdb4, 0xfdb4, 0xfdb4, 0xfdb4, 0xfdb4, 0xfdb4, 0xfdb4, 0xfdb4, 0xfdb4, 0xfdb4, 0xfdb4, 0xfdb4, 0xfdb4, 0xfdb4, 0xfdb4, 
	0xfdd4, 0xfdb4, 0xfdb4, 0xfdb4, 0xfdb4, 0xfdb4, 0xfdb5, 0xfdb5, 0xfdb4, 0xf573, 0xdd12, 0xbc2f, 0x7aaa, 0x4145, 0x1061, 0x0000, 
	0x0000, 0x0000, 0x0000, 0x0000, 0x0020, 0x0000, 0x0000, 0x10a2, 0x3a6a, 0x84b4, 0xae7b, 0xaedc, 0xaedd, 0xb6bd, 0xb6dd, 0x7d9c, 
	0x4cdf, 0x54fe, 0x54de, 0x4cbf, 0x4cff, 0x4cde, 0x4cde, 0x4cde, 0x4cfe, 0x4cde, 0x4cde, 0x44de, 0x4cfe, 0x4cde, 0x4d3e, 0x4dfe, 
	0x4e3e, 0x4e1e, 0x561e, 0x563e, 0x4e1e, 0x4e3e, 0x561e, 0x4dbc, 0x1967, 0x0000, 0x0000, 0x0000, 0x0000, 0x0800, 0x0001, 0x0001, 
	0x0000, 0x0000, 0x0000, 0x0000, 0x0000, 0x0000, 0x0000, 0x0000, 0x0000, 0x0000, 0x0000, 0x0000, 0x0000, 0x0000, 0x0000, 0x0000, 
	0x0000, 0x0000, 0x0000, 0x0000, 0x0000, 0x0000, 0x0000, 0x0000, 0x0000, 0x0000, 0x0000, 0x0000, 0x0000, 0x0000, 0x0000, 0x0000, 
	0x0000, 0x0000, 0x0000, 0x0000, 0x0000, 0x0000, 0x0000, 0x0000, 0x0800, 0x0001, 0x0001, 0x0001, 0x0000, 0x0000, 0x0000, 0x0000, 
	0x0000, 0x0000, 0x3a8a, 0xaedc, 0xaedd, 0xaedc, 0xaefc, 0xaedd, 0xaedc, 0xaedc, 0xaedc, 0xaedc, 0xaedc, 0xaedc, 0xaedc, 0xaedc, 
	0xaedc, 0xaedc, 0xaedc, 0xaedc, 0xaedc, 0xaedc, 0xaedc, 0xaedc, 0xaedc, 0xaedc, 0xaedc, 0xaedc, 0xaedc, 0xaedc, 0xaedc, 0xaedc, 
	0xaedc, 0xaedc, 0xaedc, 0xaedc, 0xaedc, 0xaedc, 0xaedc, 0xaedc, 0xaedc, 0xaedc, 0xaedc, 0xaedc, 0xaedc, 0xaedc, 0xaedc, 0xaedc, 
	0xaedc, 0xaedc, 0xaedc, 0xaedc, 0xaedc, 0xaedc, 0xaedc, 0xaedc, 0xaedc, 0xaedc, 0xaedc, 0xaedc, 0xaedc, 0xaedc, 0xaedc, 0xaedc, 
	0xceba, 0xfe57, 0xfe17, 0xfe58, 0xfe77, 0xfe58, 0xfe78, 0xfe38, 0xfe57, 0xfe57, 0xfe57, 0xfe57, 0xfe57, 0xfe57, 0xfe57, 0xfe57, 
	0xfe57, 0xfe57, 0xfe57, 0xfe57, 0xfe57, 0xfe57, 0xfe57, 0xfe57, 0xfe58, 0xfe57, 0xfe57, 0xfe36, 0xfdf5, 0xfdd5, 0xfdb4, 0xfd94, 
	0xfd94, 0xfd94, 0xfdb4, 0xfdd5, 0xfdb5, 0xfd94, 0xfd94, 0xfd94, 0xfdb4, 0xfdb4, 0xfdb4, 0xfdb4, 0xfdb4, 0xfdb4, 0xfdb4, 0xfdb4, 
	0xfdb4, 0xfdb4, 0xfdb4, 0xfdb4, 0xfdb4, 0xfdb4, 0xfdb4, 0xfdb4, 0xfdb4, 0xfdb4, 0xfdb4, 0xfdb4, 0xfdb4, 0xfdb4, 0xfdb4, 0xfdb4, 
	0xfdb4, 0xfdb4, 0xfdb4, 0xfdb4, 0xfdb4, 0xfdb4, 0xfdb4, 0xfdb4, 0xfdb4, 0xfdb4, 0xfdb4, 0xfdb4, 0xfdb4, 0xfdb4, 0xfdb4, 0xfdb4, 
	0xfd93, 0xfdb4, 0xfdb4, 0xfd94, 0xf573, 0xed52, 0xdcf1, 0xcc90, 0xbbef, 0x82ea, 0x49c5, 0x20e2, 0x0840, 0x0000, 0x0000, 0x0001, 
	0x0000, 0x0000, 0x0000, 0x0000, 0x0000, 0x0041, 0x29a7, 0x6bd0, 0x9e1a, 0xae9b, 0xaedd, 0xaf1c, 0xaefc, 0xaedc, 0xaf1d, 0x7dfc, 
	0x44ff, 0x4cdd, 0x4cdf, 0x44ff, 0x44df, 0x4cbe, 0x4cde, 0x4cfe, 0x4cfe, 0x4cde, 0x4cde, 0x44de, 0x4cfe, 0x4cde, 0x4d3e, 0x4dfe, 
	0x4e3e, 0x4e1e, 0x561e, 0x563e, 0x4e1e, 0x4e3e, 0x561e, 0x4dbc, 0x1167, 0x0000, 0x0000, 0x0000, 0x0000, 0x0000, 0x0000, 0x0000, 
	0x0000, 0x0000, 0x0000, 0x0000, 0x0000, 0x0000, 0x0000, 0x0000, 0x0000, 0x0000, 0x0000, 0x0000, 0x0000, 0x0000, 0x0000, 0x0000, 
	0x0000, 0x0000, 0x0000, 0x0000, 0x0000, 0x0000, 0x0000, 0x0000, 0x0000, 0x0000, 0x0000, 0x0000, 0x0000, 0x0000, 0x0000, 0x0000, 
	0x0000, 0x0000, 0x0000, 0x0000, 0x0000, 0x0000, 0x0000, 0x0000, 0x0800, 0x0000, 0x0000, 0x0000, 0x0000, 0x0000, 0x0020, 0x0020, 
	0x0000, 0x0000, 0x3a8a, 0xaedc, 0xaedd, 0xaedc, 0xaefc, 0xaedd, 0xaedc, 0xaedc, 0xaedc, 0xaedc, 0xaedc, 0xaedc, 0xaedc, 0xaedc, 
	0xaedc, 0xaedc, 0xaedc, 0xaedc, 0xaedc, 0xaedc, 0xaedc, 0xaedc, 0xaedc, 0xaedc, 0xaedc, 0xaedc, 0xaedc, 0xaedc, 0xaedc, 0xaedc, 
	0xaedc, 0xaedc, 0xaedc, 0xaedc, 0xaedc, 0xaedc, 0xaedc, 0xaedc, 0xaedc, 0xaedc, 0xaedc, 0xaedc, 0xaedc, 0xaedc, 0xaedc, 0xaedc, 
	0xaedc, 0xaedc, 0xaedc, 0xaedc, 0xaedc, 0xaedc, 0xaedc, 0xaedc, 0xaedc, 0xaedc, 0xaedc, 0xaedc, 0xaedc, 0xaedc, 0xaedc, 0xaedc, 
	0xceba, 0xfe78, 0xfe37, 0xfe57, 0xfe57, 0xfe17, 0xfe78, 0xfe37, 0xfe57, 0xfe57, 0xfe57, 0xfe57, 0xfe57, 0xfe57, 0xfe57, 0xfe57, 
	0xfe57, 0xfe57, 0xfe57, 0xfe57, 0xfe57, 0xfe57, 0xfe57, 0xfe57, 0xfe78, 0xfe57, 0xfe16, 0xfdf5, 0xfdd5, 0xfdb4, 0xfdb4, 0xfdb4, 
	0xfdb4, 0xfdd4, 0xe533, 0xb40e, 0x932c, 0x932b, 0x932c, 0x8b2c, 0x932b, 0x932b, 0x932b, 0x932b, 0x932b, 0x932b, 0x932b, 0x932b, 
	0x932b, 0x932b, 0x932b, 0x932b, 0x932b, 0x932b, 0x932b, 0x932b, 0x932b, 0x932b, 0x932b, 0x932b, 0x932b, 0x932b, 0x932b, 0x932b, 
	0x932b, 0x932b, 0x932b, 0x932b, 0x932b, 0x932b, 0x932b, 0x932b, 0x932b, 0x932b, 0x932b, 0x932b, 0x932b, 0x932b, 0x932b, 0x932b, 
	0x932c, 0x934c, 0x934c, 0x8b0b, 0x7aaa, 0x6a48, 0x5185, 0x38e3, 0x1061, 0x0820, 0x0000, 0x0000, 0x0020, 0x0000, 0x0000, 0x0000, 
	0x0000, 0x0000, 0x0000, 0x0021, 0x10a3, 0x4acc, 0x8d56, 0xae9b, 0xaefe, 0xaefc, 0xaedd, 0xaedc, 0x8535, 0x63b0, 0x63d0, 0x4350, 
	0x22d1, 0x2aaf, 0x3396, 0x44ff, 0x44fe, 0x4cfe, 0x4cde, 0x44fe, 0x4cfe, 0x4cde, 0x4cde, 0x44de, 0x4cfe, 0x4cde, 0x4d3e, 0x4dfe, 
	0x4e3e, 0x4e1e, 0x561e, 0x563e, 0x4e1e, 0x4e3e, 0x561e, 0x4dbc, 0x1187, 0x0000, 0x0000, 0x0000, 0x0000, 0x0020, 0x0020, 0x0020, 
	0x0000, 0x0000, 0x0000, 0x0000, 0x0000, 0x0000, 0x0000, 0x0000, 0x0000, 0x0000, 0x0000, 0x0000, 0x0000, 0x0000, 0x0000, 0x0000, 
	0x0000, 0x0000, 0x0000, 0x0000, 0x0000, 0x0000, 0x0000, 0x0000, 0x0000, 0x0000, 0x0000, 0x0000, 0x0000, 0x0000, 0x0000, 0x0000, 
	0x0000, 0x0000, 0x0000, 0x0000, 0x0000, 0x0000, 0x0000, 0x0000, 0x0020, 0x0020, 0x0000, 0x0000, 0x0000, 0x0000, 0x0000, 0x0000, 
	0x0000, 0x0000, 0x3a8a, 0xaedc, 0xaedd, 0xaedc, 0xaefc, 0xaedd, 0xaedc, 0xaedc, 0xaedc, 0xaedc, 0xaedc, 0xaedc, 0xaedc, 0xaedc, 
	0xaedc, 0xaedc, 0xaedc, 0xaedc, 0xaedc, 0xaedc, 0xaedc, 0xaedc, 0xaedc, 0xaedc, 0xaedc, 0xaedc, 0xaedc, 0xaedc, 0xaedc, 0xaedc, 
	0xaedc, 0xaedc, 0xaedc, 0xaedc, 0xaedc, 0xaedc, 0xaedc, 0xaedc, 0xaedc, 0xaedc, 0xaedc, 0xaedc, 0xaedc, 0xaedc, 0xaedc, 0xaedc, 
	0xaedc, 0xaedc, 0xaedc, 0xaedc, 0xaedc, 0xaedc, 0xaedc, 0xaedc, 0xaedc, 0xaedc, 0xaedc, 0xaedc, 0xaedc, 0xaedc, 0xaedc, 0xaedc, 
	0xce9a, 0xfe57, 0xfe78, 0xfe78, 0xfe57, 0xfe38, 0xfe57, 0xfe77, 0xfe57, 0xfe57, 0xfe57, 0xfe57, 0xfe57, 0xfe57, 0xfe57, 0xfe57, 
	0xfe57, 0xfe57, 0xfe57, 0xfe57, 0xfe57, 0xfe57, 0xfe57, 0xfe57, 0xfe57, 0xfe36, 0xfdd5, 0xfdb4, 0xfd94, 0xfdb4, 0xfdb4, 0xfdb4, 
	0xfdb4, 0xd4b0, 0x82ea, 0x3103, 0x0000, 0x0000, 0x0020, 0x0020, 0x0000, 0x0000, 0x0000, 0x0000, 0x0000, 0x0000, 0x0000, 0x0000, 
	0x0000, 0x0000, 0x0000, 0x0000, 0x0000, 0x0000, 0x0000, 0x0000, 0x0000, 0x0000, 0x0000, 0x0000, 0x0000, 0x0000, 0x0000, 0x0000, 
	0x0000, 0x0000, 0x0000, 0x0000, 0x0000, 0x0000, 0x0000, 0x0000, 0x0000, 0x0000, 0x0000, 0x0000, 0x0000, 0x0000, 0x0000, 0x0000, 
	0x0000, 0x0800, 0x0000, 0x0000, 0x0000, 0x0021, 0x0000, 0x0000, 0x0000, 0x0021, 0x0020, 0x0000, 0x0000, 0x0000, 0x0000, 0x0020, 
	0x0020, 0x0000, 0x0062, 0x29a7, 0x6c11, 0xa63a, 0xaedd, 0xaedd, 0xa6dd, 0xaedc, 0xb6fd, 0xae7b, 0x4aec, 0x0001, 0x0000, 0x0001, 
	0x0000, 0x0020, 0x220c, 0x4cbc, 0x44fe, 0x4cfe, 0x4cff, 0x44fe, 0x4cfe, 0x4cde, 0x4cde, 0x44de, 0x4cfe, 0x4cde, 0x4d3e, 0x4dfe, 
	0x4e3e, 0x4e1e, 0x561e, 0x563e, 0x4e1e, 0x4e3e, 0x561e, 0x4dbc, 0x1167, 0x0000, 0x0000, 0x0000, 0x0000, 0x0000, 0x0000, 0x0000, 
	0x0000, 0x0000, 0x0000, 0x0000, 0x0000, 0x0000, 0x0000, 0x0000, 0x0000, 0x0000, 0x0000, 0x0000, 0x0000, 0x0000, 0x0000, 0x0000, 
	0x0000, 0x0000, 0x0000, 0x0000, 0x0000, 0x0000, 0x0000, 0x0000, 0x0000, 0x0000, 0x0000, 0x0000, 0x0000, 0x0000, 0x0000, 0x0000, 
	0x0000, 0x0000, 0x0000, 0x0000, 0x0000, 0x0000, 0x0000, 0x0000, 0x0000, 0x0000, 0x0000, 0x0000, 0x0000, 0x0000, 0x0800, 0x0000, 
	0x0000, 0x0000, 0x3a8a, 0xaedc, 0xaedd, 0xaedc, 0xaefc, 0xaedd, 0xaedc, 0xaedc, 0xaedc, 0xaedc, 0xaedc, 0xaedc, 0xaedc, 0xaedc, 
	0xaedc, 0xaedc, 0xaedc, 0xaedc, 0xaedc, 0xaedc, 0xaedc, 0xaedc, 0xaedc, 0xaedc, 0xaedc, 0xaedc, 0xaedc, 0xaedc, 0xaedc, 0xaedc, 
	0xaedc, 0xaedc, 0xaedc, 0xaedc, 0xaedc, 0xaedc, 0xaedc, 0xaedc, 0xaedc, 0xaedc, 0xaedc, 0xaedc, 0xaedc, 0xaedc, 0xaedc, 0xaedc, 
	0xaedc, 0xaedc, 0xaedc, 0xaedc, 0xaedc, 0xaedc, 0xaedc, 0xaedc, 0xaedc, 0xaedc, 0xaedc, 0xaedc, 0xaedc, 0xaedc, 0xaedc, 0xaedc, 
	0xd69a, 0xfe57, 0xfe77, 0xfe57, 0xfe57, 0xfe38, 0xfe57, 0xfe77, 0xfe57, 0xfe57, 0xfe57, 0xfe57, 0xfe57, 0xfe57, 0xfe57, 0xfe57, 
	0xfe57, 0xfe57, 0xfe57, 0xfe57, 0xfe57, 0xfe57, 0xfe57, 0xfe57, 0xfe16, 0xfdf5, 0xfdb5, 0xfd94, 0xfd94, 0xfdb4, 0xfdb4, 0xfd94, 
	0xd4d2, 0x7268, 0x1840, 0x0000, 0x0021, 0x0000, 0x0000, 0x0000, 0x0000, 0x0000, 0x0000, 0x0000, 0x0000, 0x0000, 0x0000, 0x0000, 
	0x0000, 0x0000, 0x0000, 0x0000, 0x0000, 0x0000, 0x0000, 0x0000, 0x0000, 0x0000, 0x0000, 0x0000, 0x0000, 0x0000, 0x0000, 0x0000, 
	0x0000, 0x0000, 0x0000, 0x0000, 0x0000, 0x0000, 0x0000, 0x0000, 0x0000, 0x0000, 0x0000, 0x0000, 0x0000, 0x0000, 0x0000, 0x0000, 
	0x0000, 0x0000, 0x0000, 0x0000, 0x0000, 0x0000, 0x0000, 0x0000, 0x0800, 0x0000, 0x0000, 0x0000, 0x0020, 0x0000, 0x0000, 0x0000, 
	0x0062, 0x2166, 0x5b8f, 0x9597, 0xaebb, 0xaefd, 0xaedd, 0xaedd, 0xb6dd, 0xaebb, 0xb6dd, 0xaebc, 0x42ec, 0x0000, 0x0000, 0x0000, 
	0x0000, 0x0000, 0x19ec, 0x4cff, 0x44de, 0x4cde, 0x4cdf, 0x4cde, 0x4cfe, 0x4cde, 0x4cde, 0x44de, 0x4cfe, 0x4cde, 0x4d3e, 0x4dfe, 
	0x4e3e, 0x4e1e, 0x561e, 0x563e, 0x4e1e, 0x4e3e, 0x561e, 0x4dbc, 0x0987, 0x0800, 0x0000, 0x0000, 0x0000, 0x0000, 0x0000, 0x0000, 
	0x0000, 0x0000, 0x0000, 0x0000, 0x0000, 0x0000, 0x0000, 0x0000, 0x0000, 0x0000, 0x0000, 0x0000, 0x0000, 0x0000, 0x0000, 0x0000, 
	0x0000, 0x0000, 0x0000, 0x0000, 0x0000, 0x0000, 0x0000, 0x0000, 0x0000, 0x0000, 0x0000, 0x0000, 0x0000, 0x0000, 0x0000, 0x0000, 
	0x0000, 0x0000, 0x0000, 0x0000, 0x0000, 0x0000, 0x0000, 0x0000, 0x0000, 0x0000, 0x0000, 0x0000, 0x0020, 0x0000, 0x0000, 0x0020, 
	0x0000, 0x0000, 0x3a8a, 0xaedc, 0xaedd, 0xaedc, 0xaefc, 0xaedd, 0xaedc, 0xaedc, 0xaedc, 0xaedc, 0xaedc, 0xaedc, 0xaedc, 0xaedc, 
	0xaedc, 0xaedc, 0xaedc, 0xaedc, 0xaedc, 0xaedc, 0xaedc, 0xaedc, 0xaedc, 0xaedc, 0xaedc, 0xaedc, 0xaedc, 0xaedc, 0xaedc, 0xaedc, 
	0xaedc, 0xaedc, 0xaedc, 0xaedc, 0xaedc, 0xaedc, 0xaedc, 0xaedc, 0xaedc, 0xaedc, 0xaedc, 0xaedc, 0xaedc, 0xaedc, 0xaedc, 0xaedc, 
	0xaedc, 0xaedc, 0xaedc, 0xaedc, 0xaedc, 0xaedc, 0xaedc, 0xaedc, 0xaedc, 0xaedc, 0xaedc, 0xaedc, 0xaedc, 0xaedc, 0xaedc, 0xaedc, 
	0xd69a, 0xfe57, 0xfe57, 0xfe37, 0xfe77, 0xfe58, 0xfe57, 0xfe57, 0xfe57, 0xfe57, 0xfe57, 0xfe57, 0xfe57, 0xfe57, 0xfe57, 0xfe57, 
	0xfe57, 0xfe57, 0xfe57, 0xfe57, 0xfe57, 0xfe78, 0xfe57, 0xfe16, 0xfdf4, 0xfdb4, 0xfd75, 0xfdb5, 0xfdb4, 0xfdb4, 0xfd94, 0xcc90, 
	0x5a28, 0x1020, 0x0000, 0x0020, 0x0000, 0x0000, 0x0000, 0x0000, 0x0000, 0x0000, 0x0000, 0x0000, 0x0000, 0x0000, 0x0000, 0x0000, 
	0x0000, 0x0000, 0x0000, 0x0000, 0x0000, 0x0000, 0x0000, 0x0000, 0x0000, 0x0000, 0x0000, 0x0000, 0x0000, 0x0000, 0x0000, 0x0000, 
	0x0000, 0x0000, 0x0000, 0x0000, 0x0000, 0x0000, 0x0000, 0x0000, 0x0000, 0x0000, 0x0000, 0x0000, 0x0000, 0x0000, 0x0000, 0x0000, 
	0x0000, 0x0000, 0x0000, 0x0000, 0x0000, 0x0000, 0x0000, 0x0000, 0x0000, 0x0000, 0x0000, 0x0000, 0x0000, 0x0000, 0x0882, 0x29a7, 
	0x53af, 0x8556, 0xae9b, 0xaedc, 0xb6fd, 0xb6fd, 0xaedc, 0xaedc, 0xaefc, 0xb6bc, 0xaebc, 0xaefc, 0x4aec, 0x0000, 0x0000, 0x0000, 
	0x0000, 0x0800, 0x21ec, 0x4cbd, 0x4cdf, 0x4cbe, 0x44de, 0x4d1e, 0x4cfe, 0x4cde, 0x4cdf, 0x44de, 0x4cff, 0x4cdf, 0x4d3e, 0x4dfe, 
	0x4e1e, 0x561e, 0x561e, 0x563e, 0x4e1e, 0x563e, 0x561e, 0x4dbc, 0x1187, 0x0000, 0x0000, 0x0000, 0x0000, 0x0000, 0x29e8, 0x430c, 
	0x4aec, 0x4aec, 0x4aec, 0x4aec, 0x4aec, 0x4aec, 0x4aec, 0x4aec, 0x4aec, 0x4aec, 0x4aec, 0x4aec, 0x4aec, 0x4aec, 0x4aec, 0x4aec, 
	0x4aec, 0x4aec, 0x4aec, 0x4aec, 0x4aec, 0x4aec, 0x4aec, 0x4aec, 0x4aec, 0x4aec, 0x4aec, 0x4aec, 0x4aec, 0x4aec, 0x4aec, 0x4aec, 
	0x4aec, 0x4aec, 0x4aec, 0x4aec, 0x4aec, 0x4aec, 0x4aec, 0x4aec, 0x4b0c, 0x4aec, 0x42ec, 0x430c, 0x2186, 0x0000, 0x0000, 0x0000, 
	0x0000, 0x0000, 0x3a8a, 0xaedc, 0xaedd, 0xaedc, 0xaefc, 0xaedd, 0xaedc, 0xaedc, 0xaedc, 0xaedc, 0xaedc, 0xaedc, 0xaedc, 0xaedc, 
	0xaedc, 0xaedc, 0xaedc, 0xaedc, 0xaedc, 0xaedc, 0xaedc, 0xaedc, 0xaedc, 0xaedc, 0xaedc, 0xaedc, 0xaedc, 0xaedc, 0xaedc, 0xaedc, 
	0xaedc, 0xaedc, 0xaedc, 0xaedc, 0xaedc, 0xaedc, 0xaedc, 0xaedc, 0xaedc, 0xaedc, 0xaedc, 0xaedc, 0xaedc, 0xaedc, 0xaedc, 0xaedc, 
	0xaedc, 0xaedc, 0xaedc, 0xaedc, 0xaedc, 0xaedc, 0xaedc, 0xaedc, 0xaedc, 0xaedc, 0xaedc, 0xaedc, 0xaedc, 0xaedc, 0xaedc, 0xaedc, 
	0xd69a, 0xfe57, 0xfe57, 0xfe37, 0xfe77, 0xfe58, 0xfe57, 0xfe57, 0xfe57, 0xfe57, 0xfe57, 0xfe57, 0xfe57, 0xfe57, 0xfe57, 0xfe57, 
	0xfe57, 0xfe57, 0xfe57, 0xfe57, 0xfe37, 0xfe37, 0xfe16, 0xfdd5, 0xfd73, 0xfdd4, 0xfdb4, 0xfdb4, 0xfd93, 0xfdb4, 0xc490, 0x51a5, 
	0x0820, 0x0820, 0x0000, 0x0000, 0x0000, 0x0000, 0x0000, 0x0000, 0x0000, 0x0000, 0x0000, 0x0000, 0x0000, 0x0000, 0x0000, 0x0000, 
	0x0000, 0x0000, 0x0000, 0x0000, 0x0000, 0x0000, 0x0000, 0x0000, 0x0000, 0x0000, 0x0000, 0x0000, 0x0000, 0x0000, 0x0000, 0x0000, 
	0x0000, 0x0000, 0x0000, 0x0000, 0x0000, 0x0000, 0x0000, 0x0000, 0x0000, 0x0000, 0x0000, 0x0000, 0x0000, 0x0000, 0x0000, 0x0000, 
	0x0000, 0x0000, 0x0000, 0x0000, 0x0000, 0x0000, 0x0000, 0x0000, 0x0000, 0x0000, 0x0000, 0x0041, 0x1945, 0x3a8b, 0x6c31, 0x95b7, 
	0xae7a, 0xb6dc, 0xb6dc, 0xaebc, 0xaedd, 0xaedc, 0xaedc, 0xb6fd, 0xaedc, 0xb6dd, 0xaefd, 0xaedc, 0x4acb, 0x0000, 0x0000, 0x0000, 
	0x0020, 0x0000, 0x1a0d, 0x44fe, 0x4cff, 0x4cde, 0x44df, 0x4cdd, 0x4cfe, 0x4cde, 0x4cdf, 0x44de, 0x4cde, 0x4cdf, 0x4d3e, 0x4dfe, 
	0x4e1e, 0x561e, 0x561e, 0x563e, 0x4e1e, 0x563e, 0x561e, 0x4dbc, 0x1188, 0x0000, 0x0000, 0x0000, 0x0000, 0x1061, 0x7cb3, 0xcf9e, 
	0xbf9e, 0xbf9e, 0xbf9e, 0xbf9e, 0xbf9e, 0xbf9e, 0xbf9e, 0xbf9e, 0xbf9e, 0xbf9e, 0xbf9e, 0xbf9e, 0xbf9e, 0xbf9e, 0xbf9e, 0xbf9e, 
	0xbf9e, 0xbf9e, 0xbf9e, 0xbf9e, 0xbf9e, 0xbf9e, 0xbf9e, 0xbf9e, 0xbf9e, 0xbf9e, 0xbf9e, 0xbf9e, 0xbf9e, 0xbf9e, 0xbf9e, 0xbf9e, 
	0xbf9e, 0xbf9e, 0xbf9e, 0xbf9e, 0xbf9e, 0xbf9e, 0xbf9e, 0xbf9e, 0xc77d, 0xc77e, 0xc79e, 0xc77d, 0x6c30, 0x0021, 0x0000, 0x0020, 
	0x0000, 0x0000, 0x3a8a, 0xaedc, 0xaedd, 0xaedc, 0xaefc, 0xaedd, 0xaedc, 0xaedc, 0xaedc, 0xaedc, 0xaedc, 0xaedc, 0xaedc, 0xaedc, 
	0xaedc, 0xaedc, 0xaedc, 0xaedc, 0xaedc, 0xaedc, 0xaedc, 0xaedc, 0xaedc, 0xaedc, 0xaedc, 0xaedc, 0xaedc, 0xaedc, 0xaedc, 0xaedc, 
	0xaedc, 0xaedc, 0xaedc, 0xaedc, 0xaedc, 0xaedc, 0xaedc, 0xaedc, 0xaedc, 0xaedc, 0xaedc, 0xaedc, 0xaedc, 0xaedc, 0xaedc, 0xaedc, 
	0xaedc, 0xaedc, 0xaedc, 0xaedc, 0xaedc, 0xaedc, 0xaedc, 0xaedc, 0xaedc, 0xaedc, 0xaedc, 0xaedc, 0xaedc, 0xaedc, 0xaedc, 0xaedc, 
	0xd69a, 0xfe57, 0xfe57, 0xfe37, 0xfe77, 0xfe58, 0xfe57, 0xfe57, 0xfe57, 0xfe57, 0xfe57, 0xfe57, 0xfe57, 0xfe57, 0xfe57, 0xfe57, 
	0xfe57, 0xfe57, 0xfe57, 0xfe57, 0xfe36, 0xfdf6, 0xfdd5, 0xfdb4, 0xfd95, 0xfdb4, 0xfdd4, 0xfd93, 0xfd94, 0xbc2f, 0x4164, 0x0820, 
	0x0000, 0x0000, 0x0000, 0x0000, 0x0000, 0x0000, 0x0000, 0x0000, 0x0000, 0x0000, 0x0000, 0x0000, 0x0000, 0x0000, 0x0000, 0x0000, 
	0x0000, 0x0000, 0x0000, 0x0000, 0x0000, 0x0000, 0x0000, 0x0000, 0x0000, 0x0000, 0x0000, 0x0000, 0x0000, 0x0000, 0x0000, 0x0000, 
	0x0000, 0x0000, 0x0000, 0x0000, 0x0000, 0x0000, 0x0000, 0x0000, 0x0000, 0x0000, 0x0000, 0x0000, 0x0000, 0x0000, 0x0000, 0x0000, 
	0x0000, 0x0000, 0x0000, 0x0000, 0x0020, 0x0021, 0x0862, 0x10a3, 0x10e4, 0x29c8, 0x4aec, 0x6c11, 0x8d36, 0x9e19, 0xa69c, 0xb6fd, 
	0xb6fc, 0xb6fd, 0xaedc, 0xaedd, 0xb6fd, 0xaedc, 0xaebc, 0xb6dc, 0xaedc, 0xb6dd, 0xb6dd, 0xaebb, 0x4aec, 0x0000, 0x0000, 0x0000, 
	0x0000, 0x0000, 0x1a0d, 0x4cdd, 0x44fe, 0x4cde, 0x4cff, 0x4cbe, 0x4cfe, 0x4cde, 0x4cdf, 0x44de, 0x4cde, 0x4cde, 0x4d3e, 0x4dfe, 
	0x4e1e, 0x561e, 0x561e, 0x563e, 0x4e1e, 0x563e, 0x561e, 0x4dbc, 0x1988, 0x0000, 0x0000, 0x0000, 0x0000, 0x0021, 0x74d3, 0xc7ff, 
	0xc7bf, 0xc7bf, 0xc7bf, 0xc7bf, 0xc7bf, 0xc7bf, 0xc7bf, 0xc7bf, 0xc7bf, 0xc7bf, 0xc7bf, 0xc7bf, 0xc7bf, 0xc7bf, 0xc7bf, 0xc7bf, 
	0xc7bf, 0xc7bf, 0xc7bf, 0xc7bf, 0xc7bf, 0xc7bf, 0xc7bf, 0xc7bf, 0xc7bf, 0xc7bf, 0xc7bf, 0xc7bf, 0xc7bf, 0xc7bf, 0xc7bf, 0xc7bf, 
	0xc7bf, 0xc7bf, 0xc7bf, 0xc7bf, 0xc7bf, 0xc7bf, 0xc7bf, 0xc7bf, 0xbfdf, 0xc7df, 0xbf9f, 0xc7df, 0x6c51, 0x0000, 0x0000, 0x0000, 
	0x0000, 0x0000, 0x3a8a, 0xaedc, 0xaedd, 0xaedc, 0xaefc, 0xaedd, 0xaedc, 0xaedc, 0xaedc, 0xaedc, 0xaedc, 0xaedc, 0xaedc, 0xaedc, 
	0xaedc, 0xaedc, 0xaedc, 0xaedc, 0xaedc, 0xaedc, 0xaedc, 0xaedc, 0xaedc, 0xaedc, 0xaedc, 0xaedc, 0xaedc, 0xaedc, 0xaedc, 0xaedc, 
	0xaedc, 0xaedc, 0xaedc, 0xaedc, 0xaedc, 0xaedc, 0xaedc, 0xaedc, 0xaedc, 0xaedc, 0xaedc, 0xaedc, 0xaedc, 0xaedc, 0xaedc, 0xaedc, 
	0xaedc, 0xaedc, 0xaedc, 0xaedc, 0xaedc, 0xaedc, 0xaedc, 0xaedc, 0xaedc, 0xaedc, 0xaedc, 0xaedc, 0xaedc, 0xaedc, 0xaedc, 0xaedc, 
	0xd69a, 0xfe57, 0xfe57, 0xfe37, 0xfe77, 0xfe58, 0xfe57, 0xfe57, 0xfe57, 0xfe57, 0xfe57, 0xfe57, 0xfe57, 0xfe57, 0xfe57, 0xfe57, 
	0xfe58, 0xfe57, 0xfe57, 0xfe36, 0xfdf5, 0xfdd5, 0xfdb4, 0xfdb4, 0xfdb5, 0xfd94, 0xfdb4, 0xf593, 0xabee, 0x3964, 0x0000, 0x0000, 
	0x0020, 0x0000, 0x0800, 0x0000, 0x0020, 0x2186, 0x3208, 0x3a2a, 0x3209, 0x3209, 0x3209, 0x3209, 0x3209, 0x3209, 0x3209, 0x3209, 
	0x3209, 0x3209, 0x3209, 0x3209, 0x3209, 0x3209, 0x3209, 0x3209, 0x3209, 0x3209, 0x3209, 0x3209, 0x3209, 0x3209, 0x3209, 0x3209, 
	0x3209, 0x3209, 0x3209, 0x3209, 0x3209, 0x3209, 0x3209, 0x3209, 0x3209, 0x3209, 0x3209, 0x3209, 0x3209, 0x3209, 0x3209, 0x3209, 
	0x3a49, 0x3229, 0x3229, 0x3249, 0x3a8b, 0x4b0d, 0x63af, 0x7452, 0x8556, 0x9df8, 0xa67a, 0xaebb, 0xb6fd, 0xb6fd, 0xb6dd, 0xaebd, 
	0xa69c, 0xaedc, 0xaedd, 0xaedd, 0xaedd, 0xaedd, 0xaedc, 0xb6dc, 0xaedc, 0xaebd, 0xaebc, 0xaebb, 0x6c32, 0x3a29, 0x3229, 0x21ea, 
	0x1989, 0x1989, 0x2af2, 0x4cbd, 0x44de, 0x4cde, 0x4cff, 0x4cde, 0x44de, 0x4cdf, 0x4cdf, 0x44de, 0x4cde, 0x4cde, 0x4d3e, 0x55fe, 
	0x4e1e, 0x561e, 0x561e, 0x563e, 0x4e1e, 0x563e, 0x561e, 0x4dbc, 0x1187, 0x0000, 0x0000, 0x0000, 0x0000, 0x0021, 0x7d14, 0xc7df, 
	0xc7bf, 0xc7bf, 0xc7bf, 0xc7bf, 0xc7bf, 0xc7bf, 0xc7bf, 0xc7bf, 0xc7bf, 0xc7bf, 0xc7bf, 0xc7bf, 0xc7bf, 0xc7bf, 0xc7bf, 0xc7bf, 
	0xc7bf, 0xc7bf, 0xc7bf, 0xc7bf, 0xc7bf, 0xc7bf, 0xc7bf, 0xc7bf, 0xc7bf, 0xc7bf, 0xc7bf, 0xc7bf, 0xc7bf, 0xc7bf, 0xc7bf, 0xc7bf, 
	0xc7bf, 0xc7bf, 0xc7bf, 0xc7bf, 0xc7bf, 0xc7bf, 0xc7bf, 0xc7bf, 0xbfbf, 0xc7df, 0xbfbf, 0xc7bf, 0x6c30, 0x0000, 0x0821, 0x0000, 
	0x0000, 0x0000, 0x3a8a, 0xaedc, 0xaedd, 0xaedc, 0xaefc, 0xaedd, 0xaedc, 0xaedc, 0xaedc, 0xaedc, 0xaedc, 0xaedc, 0xaedc, 0xaedc, 
	0xaedc, 0xaedc, 0xaedc, 0xaedc, 0xaedc, 0xaedc, 0xaedc, 0xaedc, 0xaedc, 0xaedc, 0xaedc, 0xaedc, 0xaedc, 0xaedc, 0xaedc, 0xaedc, 
	0xaedc, 0xaedc, 0xaedc, 0xaedc, 0xaedc, 0xaedc, 0xaedc, 0xaedc, 0xaedc, 0xaedc, 0xaedc, 0xaedc, 0xaedc, 0xaedc, 0xaedc, 0xaedc, 
	0xaedc, 0xaedc, 0xaedc, 0xaedc, 0xaedc, 0xaedc, 0xaedc, 0xaedc, 0xaedc, 0xaedc, 0xaedc, 0xaedc, 0xaedc, 0xaedc, 0xaedc, 0xaedc, 
	0xd69a, 0xfe57, 0xfe57, 0xfe37, 0xfe77, 0xfe58, 0xfe57, 0xfe57, 0xfe57, 0xfe57, 0xfe57, 0xfe57, 0xfe57, 0xfe57, 0xfe57, 0xfe57, 
	0xfe78, 0xfe37, 0xfe16, 0xfdf5, 0xfdb4, 0xfd94, 0xfd94, 0xfdb4, 0xfd93, 0xfdb5, 0xf553, 0xa3ad, 0x3124, 0x0000, 0x0020, 0x0000, 
	0x0020, 0x0000, 0x0000, 0x0021, 0x21c7, 0x84f4, 0xae7b, 0xae7b, 0xae9b, 0xae9b, 0xae9b, 0xae9b, 0xae9b, 0xae9b, 0xae9b, 0xae9b, 
	0xae9b, 0xae9b, 0xae9b, 0xae9b, 0xae9b, 0xae9b, 0xae9b, 0xae9b, 0xae9b, 0xae9b, 0xae9b, 0xae9b, 0xae9b, 0xae9b, 0xae9b, 0xae9b, 
	0xae9b, 0xae9b, 0xae9b, 0xae9b, 0xae9b, 0xae9b, 0xae9b, 0xae9b, 0xae9b, 0xae9b, 0xae9b, 0xae9b, 0xae9b, 0xae9b, 0xae9b, 0xae9b, 
	0xa69b, 0xa67a, 0xa69b, 0xa69b, 0xa6bc, 0xa6bb, 0xaedc, 0xaefd, 0xaedc, 0xaefd, 0xaefd, 0xaedc, 0xaedc, 0xaedc, 0xaedc, 0xb6bc, 
	0xaefd, 0xb6fd, 0xaedd, 0xaebc, 0xaedd, 0xb6fd, 0xaedd, 0xaedc, 0xaedc, 0xaedd, 0xaefd, 0xb73e, 0xae9c, 0xae5a, 0xae7b, 0x7d7a, 
	0x4cbd, 0x4c9c, 0x4cbd, 0x4d1f, 0x4cde, 0x4cde, 0x4cde, 0x4cde, 0x4cde, 0x4cdf, 0x4cdf, 0x44fe, 0x4cde, 0x4cde, 0x4d3e, 0x55fe, 
	0x4e1e, 0x561e, 0x561e, 0x563e, 0x4e1e, 0x563e, 0x561e, 0x4dbc, 0x0967, 0x0000, 0x0000, 0x0000, 0x0000, 0x0001, 0x7cf4, 0xc7be, 
	0xc7bf, 0xc7bf, 0xc7bf, 0xc7bf, 0xc7bf, 0xc7bf, 0xc7bf, 0xc7bf, 0xc7bf, 0xc7bf, 0xc7bf, 0xc7bf, 0xc7bf, 0xc7bf, 0xc7bf, 0xc7bf, 
	0xc7bf, 0xc7bf, 0xc7bf, 0xc7bf, 0xc7bf, 0xc7bf, 0xc7bf, 0xc7bf, 0xc7bf, 0xc7bf, 0xc7bf, 0xc7bf, 0xc7bf, 0xc7bf, 0xc7bf, 0xc7bf, 
	0xc7bf, 0xc7bf, 0xc7bf, 0xc7bf, 0xc7bf, 0xc7bf, 0xc7bf, 0xc7bf, 0xc79f, 0xc79f, 0xc7bf, 0xcfdf, 0x6c10, 0x0000, 0x0800, 0x0000, 
	0x0000, 0x0000, 0x3a8a, 0xaedc, 0xaedd, 0xaedc, 0xaefc, 0xaedd, 0xaedc, 0xaedc, 0xaedc, 0xaedc, 0xaedc, 0xaedc, 0xaedc, 0xaedc, 
	0xaedc, 0xaedc, 0xaedc, 0xaedc, 0xaedc, 0xaedc, 0xaedc, 0xaedc, 0xaedc, 0xaedc, 0xaedc, 0xaedc, 0xaedc, 0xaedc, 0xaedc, 0xaedc, 
	0xaedc, 0xaedc, 0xaedc, 0xaedc, 0xaedc, 0xaedc, 0xaedc, 0xaedc, 0xaedc, 0xaedc, 0xaedc, 0xaedc, 0xaedc, 0xaedc, 0xaedc, 0xaedc, 
	0xaedc, 0xaedc, 0xaedc, 0xaedc, 0xaedc, 0xaedc, 0xaedc, 0xaedc, 0xaedc, 0xaedc, 0xaedc, 0xaedc, 0xaedc, 0xaedc, 0xaedc, 0xaedc, 
	0xd69a, 0xfe57, 0xfe57, 0xfe37, 0xfe77, 0xfe58, 0xfe57, 0xfe57, 0xfe57, 0xfe57, 0xfe57, 0xfe57, 0xfe57, 0xfe57, 0xfe57, 0xfe57, 
	0xfe37, 0xfe16, 0xfdf5, 0xfdd5, 0xfdb4, 0xfdb4, 0xfdb4, 0xfdb4, 0xfdf5, 0xed54, 0x9b6d, 0x28e3, 0x0000, 0x0000, 0x0000, 0x0000, 
	0x0000, 0x0000, 0x0021, 0x3229, 0x8d35, 0xb6dc, 0xaedd, 0xaefd, 0xaefd, 0xaefd, 0xaefd, 0xaefd, 0xaefd, 0xaefd, 0xaefd, 0xaefd, 
	0xaefd, 0xaefd, 0xaefd, 0xaefd, 0xaefd, 0xaefd, 0xaefd, 0xaefd, 0xaefd, 0xaefd, 0xaefd, 0xaefd, 0xaefd, 0xaefd, 0xaefd, 0xaefd, 
	0xaefd, 0xaefd, 0xaefd, 0xaefd, 0xaefd, 0xaefd, 0xaefd, 0xaefd, 0xaefd, 0xaefd, 0xaefd, 0xaefd, 0xaefd, 0xaefd, 0xaefd, 0xaefd, 
	0xb6fd, 0xaedd, 0xaedd, 0xaedd, 0xaedd, 0xaedd, 0xaedd, 0xaedd, 0xb6dd, 0xaedd, 0xaedd, 0xaedd, 0xaedc, 0xaefc, 0xaedc, 0xaedc, 
	0xaedd, 0xaedd, 0xaedc, 0xaedc, 0xaedd, 0xaedc, 0xaedc, 0xaedc, 0xb6dc, 0xaedd, 0xaedc, 0xaedc, 0xa6bd, 0xb6fd, 0xaf1d, 0x75dd, 
	0x44ff, 0x4cff, 0x44df, 0x44de, 0x4cde, 0x4cde, 0x4cde, 0x4cff, 0x4cde, 0x4cdf, 0x4cdf, 0x44fe, 0x4cfe, 0x4cde, 0x4d1e, 0x55de, 
	0x4e1e, 0x561e, 0x561e, 0x563e, 0x4e1e, 0x563e, 0x561e, 0x4dbc, 0x11a8, 0x0000, 0x0000, 0x0000, 0x0000, 0x0821, 0x84f4, 0xcfdf, 
	0xc7bf, 0xc7bf, 0xc7bf, 0xc7bf, 0xc7bf, 0xc7bf, 0xc7bf, 0xc7bf, 0xc7bf, 0xc7bf, 0xc7bf, 0xc7bf, 0xc7bf, 0xc7bf, 0xc7bf, 0xc7bf, 
	0xc7bf, 0xc7bf, 0xc7bf, 0xc7bf, 0xc7bf, 0xc7bf, 0xc7bf, 0xc7bf, 0xc7bf, 0xc7bf, 0xc7bf, 0xc7bf, 0xc7bf, 0xc7bf, 0xc7bf, 0xc7bf, 
	0xc7bf, 0xc7bf, 0xc7bf, 0xc7bf, 0xc7bf, 0xc7bf, 0xc7bf, 0xc7bf, 0xcfbf, 0xc79f, 0xc7bf, 0xc7be, 0x6410, 0x0020, 0x0000, 0x0000, 
	0x0000, 0x0000, 0x3a8a, 0xaedc, 0xaedd, 0xaedc, 0xaefc, 0xaedd, 0xaedc, 0xaedc, 0xaedc, 0xaedc, 0xaedc, 0xaedc, 0xaedc, 0xaedc, 
	0xaedc, 0xaedc, 0xaedc, 0xaedc, 0xaedc, 0xaedc, 0xaedc, 0xaedc, 0xaedc, 0xaedc, 0xaedc, 0xaedc, 0xaedc, 0xaedc, 0xaedc, 0xaedc, 
	0xaedc, 0xaedc, 0xaedc, 0xaedc, 0xaedc, 0xaedc, 0xaedc, 0xaedc, 0xaedc, 0xaedc, 0xaedc, 0xaedc, 0xaedc, 0xaedc, 0xaedc, 0xaedc, 
	0xaedc, 0xaedc, 0xaedc, 0xaedc, 0xaedc, 0xaedc, 0xaedc, 0xaedc, 0xaedc, 0xaedc, 0xaedc, 0xaedc, 0xaedc, 0xaedc, 0xaedc, 0xaedc, 
	0xd69a, 0xfe57, 0xfe57, 0xfe37, 0xfe77, 0xfe58, 0xfe57, 0xfe57, 0xfe57, 0xfe57, 0xfe57, 0xfe57, 0xfe57, 0xfe57, 0xfe57, 0xfe37, 
	0xfdf6, 0xfdd5, 0xfdd5, 0xfdb4, 0xfdb4, 0xfdb4, 0xfdb4, 0xfd94, 0xdd12, 0x8b0b, 0x28c3, 0x0000, 0x0000, 0x0000, 0x0000, 0x0000, 
	0x0000, 0x0041, 0x3a8b, 0x8d97, 0xaebc, 0xaebc, 0xb6fd, 0xa6dc, 0xaedd, 0xaedd, 0xaedd, 0xaedd, 0xaedd, 0xaedd, 0xaedd, 0xaedd, 
	0xaedd, 0xaedd, 0xaedd, 0xaedd, 0xaedd, 0xaedd, 0xaedd, 0xaedd, 0xaedd, 0xaedd, 0xaedd, 0xaedd, 0xaedd, 0xaedd, 0xaedd, 0xaedd, 
	0xaedd, 0xaedd, 0xaedd, 0xaedd, 0xaedd, 0xaedd, 0xaedd, 0xaedd, 0xaedd, 0xaedd, 0xaedd, 0xaedd, 0xaedd, 0xaedd, 0xaedd, 0xaedd, 
	0xaebc, 0xb6bc, 0xb6bd, 0xb6dd, 0xb6dd, 0xb6dd, 0xb6dd, 0xb6dd, 0xb6dd, 0xaedc, 0xaebd, 0xaedd, 0xaedd, 0xaedd, 0xaedc, 0xaedc, 
	0xaedd, 0xaedc, 0xaedc, 0xaedd, 0xaedc, 0xaebc, 0xaedc, 0xaefd, 0xb6fc, 0xaebd, 0xb6fc, 0xaedd, 0xaedd, 0xaedc, 0xaedc, 0x75fe, 
	0x4cde, 0x4cde, 0x4cde, 0x4cde, 0x4cfe, 0x4cde, 0x4cde, 0x44de, 0x4cfe, 0x4cdf, 0x4cde, 0x44fe, 0x4cfe, 0x4cdf, 0x4cfe, 0x4dbe, 
	0x4e1e, 0x561e, 0x561e, 0x563e, 0x4e1e, 0x563e, 0x561e, 0x4dbc, 0x1167, 0x0000, 0x0000, 0x0000, 0x0020, 0x0000, 0x7cd3, 0xc7df, 
	0xc7bf, 0xc7bf, 0xc7bf, 0xc7bf, 0xc7bf, 0xc7bf, 0xc7bf, 0xc7bf, 0xc7bf, 0xc7bf, 0xc7bf, 0xc7bf, 0xc7bf, 0xc7bf, 0xc7bf, 0xc7bf, 
	0xc7bf, 0xc7bf, 0xc7bf, 0xc7bf, 0xc7bf, 0xc7bf, 0xc7bf, 0xc7bf, 0xc7bf, 0xc7bf, 0xc7bf, 0xc7bf, 0xc7bf, 0xc7bf, 0xc7bf, 0xc7bf, 
	0xc7bf, 0xc7bf, 0xc7bf, 0xc7bf, 0xc7bf, 0xc7bf, 0xc7bf, 0xc7bf, 0xbf9e, 0xc7bf, 0xc7df, 0xc7df, 0x6430, 0x0020, 0x0000, 0x0000, 
	0x0000, 0x0000, 0x3a8a, 0xaedc, 0xaedd, 0xaedc, 0xaefc, 0xaedd, 0xaedc, 0xaedc, 0xaedc, 0xaedc, 0xaedc, 0xaedc, 0xaedc, 0xaedc, 
	0xaedc, 0xaedc, 0xaedc, 0xaedc, 0xaedc, 0xaedc, 0xaedc, 0xaedc, 0xaedc, 0xaedc, 0xaedc, 0xaedc, 0xaedc, 0xaedc, 0xaedc, 0xaedc, 
	0xaedc, 0xaedc, 0xaedc, 0xaedc, 0xaedc, 0xaedc, 0xaedc, 0xaedc, 0xaedc, 0xaedc, 0xaedc, 0xaedc, 0xaedc, 0xaedc, 0xaedc, 0xaedc, 
	0xaedc, 0xaedc, 0xaedc, 0xaedc, 0xaedc, 0xaedc, 0xaedc, 0xaedc, 0xaedc, 0xaedc, 0xaedc, 0xaedc, 0xaedc, 0xaedc, 0xaedc, 0xaedc, 
	0xd69a, 0xfe57, 0xfe57, 0xfe37, 0xfe77, 0xfe58, 0xfe57, 0xfe57, 0xfe57, 0xfe57, 0xfe57, 0xfe57, 0xfe57, 0xfe57, 0xfe37, 0xfe37, 
	0xfdd5, 0xfdb4, 0xfdb4, 0xfdb4, 0xfdb4, 0xfdb4, 0xfd74, 0xed32, 0x8aea, 0x2081, 0x0000, 0x0000, 0x0000, 0x0020, 0x0000, 0x0000, 
	0x0862, 0x42cb, 0x95d8, 0xaedc, 0xaedd, 0xaedd, 0xaebc, 0xb6fc, 0xaedc, 0xaedc, 0xaedc, 0xaedc, 0xaedc, 0xaedc, 0xaedc, 0xaedc, 
	0xaedc, 0xaedc, 0xaedc, 0xaedc, 0xaedc, 0xaedc, 0xaedc, 0xaedc, 0xaedc, 0xaedc, 0xaedc, 0xaedc, 0xaedc, 0xaedc, 0xaedc, 0xaedc, 
	0xaedc, 0xaedc, 0xaedc, 0xaedc, 0xaedc, 0xaedc, 0xaedc, 0xaedc, 0xaedc, 0xaedc, 0xaedc, 0xaedc, 0xaedc, 0xaedc, 0xaedc, 0xaedc, 
	0xaefc, 0xaefc, 0xaefc, 0xaedc, 0xaedc, 0xaefc, 0xaefc, 0xaedc, 0xaefc, 0xaedc, 0xb6fd, 0xb6dd, 0xb6bd, 0xb6bd, 0xb6dd, 0xaedd, 
	0xb6dc, 0xaedc, 0xaedc, 0xaedc, 0xaedc, 0xb6fd, 0xaedd, 0xaebc, 0xb6bc, 0xaebd, 0xb6fc, 0xaebc, 0xaedd, 0xb6dc, 0xaedc, 0x7dde, 
	0x54fe, 0x44de, 0x44de, 0x4cff, 0x44df, 0x44df, 0x4cff, 0x4cde, 0x4cfe, 0x4cde, 0x4cde, 0x44fe, 0x4cff, 0x4cbf, 0x4cfe, 0x4d9e, 
	0x4e1e, 0x561e, 0x561e, 0x563e, 0x4e1e, 0x563e, 0x561e, 0x4dbc, 0x1188, 0x0000, 0x0000, 0x0000, 0x0000, 0x0041, 0x7cf3, 0xc7df, 
	0xc7bf, 0xc7bf, 0xc7bf, 0xc7bf, 0xc7bf, 0xc7bf, 0xc7bf, 0xc7bf, 0xc7bf, 0xc7bf, 0xc7bf, 0xc7bf, 0xc7bf, 0xc7bf, 0xc7bf, 0xc7bf, 
	0xc7bf, 0xc7bf, 0xc7bf, 0xc7bf, 0xc7bf, 0xc7bf, 0xc7bf, 0xc7bf, 0xc7bf, 0xc7bf, 0xc7bf, 0xc7bf, 0xc7bf, 0xc7bf, 0xc7bf, 0xc7bf, 
	0xc7bf, 0xc7bf, 0xc7bf, 0xc7bf, 0xc7bf, 0xc7bf, 0xc7bf, 0xc7bf, 0xc7df, 0xc7bf, 0xbf9e, 0xc7bf, 0x6c31, 0x0000, 0x0000, 0x0000, 
	0x0000, 0x0000, 0x3a8a, 0xaedc, 0xaedd, 0xaedc, 0xaefc, 0xaedd, 0xaedc, 0xaedc, 0xaedc, 0xaedc, 0xaedc, 0xaedc, 0xaedc, 0xaedc, 
	0xaedc, 0xaedc, 0xaedc, 0xaedc, 0xaedc, 0xaedc, 0xaedc, 0xaedc, 0xaedc, 0xaedc, 0xaedc, 0xaedc, 0xaedc, 0xaedc, 0xaedc, 0xaedc, 
	0xaedc, 0xaedc, 0xaedc, 0xaedc, 0xaedc, 0xaedc, 0xaedc, 0xaedc, 0xaedc, 0xaedc, 0xaedc, 0xaedc, 0xaedc, 0xaedc, 0xaedc, 0xaedc, 
	0xaedc, 0xaedc, 0xaedc, 0xaedc, 0xaedc, 0xaedc, 0xaedc, 0xaedc, 0xaedc, 0xaedc, 0xaedc, 0xaedc, 0xaedc, 0xaedc, 0xaedc, 0xaedc, 
	0xcebb, 0xfe37, 0xfe58, 0xfe57, 0xfe57, 0xfe58, 0xfe77, 0xfe57, 0xfe37, 0xfe77, 0xfe77, 0xfe57, 0xfe57, 0xfe37, 0xfdd5, 0xfdd5, 
	0xfd93, 0xfdd4, 0xfd94, 0xfdb5, 0xfd93, 0xfdd4, 0xd512, 0x7289, 0x1062, 0x0000, 0x0000, 0x0020, 0x0000, 0x0000, 0x0000, 0x0882, 
	0x4b4e, 0x95d8, 0xb6dc, 0xaedc, 0xaedd, 0xaedc, 0xaedd, 0xaedc, 0xaedc, 0xaedc, 0xaedc, 0xaedc, 0xaedc, 0xaedc, 0xaedc, 0xaedc, 
	0xaedc, 0xaedc, 0xaedc, 0xaedc, 0xaedc, 0xaedc, 0xaedc, 0xaedc, 0xaedc, 0xaedc, 0xaedc, 0xaedc, 0xaedc, 0xaedc, 0xaedc, 0xaedc, 
	0xaedc, 0xaedc, 0xaedc, 0xaedc, 0xaedc, 0xaedc, 0xaedc, 0xaedc, 0xaedc, 0xaedc, 0xaedc, 0xaedc, 0xaedc, 0xaedc, 0xaedc, 0xaedc, 
	0xaedc, 0xaedc, 0xaedc, 0xaedc, 0xaedc, 0xaedc, 0xaedc, 0xaedc, 0xaedc, 0xaedc, 0xaedc, 0xaedc, 0xaedc, 0xaedc, 0xaedc, 0xaedc, 
	0xaedc, 0xaedc, 0xaedc, 0xaedc, 0xaedc, 0xaedc, 0xaedc, 0xaedc, 0xaedc, 0xb6dc, 0xaedd, 0xaefd, 0xaedc, 0xb6dc, 0xaefe, 0x7dfd, 
	0x44fe, 0x4cff, 0x4cff, 0x44de, 0x54de, 0x4cde, 0x44fe, 0x4cff, 0x4cde, 0x4cfe, 0x4cff, 0x4cfe, 0x4cde, 0x4cde, 0x4cff, 0x551f, 
	0x55de, 0x561e, 0x561e, 0x4e3d, 0x4e3e, 0x563e, 0x563d, 0x45bb, 0x1167, 0x0000, 0x0000, 0x0000, 0x0000, 0x0020, 0x7d14, 0xc7df, 
	0xc7df, 0xc7df, 0xc7df, 0xc7df, 0xc7df, 0xc7df, 0xc7df, 0xc7df, 0xc7df, 0xc7df, 0xc7df, 0xc7df, 0xc7df, 0xc7df, 0xc7df, 0xc7df, 
	0xc7df, 0xc7df, 0xc7df, 0xc7df, 0xc7df, 0xc7df, 0xc7df, 0xc7df, 0xc7df, 0xc7df, 0xc7df, 0xc7df, 0xc7df, 0xc7df, 0xc7df, 0xc7df, 
	0xc7df, 0xc7df, 0xc7df, 0xc7df, 0xc7df, 0xc7df, 0xc7df, 0xc7df, 0xc7df, 0xc7df, 0xbfdf, 0xcfdf, 0x6c51, 0x0000, 0x0000, 0x0000, 
	0x0000, 0x0000, 0x3a8a, 0xaedc, 0xaedd, 0xaedc, 0xaefc, 0xaedd, 0xaedc, 0xaedc, 0xaedc, 0xaedc, 0xaedc, 0xaedc, 0xaedc, 0xaedc, 
	0xaedc, 0xaedc, 0xaedc, 0xaedc, 0xaedc, 0xaedc, 0xaedc, 0xaedc, 0xaedc, 0xaedc, 0xaedc, 0xaedc, 0xaedc, 0xaedc, 0xaedc, 0xaedc, 
	0xaedc, 0xaedc, 0xaedc, 0xaedc, 0xaedc, 0xaedc, 0xaedc, 0xaedc, 0xaedc, 0xaedc, 0xaedc, 0xaedc, 0xaedc, 0xaedc, 0xaedc, 0xaedc, 
	0xaedc, 0xaedc, 0xaedc, 0xaedc, 0xaedc, 0xaedc, 0xaedc, 0xaedc, 0xaedc, 0xaedc, 0xaedc, 0xaedc, 0xaedc, 0xaedc, 0xaedc, 0xaedc, 
	0xd69a, 0xfe17, 0xfe37, 0xfe16, 0xfe36, 0xfe17, 0xfe36, 0xfe16, 0xfe37, 0xfe16, 0xfe16, 0xfe36, 0xfe16, 0xfdf5, 0xfdb4, 0xfd94, 
	0xfd94, 0xfd94, 0xfdd5, 0xfdb4, 0xfd94, 0xd4b1, 0x6a48, 0x1020, 0x0000, 0x0000, 0x0000, 0x0000, 0x0000, 0x0000, 0x10c3, 0x536e, 
	0x9e19, 0xb6dc, 0xb6dc, 0xaedc, 0xaedd, 0xaedc, 0xaedd, 0xaedc, 0xaedc, 0xaedc, 0xaedc, 0xaedc, 0xaedc, 0xaedc, 0xaedc, 0xaedc, 
	0xaedc, 0xaedc, 0xaedc, 0xaedc, 0xaedc, 0xaedc, 0xaedc, 0xaedc, 0xaedc, 0xaedc, 0xaedc, 0xaedc, 0xaedc, 0xaedc, 0xaedc, 0xaedc, 
	0xaedc, 0xaedc, 0xaedc, 0xaedc, 0xaedc, 0xaedc, 0xaedc, 0xaedc, 0xaedc, 0xaedc, 0xaedc, 0xaedc, 0xaedc, 0xaedc, 0xaedc, 0xaedc, 
	0xaedc, 0xaedc, 0xaedc, 0xaedc, 0xaedc, 0xaedc, 0xaedc, 0xaedc, 0xaedc, 0xaedc, 0xaedc, 0xaedc, 0xaedc, 0xaedc, 0xaedc, 0xaedc, 
	0xaedc, 0xaedc, 0xaedc, 0xaedc, 0xaedc, 0xaedc, 0xaedc, 0xaedc, 0xb6dd, 0xaedc, 0xaedd, 0xb6fd, 0x9e19, 0x8d55, 0x8536, 0x6496, 
	0x43d7, 0x3b97, 0x443a, 0x4cfe, 0x4cde, 0x44de, 0x44fd, 0x4cdd, 0x4cde, 0x4cfe, 0x4cfe, 0x4cde, 0x4cde, 0x4cde, 0x4cfe, 0x4cff, 
	0x4dbe, 0x55fe, 0x563e, 0x4e3e, 0x4e1e, 0x4e1e, 0x561e, 0x4dbc, 0x19a8, 0x0000, 0x0000, 0x0000, 0x0000, 0x0041, 0x63cf, 0xa639, 
	0x9e18, 0x9e18, 0x9e18, 0x9e18, 0x9e18, 0x9e18, 0x9e18, 0x9e18, 0x9e18, 0x9e18, 0x9e18, 0x9e18, 0x9e18, 0x9e18, 0x9e18, 0x9e18, 
	0x9e18, 0x9e18, 0x9e18, 0x9e18, 0x9e18, 0x9e18, 0x9e18, 0x9e18, 0x9e18, 0x9e18, 0x9e18, 0x9e18, 0x9e18, 0x9e18, 0x9e18, 0x9e18, 
	0x9e18, 0x9e18, 0x9e18, 0x9e18, 0x9e18, 0x9e18, 0x9e18, 0x9e18, 0x9df8, 0x9e18, 0x9e38, 0x9df7, 0x532c, 0x0021, 0x0000, 0x0000, 
	0x0000, 0x0000, 0x3a8a, 0xaedc, 0xaedd, 0xaedc, 0xaefc, 0xaedd, 0xaedc, 0xaedc, 0xaedc, 0xaedc, 0xaedc, 0xaedc, 0xaedc, 0xaedc, 
	0xaedc, 0xaedc, 0xaedc, 0xaedc, 0xaedc, 0xaedc, 0xaedc, 0xaedc, 0xaedc, 0xaedc, 0xaedc, 0xaedc, 0xaedc, 0xaedc, 0xaedc, 0xaedc, 
	0xaedc, 0xaedc, 0xaedc, 0xaedc, 0xaedc, 0xaedc, 0xaedc, 0xaedc, 0xaedc, 0xaedc, 0xaedc, 0xaedc, 0xaedc, 0xaedc, 0xaedc, 0xaedc, 
	0xaedc, 0xaedc, 0xaedc, 0xaedc, 0xaedc, 0xaedc, 0xaedc, 0xaedc, 0xaedc, 0xaedc, 0xaedc, 0xaedc, 0xaedc, 0xaedc, 0xaedc, 0xaedc, 
	0xce58, 0xfdd5, 0xfdd5, 0xfdb4, 0xfdd4, 0xfdb5, 0xfdd4, 0xfdb4, 0xfdb5, 0xfd94, 0xfdb4, 0xfdd5, 0xfdb4, 0xfdb4, 0xfdb4, 0xfdb4, 
	0xfdb5, 0xfdb5, 0xfd94, 0xfdb4, 0xccb0, 0x6207, 0x1040, 0x0000, 0x0000, 0x0020, 0x0000, 0x0020, 0x0000, 0x10c4, 0x63d0, 0x9e5a, 
	0xb6dd, 0xb6bc, 0xaebc, 0xb6fd, 0xaefd, 0xaedc, 0xb6fd, 0xaedc, 0xaedc, 0xaedc, 0xaedc, 0xaedc, 0xaedc, 0xaedc, 0xaedc, 0xaedc, 
	0xaedc, 0xaedc, 0xaedc, 0xaedc, 0xaedc, 0xaedc, 0xaedc, 0xaedc, 0xaedc, 0xaedc, 0xaedc, 0xaedc, 0xaedc, 0xaedc, 0xaedc, 0xaedc, 
	0xaedc, 0xaedc, 0xaedc, 0xaedc, 0xaedc, 0xaedc, 0xaedc, 0xaedc, 0xaedc, 0xaedc, 0xaedc, 0xaedc, 0xaedc, 0xaedc, 0xaedc, 0xaedc, 
	0xaedc, 0xaedc, 0xaedc, 0xaedc, 0xaedc, 0xaedc, 0xaedc, 0xaedc, 0xaedc, 0xaedc, 0xaedc, 0xaedc, 0xaedc, 0xaedc, 0xaedc, 0xaedc, 
	0xaedc, 0xaedc, 0xaedc, 0xaedc, 0xaedc, 0xaedc, 0xaedc, 0xaedc, 0xaedc, 0xaedd, 0xaedc, 0xa67b, 0x4b4d, 0x10c3, 0x08c3, 0x00a4, 
	0x0883, 0x0084, 0x1a6f, 0x4cbd, 0x44df, 0x44ff, 0x4cff, 0x4cbf, 0x4cde, 0x4cde, 0x4cde, 0x4cde, 0x4cde, 0x4cde, 0x4cde, 0x4cfe, 
	0x455e, 0x4dbe, 0x561e, 0x563e, 0x4e3e, 0x4e1e, 0x561e, 0x4dbd, 0x1167, 0x0020, 0x0000, 0x0000, 0x0800, 0x0000, 0x0862, 0x08a2, 
	0x10c3, 0x10c3, 0x10c3, 0x10c3, 0x10c3, 0x10c3, 0x10c3, 0x10c3, 0x10c3, 0x10c3, 0x10c3, 0x10c3, 0x10c3, 0x10c3, 0x10c3, 0x10c3, 
	0x10c3, 0x10c3, 0x10c3, 0x10c3, 0x10c3, 0x10c3, 0x10c3, 0x10c3, 0x10c3, 0x10c3, 0x10c3, 0x10c3, 0x10c3, 0x10c3, 0x10c3, 0x10c3, 
	0x10c3, 0x10c3, 0x10c3, 0x10c3, 0x10c3, 0x10c3, 0x10c3, 0x10c3, 0x10e3, 0x08a3, 0x08e3, 0x10e4, 0x0861, 0x0000, 0x0000, 0x0000, 
	0x0000, 0x0000, 0x3a8a, 0xaedc, 0xaedd, 0xaedc, 0xaefc, 0xaedd, 0xaedc, 0xaedc, 0xaedc, 0xaedc, 0xaedc, 0xaedc, 0xaedc, 0xaedc, 
	0xaedc, 0xaedc, 0xaedc, 0xaedc, 0xaedc, 0xaedc, 0xaedc, 0xaedc, 0xaedc, 0xaedc, 0xaedc, 0xaedc, 0xaedc, 0xaedc, 0xaedc, 0xaedc, 
	0xaedc, 0xaedc, 0xaedc, 0xaedc, 0xaedc, 0xaedc, 0xaedc, 0xaedc, 0xaedc, 0xaedc, 0xaedc, 0xaedc, 0xaedc, 0xaedc, 0xaedc, 0xaedc, 
	0xaedc, 0xaedc, 0xaedc, 0xaedc, 0xaedc, 0xaedc, 0xaedc, 0xaedc, 0xaedc, 0xaedc, 0xaedc, 0xaedc, 0xaedc, 0xaedc, 0xaedc, 0xaedc, 
	0xd658, 0xfdb4, 0xfdb4, 0xfd94, 0xfdb4, 0xfd94, 0xfdb4, 0xfd94, 0xfd94, 0xfd94, 0xfdb4, 0xfdb4, 0xfd94, 0xfd94, 0xfdb4, 0xfdb4, 
	0xfdb4, 0xfd94, 0xfdb5, 0xc44f, 0x51c6, 0x0840, 0x0000, 0x0000, 0x0000, 0x0000, 0x0000, 0x0000, 0x1925, 0x6c11, 0xae7b, 0xaedc, 
	0xaedc, 0xaedc, 0xaedc, 0xaefd, 0xaebc, 0xaebc, 0xb6fd, 0xb6dd, 0xaedc, 0xaedc, 0xaedc, 0xaedc, 0xaedc, 0xaedc, 0xaedc, 0xaedc, 
	0xaedc, 0xaedc, 0xaedc, 0xaedc, 0xaedc, 0xaedc, 0xaedc, 0xaedc, 0xaedc, 0xaedc, 0xaedc, 0xaedc, 0xaedc, 0xaedc, 0xaedc, 0xaedc, 
	0xaedc, 0xaedc, 0xaedc, 0xaedc, 0xaedc, 0xaedc, 0xaedc, 0xaedc, 0xaedc, 0xaedc, 0xaedc, 0xaedc, 0xaedc, 0xaedc, 0xaedc, 0xaedc, 
	0xaedc, 0xaedc, 0xaedc, 0xaedc, 0xaedc, 0xaedc, 0xaedc, 0xaedc, 0xaedc, 0xaedc, 0xaedc, 0xaedc, 0xaedc, 0xaedc, 0xaedc, 0xaedc, 
	0xaedc, 0xaedc, 0xaedc, 0xaedc, 0xaedc, 0xaedc, 0xaedc, 0xaedc, 0xaedd, 0xb6fd, 0xaedd, 0xb6dc, 0x42ec, 0x0000, 0x0000, 0x0000, 
	0x0800, 0x0000, 0x1a0c, 0x54de, 0x44df, 0x44fe, 0x4cfe, 0x4cbe, 0x4cde, 0x4cde, 0x4cde, 0x4cde, 0x4cde, 0x4cde, 0x4cde, 0x4cde, 
	0x44fe, 0x4d7e, 0x4dde, 0x563e, 0x563e, 0x563e, 0x561d, 0x4dbc, 0x1167, 0x0000, 0x0000, 0x0000, 0x0000, 0x0000, 0x0000, 0x0000, 
	0x0000, 0x0000, 0x0000, 0x0000, 0x0000, 0x0000, 0x0000, 0x0000, 0x0000, 0x0000, 0x0000, 0x0000, 0x0000, 0x0000, 0x0000, 0x0000, 
	0x0000, 0x0000, 0x0000, 0x0000, 0x0000, 0x0000, 0x0000, 0x0000, 0x0000, 0x0000, 0x0000, 0x0000, 0x0000, 0x0000, 0x0000, 0x0000, 
	0x0000, 0x0000, 0x0000, 0x0000, 0x0000, 0x0000, 0x0000, 0x0000, 0x0000, 0x0000, 0x0000, 0x0000, 0x0000, 0x0000, 0x0000, 0x0000, 
	0x0000, 0x0000, 0x3a8a, 0xaedc, 0xaedd, 0xaedc, 0xaefc, 0xaedd, 0xaedc, 0xaedc, 0xaedc, 0xaedc, 0xaedc, 0xaedc, 0xaedc, 0xaedc, 
	0xaedc, 0xaedc, 0xaedc, 0xaedc, 0xaedc, 0xaedc, 0xaedc, 0xaedc, 0xaedc, 0xaedc, 0xaedc, 0xaedc, 0xaedc, 0xaedc, 0xaedc, 0xaedc, 
	0xaedc, 0xaedc, 0xaedc, 0xaedc, 0xaedc, 0xaedc, 0xaedc, 0xaedc, 0xaedc, 0xaedc, 0xaedc, 0xaedc, 0xaedc, 0xaedc, 0xaedc, 0xaedc, 
	0xaedc, 0xaedc, 0xaedc, 0xaedc, 0xaedc, 0xaedc, 0xaedc, 0xaedc, 0xaedc, 0xaedc, 0xaedc, 0xaedc, 0xaedc, 0xaedc, 0xaedc, 0xaedc, 
	0xd659, 0xfdb4, 0xfdb4, 0xfd94, 0xfdb4, 0xfd95, 0xfdb4, 0xfd94, 0xfdb4, 0xfdd5, 0xfd94, 0xfdb4, 0xfdb4, 0xfd94, 0xfd94, 0xfd93, 
	0xfdb4, 0xf594, 0xbc0e, 0x5185, 0x0800, 0x0000, 0x0020, 0x0000, 0x0000, 0x0000, 0x0000, 0x2145, 0x6c72, 0xaebb, 0xb6dd, 0xae9d, 
	0xaedd, 0xb6fd, 0xaedd, 0xaedc, 0xaedc, 0xaedc, 0xb6fd, 0xaedc, 0xaedc, 0xaedc, 0xaedc, 0xaedc, 0xaedc, 0xaedc, 0xaedc, 0xaedc, 
	0xaedc, 0xaedc, 0xaedc, 0xaedc, 0xaedc, 0xaedc, 0xaedc, 0xaedc, 0xaedc, 0xaedc, 0xaedc, 0xaedc, 0xaedc, 0xaedc, 0xaedc, 0xaedc, 
	0xaedc, 0xaedc, 0xaedc, 0xaedc, 0xaedc, 0xaedc, 0xaedc, 0xaedc, 0xaedc, 0xaedc, 0xaedc, 0xaedc, 0xaedc, 0xaedc, 0xaedc, 0xaedc, 
	0xaedc, 0xaedc, 0xaedc, 0xaedc, 0xaedc, 0xaedc, 0xaedc, 0xaedc, 0xaedc, 0xaedc, 0xaedc, 0xaedc, 0xaedc, 0xaedc, 0xaedc, 0xaedc, 
	0xaedc, 0xaedc, 0xaedc, 0xaedc, 0xaedc, 0xaedc, 0xaedc, 0xaedc, 0xaebc, 0xaedc, 0xaebc, 0xb6dc, 0x4aec, 0x0000, 0x0800, 0x0000, 
	0x0000, 0x0000, 0x19ec, 0x54bd, 0x44bf, 0x4cfd, 0x4cfe, 0x4cff, 0x4cde, 0x4cde, 0x4cde, 0x4cde, 0x4cfe, 0x4cfe, 0x4cde, 0x4cde, 
	0x4cdf, 0x4d1e, 0x4d7e, 0x4dde, 0x561e, 0x563e, 0x4e1d, 0x45bb, 0x11a8, 0x0000, 0x0000, 0x0000, 0x0000, 0x0021, 0x0000, 0x0000, 
	0x0000, 0x0000, 0x0000, 0x0000, 0x0000, 0x0000, 0x0000, 0x0000, 0x0000, 0x0000, 0x0000, 0x0000, 0x0000, 0x0000, 0x0000, 0x0000, 
	0x0000, 0x0000, 0x0000, 0x0000, 0x0000, 0x0000, 0x0000, 0x0000, 0x0000, 0x0000, 0x0000, 0x0000, 0x0000, 0x0000, 0x0000, 0x0000, 
	0x0000, 0x0000, 0x0000, 0x0000, 0x0000, 0x0000, 0x0000, 0x0000, 0x0000, 0x0000, 0x0000, 0x0000, 0x0000, 0x0000, 0x0000, 0x0000, 
	0x0000, 0x0000, 0x3a8a, 0xaedc, 0xaedd, 0xaedc, 0xaefc, 0xaedd, 0xaedc, 0xaedc, 0xaedc, 0xaedc, 0xaedc, 0xaedc, 0xaedc, 0xaedc, 
	0xaedc, 0xaedc, 0xaedc, 0xaedc, 0xaedc, 0xaedc, 0xaedc, 0xaedc, 0xaedc, 0xaedc, 0xaedc, 0xaedc, 0xaedc, 0xaedc, 0xaedc, 0xaedc, 
	0xaedc, 0xaedc, 0xaedc, 0xaedc, 0xaedc, 0xaedc, 0xaedc, 0xaedc, 0xaedc, 0xaedc, 0xaedc, 0xaedc, 0xaedc, 0xaedc, 0xaedc, 0xaedc, 
	0xaedc, 0xaedc, 0xaedc, 0xaedc, 0xaedc, 0xaedc, 0xaedc, 0xaedc, 0xaedc, 0xaedc, 0xaedc, 0xaedc, 0xaedc, 0xaedc, 0xaedc, 0xaedc, 
	0xd658, 0xfdb4, 0xfd94, 0xfd94, 0xfdb4, 0xfd94, 0xfdb4, 0xfd94, 0xfdb4, 0xfdd4, 0xfd93, 0xfdb4, 0xfdb4, 0xfd94, 0xfdb4, 0xfdd5, 
	0xf573, 0xb40e, 0x3923, 0x0000, 0x0801, 0x0000, 0x0000, 0x0040, 0x0000, 0x0021, 0x2987, 0x7cb3, 0xaebb, 0xaedc, 0xaebc, 0xbedd, 
	0xaebc, 0xaedd, 0xaedc, 0xaedc, 0xb6fd, 0xb6fd, 0xaedc, 0xaebc, 0xaedc, 0xaedc, 0xaedc, 0xaedc, 0xaedc, 0xaedc, 0xaedc, 0xaedc, 
	0xaedc, 0xaedc, 0xaedc, 0xaedc, 0xaedc, 0xaedc, 0xaedc, 0xaedc, 0xaedc, 0xaedc, 0xaedc, 0xaedc, 0xaedc, 0xaedc, 0xaedc, 0xaedc, 
	0xaedc, 0xaedc, 0xaedc, 0xaedc, 0xaedc, 0xaedc, 0xaedc, 0xaedc, 0xaedc, 0xaedc, 0xaedc, 0xaedc, 0xaedc, 0xaedc, 0xaedc, 0xaedc, 
	0xaedc, 0xaedc, 0xaedc, 0xaedc, 0xaedc, 0xaedc, 0xaedc, 0xaedc, 0xaedc, 0xaedc, 0xaedc, 0xaedc, 0xaedc, 0xaedc, 0xaedc, 0xaedc, 
	0xaedc, 0xaedc, 0xaedc, 0xaedc, 0xaedc, 0xaedc, 0xaedc, 0xaedc, 0xaebc, 0xb6dc, 0xaedc, 0xaedc, 0x42cc, 0x0000, 0x0000, 0x0000, 
	0x0000, 0x0020, 0x1a0c, 0x54de, 0x4cff, 0x4cfe, 0x44be, 0x44df, 0x4cde, 0x4cde, 0x4cde, 0x4cde, 0x4cfe, 0x4cfe, 0x4cfe, 0x4cde, 
	0x4cbf, 0x4cde, 0x4cfe, 0x4d7e, 0x4dbe, 0x55fe, 0x561e, 0x4dfc, 0x1a0a, 0x0020, 0x0800, 0x0000, 0x0000, 0x0000, 0x0000, 0x0000, 
	0x0000, 0x0000, 0x0000, 0x0000, 0x0000, 0x0000, 0x0000, 0x0000, 0x0000, 0x0000, 0x0000, 0x0000, 0x0000, 0x0000, 0x0000, 0x0000, 
	0x0000, 0x0000, 0x0000, 0x0000, 0x0000, 0x0000, 0x0000, 0x0000, 0x0000, 0x0000, 0x0000, 0x0000, 0x0000, 0x0000, 0x0000, 0x0000, 
	0x0000, 0x0000, 0x0000, 0x0000, 0x0000, 0x0000, 0x0000, 0x0000, 0x0020, 0x0020, 0x0000, 0x0000, 0x0000, 0x0000, 0x0000, 0x0000, 
	0x0000, 0x0000, 0x3a8a, 0xaedc, 0xaedd, 0xaedc, 0xaefc, 0xaedd, 0xaedc, 0xaedc, 0xaedc, 0xaedc, 0xaedc, 0xaedc, 0xaedc, 0xaedc, 
	0xaedc, 0xaedc, 0xaedc, 0xaedc, 0xaedc, 0xaedc, 0xaedc, 0xaedc, 0xaedc, 0xaedc, 0xaedc, 0xaedc, 0xaedc, 0xaedc, 0xaedc, 0xaedc, 
	0xaedc, 0xaedc, 0xaedc, 0xaedc, 0xaedc, 0xaedc, 0xaedc, 0xaedc, 0xaedc, 0xaedc, 0xaedc, 0xaedc, 0xaedc, 0xaedc, 0xaedc, 0xaedc, 
	0xaedc, 0xaedc, 0xaedc, 0xaedc, 0xaedc, 0xaedc, 0xaedc, 0xaedc, 0xaedc, 0xaedc, 0xaedc, 0xaedc, 0xaedc, 0xaedc, 0xaedc, 0xaedc, 
	0xd659, 0xfdb4, 0xfdb4, 0xfdb4, 0xfdb4, 0xfdb4, 0xfdb4, 0xfdb4, 0xfdb4, 0xfdb4, 0xfd94, 0xfdb4, 0xfdb4, 0xfdb4, 0xfdd5, 0xed32, 
	0xa3ad, 0x3923, 0x0020, 0x0000, 0x0000, 0x0000, 0x0000, 0x0000, 0x0021, 0x29e8, 0x84f4, 0xaebc, 0xaedd, 0xb6dd, 0xaedd, 0xaedc, 
	0xb6fd, 0xb6fd, 0xaedc, 0xaedc, 0xaedc, 0xaedc, 0xaedd, 0xb6fd, 0xaedc, 0xaedc, 0xaedc, 0xaedc, 0xaedc, 0xaedc, 0xaedc, 0xaedc, 
	0xaedc, 0xaedc, 0xaedc, 0xaedc, 0xaedc, 0xaedc, 0xaedc, 0xaedc, 0xaedc, 0xaedc, 0xaedc, 0xaedc, 0xaedc, 0xaedc, 0xaedc, 0xaedc, 
	0xaedc, 0xaedc, 0xaedc, 0xaedc, 0xaedc, 0xaedc, 0xaedc, 0xaedc, 0xaedc, 0xaedc, 0xaedc, 0xaedc, 0xaedc, 0xaedc, 0xaedc, 0xaedc, 
	0xaedc, 0xaedc, 0xaedc, 0xaedc, 0xaedc, 0xaedc, 0xaedc, 0xaedc, 0xaedc, 0xaedc, 0xaedc, 0xaedc, 0xaedc, 0xaedc, 0xaedc, 0xaedc, 
	0xaedc, 0xaedc, 0xaedc, 0xaedc, 0xaedc, 0xaedc, 0xaedc, 0xaedc, 0xb6fd, 0xaedc, 0xaedc, 0xaebc, 0x42ed, 0x0000, 0x0000, 0x0000, 
	0x0001, 0x0000, 0x19ed, 0x4cbe, 0x44de, 0x4cfd, 0x4cfe, 0x4cfe, 0x4cde, 0x4cde, 0x4cde, 0x4cde, 0x4cde, 0x4cde, 0x4cde, 0x4cfe, 
	0x4cdf, 0x4cde, 0x4cde, 0x4d1e, 0x4d3e, 0x4d7f, 0x55de, 0x4ddd, 0x3371, 0x00e4, 0x0000, 0x0000, 0x0820, 0x0000, 0x0000, 0x0000, 
	0x0000, 0x0000, 0x0000, 0x0000, 0x0000, 0x0000, 0x0000, 0x0000, 0x0000, 0x0000, 0x0000, 0x0000, 0x0000, 0x0000, 0x0000, 0x0000, 
	0x0000, 0x0000, 0x0000, 0x0000, 0x0000, 0x0000, 0x0000, 0x0000, 0x0000, 0x0000, 0x0000, 0x0000, 0x0000, 0x0000, 0x0000, 0x0000, 
	0x0000, 0x0000, 0x0000, 0x0000, 0x0000, 0x0000, 0x0000, 0x0000, 0x0000, 0x0000, 0x0000, 0x0021, 0x0020, 0x0000, 0x0000, 0x0000, 
	0x0000, 0x0000, 0x3a8a, 0xaedc, 0xaedd, 0xaedc, 0xaefc, 0xaedd, 0xaedc, 0xaedc, 0xaedc, 0xaedc, 0xaedc, 0xaedc, 0xaedc, 0xaedc, 
	0xaedc, 0xaedc, 0xaedc, 0xaedc, 0xaedc, 0xaedc, 0xaedc, 0xaedc, 0xaedc, 0xaedc, 0xaedc, 0xaedc, 0xaedc, 0xaedc, 0xaedc, 0xaedc, 
	0xaedc, 0xaedc, 0xaedc, 0xaedc, 0xaedc, 0xaedc, 0xaedc, 0xaedc, 0xaedc, 0xaedc, 0xaedc, 0xaedc, 0xaedc, 0xaedc, 0xaedc, 0xaedc, 
	0xaedc, 0xaedc, 0xaedc, 0xaedc, 0xaedc, 0xaedc, 0xaedc, 0xaedc, 0xaedc, 0xaedc, 0xaedc, 0xaedc, 0xaedc, 0xaedc, 0xaedc, 0xaedc, 
	0xd658, 0xfdb4, 0xfdb4, 0xfd94, 0xfdb4, 0xfd94, 0xfdb3, 0xfdb4, 0xfdb4, 0xfd94, 0xfd94, 0xfdb4, 0xfdb4, 0xfdd5, 0xe532, 0xa34b, 
	0x2903, 0x0000, 0x0000, 0x0000, 0x0000, 0x0000, 0x0000, 0x0822, 0x3a29, 0x8d55, 0xa6db, 0xaedd, 0xb6bd, 0xb69c, 0xb6fd, 0xa6fc, 
	0xaedc, 0xaebc, 0xaedc, 0xb6dc, 0xaedc, 0xaedc, 0xaedd, 0xaedd, 0xaedc, 0xaedc, 0xaedc, 0xaedc, 0xaedc, 0xaedc, 0xaedc, 0xaedc, 
	0xaedc, 0xaedc, 0xaedc, 0xaedc, 0xaedc, 0xaedc, 0xaedc, 0xaedc, 0xaedc, 0xaedc, 0xaedc, 0xaedc, 0xaedc, 0xaedc, 0xaedc, 0xaedc, 
	0xaedc, 0xaedc, 0xaedc, 0xaedc, 0xaedc, 0xaedc, 0xaedc, 0xaedc, 0xaedc, 0xaedc, 0xaedc, 0xaedc, 0xaedc, 0xaedc, 0xaedc, 0xaedc, 
	0xaedc, 0xaedc, 0xaedc, 0xaedc, 0xaedc, 0xaedc, 0xaedc, 0xaedc, 0xaedc, 0xaedc, 0xaedc, 0xaedc, 0xaedc, 0xaedc, 0xaedc, 0xaedc, 
	0xaedc, 0xaedc, 0xaedc, 0xaedc, 0xaedc, 0xaedc, 0xaedc, 0xaedc, 0xaedd, 0xaebc, 0xb6fc, 0xb6bc, 0x4aec, 0x0000, 0x0000, 0x0000, 
	0x0000, 0x0000, 0x21ed, 0x4cbe, 0x44ff, 0x4cde, 0x4cdf, 0x4cde, 0x4cde, 0x4cde, 0x4cde, 0x4cde, 0x4cde, 0x4cde, 0x4cde, 0x4cfe, 
	0x4cfe, 0x4cfe, 0x4cde, 0x4cdf, 0x44de, 0x44fe, 0x4d5e, 0x4d7e, 0x453b, 0x2b10, 0x1148, 0x00a5, 0x0083, 0x08a4, 0x08a4, 0x0883, 
	0x08a4, 0x08a4, 0x08a4, 0x08a4, 0x08a4, 0x08a4, 0x08a4, 0x08a4, 0x08a4, 0x08a4, 0x08a4, 0x08a4, 0x08a4, 0x08a4, 0x08a4, 0x08a4, 
	0x08a4, 0x08a4, 0x08a4, 0x08a4, 0x08a4, 0x08a4, 0x08a4, 0x08a4, 0x08a4, 0x08a4, 0x08a4, 0x08a4, 0x08a4, 0x08a4, 0x08a4, 0x08a4, 
	0x08a4, 0x08a4, 0x08a4, 0x08a4, 0x08a4, 0x08a4, 0x08a4, 0x08a4, 0x0883, 0x0883, 0x10a3, 0x0882, 0x0041, 0x0020, 0x0000, 0x0000, 
	0x0000, 0x0000, 0x3a8a, 0xaedc, 0xaedd, 0xaedc, 0xaefc, 0xaedd, 0xaedc, 0xaedc, 0xaedc, 0xaedc, 0xaedc, 0xaedc, 0xaedc, 0xaedc, 
	0xaedc, 0xaedc, 0xaedc, 0xaedc, 0xaedc, 0xaedc, 0xaedc, 0xaedc, 0xaedc, 0xaedc, 0xaedc, 0xaedc, 0xaedc, 0xaedc, 0xaedc, 0xaedc, 
	0xaedc, 0xaedc, 0xaedc, 0xaedc, 0xaedc, 0xaedc, 0xaedc, 0xaedc, 0xaedc, 0xaedc, 0xaedc, 0xaedc, 0xaedc, 0xaedc, 0xaedc, 0xaedc, 
	0xaedc, 0xaedc, 0xaedc, 0xaedc, 0xaedc, 0xaedc, 0xaedc, 0xaedc, 0xaedc, 0xaedc, 0xaedc, 0xaedc, 0xaedc, 0xaedc, 0xaedc, 0xaedc, 
	0xd658, 0xfdd4, 0xfdb4, 0xfdb4, 0xfd94, 0xfd95, 0xfdb4, 0xfdb4, 0xfdd4, 0xfd94, 0xfd74, 0xfdb4, 0xfdb4, 0xe512, 0x8b0c, 0x28a3, 
	0x0000, 0x0000, 0x0000, 0x0000, 0x0000, 0x0000, 0x0862, 0x428a, 0x8db8, 0xaebc, 0xb6fd, 0xaedc, 0xaedd, 0xaedd, 0xaebc, 0xaedd, 
	0xaedc, 0xaedc, 0xaedc, 0xaedc, 0xaedc, 0xaedc, 0xaedc, 0xaedc, 0xaedc, 0xaedc, 0xaedc, 0xaedc, 0xaedc, 0xaedc, 0xaedc, 0xaedc, 
	0xaedc, 0xaedc, 0xaedc, 0xaedc, 0xaedc, 0xaedc, 0xaedc, 0xaedc, 0xaedc, 0xaedc, 0xaedc, 0xaedc, 0xaedc, 0xaedc, 0xaedc, 0xaedc, 
	0xaedc, 0xaedc, 0xaedc, 0xaedc, 0xaedc, 0xaedc, 0xaedc, 0xaedc, 0xaedc, 0xaedc, 0xaedc, 0xaedc, 0xaedc, 0xaedc, 0xaedc, 0xaedc, 
	0xaedc, 0xaedc, 0xaedc, 0xaedc, 0xaedc, 0xaedc, 0xaedc, 0xaedc, 0xaedc, 0xaedc, 0xaedc, 0xaedc, 0xaedc, 0xaedc, 0xaedc, 0xaedc, 
	0xaedc, 0xaedc, 0xaedc, 0xaedc, 0xaedc, 0xaedc, 0xaedc, 0xaedc, 0xaefc, 0xb6bd, 0xaedd, 0xaedc, 0x4aec, 0x0000, 0x0000, 0x0000, 
	0x0000, 0x0000, 0x19ec, 0x4cde, 0x4cde, 0x4cde, 0x4cde, 0x4cfe, 0x4cde, 0x4cde, 0x4cde, 0x4cde, 0x4cde, 0x4cde, 0x4cde, 0x4cde, 
	0x4cde, 0x4cde, 0x4cde, 0x4cde, 0x4cde, 0x4cde, 0x4cde, 0x4cde, 0x4d1e, 0x4cbc, 0x3c5a, 0x3c19, 0x3c19, 0x3c19, 0x3c19, 0x3c19, 
	0x3c19, 0x3c19, 0x3c19, 0x3c19, 0x3c19, 0x3c19, 0x3c19, 0x3c19, 0x3c19, 0x3c19, 0x3c19, 0x3c19, 0x3c19, 0x3c19, 0x3c19, 0x3c19, 
	0x3c19, 0x3c19, 0x3c19, 0x3c19, 0x3c19, 0x3c19, 0x3c19, 0x3c19, 0x3c19, 0x3c19, 0x3c19, 0x3c19, 0x3c19, 0x3c19, 0x3c19, 0x3c19, 
	0x3c19, 0x3c19, 0x3c19, 0x3c19, 0x3c19, 0x3c19, 0x3c19, 0x3c19, 0x3c19, 0x3c19, 0x33fa, 0x3c3b, 0x222e, 0x0000, 0x0000, 0x0000, 
	0x0000, 0x0000, 0x3a8a, 0xaedc, 0xaedd, 0xaedc, 0xaefc, 0xaedd, 0xaedc, 0xaedc, 0xaedc, 0xaedc, 0xaedc, 0xaedc, 0xaedc, 0xaedc, 
	0xaedc, 0xaedc, 0xaedc, 0xaedc, 0xaedc, 0xaedc, 0xaedc, 0xaedc, 0xaedc, 0xaedc, 0xaedc, 0xaedc, 0xaedc, 0xaedc, 0xaedc, 0xaedc, 
	0xaedc, 0xaedc, 0xaedc, 0xaedc, 0xaedc, 0xaedc, 0xaedc, 0xaedc, 0xaedc, 0xaedc, 0xaedc, 0xaedc, 0xaedc, 0xaedc, 0xaedc, 0xaedc, 
	0xaedc, 0xaedc, 0xaedc, 0xaedc, 0xaedc, 0xaedc, 0xaedc, 0xaedc, 0xaedc, 0xaedc, 0xaedc, 0xaedc, 0xaedc, 0xaedc, 0xaedc, 0xaedc, 
	0xd659, 0xfdb5, 0xfd94, 0xfdb4, 0xfd94, 0xfd95, 0xfd94, 0xfdb4, 0xfd93, 0xfdb4, 0xfdb4, 0xfdd5, 0xdd11, 0x7ac9, 0x20e2, 0x0000, 
	0x0000, 0x0000, 0x0000, 0x0000, 0x0000, 0x10a3, 0x42ab, 0x9597, 0xa69b, 0xb6fd, 0xb6fd, 0xaebc, 0xaedc, 0xaedd, 0xaedc, 0xb6fd, 
	0xaedc, 0xaedc, 0xaedc, 0xaedc, 0xaedc, 0xaedc, 0xaedc, 0xaedc, 0xaedc, 0xaedc, 0xaedc, 0xaedc, 0xaedc, 0xaedc, 0xaedc, 0xaedc, 
	0xaedc, 0xaedc, 0xaedc, 0xaedc, 0xaedc, 0xaedc, 0xaedc, 0xaedc, 0xaedc, 0xaedc, 0xaedc, 0xaedc, 0xaedc, 0xaedc, 0xaedc, 0xaedc, 
	0xaedc, 0xaedc, 0xaedc, 0xaedc, 0xaedc, 0xaedc, 0xaedc, 0xaedc, 0xaedc, 0xaedc, 0xaedc, 0xaedc, 0xaedc, 0xaedc, 0xaedc, 0xaedc, 
	0xaedc, 0xaedc, 0xaedc, 0xaedc, 0xaedc, 0xaedc, 0xaedc, 0xaedc, 0xaedc, 0xaedc, 0xaedc, 0xaedc, 0xaedc, 0xaedc, 0xaedc, 0xaedc, 
	0xaedc, 0xaedc, 0xaedc, 0xaedc, 0xaedc, 0xaedc, 0xaedc, 0xaedc, 0xaefc, 0xb6bd, 0xaedd, 0xaedc, 0x4aec, 0x0000, 0x0000, 0x0000, 
	0x0000, 0x0000, 0x19ec, 0x4cde, 0x4cde, 0x4cde, 0x4cde, 0x4cfe, 0x4cde, 0x4cde, 0x4cde, 0x4cde, 0x4cde, 0x4cde, 0x4cde, 0x4cde, 
	0x4cde, 0x4cde, 0x4cde, 0x4cde, 0x4cde, 0x4cde, 0x4cde, 0x4cde, 0x4cdf, 0x4cdf, 0x4cdf, 0x4cde, 0x54de, 0x54df, 0x4cdf, 0x4cde, 
	0x4cdf, 0x4cdf, 0x4cdf, 0x4cdf, 0x4cdf, 0x4cdf, 0x4cdf, 0x4cdf, 0x4cdf, 0x4cdf, 0x4cdf, 0x4cdf, 0x4cdf, 0x4cdf, 0x4cdf, 0x4cdf, 
	0x4cdf, 0x4cdf, 0x4cdf, 0x4cdf, 0x4cdf, 0x4cdf, 0x4cdf, 0x4cdf, 0x4cdf, 0x4cdf, 0x4cdf, 0x4cdf, 0x4cdf, 0x4cdf, 0x4cdf, 0x4cdf, 
	0x4cdf, 0x4cdf, 0x4cdf, 0x4cdf, 0x4cdf, 0x4cdf, 0x4cdf, 0x4cdf, 0x54fe, 0x54fe, 0x4cde, 0x4cde, 0x2a8f, 0x0000, 0x0000, 0x0000, 
	0x0000, 0x0000, 0x3a8a, 0xaedc, 0xaedd, 0xaedc, 0xaefc, 0xaedd, 0xaedc, 0xaedc, 0xaedc, 0xaedc, 0xaedc, 0xaedc, 0xaedc, 0xaedc, 
	0xaedc, 0xaedc, 0xaedc, 0xaedc, 0xaedc, 0xaedc, 0xaedc, 0xaedc, 0xaedc, 0xaedc, 0xaedc, 0xaedc, 0xaedc, 0xaedc, 0xaedc, 0xaedc, 
	0xaedc, 0xaedc, 0xaedc, 0xaedc, 0xaedc, 0xaedc, 0xaedc, 0xaedc, 0xaedc, 0xaedc, 0xaedc, 0xaedc, 0xaedc, 0xaedc, 0xaedc, 0xaedc, 
	0xaedc, 0xaedc, 0xaedc, 0xaedc, 0xaedc, 0xaedc, 0xaedc, 0xaedc, 0xaedc, 0xaedc, 0xaedc, 0xaedc, 0xaedc, 0xaedc, 0xaedc, 0xaedc, 
	0xce78, 0xfdb4, 0xfd94, 0xfdd3, 0xfdd3, 0xfdb4, 0xfdb3, 0xfdd3, 0xfd95, 0xfd94, 0xfdd5, 0xd4d1, 0x6a68, 0x10a1, 0x0020, 0x0020, 
	0x0000, 0x0020, 0x0000, 0x0000, 0x08a2, 0x4b0c, 0x9e19, 0xb6dd, 0xb6fd, 0xb6fd, 0xaedc, 0xaedc, 0xb6fd, 0xb6fd, 0xaedc, 0xaedc, 
	0xaedc, 0xaedc, 0xaedc, 0xaedc, 0xaedc, 0xaedc, 0xaedc, 0xaedc, 0xaedc, 0xaedc, 0xaedc, 0xaedc, 0xaedc, 0xaedc, 0xaedc, 0xaedc, 
	0xaedc, 0xaedc, 0xaedc, 0xaedc, 0xaedc, 0xaedc, 0xaedc, 0xaedc, 0xaedc, 0xaedc, 0xaedc, 0xaedc, 0xaedc, 0xaedc, 0xaedc, 0xaedc, 
	0xaedc, 0xaedc, 0xaedc, 0xaedc, 0xaedc, 0xaedc, 0xaedc, 0xaedc, 0xaedc, 0xaedc, 0xaedc, 0xaedc, 0xaedc, 0xaedc, 0xaedc, 0xaedc, 
	0xaedc, 0xaedc, 0xaedc, 0xaedc, 0xaedc, 0xaedc, 0xaedc, 0xaedc, 0xaedc, 0xaedc, 0xaedc, 0xaedc, 0xaedc, 0xaedc, 0xaedc, 0xaedc, 
	0xaedc, 0xaedc, 0xaedc, 0xaedc, 0xaedc, 0xaedc, 0xaedc, 0xaedc, 0xaefc, 0xb6bd, 0xaedd, 0xaedc, 0x4aec, 0x0000, 0x0000, 0x0000, 
	0x0000, 0x0000, 0x19ec, 0x4cde, 0x4cde, 0x4cde, 0x4cde, 0x4cfe, 0x4cde, 0x4cde, 0x4cde, 0x4cde, 0x4cde, 0x4cde, 0x4cde, 0x4cde, 
	0x4cde, 0x4cde, 0x4cde, 0x4cde, 0x4cde, 0x4cde, 0x4cde, 0x4cde, 0x44df, 0x4cdf, 0x4cff, 0x4cde, 0x4cde, 0x4cde, 0x4cde, 0x44df, 
	0x44ff, 0x44ff, 0x44ff, 0x44ff, 0x44ff, 0x44ff, 0x44ff, 0x44ff, 0x44ff, 0x44ff, 0x44ff, 0x44ff, 0x44ff, 0x44ff, 0x44ff, 0x44ff, 
	0x44ff, 0x44ff, 0x44ff, 0x44ff, 0x44ff, 0x44ff, 0x44ff, 0x44ff, 0x44ff, 0x44ff, 0x44ff, 0x44ff, 0x44ff, 0x44ff, 0x44ff, 0x44ff, 
	0x44ff, 0x44ff, 0x44ff, 0x44ff, 0x44ff, 0x44ff, 0x44ff, 0x44ff, 0x4cde, 0x4cff, 0x4cff, 0x4cff, 0x2ab0, 0x0000, 0x0000, 0x0000, 
	0x0000, 0x0000, 0x3a8a, 0xaedc, 0xaedd, 0xaedc, 0xaefc, 0xaedd, 0xaedc, 0xaedc, 0xaedc, 0xaedc, 0xaedc, 0xaedc, 0xaedc, 0xaedc, 
	0xaedc, 0xaedc, 0xaedc, 0xaedc, 0xaedc, 0xaedc, 0xaedc, 0xaedc, 0xaedc, 0xaedc, 0xaedc, 0xaedc, 0xaedc, 0xaedc, 0xaedc, 0xaedc, 
	0xaedc, 0xaedc, 0xaedc, 0xaedc, 0xaedc, 0xaedc, 0xaedc, 0xaedc, 0xaedc, 0xaedc, 0xaedc, 0xaedc, 0xaedc, 0xaedc, 0xaedc, 0xaedc, 
	0xaedc, 0xaedc, 0xaedc, 0xaedc, 0xaedc, 0xaedc, 0xaedc, 0xaedc, 0xaedc, 0xaedc, 0xaedc, 0xaedc, 0xaedc, 0xaedc, 0xaedc, 0xaedc, 
	0xce79, 0xfdb5, 0xfd75, 0xfdb4, 0xfdd4, 0xfdb4, 0xfd94, 0xfdb5, 0xfdb4, 0xfdb4, 0xe532, 0x72a8, 0x1041, 0x0000, 0x0000, 0x0800, 
	0x0000, 0x0000, 0x0000, 0x10e4, 0x5b8e, 0x9e19, 0xaedd, 0xaedd, 0xaedc, 0xaebc, 0xaedc, 0xaedd, 0xaedd, 0xaedc, 0xaedc, 0xaedc, 
	0xaedc, 0xaedc, 0xaedc, 0xaedc, 0xaedc, 0xaedc, 0xaedc, 0xaedc, 0xaedc, 0xaedc, 0xaedc, 0xaedc, 0xaedc, 0xaedc, 0xaedc, 0xaedc, 
	0xaedc, 0xaedc, 0xaedc, 0xaedc, 0xaedc, 0xaedc, 0xaedc, 0xaedc, 0xaedc, 0xaedc, 0xaedc, 0xaedc, 0xaedc, 0xaedc, 0xaedc, 0xaedc, 
	0xaedc, 0xaedc, 0xaedc, 0xaedc, 0xaedc, 0xaedc, 0xaedc, 0xaedc, 0xaedc, 0xaedc, 0xaedc, 0xaedc, 0xaedc, 0xaedc, 0xaedc, 0xaedc, 
	0xaedc, 0xaedc, 0xaedc, 0xaedc, 0xaedc, 0xaedc, 0xaedc, 0xaedc, 0xaedc, 0xaedc, 0xaedc, 0xaedc, 0xaedc, 0xaedc, 0xaedc, 0xaedc, 
	0xaedc, 0xaedc, 0xaedc, 0xaedc, 0xaedc, 0xaedc, 0xaedc, 0xaedc, 0xaefc, 0xb6bd, 0xaedd, 0xaedc, 0x4aec, 0x0000, 0x0000, 0x0000, 
	0x0000, 0x0000, 0x19ec, 0x4cde, 0x4cde, 0x4cde, 0x4cde, 0x4cfe, 0x4cde, 0x4cde, 0x4cde, 0x4cde, 0x4cde, 0x4cde, 0x4cde, 0x4cde, 
	0x4cde, 0x4cde, 0x4cde, 0x4cde, 0x4cde, 0x4cde, 0x4cde, 0x4cde, 0x4cfe, 0x4cfe, 0x4cfe, 0x4cdd, 0x44fd, 0x44fd, 0x4cfe, 0x4d1e, 
	0x4cde, 0x4cde, 0x4cde, 0x4cde, 0x4cde, 0x4cde, 0x4cde, 0x4cde, 0x4cde, 0x4cde, 0x4cde, 0x4cde, 0x4cde, 0x4cde, 0x4cde, 0x4cde, 
	0x4cde, 0x4cde, 0x4cde, 0x4cde, 0x4cde, 0x4cde, 0x4cde, 0x4cde, 0x4cde, 0x4cde, 0x4cde, 0x4cde, 0x4cde, 0x4cde, 0x4cde, 0x4cde, 
	0x4cde, 0x4cde, 0x4cde, 0x4cde, 0x4cde, 0x4cde, 0x4cde, 0x4cde, 0x44de, 0x4cdf, 0x44df, 0x44fe, 0x2290, 0x0000, 0x0000, 0x0000, 
	0x0000, 0x0000, 0x3a8a, 0xaedc, 0xaedd, 0xaedc, 0xaefc, 0xaedd, 0xaedc, 0xaedc, 0xaedc, 0xaedc, 0xaedc, 0xaedc, 0xaedc, 0xaedc, 
	0xaedc, 0xaedc, 0xaedc, 0xaedc, 0xaedc, 0xaedc, 0xaedc, 0xaedc, 0xaedc, 0xaedc, 0xaedc, 0xaedc, 0xaedc, 0xaedc, 0xaedc, 0xaedc, 
	0xaedc, 0xaedc, 0xaedc, 0xaedc, 0xaedc, 0xaedc, 0xaedc, 0xaedc, 0xaedc, 0xaedc, 0xaedc, 0xaedc, 0xaedc, 0xaedc, 0xaedc, 0xaedc, 
	0xaedc, 0xaedc, 0xaedc, 0xaedc, 0xaedc, 0xaedc, 0xaedc, 0xaedc, 0xaedc, 0xaedc, 0xaedc, 0xaedc, 0xaedc, 0xaedc, 0xaedc, 0xaedc, 
	0xd658, 0xfdb4, 0xfd75, 0xfd94, 0xfdb4, 0xfdb4, 0xfd74, 0xfd95, 0xfd94, 0xfdb4, 0xe511, 0x7288, 0x0840, 0x0000, 0x0021, 0x0000, 
	0x0000, 0x0000, 0x10e4, 0x63d0, 0xa65a, 0xaedd, 0xaedd, 0xaedd, 0xaedc, 0xaedc, 0xaedd, 0xaedc, 0xaebc, 0xaedc, 0xaedd, 0xaedc, 
	0xaedc, 0xaedc, 0xaedc, 0xaedc, 0xaedc, 0xaedc, 0xaedc, 0xaedc, 0xaedc, 0xaedc, 0xaedc, 0xaedc, 0xaedc, 0xaedc, 0xaedc, 0xaedc, 
	0xaedc, 0xaedc, 0xaedc, 0xaedc, 0xaedc, 0xaedc, 0xaedc, 0xaedc, 0xaedc, 0xaedc, 0xaedc, 0xaedc, 0xaedc, 0xaedc, 0xaedc, 0xaedc, 
	0xaedc, 0xaedc, 0xaedc, 0xaedc, 0xaedc, 0xaedc, 0xaedc, 0xaedc, 0xaedc, 0xaedc, 0xaedc, 0xaedc, 0xaedc, 0xaedc, 0xaedc, 0xaedc, 
	0xaedc, 0xaedc, 0xaedc, 0xaedc, 0xaedc, 0xaedc, 0xaedc, 0xaedc, 0xaedc, 0xaedc, 0xaedc, 0xaedc, 0xaedc, 0xaedc, 0xaedc, 0xaedc, 
	0xaedc, 0xaedc, 0xaedc, 0xaedc, 0xaedc, 0xaedc, 0xaedc, 0xaedc, 0xaefc, 0xb6bd, 0xaedd, 0xaedc, 0x4aec, 0x0000, 0x0000, 0x0000, 
	0x0000, 0x0000, 0x19ec, 0x4cde, 0x4cde, 0x4cde, 0x4cde, 0x4cfe, 0x4cde, 0x4cde, 0x4cde, 0x4cde, 0x4cde, 0x4cde, 0x4cde, 0x4cde, 
	0x4cde, 0x4cde, 0x4cde, 0x4cde, 0x4cde, 0x4cde, 0x4cde, 0x4cde, 0x4cde, 0x4cde, 0x4cde, 0x4cde, 0x4cde, 0x4cde, 0x44de, 0x44de, 
	0x4cde, 0x4cde, 0x4cde, 0x4cde, 0x4cde, 0x4cde, 0x4cde, 0x4cde, 0x4cde, 0x4cde, 0x4cde, 0x4cde, 0x4cde, 0x4cde, 0x4cde, 0x4cde, 
	0x4cde, 0x4cde, 0x4cde, 0x4cde, 0x4cde, 0x4cde, 0x4cde, 0x4cde, 0x4cde, 0x4cde, 0x4cde, 0x4cde, 0x4cde, 0x4cde, 0x4cde, 0x4cde, 
	0x4cde, 0x4cde, 0x4cde, 0x4cde, 0x4cde, 0x4cde, 0x4cde, 0x4cde, 0x4cfe, 0x4cfe, 0x4cfe, 0x4cfe, 0x2a90, 0x0000, 0x0000, 0x0000, 
	0x0000, 0x0000, 0x3a8a, 0xaedc, 0xaedd, 0xaedc, 0xaefc, 0xaedd, 0xaedc, 0xaedc, 0xaedc, 0xaedc, 0xaedc, 0xaedc, 0xaedc, 0xaedc, 
	0xaedc, 0xaedc, 0xaedc, 0xaedc, 0xaedc, 0xaedc, 0xaedc, 0xaedc, 0xaedc, 0xaedc, 0xaedc, 0xaedc, 0xaedc, 0xaedc, 0xaedc, 0xaedc, 
	0xaedc, 0xaedc, 0xaedc, 0xaedc, 0xaedc, 0xaedc, 0xaedc, 0xaedc, 0xaedc, 0xaedc, 0xaedc, 0xaedc, 0xaedc, 0xaedc, 0xaedc, 0xaedc, 
	0xaedc, 0xaedc, 0xaedc, 0xaedc, 0xaedc, 0xaedc, 0xaedc, 0xaedc, 0xaedc, 0xaedc, 0xaedc, 0xaedc, 0xaedc, 0xaedc, 0xaedc, 0xaedc, 
	0xde58, 0xf5f4, 0xfdb5, 0xfdb5, 0xfdd4, 0xfdd5, 0xfd94, 0xfdb5, 0xfdb5, 0xfdb5, 0xfdb5, 0xd4b2, 0x6208, 0x0020, 0x0000, 0x0000, 
	0x0000, 0x1924, 0x6c11, 0xa65b, 0xaedd, 0xaefd, 0xaedc, 0xb6dd, 0xaedd, 0xaedc, 0xaedd, 0xaedc, 0xaedc, 0xaedd, 0xb6fd, 0xaedc, 
	0xaedc, 0xaedc, 0xaedc, 0xaedc, 0xaedc, 0xaedc, 0xaedc, 0xaedc, 0xaedc, 0xaedc, 0xaedc, 0xaedc, 0xaedc, 0xaedc, 0xaedc, 0xaedc, 
	0xaedc, 0xaedc, 0xaedc, 0xaedc, 0xaedc, 0xaedc, 0xaedc, 0xaedc, 0xaedc, 0xaedc, 0xaedc, 0xaedc, 0xaedc, 0xaedc, 0xaedc, 0xaedc, 
	0xaedc, 0xaedc, 0xaedc, 0xaedc, 0xaedc, 0xaedc, 0xaedc, 0xaedc, 0xaedc, 0xaedc, 0xaedc, 0xaedc, 0xaedc, 0xaedc, 0xaedc, 0xaedc, 
	0xaedc, 0xaedc, 0xaedc, 0xaedc, 0xaedc, 0xaedc, 0xaedc, 0xaedc, 0xaedc, 0xaedc, 0xaedc, 0xaedc, 0xaedc, 0xaedc, 0xaedc, 0xaedc, 
	0xaedc, 0xaedc, 0xaedc, 0xaedc, 0xaedc, 0xaedc, 0xaedc, 0xaedc, 0xaefc, 0xb6bd, 0xaedd, 0xaedc, 0x4aec, 0x0000, 0x0000, 0x0000, 
	0x0000, 0x0000, 0x19ec, 0x4cde, 0x4cde, 0x4cde, 0x4cde, 0x4cfe, 0x4cde, 0x4cde, 0x4cde, 0x4cde, 0x4cde, 0x4cde, 0x4cde, 0x4cde, 
	0x4cde, 0x4cde, 0x4cde, 0x4cde, 0x4cde, 0x4cde, 0x4cde, 0x4cde, 0x4cff, 0x4cff, 0x4cff, 0x4cff, 0x4cff, 0x4cff, 0x4cdf, 0x4cdf, 
	0x44fe, 0x44fe, 0x44fe, 0x44fe, 0x44fe, 0x44fe, 0x44fe, 0x44fe, 0x44fe, 0x44fe, 0x44fe, 0x44fe, 0x44fe, 0x44fe, 0x44fe, 0x44fe, 
	0x44fe, 0x44fe, 0x44fe, 0x44fe, 0x44fe, 0x44fe, 0x44fe, 0x44fe, 0x44fe, 0x44fe, 0x44fe, 0x44fe, 0x44fe, 0x44fe, 0x44fe, 0x44fe, 
	0x44fe, 0x44fe, 0x44fe, 0x44fe, 0x44fe, 0x44fe, 0x44fe, 0x44fe, 0x4cdd, 0x4cdd, 0x4cde, 0x4cfe, 0x2ab0, 0x0000, 0x0000, 0x0000, 
	0x0000, 0x0000, 0x3a8a, 0xaedc, 0xaedd, 0xaedc, 0xaefc, 0xaedd, 0xaedc, 0xaedc, 0xaedc, 0xaedc, 0xaedc, 0xaedc, 0xaedc, 0xaedc, 
	0xaedc, 0xaedc, 0xaedc, 0xaedc, 0xaedc, 0xaedc, 0xaedc, 0xaedc, 0xaedc, 0xaedc, 0xaedc, 0xaedc, 0xaedc, 0xaedc, 0xaedc, 0xaedc, 
	0xaedc, 0xaedc, 0xaedc, 0xaedc, 0xaedc, 0xaedc, 0xaedc, 0xaedc, 0xaedc, 0xaedc, 0xaedc, 0xaedc, 0xaedc, 0xaedc, 0xaedc, 0xaedc, 
	0xaedc, 0xaedc, 0xaedc, 0xaedc, 0xaedc, 0xaedc, 0xaedc, 0xaedc, 0xaedc, 0xaedc, 0xaedc, 0xaedc, 0xaedc, 0xaedc, 0xaedc, 0xaedc, 
	0xbebc, 0xc699, 0xc67a, 0xce7a, 0xc699, 0xc69a, 0xce79, 0xc69a, 0xbe99, 0xc6b9, 0xc699, 0xce7a, 0xa555, 0x3a69, 0x0020, 0x0020, 
	0x2166, 0x7472, 0xa67a, 0xaefd, 0xaefd, 0xaedd, 0xb6fd, 0xaedc, 0xaedc, 0xaedc, 0xaedc, 0xaedc, 0xb6fd, 0xb6fd, 0xaedc, 0xaedc, 
	0xaedc, 0xaedc, 0xaedc, 0xaedc, 0xaedc, 0xaedc, 0xaedc, 0xaedc, 0xaedc, 0xaedc, 0xaedc, 0xaedc, 0xaedc, 0xaedc, 0xaedc, 0xaedc, 
	0xaedc, 0xaedc, 0xaedc, 0xaedc, 0xaedc, 0xaedc, 0xaedc, 0xaedc, 0xaedc, 0xaedc, 0xaedc, 0xaedc, 0xaedc, 0xaedc, 0xaedc, 0xaedc, 
	0xaedc, 0xaedc, 0xaedc, 0xaedc, 0xaedc, 0xaedc, 0xaedc, 0xaedc, 0xaedc, 0xaedc, 0xaedc, 0xaedc, 0xaedc, 0xaedc, 0xaedc, 0xaedc, 
	0xaedc, 0xaedc, 0xaedc, 0xaedc, 0xaedc, 0xaedc, 0xaedc, 0xaedc, 0xaedc, 0xaedc, 0xaedc, 0xaedc, 0xaedc, 0xaedc, 0xaedc, 0xaedc, 
	0xaedc, 0xaedc, 0xaedc, 0xaedc, 0xaedc, 0xaedc, 0xaedc, 0xaedc, 0xaefc, 0xb6bd, 0xaedd, 0xaedc, 0x4aec, 0x0000, 0x0000, 0x0000, 
	0x0000, 0x0000, 0x19ec, 0x4cde, 0x4cde, 0x4cde, 0x4cde, 0x4cfe, 0x4cde, 0x4cde, 0x4cde, 0x4cde, 0x4cde, 0x4cde, 0x4cde, 0x4cde, 
	0x4cde, 0x4cde, 0x4cde, 0x4cde, 0x4cde, 0x4cde, 0x4cde, 0x4cde, 0x4cde, 0x4cde, 0x44de, 0x4cde, 0x4cde, 0x4cde, 0x4cfe, 0x4cfe, 
	0x4cfe, 0x4cfe, 0x4cfe, 0x4cfe, 0x4cfe, 0x4cfe, 0x4cfe, 0x4cfe, 0x4cfe, 0x4cfe, 0x4cfe, 0x4cfe, 0x4cfe, 0x4cfe, 0x4cfe, 0x4cfe, 
	0x4cfe, 0x4cfe, 0x4cfe, 0x4cfe, 0x4cfe, 0x4cfe, 0x4cfe, 0x4cfe, 0x4cfe, 0x4cfe, 0x4cfe, 0x4cfe, 0x4cfe, 0x4cfe, 0x4cfe, 0x4cfe, 
	0x4cfe, 0x4cfe, 0x4cfe, 0x4cfe, 0x4cfe, 0x4cfe, 0x4cfe, 0x4cfe, 0x4cfe, 0x4cde, 0x4cde, 0x4cfe, 0x2ab0, 0x0000, 0x0000, 0x0000, 
	0x0000, 0x0000, 0x3a8a, 0xaedc, 0xaedd, 0xaedc, 0xaefc, 0xaedd, 0xaedc, 0xaedc, 0xaedc, 0xaedc, 0xaedc, 0xaedc, 0xaedc, 0xaedc, 
	0xaedc, 0xaedc, 0xaedc, 0xaedc, 0xaedc, 0xaedc, 0xaedc, 0xaedc, 0xaedc, 0xaedc, 0xaedc, 0xaedc, 0xaedc, 0xaedc, 0xaedc, 0xaedc, 
	0xaedc, 0xaedc, 0xaedc, 0xaedc, 0xaedc, 0xaedc, 0xaedc, 0xaedc, 0xaedc, 0xaedc, 0xaedc, 0xaedc, 0xaedc, 0xaedc, 0xaedc, 0xaedc, 
	0xaedc, 0xaedc, 0xaedc, 0xaedc, 0xaedc, 0xaedc, 0xaedc, 0xaedc, 0xaedc, 0xaedc, 0xaedc, 0xaedc, 0xaedc, 0xaedc, 0xaedc, 0xaedc, 
	0xaede, 0xaedb, 0xaedd, 0xb6be, 0xaedd, 0xa6fd, 0xaedc, 0xaefd, 0xaede, 0xaebd, 0xb6dd, 0xa6dd, 0xaefc, 0x8515, 0x3209, 0x31c8, 
	0x7cb4, 0xae9b, 0xaf1c, 0xaedc, 0xaedc, 0xb6bc, 0xaedc, 0xaefd, 0xaedd, 0xaedd, 0xaedc, 0xaedc, 0xaedc, 0xaedc, 0xaedc, 0xb6fd, 
	0xaedc, 0xaedc, 0xaedc, 0xaedc, 0xaedc, 0xaedc, 0xaedc, 0xaedc, 0xaedc, 0xaedc, 0xaedc, 0xaedc, 0xaedc, 0xaedc, 0xaedc, 0xaedc, 
	0xaedc, 0xaedc, 0xaedc, 0xaedc, 0xaedc, 0xaedc, 0xaedc, 0xaedc, 0xaedc, 0xaedc, 0xaedc, 0xaedc, 0xaedc, 0xaedc, 0xaedc, 0xaedc, 
	0xaedc, 0xaedc, 0xaedc, 0xaedc, 0xaedc, 0xaedc, 0xaedc, 0xaedc, 0xaedc, 0xaedc, 0xaedc, 0xaedc, 0xaedc, 0xaedc, 0xaedc, 0xaedc, 
	0xaedc, 0xaedc, 0xaedc, 0xaedc, 0xaedc, 0xaedc, 0xaedc, 0xaedc, 0xaedc, 0xaedc, 0xaedc, 0xaedc, 0xaedc, 0xaedc, 0xaedc, 0xaedc, 
	0xaedc, 0xaedc, 0xaedc, 0xaedc, 0xaedc, 0xaedc, 0xaedc, 0xaedc, 0xaefc, 0xb6bd, 0xaedd, 0xaedc, 0x4aec, 0x0000, 0x0000, 0x0000, 
	0x0000, 0x0000, 0x19ec, 0x4cde, 0x4cde, 0x4cde, 0x4cde, 0x4cfe, 0x4cde, 0x4cde, 0x4cde, 0x4cde, 0x4cde, 0x4cde, 0x4cde, 0x4cde, 
	0x4cde, 0x4cde, 0x4cde, 0x4cde, 0x4cde, 0x4cde, 0x4cde, 0x4cde, 0x44de, 0x4cfe, 0x4cff, 0x4cff, 0x4cfe, 0x4cde, 0x4cde, 0x4cde, 
	0x4cde, 0x4cde, 0x4cde, 0x4cde, 0x4cde, 0x4cde, 0x4cde, 0x4cde, 0x4cde, 0x4cde, 0x4cde, 0x4cde, 0x4cde, 0x4cde, 0x4cde, 0x4cde, 
	0x4cde, 0x4cde, 0x4cde, 0x4cde, 0x4cde, 0x4cde, 0x4cde, 0x4cde, 0x4cde, 0x4cde, 0x4cde, 0x4cde, 0x4cde, 0x4cde, 0x4cde, 0x4cde, 
	0x4cde, 0x4cde, 0x4cde, 0x4cde, 0x4cde, 0x4cde, 0x4cde, 0x4cde, 0x44df, 0x4cdf, 0x4cdf, 0x4cfe, 0x2ab0, 0x0000, 0x0000, 0x0000, 
	0x0000, 0x0000, 0x3a8a, 0xaedc, 0xaedd, 0xaedc, 0xaefc, 0xaedd, 0xaedc, 0xaedc, 0xaedc, 0xaedc, 0xaedc, 0xaedc, 0xaedc, 0xaedc, 
	0xaedc, 0xaedc, 0xaedc, 0xaedc, 0xaedc, 0xaedc, 0xaedc, 0xaedc, 0xaedc, 0xaedc, 0xaedc, 0xaedc, 0xaedc, 0xaedc, 0xaedc, 0xaedc, 
	0xaedc, 0xaedc, 0xaedc, 0xaedc, 0xaedc, 0xaedc, 0xaedc, 0xaedc, 0xaedc, 0xaedc, 0xaedc, 0xaedc, 0xaedc, 0xaedc, 0xaedc, 0xaedc, 
	0xaedc, 0xaedc, 0xaedc, 0xaedc, 0xaedc, 0xaedc, 0xaedc, 0xaedc, 0xaedc, 0xaedc, 0xaedc, 0xaedc, 0xaedc, 0xaedc, 0xaedc, 0xaedc, 
	0xaedc, 0xaedc, 0xaedc, 0xaedc, 0xaedc, 0xaedc, 0xaedc, 0xaedc, 0xaedc, 0xaedd, 0xb6fd, 0xaebc, 0xb6dd, 0xae9b, 0x8d98, 0x8d77, 
	0xaedc, 0xaedc, 0xaedc, 0xaedd, 0xaedd, 0xaedd, 0xaedd, 0xaedc, 0xaedc, 0xaedc, 0xaedc, 0xaedc, 0xaedc, 0xaedc, 0xaedc, 0xaedc, 
	0xaedc, 0xaedc, 0xaedc, 0xaedc, 0xaedc, 0xaedc, 0xaedc, 0xaedc, 0xaedc, 0xaedc, 0xaedc, 0xaedc, 0xaedc, 0xaedc, 0xaedc, 0xaedc, 
	0xaedc, 0xaedc, 0xaedc, 0xaedc, 0xaedc, 0xaedc, 0xaedc, 0xaedc, 0xaedc, 0xaedc, 0xaedc, 0xaedc, 0xaedc, 0xaedc, 0xaedc, 0xaedc, 
	0xaedc, 0xaedc, 0xaedc, 0xaedc, 0xaedc, 0xaedc, 0xaedc, 0xaedc, 0xaedc, 0xaedc, 0xaedc, 0xaedc, 0xaedc, 0xaedc, 0xaedc, 0xaedc, 
	0xaedc, 0xaedc, 0xaedc, 0xaedc, 0xaedc, 0xaedc, 0xaedc, 0xaedc, 0xaedc, 0xaedc, 0xaedc, 0xaedc, 0xaedc, 0xaedc, 0xaedc, 0xaedc, 
	0xaedc, 0xaedc, 0xaedc, 0xaedc, 0xaedc, 0xaedc, 0xaedc, 0xaedc, 0xb6dc, 0xaedc, 0xa6dd, 0xb6dc, 0x4acc, 0x0000, 0x0000, 0x0000, 
	0x0000, 0x0000, 0x19ec, 0x4cfe, 0x44de, 0x4cde, 0x4cff, 0x44ff, 0x4cde, 0x4cde, 0x4cde, 0x4cde, 0x4cde, 0x4cde, 0x4cde, 0x4cde, 
	0x4cde, 0x4cde, 0x4cde, 0x4cde, 0x4cde, 0x4cde, 0x4cde, 0x4cde, 0x4cde, 0x4cde, 0x4cde, 0x4cde, 0x4cde, 0x4cde, 0x4cde, 0x4cde, 
	0x4cde, 0x4cde, 0x4cde, 0x4cde, 0x4cde, 0x4cde, 0x4cde, 0x4cde, 0x4cde, 0x4cde, 0x4cde, 0x4cde, 0x4cde, 0x4cde, 0x4cde, 0x4cde, 
	0x4cde, 0x4cde, 0x4cde, 0x4cde, 0x4cde, 0x4cde, 0x4cde, 0x4cde, 0x4cde, 0x4cde, 0x4cde, 0x4cde, 0x4cde, 0x4cde, 0x4cde, 0x4cde, 
	0x4cde, 0x4cde, 0x4cde, 0x4cde, 0x4cde, 0x4cde, 0x4cde, 0x4cde, 0x44df, 0x4cde, 0x4cfe, 0x4cdd, 0x2a91, 0x0001, 0x0800, 0x0000, 
	0x0020, 0x0000, 0x428b, 0xb6dc, 0xaedc, 0xaedc, 0xb6fd, 0xaedd, 0xaedc, 0xaedc, 0xaedc, 0xaedc, 0xaedc, 0xaedc, 0xaedc, 0xaedc, 
	0xaedc, 0xaedc, 0xaedc, 0xaedc, 0xaedc, 0xaedc, 0xaedc, 0xaedc, 0xaedc, 0xaedc, 0xaedc, 0xaedc, 0xaedc, 0xaedc, 0xaedc, 0xaedc, 
	0xaedc, 0xaedc, 0xaedc, 0xaedc, 0xaedc, 0xaedc, 0xaedc, 0xaedc, 0xaedc, 0xaedc, 0xaedc, 0xaedc, 0xaedc, 0xaedc, 0xaedc, 0xaedc, 
	0xaedc, 0xaedc, 0xaedc, 0xaedc, 0xaedc, 0xaedc, 0xaedc, 0xaedc, 0xaedc, 0xaedc, 0xaedc, 0xaedc, 0xaedc, 0xaedc, 0xaedc, 0xaedc, 
	0xaedc, 0xaedc, 0xaedc, 0xaedc, 0xaedc, 0xaedc, 0xaedc, 0xaedc, 0xaedd, 0xaedd, 0xaedd, 0xaebc, 0xb6fd, 0xb6fd, 0xae9c, 0xb6dc, 
	0xaedc, 0xaedc, 0xaedc, 0xaedd, 0xaedd, 0xaedd, 0xaedc, 0xaedc, 0xaedc, 0xaedc, 0xaedc, 0xaedc, 0xaedc, 0xaedc, 0xaedc, 0xaedc, 
	0xaedc, 0xaedc, 0xaedc, 0xaedc, 0xaedc, 0xaedc, 0xaedc, 0xaedc, 0xaedc, 0xaedc, 0xaedc, 0xaedc, 0xaedc, 0xaedc, 0xaedc, 0xaedc, 
	0xaedc, 0xaedc, 0xaedc, 0xaedc, 0xaedc, 0xaedc, 0xaedc, 0xaedc, 0xaedc, 0xaedc, 0xaedc, 0xaedc, 0xaedc, 0xaedc, 0xaedc, 0xaedc, 
	0xaedc, 0xaedc, 0xaedc, 0xaedc, 0xaedc, 0xaedc, 0xaedc, 0xaedc, 0xaedc, 0xaedc, 0xaedc, 0xaedc, 0xaedc, 0xaedc, 0xaedc, 0xaedc, 
	0xaedc, 0xaedc, 0xaedc, 0xaedc, 0xaedc, 0xaedc, 0xaedc, 0xaedc, 0xaedc, 0xaedc, 0xaedc, 0xaedc, 0xaedc, 0xaedc, 0xaedc, 0xaedc, 
	0xaedc, 0xaedc, 0xaedc, 0xaedc, 0xaedc, 0xaedc, 0xaedc, 0xaedc, 0xb6bc, 0xb6fd, 0xaedd, 0xaebb, 0x530d, 0x0000, 0x0000, 0x0000, 
	0x0000, 0x0000, 0x19cc, 0x4cbd, 0x4cdf, 0x4cbd, 0x4cbd, 0x4cfd, 0x4cdf, 0x4cdf, 0x4cdf, 0x4cdf, 0x4cdf, 0x4cdf, 0x4cdf, 0x4cdf, 
	0x4cdf, 0x4cdf, 0x4cdf, 0x4cdf, 0x4cdf, 0x4cdf, 0x4cdf, 0x4cdf, 0x4cdf, 0x4cdf, 0x4cdf, 0x4cdf, 0x4cdf, 0x4cdf, 0x4cdf, 0x4cdf, 
	0x4cdf, 0x4cdf, 0x4cdf, 0x4cdf, 0x4cdf, 0x4cdf, 0x4cdf, 0x4cdf, 0x4cdf, 0x4cdf, 0x4cdf, 0x4cdf, 0x4cdf, 0x4cdf, 0x4cdf, 0x4cdf, 
	0x4cdf, 0x4cdf, 0x4cdf, 0x4cdf, 0x4cdf, 0x4cdf, 0x4cdf, 0x4cdf, 0x4cdf, 0x4cdf, 0x4cdf, 0x4cdf, 0x4cdf, 0x4cdf, 0x4cdf, 0x4cdf, 
	0x4cdf, 0x4cdf, 0x4cdf, 0x4cdf, 0x4cdf, 0x4cdf, 0x4cdf, 0x4cdf, 0x4cfd, 0x4cfd, 0x4cfe, 0x4cfd, 0x228f, 0x0001, 0x0000, 0x0021, 
	0x0020, 0x0000, 0x428b, 0xb6bc, 0xaefd, 0xaedc, 0xaebc, 0xaefd, 0xaedc, 0xaedc, 0xaedc, 0xaedc, 0xaedc, 0xaedc, 0xaedc, 0xaedc, 
	0xaedc, 0xaedc, 0xaedc, 0xaedc, 0xaedc, 0xaedc, 0xaedc, 0xaedc, 0xaedc, 0xaedc, 0xaedc, 0xaedc, 0xaedc, 0xaedc, 0xaedc, 0xaedc, 
	0xaedc, 0xaedc, 0xaedc, 0xaedc, 0xaedc, 0xaedc, 0xaedc, 0xaedc, 0xaedc, 0xaedc, 0xaedc, 0xaedc, 0xaedc, 0xaedc, 0xaedc, 0xaedc, 
	0xaedc, 0xaedc, 0xaedc, 0xaedc, 0xaedc, 0xaedc, 0xaedc, 0xaedc, 0xaedc, 0xaedc, 0xaedc, 0xaedc, 0xaedc, 0xaedc, 0xaedc, 0xaedc, 
	0xaedc, 0xaedc, 0xaedc, 0xaedc, 0xaedc, 0xaedc, 0xaedc, 0xaedc, 0xb6fd, 0xaedc, 0xaedd, 0xaebc, 0xaedc, 0xb6dd, 0xaebc, 0xb6fd, 
	0xaedc, 0xaedc, 0xaedc, 0xaedc, 0xaedc, 0xaedc, 0xaedc, 0xaedc, 0xaedc, 0xaedc, 0xaedc, 0xaedc, 0xaedc, 0xaedc, 0xaedc, 0xaedc, 
	0xaedc, 0xaedc, 0xaedc, 0xaedc, 0xaedc, 0xaedc, 0xaedc, 0xaedc, 0xaedc, 0xaedc, 0xaedc, 0xaedc, 0xaedc, 0xaedc, 0xaedc, 0xaedc, 
	0xaedc, 0xaedc, 0xaedc, 0xaedc, 0xaedc, 0xaedc, 0xaedc, 0xaedc, 0xaedc, 0xaedc, 0xaedc, 0xaedc, 0xaedc, 0xaedc, 0xaedc, 0xaedc, 
	0xaedc, 0xaedc, 0xaedc, 0xaedc, 0xaedc, 0xaedc, 0xaedc, 0xaedc, 0xaedc, 0xaedc, 0xaedc, 0xaedc, 0xaedc, 0xaedc, 0xaedc, 0xaedc, 
	0xaedc, 0xaedc, 0xaedc, 0xaedc, 0xaedc, 0xaedc, 0xaedc, 0xaedc, 0xaedc, 0xaedc, 0xaedc, 0xaedc, 0xaedc, 0xaedc, 0xaedc, 0xaedc, 
	0xaedc, 0xaedc, 0xaedc, 0xaedc, 0xaedc, 0xaedc, 0xaedc, 0xaedc, 0xb6dc, 0xaedd, 0xaedd, 0xaebc, 0x5b6e, 0x0862, 0x0000, 0x0000, 
	0x0020, 0x0000, 0x1149, 0x3bf8, 0x4cff, 0x4cff, 0x44df, 0x44df, 0x4cfe, 0x4cfe, 0x4cfe, 0x4cfe, 0x4cfe, 0x4cfe, 0x4cfe, 0x4cfe, 
	0x4cfe, 0x4cfe, 0x4cfe, 0x4cfe, 0x4cfe, 0x4cfe, 0x4cfe, 0x4cfe, 0x4cfe, 0x4cfe, 0x4cfe, 0x4cfe, 0x4cfe, 0x4cfe, 0x4cfe, 0x4cfe, 
	0x4cfe, 0x4cfe, 0x4cfe, 0x4cfe, 0x4cfe, 0x4cfe, 0x4cfe, 0x4cfe, 0x4cfe, 0x4cfe, 0x4cfe, 0x4cfe, 0x4cfe, 0x4cfe, 0x4cfe, 0x4cfe, 
	0x4cfe, 0x4cfe, 0x4cfe, 0x4cfe, 0x4cfe, 0x4cfe, 0x4cfe, 0x4cfe, 0x4cfe, 0x4cfe, 0x4cfe, 0x4cfe, 0x4cfe, 0x4cfe, 0x4cfe, 0x4cfe, 
	0x4cfe, 0x4cfe, 0x4cfe, 0x4cfe, 0x4cfe, 0x4cfe, 0x4cfe, 0x4cfe, 0x44de, 0x44ff, 0x44df, 0x443a, 0x11cb, 0x0000, 0x0000, 0x0000, 
	0x0000, 0x0021, 0x530d, 0xb6dc, 0xaefd, 0xaedc, 0xaedd, 0xaedd, 0xaedc, 0xaedc, 0xaedc, 0xaedc, 0xaedc, 0xaedc, 0xaedc, 0xaedc, 
	0xaedc, 0xaedc, 0xaedc, 0xaedc, 0xaedc, 0xaedc, 0xaedc, 0xaedc, 0xaedc, 0xaedc, 0xaedc, 0xaedc, 0xaedc, 0xaedc, 0xaedc, 0xaedc, 
	0xaedc, 0xaedc, 0xaedc, 0xaedc, 0xaedc, 0xaedc, 0xaedc, 0xaedc, 0xaedc, 0xaedc, 0xaedc, 0xaedc, 0xaedc, 0xaedc, 0xaedc, 0xaedc, 
	0xaedc, 0xaedc, 0xaedc, 0xaedc, 0xaedc, 0xaedc, 0xaedc, 0xaedc, 0xaedc, 0xaedc, 0xaedc, 0xaedc, 0xaedc, 0xaedc, 0xaedc, 0xaedc, 
	0xaedc, 0xaedc, 0xaedc, 0xaedc, 0xaedc, 0xaedc, 0xaedc, 0xaedc, 0xaedc, 0xaebc, 0xb6fd, 0xaedd, 0xaedc, 0xaedc, 0xaebc, 0xaedc, 
	0xaedd, 0xaedd, 0xaedc, 0xaedc, 0xaedc, 0xaedc, 0xaedc, 0xaedc, 0xaedc, 0xaedc, 0xaedc, 0xaedc, 0xaedc, 0xaedc, 0xaedc, 0xaedc, 
	0xaedc, 0xaedc, 0xaedc, 0xaedc, 0xaedc, 0xaedc, 0xaedc, 0xaedc, 0xaedc, 0xaedc, 0xaedc, 0xaedc, 0xaedc, 0xaedc, 0xaedc, 0xaedc, 
	0xaedc, 0xaedc, 0xaedc, 0xaedc, 0xaedc, 0xaedc, 0xaedc, 0xaedc, 0xaedc, 0xaedc, 0xaedc, 0xaedc, 0xaedc, 0xaedc, 0xaedc, 0xaedc, 
	0xaedc, 0xaedc, 0xaedc, 0xaedc, 0xaedc, 0xaedc, 0xaedc, 0xaedc, 0xaedc, 0xaedc, 0xaedc, 0xaedc, 0xaedc, 0xaedc, 0xaedc, 0xaedc, 
	0xaedc, 0xaedc, 0xaedc, 0xaedc, 0xaedc, 0xaedc, 0xaedc, 0xaedc, 0xaedc, 0xaedc, 0xaedc, 0xaedc, 0xaedc, 0xaedc, 0xaedc, 0xaedc, 
	0xaedc, 0xaedc, 0xaedc, 0xaedc, 0xaedc, 0xaedc, 0xaedc, 0xaedc, 0xb6fd, 0xa6bc, 0xaefd, 0xb6bc, 0x6c32, 0x08a3, 0x0000, 0x0000, 
	0x0000, 0x0000, 0x0062, 0x1a0d, 0x3bd7, 0x4cbc, 0x4cde, 0x4cdf, 0x4cbe, 0x4cbe, 0x4cbe, 0x4cbe, 0x4cbe, 0x4cbe, 0x4cbe, 0x4cbe, 
	0x4cbe, 0x4cbe, 0x4cbe, 0x4cbe, 0x4cbe, 0x4cbe, 0x4cbe, 0x4cbe, 0x4cbe, 0x4cbe, 0x4cbe, 0x4cbe, 0x4cbe, 0x4cbe, 0x4cbe, 0x4cbe, 
	0x4cbe, 0x4cbe, 0x4cbe, 0x4cbe, 0x4cbe, 0x4cbe, 0x4cbe, 0x4cbe, 0x4cbe, 0x4cbe, 0x4cbe, 0x4cbe, 0x4cbe, 0x4cbe, 0x4cbe, 0x4cbe, 
	0x4cbe, 0x4cbe, 0x4cbe, 0x4cbe, 0x4cbe, 0x4cbe, 0x4cbe, 0x4cbe, 0x4cbe, 0x4cbe, 0x4cbe, 0x4cbe, 0x4cbe, 0x4cbe, 0x4cbe, 0x4cbe, 
	0x4cbe, 0x4cbe, 0x4cbe, 0x4cbe, 0x4cbe, 0x4cbe, 0x4cbe, 0x4cbe, 0x4cbd, 0x4cbe, 0x441a, 0x2a4f, 0x0863, 0x0000, 0x0000, 0x0000, 
	0x0000, 0x0041, 0x6c11, 0xb6fc, 0xaedc, 0xaedc, 0xb6fd, 0xaebc, 0xaedc, 0xaedc, 0xaedc, 0xaedc, 0xaedc, 0xaedc, 0xaedc, 0xaedc, 
	0xaedc, 0xaedc, 0xaedc, 0xaedc, 0xaedc, 0xaedc, 0xaedc, 0xaedc, 0xaedc, 0xaedc, 0xaedc, 0xaedc, 0xaedc, 0xaedc, 0xaedc, 0xaedc, 
	0xaedc, 0xaedc, 0xaedc, 0xaedc, 0xaedc, 0xaedc, 0xaedc, 0xaedc, 0xaedc, 0xaedc, 0xaedc, 0xaedc, 0xaedc, 0xaedc, 0xaedc, 0xaedc, 
	0xaedc, 0xaedc, 0xaedc, 0xaedc, 0xaedc, 0xaedc, 0xaedc, 0xaedc, 0xaedc, 0xaedc, 0xaedc, 0xaedc, 0xaedc, 0xaedc, 0xaedc, 0xaedc, 
	0xaedc, 0xaedc, 0xaedc, 0xaedc, 0xaedc, 0xaedc, 0xaedc, 0xaedc, 0xaedc, 0xaedc, 0xaedd, 0xaedd, 0xaedc, 0xaefd, 0xaefd, 0xaefd, 
	0xaedd, 0xaedc, 0xaedc, 0xaedc, 0xaedc, 0xaedc, 0xaedc, 0xaedc, 0xaedc, 0xaedc, 0xaedc, 0xaedc, 0xaedc, 0xaedc, 0xaedc, 0xaedc, 
	0xaedc, 0xaedc, 0xaedc, 0xaedc, 0xaedc, 0xaedc, 0xaedc, 0xaedc, 0xaedc, 0xaedc, 0xaedc, 0xaedc, 0xaedc, 0xaedc, 0xaedc, 0xaedc, 
	0xaedc, 0xaedc, 0xaedc, 0xaedc, 0xaedc, 0xaedc, 0xaedc, 0xaedc, 0xaedc, 0xaedc, 0xaedc, 0xaedc, 0xaedc, 0xaedc, 0xaedc, 0xaedc, 
	0xaedc, 0xaedc, 0xaedc, 0xaedc, 0xaedc, 0xaedc, 0xaedc, 0xaedc, 0xaedc, 0xaedc, 0xaedc, 0xaedc, 0xaedc, 0xaedc, 0xaedc, 0xaedc, 
	0xaedc, 0xaedc, 0xaedc, 0xaedc, 0xaedc, 0xaedc, 0xaedc, 0xaedc, 0xaedc, 0xaedc, 0xaedc, 0xaedc, 0xaedc, 0xaedc, 0xaedc, 0xaedc, 
	0xaedc, 0xaedc, 0xaedc, 0xaedc, 0xaedc, 0xaedc, 0xaedc, 0xaedc, 0xaedd, 0xaedd, 0xaefd, 0xaebc, 0x9597, 0x1946, 0x0021, 0x0000, 
	0x0000, 0x0800, 0x0000, 0x0041, 0x0947, 0x19aa, 0x21cb, 0x21cc, 0x19ec, 0x19ec, 0x19ec, 0x19ec, 0x19ec, 0x19ec, 0x19ec, 0x19ec, 
	0x19ec, 0x19ec, 0x19ec, 0x19ec, 0x19ec, 0x19ec, 0x19ec, 0x19ec, 0x19ec, 0x19ec, 0x19ec, 0x19ec, 0x19ec, 0x19ec, 0x19ec, 0x19ec, 
	0x19ec, 0x19ec, 0x19ec, 0x19ec, 0x19ec, 0x19ec, 0x19ec, 0x19ec, 0x19ec, 0x19ec, 0x19ec, 0x19ec, 0x19ec, 0x19ec, 0x19ec, 0x19ec, 
	0x19ec, 0x19ec, 0x19ec, 0x19ec, 0x19ec, 0x19ec, 0x19ec, 0x19ec, 0x19ec, 0x19ec, 0x19ec, 0x19ec, 0x19ec, 0x19ec, 0x19ec, 0x19ec, 
	0x19ec, 0x19ec, 0x19ec, 0x19ec, 0x19ec, 0x19ec, 0x19ec, 0x19ec, 0x21ec, 0x11cb, 0x1168, 0x0041, 0x0000, 0x0000, 0x0020, 0x0020, 
	0x0000, 0x1925, 0x8515, 0xb6dc, 0xaefd, 0xaedc, 0xb6fd, 0xaebc, 0xaedc, 0xaedc, 0xaedc, 0xaedc, 0xaedc, 0xaedc, 0xaedc, 0xaedc, 
	0xaedc, 0xaedc, 0xaedc, 0xaedc, 0xaedc, 0xaedc, 0xaedc, 0xaedc, 0xaedc, 0xaedc, 0xaedc, 0xaedc, 0xaedc, 0xaedc, 0xaedc, 0xaedc, 
	0xaedc, 0xaedc, 0xaedc, 0xaedc, 0xaedc, 0xaedc, 0xaedc, 0xaedc, 0xaedc, 0xaedc, 0xaedc, 0xaedc, 0xaedc, 0xaedc, 0xaedc, 0xaedc, 
	0xaedc, 0xaedc, 0xaedc, 0xaedc, 0xaedc, 0xaedc, 0xaedc, 0xaedc, 0xaedc, 0xaedc, 0xaedc, 0xaedc, 0xaedc, 0xaedc, 0xaedc, 0xaedc, 
	0xaedc, 0xaedc, 0xaedc, 0xaedc, 0xaedc, 0xaedc, 0xaedc, 0xaedc, 0xb6fd, 0xaedc, 0xaedc, 0xaedc, 0xaedc, 0xaedc, 0xaedc, 0xaedc, 
	0xaedc, 0xaedc, 0xaedc, 0xaedc, 0xaedc, 0xaedc, 0xaedc, 0xaedc, 0xaedc, 0xaedc, 0xaedc, 0xaedc, 0xaedc, 0xaedc, 0xaedc, 0xaedc, 
	0xaedc, 0xaedc, 0xaedc, 0xaedc, 0xaedc, 0xaedc, 0xaedc, 0xaedc, 0xaedc, 0xaedc, 0xaedc, 0xaedc, 0xaedc, 0xaedc, 0xaedc, 0xaedc, 
	0xaedc, 0xaedc, 0xaedc, 0xaedc, 0xaedc, 0xaedc, 0xaedc, 0xaedc, 0xaedc, 0xaedc, 0xaedc, 0xaedc, 0xaedc, 0xaedc, 0xaedc, 0xaedc, 
	0xaedc, 0xaedc, 0xaedc, 0xaedc, 0xaedc, 0xaedc, 0xaedc, 0xaedc, 0xaedc, 0xaedc, 0xaedc, 0xaedc, 0xaedc, 0xaedc, 0xaedc, 0xaedc, 
	0xaedc, 0xaedc, 0xaedc, 0xaedc, 0xaedc, 0xaedc, 0xaedc, 0xaedc, 0xaedc, 0xaedc, 0xaedc, 0xaedc, 0xaedc, 0xaedc, 0xaedc, 0xaedc, 
	0xaedc, 0xaedc, 0xaedc, 0xaedc, 0xaedc, 0xaedc, 0xaedc, 0xaedc, 0xaedc, 0xaedc, 0xaedd, 0xaedc, 0xae7b, 0x5b8f, 0x0041, 0x0000, 
	0x0000, 0x0000, 0x0000, 0x0000, 0x0021, 0x0000, 0x0000, 0x0000, 0x0000, 0x0000, 0x0000, 0x0000, 0x0000, 0x0000, 0x0000, 0x0000, 
	0x0000, 0x0000, 0x0000, 0x0000, 0x0000, 0x0000, 0x0000, 0x0000, 0x0000, 0x0000, 0x0000, 0x0000, 0x0000, 0x0000, 0x0000, 0x0000, 
	0x0000, 0x0000, 0x0000, 0x0000, 0x0000, 0x0000, 0x0000, 0x0000, 0x0000, 0x0000, 0x0000, 0x0000, 0x0000, 0x0000, 0x0000, 0x0000, 
	0x0000, 0x0000, 0x0000, 0x0000, 0x0000, 0x0000, 0x0000, 0x0000, 0x0000, 0x0000, 0x0000, 0x0000, 0x0000, 0x0000, 0x0000, 0x0000, 
	0x0000, 0x0000, 0x0000, 0x0000, 0x0000, 0x0000, 0x0000, 0x0000, 0x0000, 0x0000, 0x0020, 0x0000, 0x0800, 0x0001, 0x0000, 0x0000, 
	0x0001, 0x42cc, 0xa65a, 0xaedc, 0xb6fd, 0xaedd, 0xaedc, 0xb6dd, 0xaedc, 0xaedc, 0xaedc, 0xaedc, 0xaedc, 0xaedc, 0xaedc, 0xaedc, 
	0xaedc, 0xaedc, 0xaedc, 0xaedc, 0xaedc, 0xaedc, 0xaedc, 0xaedc, 0xaedc, 0xaedc, 0xaedc, 0xaedc, 0xaedc, 0xaedc, 0xaedc, 0xaedc, 
	0xaedc, 0xaedc, 0xaedc, 0xaedc, 0xaedc, 0xaedc, 0xaedc, 0xaedc, 0xaedc, 0xaedc, 0xaedc, 0xaedc, 0xaedc, 0xaedc, 0xaedc, 0xaedc, 
	0xaedc, 0xaedc, 0xaedc, 0xaedc, 0xaedc, 0xaedc, 0xaedc, 0xaedc, 0xaedc, 0xaedc, 0xaedc, 0xaedc, 0xaedc, 0xaedc, 0xaedc, 0xaedc, 
	0xaedc, 0xaedc, 0xaedc, 0xaedc, 0xaedc, 0xaedc, 0xaedc, 0xaedc, 0xaedc, 0xaedc, 0xaedc, 0xaedd, 0xb6fd, 0xaedd, 0xaedd, 0xaedc, 
	0xaedc, 0xaedc, 0xaedc, 0xaedc, 0xaedc, 0xaedc, 0xaedc, 0xaedc, 0xaedc, 0xaedc, 0xaedc, 0xaedc, 0xaedc, 0xaedc, 0xaedc, 0xaedc, 
	0xaedc, 0xaedc, 0xaedc, 0xaedc, 0xaedc, 0xaedc, 0xaedc, 0xaedc, 0xaedc, 0xaedc, 0xaedc, 0xaedc, 0xaedc, 0xaedc, 0xaedc, 0xaedc, 
	0xaedc, 0xaedc, 0xaedc, 0xaedc, 0xaedc, 0xaedc, 0xaedc, 0xaedc, 0xaedc, 0xaedc, 0xaedc, 0xaedc, 0xaedc, 0xaedc, 0xaedc, 0xaedc, 
	0xaedc, 0xaedc, 0xaedc, 0xaedc, 0xaedc, 0xaedc, 0xaedc, 0xaedc, 0xaedc, 0xaedc, 0xaedc, 0xaedc, 0xaedc, 0xaedc, 0xaedc, 0xaedc, 
	0xaedc, 0xaedc, 0xaedc, 0xaedc, 0xaedc, 0xaedc, 0xaedc, 0xaedc, 0xaedc, 0xaedc, 0xaedc, 0xaedc, 0xaedc, 0xaedc, 0xaedc, 0xaedc, 
	0xaedc, 0xaedc, 0xaedc, 0xaedc, 0xaedc, 0xaedc, 0xaedc, 0xaedc, 0xb6dd, 0xaedc, 0xaedc, 0xaedc, 0xae9c, 0x9597, 0x21c7, 0x0000, 
	0x0000, 0x0021, 0x0000, 0x0000, 0x0001, 0x0000, 0x0000, 0x0000, 0x0000, 0x0000, 0x0000, 0x0000, 0x0000, 0x0000, 0x0000, 0x0000, 
	0x0000, 0x0000, 0x0000, 0x0000, 0x0000, 0x0000, 0x0000, 0x0000, 0x0000, 0x0000, 0x0000, 0x0000, 0x0000, 0x0000, 0x0000, 0x0000, 
	0x0000, 0x0000, 0x0000, 0x0000, 0x0000, 0x0000, 0x0000, 0x0000, 0x0000, 0x0000, 0x0000, 0x0000, 0x0000, 0x0000, 0x0000, 0x0000, 
	0x0000, 0x0000, 0x0000, 0x0000, 0x0000, 0x0000, 0x0000, 0x0000, 0x0000, 0x0000, 0x0000, 0x0000, 0x0000, 0x0000, 0x0000, 0x0000, 
	0x0000, 0x0000, 0x0000, 0x0000, 0x0000, 0x0000, 0x0000, 0x0000, 0x0000, 0x0000, 0x0000, 0x0000, 0x0000, 0x0000, 0x0000, 0x0800, 
	0x2187, 0x7d14, 0xb71d, 0xaebc, 0xb6dc, 0xb6fd, 0xaedc, 0xaedc, 0xaedc, 0xaedc, 0xaedc, 0xaedc, 0xaedc, 0xaedc, 0xaedc, 0xaedc, 
	0xaedc, 0xaedc, 0xaedc, 0xaedc, 0xaedc, 0xaedc, 0xaedc, 0xaedc, 0xaedc, 0xaedc, 0xaedc, 0xaedc, 0xaedc, 0xaedc, 0xaedc, 0xaedc, 
	0xaedc, 0xaedc, 0xaedc, 0xaedc, 0xaedc, 0xaedc, 0xaedc, 0xaedc, 0xaedc, 0xaedc, 0xaedc, 0xaedc, 0xaedc, 0xaedc, 0xaedc, 0xaedc, 
	0xaedc, 0xaedc, 0xaedc, 0xaedc, 0xaedc, 0xaedc, 0xaedc, 0xaedc, 0xaedc, 0xaedc, 0xaedc, 0xaedc, 0xaedc, 0xaedc, 0xaedc, 0xaedc, 
	0xaedc, 0xaedc, 0xaedc, 0xaedc, 0xaedc, 0xaedc, 0xaedc, 0xaedc, 0xaedc, 0xb6fd, 0xaedc, 0xaedc, 0xaedc, 0xaebc, 0xaedc, 0xaedc, 
	0xaedc, 0xaedc, 0xaedc, 0xaedc, 0xaedc, 0xaedc, 0xaedc, 0xaedc, 0xaedc, 0xaedc, 0xaedc, 0xaedc, 0xaedc, 0xaedc, 0xaedc, 0xaedc, 
	0xaedc, 0xaedc, 0xaedc, 0xaedc, 0xaedc, 0xaedc, 0xaedc, 0xaedc, 0xaedc, 0xaedc, 0xaedc, 0xaedc, 0xaedc, 0xaedc, 0xaedc, 0xaedc, 
	0xaedc, 0xaedc, 0xaedc, 0xaedc, 0xaedc, 0xaedc, 0xaedc, 0xaedc, 0xaedc, 0xaedc, 0xaedc, 0xaedc, 0xaedc, 0xaedc, 0xaedc, 0xaedc, 
	0xaedc, 0xaedc, 0xaedc, 0xaedc, 0xaedc, 0xaedc, 0xaedc, 0xaedc, 0xaedc, 0xaedc, 0xaedc, 0xaedc, 0xaedc, 0xaedc, 0xaedc, 0xaedc, 
	0xaedc, 0xaedc, 0xaedc, 0xaedc, 0xaedc, 0xaedc, 0xaedc, 0xaedc, 0xaedc, 0xaedc, 0xaedc, 0xaedc, 0xaedc, 0xaedc, 0xaedc, 0xaedc, 
	0xaedc, 0xaedc, 0xaedc, 0xaedc, 0xaedc, 0xaedc, 0xaedc, 0xaedc, 0xaedc, 0xb6dd, 0xaedc, 0xaefd, 0xaefd, 0xae9b, 0x84d3, 0x2166, 
	0x0000, 0x0021, 0x0000, 0x0000, 0x0000, 0x0000, 0x0000, 0x0001, 0x0000, 0x0000, 0x0000, 0x0000, 0x0000, 0x0000, 0x0000, 0x0000, 
	0x0000, 0x0000, 0x0000, 0x0000, 0x0000, 0x0000, 0x0000, 0x0000, 0x0000, 0x0000, 0x0000, 0x0000, 0x0000, 0x0000, 0x0000, 0x0000, 
	0x0000, 0x0000, 0x0000, 0x0000, 0x0000, 0x0000, 0x0000, 0x0000, 0x0000, 0x0000, 0x0000, 0x0000, 0x0000, 0x0000, 0x0000, 0x0000, 
	0x0000, 0x0000, 0x0000, 0x0000, 0x0000, 0x0000, 0x0000, 0x0000, 0x0000, 0x0000, 0x0000, 0x0000, 0x0000, 0x0000, 0x0000, 0x0000, 
	0x0000, 0x0000, 0x0000, 0x0000, 0x0000, 0x0000, 0x0000, 0x0000, 0x0000, 0x0000, 0x0000, 0x0000, 0x0000, 0x0000, 0x0040, 0x10e4, 
	0x7431, 0xae9b, 0xaedc, 0xaedd, 0xb6bd, 0xaedc, 0xaedc, 0xb6dd, 0xaedc, 0xaedc, 0xaedc, 0xaedc, 0xaedc, 0xaedc, 0xaedc, 0xaedc, 
	0xaedc, 0xaedc, 0xaedc, 0xaedc, 0xaedc, 0xaedc, 0xaedc, 0xaedc, 0xaedc, 0xaedc, 0xaedc, 0xaedc, 0xaedc, 0xaedc, 0xaedc, 0xaedc, 
	0xaedc, 0xaedc, 0xaedc, 0xaedc, 0xaedc, 0xaedc, 0xaedc, 0xaedc, 0xaedc, 0xaedc, 0xaedc, 0xaedc, 0xaedc, 0xaedc, 0xaedc, 0xaedc, 
	0xaedc, 0xaedc, 0xaedc, 0xaedc, 0xaedc, 0xaedc, 0xaedc, 0xaedc, 0xaedc, 0xaedc, 0xaedc, 0xaedc, 0xaedc, 0xaedc, 0xaedc, 0xaedc, 
	0xaedc, 0xaedc, 0xaedc, 0xaedc, 0xaedc, 0xaedc, 0xaedc, 0xaedc, 0xaedc, 0xaedc, 0xaedc, 0xaedc, 0xaedc, 0xaedc, 0xaedc, 0xaedc, 
	0xaedc, 0xaedc, 0xaedc, 0xaedc, 0xaedc, 0xaedc, 0xaedc, 0xaedc, 0xaedc, 0xaedc, 0xaedc, 0xaedc, 0xaedc, 0xaedc, 0xaedc, 0xaedc, 
	0xaedc, 0xaedc, 0xaedc, 0xaedc, 0xaedc, 0xaedc, 0xaedc, 0xaedc, 0xaedc, 0xaedc, 0xaedc, 0xaedc, 0xaedc, 0xaedc, 0xaedc, 0xaedc, 
	0xaedc, 0xaedc, 0xaedc, 0xaedc, 0xaedc, 0xaedc, 0xaedc, 0xaedc, 0xaedc, 0xaedc, 0xaedc, 0xaedc, 0xaedc, 0xaedc, 0xaedc, 0xaedc, 
	0xaedc, 0xaedc, 0xaedc, 0xaedc, 0xaedc, 0xaedc, 0xaedc, 0xaedc, 0xaedc, 0xaedc, 0xaedc, 0xaedc, 0xaedc, 0xaedc, 0xaedc, 0xaedc, 
	0xaedc, 0xaedc, 0xaedc, 0xaedc, 0xaedc, 0xaedc, 0xaedc, 0xaedc, 0xaedc, 0xaedc, 0xaedc, 0xaedc, 0xaedc, 0xaedc, 0xaedc, 0xaedc, 
	0xaedc, 0xaedc, 0xaedc, 0xaedc, 0xaedc, 0xaedc, 0xaedc, 0xaedc, 0xaedc, 0xaefd, 0xaedc, 0xaedc, 0xaedc, 0xb6fd, 0xa67b, 0x74f5, 
	0x31c8, 0x0862, 0x0000, 0x0000, 0x0000, 0x0000, 0x0000, 0x0000, 0x0000, 0x0000, 0x0000, 0x0000, 0x0000, 0x0000, 0x0000, 0x0000, 
	0x0000, 0x0000, 0x0000, 0x0000, 0x0000, 0x0000, 0x0000, 0x0000, 0x0000, 0x0000, 0x0000, 0x0000, 0x0000, 0x0000, 0x0000, 0x0000, 
	0x0000, 0x0000, 0x0000, 0x0000, 0x0000, 0x0000, 0x0000, 0x0000, 0x0000, 0x0000, 0x0000, 0x0000, 0x0000, 0x0000, 0x0000, 0x0000, 
	0x0000, 0x0000, 0x0000, 0x0000, 0x0000, 0x0000, 0x0000, 0x0000, 0x0000, 0x0000, 0x0000, 0x0000, 0x0000, 0x0000, 0x0000, 0x0000, 
	0x0000, 0x0000, 0x0000, 0x0000, 0x0000, 0x0000, 0x0000, 0x0000, 0x0000, 0x0000, 0x0000, 0x0000, 0x0000, 0x0021, 0x29c8, 0x7432, 
	0xa69c, 0xaebc, 0xaedc, 0xaedd, 0xaedc, 0xaedc, 0xaedc, 0xaedd, 0xaedc, 0xaedc, 0xaedc, 0xaedc, 0xaedc, 0xaedc, 0xaedc, 0xaedc, 
	0xaedc, 0xaedc, 0xaedc, 0xaedc, 0xaedc, 0xaedc, 0xaedc, 0xaedc, 0xaedc, 0xaedc, 0xaedc, 0xaedc, 0xaedc, 0xaedc, 0xaedc, 0xaedc, 
	0xaedc, 0xaedc, 0xaedc, 0xaedc, 0xaedc, 0xaedc, 0xaedc, 0xaedc, 0xaedc, 0xaedc, 0xaedc, 0xaedc, 0xaedc, 0xaedc, 0xaedc, 0xaedc, 
	0xaedc, 0xaedc, 0xaedc, 0xaedc, 0xaedc, 0xaedc, 0xaedc, 0xaedc, 0xaedc, 0xaedc, 0xaedc, 0xaedc, 0xaedc, 0xaedc, 0xaedc, 0xaedc, 
	0xaedc, 0xaedc, 0xaedc, 0xaedc, 0xaedc, 0xaedc, 0xaedc, 0xaedc, 0xaedc, 0xaedc, 0xaedc, 0xaedc, 0xaedc, 0xaedc, 0xaedc, 0xaedc, 
	0xaedc, 0xaedc, 0xaedc, 0xaedc, 0xaedc, 0xaedc, 0xaedc, 0xaedc, 0xaedc, 0xaedc, 0xaedc, 0xaedc, 0xaedc, 0xaedc, 0xaedc, 0xaedc, 
	0xaedc, 0xaedc, 0xaedc, 0xaedc, 0xaedc, 0xaedc, 0xaedc, 0xaedc, 0xaedc, 0xaedc, 0xaedc, 0xaedc, 0xaedc, 0xaedc, 0xaedc, 0xaedc, 
	0xaedc, 0xaedc, 0xaedc, 0xaedc, 0xaedc, 0xaedc, 0xaedc, 0xaedc, 0xaedc, 0xaedc, 0xaedc, 0xaedc, 0xaedc, 0xaedc, 0xaedc, 0xaedc, 
	0xaedc, 0xaedc, 0xaedc, 0xaedc, 0xaedc, 0xaedc, 0xaedc, 0xaedc, 0xaedc, 0xaedc, 0xaedc, 0xaedc, 0xaedc, 0xaedc, 0xaedc, 0xaedc, 
	0xaedc, 0xaedc, 0xaedc, 0xaedc, 0xaedc, 0xaedc, 0xaedc, 0xaedc, 0xaedc, 0xaedc, 0xaedc, 0xaedc, 0xaedc, 0xaedc, 0xaedc, 0xaedc, 
	0xaedc, 0xaedc, 0xaedc, 0xaedc, 0xaedc, 0xaedc, 0xaedc, 0xaedc, 0xaedc, 0xaedc, 0xaedc, 0xb6fd, 0xaedc, 0xaedd, 0xb6fd, 0xa69b, 
	0x95b7, 0x5baf, 0x21c7, 0x08c3, 0x0021, 0x0000, 0x0021, 0x0000, 0x0000, 0x0000, 0x0000, 0x0000, 0x0000, 0x0000, 0x0000, 0x0000, 
	0x0000, 0x0000, 0x0000, 0x0000, 0x0000, 0x0000, 0x0000, 0x0000, 0x0000, 0x0000, 0x0000, 0x0000, 0x0000, 0x0000, 0x0000, 0x0000, 
	0x0000, 0x0000, 0x0000, 0x0000, 0x0000, 0x0000, 0x0000, 0x0000, 0x0000, 0x0000, 0x0000, 0x0000, 0x0000, 0x0000, 0x0000, 0x0000, 
	0x0000, 0x0000, 0x0000, 0x0000, 0x0000, 0x0000, 0x0000, 0x0000, 0x0000, 0x0000, 0x0000, 0x0000, 0x0000, 0x0000, 0x0000, 0x0000, 
	0x0000, 0x0000, 0x0000, 0x0000, 0x0000, 0x0000, 0x0000, 0x0000, 0x0000, 0x0021, 0x0021, 0x0882, 0x2187, 0x4b2d, 0x8515, 0xb6dc, 
	0xaebc, 0xaedc, 0xaedd, 0xaedd, 0xaedc, 0xaedc, 0xaedc, 0xaedc, 0xaedc, 0xaedc, 0xaedc, 0xaedc, 0xaedc, 0xaedc, 0xaedc, 0xaedc, 
	0xaedc, 0xaedc, 0xaedc, 0xaedc, 0xaedc, 0xaedc, 0xaedc, 0xaedc, 0xaedc, 0xaedc, 0xaedc, 0xaedc, 0xaedc, 0xaedc, 0xaedc, 0xaedc, 
	0xaedc, 0xaedc, 0xaedc, 0xaedc, 0xaedc, 0xaedc, 0xaedc, 0xaedc, 0xaedc, 0xaedc, 0xaedc, 0xaedc, 0xaedc, 0xaedc, 0xaedc, 0xaedc, 
	0xaedc, 0xaedc, 0xaedc, 0xaedc, 0xaedc, 0xaedc, 0xaedc, 0xaedc, 0xaedc, 0xaedc, 0xaedc, 0xaedc, 0xaedc, 0xaedc, 0xaedc, 0xaedc, 
	0xaedc, 0xaedc, 0xaedc, 0xaedc, 0xaedc, 0xaedc, 0xaedc, 0xaedc, 0xaedc, 0xaedc, 0xaedc, 0xaedc, 0xaedc, 0xaedc, 0xaedc, 0xaedc, 
	0xaedc, 0xaedc, 0xaedc, 0xaedc, 0xaedc, 0xaedc, 0xaedc, 0xaedc, 0xaedc, 0xaedc, 0xaedc, 0xaedc, 0xaedc, 0xaedc, 0xaedc, 0xaedc, 
	0xaedc, 0xaedc, 0xaedc, 0xaedc, 0xaedc, 0xaedc, 0xaedc, 0xaedc, 0xaedc, 0xaedc, 0xaedc, 0xaedc, 0xaedc, 0xaedc, 0xaedc, 0xaedc, 
	0xaedc, 0xaedc, 0xaedc, 0xaedc, 0xaedc, 0xaedc, 0xaedc, 0xaedc, 0xaedc, 0xaedc, 0xaedc, 0xaedc, 0xaedc, 0xaedc, 0xaedc, 0xaedc, 
	0xaedc, 0xaedc, 0xaedc, 0xaedc, 0xaedc, 0xaedc, 0xaedc, 0xaedc, 0xaedc, 0xaedc, 0xaedc, 0xaedc, 0xaedc, 0xaedc, 0xaedc, 0xaedc, 
	0xaedc, 0xaedc, 0xaedc, 0xaedc, 0xaedc, 0xaedc, 0xaedc, 0xaedc, 0xaedc, 0xaedc, 0xaedc, 0xaedc, 0xaedc, 0xaedc, 0xaedc, 0xaedc, 
	0xaedc, 0xaedc, 0xaedc, 0xaedc, 0xaedc, 0xaedc, 0xaedc, 0xaedc, 0xb6fd, 0xaedc, 0xaedc, 0xb6fd, 0xaedc, 0xaebc, 0xaedd, 0xb6fd, 
	0xaefd, 0xa69b, 0x95d8, 0x8515, 0x6c31, 0x5b8f, 0x5b8f, 0x5b8f, 0x5baf, 0x5baf, 0x5baf, 0x5baf, 0x5baf, 0x5baf, 0x5baf, 0x5baf, 
	0x5baf, 0x5baf, 0x5baf, 0x5baf, 0x5baf, 0x5baf, 0x5baf, 0x5baf, 0x5baf, 0x5baf, 0x5baf, 0x5baf, 0x5baf, 0x5baf, 0x5baf, 0x5baf, 
	0x5baf, 0x5baf, 0x5baf, 0x5baf, 0x5baf, 0x5baf, 0x5baf, 0x5baf, 0x5baf, 0x5baf, 0x5baf, 0x5baf, 0x5baf, 0x5baf, 0x5baf, 0x5baf, 
	0x5baf, 0x5baf, 0x5baf, 0x5baf, 0x5baf, 0x5baf, 0x5baf, 0x5baf, 0x5baf, 0x5baf, 0x5baf, 0x5baf, 0x5baf, 0x5baf, 0x5baf, 0x5baf, 
	0x5baf, 0x5baf, 0x5baf, 0x5baf, 0x5baf, 0x5baf, 0x5baf, 0x5baf, 0x5b8f, 0x63d0, 0x63f0, 0x7493, 0x9597, 0xae9b, 0xaedc, 0xaedc, 
	0xaedd, 0xaedd, 0xaedd, 0xaedc, 0xaedc, 0xaedc, 0xaedc, 0xaedc, 0xaedc, 0xaedc, 0xaedc, 0xaedc, 0xaedc, 0xaedc, 0xaedc, 0xaedc, 
	0xaedc, 0xaedc, 0xaedc, 0xaedc, 0xaedc, 0xaedc, 0xaedc, 0xaedc, 0xaedc, 0xaedc, 0xaedc, 0xaedc, 0xaedc, 0xaedc, 0xaedc, 0xaedc, 
	0xaedc, 0xaedc, 0xaedc, 0xaedc, 0xaedc, 0xaedc, 0xaedc, 0xaedc, 0xaedc, 0xaedc, 0xaedc, 0xaedc, 0xaedc, 0xaedc, 0xaedc, 0xaedc, 
	0xaedc, 0xaedc, 0xaedc, 0xaedc, 0xaedc, 0xaedc, 0xaedc, 0xaedc, 0xaedc, 0xaedc, 0xaedc, 0xaedc, 0xaedc, 0xaedc, 0xaedc, 0xaedc, 
	0xaedc, 0xaedc, 0xaedc, 0xaedc, 0xaedc, 0xaedc, 0xaedc, 0xaedc, 0xaedc, 0xaedc, 0xaedc, 0xaedc, 0xaedc, 0xaedc, 0xaedc, 0xaedc, 
	0xaedc, 0xaedc, 0xaedc, 0xaedc, 0xaedc, 0xaedc, 0xaedc, 0xaedc, 0xaedc, 0xaedc, 0xaedc, 0xaedc, 0xaedc, 0xaedc, 0xaedc, 0xaedc, 
	0xaedc, 0xaedc, 0xaedc, 0xaedc, 0xaedc, 0xaedc, 0xaedc, 0xaedc, 0xaedc, 0xaedc, 0xaedc, 0xaedc, 0xaedc, 0xaedc, 0xaedc, 0xaedc, 
	0xaedc, 0xaedc, 0xaedc, 0xaedc, 0xaedc, 0xaedc, 0xaedc, 0xaedc, 0xaedc, 0xaedc, 0xaedc, 0xaedc, 0xaedc, 0xaedc, 0xaedc, 0xaedc, 
	0xaedc, 0xaedc, 0xaedc, 0xaedc, 0xaedc, 0xaedc, 0xaedc, 0xaedc, 0xaedc, 0xaedc, 0xaedc, 0xaedc, 0xaedc, 0xaedc, 0xaedc, 0xaedc, 
	0xaedc, 0xaedc, 0xaedc, 0xaedc, 0xaedc, 0xaedc, 0xaedc, 0xaedc, 0xaedc, 0xaedc, 0xaedc, 0xaedc, 0xaedc, 0xaedc, 0xaedc, 0xaedc, 
	0xaedc, 0xaedc, 0xaedc, 0xaedc, 0xaedc, 0xaedc, 0xaedc, 0xaedc, 0xaedc, 0xaedc, 0xaedc, 0xaedc, 0xb6fd, 0xaedc, 0xaedc, 0xaebc, 
	0xaedd, 0xaedd, 0xaebc, 0xaebc, 0xb6dc, 0xb71d, 0xb71d, 0xb71d, 0xaefd, 0xaefd, 0xaefd, 0xaefd, 0xaefd, 0xaefd, 0xaefd, 0xaefd, 
	0xaefd, 0xaefd, 0xaefd, 0xaefd, 0xaefd, 0xaefd, 0xaefd, 0xaefd, 0xaefd, 0xaefd, 0xaefd, 0xaefd, 0xaefd, 0xaefd, 0xaefd, 0xaefd, 
	0xaefd, 0xaefd, 0xaefd, 0xaefd, 0xaefd, 0xaefd, 0xaefd, 0xaefd, 0xaefd, 0xaefd, 0xaefd, 0xaefd, 0xaefd, 0xaefd, 0xaefd, 0xaefd, 
	0xaefd, 0xaefd, 0xaefd, 0xaefd, 0xaefd, 0xaefd, 0xaefd, 0xaefd, 0xaefd, 0xaefd, 0xaefd, 0xaefd, 0xaefd, 0xaefd, 0xaefd, 0xaefd, 
	0xaefd, 0xaefd, 0xaefd, 0xaefd, 0xaefd, 0xaefd, 0xaefd, 0xaefd, 0xb6fd, 0xaedc, 0xaedc, 0xb6fd, 0xb6fd, 0xb6dd, 0xaedd, 0xaedd, 
	0xaedd, 0xaedc, 0xaedc, 0xaedc, 0xaedc, 0xaedc, 0xaedd, 0xaedd, 0xaedc, 0xaedc, 0xaedc, 0xaedc, 0xaedc, 0xaedc, 0xaedc, 0xaedc, 
	0xaedc, 0xaedc, 0xaedc, 0xaedc, 0xaedc, 0xaedc, 0xaedc, 0xaedc, 0xaedc, 0xaedc, 0xaedc, 0xaedc, 0xaedc, 0xaedc, 0xaedc, 0xaedc, 
	0xaedc, 0xaedc, 0xaedc, 0xaedc, 0xaedc, 0xaedc, 0xaedc, 0xaedc, 0xaedc, 0xaedc, 0xaedc, 0xaedc, 0xaedc, 0xaedc, 0xaedc, 0xaedc, 
	0xaedc, 0xaedc, 0xaedc, 0xaedc, 0xaedc, 0xaedc, 0xaedc, 0xaedc, 0xaedc, 0xaedc, 0xaedc, 0xaedc, 0xaedc, 0xaedc, 0xaedc, 0xaedc, 
	0xaedc, 0xaedc, 0xaedc, 0xaedc, 0xaedc, 0xaedc, 0xaedc, 0xaedc, 0xaedc, 0xaedc, 0xaedc, 0xaedc, 0xaedc, 0xaedc, 0xaedc, 0xaedc, 
	0xaedc, 0xaedc, 0xaedc, 0xaedc, 0xaedc, 0xaedc, 0xaedc, 0xaedc, 0xaedc, 0xaedc, 0xaedc, 0xaedc, 0xaedc, 0xaedc, 0xaedc, 0xaedc, 
	0xaedc, 0xaedc, 0xaedc, 0xaedc, 0xaedc, 0xaedc, 0xaedc, 0xaedc, 0xaedc, 0xaedc, 0xaedc, 0xaedc, 0xaedc, 0xaedc, 0xaedc, 0xaedc, 
	0xaedc, 0xaedc, 0xaedc, 0xaedc, 0xaedc, 0xaedc, 0xaedc, 0xaedc, 0xaedc, 0xaedc, 0xaedc, 0xaedc, 0xaedc, 0xaedc, 0xaedc, 0xaedc, 
	0xaedc, 0xaedc, 0xaedc, 0xaedc, 0xaedc, 0xaedc, 0xaedc, 0xaedc, 0xaedc, 0xaedc, 0xaedc, 0xaedc, 0xaedc, 0xaedc, 0xaedc, 0xaedc, 
	0xaedc, 0xaedc, 0xaedc, 0xaedc, 0xaedc, 0xaedc, 0xaedc, 0xaedc, 0xaedc, 0xaedc, 0xaedc, 0xaedc, 0xaedc, 0xaedc, 0xaedc, 0xaedc, 
	0xaedc, 0xaedc, 0xaedc, 0xaedc, 0xaedc, 0xaedc, 0xaedc, 0xaedc, 0xaedc, 0xaedd, 0xaedc, 0xaedc, 0xaedd, 0xb6fd, 0xaedc, 0xb6fd, 
	0xaebc, 0xb6dd, 0xb6dd, 0xb6dd, 0xaedd, 0xaedc, 0xa6dc, 0xa6fc, 0xaedc, 0xaedc, 0xaedc, 0xaedc, 0xaedc, 0xaedc, 0xaedc, 0xaedc, 
	0xaedc, 0xaedc, 0xaedc, 0xaedc, 0xaedc, 0xaedc, 0xaedc, 0xaedc, 0xaedc, 0xaedc, 0xaedc, 0xaedc, 0xaedc, 0xaedc, 0xaedc, 0xaedc, 
	0xaedc, 0xaedc, 0xaedc, 0xaedc, 0xaedc, 0xaedc, 0xaedc, 0xaedc, 0xaedc, 0xaedc, 0xaedc, 0xaedc, 0xaedc, 0xaedc, 0xaedc, 0xaedc, 
	0xaedc, 0xaedc, 0xaedc, 0xaedc, 0xaedc, 0xaedc, 0xaedc, 0xaedc, 0xaedc, 0xaedc, 0xaedc, 0xaedc, 0xaedc, 0xaedc, 0xaedc, 0xaedc, 
	0xaedc, 0xaedc, 0xaedc, 0xaedc, 0xaedc, 0xaedc, 0xaedc, 0xaedc, 0xaedd, 0xaefd, 0xaefd, 0xaefd, 0xaebc, 0xaebc, 0xb6dc, 0xb6bd, 
	0xaedc, 0xaedc, 0xaedc, 0xaedc, 0xaedd, 0xaedd, 0xaedd, 0xaedc, 0xaedc, 0xaedc, 0xaedc, 0xaedc, 0xaedc, 0xaedc, 0xaedc, 0xaedc, 
	0xaedc, 0xaedc, 0xaedc, 0xaedc, 0xaedc, 0xaedc, 0xaedc, 0xaedc, 0xaedc, 0xaedc, 0xaedc, 0xaedc, 0xaedc, 0xaedc, 0xaedc, 0xaedc, 
	0xaedc, 0xaedc, 0xaedc, 0xaedc, 0xaedc, 0xaedc, 0xaedc, 0xaedc, 0xaedc, 0xaedc, 0xaedc, 0xaedc, 0xaedc, 0xaedc, 0xaedc, 0xaedc, 
	0xaedc, 0xaedc, 0xaedc, 0xaedc, 0xaedc, 0xaedc, 0xaedc, 0xaedc, 0xaedc, 0xaedc, 0xaedc, 0xaedc, 0xaedc, 0xaedc, 0xaedc, 0xaedc, 
	0xaedc, 0xaedc, 0xaedc, 0xaedc, 0xaedc, 0xaedc, 0xaedc, 0xaedc, 0xaedc, 0xaedc, 0xaedc, 0xaedc, 0xaedc, 0xaedc, 0xaedc, 0xaedc, 
	0xaedc, 0xaedc, 0xaedc, 0xaedc, 0xaedc, 0xaedc, 0xaedc, 0xaedc, 0xaedc, 0xaedc, 0xaedc, 0xaedc, 0xaedc, 0xaedc, 0xaedc, 0xaedc, 
	0xaedc, 0xaedc, 0xaedc, 0xaedc, 0xaedc, 0xaedc, 0xaedc, 0xaedc, 0xaedc, 0xaedc, 0xaedc, 0xaedc, 0xaedc, 0xaedc, 0xaedc, 0xaedc, 
	0xaedc, 0xaedc, 0xaedc, 0xaedc, 0xaedc, 0xaedc, 0xaedc, 0xaedc, 0xaedc, 0xaedc, 0xaedc, 0xaedc, 0xaedc, 0xaedc, 0xaedc, 0xaedc, 
	0xaedc, 0xaedc, 0xaedc, 0xaedc, 0xaedc, 0xaedc, 0xaedc, 0xaedc, 0xaedc, 0xaedc, 0xaedc, 0xaedc, 0xaedc, 0xaedc, 0xaedc, 0xaedc, 
	0xaedc, 0xaedc, 0xaedc, 0xaedc, 0xaedc, 0xaedc, 0xaedc, 0xaedc, 0xaedc, 0xaedc, 0xaedc, 0xaedc, 0xaedc, 0xaedc, 0xaedc, 0xaedc, 
	0xaedc, 0xaedc, 0xaedc, 0xaedc, 0xaedc, 0xaedc, 0xaedc, 0xaedc, 0xb6fd, 0xaedc, 0xaedc, 0xaedc, 0xaedc, 0xaedc, 0xaebc, 0xaedd, 
	0xaedc, 0xaedc, 0xaedc, 0xaedc, 0xb6dd, 0xb6dd, 0xaedc, 0xaedd, 0xaedc, 0xaedc, 0xaedc, 0xaedc, 0xaedc, 0xaedc, 0xaedc, 0xaedc, 
	0xaedc, 0xaedc, 0xaedc, 0xaedc, 0xaedc, 0xaedc, 0xaedc, 0xaedc, 0xaedc, 0xaedc, 0xaedc, 0xaedc, 0xaedc, 0xaedc, 0xaedc, 0xaedc, 
	0xaedc, 0xaedc, 0xaedc, 0xaedc, 0xaedc, 0xaedc, 0xaedc, 0xaedc, 0xaedc, 0xaedc, 0xaedc, 0xaedc, 0xaedc, 0xaedc, 0xaedc, 0xaedc, 
	0xaedc, 0xaedc, 0xaedc, 0xaedc, 0xaedc, 0xaedc, 0xaedc, 0xaedc, 0xaedc, 0xaedc, 0xaedc, 0xaedc, 0xaedc, 0xaedc, 0xaedc, 0xaedc, 
	0xaedc, 0xaedc, 0xaedc, 0xaedc, 0xaedc, 0xaedc, 0xaedc, 0xaedc, 0xb6dd, 0xaebc, 0xaebc, 0xaedc, 0xaedd, 0xaefd, 0xaefd, 0xaedc, 
	0xaedc, 0xaedc, 0xaedc, 0xaedc, 0xaedd, 0xaedc, 0xaedc, 0xaedc, 0xaedc, 0xaedc, 0xaedc, 0xaedc, 0xaedc, 0xaedc, 0xaedc, 0xaedc, 
	0xaedc, 0xaedc, 0xaedc, 0xaedc, 0xaedc, 0xaedc, 0xaedc, 0xaedc, 0xaedc, 0xaedc, 0xaedc, 0xaedc, 0xaedc, 0xaedc, 0xaedc, 0xaedc, 
	0xaedc, 0xaedc, 0xaedc, 0xaedc, 0xaedc, 0xaedc, 0xaedc, 0xaedc, 0xaedc, 0xaedc, 0xaedc, 0xaedc, 0xaedc, 0xaedc, 0xaedc, 0xaedc, 
	0xaedc, 0xaedc, 0xaedc, 0xaedc, 0xaedc, 0xaedc, 0xaedc, 0xaedc, 0xaedc, 0xaedc, 0xaedc, 0xaedc, 0xaedc, 0xaedc, 0xaedc, 0xaedc, 
	0xaedc, 0xaedc, 0xaedc, 0xaedc, 0xaedc, 0xaedc, 0xaedc, 0xaedc, 0xaedc, 0xaedc, 0xaedc, 0xaedc, 0xaedc, 0xaedc, 0xaedc, 0xaedc, 
	0xaedc, 0xaedc, 0xaedc, 0xaedc, 0xaedc, 0xaedc, 0xaedc, 0xaedc, 0xaedc, 0xaedc, 0xaedc, 0xaedc, 0xaedc, 0xaedc, 0xaedc, 0xaedc, 
	0xaedc, 0xaedc, 0xaedc, 0xaedc, 0xaedc, 0xaedc, 0xaedc, 0xaedc, 0xaedc, 0xaedc, 0xaedc, 0xaedc, 0xaedc, 0xaedc, 0xaedc, 0xaedc, 
	0xaedc, 0xaedc, 0xaedc, 0xaedc, 0xaedc, 0xaedc, 0xaedc, 0xaedc, 0xaedc, 0xaedc, 0xaedc, 0xaedc, 0xaedc, 0xaedc, 0xaedc, 0xaedc, 
	0xaedc, 0xaedc, 0xaedc, 0xaedc, 0xaedc, 0xaedc, 0xaedc, 0xaedc, 0xaedc, 0xaedc, 0xaedc, 0xaedc, 0xaedc, 0xaedc, 0xaedc, 0xaedc, 
	0xaedc, 0xaedc, 0xaedc, 0xaedc, 0xaedc, 0xaedc, 0xaedc, 0xaedc, 0xaedc, 0xaedc, 0xaedc, 0xaedc, 0xaedc, 0xaedc, 0xaedc, 0xaedc, 
	0xaedc, 0xaedc, 0xaedc, 0xaedc, 0xaedc, 0xaedc, 0xaedc, 0xaedc, 0xb6dd, 0xaebc, 0xaedc, 0xaedd, 0xb6fd, 0xb6fd, 0xaedc, 0xaedd, 
	0xaedc, 0xaedc, 0xaedc, 0xaedc, 0xaedc, 0xaebc, 0xb6dc, 0xb6dd, 0xaedd, 0xaedd, 0xaedd, 0xaedd, 0xaedd, 0xaedd, 0xaedd, 0xaedd, 
	0xaedd, 0xaedd, 0xaedd, 0xaedd, 0xaedd, 0xaedd, 0xaedd, 0xaedd, 0xaedd, 0xaedd, 0xaedd, 0xaedd, 0xaedd, 0xaedd, 0xaedd, 0xaedd, 
	0xaedd, 0xaedd, 0xaedd, 0xaedd, 0xaedd, 0xaedd, 0xaedd, 0xaedd, 0xaedd, 0xaedd, 0xaedd, 0xaedd, 0xaedd, 0xaedd, 0xaedd, 0xaedd, 
	0xaedd, 0xaedd, 0xaedd, 0xaedd, 0xaedd, 0xaedd, 0xaedd, 0xaedd, 0xaedd, 0xaedd, 0xaedd, 0xaedd, 0xaedd, 0xaedd, 0xaedd, 0xaedd, 
	0xaedd, 0xaedd, 0xaedd, 0xaedd, 0xaedd, 0xaedd, 0xaedd, 0xaedd, 0xb6dd, 0xb6dc, 0xb6bc, 0xb6dd, 0xaedc, 0xaebc, 0xaedc, 0xaefd, 
	0xaedc, 0xaedc, 0xaedc, 0xaedc, 0xaedc, 0xaedc, 0xaedc, 0xaedc, 0xaedc, 0xaedc, 0xaedc, 0xaedc, 0xaedc, 0xaedc, 0xaedc, 0xaedc, 
	0xaedc, 0xaedc, 0xaedc, 0xaedc, 0xaedc, 0xaedc, 0xaedc, 0xaedc, 0xaedc, 0xaedc, 0xaedc, 0xaedc, 0xaedc, 0xaedc, 0xaedc, 0xaedc, 
	0xaedc, 0xaedc, 0xaedc, 0xaedc, 0xaedc, 0xaedc, 0xaedc, 0xaedc, 0xaedc, 0xaedc, 0xaedc, 0xaedc, 0xaedc, 0xaedc, 0xaedc, 0xaedc, 
	0xaedc, 0xaedc, 0xaedc, 0xaedc, 0xaedc, 0xaedc, 0xaedc, 0xaedc, 0xaedc, 0xaedc, 0xaedc, 0xaedc, 0xaedc, 0xaedc, 0xaedc, 0xaedc, 
	0xaedc, 0xaedc, 0xaedc, 0xaedc, 0xaedc, 0xaedc, 0xaedc, 0xaedc, 0xaedc, 0xaedc, 0xaedc, 0xaedc, 0xaedc, 0xaedc, 0xaedc, 0xaedc, 
	0xaedc, 0xaedc, 0xaedc, 0xaedc, 0xaedc, 0xaedc, 0xaedc, 0xaedc, 0xaedc, 0xaedc, 0xaedc, 0xaedc, 0xaedc, 0xaedc, 0xaedc, 0xaedc, 
	0xaedc, 0xaedc, 0xaedc, 0xaedc, 0xaedc, 0xaedc, 0xaedc, 0xaedc, 0xaedc, 0xaedc, 0xaedc, 0xaedc, 0xaedc, 0xaedc, 0xaedc, 0xaedc, 
	0xaedc, 0xaedc, 0xaedc, 0xaedc, 0xaedc, 0xaedc, 0xaedc, 0xaedc, 0xaedc, 0xaedc, 0xaedc, 0xaedc, 0xaedc, 0xaedc, 0xaedc, 0xaedc, 
	0xaedc, 0xaedc, 0xaedc, 0xaedc, 0xaedc, 0xaedc, 0xaedc, 0xaedc, 0xaedc, 0xaedc, 0xaedc, 0xaedc, 0xaedc, 0xaedc, 0xaedc, 0xaedc, 
	0xaedc, 0xaedc, 0xaedc, 0xaedc, 0xaedc, 0xaedc, 0xaedc, 0xaedc, 0xaedc, 0xaedc, 0xaedc, 0xaedc, 0xaedc, 0xaedc, 0xaedc, 0xaedc, 
	0xaedc, 0xaedc, 0xaedc, 0xaedc, 0xaedc, 0xaedc, 0xaedc, 0xaedc, 0xaedc, 0xaebc, 0xb6fd, 0xaedc, 0xaebc, 0xaedd, 0xaedc, 0xaedc, 
	0xaedc, 0xaedc, 0xaedc, 0xaedd, 0xaedc, 0xaedd, 0xaedd, 0xaedc, 0xaedc, 0xaedc, 0xaedc, 0xaedc, 0xaedc, 0xaedc, 0xaedc, 0xaedc, 
	0xaedc, 0xaedc, 0xaedc, 0xaedc, 0xaedc, 0xaedc, 0xaedc, 0xaedc, 0xaedc, 0xaedc, 0xaedc, 0xaedc, 0xaedc, 0xaedc, 0xaedc, 0xaedc, 
	0xaedc, 0xaedc, 0xaedc, 0xaedc, 0xaedc, 0xaedc, 0xaedc, 0xaedc, 0xaedc, 0xaedc, 0xaedc, 0xaedc, 0xaedc, 0xaedc, 0xaedc, 0xaedc, 
	0xaedc, 0xaedc, 0xaedc, 0xaedc, 0xaedc, 0xaedc, 0xaedc, 0xaedc, 0xaedc, 0xaedc, 0xaedc, 0xaedc, 0xaedc, 0xaedc, 0xaedc, 0xaedc, 
	0xaedc, 0xaedc, 0xaedc, 0xaedc, 0xaedc, 0xaedc, 0xaedc, 0xaedc, 0xaedc, 0xaefd, 0xaedd, 0xaedd, 0xb6dd, 0xb6fd, 0xaedc, 0xaedc, 
	0xaedc, 0xaedc, 0xaedc, 0xaedc, 0xaedc, 0xaedc, 0xaedd, 0xaedd, 0xaedc, 0xaedc, 0xaedc, 0xaedc, 0xaedc, 0xaedc, 0xaedc, 0xaedc, 
	0xaedc, 0xaedc, 0xaedc, 0xaedc, 0xaedc, 0xaedc, 0xaedc, 0xaedc, 0xaedc, 0xaedc, 0xaedc, 0xaedc, 0xaedc, 0xaedc, 0xaedc, 0xaedc, 
	0xaedc, 0xaedc, 0xaedc, 0xaedc, 0xaedc, 0xaedc, 0xaedc, 0xaedc, 0xaedc, 0xaedc, 0xaedc, 0xaedc, 0xaedc, 0xaedc, 0xaedc, 0xaedc, 
	0xaedc, 0xaedc, 0xaedc, 0xaedc, 0xaedc, 0xaedc, 0xaedc, 0xaedc, 0xaedc, 0xaedc, 0xaedc, 0xaedc, 0xaedc, 0xaedc, 0xaedc, 0xaedc, 
	0xaedc, 0xaedc, 0xaedc, 0xaedc, 0xaedc, 0xaedc, 0xaedc, 0xaedc, 0xaedc, 0xaedc, 0xaedc, 0xaedc, 0xaedc, 0xaedc, 0xaedc, 0xaedc, 
	0xaedc, 0xaedc, 0xaedc, 0xaedc, 0xaedc, 0xaedc, 0xaedc, 0xaedc, 0xaedc, 0xaedc, 0xaedc, 0xaedc, 0xaedc, 0xaedc, 0xaedc, 0xaedc, 
	0xaedc, 0xaedc, 0xaedc, 0xaedc, 0xaedc, 0xaedc, 0xaedc, 0xaedc, 0xaedc, 0xaedc, 0xaedc, 0xaedc, 0xaedc, 0xaedc, 0xaedc, 0xaedc, 
	0xaedc, 0xaedc, 0xaedc, 0xaedc, 0xaedc, 0xaedc, 0xaedc, 0xaedc, 0xaedc, 0xaedc, 0xaedc, 0xaedc, 0xaedc, 0xaedc, 0xaedc, 0xaedc, 
	0xaedc, 0xaedc, 0xaedc, 0xaedc, 0xaedc, 0xaedc, 0xaedc, 0xaedc, 0xaedc, 0xaedc, 0xaedc, 0xaedc, 0xaedc, 0xaedc, 0xaedc, 0xaedc, 
	0xaedc, 0xaedc, 0xaedc, 0xaedc, 0xaedc, 0xaedc, 0xaedc, 0xaedc, 0xaedc, 0xaedc, 0xaedc, 0xaedc, 0xaedc, 0xaedc, 0xaedc, 0xaedc, 
	0xaedc, 0xaedc, 0xaedc, 0xaedc, 0xaedc, 0xaedc, 0xaedc, 0xaedc, 0xaedc, 0xaedc, 0xaedc, 0xaedc, 0xaedc, 0xaedc, 0xaedc, 0xaedc, 
	0xaedc, 0xaedc, 0xaedc, 0xaedc, 0xaedc, 0xaedc, 0xaedc, 0xaedc, 0xaedc, 0xaedc, 0xaedc, 0xaedc, 0xaedc, 0xaedc, 0xaedc, 0xaedc, 
	0xaedc, 0xaedc, 0xaedc, 0xaedc, 0xaedc, 0xaedc, 0xaedc, 0xaedc, 0xaedc, 0xaedc, 0xaedc, 0xaedc, 0xaedc, 0xaedc, 0xaedc, 0xaedc, 
	0xaedc, 0xaedc, 0xaedc, 0xaedc, 0xaedc, 0xaedc, 0xaedc, 0xaedc, 0xaedc, 0xaedc, 0xaedc, 0xaedc, 0xaedc, 0xaedc, 0xaedc, 0xaedc, 
	0xaedc, 0xaedc, 0xaedc, 0xaedc, 0xaedc, 0xaedc, 0xaedc, 0xaedc, 0xaedc, 0xaedc, 0xaedc, 0xaedc, 0xaedc, 0xaedc, 0xaedc, 0xaedc, 
	0xaedc, 0xaedc, 0xaedc, 0xaedc, 0xaedc, 0xaedc, 0xaedc, 0xaedc, 0xaedc, 0xaedc, 0xaedc, 0xaedc, 0xaedc, 0xaedc, 0xaedc, 0xaedc, 
	0xaedc, 0xaedc, 0xaedc, 0xaedc, 0xaedc, 0xaedc, 0xaedc, 0xaedc, 0xaedc, 0xaedc, 0xaedc, 0xaedc, 0xaedc, 0xaedc, 0xaedc, 0xaedc, 
	0xaedc, 0xaedc, 0xaedc, 0xaedc, 0xaedc, 0xaedc, 0xaedc, 0xaedc, 0xaedc, 0xaedc, 0xaedc, 0xaedc, 0xaedc, 0xaedc, 0xaedc, 0xaedc, 
	0xaedc, 0xaedc, 0xaedc, 0xaedc, 0xaedc, 0xaedc, 0xaedc, 0xaedc, 0xaedc, 0xaedc, 0xaedc, 0xaedc, 0xaedc, 0xaedc, 0xaedc, 0xaedc, 
	0xaedc, 0xaedc, 0xaedc, 0xaedc, 0xaedc, 0xaedc, 0xaedc, 0xaedc, 0xaedc, 0xaedc, 0xaedc, 0xaedc, 0xaedc, 0xaedc, 0xaedc, 0xaedc, 
	0xaedc, 0xaedc, 0xaedc, 0xaedc, 0xaedc, 0xaedc, 0xaedc, 0xaedc, 0xaedc, 0xaedc, 0xaedc, 0xaedc, 0xaedc, 0xaedc, 0xaedc, 0xaedc, 
	0xaedc, 0xaedc, 0xaedc, 0xaedc, 0xaedc, 0xaedc, 0xaedc, 0xaedc, 0xaedc, 0xaedc, 0xaedc, 0xaedc, 0xaedc, 0xaedc, 0xaedc, 0xaedc, 
	0xaedc, 0xaedc, 0xaedc, 0xaedc, 0xaedc, 0xaedc, 0xaedc, 0xaedc, 0xaedc, 0xaedc, 0xaedc, 0xaedc, 0xaedc, 0xaedc, 0xaedc, 0xaedc, 
	0xaedc, 0xaedc, 0xaedc, 0xaedc, 0xaedc, 0xaedc, 0xaedc, 0xaedc, 0xaedc, 0xaedc, 0xaedc, 0xaedc, 0xaedc, 0xaedc, 0xaedc, 0xaedc, 
	0xaedc, 0xaedc, 0xaedc, 0xaedc, 0xaedc, 0xaedc, 0xaedc, 0xaedc, 0xaedc, 0xaedc, 0xaedc, 0xaedc, 0xaedc, 0xaedc, 0xaedc, 0xaedc, 
	0xaedc, 0xaedc, 0xaedc, 0xaedc, 0xaedc, 0xaedc, 0xaedc, 0xaedc, 0xaedc, 0xaedc, 0xaedc, 0xaedc, 0xaedc, 0xaedc, 0xaedc, 0xaedc, 
	0xaedc, 0xaedc, 0xaedc, 0xaedc, 0xaedc, 0xaedc, 0xaedc, 0xaedc, 0xaedc, 0xaedc, 0xaedc, 0xaedc, 0xaedc, 0xaedc, 0xaedc, 0xaedc, 
	0xaedc, 0xaedc, 0xaedc, 0xaedc, 0xaedc, 0xaedc, 0xaedc, 0xaedc, 0xaedc, 0xaedc, 0xaedc, 0xaedc, 0xaedc, 0xaedc, 0xaedc, 0xaedc, 
	0xaedc, 0xaedc, 0xaedc, 0xaedc, 0xaedc, 0xaedc, 0xaedc, 0xaedc, 0xaedc, 0xaedc, 0xaedc, 0xaedc, 0xaedc, 0xaedc, 0xaedc, 0xaedc, 
	0xaedc, 0xaedc, 0xaedc, 0xaedc, 0xaedc, 0xaedc, 0xaedc, 0xaedc, 0xaedc, 0xaedc, 0xaedc, 0xaedc, 0xaedc, 0xaedc, 0xaedc, 0xaedc, 
	0xaedc, 0xaedc, 0xaedc, 0xaedc, 0xaedc, 0xaedc, 0xaedc, 0xaedc, 0xaedc, 0xaedc, 0xaedc, 0xaedc, 0xaedc, 0xaedc, 0xaedc, 0xaedc, 
	0xaedc, 0xaedc, 0xaedc, 0xaedc, 0xaedc, 0xaedc, 0xaedc, 0xaedc, 0xaedc, 0xaedc, 0xaedc, 0xaedc, 0xaedc, 0xaedc, 0xaedc, 0xaedc, 
	0xaedc, 0xaedc, 0xaedc, 0xaedc, 0xaedc, 0xaedc, 0xaedc, 0xaedc, 0xaedc, 0xaedc, 0xaedc, 0xaedc, 0xaedc, 0xaedc, 0xaedc, 0xaedc, 
	0xaedc, 0xaedc, 0xaedc, 0xaedc, 0xaedc, 0xaedc, 0xaedc, 0xaedc, 0xaedc, 0xaedc, 0xaedc, 0xaedc, 0xaedc, 0xaedc, 0xaedc, 0xaedc, 
	0xaedc, 0xaedc, 0xaedc, 0xaedc, 0xaedc, 0xaedc, 0xaedc, 0xaedc, 0xaedc, 0xaedc, 0xaedc, 0xaedc, 0xaedc, 0xaedc, 0xaedc, 0xaedc, 
	0xaedc, 0xaedc, 0xaedc, 0xaedc, 0xaedc, 0xaedc, 0xaedc, 0xaedc, 0xaedc, 0xaedc, 0xaedc, 0xaedc, 0xaedc, 0xaedc, 0xaedc, 0xaedc, 
	0xaedc, 0xaedc, 0xaedc, 0xaedc, 0xaedc, 0xaedc, 0xaedc, 0xaedc, 0xaedc, 0xaedc, 0xaedc, 0xaedc, 0xaedc, 0xaedc, 0xaedc, 0xaedc, 
	0xaedc, 0xaedc, 0xaedc, 0xaedc, 0xaedc, 0xaedc, 0xaedc, 0xaedc, 0xaedc, 0xaedc, 0xaedc, 0xaedc, 0xaedc, 0xaedc, 0xaedc, 0xaedc, 
	0xaedc, 0xaedc, 0xaedc, 0xaedc, 0xaedc, 0xaedc, 0xaedc, 0xaedc, 0xaedc, 0xaedc, 0xaedc, 0xaedc, 0xaedc, 0xaedc, 0xaedc, 0xaedc, 
	0xaedc, 0xaedc, 0xaedc, 0xaedc, 0xaedc, 0xaedc, 0xaedc, 0xaedc, 0xaedc, 0xaedc, 0xaedc, 0xaedc, 0xaedc, 0xaedc, 0xaedc, 0xaedc, 
	0xaedc, 0xaedc, 0xaedc, 0xaedc, 0xaedc, 0xaedc, 0xaedc, 0xaedc, 0xaedc, 0xaedc, 0xaedc, 0xaedc, 0xaedc, 0xaedc, 0xaedc, 0xaedc, 
	0xaedc, 0xaedc, 0xaedc, 0xaedc, 0xaedc, 0xaedc, 0xaedc, 0xaedc, 0xaedc, 0xaedc, 0xaedc, 0xaedc, 0xaedc, 0xaedc, 0xaedc, 0xaedc, 
	0xaedc, 0xaedc, 0xaedc, 0xaedc, 0xaedc, 0xaedc, 0xaedc, 0xaedc, 0xaedc, 0xaedc, 0xaedc, 0xaedc, 0xaedc, 0xaedc, 0xaedc, 0xaedc, 
	0xaedc, 0xaedc, 0xaedc, 0xaedc, 0xaedc, 0xaedc, 0xaedc, 0xaedc, 0xaedc, 0xaedc, 0xaedc, 0xaedc, 0xaedc, 0xaedc, 0xaedc, 0xaedc, 
	0xaedc, 0xaedc, 0xaedc, 0xaedc, 0xaedc, 0xaedc, 0xaedc, 0xaedc, 0xaedc, 0xaedc, 0xaedc, 0xaedc, 0xaedc, 0xaedc, 0xaedc, 0xaedc, 
	0xaedc, 0xaedc, 0xaedc, 0xaedc, 0xaedc, 0xaedc, 0xaedc, 0xaedc, 0xaedc, 0xaedc, 0xaedc, 0xaedc, 0xaedc, 0xaedc, 0xaedc, 0xaedc, 
	0xaedc, 0xaedc, 0xaedc, 0xaedc, 0xaedc, 0xaedc, 0xaedc, 0xaedc, 0xaedc, 0xaedc, 0xaedc, 0xaedc, 0xaedc, 0xaedc, 0xaedc, 0xaedc, 
	0xaedc, 0xaedc, 0xaedc, 0xaedc, 0xaedc, 0xaedc, 0xaedc, 0xaedc, 0xaedc, 0xaedc, 0xaedc, 0xaedc, 0xaedc, 0xaedc, 0xaedc, 0xaedc, 
	0xaedc, 0xaedc, 0xaedc, 0xaedc, 0xaedc, 0xaedc, 0xaedc, 0xaedc, 0xaedc, 0xaedc, 0xaedc, 0xaedc, 0xaedc, 0xaedc, 0xaedc, 0xaedc, 
	0xaedc, 0xaedc, 0xaedc, 0xaedc, 0xaedc, 0xaedc, 0xaedc, 0xaedc, 0xaedc, 0xaedc, 0xaedc, 0xaedc, 0xaedc, 0xaedc, 0xaedc, 0xaedc, 
	0xaedc, 0xaedc, 0xaedc, 0xaedc, 0xaedc, 0xaedc, 0xaedc, 0xaedc, 0xaedc, 0xaedc, 0xaedc, 0xaedc, 0xaedc, 0xaedc, 0xaedc, 0xaedc, 
	0xaedc, 0xaedc, 0xaedc, 0xaedc, 0xaedc, 0xaedc, 0xaedc, 0xaedc, 0xaedc, 0xaedc, 0xaedc, 0xaedc, 0xaedc, 0xaedc, 0xaedc, 0xaedc, 
	0xaedc, 0xaedc, 0xaedc, 0xaedc, 0xaedc, 0xaedc, 0xaedc, 0xaedc, 0xaedc, 0xaedc, 0xaedc, 0xaedc, 0xaedc, 0xaedc, 0xaedc, 0xaedc, 
	0xaedc, 0xaedc, 0xaedc, 0xaedc, 0xaedc, 0xaedc, 0xaedc, 0xaedc, 0xaedc, 0xaedc, 0xaedc, 0xaedc, 0xaedc, 0xaedc, 0xaedc, 0xaedc, 
	0xaedc, 0xaedc, 0xaedc, 0xaedc, 0xaedc, 0xaedc, 0xaedc, 0xaedc, 0xaedc, 0xaedc, 0xaedc, 0xaedc, 0xaedc, 0xaedc, 0xaedc, 0xaedc, 
	0xaedc, 0xaedc, 0xaedc, 0xaedc, 0xaedc, 0xaedc, 0xaedc, 0xaedc, 0xaedc, 0xaedc, 0xaedc, 0xaedc, 0xaedc, 0xaedc, 0xaedc, 0xaedc, 
	0xaedc, 0xaedc, 0xaedc, 0xaedc, 0xaedc, 0xaedc, 0xaedc, 0xaedc, 0xaedc, 0xaedc, 0xaedc, 0xaedc, 0xaedc, 0xaedc, 0xaedc, 0xaedc, 
	0xaedc, 0xaedc, 0xaedc, 0xaedc, 0xaedc, 0xaedc, 0xaedc, 0xaedc, 0xaedc, 0xaedc, 0xaedc, 0xaedc, 0xaedc, 0xaedc, 0xaedc, 0xaedc, 
	0xaedc, 0xaedc, 0xaedc, 0xaedc, 0xaedc, 0xaedc, 0xaedc, 0xaedc, 0xaedc, 0xaedc, 0xaedc, 0xaedc, 0xaedc, 0xaedc, 0xaedc, 0xaedc, 
	0xaedc, 0xaedc, 0xaedc, 0xaedc, 0xaedc, 0xaedc, 0xaedc, 0xaedc, 0xaedc, 0xaedc, 0xaedc, 0xaedc, 0xaedc, 0xaedc, 0xaedc, 0xaedc, 
	0xaedc, 0xaedc, 0xaedc, 0xaedc, 0xaedc, 0xaedc, 0xaedc, 0xaedc, 0xaedc, 0xaedc, 0xaedc, 0xaedc, 0xaedc, 0xaedc, 0xaedc, 0xaedc, 
	0xaedc, 0xaedc, 0xaedc, 0xaedc, 0xaedc, 0xaedc, 0xaedc, 0xaedc, 0xaedc, 0xaedc, 0xaedc, 0xaedc, 0xaedc, 0xaedc, 0xaedc, 0xaedc, 
	0xaedc, 0xaedc, 0xaedc, 0xaedc, 0xaedc, 0xaedc, 0xaedc, 0xaedc, 0xaedc, 0xaedc, 0xaedc, 0xaedc, 0xaedc, 0xaedc, 0xaedc, 0xaedc, 
	0xaedc, 0xaedc, 0xaedc, 0xaedc, 0xaedc, 0xaedc, 0xaedc, 0xaedc, 0xaedc, 0xaedc, 0xaedc, 0xaedc, 0xaedc, 0xaedc, 0xaedc, 0xaedc, 
	0xaedc, 0xaedc, 0xaedc, 0xaedc, 0xaedc, 0xaedc, 0xaedc, 0xaedc, 0xaedc, 0xaedc, 0xaedc, 0xaedc, 0xaedc, 0xaedc, 0xaedc, 0xaedc, 
	0xaedc, 0xaedc, 0xaedc, 0xaedc, 0xaedc, 0xaedc, 0xaedc, 0xaedc, 0xaedc, 0xaedc, 0xaedc, 0xaedc, 0xaedc, 0xaedc, 0xaedc, 0xaedc, 
	0xaedc, 0xaedc, 0xaedc, 0xaedc, 0xaedc, 0xaedc, 0xaedc, 0xaedc, 0xaedc, 0xaedc, 0xaedc, 0xaedc, 0xaedc, 0xaedc, 0xaedc, 0xaedc, 
	0xaedc, 0xaedc, 0xaedc, 0xaedc, 0xaedc, 0xaedc, 0xaedc, 0xaedc, 0xaedc, 0xaedc, 0xaedc, 0xaedc, 0xaedc, 0xaedc, 0xaedc, 0xaedc, 
	0xaedc, 0xaedc, 0xaedc, 0xaedc, 0xaedc, 0xaedc, 0xaedc, 0xaedc, 0xaedc, 0xaedc, 0xaedc, 0xaedc, 0xaedc, 0xaedc, 0xaedc, 0xaedc, 
	0xaedc, 0xaedc, 0xaedc, 0xaedc, 0xaedc, 0xaedc, 0xaedc, 0xaedc, 0xaedc, 0xaedc, 0xaedc, 0xaedc, 0xaedc, 0xaedc, 0xaedc, 0xaedc, 
	0xaedc, 0xaedc, 0xaedc, 0xaedc, 0xaedc, 0xaedc, 0xaedc, 0xaedc, 0xaedc, 0xaedc, 0xaedc, 0xaedc, 0xaedc, 0xaedc, 0xaedc, 0xaedc, 
	0xaedc, 0xaedc, 0xaedc, 0xaedc, 0xaedc, 0xaedc, 0xaedc, 0xaedc, 0xaedc, 0xaedc, 0xaedc, 0xaedc, 0xaedc, 0xaedc, 0xaedc, 0xaedc, 
	0xaedc, 0xaedc, 0xaedc, 0xaedc, 0xaedc, 0xaedc, 0xaedc, 0xaedc, 0xaedc, 0xaedc, 0xaedc, 0xaedc, 0xaedc, 0xaedc, 0xaedc, 0xaedc, 
	0xaedc, 0xaedc, 0xaedc, 0xaedc, 0xaedc, 0xaedc, 0xaedc, 0xaedc, 0xaedc, 0xaedc, 0xaedc, 0xaedc, 0xaedc, 0xaedc, 0xaedc, 0xaedc, 
	0xaedc, 0xaedc, 0xaedc, 0xaedc, 0xaedc, 0xaedc, 0xaedc, 0xaedc, 0xaedc, 0xaedc, 0xaedc, 0xaedc, 0xaedc, 0xaedc, 0xaedc, 0xaedc, 
	0xaedc, 0xaedc, 0xaedc, 0xaedc, 0xaedc, 0xaedc, 0xaedc, 0xaedc, 0xaedc, 0xaedc, 0xaedc, 0xaedc, 0xaedc, 0xaedc, 0xaedc, 0xaedc, 
	0xaedc, 0xaedc, 0xaedc, 0xaedc, 0xaedc, 0xaedc, 0xaedc, 0xaedc, 0xaedc, 0xaedc, 0xaedc, 0xaedc, 0xaedc, 0xaedc, 0xaedc, 0xaedc, 
	0xaedc, 0xaedc, 0xaedc, 0xaedc, 0xaedc, 0xaedc, 0xaedc, 0xaedc, 0xaedc, 0xaedc, 0xaedc, 0xaedc, 0xaedc, 0xaedc, 0xaedc, 0xaedc, 
	0xaedc, 0xaedc, 0xaedc, 0xaedc, 0xaedc, 0xaedc, 0xaedc, 0xaedc, 0xaedc, 0xaedc, 0xaedc, 0xaedc, 0xaedc, 0xaedc, 0xaedc, 0xaedc, 
	0xaedc, 0xaedc, 0xaedc, 0xaedc, 0xaedc, 0xaedc, 0xaedc, 0xaedc, 0xaedc, 0xaedc, 0xaedc, 0xaedc, 0xaedc, 0xaedc, 0xaedc, 0xaedc, 
	0xaedc, 0xaedc, 0xaedc, 0xaedc, 0xaedc, 0xaedc, 0xaedc, 0xaedc, 0xaedc, 0xaedc, 0xaedc, 0xaedc, 0xaedc, 0xaedc, 0xaedc, 0xaedc, 
	0xaedc, 0xaedc, 0xaedc, 0xaedc, 0xaedc, 0xaedc, 0xaedc, 0xaedc, 0xaedc, 0xaedc, 0xaedc, 0xaedc, 0xaedc, 0xaedc, 0xaedc, 0xaedc, 
	0xaedc, 0xaedc, 0xaedc, 0xaedc, 0xaedc, 0xaedc, 0xaedc, 0xaedc, 0xaedc, 0xaedc, 0xaedc, 0xaedc, 0xaedc, 0xaedc, 0xaedc, 0xaedc, 
	0xaedc, 0xaedc, 0xaedc, 0xaedc, 0xaedc, 0xaedc, 0xaedc, 0xaedc, 0xaedc, 0xaedc, 0xaedc, 0xaedc, 0xaedc, 0xaedc, 0xaedc, 0xaedc, 
	0xaedc, 0xaedc, 0xaedc, 0xaedc, 0xaedc, 0xaedc, 0xaedc, 0xaedc, 0xaedc, 0xaedc, 0xaedc, 0xaedc, 0xaedc, 0xaedc, 0xaedc, 0xaedc, 
	0xaedc, 0xaedc, 0xaedc, 0xaedc, 0xaedc, 0xaedc, 0xaedc, 0xaedc, 0xaedc, 0xaedc, 0xaedc, 0xaedc, 0xaedc, 0xaedc, 0xaedc, 0xaedc, 
	0xaedc, 0xaedc, 0xaedc, 0xaedc, 0xaedc, 0xaedc, 0xaedc, 0xaedc, 0xaedc, 0xaedc, 0xaedc, 0xaedc, 0xaedc, 0xaedc, 0xaedc, 0xaedc, 
	0xaedc, 0xaedc, 0xaedc, 0xaedc, 0xaedc, 0xaedc, 0xaedc, 0xaedc, 0xaedc, 0xaedc, 0xaedc, 0xaedc, 0xaedc, 0xaedc, 0xaedc, 0xaedc, 
	0xaedc, 0xaedc, 0xaedc, 0xaedc, 0xaedc, 0xaedc, 0xaedc, 0xaedc, 0xaedc, 0xaedc, 0xaedc, 0xaedc, 0xaedc, 0xaedc, 0xaedc, 0xaedc, 
	0xaedc, 0xaedc, 0xaedc, 0xaedc, 0xaedc, 0xaedc, 0xaedc, 0xaedc, 0xaedc, 0xaedc, 0xaedc, 0xaedc, 0xaedc, 0xaedc, 0xaedc, 0xaedc, 
	0xaedc, 0xaedc, 0xaedc, 0xaedc, 0xaedc, 0xaedc, 0xaedc, 0xaedc, 0xaedc, 0xaedc, 0xaedc, 0xaedc, 0xaedc, 0xaedc, 0xaedc, 0xaedc, 
	0xaedc, 0xaedc, 0xaedc, 0xaedc, 0xaedc, 0xaedc, 0xaedc, 0xaedc, 0xaedc, 0xaedc, 0xaedc, 0xaedc, 0xaedc, 0xaedc, 0xaedc, 0xaedc, 
	0xaedc, 0xaedc, 0xaedc, 0xaedc, 0xaedc, 0xaedc, 0xaedc, 0xaedc, 0xaedc, 0xaedc, 0xaedc, 0xaedc, 0xaedc, 0xaedc, 0xaedc, 0xaedc, 
	0xaedc, 0xaedc, 0xaedc, 0xaedc, 0xaedc, 0xaedc, 0xaedc, 0xaedc, 0xaedc, 0xaedc, 0xaedc, 0xaedc, 0xaedc, 0xaedc, 0xaedc, 0xaedc, 
	0xaedc, 0xaedc, 0xaedc, 0xaedc, 0xaedc, 0xaedc, 0xaedc, 0xaedc, 0xaedc, 0xaedc, 0xaedc, 0xaedc, 0xaedc, 0xaedc, 0xaedc, 0xaedc, 
	0xaedc, 0xaedc, 0xaedc, 0xaedc, 0xaedc, 0xaedc, 0xaedc, 0xaedc, 0xaedc, 0xaedc, 0xaedc, 0xaedc, 0xaedc, 0xaedc, 0xaedc, 0xaedc, 
	0xaedc, 0xaedc, 0xaedc, 0xaedc, 0xaedc, 0xaedc, 0xaedc, 0xaedc, 0xaedc, 0xaedc, 0xaedc, 0xaedc, 0xaedc, 0xaedc, 0xaedc, 0xaedc, 
	0xaedc, 0xaedc, 0xaedc, 0xaedc, 0xaedc, 0xaedc, 0xaedc, 0xaedc, 0xaedc, 0xaedc, 0xaedc, 0xaedc, 0xaedc, 0xaedc, 0xaedc, 0xaedc, 
	0xaedc, 0xaedc, 0xaedc, 0xaedc, 0xaedc, 0xaedc, 0xaedc, 0xaedc, 0xaedc, 0xaedc, 0xaedc, 0xaedc, 0xaedc, 0xaedc, 0xaedc, 0xaedc, 
	0xaedc, 0xaedc, 0xaedc, 0xaedc, 0xaedc, 0xaedc, 0xaedc, 0xaedc, 0xaedc, 0xaedc, 0xaedc, 0xaedc, 0xaedc, 0xaedc, 0xaedc, 0xaedc, 
	0xaedc, 0xaedc, 0xaedc, 0xaedc, 0xaedc, 0xaedc, 0xaedc, 0xaedc, 0xaedc, 0xaedc, 0xaedc, 0xaedc, 0xaedc, 0xaedc, 0xaedc, 0xaedc, 
	0xaedc, 0xaedc, 0xaedc, 0xaedc, 0xaedc, 0xaedc, 0xaedc, 0xaedc, 0xaedc, 0xaedc, 0xaedc, 0xaedc, 0xaedc, 0xaedc, 0xaedc, 0xaedc, 
	0xaedc, 0xaedc, 0xaedc, 0xaedc, 0xaedc, 0xaedc, 0xaedc, 0xaedc, 0xaedc, 0xaedc, 0xaedc, 0xaedc, 0xaedc, 0xaedc, 0xaedc, 0xaedc, 
	0xaedc, 0xaedc, 0xaedc, 0xaedc, 0xaedc, 0xaedc, 0xaedc, 0xaedc, 0xaedc, 0xaedc, 0xaedc, 0xaedc, 0xaedc, 0xaedc, 0xaedc, 0xaedc, 
	0xaedc, 0xaedc, 0xaedc, 0xaedc, 0xaedc, 0xaedc, 0xaedc, 0xaedc, 0xaedc, 0xaedc, 0xaedc, 0xaedc, 0xaedc, 0xaedc, 0xaedc, 0xaedc, 
	0xaedc, 0xaedc, 0xaedc, 0xaedc, 0xaedc, 0xaedc, 0xaedc, 0xaedc, 0xaedc, 0xaedc, 0xaedc, 0xaedc, 0xaedc, 0xaedc, 0xaedc, 0xaedc, 
	0xaedc, 0xaedc, 0xaedc, 0xaedc, 0xaedc, 0xaedc, 0xaedc, 0xaedc, 0xaedc, 0xaedc, 0xaedc, 0xaedc, 0xaedc, 0xaedc, 0xaedc, 0xaedc, 
	0xaedc, 0xaedc, 0xaedc, 0xaedc, 0xaedc, 0xaedc, 0xaedc, 0xaedc, 0xaedc, 0xaedc, 0xaedc, 0xaedc, 0xaedc, 0xaedc, 0xaedc, 0xaedc, 
	0xaedc, 0xaedc, 0xaedc, 0xaedc, 0xaedc, 0xaedc, 0xaedc, 0xaedc, 0xaedc, 0xaedc, 0xaedc, 0xaedc, 0xaedc, 0xaedc, 0xaedc, 0xaedc, 
	0xaedc, 0xaedc, 0xaedc, 0xaedc, 0xaedc, 0xaedc, 0xaedc, 0xaedc, 0xaedc, 0xaedc, 0xaedc, 0xaedc, 0xaedc, 0xaedc, 0xaedc, 0xaedc, 
	0xaedc, 0xaedc, 0xaedc, 0xaedc, 0xaedc, 0xaedc, 0xaedc, 0xaedc, 0xaedc, 0xaedc, 0xaedc, 0xaedc, 0xaedc, 0xaedc, 0xaedc, 0xaedc, 
	0xaedc, 0xaedc, 0xaedc, 0xaedc, 0xaedc, 0xaedc, 0xaedc, 0xaedc, 0xaedc, 0xaedc, 0xaedc, 0xaedc, 0xaedc, 0xaedc, 0xaedc, 0xaedc, 
	0xaedc, 0xaedc, 0xaedc, 0xaedc, 0xaedc, 0xaedc, 0xaedc, 0xaedc, 0xaedc, 0xaedc, 0xaedc, 0xaedc, 0xaedc, 0xaedc, 0xaedc, 0xaedc, 
	0xaedc, 0xaedc, 0xaedc, 0xaedc, 0xaedc, 0xaedc, 0xaedc, 0xaedc, 0xaedc, 0xaedc, 0xaedc, 0xaedc, 0xaedc, 0xaedc, 0xaedc, 0xaedc, 
	0xaedc, 0xaedc, 0xaedc, 0xaedc, 0xaedc, 0xaedc, 0xaedc, 0xaedc, 0xaedc, 0xaedc, 0xaedc, 0xaedc, 0xaedc, 0xaedc, 0xaedc, 0xaedc, 
	0xaedc, 0xaedc, 0xaedc, 0xaedc, 0xaedc, 0xaedc, 0xaedc, 0xaedc, 0xaedc, 0xaedc, 0xaedc, 0xaedc, 0xaedc, 0xaedc, 0xaedc, 0xaedc, 
	0xaedc, 0xaedc, 0xaedc, 0xaedc, 0xaedc, 0xaedc, 0xaedc, 0xaedc, 0xaedc, 0xaedc, 0xaedc, 0xaedc, 0xaedc, 0xaedc, 0xaedc, 0xaedc, 
	0xaedc, 0xaedc, 0xaedc, 0xaedc, 0xaedc, 0xaedc, 0xaedc, 0xaedc, 0xaedc, 0xaedc, 0xaedc, 0xaedc, 0xaedc, 0xaedc, 0xaedc, 0xaedc, 
	0xaedc, 0xaedc, 0xaedc, 0xaedc, 0xaedc, 0xaedc, 0xaedc, 0xaedc, 0xaedc, 0xaedc, 0xaedc, 0xaedc, 0xaedc, 0xaedc, 0xaedc, 0xaedc, 
	0xaedc, 0xaedc, 0xaedc, 0xaedc, 0xaedc, 0xaedc, 0xaedc, 0xaedc, 0xaedc, 0xaedc, 0xaedc, 0xaedc, 0xaedc, 0xaedc, 0xaedc, 0xaedc, 
	0xaedc, 0xaedc, 0xaedc, 0xaedc, 0xaedc, 0xaedc, 0xaedc, 0xaedc, 0xaedc, 0xaedc, 0xaedc, 0xaedc, 0xaedc, 0xaedc, 0xaedc, 0xaedc, 
	0xaedc, 0xaedc, 0xaedc, 0xaedc, 0xaedc, 0xaedc, 0xaedc, 0xaedc, 0xaedc, 0xaedc, 0xaedc, 0xaedc, 0xaedc, 0xaedc, 0xaedc, 0xaedc, 
	0xaedc, 0xaedc, 0xaedc, 0xaedc, 0xaedc, 0xaedc, 0xaedc, 0xaedc, 0xaedc, 0xaedc, 0xaedc, 0xaedc, 0xaedc, 0xaedc, 0xaedc, 0xaedc, 
	0xaedc, 0xaedc, 0xaedc, 0xaedc, 0xaedc, 0xaedc, 0xaedc, 0xaedc, 0xaedc, 0xaedc, 0xaedc, 0xaedc, 0xaedc, 0xaedc, 0xaedc, 0xaedc, 
	0xaedc, 0xaedc, 0xaedc, 0xaedc, 0xaedc, 0xaedc, 0xaedc, 0xaedc, 0xaedc, 0xaedc, 0xaedc, 0xaedc, 0xaedc, 0xaedc, 0xaedc, 0xaedc, 
	0xaedc, 0xaedc, 0xaedc, 0xaedc, 0xaedc, 0xaedc, 0xaedc, 0xaedc, 0xaedc, 0xaedc, 0xaedc, 0xaedc, 0xaedc, 0xaedc, 0xaedc, 0xaedc, 
	0xaedc, 0xaedc, 0xaedc, 0xaedc, 0xaedc, 0xaedc, 0xaedc, 0xaedc, 0xaedc, 0xaedc, 0xaedc, 0xaedc, 0xaedc, 0xaedc, 0xaedc, 0xaedc, 
	0xaedc, 0xaedc, 0xaedc, 0xaedc, 0xaedc, 0xaedc, 0xaedc, 0xaedc, 0xaedc, 0xaedc, 0xaedc, 0xaedc, 0xaedc, 0xaedc, 0xaedc, 0xaedc, 
	0xaedc, 0xaedc, 0xaedc, 0xaedc, 0xaedc, 0xaedc, 0xaedc, 0xaedc, 0xaedc, 0xaedc, 0xaedc, 0xaedc, 0xaedc, 0xaedc, 0xaedc, 0xaedc, 
	0xaedc, 0xaedc, 0xaedc, 0xaedc, 0xaedc, 0xaedc, 0xaedc, 0xaedc, 0xaedc, 0xaedc, 0xaedc, 0xaedc, 0xaedc, 0xaedc, 0xaedc, 0xaedc, 
	0xaedc, 0xaedc, 0xaedc, 0xaedc, 0xaedc, 0xaedc, 0xaedc, 0xaedc, 0xaedc, 0xaedc, 0xaedc, 0xaedc, 0xaedc, 0xaedc, 0xaedc, 0xaedc, 
	0xaedc, 0xaedc, 0xaedc, 0xaedc, 0xaedc, 0xaedc, 0xaedc, 0xaedc, 0xaedc, 0xaedc, 0xaedc, 0xaedc, 0xaedc, 0xaedc, 0xaedc, 0xaedc, 
	0xaedc, 0xaedc, 0xaedc, 0xaedc, 0xaedc, 0xaedc, 0xaedc, 0xaedc, 0xaedc, 0xaedc, 0xaedc, 0xaedc, 0xaedc, 0xaedc, 0xaedc, 0xaedc, 
	0xaedc, 0xaedc, 0xaedc, 0xaedc, 0xaedc, 0xaedc, 0xaedc, 0xaedc, 0xaedc, 0xaedc, 0xaedc, 0xaedc, 0xaedc, 0xaedc, 0xaedc, 0xaedc, 
	0xaedc, 0xaedc, 0xaedc, 0xaedc, 0xaedc, 0xaedc, 0xaedc, 0xaedc, 0xaedc, 0xaedc, 0xaedc, 0xaedc, 0xaedc, 0xaedc, 0xaedc, 0xaedc, 
	0xaedc, 0xaedc, 0xaedc, 0xaedc, 0xaedc, 0xaedc, 0xaedc, 0xaedc, 0xaedc, 0xaedc, 0xaedc, 0xaedc, 0xaedc, 0xaedc, 0xaedc, 0xaedc, 
	0xaedc, 0xaedc, 0xaedc, 0xaedc, 0xaedc, 0xaedc, 0xaedc, 0xaedc, 0xaedc, 0xaedc, 0xaedc, 0xaedc, 0xaedc, 0xaedc, 0xaedc, 0xaedc, 
	0xaedc, 0xaedc, 0xaedc, 0xaedc, 0xaedc, 0xaedc, 0xaedc, 0xaedc, 0xaedc, 0xaedc, 0xaedc, 0xaedc, 0xaedc, 0xaedc, 0xaedc, 0xaedc, 
	0xaedc, 0xaedc, 0xaedc, 0xaedc, 0xaedc, 0xaedc, 0xaedc, 0xaedc, 0xaedc, 0xaedc, 0xaedc, 0xaedc, 0xaedc, 0xaedc, 0xaedc, 0xaedc, 
	0xaedc, 0xaedc, 0xaedc, 0xaedc, 0xaedc, 0xaedc, 0xaedc, 0xaedc, 0xaedc, 0xaedc, 0xaedc, 0xaedc, 0xaedc, 0xaedc, 0xaedc, 0xaedc, 
	0xaedc, 0xaedc, 0xaedc, 0xaedc, 0xaedc, 0xaedc, 0xaedc, 0xaedc, 0xaedc, 0xaedc, 0xaedc, 0xaedc, 0xaedc, 0xaedc, 0xaedc, 0xaedc, 
	0xaedc, 0xaedc, 0xaedc, 0xaedc, 0xaedc, 0xaedc, 0xaedc, 0xaedc, 0xaedc, 0xaedc, 0xaedc, 0xaedc, 0xaedc, 0xaedc, 0xaedc, 0xaedc, 
	0xaedc, 0xaedc, 0xaedc, 0xaedc, 0xaedc, 0xaedc, 0xaedc, 0xaedc, 0xaedc, 0xaedc, 0xaedc, 0xaedc, 0xaedc, 0xaedc, 0xaedc, 0xaedc, 
	0xaedc, 0xaedc, 0xaedc, 0xaedc, 0xaedc, 0xaedc, 0xaedc, 0xaedc, 0xaedc, 0xaedc, 0xaedc, 0xaedc, 0xaedc, 0xaedc, 0xaedc, 0xaedc, 
	0xaedc, 0xaedc, 0xaedc, 0xaedc, 0xaedc, 0xaedc, 0xaedc, 0xaedc, 0xaedc, 0xaedc, 0xaedc, 0xaedc, 0xaedc, 0xaedc, 0xaedc, 0xaedc, 
	0xaedc, 0xaedc, 0xaedc, 0xaedc, 0xaedc, 0xaedc, 0xaedc, 0xaedc, 0xaedc, 0xaedc, 0xaedc, 0xaedc, 0xaedc, 0xaedc, 0xaedc, 0xaedc, 
	0xaedc, 0xaedc, 0xaedc, 0xaedc, 0xaedc, 0xaedc, 0xaedc, 0xaedc, 0xaedc, 0xaedc, 0xaedc, 0xaedc, 0xaedc, 0xaedc, 0xaedc, 0xaedc, 
	0xaedc, 0xaedc, 0xaedc, 0xaedc, 0xaedc, 0xaedc, 0xaedc, 0xaedc, 0xaedc, 0xaedc, 0xaedc, 0xaedc, 0xaedc, 0xaedc, 0xaedc, 0xaedc, 
	0xaedc, 0xaedc, 0xaedc, 0xaedc, 0xaedc, 0xaedc, 0xaedc, 0xaedc, 0xaedc, 0xaedc, 0xaedc, 0xaedc, 0xaedc, 0xaedc, 0xaedc, 0xaedc, 
	0xaedc, 0xaedc, 0xaedc, 0xaedc, 0xaedc, 0xaedc, 0xaedc, 0xaedc, 0xaedc, 0xaedc, 0xaedc, 0xaedc, 0xaedc, 0xaedc, 0xaedc, 0xaedc, 
	0xaedc, 0xaedc, 0xaedc, 0xaedc, 0xaedc, 0xaedc, 0xaedc, 0xaedc, 0xaedc, 0xaedc, 0xaedc, 0xaedc, 0xaedc, 0xaedc, 0xaedc, 0xaedc, 
	0xaedc, 0xaedc, 0xaedc, 0xaedc, 0xaedc, 0xaedc, 0xaedc, 0xaedc, 0xaedc, 0xaedc, 0xaedc, 0xaedc, 0xaedc, 0xaedc, 0xaedc, 0xaedc, 
	0xaedc, 0xaedc, 0xaedc, 0xaedc, 0xaedc, 0xaedc, 0xaedc, 0xaedc, 0xaedc, 0xaedc, 0xaedc, 0xaedc, 0xaedc, 0xaedc, 0xaedc, 0xaedc, 
	0xaedc, 0xaedc, 0xaedc, 0xaedc, 0xaedc, 0xaedc, 0xaedc, 0xaedc, 0xaedc, 0xaedc, 0xaedc, 0xaedc, 0xaedc, 0xaedc, 0xaedc, 0xaedc, 
	0xaedc, 0xaedc, 0xaedc, 0xaedc, 0xaedc, 0xaedc, 0xaedc, 0xaedc, 0xaedc, 0xaedc, 0xaedc, 0xaedc, 0xaedc, 0xaedc, 0xaedc, 0xaedc, 
	0xaedc, 0xaedc, 0xaedc, 0xaedc, 0xaedc, 0xaedc, 0xaedc, 0xaedc, 0xaedc, 0xaedc, 0xaedc, 0xaedc, 0xaedc, 0xaedc, 0xaedc, 0xaedc, 
	0xaedc, 0xaedc, 0xaedc, 0xaedc, 0xaedc, 0xaedc, 0xaedc, 0xaedc, 0xaedc, 0xaedc, 0xaedc, 0xaedc, 0xaedc, 0xaedc, 0xaedc, 0xaedc, 
	0xaedc, 0xaedc, 0xaedc, 0xaedc, 0xaedc, 0xaedc, 0xaedc, 0xaedc, 0xaedc, 0xaedc, 0xaedc, 0xaedc, 0xaedc, 0xaedc, 0xaedc, 0xaedc, 
	0xaedc, 0xaedc, 0xaedc, 0xaedc, 0xaedc, 0xaedc, 0xaedc, 0xaedc, 0xaedc, 0xaedc, 0xaedc, 0xaedc, 0xaedc, 0xaedc, 0xaedc, 0xaedc, 
	0xaedc, 0xaedc, 0xaedc, 0xaedc, 0xaedc, 0xaedc, 0xaedc, 0xaedc, 0xaedc, 0xaedc, 0xaedc, 0xaedc, 0xaedc, 0xaedc, 0xaedc, 0xaedc, 
	0xaedc, 0xaedc, 0xaedc, 0xaedc, 0xaedc, 0xaedc, 0xaedc, 0xaedc, 0xaedc, 0xaedc, 0xaedc, 0xaedc, 0xaedc, 0xaedc, 0xaedc, 0xaedc, 
	0xaedc, 0xaedc, 0xaedc, 0xaedc, 0xaedc, 0xaedc, 0xaedc, 0xaedc, 0xaedc, 0xaedc, 0xaedc, 0xaedc, 0xaedc, 0xaedc, 0xaedc, 0xaedc, 
	0xaedc, 0xaedc, 0xaedc, 0xaedc, 0xaedc, 0xaedc, 0xaedc, 0xaedc, 0xaedc, 0xaedc, 0xaedc, 0xaedc, 0xaedc, 0xaedc, 0xaedc, 0xaedc, 
	0xaedc, 0xaedc, 0xaedc, 0xaedc, 0xaedc, 0xaedc, 0xaedc, 0xaedc, 0xaedc, 0xaedc, 0xaedc, 0xaedc, 0xaedc, 0xaedc, 0xaedc, 0xaedc, 
	0xaedc, 0xaedc, 0xaedc, 0xaedc, 0xaedc, 0xaedc, 0xaedc, 0xaedc, 0xaedc, 0xaedc, 0xaedc, 0xaedc, 0xaedc, 0xaedc, 0xaedc, 0xaedc, 
	0xaedc, 0xaedc, 0xaedc, 0xaedc, 0xaedc, 0xaedc, 0xaedc, 0xaedc, 0xaedc, 0xaedc, 0xaedc, 0xaedc, 0xaedc, 0xaedc, 0xaedc, 0xaedc, 
	0xaedc, 0xaedc, 0xaedc, 0xaedc, 0xaedc, 0xaedc, 0xaedc, 0xaedc, 0xaedc, 0xaedc, 0xaedc, 0xaedc, 0xaedc, 0xaedc, 0xaedc, 0xaedc, 
	0xaedc, 0xaedc, 0xaedc, 0xaedc, 0xaedc, 0xaedc, 0xaedc, 0xaedc, 0xaedc, 0xaedc, 0xaedc, 0xaedc, 0xaedc, 0xaedc, 0xaedc, 0xaedc, 
	0xaedc, 0xaedc, 0xaedc, 0xaedc, 0xaedc, 0xaedc, 0xaedc, 0xaedc, 0xaedc, 0xaedc, 0xaedc, 0xaedc, 0xaedc, 0xaedc, 0xaedc, 0xaedc, 
	0xaedc, 0xaedc, 0xaedc, 0xaedc, 0xaedc, 0xaedc, 0xaedc, 0xaedc, 0xaedc, 0xaedc, 0xaedc, 0xaedc, 0xaedc, 0xaedc, 0xaedc, 0xaedc, 
	0xaedc, 0xaedc, 0xaedc, 0xaedc, 0xaedc, 0xaedc, 0xaedc, 0xaedc, 0xaedc, 0xaedc, 0xaedc, 0xaedc, 0xaedc, 0xaedc, 0xaedc, 0xaedc, 
	0xaedc, 0xaedc, 0xaedc, 0xaedc, 0xaedc, 0xaedc, 0xaedc, 0xaedc, 0xaedc, 0xaedc, 0xaedc, 0xaedc, 0xaedc, 0xaedc, 0xaedc, 0xaedc, 
	0xaedc, 0xaedc, 0xaedc, 0xaedc, 0xaedc, 0xaedc, 0xaedc, 0xaedc, 0xaedc, 0xaedc, 0xaedc, 0xaedc, 0xaedc, 0xaedc, 0xaedc, 0xaedc, 
	0xaedc, 0xaedc, 0xaedc, 0xaedc, 0xaedc, 0xaedc, 0xaedc, 0xaedc, 0xaedc, 0xaedc, 0xaedc, 0xaedc, 0xaedc, 0xaedc, 0xaedc, 0xaedc, 
	0xaedc, 0xaedc, 0xaedc, 0xaedc, 0xaedc, 0xaedc, 0xaedc, 0xaedc, 0xaedc, 0xaedc, 0xaedc, 0xaedc, 0xaedc, 0xaedc, 0xaedc, 0xaedc, 
	0xaedc, 0xaedc, 0xaedc, 0xaedc, 0xaedc, 0xaedc, 0xaedc, 0xaedc, 0xaedc, 0xaedc, 0xaedc, 0xaedc, 0xaedc, 0xaedc, 0xaedc, 0xaedc, 
	0xaedc, 0xaedc, 0xaedc, 0xaedc, 0xaedc, 0xaedc, 0xaedc, 0xaedc, 0xaedc, 0xaedc, 0xaedc, 0xaedc, 0xaedc, 0xaedc, 0xaedc, 0xaedc, 
	0xaedc, 0xaedc, 0xaedc, 0xaedc, 0xaedc, 0xaedc, 0xaedc, 0xaedc, 0xaedc, 0xaedc, 0xaedc, 0xaedc, 0xaedc, 0xaedc, 0xaedc, 0xaedc, 
	0xaedc, 0xaedc, 0xaedc, 0xaedc, 0xaedc, 0xaedc, 0xaedc, 0xaedc, 0xaedc, 0xaedc, 0xaedc, 0xaedc, 0xaedc, 0xaedc, 0xaedc, 0xaedc, 
	0xaedc, 0xaedc, 0xaedc, 0xaedc, 0xaedc, 0xaedc, 0xaedc, 0xaedc, 0xaedc, 0xaedc, 0xaedc, 0xaedc, 0xaedc, 0xaedc, 0xaedc, 0xaedc, 
	0xaedc, 0xaedc, 0xaedc, 0xaedc, 0xaedc, 0xaedc, 0xaedc, 0xaedc, 0xaedc, 0xaedc, 0xaedc, 0xaedc, 0xaedc, 0xaedc, 0xaedc, 0xaedc, 
	0xaedc, 0xaedc, 0xaedc, 0xaedc, 0xaedc, 0xaedc, 0xaedc, 0xaedc, 0xaedc, 0xaedc, 0xaedc, 0xaedc, 0xaedc, 0xaedc, 0xaedc, 0xaedc, 
	0xaedc, 0xaedc, 0xaedc, 0xaedc, 0xaedc, 0xaedc, 0xaedc, 0xaedc, 0xaedc, 0xaedc, 0xaedc, 0xaedc, 0xaedc, 0xaedc, 0xaedc, 0xaedc, 
	0xaedc, 0xaedc, 0xaedc, 0xaedc, 0xaedc, 0xaedc, 0xaedc, 0xaedc, 0xaedc, 0xaedc, 0xaedc, 0xaedc, 0xaedc, 0xaedc, 0xaedc, 0xaedc, 
	0xaedc, 0xaedc, 0xaedc, 0xaedc, 0xaedc, 0xaedc, 0xaedc, 0xaedc, 0xaedc, 0xaedc, 0xaedc, 0xaedc, 0xaedc, 0xaedc, 0xaedc, 0xaedc, 
	0xaedc, 0xaedc, 0xaedc, 0xaedc, 0xaedc, 0xaedc, 0xaedc, 0xaedc, 0xaedc, 0xaedc, 0xaedc, 0xaedc, 0xaedc, 0xaedc, 0xaedc, 0xaedc, 
	0xaedc, 0xaedc, 0xaedc, 0xaedc, 0xaedc, 0xaedc, 0xaedc, 0xaedc, 0xaedc, 0xaedc, 0xaedc, 0xaedc, 0xaedc, 0xaedc, 0xaedc, 0xaedc, 
	0xaedc, 0xaedc, 0xaedc, 0xaedc, 0xaedc, 0xaedc, 0xaedc, 0xaedc, 0xaedc, 0xaedc, 0xaedc, 0xaedc, 0xaedc, 0xaedc, 0xaedc, 0xaedc, 
	0xaedc, 0xaedc, 0xaedc, 0xaedc, 0xaedc, 0xaedc, 0xaedc, 0xaedc, 0xaedc, 0xaedc, 0xaedc, 0xaedc, 0xaedc, 0xaedc, 0xaedc, 0xaedc, 
	0xaedc, 0xaedc, 0xaedc, 0xaedc, 0xaedc, 0xaedc, 0xaedc, 0xaedc, 0xaedc, 0xaedc, 0xaedc, 0xaedc, 0xaedc, 0xaedc, 0xaedc, 0xaedc, 
	0xaedc, 0xaedc, 0xaedc, 0xaedc, 0xaedc, 0xaedc, 0xaedc, 0xaedc, 0xaedc, 0xaedc, 0xaedc, 0xaedc, 0xaedc, 0xaedc, 0xaedc, 0xaedc, 
	0xaedc, 0xaedc, 0xaedc, 0xaedc, 0xaedc, 0xaedc, 0xaedc, 0xaedc, 0xaedc, 0xaedc, 0xaedc, 0xaedc, 0xaedc, 0xaedc, 0xaedc, 0xaedc, 
	0xaedc, 0xaedc, 0xaedc, 0xaedc, 0xaedc, 0xaedc, 0xaedc, 0xaedc, 0xaedc, 0xaedc, 0xaedc, 0xaedc, 0xaedc, 0xaedc, 0xaedc, 0xaedc, 
	0xaedc, 0xaedc, 0xaedc, 0xaedc, 0xaedc, 0xaedc, 0xaedc, 0xaedc, 0xaedc, 0xaedc, 0xaedc, 0xaedc, 0xaedc, 0xaedc, 0xaedc, 0xaedc, 
	0xaedc, 0xaedc, 0xaedc, 0xaedc, 0xaedc, 0xaedc, 0xaedc, 0xaedc, 0xaedc, 0xaedc, 0xaedc, 0xaedc, 0xaedc, 0xaedc, 0xaedc, 0xaedc, 
	0xaedc, 0xaedc, 0xaedc, 0xaedc, 0xaedc, 0xaedc, 0xaedc, 0xaedc, 0xaedc, 0xaedc, 0xaedc, 0xaedc, 0xaedc, 0xaedc, 0xaedc, 0xaedc, 
	0xaedc, 0xaedc, 0xaedc, 0xaedc, 0xaedc, 0xaedc, 0xaedc, 0xaedc, 0xaedc, 0xaedc, 0xaedc, 0xaedc, 0xaedc, 0xaedc, 0xaedc, 0xaedc, 
	0xaedc, 0xaedc, 0xaedc, 0xaedc, 0xaedc, 0xaedc, 0xaedc, 0xaedc, 0xaedc, 0xaedc, 0xaedc, 0xaedc, 0xaedc, 0xaedc, 0xaedc, 0xaedc, 
	0xaedc, 0xaedc, 0xaedc, 0xaedc, 0xaedc, 0xaedc, 0xaedc, 0xaedc, 0xaedc, 0xaedc, 0xaedc, 0xaedc, 0xaedc, 0xaedc, 0xaedc, 0xaedc, 
	0xaedc, 0xaedc, 0xaedc, 0xaedc, 0xaedc, 0xaedc, 0xaedc, 0xaedc, 0xaedc, 0xaedc, 0xaedc, 0xaedc, 0xaedc, 0xaedc, 0xaedc, 0xaedc, 
	0xaedc, 0xaedc, 0xaedc, 0xaedc, 0xaedc, 0xaedc, 0xaedc, 0xaedc, 0xaedc, 0xaedc, 0xaedc, 0xaedc, 0xaedc, 0xaedc, 0xaedc, 0xaedc, 
	0xaedc, 0xaedc, 0xaedc, 0xaedc, 0xaedc, 0xaedc, 0xaedc, 0xaedc, 0xaedc, 0xaedc, 0xaedc, 0xaedc, 0xaedc, 0xaedc, 0xaedc, 0xaedc, 
	0xaedc, 0xaedc, 0xaedc, 0xaedc, 0xaedc, 0xaedc, 0xaedc, 0xaedc, 0xaedc, 0xaedc, 0xaedc, 0xaedc, 0xaedc, 0xaedc, 0xaedc, 0xaedc, 
	0xaedc, 0xaedc, 0xaedc, 0xaedc, 0xaedc, 0xaedc, 0xaedc, 0xaedc, 0xaedc, 0xaedc, 0xaedc, 0xaedc, 0xaedc, 0xaedc, 0xaedc, 0xaedc, 
	0xaedc, 0xaedc, 0xaedc, 0xaedc, 0xaedc, 0xaedc, 0xaedc, 0xaedc, 0xaedc, 0xaedc, 0xaedc, 0xaedc, 0xaedc, 0xaedc, 0xaedc, 0xaedc, 
	0xaedc, 0xaedc, 0xaedc, 0xaedc, 0xaedc, 0xaedc, 0xaedc, 0xaedc, 0xaedc, 0xaedc, 0xaedc, 0xaedc, 0xaedc, 0xaedc, 0xaedc, 0xaedc, 
	0xaedc, 0xaedc, 0xaedc, 0xaedc, 0xaedc, 0xaedc, 0xaedc, 0xaedc, 0xaedc, 0xaedc, 0xaedc, 0xaedc, 0xaedc, 0xaedc, 0xaedc, 0xaedc, 
	0xaedc, 0xaedc, 0xaedc, 0xaedc, 0xaedc, 0xaedc, 0xaedc, 0xaedc, 0xaedc, 0xaedc, 0xaedc, 0xaedc, 0xaedc, 0xaedc, 0xaedc, 0xaedc, 
	0xaedc, 0xaedc, 0xaedc, 0xaedc, 0xaedc, 0xaedc, 0xaedc, 0xaedc, 0xaedc, 0xaedc, 0xaedc, 0xaedc, 0xaedc, 0xaedc, 0xaedc, 0xaedc, 
	0xaedc, 0xaedc, 0xaedc, 0xaedc, 0xaedc, 0xaedc, 0xaedc, 0xaedc, 0xaedc, 0xaedc, 0xaedc, 0xaedc, 0xaedc, 0xaedc, 0xaedc, 0xaedc, 
	0xaedc, 0xaedc, 0xaedc, 0xaedc, 0xaedc, 0xaedc, 0xaedc, 0xaedc, 0xaedc, 0xaedc, 0xaedc, 0xaedc, 0xaedc, 0xaedc, 0xaedc, 0xaedc, 
	0xaedc, 0xaedc, 0xaedc, 0xaedc, 0xaedc, 0xaedc, 0xaedc, 0xaedc, 0xaedc, 0xaedc, 0xaedc, 0xaedc, 0xaedc, 0xaedc, 0xaedc, 0xaedc, 
	0xaedc, 0xaedc, 0xaedc, 0xaedc, 0xaedc, 0xaedc, 0xaedc, 0xaedc, 0xaedc, 0xaedc, 0xaedc, 0xaedc, 0xaedc, 0xaedc, 0xaedc, 0xaedc, 
	0xaedc, 0xaedc, 0xaedc, 0xaedc, 0xaedc, 0xaedc, 0xaedc, 0xaedc, 0xaedc, 0xaedc, 0xaedc, 0xaedc, 0xaedc, 0xaedc, 0xaedc, 0xaedc, 
	0xaedc, 0xaedc, 0xaedc, 0xaedc, 0xaedc, 0xaedc, 0xaedc, 0xaedc, 0xaedc, 0xaedc, 0xaedc, 0xaedc, 0xaedc, 0xaedc, 0xaedc, 0xaedc, 
	0xaedc, 0xaedc, 0xaedc, 0xaedc, 0xaedc, 0xaedc, 0xaedc, 0xaedc, 0xaedc, 0xaedc, 0xaedc, 0xaedc, 0xaedc, 0xaedc, 0xaedc, 0xaedc, 
	0xaedc, 0xaedc, 0xaedc, 0xaedc, 0xaedc, 0xaedc, 0xaedc, 0xaedc, 0xaedc, 0xaedc, 0xaedc, 0xaedc, 0xaedc, 0xaedc, 0xaedc, 0xaedc, 
	0xaedc, 0xaedc, 0xaedc, 0xaedc, 0xaedc, 0xaedc, 0xaedc, 0xaedc, 0xaedc, 0xaedc, 0xaedc, 0xaedc, 0xaedc, 0xaedc, 0xaedc, 0xaedc, 
	0xaedc, 0xaedc, 0xaedc, 0xaedc, 0xaedc, 0xaedc, 0xaedc, 0xaedc, 0xaedc, 0xaedc, 0xaedc, 0xaedc, 0xaedc, 0xaedc, 0xaedc, 0xaedc, 
	0xaedc, 0xaedc, 0xaedc, 0xaedc, 0xaedc, 0xaedc, 0xaedc, 0xaedc, 0xaedc, 0xaedc, 0xaedc, 0xaedc, 0xaedc, 0xaedc, 0xaedc, 0xaedc, 
	0xaedc, 0xaedc, 0xaedc, 0xaedc, 0xaedc, 0xaedc, 0xaedc, 0xaedc, 0xaedc, 0xaedc, 0xaedc, 0xaedc, 0xaedc, 0xaedc, 0xaedc, 0xaedc, 
	0xaedc, 0xaedc, 0xaedc, 0xaedc, 0xaedc, 0xaedc, 0xaedc, 0xaedc, 0xaedc, 0xaedc, 0xaedc, 0xaedc, 0xaedc, 0xaedc, 0xaedc, 0xaedc, 
	0xaedc, 0xaedc, 0xaedc, 0xaedc, 0xaedc, 0xaedc, 0xaedc, 0xaedc, 0xaedc, 0xaedc, 0xaedc, 0xaedc, 0xaedc, 0xaedc, 0xaedc, 0xaedc, 
	0xaedc, 0xaedc, 0xaedc, 0xaedc, 0xaedc, 0xaedc, 0xaedc, 0xaedc, 0xaedc, 0xaedc, 0xaedc, 0xaedc, 0xaedc, 0xaedc, 0xaedc, 0xaedc, 
	0xaedc, 0xaedc, 0xaedc, 0xaedc, 0xaedc, 0xaedc, 0xaedc, 0xaedc, 0xaedc, 0xaedc, 0xaedc, 0xaedc, 0xaedc, 0xaedc, 0xaedc, 0xaedc, 
	0xaedc, 0xaedc, 0xaedc, 0xaedc, 0xaedc, 0xaedc, 0xaedc, 0xaedc, 0xaedc, 0xaedc, 0xaedc, 0xaedc, 0xaedc, 0xaedc, 0xaedc, 0xaedc, 
	0xaedc, 0xaedc, 0xaedc, 0xaedc, 0xaedc, 0xaedc, 0xaedc, 0xaedc, 0xaedc, 0xaedc, 0xaedc, 0xaedc, 0xaedc, 0xaedc, 0xaedc, 0xaedc, 
	0xaedc, 0xaedc, 0xaedc, 0xaedc, 0xaedc, 0xaedc, 0xaedc, 0xaedc, 0xaedc, 0xaedc, 0xaedc, 0xaedc, 0xaedc, 0xaedc, 0xaedc, 0xaedc, 
	0xaedc, 0xaedc, 0xaedc, 0xaedc, 0xaedc, 0xaedc, 0xaedc, 0xaedc, 0xaedc, 0xaedc, 0xaedc, 0xaedc, 0xaedc, 0xaedc, 0xaedc, 0xaedc, 
	0xaedc, 0xaedc, 0xaedc, 0xaedc, 0xaedc, 0xaedc, 0xaedc, 0xaedc, 0xaedc, 0xaedc, 0xaedc, 0xaedc, 0xaedc, 0xaedc, 0xaedc, 0xaedc, 
	0xaedc, 0xaedc, 0xaedc, 0xaedc, 0xaedc, 0xaedc, 0xaedc, 0xaedc, 0xaedc, 0xaedc, 0xaedc, 0xaedc, 0xaedc, 0xaedc, 0xaedc, 0xaedc, 
	0xaedc, 0xaedc, 0xaedc, 0xaedc, 0xaedc, 0xaedc, 0xaedc, 0xaedc, 0xaedc, 0xaedc, 0xaedc, 0xaedc, 0xaedc, 0xaedc, 0xaedc, 0xaedc, 
	0xaedc, 0xaedc, 0xaedc, 0xaedc, 0xaedc, 0xaedc, 0xaedc, 0xaedc, 0xaedc, 0xaedc, 0xaedc, 0xaedc, 0xaedc, 0xaedc, 0xaedc, 0xaedc, 
	0xaedc, 0xaedc, 0xaedc, 0xaedc, 0xaedc, 0xaedc, 0xaedc, 0xaedc, 0xaedc, 0xaedc, 0xaedc, 0xaedc, 0xaedc, 0xaedc, 0xaedc, 0xaedc, 
	0xaedc, 0xaedc, 0xaedc, 0xaedc, 0xaedc, 0xaedc, 0xaedc, 0xaedc, 0xaedc, 0xaedc, 0xaedc, 0xaedc, 0xaedc, 0xaedc, 0xaedc, 0xaedc, 
	0xaedc, 0xaedc, 0xaedc, 0xaedc, 0xaedc, 0xaedc, 0xaedc, 0xaedc, 0xaedc, 0xaedc, 0xaedc, 0xaedc, 0xaedc, 0xaedc, 0xaedc, 0xaedc, 
	0xaedc, 0xaedc, 0xaedc, 0xaedc, 0xaedc, 0xaedc, 0xaedc, 0xaedc, 0xaedc, 0xaedc, 0xaedc, 0xaedc, 0xaedc, 0xaedc, 0xaedc, 0xaedc, 
	0xaedc, 0xaedc, 0xaedc, 0xaedc, 0xaedc, 0xaedc, 0xaedc, 0xaedc, 0xaedc, 0xaedc, 0xaedc, 0xaedc, 0xaedc, 0xaedc, 0xaedc, 0xaedc, 
	0xaedc, 0xaedc, 0xaedc, 0xaedc, 0xaedc, 0xaedc, 0xaedc, 0xaedc, 0xaedc, 0xaedc, 0xaedc, 0xaedc, 0xaedc, 0xaedc, 0xaedc, 0xaedc, 
	0xaedc, 0xaedc, 0xaedc, 0xaedc, 0xaedc, 0xaedc, 0xaedc, 0xaedc, 0xaedc, 0xaedc, 0xaedc, 0xaedc, 0xaedc, 0xaedc, 0xaedc, 0xaedc, 
	0xaedc, 0xaedc, 0xaedc, 0xaedc, 0xaedc, 0xaedc, 0xaedc, 0xaedc, 0xaedc, 0xaedc, 0xaedc, 0xaedc, 0xaedc, 0xaedc, 0xaedc, 0xaedc, 
	0xaedc, 0xaedc, 0xaedc, 0xaedc, 0xaedc, 0xaedc, 0xaedc, 0xaedc, 0xaedc, 0xaedc, 0xaedc, 0xaedc, 0xaedc, 0xaedc, 0xaedc, 0xaedc, 
	0xaedc, 0xaedc, 0xaedc, 0xaedc, 0xaedc, 0xaedc, 0xaedc, 0xaedc, 0xaedc, 0xaedc, 0xaedc, 0xaedc, 0xaedc, 0xaedc, 0xaedc, 0xaedc, 
	0xaedc, 0xaedc, 0xaedc, 0xaedc, 0xaedc, 0xaedc, 0xaedc, 0xaedc, 0xaedc, 0xaedc, 0xaedc, 0xaedc, 0xaedc, 0xaedc, 0xaedc, 0xaedc, 
	0xaedc, 0xaedc, 0xaedc, 0xaedc, 0xaedc, 0xaedc, 0xaedc, 0xaedc, 0xaedc, 0xaedc, 0xaedc, 0xaedc, 0xaedc, 0xaedc, 0xaedc, 0xaedc, 
	0xaedc, 0xaedc, 0xaedc, 0xaedc, 0xaedc, 0xaedc, 0xaedc, 0xaedc, 0xaedc, 0xaedc, 0xaedc, 0xaedc, 0xaedc, 0xaedc, 0xaedc, 0xaedc, 
	0xaedc, 0xaedc, 0xaedc, 0xaedc, 0xaedc, 0xaedc, 0xaedc, 0xaedc, 0xaedc, 0xaedc, 0xaedc, 0xaedc, 0xaedc, 0xaedc, 0xaedc, 0xaedc, 
	0xaedc, 0xaedc, 0xaedc, 0xaedc, 0xaedc, 0xaedc, 0xaedc, 0xaedc, 0xaedc, 0xaedc, 0xaedc, 0xaedc, 0xaedc, 0xaedc, 0xaedc, 0xaedc, 
	0xaedc, 0xaedc, 0xaedc, 0xaedc, 0xaedc, 0xaedc, 0xaedc, 0xaedc, 0xaedc, 0xaedc, 0xaedc, 0xaedc, 0xaedc, 0xaedc, 0xaedc, 0xaedc, 
	0xaedc, 0xaedc, 0xaedc, 0xaedc, 0xaedc, 0xaedc, 0xaedc, 0xaedc, 0xaedc, 0xaedc, 0xaedc, 0xaedc, 0xaedc, 0xaedc, 0xaedc, 0xaedc, 
	0xaedc, 0xaedc, 0xaedc, 0xaedc, 0xaedc, 0xaedc, 0xaedc, 0xaedc, 0xaedc, 0xaedc, 0xaedc, 0xaedc, 0xaedc, 0xaedc, 0xaedc, 0xaedc, 
	0xaedc, 0xaedc, 0xaedc, 0xaedc, 0xaedc, 0xaedc, 0xaedc, 0xaedc, 0xaedc, 0xaedc, 0xaedc, 0xaedc, 0xaedc, 0xaedc, 0xaedc, 0xaedc, 
	0xaedc, 0xaedc, 0xaedc, 0xaedc, 0xaedc, 0xaedc, 0xaedc, 0xaedc, 0xaedc, 0xaedc, 0xaedc, 0xaedc, 0xaedc, 0xaedc, 0xaedc, 0xaedc, 
	0xaedc, 0xaedc, 0xaedc, 0xaedc, 0xaedc, 0xaedc, 0xaedc, 0xaedc, 0xaedc, 0xaedc, 0xaedc, 0xaedc, 0xaedc, 0xaedc, 0xaedc, 0xaedc, 
	0xaedc, 0xaedc, 0xaedc, 0xaedc, 0xaedc, 0xaedc, 0xaedc, 0xaedc, 0xaedc, 0xaedc, 0xaedc, 0xaedc, 0xaedc, 0xaedc, 0xaedc, 0xaedc, 
	0xaedc, 0xaedc, 0xaedc, 0xaedc, 0xaedc, 0xaedc, 0xaedc, 0xaedc, 0xaedc, 0xaedc, 0xaedc, 0xaedc, 0xaedc, 0xaedc, 0xaedc, 0xaedc, 
	0xaedc, 0xaedc, 0xaedc, 0xaedc, 0xaedc, 0xaedc, 0xaedc, 0xaedc, 0xaedc, 0xaedc, 0xaedc, 0xaedc, 0xaedc, 0xaedc, 0xaedc, 0xaedc, 
	0xaedc, 0xaedc, 0xaedc, 0xaedc, 0xaedc, 0xaedc, 0xaedc, 0xaedc, 0xaedc, 0xaedc, 0xaedc, 0xaedc, 0xaedc, 0xaedc, 0xaedc, 0xaedc, 
	0xaedc, 0xaedc, 0xaedc, 0xaedc, 0xaedc, 0xaedc, 0xaedc, 0xaedc, 0xaedc, 0xaedc, 0xaedc, 0xaedc, 0xaedc, 0xaedc, 0xaedc, 0xaedc, 
	0xaedc, 0xaedc, 0xaedc, 0xaedc, 0xaedc, 0xaedc, 0xaedc, 0xaedc, 0xaedc, 0xaedc, 0xaedc, 0xaedc, 0xaedc, 0xaedc, 0xaedc, 0xaedc, 
	0xaedc, 0xaedc, 0xaedc, 0xaedc, 0xaedc, 0xaedc, 0xaedc, 0xaedc, 0xaedc, 0xaedc, 0xaedc, 0xaedc, 0xaedc, 0xaedc, 0xaedc, 0xaedc, 
	0xaedc, 0xaedc, 0xaedc, 0xaedc, 0xaedc, 0xaedc, 0xaedc, 0xaedc, 0xaedc, 0xaedc, 0xaedc, 0xaedc, 0xaedc, 0xaedc, 0xaedc, 0xaedc, 
	0xaedc, 0xaedc, 0xaedc, 0xaedc, 0xaedc, 0xaedc, 0xaedc, 0xaedc, 0xaedc, 0xaedc, 0xaedc, 0xaedc, 0xaedc, 0xaedc, 0xaedc, 0xaedc, 
	0xaedc, 0xaedc, 0xaedc, 0xaedc, 0xaedc, 0xaedc, 0xaedc, 0xaedc, 0xaedc, 0xaedc, 0xaedc, 0xaedc, 0xaedc, 0xaedc, 0xaedc, 0xaedc, 
	0xaedc, 0xaedc, 0xaedc, 0xaedc, 0xaedc, 0xaedc, 0xaedc, 0xaedc, 0xaedc, 0xaedc, 0xaedc, 0xaedc, 0xaedc, 0xaedc, 0xaedc, 0xaedc, 
	0xaedc, 0xaedc, 0xaedc, 0xaedc, 0xaedc, 0xaedc, 0xaedc, 0xaedc, 0xaedc, 0xaedc, 0xaedc, 0xaedc, 0xaedc, 0xaedc, 0xaedc, 0xaedc, 
	0xaedc, 0xaedc, 0xaedc, 0xaedc, 0xaedc, 0xaedc, 0xaedc, 0xaedc, 0xaedc, 0xaedc, 0xaedc, 0xaedc, 0xaedc, 0xaedc, 0xaedc, 0xaedc, 
	0xaedc, 0xaedc, 0xaedc, 0xaedc, 0xaedc, 0xaedc, 0xaedc, 0xaedc, 0xaedc, 0xaedc, 0xaedc, 0xaedc, 0xaedc, 0xaedc, 0xaedc, 0xaedc, 
	0xaedc, 0xaedc, 0xaedc, 0xaedc, 0xaedc, 0xaedc, 0xaedc, 0xaedc, 0xaedc, 0xaedc, 0xaedc, 0xaedc, 0xaedc, 0xaedc, 0xaedc, 0xaedc, 
	0xaedc, 0xaedc, 0xaedc, 0xaedc, 0xaedc, 0xaedc, 0xaedc, 0xaedc, 0xaedc, 0xaedc, 0xaedc, 0xaedc, 0xaedc, 0xaedc, 0xaedc, 0xaedc, 
	0xaedc, 0xaedc, 0xaedc, 0xaedc, 0xaedc, 0xaedc, 0xaedc, 0xaedc, 0xaedc, 0xaedc, 0xaedc, 0xaedc, 0xaedc, 0xaedc, 0xaedc, 0xaedc, 
	0xaedc, 0xaedc, 0xaedc, 0xaedc, 0xaedc, 0xaedc, 0xaedc, 0xaedc, 0xaedc, 0xaedc, 0xaedc, 0xaedc, 0xaedc, 0xaedc, 0xaedc, 0xaedc, 
	0xaedc, 0xaedc, 0xaedc, 0xaedc, 0xaedc, 0xaedc, 0xaedc, 0xaedc, 0xaedc, 0xaedc, 0xaedc, 0xaedc, 0xaedc, 0xaedc, 0xaedc, 0xaedc, 
	0xaedc, 0xaedc, 0xaedc, 0xaedc, 0xaedc, 0xaedc, 0xaedc, 0xaedc, 0xaedc, 0xaedc, 0xaedc, 0xaedc, 0xaedc, 0xaedc, 0xaedc, 0xaedc, 
	0xaedc, 0xaedc, 0xaedc, 0xaedc, 0xaedc, 0xaedc, 0xaedc, 0xaedc, 0xaedc, 0xaedc, 0xaedc, 0xaedc, 0xaedc, 0xaedc, 0xaedc, 0xaedc, 
	0xaedc, 0xaedc, 0xaedc, 0xaedc, 0xaedc, 0xaedc, 0xaedc, 0xaedc, 0xaedc, 0xaedc, 0xaedc, 0xaedc, 0xaedc, 0xaedc, 0xaedc, 0xaedc, 
	0xaedc, 0xaedc, 0xaedc, 0xaedc, 0xaedc, 0xaedc, 0xaedc, 0xaedc, 0xaedc, 0xaedc, 0xaedc, 0xaedc, 0xaedc, 0xaedc, 0xaedc, 0xaedc, 
	0xaedc, 0xaedc, 0xaedc, 0xaedc, 0xaedc, 0xaedc, 0xaedc, 0xaedc, 0xaedc, 0xaedc, 0xaedc, 0xaedc, 0xaedc, 0xaedc, 0xaedc, 0xaedc, 
	0xaedc, 0xaedc, 0xaedc, 0xaedc, 0xaedc, 0xaedc, 0xaedc, 0xaedc, 0xaedc, 0xaedc, 0xaedc, 0xaedc, 0xaedc, 0xaedc, 0xaedc, 0xaedc, 
	0xaedc, 0xaedc, 0xaedc, 0xaedc, 0xaedc, 0xaedc, 0xaedc, 0xaedc, 0xaedc, 0xaedc, 0xaedc, 0xaedc, 0xaedc, 0xaedc, 0xaedc, 0xaedc, 
	0xaedc, 0xaedc, 0xaedc, 0xaedc, 0xaedc, 0xaedc, 0xaedc, 0xaedc, 0xaedc, 0xaedc, 0xaedc, 0xaedc, 0xaedc, 0xaedc, 0xaedc, 0xaedc, 
	0xaedc, 0xaedc, 0xaedc, 0xaedc, 0xaedc, 0xaedc, 0xaedc, 0xaedc, 0xaedc, 0xaedc, 0xaedc, 0xaedc, 0xaedc, 0xaedc, 0xaedc, 0xaedc, 
	0xaedc, 0xaedc, 0xaedc, 0xaedc, 0xaedc, 0xaedc, 0xaedc, 0xaedc, 0xaedc, 0xaedc, 0xaedc, 0xaedc, 0xaedc, 0xaedc, 0xaedc, 0xaedc, 
	0xaedc, 0xaedc, 0xaedc, 0xaedc, 0xaedc, 0xaedc, 0xaedc, 0xaedc, 0xaedc, 0xaedc, 0xaedc, 0xaedc, 0xaedc, 0xaedc, 0xaedc, 0xaedc, 
	0xaedc, 0xaedc, 0xaedc, 0xaedc, 0xaedc, 0xaedc, 0xaedc, 0xaedc, 0xaedc, 0xaedc, 0xaedc, 0xaedc, 0xaedc, 0xaedc, 0xaedc, 0xaedc, 
	0xaedc, 0xaedc, 0xaedc, 0xaedc, 0xaedc, 0xaedc, 0xaedc, 0xaedc, 0xaedc, 0xaedc, 0xaedc, 0xaedc, 0xaedc, 0xaedc, 0xaedc, 0xaedc, 
	0xaedc, 0xaedc, 0xaedc, 0xaedc, 0xaedc, 0xaedc, 0xaedc, 0xaedc, 0xaedc, 0xaedc, 0xaedc, 0xaedc, 0xaedc, 0xaedc, 0xaedc, 0xaedc, 
	0xaedc, 0xaedc, 0xaedc, 0xaedc, 0xaedc, 0xaedc, 0xaedc, 0xaedc, 0xaedc, 0xaedc, 0xaedc, 0xaedc, 0xaedc, 0xaedc, 0xaedc, 0xaedc, 
	0xaedc, 0xaedc, 0xaedc, 0xaedc, 0xaedc, 0xaedc, 0xaedc, 0xaedc, 0xaedc, 0xaedc, 0xaedc, 0xaedc, 0xaedc, 0xaedc, 0xaedc, 0xaedc, 
	0xaedc, 0xaedc, 0xaedc, 0xaedc, 0xaedc, 0xaedc, 0xaedc, 0xaedc, 0xaedc, 0xaedc, 0xaedc, 0xaedc, 0xaedc, 0xaedc, 0xaedc, 0xaedc, 
	0xaedc, 0xaedc, 0xaedc, 0xaedc, 0xaedc, 0xaedc, 0xaedc, 0xaedc, 0xaedc, 0xaedc, 0xaedc, 0xaedc, 0xaedc, 0xaedc, 0xaedc, 0xaedc, 
	0xaedc, 0xaedc, 0xaedc, 0xaedc, 0xaedc, 0xaedc, 0xaedc, 0xaedc, 0xaedc, 0xaedc, 0xaedc, 0xaedc, 0xaedc, 0xaedc, 0xaedc, 0xaedc, 
	0xaedc, 0xaedc, 0xaedc, 0xaedc, 0xaedc, 0xaedc, 0xaedc, 0xaedc, 0xaedc, 0xaedc, 0xaedc, 0xaedc, 0xaedc, 0xaedc, 0xaedc, 0xaedc, 
	0xaedc, 0xaedc, 0xaedc, 0xaedc, 0xaedc, 0xaedc, 0xaedc, 0xaedc, 0xaedc, 0xaedc, 0xaedc, 0xaedc, 0xaedc, 0xaedc, 0xaedc, 0xaedc, 
	0xaedc, 0xaedc, 0xaedc, 0xaedc, 0xaedc, 0xaedc, 0xaedc, 0xaedc, 0xaedc, 0xaedc, 0xaedc, 0xaedc, 0xaedc, 0xaedc, 0xaedc, 0xaedc, 
	0xaedc, 0xaedc, 0xaedc, 0xaedc, 0xaedc, 0xaedc, 0xaedc, 0xaedc, 0xaedc, 0xaedc, 0xaedc, 0xaedc, 0xaedc, 0xaedc, 0xaedc, 0xaedc, 
	0xaedc, 0xaedc, 0xaedc, 0xaedc, 0xaedc, 0xaedc, 0xaedc, 0xaedc, 0xaedc, 0xaedc, 0xaedc, 0xaedc, 0xaedc, 0xaedc, 0xaedc, 0xaedc, 
	0xaedc, 0xaedc, 0xaedc, 0xaedc, 0xaedc, 0xaedc, 0xaedc, 0xaedc, 0xaedc, 0xaedc, 0xaedc, 0xaedc, 0xaedc, 0xaedc, 0xaedc, 0xaedc, 
	0xaedc, 0xaedc, 0xaedc, 0xaedc, 0xaedc, 0xaedc, 0xaedc, 0xaedc, 0xaedc, 0xaedc, 0xaedc, 0xaedc, 0xaedc, 0xaedc, 0xaedc, 0xaedc, 
	0xaedc, 0xaedc, 0xaedc, 0xaedc, 0xaedc, 0xaedc, 0xaedc, 0xaedc, 0xaedc, 0xaedc, 0xaedc, 0xaedc, 0xaedc, 0xaedc, 0xaedc, 0xaedc, 
	0xaedc, 0xaedc, 0xaedc, 0xaedc, 0xaedc, 0xaedc, 0xaedc, 0xaedc, 0xaedc, 0xaedc, 0xaedc, 0xaedc, 0xaedc, 0xaedc, 0xaedc, 0xaedc, 
	0xaedc, 0xaedc, 0xaedc, 0xaedc, 0xaedc, 0xaedc, 0xaedc, 0xaedc, 0xaedc, 0xaedc, 0xaedc, 0xaedc, 0xaedc, 0xaedc, 0xaedc, 0xaedc, 
	0xaedc, 0xaedc, 0xaedc, 0xaedc, 0xaedc, 0xaedc, 0xaedc, 0xaedc, 0xaedc, 0xaedc, 0xaedc, 0xaedc, 0xaedc, 0xaedc, 0xaedc, 0xaedc, 
	0xaedc, 0xaedc, 0xaedc, 0xaedc, 0xaedc, 0xaedc, 0xaedc, 0xaedc, 0xaedc, 0xaedc, 0xaedc, 0xaedc, 0xaedc, 0xaedc, 0xaedc, 0xaedc, 
	0xaedc, 0xaedc, 0xaedc, 0xaedc, 0xaedc, 0xaedc, 0xaedc, 0xaedc, 0xaedc, 0xaedc, 0xaedc, 0xaedc, 0xaedc, 0xaedc, 0xaedc, 0xaedc, 
	0xaedc, 0xaedc, 0xaedc, 0xaedc, 0xaedc, 0xaedc, 0xaedc, 0xaedc, 0xaedc, 0xaedc, 0xaedc, 0xaedc, 0xaedc, 0xaedc, 0xaedc, 0xaedc, 
	0xaedc, 0xaedc, 0xaedc, 0xaedc, 0xaedc, 0xaedc, 0xaedc, 0xaedc, 0xaedc, 0xaedc, 0xaedc, 0xaedc, 0xaedc, 0xaedc, 0xaedc, 0xaedc, 
	0xaedc, 0xaedc, 0xaedc, 0xaedc, 0xaedc, 0xaedc, 0xaedc, 0xaedc, 0xaedc, 0xaedc, 0xaedc, 0xaedc, 0xaedc, 0xaedc, 0xaedc, 0xaedc, 
	0xaedc, 0xaedc, 0xaedc, 0xaedc, 0xaedc, 0xaedc, 0xaedc, 0xaedc, 0xaedc, 0xaedc, 0xaedc, 0xaedc, 0xaedc, 0xaedc, 0xaedc, 0xaedc, 
	0xaedc, 0xaedc, 0xaedc, 0xaedc, 0xaedc, 0xaedc, 0xaedc, 0xaedc, 0xaedc, 0xaedc, 0xaedc, 0xaedc, 0xaedc, 0xaedc, 0xaedc, 0xaedc, 
	0xaedc, 0xaedc, 0xaedc, 0xaedc, 0xaedc, 0xaedc, 0xaedc, 0xaedc, 0xaedc, 0xaedc, 0xaedc, 0xaedc, 0xaedc, 0xaedc, 0xaedc, 0xaedc, 
	0xaedc, 0xaedc, 0xaedc, 0xaedc, 0xaedc, 0xaedc, 0xaedc, 0xaedc, 0xaedc, 0xaedc, 0xaedc, 0xaedc, 0xaedc, 0xaedc, 0xaedc, 0xaedc, 
	0xaedc, 0xaedc, 0xaedc, 0xaedc, 0xaedc, 0xaedc, 0xaedc, 0xaedc, 0xaedc, 0xaedc, 0xaedc, 0xaedc, 0xaedc, 0xaedc, 0xaedc, 0xaedc, 
	0xaedc, 0xaedc, 0xaedc, 0xaedc, 0xaedc, 0xaedc, 0xaedc, 0xaedc, 0xaedc, 0xaedc, 0xaedc, 0xaedc, 0xaedc, 0xaedc, 0xaedc, 0xaedc, 
	0xaedc, 0xaedc, 0xaedc, 0xaedc, 0xaedc, 0xaedc, 0xaedc, 0xaedc, 0xaedc, 0xaedc, 0xaedc, 0xaedc, 0xaedc, 0xaedc, 0xaedc, 0xaedc, 
	0xaedc, 0xaedc, 0xaedc, 0xaedc, 0xaedc, 0xaedc, 0xaedc, 0xaedc, 0xaedc, 0xaedc, 0xaedc, 0xaedc, 0xaedc, 0xaedc, 0xaedc, 0xaedc, 
	0xaedc, 0xaedc, 0xaedc, 0xaedc, 0xaedc, 0xaedc, 0xaedc, 0xaedc, 0xaedc, 0xaedc, 0xaedc, 0xaedc, 0xaedc, 0xaedc, 0xaedc, 0xaedc, 
	0xaedc, 0xaedc, 0xaedc, 0xaedc, 0xaedc, 0xaedc, 0xaedc, 0xaedc, 0xaedc, 0xaedc, 0xaedc, 0xaedc, 0xaedc, 0xaedc, 0xaedc, 0xaedc, 
	0xaedc, 0xaedc, 0xaedc, 0xaedc, 0xaedc, 0xaedc, 0xaedc, 0xaedc, 0xaedc, 0xaedc, 0xaedc, 0xaedc, 0xaedc, 0xaedc, 0xaedc, 0xaedc, 
	0xaedc, 0xaedc, 0xaedc, 0xaedc, 0xaedc, 0xaedc, 0xaedc, 0xaedc, 0xaedc, 0xaedc, 0xaedc, 0xaedc, 0xaedc, 0xaedc, 0xaedc, 0xaedc, 
	0xaedc, 0xaedc, 0xaedc, 0xaedc, 0xaedc, 0xaedc, 0xaedc, 0xaedc, 0xaedc, 0xaedc, 0xaedc, 0xaedc, 0xaedc, 0xaedc, 0xaedc, 0xaedc, 
	0xaedc, 0xaedc, 0xaedc, 0xaedc, 0xaedc, 0xaedc, 0xaedc, 0xaedc, 0xaedc, 0xaedc, 0xaedc, 0xaedc, 0xaedc, 0xaedc, 0xaedc, 0xaedc, 
	0xaedc, 0xaedc, 0xaedc, 0xaedc, 0xaedc, 0xaedc, 0xaedc, 0xaedc, 0xaedc, 0xaedc, 0xaedc, 0xaedc, 0xaedc, 0xaedc, 0xaedc, 0xaedc, 
	0xaedc, 0xaedc, 0xaedc, 0xaedc, 0xaedc, 0xaedc, 0xaedc, 0xaedc, 0xaedc, 0xaedc, 0xaedc, 0xaedc, 0xaedc, 0xaedc, 0xaedc, 0xaedc, 
	0xaedc, 0xaedc, 0xaedc, 0xaedc, 0xaedc, 0xaedc, 0xaedc, 0xaedc, 0xaedc, 0xaedc, 0xaedc, 0xaedc, 0xaedc, 0xaedc, 0xaedc, 0xaedc, 
	0xaedc, 0xaedc, 0xaedc, 0xaedc, 0xaedc, 0xaedc, 0xaedc, 0xaedc, 0xaedc, 0xaedc, 0xaedc, 0xaedc, 0xaedc, 0xaedc, 0xaedc, 0xaedc, 
	0xaedc, 0xaedc, 0xaedc, 0xaedc, 0xaedc, 0xaedc, 0xaedc, 0xaedc, 0xaedc, 0xaedc, 0xaedc, 0xaedc, 0xaedc, 0xaedc, 0xaedc, 0xaedc, 
	0xaedc, 0xaedc, 0xaedc, 0xaedc, 0xaedc, 0xaedc, 0xaedc, 0xaedc, 0xaedc, 0xaedc, 0xaedc, 0xaedc, 0xaedc, 0xaedc, 0xaedc, 0xaedc, 
	0xaedc, 0xaedc, 0xaedc, 0xaedc, 0xaedc, 0xaedc, 0xaedc, 0xaedc, 0xaedc, 0xaedc, 0xaedc, 0xaedc, 0xaedc, 0xaedc, 0xaedc, 0xaedc, 
	0xaedc, 0xaedc, 0xaedc, 0xaedc, 0xaedc, 0xaedc, 0xaedc, 0xaedc, 0xaedc, 0xaedc, 0xaedc, 0xaedc, 0xaedc, 0xaedc, 0xaedc, 0xaedc, 
	0xaedc, 0xaedc, 0xaedc, 0xaedc, 0xaedc, 0xaedc, 0xaedc, 0xaedc, 0xaedc, 0xaedc, 0xaedc, 0xaedc, 0xaedc, 0xaedc, 0xaedc, 0xaedc, 
	0xaedc, 0xaedc, 0xaedc, 0xaedc, 0xaedc, 0xaedc, 0xaedc, 0xaedc, 0xaedc, 0xaedc, 0xaedc, 0xaedc, 0xaedc, 0xaedc, 0xaedc, 0xaedc, 
	0xaedc, 0xaedc, 0xaedc, 0xaedc, 0xaedc, 0xaedc, 0xaedc, 0xaedc, 0xaedc, 0xaedc, 0xaedc, 0xaedc, 0xaedc, 0xaedc, 0xaedc, 0xaedc, 
	0xaedc, 0xaedc, 0xaedc, 0xaedc, 0xaedc, 0xaedc, 0xaedc, 0xaedc, 0xaedc, 0xaedc, 0xaedc, 0xaedc, 0xaedc, 0xaedc, 0xaedc, 0xaedc, 
	0xaedc, 0xaedc, 0xaedc, 0xaedc, 0xaedc, 0xaedc, 0xaedc, 0xaedc, 0xaedc, 0xaedc, 0xaedc, 0xaedc, 0xaedc, 0xaedc, 0xaedc, 0xaedc, 
	0xaedc, 0xaedc, 0xaedc, 0xaedc, 0xaedc, 0xaedc, 0xaedc, 0xaedc, 0xaedc, 0xaedc, 0xaedc, 0xaedc, 0xaedc, 0xaedc, 0xaedc, 0xaedc, 
	0xaedc, 0xaedc, 0xaedc, 0xaedc, 0xaedc, 0xaedc, 0xaedc, 0xaedc, 0xaedc, 0xaedc, 0xaedc, 0xaedc, 0xaedc, 0xaedc, 0xaedc, 0xaedc, 
	0xaedc, 0xaedc, 0xaedc, 0xaedc, 0xaedc, 0xaedc, 0xaedc, 0xaedc, 0xaedc, 0xaedc, 0xaedc, 0xaedc, 0xaedc, 0xaedc, 0xaedc, 0xaedc, 
	0xaedc, 0xaedc, 0xaedc, 0xaedc, 0xaedc, 0xaedc, 0xaedc, 0xaedc, 0xaedc, 0xaedc, 0xaedc, 0xaedc, 0xaedc, 0xaedc, 0xaedc, 0xaedc, 
	0xaedc, 0xaedc, 0xaedc, 0xaedc, 0xaedc, 0xaedc, 0xaedc, 0xaedc, 0xaedc, 0xaedc, 0xaedc, 0xaedc, 0xaedc, 0xaedc, 0xaedc, 0xaedc, 
	0xaedc, 0xaedc, 0xaedc, 0xaedc, 0xaedc, 0xaedc, 0xaedc, 0xaedc, 0xaedc, 0xaedc, 0xaedc, 0xaedc, 0xaedc, 0xaedc, 0xaedc, 0xaedc, 
	0xaedc, 0xaedc, 0xaedc, 0xaedc, 0xaedc, 0xaedc, 0xaedc, 0xaedc, 0xaedc, 0xaedc, 0xaedc, 0xaedc, 0xaedc, 0xaedc, 0xaedc, 0xaedc, 
	0xaedc, 0xaedc, 0xaedc, 0xaedc, 0xaedc, 0xaedc, 0xaedc, 0xaedc, 0xaedc, 0xaedc, 0xaedc, 0xaedc, 0xaedc, 0xaedc, 0xaedc, 0xaedc, 
	0xaedc, 0xaedc, 0xaedc, 0xaedc, 0xaedc, 0xaedc, 0xaedc, 0xaedc, 0xaedc, 0xaedc, 0xaedc, 0xaedc, 0xaedc, 0xaedc, 0xaedc, 0xaedc, 
	0xaedc, 0xaedc, 0xaedc, 0xaedc, 0xaedc, 0xaedc, 0xaedc, 0xaedc, 0xaedc, 0xaedc, 0xaedc, 0xaedc, 0xaedc, 0xaedc, 0xaedc, 0xaedc, 
	0xaedc, 0xaedc, 0xaedc, 0xaedc, 0xaedc, 0xaedc, 0xaedc, 0xaedc, 0xaedc, 0xaedc, 0xaedc, 0xaedc, 0xaedc, 0xaedc, 0xaedc, 0xaedc, 
	0xaedc, 0xaedc, 0xaedc, 0xaedc, 0xaedc, 0xaedc, 0xaedc, 0xaedc, 0xaedc, 0xaedc, 0xaedc, 0xaedc, 0xaedc, 0xaedc, 0xaedc, 0xaedc, 
	0xaedc, 0xaedc, 0xaedc, 0xaedc, 0xaedc, 0xaedc, 0xaedc, 0xaedc, 0xaedc, 0xaedc, 0xaedc, 0xaedc, 0xaedc, 0xaedc, 0xaedc, 0xaedc, 
	0xaedc, 0xaedc, 0xaedc, 0xaedc, 0xaedc, 0xaedc, 0xaedc, 0xaedc, 0xaedc, 0xaedc, 0xaedc, 0xaedc, 0xaedc, 0xaedc, 0xaedc, 0xaedc, 
	0xaedc, 0xaedc, 0xaedc, 0xaedc, 0xaedc, 0xaedc, 0xaedc, 0xaedc, 0xaedc, 0xaedc, 0xaedc, 0xaedc, 0xaedc, 0xaedc, 0xaedc, 0xaedc, 
	0xaedc, 0xaedc, 0xaedc, 0xaedc, 0xaedc, 0xaedc, 0xaedc, 0xaedc, 0xaedc, 0xaedc, 0xaedc, 0xaedc, 0xaedc, 0xaedc, 0xaedc, 0xaedc, 
	0xaedc, 0xaedc, 0xaedc, 0xaedc, 0xaedc, 0xaedc, 0xaedc, 0xaedc, 0xaedc, 0xaedc, 0xaedc, 0xaedc, 0xaedc, 0xaedc, 0xaedc, 0xaedc, 
	0xaedc, 0xaedc, 0xaedc, 0xaedc, 0xaedc, 0xaedc, 0xaedc, 0xaedc, 0xaedc, 0xaedc, 0xaedc, 0xaedc, 0xaedc, 0xaedc, 0xaedc, 0xaedc, 
	0xaedc, 0xaedc, 0xaedc, 0xaedc, 0xaedc, 0xaedc, 0xaedc, 0xaedc, 0xaedc, 0xaedc, 0xaedc, 0xaedc, 0xaedc, 0xaedc, 0xaedc, 0xaedc, 
	0xaedc, 0xaedc, 0xaedc, 0xaedc, 0xaedc, 0xaedc, 0xaedc, 0xaedc, 0xaedc, 0xaedc, 0xaedc, 0xaedc, 0xaedc, 0xaedc, 0xaedc, 0xaedc, 
	0xaedc, 0xaedc, 0xaedc, 0xaedc, 0xaedc, 0xaedc, 0xaedc, 0xaedc, 0xaedc, 0xaedc, 0xaedc, 0xaedc, 0xaedc, 0xaedc, 0xaedc, 0xaedc, 
	0xaedc, 0xaedc, 0xaedc, 0xaedc, 0xaedc, 0xaedc, 0xaedc, 0xaedc, 0xaedc, 0xaedc, 0xaedc, 0xaedc, 0xaedc, 0xaedc, 0xaedc, 0xaedc, 
	0xaedc, 0xaedc, 0xaedc, 0xaedc, 0xaedc, 0xaedc, 0xaedc, 0xaedc, 0xaedc, 0xaedc, 0xaedc, 0xaedc, 0xaedc, 0xaedc, 0xaedc, 0xaedc, 
	0xaedc, 0xaedc, 0xaedc, 0xaedc, 0xaedc, 0xaedc, 0xaedc, 0xaedc, 0xaedc, 0xaedc, 0xaedc, 0xaedc, 0xaedc, 0xaedc, 0xaedc, 0xaedc, 
	0xaedc, 0xaedc, 0xaedc, 0xaedc, 0xaedc, 0xaedc, 0xaedc, 0xaedc, 0xaedc, 0xaedc, 0xaedc, 0xaedc, 0xaedc, 0xaedc, 0xaedc, 0xaedc, 
	0xaedc, 0xaedc, 0xaedc, 0xaedc, 0xaedc, 0xaedc, 0xaedc, 0xaedc, 0xaedc, 0xaedc, 0xaedc, 0xaedc, 0xaedc, 0xaedc, 0xaedc, 0xaedc, 
	0xaedc, 0xaedc, 0xaedc, 0xaedc, 0xaedc, 0xaedc, 0xaedc, 0xaedc, 0xaedc, 0xaedc, 0xaedc, 0xaedc, 0xaedc, 0xaedc, 0xaedc, 0xaedc, 
	0xaedc, 0xaedc, 0xaedc, 0xaedc, 0xaedc, 0xaedc, 0xaedc, 0xaedc, 0xaedc, 0xaedc, 0xaedc, 0xaedc, 0xaedc, 0xaedc, 0xaedc, 0xaedc, 
	0xaedc, 0xaedc, 0xaedc, 0xaedc, 0xaedc, 0xaedc, 0xaedc, 0xaedc, 0xaedc, 0xaedc, 0xaedc, 0xaedc, 0xaedc, 0xaedc, 0xaedc, 0xaedc, 
	0xaedc, 0xaedc, 0xaedc, 0xaedc, 0xaedc, 0xaedc, 0xaedc, 0xaedc, 0xaedc, 0xaedc, 0xaedc, 0xaedc, 0xaedc, 0xaedc, 0xaedc, 0xaedc, 
	0xaedc, 0xaedc, 0xaedc, 0xaedc, 0xaedc, 0xaedc, 0xaedc, 0xaedc, 0xaedc, 0xaedc, 0xaedc, 0xaedc, 0xaedc, 0xaedc, 0xaedc, 0xaedc, 
	0xaedc, 0xaedc, 0xaedc, 0xaedc, 0xaedc, 0xaedc, 0xaedc, 0xaedc, 0xaedc, 0xaedc, 0xaedc, 0xaedc, 0xaedc, 0xaedc, 0xaedc, 0xaedc, 
	0xaedc, 0xaedc, 0xaedc, 0xaedc, 0xaedc, 0xaedc, 0xaedc, 0xaedc, 0xaedc, 0xaedc, 0xaedc, 0xaedc, 0xaedc, 0xaedc, 0xaedc, 0xaedc, 
	0xaedc, 0xaedc, 0xaedc, 0xaedc, 0xaedc, 0xaedc, 0xaedc, 0xaedc, 0xaedc, 0xaedc, 0xaedc, 0xaedc, 0xaedc, 0xaedc, 0xaedc, 0xaedc, 
	0xaedc, 0xaedc, 0xaedc, 0xaedc, 0xaedc, 0xaedc, 0xaedc, 0xaedc, 0xaedc, 0xaedc, 0xaedc, 0xaedc, 0xaedc, 0xaedc, 0xaedc, 0xaedc, 
	0xaedc, 0xaedc, 0xaedc, 0xaedc, 0xaedc, 0xaedc, 0xaedc, 0xaedc, 0xaedc, 0xaedc, 0xaedc, 0xaedc, 0xaedc, 0xaedc, 0xaedc, 0xaedc, 
	0xaedc, 0xaedc, 0xaedc, 0xaedc, 0xaedc, 0xaedc, 0xaedc, 0xaedc, 0xaedc, 0xaedc, 0xaedc, 0xaedc, 0xaedc, 0xaedc, 0xaedc, 0xaedc, 
	0xaedc, 0xaedc, 0xaedc, 0xaedc, 0xaedc, 0xaedc, 0xaedc, 0xaedc, 0xaedc, 0xaedc, 0xaedc, 0xaedc, 0xaedc, 0xaedc, 0xaedc, 0xaedc, 
	0xaedc, 0xaedc, 0xaedc, 0xaedc, 0xaedc, 0xaedc, 0xaedc, 0xaedc, 0xaedc, 0xaedc, 0xaedc, 0xaedc, 0xaedc, 0xaedc, 0xaedc, 0xaedc, 
	0xaedc, 0xaedc, 0xaedc, 0xaedc, 0xaedc, 0xaedc, 0xaedc, 0xaedc, 0xaedc, 0xaedc, 0xaedc, 0xaedc, 0xaedc, 0xaedc, 0xaedc, 0xaedc, 
	0xaedc, 0xaedc, 0xaedc, 0xaedc, 0xaedc, 0xaedc, 0xaedc, 0xaedc, 0xaedc, 0xaedc, 0xaedc, 0xaedc, 0xaedc, 0xaedc, 0xaedc, 0xaedc, 
	0xaedc, 0xaedc, 0xaedc, 0xaedc, 0xaedc, 0xaedc, 0xaedc, 0xaedc, 0xaedc, 0xaedc, 0xaedc, 0xaedc, 0xaedc, 0xaedc, 0xaedc, 0xaedc, 
	0xaedc, 0xaedc, 0xaedc, 0xaedc, 0xaedc, 0xaedc, 0xaedc, 0xaedc, 0xaedc, 0xaedc, 0xaedc, 0xaedc, 0xaedc, 0xaedc, 0xaedc, 0xaedc, 
	0xaedc, 0xaedc, 0xaedc, 0xaedc, 0xaedc, 0xaedc, 0xaedc, 0xaedc, 0xaedc, 0xaedc, 0xaedc, 0xaedc, 0xaedc, 0xaedc, 0xaedc, 0xaedc, 
	0xaedc, 0xaedc, 0xaedc, 0xaedc, 0xaedc, 0xaedc, 0xaedc, 0xaedc, 0xaedc, 0xaedc, 0xaedc, 0xaedc, 0xaedc, 0xaedc, 0xaedc, 0xaedc, 
	0xaedc, 0xaedc, 0xaedc, 0xaedc, 0xaedc, 0xaedc, 0xaedc, 0xaedc, 0xaedc, 0xaedc, 0xaedc, 0xaedc, 0xaedc, 0xaedc, 0xaedc, 0xaedc, 
	0xaedc, 0xaedc, 0xaedc, 0xaedc, 0xaedc, 0xaedc, 0xaedc, 0xaedc, 0xaedc, 0xaedc, 0xaedc, 0xaedc, 0xaedc, 0xaedc, 0xaedc, 0xaedc, 
	0xaedc, 0xaedc, 0xaedc, 0xaedc, 0xaedc, 0xaedc, 0xaedc, 0xaedc, 0xaedc, 0xaedc, 0xaedc, 0xaedc, 0xaedc, 0xaedc, 0xaedc, 0xaedc, 
	0xaedc, 0xaedc, 0xaedc, 0xaedc, 0xaedc, 0xaedc, 0xaedc, 0xaedc, 0xaedc, 0xaedc, 0xaedc, 0xaedc, 0xaedc, 0xaedc, 0xaedc, 0xaedc, 
	0xaedc, 0xaedc, 0xaedc, 0xaedc, 0xaedc, 0xaedc, 0xaedc, 0xaedc, 0xaedc, 0xaedc, 0xaedc, 0xaedc, 0xaedc, 0xaedc, 0xaedc, 0xaedc, 
	0xaedc, 0xaedc, 0xaedc, 0xaedc, 0xaedc, 0xaedc, 0xaedc, 0xaedc, 0xaedc, 0xaedc, 0xaedc, 0xaedc, 0xaedc, 0xaedc, 0xaedc, 0xaedc
};

#endif 