#ifndef WET_IMAGE_H
#define WET_IMAGE_H

// '5EC8C5FD-B5BE-4AC5-AE1F-C6D5E03449DE', 256x256px
const uint16_t wet_map [] PROGMEM = {
	0xaedc, 0xaedc, 0xaedc, 0xaedc, 0xaedc, 0xaedc, 0xaedc, 0xaedc, 0xaedc, 0xaedc, 0xaedc, 0xaedc, 0xaedc, 0xaedc, 0xaedc, 0xaedc, 
	0xaedc, 0xaedc, 0xaedc, 0xaedc, 0xaedc, 0xaedc, 0xaedc, 0xaedc, 0xaedc, 0xaedc, 0xaedc, 0xaedc, 0xaedc, 0xaedc, 0xaedc, 0xaedc, 
	0xaedc, 0xaedc, 0xaedc, 0xaedc, 0xaedc, 0xaedc, 0xaedc, 0xaedc, 0xaedc, 0xaedc, 0xaedc, 0xaedc, 0xaedc, 0xaedc, 0xaedc, 0xaedc, 
	0xaedc, 0xaedc, 0xaedc, 0xaedc, 0xaedc, 0xaedc, 0xaedc, 0xaedc, 0xaedc, 0xaedc, 0xaedc, 0xaedc, 0xaedc, 0xaedc, 0xaedc, 0xaedc, 
	0xaedc, 0xaedc, 0xaedc, 0xaedc, 0xaedc, 0xaedc, 0xaedc, 0xaedc, 0xaedc, 0xaedc, 0xaedc, 0xaedc, 0xaedc, 0xaedc, 0xaedc, 0xaedc, 
	0xaedc, 0xaedc, 0xaedc, 0xaedc, 0xaedc, 0xaedc, 0xaedc, 0xaedc, 0xaedc, 0xaedc, 0xaedc, 0xaedc, 0xaedc, 0xaedc, 0xaedc, 0xaedc, 
	0xaedc, 0xaedc, 0xaedc, 0xaedc, 0xaedc, 0xaedc, 0xaedc, 0xaedc, 0xaedc, 0xaedc, 0xaedc, 0xaedc, 0xaedc, 0xaedc, 0xaedc, 0xaedc, 
	0xaedc, 0xaedc, 0xaedc, 0xaedc, 0xaedc, 0xaedc, 0xaedc, 0xaedc, 0xaedc, 0xaedc, 0xaedc, 0xaedc, 0xaedc, 0xaedc, 0xaedc, 0xaedc, 
	0xaedc, 0xaedc, 0xaedc, 0xaedc, 0xaedc, 0xaedc, 0xaedc, 0xaedc, 0xaedc, 0xaedc, 0xaedc, 0xaedc, 0xaedc, 0xaedc, 0xaedc, 0xaedc, 
	0xaedc, 0xaedc, 0xaedc, 0xaedc, 0xaedc, 0xaedc, 0xaedc, 0xaedc, 0xaedc, 0xaedc, 0xaedc, 0xaedc, 0xaedc, 0xaedc, 0xaedc, 0xaedc, 
	0xaedc, 0xaedc, 0xaedc, 0xaedc, 0xaedc, 0xaedc, 0xaedc, 0xaedc, 0xaedc, 0xaedc, 0xaedc, 0xaedc, 0xaedc, 0xaedc, 0xaedc, 0xaedc, 
	0xaedc, 0xaedc, 0xaedc, 0xaedc, 0xaedc, 0xaedc, 0xaedc, 0xaedc, 0xaedc, 0xaedc, 0xaedc, 0xaedc, 0xaedc, 0xaedc, 0xaedc, 0xaedc, 
	0xaedc, 0xaedc, 0xaedc, 0xaedc, 0xaedc, 0xaedc, 0xaedc, 0xaedc, 0xaedc, 0xaedc, 0xaedc, 0xaedc, 0xaedc, 0xaedc, 0xaedc, 0xaedc, 
	0xaedc, 0xaedc, 0xaedc, 0xaedc, 0xaedc, 0xaedc, 0xaedc, 0xaedc, 0xaedc, 0xaedc, 0xaedc, 0xaedc, 0xaedc, 0xaedc, 0xaedc, 0xaedc, 
	0xaedc, 0xaedc, 0xaedc, 0xaedc, 0xaedc, 0xaedc, 0xaedc, 0xaedc, 0xaedc, 0xaedc, 0xaedc, 0xaedc, 0xaedc, 0xaedc, 0xaedc, 0xaedc, 
	0xaedc, 0xaedc, 0xaedc, 0xaedc, 0xaedc, 0xaedc, 0xaedc, 0xaedc, 0xaedc, 0xaedc, 0xaedc, 0xaedc, 0xaedc, 0xaedc, 0xaedc, 0xaedc, 
	0xaedc, 0xaedc, 0xaedc, 0xaedc, 0xaedc, 0xaedc, 0xaedc, 0xaedc, 0xaedc, 0xaedc, 0xaedc, 0xaedc, 0xaedc, 0xaedc, 0xaedc, 0xaedc, 
	0xaedc, 0xaedc, 0xaedc, 0xaedc, 0xaedc, 0xaedc, 0xaedc, 0xaedc, 0xaedc, 0xaedc, 0xaedc, 0xaedc, 0xaedc, 0xaedc, 0xaedc, 0xaedc, 
	0xaedc, 0xaedc, 0xaedc, 0xaedc, 0xaedc, 0xaedc, 0xaedc, 0xaedc, 0xaedc, 0xaedc, 0xaedc, 0xaedc, 0xaedc, 0xaedc, 0xaedc, 0xaedc, 
	0xaedc, 0xaedc, 0xaedc, 0xaedc, 0xaedc, 0xaedc, 0xaedc, 0xaedc, 0xaedc, 0xaedc, 0xaedc, 0xaedc, 0xaedc, 0xaedc, 0xaedc, 0xaedc, 
	0xaedc, 0xaedc, 0xaedc, 0xaedc, 0xaedc, 0xaedc, 0xaedc, 0xaedc, 0xaedc, 0xaedc, 0xaedc, 0xaedc, 0xaedc, 0xaedc, 0xaedc, 0xaedc, 
	0xaedc, 0xaedc, 0xaedc, 0xaedc, 0xaedc, 0xaedc, 0xaedc, 0xaedc, 0xaedc, 0xaedc, 0xaedc, 0xaedc, 0xaedc, 0xaedc, 0xaedc, 0xaedc, 
	0xaedc, 0xaedc, 0xaedc, 0xaedc, 0xaedc, 0xaedc, 0xaedc, 0xaedc, 0xaedc, 0xaedc, 0xaedc, 0xaedc, 0xaedc, 0xaedc, 0xaedc, 0xaedc, 
	0xaedc, 0xaedc, 0xaedc, 0xaedc, 0xaedc, 0xaedc, 0xaedc, 0xaedc, 0xaedc, 0xaedc, 0xaedc, 0xaedc, 0xaedc, 0xaedc, 0xaedc, 0xaedc, 
	0xaedc, 0xaedc, 0xaedc, 0xaedc, 0xaedc, 0xaedc, 0xaedc, 0xaedc, 0xaedc, 0xaedc, 0xaedc, 0xaedc, 0xaedc, 0xaedc, 0xaedc, 0xaedc, 
	0xaedc, 0xaedc, 0xaedc, 0xaedc, 0xaedc, 0xaedc, 0xaedc, 0xaedc, 0xaedc, 0xaedc, 0xaedc, 0xaedc, 0xaedc, 0xaedc, 0xaedc, 0xaedc, 
	0xaedc, 0xaedc, 0xaedc, 0xaedc, 0xaedc, 0xaedc, 0xaedc, 0xaedc, 0xaedc, 0xaedc, 0xaedc, 0xaedc, 0xaedc, 0xaedc, 0xaedc, 0xaedc, 
	0xaedc, 0xaedc, 0xaedc, 0xaedc, 0xaedc, 0xaedc, 0xaedc, 0xaedc, 0xaedc, 0xaedc, 0xaedc, 0xaedc, 0xaedc, 0xaedc, 0xaedc, 0xaedc, 
	0xaedc, 0xaedc, 0xaedc, 0xaedc, 0xaedc, 0xaedc, 0xaedc, 0xaedc, 0xaedc, 0xaedc, 0xaedc, 0xaedc, 0xaedc, 0xaedc, 0xaedc, 0xaedc, 
	0xaedc, 0xaedc, 0xaedc, 0xaedc, 0xaedc, 0xaedc, 0xaedc, 0xaedc, 0xaedc, 0xaedc, 0xaedc, 0xaedc, 0xaedc, 0xaedc, 0xaedc, 0xaedc, 
	0xaedc, 0xaedc, 0xaedc, 0xaedc, 0xaedc, 0xaedc, 0xaedc, 0xaedc, 0xaedc, 0xaedc, 0xaedc, 0xaedc, 0xaedc, 0xaedc, 0xaedc, 0xaedc, 
	0xaedc, 0xaedc, 0xaedc, 0xaedc, 0xaedc, 0xaedc, 0xaedc, 0xaedc, 0xaedc, 0xaedc, 0xaedc, 0xaedc, 0xaedc, 0xaedc, 0xaedc, 0xaedc, 
	0xaedc, 0xaedc, 0xaedc, 0xaedc, 0xaedc, 0xaedc, 0xaedc, 0xaedc, 0xaedc, 0xaedc, 0xaedc, 0xaedc, 0xaedc, 0xaedc, 0xaedc, 0xaedc, 
	0xaedc, 0xaedc, 0xaedc, 0xaedc, 0xaedc, 0xaedc, 0xaedc, 0xaedc, 0xaedc, 0xaedc, 0xaedc, 0xaedc, 0xaedc, 0xaedc, 0xaedc, 0xaedc, 
	0xaedc, 0xaedc, 0xaedc, 0xaedc, 0xaedc, 0xaedc, 0xaedc, 0xaedc, 0xaedc, 0xaedc, 0xaedc, 0xaedc, 0xaedc, 0xaedc, 0xaedc, 0xaedc, 
	0xaedc, 0xaedc, 0xaedc, 0xaedc, 0xaedc, 0xaedc, 0xaedc, 0xaedc, 0xaedc, 0xaedc, 0xaedc, 0xaedc, 0xaedc, 0xaedc, 0xaedc, 0xaedc, 
	0xaedc, 0xaedc, 0xaedc, 0xaedc, 0xaedc, 0xaedc, 0xaedc, 0xaedc, 0xaedc, 0xaedc, 0xaedc, 0xaedc, 0xaedc, 0xaedc, 0xaedc, 0xaedc, 
	0xaedc, 0xaedc, 0xaedc, 0xaedc, 0xaedc, 0xaedc, 0xaedc, 0xaedc, 0xaedc, 0xaedc, 0xaedc, 0xaedc, 0xaedc, 0xaedc, 0xaedc, 0xaedc, 
	0xaedc, 0xaedc, 0xaedc, 0xaedc, 0xaedc, 0xaedc, 0xaedc, 0xaedc, 0xaedc, 0xaedc, 0xaedc, 0xaedc, 0xaedc, 0xaedc, 0xaedc, 0xaedc, 
	0xaedc, 0xaedc, 0xaedc, 0xaedc, 0xaedc, 0xaedc, 0xaedc, 0xaedc, 0xaedc, 0xaedc, 0xaedc, 0xaedc, 0xaedc, 0xaedc, 0xaedc, 0xaedc, 
	0xaedc, 0xaedc, 0xaedc, 0xaedc, 0xaedc, 0xaedc, 0xaedc, 0xaedc, 0xaedc, 0xaedc, 0xaedc, 0xaedc, 0xaedc, 0xaedc, 0xaedc, 0xaedc, 
	0xaedc, 0xaedc, 0xaedc, 0xaedc, 0xaedc, 0xaedc, 0xaedc, 0xaedc, 0xaedc, 0xaedc, 0xaedc, 0xaedc, 0xaedc, 0xaedc, 0xaedc, 0xaedc, 
	0xaedc, 0xaedc, 0xaedc, 0xaedc, 0xaedc, 0xaedc, 0xaedc, 0xaedc, 0xaedc, 0xaedc, 0xaedc, 0xaedc, 0xaedc, 0xaedc, 0xaedc, 0xaedc, 
	0xaedc, 0xaedc, 0xaedc, 0xaedc, 0xaedc, 0xaedc, 0xaedc, 0xaedc, 0xaedc, 0xaedc, 0xaedc, 0xaedc, 0xaedc, 0xaedc, 0xaedc, 0xaedc, 
	0xaedc, 0xaedc, 0xaedc, 0xaedc, 0xaedc, 0xaedc, 0xaedc, 0xaedc, 0xaedc, 0xaedc, 0xaedc, 0xaedc, 0xaedc, 0xaedc, 0xaedc, 0xaedc, 
	0xaedc, 0xaedc, 0xaedc, 0xaedc, 0xaedc, 0xaedc, 0xaedc, 0xaedc, 0xaedc, 0xaedc, 0xaedc, 0xaedc, 0xaedc, 0xaedc, 0xaedc, 0xaedc, 
	0xaedc, 0xaedc, 0xaedc, 0xaedc, 0xaedc, 0xaedc, 0xaedc, 0xaedc, 0xaedc, 0xaedc, 0xaedc, 0xaedc, 0xaedc, 0xaedc, 0xaedc, 0xaedc, 
	0xaedc, 0xaedc, 0xaedc, 0xaedc, 0xaedc, 0xaedc, 0xaedc, 0xaedc, 0xaedc, 0xaedc, 0xaedc, 0xaedc, 0xaedc, 0xaedc, 0xaedc, 0xaedc, 
	0xaedc, 0xaedc, 0xaedc, 0xaedc, 0xaedc, 0xaedc, 0xaedc, 0xaedc, 0xaedc, 0xaedc, 0xaedc, 0xaedc, 0xaedc, 0xaedc, 0xaedc, 0xaedc, 
	0xaedc, 0xaedc, 0xaedc, 0xaedc, 0xaedc, 0xaedc, 0xaedc, 0xaedc, 0xaedc, 0xaedc, 0xaedc, 0xaedc, 0xaedc, 0xaedc, 0xaedc, 0xaedc, 
	0xaedc, 0xaedc, 0xaedc, 0xaedc, 0xaedc, 0xaedc, 0xaedc, 0xaedc, 0xaedc, 0xaedc, 0xaedc, 0xaedc, 0xaedc, 0xaedc, 0xaedc, 0xaedc, 
	0xaedc, 0xaedc, 0xaedc, 0xaedc, 0xaedc, 0xaedc, 0xaedc, 0xaedc, 0xaedc, 0xaedc, 0xaedc, 0xaedc, 0xaedc, 0xaedc, 0xaedc, 0xaedc, 
	0xaedc, 0xaedc, 0xaedc, 0xaedc, 0xaedc, 0xaedc, 0xaedc, 0xaedc, 0xaedc, 0xaedc, 0xaedc, 0xaedc, 0xaedc, 0xaedc, 0xaedc, 0xaedc, 
	0xaedc, 0xaedc, 0xaedc, 0xaedc, 0xaedc, 0xaedc, 0xaedc, 0xaedc, 0xaedc, 0xaedc, 0xaedc, 0xaedc, 0xaedc, 0xaedc, 0xaedc, 0xaedc, 
	0xaedc, 0xaedc, 0xaedc, 0xaedc, 0xaedc, 0xaedc, 0xaedc, 0xaedc, 0xaedc, 0xaedc, 0xaedc, 0xaedc, 0xaedc, 0xaedc, 0xaedc, 0xaedc, 
	0xaedc, 0xaedc, 0xaedc, 0xaedc, 0xaedc, 0xaedc, 0xaedc, 0xaedc, 0xaedc, 0xaedc, 0xaedc, 0xaedc, 0xaedc, 0xaedc, 0xaedc, 0xaedc, 
	0xaedc, 0xaedc, 0xaedc, 0xaedc, 0xaedc, 0xaedc, 0xaedc, 0xaedc, 0xaedc, 0xaedc, 0xaedc, 0xaedc, 0xaedc, 0xaedc, 0xaedc, 0xaedc, 
	0xaedc, 0xaedc, 0xaedc, 0xaedc, 0xaedc, 0xaedc, 0xaedc, 0xaedc, 0xaedc, 0xaedc, 0xaedc, 0xaedc, 0xaedc, 0xaedc, 0xaedc, 0xaedc, 
	0xaedc, 0xaedc, 0xaedc, 0xaedc, 0xaedc, 0xaedc, 0xaedc, 0xaedc, 0xaedc, 0xaedc, 0xaedc, 0xaedc, 0xaedc, 0xaedc, 0xaedc, 0xaedc, 
	0xaedc, 0xaedc, 0xaedc, 0xaedc, 0xaedc, 0xaedc, 0xaedc, 0xaedc, 0xaedc, 0xaedc, 0xaedc, 0xaedc, 0xaedc, 0xaedc, 0xaedc, 0xaedc, 
	0xaedc, 0xaedc, 0xaedc, 0xaedc, 0xaedc, 0xaedc, 0xaedc, 0xaedc, 0xaedc, 0xaedc, 0xaedc, 0xaedc, 0xaedc, 0xaedc, 0xaedc, 0xaedc, 
	0xaedc, 0xaedc, 0xaedc, 0xaedc, 0xaedc, 0xaedc, 0xaedc, 0xaedc, 0xaedc, 0xaedc, 0xaedc, 0xaedc, 0xaedc, 0xaedc, 0xaedc, 0xaedc, 
	0xaedc, 0xaedc, 0xaedc, 0xaedc, 0xaedc, 0xaedc, 0xaedc, 0xaedc, 0xaedc, 0xaedc, 0xaedc, 0xaedc, 0xaedc, 0xaedc, 0xaedc, 0xaedc, 
	0xaedc, 0xaedc, 0xaedc, 0xaedc, 0xaedc, 0xaedc, 0xaedc, 0xaedc, 0xaedc, 0xaedc, 0xaedc, 0xaedc, 0xaedc, 0xaedc, 0xaedc, 0xaedc, 
	0xaedc, 0xaedc, 0xaedc, 0xaedc, 0xaedc, 0xaedc, 0xaedc, 0xaedc, 0xaedc, 0xaedc, 0xaedc, 0xaedc, 0xaedc, 0xaedc, 0xaedc, 0xaedc, 
	0xaedc, 0xaedc, 0xaedc, 0xaedc, 0xaedc, 0xaedc, 0xaedc, 0xaedc, 0xaedc, 0xaedc, 0xaedc, 0xaedc, 0xaedc, 0xaedc, 0xaedc, 0xaedc, 
	0xaedc, 0xaedc, 0xaedc, 0xaedc, 0xaedc, 0xaedc, 0xaedc, 0xaedc, 0xaedc, 0xaedc, 0xaedc, 0xaedc, 0xaedc, 0xaedc, 0xaedc, 0xaedc, 
	0xaedc, 0xaedc, 0xaedc, 0xaedc, 0xaedc, 0xaedc, 0xaedc, 0xaedc, 0xaedc, 0xaedc, 0xaedc, 0xaedc, 0xaedc, 0xaedc, 0xaedc, 0xaedc, 
	0xaedc, 0xaedc, 0xaedc, 0xaedc, 0xaedc, 0xaedc, 0xaedc, 0xaedc, 0xaedc, 0xaedc, 0xaedc, 0xaedc, 0xaedc, 0xaedc, 0xaedc, 0xaedc, 
	0xaedc, 0xaedc, 0xaedc, 0xaedc, 0xaedc, 0xaedc, 0xaedc, 0xaedc, 0xaedc, 0xaedc, 0xaedc, 0xaedc, 0xaedc, 0xaedc, 0xaedc, 0xaedc, 
	0xaedc, 0xaedc, 0xaedc, 0xaedc, 0xaedc, 0xaedc, 0xaedc, 0xaedc, 0xaedc, 0xaedc, 0xaedc, 0xaedc, 0xaedc, 0xaedc, 0xaedc, 0xaedc, 
	0xaedc, 0xaedc, 0xaedc, 0xaedc, 0xaedc, 0xaedc, 0xaedc, 0xaedc, 0xaedc, 0xaedc, 0xaedc, 0xaedc, 0xaedc, 0xaedc, 0xaedc, 0xaedc, 
	0xaedc, 0xaedc, 0xaedc, 0xaedc, 0xaedc, 0xaedc, 0xaedc, 0xaedc, 0xaedc, 0xaedc, 0xaedc, 0xaedc, 0xaedc, 0xaedc, 0xaedc, 0xaedc, 
	0xaedc, 0xaedc, 0xaedc, 0xaedc, 0xaedc, 0xaedc, 0xaedc, 0xaedc, 0xaedc, 0xaedc, 0xaedc, 0xaedc, 0xaedc, 0xaedc, 0xaedc, 0xaedc, 
	0xaedc, 0xaedc, 0xaedc, 0xaedc, 0xaedc, 0xaedc, 0xaedc, 0xaedc, 0xaedc, 0xaedc, 0xaedc, 0xaedc, 0xaedc, 0xaedc, 0xaedc, 0xaedc, 
	0xaedc, 0xaedc, 0xaedc, 0xaedc, 0xaedc, 0xaedc, 0xaedc, 0xaedc, 0xaedc, 0xaedc, 0xaedc, 0xaedc, 0xaedc, 0xaedc, 0xaedc, 0xaedc, 
	0xaedc, 0xaedc, 0xaedc, 0xaedc, 0xaedc, 0xaedc, 0xaedc, 0xaedc, 0xaedc, 0xaedc, 0xaedc, 0xaedc, 0xaedc, 0xaedc, 0xaedc, 0xaedc, 
	0xaedc, 0xaedc, 0xaedc, 0xaedc, 0xaedc, 0xaedc, 0xaedc, 0xaedc, 0xaedc, 0xaedc, 0xaedc, 0xaedc, 0xaedc, 0xaedc, 0xaedc, 0xaedc, 
	0xaedc, 0xaedc, 0xaedc, 0xaedc, 0xaedc, 0xaedc, 0xaedc, 0xaedc, 0xaedc, 0xaedc, 0xaedc, 0xaedc, 0xaedc, 0xaedc, 0xaedc, 0xaedc, 
	0xaedc, 0xaedc, 0xaedc, 0xaedc, 0xaedc, 0xaedc, 0xaedc, 0xaedc, 0xaedc, 0xaedc, 0xaedc, 0xaedc, 0xaedc, 0xaedc, 0xaedc, 0xaedc, 
	0xaedc, 0xaedc, 0xaedc, 0xaedc, 0xaedc, 0xaedc, 0xaedc, 0xaedc, 0xaedc, 0xaedc, 0xaedc, 0xaedc, 0xaedc, 0xaedc, 0xaedc, 0xaedc, 
	0xaedc, 0xaedc, 0xaedc, 0xaedc, 0xaedc, 0xaedc, 0xaedc, 0xaedc, 0xaedc, 0xaedc, 0xaedc, 0xaedc, 0xaedc, 0xaedc, 0xaedc, 0xaedc, 
	0xaedc, 0xaedc, 0xaedc, 0xaedc, 0xaedc, 0xaedc, 0xaedc, 0xaedc, 0xaedc, 0xaedc, 0xaedc, 0xaedc, 0xaedc, 0xaedc, 0xaedc, 0xaedc, 
	0xaedc, 0xaedc, 0xaedc, 0xaedc, 0xaedc, 0xaedc, 0xaedc, 0xaedc, 0xaedc, 0xaedc, 0xaedc, 0xaedc, 0xaedc, 0xaedc, 0xaedc, 0xaedc, 
	0xaedc, 0xaedc, 0xaedc, 0xaedc, 0xaedc, 0xaedc, 0xaedc, 0xaedc, 0xaedc, 0xaedc, 0xaedc, 0xaedc, 0xaedc, 0xaedc, 0xaedc, 0xaedc, 
	0xaedc, 0xaedc, 0xaedc, 0xaedc, 0xaedc, 0xaedc, 0xaedc, 0xaedc, 0xaedc, 0xaedc, 0xaedc, 0xaedc, 0xaedc, 0xaedc, 0xaedc, 0xaedc, 
	0xaedc, 0xaedc, 0xaedc, 0xaedc, 0xaedc, 0xaedc, 0xaedc, 0xaedc, 0xaedc, 0xaedc, 0xaedc, 0xaedc, 0xaedc, 0xaedc, 0xaedc, 0xaedc, 
	0xaedc, 0xaedc, 0xaedc, 0xaedc, 0xaedc, 0xaedc, 0xaedc, 0xaedc, 0xaedc, 0xaedc, 0xaedc, 0xaedc, 0xaedc, 0xaedc, 0xaedc, 0xaedc, 
	0xaedc, 0xaedc, 0xaedc, 0xaedc, 0xaedc, 0xaedc, 0xaedc, 0xaedc, 0xaedc, 0xaedc, 0xaedc, 0xaedc, 0xaedc, 0xaedc, 0xaedc, 0xaedc, 
	0xaedc, 0xaedc, 0xaedc, 0xaedc, 0xaedc, 0xaedc, 0xaedc, 0xaedc, 0xaedc, 0xaedc, 0xaedc, 0xaedc, 0xaedc, 0xaedc, 0xaedc, 0xaedc, 
	0xaedc, 0xaedc, 0xaedc, 0xaedc, 0xaedc, 0xaedc, 0xaedc, 0xaedc, 0xaedc, 0xaedc, 0xaedc, 0xaedc, 0xaedc, 0xaedc, 0xaedc, 0xaedc, 
	0xaedc, 0xaedc, 0xaedc, 0xaedc, 0xaedc, 0xaedc, 0xaedc, 0xaedc, 0xaedc, 0xaedc, 0xaedc, 0xaedc, 0xaedc, 0xaedc, 0xaedc, 0xaedc, 
	0xaedc, 0xaedc, 0xaedc, 0xaedc, 0xaedc, 0xaedc, 0xaedc, 0xaedc, 0xaedc, 0xaedc, 0xaedc, 0xaedc, 0xaedc, 0xaedc, 0xaedc, 0xaedc, 
	0xaedc, 0xaedc, 0xaedc, 0xaedc, 0xaedc, 0xaedc, 0xaedc, 0xaedc, 0xaedc, 0xaedc, 0xaedc, 0xaedc, 0xaedc, 0xaedc, 0xaedc, 0xaedc, 
	0xaedc, 0xaedc, 0xaedc, 0xaedc, 0xaedc, 0xaedc, 0xaedc, 0xaedc, 0xaedc, 0xaedc, 0xaedc, 0xaedc, 0xaedc, 0xaedc, 0xaedc, 0xaedc, 
	0xaedc, 0xaedc, 0xaedc, 0xaedc, 0xaedc, 0xaedc, 0xaedc, 0xaedc, 0xaedc, 0xaedc, 0xaedc, 0xaedc, 0xaedc, 0xaedc, 0xaedc, 0xaedc, 
	0xaedc, 0xaedc, 0xaedc, 0xaedc, 0xaedc, 0xaedc, 0xaedc, 0xaedc, 0xaedc, 0xaedc, 0xaedc, 0xaedc, 0xaedc, 0xaedc, 0xaedc, 0xaedc, 
	0xaedc, 0xaedc, 0xaedc, 0xaedc, 0xaedc, 0xaedc, 0xaedc, 0xaedc, 0xaedc, 0xaedc, 0xaedc, 0xaedc, 0xaedc, 0xaedc, 0xaedc, 0xaedc, 
	0xaedc, 0xaedc, 0xaedc, 0xaedc, 0xaedc, 0xaedc, 0xaedc, 0xaedc, 0xaedc, 0xaedc, 0xaedc, 0xaedc, 0xaedc, 0xaedc, 0xaedc, 0xaedc, 
	0xaedc, 0xaedc, 0xaedc, 0xaedc, 0xaedc, 0xaedc, 0xaedc, 0xaedc, 0xaedc, 0xaedc, 0xaedc, 0xaedc, 0xaedc, 0xaedc, 0xaedc, 0xaedc, 
	0xaedc, 0xaedc, 0xaedc, 0xaedc, 0xaedc, 0xaedc, 0xaedc, 0xaedc, 0xaedc, 0xaedc, 0xaedc, 0xaedc, 0xaedc, 0xaedc, 0xaedc, 0xaedc, 
	0xaedc, 0xaedc, 0xaedc, 0xaedc, 0xaedc, 0xaedc, 0xaedc, 0xaedc, 0xaedc, 0xaedc, 0xaedc, 0xaedc, 0xaedc, 0xaedc, 0xaedc, 0xaedc, 
	0xaedc, 0xaedc, 0xaedc, 0xaedc, 0xaedc, 0xaedc, 0xaedc, 0xaedc, 0xaedc, 0xaedc, 0xaedc, 0xaedc, 0xaedc, 0xaedc, 0xaedc, 0xaedc, 
	0xaedc, 0xaedc, 0xaedc, 0xaedc, 0xaedc, 0xaedc, 0xaedc, 0xaedc, 0xaedc, 0xaedc, 0xaedc, 0xaedc, 0xaedc, 0xaedc, 0xaedc, 0xaedc, 
	0xaedc, 0xaedc, 0xaedc, 0xaedc, 0xaedc, 0xaedc, 0xaedc, 0xaedc, 0xaedc, 0xaedc, 0xaedc, 0xaedc, 0xaedc, 0xaedc, 0xaedc, 0xaedc, 
	0xaedc, 0xaedc, 0xaedc, 0xaedc, 0xaedc, 0xaedc, 0xaedc, 0xaedc, 0xaedc, 0xaedc, 0xaedc, 0xaedc, 0xaedc, 0xaedc, 0xaedc, 0xaedc, 
	0xaedc, 0xaedc, 0xaedc, 0xaedc, 0xaedc, 0xaedc, 0xaedc, 0xaedc, 0xaedc, 0xaedc, 0xaedc, 0xaedc, 0xaedc, 0xaedc, 0xaedc, 0xaedc, 
	0xaedc, 0xaedc, 0xaedc, 0xaedc, 0xaedc, 0xaedc, 0xaedc, 0xaedc, 0xaedc, 0xaedc, 0xaedc, 0xaedc, 0xaedc, 0xaedc, 0xaedc, 0xaedc, 
	0xaedc, 0xaedc, 0xaedc, 0xaedc, 0xaedc, 0xaedc, 0xaedc, 0xaedc, 0xaedc, 0xaedc, 0xaedc, 0xaedc, 0xaedc, 0xaedc, 0xaedc, 0xaedc, 
	0xaedc, 0xaedc, 0xaedc, 0xaedc, 0xaedc, 0xaedc, 0xaedc, 0xaedc, 0xaedc, 0xaedc, 0xaedc, 0xaedc, 0xaedc, 0xaedc, 0xaedc, 0xaedc, 
	0xaedc, 0xaedc, 0xaedc, 0xaedc, 0xaedc, 0xaedc, 0xaedc, 0xaedc, 0xaedc, 0xaedc, 0xaedc, 0xaedc, 0xaedc, 0xaedc, 0xaedc, 0xaedc, 
	0xaedc, 0xaedc, 0xaedc, 0xaedc, 0xaedc, 0xaedc, 0xaedc, 0xaedc, 0xaedc, 0xaedc, 0xaedc, 0xaedc, 0xaedc, 0xaedc, 0xaedc, 0xaedc, 
	0xaedc, 0xaedc, 0xaedc, 0xaedc, 0xaedc, 0xaedc, 0xaedc, 0xaedc, 0xaedc, 0xaedc, 0xaedc, 0xaedc, 0xaedc, 0xaedc, 0xaedc, 0xaedc, 
	0xaedc, 0xaedc, 0xaedc, 0xaedc, 0xaedc, 0xaedc, 0xaedc, 0xaedc, 0xaedc, 0xaedc, 0xaedc, 0xaedc, 0xaedc, 0xaedc, 0xaedc, 0xaedc, 
	0xaedc, 0xaedc, 0xaedc, 0xaedc, 0xaedc, 0xaedc, 0xaedc, 0xaedc, 0xaedc, 0xaedc, 0xaedc, 0xaedc, 0xaedc, 0xaedc, 0xaedc, 0xaedc, 
	0xaedc, 0xaedc, 0xaedc, 0xaedc, 0xaedc, 0xaedc, 0xaedc, 0xaedc, 0xaedc, 0xaedc, 0xaedc, 0xaedc, 0xaedc, 0xaedc, 0xaedc, 0xaedc, 
	0xaedc, 0xaedc, 0xaedc, 0xaedc, 0xaedc, 0xaedc, 0xaedc, 0xaedc, 0xaedc, 0xaedc, 0xaedc, 0xaedc, 0xaedc, 0xaedc, 0xaedc, 0xaedc, 
	0xaedc, 0xaedc, 0xaedc, 0xaedc, 0xaedc, 0xaedc, 0xaedc, 0xaedc, 0xaedc, 0xaedc, 0xaedc, 0xaedc, 0xaedc, 0xaedc, 0xaedc, 0xaedc, 
	0xaedc, 0xaedc, 0xaedc, 0xaedc, 0xaedc, 0xaedc, 0xaedc, 0xaedc, 0xaedc, 0xaedc, 0xaedc, 0xaedc, 0xaedc, 0xaedc, 0xaedc, 0xaedc, 
	0xaedc, 0xaedc, 0xaedc, 0xaedc, 0xaedc, 0xaedc, 0xaedc, 0xaedc, 0xaedc, 0xaedc, 0xaedc, 0xaedc, 0xaedc, 0xaedc, 0xaedc, 0xaedc, 
	0xaedc, 0xaedc, 0xaedc, 0xaedc, 0xaedc, 0xaedc, 0xaedc, 0xaedc, 0xaedc, 0xaedc, 0xaedc, 0xaedc, 0xaedc, 0xaedc, 0xaedc, 0xaedc, 
	0xaedc, 0xaedc, 0xaedc, 0xaedc, 0xaedc, 0xaedc, 0xaedc, 0xaedc, 0xaedc, 0xaedc, 0xaedc, 0xaedc, 0xaedc, 0xaedc, 0xaedc, 0xaedc, 
	0xaedc, 0xaedc, 0xaedc, 0xaedc, 0xaedc, 0xaedc, 0xaedc, 0xaedc, 0xaedc, 0xaedc, 0xaedc, 0xaedc, 0xaedc, 0xaedc, 0xaedc, 0xaedc, 
	0xaedc, 0xaedc, 0xaedc, 0xaedc, 0xaedc, 0xaedc, 0xaedc, 0xaedc, 0xaedc, 0xaedc, 0xaedc, 0xaedc, 0xaedc, 0xaedc, 0xaedc, 0xaedc, 
	0xaedc, 0xaedc, 0xaedc, 0xaedc, 0xaedc, 0xaedc, 0xaedc, 0xaedc, 0xaedc, 0xaedc, 0xaedc, 0xaedc, 0xaedc, 0xaedc, 0xaedc, 0xaedc, 
	0xaedc, 0xaedc, 0xaedc, 0xaedc, 0xaedc, 0xaedc, 0xaedc, 0xaedc, 0xaedc, 0xaedc, 0xaedc, 0xaedc, 0xaedc, 0xaedc, 0xaedc, 0xaedc, 
	0xaedc, 0xaedc, 0xaedc, 0xaedc, 0xaedc, 0xaedc, 0xaedc, 0xaedc, 0xaedc, 0xaedc, 0xaedc, 0xaedc, 0xaedc, 0xaedc, 0xaedc, 0xaedc, 
	0xaedc, 0xaedc, 0xaedc, 0xaedc, 0xaedc, 0xaedc, 0xaedc, 0xaedc, 0xaedc, 0xaedc, 0xaedc, 0xaedc, 0xaedc, 0xaedc, 0xaedc, 0xaedc, 
	0xaedc, 0xaedc, 0xaedc, 0xaedc, 0xaedc, 0xaedc, 0xaedc, 0xaedc, 0xaedc, 0xaedc, 0xaedc, 0xaedc, 0xaedc, 0xaedc, 0xaedc, 0xaedc, 
	0xaedc, 0xaedc, 0xaedc, 0xaedc, 0xaedc, 0xaedc, 0xaedc, 0xaedc, 0xaedc, 0xaedc, 0xaedc, 0xaedc, 0xaedc, 0xaedc, 0xaedc, 0xaedc, 
	0xaedc, 0xaedc, 0xaedc, 0xaedc, 0xaedc, 0xaedc, 0xaedc, 0xaedc, 0xaedc, 0xaedc, 0xaedc, 0xaedc, 0xaedc, 0xaedc, 0xaedc, 0xaedc, 
	0xaedc, 0xaedc, 0xaedc, 0xaedc, 0xaedc, 0xaedc, 0xaedc, 0xaedc, 0xaedc, 0xaedc, 0xaedc, 0xaedc, 0xaedc, 0xaedc, 0xaedc, 0xaedc, 
	0xaedc, 0xaedc, 0xaedc, 0xaedc, 0xaedc, 0xaedc, 0xaedc, 0xaedc, 0xaedc, 0xaedc, 0xaedc, 0xaedc, 0xaedc, 0xaedc, 0xaedc, 0xaedc, 
	0xaedc, 0xaedc, 0xaedc, 0xaedc, 0xaedc, 0xaedc, 0xaedc, 0xaedc, 0xaedc, 0xaedc, 0xaedc, 0xaedc, 0xaedc, 0xaedc, 0xaedc, 0xaedc, 
	0xaedc, 0xaedc, 0xaedc, 0xaedc, 0xaedc, 0xaedc, 0xaedc, 0xaedc, 0xaedc, 0xaedc, 0xaedc, 0xaedc, 0xaedc, 0xaedc, 0xaedc, 0xaedc, 
	0xaedc, 0xaedc, 0xaedc, 0xaedc, 0xaedc, 0xaedc, 0xaedc, 0xaedc, 0xaedc, 0xaedc, 0xaedc, 0xaedc, 0xaedc, 0xaedc, 0xaedc, 0xaedc, 
	0xaedc, 0xaedc, 0xaedc, 0xaedc, 0xaedc, 0xaedc, 0xaedc, 0xaedc, 0xaedc, 0xaedc, 0xaedc, 0xaedc, 0xaedc, 0xaedc, 0xaedc, 0xaedc, 
	0xaedc, 0xaedc, 0xaedc, 0xaedc, 0xaedc, 0xaedc, 0xaedc, 0xaedc, 0xaedc, 0xaedc, 0xaedc, 0xaedc, 0xaedc, 0xaedc, 0xaedc, 0xaedc, 
	0xaedc, 0xaedc, 0xaedc, 0xaedc, 0xaedc, 0xaedc, 0xaedc, 0xaedc, 0xaedc, 0xaedc, 0xaedc, 0xaedc, 0xaedc, 0xaedc, 0xaedc, 0xaedc, 
	0xaedc, 0xaedc, 0xaedc, 0xaedc, 0xaedc, 0xaedc, 0xaedc, 0xaedc, 0xaedc, 0xaedc, 0xaedc, 0xaedc, 0xaedc, 0xaedc, 0xaedc, 0xaedc, 
	0xaedc, 0xaedc, 0xaedc, 0xaedc, 0xaedc, 0xaedc, 0xaedc, 0xaedc, 0xaedc, 0xaedc, 0xaedc, 0xaedc, 0xaedc, 0xaedc, 0xaedc, 0xaedc, 
	0xaedc, 0xaedc, 0xaedc, 0xaedc, 0xaedc, 0xaedc, 0xaedc, 0xaedc, 0xaedc, 0xaedc, 0xaedc, 0xaedc, 0xaedc, 0xaedc, 0xaedc, 0xaedc, 
	0xaedc, 0xaedc, 0xaedc, 0xaedc, 0xaedc, 0xaedc, 0xaedc, 0xaedc, 0xaedc, 0xaedc, 0xaedc, 0xaedc, 0xaedc, 0xaedc, 0xaedc, 0xaedc, 
	0xaedc, 0xaedc, 0xaedc, 0xaedc, 0xaedc, 0xaedc, 0xaedc, 0xaedc, 0xaedc, 0xaedc, 0xaedc, 0xaedc, 0xaedc, 0xaedc, 0xaedc, 0xaedc, 
	0xaedc, 0xaedc, 0xaedc, 0xaedc, 0xaedc, 0xaedc, 0xaedc, 0xaedc, 0xaedc, 0xaedc, 0xaedc, 0xaedc, 0xaedc, 0xaedc, 0xaedc, 0xaedc, 
	0xaedc, 0xaedc, 0xaedc, 0xaedc, 0xaedc, 0xaedc, 0xaedc, 0xaedc, 0xaedc, 0xaedc, 0xaedc, 0xaedc, 0xaedc, 0xaedc, 0xaedc, 0xaedc, 
	0xaedc, 0xaedc, 0xaedc, 0xaedc, 0xaedc, 0xaedc, 0xaedc, 0xaedc, 0xaedc, 0xaedc, 0xaedc, 0xaedc, 0xaedc, 0xaedc, 0xaedc, 0xaedc, 
	0xaedc, 0xaedc, 0xaedc, 0xaedc, 0xaedc, 0xaedc, 0xaedc, 0xaedc, 0xaedc, 0xaedc, 0xaedc, 0xaedc, 0xaedc, 0xaedc, 0xaedc, 0xaedc, 
	0xaedc, 0xaedc, 0xaedc, 0xaedc, 0xaedc, 0xaedc, 0xaedc, 0xaedc, 0xaedc, 0xaedc, 0xaedc, 0xaedc, 0xaedc, 0xaedc, 0xaedc, 0xaedc, 
	0xaedc, 0xaedc, 0xaedc, 0xaedc, 0xaedc, 0xaedc, 0xaedc, 0xaedc, 0xaedc, 0xaedc, 0xaedc, 0xaedc, 0xaedc, 0xaedc, 0xaedc, 0xaedc, 
	0xaedc, 0xaedc, 0xaedc, 0xaedc, 0xaedc, 0xaedc, 0xaedc, 0xaedc, 0xaedc, 0xaedc, 0xaedc, 0xaedc, 0xaedc, 0xaedc, 0xaedc, 0xaedc, 
	0xaedc, 0xaedc, 0xaedc, 0xaedc, 0xaedc, 0xaedc, 0xaedc, 0xaedc, 0xaedc, 0xaedc, 0xaedc, 0xaedc, 0xaedc, 0xaedc, 0xaedc, 0xaedc, 
	0xaedc, 0xaedc, 0xaedc, 0xaedc, 0xaedc, 0xaedc, 0xaedc, 0xaedc, 0xaedc, 0xaedc, 0xaedc, 0xaedc, 0xaedc, 0xaedc, 0xaedc, 0xaedc, 
	0xaedc, 0xaedc, 0xaedc, 0xaedc, 0xaedc, 0xaedc, 0xaedc, 0xaedc, 0xaedc, 0xaedc, 0xaedc, 0xaedc, 0xaedc, 0xaedc, 0xaedc, 0xaedc, 
	0xaedc, 0xaedc, 0xaedc, 0xaedc, 0xaedc, 0xaedc, 0xaedc, 0xaedc, 0xaedc, 0xaedc, 0xaedc, 0xaedc, 0xaedc, 0xaedc, 0xaedc, 0xaedc, 
	0xaedc, 0xaedc, 0xaedc, 0xaedc, 0xaedc, 0xaedc, 0xaedc, 0xaedc, 0xaedc, 0xaedc, 0xaedc, 0xaedc, 0xaedc, 0xaedc, 0xaedc, 0xaedc, 
	0xaedc, 0xaedc, 0xaedc, 0xaedc, 0xaedc, 0xaedc, 0xaedc, 0xaedc, 0xaedc, 0xaedc, 0xaedc, 0xaedc, 0xaedc, 0xaedc, 0xaedc, 0xaedc, 
	0xaedc, 0xaedc, 0xaedc, 0xaedc, 0xaedc, 0xaedc, 0xaedc, 0xaedc, 0xaedc, 0xaedc, 0xaedc, 0xaedc, 0xaedc, 0xaedc, 0xaedc, 0xaedc, 
	0xaedc, 0xaedc, 0xaedc, 0xaedc, 0xaedc, 0xaedc, 0xaedc, 0xaedc, 0xaedc, 0xaedc, 0xaedc, 0xaedc, 0xaedc, 0xaedc, 0xaedc, 0xaedc, 
	0xaedc, 0xaedc, 0xaedc, 0xaedc, 0xaedc, 0xaedc, 0xaedc, 0xaedc, 0xaedc, 0xaedc, 0xaedc, 0xaedc, 0xaedc, 0xaedc, 0xaedc, 0xaedc, 
	0xaedc, 0xaedc, 0xaedc, 0xaedc, 0xaedc, 0xaedc, 0xaedc, 0xaedc, 0xaedc, 0xaedc, 0xaedc, 0xaedc, 0xaedc, 0xaedc, 0xaedc, 0xaedc, 
	0xaedc, 0xaedc, 0xaedc, 0xaedc, 0xaedc, 0xaedc, 0xaedc, 0xaedc, 0xaedc, 0xaedc, 0xaedc, 0xaedc, 0xaedc, 0xaedc, 0xaedc, 0xaedc, 
	0xaedc, 0xaedc, 0xaedc, 0xaedc, 0xaedc, 0xaedc, 0xaedc, 0xaedc, 0xaedc, 0xaedc, 0xaedc, 0xaedc, 0xaedc, 0xaedc, 0xaedc, 0xaedc, 
	0xaedc, 0xaedc, 0xaedc, 0xaedc, 0xaedc, 0xaedc, 0xaedc, 0xaedc, 0xaedc, 0xaedc, 0xaedc, 0xaedc, 0xaedc, 0xaedc, 0xaedc, 0xaedc, 
	0xaedc, 0xaedc, 0xaedc, 0xaedc, 0xaedc, 0xaedc, 0xaedc, 0xaedc, 0xaedc, 0xaedc, 0xaedc, 0xaedc, 0xaedc, 0xaedc, 0xaedc, 0xaedc, 
	0xaedc, 0xaedc, 0xaedc, 0xaedc, 0xaedc, 0xaedc, 0xaedc, 0xaedc, 0xaedc, 0xaedc, 0xaedc, 0xaedc, 0xaedc, 0xaedc, 0xaedc, 0xaedc, 
	0xaedc, 0xaedc, 0xaedc, 0xaedc, 0xaedc, 0xaedc, 0xaedc, 0xaedc, 0xaedc, 0xaedc, 0xaedc, 0xaedc, 0xaedc, 0xaedc, 0xaedc, 0xaedc, 
	0xaedc, 0xaedc, 0xaedc, 0xaedc, 0xaedc, 0xaedc, 0xaedc, 0xaedc, 0xaedc, 0xaedc, 0xaedc, 0xaedc, 0xaedc, 0xaedc, 0xaedc, 0xaedc, 
	0xaedc, 0xaedc, 0xaedc, 0xaedc, 0xaedc, 0xaedc, 0xaedc, 0xaedc, 0xaedc, 0xaedc, 0xaedc, 0xaedc, 0xaedc, 0xaedc, 0xaedc, 0xaedc, 
	0xaedc, 0xaedc, 0xaedc, 0xaedc, 0xaedc, 0xaedc, 0xaedc, 0xaedc, 0xaedc, 0xaedc, 0xaedc, 0xaedc, 0xaedc, 0xaedc, 0xaedc, 0xaedc, 
	0xaedc, 0xaedc, 0xaedc, 0xaedc, 0xaedc, 0xaedc, 0xaedc, 0xaedc, 0xaedc, 0xaedc, 0xaedc, 0xaedc, 0xaedc, 0xaedc, 0xaedc, 0xaedc, 
	0xaedc, 0xaedc, 0xaedc, 0xaedc, 0xaedc, 0xaedc, 0xaedc, 0xaedc, 0xaedc, 0xaedc, 0xaedc, 0xaedc, 0xaedc, 0xaedc, 0xaedc, 0xaedc, 
	0xaedc, 0xaedc, 0xaedc, 0xaedc, 0xaedc, 0xaedc, 0xaedc, 0xaedc, 0xaedc, 0xaedc, 0xaedc, 0xaedc, 0xaedc, 0xaedc, 0xaedc, 0xaedc, 
	0xaedc, 0xaedc, 0xaedc, 0xaedc, 0xaedc, 0xaedc, 0xaedc, 0xaedc, 0xaedc, 0xaedc, 0xaedc, 0xaedc, 0xaedc, 0xaedc, 0xaedc, 0xaedc, 
	0xaedc, 0xaedc, 0xaedc, 0xaedc, 0xaedc, 0xaedc, 0xaedc, 0xaedc, 0xaedc, 0xaedc, 0xaedc, 0xaedc, 0xaedc, 0xaedc, 0xaedc, 0xaedc, 
	0xaedc, 0xaedc, 0xaedc, 0xaedc, 0xaedc, 0xaedc, 0xaedc, 0xaedc, 0xaedc, 0xaedc, 0xaedc, 0xaedc, 0xaedc, 0xaedc, 0xaedc, 0xaedc, 
	0xaedc, 0xaedc, 0xaedc, 0xaedc, 0xaedc, 0xaedc, 0xaedc, 0xaedc, 0xaedc, 0xaedc, 0xaedc, 0xaedc, 0xaedc, 0xaedc, 0xaedc, 0xaedc, 
	0xaedc, 0xaedc, 0xaedc, 0xaedc, 0xaedc, 0xaedc, 0xaedc, 0xaedc, 0xaedc, 0xaedc, 0xaedc, 0xaedc, 0xaedc, 0xaedc, 0xaedc, 0xaedc, 
	0xaedc, 0xaedc, 0xaedc, 0xaedc, 0xaedc, 0xaedc, 0xaedc, 0xaedc, 0xaedc, 0xaedc, 0xaedc, 0xaedc, 0xaedc, 0xaedc, 0xaedc, 0xaedc, 
	0xaedc, 0xaedc, 0xaedc, 0xaedc, 0xaedc, 0xaedc, 0xaedc, 0xaedc, 0xaedc, 0xaedc, 0xaedc, 0xaedc, 0xaedc, 0xaedc, 0xaedc, 0xaedc, 
	0xaedc, 0xaedc, 0xaedc, 0xaedc, 0xaedc, 0xaedc, 0xaedc, 0xaedc, 0xaedc, 0xaedc, 0xaedc, 0xaedc, 0xaedc, 0xaedc, 0xaedc, 0xaedc, 
	0xaedc, 0xaedc, 0xaedc, 0xaedc, 0xaedc, 0xaedc, 0xaedc, 0xaedc, 0xaedc, 0xaedc, 0xaedc, 0xaedc, 0xaedc, 0xaedc, 0xaedc, 0xaedc, 
	0xaedc, 0xaedc, 0xaedc, 0xaedc, 0xaedc, 0xaedc, 0xaedc, 0xaedc, 0xaedc, 0xaedc, 0xaedc, 0xaedc, 0xaedc, 0xaedc, 0xaedc, 0xaedc, 
	0xaedc, 0xaedc, 0xaedc, 0xaedc, 0xaedc, 0xaedc, 0xaedc, 0xaedc, 0xaedc, 0xaedc, 0xaedc, 0xaedc, 0xaedc, 0xaedc, 0xaedc, 0xaedc, 
	0xaedc, 0xaedc, 0xaedc, 0xaedc, 0xaedc, 0xaedc, 0xaedc, 0xaedc, 0xaedc, 0xaedc, 0xaedc, 0xaedc, 0xaedc, 0xaedc, 0xaedc, 0xaedc, 
	0xaedc, 0xaedc, 0xaedc, 0xaedc, 0xaedc, 0xaedc, 0xaedc, 0xaedc, 0xaedc, 0xaedc, 0xaedc, 0xaedc, 0xaedc, 0xaedc, 0xaedc, 0xaedc, 
	0xaedc, 0xaedc, 0xaedc, 0xaedc, 0xaedc, 0xaedc, 0xaedc, 0xaedc, 0xaedc, 0xaedc, 0xaedc, 0xaedc, 0xaedc, 0xaedc, 0xaedc, 0xaedc, 
	0xaedc, 0xaedc, 0xaedc, 0xaedc, 0xaedc, 0xaedc, 0xaedc, 0xaedc, 0xaedc, 0xaedc, 0xaedc, 0xaedc, 0xaedc, 0xaedc, 0xaedc, 0xaedc, 
	0xaedc, 0xaedc, 0xaedc, 0xaedc, 0xaedc, 0xaedc, 0xaedc, 0xaedc, 0xaedc, 0xaedc, 0xaedc, 0xaedc, 0xaedc, 0xaedc, 0xaedc, 0xaedc, 
	0xaedc, 0xaedc, 0xaedc, 0xaedc, 0xaedc, 0xaedc, 0xaedc, 0xaedc, 0xaedc, 0xaedc, 0xaedc, 0xaedc, 0xaedc, 0xaedc, 0xaedc, 0xaedc, 
	0xaedc, 0xaedc, 0xaedc, 0xaedc, 0xaedc, 0xaedc, 0xaedc, 0xaedc, 0xaedc, 0xaedc, 0xaedc, 0xaedc, 0xaedc, 0xaedc, 0xaedc, 0xaedc, 
	0xaedc, 0xaedc, 0xaedc, 0xaedc, 0xaedc, 0xaedc, 0xaedc, 0xaedc, 0xaedc, 0xaedc, 0xaedc, 0xaedc, 0xaedc, 0xaedc, 0xaedc, 0xaedc, 
	0xaedc, 0xaedc, 0xaedc, 0xaedc, 0xaedc, 0xaedc, 0xaedc, 0xaedc, 0xaedc, 0xaedc, 0xaedc, 0xaedc, 0xaedc, 0xaedc, 0xaedc, 0xaedc, 
	0xaedc, 0xaedc, 0xaedc, 0xaedc, 0xaedc, 0xaedc, 0xaedc, 0xaedc, 0xaedc, 0xaedc, 0xaedc, 0xaedc, 0xaedc, 0xaedc, 0xaedc, 0xaedc, 
	0xaedc, 0xaedc, 0xaedc, 0xaedc, 0xaedc, 0xaedc, 0xaedc, 0xaedc, 0xaedc, 0xaedc, 0xaedc, 0xaedc, 0xaedc, 0xaedc, 0xaedc, 0xaedc, 
	0xaedc, 0xaedc, 0xaedc, 0xaedc, 0xaedc, 0xaedc, 0xaedc, 0xaedc, 0xaedc, 0xaedc, 0xaedc, 0xaedc, 0xaedc, 0xaedc, 0xaedc, 0xaedc, 
	0xaedc, 0xaedc, 0xaedc, 0xaedc, 0xaedc, 0xaedc, 0xaedc, 0xaedc, 0xaedc, 0xaedc, 0xaedc, 0xaedc, 0xaedc, 0xaedc, 0xaedc, 0xaedc, 
	0xaedc, 0xaedc, 0xaedc, 0xaedc, 0xaedc, 0xaedc, 0xaedc, 0xaedc, 0xaedc, 0xaedc, 0xaedc, 0xaedc, 0xaedc, 0xaedc, 0xaedc, 0xaedc, 
	0xaedc, 0xaedc, 0xaedc, 0xaedc, 0xaedc, 0xaedc, 0xaedc, 0xaedc, 0xaedc, 0xaedc, 0xaedc, 0xaedc, 0xaedc, 0xaedc, 0xaedc, 0xaedc, 
	0xaedc, 0xaedc, 0xaedc, 0xaedc, 0xaedc, 0xaedc, 0xaedc, 0xaedc, 0xaedc, 0xaedc, 0xaedc, 0xaedc, 0xaedc, 0xaedc, 0xaedc, 0xaedc, 
	0xaedc, 0xaedc, 0xaedc, 0xaedc, 0xaedc, 0xaedc, 0xaedc, 0xaedc, 0xaedc, 0xaedc, 0xaedc, 0xaedc, 0xaedc, 0xaedc, 0xaedc, 0xaedc, 
	0xaedc, 0xaedc, 0xaedc, 0xaedc, 0xaedc, 0xaedc, 0xaedc, 0xaedc, 0xaedc, 0xaedc, 0xaedc, 0xaedc, 0xaedc, 0xaedc, 0xaedc, 0xaedc, 
	0xaedc, 0xaedc, 0xaedc, 0xaedc, 0xaedc, 0xaedc, 0xaedc, 0xaedc, 0xaedc, 0xaedc, 0xaedc, 0xaedc, 0xaedc, 0xaedc, 0xaedc, 0xaedc, 
	0xaedc, 0xaedc, 0xaedc, 0xaedc, 0xaedc, 0xaedc, 0xaedc, 0xaedc, 0xaedc, 0xaedc, 0xaedc, 0xaedc, 0xaedc, 0xaedc, 0xaedc, 0xaedc, 
	0xaedc, 0xaedc, 0xaedc, 0xaedc, 0xaedc, 0xaedc, 0xaedc, 0xaedc, 0xaedc, 0xaedc, 0xaedc, 0xaedc, 0xaedc, 0xaedc, 0xaedc, 0xaedc, 
	0xaedc, 0xaedc, 0xaedc, 0xaedc, 0xaedc, 0xaedc, 0xaedc, 0xaedc, 0xaedc, 0xaedc, 0xaedc, 0xaedc, 0xaedc, 0xaedc, 0xaedc, 0xaedc, 
	0xaedc, 0xaedc, 0xaedc, 0xaedc, 0xaedc, 0xaedc, 0xaedc, 0xaedc, 0xaedc, 0xaedc, 0xaedc, 0xaedc, 0xaedc, 0xaedc, 0xaedc, 0xaedc, 
	0xaedc, 0xaedc, 0xaedc, 0xaedc, 0xaedc, 0xaedc, 0xaedc, 0xaedc, 0xaedc, 0xaedc, 0xaedc, 0xaedc, 0xaedc, 0xaedc, 0xaedc, 0xaedc, 
	0xaedc, 0xaedc, 0xaedc, 0xaedc, 0xaedc, 0xaedc, 0xaedc, 0xaedc, 0xaedc, 0xaedc, 0xaedc, 0xaedc, 0xaedc, 0xaedc, 0xaedc, 0xaedc, 
	0xaedc, 0xaedc, 0xaedc, 0xaedc, 0xaedc, 0xaedc, 0xaedc, 0xaedc, 0xaedc, 0xaedc, 0xaedc, 0xaedc, 0xaedc, 0xaedc, 0xaedc, 0xaedc, 
	0xaedc, 0xaedc, 0xaedc, 0xaedc, 0xaedc, 0xaedc, 0xaedc, 0xaedc, 0xaedc, 0xaedc, 0xaedc, 0xaedc, 0xaedc, 0xaedc, 0xaedc, 0xaedc, 
	0xaedc, 0xaedc, 0xaedc, 0xaedc, 0xaedc, 0xaedc, 0xaedc, 0xaedc, 0xaedc, 0xaedc, 0xaedc, 0xaedc, 0xaedc, 0xaedc, 0xaedc, 0xaedc, 
	0xaedc, 0xaedc, 0xaedc, 0xaedc, 0xaedc, 0xaedc, 0xaedc, 0xaedc, 0xaedc, 0xaedc, 0xaedc, 0xaedc, 0xaedc, 0xaedc, 0xaedc, 0xaedc, 
	0xaedc, 0xaedc, 0xaedc, 0xaedc, 0xaedc, 0xaedc, 0xaedc, 0xaedc, 0xaedc, 0xaedc, 0xaedc, 0xaedc, 0xaedc, 0xaedc, 0xaedc, 0xaedc, 
	0xaedc, 0xaedc, 0xaedc, 0xaedc, 0xaedc, 0xaedc, 0xaedc, 0xaedc, 0xaedc, 0xaedc, 0xaedc, 0xaedc, 0xaedc, 0xaedc, 0xaedc, 0xaedc, 
	0xaedc, 0xaedc, 0xaedc, 0xaedc, 0xaedc, 0xaedc, 0xaedc, 0xaedc, 0xaedc, 0xaedc, 0xaedc, 0xaedc, 0xaedc, 0xaedc, 0xaedc, 0xaedc, 
	0xaedc, 0xaedc, 0xaedc, 0xaedc, 0xaedc, 0xaedc, 0xaedc, 0xaedc, 0xaedc, 0xaedc, 0xaedc, 0xaedc, 0xaedc, 0xaedc, 0xaedc, 0xaedc, 
	0xaedc, 0xaedc, 0xaedc, 0xaedc, 0xaedc, 0xaedc, 0xaedc, 0xaedc, 0xaedc, 0xaedc, 0xaedc, 0xaedc, 0xaedc, 0xaedc, 0xaedc, 0xaedc, 
	0xaedc, 0xaedc, 0xaedc, 0xaedc, 0xaedc, 0xaedc, 0xaedc, 0xaedc, 0xaedc, 0xaedc, 0xaedc, 0xaedc, 0xaedc, 0xaedc, 0xaedc, 0xaedc, 
	0xaedc, 0xaedc, 0xaedc, 0xaedc, 0xaedc, 0xaedc, 0xaedc, 0xaedc, 0xaedc, 0xaedc, 0xaedc, 0xaedc, 0xaedc, 0xaedc, 0xaedc, 0xaedc, 
	0xaedc, 0xaedc, 0xaedc, 0xaedc, 0xaedc, 0xaedc, 0xaedc, 0xaedc, 0xaedc, 0xaedc, 0xaedc, 0xaedc, 0xaedc, 0xaedc, 0xaedc, 0xaedc, 
	0xaedc, 0xaedc, 0xaedc, 0xaedc, 0xaedc, 0xaedc, 0xaedc, 0xaedc, 0xaedc, 0xaedc, 0xaedc, 0xaedc, 0xaedc, 0xaedc, 0xaedc, 0xaedc, 
	0xaedc, 0xaedc, 0xaedc, 0xaedc, 0xaedc, 0xaedc, 0xaedc, 0xaedc, 0xaedc, 0xaedc, 0xaedc, 0xaedc, 0xaedc, 0xaedc, 0xaedc, 0xaedc, 
	0xaedc, 0xaedc, 0xaedc, 0xaedc, 0xaedc, 0xaedc, 0xaedc, 0xaedc, 0xaedc, 0xaedc, 0xaedc, 0xaedc, 0xaedc, 0xaedc, 0xaedc, 0xaedc, 
	0xaedc, 0xaedc, 0xaedc, 0xaedc, 0xaedc, 0xaedc, 0xaedc, 0xaedc, 0xaedc, 0xaedc, 0xaedc, 0xaedc, 0xaedc, 0xaedc, 0xaedc, 0xaedc, 
	0xaedc, 0xaedc, 0xaedc, 0xaedc, 0xaedc, 0xaedc, 0xaedc, 0xaedc, 0xaedc, 0xaedc, 0xaedc, 0xaedc, 0xaedc, 0xaedc, 0xaedc, 0xaedc, 
	0xaedc, 0xaedc, 0xaedc, 0xaedc, 0xaedc, 0xaedc, 0xaedc, 0xaedc, 0xaedc, 0xaedc, 0xaedc, 0xaedc, 0xaedc, 0xaedc, 0xaedc, 0xaedc, 
	0xaedc, 0xaedc, 0xaedc, 0xaedc, 0xaedc, 0xaedc, 0xaedc, 0xaedc, 0xaedc, 0xaedc, 0xaedc, 0xaedc, 0xaedc, 0xaedc, 0xaedc, 0xaedc, 
	0xaedc, 0xaedc, 0xaedc, 0xaedc, 0xaedc, 0xaedc, 0xaedc, 0xaedc, 0xaedc, 0xaedc, 0xaedc, 0xaedc, 0xaedc, 0xaedc, 0xaedc, 0xaedc, 
	0xaedc, 0xaedc, 0xaedc, 0xaedc, 0xaedc, 0xaedc, 0xaedc, 0xaedc, 0xaedc, 0xaedc, 0xaedc, 0xaedc, 0xaedc, 0xaedc, 0xaedc, 0xaedc, 
	0xaedc, 0xaedc, 0xaedc, 0xaedc, 0xaedc, 0xaedc, 0xaedc, 0xaedc, 0xaedc, 0xaedc, 0xaedc, 0xaedc, 0xaedc, 0xaedc, 0xaedc, 0xaedc, 
	0xaedc, 0xaedc, 0xaedc, 0xaedc, 0xaedc, 0xaedc, 0xaedc, 0xaedc, 0xaedc, 0xaedc, 0xaedc, 0xaedc, 0xaedc, 0xaedc, 0xaedc, 0xaedc, 
	0xaedc, 0xaedc, 0xaedc, 0xaedc, 0xaedc, 0xaedc, 0xaedc, 0xaedc, 0xaedc, 0xaedc, 0xaedc, 0xaedc, 0xaedc, 0xaedc, 0xaedc, 0xaedc, 
	0xaedc, 0xaedc, 0xaedc, 0xaedc, 0xaedc, 0xaedc, 0xaedc, 0xaedc, 0xaedc, 0xaedc, 0xaedc, 0xaedc, 0xaedc, 0xaedc, 0xaedc, 0xaedc, 
	0xaedc, 0xaedc, 0xaedc, 0xaedc, 0xaedc, 0xaedc, 0xaedc, 0xaedc, 0xaedc, 0xaedc, 0xaedc, 0xaedc, 0xaedc, 0xaedc, 0xaedc, 0xaedc, 
	0xaedc, 0xaedc, 0xaedc, 0xaedc, 0xaedc, 0xaedc, 0xaedc, 0xaedc, 0xaedc, 0xaedc, 0xaedc, 0xaedc, 0xaedc, 0xaedc, 0xaedc, 0xaedc, 
	0xaedc, 0xaedc, 0xaedc, 0xaedc, 0xaedc, 0xaedc, 0xaedc, 0xaedc, 0xaedc, 0xaedc, 0xaedc, 0xaedc, 0xaedc, 0xaedc, 0xaedc, 0xaedc, 
	0xaedc, 0xaedc, 0xaedc, 0xaedc, 0xaedc, 0xaedc, 0xaedc, 0xaedc, 0xaedc, 0xaedc, 0xaedc, 0xaedc, 0xaedc, 0xaedc, 0xaedc, 0xaedc, 
	0xaedc, 0xaedc, 0xaedc, 0xaedc, 0xaedc, 0xaedc, 0xaedc, 0xaedc, 0xaedc, 0xaedc, 0xaedc, 0xaedc, 0xaedc, 0xaedc, 0xaedc, 0xaedc, 
	0xaedc, 0xaedc, 0xaedc, 0xaedc, 0xaedc, 0xaedc, 0xaedc, 0xaedc, 0xaedc, 0xaedc, 0xaedc, 0xaedc, 0xaedc, 0xaedc, 0xaedc, 0xaedc, 
	0xaedc, 0xaedc, 0xaedc, 0xaedc, 0xaedc, 0xaedc, 0xaedc, 0xaedc, 0xaedc, 0xaedc, 0xaedc, 0xaedc, 0xaedc, 0xaedc, 0xaedc, 0xaedc, 
	0xaedc, 0xaedc, 0xaedc, 0xaedc, 0xaedc, 0xaedc, 0xaedc, 0xaedc, 0xaedc, 0xaedc, 0xaedc, 0xaedc, 0xaedc, 0xaedc, 0xaedc, 0xaedc, 
	0xaedc, 0xaedc, 0xaedc, 0xaedc, 0xaedc, 0xaedc, 0xaedc, 0xaedc, 0xaedc, 0xaedc, 0xaedc, 0xaedc, 0xaedc, 0xaedc, 0xaedc, 0xaedc, 
	0xaedc, 0xaedc, 0xaedc, 0xaedc, 0xaedc, 0xaedc, 0xaedc, 0xaedc, 0xaedc, 0xaedc, 0xaedc, 0xaedc, 0xaedc, 0xaedc, 0xaedc, 0xaedc, 
	0xaedc, 0xaedc, 0xaedc, 0xaedc, 0xaedc, 0xaedc, 0xaedc, 0xaedc, 0xaedc, 0xaedc, 0xaedc, 0xaedc, 0xaedc, 0xaedc, 0xaedc, 0xaedc, 
	0xaedc, 0xaedc, 0xaedc, 0xaedc, 0xaedc, 0xaedc, 0xaedc, 0xaedc, 0xaedc, 0xaedc, 0xaedc, 0xaedc, 0xaedc, 0xaedc, 0xaedc, 0xaedc, 
	0xaedc, 0xaedc, 0xaedc, 0xaedc, 0xaedc, 0xaedc, 0xaedc, 0xaedc, 0xaedc, 0xaedc, 0xaedc, 0xaedc, 0xaedc, 0xaedc, 0xaedc, 0xaedc, 
	0xaedc, 0xaedc, 0xaedc, 0xaedc, 0xaedc, 0xaedc, 0xaedc, 0xaedc, 0xaedc, 0xaedc, 0xaedc, 0xaedc, 0xaedc, 0xaedc, 0xaedc, 0xaedc, 
	0xaedc, 0xaedc, 0xaedc, 0xaedc, 0xaedc, 0xaedc, 0xaedc, 0xaedc, 0xaedc, 0xaedc, 0xaedc, 0xaedc, 0xaedc, 0xaedc, 0xaedc, 0xaedc, 
	0xaedc, 0xaedc, 0xaedc, 0xaedc, 0xaedc, 0xaedc, 0xaedc, 0xaedc, 0xaedc, 0xaedc, 0xaedc, 0xaedc, 0xaedc, 0xaedc, 0xaedc, 0xaedc, 
	0xaedc, 0xaedc, 0xaedc, 0xaedc, 0xaedc, 0xaedc, 0xaedc, 0xaedc, 0xaedc, 0xaedc, 0xaedc, 0xaedc, 0xaedc, 0xaedc, 0xaedc, 0xaedc, 
	0xaedc, 0xaedc, 0xaedc, 0xaedc, 0xaedc, 0xaedc, 0xaedc, 0xaedc, 0xaedc, 0xaedc, 0xaedc, 0xaedc, 0xaedc, 0xaedc, 0xaedc, 0xaedc, 
	0xaedc, 0xaedc, 0xaedc, 0xaedc, 0xaedc, 0xaedc, 0xaedc, 0xaedc, 0xaedc, 0xaedc, 0xaedc, 0xaedc, 0xaedc, 0xaedc, 0xaedc, 0xaedc, 
	0xaedc, 0xaedc, 0xaedc, 0xaedc, 0xaedc, 0xaedc, 0xaedc, 0xaedc, 0xaedc, 0xaedc, 0xaedc, 0xaedc, 0xaedc, 0xaedc, 0xaedc, 0xaedc, 
	0xaedc, 0xaedc, 0xaedc, 0xaedc, 0xaedc, 0xaedc, 0xaedc, 0xaedc, 0xaedc, 0xaedc, 0xaedc, 0xaedc, 0xaedc, 0xaedc, 0xaedc, 0xaedc, 
	0xaedc, 0xaedc, 0xaedc, 0xaedc, 0xaedc, 0xaedc, 0xaedc, 0xaedc, 0xaedc, 0xaedc, 0xaedc, 0xaedc, 0xaedc, 0xaedc, 0xaedc, 0xaedc, 
	0xaedc, 0xaedc, 0xaedc, 0xaedc, 0xaedc, 0xaedc, 0xaedc, 0xaedc, 0xaedc, 0xaedc, 0xaedc, 0xaedc, 0xaedc, 0xaedc, 0xaedc, 0xaedc, 
	0xaedc, 0xaedc, 0xaedc, 0xaedc, 0xaedc, 0xaedc, 0xaedc, 0xaedc, 0xaedc, 0xaedc, 0xaedc, 0xaedc, 0xaedc, 0xaedc, 0xaedc, 0xaedc, 
	0xaedc, 0xaedc, 0xaedc, 0xaedc, 0xaedc, 0xaedc, 0xaedc, 0xaedc, 0xaedc, 0xaedc, 0xaedc, 0xaedc, 0xaedc, 0xaedc, 0xaedc, 0xaedc, 
	0xaedc, 0xaedc, 0xaedc, 0xaedc, 0xaedc, 0xaedc, 0xaedc, 0xaedc, 0xaedc, 0xaedc, 0xaedc, 0xaedc, 0xaedc, 0xaedc, 0xaedc, 0xaedc, 
	0xaedc, 0xaedc, 0xaedc, 0xaedc, 0xaedc, 0xaedc, 0xaedc, 0xaedc, 0xaedc, 0xaedc, 0xaedc, 0xaedc, 0xaedc, 0xaedc, 0xaedc, 0xaedc, 
	0xaedc, 0xaedc, 0xaedc, 0xaedc, 0xaedc, 0xaedc, 0xaedc, 0xaedc, 0xaedc, 0xaedc, 0xaedc, 0xaedc, 0xaedc, 0xaedc, 0xaedc, 0xaedc, 
	0xaedc, 0xaedc, 0xaedc, 0xaedc, 0xaedc, 0xaedc, 0xaedc, 0xaedc, 0xaedc, 0xaedc, 0xaedc, 0xaedc, 0xaedc, 0xaedc, 0xaedc, 0xaedc, 
	0xaedc, 0xaedc, 0xaedc, 0xaedc, 0xaedc, 0xaedc, 0xaedc, 0xaedc, 0xaedc, 0xaedc, 0xaedc, 0xaedc, 0xaedc, 0xaedc, 0xaedc, 0xaedc, 
	0xaedc, 0xaedc, 0xaedc, 0xaedc, 0xaedc, 0xaedc, 0xaedc, 0xaedc, 0xaedc, 0xaedc, 0xaedc, 0xaedc, 0xaedc, 0xaedc, 0xaedc, 0xaedc, 
	0xaedc, 0xaedc, 0xaedc, 0xaedc, 0xaedc, 0xaedc, 0xaedc, 0xaedc, 0xaedc, 0xaedc, 0xaedc, 0xaedc, 0xaedc, 0xaedc, 0xaedc, 0xaedc, 
	0xaedc, 0xaedc, 0xaedc, 0xaedc, 0xaedc, 0xaedc, 0xaedc, 0xaedc, 0xaedc, 0xaedc, 0xaedc, 0xaedc, 0xaedc, 0xaedc, 0xaedc, 0xaedc, 
	0xaedc, 0xaedc, 0xaedc, 0xaedc, 0xaedc, 0xaedc, 0xaedc, 0xaedc, 0xaedc, 0xaedc, 0xaedc, 0xaedc, 0xaedc, 0xaedc, 0xaedc, 0xaedc, 
	0xaedc, 0xaedc, 0xaedc, 0xaedc, 0xaedc, 0xaedc, 0xaedc, 0xaedc, 0xaedc, 0xaedc, 0xaedc, 0xaedc, 0xaedc, 0xaedc, 0xaedc, 0xaedc, 
	0xaedc, 0xaedc, 0xaedc, 0xaedc, 0xaedc, 0xaedc, 0xaedc, 0xaedc, 0xaedc, 0xaedc, 0xaedc, 0xaedc, 0xaedc, 0xaedc, 0xaedc, 0xaedc, 
	0xaedc, 0xaedc, 0xaedc, 0xaedc, 0xaedc, 0xaedc, 0xaedc, 0xaedc, 0xaedc, 0xaedc, 0xaedc, 0xaedc, 0xaedc, 0xaedc, 0xaedc, 0xaedc, 
	0xaedc, 0xaedc, 0xaedc, 0xaedc, 0xaedc, 0xaedc, 0xaedc, 0xaedc, 0xaedc, 0xaedc, 0xaedc, 0xaedc, 0xaedc, 0xaedc, 0xaedc, 0xaedc, 
	0xaedc, 0xaedc, 0xaedc, 0xaedc, 0xaedc, 0xaedc, 0xaedc, 0xaedc, 0xaedc, 0xaedc, 0xaedc, 0xaedc, 0xaedc, 0xaedc, 0xaedc, 0xaedc, 
	0xaedc, 0xaedc, 0xaedc, 0xaedc, 0xaedc, 0xaedc, 0xaedc, 0xaedc, 0xaedc, 0xaedc, 0xaedc, 0xaedc, 0xaedc, 0xaedc, 0xaedc, 0xaedc, 
	0xaedc, 0xaedc, 0xaedc, 0xaedc, 0xaedc, 0xaedc, 0xaedc, 0xaedc, 0xaedc, 0xaedc, 0xaedc, 0xaedc, 0xaedc, 0xaedc, 0xaedc, 0xaedc, 
	0xaedc, 0xaedc, 0xaedc, 0xaedc, 0xaedc, 0xaedc, 0xaedc, 0xaedc, 0xaedc, 0xaedc, 0xaedc, 0xaedc, 0xaedc, 0xaedc, 0xaedc, 0xaedc, 
	0xaedc, 0xaedc, 0xaedc, 0xaedc, 0xaedc, 0xaedc, 0xaedc, 0xaedc, 0xaedc, 0xaedc, 0xaedc, 0xaedc, 0xaedc, 0xaedc, 0xaedc, 0xaedc, 
	0xaedc, 0xaedc, 0xaedc, 0xaedc, 0xaedc, 0xaedc, 0xaedc, 0xaedc, 0xaedc, 0xaedc, 0xaedc, 0xaedc, 0xaedc, 0xaedc, 0xaedc, 0xaedc, 
	0xaedc, 0xaedc, 0xaedc, 0xaedc, 0xaedc, 0xaedc, 0xaedc, 0xaedc, 0xaedc, 0xaedc, 0xaedc, 0xaedc, 0xaedc, 0xaedc, 0xaedc, 0xaedc, 
	0xaedc, 0xaedc, 0xaedc, 0xaedc, 0xaedc, 0xaedc, 0xaedc, 0xaedc, 0xaedc, 0xaedc, 0xaedc, 0xaedc, 0xaedc, 0xaedc, 0xaedc, 0xaedc, 
	0xaedc, 0xaedc, 0xaedc, 0xaedc, 0xaedc, 0xaedc, 0xaedc, 0xaedc, 0xaedc, 0xaedc, 0xaedc, 0xaedc, 0xaedc, 0xaedc, 0xaedc, 0xaedc, 
	0xaedc, 0xaedc, 0xaedc, 0xaedc, 0xaedc, 0xaedc, 0xaedc, 0xaedc, 0xaedc, 0xaedc, 0xaedc, 0xaedc, 0xaedc, 0xaedc, 0xaedc, 0xaedc, 
	0xaedc, 0xaedc, 0xaedc, 0xaedc, 0xaedc, 0xaedc, 0xaedc, 0xaedc, 0xaedc, 0xaedc, 0xaedc, 0xaedc, 0xaedc, 0xaedc, 0xaedc, 0xaedc, 
	0xaedc, 0xaedc, 0xaedc, 0xaedc, 0xaedc, 0xaedc, 0xaedc, 0xaedc, 0xaedc, 0xaedc, 0xaedc, 0xaedc, 0xaedc, 0xaedc, 0xaedc, 0xaedc, 
	0xaedc, 0xaedc, 0xaedc, 0xaedc, 0xaedc, 0xaedc, 0xaedc, 0xaedc, 0xaedc, 0xaedc, 0xaedc, 0xaedc, 0xaedc, 0xaedc, 0xaedc, 0xaedc, 
	0xaedc, 0xaedc, 0xaedc, 0xaedc, 0xaedc, 0xaedc, 0xaedc, 0xaedc, 0xaedc, 0xaedc, 0xaedc, 0xaedc, 0xaedc, 0xaedc, 0xaedc, 0xaedc, 
	0xaedc, 0xaedc, 0xaedc, 0xaedc, 0xaedc, 0xaedc, 0xaedc, 0xaedc, 0xaedc, 0xaedc, 0xaedc, 0xaedc, 0xaedc, 0xaedc, 0xaedc, 0xaedc, 
	0xaedc, 0xaedc, 0xaedc, 0xaedc, 0xaedc, 0xaedc, 0xaedc, 0xaedc, 0xaedc, 0xaedc, 0xaedc, 0xaedc, 0xaedc, 0xaedc, 0xaedc, 0xaedc, 
	0xaedc, 0xaedc, 0xaedc, 0xaedc, 0xaedc, 0xaedc, 0xaedc, 0xaedc, 0xaedc, 0xaedc, 0xaedc, 0xaedc, 0xaedc, 0xaedc, 0xaedc, 0xaedc, 
	0xaedc, 0xaedc, 0xaedc, 0xaedc, 0xaedc, 0xaedc, 0xaedc, 0xaedc, 0xaedc, 0xaedc, 0xaedc, 0xaedc, 0xaedc, 0xaedc, 0xaedc, 0xaedc, 
	0xaedc, 0xaedc, 0xaedc, 0xaedc, 0xaedc, 0xaedc, 0xaedc, 0xaedc, 0xaedc, 0xaedc, 0xaedc, 0xaedc, 0xaedc, 0xaedc, 0xaedc, 0xaedc, 
	0xaedc, 0xaedc, 0xaedc, 0xaedc, 0xaedc, 0xaedc, 0xaedc, 0xaedc, 0xaedc, 0xaedc, 0xaedc, 0xaedc, 0xaedc, 0xaedc, 0xaedc, 0xaedc, 
	0xaedc, 0xaedc, 0xaedc, 0xaedc, 0xaedc, 0xaedc, 0xaedc, 0xaedc, 0xaedc, 0xaedc, 0xaedc, 0xaedc, 0xaedc, 0xaedc, 0xaedc, 0xaedc, 
	0xaedc, 0xaedc, 0xaedc, 0xaedc, 0xaedc, 0xaedc, 0xaedc, 0xaedc, 0xaedc, 0xaedc, 0xaedc, 0xaedc, 0xaedc, 0xaedc, 0xaedc, 0xaedc, 
	0xaedc, 0xaedc, 0xaedc, 0xaedc, 0xaedc, 0xaedc, 0xaedc, 0xaedc, 0xaedc, 0xaedc, 0xaedc, 0xaedc, 0xaedc, 0xaedc, 0xaedc, 0xaedc, 
	0xaedc, 0xaedc, 0xaedc, 0xaedc, 0xaedc, 0xaedc, 0xaedc, 0xaedc, 0xaedc, 0xaedc, 0xaedc, 0xaedc, 0xaedc, 0xaedc, 0xaedc, 0xaedc, 
	0xaedc, 0xaedc, 0xaedc, 0xaedc, 0xaedc, 0xaedc, 0xaedc, 0xaedc, 0xaedc, 0xaedc, 0xaedc, 0xaedc, 0xaedc, 0xaedc, 0xaedc, 0xaedc, 
	0xaedc, 0xaedc, 0xaedc, 0xaedc, 0xaedc, 0xaedc, 0xaedc, 0xaedc, 0xaedc, 0xaedc, 0xaedc, 0xaedc, 0xaedc, 0xaedc, 0xaedc, 0xaedc, 
	0xaedc, 0xaedc, 0xaedc, 0xaedc, 0xaedc, 0xaedc, 0xaedc, 0xaedc, 0xaedc, 0xaedc, 0xaedc, 0xaedc, 0xaedc, 0xaedc, 0xaedc, 0xaedc, 
	0xaedc, 0xaedc, 0xaedc, 0xaedc, 0xaedc, 0xaedc, 0xaedc, 0xaedc, 0xaedc, 0xaedc, 0xaedc, 0xaedc, 0xaedc, 0xaedc, 0xaedc, 0xaedc, 
	0xaedc, 0xaedc, 0xaedc, 0xaedc, 0xaedc, 0xaedc, 0xaedc, 0xaedc, 0xaedc, 0xaedc, 0xaedc, 0xaedc, 0xaedc, 0xaedc, 0xaedc, 0xaedc, 
	0xaedc, 0xaedc, 0xaedc, 0xaedc, 0xaedc, 0xaedc, 0xaedc, 0xaedc, 0xaedc, 0xaedc, 0xaedc, 0xaedc, 0xaedc, 0xaedc, 0xaedc, 0xaedc, 
	0xaedc, 0xaedc, 0xaedc, 0xaedc, 0xaedc, 0xaedc, 0xaedc, 0xaedc, 0xaedc, 0xaedc, 0xaedc, 0xaedc, 0xaedc, 0xaedc, 0xaedc, 0xaedc, 
	0xaedc, 0xaedc, 0xaedc, 0xaedc, 0xaedc, 0xaedc, 0xaedc, 0xaedc, 0xaedc, 0xaedc, 0xaedc, 0xaedc, 0xaedc, 0xaedc, 0xaedc, 0xaedc, 
	0xaedc, 0xaedc, 0xaedc, 0xaedc, 0xaedc, 0xaedc, 0xaedc, 0xaedc, 0xaedc, 0xaedc, 0xaedc, 0xaedc, 0xaedc, 0xaedc, 0xaedc, 0xaedc, 
	0xaedc, 0xaedc, 0xaedc, 0xaedc, 0xaedc, 0xaedc, 0xaedc, 0xaedc, 0xaedc, 0xaedc, 0xaedc, 0xaedc, 0xaedc, 0xaedc, 0xaedc, 0xaedc, 
	0xaedc, 0xaedc, 0xaedc, 0xaedc, 0xaedc, 0xaedc, 0xaedc, 0xaedc, 0xaedc, 0xaedc, 0xaedc, 0xaedc, 0xaedc, 0xaedc, 0xaedc, 0xaedc, 
	0xaedc, 0xaedc, 0xaedc, 0xaedc, 0xaedc, 0xaedc, 0xaedc, 0xaedc, 0xaedc, 0xaedc, 0xaedc, 0xaedc, 0xaedc, 0xaedc, 0xaedc, 0xaedc, 
	0xaedc, 0xaedc, 0xaedc, 0xaedc, 0xaedc, 0xaedc, 0xaedc, 0xaedc, 0xaedc, 0xaedc, 0xaedc, 0xaedc, 0xaedc, 0xaedc, 0xaedc, 0xaedc, 
	0xaedc, 0xaedc, 0xaedc, 0xaedc, 0xaedc, 0xaedc, 0xaedc, 0xaedc, 0xaedc, 0xaedc, 0xaedc, 0xaedc, 0xaedc, 0xaedc, 0xaedc, 0xaedc, 
	0xaedc, 0xaedc, 0xaedc, 0xaedc, 0xaedc, 0xaedc, 0xaedc, 0xaedc, 0xaedc, 0xaedc, 0xaedc, 0xaedc, 0xaedc, 0xaedc, 0xaedc, 0xaedc, 
	0xaedc, 0xaedc, 0xaedc, 0xaedc, 0xaedc, 0xaedc, 0xaedc, 0xaedc, 0xaedc, 0xaedc, 0xaedc, 0xaedc, 0xaedc, 0xaedc, 0xaedc, 0xaedc, 
	0xaedc, 0xaedc, 0xaedc, 0xaedc, 0xaedc, 0xaedc, 0xaedc, 0xaedc, 0xaedc, 0xaedc, 0xaedc, 0xaedc, 0xaedc, 0xaedc, 0xaedc, 0xaedc, 
	0xaedc, 0xaedc, 0xaedc, 0xaedc, 0xaedc, 0xaedc, 0xaedc, 0xaedc, 0xaedc, 0xaedc, 0xaedc, 0xaedc, 0xaedc, 0xaedc, 0xaedc, 0xaedc, 
	0xaedc, 0xaedc, 0xaedc, 0xaedc, 0xaedc, 0xaedc, 0xaedc, 0xaedc, 0xaedc, 0xaedc, 0xaedc, 0xaedc, 0xaedc, 0xaedc, 0xaedc, 0xaedc, 
	0xaedc, 0xaedc, 0xaedc, 0xaedc, 0xaedc, 0xaedc, 0xaedc, 0xaedc, 0xaedc, 0xaedc, 0xaedc, 0xaedc, 0xaedc, 0xaedc, 0xaedc, 0xaedc, 
	0xaedc, 0xaedc, 0xaedc, 0xaedc, 0xaedc, 0xaedc, 0xaedc, 0xaedc, 0xaedc, 0xaedc, 0xaedc, 0xaedc, 0xaedc, 0xaedc, 0xaedc, 0xaedc, 
	0xaedc, 0xaedc, 0xaedc, 0xaedc, 0xaedc, 0xaedc, 0xaedc, 0xaedc, 0xaedc, 0xaedc, 0xaedc, 0xaedc, 0xaedc, 0xaedc, 0xaedc, 0xaedc, 
	0xaedc, 0xaedc, 0xaedc, 0xaedc, 0xaedc, 0xaedc, 0xaedc, 0xaedc, 0xaedc, 0xaedc, 0xaedc, 0xaedc, 0xaedc, 0xaedc, 0xaedc, 0xaedc, 
	0xaedc, 0xaedc, 0xaedc, 0xaedc, 0xaedc, 0xaedc, 0xaedc, 0xaedc, 0xaedc, 0xaedc, 0xaedc, 0xaedc, 0xaedc, 0xaedc, 0xaedc, 0xaedc, 
	0xaedc, 0xaedc, 0xaedc, 0xaedc, 0xaedc, 0xaedc, 0xaedc, 0xaedc, 0xaedc, 0xaedc, 0xaedc, 0xaedc, 0xaedc, 0xaedc, 0xaedc, 0xaedc, 
	0xaedc, 0xaedc, 0xaedc, 0xaedc, 0xaedc, 0xaedc, 0xaedc, 0xaedc, 0xaedc, 0xaedc, 0xaedc, 0xaedc, 0xaedc, 0xaedc, 0xaedc, 0xaedc, 
	0xaedc, 0xaedc, 0xaedc, 0xaedc, 0xaedc, 0xaedc, 0xaedc, 0xaedc, 0xaedc, 0xaedc, 0xaedc, 0xaedc, 0xaedc, 0xaedc, 0xaedc, 0xaedc, 
	0xaedc, 0xaedc, 0xaedc, 0xaedc, 0xaedc, 0xaedc, 0xaedc, 0xaedc, 0xaedc, 0xaedc, 0xaedc, 0xaedc, 0xaedc, 0xaedc, 0xaedc, 0xaedc, 
	0xaedc, 0xaedc, 0xaedc, 0xaedc, 0xaedc, 0xaedc, 0xaedc, 0xaedc, 0xaedc, 0xaedc, 0xaedc, 0xaedc, 0xaedc, 0xaedc, 0xaedc, 0xaedc, 
	0xaedc, 0xaedc, 0xaedc, 0xaedc, 0xaedc, 0xaedc, 0xaedc, 0xaedc, 0xaedc, 0xaedc, 0xaedc, 0xaedc, 0xaedc, 0xaedc, 0xaedc, 0xaedc, 
	0xaedc, 0xaedc, 0xaedc, 0xaedc, 0xaedc, 0xaedc, 0xaedc, 0xaedc, 0xaedc, 0xaedc, 0xaedc, 0xaedc, 0xaedc, 0xaedc, 0xaedc, 0xaedc, 
	0xaedc, 0xaedc, 0xaedc, 0xaedc, 0xaedc, 0xaedc, 0xaedc, 0xaedc, 0xaedc, 0xaedc, 0xaedc, 0xaedc, 0xaedc, 0xaedc, 0xaedc, 0xaedc, 
	0xaedc, 0xaedc, 0xaedc, 0xaedc, 0xaedc, 0xaedc, 0xaedc, 0xaedc, 0xaedc, 0xaedc, 0xaedc, 0xaedc, 0xaedc, 0xaedc, 0xaedc, 0xaedc, 
	0xaedc, 0xaedc, 0xaedc, 0xaedc, 0xaedc, 0xaedc, 0xaedc, 0xaedc, 0xaedc, 0xaedc, 0xaedc, 0xaedc, 0xaedc, 0xaedc, 0xaedc, 0xaedc, 
	0xaedc, 0xaedc, 0xaedc, 0xaedc, 0xaedc, 0xaedc, 0xaedc, 0xaedc, 0xaedc, 0xaedc, 0xaedc, 0xaedc, 0xaedc, 0xaedc, 0xaedc, 0xaedc, 
	0xaedc, 0xaedc, 0xaedc, 0xaedc, 0xaedc, 0xaedc, 0xaedc, 0xaedc, 0xaedc, 0xaedc, 0xaedc, 0xaedc, 0xaedc, 0xaedc, 0xaedc, 0xaedc, 
	0xaedc, 0xaedc, 0xaedc, 0xaedc, 0xaedc, 0xaedc, 0xaedc, 0xaedc, 0xaedc, 0xaedc, 0xaedc, 0xaedc, 0xaedc, 0xaedc, 0xaedc, 0xaedc, 
	0xaedc, 0xaedc, 0xaedc, 0xaedc, 0xaedc, 0xaedc, 0xaedc, 0xaedc, 0xaedc, 0xaedc, 0xaedc, 0xaedc, 0xaedc, 0xaedc, 0xaedc, 0xaedc, 
	0xaedc, 0xaedc, 0xaedc, 0xaedc, 0xaedc, 0xaedc, 0xaedc, 0xaedc, 0xaedc, 0xaedc, 0xaedc, 0xaedc, 0xaedc, 0xaedc, 0xaedc, 0xaedc, 
	0xaedc, 0xaedc, 0xaedc, 0xaedc, 0xaedc, 0xaedc, 0xaedc, 0xaedc, 0xaedc, 0xaedc, 0xaedc, 0xaedc, 0xaedc, 0xaedc, 0xaedc, 0xaedc, 
	0xaedc, 0xaedc, 0xaedc, 0xaedc, 0xaedc, 0xaedc, 0xaedc, 0xaedc, 0xaedc, 0xaedc, 0xaedc, 0xaedc, 0xaedc, 0xaedc, 0xaedc, 0xaedc, 
	0xaedc, 0xaedc, 0xaedc, 0xaedc, 0xaedc, 0xaedc, 0xaedc, 0xaedc, 0xaedc, 0xaedc, 0xaedc, 0xaedc, 0xaedc, 0xaedc, 0xaedc, 0xaedc, 
	0xaedc, 0xaedc, 0xaedc, 0xaedc, 0xaedc, 0xaedc, 0xaedc, 0xaedc, 0xaedc, 0xaedc, 0xaedc, 0xaedc, 0xaedc, 0xaedc, 0xaedc, 0xaedc, 
	0xaedc, 0xaedc, 0xaedc, 0xaedc, 0xaedc, 0xaedc, 0xaedc, 0xaedc, 0xaedc, 0xaedc, 0xaedc, 0xaedc, 0xaedc, 0xaedc, 0xaedc, 0xaedc, 
	0xaedc, 0xaedc, 0xaedc, 0xaedc, 0xaedc, 0xaedc, 0xaedc, 0xaedc, 0xaedc, 0xaedc, 0xaedc, 0xaedc, 0xaedc, 0xaedc, 0xaedc, 0xaedc, 
	0xaedc, 0xaedc, 0xaedc, 0xaedc, 0xaedc, 0xaedc, 0xaedc, 0xaedc, 0xaedc, 0xaedc, 0xaedc, 0xaedc, 0xaedc, 0xaedc, 0xaedc, 0xaedc, 
	0xaedc, 0xaedc, 0xaedc, 0xaedc, 0xaedc, 0xaedc, 0xaedc, 0xaedc, 0xaedc, 0xaedc, 0xaedc, 0xaedc, 0xaedc, 0xaedc, 0xaedc, 0xaedc, 
	0xaedc, 0xaedc, 0xaedc, 0xaedc, 0xaedc, 0xaedc, 0xaedc, 0xaedc, 0xaedc, 0xaedc, 0xaedc, 0xaedc, 0xaedc, 0xaedc, 0xaedc, 0xaedc, 
	0xaedc, 0xaedc, 0xaedc, 0xaedc, 0xaedc, 0xaedc, 0xaedc, 0xaedc, 0xaedc, 0xaedc, 0xaedc, 0xaedc, 0xaedc, 0xaedc, 0xaedc, 0xaedc, 
	0xaedc, 0xaedc, 0xaedc, 0xaedc, 0xaedc, 0xaedc, 0xaedc, 0xaedc, 0xaedc, 0xaedc, 0xaedc, 0xaedc, 0xaedc, 0xaedc, 0xaedc, 0xaedc, 
	0xaedc, 0xaedc, 0xaedc, 0xaedc, 0xaedc, 0xaedc, 0xaedc, 0xaedc, 0xaedc, 0xaedc, 0xaedc, 0xaedc, 0xaedc, 0xaedc, 0xaedc, 0xaedc, 
	0xaedc, 0xaedc, 0xaedc, 0xaedc, 0xaedc, 0xaedc, 0xaedc, 0xaedc, 0xaedc, 0xaedc, 0xaedc, 0xaedc, 0xaedc, 0xaedc, 0xaedc, 0xaedc, 
	0xaedc, 0xaedc, 0xaedc, 0xaedc, 0xaedc, 0xaedc, 0xaedc, 0xaedc, 0xaedc, 0xaedc, 0xaedc, 0xaedc, 0xaedc, 0xaedc, 0xaedc, 0xaedc, 
	0xaedc, 0xaedc, 0xaedc, 0xaedc, 0xaedc, 0xaedc, 0xaedc, 0xaedc, 0xaedc, 0xaedc, 0xaedc, 0xaedc, 0xaedc, 0xaedc, 0xaedc, 0xaedc, 
	0xaedc, 0xaedc, 0xaedc, 0xaedc, 0xaedc, 0xaedc, 0xaedc, 0xaedc, 0xaedc, 0xaedc, 0xaedc, 0xaedc, 0xaedc, 0xaedc, 0xaedc, 0xaedc, 
	0xaedc, 0xaedc, 0xaedc, 0xaedc, 0xaedc, 0xaedc, 0xaedc, 0xaedc, 0xaedc, 0xaedc, 0xaedc, 0xaedc, 0xaedc, 0xaedc, 0xaedc, 0xaedc, 
	0xaedc, 0xaedc, 0xaedc, 0xaedc, 0xaedc, 0xaedc, 0xaedc, 0xaedc, 0xaedc, 0xaedc, 0xaedc, 0xaedc, 0xaedc, 0xaedc, 0xaedc, 0xaedc, 
	0xaedc, 0xaedc, 0xaedc, 0xaedc, 0xaedc, 0xaedc, 0xaedc, 0xaedc, 0xaedc, 0xaedc, 0xaedc, 0xaedc, 0xaedc, 0xaedc, 0xaedc, 0xaedc, 
	0xaedc, 0xaedc, 0xaedc, 0xaedc, 0xaedc, 0xaedc, 0xaedc, 0xaedc, 0xaedc, 0xaedc, 0xaedc, 0xaedc, 0xaedc, 0xaedc, 0xaedc, 0xaedc, 
	0xaedc, 0xaedc, 0xaedc, 0xaedc, 0xaedc, 0xaedc, 0xaedc, 0xaedc, 0xaedc, 0xaedc, 0xaedc, 0xaedc, 0xaedc, 0xaedc, 0xaedc, 0xaedc, 
	0xaedc, 0xaedc, 0xaedc, 0xaedc, 0xaedc, 0xaedc, 0xaedc, 0xaedc, 0xaedc, 0xaedc, 0xaedc, 0xaedc, 0xaedc, 0xaedc, 0xaedc, 0xaedc, 
	0xaedc, 0xaedc, 0xaedc, 0xaedc, 0xaedc, 0xaedc, 0xaedc, 0xaedc, 0xaedc, 0xaedc, 0xaedc, 0xaedc, 0xaedc, 0xaedc, 0xaedc, 0xaedc, 
	0xaedc, 0xaedc, 0xaedc, 0xaedc, 0xaedc, 0xaedc, 0xaedc, 0xaedc, 0xaedc, 0xaedc, 0xaedc, 0xaedc, 0xaedc, 0xaedc, 0xaedc, 0xaedc, 
	0xaedc, 0xaedc, 0xaedc, 0xaedc, 0xaedc, 0xaedc, 0xaedc, 0xaedc, 0xaedc, 0xaedc, 0xaedc, 0xaedc, 0xaedc, 0xaedc, 0xaedc, 0xaedc, 
	0xaedc, 0xaedc, 0xaedc, 0xaedc, 0xaedc, 0xaedc, 0xaedc, 0xaedc, 0xaedc, 0xaedc, 0xaedc, 0xaedc, 0xaedc, 0xaedc, 0xaedc, 0xaedc, 
	0xaedc, 0xaedc, 0xaedc, 0xaedc, 0xaedc, 0xaedc, 0xaedc, 0xaedc, 0xaedc, 0xaedc, 0xaedc, 0xaedc, 0xaedc, 0xaedc, 0xaedc, 0xaedc, 
	0xaedc, 0xaedc, 0xaedc, 0xaedc, 0xaedc, 0xaedc, 0xaedc, 0xaedc, 0xaedc, 0xaedc, 0xaedc, 0xaedc, 0xaedc, 0xaedc, 0xaedc, 0xaedc, 
	0xaedc, 0xaedc, 0xaedc, 0xaedc, 0xaedc, 0xaedc, 0xaedc, 0xaedc, 0xaedc, 0xaedc, 0xaedc, 0xaedc, 0xaedc, 0xaedc, 0xaedc, 0xaedc, 
	0xaedc, 0xaedc, 0xaedc, 0xaedc, 0xaedc, 0xaedc, 0xaedc, 0xaedc, 0xaedc, 0xaedc, 0xaedc, 0xaedc, 0xaedc, 0xaedc, 0xaedc, 0xaedc, 
	0xaedc, 0xaedc, 0xaedc, 0xaedc, 0xaedc, 0xaedc, 0xaedc, 0xaedc, 0xaedc, 0xaedc, 0xaedc, 0xaedc, 0xaedc, 0xaedc, 0xaedc, 0xaedc, 
	0xaedc, 0xaedc, 0xaedc, 0xaedc, 0xaedc, 0xaedc, 0xaedc, 0xaedc, 0xaedc, 0xaedc, 0xaedc, 0xaedc, 0xaedc, 0xaedc, 0xaedc, 0xaedc, 
	0xaedc, 0xaedc, 0xaedc, 0xaedc, 0xaedc, 0xaedc, 0xaedc, 0xaedc, 0xaedc, 0xaedc, 0xaedc, 0xaedc, 0xaedc, 0xaedc, 0xaedc, 0xaedc, 
	0xaedc, 0xaedc, 0xaedc, 0xaedc, 0xaedc, 0xaedc, 0xaedc, 0xaedc, 0xaedc, 0xaedc, 0xaedc, 0xaedc, 0xaedc, 0xaedc, 0xaedc, 0xaedc, 
	0xaedc, 0xaedc, 0xaedc, 0xaedc, 0xaedc, 0xaedc, 0xaedc, 0xaedc, 0xaedc, 0xaedc, 0xaedc, 0xaedc, 0xaedc, 0xaedc, 0xaedc, 0xaedc, 
	0xaedc, 0xaedc, 0xaedc, 0xaedc, 0xaedc, 0xaedc, 0xaedc, 0xaedc, 0xaedc, 0xaedc, 0xaedc, 0xaedc, 0xaedc, 0xaedc, 0xaedc, 0xaedc, 
	0xaedc, 0xaedc, 0xaedc, 0xaedc, 0xaedc, 0xaedc, 0xaedc, 0xaedc, 0xaedc, 0xaedc, 0xaedc, 0xaedc, 0xaedc, 0xaedc, 0xaedc, 0xaedc, 
	0xaedc, 0xaedc, 0xaedc, 0xaedc, 0xaedc, 0xaedc, 0xaedc, 0xaedc, 0xaedc, 0xaedc, 0xaedc, 0xaedc, 0xaedc, 0xaedc, 0xaedc, 0xaedc, 
	0xaedc, 0xaedc, 0xaedc, 0xaedc, 0xaedc, 0xaedc, 0xaedc, 0xaedc, 0xaedc, 0xaedc, 0xaedc, 0xaedc, 0xaedc, 0xaedc, 0xaedc, 0xaedc, 
	0xaedc, 0xaedc, 0xaedc, 0xaedc, 0xaedc, 0xaedc, 0xaedc, 0xaedc, 0xaedc, 0xaedc, 0xaedc, 0xaedc, 0xaedc, 0xaedc, 0xaedc, 0xaedc, 
	0xaedc, 0xaedc, 0xaedc, 0xaedc, 0xaedc, 0xaedc, 0xaedc, 0xaedc, 0xaedc, 0xaedc, 0xaedc, 0xaedc, 0xaedc, 0xaedc, 0xaedc, 0xaedc, 
	0xaedc, 0xaedc, 0xaedc, 0xaedc, 0xaedc, 0xaedc, 0xaedc, 0xaedc, 0xaedc, 0xaedc, 0xaedc, 0xaedc, 0xaedc, 0xaedc, 0xaedc, 0xaedc, 
	0xaedc, 0xaedc, 0xaedc, 0xaedc, 0xaedc, 0xaedc, 0xaedc, 0xaedc, 0xaedc, 0xaedc, 0xaedc, 0xaedc, 0xaedc, 0xaedc, 0xaedc, 0xaedc, 
	0xaedc, 0xaedc, 0xaedc, 0xaedc, 0xaedc, 0xaedc, 0xaedc, 0xaedc, 0xaedc, 0xaedc, 0xaedc, 0xaedc, 0xaedc, 0xaedc, 0xaedc, 0xaedc, 
	0xaedc, 0xaedc, 0xaedc, 0xaedc, 0xaedc, 0xaedc, 0xaedc, 0xaedc, 0xaedc, 0xaedc, 0xaedc, 0xaedc, 0xaedc, 0xaedc, 0xaedc, 0xaedc, 
	0xaedc, 0xaedc, 0xaedc, 0xaedc, 0xaedc, 0xaedc, 0xaedc, 0xaedc, 0xaedc, 0xaedc, 0xaedc, 0xaedc, 0xaedc, 0xaedc, 0xaedc, 0xaedc, 
	0xaedc, 0xaedc, 0xaedc, 0xaedc, 0xaedc, 0xaedc, 0xaedc, 0xaedc, 0xaedc, 0xaedc, 0xaedc, 0xaedc, 0xaedc, 0xaedc, 0xaedc, 0xaedc, 
	0xaedc, 0xaedc, 0xaedc, 0xaedc, 0xaedc, 0xaedc, 0xaedc, 0xaedc, 0xaedc, 0xaedc, 0xaedc, 0xaedc, 0xaedc, 0xaedc, 0xaedc, 0xaedc, 
	0xaedc, 0xaedc, 0xaedc, 0xaedc, 0xaedc, 0xaedc, 0xaedc, 0xaedc, 0xaedc, 0xaedc, 0xaedc, 0xaedc, 0xaedc, 0xaedc, 0xaedc, 0xaedc, 
	0xaedc, 0xaedc, 0xaedc, 0xaedc, 0xaedc, 0xaedc, 0xaedc, 0xaedc, 0xaedc, 0xaedc, 0xaedc, 0xaedc, 0xaedc, 0xaedc, 0xaedc, 0xaedc, 
	0xaedc, 0xaedc, 0xaedc, 0xaedc, 0xaedc, 0xaedc, 0xaedc, 0xaedc, 0xaedc, 0xaedc, 0xaedc, 0xaedc, 0xaedc, 0xaedc, 0xaedc, 0xaedc, 
	0xaedc, 0xaedc, 0xaedc, 0xaedc, 0xaedc, 0xaedc, 0xaedc, 0xaedc, 0xaedc, 0xaedc, 0xaedc, 0xaedc, 0xaedc, 0xaedc, 0xaedc, 0xaedc, 
	0xaedc, 0xaedc, 0xaedc, 0xaedc, 0xaedc, 0xaedc, 0xaedc, 0xaedc, 0xaedc, 0xaedc, 0xaedc, 0xaedc, 0xaedc, 0xaedc, 0xaedc, 0xaedc, 
	0xaedc, 0xaedc, 0xaedc, 0xaedc, 0xaedc, 0xaedc, 0xaedc, 0xaedc, 0xaedc, 0xaedc, 0xaedc, 0xaedc, 0xaedc, 0xaedc, 0xaedc, 0xaedc, 
	0xaedc, 0xaedc, 0xaedc, 0xaedc, 0xaedc, 0xaedc, 0xaedc, 0xaedc, 0xaedc, 0xaedc, 0xaedc, 0xaedc, 0xaedc, 0xaedc, 0xaedc, 0xaedc, 
	0xaedc, 0xaedc, 0xaedc, 0xaedc, 0xaedc, 0xaedc, 0xaedc, 0xaedc, 0xaedc, 0xaedc, 0xaedc, 0xaedc, 0xaedc, 0xaedc, 0xaedc, 0xaedc, 
	0xaedc, 0xaedc, 0xaedc, 0xaedc, 0xaedc, 0xaedc, 0xaedc, 0xaedc, 0xaedc, 0xaedc, 0xaedc, 0xaedc, 0xaedc, 0xaedc, 0xaedc, 0xaedc, 
	0xaedc, 0xaedc, 0xaedc, 0xaedc, 0xaedc, 0xaedc, 0xaedc, 0xaedc, 0xaedc, 0xaedc, 0xaedc, 0xaedc, 0xaedc, 0xaedc, 0xaedc, 0xaedc, 
	0xaedc, 0xaedc, 0xaedc, 0xaedc, 0xaedc, 0xaedc, 0xaedc, 0xaedc, 0xaedc, 0xaedc, 0xaedc, 0xaedc, 0xaedc, 0xaedc, 0xaedc, 0xaedc, 
	0xaedc, 0xaedc, 0xaedc, 0xaedc, 0xaedc, 0xaedc, 0xaedc, 0xaedc, 0xaedc, 0xaedc, 0xaedc, 0xaedc, 0xaedc, 0xaedc, 0xaedc, 0xaedc, 
	0xaedc, 0xaedc, 0xaedc, 0xaedc, 0xaedc, 0xaedc, 0xaedc, 0xaedc, 0xaedc, 0xaedc, 0xaedc, 0xaedc, 0xaedc, 0xaedc, 0xaedc, 0xaedc, 
	0xaedc, 0xaedc, 0xaedc, 0xaedc, 0xaedc, 0xaedc, 0xaedc, 0xaedc, 0xaedc, 0xaedc, 0xaedc, 0xaedc, 0xaedc, 0xaedc, 0xaedc, 0xaedc, 
	0xaedc, 0xaedc, 0xaedc, 0xaedc, 0xaedc, 0xaedc, 0xaedc, 0xaedc, 0xaedc, 0xaedc, 0xaedc, 0xaedc, 0xaedc, 0xaedc, 0xaedc, 0xaedc, 
	0xaedc, 0xaedc, 0xaedc, 0xaedc, 0xaedc, 0xaedc, 0xaedc, 0xaedc, 0xaedc, 0xaedc, 0xaedc, 0xaedc, 0xaedc, 0xaedc, 0xaedc, 0xaedc, 
	0xaedc, 0xaedc, 0xaedc, 0xaedc, 0xaedc, 0xaedc, 0xaedc, 0xaedc, 0xaedc, 0xaedc, 0xaedc, 0xaedc, 0xaedc, 0xaedc, 0xaedc, 0xaedc, 
	0xaedc, 0xaedc, 0xaedc, 0xaedc, 0xaedc, 0xaedc, 0xaedc, 0xaedc, 0xaedc, 0xaedc, 0xaedc, 0xaedc, 0xaedc, 0xaedc, 0xaedc, 0xaedc, 
	0xaedc, 0xaedc, 0xaedc, 0xaedc, 0xaedc, 0xaedc, 0xaedc, 0xaedc, 0xaedc, 0xaedc, 0xaedc, 0xaedc, 0xaedc, 0xaedc, 0xaedc, 0xaedc, 
	0xaedc, 0xaedc, 0xaedc, 0xaedc, 0xaedc, 0xaedc, 0xaedc, 0xaedc, 0xaedc, 0xaedc, 0xaedc, 0xaedc, 0xaedc, 0xaedc, 0xaedc, 0xaedc, 
	0xaedc, 0xaedc, 0xaedc, 0xaedc, 0xaedc, 0xaedc, 0xaedc, 0xaedc, 0xaedc, 0xaedc, 0xaedc, 0xaedc, 0xaedc, 0xaedc, 0xaedc, 0xaedc, 
	0xaedc, 0xaedc, 0xaedc, 0xaedc, 0xaedc, 0xaedc, 0xaedc, 0xaedc, 0xaedc, 0xaedc, 0xaedc, 0xaedc, 0xaedc, 0xaedc, 0xaedc, 0xaedc, 
	0xaedc, 0xaedc, 0xaedc, 0xaedc, 0xaedc, 0xaedc, 0xaedc, 0xaedc, 0xaedc, 0xaedc, 0xaedc, 0xaedc, 0xaedc, 0xaedc, 0xaedc, 0xaedc, 
	0xaedc, 0xaedc, 0xaedc, 0xaedc, 0xaedc, 0xaedc, 0xaedc, 0xaedc, 0xaedc, 0xaedc, 0xaedc, 0xaedc, 0xaedc, 0xaedc, 0xaedc, 0xaedc, 
	0xaedc, 0xaedc, 0xaedc, 0xaedc, 0xaedc, 0xaedc, 0xaedc, 0xaedc, 0xaedc, 0xaedc, 0xaedc, 0xaedc, 0xaedc, 0xaedc, 0xaedc, 0xaedc, 
	0xaedc, 0xaedc, 0xaedc, 0xaedc, 0xaedc, 0xaedc, 0xaedc, 0xaedc, 0xaedc, 0xaedc, 0xaedc, 0xaedc, 0xaedc, 0xaedc, 0xaedc, 0xaedc, 
	0xaedc, 0xaedc, 0xaedc, 0xaedc, 0xaedc, 0xaedc, 0xaedc, 0xaedc, 0xaedc, 0xaedc, 0xaedc, 0xaedc, 0xaedc, 0xaedc, 0xaedc, 0xaedc, 
	0xaedc, 0xaedc, 0xaedc, 0xaedc, 0xaedc, 0xaedc, 0xaedc, 0xaedc, 0xaedc, 0xaedc, 0xaedc, 0xaedc, 0xaedc, 0xaedc, 0xaedc, 0xaedc, 
	0xaedc, 0xaedc, 0xaedc, 0xaedc, 0xaedc, 0xaedc, 0xaedc, 0xaedc, 0xaedc, 0xaedc, 0xaedc, 0xaedc, 0xaedc, 0xaedc, 0xaedc, 0xaedc, 
	0xaedc, 0xaedc, 0xaedc, 0xaedc, 0xaedc, 0xaedc, 0xaedc, 0xaedc, 0xaedc, 0xaedc, 0xaedc, 0xaedc, 0xaedc, 0xaedc, 0xaedc, 0xaedc, 
	0xaedc, 0xaedc, 0xaedc, 0xaedc, 0xaedc, 0xaedc, 0xaedc, 0xaedc, 0xaedc, 0xaedc, 0xaedc, 0xaedc, 0xaedc, 0xaedc, 0xaedc, 0xaedc, 
	0xaedc, 0xaedc, 0xaedc, 0xaedc, 0xaedc, 0xaedc, 0xaedc, 0xaedc, 0xaedc, 0xaedc, 0xaedc, 0xaedc, 0xaedc, 0xaedc, 0xaedc, 0xaedc, 
	0xaedc, 0xaedc, 0xaedc, 0xaedc, 0xaedc, 0xaedc, 0xaedc, 0xaedc, 0xaedc, 0xaedc, 0xaedc, 0xaedc, 0xaedc, 0xaedc, 0xaedc, 0xaedc, 
	0xaedc, 0xaedc, 0xaedc, 0xaedc, 0xaedc, 0xaedc, 0xaedc, 0xaedc, 0xaedc, 0xaedc, 0xaedc, 0xaedc, 0xaedc, 0xaedc, 0xaedc, 0xaedc, 
	0xaedc, 0xaedc, 0xaedc, 0xaedc, 0xaedc, 0xaedc, 0xaedc, 0xaedc, 0xaedc, 0xaedc, 0xaedc, 0xaedc, 0xaedc, 0xaedc, 0xaedc, 0xaedc, 
	0xaedc, 0xaedc, 0xaedc, 0xaedc, 0xaedc, 0xaedc, 0xaedc, 0xaedc, 0xaedc, 0xaedc, 0xaedc, 0xaedc, 0xaedc, 0xaedc, 0xaedc, 0xaedc, 
	0xaedc, 0xaedc, 0xaedc, 0xaedc, 0xaedc, 0xaedc, 0xaedc, 0xaedc, 0xaedc, 0xaedc, 0xaedc, 0xaedc, 0xaedc, 0xaedc, 0xaedc, 0xaedc, 
	0xaedc, 0xaedc, 0xaedc, 0xaedc, 0xaedc, 0xaedc, 0xaedc, 0xaedc, 0xaedc, 0xaedc, 0xaedc, 0xaedc, 0xaedc, 0xaedc, 0xaedc, 0xaedc, 
	0xaedc, 0xaedc, 0xaedc, 0xaedc, 0xaedc, 0xaedc, 0xaedc, 0xaedc, 0xaedc, 0xaedc, 0xaedc, 0xaedc, 0xaedc, 0xaedc, 0xaedc, 0xaedc, 
	0xaedc, 0xaedc, 0xaedc, 0xaedc, 0xaedc, 0xaedc, 0xaedc, 0xaedc, 0xaedc, 0xaedc, 0xaedc, 0xaedc, 0xaedc, 0xaedc, 0xaedc, 0xaedc, 
	0xaedc, 0xaedc, 0xaedc, 0xaedc, 0xaedc, 0xaedc, 0xaedc, 0xaedc, 0xaedc, 0xaedc, 0xaedc, 0xaedc, 0xaedc, 0xaedc, 0xaedc, 0xaedc, 
	0xaedc, 0xaedc, 0xaedc, 0xaedc, 0xaedc, 0xaedc, 0xaedc, 0xaedc, 0xaedc, 0xaedc, 0xaedc, 0xaedc, 0xaedc, 0xaedc, 0xaedc, 0xaedc, 
	0xaedc, 0xaedc, 0xaedc, 0xaedc, 0xaedc, 0xaedc, 0xaedc, 0xaedc, 0xaedc, 0xaedc, 0xaedc, 0xaedc, 0xaedc, 0xaedc, 0xaedc, 0xaedc, 
	0xaedc, 0xaedc, 0xaedc, 0xaedc, 0xaedc, 0xaedc, 0xaedc, 0xaedc, 0xaedc, 0xaedc, 0xaedc, 0xaedc, 0xaedc, 0xaedc, 0xaedc, 0xaedc, 
	0xaedc, 0xaedc, 0xaedc, 0xaedc, 0xaedc, 0xaedc, 0xaedc, 0xaedc, 0xaedc, 0xaedc, 0xaedc, 0xaedc, 0xaedc, 0xaedc, 0xaedc, 0xaedc, 
	0xaedc, 0xaedc, 0xaedc, 0xaedc, 0xaedc, 0xaedc, 0xaedc, 0xaedc, 0xaedc, 0xaedc, 0xaedc, 0xaedc, 0xaedc, 0xaedc, 0xaedc, 0xaedc, 
	0xaedc, 0xaedc, 0xaedc, 0xaedc, 0xaedc, 0xaedc, 0xaedc, 0xaedc, 0xaedc, 0xaedc, 0xaedc, 0xaedc, 0xaedc, 0xaedc, 0xaedc, 0xaedc, 
	0xaedc, 0xaedc, 0xaedc, 0xaedc, 0xaedc, 0xaedc, 0xaedc, 0xaedc, 0xaedc, 0xaedc, 0xaedc, 0xaedc, 0xaedc, 0xaedc, 0xaedc, 0xaedc, 
	0xaedc, 0xaedc, 0xaedc, 0xaedc, 0xaedc, 0xaedc, 0xaedc, 0xaedc, 0xaedc, 0xaedc, 0xaedc, 0xaedc, 0xaedc, 0xaedc, 0xaedc, 0xaedc, 
	0xaedc, 0xaedc, 0xaedc, 0xaedc, 0xaedc, 0xaedc, 0xaedc, 0xaedc, 0xaedc, 0xaedc, 0xaedc, 0xaedc, 0xaedc, 0xaedc, 0xaedc, 0xaedc, 
	0xaedc, 0xaedc, 0xaedc, 0xaedc, 0xaedc, 0xaedc, 0xaedc, 0xaedc, 0xaedc, 0xaedc, 0xaedc, 0xaedc, 0xaedc, 0xaedc, 0xaedc, 0xaedc, 
	0xaedc, 0xaedc, 0xaedc, 0xaedc, 0xaedc, 0xaedc, 0xaedc, 0xaedc, 0xaedc, 0xaedc, 0xaedc, 0xaedc, 0xaedc, 0xaedc, 0xaedc, 0xaedc, 
	0xaedc, 0xaedc, 0xaedc, 0xaedc, 0xaedc, 0xaedc, 0xaedc, 0xaedc, 0xaedc, 0xaedc, 0xaedc, 0xaedc, 0xaedc, 0xaedc, 0xaedc, 0xaedc, 
	0xaedc, 0xaedc, 0xaedc, 0xaedc, 0xaedc, 0xaedc, 0xaedc, 0xaedc, 0xaedc, 0xaedc, 0xaedc, 0xaedc, 0xaedc, 0xaedc, 0xaedc, 0xaedc, 
	0xaedc, 0xaedc, 0xaedc, 0xaedc, 0xaedc, 0xaedc, 0xaedc, 0xaedc, 0xaedc, 0xaedc, 0xaedc, 0xaedc, 0xaedc, 0xaedc, 0xaedc, 0xaedc, 
	0xaedc, 0xaedc, 0xaedc, 0xaedc, 0xaedc, 0xaedc, 0xaedc, 0xaedc, 0xaedc, 0xaedc, 0xaedc, 0xaedc, 0xaedc, 0xaedc, 0xaedc, 0xaedc, 
	0xaedc, 0xaedc, 0xaedc, 0xaedc, 0xaedc, 0xaedc, 0xaedc, 0xaedc, 0xaedc, 0xaedc, 0xaedc, 0xaedc, 0xaedc, 0xaedc, 0xaedc, 0xaedc, 
	0xaedc, 0xaedc, 0xaedc, 0xaedc, 0xaedc, 0xaedc, 0xaedc, 0xaedc, 0xaedc, 0xaedc, 0xaedc, 0xaedc, 0xaedc, 0xaedc, 0xaedc, 0xaedc, 
	0xaedc, 0xaedc, 0xaedc, 0xaedc, 0xaedc, 0xaedc, 0xaedc, 0xaedc, 0xaedc, 0xaedc, 0xaedc, 0xaedc, 0xaedc, 0xaedc, 0xaedc, 0xaedc, 
	0xaedc, 0xaedc, 0xaedc, 0xaedc, 0xaedc, 0xaedc, 0xaedc, 0xaedc, 0xaedc, 0xaedc, 0xaedc, 0xaedc, 0xaedc, 0xaedc, 0xaedc, 0xaedc, 
	0xaedc, 0xaedc, 0xaedc, 0xaedc, 0xaedc, 0xaedc, 0xaedc, 0xaedc, 0xaedc, 0xaedc, 0xaedc, 0xaedc, 0xaedc, 0xaedc, 0xaedc, 0xaedc, 
	0xaedc, 0xaedc, 0xaedc, 0xaedc, 0xaedc, 0xaedc, 0xaedc, 0xaedc, 0xaedc, 0xaedc, 0xaedc, 0xaedc, 0xaedc, 0xaedc, 0xaedc, 0xaedc, 
	0xaedc, 0xaedc, 0xaedc, 0xaedc, 0xaedc, 0xaedc, 0xaedc, 0xaedc, 0xaedc, 0xaedc, 0xaedc, 0xaedc, 0xaedc, 0xaedc, 0xaedc, 0xaedc, 
	0xaedc, 0xaedc, 0xaedc, 0xaedc, 0xaedc, 0xaedc, 0xaedc, 0xaedc, 0xaedc, 0xaedc, 0xaedc, 0xaedc, 0xaedc, 0xaedc, 0xaedc, 0xaedc, 
	0xaedc, 0xaedc, 0xaedc, 0xaedc, 0xaedc, 0xaedc, 0xaedc, 0xaedc, 0xaedc, 0xaedc, 0xaedc, 0xaedc, 0xaedc, 0xaedc, 0xaedc, 0xaedc, 
	0xaedc, 0xaedc, 0xaedc, 0xaedc, 0xaedc, 0xaedc, 0xaedc, 0xaedc, 0xaedc, 0xaedc, 0xaedc, 0xaedc, 0xaedc, 0xaedc, 0xaedc, 0xaedc, 
	0xaedc, 0xaedc, 0xaedc, 0xaedc, 0xaedc, 0xaedc, 0xaedc, 0xaedc, 0xaedc, 0xaedc, 0xaedc, 0xaedc, 0xaedc, 0xaedc, 0xaedc, 0xaedc, 
	0xaedc, 0xaedc, 0xaedc, 0xaedc, 0xaedc, 0xaedc, 0xaedc, 0xaedc, 0xaedc, 0xaedc, 0xaedc, 0xaedc, 0xaedc, 0xaedc, 0xaedc, 0xaedc, 
	0xaedc, 0xaedc, 0xaedc, 0xaedc, 0xaedc, 0xaedc, 0xaedc, 0xaedc, 0xaedc, 0xaedc, 0xaedc, 0xaedc, 0xaedc, 0xaedc, 0xaedc, 0xaedc, 
	0xaedc, 0xaedc, 0xaedc, 0xaedc, 0xaedc, 0xaedc, 0xaedc, 0xaedc, 0xaedc, 0xaedc, 0xaedc, 0xaedc, 0xaedc, 0xaedc, 0xaedc, 0xaedc, 
	0xaedc, 0xaedc, 0xaedc, 0xaedc, 0xaedc, 0xaedc, 0xaedc, 0xaedc, 0xaedc, 0xaedc, 0xaedc, 0xaedc, 0xaedc, 0xaedc, 0xaedc, 0xaedc, 
	0xaedc, 0xaedc, 0xaedc, 0xaedc, 0xaedc, 0xaedc, 0xaedc, 0xaedc, 0xaedc, 0xaedc, 0xaedc, 0xaedc, 0xaedc, 0xaedc, 0xaedc, 0xaedc, 
	0xaedc, 0xaedc, 0xaedc, 0xaedc, 0xaedc, 0xaedc, 0xaedc, 0xaedc, 0xaedc, 0xaedc, 0xaedc, 0xaedc, 0xaedc, 0xaedc, 0xaedc, 0xaedc, 
	0xaedc, 0xaedc, 0xaedc, 0xaedc, 0xaedc, 0xaedc, 0xaedc, 0xaedc, 0xaedc, 0xaedc, 0xaedc, 0xaedc, 0xaedc, 0xaedc, 0xaedc, 0xaedc, 
	0xaedc, 0xaedc, 0xaedc, 0xaedc, 0xaedc, 0xaedc, 0xaedc, 0xaedc, 0xaedc, 0xaedc, 0xaedc, 0xaedc, 0xaedc, 0xaedc, 0xaedc, 0xaedc, 
	0xaedc, 0xaedc, 0xaedc, 0xaedc, 0xaedc, 0xaedc, 0xaedc, 0xaedc, 0xaedc, 0xaedc, 0xaedc, 0xaedc, 0xaedc, 0xaedc, 0xaedc, 0xaedc, 
	0xaedc, 0xaedc, 0xaedc, 0xaedc, 0xaedc, 0xaedc, 0xaedc, 0xaedc, 0xaedc, 0xaedc, 0xaedc, 0xaedc, 0xaedc, 0xaedc, 0xaedc, 0xaedc, 
	0xaedc, 0xaedc, 0xaedc, 0xaedc, 0xaedc, 0xaedc, 0xaedc, 0xaedc, 0xaedc, 0xaedc, 0xaedc, 0xaedc, 0xaedc, 0xaedc, 0xaedc, 0xaedc, 
	0xaedc, 0xaedc, 0xaedc, 0xaedc, 0xaedc, 0xaedc, 0xaedc, 0xaedc, 0xaedc, 0xaedc, 0xaedc, 0xaedc, 0xaedc, 0xaedc, 0xaedc, 0xaedc, 
	0xaedc, 0xaedc, 0xaedc, 0xaedc, 0xaedc, 0xaedc, 0xaedc, 0xaedc, 0xaedc, 0xaedc, 0xaedc, 0xaedc, 0xaedc, 0xaedc, 0xaedc, 0xaedc, 
	0xaedc, 0xaedc, 0xaedc, 0xaedc, 0xaedc, 0xaedc, 0xaedc, 0xaedc, 0xaedc, 0xaedc, 0xaedc, 0xaedc, 0xaedc, 0xaedc, 0xaedc, 0xaedc, 
	0xaedc, 0xaedc, 0xaedc, 0xaedc, 0xaedc, 0xaedc, 0xaedc, 0xaedc, 0xaedc, 0xaedc, 0xaedc, 0xaedc, 0xaedc, 0xaedc, 0xaedc, 0xaedc, 
	0xaedc, 0xaedc, 0xaedc, 0xaedc, 0xaedc, 0xaedc, 0xaedc, 0xaedc, 0xaedc, 0xaedc, 0xaedc, 0xaedc, 0xaedc, 0xaedc, 0xaedc, 0xaedc, 
	0xaedc, 0xaedc, 0xaedc, 0xaedc, 0xaedc, 0xaedc, 0xaedc, 0xaedc, 0xaedc, 0xaedc, 0xaedc, 0xaedc, 0xaedc, 0xaedc, 0xaedc, 0xaedc, 
	0xaedc, 0xaedc, 0xaedc, 0xaedc, 0xaedc, 0xaedc, 0xaedc, 0xaedc, 0xaedc, 0xaedc, 0xaedc, 0xaedc, 0xaedc, 0xaedc, 0xaedc, 0xaedc, 
	0xaedc, 0xaedc, 0xaedc, 0xaedc, 0xaedc, 0xaedc, 0xaedc, 0xaedc, 0xaedc, 0xaedc, 0xaedc, 0xaedc, 0xaedc, 0xaedc, 0xaedc, 0xaedc, 
	0xaedc, 0xaedc, 0xaedc, 0xaedc, 0xaedc, 0xaedc, 0xaedc, 0xaedc, 0xaedc, 0xaedc, 0xaedc, 0xaedc, 0xaedc, 0xaedc, 0xaedc, 0xaedc, 
	0xaedc, 0xaedc, 0xaedc, 0xaedc, 0xaedc, 0xaedc, 0xaedc, 0xaedc, 0xaedc, 0xaedc, 0xaedc, 0xaedc, 0xaedc, 0xaedc, 0xaedc, 0xaedc, 
	0xaedc, 0xaedc, 0xaedc, 0xaedc, 0xaedc, 0xaedc, 0xaedc, 0xaedc, 0xaedc, 0xaedc, 0xaedc, 0xaedc, 0xaedc, 0xaedc, 0xaedc, 0xaedc, 
	0xaedc, 0xaedc, 0xaedc, 0xaedc, 0xaedc, 0xaedc, 0xaedc, 0xaedc, 0xaedc, 0xaedc, 0xaedc, 0xaedc, 0xaedc, 0xaedc, 0xaedc, 0xaedc, 
	0xaedc, 0xaedc, 0xaedc, 0xaedc, 0xaedc, 0xaedc, 0xaedc, 0xaedc, 0xaedc, 0xaedc, 0xaedc, 0xaedc, 0xaedc, 0xaedc, 0xaedc, 0xaedc, 
	0xaedc, 0xaedc, 0xaedc, 0xaedc, 0xaedc, 0xaedc, 0xaedc, 0xaedc, 0xaedc, 0xaedc, 0xaedc, 0xaedc, 0xaedc, 0xaedc, 0xaedc, 0xaedc, 
	0xaedc, 0xaedc, 0xaedc, 0xaedc, 0xaedc, 0xaedc, 0xaedc, 0xaedc, 0xaedc, 0xaedc, 0xaedc, 0xaedc, 0xaedc, 0xaedc, 0xaedc, 0xaedc, 
	0xaedc, 0xaedc, 0xaedc, 0xaedc, 0xaedc, 0xaedc, 0xaedc, 0xaedc, 0xaedc, 0xaedc, 0xaedc, 0xaedc, 0xaedc, 0xaedc, 0xaedc, 0xaedc, 
	0xaedc, 0xaedc, 0xaedc, 0xaedc, 0xaedc, 0xaedc, 0xaedc, 0xaedc, 0xaedc, 0xaedc, 0xaedc, 0xaedc, 0xaedc, 0xaedc, 0xaedc, 0xaedc, 
	0xaedc, 0xaedc, 0xaedc, 0xaedc, 0xaedc, 0xaedc, 0xaedc, 0xaedc, 0xaedc, 0xaedc, 0xaedc, 0xaedc, 0xaedc, 0xaedc, 0xaedc, 0xaedc, 
	0xaedc, 0xaedc, 0xaedc, 0xaedc, 0xaedc, 0xaedc, 0xaedc, 0xaedc, 0xaedc, 0xaedc, 0xaedc, 0xaedc, 0xaedc, 0xaedc, 0xaedc, 0xaedc, 
	0xaedc, 0xaedc, 0xaedc, 0xaedc, 0xaedc, 0xaedc, 0xaedc, 0xaedc, 0xaedc, 0xaedc, 0xaedc, 0xaedc, 0xaedc, 0xaedc, 0xaedc, 0xaedc, 
	0xaedc, 0xaedc, 0xaedc, 0xaedc, 0xaedc, 0xaedc, 0xaedc, 0xaedc, 0xaedc, 0xaedc, 0xaedc, 0xaedc, 0xaedc, 0xaedc, 0xaedc, 0xaedc, 
	0xaedc, 0xaedc, 0xaedc, 0xaedc, 0xaedc, 0xaedc, 0xaedc, 0xaedc, 0xaedc, 0xaedc, 0xaedc, 0xaedc, 0xaedc, 0xaedc, 0xaedc, 0xaedc, 
	0xaedc, 0xaedc, 0xaedc, 0xaedc, 0xaedc, 0xaedc, 0xaedc, 0xaedc, 0xaedc, 0xaedc, 0xaedc, 0xaedc, 0xaedc, 0xaedc, 0xaedc, 0xaedc, 
	0xaedc, 0xaedc, 0xaedc, 0xaedc, 0xaedc, 0xaedc, 0xaedc, 0xaedc, 0xaedc, 0xaedc, 0xaedc, 0xaedc, 0xaedc, 0xaedc, 0xaedc, 0xaedc, 
	0xaedc, 0xaedc, 0xaedc, 0xaedc, 0xaedc, 0xaedc, 0xaedc, 0xaedc, 0xaedc, 0xaedc, 0xaedc, 0xaedc, 0xaedc, 0xaedc, 0xaedc, 0xaedc, 
	0xaedc, 0xaedc, 0xaedc, 0xaedc, 0xaedc, 0xaedc, 0xaedc, 0xaedc, 0xaedc, 0xaedc, 0xaedc, 0xaedc, 0xaedc, 0xaedc, 0xaedc, 0xaedc, 
	0xaedc, 0xaedc, 0xaedc, 0xaedc, 0xaedc, 0xaedc, 0xaedc, 0xaedc, 0xaedc, 0xaedc, 0xaedc, 0xaedc, 0xaedc, 0xaedc, 0xaedc, 0xaedc, 
	0xaedc, 0xaedc, 0xaedc, 0xaedc, 0xaedc, 0xaedc, 0xaedc, 0xaedc, 0xaedc, 0xaedc, 0xaedc, 0xaedc, 0xaedc, 0xaedc, 0xaedc, 0xaedc, 
	0xaedc, 0xaedc, 0xaedc, 0xaedc, 0xaedc, 0xaedc, 0xaedc, 0xaedc, 0xaedc, 0xaedc, 0xaedc, 0xaedc, 0xaedc, 0xaedc, 0xaedc, 0xaedc, 
	0xaedc, 0xaedc, 0xaedc, 0xaedc, 0xaedc, 0xaedc, 0xaedc, 0xaedc, 0xaedc, 0xaedc, 0xaedc, 0xaedc, 0xaedc, 0xaedc, 0xaedc, 0xaedc, 
	0xaedc, 0xaedc, 0xaedc, 0xaedc, 0xaedc, 0xaedc, 0xaedc, 0xaedc, 0xaedc, 0xaedc, 0xaedc, 0xaedc, 0xaedc, 0xaedc, 0xaedc, 0xaedc, 
	0xaedc, 0xaedc, 0xaedc, 0xaedc, 0xaedc, 0xaedc, 0xaedc, 0xaedc, 0xaedc, 0xaedc, 0xaedc, 0xaedc, 0xaedc, 0xaedc, 0xaedc, 0xaedc, 
	0xaedc, 0xaedc, 0xaedc, 0xaedc, 0xaedc, 0xaedc, 0xaedc, 0xaedc, 0xaedc, 0xaedc, 0xaedc, 0xaedc, 0xaedc, 0xaedc, 0xaedc, 0xaedc, 
	0xaedc, 0xaedc, 0xaedc, 0xaedc, 0xaedc, 0xaedc, 0xaedc, 0xaedc, 0xaedc, 0xaedc, 0xaedc, 0xaedc, 0xaedc, 0xaedc, 0xaedc, 0xaedc, 
	0xaedc, 0xaedc, 0xaedc, 0xaedc, 0xaedc, 0xaedc, 0xaedc, 0xaedc, 0xaedc, 0xaedc, 0xaedc, 0xaedc, 0xaedc, 0xaedc, 0xaedc, 0xaedc, 
	0xaedc, 0xaedc, 0xaedc, 0xaedc, 0xaedc, 0xaedc, 0xaedc, 0xaedc, 0xaedc, 0xaedc, 0xaedc, 0xaedc, 0xaedc, 0xaedc, 0xaedc, 0xaedc, 
	0xaedc, 0xaedc, 0xaedc, 0xaedc, 0xaedc, 0xaedc, 0xaedc, 0xaedc, 0xaedc, 0xaedc, 0xaedc, 0xaedc, 0xaedc, 0xaedc, 0xaedc, 0xaedc, 
	0xaedc, 0xaedc, 0xaedc, 0xaedc, 0xaedc, 0xaedc, 0xaedc, 0xaedc, 0xaedc, 0xaedc, 0xaedc, 0xaedc, 0xaedc, 0xaedc, 0xaedc, 0xaedc, 
	0xaedc, 0xaedc, 0xaedc, 0xaedc, 0xaedc, 0xaedc, 0xaedc, 0xaedc, 0xaedc, 0xaedc, 0xaedc, 0xaedc, 0xaedc, 0xaedc, 0xaedc, 0xaedc, 
	0xaedc, 0xaedc, 0xaedc, 0xaedc, 0xaedc, 0xaedc, 0xaedc, 0xaedc, 0xaedc, 0xaedc, 0xaedc, 0xaedc, 0xaedc, 0xaedc, 0xaedc, 0xaedc, 
	0xaedc, 0xaedc, 0xaedc, 0xaedc, 0xaedc, 0xaedc, 0xaedc, 0xaedc, 0xaedc, 0xaedc, 0xaedc, 0xaedc, 0xaedc, 0xaedc, 0xaedc, 0xaedc, 
	0xaedc, 0xaedc, 0xaedc, 0xaedc, 0xaedc, 0xaedc, 0xaedc, 0xaedc, 0xaedc, 0xaedc, 0xaedc, 0xaedc, 0xaedc, 0xaedc, 0xaedc, 0xaedc, 
	0xaedc, 0xaedc, 0xaedc, 0xaedc, 0xaedc, 0xaedc, 0xaedc, 0xaedc, 0xaedc, 0xaedc, 0xaedc, 0xaedc, 0xaedc, 0xaedc, 0xaedc, 0xaedc, 
	0xaedc, 0xaedc, 0xaedc, 0xaedc, 0xaedc, 0xaedc, 0xaedc, 0xaedc, 0xaedc, 0xaedc, 0xaedc, 0xaedc, 0xaedc, 0xaedc, 0xaedc, 0xaedc, 
	0xaedc, 0xaedc, 0xaedc, 0xaedc, 0xaedc, 0xaedc, 0xaedc, 0xaedc, 0xaedc, 0xaedc, 0xaedc, 0xaedc, 0xaedc, 0xaedc, 0xaedc, 0xaedc, 
	0xaedc, 0xaedc, 0xaedc, 0xaedc, 0xaedc, 0xaedc, 0xaedc, 0xaedc, 0xaedc, 0xaedc, 0xaedc, 0xaedc, 0xaedc, 0xaedc, 0xaedc, 0xaedc, 
	0xaedc, 0xaedc, 0xaedc, 0xaedc, 0xaedc, 0xaedc, 0xaedc, 0xaedc, 0xaedc, 0xaedc, 0xaedc, 0xaedc, 0xaedc, 0xaedc, 0xaedc, 0xaedc, 
	0xaedc, 0xaedc, 0xaedc, 0xaedc, 0xaedc, 0xaedc, 0xaedc, 0xaedc, 0xaedc, 0xaedc, 0xaedc, 0xaedc, 0xaedc, 0xaedc, 0xaedc, 0xaedc, 
	0xaedc, 0xaedc, 0xaedc, 0xaedc, 0xaedc, 0xaedc, 0xaedc, 0xaedc, 0xaedc, 0xaedc, 0xaedc, 0xaedc, 0xaedc, 0xaedc, 0xaedc, 0xaedc, 
	0xaedc, 0xaedc, 0xaedc, 0xaedc, 0xaedc, 0xaedc, 0xaedc, 0xaedc, 0xaedc, 0xaedc, 0xaedc, 0xaedc, 0xaedc, 0xaedc, 0xaedc, 0xaedc, 
	0xaedc, 0xaedc, 0xaedc, 0xaedc, 0xaedc, 0xaedc, 0xaedc, 0xaedc, 0xaedc, 0xaedc, 0xaedc, 0xaedc, 0xaedc, 0xaedc, 0xaedc, 0xaedc, 
	0xaedc, 0xaedc, 0xaedc, 0xaedc, 0xaedc, 0xaedc, 0xaedc, 0xaedc, 0xaedc, 0xaedc, 0xaedc, 0xaedc, 0xaedc, 0xaedc, 0xaedc, 0xaedc, 
	0xaedc, 0xaedc, 0xaedc, 0xaedc, 0xaedc, 0xaedc, 0xaedc, 0xaedc, 0xaedc, 0xaedc, 0xaedc, 0xaedc, 0xaedc, 0xaedc, 0xaedc, 0xaedc, 
	0xaedc, 0xaedc, 0xaedc, 0xaedc, 0xaedc, 0xaedc, 0xaedc, 0xaedc, 0xaedc, 0xaedc, 0xaedc, 0xaedc, 0xaedc, 0xaedc, 0xaedc, 0xaedc, 
	0xaedc, 0xaedc, 0xaedc, 0xaedc, 0xaedc, 0xaedc, 0xaedc, 0xaedc, 0xaedc, 0xaedc, 0xaedc, 0xaedc, 0xaedc, 0xaedc, 0xaedc, 0xaedc, 
	0xaedc, 0xaedc, 0xaedc, 0xaedc, 0xaedc, 0xaedc, 0xaedc, 0xaedc, 0xaedc, 0xaedc, 0xaedc, 0xaedc, 0xaedc, 0xaedc, 0xaedc, 0xaedc, 
	0xaedc, 0xaedc, 0xaedc, 0xaedc, 0xaedc, 0xaedc, 0xaedc, 0xaedc, 0xaedc, 0xaedc, 0xaedc, 0xaedc, 0xaedc, 0xaedc, 0xaedc, 0xaedc, 
	0xaedc, 0xaedc, 0xaedc, 0xaedc, 0xaedc, 0xaedc, 0xaedc, 0xaedc, 0xaedc, 0xaedc, 0xaedc, 0xaedc, 0xaedc, 0xaedc, 0xaedc, 0xaedc, 
	0xaedc, 0xaedc, 0xaedc, 0xaedc, 0xaedc, 0xaedc, 0xaedc, 0xaedc, 0xaedc, 0xaedc, 0xaedc, 0xaedc, 0xaedc, 0xaedc, 0xaedc, 0xaedc, 
	0xaedc, 0xaedc, 0xaedc, 0xaedc, 0xaedc, 0xaedc, 0xaedc, 0xaedc, 0xaedc, 0xaedc, 0xaedc, 0xaedc, 0xaedc, 0xaedc, 0xaedc, 0xaedc, 
	0xaedc, 0xaedc, 0xaedc, 0xaedc, 0xaedc, 0xaedc, 0xaedc, 0xaedc, 0xaedc, 0xaedc, 0xaedc, 0xaedc, 0xaedc, 0xaedc, 0xaedc, 0xaedc, 
	0xaedc, 0xaedc, 0xaedc, 0xaedc, 0xaedc, 0xaedc, 0xaedc, 0xaedc, 0xaedc, 0xaedc, 0xaedc, 0xaedc, 0xaedc, 0xaedc, 0xaedc, 0xaedc, 
	0xaedc, 0xaedc, 0xaedc, 0xaedc, 0xaedc, 0xaedc, 0xaedc, 0xaedc, 0xaedc, 0xaedc, 0xaedc, 0xaedc, 0xaedc, 0xaedc, 0xaedc, 0xaedc, 
	0xaedc, 0xaedc, 0xaedc, 0xaedc, 0xaedc, 0xaedc, 0xaedc, 0xaedc, 0xaedc, 0xaedc, 0xaedc, 0xaedc, 0xaedc, 0xaedc, 0xaedc, 0xaedc, 
	0xaedc, 0xaedc, 0xaedc, 0xaedc, 0xaedc, 0xaedc, 0xaedc, 0xaedc, 0xaedc, 0xaedc, 0xaedc, 0xaedc, 0xaedc, 0xaedc, 0xaedc, 0xaedc, 
	0xaedc, 0xaedc, 0xaedc, 0xaedc, 0xaedc, 0xaedc, 0xaedc, 0xaedc, 0xaedc, 0xaedc, 0xaedc, 0xaedc, 0xaedc, 0xaedc, 0xaedc, 0xaedc, 
	0xaedc, 0xaedc, 0xaedc, 0xaedc, 0xaedc, 0xaedc, 0xaedc, 0xaedc, 0xaedc, 0xaedc, 0xaedc, 0xaedc, 0xaedc, 0xaedc, 0xaedc, 0xaedc, 
	0xaedc, 0xaedc, 0xaedc, 0xaedc, 0xaedc, 0xaedc, 0xaedc, 0xaedc, 0xaedc, 0xaedc, 0xaedc, 0xaedc, 0xaedc, 0xaedc, 0xaedc, 0xaedc, 
	0xaedc, 0xaedc, 0xaedc, 0xaedc, 0xaedc, 0xaedc, 0xaedc, 0xaedc, 0xaedc, 0xaedc, 0xaedc, 0xaedc, 0xaedc, 0xaedc, 0xaedc, 0xaedc, 
	0xaedc, 0xaedc, 0xaedc, 0xaedc, 0xaedc, 0xaedc, 0xaedc, 0xaedc, 0xaedc, 0xaedc, 0xaedc, 0xaedc, 0xaedc, 0xaedc, 0xaedc, 0xaedc, 
	0xaedc, 0xaedc, 0xaedc, 0xaedc, 0xaedc, 0xaedc, 0xaedc, 0xaedc, 0xaedc, 0xaedc, 0xaedc, 0xaedc, 0xaedc, 0xaedc, 0xaedc, 0xaedc, 
	0xaedc, 0xaedc, 0xaedc, 0xaedc, 0xaedc, 0xaedc, 0xaedc, 0xaedc, 0xaedc, 0xaedc, 0xaedc, 0xaedc, 0xaedc, 0xaedc, 0xaedc, 0xaedc, 
	0xaedc, 0xaedc, 0xaedc, 0xaedc, 0xaedc, 0xaedc, 0xaedc, 0xaedc, 0xaedc, 0xaedc, 0xaedc, 0xaedc, 0xaedc, 0xaedc, 0xaedc, 0xaedc, 
	0xaedc, 0xaedc, 0xaedc, 0xaedc, 0xaedc, 0xaedc, 0xaedc, 0xaedc, 0xaedc, 0xaedc, 0xaedc, 0xaedc, 0xaedc, 0xaedc, 0xaedc, 0xaedc, 
	0xaedc, 0xaedc, 0xaedc, 0xaedc, 0xaedc, 0xaedc, 0xaedc, 0xaedc, 0xaedc, 0xaedc, 0xaedc, 0xaedc, 0xaedc, 0xaedc, 0xaedc, 0xaedc, 
	0xaedc, 0xaedc, 0xaedc, 0xaedc, 0xaedc, 0xaedc, 0xaedc, 0xaedc, 0xaedc, 0xaedc, 0xaedc, 0xaedc, 0xaedc, 0xaedc, 0xaedc, 0xaedc, 
	0xaedc, 0xaedc, 0xaedc, 0xaedc, 0xaedc, 0xaedc, 0xaedc, 0xaedc, 0xaedc, 0xaedc, 0xaedc, 0xaedc, 0xaedc, 0xaedc, 0xaedc, 0xaedc, 
	0xaedc, 0xaedc, 0xaedc, 0xaedc, 0xaedc, 0xaedc, 0xaedc, 0xaedc, 0xaedc, 0xaedc, 0xaedc, 0xaedc, 0xaedc, 0xaedc, 0xaedc, 0xaedc, 
	0xaedc, 0xaedc, 0xaedc, 0xaedc, 0xaedc, 0xaedc, 0xaedc, 0xaedc, 0xaedc, 0xaedc, 0xaedc, 0xaedc, 0xaedc, 0xaedc, 0xaedc, 0xaedc, 
	0xaedc, 0xaedc, 0xaedc, 0xaedc, 0xaedc, 0xaedc, 0xaedc, 0xaedc, 0xaedc, 0xaedc, 0xaedc, 0xaedc, 0xaedc, 0xaedc, 0xaedc, 0xaedc, 
	0xaedc, 0xaedc, 0xaedc, 0xaedc, 0xaedc, 0xaedc, 0xaedc, 0xaedc, 0xaedc, 0xaedc, 0xaedc, 0xaedc, 0xaedc, 0xaedc, 0xaedc, 0xaedc, 
	0xaedc, 0xaedc, 0xaedc, 0xaedc, 0xaedc, 0xaedc, 0xaedc, 0xaedc, 0xaedc, 0xaedc, 0xaedc, 0xaedc, 0xaedc, 0xaedc, 0xaedc, 0xaedc, 
	0xaedc, 0xaedc, 0xaedc, 0xaedc, 0xaedc, 0xaedc, 0xaedc, 0xaedc, 0xaedc, 0xaedc, 0xaedc, 0xaedc, 0xaedc, 0xaedc, 0xaedc, 0xaedc, 
	0xaedc, 0xaedc, 0xaedc, 0xaedc, 0xaedc, 0xaedc, 0xaedc, 0xaedc, 0xaedc, 0xaedc, 0xaedc, 0xaedc, 0xaedc, 0xaedc, 0xaedc, 0xaedc, 
	0xaedc, 0xaedc, 0xaedc, 0xaedc, 0xaedc, 0xaedc, 0xaedc, 0xaedc, 0xaedc, 0xaedc, 0xaedc, 0xaedc, 0xaedc, 0xaedc, 0xaedc, 0xaedc, 
	0xaedc, 0xaedc, 0xaedc, 0xaedc, 0xaedc, 0xaedc, 0xaedc, 0xaedc, 0xaedc, 0xaedc, 0xaedc, 0xaedc, 0xaedc, 0xaedc, 0xaedc, 0xaedc, 
	0xaedc, 0xaedc, 0xaedc, 0xaedc, 0xaedc, 0xaedc, 0xaedc, 0xaedc, 0xaedc, 0xaedc, 0xaedc, 0xaedc, 0xaedc, 0xaedc, 0xaedc, 0xaedc, 
	0xaedc, 0xaedc, 0xaedc, 0xaedc, 0xaedc, 0xaedc, 0xaedc, 0xaedc, 0xaedc, 0xaedc, 0xaedc, 0xaedc, 0xaedc, 0xaedc, 0xaedc, 0xaedc, 
	0xaedc, 0xaedc, 0xaedc, 0xaedc, 0xaedc, 0xaedc, 0xaedc, 0xaedc, 0xaedc, 0xaedc, 0xaedc, 0xaedc, 0xaedc, 0xaedc, 0xaedc, 0xaedc, 
	0xaedc, 0xaedc, 0xaedc, 0xaedc, 0xaedc, 0xaedc, 0xaedc, 0xaedc, 0xaedc, 0xaedc, 0xaedc, 0xaedc, 0xaedc, 0xaedc, 0xaedc, 0xaedc, 
	0xaedc, 0xaedc, 0xaedc, 0xaedc, 0xaedc, 0xaedc, 0xaedc, 0xaedc, 0xaedc, 0xaedc, 0xaedc, 0xaedc, 0xaedc, 0xaedc, 0xaedc, 0xaedc, 
	0xaedc, 0xaedc, 0xaedc, 0xaedc, 0xaedc, 0xaedc, 0xaedc, 0xaedc, 0xaedc, 0xaedc, 0xaedc, 0xaedc, 0xaedc, 0xaedc, 0xaedc, 0xaedc, 
	0xaedc, 0xaedc, 0xaedc, 0xaedc, 0xaedc, 0xaedc, 0xaedc, 0xaedc, 0xaedc, 0xaedc, 0xaedc, 0xaedc, 0xaedc, 0xaedc, 0xaedc, 0xaedc, 
	0xaedc, 0xaedc, 0xaedc, 0xaedc, 0xaedc, 0xaedc, 0xaedc, 0xaedc, 0xaedc, 0xaedc, 0xaedc, 0xaedc, 0xaedc, 0xaedc, 0xaedc, 0xaedc, 
	0xaedc, 0xaedc, 0xaedc, 0xaedc, 0xaedc, 0xaedc, 0xaedc, 0xaedc, 0xaedc, 0xaedc, 0xaedc, 0xaedc, 0xaedc, 0xaedc, 0xaedc, 0xaedc, 
	0xaedc, 0xaedc, 0xaedc, 0xaedc, 0xaedc, 0xaedc, 0xaedc, 0xaedc, 0xaedc, 0xaedc, 0xaedc, 0xaedc, 0xaedc, 0xaedc, 0xaedc, 0xaedc, 
	0xaedc, 0xaedc, 0xaedc, 0xaedc, 0xaedc, 0xaedc, 0xaedc, 0xaedc, 0xaedc, 0xaedc, 0xaedc, 0xaedc, 0xaedc, 0xaedc, 0xaedc, 0xaedc, 
	0xaedc, 0xaedc, 0xaedc, 0xaedc, 0xaedc, 0xaedc, 0xaedc, 0xaedc, 0xaedc, 0xaedc, 0xaedc, 0xaedc, 0xaedc, 0xaedc, 0xaedc, 0xaedc, 
	0xaedc, 0xaedc, 0xaedc, 0xaedc, 0xaedc, 0xaedc, 0xaedc, 0xaedc, 0xaedc, 0xaedc, 0xaedc, 0xaedc, 0xaedc, 0xaedc, 0xaedc, 0xaedc, 
	0xaedc, 0xaedc, 0xaedc, 0xaedc, 0xaedc, 0xaedc, 0xaedc, 0xaedc, 0xaedc, 0xaedc, 0xaedc, 0xaedc, 0xaedc, 0xaedc, 0xaedc, 0xaedc, 
	0xaedc, 0xaedc, 0xaedc, 0xaedc, 0xaedc, 0xaedc, 0xaedc, 0xaedc, 0xaedc, 0xaedc, 0xaedc, 0xaedc, 0xaedc, 0xaedc, 0xaedc, 0xaedc, 
	0xaedc, 0xaedc, 0xaedc, 0xaedc, 0xaedc, 0xaedc, 0xaedc, 0xaedc, 0xaedc, 0xaedc, 0xaedc, 0xaedc, 0xaedc, 0xaedc, 0xaedc, 0xaedc, 
	0xaedc, 0xaedc, 0xaedc, 0xaedc, 0xaedc, 0xaedc, 0xaedc, 0xaedc, 0xaedc, 0xaedc, 0xaedc, 0xaedc, 0xaedc, 0xaedc, 0xaedc, 0xaedc, 
	0xaedc, 0xaedc, 0xaedc, 0xaedc, 0xaedc, 0xaedc, 0xaedc, 0xaedc, 0xaedc, 0xaedc, 0xaedc, 0xaedc, 0xaedc, 0xaedc, 0xaedc, 0xaedc, 
	0xaedc, 0xaedc, 0xaedc, 0xaedc, 0xaedc, 0xaedc, 0xaedc, 0xaedc, 0xaedc, 0xaedc, 0xaedc, 0xaedc, 0xaedc, 0xaedc, 0xaedc, 0xaedc, 
	0xaedc, 0xaedc, 0xaedc, 0xaedc, 0xaedc, 0xaedc, 0xaedc, 0xaedc, 0xaedc, 0xaedc, 0xaedc, 0xaedc, 0xaedc, 0xaedc, 0xaedc, 0xaedc, 
	0xaedc, 0xaedc, 0xaedc, 0xaedc, 0xaedc, 0xaedc, 0xaedc, 0xaedc, 0xaedc, 0xaedc, 0xaedc, 0xaedc, 0xaedc, 0xaedc, 0xaedc, 0xaedc, 
	0xaedc, 0xaedc, 0xaedc, 0xaedc, 0xaedc, 0xaedc, 0xaedc, 0xaedc, 0xaedc, 0xaedc, 0xaedc, 0xaedc, 0xaedc, 0xaedc, 0xaedc, 0xaedc, 
	0xaedc, 0xaedc, 0xaedc, 0xaedc, 0xaedc, 0xaedc, 0xaedc, 0xaedc, 0xaedc, 0xaedc, 0xaedc, 0xaedc, 0xaedc, 0xaedc, 0xaedc, 0xaedc, 
	0xaedc, 0xaedc, 0xaedc, 0xaedc, 0xaedc, 0xaedc, 0xaedc, 0xaedc, 0xaedc, 0xaedc, 0xaedc, 0xaedc, 0xaedc, 0xaedc, 0xaedc, 0xaedc, 
	0xaedc, 0xaedc, 0xaedc, 0xaedc, 0xaedc, 0xaedc, 0xaedc, 0xaedc, 0xaedc, 0xaedc, 0xaedc, 0xaedc, 0xaedc, 0xaedc, 0xaedc, 0xaedc, 
	0xaedc, 0xaedc, 0xaedc, 0xaedc, 0xaedc, 0xaedc, 0xaedc, 0xaedc, 0xaedc, 0xaedc, 0xaedc, 0xaedc, 0xaedc, 0xaedc, 0xaedc, 0xaedc, 
	0xaedc, 0xaedc, 0xaedc, 0xaedc, 0xaedc, 0xaedc, 0xaedc, 0xaedc, 0xaedc, 0xaedc, 0xaedc, 0xaedc, 0xaedc, 0xaedc, 0xaedc, 0xaedc, 
	0xaedc, 0xaedc, 0xaedc, 0xaedc, 0xaedc, 0xaedc, 0xaedc, 0xaedc, 0xaedc, 0xaedc, 0xaedc, 0xaedc, 0xaedc, 0xaedc, 0xaedc, 0xaedc, 
	0xaedc, 0xaedc, 0xaedc, 0xaedc, 0xaedc, 0xaedc, 0xaedc, 0xaedc, 0xaedc, 0xaedc, 0xaedc, 0xaedc, 0xaedc, 0xaedc, 0xaedc, 0xaedc, 
	0xaedc, 0xaedc, 0xaedc, 0xaedc, 0xaedc, 0xaedc, 0xaedc, 0xaedc, 0xaedc, 0xaedc, 0xaedc, 0xaedc, 0xaedc, 0xaedc, 0xaedc, 0xaedc, 
	0xaedc, 0xaedc, 0xaedc, 0xaedc, 0xaedc, 0xaedc, 0xaedc, 0xaedc, 0xaedc, 0xaedc, 0xaedc, 0xaedc, 0xaedc, 0xaedc, 0xaedc, 0xaedc, 
	0xaedc, 0xaedc, 0xaedc, 0xaedc, 0xaedc, 0xaedc, 0xaedc, 0xaedc, 0xaedc, 0xaedc, 0xaedc, 0xaedc, 0xaedc, 0xaedc, 0xaedc, 0xaedc, 
	0xaedc, 0xaedc, 0xaedc, 0xaedc, 0xaedc, 0xaedc, 0xaedc, 0xaedc, 0xaedc, 0xaedc, 0xaedc, 0xaedc, 0xaedc, 0xaedc, 0xaedc, 0xaedc, 
	0xaedc, 0xaedc, 0xaedc, 0xaedc, 0xaedc, 0xaedc, 0xaedc, 0xaedc, 0xaedc, 0xaedc, 0xaedc, 0xaedc, 0xaedc, 0xaedc, 0xaedc, 0xaedc, 
	0xaedc, 0xaedc, 0xaedc, 0xaedc, 0xaedc, 0xaedc, 0xaedc, 0xaedc, 0xaedc, 0xaedc, 0xaedc, 0xaedc, 0xaedc, 0xaedc, 0xaedc, 0xaedc, 
	0xaedc, 0xaedc, 0xaedc, 0xaedc, 0xaedc, 0xaedc, 0xaedc, 0xaedc, 0xaedc, 0xaedc, 0xaedc, 0xaedc, 0xaedc, 0xaedc, 0xaedc, 0xaedc, 
	0xaedc, 0xaedc, 0xaedc, 0xaedc, 0xaedc, 0xaedc, 0xaedc, 0xaedc, 0xaedc, 0xaedc, 0xaedc, 0xaedc, 0xaedc, 0xaedc, 0xaedc, 0xaedc, 
	0xaedc, 0xaedc, 0xaedc, 0xaedc, 0xaedc, 0xaedc, 0xaedc, 0xaedc, 0xaedc, 0xaedc, 0xaedc, 0xaedc, 0xaedc, 0xaedc, 0xaedc, 0xaedc, 
	0xaedc, 0xaedc, 0xaedc, 0xaedc, 0xaedc, 0xaedc, 0xaedc, 0xaedc, 0xaedc, 0xaedc, 0xaedc, 0xaedc, 0xaedc, 0xaedc, 0xaedc, 0xaedc, 
	0xaedc, 0xaedc, 0xaedc, 0xaedc, 0xaedc, 0xaedc, 0xaedc, 0xaedc, 0xaedc, 0xaedc, 0xaedc, 0xaedc, 0xaedc, 0xaedc, 0xaedc, 0xaedc, 
	0xaedc, 0xaedc, 0xaedc, 0xaedc, 0xaedc, 0xaedc, 0xaedc, 0xaedc, 0xaedc, 0xaedc, 0xaedc, 0xaedc, 0xaedc, 0xaedc, 0xaedc, 0xaedc, 
	0xaedc, 0xaedc, 0xaedc, 0xaedc, 0xaedc, 0xaedc, 0xaedc, 0xaedc, 0xaedc, 0xaedc, 0xaedc, 0xaedc, 0xaedc, 0xaedc, 0xaedc, 0xaedc, 
	0xaedc, 0xaedc, 0xaedc, 0xaedc, 0xaedc, 0xaedc, 0xaedc, 0xaedc, 0xaedc, 0xaedc, 0xaedc, 0xaedc, 0xaedc, 0xaedc, 0xaedc, 0xaedc, 
	0xaedc, 0xaedc, 0xaedc, 0xaedc, 0xaedc, 0xaedc, 0xaedc, 0xaedc, 0xaedc, 0xaedc, 0xaedc, 0xaedc, 0xaedc, 0xaedc, 0xaedc, 0xaedc, 
	0xaedc, 0xaedc, 0xaedc, 0xaedc, 0xaedc, 0xaedc, 0xaedc, 0xaedc, 0xaedc, 0xaedc, 0xaedc, 0xaedc, 0xaedc, 0xaedc, 0xaedc, 0xaedc, 
	0xaedc, 0xaedc, 0xaedc, 0xaedc, 0xaedc, 0xaedc, 0xaedc, 0xaedc, 0xaedc, 0xaedc, 0xaedc, 0xaedc, 0xaedc, 0xaedc, 0xaedc, 0xaedc, 
	0xaedc, 0xaedc, 0xaedc, 0xaedc, 0xaedc, 0xaedc, 0xaedc, 0xaedc, 0xaedc, 0xaedc, 0xaedc, 0xaedc, 0xaedc, 0xaedc, 0xaedc, 0xaedc, 
	0xaedc, 0xaedc, 0xaedc, 0xaedc, 0xaedc, 0xaedc, 0xaedc, 0xaedc, 0xaedc, 0xaedc, 0xaedc, 0xaedc, 0xaedc, 0xaedc, 0xaedc, 0xaedc, 
	0xaedc, 0xaedc, 0xaedc, 0xaedc, 0xaedc, 0xaedc, 0xaedc, 0xaedc, 0xaedc, 0xaedc, 0xaedc, 0xaedc, 0xaedc, 0xaedc, 0xaedc, 0xaedc, 
	0xaedc, 0xaedc, 0xaedc, 0xaedc, 0xaedc, 0xaedc, 0xaedc, 0xaedc, 0xaedc, 0xaedc, 0xaedc, 0xaedc, 0xaedc, 0xaedc, 0xaedc, 0xaedc, 
	0xaedc, 0xaedc, 0xaedc, 0xaedc, 0xaedc, 0xaedc, 0xaedc, 0xaedc, 0xaedc, 0xaedc, 0xaedc, 0xaedc, 0xaedc, 0xaedc, 0xaedc, 0xaedc, 
	0xaedc, 0xaedc, 0xaedc, 0xaedc, 0xaedc, 0xaedc, 0xaedc, 0xaedc, 0xaedc, 0xaedc, 0xaedc, 0xaedc, 0xaedc, 0xaedc, 0xaedc, 0xaedc, 
	0xaedc, 0xaedc, 0xaedc, 0xaedc, 0xaedc, 0xaedc, 0xaedc, 0xaedc, 0xaedc, 0xaedc, 0xaedc, 0xaedc, 0xaedc, 0xaedc, 0xaedc, 0xaedc, 
	0xaedc, 0xaedc, 0xaedc, 0xaedc, 0xaedc, 0xaedc, 0xaedc, 0xaedc, 0xaedc, 0xaedc, 0xaedc, 0xaedc, 0xaedc, 0xaedc, 0xaedc, 0xaedc, 
	0xaedc, 0xaedc, 0xaedc, 0xaedc, 0xaedc, 0xaedc, 0xaedc, 0xaedc, 0xaedc, 0xaedc, 0xaedc, 0xaedc, 0xaedc, 0xaedc, 0xaedc, 0xaedc, 
	0xaedc, 0xaedc, 0xaedc, 0xaedc, 0xaedc, 0xaedc, 0xaedc, 0xaedc, 0xaedc, 0xaedc, 0xaedc, 0xaedc, 0xaedc, 0xaedc, 0xaedc, 0xaedc, 
	0xaedc, 0xaedc, 0xaedc, 0xaedc, 0xaedc, 0xaedc, 0xaedc, 0xaedc, 0xaedc, 0xaedc, 0xaedc, 0xaedc, 0xaedc, 0xaedc, 0xaedc, 0xaedc, 
	0xaedc, 0xaedc, 0xaedc, 0xaedc, 0xaedc, 0xaedc, 0xaedc, 0xaedc, 0xaedc, 0xaedc, 0xaedc, 0xaedc, 0xaedc, 0xaedc, 0xaedc, 0xaedc, 
	0xaedc, 0xaedc, 0xaedc, 0xaedc, 0xaedc, 0xaedc, 0xaedc, 0xaedc, 0xaedc, 0xaedc, 0xaedc, 0xaedc, 0xaedc, 0xaedc, 0xaedc, 0xaedc, 
	0xaedc, 0xaedc, 0xaedc, 0xaedc, 0xaedc, 0xaedc, 0xaedc, 0xaedc, 0xaedc, 0xaedc, 0xaedc, 0xaedc, 0xaedc, 0xaedc, 0xaedc, 0xaedc, 
	0xaedc, 0xaedc, 0xaedc, 0xaedc, 0xaedc, 0xaedc, 0xaedc, 0xaedc, 0xaedc, 0xaedc, 0xaedc, 0xaedc, 0xaedc, 0xaedc, 0xaedc, 0xaedc, 
	0xaedc, 0xaedc, 0xaedc, 0xaedc, 0xaedc, 0xaedc, 0xaedc, 0xaedc, 0xaedc, 0xaedc, 0xaedc, 0xaedc, 0xaedc, 0xaedc, 0xaedc, 0xaedc, 
	0xaedc, 0xaedc, 0xaedc, 0xaedc, 0xaedc, 0xaedc, 0xaedc, 0xaedc, 0xaedc, 0xaedc, 0xaedc, 0xaedc, 0xaedc, 0xaedc, 0xaedc, 0xaedc, 
	0xaedc, 0xaedc, 0xaedc, 0xaedc, 0xaedc, 0xaedc, 0xaedc, 0xaedc, 0xaedc, 0xaedc, 0xaedc, 0xaedc, 0xaedc, 0xaedc, 0xaedc, 0xaedc, 
	0xaedc, 0xaedc, 0xaedc, 0xaedc, 0xaedc, 0xaedc, 0xaedc, 0xaedc, 0xaedc, 0xaedc, 0xaedc, 0xaedc, 0xaedc, 0xaedc, 0xaedc, 0xaedc, 
	0xaedc, 0xaedc, 0xaedc, 0xaedc, 0xaedc, 0xaedc, 0xaedc, 0xaedc, 0xaedc, 0xaedc, 0xaedc, 0xaedc, 0xaedc, 0xaedc, 0xaedc, 0xaedc, 
	0xaedc, 0xaedc, 0xaedc, 0xaedc, 0xaedc, 0xaedc, 0xaedc, 0xaedc, 0xaedc, 0xaedc, 0xaedc, 0xaedc, 0xaedc, 0xaedc, 0xaedc, 0xaedc, 
	0xaedc, 0xaedc, 0xaedc, 0xaedc, 0xaedc, 0xaedc, 0xaedc, 0xaedc, 0xaedc, 0xaedc, 0xaedc, 0xaedc, 0xaedc, 0xaedc, 0xaedc, 0xaedc, 
	0xaedc, 0xaedc, 0xaedc, 0xaedc, 0xaedc, 0xaedc, 0xaedc, 0xaedc, 0xaedc, 0xaedc, 0xaedc, 0xaedc, 0xaedc, 0xaedc, 0xaedc, 0xaedc, 
	0xaedc, 0xaedc, 0xaedc, 0xaedc, 0xaedc, 0xaedc, 0xaedc, 0xaedc, 0xaedc, 0xaedc, 0xaedc, 0xaedc, 0xaedc, 0xaedc, 0xaedc, 0xaedc, 
	0xaedc, 0xaedc, 0xaedc, 0xaedc, 0xaedc, 0xaedc, 0xaedc, 0xaedc, 0xaedc, 0xaedc, 0xaedc, 0xaedc, 0xaedc, 0xaedc, 0xaedc, 0xaedc, 
	0xaedc, 0xaedc, 0xaedc, 0xaedc, 0xaedc, 0xaedc, 0xaedc, 0xaedc, 0xaedc, 0xaedc, 0xaedc, 0xaedc, 0xaedc, 0xaedc, 0xaedc, 0xaedc, 
	0xaedc, 0xaedc, 0xaedc, 0xaedc, 0xaedc, 0xaedc, 0xaedc, 0xaedc, 0xaedc, 0xaedc, 0xaedc, 0xaedc, 0xaedc, 0xaedc, 0xaedc, 0xaedc, 
	0xaedc, 0xaedc, 0xaedc, 0xaedc, 0xaedc, 0xaedc, 0xaedc, 0xaedc, 0xaedc, 0xaedc, 0xaedc, 0xaedc, 0xaedc, 0xaedc, 0xaedc, 0xaedc, 
	0xaedc, 0xaedc, 0xaedc, 0xaedc, 0xaedc, 0xaedc, 0xaedc, 0xaedc, 0xaedc, 0xaedc, 0xaedc, 0xaedc, 0xaedc, 0xaedc, 0xaedc, 0xaedc, 
	0xaedc, 0xaedc, 0xaedc, 0xaedc, 0xaedc, 0xaedc, 0xaedc, 0xaedc, 0xaedc, 0xaedc, 0xaedc, 0xaedc, 0xaedc, 0xaedc, 0xaedc, 0xaedc, 
	0xaedc, 0xaedc, 0xaedc, 0xaedc, 0xaedc, 0xaedc, 0xaedc, 0xaedc, 0xaedc, 0xaedc, 0xaedc, 0xaedc, 0xaedc, 0xaedc, 0xaedc, 0xaedc, 
	0xaedc, 0xaedc, 0xaedc, 0xaedc, 0xaedc, 0xaedc, 0xaedc, 0xaedc, 0xaedc, 0xaedc, 0xaedc, 0xaedc, 0xaedc, 0xaedc, 0xaedc, 0xaedc, 
	0xaedc, 0xaedc, 0xaedc, 0xaedc, 0xaedc, 0xaedc, 0xaedc, 0xaedc, 0xaedc, 0xaedc, 0xaedc, 0xaedc, 0xaedc, 0xaedc, 0xaedc, 0xaedc, 
	0xaedc, 0xaedc, 0xaedc, 0xaedc, 0xaedc, 0xaedc, 0xaedc, 0xaedc, 0xaedc, 0xaedc, 0xaedc, 0xaedc, 0xaedc, 0xaedc, 0xaedc, 0xaedc, 
	0xaedc, 0xaedc, 0xaedc, 0xaedc, 0xaedc, 0xaedc, 0xaedc, 0xaedc, 0xaedc, 0xaedc, 0xaedc, 0xaedc, 0xaedc, 0xaedc, 0xaedc, 0xaedc, 
	0xaedc, 0xaedc, 0xaedc, 0xaedc, 0xaedc, 0xaedc, 0xaedc, 0xaedc, 0xaedc, 0xaedc, 0xaedc, 0xaedc, 0xaedc, 0xaedc, 0xaedc, 0xaedc, 
	0xaedc, 0xaedc, 0xaedc, 0xaedc, 0xaedc, 0xaedc, 0xaedc, 0xaedc, 0xaedc, 0xaedc, 0xaedc, 0xaedc, 0xaedc, 0xaedc, 0xaedc, 0xaedc, 
	0xaedc, 0xaedc, 0xaedc, 0xaedc, 0xaedc, 0xaedc, 0xaedc, 0xaedc, 0xaedc, 0xaedc, 0xaedc, 0xaedc, 0xaedc, 0xaedc, 0xaedc, 0xaedc, 
	0xaedc, 0xaedc, 0xaedc, 0xaedc, 0xaedc, 0xaedc, 0xaedc, 0xaedc, 0xaedc, 0xaedc, 0xaedc, 0xaedc, 0xaedc, 0xaedc, 0xaedc, 0xaedc, 
	0xaedc, 0xaedc, 0xaedc, 0xaedc, 0xaedc, 0xaedc, 0xaedc, 0xaedc, 0xaedc, 0xaedc, 0xaedc, 0xaedc, 0xaedc, 0xaedc, 0xaedc, 0xaedc, 
	0xaedc, 0xaedc, 0xaedc, 0xaedc, 0xaedc, 0xaedc, 0xaedc, 0xaedc, 0xaedc, 0xaedc, 0xaedc, 0xaedc, 0xaedc, 0xaedc, 0xaedc, 0xaedc, 
	0xaedc, 0xaedc, 0xaedc, 0xaedc, 0xaedc, 0xaedc, 0xaedc, 0xaedc, 0xaedc, 0xaedc, 0xaedc, 0xaedc, 0xaedc, 0xaedc, 0xaedc, 0xaedc, 
	0xaedc, 0xaedc, 0xaedc, 0xaedc, 0xaedc, 0xaedc, 0xaedc, 0xaedc, 0xaedc, 0xaedc, 0xaedc, 0xaedc, 0xaedc, 0xaedc, 0xaedc, 0xaedc, 
	0xaedc, 0xaedc, 0xaedc, 0xaedc, 0xaedc, 0xaedc, 0xaedc, 0xaedc, 0xaedc, 0xaedc, 0xaedc, 0xaedc, 0xaedc, 0xaedc, 0xaedc, 0xaedc, 
	0xaedc, 0xaedc, 0xaedc, 0xaedc, 0xaedc, 0xaedc, 0xaedc, 0xaedc, 0xaedc, 0xaedc, 0xaedc, 0xaedc, 0xaedc, 0xaedc, 0xaedc, 0xaedc, 
	0xaedc, 0xaedc, 0xaedc, 0xaedc, 0xaedc, 0xaedc, 0xaedc, 0xaedc, 0xaedc, 0xaedc, 0xaedc, 0xaedc, 0xaedc, 0xaedc, 0xaedc, 0xaedc, 
	0xaedc, 0xaedc, 0xaedc, 0xaedc, 0xaedc, 0xaedc, 0xaedc, 0xaedc, 0xaedc, 0xaedc, 0xaedc, 0xaedc, 0xaedc, 0xaedc, 0xaedc, 0xaedc, 
	0xaedc, 0xaedc, 0xaedc, 0xaedc, 0xaedc, 0xaedc, 0xaedc, 0xaedc, 0xaedc, 0xaedc, 0xaedc, 0xaedc, 0xaedc, 0xaedc, 0xaedc, 0xaedc, 
	0xaedc, 0xaedc, 0xaedc, 0xaedc, 0xaedc, 0xaedc, 0xaedc, 0xaedc, 0xaedc, 0xaedc, 0xaedc, 0xaedc, 0xaedc, 0xaedc, 0xaedc, 0xaedc, 
	0xaedc, 0xaedc, 0xaedc, 0xaedc, 0xaedc, 0xaedc, 0xaedc, 0xaedc, 0xaedc, 0xaedc, 0xaedc, 0xaedc, 0xaedc, 0xaedc, 0xaedc, 0xaedc, 
	0xaedc, 0xaedc, 0xaedc, 0xaedc, 0xaedc, 0xaedc, 0xaedc, 0xaedc, 0xaedc, 0xaedc, 0xaedc, 0xaedc, 0xaedc, 0xaedc, 0xaedc, 0xaedc, 
	0xaedc, 0xaedc, 0xaedc, 0xaedc, 0xaedc, 0xaedc, 0xaedc, 0xaedc, 0xaedc, 0xaedc, 0xaedc, 0xaedc, 0xaedc, 0xaedc, 0xaedc, 0xaedc, 
	0xaedc, 0xaedc, 0xaedc, 0xaedc, 0xaedc, 0xaedc, 0xaedc, 0xaedc, 0xaedc, 0xaedc, 0xaedc, 0xaedc, 0xaedc, 0xaedc, 0xaedc, 0xaedc, 
	0xaedc, 0xaedc, 0xaedc, 0xaedc, 0xaedc, 0xaedc, 0xaedc, 0xaedc, 0xaedc, 0xaedc, 0xaedc, 0xaedc, 0xaedc, 0xaedc, 0xaedc, 0xaedc, 
	0xaedc, 0xaedc, 0xaedc, 0xaedc, 0xaedc, 0xaedc, 0xaedc, 0xaedc, 0xaedc, 0xaedc, 0xaedc, 0xaedc, 0xaedc, 0xaedc, 0xaedc, 0xaedc, 
	0xaedc, 0xaedc, 0xaedc, 0xaedc, 0xaedc, 0xaedc, 0xaedc, 0xaedc, 0xaedc, 0xaedc, 0xaedc, 0xaedc, 0xaedc, 0xaedc, 0xaedc, 0xaedc, 
	0xaedc, 0xaedc, 0xaedc, 0xaedc, 0xaedc, 0xaedc, 0xaedc, 0xaedc, 0xaedc, 0xaedc, 0xaedc, 0xaedc, 0xaedc, 0xaedc, 0xaedc, 0xaedc, 
	0xaedc, 0xaedc, 0xaedc, 0xaedc, 0xaedc, 0xaedc, 0xaedc, 0xaedc, 0xaedc, 0xaedc, 0xaedc, 0xaedc, 0xaedc, 0xaedc, 0xaedc, 0xaedc, 
	0xaedc, 0xaedc, 0xaedc, 0xaedc, 0xaedc, 0xaedc, 0xaedc, 0xaedc, 0xaedc, 0xaedc, 0xaedc, 0xaedc, 0xaedc, 0xaedc, 0xaedc, 0xaedc, 
	0xaedc, 0xaedc, 0xaedc, 0xaedc, 0xaedc, 0xaedc, 0xaedc, 0xaedc, 0xaedc, 0xaedc, 0xaedc, 0xaedc, 0xaedc, 0xaedc, 0xaedc, 0xaedc, 
	0xaedc, 0xaedc, 0xaedc, 0xaedc, 0xaedc, 0xaedc, 0xaedc, 0xaedc, 0xaedc, 0xaedc, 0xaedc, 0xaedc, 0xaedc, 0xaedc, 0xaedc, 0xaedc, 
	0xaedc, 0xaedc, 0xaedc, 0xaedc, 0xaedc, 0xaedc, 0xaedc, 0xaedc, 0xaedc, 0xaedc, 0xaedc, 0xaedc, 0xaedc, 0xaedc, 0xaedc, 0xaedc, 
	0xaedc, 0xaedc, 0xaedc, 0xaedc, 0xaedc, 0xaedc, 0xaedc, 0xaedc, 0xaedc, 0xaedc, 0xaedc, 0xaedc, 0xaedc, 0xaedc, 0xaedc, 0xaedc, 
	0xaedc, 0xaedc, 0xaedc, 0xaedc, 0xaedc, 0xaedc, 0xaedc, 0xaedc, 0xaedc, 0xaedc, 0xaedc, 0xaedc, 0xaedc, 0xaedc, 0xaedc, 0xaedc, 
	0xaedc, 0xaedc, 0xaedc, 0xaedc, 0xaedc, 0xaedc, 0xaedc, 0xaedc, 0xaedc, 0xaedc, 0xaedc, 0xaedc, 0xaedc, 0xaedc, 0xaedc, 0xaedc, 
	0xaedc, 0xaedc, 0xaedc, 0xaedc, 0xaedc, 0xaedc, 0xaedc, 0xaedc, 0xaedc, 0xaedc, 0xaedc, 0xaedc, 0xaedc, 0xaedc, 0xaedc, 0xaedc, 
	0xaedc, 0xaedc, 0xaedc, 0xaedc, 0xaedc, 0xaedc, 0xaedc, 0xaedc, 0xaedc, 0xaedc, 0xaedc, 0xaedc, 0xaedc, 0xaedc, 0xaedc, 0xaedc, 
	0xaedc, 0xaedc, 0xaedc, 0xaedc, 0xaedc, 0xaedc, 0xaedc, 0xaedc, 0xaedc, 0xaedc, 0xaedc, 0xaedc, 0xaedc, 0xaedc, 0xaedc, 0xaedc, 
	0xaedc, 0xaedc, 0xaedc, 0xaedc, 0xaedc, 0xaedc, 0xaedc, 0xaedc, 0xaedc, 0xaedc, 0xaedc, 0xaedc, 0xaedc, 0xaedc, 0xaedc, 0xaedc, 
	0xaedc, 0xaedc, 0xaedc, 0xaedc, 0xaedc, 0xaedc, 0xaedc, 0xaedc, 0xaedc, 0xaedc, 0xaedc, 0xaedc, 0xaedc, 0xaedc, 0xaedc, 0xaedc, 
	0xaedc, 0xaedc, 0xaedc, 0xaedc, 0xaedc, 0xaedc, 0xaedc, 0xaedc, 0xaedc, 0xaedc, 0xaedc, 0xaedc, 0xaedc, 0xaedc, 0xaedc, 0xaedc, 
	0xaedc, 0xaedc, 0xaedc, 0xaedc, 0xaedc, 0xaedc, 0xaedc, 0xaedc, 0xaedc, 0xaedc, 0xaedc, 0xaedc, 0xaedc, 0xaedc, 0xaedc, 0xaedc, 
	0xaedc, 0xaedc, 0xaedc, 0xaedc, 0xaedc, 0xaedc, 0xaedc, 0xaedc, 0xaedc, 0xaedc, 0xaedc, 0xaedc, 0xaedc, 0xaedc, 0xaedc, 0xaedc, 
	0xaedc, 0xaedc, 0xaedc, 0xaedc, 0xaedc, 0xaedc, 0xaedc, 0xaedc, 0xaedc, 0xaedc, 0xaedc, 0xaedc, 0xaedc, 0xaedc, 0xaedc, 0xaedc, 
	0xaedc, 0xaedc, 0xaedc, 0xaedc, 0xaedc, 0xaedc, 0xaedc, 0xaedc, 0xaedc, 0xaedc, 0xaedc, 0xaedc, 0xaedc, 0xaedc, 0xaedc, 0xaedc, 
	0xaedc, 0xaedc, 0xaedc, 0xaedc, 0xaedc, 0xaedc, 0xaedc, 0xaedc, 0xaedc, 0xaedc, 0xaedc, 0xaedc, 0xaedc, 0xaedc, 0xaedc, 0xaedc, 
	0xaedc, 0xaedc, 0xaedc, 0xaedc, 0xaedc, 0xaedc, 0xaedc, 0xaedc, 0xaedc, 0xaedc, 0xaedc, 0xaedc, 0xaedc, 0xaedc, 0xaedc, 0xaedc, 
	0xaedc, 0xaedc, 0xaedc, 0xaedc, 0xaedc, 0xaedc, 0xaedc, 0xaedc, 0xaedc, 0xaedc, 0xaedc, 0xaedc, 0xaedc, 0xaedc, 0xaedc, 0xaedc, 
	0xaedc, 0xaedc, 0xaedc, 0xaedc, 0xaedc, 0xaedc, 0xaedc, 0xaedc, 0xaedc, 0xaedc, 0xaedc, 0xaedc, 0xaedc, 0xaedc, 0xaedc, 0xaedc, 
	0xaedc, 0xaedc, 0xaedc, 0xaedc, 0xaedc, 0xaedc, 0xaedc, 0xaedc, 0xaedc, 0xaedc, 0xaedc, 0xaedc, 0xaedc, 0xaedc, 0xaedc, 0xaedc, 
	0xaedc, 0xaedc, 0xaedc, 0xaedc, 0xaedc, 0xaedc, 0xaedc, 0xaedc, 0xaedc, 0xaedc, 0xaedc, 0xaedc, 0xaedc, 0xaedc, 0xaedc, 0xaedc, 
	0xaedc, 0xaedc, 0xaedc, 0xaedc, 0xaedc, 0xaedc, 0xaedc, 0xaedc, 0xaedc, 0xaedc, 0xaedc, 0xaedc, 0xaedc, 0xaedc, 0xaedc, 0xaedc, 
	0xaedc, 0xaedc, 0xaedc, 0xaedc, 0xaedc, 0xaedc, 0xaedc, 0xaedc, 0xaedc, 0xaedc, 0xaedc, 0xaedc, 0xaedc, 0xaedc, 0xaedc, 0xaedc, 
	0xaedc, 0xaedc, 0xaedc, 0xaedc, 0xaedc, 0xaedc, 0xaedc, 0xaedc, 0xaedc, 0xaedc, 0xaedc, 0xaedc, 0xaedc, 0xaedc, 0xaedc, 0xaedc, 
	0xaedc, 0xaedc, 0xaedc, 0xaedc, 0xaedc, 0xaedc, 0xaedc, 0xaedc, 0xaedc, 0xaedc, 0xaedc, 0xaedc, 0xaedc, 0xaedc, 0xaedc, 0xaedc, 
	0xaedc, 0xaedc, 0xaedc, 0xaedc, 0xaedc, 0xaedc, 0xaedc, 0xaedc, 0xaedc, 0xaedc, 0xaedc, 0xaedc, 0xaedc, 0xaedc, 0xaedc, 0xaedc, 
	0xaedc, 0xaedc, 0xaedc, 0xaedc, 0xaedc, 0xaedc, 0xaedc, 0xaedc, 0xaedc, 0xaedc, 0xaedc, 0xaedc, 0xaedc, 0xaedc, 0xaedc, 0xaedc, 
	0xaedc, 0xaedc, 0xaedc, 0xaedc, 0xaedc, 0xaedc, 0xaedc, 0xaedc, 0xaedc, 0xaedc, 0xaedc, 0xaedc, 0xaedc, 0xaedc, 0xaedc, 0xaedc, 
	0xaedc, 0xaedc, 0xaedc, 0xaedc, 0xaedc, 0xaedc, 0xaedc, 0xaedc, 0xaedc, 0xaedc, 0xaedc, 0xaedc, 0xaedc, 0xaedc, 0xaedc, 0xaedc, 
	0xaedc, 0xaedc, 0xaedc, 0xaedc, 0xaedc, 0xaedc, 0xaedc, 0xaedc, 0xaedc, 0xaedc, 0xaedc, 0xaedc, 0xaedc, 0xaedc, 0xaedc, 0xaedc, 
	0xaedc, 0xaedc, 0xaedc, 0xaedc, 0xaedc, 0xaedc, 0xaedc, 0xaedc, 0xaedc, 0xaedc, 0xaedc, 0xaedc, 0xaedc, 0xaedc, 0xaedc, 0xaedc, 
	0xaedc, 0xaedc, 0xaedc, 0xaedc, 0xaedc, 0xaedc, 0xaedc, 0xaedc, 0xaedc, 0xaedc, 0xaedc, 0xaedc, 0xaedc, 0xaedc, 0xaedc, 0xaedc, 
	0xaedc, 0xaedc, 0xaedc, 0xaedc, 0xaedc, 0xaedc, 0xaedc, 0xaedc, 0xaedc, 0xaedc, 0xaedc, 0xaedc, 0xaedc, 0xaedc, 0xaedc, 0xaedc, 
	0xaedc, 0xaedc, 0xaedc, 0xaedc, 0xaedc, 0xaedc, 0xaedc, 0xaedc, 0xaedc, 0xaedc, 0xaedc, 0xaedc, 0xaedc, 0xaedc, 0xaedc, 0xaedc, 
	0xaedc, 0xaedc, 0xaedc, 0xaedc, 0xaedc, 0xaedc, 0xaedc, 0xaedc, 0xaedc, 0xaedc, 0xaedc, 0xaedc, 0xaedc, 0xaedc, 0xaedc, 0xaedc, 
	0xaedc, 0xaedc, 0xaedc, 0xaedc, 0xaedc, 0xaedc, 0xaedc, 0xaedc, 0xaedc, 0xaedc, 0xaedc, 0xaedc, 0xaedc, 0xaedc, 0xaedc, 0xaedc, 
	0xaedc, 0xaedc, 0xaedc, 0xaedc, 0xaedc, 0xaedc, 0xaedc, 0xaedc, 0xaedc, 0xaedc, 0xaedc, 0xaedc, 0xaedc, 0xaedc, 0xaedc, 0xaedc, 
	0xaedc, 0xaedc, 0xaedc, 0xaedc, 0xaedc, 0xaedc, 0xaedc, 0xaedc, 0xaedc, 0xaedc, 0xaedc, 0xaedc, 0xaedc, 0xaedc, 0xaedc, 0xaedc, 
	0xaedc, 0xaedc, 0xaedc, 0xaedc, 0xaedc, 0xaedc, 0xaedc, 0xaedc, 0xaedc, 0xaedc, 0xaedc, 0xaedc, 0xaedc, 0xaedc, 0xaedc, 0xaedc, 
	0xaedc, 0xaedc, 0xaedc, 0xaedc, 0xaedc, 0xaedc, 0xaedc, 0xaedc, 0xaedc, 0xaedc, 0xaedc, 0xaedc, 0xaedc, 0xaedc, 0xaedc, 0xaedc, 
	0xaedc, 0xaedc, 0xaedc, 0xaedc, 0xaedc, 0xaedc, 0xaedc, 0xaedc, 0xaedc, 0xaedc, 0xaedc, 0xaedc, 0xaedc, 0xaedc, 0xaedc, 0xaedc, 
	0xaedc, 0xaedc, 0xaedc, 0xaedc, 0xaedc, 0xaedc, 0xaedc, 0xaedc, 0xaedc, 0xaedc, 0xaedc, 0xaedc, 0xaedc, 0xaedc, 0xaedc, 0xaedc, 
	0xaedc, 0xaedc, 0xaedc, 0xaedc, 0xaedc, 0xaedc, 0xaedc, 0xaedc, 0xaedc, 0xaedc, 0xaedc, 0xaedc, 0xaedc, 0xaedc, 0xaedc, 0xaedc, 
	0xaedc, 0xaedc, 0xaedc, 0xaedc, 0xaedc, 0xaedc, 0xaedc, 0xaedc, 0xaedc, 0xaedc, 0xaedc, 0xaedc, 0xaedc, 0xaedc, 0xaedc, 0xaedc, 
	0xaedc, 0xaedc, 0xaedc, 0xaedc, 0xaedc, 0xaedc, 0xaedc, 0xaedc, 0xaedc, 0xaedc, 0xaedc, 0xaedc, 0xaedc, 0xaedc, 0xaedc, 0xaedc, 
	0xaedc, 0xaedc, 0xaedc, 0xaedc, 0xaedc, 0xaedc, 0xaedc, 0xaedc, 0xaedc, 0xaedc, 0xaedc, 0xaedc, 0xaedc, 0xaedc, 0xaedc, 0xaedc, 
	0xaedc, 0xaedc, 0xaedc, 0xaedc, 0xaedc, 0xaedc, 0xaedc, 0xaedc, 0xaedc, 0xaedc, 0xaedc, 0xaedc, 0xaedc, 0xaedc, 0xaedc, 0xaedc, 
	0xaedc, 0xaedc, 0xaedc, 0xaedc, 0xaedc, 0xaedc, 0xaedc, 0xaedc, 0xaedc, 0xaedc, 0xaedc, 0xaedc, 0xaedc, 0xaedc, 0xaedc, 0xaedc, 
	0xaedc, 0xaedc, 0xaedc, 0xaedc, 0xaedc, 0xaedc, 0xaedc, 0xaedc, 0xaedc, 0xaedc, 0xaedc, 0xaedc, 0xaedc, 0xaedc, 0xaedc, 0xaedc, 
	0xaedc, 0xaedc, 0xaedc, 0xaedc, 0xaedc, 0xaedc, 0xaedc, 0xaedc, 0xaedc, 0xaedc, 0xaedc, 0xaedc, 0xaedc, 0xaedc, 0xaedc, 0xaedc, 
	0xaedc, 0xaedc, 0xaedc, 0xaedc, 0xaedc, 0xaedc, 0xaedc, 0xaedc, 0xaedc, 0xaedc, 0xaedc, 0xaedc, 0xaedc, 0xaedc, 0xaedc, 0xaedc, 
	0xaedc, 0xaedc, 0xaedc, 0xaedc, 0xaedc, 0xaedc, 0xaedc, 0xaedc, 0xaedc, 0xaedc, 0xaedc, 0xaedc, 0xaedc, 0xaedc, 0xaedc, 0xaedc, 
	0xaedc, 0xaedc, 0xaedc, 0xaedc, 0xaedc, 0xaedc, 0xaedc, 0xaedc, 0xaedc, 0xaedc, 0xaedc, 0xaedc, 0xaedc, 0xaedc, 0xaedc, 0xaedc, 
	0xaedc, 0xaedc, 0xaedc, 0xaedc, 0xaedc, 0xaedc, 0xaedc, 0xaedc, 0xaedc, 0xaedc, 0xaedc, 0xaedc, 0xaedc, 0xaedc, 0xaedc, 0xaedc, 
	0xaedc, 0xaedc, 0xaedc, 0xaedc, 0xaedc, 0xaedc, 0xaedc, 0xaedc, 0xaedc, 0xaedc, 0xaedc, 0xaedc, 0xaedc, 0xaedc, 0xaedc, 0xaedc, 
	0xaedc, 0xaedc, 0xaedc, 0xaedc, 0xaedc, 0xaedc, 0xaedc, 0xaedc, 0xaedc, 0xaedc, 0xaedc, 0xaedc, 0xaedc, 0xaedc, 0xaedc, 0xaedc, 
	0xaedc, 0xaedc, 0xaedc, 0xaedc, 0xaedc, 0xaedc, 0xaedc, 0xaedc, 0xaedc, 0xaedc, 0xaedc, 0xaedc, 0xaedc, 0xaedc, 0xaedc, 0xaedc, 
	0xaedc, 0xaedc, 0xaedc, 0xaedc, 0xaedc, 0xaedc, 0xaedc, 0xaedc, 0xaedc, 0xaedc, 0xaedc, 0xaedc, 0xaedc, 0xaedc, 0xaedc, 0xaedc, 
	0xaedc, 0xaedc, 0xaedc, 0xaedc, 0xaedc, 0xaedc, 0xaedc, 0xaedc, 0xaedc, 0xaedc, 0xaedc, 0xaedc, 0xaedc, 0xaedc, 0xaedc, 0xaedc, 
	0xaedc, 0xaedc, 0xaedc, 0xaedc, 0xaedc, 0xaedc, 0xaedc, 0xaedc, 0xaedc, 0xaedc, 0xaedc, 0xaedc, 0xaedc, 0xaedc, 0xaedc, 0xaedc, 
	0xaedc, 0xaedc, 0xaedc, 0xaedc, 0xaedc, 0xaedc, 0xaedc, 0xaedc, 0xaedc, 0xaedc, 0xaedc, 0xaedc, 0xaedc, 0xaedc, 0xaedc, 0xaedc, 
	0xaedc, 0xaedc, 0xaedc, 0xaedc, 0xaedc, 0xaedc, 0xaedc, 0xaedc, 0xaedc, 0xaedc, 0xaedc, 0xaedc, 0xaedc, 0xaedc, 0xaedc, 0xaedc, 
	0xaedc, 0xaedc, 0xaedc, 0xaedc, 0xaedc, 0xaedc, 0xaedc, 0xaedc, 0xaedc, 0xaedc, 0xaedc, 0xaedc, 0xaedc, 0xaedc, 0xaedc, 0xaedc, 
	0xaedc, 0xaedc, 0xaedc, 0xaedc, 0xaedc, 0xaedc, 0xaedc, 0xaedc, 0xaedc, 0xaedc, 0xaedc, 0xaedc, 0xaedc, 0xaedc, 0xaedc, 0xaedc, 
	0xaedc, 0xaedc, 0xaedc, 0xaedc, 0xaedc, 0xaedc, 0xaedc, 0xaedc, 0xaedc, 0xaedc, 0xaedc, 0xaedc, 0xaedc, 0xaedc, 0xaedc, 0xaedc, 
	0xaedc, 0xaedc, 0xaedc, 0xaedc, 0xaedc, 0xaedc, 0xaedc, 0xaedc, 0xaedc, 0xaedc, 0xaedc, 0xaedc, 0xaedc, 0xaedc, 0xaedc, 0xaedc, 
	0xaedc, 0xaedc, 0xaedc, 0xaedc, 0xaedc, 0xaedc, 0xaedc, 0xaedc, 0xaedc, 0xaedc, 0xaedc, 0xaedc, 0xaedc, 0xaedc, 0xaedc, 0xaedc, 
	0xaedc, 0xaedc, 0xaedc, 0xaedc, 0xaedc, 0xaedc, 0xaedc, 0xaedc, 0xaedc, 0xaedc, 0xaedc, 0xaedc, 0xaedc, 0xaedc, 0xaedc, 0xaedc, 
	0xaedc, 0xaedc, 0xaedc, 0xaedc, 0xaedc, 0xaedc, 0xaedc, 0xaedc, 0xaedc, 0xaedc, 0xaedc, 0xaedc, 0xaedc, 0xaedc, 0xaedc, 0xaedc, 
	0xaedc, 0xaedc, 0xaedc, 0xaedc, 0xaedc, 0xaedc, 0xaedc, 0xaedc, 0xaedc, 0xaedc, 0xaedc, 0xaedc, 0xaedc, 0xaedc, 0xaedc, 0xaedc, 
	0xaedc, 0xaedc, 0xaedc, 0xaedc, 0xaedc, 0xaedc, 0xaedc, 0xaedc, 0xaedc, 0xaedc, 0xaedc, 0xaedc, 0xaedc, 0xaedc, 0xaedc, 0xaedc, 
	0xaedc, 0xaedc, 0xaedc, 0xaedc, 0xaedc, 0xaedc, 0xaedc, 0xaedc, 0xaedc, 0xaedc, 0xaedc, 0xaedc, 0xaedc, 0xaedc, 0xaedc, 0xaedc, 
	0xaedc, 0xaedc, 0xaedc, 0xaedc, 0xaedc, 0xaedc, 0xaedc, 0xaedc, 0xaedc, 0xaedc, 0xaedc, 0xaedc, 0xaedc, 0xaedc, 0xaedc, 0xaedc, 
	0xaedc, 0xaedc, 0xaedc, 0xaedc, 0xaedc, 0xaedc, 0xaedc, 0xaedc, 0xaedc, 0xaedc, 0xaedc, 0xaedc, 0xaedc, 0xaedc, 0xaedc, 0xaedc, 
	0xaedc, 0xaedc, 0xaedc, 0xaedc, 0xaedc, 0xaedc, 0xaedc, 0xaedc, 0xaedc, 0xaedc, 0xaedc, 0xaedc, 0xaedc, 0xaedc, 0xaedc, 0xaedc, 
	0xaedc, 0xaedc, 0xaedc, 0xaedc, 0xaedc, 0xaedc, 0xaedc, 0xaedc, 0xaedc, 0xaedc, 0xaedc, 0xaedc, 0xaedc, 0xaedc, 0xaedc, 0xaedc, 
	0xaedc, 0xaedc, 0xaedc, 0xaedc, 0xaedc, 0xaedc, 0xaedc, 0xaedc, 0xaedc, 0xaedc, 0xaedc, 0xaedc, 0xaedc, 0xaedc, 0xaedc, 0xaedc, 
	0xaedc, 0xaedc, 0xaedc, 0xaedc, 0xaedc, 0xaedc, 0xaedc, 0xaedc, 0xaedc, 0xaedc, 0xaedc, 0xaedc, 0xaedc, 0xaedc, 0xaedc, 0xaedc, 
	0xaedc, 0xaedc, 0xaedc, 0xaedc, 0xaedc, 0xaedc, 0xaedc, 0xaedc, 0xaedc, 0xaedc, 0xaedc, 0xaedc, 0xaedc, 0xaedc, 0xaedc, 0xaedc, 
	0xaedc, 0xaedc, 0xaedc, 0xaedc, 0xaedc, 0xaedc, 0xaedc, 0xaedc, 0xaedc, 0xaedc, 0xaedc, 0xaedc, 0xaedc, 0xaedc, 0xaedc, 0xaedc, 
	0xaedc, 0xaedc, 0xaedc, 0xaedc, 0xaedc, 0xaedc, 0xaedc, 0xaedc, 0xaedc, 0xaedc, 0xaedc, 0xaedc, 0xaedc, 0xaedc, 0xaedc, 0xaedc, 
	0xaedc, 0xaedc, 0xaedc, 0xaedc, 0xaedc, 0xaedc, 0xaedc, 0xaedc, 0xaedc, 0xaedc, 0xaedc, 0xaedc, 0xaedc, 0xaedc, 0xaedc, 0xaedc, 
	0xaedc, 0xaedc, 0xaedc, 0xaedc, 0xaedc, 0xaedc, 0xaedc, 0xaedc, 0xaedc, 0xaedc, 0xaedc, 0xaedc, 0xaedc, 0xaedc, 0xaedc, 0xaedc, 
	0xaedc, 0xaedc, 0xaedc, 0xaedc, 0xaedc, 0xaedc, 0xaedc, 0xaedc, 0xaedc, 0xaedc, 0xaedc, 0xaedc, 0xaedc, 0xaedc, 0xaedc, 0xaedc, 
	0xaedc, 0xaedc, 0xaedc, 0xaedc, 0xaedc, 0xaedc, 0xaedc, 0xaedc, 0xaedc, 0xaedc, 0xaedc, 0xaedc, 0xaedc, 0xaedc, 0xaedc, 0xaedc, 
	0xaedc, 0xaedc, 0xaedc, 0xaedc, 0xaedc, 0xaedc, 0xaedc, 0xaedc, 0xaedc, 0xaedc, 0xaedc, 0xaedc, 0xaedc, 0xaedc, 0xaedc, 0xaedc, 
	0xaedc, 0xaedc, 0xaedc, 0xaedc, 0xaedc, 0xaedc, 0xaedc, 0xaedc, 0xaedc, 0xaedc, 0xaedc, 0xaedc, 0xaedc, 0xaedc, 0xaedc, 0xaedc, 
	0xaedc, 0xaedc, 0xaedc, 0xaedc, 0xaedc, 0xaedc, 0xaedc, 0xaedc, 0xaedc, 0xaedc, 0xaedc, 0xaedc, 0xaedc, 0xaedc, 0xaedc, 0xaedc, 
	0xaedc, 0xaedc, 0xaedc, 0xaedc, 0xaedc, 0xaedc, 0xaedc, 0xaedc, 0xaedc, 0xaedc, 0xaedc, 0xaedc, 0xaedc, 0xaedc, 0xaedc, 0xaedc, 
	0xaedc, 0xaedc, 0xaedc, 0xaedc, 0xaedc, 0xaedc, 0xaedc, 0xaedc, 0xaedc, 0xaedc, 0xaedc, 0xaedc, 0xaedc, 0xaedc, 0xaedc, 0xaedc, 
	0xaedc, 0xaedc, 0xaedc, 0xaedc, 0xaedc, 0xaedc, 0xaedc, 0xaedc, 0xaedc, 0xaedc, 0xaedc, 0xaedc, 0xaedc, 0xaedc, 0xaedc, 0xaedc, 
	0xaedc, 0xaedc, 0xaedc, 0xaedc, 0xaedc, 0xaedc, 0xaedc, 0xaedc, 0xaedc, 0xaedc, 0xaedc, 0xaedc, 0xaedc, 0xaedc, 0xaedc, 0xaedc, 
	0xaedc, 0xaedc, 0xaedc, 0xaedc, 0xaedc, 0xaedc, 0xaedc, 0xaedc, 0xaedc, 0xaedc, 0xaedc, 0xaedc, 0xaedc, 0xaedc, 0xaedc, 0xaedc, 
	0xaedc, 0xaedc, 0xaedc, 0xaedc, 0xaedc, 0xaedc, 0xaedc, 0xaedc, 0xaedc, 0xaedc, 0xaedc, 0xaedc, 0xaedc, 0xaedc, 0xaedc, 0xaedc, 
	0xaedc, 0xaedc, 0xaedc, 0xaedc, 0xaedc, 0xaedc, 0xaedc, 0xaedc, 0xaedc, 0xaedc, 0xaedc, 0xaedc, 0xaedc, 0xaedc, 0xaedc, 0xaedc, 
	0xaedc, 0xaedc, 0xaedc, 0xaedc, 0xaedc, 0xaedc, 0xaedc, 0xaedc, 0xaedc, 0xaedc, 0xaedc, 0xaedc, 0xaedc, 0xaedc, 0xaedc, 0xaedc, 
	0xaedc, 0xaedc, 0xaedc, 0xaedc, 0xaedc, 0xaedc, 0xaedc, 0xaedc, 0xaedc, 0xaedc, 0xaedc, 0xaedc, 0xaedc, 0xaedc, 0xaedc, 0xaedc, 
	0xaedc, 0xaedc, 0xaedc, 0xaedc, 0xaedc, 0xaedc, 0xaedc, 0xaedc, 0xaedc, 0xaedc, 0xaedc, 0xaedc, 0xaedc, 0xaedc, 0xaedc, 0xaedc, 
	0xaedc, 0xaedc, 0xaedc, 0xaedc, 0xaedc, 0xaedc, 0xaedc, 0xaedc, 0xaedc, 0xaedc, 0xaedc, 0xaedc, 0xaedc, 0xaedc, 0xaedc, 0xaedc, 
	0xaedc, 0xaedc, 0xaedc, 0xaedc, 0xaedc, 0xaedc, 0xaedc, 0xaedc, 0xaedc, 0xaedc, 0xaedc, 0xaedc, 0xaedc, 0xaedc, 0xaedc, 0xaedc, 
	0xaedc, 0xaedc, 0xaedc, 0xaedc, 0xaedc, 0xaedc, 0xaedc, 0xaedc, 0xaedc, 0xaedc, 0xaedc, 0xaedc, 0xaedc, 0xaedc, 0xaedc, 0xaedc, 
	0xaedc, 0xaedc, 0xaedc, 0xaedc, 0xaedc, 0xaedc, 0xaedc, 0xaedc, 0xaedc, 0xaedc, 0xaedc, 0xaedc, 0xaedc, 0xaedc, 0xaedc, 0xaedc, 
	0xaedc, 0xaedc, 0xaedc, 0xaedc, 0xaedc, 0xaedc, 0xaedc, 0xaedc, 0xaedc, 0xaedc, 0xaedc, 0xaedc, 0xaedc, 0xaedc, 0xaedc, 0xaedc, 
	0xaedc, 0xaedc, 0xaedc, 0xaedc, 0xaedc, 0xaedc, 0xaedc, 0xaedc, 0xaedc, 0xaedc, 0xaedc, 0xaedc, 0xaedc, 0xaedc, 0xaedc, 0xaedc, 
	0xaedc, 0xaedc, 0xaedc, 0xaedc, 0xaedc, 0xaedc, 0xaedc, 0xaedc, 0xaedc, 0xaedc, 0xaedc, 0xaedc, 0xaedc, 0xaedc, 0xaedc, 0xaedc, 
	0xaedc, 0xaedc, 0xaedc, 0xaedc, 0xaedc, 0xaedc, 0xaedc, 0xaedc, 0xaedc, 0xaedc, 0xaedc, 0xaedc, 0xaedc, 0xaedc, 0xaedc, 0xaedc, 
	0xaedc, 0xaedc, 0xaedc, 0xaedc, 0xaedc, 0xaedc, 0xaedc, 0xaedc, 0xaedc, 0xaedc, 0xaedc, 0xaedc, 0xaedc, 0xaedc, 0xaedc, 0xaedc, 
	0xaedc, 0xaedc, 0xaedc, 0xaedc, 0xaedc, 0xaedc, 0xaedc, 0xaedc, 0xaedc, 0xaedc, 0xaedc, 0xaedc, 0xaedc, 0xaedc, 0xaedc, 0xaedc, 
	0xaedc, 0xaedc, 0xaedc, 0xaedc, 0xaedc, 0xaedc, 0xaedc, 0xaedc, 0xaedc, 0xaedc, 0xaedc, 0xaedc, 0xaedc, 0xaedc, 0xaedc, 0xaedc, 
	0xaedc, 0xaedc, 0xaedc, 0xaedc, 0xaedc, 0xaedc, 0xaedc, 0xaedc, 0xaedc, 0xaedc, 0xaedc, 0xaedc, 0xaedc, 0xaedc, 0xaedc, 0xaedc, 
	0xaedc, 0xaedc, 0xaedc, 0xaedc, 0xaedc, 0xaedc, 0xaedc, 0xaedc, 0xaedc, 0xaedc, 0xaedc, 0xaedc, 0xaedc, 0xaedc, 0xaedc, 0xaedc, 
	0xaedc, 0xaedc, 0xaedc, 0xaedc, 0xaedc, 0xaedc, 0xaedc, 0xaedc, 0xaedc, 0xaedc, 0xaedc, 0xaedc, 0xaedc, 0xaedc, 0xaedc, 0xaedc, 
	0xaedc, 0xaedc, 0xaedc, 0xaedc, 0xaedc, 0xaedc, 0xaedc, 0xaedc, 0xaedc, 0xaedc, 0xaedc, 0xaedc, 0xaedc, 0xaedc, 0xaedc, 0xaedc, 
	0xaedc, 0xaedc, 0xaedc, 0xaedc, 0xaedc, 0xaedc, 0xaedc, 0xaedc, 0xaedc, 0xaedc, 0xaedc, 0xaedc, 0xaedc, 0xaedc, 0xaedc, 0xaedc, 
	0xaedc, 0xaedc, 0xaedc, 0xaedc, 0xaedc, 0xaedc, 0xaedc, 0xaedc, 0xaedc, 0xaedc, 0xaedc, 0xaedc, 0xaedc, 0xaedc, 0xaedc, 0xaedc, 
	0xaedc, 0xaedc, 0xaedc, 0xaedc, 0xaedc, 0xaedc, 0xaedc, 0xaedc, 0xaedc, 0xaedc, 0xaedc, 0xaedc, 0xaedc, 0xaedc, 0xaedc, 0xaedc, 
	0xaedc, 0xaedc, 0xaedc, 0xaedc, 0xaedc, 0xaedc, 0xaedc, 0xaedc, 0xaedc, 0xaedc, 0xaedc, 0xaedc, 0xaedc, 0xaedc, 0xaedc, 0xaedc, 
	0xaedc, 0xaedc, 0xaedc, 0xaedc, 0xaedc, 0xaedc, 0xaedc, 0xaedc, 0xaedc, 0xaedc, 0xaedc, 0xaedc, 0xaedc, 0xaedc, 0xaedc, 0xaedc, 
	0xaedc, 0xaedc, 0xaedc, 0xaedc, 0xaedc, 0xaedc, 0xaedc, 0xaedc, 0xaedc, 0xaedc, 0xaedc, 0xaedc, 0xaedc, 0xaedc, 0xaedc, 0xaedc, 
	0xaedc, 0xaedc, 0xaedc, 0xaedc, 0xaedc, 0xaedc, 0xaedc, 0xaedc, 0xaebc, 0xaedc, 0xaefd, 0xaedc, 0xaedc, 0xaedc, 0xb6bc, 0xb6dd, 
	0xaefd, 0xaebc, 0xb6dd, 0xb6fd, 0xaedc, 0xaebc, 0xa63a, 0x95d8, 0x8db7, 0x95b7, 0xa67b, 0xae9c, 0xae9c, 0xaedd, 0xaedd, 0xaefd, 
	0xaedc, 0xb6fd, 0xb6dd, 0xaebc, 0xb6fd, 0xaedc, 0xb6fd, 0xaedd, 0xaedc, 0xaedc, 0xaedc, 0xaedc, 0xaedc, 0xaedc, 0xaedc, 0xaedc, 
	0xaedc, 0xaedc, 0xaedc, 0xaedc, 0xaedc, 0xaedc, 0xaedc, 0xaedc, 0xaedc, 0xaedc, 0xaedc, 0xaedc, 0xaedc, 0xaedc, 0xaedc, 0xaedc, 
	0xaedc, 0xaedc, 0xaedc, 0xaedc, 0xaedc, 0xaedc, 0xaedc, 0xaedc, 0xaedc, 0xaedc, 0xaedc, 0xaedc, 0xaedc, 0xaedc, 0xaedc, 0xaedc, 
	0xaedc, 0xaedc, 0xaedc, 0xaedc, 0xaedc, 0xaedc, 0xaedc, 0xaedc, 0xb6fd, 0xaebc, 0xaebc, 0xb71d, 0xaedc, 0xaedc, 0xaedc, 0xb6fd, 
	0xb6fc, 0xaedc, 0xb6fd, 0xaedc, 0xa69b, 0xa67b, 0x95d8, 0x95b8, 0x95b8, 0xa65a, 0xa69b, 0xaedc, 0xb6fd, 0xaedc, 0xaedc, 0xaefc, 
	0xb6dd, 0xaebc, 0xb6fd, 0xaedc, 0xaedc, 0xaefd, 0xaedc, 0xb6dd, 0xaedc, 0xaedc, 0xaedc, 0xaedc, 0xaedc, 0xaedc, 0xaedc, 0xaedc, 
	0xaedc, 0xaedc, 0xaedc, 0xaedc, 0xaedc, 0xaedc, 0xaedc, 0xaedc, 0xaedc, 0xaedc, 0xaedc, 0xaedc, 0xaedc, 0xaedc, 0xaedc, 0xaedc, 
	0xaedc, 0xaedc, 0xaedc, 0xaedc, 0xaedc, 0xaedc, 0xaedc, 0xaedc, 0xaedc, 0xaedc, 0xaedc, 0xaedc, 0xaedc, 0xaedc, 0xaedc, 0xaedc, 
	0xaedc, 0xaedc, 0xaedc, 0xaedc, 0xaedc, 0xaedc, 0xaedc, 0xaedc, 0xaedc, 0xaedc, 0xaedc, 0xaedc, 0xaedc, 0xaedc, 0xaedc, 0xaedc, 
	0xaedc, 0xaedc, 0xaedc, 0xaedc, 0xaedc, 0xaedc, 0xaedc, 0xaedc, 0xaedc, 0xaedc, 0xaedc, 0xaedc, 0xaedc, 0xaedc, 0xaedc, 0xaedc, 
	0xaedc, 0xaedc, 0xaedc, 0xaedc, 0xaedc, 0xaedc, 0xaedc, 0xaedc, 0xaedc, 0xaedc, 0xaedc, 0xaedc, 0xaedc, 0xaedc, 0xaedc, 0xaedc, 
	0xaedc, 0xaedc, 0xaedc, 0xaedc, 0xaedc, 0xaedc, 0xaedc, 0xaedc, 0xaedc, 0xaedc, 0xaedc, 0xaedc, 0xaedc, 0xaedc, 0xaedc, 0xaedc, 
	0xaedc, 0xaedc, 0xaedc, 0xaedc, 0xaedc, 0xaedc, 0xaedc, 0xaedc, 0xaedc, 0xaedc, 0xaedc, 0xaedc, 0xaedc, 0xaedc, 0xaedc, 0xaedc, 
	0xaedc, 0xaedc, 0xaedc, 0xaedc, 0xaedc, 0xaedc, 0xaedc, 0xaedc, 0xaedc, 0xaedc, 0xaedc, 0xaedc, 0xaedc, 0xaedc, 0xaedc, 0xaedc, 
	0xaedc, 0xaedc, 0xaedc, 0xaedc, 0xaedc, 0xaedc, 0xaedc, 0xaedc, 0xb6dd, 0xaedc, 0xaebc, 0xaefd, 0xb6fc, 0xaedc, 0xaedd, 0xaebd, 
	0xa6dc, 0xaedd, 0xb6bc, 0xa619, 0x7cd4, 0x534e, 0x3249, 0x29c8, 0x2166, 0x31e8, 0x3229, 0x532d, 0x84f5, 0xa63a, 0xaedc, 0xa6dc, 
	0xaedc, 0xaebc, 0xaedd, 0xaedd, 0xaedc, 0xaedc, 0xaedd, 0xaedd, 0xaedc, 0xaedc, 0xaedc, 0xaedc, 0xaedc, 0xaedc, 0xaedc, 0xaedc, 
	0xaedc, 0xaedc, 0xaedc, 0xaedc, 0xaedc, 0xaedc, 0xaedc, 0xaedc, 0xaedc, 0xaedc, 0xaedc, 0xaedc, 0xaedc, 0xaedc, 0xaedc, 0xaedc, 
	0xaedc, 0xaedc, 0xaedc, 0xaedc, 0xaedc, 0xaedc, 0xaedc, 0xaedc, 0xaedc, 0xaedc, 0xaedc, 0xaedc, 0xaedc, 0xaedc, 0xaedc, 0xaedc, 
	0xaedc, 0xaedc, 0xaedc, 0xaedc, 0xaedc, 0xaedc, 0xaedc, 0xaedc, 0xaedc, 0xaedd, 0xaedc, 0xaedc, 0xaedc, 0xb6fc, 0xaebc, 0xaedc, 
	0xaedc, 0xaebc, 0xa63a, 0x8515, 0x5b8f, 0x3a6a, 0x29e8, 0x2186, 0x29c7, 0x3229, 0x4b2d, 0x7493, 0x9dd8, 0xb6bc, 0xaedd, 0xa6dc, 
	0xaedd, 0xaedc, 0xaebc, 0xaedc, 0xb6fd, 0xaedc, 0xaedc, 0xb6dd, 0xaedc, 0xaedc, 0xaedc, 0xaedc, 0xaedc, 0xaedc, 0xaedc, 0xaedc, 
	0xaedc, 0xaedc, 0xaedc, 0xaedc, 0xaedc, 0xaedc, 0xaedc, 0xaedc, 0xaedc, 0xaedc, 0xaedc, 0xaedc, 0xaedc, 0xaedc, 0xaedc, 0xaedc, 
	0xaedc, 0xaedc, 0xaedc, 0xaedc, 0xaedc, 0xaedc, 0xaedc, 0xaedc, 0xaedc, 0xaedc, 0xaedc, 0xaedc, 0xaedc, 0xaedc, 0xaedc, 0xaedc, 
	0xaedc, 0xaedc, 0xaedc, 0xaedc, 0xaedc, 0xaedc, 0xaedc, 0xaedc, 0xaedc, 0xaedc, 0xaedc, 0xaedc, 0xaedc, 0xaedc, 0xaedc, 0xaedc, 
	0xaedc, 0xaedc, 0xaedc, 0xaedc, 0xaedc, 0xaedc, 0xaedc, 0xaedc, 0xaedc, 0xaedc, 0xaedc, 0xaedc, 0xaedc, 0xaedc, 0xaedc, 0xaedc, 
	0xaedc, 0xaedc, 0xaedc, 0xaedc, 0xaedc, 0xaedc, 0xaedc, 0xaedc, 0xaedc, 0xaedc, 0xaedc, 0xaedc, 0xaedc, 0xaedc, 0xaedc, 0xaedc, 
	0xaedc, 0xaedc, 0xaedc, 0xaedc, 0xaedc, 0xaedc, 0xaedc, 0xaedc, 0xaedc, 0xaedc, 0xaedc, 0xaedc, 0xaedc, 0xaedc, 0xaedc, 0xaedc, 
	0xaedc, 0xaedc, 0xaedc, 0xaedc, 0xaedc, 0xaedc, 0xaedc, 0xaedc, 0xaedc, 0xaedc, 0xaedc, 0xaedc, 0xaedc, 0xaedc, 0xaedc, 0xaedc, 
	0xaedc, 0xaedc, 0xaedc, 0xaedc, 0xaedc, 0xaedc, 0xaedc, 0xaedc, 0xaedc, 0xaedc, 0xaedc, 0xaedc, 0xaedc, 0xaedc, 0xaedc, 0xaedc, 
	0xaedc, 0xaedc, 0xaedc, 0xaedc, 0xaedc, 0xaedc, 0xaedc, 0xaedc, 0xaedc, 0xb6fd, 0xaedc, 0xaedc, 0xaedc, 0xb6fd, 0xaedd, 0xaedd, 
	0xa6dd, 0xaebc, 0x84f5, 0x428b, 0x1904, 0x0021, 0x0000, 0x0000, 0x0020, 0x0000, 0x0000, 0x0041, 0x10e3, 0x324a, 0x7cd3, 0xb69b, 
	0xb6fd, 0xaedc, 0xaedd, 0xaedd, 0xaedc, 0xb6fc, 0xaedc, 0xaedc, 0xaedc, 0xaedc, 0xaedc, 0xaedc, 0xaedc, 0xaedc, 0xaedc, 0xaedc, 
	0xaedc, 0xaedc, 0xaedc, 0xaedc, 0xaedc, 0xaedc, 0xaedc, 0xaedc, 0xaedc, 0xaedc, 0xaedc, 0xaedc, 0xaedc, 0xaedc, 0xaedc, 0xaedc, 
	0xaedc, 0xaedc, 0xaedc, 0xaedc, 0xaedc, 0xaedc, 0xaedc, 0xaedc, 0xaedc, 0xaedc, 0xaedc, 0xaedc, 0xaedc, 0xaedc, 0xaedc, 0xaedc, 
	0xaedc, 0xaedc, 0xaedc, 0xaedc, 0xaedc, 0xaedc, 0xaedc, 0xaedc, 0xaedc, 0xb6fd, 0xb6fd, 0xaebc, 0xaedd, 0xaedc, 0xaedd, 0xaefd, 
	0xae9b, 0x8d76, 0x4b0c, 0x1904, 0x0841, 0x0000, 0x0000, 0x0820, 0x0000, 0x0000, 0x0041, 0x10e4, 0x3a49, 0x7493, 0xa65a, 0xaefd, 
	0xaedd, 0xaefd, 0xb6fd, 0xaedc, 0xb6dd, 0xaebc, 0xaedd, 0xaedd, 0xaedc, 0xaedc, 0xaedc, 0xaedc, 0xaedc, 0xaedc, 0xaedc, 0xaedc, 
	0xaedc, 0xaedc, 0xaedc, 0xaedc, 0xaedc, 0xaedc, 0xaedc, 0xaedc, 0xaedc, 0xaedc, 0xaedc, 0xaedc, 0xaedc, 0xaedc, 0xaedc, 0xaedc, 
	0xaedc, 0xaedc, 0xaedc, 0xaedc, 0xaedc, 0xaedc, 0xaedc, 0xaedc, 0xaedc, 0xaedc, 0xaedc, 0xaedc, 0xaedc, 0xaedc, 0xaedc, 0xaedc, 
	0xaedc, 0xaedc, 0xaedc, 0xaedc, 0xaedc, 0xaedc, 0xaedc, 0xaedc, 0xaedc, 0xaedc, 0xaedc, 0xaedc, 0xaedc, 0xaedc, 0xaedc, 0xaedc, 
	0xaedc, 0xaedc, 0xaedc, 0xaedc, 0xaedc, 0xaedc, 0xaedc, 0xaedc, 0xaedc, 0xaedc, 0xaedc, 0xaedc, 0xaedc, 0xaedc, 0xaedc, 0xaedc, 
	0xaedc, 0xaedc, 0xaedc, 0xaedc, 0xaedc, 0xaedc, 0xaedc, 0xaedc, 0xaedc, 0xaedc, 0xaedc, 0xaedc, 0xaedc, 0xaedc, 0xaedc, 0xaedc, 
	0xaedc, 0xaedc, 0xaedc, 0xaedc, 0xaedc, 0xaedc, 0xaedc, 0xaedc, 0xaedc, 0xaedc, 0xaedc, 0xaedc, 0xaedc, 0xaedc, 0xaedc, 0xaedc, 
	0xaedc, 0xaedc, 0xaedc, 0xaedc, 0xaedc, 0xaedc, 0xaedc, 0xaedc, 0xaedc, 0xaedc, 0xaedc, 0xaedc, 0xaedc, 0xaedc, 0xaedc, 0xaedc, 
	0xaedc, 0xaedc, 0xaedc, 0xaedc, 0xaedc, 0xaedc, 0xaedc, 0xaedc, 0xaedc, 0xaedc, 0xaedc, 0xaedc, 0xaedc, 0xaedc, 0xaedc, 0xaedc, 
	0xaedc, 0xaedc, 0xaedc, 0xaedc, 0xaedc, 0xaedc, 0xaedc, 0xaedc, 0xaebc, 0xb6fd, 0xb6fd, 0xaebc, 0xaebc, 0xaefd, 0xa69c, 0xb71d, 
	0xa67a, 0x63f0, 0x1966, 0x0000, 0x0000, 0x0820, 0x0000, 0x0000, 0x0000, 0x0000, 0x0000, 0x0000, 0x0000, 0x0021, 0x2166, 0x6bcf, 
	0xa63a, 0xb6fd, 0xaedd, 0xaedc, 0xaedc, 0xb6fd, 0xaedc, 0xaedd, 0xaedc, 0xaedc, 0xaedc, 0xaedc, 0xaedc, 0xaedc, 0xaedc, 0xaedc, 
	0xaedc, 0xaedc, 0xaedc, 0xaedc, 0xaedc, 0xaedc, 0xaedc, 0xaedc, 0xaedc, 0xaedc, 0xaedc, 0xaedc, 0xaedc, 0xaedc, 0xaedc, 0xaedc, 
	0xaedc, 0xaedc, 0xaedc, 0xaedc, 0xaedc, 0xaedc, 0xaedc, 0xaedc, 0xaedc, 0xaedc, 0xaedc, 0xaedc, 0xaedc, 0xaedc, 0xaedc, 0xaedc, 
	0xaedc, 0xaedc, 0xaedc, 0xaedc, 0xaedc, 0xaedc, 0xaedc, 0xaedc, 0xaedc, 0xaedc, 0xaedc, 0xb6dd, 0xaedd, 0xaebc, 0xb71d, 0xa69b, 
	0x7c93, 0x21c7, 0x0041, 0x0000, 0x0000, 0x0800, 0x0000, 0x0000, 0x0000, 0x0000, 0x0000, 0x0000, 0x0000, 0x1105, 0x536e, 0x9e19, 
	0xaedc, 0xaedc, 0xaefd, 0xaedd, 0xaebc, 0xb6dc, 0xb6fc, 0xaedc, 0xaedc, 0xaedc, 0xaedc, 0xaedc, 0xaedc, 0xaedc, 0xaedc, 0xaedc, 
	0xaedc, 0xaedc, 0xaedc, 0xaedc, 0xaedc, 0xaedc, 0xaedc, 0xaedc, 0xaedc, 0xaedc, 0xaedc, 0xaedc, 0xaedc, 0xaedc, 0xaedc, 0xaedc, 
	0xaedc, 0xaedc, 0xaedc, 0xaedc, 0xaedc, 0xaedc, 0xaedc, 0xaedc, 0xaedc, 0xaedc, 0xaedc, 0xaedc, 0xaedc, 0xaedc, 0xaedc, 0xaedc, 
	0xaedc, 0xaedc, 0xaedc, 0xaedc, 0xaedc, 0xaedc, 0xaedc, 0xaedc, 0xaedc, 0xaedc, 0xaedc, 0xaedc, 0xaedc, 0xaedc, 0xaedc, 0xaedc, 
	0xaedc, 0xaedc, 0xaedc, 0xaedc, 0xaedc, 0xaedc, 0xaedc, 0xaedc, 0xaedc, 0xaedc, 0xaedc, 0xaedc, 0xaedc, 0xaedc, 0xaedc, 0xaedc, 
	0xaedc, 0xaedc, 0xaedc, 0xaedc, 0xaedc, 0xaedc, 0xaedc, 0xaedc, 0xaedc, 0xaedc, 0xaedc, 0xaedc, 0xaedc, 0xaedc, 0xaedc, 0xaedc, 
	0xaedc, 0xaedc, 0xaedc, 0xaedc, 0xaedc, 0xaedc, 0xaedc, 0xaedc, 0xaedc, 0xaedc, 0xaedc, 0xaedc, 0xaedc, 0xaedc, 0xaedc, 0xaedc, 
	0xaedc, 0xaedc, 0xaedc, 0xaedc, 0xaedc, 0xaedc, 0xaedc, 0xaedc, 0xaedc, 0xaedc, 0xaedc, 0xaedc, 0xaedc, 0xaedc, 0xaedc, 0xaedc, 
	0xaedc, 0xaedc, 0xaedc, 0xaedc, 0xaedc, 0xaedc, 0xaedc, 0xaedc, 0xaedc, 0xaedc, 0xaedc, 0xaedc, 0xaedc, 0xaedc, 0xaedc, 0xaedc, 
	0xaedc, 0xaedc, 0xaedc, 0xaedc, 0xaedc, 0xaedc, 0xaedc, 0xaedc, 0xaedd, 0xaebc, 0xb6dc, 0xb6dd, 0xaefd, 0xaedd, 0xaedc, 0xa67b, 
	0x6bef, 0x10e4, 0x0000, 0x0020, 0x0000, 0x0000, 0x0000, 0x0000, 0x0000, 0x0000, 0x0000, 0x0000, 0x0000, 0x0000, 0x0000, 0x10e4, 
	0x63d0, 0xa65a, 0xb6fd, 0xaedc, 0xaedc, 0xaedd, 0xaebc, 0xaedd, 0xaedc, 0xaedc, 0xaedc, 0xaedc, 0xaedc, 0xaedc, 0xaedc, 0xaedc, 
	0xaedc, 0xaedc, 0xaedc, 0xaedc, 0xaedc, 0xaedc, 0xaedc, 0xaedc, 0xaedc, 0xaedc, 0xaedc, 0xaedc, 0xaedc, 0xaedc, 0xaedc, 0xaedc, 
	0xaedc, 0xaedc, 0xaedc, 0xaedc, 0xaedc, 0xaedc, 0xaedc, 0xaedc, 0xaedc, 0xaedc, 0xaedc, 0xaedc, 0xaedc, 0xaedc, 0xaedc, 0xaedc, 
	0xaedc, 0xaedc, 0xaedc, 0xaedc, 0xaedc, 0xaedc, 0xaedc, 0xaedc, 0xaedd, 0xaedc, 0xaebc, 0xb6dd, 0xaedd, 0xaedd, 0xae9b, 0x6c72, 
	0x1925, 0x0000, 0x0000, 0x0820, 0x0000, 0x0000, 0x0000, 0x0041, 0x0000, 0x0000, 0x0000, 0x0000, 0x0820, 0x0000, 0x08a3, 0x532d, 
	0x9e39, 0xb6dc, 0xa6bc, 0xaefd, 0xb6dd, 0xb6dc, 0xaedc, 0xaedc, 0xaedc, 0xaedc, 0xaedc, 0xaedc, 0xaedc, 0xaedc, 0xaedc, 0xaedc, 
	0xaedc, 0xaedc, 0xaedc, 0xaedc, 0xaedc, 0xaedc, 0xaedc, 0xaedc, 0xaedc, 0xaedc, 0xaedc, 0xaedc, 0xaedc, 0xaedc, 0xaedc, 0xaedc, 
	0xaedc, 0xaedc, 0xaedc, 0xaedc, 0xaedc, 0xaedc, 0xaedc, 0xaedc, 0xaedc, 0xaedc, 0xaedc, 0xaedc, 0xaedc, 0xaedc, 0xaedc, 0xaedc, 
	0xaedc, 0xaedc, 0xaedc, 0xaedc, 0xaedc, 0xaedc, 0xaedc, 0xaedc, 0xaedc, 0xaedc, 0xaedc, 0xaedc, 0xaedc, 0xaedc, 0xaedc, 0xaedc, 
	0xaedc, 0xaedc, 0xaedc, 0xaedc, 0xaedc, 0xaedc, 0xaedc, 0xaedc, 0xaedc, 0xaedc, 0xaedc, 0xaedc, 0xaedc, 0xaedc, 0xaedc, 0xaedc, 
	0xaedc, 0xaedc, 0xaedc, 0xaedc, 0xaedc, 0xaedc, 0xaedc, 0xaedc, 0xaedc, 0xaedc, 0xaedc, 0xaedc, 0xaedc, 0xaedc, 0xaedc, 0xaedc, 
	0xaedc, 0xaedc, 0xaedc, 0xaedc, 0xaedc, 0xaedc, 0xaedc, 0xaedc, 0xaedc, 0xaedc, 0xaedc, 0xaedc, 0xaedc, 0xaedc, 0xaedc, 0xaedc, 
	0xaedc, 0xaedc, 0xaedc, 0xaedc, 0xaedc, 0xaedc, 0xaedc, 0xaedc, 0xaedc, 0xaedc, 0xaedc, 0xaedc, 0xaedc, 0xaedc, 0xaedc, 0xaedc, 
	0xaedc, 0xaedc, 0xaedc, 0xaedc, 0xaedc, 0xaedc, 0xaedc, 0xaedc, 0xaedc, 0xaedc, 0xaedc, 0xaedc, 0xaedc, 0xaedc, 0xaedc, 0xaedc, 
	0xaedc, 0xaedc, 0xaedc, 0xaedc, 0xaedc, 0xaedc, 0xaedc, 0xaedc, 0xaedd, 0xaedc, 0xaebc, 0xb6fd, 0xaedd, 0xaedd, 0xb6dc, 0x7492, 
	0x1903, 0x0000, 0x0000, 0x0000, 0x0000, 0x0020, 0x0000, 0x0020, 0x0000, 0x0000, 0x0000, 0x0000, 0x0000, 0x0000, 0x0000, 0x0000, 
	0x1925, 0x7c93, 0xaebb, 0xb6fd, 0xaedc, 0xaedc, 0xaedd, 0xaedc, 0xaedc, 0xaedc, 0xaedc, 0xaedc, 0xaedc, 0xaedc, 0xaedc, 0xaedc, 
	0xaedc, 0xaedc, 0xaedc, 0xaedc, 0xaedc, 0xaedc, 0xaedc, 0xaedc, 0xaedc, 0xaedc, 0xaedc, 0xaedc, 0xaedc, 0xaedc, 0xaedc, 0xaedc, 
	0xaedc, 0xaedc, 0xaedc, 0xaedc, 0xaedc, 0xaedc, 0xaedc, 0xaedc, 0xaedc, 0xaedc, 0xaedc, 0xaedc, 0xaedc, 0xaedc, 0xaedc, 0xaedc, 
	0xaedc, 0xaedc, 0xaedc, 0xaedc, 0xaedc, 0xaedc, 0xaedc, 0xaedc, 0xaedd, 0xb6dd, 0xaedc, 0xaedc, 0xaedd, 0xb6dc, 0x8515, 0x21a7, 
	0x0000, 0x0840, 0x0000, 0x0000, 0x0020, 0x0000, 0x0000, 0x0000, 0x0000, 0x0020, 0x0020, 0x0000, 0x0000, 0x0000, 0x0000, 0x10c2, 
	0x63f0, 0xb69b, 0xaebc, 0xaedd, 0xb6fd, 0xaedc, 0xaedc, 0xaedd, 0xaedc, 0xaedc, 0xaedc, 0xaedc, 0xaedc, 0xaedc, 0xaedc, 0xaedc, 
	0xaedc, 0xaedc, 0xaedc, 0xaedc, 0xaedc, 0xaedc, 0xaedc, 0xaedc, 0xaedc, 0xaedc, 0xaedc, 0xaedc, 0xaedc, 0xaedc, 0xaedc, 0xaedc, 
	0xaedc, 0xaedc, 0xaedc, 0xaedc, 0xaedc, 0xaedc, 0xaedc, 0xaedc, 0xaedc, 0xaedc, 0xaedc, 0xaedc, 0xaedc, 0xaedc, 0xaedc, 0xaedc, 
	0xaedc, 0xaedc, 0xaedc, 0xaedc, 0xaedc, 0xaedc, 0xaedc, 0xaedc, 0xaedc, 0xaedc, 0xaedc, 0xaedc, 0xaedc, 0xaedc, 0xaedc, 0xaedc, 
	0xaedc, 0xaedc, 0xaedc, 0xaedc, 0xaedc, 0xaedc, 0xaedc, 0xaedc, 0xaedc, 0xaedc, 0xaedc, 0xaedc, 0xaedc, 0xaedc, 0xaedc, 0xaedc, 
	0xaedc, 0xaedc, 0xaedc, 0xaedc, 0xaedc, 0xaedc, 0xaedc, 0xaedc, 0xaedc, 0xaedc, 0xaedc, 0xaedc, 0xaedc, 0xaedc, 0xaedc, 0xaedc, 
	0xaedc, 0xaedc, 0xaedc, 0xaedc, 0xaedc, 0xaedc, 0xaedc, 0xaedc, 0xaedc, 0xaedc, 0xaedc, 0xaedc, 0xaedc, 0xaedc, 0xaedc, 0xaedc, 
	0xaedc, 0xaedc, 0xaedc, 0xaedc, 0xaedc, 0xaedc, 0xaedc, 0xaedc, 0xaedc, 0xaedc, 0xaedc, 0xaedc, 0xaedc, 0xaedc, 0xaedc, 0xaedc, 
	0xaedc, 0xaedc, 0xaedc, 0xaedc, 0xaedc, 0xaedc, 0xaedc, 0xaedc, 0xaedc, 0xaedc, 0xaedc, 0xaedc, 0xaedc, 0xaedc, 0xaedc, 0xaedc, 
	0xaedc, 0xaedc, 0xaedc, 0xaedc, 0xaedc, 0xaedc, 0xaedc, 0xaedc, 0xaedd, 0xb6dd, 0xb6dc, 0xaedd, 0xa6bc, 0xb6dd, 0x95b7, 0x2a08, 
	0x0000, 0x0000, 0x0000, 0x0000, 0x0000, 0x0820, 0x18a2, 0x3965, 0x41c5, 0x39a5, 0x18a2, 0x0000, 0x0000, 0x0000, 0x0000, 0x0000, 
	0x0000, 0x3229, 0x8d97, 0xb6fd, 0xaedc, 0xaedc, 0xb6fd, 0xaedc, 0xaedc, 0xaedc, 0xaedc, 0xaedc, 0xaedc, 0xaedc, 0xaedc, 0xaedc, 
	0xaedc, 0xaedc, 0xaedc, 0xaedc, 0xaedc, 0xaedc, 0xaedc, 0xaedc, 0xaedc, 0xaedc, 0xaedc, 0xaedc, 0xaedc, 0xaedc, 0xaedc, 0xaedc, 
	0xaedc, 0xaedc, 0xaedc, 0xaedc, 0xaedc, 0xaedc, 0xaedc, 0xaedc, 0xaedc, 0xaedc, 0xaedc, 0xaedc, 0xaedc, 0xaedc, 0xaedc, 0xaedc, 
	0xaedc, 0xaedc, 0xaedc, 0xaedc, 0xaedc, 0xaedc, 0xaedc, 0xaedc, 0xaedd, 0xb6dc, 0xb6fc, 0xaedc, 0xaefd, 0x9df9, 0x42ab, 0x0020, 
	0x0000, 0x0000, 0x0000, 0x0000, 0x0000, 0x1881, 0x3944, 0x49c6, 0x4185, 0x20a2, 0x0820, 0x0000, 0x0000, 0x0000, 0x0000, 0x0000, 
	0x2186, 0x8d35, 0xb6dd, 0xaedd, 0xaedc, 0xaebc, 0xb6fd, 0xaedd, 0xaedc, 0xaedc, 0xaedc, 0xaedc, 0xaedc, 0xaedc, 0xaedc, 0xaedc, 
	0xaedc, 0xaedc, 0xaedc, 0xaedc, 0xaedc, 0xaedc, 0xaedc, 0xaedc, 0xaedc, 0xaedc, 0xaedc, 0xaedc, 0xaedc, 0xaedc, 0xaedc, 0xaedc, 
	0xaedc, 0xaedc, 0xaedc, 0xaedc, 0xaedc, 0xaedc, 0xaedc, 0xaedc, 0xaedc, 0xaedc, 0xaedc, 0xaedc, 0xaedc, 0xaedc, 0xaedc, 0xaedc, 
	0xaedc, 0xaedc, 0xaedc, 0xaedc, 0xaedc, 0xaedc, 0xaedc, 0xaedc, 0xaedc, 0xaedc, 0xaedc, 0xaedc, 0xaedc, 0xaedc, 0xaedc, 0xaedc, 
	0xaedc, 0xaedc, 0xaedc, 0xaedc, 0xaedc, 0xaedc, 0xaedc, 0xaedc, 0xaedc, 0xaedc, 0xaedc, 0xaedc, 0xaedc, 0xaedc, 0xaedc, 0xaedc, 
	0xaedc, 0xaedc, 0xaedc, 0xaedc, 0xaedc, 0xaedc, 0xaedc, 0xaedc, 0xaedc, 0xaedc, 0xaedc, 0xaedc, 0xaedc, 0xaedc, 0xaedc, 0xaedc, 
	0xaedc, 0xaedc, 0xaedc, 0xaedc, 0xaedc, 0xaedc, 0xaedc, 0xaedc, 0xaedc, 0xaedc, 0xaedc, 0xaedc, 0xaedc, 0xaedc, 0xaedc, 0xaedc, 
	0xaedc, 0xaedc, 0xaedc, 0xaedc, 0xaedc, 0xaedc, 0xaedc, 0xaedc, 0xaedc, 0xaedc, 0xaedc, 0xaedc, 0xaedc, 0xaedc, 0xaedc, 0xaedc, 
	0xaedc, 0xaedc, 0xaedc, 0xaedc, 0xaedc, 0xaedc, 0xaedc, 0xaedc, 0xaedc, 0xaedc, 0xaedc, 0xaedc, 0xaedc, 0xaedc, 0xaedc, 0xaedc, 
	0xaedc, 0xaedc, 0xaedc, 0xaedc, 0xaedc, 0xaedc, 0xaedc, 0xaedc, 0xaedd, 0xaedc, 0xaedc, 0xaedc, 0xaedd, 0xaebc, 0x63f0, 0x0882, 
	0x0000, 0x0000, 0x0000, 0x0000, 0x0841, 0x49e6, 0xa44f, 0xd574, 0xe5d5, 0xcd53, 0xa470, 0x5207, 0x0841, 0x0000, 0x0000, 0x0000, 
	0x0800, 0x0062, 0x6c52, 0xaebc, 0xaedc, 0xaebc, 0xb6fd, 0xaedc, 0xaedc, 0xaedc, 0xaedc, 0xaedc, 0xaedc, 0xaedc, 0xaedc, 0xaedc, 
	0xaedc, 0xaedc, 0xaedc, 0xaedc, 0xaedc, 0xaedc, 0xaedc, 0xaedc, 0xaedc, 0xaedc, 0xaedc, 0xaedc, 0xaedc, 0xaedc, 0xaedc, 0xaedc, 
	0xaedc, 0xaedc, 0xaedc, 0xaedc, 0xaedc, 0xaedc, 0xaedc, 0xaedc, 0xaedc, 0xaedc, 0xaedc, 0xaedc, 0xaedc, 0xaedc, 0xaedc, 0xaedc, 
	0xaedc, 0xaedc, 0xaedc, 0xaedc, 0xaedc, 0xaedc, 0xaedc, 0xaedc, 0xb6dd, 0xaebc, 0xaedc, 0xaedc, 0xaedc, 0x7cd4, 0x10e4, 0x0000, 
	0x0000, 0x0000, 0x0020, 0x0020, 0x39a5, 0x940f, 0xcd53, 0xe5b5, 0xdd94, 0xac90, 0x5a48, 0x1081, 0x0000, 0x0000, 0x0000, 0x0000, 
	0x0041, 0x534e, 0xae9b, 0xaefd, 0xaefc, 0xaedc, 0xaedc, 0xaedd, 0xaedc, 0xaedc, 0xaedc, 0xaedc, 0xaedc, 0xaedc, 0xaedc, 0xaedc, 
	0xaedc, 0xaedc, 0xaedc, 0xaedc, 0xaedc, 0xaedc, 0xaedc, 0xaedc, 0xaedc, 0xaedc, 0xaedc, 0xaedc, 0xaedc, 0xaedc, 0xaedc, 0xaedc, 
	0xaedc, 0xaedc, 0xaedc, 0xaedc, 0xaedc, 0xaedc, 0xaedc, 0xaedc, 0xaedc, 0xaedc, 0xaedc, 0xaedc, 0xaedc, 0xaedc, 0xaedc, 0xaedc, 
	0xaedc, 0xaedc, 0xaedc, 0xaedc, 0xaedc, 0xaedc, 0xaedc, 0xaedc, 0xaedc, 0xaedc, 0xaedc, 0xaedc, 0xaedc, 0xaedc, 0xaedc, 0xaedc, 
	0xaedc, 0xaedc, 0xaedc, 0xaedc, 0xaedc, 0xaedc, 0xaedc, 0xaedc, 0xaedc, 0xaedc, 0xaedc, 0xaedc, 0xaedc, 0xaedc, 0xaedc, 0xaedc, 
	0xaedc, 0xaedc, 0xaedc, 0xaedc, 0xaedc, 0xaedc, 0xaedc, 0xaedc, 0xaedc, 0xaedc, 0xaedc, 0xaedc, 0xaedc, 0xaedc, 0xaedc, 0xaedc, 
	0xaedc, 0xaedc, 0xaedc, 0xaedc, 0xaedc, 0xaedc, 0xaedc, 0xaedc, 0xaedc, 0xaedc, 0xaedc, 0xaedc, 0xaedc, 0xaedc, 0xaedc, 0xaedc, 
	0xaedc, 0xaedc, 0xaedc, 0xaedc, 0xaedc, 0xaedc, 0xaedc, 0xaedc, 0xaedc, 0xaedc, 0xaedc, 0xaedc, 0xaedc, 0xaedc, 0xaedc, 0xaedc, 
	0xaedc, 0xaedc, 0xaedc, 0xaedc, 0xaedc, 0xaedc, 0xaedc, 0xaedc, 0xaebc, 0xb6fd, 0xaedc, 0xaedc, 0xaedc, 0xaedc, 0xaefd, 0xaedc, 
	0xaefc, 0xaebc, 0xb6dc, 0xb6dd, 0xaebc, 0xaedd, 0xaefd, 0xaedd, 0xaedd, 0xb6dd, 0xb6dd, 0xae9c, 0xb6dd, 0xa63a, 0x3a29, 0x0000, 
	0x0000, 0x0000, 0x0000, 0x0840, 0x5a27, 0xd553, 0xfe77, 0xfe98, 0xfe58, 0xfeb8, 0xf657, 0xd553, 0x6248, 0x0000, 0x0000, 0x0000, 
	0x0000, 0x0020, 0x3a49, 0xa63a, 0xb6fd, 0xa6dd, 0xaedd, 0xaedd, 0xaedc, 0xaedc, 0xaedd, 0xaefd, 0xaefd, 0xaedc, 0xaefd, 0xaedc, 
	0xaedc, 0xb6dc, 0xb6dc, 0xaedc, 0xaedc, 0xaedd, 0xaedc, 0xb6bd, 0xaedc, 0xaedc, 0xaedc, 0xaedc, 0xaedc, 0xaedc, 0xaedc, 0xaedc, 
	0xaedc, 0xaedc, 0xaedc, 0xaedc, 0xaedc, 0xaedc, 0xaedc, 0xaedc, 0xb6dd, 0xaedd, 0xaedc, 0xaefd, 0xaedc, 0xaebc, 0xb6fd, 0xaedc, 
	0xaedc, 0xaefd, 0xaedc, 0xaedc, 0xb6fd, 0xaedc, 0xaedc, 0xaedc, 0xaefd, 0xaedc, 0xaefd, 0xaefd, 0xae7b, 0x4b0c, 0x0021, 0x0800, 
	0x0000, 0x0020, 0x0000, 0x49c5, 0xc4f1, 0xf658, 0xfe98, 0xfe77, 0xfe77, 0xfe98, 0xdd94, 0x72aa, 0x1020, 0x0020, 0x0000, 0x0000, 
	0x0000, 0x2986, 0x95b7, 0xb6fd, 0xaedd, 0xb6dd, 0xaedd, 0xaedd, 0xaedd, 0xaedd, 0xb6dd, 0xaebc, 0xb6bc, 0xb6fc, 0xaedc, 0xaefc, 
	0xb6fd, 0xaebc, 0xb6dd, 0xaedc, 0xaedd, 0xaedc, 0xb6fd, 0xaedc, 0xaedc, 0xaedc, 0xaedc, 0xaedc, 0xaedc, 0xaedc, 0xaedc, 0xaedc, 
	0xaedc, 0xaedc, 0xaedc, 0xaedc, 0xaedc, 0xaedc, 0xaedc, 0xaedc, 0xaedc, 0xaedc, 0xaedc, 0xaedc, 0xaedc, 0xaedc, 0xaedc, 0xaedc, 
	0xaedc, 0xaedc, 0xaedc, 0xaedc, 0xaedc, 0xaedc, 0xaedc, 0xaedc, 0xaedc, 0xaedc, 0xaedc, 0xaedc, 0xaedc, 0xaedc, 0xaedc, 0xaedc, 
	0xaedc, 0xaedc, 0xaedc, 0xaedc, 0xaedc, 0xaedc, 0xaedc, 0xaedc, 0xaedc, 0xaedc, 0xaedc, 0xaedc, 0xaedc, 0xaedc, 0xaedc, 0xaedc, 
	0xaedc, 0xaedc, 0xaedc, 0xaedc, 0xaedc, 0xaedc, 0xaedc, 0xaedc, 0xaedc, 0xaedc, 0xaedc, 0xaedc, 0xaedc, 0xaedc, 0xaedc, 0xaedc, 
	0xaedc, 0xaedc, 0xaedc, 0xaedc, 0xaedc, 0xaedc, 0xaedc, 0xaedc, 0xaedc, 0xaedc, 0xaedc, 0xaedc, 0xaedc, 0xaedc, 0xaedc, 0xaedc, 
	0xaedc, 0xaedc, 0xaedc, 0xaedc, 0xaedc, 0xaedc, 0xaedc, 0xaedc, 0xaedc, 0xaedc, 0xaedc, 0xaedc, 0xaedc, 0xaedc, 0xaedc, 0xaedc, 
	0xaedc, 0xaedc, 0xaedc, 0xaedc, 0xaedc, 0xaedc, 0xaedc, 0xaedc, 0xb6fd, 0xaedc, 0xaebc, 0xaedd, 0xb6fd, 0xaedc, 0xaedc, 0xaebc, 
	0xaedd, 0xb6fd, 0xaedd, 0xaebc, 0xb71d, 0xaefd, 0xaebc, 0xb6dc, 0xb6fd, 0xaedc, 0xb6fc, 0xaedd, 0xb6fd, 0x8d77, 0x1966, 0x0000, 
	0x0000, 0x0020, 0x0000, 0x28e3, 0xb4d2, 0xfe78, 0xfe78, 0xfe78, 0xfe78, 0xfe77, 0xfe98, 0xfe78, 0xb4b2, 0x3144, 0x0000, 0x0000, 
	0x0000, 0x0000, 0x2166, 0x8d56, 0xaebc, 0xaedc, 0xb6fd, 0xb6dc, 0xb6fc, 0xb6fd, 0xaedc, 0xaebc, 0xaedc, 0xb6dd, 0xaedd, 0xb6dc, 
	0xaedc, 0xaedc, 0xaedc, 0xaedc, 0xaedc, 0xb6fd, 0xaedd, 0xaebc, 0xaedc, 0xaedc, 0xaedc, 0xaedc, 0xaedc, 0xaedc, 0xaedc, 0xaedc, 
	0xaedc, 0xaedc, 0xaedc, 0xaedc, 0xaedc, 0xaedc, 0xaedc, 0xaedc, 0xaebd, 0xaedd, 0xaedd, 0xaedd, 0xaedc, 0xaedc, 0xaedc, 0xaedc, 
	0xb6dd, 0xaebc, 0xaedd, 0xaefd, 0xaedc, 0xaedc, 0xb6fd, 0xaedc, 0xb6dc, 0xb6fd, 0xaedc, 0xaedc, 0x9dd8, 0x3249, 0x0000, 0x0000, 
	0x0000, 0x0000, 0x20e3, 0xa42f, 0xf657, 0xfe99, 0xfe78, 0xfe77, 0xfe78, 0xfe77, 0xfe98, 0xcd54, 0x3965, 0x0000, 0x0020, 0x0000, 
	0x0000, 0x08e3, 0x7cf4, 0xaedc, 0xaedd, 0xaedc, 0xaedc, 0xb6fc, 0xaedc, 0xaebc, 0xaedc, 0xaefd, 0xb6fd, 0xb6dd, 0xaebc, 0xb6dd, 
	0xaedc, 0xaedc, 0xb6fd, 0xaedd, 0xb6fd, 0xaebc, 0xaedc, 0xaedc, 0xaedc, 0xaedc, 0xaedc, 0xaedc, 0xaedc, 0xaedc, 0xaedc, 0xaedc, 
	0xaedc, 0xaedc, 0xaedc, 0xaedc, 0xaedc, 0xaedc, 0xaedc, 0xaedc, 0xaedc, 0xaedc, 0xaedc, 0xaedc, 0xaedc, 0xaedc, 0xaedc, 0xaedc, 
	0xaedc, 0xaedc, 0xaedc, 0xaedc, 0xaedc, 0xaedc, 0xaedc, 0xaedc, 0xaedc, 0xaedc, 0xaedc, 0xaedc, 0xaedc, 0xaedc, 0xaedc, 0xaedc, 
	0xaedc, 0xaedc, 0xaedc, 0xaedc, 0xaedc, 0xaedc, 0xaedc, 0xaedc, 0xaedc, 0xaedc, 0xaedc, 0xaedc, 0xaedc, 0xaedc, 0xaedc, 0xaedc, 
	0xaedc, 0xaedc, 0xaedc, 0xaedc, 0xaedc, 0xaedc, 0xaedc, 0xaedc, 0xaedc, 0xaedc, 0xaedc, 0xaedc, 0xaedc, 0xaedc, 0xaedc, 0xaedc, 
	0xaedc, 0xaedc, 0xaedc, 0xaedc, 0xaedc, 0xaedc, 0xaedc, 0xaedc, 0xaedc, 0xaedc, 0xaedc, 0xaedc, 0xaedc, 0xaedc, 0xaedc, 0xaedc, 
	0xaedc, 0xaedc, 0xaedc, 0xaedc, 0xaedc, 0xaedc, 0xaedc, 0xaedc, 0xaedc, 0xaedc, 0xaedc, 0xaedc, 0xaedc, 0xaedc, 0xaedc, 0xaedc, 
	0xaedc, 0xaedc, 0xaedc, 0xaedc, 0xaedc, 0xaedc, 0xaedc, 0xaedc, 0xb6fd, 0xaebc, 0xaedc, 0xb6fd, 0xaedc, 0xaedc, 0xb6fd, 0xb6fd, 
	0xaebd, 0xaebd, 0xaebc, 0xaedc, 0xaedc, 0xa65a, 0x9597, 0x84d4, 0x7cb4, 0x74b3, 0x8555, 0x9df8, 0xae9b, 0x8515, 0x08e4, 0x0000, 
	0x0000, 0x0000, 0x0820, 0x5a48, 0xee16, 0xfe78, 0xfe78, 0xfe78, 0xfe78, 0xfe57, 0xfe77, 0xfe78, 0xee17, 0x5a48, 0x0000, 0x0000, 
	0x0000, 0x0000, 0x10e4, 0x84d4, 0xb69b, 0x9df9, 0x8d36, 0x7cb3, 0x74b3, 0x7cf4, 0x9597, 0xae5a, 0xb6bc, 0xb6bc, 0xaedd, 0xaefd, 
	0xaefd, 0xaedc, 0xaedc, 0xaedd, 0xaedc, 0xaedc, 0xaedd, 0xaedc, 0xaedc, 0xaedc, 0xaedc, 0xaedc, 0xaedc, 0xaedc, 0xaedc, 0xaedc, 
	0xaedc, 0xaedc, 0xaedc, 0xaedc, 0xaedc, 0xaedc, 0xaedc, 0xaedc, 0xaedc, 0xaedd, 0xaedc, 0xaebc, 0xaedc, 0xaefd, 0xaedd, 0xaefd, 
	0xb6dd, 0xb6dd, 0xaebc, 0xaebc, 0xae9b, 0x95b7, 0x7cd4, 0x7cd3, 0x7c93, 0x8d36, 0x95d8, 0xae9b, 0x8d76, 0x2187, 0x0000, 0x0000, 
	0x0000, 0x0000, 0x41a6, 0xddb5, 0xfe78, 0xfe78, 0xfe57, 0xfe97, 0xfe78, 0xfe77, 0xfe78, 0xfe78, 0x7b0b, 0x0820, 0x0020, 0x0000, 
	0x0000, 0x0062, 0x6c72, 0xae9b, 0x9e19, 0x8d36, 0x7cd4, 0x7cb3, 0x7cd4, 0x95b7, 0x9e5a, 0xa6bb, 0xb6fd, 0xb6dd, 0xb6bd, 0xb6bd, 
	0xaebc, 0xb6fd, 0xaedc, 0xaedc, 0xb6fd, 0xaedc, 0xb6fd, 0xb6fd, 0xaedc, 0xaedc, 0xaedc, 0xaedc, 0xaedc, 0xaedc, 0xaedc, 0xaedc, 
	0xaedc, 0xaedc, 0xaedc, 0xaedc, 0xaedc, 0xaedc, 0xaedc, 0xaedc, 0xaedc, 0xaedc, 0xaedc, 0xaedc, 0xaedc, 0xaedc, 0xaedc, 0xaedc, 
	0xaedc, 0xaedc, 0xaedc, 0xaedc, 0xaedc, 0xaedc, 0xaedc, 0xaedc, 0xaedc, 0xaedc, 0xaedc, 0xaedc, 0xaedc, 0xaedc, 0xaedc, 0xaedc, 
	0xaedc, 0xaedc, 0xaedc, 0xaedc, 0xaedc, 0xaedc, 0xaedc, 0xaedc, 0xaedc, 0xaedc, 0xaedc, 0xaedc, 0xaedc, 0xaedc, 0xaedc, 0xaedc, 
	0xaedc, 0xaedc, 0xaedc, 0xaedc, 0xaedc, 0xaedc, 0xaedc, 0xaedc, 0xaedc, 0xaedc, 0xaedc, 0xaedc, 0xaedc, 0xaedc, 0xaedc, 0xaedc, 
	0xaedc, 0xaedc, 0xaedc, 0xaedc, 0xaedc, 0xaedc, 0xaedc, 0xaedc, 0xaedc, 0xaedc, 0xaedc, 0xaedc, 0xaedc, 0xaedc, 0xaedc, 0xaedc, 
	0xaedc, 0xaedc, 0xaedc, 0xaedc, 0xaedc, 0xaedc, 0xaedc, 0xaedc, 0xaedc, 0xaedc, 0xaedc, 0xaedc, 0xaedc, 0xaedc, 0xaedc, 0xaedc, 
	0xaedc, 0xaedc, 0xaedc, 0xaedc, 0xaedc, 0xaedc, 0xaedc, 0xaedc, 0xaedc, 0xaedc, 0xb6fd, 0xaedc, 0xaedc, 0xaedd, 0xaedc, 0xb6dd, 
	0xaedd, 0xb6dd, 0xb6bc, 0x9df8, 0x6431, 0x326a, 0x21a6, 0x1905, 0x10e4, 0x10e4, 0x2145, 0x3229, 0x534e, 0x52ec, 0x0862, 0x0000, 
	0x0000, 0x0000, 0x0000, 0x832c, 0xf616, 0xfe77, 0xfe78, 0xfe78, 0xfe58, 0xfe78, 0xfe97, 0xfe57, 0xfe78, 0x730b, 0x0820, 0x0000, 
	0x0000, 0x0000, 0x0883, 0x4acb, 0x534d, 0x3229, 0x1945, 0x1104, 0x10e4, 0x10e4, 0x2187, 0x3a8b, 0x63f0, 0x95d8, 0xaedc, 0xa6dc, 
	0xaefd, 0xaedc, 0xaedc, 0xaedd, 0xaedc, 0xaebc, 0xaedd, 0xaefd, 0xaedc, 0xaedc, 0xaedc, 0xaedc, 0xaedc, 0xaedc, 0xaedc, 0xaedc, 
	0xaedc, 0xaedc, 0xaedc, 0xaedc, 0xaedc, 0xaedc, 0xaedc, 0xaedc, 0xaedd, 0xaedc, 0xaedc, 0xaebc, 0xb6dd, 0xaefd, 0xa6bc, 0xaefd, 
	0xaedc, 0xaedc, 0x9e19, 0x6c72, 0x42ab, 0x29a7, 0x1905, 0x10c4, 0x10e4, 0x1945, 0x29e8, 0x532d, 0x530d, 0x10e4, 0x0000, 0x0000, 
	0x0000, 0x0000, 0x5a48, 0xf637, 0xfe78, 0xfe78, 0xfe78, 0xfe77, 0xfe58, 0xfe98, 0xfe57, 0xfe57, 0x9c0f, 0x0820, 0x0000, 0x0000, 
	0x0000, 0x0041, 0x428b, 0x5b6e, 0x3a6a, 0x2146, 0x10e4, 0x08a3, 0x1904, 0x2166, 0x3249, 0x5bd0, 0x8d97, 0xae9b, 0xaefd, 0xaedd, 
	0xaedc, 0xaefd, 0xaedd, 0xaebc, 0xaedc, 0xaedd, 0xaedc, 0xaedc, 0xaedc, 0xaedc, 0xaedc, 0xaedc, 0xaedc, 0xaedc, 0xaedc, 0xaedc, 
	0xaedc, 0xaedc, 0xaedc, 0xaedc, 0xaedc, 0xaedc, 0xaedc, 0xaedc, 0xaedc, 0xaedc, 0xaedc, 0xaedc, 0xaedc, 0xaedc, 0xaedc, 0xaedc, 
	0xaedc, 0xaedc, 0xaedc, 0xaedc, 0xaedc, 0xaedc, 0xaedc, 0xaedc, 0xaedc, 0xaedc, 0xaedc, 0xaedc, 0xaedc, 0xaedc, 0xaedc, 0xaedc, 
	0xaedc, 0xaedc, 0xaedc, 0xaedc, 0xaedc, 0xaedc, 0xaedc, 0xaedc, 0xaedc, 0xaedc, 0xaedc, 0xaedc, 0xaedc, 0xaedc, 0xaedc, 0xaedc, 
	0xaedc, 0xaedc, 0xaedc, 0xaedc, 0xaedc, 0xaedc, 0xaedc, 0xaedc, 0xaedc, 0xaedc, 0xaedc, 0xaedc, 0xaedc, 0xaedc, 0xaedc, 0xaedc, 
	0xaedc, 0xaedc, 0xaedc, 0xaedc, 0xaedc, 0xaedc, 0xaedc, 0xaedc, 0xaedc, 0xaedc, 0xaedc, 0xaedc, 0xaedc, 0xaedc, 0xaedc, 0xaedc, 
	0xaedc, 0xaedc, 0xaedc, 0xaedc, 0xaedc, 0xaedc, 0xaedc, 0xaedc, 0xaedc, 0xaedc, 0xaedc, 0xaedc, 0xaedc, 0xaedc, 0xaedc, 0xaedc, 
	0xaedc, 0xaedc, 0xaedc, 0xaedc, 0xaedc, 0xaedc, 0xaedc, 0xaedc, 0xaedc, 0xaedc, 0xaedc, 0xaedc, 0xb6fd, 0xb6fd, 0xaebc, 0xaebc, 
	0xaedc, 0xa67b, 0x7473, 0x29e8, 0x0062, 0x0020, 0x0020, 0x0000, 0x0000, 0x0000, 0x0000, 0x0000, 0x0862, 0x1082, 0x0000, 0x0000, 
	0x0000, 0x0020, 0x0000, 0x8b6c, 0xfe57, 0xfe77, 0xfe78, 0xfe78, 0xfe78, 0xfe98, 0xfe77, 0xfe77, 0xfe78, 0x7b4b, 0x0820, 0x0000, 
	0x0000, 0x0000, 0x0020, 0x0882, 0x0061, 0x0020, 0x0000, 0x0000, 0x0000, 0x0000, 0x0020, 0x0000, 0x0082, 0x3229, 0x6c92, 0xa67a, 
	0xaebc, 0xaefc, 0xaedc, 0xaedc, 0xb6dd, 0xb6dc, 0xb6dd, 0xaedc, 0xaedc, 0xaedc, 0xaedc, 0xaedc, 0xaedc, 0xaedc, 0xaedc, 0xaedc, 
	0xaedc, 0xaedc, 0xaedc, 0xaedc, 0xaedc, 0xaedc, 0xaedc, 0xaedc, 0xaefc, 0xaedc, 0xb6dd, 0xb6dd, 0xaedd, 0xaedc, 0xaebc, 0xaedc, 
	0xaebb, 0x7cf4, 0x3a6a, 0x0882, 0x0000, 0x0000, 0x0000, 0x0000, 0x0000, 0x0000, 0x0000, 0x0041, 0x0882, 0x0041, 0x0000, 0x0000, 
	0x0000, 0x0000, 0x6269, 0xf657, 0xfe98, 0xfe58, 0xfe98, 0xfe97, 0xfe78, 0xfe98, 0xfe97, 0xfe77, 0xa42f, 0x0840, 0x0020, 0x0000, 
	0x0000, 0x0000, 0x0882, 0x0862, 0x0000, 0x0000, 0x0000, 0x0000, 0x0000, 0x0000, 0x0000, 0x0882, 0x21a7, 0x6411, 0x9e5a, 0xaefc, 
	0xaedc, 0xaebc, 0xaefc, 0xaedc, 0xaedc, 0xaedd, 0xaedc, 0xb6dd, 0xaedc, 0xaedc, 0xaedc, 0xaedc, 0xaedc, 0xaedc, 0xaedc, 0xaedc, 
	0xaedc, 0xaedc, 0xaedc, 0xaedc, 0xaedc, 0xaedc, 0xaedc, 0xaedc, 0xaedc, 0xaedc, 0xaedc, 0xaedc, 0xaedc, 0xaedc, 0xaedc, 0xaedc, 
	0xaedc, 0xaedc, 0xaedc, 0xaedc, 0xaedc, 0xaedc, 0xaedc, 0xaedc, 0xaedc, 0xaedc, 0xaedc, 0xaedc, 0xaedc, 0xaedc, 0xaedc, 0xaedc, 
	0xaedc, 0xaedc, 0xaedc, 0xaedc, 0xaedc, 0xaedc, 0xaedc, 0xaedc, 0xaedc, 0xaedc, 0xaedc, 0xaedc, 0xaedc, 0xaedc, 0xaedc, 0xaedc, 
	0xaedc, 0xaedc, 0xaedc, 0xaedc, 0xaedc, 0xaedc, 0xaedc, 0xaedc, 0xaedc, 0xaedc, 0xaedc, 0xaedc, 0xaedc, 0xaedc, 0xaedc, 0xaedc, 
	0xaedc, 0xaedc, 0xaedc, 0xaedc, 0xaedc, 0xaedc, 0xaedc, 0xaedc, 0xaedc, 0xaedc, 0xaedc, 0xaedc, 0xaedc, 0xaedc, 0xaedc, 0xaedc, 
	0xaedc, 0xaedc, 0xaedc, 0xaedc, 0xaedc, 0xaedc, 0xaedc, 0xaedc, 0xaedc, 0xaedc, 0xaedc, 0xaedc, 0xaedc, 0xaedc, 0xaedc, 0xaedc, 
	0xaedc, 0xaedc, 0xaedc, 0xaedc, 0xaedc, 0xaedc, 0xaedc, 0xaedc, 0xaedc, 0xb6fd, 0xaedc, 0xaedd, 0xb6fd, 0xaebc, 0xb6dd, 0xb6fd, 
	0xa659, 0x538e, 0x1925, 0x0021, 0x0000, 0x0000, 0x0000, 0x0000, 0x0000, 0x0000, 0x0000, 0x0000, 0x0000, 0x0000, 0x0020, 0x0000, 
	0x0000, 0x0020, 0x0000, 0x8b4c, 0xfe57, 0xfe77, 0xfe77, 0xfe78, 0xfe98, 0xfe77, 0xfe57, 0xfe77, 0xf657, 0x834c, 0x0840, 0x0000, 
	0x0020, 0x0000, 0x0000, 0x0000, 0x0000, 0x0000, 0x0000, 0x0000, 0x0000, 0x0000, 0x0000, 0x0000, 0x0000, 0x0000, 0x1925, 0x63af, 
	0xa619, 0xb6fc, 0xaefd, 0xaedc, 0xb6dd, 0xb6dd, 0xb6dd, 0xaedc, 0xaedc, 0xaedc, 0xaedc, 0xaedc, 0xaedc, 0xaedc, 0xaedc, 0xaedc, 
	0xaedc, 0xaedc, 0xaedc, 0xaedc, 0xaedc, 0xaedc, 0xaedc, 0xaedc, 0xaedc, 0xaedc, 0xb6dc, 0xaedd, 0xaedd, 0xaefd, 0xb6dd, 0xae5a, 
	0x6c11, 0x1965, 0x0021, 0x0821, 0x0000, 0x0000, 0x0000, 0x0020, 0x0000, 0x0000, 0x0000, 0x0000, 0x0000, 0x0000, 0x0000, 0x0000, 
	0x0000, 0x0000, 0x6269, 0xee16, 0xfe77, 0xfe78, 0xfe98, 0xfe98, 0xfe98, 0xfe77, 0xfe57, 0xfe77, 0xa40f, 0x1061, 0x0000, 0x0000, 
	0x0000, 0x0000, 0x0000, 0x0000, 0x0000, 0x0000, 0x0000, 0x0000, 0x0000, 0x0000, 0x0000, 0x0000, 0x0000, 0x08a3, 0x4b0c, 0x9df8, 
	0xb6fc, 0xaedc, 0xaebc, 0xaedc, 0xaedd, 0xb6fd, 0xaedc, 0xb6fd, 0xaedc, 0xaedc, 0xaedc, 0xaedc, 0xaedc, 0xaedc, 0xaedc, 0xaedc, 
	0xaedc, 0xaedc, 0xaedc, 0xaedc, 0xaedc, 0xaedc, 0xaedc, 0xaedc, 0xaedc, 0xaedc, 0xaedc, 0xaedc, 0xaedc, 0xaedc, 0xaedc, 0xaedc, 
	0xaedc, 0xaedc, 0xaedc, 0xaedc, 0xaedc, 0xaedc, 0xaedc, 0xaedc, 0xaedc, 0xaedc, 0xaedc, 0xaedc, 0xaedc, 0xaedc, 0xaedc, 0xaedc, 
	0xaedc, 0xaedc, 0xaedc, 0xaedc, 0xaedc, 0xaedc, 0xaedc, 0xaedc, 0xaedc, 0xaedc, 0xaedc, 0xaedc, 0xaedc, 0xaedc, 0xaedc, 0xaedc, 
	0xaedc, 0xaedc, 0xaedc, 0xaedc, 0xaedc, 0xaedc, 0xaedc, 0xaedc, 0xaedc, 0xaedc, 0xaedc, 0xaedc, 0xaedc, 0xaedc, 0xaedc, 0xaedc, 
	0xaedc, 0xaedc, 0xaedc, 0xaedc, 0xaedc, 0xaedc, 0xaedc, 0xaedc, 0xaedc, 0xaedc, 0xaedc, 0xaedc, 0xaedc, 0xaedc, 0xaedc, 0xaedc, 
	0xaedc, 0xaedc, 0xaedc, 0xaedc, 0xaedc, 0xaedc, 0xaedc, 0xaedc, 0xaedc, 0xaedc, 0xaedc, 0xaedc, 0xaedc, 0xaedc, 0xaedc, 0xaedc, 
	0xaedc, 0xaedc, 0xaedc, 0xaedc, 0xaedc, 0xaedc, 0xaedc, 0xaedc, 0xaedc, 0xb6fd, 0xaedc, 0xaefd, 0xaedc, 0xaebc, 0xb6dd, 0xa63a, 
	0x63af, 0x10e3, 0x0000, 0x0000, 0x0000, 0x0000, 0x0000, 0x0000, 0x0000, 0x0000, 0x0000, 0x0000, 0x0000, 0x0000, 0x0000, 0x0000, 
	0x0800, 0x0020, 0x0000, 0x834c, 0xfe37, 0xfe97, 0xfe98, 0xfe57, 0xfe57, 0xfe98, 0xfe78, 0xfe98, 0xfe58, 0x836c, 0x0840, 0x0000, 
	0x0000, 0x0000, 0x0000, 0x0000, 0x0000, 0x0000, 0x0000, 0x0820, 0x0000, 0x0000, 0x0000, 0x0000, 0x0020, 0x0000, 0x0000, 0x10a3, 
	0x63d0, 0x9e19, 0xb6fc, 0xaedc, 0xaebc, 0xaebc, 0xb6dd, 0xaedc, 0xaedc, 0xaedc, 0xaedc, 0xaedc, 0xaedc, 0xaedc, 0xaedc, 0xaedc, 
	0xaedc, 0xaedc, 0xaedc, 0xaedc, 0xaedc, 0xaedc, 0xaedc, 0xaedc, 0xaedc, 0xb6dd, 0xaebc, 0xaedd, 0xaedc, 0xb6fd, 0xae5a, 0x6c32, 
	0x1904, 0x0000, 0x0000, 0x0000, 0x0000, 0x0000, 0x0000, 0x0020, 0x0000, 0x0000, 0x0000, 0x0000, 0x0000, 0x0000, 0x0000, 0x0000, 
	0x0000, 0x0000, 0x6289, 0xf637, 0xfe98, 0xfe98, 0xfe98, 0xfe57, 0xfe78, 0xfe98, 0xfe77, 0xfe78, 0xa40f, 0x1040, 0x0000, 0x0820, 
	0x0000, 0x0020, 0x0000, 0x0000, 0x0020, 0x0000, 0x0000, 0x0000, 0x0000, 0x0020, 0x0000, 0x0000, 0x0000, 0x0000, 0x08a2, 0x52ec, 
	0x9e19, 0xb6fd, 0xaedc, 0xaedc, 0xaefd, 0xaedc, 0xaebc, 0xaebc, 0xaedc, 0xaedc, 0xaedc, 0xaedc, 0xaedc, 0xaedc, 0xaedc, 0xaedc, 
	0xaedc, 0xaedc, 0xaedc, 0xaedc, 0xaedc, 0xaedc, 0xaedc, 0xaedc, 0xaedc, 0xaedc, 0xaedc, 0xaedc, 0xaedc, 0xaedc, 0xaedc, 0xaedc, 
	0xaedc, 0xaedc, 0xaedc, 0xaedc, 0xaedc, 0xaedc, 0xaedc, 0xaedc, 0xaedc, 0xaedc, 0xaedc, 0xaedc, 0xaedc, 0xaedc, 0xaedc, 0xaedc, 
	0xaedc, 0xaedc, 0xaedc, 0xaedc, 0xaedc, 0xaedc, 0xaedc, 0xaedc, 0xaedc, 0xaedc, 0xaedc, 0xaedc, 0xaedc, 0xaedc, 0xaedc, 0xaedc, 
	0xaedc, 0xaedc, 0xaedc, 0xaedc, 0xaedc, 0xaedc, 0xaedc, 0xaedc, 0xaedc, 0xaedc, 0xaedc, 0xaedc, 0xaedc, 0xaedc, 0xaedc, 0xaedc, 
	0xaedc, 0xaedc, 0xaedc, 0xaedc, 0xaedc, 0xaedc, 0xaedc, 0xaedc, 0xaedc, 0xaedc, 0xaedc, 0xaedc, 0xaedc, 0xaedc, 0xaedc, 0xaedc, 
	0xaedc, 0xaedc, 0xaedc, 0xaedc, 0xaedc, 0xaedc, 0xaedc, 0xaedc, 0xaedc, 0xaedc, 0xaedc, 0xaedc, 0xaedc, 0xaedc, 0xaedc, 0xaedc, 
	0xaedc, 0xaedc, 0xaedc, 0xaedc, 0xaedc, 0xaedc, 0xaedc, 0xaedc, 0xaedc, 0xb6fd, 0xaebc, 0xaefd, 0xaedc, 0xb6fd, 0xae9c, 0x74b4, 
	0x1904, 0x0000, 0x0000, 0x0020, 0x0000, 0x0020, 0x0000, 0x0000, 0x0001, 0x0000, 0x0000, 0x0000, 0x0000, 0x0000, 0x0000, 0x0000, 
	0x0000, 0x0000, 0x0020, 0x8b4c, 0xfe37, 0xfe98, 0xfe57, 0xfe78, 0xfe57, 0xfe98, 0xfe78, 0xfe78, 0xfe58, 0x7b2b, 0x0840, 0x0000, 
	0x0000, 0x0000, 0x0000, 0x0000, 0x0020, 0x0000, 0x0000, 0x0000, 0x0821, 0x0000, 0x0000, 0x0000, 0x0000, 0x0020, 0x0000, 0x0000, 
	0x08e4, 0x7493, 0xaebb, 0xaefc, 0xaedd, 0xaebd, 0xb6dd, 0xaedc, 0xaedc, 0xaedc, 0xaedc, 0xaedc, 0xaedc, 0xaedc, 0xaedc, 0xaedc, 
	0xaedc, 0xaedc, 0xaedc, 0xaedc, 0xaedc, 0xaedc, 0xaedc, 0xaedc, 0xaedc, 0xb6fd, 0xaedc, 0xaefd, 0xaefc, 0xaedc, 0x8515, 0x1947, 
	0x0000, 0x0000, 0x0000, 0x0000, 0x0000, 0x0000, 0x0000, 0x0801, 0x0000, 0x0000, 0x0000, 0x0000, 0x0000, 0x0000, 0x0000, 0x0000, 
	0x0000, 0x0000, 0x6269, 0xf657, 0xfe77, 0xfe78, 0xfe78, 0xfe78, 0xfe78, 0xfe77, 0xfe77, 0xfe78, 0xa430, 0x1041, 0x0000, 0x0000, 
	0x0000, 0x0000, 0x0000, 0x0000, 0x0000, 0x0000, 0x0000, 0x0001, 0x0000, 0x0000, 0x0020, 0x0000, 0x0000, 0x0000, 0x0000, 0x10c3, 
	0x5c11, 0xae9b, 0xb6dc, 0xaedc, 0xb6fc, 0xaebc, 0xb6fd, 0xaedd, 0xaedc, 0xaedc, 0xaedc, 0xaedc, 0xaedc, 0xaedc, 0xaedc, 0xaedc, 
	0xaedc, 0xaedc, 0xaedc, 0xaedc, 0xaedc, 0xaedc, 0xaedc, 0xaedc, 0xaedc, 0xaedc, 0xaedc, 0xaedc, 0xaedc, 0xaedc, 0xaedc, 0xaedc, 
	0xaedc, 0xaedc, 0xaedc, 0xaedc, 0xaedc, 0xaedc, 0xaedc, 0xaedc, 0xaedc, 0xaedc, 0xaedc, 0xaedc, 0xaedc, 0xaedc, 0xaedc, 0xaedc, 
	0xaedc, 0xaedc, 0xaedc, 0xaedc, 0xaedc, 0xaedc, 0xaedc, 0xaedc, 0xaedc, 0xaedc, 0xaedc, 0xaedc, 0xaedc, 0xaedc, 0xaedc, 0xaedc, 
	0xaedc, 0xaedc, 0xaedc, 0xaedc, 0xaedc, 0xaedc, 0xaedc, 0xaedc, 0xaedc, 0xaedc, 0xaedc, 0xaedc, 0xaedc, 0xaedc, 0xaedc, 0xaedc, 
	0xaedc, 0xaedc, 0xaedc, 0xaedc, 0xaedc, 0xaedc, 0xaedc, 0xaedc, 0xaedc, 0xaedc, 0xaedc, 0xaedc, 0xaedc, 0xaedc, 0xaedc, 0xaedc, 
	0xaedc, 0xaedc, 0xaedc, 0xaedc, 0xaedc, 0xaedc, 0xaedc, 0xaedc, 0xaedc, 0xaedc, 0xaedc, 0xaedc, 0xaedc, 0xaedc, 0xaedc, 0xaedc, 
	0xaedc, 0xaedc, 0xaedc, 0xaedc, 0xaedc, 0xaedc, 0xaedc, 0xaedc, 0xaedd, 0xb6dc, 0xb6fd, 0xaedc, 0xa6bc, 0xb6fd, 0x9db7, 0x3229, 
	0x0000, 0x0000, 0x0000, 0x0000, 0x0000, 0x0000, 0x3104, 0x5a08, 0x72aa, 0x6248, 0x4165, 0x1861, 0x0000, 0x0000, 0x0000, 0x0000, 
	0x0000, 0x0000, 0x0000, 0x8b4c, 0xfe37, 0xfe78, 0xfe78, 0xfe78, 0xfe77, 0xfe78, 0xfe78, 0xfe78, 0xfe77, 0x834c, 0x0821, 0x0000, 
	0x0000, 0x0000, 0x0000, 0x0020, 0x0000, 0x1041, 0x4165, 0x6249, 0x6a89, 0x5a48, 0x2904, 0x0800, 0x0000, 0x0020, 0x0000, 0x0000, 
	0x0000, 0x3229, 0x95d8, 0xa6dc, 0xaefd, 0xb6bd, 0xb6bc, 0xaefc, 0xaefc, 0xaedc, 0xaebc, 0xaedd, 0xb6dd, 0xaedd, 0xaedd, 0xaefd, 
	0xaedc, 0xaedc, 0xaedd, 0xb6dd, 0xb6dd, 0xb6dd, 0xaedc, 0xaedc, 0xaedc, 0xb6bc, 0xb6dd, 0xaedd, 0xaedc, 0xa63a, 0x42ab, 0x0041, 
	0x0000, 0x0000, 0x0000, 0x0000, 0x0000, 0x28e3, 0x5a07, 0x6a89, 0x6269, 0x4986, 0x2081, 0x0000, 0x0020, 0x0000, 0x0800, 0x0000, 
	0x0000, 0x0020, 0x6269, 0xf637, 0xfe77, 0xfe78, 0xfe78, 0xfe77, 0xfe77, 0xfe78, 0xfe78, 0xfe77, 0xa42f, 0x1040, 0x0000, 0x0000, 
	0x0000, 0x0000, 0x0000, 0x0000, 0x1020, 0x3945, 0x5a28, 0x72aa, 0x6248, 0x3944, 0x0841, 0x0000, 0x0000, 0x0000, 0x0000, 0x0020, 
	0x2987, 0x8d76, 0xb6fc, 0xaebd, 0xaebd, 0xaefd, 0xaedc, 0xb6dc, 0xaedc, 0xaedc, 0xaedc, 0xaedc, 0xaedc, 0xaedc, 0xaedc, 0xaedc, 
	0xaedc, 0xaedc, 0xaedc, 0xaedc, 0xaedc, 0xaedc, 0xaedc, 0xaedc, 0xaedc, 0xaedc, 0xaedc, 0xaedc, 0xaedc, 0xaedc, 0xaedc, 0xaedc, 
	0xaedc, 0xaedc, 0xaedc, 0xaedc, 0xaedc, 0xaedc, 0xaedc, 0xaedc, 0xaedc, 0xaedc, 0xaedc, 0xaedc, 0xaedc, 0xaedc, 0xaedc, 0xaedc, 
	0xaedc, 0xaedc, 0xaedc, 0xaedc, 0xaedc, 0xaedc, 0xaedc, 0xaedc, 0xaedc, 0xaedc, 0xaedc, 0xaedc, 0xaedc, 0xaedc, 0xaedc, 0xaedc, 
	0xaedc, 0xaedc, 0xaedc, 0xaedc, 0xaedc, 0xaedc, 0xaedc, 0xaedc, 0xaedc, 0xaedc, 0xaedc, 0xaedc, 0xaedc, 0xaedc, 0xaedc, 0xaedc, 
	0xaedc, 0xaedc, 0xaedc, 0xaedc, 0xaedc, 0xaedc, 0xaedc, 0xaedc, 0xaedc, 0xaedc, 0xaedc, 0xaedc, 0xaedc, 0xaedc, 0xaedc, 0xaedc, 
	0xaedc, 0xaedc, 0xaedc, 0xaedc, 0xaedc, 0xaedc, 0xaedc, 0xaedc, 0xaedc, 0xaedc, 0xaedc, 0xaedc, 0xaedc, 0xaedc, 0xaedc, 0xaedc, 
	0xaedc, 0xaedc, 0xaedc, 0xaedc, 0xaedc, 0xaedc, 0xaedc, 0xaedc, 0xb6dd, 0xaebc, 0xaedc, 0xaedd, 0xaefd, 0xb6bc, 0x7452, 0x08c3, 
	0x0000, 0x0000, 0x0020, 0x0000, 0x1041, 0x6289, 0xb4d2, 0xe5f6, 0xf658, 0xf657, 0xcd53, 0x836d, 0x20c3, 0x0000, 0x0000, 0x0000, 
	0x0000, 0x0000, 0x0000, 0x8b4c, 0xfe37, 0xfe78, 0xfe78, 0xfe78, 0xfe77, 0xfe78, 0xfe78, 0xfe78, 0xfe77, 0x834c, 0x0821, 0x0000, 
	0x0020, 0x0000, 0x0000, 0x0000, 0x20e2, 0x836c, 0xcd54, 0xee37, 0xf678, 0xddf6, 0xb4f2, 0x6289, 0x0820, 0x0000, 0x0000, 0x0000, 
	0x0000, 0x0882, 0x6c31, 0xaedc, 0xb71d, 0xb6bd, 0xb6bc, 0xaefd, 0xaedc, 0xb6dd, 0xb6dd, 0xb6dd, 0xaedc, 0xaebc, 0xaedc, 0xaedd, 
	0xaedc, 0xaedc, 0xb6dd, 0xaedc, 0xaebc, 0xaebc, 0xaedc, 0xb6fd, 0xaefc, 0xb6bc, 0xaebc, 0xaefd, 0xb6fd, 0x7cb3, 0x10e4, 0x0000, 
	0x0000, 0x0000, 0x0000, 0x0000, 0x5207, 0xac90, 0xddf6, 0xf678, 0xee78, 0xd595, 0x93ce, 0x3144, 0x0000, 0x0000, 0x0000, 0x0000, 
	0x0000, 0x0020, 0x6269, 0xf637, 0xfe77, 0xfe78, 0xfe78, 0xfe77, 0xfe77, 0xfe78, 0xfe78, 0xfe77, 0xa42f, 0x1040, 0x0000, 0x0000, 
	0x0000, 0x0040, 0x0000, 0x1881, 0x7aeb, 0xc513, 0xee57, 0xf657, 0xe616, 0xc513, 0x6aeb, 0x1061, 0x0000, 0x0841, 0x0000, 0x0000, 
	0x0862, 0x5bcf, 0xae9b, 0xb6dd, 0xb6dd, 0xaedc, 0xaedc, 0xb6dc, 0xaedc, 0xaedc, 0xaedc, 0xaedc, 0xaedc, 0xaedc, 0xaedc, 0xaedc, 
	0xaedc, 0xaedc, 0xaedc, 0xaedc, 0xaedc, 0xaedc, 0xaedc, 0xaedc, 0xaedc, 0xaedc, 0xaedc, 0xaedc, 0xaedc, 0xaedc, 0xaedc, 0xaedc, 
	0xaedc, 0xaedc, 0xaedc, 0xaedc, 0xaedc, 0xaedc, 0xaedc, 0xaedc, 0xaedc, 0xaedc, 0xaedc, 0xaedc, 0xaedc, 0xaedc, 0xaedc, 0xaedc, 
	0xaedc, 0xaedc, 0xaedc, 0xaedc, 0xaedc, 0xaedc, 0xaedc, 0xaedc, 0xaedc, 0xaedc, 0xaedc, 0xaedc, 0xaedc, 0xaedc, 0xaedc, 0xaedc, 
	0xaedc, 0xaedc, 0xaedc, 0xaedc, 0xaedc, 0xaedc, 0xaedc, 0xaedc, 0xaedc, 0xaedc, 0xaedc, 0xaedc, 0xaedc, 0xaedc, 0xaedc, 0xaedc, 
	0xaedc, 0xaedc, 0xaedc, 0xaedc, 0xaedc, 0xaedc, 0xaedc, 0xaedc, 0xaedc, 0xaedc, 0xaedc, 0xaedc, 0xaedc, 0xaedc, 0xaedc, 0xaedc, 
	0xaedc, 0xaedc, 0xaedc, 0xaedc, 0xaedc, 0xaedc, 0xaedc, 0xaedc, 0xaedc, 0xaedc, 0xaedc, 0xaedc, 0xaedc, 0xaedc, 0xaedc, 0xaedc, 
	0xaedc, 0xaedc, 0xaedc, 0xaedc, 0xaedc, 0xaedc, 0xaedc, 0xaedc, 0xaedd, 0xaedc, 0xaedc, 0xaefd, 0xaefd, 0xa63a, 0x4aec, 0x0000, 
	0x0000, 0x0000, 0x0000, 0x0820, 0x6248, 0xd554, 0xfe98, 0xfe98, 0xfe77, 0xfe97, 0xfe77, 0xee36, 0x8b8d, 0x18a2, 0x0000, 0x0020, 
	0x0000, 0x0000, 0x0000, 0x8b4c, 0xfe37, 0xfe78, 0xfe78, 0xfe78, 0xfe77, 0xfe78, 0xfe78, 0xfe78, 0xfe77, 0x834c, 0x0821, 0x0000, 
	0x0000, 0x0000, 0x0000, 0x18a2, 0x8b8d, 0xee17, 0xfe78, 0xfe98, 0xfe97, 0xfe77, 0xfeb8, 0xcd53, 0x5a28, 0x0840, 0x0000, 0x0000, 
	0x0000, 0x0000, 0x4acc, 0xa65a, 0xa6bc, 0xaedd, 0xb6dd, 0xaedc, 0xaebc, 0xaedc, 0xaedc, 0xaedc, 0xb6fd, 0xb6dd, 0xb6dc, 0xaebc, 
	0xb6dc, 0xb6bc, 0xaedc, 0xaedd, 0xaedd, 0xaedc, 0xaedc, 0xaebc, 0xaedc, 0xb6dd, 0xaebc, 0xa6bc, 0xaebb, 0x5b6e, 0x0021, 0x0000, 
	0x0000, 0x0000, 0x0000, 0x49c6, 0xc512, 0xfe98, 0xfe77, 0xfe57, 0xfe97, 0xfe77, 0xf636, 0x9c0f, 0x2903, 0x0000, 0x0000, 0x0000, 
	0x0000, 0x0020, 0x6269, 0xf637, 0xfe77, 0xfe78, 0xfe78, 0xfe77, 0xfe77, 0xfe78, 0xfe78, 0xfe77, 0xa42f, 0x1040, 0x0000, 0x0000, 
	0x0000, 0x0000, 0x0840, 0x7b0b, 0xe5d5, 0xfe78, 0xfe98, 0xfe77, 0xfe97, 0xfeb8, 0xe5d5, 0x72eb, 0x1040, 0x0000, 0x0000, 0x0020, 
	0x0000, 0x3229, 0x9e19, 0xb6fd, 0xaebd, 0xaedc, 0xaefd, 0xaedc, 0xaedc, 0xaedc, 0xaedc, 0xaedc, 0xaedc, 0xaedc, 0xaedc, 0xaedc, 
	0xaedc, 0xaedc, 0xaedc, 0xaedc, 0xaedc, 0xaedc, 0xaedc, 0xaedc, 0xaedc, 0xaedc, 0xaedc, 0xaedc, 0xaedc, 0xaedc, 0xaedc, 0xaedc, 
	0xaedc, 0xaedc, 0xaedc, 0xaedc, 0xaedc, 0xaedc, 0xaedc, 0xaedc, 0xaedc, 0xaedc, 0xaedc, 0xaedc, 0xaedc, 0xaedc, 0xaedc, 0xaedc, 
	0xaedc, 0xaedc, 0xaedc, 0xaedc, 0xaedc, 0xaedc, 0xaedc, 0xaedc, 0xaedc, 0xaedc, 0xaedc, 0xaedc, 0xaedc, 0xaedc, 0xaedc, 0xaedc, 
	0xaedc, 0xaedc, 0xaedc, 0xaedc, 0xaedc, 0xaedc, 0xaedc, 0xaedc, 0xaedc, 0xaedc, 0xaedc, 0xaedc, 0xaedc, 0xaedc, 0xaedc, 0xaedc, 
	0xaedc, 0xaedc, 0xaedc, 0xaedc, 0xaedc, 0xaedc, 0xaedc, 0xaedc, 0xaedc, 0xaedc, 0xaedc, 0xaedc, 0xaedc, 0xaedc, 0xaedc, 0xaedc, 
	0xaedc, 0xaedc, 0xaedc, 0xaedc, 0xaedc, 0xaedc, 0xaedc, 0xaedc, 0xaedc, 0xaedc, 0xaedc, 0xaedc, 0xaedc, 0xaedc, 0xaedc, 0xaedc, 
	0xaedc, 0xaedc, 0xaedc, 0xaedc, 0xaedc, 0xaedc, 0xaedc, 0xaedc, 0xaedd, 0xb6fd, 0xaedc, 0xaedd, 0xaedc, 0x95b8, 0x31e8, 0x0000, 
	0x0000, 0x0000, 0x0020, 0x20e3, 0xb491, 0xfe78, 0xfe78, 0xfe36, 0xfe98, 0xfe77, 0xfe77, 0xfe98, 0xd594, 0x51e7, 0x0000, 0x0000, 
	0x0000, 0x0000, 0x0000, 0x8b4c, 0xfe37, 0xfe78, 0xfe78, 0xfe78, 0xfe77, 0xfe78, 0xfe78, 0xfe78, 0xfe77, 0x834c, 0x0821, 0x0000, 
	0x0000, 0x0021, 0x0000, 0x49e6, 0xdd95, 0xfe78, 0xfe36, 0xfe77, 0xfe77, 0xfe77, 0xfe98, 0xfe77, 0xb490, 0x20c2, 0x0000, 0x0001, 
	0x0000, 0x0000, 0x2987, 0x9dd8, 0xaefc, 0xaefd, 0xaedc, 0xaedd, 0xaedd, 0xb6dd, 0xaefd, 0xaedc, 0xaedc, 0xaedc, 0xaedd, 0xb6fd, 
	0xaedc, 0xaedc, 0xaedc, 0xaedc, 0xaefd, 0xaefd, 0xaedd, 0xaedd, 0xaedc, 0xb6dd, 0xaefd, 0xaefd, 0xa65a, 0x3229, 0x0000, 0x0800, 
	0x0000, 0x0000, 0x1881, 0x9bce, 0xfe57, 0xfe77, 0xfe77, 0xfe98, 0xfe97, 0xfe77, 0xfe98, 0xe5f6, 0x6aaa, 0x0000, 0x0000, 0x0000, 
	0x0000, 0x0020, 0x6269, 0xf637, 0xfe77, 0xfe78, 0xfe78, 0xfe77, 0xfe77, 0xfe78, 0xfe78, 0xfe77, 0xa42f, 0x1040, 0x0000, 0x0000, 
	0x0000, 0x0000, 0x3964, 0xcd33, 0xfe77, 0xfe98, 0xfe77, 0xfe78, 0xfe76, 0xfe56, 0xfe78, 0xcd33, 0x3144, 0x0020, 0x0000, 0x0000, 
	0x0000, 0x1945, 0x8d56, 0xaedc, 0xaedc, 0xaedc, 0xb6fd, 0xaebc, 0xaedc, 0xaedc, 0xaedc, 0xaedc, 0xaedc, 0xaedc, 0xaedc, 0xaedc, 
	0xaedc, 0xaedc, 0xaedc, 0xaedc, 0xaedc, 0xaedc, 0xaedc, 0xaedc, 0xaedc, 0xaedc, 0xaedc, 0xaedc, 0xaedc, 0xaedc, 0xaedc, 0xaedc, 
	0xaedc, 0xaedc, 0xaedc, 0xaedc, 0xaedc, 0xaedc, 0xaedc, 0xaedc, 0xaedc, 0xaedc, 0xaedc, 0xaedc, 0xaedc, 0xaedc, 0xaedc, 0xaedc, 
	0xaedc, 0xaedc, 0xaedc, 0xaedc, 0xaedc, 0xaedc, 0xaedc, 0xaedc, 0xaedc, 0xaedc, 0xaedc, 0xaedc, 0xaedc, 0xaedc, 0xaedc, 0xaedc, 
	0xaedc, 0xaedc, 0xaedc, 0xaedc, 0xaedc, 0xaedc, 0xaedc, 0xaedc, 0xaedc, 0xaedc, 0xaedc, 0xaedc, 0xaedc, 0xaedc, 0xaedc, 0xaedc, 
	0xaedc, 0xaedc, 0xaedc, 0xaedc, 0xaedc, 0xaedc, 0xaedc, 0xaedc, 0xaedc, 0xaedc, 0xaedc, 0xaedc, 0xaedc, 0xaedc, 0xaedc, 0xaedc, 
	0xaedc, 0xaedc, 0xaedc, 0xaedc, 0xaedc, 0xaedc, 0xaedc, 0xaedc, 0xaedc, 0xaedc, 0xaedc, 0xaedc, 0xaedc, 0xaedc, 0xaedc, 0xaedc, 
	0xaedc, 0xaedc, 0xaedc, 0xaedc, 0xaedc, 0xaedc, 0xaedc, 0xaedc, 0xaedd, 0xb6fd, 0xaedc, 0xaedc, 0xb6fd, 0x9597, 0x1925, 0x0000, 
	0x0000, 0x0000, 0x0020, 0x41c6, 0xddd6, 0xfe78, 0xfe57, 0xfeb8, 0xfe58, 0xfe78, 0xfe78, 0xfe77, 0xf677, 0x834c, 0x1020, 0x0000, 
	0x0000, 0x0000, 0x0000, 0x8b4c, 0xfe37, 0xfe78, 0xfe78, 0xfe78, 0xfe77, 0xfe78, 0xfe78, 0xfe78, 0xfe77, 0x834c, 0x0821, 0x0000, 
	0x0000, 0x0000, 0x0840, 0x838d, 0xfe78, 0xfe57, 0xfe78, 0xfe98, 0xfe37, 0xfe78, 0xfe57, 0xfe78, 0xe5d5, 0x49e6, 0x0000, 0x0000, 
	0x0000, 0x0000, 0x10e5, 0x9597, 0xaf1d, 0xaefd, 0xaebc, 0xaedc, 0xb6bc, 0xaedc, 0xaedc, 0xaefc, 0xaefd, 0xaefd, 0xaedd, 0xaebc, 
	0xaedd, 0xaefd, 0xaefd, 0xaefd, 0xaedc, 0xaedc, 0xb6dc, 0xaedc, 0xaedc, 0xb6dc, 0xaedc, 0xb71d, 0x9e39, 0x21a7, 0x0000, 0x0000, 
	0x0000, 0x0000, 0x3944, 0xcd33, 0xfe78, 0xfe57, 0xfe77, 0xfe78, 0xfe57, 0xfe98, 0xfe57, 0xfe78, 0xa450, 0x1861, 0x0000, 0x0000, 
	0x0000, 0x0020, 0x6269, 0xf637, 0xfe77, 0xfe78, 0xfe78, 0xfe77, 0xfe77, 0xfe78, 0xfe78, 0xfe77, 0xa42f, 0x1040, 0x0000, 0x0000, 
	0x0000, 0x0820, 0x6aa9, 0xee16, 0xfe77, 0xfe98, 0xfe78, 0xfe58, 0xfe98, 0xfe78, 0xfe78, 0xee37, 0x5a69, 0x0020, 0x0000, 0x0000, 
	0x0000, 0x10c3, 0x7cb3, 0xb6fc, 0xaefd, 0xaedc, 0xb6dd, 0xaebc, 0xaedc, 0xaedc, 0xaedc, 0xaedc, 0xaedc, 0xaedc, 0xaedc, 0xaedc, 
	0xaedc, 0xaedc, 0xaedc, 0xaedc, 0xaedc, 0xaedc, 0xaedc, 0xaedc, 0xaedc, 0xaedc, 0xaedc, 0xaedc, 0xaedc, 0xaedc, 0xaedc, 0xaedc, 
	0xaedc, 0xaedc, 0xaedc, 0xaedc, 0xaedc, 0xaedc, 0xaedc, 0xaedc, 0xaedc, 0xaedc, 0xaedc, 0xaedc, 0xaedc, 0xaedc, 0xaedc, 0xaedc, 
	0xaedc, 0xaedc, 0xaedc, 0xaedc, 0xaedc, 0xaedc, 0xaedc, 0xaedc, 0xaedc, 0xaedc, 0xaedc, 0xaedc, 0xaedc, 0xaedc, 0xaedc, 0xaedc, 
	0xaedc, 0xaedc, 0xaedc, 0xaedc, 0xaedc, 0xaedc, 0xaedc, 0xaedc, 0xaedc, 0xaedc, 0xaedc, 0xaedc, 0xaedc, 0xaedc, 0xaedc, 0xaedc, 
	0xaedc, 0xaedc, 0xaedc, 0xaedc, 0xaedc, 0xaedc, 0xaedc, 0xaedc, 0xaedc, 0xaedc, 0xaedc, 0xaedc, 0xaedc, 0xaedc, 0xaedc, 0xaedc, 
	0xaedc, 0xaedc, 0xaedc, 0xaedc, 0xaedc, 0xaedc, 0xaedc, 0xaedc, 0xaedc, 0xaedc, 0xaedc, 0xaedc, 0xaedc, 0xaedc, 0xaedc, 0xaedc, 
	0xaedc, 0xaedc, 0xaedc, 0xaedc, 0xaedc, 0xaedc, 0xaedc, 0xaedc, 0xaedd, 0xaedc, 0xaedc, 0xaedc, 0xb6fd, 0x8d56, 0x10c3, 0x0000, 
	0x0000, 0x0000, 0x0000, 0x5a89, 0xee17, 0xfe78, 0xfe57, 0xfe78, 0xfe99, 0xfe78, 0xfe78, 0xfe78, 0xfe57, 0x9bee, 0x1861, 0x0021, 
	0x0000, 0x0000, 0x0000, 0x8b4c, 0xfe37, 0xfe78, 0xfe78, 0xfe78, 0xfe77, 0xfe78, 0xfe78, 0xfe78, 0xfe77, 0x834c, 0x0821, 0x0000, 
	0x0821, 0x0000, 0x1081, 0x93ee, 0xfe58, 0xfe57, 0xfe98, 0xfe78, 0xfe79, 0xfeb8, 0xfe77, 0xfe58, 0xe5d6, 0x62a9, 0x0000, 0x0000, 
	0x0020, 0x0000, 0x08a3, 0x8514, 0xa67a, 0x9df9, 0x8d76, 0x7cb3, 0x7cb3, 0x8535, 0x95d8, 0xa65a, 0xaebb, 0xb6fd, 0xaefd, 0xaedd, 
	0xaefd, 0xaefd, 0xaedd, 0xaebc, 0xae7b, 0x9df8, 0x8d35, 0x74b3, 0x7cb4, 0x8d56, 0x9dd8, 0xa67a, 0x9597, 0x2146, 0x0000, 0x0000, 
	0x0000, 0x0000, 0x41c6, 0xdd95, 0xfe57, 0xfeb8, 0xfe98, 0xfe58, 0xfe78, 0xfe98, 0xfe78, 0xfe58, 0xb471, 0x18a2, 0x0000, 0x0000, 
	0x0000, 0x0020, 0x6269, 0xf637, 0xfe77, 0xfe78, 0xfe78, 0xfe77, 0xfe77, 0xfe78, 0xfe78, 0xfe77, 0xa42f, 0x1040, 0x0000, 0x0000, 
	0x0020, 0x0820, 0x7b2b, 0xf617, 0xfe98, 0xfe78, 0xfe78, 0xfeb9, 0xfe78, 0xfe78, 0xfe78, 0xf637, 0x7b4c, 0x0840, 0x0000, 0x0000, 
	0x0000, 0x08a2, 0x7452, 0xb6fd, 0xaefd, 0xb6bc, 0xb6dc, 0xaedc, 0xaedc, 0xaedc, 0xaedc, 0xaedc, 0xaedc, 0xaedc, 0xaedc, 0xaedc, 
	0xaedc, 0xaedc, 0xaedc, 0xaedc, 0xaedc, 0xaedc, 0xaedc, 0xaedc, 0xaedc, 0xaedc, 0xaedc, 0xaedc, 0xaedc, 0xaedc, 0xaedc, 0xaedc, 
	0xaedc, 0xaedc, 0xaedc, 0xaedc, 0xaedc, 0xaedc, 0xaedc, 0xaedc, 0xaedc, 0xaedc, 0xaedc, 0xaedc, 0xaedc, 0xaedc, 0xaedc, 0xaedc, 
	0xaedc, 0xaedc, 0xaedc, 0xaedc, 0xaedc, 0xaedc, 0xaedc, 0xaedc, 0xaedc, 0xaedc, 0xaedc, 0xaedc, 0xaedc, 0xaedc, 0xaedc, 0xaedc, 
	0xaedc, 0xaedc, 0xaedc, 0xaedc, 0xaedc, 0xaedc, 0xaedc, 0xaedc, 0xaedc, 0xaedc, 0xaedc, 0xaedc, 0xaedc, 0xaedc, 0xaedc, 0xaedc, 
	0xaedc, 0xaedc, 0xaedc, 0xaedc, 0xaedc, 0xaedc, 0xaedc, 0xaedc, 0xaedc, 0xaedc, 0xaedc, 0xaedc, 0xaedc, 0xaedc, 0xaedc, 0xaedc, 
	0xaedc, 0xaedc, 0xaedc, 0xaedc, 0xaedc, 0xaedc, 0xaedc, 0xaedc, 0xaedc, 0xaedc, 0xaedc, 0xaedc, 0xaedc, 0xaedc, 0xaedc, 0xaedc, 
	0xaedc, 0xaedc, 0xaedc, 0xaedc, 0xaedc, 0xaedc, 0xaedc, 0xaedc, 0xaedc, 0xaedc, 0xb6fc, 0xaedc, 0xaedd, 0x8515, 0x08a3, 0x0800, 
	0x0000, 0x0000, 0x0820, 0x6aa9, 0xe5f6, 0xfe78, 0xfe78, 0xfe78, 0xfe77, 0xfe78, 0xfe78, 0xfe77, 0xf637, 0xa44f, 0x1881, 0x0000, 
	0x0000, 0x0000, 0x0000, 0x8b4c, 0xfe37, 0xfe78, 0xfe78, 0xfe78, 0xfe77, 0xfe78, 0xfe78, 0xfe78, 0xfe77, 0x834c, 0x0821, 0x0000, 
	0x0000, 0x0000, 0x18a2, 0x9bee, 0xfe78, 0xfe98, 0xfe77, 0xfe78, 0xfe57, 0xfe78, 0xfe57, 0xfe98, 0xedf6, 0x6aca, 0x0000, 0x0000, 
	0x0000, 0x0000, 0x10c3, 0x5b4d, 0x532d, 0x21a7, 0x1905, 0x1104, 0x10e3, 0x1104, 0x2186, 0x42ab, 0x7452, 0x9dd8, 0xaebc, 0xaedd, 
	0xaebc, 0xb6bc, 0xa619, 0x7c93, 0x4acc, 0x2186, 0x1104, 0x1104, 0x10e4, 0x1905, 0x2187, 0x4b0c, 0x63af, 0x2125, 0x0000, 0x0000, 
	0x0000, 0x0000, 0x4a07, 0xe5b6, 0xfe37, 0xfe77, 0xfe77, 0xfe78, 0xfe99, 0xfe57, 0xfe77, 0xfeb8, 0xbcb1, 0x2903, 0x0000, 0x0000, 
	0x0000, 0x0020, 0x6269, 0xf637, 0xfe77, 0xfe78, 0xfe78, 0xfe77, 0xfe77, 0xfe78, 0xfe78, 0xfe77, 0xa42f, 0x1040, 0x0000, 0x0000, 
	0x0000, 0x0840, 0x8b8d, 0xf617, 0xfe78, 0xfe78, 0xfe78, 0xfe58, 0xfe78, 0xfe77, 0xfe98, 0xf657, 0x832c, 0x0820, 0x0020, 0x0000, 
	0x0000, 0x0882, 0x7452, 0xaefc, 0xaedc, 0xaebc, 0xb6bc, 0xaefd, 0xaedc, 0xaedc, 0xaedc, 0xaedc, 0xaedc, 0xaedc, 0xaedc, 0xaedc, 
	0xaedc, 0xaedc, 0xaedc, 0xaedc, 0xaedc, 0xaedc, 0xaedc, 0xaedc, 0xaedc, 0xaedc, 0xaedc, 0xaedc, 0xaedc, 0xaedc, 0xaedc, 0xaedc, 
	0xaedc, 0xaedc, 0xaedc, 0xaedc, 0xaedc, 0xaedc, 0xaedc, 0xaedc, 0xaedc, 0xaedc, 0xaedc, 0xaedc, 0xaedc, 0xaedc, 0xaedc, 0xaedc, 
	0xaedc, 0xaedc, 0xaedc, 0xaedc, 0xaedc, 0xaedc, 0xaedc, 0xaedc, 0xaedc, 0xaedc, 0xaedc, 0xaedc, 0xaedc, 0xaedc, 0xaedc, 0xaedc, 
	0xaedc, 0xaedc, 0xaedc, 0xaedc, 0xaedc, 0xaedc, 0xaedc, 0xaedc, 0xaedc, 0xaedc, 0xaedc, 0xaedc, 0xaedc, 0xaedc, 0xaedc, 0xaedc, 
	0xaedc, 0xaedc, 0xaedc, 0xaedc, 0xaedc, 0xaedc, 0xaedc, 0xaedc, 0xaedc, 0xaedc, 0xaedc, 0xaedc, 0xaedc, 0xaedc, 0xaedc, 0xaedc, 
	0xaedc, 0xaedc, 0xaedc, 0xaedc, 0xaedc, 0xaedc, 0xaedc, 0xaedc, 0xaedc, 0xaedc, 0xaedc, 0xaedc, 0xaedc, 0xaedc, 0xaedc, 0xaedc, 
	0xaedc, 0xaedc, 0xaedc, 0xaedc, 0xaedc, 0xaedc, 0xaedc, 0xaedc, 0xaedc, 0xaedc, 0xb6fc, 0xaedc, 0xb6fd, 0x8536, 0x08a3, 0x0000, 
	0x0000, 0x0000, 0x0800, 0x6248, 0xee16, 0xfe97, 0xfe77, 0xfe57, 0xfe77, 0xfe77, 0xfe78, 0xfe57, 0xfe78, 0xa40f, 0x1061, 0x0000, 
	0x0000, 0x0000, 0x0000, 0x8b4c, 0xfe37, 0xfe78, 0xfe78, 0xfe78, 0xfe77, 0xfe78, 0xfe78, 0xfe78, 0xfe77, 0x834c, 0x0821, 0x0000, 
	0x0000, 0x0020, 0x1061, 0xa3ee, 0xfe78, 0xfe77, 0xfe77, 0xfe77, 0xfe78, 0xfe98, 0xfe57, 0xfe58, 0xee17, 0x6289, 0x0000, 0x0000, 
	0x0000, 0x0000, 0x0000, 0x0062, 0x0061, 0x0000, 0x0000, 0x0000, 0x0000, 0x0000, 0x0000, 0x0000, 0x08c3, 0x3a8b, 0x7cf5, 0xae7b, 
	0xb6bc, 0x8536, 0x42cc, 0x1104, 0x0000, 0x0000, 0x0000, 0x0000, 0x0000, 0x0000, 0x0000, 0x0000, 0x0862, 0x0000, 0x0000, 0x0020, 
	0x0000, 0x0000, 0x41e6, 0xe595, 0xfe78, 0xfe77, 0xfe97, 0xfe57, 0xfe57, 0xfe98, 0xfe77, 0xfe78, 0xb491, 0x20e2, 0x0000, 0x0000, 
	0x0000, 0x0020, 0x6269, 0xf637, 0xfe77, 0xfe78, 0xfe78, 0xfe77, 0xfe77, 0xfe78, 0xfe78, 0xfe77, 0xa42f, 0x1040, 0x0000, 0x0000, 
	0x0000, 0x0820, 0x834c, 0xf637, 0xfe57, 0xfe77, 0xfe98, 0xfe57, 0xfe98, 0xfe77, 0xfe76, 0xf657, 0x834c, 0x1021, 0x0000, 0x0020, 
	0x0000, 0x0862, 0x7472, 0xaefc, 0xaefd, 0xb6dd, 0xb6bc, 0xaedc, 0xaedc, 0xaedc, 0xaedc, 0xaedc, 0xaedc, 0xaedc, 0xaedc, 0xaedc, 
	0xaedc, 0xaedc, 0xaedc, 0xaedc, 0xaedc, 0xaedc, 0xaedc, 0xaedc, 0xaedc, 0xaedc, 0xaedc, 0xaedc, 0xaedc, 0xaedc, 0xaedc, 0xaedc, 
	0xaedc, 0xaedc, 0xaedc, 0xaedc, 0xaedc, 0xaedc, 0xaedc, 0xaedc, 0xaedc, 0xaedc, 0xaedc, 0xaedc, 0xaedc, 0xaedc, 0xaedc, 0xaedc, 
	0xaedc, 0xaedc, 0xaedc, 0xaedc, 0xaedc, 0xaedc, 0xaedc, 0xaedc, 0xaedc, 0xaedc, 0xaedc, 0xaedc, 0xaedc, 0xaedc, 0xaedc, 0xaedc, 
	0xaedc, 0xaedc, 0xaedc, 0xaedc, 0xaedc, 0xaedc, 0xaedc, 0xaedc, 0xaedc, 0xaedc, 0xaedc, 0xaedc, 0xaedc, 0xaedc, 0xaedc, 0xaedc, 
	0xaedc, 0xaedc, 0xaedc, 0xaedc, 0xaedc, 0xaedc, 0xaedc, 0xaedc, 0xaedc, 0xaedc, 0xaedc, 0xaedc, 0xaedc, 0xaedc, 0xaedc, 0xaedc, 
	0xaedc, 0xaedc, 0xaedc, 0xaedc, 0xaedc, 0xaedc, 0xaedc, 0xaedc, 0xaedc, 0xaedc, 0xaedc, 0xaedc, 0xaedc, 0xaedc, 0xaedc, 0xaedc, 
	0xaedc, 0xaedc, 0xaedc, 0xaedc, 0xaedc, 0xaedc, 0xaedc, 0xaedc, 0xb6dd, 0xaedc, 0xaedc, 0xaedd, 0xaefd, 0x8535, 0x10c3, 0x0000, 
	0x0000, 0x0000, 0x0020, 0x6289, 0xedf6, 0xfe98, 0xfe77, 0xfe78, 0xfe78, 0xfe57, 0xfe78, 0xfe78, 0xfe57, 0xa40f, 0x1081, 0x0000, 
	0x0000, 0x0000, 0x0000, 0x8b4c, 0xfe37, 0xfe78, 0xfe78, 0xfe78, 0xfe77, 0xfe78, 0xfe78, 0xfe78, 0xfe77, 0x834c, 0x0821, 0x0000, 
	0x0000, 0x0000, 0x1881, 0xa3ee, 0xfe77, 0xfe78, 0xfe78, 0xfe77, 0xfe77, 0xfe78, 0xfe78, 0xfe77, 0xedf6, 0x6aaa, 0x0000, 0x0000, 
	0x0000, 0x0000, 0x0000, 0x0000, 0x0000, 0x0000, 0x0000, 0x0000, 0x0000, 0x0000, 0x0000, 0x0000, 0x0000, 0x0800, 0x2145, 0x6410, 
	0x7c93, 0x29a7, 0x0020, 0x0000, 0x0000, 0x0000, 0x0000, 0x0000, 0x0000, 0x0000, 0x0000, 0x0000, 0x0000, 0x0000, 0x0000, 0x0000, 
	0x0000, 0x0000, 0x51e7, 0xdd94, 0xfe77, 0xfe78, 0xfe78, 0xfe98, 0xfe77, 0xfe78, 0xfe78, 0xfe98, 0xb4b1, 0x28e3, 0x0000, 0x0000, 
	0x0000, 0x0020, 0x6269, 0xf637, 0xfe77, 0xfe78, 0xfe78, 0xfe77, 0xfe77, 0xfe78, 0xfe78, 0xfe77, 0xa42f, 0x1040, 0x0000, 0x0000, 
	0x0000, 0x0840, 0x836c, 0xf637, 0xfe77, 0xfe98, 0xfe77, 0xfe78, 0xfe78, 0xfe78, 0xfe78, 0xf657, 0x832b, 0x0841, 0x0000, 0x0000, 
	0x0000, 0x0842, 0x7472, 0xaefc, 0xaedd, 0xaedc, 0xaedc, 0xaedc, 0xaedc, 0xaedc, 0xaedc, 0xaedc, 0xaedc, 0xaedc, 0xaedc, 0xaedc, 
	0xaedc, 0xaedc, 0xaedc, 0xaedc, 0xaedc, 0xaedc, 0xaedc, 0xaedc, 0xaedc, 0xaedc, 0xaedc, 0xaedc, 0xaedc, 0xaedc, 0xaedc, 0xaedc, 
	0xaedc, 0xaedc, 0xaedc, 0xaedc, 0xaedc, 0xaedc, 0xaedc, 0xaedc, 0xaedc, 0xaedc, 0xaedc, 0xaedc, 0xaedc, 0xaedc, 0xaedc, 0xaedc, 
	0xaedc, 0xaedc, 0xaedc, 0xaedc, 0xaedc, 0xaedc, 0xaedc, 0xaedc, 0xaedc, 0xaedc, 0xaedc, 0xaedc, 0xaedc, 0xaedc, 0xaedc, 0xaedc, 
	0xaedc, 0xaedc, 0xaedc, 0xaedc, 0xaedc, 0xaedc, 0xaedc, 0xaedc, 0xaedc, 0xaedc, 0xaedc, 0xaedc, 0xaedc, 0xaedc, 0xaedc, 0xaedc, 
	0xaedc, 0xaedc, 0xaedc, 0xaedc, 0xaedc, 0xaedc, 0xaedc, 0xaedc, 0xaedc, 0xaedc, 0xaedc, 0xaedc, 0xaedc, 0xaedc, 0xaedc, 0xaedc, 
	0xaedc, 0xaedc, 0xaedc, 0xaedc, 0xaedc, 0xaedc, 0xaedc, 0xaedc, 0xaedc, 0xaedc, 0xaedc, 0xaedc, 0xaedc, 0xaedc, 0xaedc, 0xaedc, 
	0xaedc, 0xaedc, 0xaedc, 0xaedc, 0xaedc, 0xaedc, 0xaedc, 0xaedc, 0xb6dd, 0xaedc, 0xaedc, 0xaedd, 0xaefd, 0x8535, 0x10c3, 0x0000, 
	0x0000, 0x0000, 0x0020, 0x6289, 0xedf6, 0xfe98, 0xfe77, 0xfe78, 0xfe78, 0xfe57, 0xfe78, 0xfe78, 0xfe57, 0xa40f, 0x1081, 0x0000, 
	0x0000, 0x0000, 0x0000, 0x8b4c, 0xfe37, 0xfe78, 0xfe78, 0xfe78, 0xfe77, 0xfe78, 0xfe78, 0xfe78, 0xfe77, 0x834c, 0x0821, 0x0000, 
	0x0000, 0x0000, 0x1881, 0xa3ee, 0xfe77, 0xfe78, 0xfe78, 0xfe77, 0xfe77, 0xfe78, 0xfe78, 0xfe77, 0xedf6, 0x6aaa, 0x0000, 0x0000, 
	0x0000, 0x0000, 0x0000, 0x0000, 0x0000, 0x0000, 0x0041, 0x0000, 0x0020, 0x0000, 0x0000, 0x0000, 0x0000, 0x0000, 0x0000, 0x08c3, 
	0x08a3, 0x0021, 0x0020, 0x0000, 0x0000, 0x0000, 0x0000, 0x0000, 0x0000, 0x0000, 0x0000, 0x0000, 0x0000, 0x0000, 0x0000, 0x0000, 
	0x0000, 0x0000, 0x51e7, 0xdd94, 0xfe77, 0xfe78, 0xfe78, 0xfe98, 0xfe77, 0xfe78, 0xfe78, 0xfe98, 0xb4b1, 0x28e3, 0x0000, 0x0000, 
	0x0000, 0x0020, 0x6269, 0xf637, 0xfe77, 0xfe78, 0xfe78, 0xfe77, 0xfe77, 0xfe78, 0xfe78, 0xfe77, 0xa42f, 0x1040, 0x0000, 0x0000, 
	0x0000, 0x0840, 0x836c, 0xf637, 0xfe77, 0xfe98, 0xfe77, 0xfe78, 0xfe78, 0xfe78, 0xfe78, 0xf657, 0x832b, 0x0841, 0x0000, 0x0000, 
	0x0000, 0x0842, 0x7472, 0xaefc, 0xaedd, 0xaedc, 0xaedc, 0xaedc, 0xaedc, 0xaedc, 0xaedc, 0xaedc, 0xaedc, 0xaedc, 0xaedc, 0xaedc, 
	0xaedc, 0xaedc, 0xaedc, 0xaedc, 0xaedc, 0xaedc, 0xaedc, 0xaedc, 0xaedc, 0xaedc, 0xaedc, 0xaedc, 0xaedc, 0xaedc, 0xaedc, 0xaedc, 
	0xaedc, 0xaedc, 0xaedc, 0xaedc, 0xaedc, 0xaedc, 0xaedc, 0xaedc, 0xaedc, 0xaedc, 0xaedc, 0xaedc, 0xaedc, 0xaedc, 0xaedc, 0xaedc, 
	0xaedc, 0xaedc, 0xaedc, 0xaedc, 0xaedc, 0xaedc, 0xaedc, 0xaedc, 0xaedc, 0xaedc, 0xaedc, 0xaedc, 0xaedc, 0xaedc, 0xaedc, 0xaedc, 
	0xaedc, 0xaedc, 0xaedc, 0xaedc, 0xaedc, 0xaedc, 0xaedc, 0xaedc, 0xaedc, 0xaedc, 0xaedc, 0xaedc, 0xaedc, 0xaedc, 0xaedc, 0xaedc, 
	0xaedc, 0xaedc, 0xaedc, 0xaedc, 0xaedc, 0xaedc, 0xaedc, 0xaedc, 0xaedc, 0xaedc, 0xaedc, 0xaedc, 0xaedc, 0xaedc, 0xaedc, 0xaedc, 
	0xaedc, 0xaedc, 0xaedc, 0xaedc, 0xaedc, 0xaedc, 0xaedc, 0xaedc, 0xaedc, 0xaedc, 0xaedc, 0xaedc, 0xaedc, 0xaedc, 0xaedc, 0xaedc, 
	0xaedc, 0xaedc, 0xaedc, 0xaedc, 0xaedc, 0xaedc, 0xaedc, 0xaedc, 0xb6dd, 0xaedc, 0xaedc, 0xaedd, 0xaefd, 0x8535, 0x10c3, 0x0000, 
	0x0000, 0x0000, 0x0020, 0x6289, 0xedf6, 0xfe98, 0xfe77, 0xfe78, 0xfe78, 0xfe57, 0xfe78, 0xfe78, 0xfe57, 0xa40f, 0x1081, 0x0000, 
	0x0000, 0x0000, 0x0000, 0x8b4c, 0xfe37, 0xfe78, 0xfe78, 0xfe78, 0xfe77, 0xfe78, 0xfe78, 0xfe78, 0xfe77, 0x834c, 0x0821, 0x0000, 
	0x0000, 0x0000, 0x1881, 0xa3ee, 0xfe77, 0xfe78, 0xfe78, 0xfe77, 0xfe77, 0xfe78, 0xfe78, 0xfe77, 0xedf6, 0x6aaa, 0x0000, 0x0000, 
	0x0000, 0x0000, 0x0000, 0x0000, 0x0021, 0x0000, 0x0000, 0x0000, 0x0000, 0x0800, 0x0000, 0x0000, 0x0020, 0x0000, 0x0000, 0x0000, 
	0x0000, 0x0000, 0x0000, 0x0000, 0x0000, 0x0000, 0x0000, 0x0020, 0x0000, 0x0000, 0x0000, 0x0021, 0x0021, 0x0000, 0x0000, 0x0000, 
	0x0000, 0x0000, 0x51e7, 0xdd94, 0xfe77, 0xfe78, 0xfe78, 0xfe98, 0xfe77, 0xfe78, 0xfe78, 0xfe98, 0xb4b1, 0x28e3, 0x0000, 0x0000, 
	0x0000, 0x0020, 0x6269, 0xf637, 0xfe77, 0xfe78, 0xfe78, 0xfe77, 0xfe77, 0xfe78, 0xfe78, 0xfe77, 0xa42f, 0x1040, 0x0000, 0x0000, 
	0x0000, 0x0840, 0x836c, 0xf637, 0xfe77, 0xfe98, 0xfe77, 0xfe78, 0xfe78, 0xfe78, 0xfe78, 0xf657, 0x832b, 0x0841, 0x0000, 0x0000, 
	0x0000, 0x0842, 0x7472, 0xaefc, 0xaedd, 0xaedc, 0xaedc, 0xaedc, 0xaedc, 0xaedc, 0xaedc, 0xaedc, 0xaedc, 0xaedc, 0xaedc, 0xaedc, 
	0xaedc, 0xaedc, 0xaedc, 0xaedc, 0xaedc, 0xaedc, 0xaedc, 0xaedc, 0xaedc, 0xaedc, 0xaedc, 0xaedc, 0xaedc, 0xaedc, 0xaedc, 0xaedc, 
	0xaedc, 0xaedc, 0xaedc, 0xaedc, 0xaedc, 0xaedc, 0xaedc, 0xaedc, 0xaedc, 0xaedc, 0xaedc, 0xaedc, 0xaedc, 0xaedc, 0xaedc, 0xaedc, 
	0xaedc, 0xaedc, 0xaedc, 0xaedc, 0xaedc, 0xaedc, 0xaedc, 0xaedc, 0xaedc, 0xaedc, 0xaedc, 0xaedc, 0xaedc, 0xaedc, 0xaedc, 0xaedc, 
	0xaedc, 0xaedc, 0xaedc, 0xaedc, 0xaedc, 0xaedc, 0xaedc, 0xaedc, 0xaedc, 0xaedc, 0xaedc, 0xaedc, 0xaedc, 0xaedc, 0xaedc, 0xaedc, 
	0xaedc, 0xaedc, 0xaedc, 0xaedc, 0xaedc, 0xaedc, 0xaedc, 0xaedc, 0xaedc, 0xaedc, 0xaedc, 0xaedc, 0xaedc, 0xaedc, 0xaedc, 0xaedc, 
	0xaedc, 0xaedc, 0xaedc, 0xaedc, 0xaedc, 0xaedc, 0xaedc, 0xaedc, 0xaedc, 0xaedc, 0xaedc, 0xaedc, 0xaedc, 0xaedc, 0xaedc, 0xaedc, 
	0xaedc, 0xaedc, 0xaedc, 0xaedc, 0xaedc, 0xaedc, 0xaedc, 0xaedc, 0xb6dd, 0xaedc, 0xaedc, 0xaedd, 0xaefd, 0x8535, 0x10c3, 0x0000, 
	0x0000, 0x0000, 0x0020, 0x6289, 0xedf6, 0xfe98, 0xfe77, 0xfe78, 0xfe78, 0xfe57, 0xfe78, 0xfe78, 0xfe57, 0xa40f, 0x1081, 0x0000, 
	0x0000, 0x0000, 0x0000, 0x8b4c, 0xfe37, 0xfe78, 0xfe78, 0xfe78, 0xfe77, 0xfe78, 0xfe78, 0xfe78, 0xfe77, 0x834c, 0x0821, 0x0000, 
	0x0000, 0x0000, 0x1881, 0xa3ee, 0xfe77, 0xfe78, 0xfe78, 0xfe77, 0xfe77, 0xfe78, 0xfe78, 0xfe77, 0xedf6, 0x6aaa, 0x0000, 0x0000, 
	0x0000, 0x0000, 0x0000, 0x0000, 0x0000, 0x1882, 0x4985, 0x6a68, 0x7248, 0x59e7, 0x28c3, 0x0000, 0x0000, 0x0000, 0x0000, 0x0000, 
	0x0000, 0x0000, 0x0000, 0x0000, 0x0000, 0x20c2, 0x49e7, 0x6aa9, 0x6aaa, 0x49e7, 0x20c2, 0x0000, 0x0000, 0x0000, 0x0000, 0x0000, 
	0x0000, 0x0000, 0x51e7, 0xdd94, 0xfe77, 0xfe78, 0xfe78, 0xfe98, 0xfe77, 0xfe78, 0xfe78, 0xfe98, 0xb4b1, 0x28e3, 0x0000, 0x0000, 
	0x0000, 0x0020, 0x6269, 0xf637, 0xfe77, 0xfe78, 0xfe78, 0xfe77, 0xfe77, 0xfe78, 0xfe78, 0xfe77, 0xa42f, 0x1040, 0x0000, 0x0000, 
	0x0000, 0x0840, 0x836c, 0xf637, 0xfe77, 0xfe98, 0xfe77, 0xfe78, 0xfe78, 0xfe78, 0xfe78, 0xf657, 0x832b, 0x0841, 0x0000, 0x0000, 
	0x0000, 0x0842, 0x7472, 0xaefc, 0xaedd, 0xaedc, 0xaedc, 0xaedc, 0xaedc, 0xaedc, 0xaedc, 0xaedc, 0xaedc, 0xaedc, 0xaedc, 0xaedc, 
	0xaedc, 0xaedc, 0xaedc, 0xaedc, 0xaedc, 0xaedc, 0xaedc, 0xaedc, 0xaedc, 0xaedc, 0xaedc, 0xaedc, 0xaedc, 0xaedc, 0xaedc, 0xaedc, 
	0xaedc, 0xaedc, 0xaedc, 0xaedc, 0xaedc, 0xaedc, 0xaedc, 0xaedc, 0xaedc, 0xaedc, 0xaedc, 0xaedc, 0xaedc, 0xaedc, 0xaedc, 0xaedc, 
	0xaedc, 0xaedc, 0xaedc, 0xaedc, 0xaedc, 0xaedc, 0xaedc, 0xaedc, 0xaedc, 0xaedc, 0xaedc, 0xaedc, 0xaedc, 0xaedc, 0xaedc, 0xaedc, 
	0xaedc, 0xaedc, 0xaedc, 0xaedc, 0xaedc, 0xaedc, 0xaedc, 0xaedc, 0xaedc, 0xaedc, 0xaedc, 0xaedc, 0xaedc, 0xaedc, 0xaedc, 0xaedc, 
	0xaedc, 0xaedc, 0xaedc, 0xaedc, 0xaedc, 0xaedc, 0xaedc, 0xaedc, 0xaedc, 0xaedc, 0xaedc, 0xaedc, 0xaedc, 0xaedc, 0xaedc, 0xaedc, 
	0xaedc, 0xaedc, 0xaedc, 0xaedc, 0xaedc, 0xaedc, 0xaedc, 0xaedc, 0xaedc, 0xaedc, 0xaedc, 0xaedc, 0xaedc, 0xaedc, 0xaedc, 0xaedc, 
	0xaedc, 0xaedc, 0xaedc, 0xaedc, 0xaedc, 0xaedc, 0xaedc, 0xaedc, 0xb6dd, 0xaedc, 0xaedc, 0xaedd, 0xaefd, 0x8535, 0x10c3, 0x0000, 
	0x0000, 0x0000, 0x0020, 0x6289, 0xedf6, 0xfe98, 0xfe77, 0xfe78, 0xfe78, 0xfe57, 0xfe78, 0xfe78, 0xfe57, 0xa40f, 0x1081, 0x0000, 
	0x0000, 0x0000, 0x0000, 0x8b4c, 0xfe37, 0xfe78, 0xfe78, 0xfe78, 0xfe77, 0xfe78, 0xfe78, 0xfe78, 0xfe77, 0x834c, 0x0821, 0x0000, 
	0x0000, 0x0000, 0x1881, 0xa3ee, 0xfe77, 0xfe78, 0xfe78, 0xfe77, 0xfe77, 0xfe78, 0xfe78, 0xfe77, 0xedf6, 0x6aaa, 0x0000, 0x0000, 
	0x0000, 0x0000, 0x0000, 0x0020, 0x3123, 0x8b6c, 0xccb1, 0xed33, 0xed53, 0xdcf2, 0xa3ce, 0x51e6, 0x1020, 0x0000, 0x0000, 0x0000, 
	0x0000, 0x0000, 0x0000, 0x0000, 0x4185, 0x9bef, 0xdd95, 0xf637, 0xf658, 0xdd94, 0x9c0f, 0x41a5, 0x0000, 0x0000, 0x0000, 0x0000, 
	0x0000, 0x0000, 0x51e7, 0xdd94, 0xfe77, 0xfe78, 0xfe78, 0xfe98, 0xfe77, 0xfe78, 0xfe78, 0xfe98, 0xb4b1, 0x28e3, 0x0000, 0x0000, 
	0x0000, 0x0020, 0x6269, 0xf637, 0xfe77, 0xfe78, 0xfe78, 0xfe77, 0xfe77, 0xfe78, 0xfe78, 0xfe77, 0xa42f, 0x1040, 0x0000, 0x0000, 
	0x0000, 0x0840, 0x836c, 0xf637, 0xfe77, 0xfe98, 0xfe77, 0xfe78, 0xfe78, 0xfe78, 0xfe78, 0xf657, 0x832b, 0x0841, 0x0000, 0x0000, 
	0x0000, 0x0842, 0x7472, 0xaefc, 0xaedd, 0xaedc, 0xaedc, 0xaedc, 0xaedc, 0xaedc, 0xaedc, 0xaedc, 0xaedc, 0xaedc, 0xaedc, 0xaedc, 
	0xaedc, 0xaedc, 0xaedc, 0xaedc, 0xaedc, 0xaedc, 0xaedc, 0xaedc, 0xaedc, 0xaedc, 0xaedc, 0xaedc, 0xaedc, 0xaedc, 0xaedc, 0xaedc, 
	0xaedc, 0xaedc, 0xaedc, 0xaedc, 0xaedc, 0xaedc, 0xaedc, 0xaedc, 0xaedc, 0xaedc, 0xaedc, 0xaedc, 0xaedc, 0xaedc, 0xaedc, 0xaedc, 
	0xaedc, 0xaedc, 0xaedc, 0xaedc, 0xaedc, 0xaedc, 0xaedc, 0xaedc, 0xaedc, 0xaedc, 0xaedc, 0xaedc, 0xaedc, 0xaedc, 0xaedc, 0xaedc, 
	0xaedc, 0xaedc, 0xaedc, 0xaedc, 0xaedc, 0xaedc, 0xaedc, 0xaedc, 0xaedc, 0xaedc, 0xaedc, 0xaedc, 0xaedc, 0xaedc, 0xaedc, 0xaedc, 
	0xaedc, 0xaedc, 0xaedc, 0xaedc, 0xaedc, 0xaedc, 0xaedc, 0xaedc, 0xaedc, 0xaedc, 0xaedc, 0xaedc, 0xaedc, 0xaedc, 0xaedc, 0xaedc, 
	0xaedc, 0xaedc, 0xaedc, 0xaedc, 0xaedc, 0xaedc, 0xaedc, 0xaedc, 0xaedc, 0xaedc, 0xaedc, 0xaedc, 0xaedc, 0xaedc, 0xaedc, 0xaedc, 
	0xaedc, 0xaedc, 0xaedc, 0xaedc, 0xaedc, 0xaedc, 0xaedc, 0xaedc, 0xb6dd, 0xaedc, 0xaedc, 0xaedd, 0xaefd, 0x8535, 0x10c3, 0x0000, 
	0x0000, 0x0000, 0x0020, 0x6289, 0xedf6, 0xfe98, 0xfe77, 0xfe78, 0xfe78, 0xfe57, 0xfe78, 0xfe78, 0xfe57, 0xa40f, 0x1081, 0x0000, 
	0x0000, 0x0000, 0x0000, 0x8b4c, 0xfe37, 0xfe78, 0xfe78, 0xfe78, 0xfe77, 0xfe78, 0xfe78, 0xfe78, 0xfe77, 0x834c, 0x0821, 0x0000, 
	0x0000, 0x0000, 0x1881, 0xa3ee, 0xfe77, 0xfe78, 0xfe78, 0xfe77, 0xfe77, 0xfe78, 0xfe78, 0xfe77, 0xedf6, 0x6aaa, 0x0000, 0x0000, 
	0x0000, 0x0000, 0x0000, 0x20e2, 0x9c0f, 0xf5f6, 0xfdd5, 0xfd74, 0xfd93, 0xfd94, 0xfd94, 0xc42f, 0x4965, 0x0000, 0x0000, 0x0000, 
	0x0000, 0x0000, 0x0000, 0x3944, 0xb4b1, 0xfe57, 0xfe98, 0xfe77, 0xfe77, 0xfe97, 0xf657, 0xb490, 0x3124, 0x0000, 0x0000, 0x0020, 
	0x0000, 0x0000, 0x51e7, 0xdd94, 0xfe77, 0xfe78, 0xfe78, 0xfe98, 0xfe77, 0xfe78, 0xfe78, 0xfe98, 0xb4b1, 0x28e3, 0x0000, 0x0000, 
	0x0000, 0x0020, 0x6269, 0xf637, 0xfe77, 0xfe78, 0xfe78, 0xfe77, 0xfe77, 0xfe78, 0xfe78, 0xfe77, 0xa42f, 0x1040, 0x0000, 0x0000, 
	0x0000, 0x0840, 0x836c, 0xf637, 0xfe77, 0xfe98, 0xfe77, 0xfe78, 0xfe78, 0xfe78, 0xfe78, 0xf657, 0x832b, 0x0841, 0x0000, 0x0000, 
	0x0000, 0x0842, 0x7472, 0xaefc, 0xaedd, 0xaedc, 0xaedc, 0xaedc, 0xaedc, 0xaedc, 0xaedc, 0xaedc, 0xaedc, 0xaedc, 0xaedc, 0xaedc, 
	0xaedc, 0xaedc, 0xaedc, 0xaedc, 0xaedc, 0xaedc, 0xaedc, 0xaedc, 0xaedc, 0xaedc, 0xaedc, 0xaedc, 0xaedc, 0xaedc, 0xaedc, 0xaedc, 
	0xaedc, 0xaedc, 0xaedc, 0xaedc, 0xaedc, 0xaedc, 0xaedc, 0xaedc, 0xaedc, 0xaedc, 0xaedc, 0xaedc, 0xaedc, 0xaedc, 0xaedc, 0xaedc, 
	0xaedc, 0xaedc, 0xaedc, 0xaedc, 0xaedc, 0xaedc, 0xaedc, 0xaedc, 0xaedc, 0xaedc, 0xaedc, 0xaedc, 0xaedc, 0xaedc, 0xaedc, 0xaedc, 
	0xaedc, 0xaedc, 0xaedc, 0xaedc, 0xaedc, 0xaedc, 0xaedc, 0xaedc, 0xaedc, 0xaedc, 0xaedc, 0xaedc, 0xaedc, 0xaedc, 0xaedc, 0xaedc, 
	0xaedc, 0xaedc, 0xaedc, 0xaedc, 0xaedc, 0xaedc, 0xaedc, 0xaedc, 0xaedc, 0xaedc, 0xaedc, 0xaedc, 0xaedc, 0xaedc, 0xaedc, 0xaedc, 
	0xaedc, 0xaedc, 0xaedc, 0xaedc, 0xaedc, 0xaedc, 0xaedc, 0xaedc, 0xaedc, 0xaedc, 0xaedc, 0xaedc, 0xaedc, 0xaedc, 0xaedc, 0xaedc, 
	0xaedc, 0xaedc, 0xaedc, 0xaedc, 0xaedc, 0xaedc, 0xaedc, 0xaedc, 0xb6dd, 0xaedc, 0xaedc, 0xaedd, 0xaefd, 0x8535, 0x10c3, 0x0000, 
	0x0000, 0x0000, 0x0020, 0x6289, 0xedf6, 0xfe98, 0xfe77, 0xfe78, 0xfe78, 0xfe57, 0xfe78, 0xfe78, 0xfe57, 0xa40f, 0x1081, 0x0000, 
	0x0000, 0x0000, 0x0000, 0x8b4c, 0xfe37, 0xfe78, 0xfe78, 0xfe78, 0xfe77, 0xfe78, 0xfe78, 0xfe78, 0xfe77, 0x834c, 0x0821, 0x0000, 
	0x0000, 0x0000, 0x1881, 0xa3ee, 0xfe77, 0xfe78, 0xfe78, 0xfe77, 0xfe77, 0xfe78, 0xfe78, 0xfe77, 0xedf6, 0x6aaa, 0x0000, 0x0000, 
	0x0000, 0x0000, 0x0820, 0x6269, 0xe5f6, 0xfe78, 0xfdb4, 0xfd74, 0xfd73, 0xfd73, 0xfd93, 0xf574, 0x9b8c, 0x18a1, 0x0000, 0x0000, 
	0x0000, 0x0000, 0x1041, 0x836c, 0xf637, 0xfe98, 0xfe57, 0xfe77, 0xfe78, 0xfe77, 0xfe98, 0xf637, 0x7b2c, 0x1061, 0x0000, 0x0000, 
	0x0000, 0x0000, 0x51e7, 0xdd94, 0xfe77, 0xfe78, 0xfe78, 0xfe98, 0xfe77, 0xfe78, 0xfe78, 0xfe98, 0xb4b1, 0x28e3, 0x0000, 0x0000, 
	0x0000, 0x0020, 0x6269, 0xf637, 0xfe77, 0xfe78, 0xfe78, 0xfe77, 0xfe77, 0xfe78, 0xfe78, 0xfe77, 0xa42f, 0x1040, 0x0000, 0x0000, 
	0x0000, 0x0840, 0x836c, 0xf637, 0xfe77, 0xfe98, 0xfe77, 0xfe78, 0xfe78, 0xfe78, 0xfe78, 0xf657, 0x832b, 0x0841, 0x0000, 0x0000, 
	0x0000, 0x0842, 0x7472, 0xaefc, 0xaedd, 0xaedc, 0xaedc, 0xaedc, 0xaedc, 0xaedc, 0xaedc, 0xaedc, 0xaedc, 0xaedc, 0xaedc, 0xaedc, 
	0xaedc, 0xaedc, 0xaedc, 0xaedc, 0xaedc, 0xaedc, 0xaedc, 0xaedc, 0xaedc, 0xaedc, 0xaedc, 0xaedc, 0xaedc, 0xaedc, 0xaedc, 0xaedc, 
	0xaedc, 0xaedc, 0xaedc, 0xaedc, 0xaedc, 0xaedc, 0xaedc, 0xaedc, 0xaedc, 0xaedc, 0xaedc, 0xaedc, 0xaedc, 0xaedc, 0xaedc, 0xaedc, 
	0xaedc, 0xaedc, 0xaedc, 0xaedc, 0xaedc, 0xaedc, 0xaedc, 0xaedc, 0xaedc, 0xaedc, 0xaedc, 0xaedc, 0xaedc, 0xaedc, 0xaedc, 0xaedc, 
	0xaedc, 0xaedc, 0xaedc, 0xaedc, 0xaedc, 0xaedc, 0xaedc, 0xaedc, 0xaedc, 0xaedc, 0xaedc, 0xaedc, 0xaedc, 0xaedc, 0xaedc, 0xaedc, 
	0xaedc, 0xaedc, 0xaedc, 0xaedc, 0xaedc, 0xaedc, 0xaedc, 0xaedc, 0xaedc, 0xaedc, 0xaedc, 0xaedc, 0xaedc, 0xaedc, 0xaedc, 0xaedc, 
	0xaedc, 0xaedc, 0xaedc, 0xaedc, 0xaedc, 0xaedc, 0xaedc, 0xaedc, 0xaedc, 0xaedc, 0xaedc, 0xaedc, 0xaedc, 0xaedc, 0xaedc, 0xaedc, 
	0xaedc, 0xaedc, 0xaedc, 0xaedc, 0xaedc, 0xaedc, 0xaedc, 0xaedc, 0xb6dd, 0xaedc, 0xaedc, 0xaedd, 0xaefd, 0x8535, 0x10c3, 0x0000, 
	0x0000, 0x0000, 0x0020, 0x6289, 0xedf6, 0xfe98, 0xfe77, 0xfe78, 0xfe78, 0xfe57, 0xfe78, 0xfe78, 0xfe57, 0xa40f, 0x1081, 0x0000, 
	0x0000, 0x0000, 0x0000, 0x8b4c, 0xfe37, 0xfe78, 0xfe78, 0xfe78, 0xfe77, 0xfe78, 0xfe78, 0xfe78, 0xfe77, 0x834c, 0x0821, 0x0000, 
	0x0000, 0x0000, 0x1881, 0xa3ee, 0xfe77, 0xfe78, 0xfe78, 0xfe77, 0xfe77, 0xfe78, 0xfe78, 0xfe77, 0xedf6, 0x6aaa, 0x0000, 0x0000, 
	0x0020, 0x0000, 0x1861, 0x9c0f, 0xfe78, 0xfe57, 0xfdf6, 0xf594, 0xfd74, 0xfdb4, 0xfd52, 0xfd94, 0xd4b1, 0x38e3, 0x0000, 0x0000, 
	0x0000, 0x0000, 0x20c2, 0xbcf2, 0xfe77, 0xfe77, 0xfe78, 0xfe78, 0xfe99, 0xfe77, 0xfe57, 0xfe78, 0xb491, 0x20c3, 0x0000, 0x0020, 
	0x0000, 0x0000, 0x51e7, 0xdd94, 0xfe77, 0xfe78, 0xfe78, 0xfe98, 0xfe77, 0xfe78, 0xfe78, 0xfe98, 0xb4b1, 0x28e3, 0x0000, 0x0000, 
	0x0000, 0x0020, 0x6269, 0xf637, 0xfe77, 0xfe78, 0xfe78, 0xfe77, 0xfe77, 0xfe78, 0xfe78, 0xfe77, 0xa42f, 0x1040, 0x0000, 0x0000, 
	0x0000, 0x0840, 0x836c, 0xf637, 0xfe77, 0xfe98, 0xfe77, 0xfe78, 0xfe78, 0xfe78, 0xfe78, 0xf657, 0x832b, 0x0841, 0x0000, 0x0000, 
	0x0000, 0x0842, 0x7472, 0xaefc, 0xaedd, 0xaedc, 0xaedc, 0xaedc, 0xaedc, 0xaedc, 0xaedc, 0xaedc, 0xaedc, 0xaedc, 0xaedc, 0xaedc, 
	0xaedc, 0xaedc, 0xaedc, 0xaedc, 0xaedc, 0xaedc, 0xaedc, 0xaedc, 0xaedc, 0xaedc, 0xaedc, 0xaedc, 0xaedc, 0xaedc, 0xaedc, 0xaedc, 
	0xaedc, 0xaedc, 0xaedc, 0xaedc, 0xaedc, 0xaedc, 0xaedc, 0xaedc, 0xaedc, 0xaedc, 0xaedc, 0xaedc, 0xaedc, 0xaedc, 0xaedc, 0xaedc, 
	0xaedc, 0xaedc, 0xaedc, 0xaedc, 0xaedc, 0xaedc, 0xaedc, 0xaedc, 0xaedc, 0xaedc, 0xaedc, 0xaedc, 0xaedc, 0xaedc, 0xaedc, 0xaedc, 
	0xaedc, 0xaedc, 0xaedc, 0xaedc, 0xaedc, 0xaedc, 0xaedc, 0xaedc, 0xaedc, 0xaedc, 0xaedc, 0xaedc, 0xaedc, 0xaedc, 0xaedc, 0xaedc, 
	0xaedc, 0xaedc, 0xaedc, 0xaedc, 0xaedc, 0xaedc, 0xaedc, 0xaedc, 0xaedc, 0xaedc, 0xaedc, 0xaedc, 0xaedc, 0xaedc, 0xaedc, 0xaedc, 
	0xaedc, 0xaedc, 0xaedc, 0xaedc, 0xaedc, 0xaedc, 0xaedc, 0xaedc, 0xaedc, 0xaedc, 0xaedc, 0xaedc, 0xaedc, 0xaedc, 0xaedc, 0xaedc, 
	0xaedc, 0xaedc, 0xaedc, 0xaedc, 0xaedc, 0xaedc, 0xaedc, 0xaedc, 0xb6dd, 0xaedc, 0xaedc, 0xaedd, 0xaefd, 0x8535, 0x10c3, 0x0000, 
	0x0000, 0x0000, 0x0020, 0x6289, 0xedf6, 0xfe98, 0xfe77, 0xfe78, 0xfe78, 0xfe57, 0xfe78, 0xfe78, 0xfe57, 0xa40f, 0x1081, 0x0000, 
	0x0000, 0x0000, 0x0000, 0x8b4c, 0xfe37, 0xfe78, 0xfe78, 0xfe78, 0xfe77, 0xfe78, 0xfe78, 0xfe78, 0xfe77, 0x834c, 0x0821, 0x0000, 
	0x0000, 0x0000, 0x1881, 0xa3ee, 0xfe77, 0xfe78, 0xfe78, 0xfe77, 0xfe77, 0xfe78, 0xfe78, 0xfe77, 0xedf6, 0x6aaa, 0x0000, 0x0000, 
	0x0000, 0x0000, 0x18c2, 0xbcb1, 0xfe77, 0xfe77, 0xfdf6, 0xfdb4, 0xfd73, 0xfd94, 0xfd74, 0xfd93, 0xe4d1, 0x49a5, 0x0000, 0x0000, 
	0x0000, 0x0000, 0x3124, 0xcd53, 0xfe77, 0xfe77, 0xfe78, 0xfe77, 0xfe78, 0xfe78, 0xfe77, 0xfe77, 0xcd53, 0x3144, 0x0000, 0x0000, 
	0x0000, 0x0000, 0x51e7, 0xdd94, 0xfe77, 0xfe78, 0xfe78, 0xfe98, 0xfe77, 0xfe78, 0xfe78, 0xfe98, 0xb4b1, 0x28e3, 0x0000, 0x0000, 
	0x0000, 0x0020, 0x6269, 0xf637, 0xfe77, 0xfe78, 0xfe78, 0xfe77, 0xfe77, 0xfe78, 0xfe78, 0xfe77, 0xa42f, 0x1040, 0x0000, 0x0000, 
	0x0000, 0x0840, 0x836c, 0xf637, 0xfe77, 0xfe98, 0xfe77, 0xfe78, 0xfe77, 0xfe58, 0xfe98, 0xf657, 0x834b, 0x1061, 0x0000, 0x0000, 
	0x0000, 0x0062, 0x7492, 0xaedc, 0xb6dd, 0xb6dd, 0xb6dc, 0xb6dd, 0xaedc, 0xaedc, 0xaedc, 0xaedc, 0xaedc, 0xaedc, 0xaedc, 0xaedc, 
	0xaedc, 0xaedc, 0xaedc, 0xaedc, 0xaedc, 0xaedc, 0xaedc, 0xaedc, 0xaedc, 0xaedc, 0xaedc, 0xaedc, 0xaedc, 0xaedc, 0xaedc, 0xaedc, 
	0xaedc, 0xaedc, 0xaedc, 0xaedc, 0xaedc, 0xaedc, 0xaedc, 0xaedc, 0xaedc, 0xaedc, 0xaedc, 0xaedc, 0xaedc, 0xaedc, 0xaedc, 0xaedc, 
	0xaedc, 0xaedc, 0xaedc, 0xaedc, 0xaedc, 0xaedc, 0xaedc, 0xaedc, 0xaedc, 0xaedc, 0xaedc, 0xaedc, 0xaedc, 0xaedc, 0xaedc, 0xaedc, 
	0xaedc, 0xaedc, 0xaedc, 0xaedc, 0xaedc, 0xaedc, 0xaedc, 0xaedc, 0xaedc, 0xaedc, 0xaedc, 0xaedc, 0xaedc, 0xaedc, 0xaedc, 0xaedc, 
	0xaedc, 0xaedc, 0xaedc, 0xaedc, 0xaedc, 0xaedc, 0xaedc, 0xaedc, 0xaedc, 0xaedc, 0xaedc, 0xaedc, 0xaedc, 0xaedc, 0xaedc, 0xaedc, 
	0xaedc, 0xaedc, 0xaedc, 0xaedc, 0xaedc, 0xaedc, 0xaedc, 0xaedc, 0xaedc, 0xaedc, 0xaedc, 0xaedc, 0xaedc, 0xaedc, 0xaedc, 0xaedc, 
	0xaedc, 0xaedc, 0xaedc, 0xaedc, 0xaedc, 0xaedc, 0xaedc, 0xaedc, 0xb6dd, 0xaedc, 0xaedc, 0xaedd, 0xaefd, 0x8535, 0x10c3, 0x0000, 
	0x0000, 0x0000, 0x0020, 0x6289, 0xedf6, 0xfe98, 0xfe77, 0xfe78, 0xfe78, 0xfe57, 0xfe78, 0xfe78, 0xfe57, 0xa40f, 0x1081, 0x0000, 
	0x0000, 0x0000, 0x0000, 0x8b4c, 0xfe37, 0xfe78, 0xfe78, 0xfe78, 0xfe77, 0xfe78, 0xfe78, 0xfe78, 0xfe77, 0x834c, 0x0821, 0x0000, 
	0x0000, 0x0000, 0x1881, 0xa3ee, 0xfe77, 0xfe78, 0xfe78, 0xfe77, 0xfe77, 0xfe78, 0xfe78, 0xfe77, 0xedf6, 0x6aaa, 0x0000, 0x0000, 
	0x0000, 0x0000, 0x18c2, 0xbcb1, 0xfe77, 0xfe77, 0xfdf6, 0xfdb4, 0xfd73, 0xfd94, 0xfd74, 0xfd93, 0xe4d2, 0x49a5, 0x0000, 0x0000, 
	0x0000, 0x0000, 0x3144, 0xcd53, 0xfe77, 0xfe77, 0xfe78, 0xfe77, 0xfe78, 0xfe78, 0xfe77, 0xfe77, 0xcd53, 0x3144, 0x0000, 0x0000, 
	0x0000, 0x0000, 0x51e7, 0xdd94, 0xfe77, 0xfe78, 0xfe78, 0xfe98, 0xfe77, 0xfe78, 0xfe78, 0xfe98, 0xb4b1, 0x28e3, 0x0000, 0x0000, 
	0x0000, 0x0020, 0x6269, 0xf637, 0xfe77, 0xfe78, 0xfe78, 0xfe77, 0xfe77, 0xfe78, 0xfe78, 0xfe77, 0xa42f, 0x1040, 0x0000, 0x0000, 
	0x0000, 0x0840, 0x836c, 0xf637, 0xfe77, 0xfe98, 0xfe77, 0xfe78, 0xfe98, 0xfe58, 0xfe58, 0xf677, 0x8b8c, 0x0840, 0x0000, 0x0000, 
	0x0000, 0x08a2, 0x7493, 0xb6fd, 0xaedd, 0xaebc, 0xb6fd, 0xaedc, 0xaedc, 0xaedc, 0xaedc, 0xaedc, 0xaedc, 0xaedc, 0xaedc, 0xaedc, 
	0xaedc, 0xaedc, 0xaedc, 0xaedc, 0xaedc, 0xaedc, 0xaedc, 0xaedc, 0xaedc, 0xaedc, 0xaedc, 0xaedc, 0xaedc, 0xaedc, 0xaedc, 0xaedc, 
	0xaedc, 0xaedc, 0xaedc, 0xaedc, 0xaedc, 0xaedc, 0xaedc, 0xaedc, 0xaedc, 0xaedc, 0xaedc, 0xaedc, 0xaedc, 0xaedc, 0xaedc, 0xaedc, 
	0xaedc, 0xaedc, 0xaedc, 0xaedc, 0xaedc, 0xaedc, 0xaedc, 0xaedc, 0xaedc, 0xaedc, 0xaedc, 0xaedc, 0xaedc, 0xaedc, 0xaedc, 0xaedc, 
	0xaedc, 0xaedc, 0xaedc, 0xaedc, 0xaedc, 0xaedc, 0xaedc, 0xaedc, 0xaedc, 0xaedc, 0xaedc, 0xaedc, 0xaedc, 0xaedc, 0xaedc, 0xaedc, 
	0xaedc, 0xaedc, 0xaedc, 0xaedc, 0xaedc, 0xaedc, 0xaedc, 0xaedc, 0xaedc, 0xaedc, 0xaedc, 0xaedc, 0xaedc, 0xaedc, 0xaedc, 0xaedc, 
	0xaedc, 0xaedc, 0xaedc, 0xaedc, 0xaedc, 0xaedc, 0xaedc, 0xaedc, 0xaedc, 0xaedc, 0xaedc, 0xaedc, 0xaedc, 0xaedc, 0xaedc, 0xaedc, 
	0xaedc, 0xaedc, 0xaedc, 0xaedc, 0xaedc, 0xaedc, 0xaedc, 0xaedc, 0xb6dd, 0xaedc, 0xaedc, 0xaedd, 0xaefd, 0x8535, 0x10c3, 0x0000, 
	0x0000, 0x0000, 0x0020, 0x6289, 0xedf6, 0xfe98, 0xfe77, 0xfe78, 0xfe78, 0xfe57, 0xfe78, 0xfe78, 0xfe57, 0xa40f, 0x1081, 0x0000, 
	0x0000, 0x0000, 0x0000, 0x8b4c, 0xfe37, 0xfe78, 0xfe78, 0xfe78, 0xfe77, 0xfe78, 0xfe78, 0xfe78, 0xfe77, 0x834c, 0x0821, 0x0000, 
	0x0000, 0x0000, 0x1881, 0xa3ee, 0xfe77, 0xfe78, 0xfe78, 0xfe77, 0xfe77, 0xfe78, 0xfe78, 0xfe77, 0xedf6, 0x6aaa, 0x0000, 0x0000, 
	0x0000, 0x0000, 0x18c2, 0xbcb1, 0xfe77, 0xfe77, 0xfdf6, 0xfd93, 0xfd73, 0xfd94, 0xfd94, 0xfd93, 0xe4d2, 0x49a5, 0x0000, 0x0000, 
	0x0000, 0x0000, 0x3144, 0xcd53, 0xfe77, 0xfe78, 0xfe78, 0xfe77, 0xfe77, 0xfe78, 0xfe77, 0xfe77, 0xcd53, 0x3144, 0x0000, 0x0000, 
	0x0000, 0x0000, 0x51e7, 0xdd94, 0xfe77, 0xfe78, 0xfe78, 0xfe98, 0xfe77, 0xfe78, 0xfe78, 0xfe98, 0xb4b1, 0x28e3, 0x0000, 0x0000, 
	0x0000, 0x0020, 0x6269, 0xf637, 0xfe77, 0xfe78, 0xfe78, 0xfe77, 0xfe77, 0xfe78, 0xfe78, 0xfe77, 0xa42f, 0x1040, 0x0000, 0x0000, 
	0x0000, 0x0840, 0x836c, 0xf637, 0xfe77, 0xfe98, 0xfe77, 0xfe78, 0xfe77, 0xfe78, 0xfe78, 0xfe77, 0xb4b1, 0x3144, 0x0800, 0x0020, 
	0x0000, 0x29c8, 0x8d77, 0xb71d, 0xaebc, 0xaebc, 0xaefd, 0xaefc, 0xaedc, 0xaedc, 0xaedc, 0xaedc, 0xaedc, 0xaedc, 0xaedc, 0xaedc, 
	0xaedc, 0xaedc, 0xaedc, 0xaedc, 0xaedc, 0xaedc, 0xaedc, 0xaedc, 0xaedc, 0xaedc, 0xaedc, 0xaedc, 0xaedc, 0xaedc, 0xaedc, 0xaedc, 
	0xaedc, 0xaedc, 0xaedc, 0xaedc, 0xaedc, 0xaedc, 0xaedc, 0xaedc, 0xaedc, 0xaedc, 0xaedc, 0xaedc, 0xaedc, 0xaedc, 0xaedc, 0xaedc, 
	0xaedc, 0xaedc, 0xaedc, 0xaedc, 0xaedc, 0xaedc, 0xaedc, 0xaedc, 0xaedc, 0xaedc, 0xaedc, 0xaedc, 0xaedc, 0xaedc, 0xaedc, 0xaedc, 
	0xaedc, 0xaedc, 0xaedc, 0xaedc, 0xaedc, 0xaedc, 0xaedc, 0xaedc, 0xaedc, 0xaedc, 0xaedc, 0xaedc, 0xaedc, 0xaedc, 0xaedc, 0xaedc, 
	0xaedc, 0xaedc, 0xaedc, 0xaedc, 0xaedc, 0xaedc, 0xaedc, 0xaedc, 0xaedc, 0xaedc, 0xaedc, 0xaedc, 0xaedc, 0xaedc, 0xaedc, 0xaedc, 
	0xaedc, 0xaedc, 0xaedc, 0xaedc, 0xaedc, 0xaedc, 0xaedc, 0xaedc, 0xaedc, 0xaedc, 0xaedc, 0xaedc, 0xaedc, 0xaedc, 0xaedc, 0xaedc, 
	0xaedc, 0xaedc, 0xaedc, 0xaedc, 0xaedc, 0xaedc, 0xaedc, 0xaedc, 0xb6dd, 0xaedc, 0xaedc, 0xaedd, 0xaefd, 0x8535, 0x10c3, 0x0000, 
	0x0000, 0x0000, 0x0020, 0x6289, 0xedf6, 0xfe98, 0xfe77, 0xfe78, 0xfe78, 0xfe57, 0xfe78, 0xfe78, 0xfe57, 0xa40f, 0x1081, 0x0000, 
	0x0000, 0x0000, 0x0000, 0x8b4c, 0xfe37, 0xfe78, 0xfe78, 0xfe78, 0xfe77, 0xfe78, 0xfe78, 0xfe78, 0xfe77, 0x834c, 0x0821, 0x0000, 
	0x0000, 0x0000, 0x1881, 0xa3ee, 0xfe77, 0xfe78, 0xfe78, 0xfe77, 0xfe77, 0xfe78, 0xfe78, 0xfe77, 0xedf6, 0x6aaa, 0x0000, 0x0000, 
	0x0000, 0x0000, 0x18c2, 0xbcd1, 0xfe78, 0xfe77, 0xfdf6, 0xfd93, 0xfd73, 0xfd94, 0xfd94, 0xfd93, 0xe4d2, 0x49a5, 0x0000, 0x0000, 
	0x0000, 0x0000, 0x3144, 0xcd53, 0xfe77, 0xfe78, 0xfe78, 0xfe77, 0xfe77, 0xfe78, 0xfe77, 0xfe77, 0xcd53, 0x3144, 0x0000, 0x0000, 
	0x0000, 0x0000, 0x51e7, 0xdd94, 0xfe77, 0xfe78, 0xfe78, 0xfe98, 0xfe77, 0xfe78, 0xfe78, 0xfe98, 0xb4b1, 0x28e3, 0x0000, 0x0000, 
	0x0000, 0x0020, 0x6269, 0xf637, 0xfe77, 0xfe78, 0xfe78, 0xfe77, 0xfe77, 0xfe78, 0xfe78, 0xfe77, 0xa42f, 0x1040, 0x0000, 0x0000, 
	0x0000, 0x0840, 0x836c, 0xf637, 0xfe77, 0xfe98, 0xfe77, 0xfe78, 0xfe78, 0xfe78, 0xfe78, 0xfe78, 0xee37, 0x9bee, 0x4185, 0x1103, 
	0x3229, 0x7cb3, 0xaebc, 0xb6fd, 0xaedd, 0xaedc, 0xaedc, 0xaedc, 0xaedc, 0xaedc, 0xaedc, 0xaedc, 0xaedc, 0xaedc, 0xaedc, 0xaedc, 
	0xaedc, 0xaedc, 0xaedc, 0xaedc, 0xaedc, 0xaedc, 0xaedc, 0xaedc, 0xaedc, 0xaedc, 0xaedc, 0xaedc, 0xaedc, 0xaedc, 0xaedc, 0xaedc, 
	0xaedc, 0xaedc, 0xaedc, 0xaedc, 0xaedc, 0xaedc, 0xaedc, 0xaedc, 0xaedc, 0xaedc, 0xaedc, 0xaedc, 0xaedc, 0xaedc, 0xaedc, 0xaedc, 
	0xaedc, 0xaedc, 0xaedc, 0xaedc, 0xaedc, 0xaedc, 0xaedc, 0xaedc, 0xaedc, 0xaedc, 0xaedc, 0xaedc, 0xaedc, 0xaedc, 0xaedc, 0xaedc, 
	0xaedc, 0xaedc, 0xaedc, 0xaedc, 0xaedc, 0xaedc, 0xaedc, 0xaedc, 0xaedc, 0xaedc, 0xaedc, 0xaedc, 0xaedc, 0xaedc, 0xaedc, 0xaedc, 
	0xaedc, 0xaedc, 0xaedc, 0xaedc, 0xaedc, 0xaedc, 0xaedc, 0xaedc, 0xaedc, 0xaedc, 0xaedc, 0xaedc, 0xaedc, 0xaedc, 0xaedc, 0xaedc, 
	0xaedc, 0xaedc, 0xaedc, 0xaedc, 0xaedc, 0xaedc, 0xaedc, 0xaedc, 0xaedc, 0xaedc, 0xaedc, 0xaedc, 0xaedc, 0xaedc, 0xaedc, 0xaedc, 
	0xaedc, 0xaedc, 0xaedc, 0xaedc, 0xaedc, 0xaedc, 0xaedc, 0xaedc, 0xb6dd, 0xaedc, 0xaedc, 0xaedd, 0xaefd, 0x8535, 0x10c3, 0x0000, 
	0x0000, 0x0000, 0x0020, 0x6289, 0xedf6, 0xfe98, 0xfe77, 0xfe78, 0xfe78, 0xfe57, 0xfe78, 0xfe78, 0xfe57, 0xa40f, 0x1081, 0x0000, 
	0x0000, 0x0000, 0x0000, 0x8b4c, 0xfe37, 0xfe78, 0xfe78, 0xfe78, 0xfe77, 0xfe78, 0xfe78, 0xfe78, 0xfe77, 0x834c, 0x0821, 0x0000, 
	0x0000, 0x0000, 0x1881, 0xa3ee, 0xfe77, 0xfe78, 0xfe78, 0xfe77, 0xfe77, 0xfe78, 0xfe78, 0xfe77, 0xedf6, 0x6aaa, 0x0000, 0x0000, 
	0x0000, 0x0000, 0x18c2, 0xbcd1, 0xfe78, 0xfe77, 0xfdf6, 0xfd93, 0xfd73, 0xfd94, 0xfd94, 0xfd93, 0xe4f2, 0x49a5, 0x0000, 0x0000, 
	0x0000, 0x0000, 0x3144, 0xcd53, 0xfe97, 0xfe78, 0xfe78, 0xfe77, 0xfe77, 0xfe78, 0xfe77, 0xfe77, 0xcd53, 0x3144, 0x0000, 0x0000, 
	0x0000, 0x0000, 0x51e7, 0xdd94, 0xfe77, 0xfe78, 0xfe78, 0xfe98, 0xfe77, 0xfe78, 0xfe78, 0xfe98, 0xb4b1, 0x28e3, 0x0000, 0x0000, 
	0x0000, 0x0020, 0x6269, 0xf637, 0xfe77, 0xfe78, 0xfe78, 0xfe77, 0xfe77, 0xfe78, 0xfe78, 0xfe77, 0xa42f, 0x1040, 0x0000, 0x0000, 
	0x0000, 0x0840, 0x836c, 0xf637, 0xfe77, 0xfe98, 0xfe77, 0xfe78, 0xfeb8, 0xfe57, 0xfe77, 0xfe78, 0xfe77, 0xf657, 0xd575, 0xa534, 
	0x9dd8, 0xb6bc, 0xb6fd, 0xaebc, 0xaefd, 0xb6fc, 0xaebc, 0xb6dd, 0xaedc, 0xaedc, 0xaedc, 0xaedc, 0xaedc, 0xaedc, 0xaedc, 0xaedc, 
	0xaedc, 0xaedc, 0xaedc, 0xaedc, 0xaedc, 0xaedc, 0xaedc, 0xaedc, 0xaedc, 0xaedc, 0xaedc, 0xaedc, 0xaedc, 0xaedc, 0xaedc, 0xaedc, 
	0xaedc, 0xaedc, 0xaedc, 0xaedc, 0xaedc, 0xaedc, 0xaedc, 0xaedc, 0xaedc, 0xaedc, 0xaedc, 0xaedc, 0xaedc, 0xaedc, 0xaedc, 0xaedc, 
	0xaedc, 0xaedc, 0xaedc, 0xaedc, 0xaedc, 0xaedc, 0xaedc, 0xaedc, 0xaedc, 0xaedc, 0xaedc, 0xaedc, 0xaedc, 0xaedc, 0xaedc, 0xaedc, 
	0xaedc, 0xaedc, 0xaedc, 0xaedc, 0xaedc, 0xaedc, 0xaedc, 0xaedc, 0xaedc, 0xaedc, 0xaedc, 0xaedc, 0xaedc, 0xaedc, 0xaedc, 0xaedc, 
	0xaedc, 0xaedc, 0xaedc, 0xaedc, 0xaedc, 0xaedc, 0xaedc, 0xaedc, 0xaedc, 0xaedc, 0xaedc, 0xaedc, 0xaedc, 0xaedc, 0xaedc, 0xaedc, 
	0xaedc, 0xaedc, 0xaedc, 0xaedc, 0xaedc, 0xaedc, 0xaedc, 0xaedc, 0xaedc, 0xaedc, 0xaedc, 0xaedc, 0xaedc, 0xaedc, 0xaedc, 0xaedc, 
	0xaedc, 0xaedc, 0xaedc, 0xaedc, 0xaedc, 0xaedc, 0xaedc, 0xaedc, 0xb6dd, 0xaedc, 0xaedc, 0xaedd, 0xaefd, 0x8535, 0x10c3, 0x0000, 
	0x0000, 0x0000, 0x0020, 0x6289, 0xedf6, 0xfe98, 0xfe77, 0xfe78, 0xfe78, 0xfe57, 0xfe78, 0xfe78, 0xfe57, 0xa40f, 0x1081, 0x0000, 
	0x0000, 0x0000, 0x0000, 0x8b4c, 0xfe37, 0xfe78, 0xfe78, 0xfe78, 0xfe77, 0xfe78, 0xfe78, 0xfe78, 0xfe77, 0x834c, 0x0821, 0x0000, 
	0x0000, 0x0000, 0x1881, 0xa3ee, 0xfe77, 0xfe78, 0xfe78, 0xfe77, 0xfe77, 0xfe78, 0xfe78, 0xfe77, 0xedf6, 0x6aaa, 0x0000, 0x0000, 
	0x0000, 0x0000, 0x18c2, 0xbcd1, 0xfe78, 0xfe77, 0xfdf6, 0xfd93, 0xfd73, 0xfd94, 0xfd94, 0xfd93, 0xe4f2, 0x49a5, 0x0000, 0x0000, 
	0x0000, 0x0000, 0x3144, 0xcd53, 0xfe77, 0xfe78, 0xfe78, 0xfe77, 0xfe77, 0xfe78, 0xfe77, 0xfe77, 0xcd53, 0x3144, 0x0000, 0x0000, 
	0x0000, 0x0000, 0x51e7, 0xdd94, 0xfe77, 0xfe78, 0xfe78, 0xfe98, 0xfe77, 0xfe78, 0xfe78, 0xfe98, 0xb4b1, 0x28e3, 0x0000, 0x0000, 
	0x0000, 0x0020, 0x6269, 0xf637, 0xfe77, 0xfe78, 0xfe78, 0xfe77, 0xfe77, 0xfe78, 0xfe78, 0xfe77, 0xa42f, 0x1040, 0x0000, 0x0000, 
	0x0000, 0x0840, 0x836c, 0xf637, 0xfe77, 0xfe98, 0xfe77, 0xfe78, 0xfe57, 0xfe98, 0xfe78, 0xfe99, 0xfe57, 0xfe78, 0xfe79, 0xdeda, 
	0xb71c, 0xaefc, 0xaebc, 0xaedd, 0xaedc, 0xb6dc, 0xb6dd, 0xb6dd, 0xaedc, 0xaedc, 0xaedc, 0xaedc, 0xaedc, 0xaedc, 0xaedc, 0xaedc, 
	0xaedc, 0xaedc, 0xaedc, 0xaedc, 0xaedc, 0xaedc, 0xaedc, 0xaedc, 0xaedc, 0xaedc, 0xaedc, 0xaedc, 0xaedc, 0xaedc, 0xaedc, 0xaedc, 
	0xaedc, 0xaedc, 0xaedc, 0xaedc, 0xaedc, 0xaedc, 0xaedc, 0xaedc, 0xaedc, 0xaedc, 0xaedc, 0xaedc, 0xaedc, 0xaedc, 0xaedc, 0xaedc, 
	0xaedc, 0xaedc, 0xaedc, 0xaedc, 0xaedc, 0xaedc, 0xaedc, 0xaedc, 0xaedc, 0xaedc, 0xaedc, 0xaedc, 0xaedc, 0xaedc, 0xaedc, 0xaedc, 
	0xaedc, 0xaedc, 0xaedc, 0xaedc, 0xaedc, 0xaedc, 0xaedc, 0xaedc, 0xaedc, 0xaedc, 0xaedc, 0xaedc, 0xaedc, 0xaedc, 0xaedc, 0xaedc, 
	0xaedc, 0xaedc, 0xaedc, 0xaedc, 0xaedc, 0xaedc, 0xaedc, 0xaedc, 0xaedc, 0xaedc, 0xaedc, 0xaedc, 0xaedc, 0xaedc, 0xaedc, 0xaedc, 
	0xaedc, 0xaedc, 0xaedc, 0xaedc, 0xaedc, 0xaedc, 0xaedc, 0xaedc, 0xaedc, 0xaedc, 0xaedc, 0xaedc, 0xaedc, 0xaedc, 0xaedc, 0xaedc, 
	0xaedc, 0xaedc, 0xaedc, 0xaedc, 0xaedc, 0xaedc, 0xaedc, 0xaedc, 0xb6dd, 0xaedc, 0xaedc, 0xaedd, 0xaefd, 0x8535, 0x10c3, 0x0000, 
	0x0000, 0x0000, 0x0020, 0x6289, 0xedf6, 0xfe98, 0xfe77, 0xfe78, 0xfe78, 0xfe57, 0xfe78, 0xfe78, 0xfe57, 0xa40f, 0x1081, 0x0000, 
	0x0000, 0x0000, 0x0000, 0x8b4c, 0xfe37, 0xfe78, 0xfe78, 0xfe78, 0xfe77, 0xfe78, 0xfe78, 0xfe78, 0xfe77, 0x834c, 0x0821, 0x0000, 
	0x0000, 0x0000, 0x1881, 0xa3ee, 0xfe77, 0xfe78, 0xfe78, 0xfe77, 0xfe77, 0xfe78, 0xfe78, 0xfe77, 0xedf6, 0x6aaa, 0x0000, 0x0000, 
	0x0000, 0x0000, 0x18c2, 0xbcd1, 0xfe78, 0xfe77, 0xfdf6, 0xfd93, 0xfd73, 0xfd94, 0xfd94, 0xfd93, 0xe4d2, 0x49a5, 0x0000, 0x0000, 
	0x0000, 0x0000, 0x3144, 0xcd53, 0xfe77, 0xfe78, 0xfe78, 0xfe77, 0xfe77, 0xfe78, 0xfe77, 0xfe77, 0xcd53, 0x3144, 0x0000, 0x0000, 
	0x0000, 0x0000, 0x51e7, 0xdd94, 0xfe77, 0xfe78, 0xfe78, 0xfe98, 0xfe77, 0xfe78, 0xfe78, 0xfe98, 0xb4b1, 0x28e3, 0x0000, 0x0000, 
	0x0000, 0x0020, 0x6269, 0xf637, 0xfe77, 0xfe78, 0xfe78, 0xfe77, 0xfe77, 0xfe78, 0xfe78, 0xfe77, 0xa42f, 0x1040, 0x0000, 0x0000, 
	0x0000, 0x0840, 0x836c, 0xf637, 0xfe77, 0xfe98, 0xfe77, 0xfe78, 0xfe78, 0xfeb8, 0xfe57, 0xfe57, 0xfe98, 0xfe77, 0xfe58, 0xd6ba, 
	0xaedc, 0xaedc, 0xb6fd, 0xb71e, 0xaebc, 0xaedc, 0xb6dd, 0xaebc, 0xaedc, 0xaedc, 0xaedc, 0xaedc, 0xaedc, 0xaedc, 0xaedc, 0xaedc, 
	0xaedc, 0xaedc, 0xaedc, 0xaedc, 0xaedc, 0xaedc, 0xaedc, 0xaedc, 0xaedc, 0xaedc, 0xaedc, 0xaedc, 0xaedc, 0xaedc, 0xaedc, 0xaedc, 
	0xaedc, 0xaedc, 0xaedc, 0xaedc, 0xaedc, 0xaedc, 0xaedc, 0xaedc, 0xaedc, 0xaedc, 0xaedc, 0xaedc, 0xaedc, 0xaedc, 0xaedc, 0xaedc, 
	0xaedc, 0xaedc, 0xaedc, 0xaedc, 0xaedc, 0xaedc, 0xaedc, 0xaedc, 0xaedc, 0xaedc, 0xaedc, 0xaedc, 0xaedc, 0xaedc, 0xaedc, 0xaedc, 
	0xaedc, 0xaedc, 0xaedc, 0xaedc, 0xaedc, 0xaedc, 0xaedc, 0xaedc, 0xaedc, 0xaedc, 0xaedc, 0xaedc, 0xaedc, 0xaedc, 0xaedc, 0xaedc, 
	0xaedc, 0xaedc, 0xaedc, 0xaedc, 0xaedc, 0xaedc, 0xaedc, 0xaedc, 0xaedc, 0xaedc, 0xaedc, 0xaedc, 0xaedc, 0xaedc, 0xaedc, 0xaedc, 
	0xaedc, 0xaedc, 0xaedc, 0xaedc, 0xaedc, 0xaedc, 0xaedc, 0xaedc, 0xaedc, 0xaedc, 0xaedc, 0xaedc, 0xaedc, 0xaedc, 0xaedc, 0xaedc, 
	0xaedc, 0xaedc, 0xaedc, 0xaedc, 0xaedc, 0xaedc, 0xaedc, 0xaedc, 0xb6dd, 0xaedc, 0xaedc, 0xaedd, 0xaefd, 0x8535, 0x10c3, 0x0000, 
	0x0000, 0x0000, 0x0020, 0x6289, 0xedf6, 0xfe98, 0xfe77, 0xfe78, 0xfe78, 0xfe57, 0xfe78, 0xfe78, 0xfe57, 0xa40f, 0x1081, 0x0000, 
	0x0000, 0x0000, 0x0000, 0x8b4c, 0xfe37, 0xfe78, 0xfe78, 0xfe78, 0xfe77, 0xfe78, 0xfe78, 0xfe78, 0xfe77, 0x834c, 0x0821, 0x0000, 
	0x0000, 0x0000, 0x1881, 0xa3ee, 0xfe77, 0xfe78, 0xfe78, 0xfe77, 0xfe77, 0xfe78, 0xfe78, 0xfe77, 0xedf6, 0x6aaa, 0x0000, 0x0000, 
	0x0000, 0x0000, 0x18c2, 0xbcb1, 0xfe77, 0xfe77, 0xfdf6, 0xfd93, 0xfd73, 0xfd94, 0xfd74, 0xfd93, 0xe4d2, 0x49a5, 0x0000, 0x0000, 
	0x0000, 0x0000, 0x3144, 0xcd53, 0xfe77, 0xfe78, 0xfe78, 0xfe77, 0xfe77, 0xfe78, 0xfe77, 0xfe77, 0xcd53, 0x3144, 0x0000, 0x0000, 
	0x0000, 0x0000, 0x51e7, 0xdd94, 0xfe77, 0xfe78, 0xfe78, 0xfe98, 0xfe77, 0xfe78, 0xfe78, 0xfe98, 0xb4b1, 0x28e3, 0x0000, 0x0000, 
	0x0000, 0x0020, 0x6269, 0xf637, 0xfe77, 0xfe78, 0xfe78, 0xfe77, 0xfe77, 0xfe78, 0xfe78, 0xfe77, 0xa42f, 0x1040, 0x0000, 0x0000, 
	0x0000, 0x0840, 0x836c, 0xf637, 0xfe77, 0xfe98, 0xfe77, 0xfe78, 0xfe78, 0xfe57, 0xfe98, 0xfe78, 0xf697, 0xfe97, 0xfe78, 0xceda, 
	0xb6fc, 0xb6dd, 0xaebc, 0xaebd, 0xaedc, 0xb6fd, 0xaedc, 0xaedd, 0xaedc, 0xaedc, 0xaedc, 0xaedc, 0xaedc, 0xaedc, 0xaedc, 0xaedc, 
	0xaedc, 0xaedc, 0xaedc, 0xaedc, 0xaedc, 0xaedc, 0xaedc, 0xaedc, 0xaedc, 0xaedc, 0xaedc, 0xaedc, 0xaedc, 0xaedc, 0xaedc, 0xaedc, 
	0xaedc, 0xaedc, 0xaedc, 0xaedc, 0xaedc, 0xaedc, 0xaedc, 0xaedc, 0xaedc, 0xaedc, 0xaedc, 0xaedc, 0xaedc, 0xaedc, 0xaedc, 0xaedc, 
	0xaedc, 0xaedc, 0xaedc, 0xaedc, 0xaedc, 0xaedc, 0xaedc, 0xaedc, 0xaedc, 0xaedc, 0xaedc, 0xaedc, 0xaedc, 0xaedc, 0xaedc, 0xaedc, 
	0xaedc, 0xaedc, 0xaedc, 0xaedc, 0xaedc, 0xaedc, 0xaedc, 0xaedc, 0xaedc, 0xaedc, 0xaedc, 0xaedc, 0xaedc, 0xaedc, 0xaedc, 0xaedc, 
	0xaedc, 0xaedc, 0xaedc, 0xaedc, 0xaedc, 0xaedc, 0xaedc, 0xaedc, 0xaedc, 0xaedc, 0xaedc, 0xaedc, 0xaedc, 0xaedc, 0xaedc, 0xaedc, 
	0xaedc, 0xaedc, 0xaedc, 0xaedc, 0xaedc, 0xaedc, 0xaedc, 0xaedc, 0xaedc, 0xaedc, 0xaedc, 0xaedc, 0xaedc, 0xaedc, 0xaedc, 0xaedc, 
	0xaedc, 0xaedc, 0xaedc, 0xaedc, 0xaedc, 0xaedc, 0xaedc, 0xaedc, 0xb6dd, 0xaedc, 0xaedc, 0xaedd, 0xaefd, 0x8535, 0x10c3, 0x0000, 
	0x0000, 0x0000, 0x0020, 0x6289, 0xedf6, 0xfe98, 0xfe77, 0xfe78, 0xfe78, 0xfe57, 0xfe78, 0xfe78, 0xfe57, 0xa40f, 0x1081, 0x0000, 
	0x0000, 0x0000, 0x0000, 0x8b4c, 0xfe37, 0xfe78, 0xfe78, 0xfe78, 0xfe77, 0xfe78, 0xfe78, 0xfe78, 0xfe77, 0x834c, 0x0821, 0x0000, 
	0x0000, 0x0000, 0x1881, 0xa3ee, 0xfe77, 0xfe78, 0xfe78, 0xfe77, 0xfe77, 0xfe78, 0xfe78, 0xfe77, 0xedf6, 0x6aaa, 0x0000, 0x0000, 
	0x0000, 0x0000, 0x18c2, 0xbcd1, 0xfe78, 0xfe77, 0xfdf6, 0xfd93, 0xfd73, 0xfd94, 0xfd94, 0xfd93, 0xe4f2, 0x49a5, 0x0000, 0x0000, 
	0x0000, 0x0000, 0x3145, 0xcd53, 0xfe77, 0xfe78, 0xfe78, 0xfe77, 0xfe77, 0xfe78, 0xfe77, 0xfe77, 0xcd53, 0x3144, 0x0000, 0x0000, 
	0x0000, 0x0000, 0x51e7, 0xdd94, 0xfe77, 0xfe78, 0xfe78, 0xfe98, 0xfe77, 0xfe78, 0xfe78, 0xfe98, 0xb4b1, 0x28e3, 0x0000, 0x0000, 
	0x0000, 0x0020, 0x6269, 0xf637, 0xfe77, 0xfe78, 0xfe78, 0xfe77, 0xfe77, 0xfe78, 0xfe78, 0xfe77, 0xa42f, 0x1040, 0x0000, 0x0000, 
	0x0000, 0x0840, 0x836c, 0xf637, 0xfe77, 0xfe98, 0xfe77, 0xfe78, 0xfe99, 0xfe98, 0xfe77, 0xfe78, 0xfe57, 0xfe77, 0xfe78, 0xd6b9, 
	0xaedd, 0xaedd, 0xaedd, 0xaedd, 0xb6bc, 0xb6dc, 0xb6dc, 0xaedc, 0xaedc, 0xaedc, 0xaedc, 0xaedc, 0xaedc, 0xaedc, 0xaedc, 0xaedc, 
	0xaedc, 0xaedc, 0xaedc, 0xaedc, 0xaedc, 0xaedc, 0xaedc, 0xaedc, 0xaedc, 0xaedc, 0xaedc, 0xaedc, 0xaedc, 0xaedc, 0xaedc, 0xaedc, 
	0xaedc, 0xaedc, 0xaedc, 0xaedc, 0xaedc, 0xaedc, 0xaedc, 0xaedc, 0xaedc, 0xaedc, 0xaedc, 0xaedc, 0xaedc, 0xaedc, 0xaedc, 0xaedc, 
	0xaedc, 0xaedc, 0xaedc, 0xaedc, 0xaedc, 0xaedc, 0xaedc, 0xaedc, 0xaedc, 0xaedc, 0xaedc, 0xaedc, 0xaedc, 0xaedc, 0xaedc, 0xaedc, 
	0xaedc, 0xaedc, 0xaedc, 0xaedc, 0xaedc, 0xaedc, 0xaedc, 0xaedc, 0xaedc, 0xaedc, 0xaedc, 0xaedc, 0xaedc, 0xaedc, 0xaedc, 0xaedc, 
	0xaedc, 0xaedc, 0xaedc, 0xaedc, 0xaedc, 0xaedc, 0xaedc, 0xaedc, 0xaedc, 0xaedc, 0xaedc, 0xaedc, 0xaedc, 0xaedc, 0xaedc, 0xaedc, 
	0xaedc, 0xaedc, 0xaedc, 0xaedc, 0xaedc, 0xaedc, 0xaedc, 0xaedc, 0xaedc, 0xaedc, 0xaedc, 0xaedc, 0xaedc, 0xaedc, 0xaedc, 0xaedc, 
	0xaedc, 0xaedc, 0xaedc, 0xaedc, 0xaedc, 0xaedc, 0xaedc, 0xaedc, 0xb6dd, 0xaedc, 0xaedc, 0xaedd, 0xaefd, 0x8535, 0x10c3, 0x0000, 
	0x0000, 0x0000, 0x0020, 0x6289, 0xedf6, 0xfe98, 0xfe77, 0xfe78, 0xfe78, 0xfe57, 0xfe78, 0xfe78, 0xfe57, 0xa40f, 0x1081, 0x0000, 
	0x0000, 0x0000, 0x0000, 0x8b4c, 0xfe37, 0xfe78, 0xfe78, 0xfe78, 0xfe77, 0xfe78, 0xfe78, 0xfe78, 0xfe77, 0x834c, 0x0821, 0x0000, 
	0x0000, 0x0000, 0x1881, 0xa3ee, 0xfe77, 0xfe78, 0xfe78, 0xfe77, 0xfe77, 0xfe78, 0xfe78, 0xfe77, 0xedf6, 0x6aaa, 0x0000, 0x0000, 
	0x0000, 0x0000, 0x18c2, 0xbcd1, 0xfe78, 0xfe77, 0xfdf6, 0xfd93, 0xfd73, 0xfd94, 0xfd94, 0xfd93, 0xe4f2, 0x49a5, 0x0000, 0x0000, 
	0x0000, 0x0000, 0x3145, 0xcd53, 0xfe77, 0xfe78, 0xfe78, 0xfe77, 0xfe77, 0xfe78, 0xfe77, 0xfe77, 0xcd53, 0x3144, 0x0000, 0x0000, 
	0x0000, 0x0000, 0x51e7, 0xdd94, 0xfe77, 0xfe78, 0xfe78, 0xfe98, 0xfe77, 0xfe78, 0xfe78, 0xfe98, 0xb4b1, 0x28e3, 0x0000, 0x0000, 
	0x0000, 0x0020, 0x6269, 0xf637, 0xfe77, 0xfe78, 0xfe78, 0xfe77, 0xfe77, 0xfe78, 0xfe78, 0xfe77, 0xa42f, 0x1040, 0x0000, 0x0000, 
	0x0000, 0x0840, 0x836c, 0xf637, 0xfe77, 0xfe98, 0xfe77, 0xfe78, 0xfe57, 0xfe57, 0xfe98, 0xfe78, 0xfe57, 0xfe98, 0xfe79, 0xd699, 
	0xb6fc, 0xaedc, 0xaedc, 0xb6fd, 0xaedc, 0xaebc, 0xb6fd, 0xaebc, 0xaedc, 0xaedc, 0xaedc, 0xaedc, 0xaedc, 0xaedc, 0xaedc, 0xaedc, 
	0xaedc, 0xaedc, 0xaedc, 0xaedc, 0xaedc, 0xaedc, 0xaedc, 0xaedc, 0xaedc, 0xaedc, 0xaedc, 0xaedc, 0xaedc, 0xaedc, 0xaedc, 0xaedc, 
	0xaedc, 0xaedc, 0xaedc, 0xaedc, 0xaedc, 0xaedc, 0xaedc, 0xaedc, 0xaedc, 0xaedc, 0xaedc, 0xaedc, 0xaedc, 0xaedc, 0xaedc, 0xaedc, 
	0xaedc, 0xaedc, 0xaedc, 0xaedc, 0xaedc, 0xaedc, 0xaedc, 0xaedc, 0xaedc, 0xaedc, 0xaedc, 0xaedc, 0xaedc, 0xaedc, 0xaedc, 0xaedc, 
	0xaedc, 0xaedc, 0xaedc, 0xaedc, 0xaedc, 0xaedc, 0xaedc, 0xaedc, 0xaedc, 0xaedc, 0xaedc, 0xaedc, 0xaedc, 0xaedc, 0xaedc, 0xaedc, 
	0xaedc, 0xaedc, 0xaedc, 0xaedc, 0xaedc, 0xaedc, 0xaedc, 0xaedc, 0xaedc, 0xaedc, 0xaedc, 0xaedc, 0xaedc, 0xaedc, 0xaedc, 0xaedc, 
	0xaedc, 0xaedc, 0xaedc, 0xaedc, 0xaedc, 0xaedc, 0xaedc, 0xaedc, 0xaedc, 0xaedc, 0xaedc, 0xaedc, 0xaedc, 0xaedc, 0xaedc, 0xaedc, 
	0xaedc, 0xaedc, 0xaedc, 0xaedc, 0xaedc, 0xaedc, 0xaedc, 0xaedc, 0xb6dd, 0xaedc, 0xaedc, 0xaedd, 0xaefd, 0x8535, 0x10c3, 0x0000, 
	0x0000, 0x0000, 0x0020, 0x6289, 0xedf6, 0xfe98, 0xfe77, 0xfe78, 0xfe78, 0xfe57, 0xfe78, 0xfe78, 0xfe57, 0xa40f, 0x1081, 0x0000, 
	0x0000, 0x0000, 0x0000, 0x8b4c, 0xfe37, 0xfe78, 0xfe78, 0xfe78, 0xfe77, 0xfe78, 0xfe78, 0xfe78, 0xfe77, 0x834c, 0x0821, 0x0000, 
	0x0000, 0x0000, 0x1881, 0xa3ee, 0xfe77, 0xfe78, 0xfe78, 0xfe77, 0xfe77, 0xfe78, 0xfe78, 0xfe77, 0xedf6, 0x6aaa, 0x0000, 0x0000, 
	0x0000, 0x0000, 0x18c2, 0xbcd1, 0xfe78, 0xfe77, 0xfdf6, 0xfd93, 0xfd73, 0xfd94, 0xfd94, 0xfd93, 0xe4f2, 0x49a5, 0x0000, 0x0000, 
	0x0000, 0x0000, 0x3145, 0xcd53, 0xfe77, 0xfe78, 0xfe78, 0xfe77, 0xfe77, 0xfe78, 0xfe77, 0xfe77, 0xcd53, 0x3144, 0x0000, 0x0000, 
	0x0000, 0x0000, 0x51e7, 0xdd94, 0xfe77, 0xfe78, 0xfe78, 0xfe98, 0xfe77, 0xfe78, 0xfe78, 0xfe98, 0xb4b1, 0x28e3, 0x0000, 0x0000, 
	0x0000, 0x0020, 0x6269, 0xf637, 0xfe77, 0xfe78, 0xfe78, 0xfe77, 0xfe77, 0xfe78, 0xfe78, 0xfe77, 0xa42f, 0x1040, 0x0000, 0x0000, 
	0x0000, 0x0840, 0x836c, 0xf637, 0xfe77, 0xfe98, 0xfe77, 0xfe78, 0xfe99, 0xfe78, 0xfe77, 0xfe58, 0xfe98, 0xee16, 0xc514, 0x9cd3, 
	0x9596, 0xae9b, 0xaedc, 0xa6bc, 0xaefd, 0xaefc, 0xaefd, 0xaedc, 0xaedc, 0xaedc, 0xaedc, 0xaedc, 0xaedc, 0xaedc, 0xaedc, 0xaedc, 
	0xaedc, 0xaedc, 0xaedc, 0xaedc, 0xaedc, 0xaedc, 0xaedc, 0xaedc, 0xaedc, 0xaedc, 0xaedc, 0xaedc, 0xaedc, 0xaedc, 0xaedc, 0xaedc, 
	0xaedc, 0xaedc, 0xaedc, 0xaedc, 0xaedc, 0xaedc, 0xaedc, 0xaedc, 0xaedc, 0xaedc, 0xaedc, 0xaedc, 0xaedc, 0xaedc, 0xaedc, 0xaedc, 
	0xaedc, 0xaedc, 0xaedc, 0xaedc, 0xaedc, 0xaedc, 0xaedc, 0xaedc, 0xaedc, 0xaedc, 0xaedc, 0xaedc, 0xaedc, 0xaedc, 0xaedc, 0xaedc, 
	0xaedc, 0xaedc, 0xaedc, 0xaedc, 0xaedc, 0xaedc, 0xaedc, 0xaedc, 0xaedc, 0xaedc, 0xaedc, 0xaedc, 0xaedc, 0xaedc, 0xaedc, 0xaedc, 
	0xaedc, 0xaedc, 0xaedc, 0xaedc, 0xaedc, 0xaedc, 0xaedc, 0xaedc, 0xaedc, 0xaedc, 0xaedc, 0xaedc, 0xaedc, 0xaedc, 0xaedc, 0xaedc, 
	0xaedc, 0xaedc, 0xaedc, 0xaedc, 0xaedc, 0xaedc, 0xaedc, 0xaedc, 0xaedc, 0xaedc, 0xaedc, 0xaedc, 0xaedc, 0xaedc, 0xaedc, 0xaedc, 
	0xaedc, 0xaedc, 0xaedc, 0xaedc, 0xaedc, 0xaedc, 0xaedc, 0xaedc, 0xb6dd, 0xaedc, 0xaedc, 0xaedd, 0xaefd, 0x8535, 0x10c3, 0x0000, 
	0x0000, 0x0000, 0x0020, 0x6289, 0xedf6, 0xfe98, 0xfe77, 0xfe78, 0xfe78, 0xfe57, 0xfe78, 0xfe78, 0xfe57, 0xa40f, 0x1081, 0x0000, 
	0x0000, 0x0000, 0x0000, 0x8b4c, 0xfe37, 0xfe78, 0xfe78, 0xfe78, 0xfe77, 0xfe78, 0xfe78, 0xfe78, 0xfe77, 0x834c, 0x0821, 0x0000, 
	0x0000, 0x0000, 0x1881, 0xa3ee, 0xfe77, 0xfe78, 0xfe78, 0xfe77, 0xfe77, 0xfe78, 0xfe78, 0xfe77, 0xedf6, 0x6aaa, 0x0000, 0x0000, 
	0x0000, 0x0000, 0x18c2, 0xbcd1, 0xfe78, 0xfe77, 0xfdf6, 0xfd93, 0xfd73, 0xfd94, 0xfd94, 0xfd93, 0xe4f2, 0x49a5, 0x0000, 0x0000, 
	0x0000, 0x0000, 0x3145, 0xcd53, 0xfe77, 0xfe78, 0xfe78, 0xfe77, 0xfe77, 0xfe78, 0xfe77, 0xfe77, 0xcd53, 0x3144, 0x0000, 0x0000, 
	0x0000, 0x0000, 0x51e7, 0xdd94, 0xfe77, 0xfe78, 0xfe78, 0xfe98, 0xfe77, 0xfe78, 0xfe78, 0xfe98, 0xb4b1, 0x28e3, 0x0000, 0x0000, 
	0x0000, 0x0020, 0x6269, 0xf637, 0xfe77, 0xfe78, 0xfe78, 0xfe77, 0xfe77, 0xfe78, 0xfe78, 0xfe77, 0xa42f, 0x1040, 0x0000, 0x0000, 
	0x0000, 0x0840, 0x836c, 0xf637, 0xfe77, 0xfe98, 0xfe77, 0xfe78, 0xfe78, 0xfe77, 0xfe77, 0xfe98, 0xee16, 0x8b6c, 0x3904, 0x0882, 
	0x21a7, 0x7452, 0xae9b, 0xaefd, 0xaefc, 0xaedc, 0xaedc, 0xb6dd, 0xaedc, 0xaedc, 0xaedc, 0xaedc, 0xaedc, 0xaedc, 0xaedc, 0xaedc, 
	0xaedc, 0xaedc, 0xaedc, 0xaedc, 0xaedc, 0xaedc, 0xaedc, 0xaedc, 0xaedc, 0xaedc, 0xaedc, 0xaedc, 0xaedc, 0xaedc, 0xaedc, 0xaedc, 
	0xaedc, 0xaedc, 0xaedc, 0xaedc, 0xaedc, 0xaedc, 0xaedc, 0xaedc, 0xaedc, 0xaedc, 0xaedc, 0xaedc, 0xaedc, 0xaedc, 0xaedc, 0xaedc, 
	0xaedc, 0xaedc, 0xaedc, 0xaedc, 0xaedc, 0xaedc, 0xaedc, 0xaedc, 0xaedc, 0xaedc, 0xaedc, 0xaedc, 0xaedc, 0xaedc, 0xaedc, 0xaedc, 
	0xaedc, 0xaedc, 0xaedc, 0xaedc, 0xaedc, 0xaedc, 0xaedc, 0xaedc, 0xaedc, 0xaedc, 0xaedc, 0xaedc, 0xaedc, 0xaedc, 0xaedc, 0xaedc, 
	0xaedc, 0xaedc, 0xaedc, 0xaedc, 0xaedc, 0xaedc, 0xaedc, 0xaedc, 0xaedc, 0xaedc, 0xaedc, 0xaedc, 0xaedc, 0xaedc, 0xaedc, 0xaedc, 
	0xaedc, 0xaedc, 0xaedc, 0xaedc, 0xaedc, 0xaedc, 0xaedc, 0xaedc, 0xaedc, 0xaedc, 0xaedc, 0xaedc, 0xaedc, 0xaedc, 0xaedc, 0xaedc, 
	0xaedc, 0xaedc, 0xaedc, 0xaedc, 0xaedc, 0xaedc, 0xaedc, 0xaedc, 0xb6dd, 0xaedc, 0xaedc, 0xaedd, 0xaefd, 0x8535, 0x10c3, 0x0000, 
	0x0000, 0x0000, 0x0020, 0x6289, 0xedf6, 0xfe98, 0xfe77, 0xfe78, 0xfe78, 0xfe57, 0xfe78, 0xfe78, 0xfe57, 0xa40f, 0x1081, 0x0000, 
	0x0000, 0x0000, 0x0000, 0x8b4c, 0xfe37, 0xfe78, 0xfe78, 0xfe78, 0xfe77, 0xfe78, 0xfe78, 0xfe78, 0xfe77, 0x834c, 0x0821, 0x0000, 
	0x0000, 0x0000, 0x1881, 0xa3ee, 0xfe77, 0xfe78, 0xfe78, 0xfe77, 0xfe77, 0xfe78, 0xfe78, 0xfe77, 0xedf6, 0x6aaa, 0x0000, 0x0000, 
	0x0000, 0x0000, 0x18c2, 0xbcd1, 0xfe78, 0xfe77, 0xfdf6, 0xfd93, 0xfd73, 0xfd94, 0xfd94, 0xfd93, 0xe4f2, 0x49a5, 0x0000, 0x0000, 
	0x0000, 0x0000, 0x3145, 0xcd53, 0xfe77, 0xfe78, 0xfe78, 0xfe77, 0xfe77, 0xfe78, 0xfe77, 0xfe77, 0xcd53, 0x3144, 0x0000, 0x0000, 
	0x0000, 0x0000, 0x51e7, 0xdd94, 0xfe77, 0xfe78, 0xfe78, 0xfe98, 0xfe77, 0xfe78, 0xfe78, 0xfe98, 0xb4b1, 0x28e3, 0x0000, 0x0000, 
	0x0000, 0x0020, 0x6269, 0xf637, 0xfe77, 0xfe78, 0xfe78, 0xfe77, 0xfe77, 0xfe78, 0xfe78, 0xfe77, 0xa42f, 0x1040, 0x0000, 0x0000, 
	0x0000, 0x0840, 0x836c, 0xf637, 0xfe77, 0xfe98, 0xfe77, 0xfe78, 0xfe77, 0xfe78, 0xfe77, 0xfe57, 0xac90, 0x2903, 0x0800, 0x0000, 
	0x0000, 0x2186, 0x8d56, 0xb71d, 0xaedc, 0xaedc, 0xaedc, 0xb6bc, 0xaedc, 0xaedc, 0xaedc, 0xaedc, 0xaedc, 0xaedc, 0xaedc, 0xaedc, 
	0xaedc, 0xaedc, 0xaedc, 0xaedc, 0xaedc, 0xaedc, 0xaedc, 0xaedc, 0xaedc, 0xaedc, 0xaedc, 0xaedc, 0xaedc, 0xaedc, 0xaedc, 0xaedc, 
	0xaedc, 0xaedc, 0xaedc, 0xaedc, 0xaedc, 0xaedc, 0xaedc, 0xaedc, 0xaedc, 0xaedc, 0xaedc, 0xaedc, 0xaedc, 0xaedc, 0xaedc, 0xaedc, 
	0xaedc, 0xaedc, 0xaedc, 0xaedc, 0xaedc, 0xaedc, 0xaedc, 0xaedc, 0xaedc, 0xaedc, 0xaedc, 0xaedc, 0xaedc, 0xaedc, 0xaedc, 0xaedc, 
	0xaedc, 0xaedc, 0xaedc, 0xaedc, 0xaedc, 0xaedc, 0xaedc, 0xaedc, 0xaedc, 0xaedc, 0xaedc, 0xaedc, 0xaedc, 0xaedc, 0xaedc, 0xaedc, 
	0xaedc, 0xaedc, 0xaedc, 0xaedc, 0xaedc, 0xaedc, 0xaedc, 0xaedc, 0xaedc, 0xaedc, 0xaedc, 0xaedc, 0xaedc, 0xaedc, 0xaedc, 0xaedc, 
	0xaedc, 0xaedc, 0xaedc, 0xaedc, 0xaedc, 0xaedc, 0xaedc, 0xaedc, 0xaedc, 0xaedc, 0xaedc, 0xaedc, 0xaedc, 0xaedc, 0xaedc, 0xaedc, 
	0xaedc, 0xaedc, 0xaedc, 0xaedc, 0xaedc, 0xaedc, 0xaedc, 0xaedc, 0xb6dd, 0xaedc, 0xaedc, 0xaedd, 0xaefd, 0x8535, 0x10c3, 0x0000, 
	0x0000, 0x0000, 0x0020, 0x6289, 0xedf6, 0xfe98, 0xfe77, 0xfe78, 0xfe78, 0xfe57, 0xfe78, 0xfe78, 0xfe57, 0xa40f, 0x1081, 0x0000, 
	0x0000, 0x0000, 0x0000, 0x8b4c, 0xfe37, 0xfe78, 0xfe78, 0xfe78, 0xfe77, 0xfe78, 0xfe78, 0xfe78, 0xfe77, 0x834c, 0x0821, 0x0000, 
	0x0000, 0x0000, 0x1881, 0xa3ee, 0xfe77, 0xfe78, 0xfe78, 0xfe77, 0xfe77, 0xfe78, 0xfe78, 0xfe77, 0xedf6, 0x6aaa, 0x0000, 0x0000, 
	0x0000, 0x0000, 0x18c2, 0xbcd1, 0xfe78, 0xfe77, 0xfdf6, 0xfd93, 0xfd73, 0xfd94, 0xfd94, 0xfd93, 0xe4f2, 0x49a5, 0x0000, 0x0000, 
	0x0000, 0x0000, 0x3145, 0xcd53, 0xfe77, 0xfe78, 0xfe78, 0xfe77, 0xfe77, 0xfe78, 0xfe77, 0xfe77, 0xcd53, 0x3144, 0x0000, 0x0000, 
	0x0000, 0x0000, 0x51e7, 0xdd94, 0xfe77, 0xfe78, 0xfe78, 0xfe98, 0xfe77, 0xfe78, 0xfe78, 0xfe98, 0xb4b1, 0x28e3, 0x0000, 0x0000, 
	0x0000, 0x0020, 0x6269, 0xf637, 0xfe77, 0xfe78, 0xfe78, 0xfe77, 0xfe77, 0xfe78, 0xfe78, 0xfe77, 0xa42f, 0x1040, 0x0000, 0x0000, 
	0x0000, 0x0840, 0x836c, 0xf637, 0xfe77, 0xfe98, 0xfe77, 0xfe78, 0xfe98, 0xfe78, 0xfe98, 0xfe77, 0x8b6c, 0x0020, 0x0000, 0x0020, 
	0x0820, 0x0882, 0x7493, 0xaebc, 0xaefd, 0xb6fd, 0xb6dc, 0xb6bc, 0xaedc, 0xaedc, 0xaedc, 0xaedc, 0xaedc, 0xaedc, 0xaedc, 0xaedc, 
	0xaedc, 0xaedc, 0xaedc, 0xaedc, 0xaedc, 0xaedc, 0xaedc, 0xaedc, 0xaedc, 0xaedc, 0xaedc, 0xaedc, 0xaedc, 0xaedc, 0xaedc, 0xaedc, 
	0xaedc, 0xaedc, 0xaedc, 0xaedc, 0xaedc, 0xaedc, 0xaedc, 0xaedc, 0xaedc, 0xaedc, 0xaedc, 0xaedc, 0xaedc, 0xaedc, 0xaedc, 0xaedc, 
	0xaedc, 0xaedc, 0xaedc, 0xaedc, 0xaedc, 0xaedc, 0xaedc, 0xaedc, 0xaedc, 0xaedc, 0xaedc, 0xaedc, 0xaedc, 0xaedc, 0xaedc, 0xaedc, 
	0xaedc, 0xaedc, 0xaedc, 0xaedc, 0xaedc, 0xaedc, 0xaedc, 0xaedc, 0xaedc, 0xaedc, 0xaedc, 0xaedc, 0xaedc, 0xaedc, 0xaedc, 0xaedc, 
	0xaedc, 0xaedc, 0xaedc, 0xaedc, 0xaedc, 0xaedc, 0xaedc, 0xaedc, 0xaedc, 0xaedc, 0xaedc, 0xaedc, 0xaedc, 0xaedc, 0xaedc, 0xaedc, 
	0xaedc, 0xaedc, 0xaedc, 0xaedc, 0xaedc, 0xaedc, 0xaedc, 0xaedc, 0xaedc, 0xaedc, 0xaedc, 0xaedc, 0xaedc, 0xaedc, 0xaedc, 0xaedc, 
	0xaedc, 0xaedc, 0xaedc, 0xaedc, 0xaedc, 0xaedc, 0xaedc, 0xaedc, 0xb6dd, 0xaedc, 0xaedc, 0xaedd, 0xaefd, 0x8535, 0x10c3, 0x0000, 
	0x0000, 0x0000, 0x0020, 0x6289, 0xedf6, 0xfe98, 0xfe77, 0xfe78, 0xfe78, 0xfe57, 0xfe78, 0xfe78, 0xfe57, 0xa40f, 0x1081, 0x0000, 
	0x0000, 0x0000, 0x0000, 0x8b4c, 0xfe37, 0xfe78, 0xfe78, 0xfe78, 0xfe77, 0xfe78, 0xfe78, 0xfe78, 0xfe77, 0x834c, 0x0821, 0x0000, 
	0x0000, 0x0000, 0x1881, 0xa3ee, 0xfe77, 0xfe78, 0xfe78, 0xfe77, 0xfe77, 0xfe78, 0xfe78, 0xfe77, 0xedf6, 0x6aaa, 0x0000, 0x0000, 
	0x0000, 0x0000, 0x18c2, 0xbcd1, 0xfe78, 0xfe77, 0xfdf6, 0xfd93, 0xfd73, 0xfd94, 0xfd94, 0xfd93, 0xe4f2, 0x49a5, 0x0000, 0x0000, 
	0x0000, 0x0000, 0x3145, 0xcd53, 0xfe77, 0xfe78, 0xfe78, 0xfe77, 0xfe77, 0xfe78, 0xfe77, 0xfe77, 0xcd53, 0x3144, 0x0000, 0x0000, 
	0x0000, 0x0000, 0x51e7, 0xdd94, 0xfe77, 0xfe78, 0xfe78, 0xfe98, 0xfe77, 0xfe78, 0xfe78, 0xfe98, 0xb4b1, 0x28e3, 0x0000, 0x0000, 
	0x0000, 0x0020, 0x6269, 0xf637, 0xfe77, 0xfe78, 0xfe78, 0xfe77, 0xfe77, 0xfe78, 0xfe78, 0xfe77, 0xa42f, 0x1040, 0x0000, 0x0000, 
	0x0000, 0x0840, 0x836c, 0xf637, 0xfe77, 0xfe98, 0xfe77, 0xfe78, 0xfe78, 0xfe58, 0xfe78, 0xfe37, 0x7b2b, 0x0841, 0x0000, 0x0000, 
	0x0000, 0x0062, 0x7473, 0xaebc, 0xaefd, 0xaedc, 0xaedc, 0xb6fd, 0xaedc, 0xaedc, 0xaedc, 0xaedc, 0xaedc, 0xaedc, 0xaedc, 0xaedc, 
	0xaedc, 0xaedc, 0xaedc, 0xaedc, 0xaedc, 0xaedc, 0xaedc, 0xaedc, 0xaedc, 0xaedc, 0xaedc, 0xaedc, 0xaedc, 0xaedc, 0xaedc, 0xaedc, 
	0xaedc, 0xaedc, 0xaedc, 0xaedc, 0xaedc, 0xaedc, 0xaedc, 0xaedc, 0xaedc, 0xaedc, 0xaedc, 0xaedc, 0xaedc, 0xaedc, 0xaedc, 0xaedc, 
	0xaedc, 0xaedc, 0xaedc, 0xaedc, 0xaedc, 0xaedc, 0xaedc, 0xaedc, 0xaedc, 0xaedc, 0xaedc, 0xaedc, 0xaedc, 0xaedc, 0xaedc, 0xaedc, 
	0xaedc, 0xaedc, 0xaedc, 0xaedc, 0xaedc, 0xaedc, 0xaedc, 0xaedc, 0xaedc, 0xaedc, 0xaedc, 0xaedc, 0xaedc, 0xaedc, 0xaedc, 0xaedc, 
	0xaedc, 0xaedc, 0xaedc, 0xaedc, 0xaedc, 0xaedc, 0xaedc, 0xaedc, 0xaedc, 0xaedc, 0xaedc, 0xaedc, 0xaedc, 0xaedc, 0xaedc, 0xaedc, 
	0xaedc, 0xaedc, 0xaedc, 0xaedc, 0xaedc, 0xaedc, 0xaedc, 0xaedc, 0xaedc, 0xaedc, 0xaedc, 0xaedc, 0xaedc, 0xaedc, 0xaedc, 0xaedc, 
	0xaedc, 0xaedc, 0xaedc, 0xaedc, 0xaedc, 0xaedc, 0xaedc, 0xaedc, 0xb6dd, 0xaedc, 0xaedc, 0xaedd, 0xaefd, 0x8535, 0x10c3, 0x0000, 
	0x0000, 0x0000, 0x0020, 0x6289, 0xedf6, 0xfe98, 0xfe77, 0xfe78, 0xfe78, 0xfe57, 0xfe78, 0xfe78, 0xfe57, 0xa40f, 0x1081, 0x0000, 
	0x0000, 0x0000, 0x0000, 0x8b4c, 0xfe37, 0xfe78, 0xfe78, 0xfe78, 0xfe77, 0xfe78, 0xfe78, 0xfe78, 0xfe77, 0x834c, 0x0821, 0x0000, 
	0x0000, 0x0000, 0x1881, 0xa3ee, 0xfe77, 0xfe78, 0xfe78, 0xfe77, 0xfe77, 0xfe78, 0xfe78, 0xfe77, 0xedf6, 0x6aaa, 0x0000, 0x0000, 
	0x0000, 0x0000, 0x18c2, 0xbcd1, 0xfe78, 0xfe77, 0xfdf6, 0xfd93, 0xfd73, 0xfd94, 0xfd94, 0xfd93, 0xe4f2, 0x49a5, 0x0000, 0x0000, 
	0x0000, 0x0000, 0x3145, 0xcd53, 0xfe77, 0xfe78, 0xfe78, 0xfe77, 0xfe77, 0xfe78, 0xfe77, 0xfe77, 0xcd53, 0x3144, 0x0000, 0x0000, 
	0x0000, 0x0000, 0x51e7, 0xdd94, 0xfe77, 0xfe78, 0xfe78, 0xfe98, 0xfe77, 0xfe78, 0xfe78, 0xfe98, 0xb4b1, 0x28e3, 0x0000, 0x0000, 
	0x0000, 0x0020, 0x6269, 0xf637, 0xfe77, 0xfe78, 0xfe78, 0xfe77, 0xfe77, 0xfe78, 0xfe78, 0xfe77, 0xa42f, 0x1040, 0x0000, 0x0000, 
	0x0000, 0x0840, 0x836c, 0xf637, 0xfe77, 0xfe98, 0xfe77, 0xfe78, 0xfe57, 0xfe98, 0xfe98, 0xfe16, 0x834b, 0x0861, 0x0000, 0x0000, 
	0x0000, 0x0061, 0x7473, 0xb6fd, 0xaedd, 0xa6bc, 0xb6fd, 0xaedc, 0xaedc, 0xaedc, 0xaedc, 0xaedc, 0xaedc, 0xaedc, 0xaedc, 0xaedc, 
	0xaedc, 0xaedc, 0xaedc, 0xaedc, 0xaedc, 0xaedc, 0xaedc, 0xaedc, 0xaedc, 0xaedc, 0xaedc, 0xaedc, 0xaedc, 0xaedc, 0xaedc, 0xaedc, 
	0xaedc, 0xaedc, 0xaedc, 0xaedc, 0xaedc, 0xaedc, 0xaedc, 0xaedc, 0xaedc, 0xaedc, 0xaedc, 0xaedc, 0xaedc, 0xaedc, 0xaedc, 0xaedc, 
	0xaedc, 0xaedc, 0xaedc, 0xaedc, 0xaedc, 0xaedc, 0xaedc, 0xaedc, 0xaedc, 0xaedc, 0xaedc, 0xaedc, 0xaedc, 0xaedc, 0xaedc, 0xaedc, 
	0xaedc, 0xaedc, 0xaedc, 0xaedc, 0xaedc, 0xaedc, 0xaedc, 0xaedc, 0xaedc, 0xaedc, 0xaedc, 0xaedc, 0xaedc, 0xaedc, 0xaedc, 0xaedc, 
	0xaedc, 0xaedc, 0xaedc, 0xaedc, 0xaedc, 0xaedc, 0xaedc, 0xaedc, 0xaedc, 0xaedc, 0xaedc, 0xaedc, 0xaedc, 0xaedc, 0xaedc, 0xaedc, 
	0xaedd, 0xb6fd, 0xb6dc, 0xaedc, 0xaedc, 0xaedd, 0xaedd, 0xaedd, 0xaebd, 0xaedd, 0xaedd, 0xaedd, 0xaedc, 0xaedc, 0xaefd, 0xaefd, 
	0xaedd, 0xaedd, 0xaedd, 0xb6dd, 0xb6dd, 0xaedc, 0xaedc, 0xaedc, 0xb6dd, 0xaedc, 0xaedc, 0xaedd, 0xaefd, 0x8535, 0x10c3, 0x0000, 
	0x0000, 0x0000, 0x0020, 0x6289, 0xedf6, 0xfe98, 0xfe77, 0xfe78, 0xfe78, 0xfe57, 0xfe78, 0xfe78, 0xfe57, 0xa40f, 0x1081, 0x0000, 
	0x0000, 0x0000, 0x0000, 0x8b4c, 0xfe37, 0xfe78, 0xfe78, 0xfe78, 0xfe77, 0xfe78, 0xfe78, 0xfe78, 0xfe77, 0x834c, 0x0821, 0x0000, 
	0x0000, 0x0000, 0x1881, 0xa3ee, 0xfe77, 0xfe78, 0xfe78, 0xfe77, 0xfe77, 0xfe78, 0xfe78, 0xfe77, 0xedf6, 0x6aaa, 0x0000, 0x0000, 
	0x0000, 0x0000, 0x18c2, 0xbcd1, 0xfe78, 0xfe77, 0xfdf6, 0xfd93, 0xfd73, 0xfd94, 0xfd94, 0xfd93, 0xe4f2, 0x49a5, 0x0000, 0x0000, 
	0x0000, 0x0000, 0x3145, 0xcd53, 0xfe77, 0xfe78, 0xfe78, 0xfe77, 0xfe77, 0xfe78, 0xfe77, 0xfe77, 0xcd53, 0x3144, 0x0000, 0x0000, 
	0x0000, 0x0000, 0x51e7, 0xdd94, 0xfe77, 0xfe78, 0xfe78, 0xfe98, 0xfe77, 0xfe78, 0xfe78, 0xfe98, 0xb4b1, 0x28e3, 0x0000, 0x0000, 
	0x0000, 0x0020, 0x6269, 0xf637, 0xfe77, 0xfe78, 0xfe78, 0xfe77, 0xfe77, 0xfe78, 0xfe78, 0xfe77, 0xa42f, 0x1040, 0x0000, 0x0000, 
	0x0000, 0x0840, 0x836c, 0xf637, 0xfe77, 0xfe98, 0xfe77, 0xfe78, 0xfe78, 0xfe78, 0xfe78, 0xf657, 0x832b, 0x0841, 0x0000, 0x0000, 
	0x0000, 0x0842, 0x7472, 0xaefc, 0xaedd, 0xaedc, 0xaedc, 0xaedc, 0xb6bc, 0xaedc, 0xaedd, 0xaedc, 0xaedc, 0xaedd, 0xb6fd, 0xaedd, 
	0xaefd, 0xaefd, 0xaedc, 0xaedc, 0xaedc, 0xaedd, 0xaedd, 0xaedd, 0xaedd, 0xaedd, 0xb6dd, 0xaedc, 0xaedc, 0xb6dc, 0xaedd, 0xaedd, 
	0xaedc, 0xaedc, 0xaedc, 0xaedc, 0xaedc, 0xaedc, 0xaedc, 0xaedc, 0xaedc, 0xaedc, 0xaedc, 0xaedc, 0xaedc, 0xaedc, 0xaedc, 0xaedc, 
	0xaedc, 0xaedc, 0xaedc, 0xaedc, 0xaedc, 0xaedc, 0xaedc, 0xaedc, 0xaedc, 0xaedc, 0xaedc, 0xaedc, 0xaedc, 0xaedc, 0xaedc, 0xaedc, 
	0xaedc, 0xaedc, 0xaedc, 0xaedc, 0xaedc, 0xaedc, 0xaedc, 0xaedc, 0xaedc, 0xaedc, 0xaedc, 0xaedc, 0xaedc, 0xaedc, 0xaedc, 0xaedc, 
	0xaedc, 0xaedc, 0xaedc, 0xaedc, 0xaedc, 0xaedc, 0xaedc, 0xaedc, 0xaedc, 0xaedc, 0xaedc, 0xaedc, 0xaedc, 0xaedc, 0xaedc, 0xaedc, 
	0xaedc, 0xaedc, 0xaedc, 0xaedc, 0xb6dd, 0xaedc, 0xaebd, 0xaedd, 0xb6dd, 0xb6dc, 0xaedc, 0xaedc, 0xb6dc, 0xb6fc, 0xb6dc, 0xaebc, 
	0xaedc, 0xaedc, 0xb6dc, 0xaedc, 0xaebc, 0xaebc, 0xaedc, 0xaefd, 0xb6dd, 0xaedc, 0xaedc, 0xaedd, 0xaefd, 0x8535, 0x10c3, 0x0000, 
	0x0000, 0x0000, 0x0020, 0x6289, 0xedf6, 0xfe98, 0xfe77, 0xfe78, 0xfe78, 0xfe57, 0xfe78, 0xfe78, 0xfe57, 0xa40f, 0x1081, 0x0000, 
	0x0000, 0x0000, 0x0000, 0x8b4c, 0xfe37, 0xfe78, 0xfe78, 0xfe78, 0xfe77, 0xfe78, 0xfe78, 0xfe78, 0xfe77, 0x834c, 0x0821, 0x0000, 
	0x0000, 0x0000, 0x1881, 0xa3ee, 0xfe77, 0xfe78, 0xfe78, 0xfe77, 0xfe77, 0xfe78, 0xfe78, 0xfe77, 0xedf6, 0x6aaa, 0x0000, 0x0000, 
	0x0000, 0x0000, 0x18c2, 0xbcd1, 0xfe78, 0xfe77, 0xfdf6, 0xfd93, 0xfd73, 0xfd94, 0xfd94, 0xfd93, 0xe4f2, 0x49a5, 0x0000, 0x0000, 
	0x0000, 0x0000, 0x3145, 0xcd53, 0xfe77, 0xfe78, 0xfe78, 0xfe77, 0xfe77, 0xfe78, 0xfe77, 0xfe77, 0xcd53, 0x3144, 0x0000, 0x0000, 
	0x0000, 0x0000, 0x51e7, 0xdd94, 0xfe77, 0xfe78, 0xfe78, 0xfe98, 0xfe77, 0xfe78, 0xfe78, 0xfe98, 0xb4b1, 0x28e3, 0x0000, 0x0000, 
	0x0000, 0x0020, 0x6269, 0xf637, 0xfe77, 0xfe78, 0xfe78, 0xfe77, 0xfe77, 0xfe78, 0xfe78, 0xfe77, 0xa42f, 0x1040, 0x0000, 0x0000, 
	0x0000, 0x0840, 0x836c, 0xf637, 0xfe77, 0xfe98, 0xfe77, 0xfe78, 0xfe78, 0xfe78, 0xfe78, 0xf657, 0x832b, 0x0841, 0x0000, 0x0000, 
	0x0000, 0x0842, 0x7472, 0xaefc, 0xaedd, 0xaedc, 0xaedc, 0xaedc, 0xaedd, 0xaedd, 0xb6fd, 0xaedd, 0xaedc, 0xaedc, 0xb6dd, 0xaebc, 
	0xaebc, 0xaedc, 0xb6dc, 0xb6dc, 0xb6dc, 0xb6dc, 0xaedc, 0xaebc, 0xb6dd, 0xaebc, 0xaebc, 0xaedc, 0xaedc, 0xaedc, 0xaedc, 0xaefd, 
	0xaedc, 0xaedc, 0xaedc, 0xaedc, 0xaedc, 0xaedc, 0xaedc, 0xaedc, 0xaedc, 0xaedc, 0xaedc, 0xaedc, 0xaedc, 0xaedc, 0xaedc, 0xaedc, 
	0xaedc, 0xaedc, 0xaedc, 0xaedc, 0xaedc, 0xaedc, 0xaedc, 0xaedc, 0xaedc, 0xaedc, 0xaedc, 0xaedc, 0xaedc, 0xaedc, 0xaedc, 0xaedc, 
	0xaedc, 0xaedc, 0xaedc, 0xaedc, 0xaedc, 0xaedc, 0xaedc, 0xaedc, 0xaedc, 0xaedc, 0xaedc, 0xaedc, 0xaedc, 0xaedc, 0xaedc, 0xaedc, 
	0xaedc, 0xaedc, 0xaedc, 0xaedc, 0xaedc, 0xaedc, 0xaedc, 0xaedc, 0xaedc, 0xaedc, 0xaedc, 0xaedc, 0xaedc, 0xaedc, 0xaedc, 0xaedc, 
	0xaedc, 0xb6fc, 0xaefd, 0xaedd, 0xaedd, 0xaedd, 0xaedd, 0xaedc, 0xaebc, 0xaedd, 0xaefd, 0xaedc, 0xaedc, 0xaedc, 0xaedd, 0xb6dd, 
	0xb6fc, 0xaedc, 0xaedc, 0xaedc, 0xaedd, 0xaedc, 0xaedc, 0xaedd, 0xb6dd, 0xaedc, 0xaedc, 0xaedd, 0xaefd, 0x8535, 0x10c3, 0x0000, 
	0x0000, 0x0000, 0x0020, 0x6289, 0xedf6, 0xfe98, 0xfe77, 0xfe78, 0xfe78, 0xfe57, 0xfe78, 0xfe78, 0xfe57, 0xa40f, 0x1081, 0x0000, 
	0x0000, 0x0000, 0x0000, 0x8b4c, 0xfe37, 0xfe78, 0xfe78, 0xfe78, 0xfe77, 0xfe78, 0xfe78, 0xfe78, 0xfe77, 0x834c, 0x0821, 0x0000, 
	0x0000, 0x0000, 0x1881, 0xa3ee, 0xfe77, 0xfe78, 0xfe78, 0xfe77, 0xfe77, 0xfe78, 0xfe78, 0xfe77, 0xedf6, 0x6aaa, 0x0000, 0x0000, 
	0x0000, 0x0000, 0x18c2, 0xbcd1, 0xfe78, 0xfe77, 0xfdf6, 0xfd93, 0xfd73, 0xfd94, 0xfd94, 0xfd93, 0xe4f2, 0x49a5, 0x0000, 0x0000, 
	0x0000, 0x0000, 0x3145, 0xcd53, 0xfe77, 0xfe78, 0xfe78, 0xfe77, 0xfe77, 0xfe78, 0xfe77, 0xfe77, 0xcd53, 0x3144, 0x0000, 0x0000, 
	0x0000, 0x0000, 0x51e7, 0xdd94, 0xfe77, 0xfe78, 0xfe78, 0xfe98, 0xfe77, 0xfe78, 0xfe78, 0xfe98, 0xb4b1, 0x28e3, 0x0000, 0x0000, 
	0x0000, 0x0020, 0x6269, 0xf637, 0xfe77, 0xfe78, 0xfe78, 0xfe77, 0xfe77, 0xfe78, 0xfe78, 0xfe77, 0xa42f, 0x1040, 0x0000, 0x0000, 
	0x0000, 0x0840, 0x836c, 0xf637, 0xfe77, 0xfe98, 0xfe77, 0xfe78, 0xfe78, 0xfe78, 0xfe78, 0xf657, 0x832b, 0x0841, 0x0000, 0x0000, 
	0x0000, 0x0842, 0x7472, 0xaefc, 0xaedd, 0xaedc, 0xaedc, 0xaedc, 0xaedd, 0xaedc, 0xaedc, 0xb6dd, 0xb6dc, 0xb6dc, 0xb6fc, 0xaedc, 
	0xaebd, 0xaedd, 0xaedc, 0xaedc, 0xaedc, 0xaedc, 0xaedc, 0xaedc, 0xaebc, 0xaedc, 0xb6fd, 0xb6fd, 0xaefd, 0xaedc, 0xaedc, 0xaedc, 
	0xaedc, 0xaedc, 0xaedc, 0xaedc, 0xaedc, 0xaedc, 0xaedc, 0xaedc, 0xaedc, 0xaedc, 0xaedc, 0xaedc, 0xaedc, 0xaedc, 0xaedc, 0xaedc, 
	0xaedc, 0xaedc, 0xaedc, 0xaedc, 0xaedc, 0xaedc, 0xaedc, 0xaedc, 0xaedc, 0xaedc, 0xaedc, 0xaedc, 0xaedc, 0xaedc, 0xaedc, 0xaedc, 
	0xaedc, 0xaedc, 0xaedc, 0xaedc, 0xaedc, 0xaedc, 0xaedc, 0xaedc, 0xaedc, 0xaedc, 0xaedc, 0xaedc, 0xaedc, 0xaedc, 0xaedc, 0xaedc, 
	0xaedc, 0xaedc, 0xaedc, 0xaedc, 0xaedc, 0xaedc, 0xaedc, 0xaedc, 0xaedc, 0xaedc, 0xaedc, 0xaedc, 0xaedc, 0xaedc, 0xaedc, 0xaedc, 
	0xae9c, 0xb6bc, 0xaedd, 0xaedd, 0xa6dc, 0xaedd, 0xaefc, 0xaf1c, 0xb6fd, 0xaedd, 0xaebc, 0xaedd, 0xb6fd, 0xb6fd, 0xaefd, 0xaedd, 
	0xaedc, 0xaedc, 0xaebc, 0xaedd, 0xaefd, 0xaedc, 0xaedc, 0xb6fd, 0xb6dd, 0xaedc, 0xaedc, 0xaedd, 0xaefd, 0x8535, 0x10c3, 0x0000, 
	0x0000, 0x0000, 0x0020, 0x6289, 0xedf6, 0xfe98, 0xfe77, 0xfe78, 0xfe78, 0xfe57, 0xfe78, 0xfe78, 0xfe57, 0xa40f, 0x1081, 0x0000, 
	0x0000, 0x0000, 0x0000, 0x8b4c, 0xfe37, 0xfe78, 0xfe78, 0xfe78, 0xfe77, 0xfe78, 0xfe78, 0xfe78, 0xfe77, 0x834c, 0x0821, 0x0000, 
	0x0000, 0x0000, 0x1881, 0xa3ee, 0xfe77, 0xfe78, 0xfe78, 0xfe77, 0xfe77, 0xfe78, 0xfe78, 0xfe77, 0xedf6, 0x6aaa, 0x0000, 0x0000, 
	0x0000, 0x0000, 0x18c2, 0xbcd1, 0xfe78, 0xfe77, 0xfdf6, 0xfd93, 0xfd73, 0xfd94, 0xfd94, 0xfd93, 0xe4f2, 0x49a5, 0x0000, 0x0000, 
	0x0000, 0x0000, 0x3145, 0xcd53, 0xfe77, 0xfe78, 0xfe78, 0xfe77, 0xfe77, 0xfe78, 0xfe77, 0xfe77, 0xcd53, 0x3144, 0x0000, 0x0000, 
	0x0000, 0x0000, 0x51e7, 0xdd94, 0xfe77, 0xfe78, 0xfe78, 0xfe98, 0xfe77, 0xfe78, 0xfe78, 0xfe98, 0xb4b1, 0x28e3, 0x0000, 0x0000, 
	0x0000, 0x0020, 0x6269, 0xf637, 0xfe77, 0xfe78, 0xfe78, 0xfe77, 0xfe77, 0xfe78, 0xfe78, 0xfe77, 0xa42f, 0x1040, 0x0000, 0x0000, 
	0x0000, 0x0840, 0x836c, 0xf637, 0xfe77, 0xfe98, 0xfe77, 0xfe78, 0xfe78, 0xfe78, 0xfe78, 0xf657, 0x832b, 0x0841, 0x0000, 0x0000, 
	0x0000, 0x0842, 0x7472, 0xaefc, 0xaedd, 0xaedc, 0xaedc, 0xaedc, 0xb6fd, 0xaedc, 0xaebc, 0xb6dd, 0xaedc, 0xaedc, 0xaedc, 0xaedc, 
	0xaefe, 0xaedd, 0xaedd, 0xaefd, 0xaefd, 0xaedd, 0xaedd, 0xaefd, 0xaf1c, 0xaefd, 0xaedd, 0xaedd, 0xaebc, 0xaebc, 0xb6bc, 0xb6bc, 
	0xaedc, 0xaedc, 0xaedc, 0xaedc, 0xaedc, 0xaedc, 0xaedc, 0xaedc, 0xaedc, 0xaedc, 0xaedc, 0xaedc, 0xaedc, 0xaedc, 0xaedc, 0xaedc, 
	0xaedc, 0xaedc, 0xaedc, 0xaedc, 0xaedc, 0xaedc, 0xaedc, 0xaedc, 0xaedc, 0xaedc, 0xaedc, 0xaedc, 0xaedc, 0xaedc, 0xaedc, 0xaedc, 
	0xaedc, 0xaedc, 0xaedc, 0xaedc, 0xaedc, 0xaedc, 0xaedc, 0xaedc, 0xaedc, 0xaedc, 0xaedc, 0xaedc, 0xaedc, 0xaedc, 0xaedc, 0xaedc, 
	0xaedc, 0xaedc, 0xaedc, 0xaedc, 0xaedc, 0xaedc, 0xaedc, 0xaedc, 0xaedc, 0xaedc, 0xaedc, 0xaedc, 0xaedc, 0xaedc, 0xaedc, 0xaedc, 
	0xb6fd, 0xaedd, 0xaebc, 0xb6dd, 0xb6fd, 0xae9c, 0x9e19, 0x95d8, 0x8d56, 0x8515, 0x84f5, 0x8535, 0x8d77, 0x95b8, 0x9e3a, 0xae9c, 
	0xaedd, 0xb6fd, 0xaefd, 0xaedc, 0xaedd, 0xaedd, 0xaebc, 0xaebc, 0xb6dd, 0xaedc, 0xaedc, 0xaedd, 0xaefd, 0x8535, 0x10c3, 0x0000, 
	0x0000, 0x0000, 0x0020, 0x6289, 0xedf6, 0xfe98, 0xfe77, 0xfe78, 0xfe78, 0xfe57, 0xfe78, 0xfe78, 0xfe57, 0xa40f, 0x1081, 0x0000, 
	0x0000, 0x0000, 0x0000, 0x8b4c, 0xfe37, 0xfe78, 0xfe78, 0xfe78, 0xfe77, 0xfe78, 0xfe78, 0xfe78, 0xfe77, 0x834c, 0x0821, 0x0000, 
	0x0000, 0x0000, 0x1881, 0xa3ee, 0xfe77, 0xfe78, 0xfe78, 0xfe77, 0xfe77, 0xfe78, 0xfe78, 0xfe77, 0xedf6, 0x6aaa, 0x0000, 0x0000, 
	0x0000, 0x0000, 0x18c2, 0xbcd1, 0xfe78, 0xfe77, 0xfdf6, 0xfd93, 0xfd73, 0xfd94, 0xfd94, 0xfd93, 0xe4f2, 0x49a5, 0x0000, 0x0000, 
	0x0000, 0x0000, 0x3145, 0xcd53, 0xfe77, 0xfe78, 0xfe78, 0xfe77, 0xfe77, 0xfe78, 0xfe77, 0xfe77, 0xcd53, 0x3144, 0x0000, 0x0000, 
	0x0000, 0x0000, 0x51e7, 0xdd94, 0xfe77, 0xfe78, 0xfe78, 0xfe98, 0xfe77, 0xfe78, 0xfe78, 0xfe98, 0xb4b1, 0x28e3, 0x0000, 0x0000, 
	0x0000, 0x0020, 0x6269, 0xf637, 0xfe77, 0xfe78, 0xfe78, 0xfe77, 0xfe77, 0xfe78, 0xfe78, 0xfe77, 0xa42f, 0x1040, 0x0000, 0x0000, 
	0x0000, 0x0840, 0x836c, 0xf637, 0xfe77, 0xfe98, 0xfe77, 0xfe78, 0xfe78, 0xfe78, 0xfe78, 0xf657, 0x832b, 0x0841, 0x0000, 0x0000, 
	0x0000, 0x0842, 0x7472, 0xaefc, 0xaedd, 0xaedc, 0xaedc, 0xaedc, 0xaebc, 0xaedc, 0xb6fd, 0xb6dd, 0xaedd, 0xaedd, 0xaefd, 0xaefd, 
	0xae7b, 0xa63a, 0x9df9, 0x9597, 0x8d36, 0x84f4, 0x8515, 0x8d56, 0x95d8, 0x9e19, 0xae9b, 0xb6fd, 0xb6fd, 0xaedd, 0xaedd, 0xb6fd, 
	0xaedc, 0xaedc, 0xaedc, 0xaedc, 0xaedc, 0xaedc, 0xaedc, 0xaedc, 0xaedc, 0xaedc, 0xaedc, 0xaedc, 0xaedc, 0xaedc, 0xaedc, 0xaedc, 
	0xaedc, 0xaedc, 0xaedc, 0xaedc, 0xaedc, 0xaedc, 0xaedc, 0xaedc, 0xaedc, 0xaedc, 0xaedc, 0xaedc, 0xaedc, 0xaedc, 0xaedc, 0xaedc, 
	0xaedc, 0xaedc, 0xaedc, 0xaedc, 0xaedc, 0xaedc, 0xaedc, 0xaedc, 0xaedc, 0xaedc, 0xaedc, 0xaedc, 0xaedc, 0xaedc, 0xaedc, 0xaedc, 
	0xaedc, 0xaedc, 0xaedc, 0xaedc, 0xaedc, 0xaedc, 0xaedc, 0xaedc, 0xaedc, 0xaedc, 0xaedc, 0xaedc, 0xaedc, 0xaedc, 0xaedc, 0xaedc, 
	0xa6dc, 0xaefd, 0xaedc, 0xa639, 0x8d15, 0x6bd0, 0x428b, 0x29a7, 0x18e4, 0x10a3, 0x0882, 0x08a3, 0x10e3, 0x21a6, 0x42cb, 0x6bef, 
	0x8536, 0xa63a, 0xb6dd, 0xaedc, 0xaebc, 0xaedc, 0xb6dc, 0xb6fd, 0xb6dd, 0xaedc, 0xaedc, 0xaedd, 0xaefd, 0x8535, 0x10c3, 0x0000, 
	0x0000, 0x0000, 0x0020, 0x6289, 0xedf6, 0xfe98, 0xfe77, 0xfe78, 0xfe78, 0xfe57, 0xfe78, 0xfe78, 0xfe57, 0xa40f, 0x1081, 0x0000, 
	0x0000, 0x0000, 0x0000, 0x8b4c, 0xfe37, 0xfe78, 0xfe78, 0xfe78, 0xfe77, 0xfe78, 0xfe78, 0xfe78, 0xfe77, 0x834c, 0x0821, 0x0000, 
	0x0000, 0x0000, 0x1881, 0xa3ee, 0xfe77, 0xfe78, 0xfe78, 0xfe77, 0xfe77, 0xfe78, 0xfe78, 0xfe77, 0xedf6, 0x6aaa, 0x0000, 0x0000, 
	0x0000, 0x0000, 0x18c2, 0xbcd1, 0xfe78, 0xfe77, 0xfdf6, 0xfd93, 0xfd73, 0xfd94, 0xfd94, 0xfd93, 0xe4f2, 0x49a5, 0x0000, 0x0000, 
	0x0000, 0x0000, 0x3145, 0xcd53, 0xfe77, 0xfe78, 0xfe78, 0xfe77, 0xfe77, 0xfe78, 0xfe77, 0xfe77, 0xcd53, 0x3144, 0x0000, 0x0000, 
	0x0000, 0x0000, 0x51e7, 0xdd94, 0xfe77, 0xfe78, 0xfe78, 0xfe98, 0xfe77, 0xfe78, 0xfe78, 0xfe98, 0xb4b1, 0x28e3, 0x0000, 0x0000, 
	0x0000, 0x0020, 0x6269, 0xf637, 0xfe77, 0xfe78, 0xfe78, 0xfe77, 0xfe77, 0xfe78, 0xfe78, 0xfe77, 0xa42f, 0x1040, 0x0000, 0x0000, 
	0x0000, 0x0840, 0x836c, 0xf637, 0xfe77, 0xfe98, 0xfe77, 0xfe78, 0xfe78, 0xfe78, 0xfe78, 0xf657, 0x832b, 0x0841, 0x0000, 0x0000, 
	0x0000, 0x0842, 0x7472, 0xaefc, 0xaedd, 0xaedc, 0xaedc, 0xaedc, 0xb6fd, 0xb6fc, 0xaedc, 0xaebc, 0xaedd, 0xb6dd, 0xa65a, 0x8d77, 
	0x7430, 0x4aeb, 0x2186, 0x10e3, 0x10c3, 0x10a3, 0x10c3, 0x10c3, 0x2167, 0x3a6a, 0x63b0, 0x84f5, 0xa619, 0xb6dc, 0xaefd, 0xa6bc, 
	0xaedc, 0xaedc, 0xaedc, 0xaedc, 0xaedc, 0xaedc, 0xaedc, 0xaedc, 0xaedc, 0xaedc, 0xaedc, 0xaedc, 0xaedc, 0xaedc, 0xaedc, 0xaedc, 
	0xaedc, 0xaedc, 0xaedc, 0xaedc, 0xaedc, 0xaedc, 0xaedc, 0xaedc, 0xaedc, 0xaedc, 0xaedc, 0xaedc, 0xaedc, 0xaedc, 0xaedc, 0xaedc, 
	0xaedc, 0xaedc, 0xaedc, 0xaedc, 0xaedc, 0xaedc, 0xaedc, 0xaedc, 0xaedc, 0xaedc, 0xaedc, 0xaedc, 0xaedc, 0xaedc, 0xaedc, 0xaedc, 
	0xaedc, 0xaedc, 0xaedc, 0xaedc, 0xaedc, 0xaedc, 0xaedc, 0xaedc, 0xaedc, 0xaedc, 0xaedc, 0xaedc, 0xaedc, 0xaedc, 0xaedc, 0xaedc, 
	0xaefc, 0xa65a, 0x7cf4, 0x4aec, 0x1945, 0x0861, 0x0000, 0x0000, 0x0000, 0x0000, 0x0000, 0x0000, 0x0000, 0x0000, 0x0000, 0x0040, 
	0x1925, 0x4aec, 0x84f4, 0xa65a, 0xb6fd, 0xb6fd, 0xaebc, 0xaedc, 0xb6dd, 0xaedc, 0xaedc, 0xaedd, 0xaefd, 0x8535, 0x10c3, 0x0000, 
	0x0000, 0x0000, 0x0020, 0x6289, 0xedf6, 0xfe98, 0xfe77, 0xfe78, 0xfe78, 0xfe57, 0xfe78, 0xfe78, 0xfe57, 0xa40f, 0x1081, 0x0000, 
	0x0000, 0x0000, 0x0000, 0x8b4c, 0xfe37, 0xfe78, 0xfe78, 0xfe78, 0xfe77, 0xfe78, 0xfe78, 0xfe78, 0xfe77, 0x834c, 0x0821, 0x0000, 
	0x0000, 0x0000, 0x1881, 0xa3ee, 0xfe77, 0xfe78, 0xfe78, 0xfe77, 0xfe77, 0xfe78, 0xfe78, 0xfe77, 0xedf6, 0x6aaa, 0x0000, 0x0000, 
	0x0000, 0x0000, 0x18c2, 0xbcd1, 0xfe78, 0xfe77, 0xfdf6, 0xfd93, 0xfd73, 0xfd94, 0xfd94, 0xfd93, 0xe4f2, 0x49a5, 0x0000, 0x0000, 
	0x0000, 0x0000, 0x3145, 0xcd53, 0xfe77, 0xfe78, 0xfe78, 0xfe77, 0xfe77, 0xfe78, 0xfe77, 0xfe77, 0xcd53, 0x3144, 0x0000, 0x0000, 
	0x0000, 0x0000, 0x51e7, 0xdd94, 0xfe77, 0xfe78, 0xfe78, 0xfe98, 0xfe77, 0xfe78, 0xfe78, 0xfe98, 0xb4b1, 0x28e3, 0x0000, 0x0000, 
	0x0000, 0x0020, 0x6269, 0xf637, 0xfe77, 0xfe78, 0xfe78, 0xfe77, 0xfe77, 0xfe78, 0xfe78, 0xfe77, 0xa42f, 0x1040, 0x0000, 0x0000, 
	0x0000, 0x0840, 0x836c, 0xf637, 0xfe77, 0xfe98, 0xfe77, 0xfe78, 0xfe78, 0xfe78, 0xfe78, 0xf657, 0x832b, 0x0841, 0x0000, 0x0000, 
	0x0000, 0x0842, 0x7472, 0xaefc, 0xaedd, 0xaedc, 0xaedc, 0xaedc, 0xb6dd, 0xaebc, 0xaedc, 0xb6fd, 0xae9b, 0x8d56, 0x532d, 0x2166, 
	0x0061, 0x0020, 0x0000, 0x0000, 0x0000, 0x0000, 0x0000, 0x0000, 0x0000, 0x0000, 0x0041, 0x1104, 0x428a, 0x7493, 0x9e39, 0xb6fd, 
	0xaedc, 0xaedc, 0xaedc, 0xaedc, 0xaedc, 0xaedc, 0xaedc, 0xaedc, 0xaedc, 0xaedc, 0xaedc, 0xaedc, 0xaedc, 0xaedc, 0xaedc, 0xaedc, 
	0xaedc, 0xaedc, 0xaedc, 0xaedc, 0xaedc, 0xaedc, 0xaedc, 0xaedc, 0xaedc, 0xaedc, 0xaedc, 0xaedc, 0xaedc, 0xaedc, 0xaedc, 0xaedc, 
	0xaedc, 0xaedc, 0xaedc, 0xaedc, 0xaedc, 0xaedc, 0xaedc, 0xaedc, 0xaedc, 0xaedc, 0xaedc, 0xaedc, 0xaedc, 0xaedc, 0xaedc, 0xaedc, 
	0xaedc, 0xaedc, 0xaedc, 0xaedc, 0xaedc, 0xaedc, 0xaedc, 0xaedc, 0xaedc, 0xaedc, 0xaedc, 0xaedc, 0xaedc, 0xaedc, 0xaedc, 0xaedc, 
	0x9db8, 0x5b6f, 0x1125, 0x0020, 0x0000, 0x0000, 0x0000, 0x0000, 0x0000, 0x0000, 0x0000, 0x0000, 0x0000, 0x0000, 0x0000, 0x0000, 
	0x0000, 0x0020, 0x1925, 0x536e, 0x95b8, 0xaedc, 0xaedd, 0xaefd, 0xb6dd, 0xaedc, 0xaedc, 0xaedd, 0xaefd, 0x8535, 0x10c3, 0x0000, 
	0x0000, 0x0000, 0x0020, 0x6289, 0xedf6, 0xfe98, 0xfe77, 0xfe78, 0xfe78, 0xfe57, 0xfe78, 0xfe78, 0xfe57, 0xa40f, 0x1081, 0x0000, 
	0x0000, 0x0000, 0x0000, 0x8b4c, 0xfe37, 0xfe78, 0xfe78, 0xfe78, 0xfe77, 0xfe78, 0xfe78, 0xfe78, 0xfe77, 0x834c, 0x0821, 0x0000, 
	0x0000, 0x0000, 0x1881, 0xa3ee, 0xfe77, 0xfe78, 0xfe78, 0xfe77, 0xfe77, 0xfe78, 0xfe78, 0xfe77, 0xedf6, 0x6aaa, 0x0000, 0x0000, 
	0x0000, 0x0000, 0x18c2, 0xbcd1, 0xfe78, 0xfe77, 0xfdf6, 0xfd93, 0xfd73, 0xfd94, 0xfd94, 0xfd93, 0xe4f2, 0x49a5, 0x0000, 0x0000, 
	0x0000, 0x0000, 0x3145, 0xcd53, 0xfe77, 0xfe78, 0xfe78, 0xfe77, 0xfe77, 0xfe78, 0xfe77, 0xfe77, 0xcd53, 0x3144, 0x0000, 0x0000, 
	0x0000, 0x0000, 0x51e7, 0xdd94, 0xfe77, 0xfe78, 0xfe78, 0xfe98, 0xfe77, 0xfe78, 0xfe78, 0xfe98, 0xb4b1, 0x28e3, 0x0000, 0x0000, 
	0x0000, 0x0020, 0x6269, 0xf637, 0xfe77, 0xfe78, 0xfe78, 0xfe77, 0xfe77, 0xfe78, 0xfe78, 0xfe77, 0xa42f, 0x1040, 0x0000, 0x0000, 
	0x0000, 0x0840, 0x836c, 0xf637, 0xfe77, 0xfe98, 0xfe77, 0xfe78, 0xfe78, 0xfe78, 0xfe78, 0xf657, 0x832b, 0x0841, 0x0000, 0x0000, 
	0x0000, 0x0842, 0x7472, 0xaefc, 0xaedd, 0xaedc, 0xaedc, 0xaedc, 0xaedd, 0xaedd, 0xaedd, 0x9619, 0x5bf0, 0x1986, 0x0041, 0x0000, 
	0x0000, 0x0000, 0x0000, 0x0000, 0x0000, 0x0000, 0x0000, 0x0000, 0x0020, 0x0000, 0x0000, 0x0020, 0x0000, 0x08e4, 0x4b0d, 0x8d56, 
	0xaedc, 0xaedc, 0xaedc, 0xaedc, 0xaedc, 0xaedc, 0xaedc, 0xaedc, 0xaedc, 0xaedc, 0xaedc, 0xaedc, 0xaedc, 0xaedc, 0xaedc, 0xaedc, 
	0xaedc, 0xaedc, 0xaedc, 0xaedc, 0xaedc, 0xaedc, 0xaedc, 0xaedc, 0xaedc, 0xaedc, 0xaedc, 0xaedc, 0xaedc, 0xaedc, 0xaedc, 0xaedc, 
	0xaedc, 0xaedc, 0xaedc, 0xaedc, 0xaedc, 0xaedc, 0xaedc, 0xaedc, 0xaedc, 0xaedc, 0xaedc, 0xaedc, 0xaedc, 0xaedc, 0xaedc, 0xaedc, 
	0xaedc, 0xaedc, 0xaedc, 0xaedc, 0xaedc, 0xaedc, 0xaedc, 0xaedc, 0xaedc, 0xaefd, 0xaedc, 0xae9c, 0xb6dd, 0xa6dc, 0xaebb, 0x9556, 
	0x4249, 0x0041, 0x0000, 0x0000, 0x0020, 0x0000, 0x0000, 0x0000, 0x0000, 0x0020, 0x0000, 0x0000, 0x0000, 0x0000, 0x0000, 0x0000, 
	0x0000, 0x0000, 0x0000, 0x0041, 0x3249, 0x8515, 0xaebc, 0xaedd, 0xaebc, 0xaefd, 0xb6dc, 0xb6dd, 0xaedc, 0x8515, 0x10c3, 0x0000, 
	0x0000, 0x0000, 0x0020, 0x6289, 0xedf6, 0xfe98, 0xfe77, 0xfe78, 0xfe78, 0xfe78, 0xfe78, 0xfe57, 0xfe78, 0xa3ee, 0x1061, 0x0000, 
	0x0000, 0x0000, 0x0000, 0x836c, 0xf636, 0xfe77, 0xfe98, 0xfe57, 0xfe77, 0xfe78, 0xfe78, 0xfe78, 0xfe77, 0x834c, 0x0821, 0x0000, 
	0x0000, 0x0000, 0x1881, 0xa3ee, 0xfe77, 0xfe78, 0xfe78, 0xfe77, 0xfe77, 0xfe78, 0xfe78, 0xfe77, 0xedf6, 0x6aaa, 0x0000, 0x0000, 
	0x0000, 0x0000, 0x18c2, 0xbcd1, 0xfe78, 0xfe77, 0xfdf6, 0xfd93, 0xfd73, 0xfd94, 0xfd93, 0xfd73, 0xe4f2, 0x4985, 0x0020, 0x0000, 
	0x0000, 0x0000, 0x3124, 0xcd54, 0xfe98, 0xfe57, 0xfe98, 0xfe57, 0xfe77, 0xfe78, 0xfe77, 0xfe77, 0xcd53, 0x3144, 0x0000, 0x0000, 
	0x0000, 0x0000, 0x51e7, 0xdd94, 0xfe77, 0xfe78, 0xfe78, 0xfe98, 0xfe77, 0xfe78, 0xfe78, 0xfe98, 0xb4b1, 0x28e3, 0x0000, 0x0000, 
	0x0000, 0x0020, 0x6269, 0xf637, 0xfe77, 0xfe78, 0xfe78, 0xfe77, 0xfe98, 0xfe78, 0xfe78, 0xfe77, 0xa40e, 0x1041, 0x0021, 0x0000, 
	0x0000, 0x0820, 0x834c, 0xf637, 0xfe98, 0xfe77, 0xfe78, 0xfe77, 0xfe78, 0xfe78, 0xfe78, 0xf657, 0x832b, 0x0841, 0x0000, 0x0000, 
	0x0000, 0x0842, 0x6c72, 0xb71d, 0xaebc, 0xb6dd, 0xaefd, 0xb6dc, 0xa6bd, 0xb6dc, 0x9596, 0x42cb, 0x08a2, 0x0000, 0x0000, 0x0000, 
	0x0000, 0x0000, 0x0000, 0x0000, 0x0000, 0x0000, 0x0000, 0x0000, 0x0000, 0x0000, 0x0000, 0x0000, 0x0000, 0x0000, 0x0020, 0x29e7, 
	0x84d4, 0xaebb, 0xa6dc, 0xaedd, 0xb6dd, 0xaebc, 0xaf1d, 0xaebc, 0xaedc, 0xaedc, 0xaedc, 0xaedc, 0xaedc, 0xaedc, 0xaedc, 0xaedc, 
	0xaedc, 0xaedc, 0xaedc, 0xaedc, 0xaedc, 0xaedc, 0xaedc, 0xaedc, 0xaedc, 0xaedc, 0xaedc, 0xaedc, 0xaedc, 0xaedc, 0xaedc, 0xaedc, 
	0xaedc, 0xaedc, 0xaedc, 0xaedc, 0xaedc, 0xaedc, 0xaedc, 0xaedc, 0xaedc, 0xaedc, 0xaedc, 0xaedc, 0xaedc, 0xaedc, 0xaedc, 0xaedc, 
	0xaedc, 0xaedc, 0xaedc, 0xaedc, 0xaedc, 0xaedc, 0xaedc, 0xaedc, 0xb6dd, 0xa6bc, 0xaefd, 0xb6dd, 0xaebc, 0xb71d, 0x95b7, 0x3a4a, 
	0x0020, 0x0000, 0x0000, 0x0000, 0x0000, 0x0000, 0x0000, 0x0000, 0x0000, 0x0820, 0x0820, 0x0020, 0x0000, 0x0000, 0x0000, 0x0000, 
	0x0000, 0x0000, 0x0000, 0x0000, 0x0021, 0x2a09, 0x7cf5, 0xaebc, 0xaedd, 0xa6bc, 0xaebd, 0xb6bd, 0xb6fd, 0x8515, 0x18e4, 0x0000, 
	0x0000, 0x0000, 0x0020, 0x6289, 0xedf6, 0xfe98, 0xfe77, 0xfe78, 0xfe77, 0xfe78, 0xfe98, 0xfe77, 0xfe57, 0xa40f, 0x1081, 0x0000, 
	0x0000, 0x0000, 0x0000, 0x836c, 0xf657, 0xfe78, 0xfe57, 0xfe78, 0xfe77, 0xfe78, 0xfe78, 0xfe78, 0xfe77, 0x834c, 0x0821, 0x0000, 
	0x0000, 0x0000, 0x1881, 0xa3ee, 0xfe77, 0xfe78, 0xfe78, 0xfe77, 0xfe77, 0xfe78, 0xfe78, 0xfe77, 0xedf6, 0x6aaa, 0x0000, 0x0000, 
	0x0000, 0x0000, 0x18c2, 0xbcd1, 0xfe78, 0xfe77, 0xfdf6, 0xfd93, 0xfd74, 0xfd74, 0xfd94, 0xfd93, 0xdcd1, 0x4985, 0x0020, 0x0000, 
	0x0000, 0x0000, 0x3965, 0xcd53, 0xfe77, 0xfe57, 0xfe78, 0xfe97, 0xfe77, 0xfe78, 0xfe77, 0xfe77, 0xcd53, 0x3144, 0x0000, 0x0000, 
	0x0000, 0x0000, 0x51e7, 0xdd94, 0xfe77, 0xfe78, 0xfe78, 0xfe98, 0xfe77, 0xfe78, 0xfe78, 0xfe98, 0xb4b1, 0x28e3, 0x0000, 0x0000, 
	0x0000, 0x0020, 0x6269, 0xf637, 0xfe77, 0xfe78, 0xfe78, 0xfe77, 0xfe57, 0xfe57, 0xfe78, 0xfe78, 0xa42f, 0x0820, 0x0000, 0x0000, 
	0x0000, 0x0861, 0x836c, 0xf617, 0xfe77, 0xfe77, 0xfe78, 0xfe78, 0xfe78, 0xfe78, 0xfe78, 0xf657, 0x832b, 0x0841, 0x0000, 0x0000, 
	0x0000, 0x0862, 0x7492, 0xb6fc, 0xaebc, 0xaedd, 0xaedc, 0xaedc, 0xb6fd, 0x8d76, 0x324a, 0x0021, 0x0000, 0x0000, 0x0000, 0x0000, 
	0x0000, 0x0000, 0x0000, 0x0000, 0x0020, 0x0000, 0x0000, 0x0000, 0x0020, 0x0000, 0x0000, 0x0000, 0x0000, 0x0000, 0x0000, 0x0020, 
	0x29c8, 0x8535, 0xaefd, 0xaebc, 0xb6dd, 0xaedc, 0xaedc, 0xb6fd, 0xaedc, 0xaedc, 0xaedc, 0xaedc, 0xaedc, 0xaedc, 0xaedc, 0xaedc, 
	0xaedc, 0xaedc, 0xaedc, 0xaedc, 0xaedc, 0xaedc, 0xaedc, 0xaedc, 0xaedc, 0xaedc, 0xaedc, 0xaedc, 0xaedc, 0xaedc, 0xaedc, 0xaedc, 
	0xaedc, 0xaedc, 0xaedc, 0xaedc, 0xaedc, 0xaedc, 0xaedc, 0xaedc, 0xaedc, 0xaedc, 0xaedc, 0xaedc, 0xaedc, 0xaedc, 0xaedc, 0xaedc, 
	0xaedc, 0xaedc, 0xaedc, 0xaedc, 0xaedc, 0xaedc, 0xaedc, 0xaedc, 0xb6dd, 0xaedc, 0xaedc, 0xaedd, 0xaedc, 0xae9b, 0x536e, 0x0041, 
	0x0000, 0x0000, 0x0000, 0x0021, 0x0000, 0x0000, 0x1862, 0x20c3, 0x51e7, 0x6289, 0x72cb, 0x628a, 0x49c7, 0x2904, 0x1082, 0x0000, 
	0x0020, 0x0000, 0x0000, 0x0000, 0x0000, 0x0001, 0x29e8, 0x8d55, 0xb6fd, 0xa6bc, 0xb6fd, 0xaedd, 0xaefd, 0x8d56, 0x10a3, 0x0000, 
	0x0000, 0x0000, 0x0020, 0x6289, 0xedf6, 0xfe98, 0xfe77, 0xfe78, 0xfe78, 0xfe57, 0xfe78, 0xfe98, 0xfe58, 0xa40f, 0x18a2, 0x0000, 
	0x0000, 0x0000, 0x0000, 0x836c, 0xfe57, 0xfe98, 0xfe78, 0xfe78, 0xfe77, 0xfe78, 0xfe78, 0xfe78, 0xfe77, 0x834c, 0x0821, 0x0000, 
	0x0000, 0x0000, 0x1881, 0xa3ee, 0xfe77, 0xfe78, 0xfe78, 0xfe77, 0xfe77, 0xfe78, 0xfe78, 0xfe77, 0xedf6, 0x6aaa, 0x0000, 0x0000, 
	0x0000, 0x0000, 0x18c2, 0xbcd1, 0xfe78, 0xfe77, 0xfdf6, 0xfd93, 0xfd94, 0xfd74, 0xfd94, 0xfdd4, 0xdcf2, 0x49a5, 0x0000, 0x0000, 
	0x0000, 0x0000, 0x3144, 0xcd53, 0xfe98, 0xfe98, 0xfe57, 0xfe77, 0xfe77, 0xfe78, 0xfe77, 0xfe77, 0xcd53, 0x3144, 0x0000, 0x0000, 
	0x0000, 0x0000, 0x51e7, 0xdd94, 0xfe77, 0xfe78, 0xfe78, 0xfe98, 0xfe77, 0xfe78, 0xfe78, 0xfe98, 0xb4b1, 0x28e3, 0x0000, 0x0000, 
	0x0000, 0x0020, 0x6269, 0xf637, 0xfe77, 0xfe78, 0xfe78, 0xfe77, 0xfe98, 0xfe78, 0xfe78, 0xfe57, 0xa44f, 0x1061, 0x0000, 0x0000, 
	0x0000, 0x0861, 0x836c, 0xf637, 0xfe98, 0xfe78, 0xfe57, 0xfe78, 0xfe78, 0xfe78, 0xfe78, 0xf657, 0x832b, 0x0841, 0x0000, 0x0000, 
	0x0000, 0x0862, 0x7472, 0xaedc, 0xb6dd, 0xaedd, 0xaefd, 0xb6dc, 0x95b7, 0x3a6a, 0x0041, 0x0000, 0x0000, 0x0020, 0x0000, 0x0020, 
	0x0000, 0x1081, 0x2903, 0x49c6, 0x6289, 0x6a89, 0x6a28, 0x59c6, 0x28e3, 0x1841, 0x0000, 0x0020, 0x0020, 0x0000, 0x0000, 0x0000, 
	0x0001, 0x42cb, 0xa63a, 0xb6dd, 0xaedc, 0xaedc, 0xaedc, 0xb6dd, 0xaedc, 0xaedc, 0xaedc, 0xaedc, 0xaedc, 0xaedc, 0xaedc, 0xaedc, 
	0xaedc, 0xaedc, 0xaedc, 0xaedc, 0xaedc, 0xaedc, 0xaedc, 0xaedc, 0xaedc, 0xaedc, 0xaedc, 0xaedc, 0xaedc, 0xaedc, 0xaedc, 0xaedc, 
	0xaedc, 0xaedc, 0xaedc, 0xaedc, 0xaedc, 0xaedc, 0xaedc, 0xaedc, 0xaedc, 0xaedc, 0xaedc, 0xaedc, 0xaedc, 0xaedc, 0xaedc, 0xaedc, 
	0xaedc, 0xaedc, 0xaedc, 0xaedc, 0xaedc, 0xaedc, 0xaedc, 0xaedc, 0xaebd, 0xb6fd, 0xaedc, 0xaebc, 0xb6fd, 0x8d76, 0x2166, 0x0000, 
	0x0000, 0x0000, 0x0000, 0x0000, 0x1020, 0x51c7, 0x93ce, 0xc534, 0xe5d5, 0xedf6, 0xedf6, 0xedf6, 0xe5d5, 0xc533, 0x8b8d, 0x49c6, 
	0x1061, 0x0000, 0x0000, 0x0000, 0x0800, 0x0000, 0x0020, 0x3a8a, 0x95d8, 0xaefc, 0xaefd, 0xaedd, 0xa6dc, 0x8d56, 0x0883, 0x0000, 
	0x0000, 0x0000, 0x0020, 0x6289, 0xedf6, 0xfe98, 0xfe77, 0xfe78, 0xfe98, 0xfe57, 0xfe77, 0xfe77, 0xfe57, 0xa40f, 0x1061, 0x0000, 
	0x0000, 0x0000, 0x0000, 0x8b6c, 0xf636, 0xfe77, 0xfe78, 0xfe77, 0xfe77, 0xfe78, 0xfe78, 0xfe78, 0xfe77, 0x834c, 0x0821, 0x0000, 
	0x0000, 0x0000, 0x1881, 0xa3ee, 0xfe77, 0xfe78, 0xfe78, 0xfe77, 0xfe77, 0xfe78, 0xfe78, 0xfe77, 0xedf6, 0x6aaa, 0x0000, 0x0000, 
	0x0000, 0x0000, 0x18c2, 0xbcd1, 0xfe78, 0xfe77, 0xfdf6, 0xfd93, 0xfd94, 0xfd74, 0xfd73, 0xfd93, 0xe4f2, 0x4985, 0x0000, 0x0000, 
	0x0000, 0x0000, 0x3144, 0xcd53, 0xfe97, 0xfe98, 0xfe78, 0xfe78, 0xfe77, 0xfe78, 0xfe77, 0xfe77, 0xcd53, 0x3144, 0x0000, 0x0000, 
	0x0000, 0x0000, 0x51e7, 0xdd94, 0xfe77, 0xfe78, 0xfe78, 0xfe98, 0xfe77, 0xfe78, 0xfe78, 0xfe98, 0xb4b1, 0x28e3, 0x0000, 0x0000, 
	0x0000, 0x0020, 0x6269, 0xf637, 0xfe77, 0xfe78, 0xfe78, 0xfe77, 0xfe57, 0xfe98, 0xfe78, 0xfe57, 0xa42f, 0x1041, 0x0000, 0x0000, 
	0x0000, 0x0040, 0x834b, 0xf637, 0xfe78, 0xfe98, 0xfe78, 0xfe78, 0xfe78, 0xfe78, 0xfe78, 0xf657, 0x832b, 0x0841, 0x0000, 0x0000, 
	0x0020, 0x0862, 0x6c52, 0xb6fd, 0xb6dd, 0xaebc, 0xaf1d, 0xa65a, 0x530d, 0x0041, 0x0000, 0x0800, 0x0000, 0x0000, 0x0000, 0x1041, 
	0x3964, 0x7b4b, 0xbd12, 0xddb5, 0xe594, 0xe553, 0xed33, 0xe4f2, 0xd492, 0xa36d, 0x59c6, 0x1040, 0x0000, 0x0000, 0x0000, 0x0000, 
	0x0000, 0x10e4, 0x84f4, 0xb6fd, 0xaebc, 0xaedc, 0xb6fd, 0xaebc, 0xaedc, 0xaedc, 0xaedc, 0xaedc, 0xaedc, 0xaedc, 0xaedc, 0xaedc, 
	0xaedc, 0xaedc, 0xaedc, 0xaedc, 0xaedc, 0xaedc, 0xaedc, 0xaedc, 0xaedc, 0xaedc, 0xaedc, 0xaedc, 0xaedc, 0xaedc, 0xaedc, 0xaedc, 
	0xaedc, 0xaedc, 0xaedc, 0xaedc, 0xaedc, 0xaedc, 0xaedc, 0xaedc, 0xaedc, 0xaedc, 0xaedc, 0xaedc, 0xaedc, 0xaedc, 0xaedc, 0xaedc, 
	0xaedc, 0xaedc, 0xaedc, 0xaedc, 0xaedc, 0xaedc, 0xaedc, 0xaedc, 0xaedd, 0xaebc, 0xaedd, 0xaedc, 0xaefc, 0x7493, 0x0882, 0x0800, 
	0x0000, 0x0020, 0x0000, 0x20c3, 0x836c, 0xd574, 0xf636, 0xfe98, 0xfe77, 0xfe77, 0xfe77, 0xfe57, 0xfe77, 0xfe98, 0xf656, 0xdd94, 
	0x834d, 0x2903, 0x0000, 0x0000, 0x0000, 0x0000, 0x0000, 0x0861, 0x5b8f, 0xae7b, 0xaebc, 0xaedd, 0xaefd, 0x8536, 0x10c4, 0x0000, 
	0x0000, 0x0000, 0x0020, 0x6289, 0xedf6, 0xfe98, 0xfe77, 0xfe78, 0xfe77, 0xfe78, 0xfe78, 0xfe77, 0xfe57, 0xa42f, 0x1081, 0x0000, 
	0x0000, 0x0000, 0x0000, 0x8b8c, 0xfe57, 0xfe57, 0xfe78, 0xfe77, 0xfe77, 0xfe78, 0xfe78, 0xfe78, 0xfe77, 0x834c, 0x0821, 0x0000, 
	0x0000, 0x0000, 0x1881, 0xa3ee, 0xfe77, 0xfe78, 0xfe78, 0xfe77, 0xfe77, 0xfe78, 0xfe78, 0xfe77, 0xedf6, 0x6aaa, 0x0000, 0x0000, 
	0x0000, 0x0000, 0x18c2, 0xbcd1, 0xfe78, 0xfe77, 0xfdf6, 0xfd93, 0xf5b3, 0xfd94, 0xfd53, 0xfd73, 0xe4f2, 0x4985, 0x0020, 0x0000, 
	0x0000, 0x0000, 0x3965, 0xcd53, 0xfe77, 0xfe57, 0xfe78, 0xfe77, 0xfe77, 0xfe78, 0xfe77, 0xfe77, 0xcd53, 0x3144, 0x0000, 0x0000, 
	0x0000, 0x0000, 0x51e7, 0xdd94, 0xfe77, 0xfe78, 0xfe78, 0xfe98, 0xfe77, 0xfe78, 0xfe78, 0xfe98, 0xb4b1, 0x28e3, 0x0000, 0x0000, 
	0x0000, 0x0020, 0x6269, 0xf637, 0xfe77, 0xfe78, 0xfe78, 0xfe77, 0xfe77, 0xfe78, 0xfe78, 0xfe98, 0xa44f, 0x1040, 0x0021, 0x0000, 
	0x0000, 0x0840, 0x8b8c, 0xf637, 0xfe57, 0xfe98, 0xfe78, 0xfe58, 0xfe78, 0xfe78, 0xfe78, 0xf657, 0x832b, 0x0841, 0x0000, 0x0000, 
	0x0000, 0x0862, 0x7452, 0xb6fd, 0xaedd, 0xaedc, 0xae9b, 0x6c52, 0x10c3, 0x0000, 0x0000, 0x0000, 0x0000, 0x0000, 0x20a2, 0x7aeb, 
	0xd553, 0xf637, 0xfe78, 0xfe36, 0xfdd4, 0xfdb4, 0xfdb4, 0xfd93, 0xfd74, 0xf573, 0xdcf1, 0x934b, 0x3124, 0x0000, 0x0000, 0x0000, 
	0x0000, 0x0041, 0x5baf, 0xaebc, 0xaedc, 0xaedd, 0xaedd, 0xaebc, 0xaedc, 0xaedc, 0xaedc, 0xaedc, 0xaedc, 0xaedc, 0xaedc, 0xaedc, 
	0xaedc, 0xaedc, 0xaedc, 0xaedc, 0xaedc, 0xaedc, 0xaedc, 0xaedc, 0xaedc, 0xaedc, 0xaedc, 0xaedc, 0xaedc, 0xaedc, 0xaedc, 0xaedc, 
	0xaedc, 0xaedc, 0xaedc, 0xaedc, 0xaedc, 0xaedc, 0xaedc, 0xaedc, 0xaedc, 0xaedc, 0xaedc, 0xaedc, 0xaedc, 0xaedc, 0xaedc, 0xaedc, 
	0xaedc, 0xaedc, 0xaedc, 0xaedc, 0xaedc, 0xaedc, 0xaedc, 0xaedc, 0xaefd, 0xaebc, 0xb6dd, 0xaefc, 0xaefc, 0x63d0, 0x0000, 0x0000, 
	0x0000, 0x0000, 0x0821, 0x730b, 0xee37, 0xfe98, 0xfe77, 0xfe78, 0xfe78, 0xfe78, 0xfe78, 0xfe78, 0xfe78, 0xfe77, 0xfe98, 0xfe98, 
	0xf638, 0xa42f, 0x3144, 0x0000, 0x0000, 0x0000, 0x0000, 0x0000, 0x1925, 0x7cb3, 0xb6dc, 0xb6fd, 0xaf1d, 0x8d36, 0x10a3, 0x0000, 
	0x0000, 0x0000, 0x0020, 0x6289, 0xedf6, 0xfe98, 0xfe77, 0xfe78, 0xfe77, 0xfe57, 0xfe78, 0xfe98, 0xfe57, 0xa42f, 0x1881, 0x0000, 
	0x0000, 0x0020, 0x0000, 0x834c, 0xfe77, 0xfe78, 0xfe78, 0xfe98, 0xfe77, 0xfe78, 0xfe78, 0xfe78, 0xfe77, 0x834c, 0x0821, 0x0000, 
	0x0000, 0x0000, 0x1881, 0xa3ee, 0xfe77, 0xfe78, 0xfe78, 0xfe77, 0xfe77, 0xfe78, 0xfe78, 0xfe77, 0xedf6, 0x6aaa, 0x0000, 0x0000, 
	0x0000, 0x0000, 0x18c2, 0xbcd1, 0xfe78, 0xfe77, 0xfdf6, 0xfd93, 0xf5b3, 0xfd73, 0xfd74, 0xfdb4, 0xdcf2, 0x4145, 0x0020, 0x0000, 
	0x0000, 0x0000, 0x2924, 0xc533, 0xfeb8, 0xfe78, 0xfe58, 0xfe57, 0xfe77, 0xfe78, 0xfe77, 0xfe77, 0xcd53, 0x3144, 0x0000, 0x0000, 
	0x0000, 0x0000, 0x51e7, 0xdd94, 0xfe77, 0xfe78, 0xfe78, 0xfe98, 0xfe77, 0xfe78, 0xfe78, 0xfe98, 0xb4b1, 0x28e3, 0x0000, 0x0000, 
	0x0000, 0x0020, 0x6269, 0xf637, 0xfe77, 0xfe78, 0xfe78, 0xfe77, 0xfe98, 0xfe78, 0xfe57, 0xfe78, 0xac4f, 0x0820, 0x0000, 0x0000, 
	0x0000, 0x0020, 0x8b8c, 0xfe37, 0xfe78, 0xfe78, 0xfe78, 0xfe77, 0xfe78, 0xfe78, 0xfe78, 0xf657, 0x832b, 0x0841, 0x0000, 0x0000, 
	0x0000, 0x0862, 0x7472, 0xaedc, 0xb6fd, 0xb6fc, 0x8d55, 0x29a7, 0x0000, 0x0000, 0x0000, 0x0000, 0x0000, 0x20e3, 0x8b8d, 0xee16, 
	0xfe78, 0xfe98, 0xfe37, 0xfdf5, 0xfd94, 0xfd73, 0xfd94, 0xfd94, 0xfd93, 0xfdb3, 0xfd93, 0xf574, 0x932c, 0x1841, 0x0000, 0x0000, 
	0x0000, 0x0000, 0x4aec, 0xae9b, 0xaefd, 0xaedd, 0xaebc, 0xb6dd, 0xaedc, 0xaedc, 0xaedc, 0xaedc, 0xaedc, 0xaedc, 0xaedc, 0xaedc, 
	0xaedc, 0xaedc, 0xaedc, 0xaedc, 0xaedc, 0xaedc, 0xaedc, 0xaedc, 0xaedc, 0xaedc, 0xaedc, 0xaedc, 0xaedc, 0xaedc, 0xaedc, 0xaedc, 
	0xaedc, 0xaedc, 0xaedc, 0xaedc, 0xaedc, 0xaedc, 0xaedc, 0xaedc, 0xaedc, 0xaedc, 0xaedc, 0xaedc, 0xaedc, 0xaedc, 0xaedc, 0xaedc, 
	0xaedc, 0xaedc, 0xaedc, 0xaedc, 0xaedc, 0xaedc, 0xaedc, 0xaedc, 0xaefd, 0xb6dd, 0xaebc, 0xaedc, 0xb6fd, 0x5baf, 0x0000, 0x0000, 
	0x0000, 0x0000, 0x1082, 0x838d, 0xf698, 0xfe77, 0xfe77, 0xfe57, 0xfe78, 0xfe78, 0xfe57, 0xfe78, 0xfe78, 0xfe57, 0xfe78, 0xfe78, 
	0xfe37, 0xfe78, 0x9bee, 0x2903, 0x0000, 0x0000, 0x0000, 0x0000, 0x0021, 0x3229, 0x9dd8, 0xaebc, 0xaefd, 0x8d56, 0x0883, 0x0020, 
	0x0000, 0x0000, 0x0020, 0x6289, 0xedf6, 0xfe98, 0xfe77, 0xfe78, 0xfe98, 0xfe58, 0xfe77, 0xfe98, 0xfe57, 0xb490, 0x28e3, 0x0000, 
	0x0000, 0x0000, 0x1082, 0x9bee, 0xfe57, 0xfe78, 0xfe77, 0xfe77, 0xfe77, 0xfe78, 0xfe78, 0xfe78, 0xfe77, 0x834c, 0x0821, 0x0000, 
	0x0000, 0x0000, 0x1881, 0xa3ee, 0xfe77, 0xfe78, 0xfe78, 0xfe77, 0xfe77, 0xfe78, 0xfe78, 0xfe77, 0xedf6, 0x6aaa, 0x0000, 0x0000, 
	0x0000, 0x0000, 0x18c2, 0xbcd1, 0xfe78, 0xfe77, 0xfdf6, 0xfd93, 0xfdb3, 0xfd53, 0xfd74, 0xdd32, 0x934c, 0x20a2, 0x0000, 0x0000, 
	0x0000, 0x0000, 0x1082, 0x834c, 0xddb5, 0xfe99, 0xfe78, 0xfe78, 0xfe77, 0xfe78, 0xfe77, 0xfe77, 0xcd53, 0x3144, 0x0000, 0x0000, 
	0x0000, 0x0000, 0x51e7, 0xdd94, 0xfe77, 0xfe78, 0xfe78, 0xfe98, 0xfe77, 0xfe78, 0xfe78, 0xfe98, 0xb4b1, 0x28e3, 0x0000, 0x0000, 
	0x0000, 0x0020, 0x6269, 0xf637, 0xfe77, 0xfe78, 0xfe78, 0xfe77, 0xfe57, 0xfe78, 0xfe78, 0xfe77, 0xb490, 0x18a2, 0x0000, 0x0000, 
	0x0000, 0x1081, 0x9bee, 0xf617, 0xfe98, 0xfe78, 0xfe77, 0xfe98, 0xfe78, 0xfe78, 0xfe78, 0xf657, 0x832b, 0x0841, 0x0000, 0x0000, 
	0x0000, 0x0862, 0x7472, 0xaedc, 0xb6fd, 0x9e19, 0x4aec, 0x0821, 0x0000, 0x0000, 0x0000, 0x0000, 0x1881, 0x836d, 0xee17, 0xfe77, 
	0xfe98, 0xfe78, 0xfe16, 0xfdd5, 0xfd94, 0xfd74, 0xfd74, 0xfd74, 0xf594, 0xfdb3, 0xfd73, 0xfd94, 0xa38d, 0x20a2, 0x0000, 0x0000, 
	0x0020, 0x0000, 0x4acc, 0xb6dc, 0xaedc, 0xaedc, 0xaedc, 0xaefd, 0xaedc, 0xaedc, 0xaedc, 0xaedc, 0xaedc, 0xaedc, 0xaedc, 0xaedc, 
	0xaedc, 0xaedc, 0xaedc, 0xaedc, 0xaedc, 0xaedc, 0xaedc, 0xaedc, 0xaedc, 0xaedc, 0xaedc, 0xaedc, 0xaedc, 0xaedc, 0xaedc, 0xaedc, 
	0xaedc, 0xaedc, 0xaedc, 0xaedc, 0xaedc, 0xaedc, 0xaedc, 0xaedc, 0xaedc, 0xaedc, 0xaedc, 0xaedc, 0xaedc, 0xaedc, 0xaedc, 0xaedc, 
	0xaedc, 0xaedc, 0xaedc, 0xaedc, 0xaedc, 0xaedc, 0xaedc, 0xaedc, 0xa6dc, 0xb6fd, 0xb6bc, 0xaefd, 0xb6fd, 0x6bf1, 0x0862, 0x0000, 
	0x0000, 0x0000, 0x0800, 0x5a07, 0xdd94, 0xfe77, 0xfe78, 0xfe99, 0xfe57, 0xfe98, 0xfe77, 0xfe77, 0xfe98, 0xfe78, 0xfe78, 0xfe58, 
	0xfe77, 0xfe77, 0xee17, 0x834c, 0x1041, 0x0000, 0x0020, 0x0000, 0x0000, 0x0082, 0x53af, 0xa67b, 0xaedd, 0x8515, 0x10e4, 0x0000, 
	0x0000, 0x0000, 0x0020, 0x6289, 0xedf6, 0xfe98, 0xfe77, 0xfe78, 0xfe78, 0xfe78, 0xfe78, 0xfe77, 0xfe78, 0xe5d5, 0x5a68, 0x0841, 
	0x0000, 0x0000, 0x4a08, 0xcd54, 0xfe77, 0xfe77, 0xfe78, 0xfe77, 0xfe77, 0xfe78, 0xfe78, 0xfe78, 0xfe77, 0x834c, 0x0821, 0x0000, 
	0x0000, 0x0000, 0x1881, 0xa3ee, 0xfe77, 0xfe78, 0xfe78, 0xfe77, 0xfe77, 0xfe78, 0xfe78, 0xfe77, 0xedf6, 0x6aaa, 0x0000, 0x0000, 
	0x0000, 0x0000, 0x18c2, 0xbcd1, 0xfe78, 0xfe77, 0xfdf6, 0xfd93, 0xfd93, 0xfd74, 0xf554, 0x936b, 0x28a1, 0x0000, 0x0000, 0x0000, 
	0x0000, 0x0020, 0x0000, 0x1860, 0x8b4b, 0xee17, 0xfe78, 0xfe77, 0xfe77, 0xfe78, 0xfe77, 0xfe77, 0xcd53, 0x3144, 0x0000, 0x0000, 
	0x0000, 0x0000, 0x51e7, 0xdd94, 0xfe77, 0xfe78, 0xfe78, 0xfe98, 0xfe77, 0xfe78, 0xfe78, 0xfe98, 0xb4b1, 0x28e3, 0x0000, 0x0000, 
	0x0000, 0x0020, 0x6269, 0xf637, 0xfe77, 0xfe78, 0xfe78, 0xfe77, 0xfe77, 0xfe78, 0xfe78, 0xfe77, 0xddd5, 0x5a69, 0x0862, 0x0000, 
	0x0800, 0x4207, 0xcd94, 0xfe78, 0xfe77, 0xfe77, 0xfe78, 0xfe78, 0xfe78, 0xfe78, 0xfe78, 0xf657, 0x832b, 0x0841, 0x0000, 0x0000, 
	0x0000, 0x0841, 0x7472, 0xaefc, 0xa69b, 0x6c72, 0x08c3, 0x0800, 0x0000, 0x0000, 0x0000, 0x1041, 0x6a8a, 0xddb6, 0xfe98, 0xfe56, 
	0xfe57, 0xfe57, 0xfdd5, 0xfd73, 0xfd73, 0xfd73, 0xfd94, 0xfd74, 0xfd75, 0xfd53, 0xfdb4, 0xe532, 0x6a68, 0x0840, 0x0000, 0x0000, 
	0x0000, 0x0041, 0x530d, 0xb6dc, 0xaefd, 0xaedc, 0xaedc, 0xaedd, 0xaedc, 0xaedc, 0xaedc, 0xaedc, 0xaedc, 0xaedc, 0xaedc, 0xaedc, 
	0xaedc, 0xaedc, 0xaedc, 0xaedc, 0xaedc, 0xaedc, 0xaedc, 0xaedc, 0xaedc, 0xaedc, 0xaedc, 0xaedc, 0xaedc, 0xaedc, 0xaedc, 0xaedc, 
	0xaedc, 0xaedc, 0xaedc, 0xaedc, 0xaedc, 0xaedc, 0xaedc, 0xaedc, 0xaedc, 0xaedc, 0xaedc, 0xaedc, 0xaedc, 0xaedc, 0xaedc, 0xaedc, 
	0xaedc, 0xaedc, 0xaedc, 0xaedc, 0xaedc, 0xaedc, 0xaedc, 0xaedc, 0xaedd, 0xaedc, 0xaedc, 0xaedc, 0xb6fd, 0x8516, 0x1104, 0x0000, 
	0x0000, 0x0000, 0x0000, 0x1082, 0x8b8d, 0xee56, 0xfe78, 0xfe78, 0xfe78, 0xfe78, 0xfe98, 0xfe57, 0xfe57, 0xfe98, 0xfe98, 0xfe77, 
	0xfe98, 0xfe77, 0xfe77, 0xddb4, 0x49e7, 0x0000, 0x0000, 0x0000, 0x0000, 0x0000, 0x1945, 0x84d4, 0xaefd, 0x7d15, 0x10c4, 0x0000, 
	0x0000, 0x0000, 0x0020, 0x6289, 0xedf6, 0xfe98, 0xfe77, 0xfe78, 0xfe78, 0xfe57, 0xfe78, 0xfe78, 0xfe78, 0xfe78, 0xcd33, 0x8b2b, 
	0x5a27, 0x7b0a, 0xc4f1, 0xf677, 0xfe98, 0xfe57, 0xfe78, 0xfe78, 0xfe78, 0xfe77, 0xfe77, 0xfe98, 0xfe58, 0x8b8d, 0x0820, 0x0040, 
	0x0000, 0x0000, 0x2081, 0xa44f, 0xf657, 0xfe98, 0xfe77, 0xfe78, 0xfe78, 0xfe78, 0xfe98, 0xfe98, 0xe616, 0x6a89, 0x0000, 0x0000, 
	0x0800, 0x0000, 0x20e3, 0xbcb1, 0xfe37, 0xfe78, 0xfe16, 0xfd73, 0xfd94, 0xfd93, 0xc46f, 0x3124, 0x0000, 0x0000, 0x0000, 0x0000, 
	0x0000, 0x0001, 0x0000, 0x0000, 0x2103, 0xac70, 0xfe78, 0xfe78, 0xfe98, 0xfe58, 0xfe78, 0xfe77, 0xd553, 0x3144, 0x0000, 0x0000, 
	0x0000, 0x0000, 0x49e6, 0xdd95, 0xfe78, 0xfe77, 0xfe98, 0xfe57, 0xfe78, 0xfe78, 0xfe77, 0xfe78, 0xbcf2, 0x28e3, 0x0000, 0x0020, 
	0x0040, 0x0000, 0x72ca, 0xf637, 0xfe77, 0xfe98, 0xfe77, 0xfe78, 0xfe77, 0xfe98, 0xfe77, 0xfe78, 0xfe77, 0xcd33, 0x834b, 0x5a27, 
	0x82ca, 0xc4f2, 0xfe58, 0xfe78, 0xfe78, 0xfe78, 0xfe57, 0xfe78, 0xfe78, 0xfe78, 0xfe78, 0xf657, 0x832b, 0x0841, 0x0000, 0x0000, 
	0x0000, 0x0862, 0x6c73, 0xaefd, 0x8d56, 0x31a7, 0x0020, 0x0000, 0x0000, 0x0020, 0x0000, 0x4145, 0xcd13, 0xfe77, 0xfe77, 0xfe78, 
	0xfe98, 0xfdd5, 0xfd93, 0xfd93, 0xfd94, 0xfd94, 0xfd74, 0xfd94, 0xfd74, 0xf5b4, 0xf573, 0xab8d, 0x28a2, 0x0000, 0x0000, 0x0000, 
	0x0800, 0x08a2, 0x6c72, 0xaedc, 0xaedd, 0xaedc, 0xb6fd, 0xaefd, 0xaedc, 0xaedc, 0xaedc, 0xaedc, 0xaedc, 0xaedc, 0xaedc, 0xaedc, 
	0xaedc, 0xaedc, 0xaedc, 0xaedc, 0xaedc, 0xaedc, 0xaedc, 0xaedc, 0xaedc, 0xaedc, 0xaedc, 0xaedc, 0xaedc, 0xaedc, 0xaedc, 0xaedc, 
	0xaedc, 0xaedc, 0xaedc, 0xaedc, 0xaedc, 0xaedc, 0xaedc, 0xaedc, 0xaedc, 0xaedc, 0xaedc, 0xaedc, 0xaedc, 0xaedc, 0xaedc, 0xaedc, 
	0xaedc, 0xaedc, 0xaedc, 0xaedc, 0xaedc, 0xaedc, 0xaedc, 0xaedc, 0xaedd, 0xb6dc, 0xaedc, 0xaedc, 0xb6dd, 0x9df9, 0x428b, 0x0000, 
	0x0000, 0x0000, 0x0000, 0x0000, 0x3103, 0xb4b1, 0xfe78, 0xfe78, 0xfe78, 0xfe57, 0xfe77, 0xfe78, 0xfe77, 0xfe57, 0xfe77, 0xfe98, 
	0xfe57, 0xfe98, 0xfe57, 0xf657, 0xac70, 0x2904, 0x0000, 0x0000, 0x0000, 0x0000, 0x0000, 0x3a4a, 0x9df9, 0x8515, 0x10c4, 0x0000, 
	0x0000, 0x0000, 0x0020, 0x6289, 0xedf6, 0xfe98, 0xfe77, 0xfe78, 0xfe98, 0xfe77, 0xfe78, 0xfe77, 0xfe57, 0xfe98, 0xfe78, 0xee17, 
	0xe616, 0xe616, 0xfe78, 0xfe98, 0xfe77, 0xfe57, 0xfe78, 0xfe78, 0xfe78, 0xfe78, 0xfe77, 0xfe57, 0xfe58, 0xb491, 0x3944, 0x0000, 
	0x0000, 0x0000, 0x49a5, 0xcd53, 0xfe98, 0xfe98, 0xfe77, 0xfe58, 0xfe77, 0xfe78, 0xfe57, 0xfe78, 0xee16, 0x6a89, 0x0820, 0x0000, 
	0x0000, 0x0000, 0x18a2, 0xbcd2, 0xfe78, 0xfe58, 0xf5d5, 0xfdb4, 0xfd74, 0xed12, 0x7289, 0x1021, 0x0000, 0x0000, 0x0020, 0x0000, 
	0x0800, 0x0000, 0x0000, 0x0000, 0x0000, 0x5a48, 0xe5d5, 0xfe57, 0xfe77, 0xfe58, 0xfe99, 0xfe77, 0xd554, 0x3965, 0x0000, 0x0000, 
	0x0000, 0x0020, 0x5207, 0xdd95, 0xfe58, 0xfe78, 0xfe77, 0xfe58, 0xfe57, 0xfe78, 0xfe98, 0xfe98, 0xddb5, 0x5a27, 0x0820, 0x0000, 
	0x0000, 0x20a2, 0xa3ee, 0xfe78, 0xfe57, 0xfe57, 0xfe98, 0xfe98, 0xfe77, 0xfe98, 0xfe57, 0xfe57, 0xfeb8, 0xfe98, 0xee17, 0xe5f6, 
	0xedf6, 0xfe78, 0xfe98, 0xfe57, 0xfe77, 0xfe78, 0xfe77, 0xfe78, 0xfe78, 0xfe78, 0xfe78, 0xf657, 0x832b, 0x0841, 0x0000, 0x0000, 
	0x0000, 0x0862, 0x6c72, 0x9e59, 0x4b0c, 0x0841, 0x0000, 0x0000, 0x0000, 0x0000, 0x20c2, 0x9bcf, 0xf637, 0xfe77, 0xfeb8, 0xfe57, 
	0xfe16, 0xfdb4, 0xfd73, 0xfd93, 0xfd94, 0xfd74, 0xfd73, 0xfd93, 0xfd94, 0xfd94, 0xc450, 0x4144, 0x0000, 0x0020, 0x0000, 0x0020, 
	0x0000, 0x29c7, 0x95b7, 0xaedc, 0xaefd, 0xaedd, 0xaedc, 0xaefd, 0xaedc, 0xaedc, 0xaedc, 0xaedc, 0xaedc, 0xaedc, 0xaedc, 0xaedc, 
	0xaedc, 0xaedc, 0xaedc, 0xaedc, 0xaedc, 0xaedc, 0xaedc, 0xaedc, 0xaedc, 0xaedc, 0xaedc, 0xaedc, 0xaedc, 0xaedc, 0xaedc, 0xaedc, 
	0xaedc, 0xaedc, 0xaedc, 0xaedc, 0xaedc, 0xaedc, 0xaedc, 0xaedc, 0xaedc, 0xaedc, 0xaedc, 0xaedc, 0xaedc, 0xaedc, 0xaedc, 0xaedc, 
	0xaedc, 0xaedc, 0xaedc, 0xaedc, 0xaedc, 0xaedc, 0xaedc, 0xaedc, 0xaedd, 0xb6dc, 0xaedc, 0xaedd, 0xaedd, 0xaebc, 0x7cb3, 0x1104, 
	0x0000, 0x0000, 0x0000, 0x0000, 0x0000, 0x5227, 0xd594, 0xfe78, 0xfe78, 0xfe78, 0xfe98, 0xfe78, 0xfe77, 0xfe78, 0xfe98, 0xfe78, 
	0xfe77, 0xfe78, 0xfe78, 0xfe98, 0xf657, 0x834c, 0x0820, 0x0000, 0x0000, 0x0000, 0x0000, 0x0862, 0x5baf, 0x84d3, 0x10e4, 0x0000, 
	0x0000, 0x0000, 0x0020, 0x6289, 0xedf6, 0xfe98, 0xfe77, 0xfe78, 0xfe78, 0xfe57, 0xfe78, 0xfe98, 0xfe77, 0xfe77, 0xfe98, 0xfeb9, 
	0xfe78, 0xfe58, 0xfe77, 0xfe77, 0xfe77, 0xfe98, 0xfe98, 0xfe77, 0xfe78, 0xfe78, 0xfe98, 0xfe77, 0xfe98, 0xedf6, 0x93ae, 0x4185, 
	0x28e3, 0x49a6, 0xa40f, 0xf657, 0xfe78, 0xfe57, 0xfe77, 0xfe98, 0xfe78, 0xfe78, 0xfe77, 0xfe98, 0xee16, 0x6a89, 0x0000, 0x0020, 
	0x0000, 0x0021, 0x20c2, 0xbcb2, 0xfe57, 0xfe98, 0xfdf6, 0xfd94, 0xfd73, 0xb3ee, 0x30e4, 0x0000, 0x0000, 0x0000, 0x0000, 0x0000, 
	0x0800, 0x0000, 0x0000, 0x0001, 0x0000, 0x18a2, 0xa40f, 0xfe77, 0xfe77, 0xfe98, 0xfe78, 0xfe78, 0xd574, 0x2903, 0x0000, 0x0020, 
	0x0000, 0x0000, 0x49e6, 0xe5b5, 0xfe78, 0xfe98, 0xfe77, 0xfe98, 0xfe98, 0xfe78, 0xfe57, 0xfe57, 0xfe78, 0xb491, 0x5a07, 0x28e2, 
	0x3944, 0x832b, 0xe5d5, 0xfe98, 0xfeb8, 0xfe98, 0xfe77, 0xfe57, 0xfe78, 0xfe98, 0xfe78, 0xfe77, 0xfe77, 0xfe57, 0xfe58, 0xfe78, 
	0xfeb9, 0xfe98, 0xfe77, 0xfe77, 0xfe98, 0xfe78, 0xfe77, 0xfe78, 0xfe78, 0xfe78, 0xfe78, 0xf657, 0x832b, 0x0841, 0x0000, 0x0000, 
	0x0020, 0x0041, 0x7451, 0x6c72, 0x08c3, 0x0000, 0x0000, 0x0000, 0x0000, 0x0800, 0x6aa9, 0xe5d6, 0xfe98, 0xfe78, 0xfe77, 0xfe36, 
	0xfdb5, 0xfd74, 0xfd73, 0xfd94, 0xfd94, 0xfd74, 0xfd93, 0xfdb3, 0xfd73, 0xecf3, 0x6a68, 0x0040, 0x0000, 0x0020, 0x0000, 0x0000, 
	0x08c3, 0x63d0, 0xb6bc, 0xaedd, 0xaedc, 0xaedd, 0xaedc, 0xaedc, 0xaedc, 0xaedc, 0xaedc, 0xaedc, 0xaedc, 0xaedc, 0xaedc, 0xaedc, 
	0xaedc, 0xaedc, 0xaedc, 0xaedc, 0xaedc, 0xaedc, 0xaedc, 0xaedc, 0xaedc, 0xaedc, 0xaedc, 0xaedc, 0xaedc, 0xaedc, 0xaedc, 0xaedc, 
	0xaedc, 0xaedc, 0xaedc, 0xaedc, 0xaedc, 0xaedc, 0xaedc, 0xaedc, 0xaedc, 0xaedc, 0xaedc, 0xaedc, 0xaedc, 0xaedc, 0xaedc, 0xaedc, 
	0xaedc, 0xaedc, 0xaedc, 0xaedc, 0xaedc, 0xaedc, 0xaedc, 0xaedc, 0xb6dd, 0xaedc, 0xaedc, 0xaedd, 0xaedc, 0xb6fd, 0xa65a, 0x536e, 
	0x0862, 0x0000, 0x0000, 0x0000, 0x0020, 0x0841, 0x834c, 0xedf6, 0xfe78, 0xfe98, 0xfe78, 0xfe77, 0xfe78, 0xfe98, 0xfe98, 0xfe57, 
	0xfe98, 0xfe57, 0xfe99, 0xfe77, 0xfe57, 0xd594, 0x51e7, 0x0020, 0x0000, 0x0000, 0x0820, 0x0000, 0x1945, 0x5b2d, 0x10a3, 0x0000, 
	0x0000, 0x0000, 0x0020, 0x6289, 0xedf6, 0xfe98, 0xfe77, 0xfe78, 0xfe78, 0xfe78, 0xfe77, 0xfe77, 0xfe78, 0xfe78, 0xfe77, 0xfe57, 
	0xfe57, 0xfe78, 0xfe78, 0xfe77, 0xfe98, 0xfe98, 0xfe78, 0xfe57, 0xfe78, 0xfe78, 0xfe77, 0xfe78, 0xfe98, 0xfe98, 0xee37, 0xcd33, 
	0xbcd2, 0xd574, 0xfe78, 0xfe98, 0xfe77, 0xfe78, 0xfe57, 0xfe78, 0xfe58, 0xfe57, 0xfe78, 0xfe57, 0xf657, 0x8b6c, 0x0820, 0x0000, 
	0x0000, 0x0000, 0x4165, 0xd574, 0xfe78, 0xfe77, 0xfdd5, 0xfd74, 0xe511, 0x6207, 0x0821, 0x0000, 0x0000, 0x0000, 0x0000, 0x0907, 
	0x0907, 0x0040, 0x0000, 0x0000, 0x0000, 0x0000, 0x49c7, 0xdd94, 0xfe77, 0xfe78, 0xfe57, 0xfe78, 0xe5f6, 0x51e7, 0x0000, 0x0000, 
	0x0000, 0x0800, 0x72ca, 0xee37, 0xfe78, 0xfe77, 0xfe57, 0xfe78, 0xfe77, 0xfe77, 0xfe78, 0xfe77, 0xfe98, 0xfe98, 0xddb5, 0xbcf2, 
	0xc512, 0xee16, 0xfeb8, 0xf616, 0xfe77, 0xfe77, 0xfe77, 0xfe98, 0xfe58, 0xfe77, 0xfe78, 0xfe98, 0xfe78, 0xfe78, 0xfe78, 0xfe78, 
	0xfe57, 0xfe57, 0xfe77, 0xfe78, 0xfe77, 0xfe77, 0xfe78, 0xfe98, 0xfe78, 0xfe78, 0xfe78, 0xf657, 0x832b, 0x0841, 0x0000, 0x0000, 
	0x0020, 0x0041, 0x530c, 0x29e7, 0x0000, 0x0000, 0x0000, 0x0000, 0x0000, 0x3965, 0xc512, 0xfe77, 0xfe78, 0xfe98, 0xfe37, 0xfe15, 
	0xfd94, 0xfd74, 0xfd73, 0xfd94, 0xfd94, 0xfd73, 0xfd93, 0xfd93, 0xf553, 0x9b4c, 0x1861, 0x0021, 0x0000, 0x0000, 0x0020, 0x0821, 
	0x42cc, 0x9df8, 0xb6dc, 0xaefd, 0xa6bc, 0xaedc, 0xb6fd, 0xaebc, 0xaedc, 0xaedc, 0xaedc, 0xaedc, 0xaedc, 0xaedc, 0xaedc, 0xaedc, 
	0xaedc, 0xaedc, 0xaedc, 0xaedc, 0xaedc, 0xaedc, 0xaedc, 0xaedc, 0xaedc, 0xaedc, 0xaedc, 0xaedc, 0xaedc, 0xaedc, 0xaedc, 0xaedc, 
	0xaedc, 0xaedc, 0xaedc, 0xaedc, 0xaedc, 0xaedc, 0xaedc, 0xaedc, 0xaedc, 0xaedc, 0xaedc, 0xaedc, 0xaedc, 0xaedc, 0xaedc, 0xaedc, 
	0xaedc, 0xaedc, 0xaedc, 0xaedc, 0xaedc, 0xaedc, 0xaedc, 0xaedc, 0xb6dd, 0xaedc, 0xaedd, 0xaedc, 0xaedd, 0xaedd, 0xb6dc, 0x95b8, 
	0x3a29, 0x0000, 0x0000, 0x0000, 0x0021, 0x0000, 0x28e3, 0xac70, 0xfe57, 0xfe78, 0xfe57, 0xfe57, 0xfe98, 0xfe77, 0xfe77, 0xfe78, 
	0xfe57, 0xfe78, 0xfe78, 0xfe78, 0xfe57, 0xfe77, 0xac91, 0x2904, 0x0000, 0x0020, 0x0000, 0x0000, 0x0061, 0x18e4, 0x0020, 0x0000, 
	0x0000, 0x0000, 0x0020, 0x6289, 0xedf6, 0xfe98, 0xfe77, 0xfe78, 0xfe78, 0xfe98, 0xfe78, 0xfe57, 0xfe77, 0xfe78, 0xfe78, 0xfe98, 
	0xfe57, 0xfe77, 0xfe77, 0xfe77, 0xfe77, 0xfe77, 0xfe77, 0xfe78, 0xfe78, 0xfe78, 0xfe77, 0xfe77, 0xfe57, 0xfe57, 0xfe98, 0xfe98, 
	0xfe77, 0xfe98, 0xfe57, 0xfe37, 0xfe98, 0xfe78, 0xfe57, 0xfe78, 0xfe78, 0xfe98, 0xfe98, 0xfe56, 0xfe98, 0xcd33, 0x51e7, 0x1061, 
	0x0820, 0x28e2, 0x8b6c, 0xf637, 0xfe98, 0xfe77, 0xfe16, 0xfd94, 0xa3ce, 0x2082, 0x0000, 0x0000, 0x0000, 0x0000, 0x0063, 0x1af2, 
	0x2354, 0x00c4, 0x0000, 0x0000, 0x0000, 0x0000, 0x1081, 0x93ae, 0xfe78, 0xfe78, 0xfe98, 0xfe57, 0xf658, 0xa450, 0x3924, 0x1020, 
	0x1041, 0x4186, 0xb4b1, 0xfe78, 0xfe78, 0xfe77, 0xfe98, 0xfe98, 0xfe78, 0xfe78, 0xfe78, 0xfe98, 0xfe57, 0xfe57, 0xfe77, 0xfe98, 
	0xfe78, 0xfe57, 0xfe78, 0xfe77, 0xfe77, 0xfe77, 0xfe78, 0xfe78, 0xfe78, 0xfe77, 0xfe77, 0xfe78, 0xfe77, 0xfe77, 0xfe78, 0xfe57, 
	0xfe98, 0xfe78, 0xfe78, 0xfe77, 0xfe57, 0xfe78, 0xfe98, 0xfe78, 0xfe78, 0xfe78, 0xfe78, 0xf657, 0x832b, 0x0841, 0x0000, 0x0000, 
	0x0000, 0x0820, 0x18e3, 0x0041, 0x0000, 0x0000, 0x0020, 0x0000, 0x1882, 0x9bef, 0xf657, 0xfe77, 0xfe98, 0xfe58, 0xfe16, 0xfdb4, 
	0xfd73, 0xfd73, 0xfd73, 0xfdb4, 0xfd73, 0xfd53, 0xfd94, 0xf573, 0xc46f, 0x3923, 0x0000, 0x0001, 0x0000, 0x0000, 0x0000, 0x29a7, 
	0x8535, 0xb6fd, 0xaebc, 0xaefd, 0xaedc, 0xaedc, 0xb6fd, 0xaedc, 0xaedc, 0xaedc, 0xaedc, 0xaedc, 0xaedc, 0xaedc, 0xaedc, 0xaedc, 
	0xaedc, 0xaedc, 0xaedc, 0xaedc, 0xaedc, 0xaedc, 0xaedc, 0xaedc, 0xaedc, 0xaedc, 0xaedc, 0xaedc, 0xaedc, 0xaedc, 0xaedc, 0xaedc, 
	0xaedc, 0xaedc, 0xaedc, 0xaedc, 0xaedc, 0xaedc, 0xaedc, 0xaedc, 0xaedc, 0xaedc, 0xaedc, 0xaedc, 0xaedc, 0xaedc, 0xaedc, 0xaedc, 
	0xaedc, 0xaedc, 0xaedc, 0xaedc, 0xaedc, 0xaedc, 0xaedc, 0xaedc, 0xaedc, 0xaedd, 0xb6fd, 0xaebc, 0xaedd, 0xaedc, 0xaedd, 0xaedc, 
	0x84d4, 0x1945, 0x0000, 0x0000, 0x0000, 0x0000, 0x0000, 0x51e7, 0xd554, 0xfe78, 0xfe78, 0xfe57, 0xfe98, 0xfe77, 0xfe77, 0xfe78, 
	0xfe57, 0xfe98, 0xfe78, 0xfe78, 0xfe77, 0xfe78, 0xee37, 0x834b, 0x1061, 0x0000, 0x0020, 0x0000, 0x0020, 0x0000, 0x0000, 0x0000, 
	0x0000, 0x0000, 0x0020, 0x6289, 0xedf6, 0xfe98, 0xfe77, 0xfe78, 0xfe77, 0xfe78, 0xfe78, 0xfe98, 0xfe78, 0xfe57, 0xfe57, 0xfe77, 
	0xfe98, 0xfe98, 0xfe77, 0xfe98, 0xfe98, 0xfe78, 0xfe57, 0xfe78, 0xfe57, 0xfe98, 0xfe98, 0xfe78, 0xfe98, 0xfe78, 0xfe77, 0xfe57, 
	0xfe78, 0xfe78, 0xfe77, 0xfe98, 0xfe98, 0xfe57, 0xfe77, 0xfe77, 0xfe57, 0xfe77, 0xfe77, 0xfe77, 0xfe98, 0xfe78, 0xcd54, 0x93ce, 
	0x834c, 0xb490, 0xee16, 0xfe78, 0xfe57, 0xfe56, 0xfe15, 0xdcd1, 0x5208, 0x0820, 0x0000, 0x0000, 0x0000, 0x0000, 0x11a9, 0x2c9b, 
	0x2cfd, 0x120c, 0x0021, 0x0000, 0x0000, 0x0000, 0x0000, 0x49c7, 0xd554, 0xfe57, 0xfe57, 0xfe78, 0xfe98, 0xee36, 0xbcd1, 0x8b6d, 
	0x8b8d, 0xbcf2, 0xf658, 0xfe77, 0xfe78, 0xfe57, 0xfe57, 0xfe77, 0xfe77, 0xfe98, 0xfe57, 0xfe77, 0xfe98, 0xfe78, 0xfe77, 0xfe77, 
	0xfe78, 0xfe78, 0xfe77, 0xfe98, 0xfe77, 0xfe78, 0xfe78, 0xfe98, 0xfe77, 0xfe77, 0xfe78, 0xfe98, 0xfe98, 0xfe98, 0xfe98, 0xfe77, 
	0xfe77, 0xfe57, 0xfe57, 0xfe98, 0xfe98, 0xfe78, 0xfe78, 0xfe77, 0xfe78, 0xfe78, 0xfe78, 0xf657, 0x832b, 0x0841, 0x0000, 0x0000, 
	0x0000, 0x0000, 0x0000, 0x0000, 0x0800, 0x0000, 0x0000, 0x0820, 0x6a89, 0xe5d6, 0xfe77, 0xfe77, 0xfe78, 0xfe37, 0xfdb4, 0xfd93, 
	0xfd93, 0xfd94, 0xfd94, 0xfdb4, 0xfd73, 0xfd74, 0xfdb4, 0xdd12, 0x5a27, 0x0000, 0x0021, 0x0000, 0x0020, 0x0000, 0x1083, 0x6c51, 
	0xaebb, 0xb6fd, 0xaedd, 0xaedd, 0xaefd, 0xaedc, 0xaedc, 0xaedd, 0xaedc, 0xaedc, 0xaedc, 0xaedc, 0xaedc, 0xaedc, 0xaedc, 0xaedc, 
	0xaedc, 0xaedc, 0xaedc, 0xaedc, 0xaedc, 0xaedc, 0xaedc, 0xaedc, 0xaedc, 0xaedc, 0xaedc, 0xaedc, 0xaedc, 0xaedc, 0xaedc, 0xaedc, 
	0xaedc, 0xaedc, 0xaedc, 0xaedc, 0xaedc, 0xaedc, 0xaedc, 0xaedc, 0xaedc, 0xaedc, 0xaedc, 0xaedc, 0xaedc, 0xaedc, 0xaedc, 0xaedc, 
	0xaedc, 0xaedc, 0xaedc, 0xaedc, 0xaedc, 0xaedc, 0xaedc, 0xaedc, 0xaedc, 0xaedd, 0xaedd, 0xaebc, 0xb6dd, 0xaedc, 0xaedc, 0xaedd, 
	0xa67b, 0x5baf, 0x08a3, 0x0000, 0x0000, 0x0000, 0x0000, 0x0820, 0x72ea, 0xddb5, 0xfeb9, 0xfe58, 0xfe78, 0xfe98, 0xfe78, 0xfe77, 
	0xfe78, 0xfe77, 0xfe97, 0xfe57, 0xfe78, 0xfe78, 0xfe78, 0xdd73, 0x51e7, 0x0000, 0x0020, 0x0000, 0x0000, 0x0000, 0x0800, 0x0000, 
	0x0000, 0x0000, 0x0020, 0x6289, 0xedf6, 0xfe98, 0xfe77, 0xfe78, 0xfe98, 0xfe77, 0xfe77, 0xfe78, 0xfe78, 0xfe78, 0xfe78, 0xfe78, 
	0xfe78, 0xfe77, 0xfe77, 0xfe77, 0xfe78, 0xfe78, 0xfe78, 0xfe98, 0xfe77, 0xfe78, 0xfe78, 0xfe57, 0xfe78, 0xfe98, 0xfe77, 0xfe98, 
	0xfe78, 0xfe78, 0xfe77, 0xfe77, 0xfe57, 0xfe78, 0xfe98, 0xfe78, 0xfe98, 0xfe98, 0xfe78, 0xfe98, 0xfe57, 0xfe57, 0xfe98, 0xf637, 
	0xee17, 0xfe77, 0xfeb8, 0xfe78, 0xfe78, 0xfe77, 0xf5f5, 0xabce, 0x1082, 0x0000, 0x0000, 0x0000, 0x0000, 0x00a4, 0x2353, 0x2d3e, 
	0x2d1f, 0x23b6, 0x0907, 0x0000, 0x0020, 0x0000, 0x0000, 0x1081, 0x93ae, 0xf657, 0xfe77, 0xfe98, 0xfe77, 0xfe56, 0xfeb8, 0xee17, 
	0xf657, 0xfe78, 0xfe98, 0xfe57, 0xfe98, 0xfe78, 0xfe78, 0xfe98, 0xfe77, 0xfe98, 0xfe77, 0xfe57, 0xfe77, 0xfe77, 0xfe78, 0xfe57, 
	0xfe57, 0xfe98, 0xfe78, 0xfe77, 0xfe98, 0xfe98, 0xfe77, 0xfe78, 0xfe78, 0xfe98, 0xfe78, 0xfe77, 0xfe77, 0xfe57, 0xfe77, 0xfe78, 
	0xfe78, 0xfe77, 0xfe77, 0xfe78, 0xfe78, 0xfe77, 0xfe77, 0xfe98, 0xfe78, 0xfe78, 0xfe78, 0xf657, 0x832b, 0x0841, 0x0000, 0x0000, 
	0x0000, 0x0000, 0x0000, 0x0000, 0x0000, 0x0020, 0x0000, 0x4165, 0xc512, 0xfe78, 0xfe98, 0xfe77, 0xfe57, 0xfe16, 0xfd73, 0xfdb4, 
	0xfd93, 0xfd94, 0xfd94, 0xfd94, 0xfd73, 0xfd94, 0xe512, 0x8b4b, 0x1061, 0x0000, 0x0000, 0x0000, 0x0000, 0x0841, 0x4b0d, 0x9e5a, 
	0xaefd, 0xaebc, 0xaedd, 0xaedd, 0xb6fc, 0xaedc, 0xaedc, 0xaedd, 0xaedc, 0xaedc, 0xaedc, 0xaedc, 0xaedc, 0xaedc, 0xaedc, 0xaedc, 
	0xaedc, 0xaedc, 0xaedc, 0xaedc, 0xaedc, 0xaedc, 0xaedc, 0xaedc, 0xaedc, 0xaedc, 0xaedc, 0xaedc, 0xaedc, 0xaedc, 0xaedc, 0xaedc, 
	0xaedc, 0xaedc, 0xaedc, 0xaedc, 0xaedc, 0xaedc, 0xaedc, 0xaedc, 0xaedc, 0xaedc, 0xaedc, 0xaedc, 0xaedc, 0xaedc, 0xaedc, 0xaedc, 
	0xaedc, 0xaedc, 0xaedc, 0xaedc, 0xaedc, 0xaedc, 0xaedc, 0xaedc, 0xaefd, 0xaedd, 0xaedd, 0xaedd, 0xb6dd, 0xb6dc, 0xaedc, 0xaedd, 
	0xaefd, 0x9df9, 0x426a, 0x0000, 0x0000, 0x0000, 0x0000, 0x0000, 0x18a1, 0xa470, 0xf658, 0xfe58, 0xfe98, 0xfe77, 0xfe77, 0xfe78, 
	0xfe78, 0xfe77, 0xfe77, 0xfe77, 0xfe78, 0xfe78, 0xfe57, 0xfe77, 0xb491, 0x3104, 0x0000, 0x0000, 0x0020, 0x0000, 0x0000, 0x0000, 
	0x0000, 0x0000, 0x0020, 0x6289, 0xedf6, 0xfe98, 0xfe77, 0xfe78, 0xfe77, 0xfe77, 0xfe78, 0xfe77, 0xfe78, 0xfe78, 0xfe78, 0xfe57, 
	0xfe57, 0xfe77, 0xfe78, 0xfe78, 0xfe58, 0xfe77, 0xfe78, 0xfe78, 0xfe77, 0xfe57, 0xfe78, 0xfe57, 0xf616, 0xdd94, 0xd553, 0xe5b5, 
	0xf617, 0xfe58, 0xfe78, 0xfe98, 0xfe78, 0xfe78, 0xfe57, 0xfe78, 0xfe77, 0xfe78, 0xfe78, 0xfe78, 0xfe98, 0xfe78, 0xfe57, 0xfe98, 
	0xfe79, 0xfe77, 0xfe77, 0xfe78, 0xfe78, 0xfe77, 0xdd74, 0x61e6, 0x0000, 0x0000, 0x0000, 0x0000, 0x0820, 0x220b, 0x451c, 0x2d5f, 
	0x355f, 0x2cdd, 0x1a4e, 0x0000, 0x0000, 0x0000, 0x0800, 0x0000, 0x41a6, 0xd553, 0xfe98, 0xfe57, 0xfe98, 0xfe77, 0xfe76, 0xfe98, 
	0xfe77, 0xfe37, 0xfe57, 0xfe98, 0xfe77, 0xfe57, 0xfe78, 0xfe77, 0xfe98, 0xfe37, 0xfe98, 0xfe98, 0xfe78, 0xfe58, 0xfe78, 0xfe36, 
	0xe5d5, 0xd553, 0xdd74, 0xee16, 0xfe57, 0xfe57, 0xfe78, 0xfe78, 0xfe77, 0xfe78, 0xfe78, 0xfe78, 0xfe78, 0xfe78, 0xfe78, 0xfe78, 
	0xfe57, 0xfe78, 0xfe78, 0xfe78, 0xfe77, 0xfe78, 0xfe77, 0xfe77, 0xfe78, 0xfe78, 0xfe78, 0xf657, 0x832b, 0x0841, 0x0000, 0x0000, 
	0x0000, 0x0000, 0x0000, 0x0020, 0x0000, 0x0000, 0x18e2, 0x9bae, 0xf657, 0xfe57, 0xfe78, 0xfe78, 0xfe36, 0xfdb4, 0xfd94, 0xfd73, 
	0xfd73, 0xfd94, 0xfd74, 0xfd93, 0xfd73, 0xfd74, 0xb40e, 0x3902, 0x0000, 0x0000, 0x0020, 0x0020, 0x0000, 0x29c7, 0x8d96, 0xb6dd, 
	0xaedc, 0xaedd, 0xaebc, 0xb6dd, 0xaedc, 0xaedc, 0xaefd, 0xaedd, 0xaedc, 0xaedc, 0xaedc, 0xaedc, 0xaedc, 0xaedc, 0xaedc, 0xaedc, 
	0xaedc, 0xaedc, 0xaedc, 0xaedc, 0xaedc, 0xaedc, 0xaedc, 0xaedc, 0xaedc, 0xaedc, 0xaedc, 0xaedc, 0xaedc, 0xaedc, 0xaedc, 0xaedc, 
	0xaedc, 0xaedc, 0xaedc, 0xaedc, 0xaedc, 0xaedc, 0xaedc, 0xaedc, 0xaedc, 0xaedc, 0xaedc, 0xaedc, 0xaedc, 0xaedc, 0xaedc, 0xaedc, 
	0xaedc, 0xaedc, 0xaedc, 0xaedc, 0xaedc, 0xaedc, 0xaedc, 0xaedc, 0xaedc, 0xaedc, 0xaedc, 0xaedc, 0xaedc, 0xaedc, 0xaedc, 0xaedc, 
	0xaebc, 0xaefd, 0x7d56, 0x1946, 0x0000, 0x0000, 0x0000, 0x0000, 0x0801, 0x3985, 0xc533, 0xfe78, 0xfe58, 0xfe77, 0xfe98, 0xfe57, 
	0xfe78, 0xfe78, 0xfe78, 0xfe78, 0xfe78, 0xfe78, 0xfe78, 0xfe78, 0xf616, 0x834c, 0x1061, 0x0000, 0x0000, 0x0020, 0x0000, 0x0000, 
	0x0000, 0x0020, 0x0000, 0x6269, 0xe616, 0xfe77, 0xfe78, 0xfe58, 0xfe78, 0xfe78, 0xfe78, 0xfe78, 0xfe78, 0xfe78, 0xfe78, 0xfe78, 
	0xfe77, 0xfe77, 0xfe78, 0xfe78, 0xfe78, 0xfe58, 0xfe78, 0xfe78, 0xfe78, 0xfe57, 0xee17, 0xa4b0, 0x62a8, 0x3965, 0x3965, 0x41a5, 
	0x6aca, 0xbcd2, 0xf636, 0xfe77, 0xfe77, 0xfe78, 0xfe98, 0xfe77, 0xfe78, 0xfe78, 0xfe78, 0xfe78, 0xfe78, 0xfe78, 0xfe78, 0xfe78, 
	0xfe78, 0xfe78, 0xfe77, 0xfe77, 0xfe97, 0xfe57, 0xac30, 0x18a2, 0x0000, 0x0000, 0x0000, 0x0000, 0x00e5, 0x6456, 0x75be, 0x3d5f, 
	0x3d1e, 0x2d3f, 0x2439, 0x00e6, 0x0000, 0x0000, 0x0800, 0x0020, 0x1041, 0x93ef, 0xf637, 0xfe98, 0xfe77, 0xfe78, 0xfe78, 0xfe78, 
	0xfe78, 0xfe78, 0xfe78, 0xfe78, 0xfe78, 0xfe78, 0xfe78, 0xfe78, 0xfe77, 0xfe78, 0xfe78, 0xfe97, 0xfe76, 0xf657, 0xc533, 0x730b, 
	0x49a5, 0x3165, 0x3986, 0x5228, 0x9c50, 0xe616, 0xfe77, 0xfe58, 0xfe77, 0xfe98, 0xfe78, 0xfe78, 0xfe78, 0xfe98, 0xfe78, 0xfe58, 
	0xfe77, 0xfe77, 0xfe78, 0xfe78, 0xfe78, 0xfe78, 0xfe78, 0xfe77, 0xfe98, 0xfe77, 0xfe97, 0xf657, 0x7b4c, 0x0820, 0x0000, 0x0000, 
	0x0000, 0x0000, 0x0000, 0x0000, 0x0000, 0x0841, 0x6aa9, 0xedd5, 0xfe78, 0xfe77, 0xfe78, 0xfe57, 0xfdd5, 0xfd74, 0xfd94, 0xfd93, 
	0xfd53, 0xfd94, 0xfd93, 0xfd73, 0xfd74, 0xdcf2, 0x49e6, 0x0020, 0x0000, 0x0000, 0x0000, 0x0000, 0x10e4, 0x6c93, 0xa6bc, 0xb6dc, 
	0xaedc, 0xaedc, 0xaedc, 0xaedc, 0xaedc, 0xaedc, 0xaedc, 0xaedc, 0xaedc, 0xaedc, 0xaedc, 0xaedc, 0xaedc, 0xaedc, 0xaedc, 0xaedc, 
	0xaedc, 0xaedc, 0xaedc, 0xaedc, 0xaedc, 0xaedc, 0xaedc, 0xaedc, 0xaedc, 0xaedc, 0xaedc, 0xaedc, 0xaedc, 0xaedc, 0xaedc, 0xaedc, 
	0xaedc, 0xaedc, 0xaedc, 0xaedc, 0xaedc, 0xaedc, 0xaedc, 0xaedc, 0xaedc, 0xaedc, 0xaedc, 0xaedc, 0xaedc, 0xaedc, 0xaedc, 0xaedc, 
	0xaedc, 0xaedc, 0xaedc, 0xaedc, 0xaedc, 0xaedc, 0xaedc, 0xaedc, 0xaedc, 0xaedc, 0xaedc, 0xaedc, 0xaedc, 0xaedc, 0xaedc, 0xaedc, 
	0xb6dd, 0xaedc, 0xa69b, 0x63d0, 0x0882, 0x0000, 0x0000, 0x0000, 0x0000, 0x1061, 0x6ac9, 0xedf6, 0xfe78, 0xfe77, 0xfe78, 0xfe98, 
	0xfe78, 0xfe78, 0xfe78, 0xfe78, 0xfe78, 0xfe78, 0xfe78, 0xfe78, 0xfe78, 0xd594, 0x5a28, 0x0000, 0x0020, 0x0000, 0x0000, 0x0000, 
	0x0000, 0x0000, 0x0800, 0x6a89, 0xee16, 0xfe77, 0xfe78, 0xfe78, 0xfe97, 0xfe97, 0xfe97, 0xfe97, 0xfe97, 0xfe97, 0xfe97, 0xfe97, 
	0xfe78, 0xfe78, 0xfe78, 0xfe57, 0xfe78, 0xfe98, 0xfe98, 0xfe77, 0xfe57, 0xf637, 0x836c, 0x28e2, 0x1040, 0x0000, 0x0000, 0x0000, 
	0x1040, 0x3944, 0x9bcd, 0xf637, 0xfe78, 0xfe57, 0xfe57, 0xfe78, 0xfe78, 0xfe78, 0xfe78, 0xfe78, 0xfe78, 0xfe78, 0xfe78, 0xfe78, 
	0xfe78, 0xfe78, 0xfe77, 0xfe98, 0xfe77, 0xedd5, 0x6a89, 0x0820, 0x0000, 0x0000, 0x0800, 0x0000, 0x2a4b, 0x7d7a, 0x865f, 0x4d9f, 
	0x353e, 0x355f, 0x2cbc, 0x124e, 0x0041, 0x0000, 0x0000, 0x0000, 0x0000, 0x5207, 0xdd95, 0xfe77, 0xfe77, 0xfe78, 0xfe78, 0xfe78, 
	0xfe78, 0xfe78, 0xfe78, 0xfe78, 0xfe78, 0xfe78, 0xfe78, 0xfe78, 0xfe98, 0xfe77, 0xfe57, 0xfe78, 0xf657, 0xb490, 0x4165, 0x1040, 
	0x0000, 0x0000, 0x0000, 0x0000, 0x28c2, 0x7aea, 0xe5d5, 0xfe78, 0xfe57, 0xfe78, 0xfe78, 0xfe98, 0xfe78, 0xfe57, 0xfe57, 0xfe77, 
	0xfe97, 0xfe97, 0xfe77, 0xfe77, 0xfe77, 0xfe97, 0xfe77, 0xfe77, 0xfe78, 0xfe57, 0xfe77, 0xf657, 0x834c, 0x1041, 0x0000, 0x0000, 
	0x0000, 0x0000, 0x0000, 0x0000, 0x0000, 0x3985, 0xc513, 0xfe77, 0xfe78, 0xfe77, 0xfe77, 0xfe36, 0xfdb4, 0xfd74, 0xfd94, 0xfd93, 
	0xfd94, 0xfd93, 0xfdb3, 0xfd93, 0xf533, 0x8aea, 0x1060, 0x0000, 0x0000, 0x0000, 0x0000, 0x0041, 0x532d, 0xa65a, 0xaedc, 0xaedc, 
	0xaedc, 0xaedc, 0xaedc, 0xaedc, 0xaedc, 0xaedc, 0xaedc, 0xaedc, 0xaedc, 0xaedc, 0xaedc, 0xaedc, 0xaedc, 0xaedc, 0xaedc, 0xaedc, 
	0xaedc, 0xaedc, 0xaedc, 0xaedc, 0xaedc, 0xaedc, 0xaedc, 0xaedc, 0xaedc, 0xaedc, 0xaedc, 0xaedc, 0xaedc, 0xaedc, 0xaedc, 0xaedc, 
	0xaedc, 0xaedc, 0xaedc, 0xaedc, 0xaedc, 0xaedc, 0xaedc, 0xaedc, 0xaedc, 0xaedc, 0xaedc, 0xaedc, 0xaedc, 0xaedc, 0xaedc, 0xaedc, 
	0xaedc, 0xaedc, 0xaedc, 0xaedc, 0xaedc, 0xaedc, 0xaedc, 0xaedc, 0xaedc, 0xaedc, 0xaedc, 0xaedc, 0xaedc, 0xaedc, 0xaedc, 0xaedc, 
	0xaedc, 0xaedc, 0xb6fd, 0xa63a, 0x3a8b, 0x0021, 0x0000, 0x0000, 0x0000, 0x0000, 0x20c2, 0xac70, 0xfe57, 0xfe77, 0xfe77, 0xfe78, 
	0xfe78, 0xfe78, 0xfe78, 0xfe78, 0xfe78, 0xfe78, 0xfe78, 0xfe78, 0xfe78, 0xfe58, 0xb450, 0x2903, 0x0000, 0x0000, 0x0000, 0x0000, 
	0x0020, 0x0000, 0x0800, 0x6289, 0xd5b5, 0xf657, 0xfe57, 0xf637, 0xf637, 0xf637, 0xf637, 0xf637, 0xf637, 0xf637, 0xf637, 0xf637, 
	0xf637, 0xfe57, 0xfe77, 0xfe78, 0xfe77, 0xfe97, 0xfe97, 0xfe77, 0xfe57, 0x9c0f, 0x20e3, 0x0000, 0x0000, 0x0000, 0x0000, 0x0001, 
	0x0000, 0x0000, 0x3124, 0xac91, 0xfe78, 0xfe77, 0xfe99, 0xfe58, 0xfe78, 0xfe78, 0xfe78, 0xfe78, 0xfe78, 0xfe78, 0xfe78, 0xfe78, 
	0xfe78, 0xfe78, 0xfe78, 0xfe98, 0xfe78, 0xc4d2, 0x30e3, 0x0000, 0x0000, 0x0000, 0x0000, 0x08c3, 0x5c34, 0x8e3e, 0x8e7f, 0x65df, 
	0x353f, 0x355f, 0x353e, 0x2bf7, 0x00e6, 0x0000, 0x0000, 0x0000, 0x0000, 0x1861, 0xac50, 0xfe57, 0xfe77, 0xfe78, 0xfe77, 0xfe78, 
	0xfe78, 0xfe78, 0xfe78, 0xfe78, 0xfe78, 0xfe78, 0xfe78, 0xfe78, 0xfe78, 0xfe78, 0xfe78, 0xfe78, 0xc533, 0x41a6, 0x0000, 0x0000, 
	0x0000, 0x0000, 0x0000, 0x0000, 0x0000, 0x1861, 0x836d, 0xf657, 0xfe98, 0xfe77, 0xfe77, 0xfe77, 0xfe77, 0xfe57, 0xf657, 0xfe57, 
	0xf617, 0xf616, 0xee16, 0xedf6, 0xedf6, 0xedf6, 0xee16, 0xee16, 0xee17, 0xee17, 0xf637, 0xddb5, 0x730b, 0x1041, 0x0000, 0x0020, 
	0x0000, 0x0000, 0x0000, 0x0000, 0x18c2, 0x9bce, 0xfe37, 0xfe78, 0xfe78, 0xfe78, 0xfe57, 0xfdf5, 0xfd94, 0xfd73, 0xfd94, 0xfd94, 
	0xfd74, 0xf593, 0xfd93, 0xfd73, 0xbc2f, 0x3124, 0x0000, 0x0000, 0x0000, 0x0000, 0x0000, 0x3208, 0x95b7, 0xb6fd, 0xb6fd, 0xaedc, 
	0xaedc, 0xaedc, 0xaedc, 0xaedc, 0xaedc, 0xaedc, 0xaedc, 0xaedc, 0xaedc, 0xaedc, 0xaedc, 0xaedc, 0xaedc, 0xaedc, 0xaedc, 0xaedc, 
	0xaedc, 0xaedc, 0xaedc, 0xaedc, 0xaedc, 0xaedc, 0xaedc, 0xaedc, 0xaedc, 0xaedc, 0xaedc, 0xaedc, 0xaedc, 0xaedc, 0xaedc, 0xaedc, 
	0xaedc, 0xaedc, 0xaedc, 0xaedc, 0xaedc, 0xaedc, 0xaedc, 0xaedc, 0xaedc, 0xaedc, 0xaedc, 0xaedc, 0xaedc, 0xaedc, 0xaedc, 0xaedc, 
	0xaedc, 0xaedc, 0xaedc, 0xaedc, 0xaedc, 0xaedc, 0xaedc, 0xaedc, 0xaedc, 0xaedc, 0xaedc, 0xaedc, 0xaedc, 0xaedc, 0xaedc, 0xaedc, 
	0xaedc, 0xb6dc, 0xae9c, 0xaefd, 0x8536, 0x2187, 0x0000, 0x0000, 0x0000, 0x0000, 0x0020, 0x5207, 0xdd94, 0xfe97, 0xfe98, 0xfe78, 
	0xfe78, 0xfe78, 0xfe78, 0xfe78, 0xfe78, 0xfe78, 0xfe78, 0xfe78, 0xfe78, 0xfe57, 0xf616, 0x834c, 0x1041, 0x0000, 0x0000, 0x0000, 
	0x0000, 0x0000, 0x0000, 0x20e3, 0x5227, 0x5a27, 0x5a47, 0x5227, 0x5a28, 0x5a28, 0x5a28, 0x5a28, 0x5a28, 0x5a28, 0x5a28, 0x5a28, 
	0x5a68, 0x6aea, 0x8b8d, 0xac70, 0xd554, 0xee16, 0xfe77, 0xfe78, 0xd554, 0x3985, 0x0000, 0x0001, 0x0000, 0x0020, 0x0020, 0x0000, 
	0x0020, 0x0020, 0x0000, 0x5a28, 0xddb5, 0xfe57, 0xfe78, 0xfe78, 0xfe78, 0xfe78, 0xfe78, 0xfe78, 0xfe78, 0xfe78, 0xfe78, 0xfe78, 
	0xfe78, 0xfe57, 0xfe78, 0xfe57, 0xf637, 0x834c, 0x0820, 0x0020, 0x0000, 0x0000, 0x0000, 0x2a0a, 0x859b, 0x8e5f, 0x865f, 0x7e1f, 
	0x459f, 0x353f, 0x2d3f, 0x2cfc, 0x122e, 0x0020, 0x0000, 0x0000, 0x0020, 0x0000, 0x6a89, 0xee17, 0xfe77, 0xfe77, 0xfe77, 0xfe77, 
	0xfe78, 0xfe78, 0xfe78, 0xfe78, 0xfe78, 0xfe78, 0xfe78, 0xfe78, 0xfe78, 0xfe77, 0xfe78, 0xedf6, 0x72eb, 0x0000, 0x0020, 0x0020, 
	0x0000, 0x0000, 0x0020, 0x0000, 0x0000, 0x0000, 0x3124, 0xbcd1, 0xfe77, 0xfe77, 0xf637, 0xd594, 0xb491, 0x8bae, 0x72eb, 0x5a69, 
	0x5228, 0x5228, 0x5207, 0x5207, 0x5207, 0x5207, 0x5207, 0x5207, 0x5207, 0x5207, 0x5206, 0x4a07, 0x2924, 0x0020, 0x0000, 0x0000, 
	0x0000, 0x0000, 0x0000, 0x0020, 0x6aca, 0xe5d5, 0xfe57, 0xfe78, 0xfe78, 0xfe77, 0xfe36, 0xfdd5, 0xfd74, 0xfd73, 0xfd94, 0xfd94, 
	0xfd74, 0xfdb4, 0xfd73, 0xed12, 0x6a68, 0x0841, 0x0000, 0x0000, 0x0000, 0x0000, 0x1905, 0x74b3, 0xaedc, 0xae9c, 0xb6fd, 0xaedc, 
	0xaedc, 0xaedc, 0xaedc, 0xaedc, 0xaedc, 0xaedc, 0xaedc, 0xaedc, 0xaedc, 0xaedc, 0xaedc, 0xaedc, 0xaedc, 0xaedc, 0xaedc, 0xaedc, 
	0xaedc, 0xaedc, 0xaedc, 0xaedc, 0xaedc, 0xaedc, 0xaedc, 0xaedc, 0xaedc, 0xaedc, 0xaedc, 0xaedc, 0xaedc, 0xaedc, 0xaedc, 0xaedc, 
	0xaedc, 0xaedc, 0xaedc, 0xaedc, 0xaedc, 0xaedc, 0xaedc, 0xaedc, 0xaedc, 0xaedc, 0xaedc, 0xaedc, 0xaedc, 0xaedc, 0xaedc, 0xaedc, 
	0xaedc, 0xaedc, 0xaedc, 0xaedc, 0xaedc, 0xaedc, 0xaedc, 0xaedc, 0xaedc, 0xaedc, 0xaedc, 0xaedc, 0xaedc, 0xaedc, 0xaedc, 0xaedc, 
	0xaedc, 0xb6bc, 0xaedd, 0xaefd, 0xaebc, 0x6c11, 0x0882, 0x0000, 0x0000, 0x0000, 0x0000, 0x1881, 0x9bee, 0xfe57, 0xfe78, 0xfe78, 
	0xfe78, 0xfe78, 0xfe78, 0xfe78, 0xfe78, 0xfe78, 0xfe78, 0xfe78, 0xfe78, 0xfe98, 0xfe98, 0xd574, 0x5207, 0x0000, 0x0020, 0x0000, 
	0x0000, 0x0020, 0x0000, 0x0000, 0x0000, 0x0000, 0x0000, 0x0000, 0x0000, 0x0000, 0x0000, 0x0000, 0x0000, 0x0000, 0x0000, 0x0000, 
	0x0020, 0x0020, 0x0840, 0x20a2, 0x3965, 0x6aaa, 0xac50, 0xd575, 0x834c, 0x1061, 0x0000, 0x0000, 0x0000, 0x0000, 0x0000, 0x0000, 
	0x0000, 0x0000, 0x0000, 0x1882, 0x9bee, 0xf657, 0xf636, 0xfe98, 0xfe78, 0xfe78, 0xfe78, 0xfe78, 0xfe78, 0xfe78, 0xfe78, 0xfe78, 
	0xfe78, 0xfe77, 0xfe77, 0xfe78, 0xd595, 0x49c6, 0x0000, 0x0020, 0x0000, 0x0000, 0x0883, 0x53b2, 0x8e3e, 0x8e7f, 0x865f, 0x8e5f, 
	0x5dff, 0x353f, 0x2d3e, 0x355f, 0x2396, 0x00a4, 0x0000, 0x0000, 0x0000, 0x0000, 0x3103, 0xc533, 0xfe78, 0xfe77, 0xfe77, 0xfe77, 
	0xfe78, 0xfe78, 0xfe78, 0xfe78, 0xfe78, 0xfe78, 0xfe78, 0xfe78, 0xfe98, 0xfe56, 0xfe77, 0xb470, 0x28c3, 0x0020, 0x0000, 0x0000, 
	0x0000, 0x0000, 0x0000, 0x0000, 0x0000, 0x0000, 0x1020, 0x62aa, 0xcd74, 0xac70, 0x7b0b, 0x4185, 0x20c2, 0x1061, 0x0841, 0x0000, 
	0x0000, 0x0000, 0x0000, 0x0000, 0x0000, 0x0000, 0x0000, 0x0000, 0x0000, 0x0000, 0x0000, 0x0000, 0x0000, 0x0000, 0x0020, 0x0000, 
	0x0000, 0x0000, 0x0000, 0x3965, 0xc512, 0xf677, 0xfe98, 0xfe78, 0xfe78, 0xfe57, 0xfe16, 0xfdb4, 0xfd73, 0xfd94, 0xfd94, 0xfd73, 
	0xfd94, 0xfd94, 0xfd53, 0xb3ee, 0x20e2, 0x0000, 0x0000, 0x0000, 0x0000, 0x0861, 0x5b6e, 0xa65a, 0xaefd, 0xb6dd, 0xaebc, 0xaefd, 
	0xaedc, 0xaedc, 0xaedc, 0xaedc, 0xaedc, 0xaedc, 0xaedc, 0xaedc, 0xaedc, 0xaedc, 0xaedc, 0xaedc, 0xaedc, 0xaedc, 0xaedc, 0xaedc, 
	0xaedc, 0xaedc, 0xaedc, 0xaedc, 0xaedc, 0xaedc, 0xaedc, 0xaedc, 0xaedc, 0xaedc, 0xaedc, 0xaedc, 0xaedc, 0xaedc, 0xaedc, 0xaedc, 
	0xaedc, 0xaedc, 0xaedc, 0xaedc, 0xaedc, 0xaedc, 0xaedc, 0xaedc, 0xaedc, 0xaedc, 0xaedc, 0xaedc, 0xaedc, 0xaedc, 0xaedc, 0xaedc, 
	0xaedc, 0xaedc, 0xaedc, 0xaedc, 0xaedc, 0xaedc, 0xaedc, 0xaedc, 0xaedc, 0xaedc, 0xaedc, 0xaedc, 0xaedc, 0xaedc, 0xaedc, 0xaedc, 
	0xaedc, 0xb6dd, 0xb6dd, 0xaedd, 0xaedc, 0x9df9, 0x428a, 0x0000, 0x0020, 0x0000, 0x0000, 0x0000, 0x49e6, 0xdd95, 0xfe78, 0xfe57, 
	0xfe78, 0xfe78, 0xfe78, 0xfe78, 0xfe78, 0xfe78, 0xfe78, 0xfe78, 0xfe57, 0xfe98, 0xfe77, 0xfe78, 0xb491, 0x2903, 0x0000, 0x0000, 
	0x0000, 0x0000, 0x0000, 0x0000, 0x0000, 0x0000, 0x0000, 0x0000, 0x0000, 0x0000, 0x0000, 0x0000, 0x0000, 0x0000, 0x0000, 0x0000, 
	0x0000, 0x0000, 0x0000, 0x0000, 0x0000, 0x0020, 0x20e3, 0x39a6, 0x20e3, 0x0000, 0x0000, 0x0000, 0x0820, 0x0001, 0x0084, 0x0020, 
	0x0000, 0x0000, 0x0000, 0x0000, 0x49c6, 0xd594, 0xfe98, 0xfe77, 0xfe78, 0xfe78, 0xfe78, 0xfe78, 0xfe78, 0xfe78, 0xfe78, 0xfe78, 
	0xfe58, 0xfe98, 0xfe77, 0xfe98, 0xac70, 0x20c2, 0x0000, 0x0000, 0x0000, 0x0000, 0x1987, 0x7519, 0x967f, 0x8e5f, 0x8e5f, 0x965f, 
	0x761e, 0x3d5f, 0x353f, 0x355f, 0x2cbc, 0x09aa, 0x0000, 0x0000, 0x0000, 0x0000, 0x1061, 0x93ae, 0xfe78, 0xfe98, 0xfe57, 0xfe98, 
	0xfe78, 0xfe78, 0xfe78, 0xfe78, 0xfe78, 0xfe78, 0xfe78, 0xfe78, 0xfe97, 0xfe98, 0xe5f6, 0x6248, 0x0800, 0x0000, 0x0000, 0x0820, 
	0x0020, 0x0083, 0x0021, 0x0000, 0x0000, 0x0000, 0x0000, 0x10a3, 0x41c7, 0x2104, 0x0821, 0x0000, 0x0000, 0x0000, 0x0000, 0x0000, 
	0x0000, 0x0000, 0x0000, 0x0000, 0x0000, 0x0000, 0x0000, 0x0000, 0x0000, 0x0000, 0x0000, 0x0000, 0x0000, 0x0000, 0x0000, 0x0000, 
	0x0000, 0x0000, 0x18c2, 0x9bee, 0xf637, 0xfe98, 0xfe98, 0xfe57, 0xfe78, 0xfe57, 0xfdf5, 0xfd94, 0xfd93, 0xfd93, 0xfd94, 0xfd94, 
	0xfd73, 0xfd74, 0xed12, 0x6248, 0x0020, 0x0000, 0x0000, 0x0020, 0x0000, 0x29c8, 0x9597, 0xaedc, 0xaefd, 0xb6dd, 0xaedc, 0xaefd, 
	0xaedc, 0xaedc, 0xaedc, 0xaedc, 0xaedc, 0xaedc, 0xaedc, 0xaedc, 0xaedc, 0xaedc, 0xaedc, 0xaedc, 0xaedc, 0xaedc, 0xaedc, 0xaedc, 
	0xaedc, 0xaedc, 0xaedc, 0xaedc, 0xaedc, 0xaedc, 0xaedc, 0xaedc, 0xaedc, 0xaedc, 0xaedc, 0xaedc, 0xaedc, 0xaedc, 0xaedc, 0xaedc, 
	0xaedc, 0xaedc, 0xaedc, 0xaedc, 0xaedc, 0xaedc, 0xaedc, 0xaedc, 0xaedc, 0xaedc, 0xaedc, 0xaedc, 0xaedc, 0xaedc, 0xaedc, 0xaedc, 
	0xaedc, 0xaedc, 0xaedc, 0xaedc, 0xaedc, 0xaedc, 0xaedc, 0xaedc, 0xaedc, 0xaedc, 0xaedc, 0xaedc, 0xaedc, 0xaedc, 0xaedc, 0xaedc, 
	0xaedd, 0xaefd, 0xaebc, 0xaedc, 0xaebc, 0xaedc, 0x7cf4, 0x1905, 0x0000, 0x0000, 0x0000, 0x0000, 0x18a2, 0xa40f, 0xfe78, 0xfe77, 
	0xfe78, 0xfe78, 0xfe78, 0xfe78, 0xfe78, 0xfe78, 0xfe78, 0xfe78, 0xfe98, 0xfe57, 0xfe78, 0xfe98, 0xee36, 0x834b, 0x1861, 0x0000, 
	0x0000, 0x0000, 0x0000, 0x0000, 0x0000, 0x0000, 0x0000, 0x0000, 0x0000, 0x0000, 0x0000, 0x0000, 0x0000, 0x0000, 0x0000, 0x0000, 
	0x0820, 0x0000, 0x0000, 0x0000, 0x0000, 0x0000, 0x0000, 0x0020, 0x0000, 0x0800, 0x0000, 0x0000, 0x0000, 0x0128, 0x1a90, 0x00c5, 
	0x0000, 0x0000, 0x0000, 0x0000, 0x1061, 0x836c, 0xf657, 0xfe57, 0xfe78, 0xfe78, 0xfe78, 0xfe78, 0xfe78, 0xfe78, 0xfe78, 0xfe78, 
	0xfe78, 0xfe77, 0xfe77, 0xfe57, 0x834c, 0x0840, 0x0000, 0x0000, 0x0000, 0x0020, 0x42ee, 0x85fe, 0x8e7f, 0x8e5e, 0x8e5e, 0x965f, 
	0x7e3f, 0x4d9f, 0x353f, 0x353f, 0x2d1e, 0x1af1, 0x0842, 0x0000, 0x0000, 0x0000, 0x0000, 0x6289, 0xee16, 0xfe98, 0xfe77, 0xfe78, 
	0xfe78, 0xfe78, 0xfe78, 0xfe78, 0xfe78, 0xfe78, 0xfe78, 0xfe78, 0xfe77, 0xf678, 0x9bef, 0x20a2, 0x0020, 0x0000, 0x0000, 0x0000, 
	0x0083, 0x1a8f, 0x0969, 0x0000, 0x0000, 0x0000, 0x0800, 0x0020, 0x0000, 0x0000, 0x0000, 0x0000, 0x0000, 0x0000, 0x0000, 0x0000, 
	0x0000, 0x0000, 0x0000, 0x0000, 0x0000, 0x0000, 0x0000, 0x0000, 0x0000, 0x0000, 0x0000, 0x0000, 0x0000, 0x0000, 0x0000, 0x0000, 
	0x0000, 0x0820, 0x6aa9, 0xe5f6, 0xfe77, 0xfeb8, 0xfe77, 0xfe78, 0xfe77, 0xfe37, 0xfdb5, 0xfd73, 0xfd93, 0xfd93, 0xfd73, 0xfd94, 
	0xfd93, 0xfd74, 0xb40f, 0x28c2, 0x0000, 0x0000, 0x0000, 0x0000, 0x10c3, 0x6c51, 0xaebc, 0xaedd, 0xaebc, 0xaebc, 0xb6fd, 0xaedd, 
	0xaedc, 0xaedc, 0xaedc, 0xaedc, 0xaedc, 0xaedc, 0xaedc, 0xaedc, 0xaedc, 0xaedc, 0xaedc, 0xaedc, 0xaedc, 0xaedc, 0xaedc, 0xaedc, 
	0xaedc, 0xaedc, 0xaedc, 0xaedc, 0xaedc, 0xaedc, 0xaedc, 0xaedc, 0xaedc, 0xaedc, 0xaedc, 0xaedc, 0xaedc, 0xaedc, 0xaedc, 0xaedc, 
	0xaedc, 0xaedc, 0xaedc, 0xaedc, 0xaedc, 0xaedc, 0xaedc, 0xaedc, 0xaedc, 0xaedc, 0xaedc, 0xaedc, 0xaedc, 0xaedc, 0xaedc, 0xaedc, 
	0xaedc, 0xaedc, 0xaedc, 0xaedc, 0xaedc, 0xaedc, 0xaedc, 0xaedc, 0xaedc, 0xaedc, 0xaedc, 0xaedc, 0xaedc, 0xaedc, 0xaedc, 0xaedc, 
	0xaefd, 0xaedc, 0xb6dc, 0xb6bc, 0xb6dd, 0xaf1d, 0x9e39, 0x4acc, 0x0020, 0x0000, 0x0000, 0x0000, 0x0020, 0x6248, 0xedf6, 0xfe77, 
	0xfe78, 0xfe78, 0xfe78, 0xfe78, 0xfe78, 0xfe78, 0xfe78, 0xfe78, 0xfe78, 0xfe58, 0xfe78, 0xfe77, 0xfe77, 0xdd94, 0x5a27, 0x0041, 
	0x0000, 0x0000, 0x0000, 0x0000, 0x0000, 0x0000, 0x0000, 0x0000, 0x0000, 0x0000, 0x0000, 0x0000, 0x0000, 0x0000, 0x0000, 0x0000, 
	0x0000, 0x0000, 0x0000, 0x0000, 0x0000, 0x0000, 0x0000, 0x0000, 0x0000, 0x0000, 0x0000, 0x0000, 0x0841, 0x12b0, 0x349a, 0x124d, 
	0x0021, 0x0000, 0x0000, 0x0000, 0x0000, 0x4186, 0xcd33, 0xfe78, 0xfe78, 0xfe78, 0xfe78, 0xfe78, 0xfe78, 0xfe78, 0xfe78, 0xfe78, 
	0xfe99, 0xfe57, 0xfe97, 0xe5d5, 0x6aa9, 0x0000, 0x0000, 0x0000, 0x0000, 0x10a2, 0x6454, 0x8e3f, 0x8e5f, 0x8e7f, 0x8e7f, 0x8e3f, 
	0x863f, 0x5ddf, 0x353f, 0x353f, 0x2d3f, 0x2c17, 0x08c5, 0x0000, 0x0000, 0x0000, 0x0000, 0x4a07, 0xddb5, 0xfe78, 0xfe98, 0xfe78, 
	0xfe78, 0xfe78, 0xfe78, 0xfe78, 0xfe78, 0xfe78, 0xfe78, 0xfe78, 0xfe57, 0xe5b5, 0x5208, 0x0000, 0x0000, 0x0020, 0x0000, 0x0000, 
	0x11ea, 0x2c7a, 0x2333, 0x0882, 0x0000, 0x0001, 0x0800, 0x0000, 0x0000, 0x0000, 0x0000, 0x0000, 0x0000, 0x0000, 0x0000, 0x0000, 
	0x0000, 0x0000, 0x0000, 0x0000, 0x0000, 0x0000, 0x0000, 0x0000, 0x0000, 0x0000, 0x0000, 0x0000, 0x0000, 0x0000, 0x0000, 0x0000, 
	0x0020, 0x4185, 0xc512, 0xfe77, 0xfe78, 0xfe38, 0xfe78, 0xf677, 0xfe77, 0xfe36, 0xfdb4, 0xfd53, 0xfd93, 0xfd93, 0xfd73, 0xfd94, 
	0xfd73, 0xed33, 0x72ca, 0x0020, 0x0000, 0x0000, 0x0020, 0x0000, 0x3a29, 0x9df8, 0xaefd, 0xb6fd, 0xb6bd, 0xaedc, 0xaedc, 0xaedd, 
	0xaedc, 0xaedc, 0xaedc, 0xaedc, 0xaedc, 0xaedc, 0xaedc, 0xaedc, 0xaedc, 0xaedc, 0xaedc, 0xaedc, 0xaedc, 0xaedc, 0xaedc, 0xaedc, 
	0xaedc, 0xaedc, 0xaedc, 0xaedc, 0xaedc, 0xaedc, 0xaedc, 0xaedc, 0xaedc, 0xaedc, 0xaedc, 0xaedc, 0xaedc, 0xaedc, 0xaedc, 0xaedc, 
	0xaedc, 0xaedc, 0xaedc, 0xaedc, 0xaedc, 0xaedc, 0xaedc, 0xaedc, 0xaedc, 0xaedc, 0xaedc, 0xaedc, 0xaedc, 0xaedc, 0xaedc, 0xaedc, 
	0xaedc, 0xaedc, 0xaedc, 0xaedc, 0xaedc, 0xaedc, 0xaedc, 0xaedc, 0xaedc, 0xaedc, 0xaedc, 0xaedc, 0xaedc, 0xaedc, 0xaedc, 0xaedc, 
	0xaedc, 0xaedd, 0xaebc, 0xb6fd, 0xaedc, 0xb6dd, 0xaebc, 0x7cf5, 0x1904, 0x0000, 0x0000, 0x0000, 0x0000, 0x2904, 0xbcf2, 0xfe78, 
	0xfe78, 0xfe78, 0xfe78, 0xfe77, 0xfe78, 0xfe78, 0xfe77, 0xfe78, 0xfe98, 0xfe78, 0xfe78, 0xfe57, 0xfe78, 0xfe78, 0xc4f2, 0x7289, 
	0x3965, 0x3144, 0x3124, 0x3124, 0x3144, 0x3124, 0x3124, 0x3124, 0x3124, 0x3124, 0x3124, 0x3124, 0x3124, 0x3124, 0x3124, 0x3124, 
	0x2903, 0x1862, 0x0821, 0x0000, 0x0000, 0x0020, 0x0000, 0x0000, 0x0000, 0x0800, 0x0000, 0x0000, 0x0189, 0x247a, 0x2d3f, 0x23f8, 
	0x08e5, 0x0001, 0x0021, 0x0000, 0x0000, 0x0862, 0x834c, 0xfe37, 0xfe77, 0xfe78, 0xfe58, 0xfe78, 0xfe98, 0xfe77, 0xfe57, 0xfe78, 
	0xfe78, 0xf697, 0xfe97, 0xe5b5, 0x5227, 0x0000, 0x0000, 0x0000, 0x0000, 0x1925, 0x7519, 0x867f, 0x8e5f, 0x963e, 0x8e5e, 0x965e, 
	0x8e3d, 0x5dff, 0x357f, 0x3d3e, 0x355f, 0x2c9b, 0x1188, 0x0000, 0x0000, 0x0801, 0x0000, 0x3964, 0xd573, 0xfe78, 0xfe57, 0xfe98, 
	0xfe98, 0xfe77, 0xfe78, 0xfe58, 0xfe78, 0xfe78, 0xfe98, 0xfe77, 0xfe78, 0x9bee, 0x1881, 0x0000, 0x0000, 0x0000, 0x0000, 0x00a4, 
	0x1b96, 0x2d1e, 0x24bc, 0x09eb, 0x0000, 0x0000, 0x0021, 0x0000, 0x0020, 0x0000, 0x0000, 0x0000, 0x0000, 0x0800, 0x1861, 0x2104, 
	0x2924, 0x3124, 0x3124, 0x3124, 0x3124, 0x3124, 0x3124, 0x3124, 0x3124, 0x3124, 0x3144, 0x3124, 0x3124, 0x3124, 0x3144, 0x3165, 
	0x6247, 0xbcb1, 0xf657, 0xfe78, 0xfe78, 0xfe78, 0xfe77, 0xfe78, 0xfe77, 0xfdf5, 0xfd74, 0xfd73, 0xfd94, 0xfd94, 0xfd74, 0xfd93, 
	0xfd93, 0xd4b1, 0x3945, 0x0800, 0x0000, 0x0000, 0x0000, 0x1082, 0x6452, 0xae9b, 0xb6dd, 0xaedc, 0xb6fd, 0xaedc, 0xaedd, 0xb6dd, 
	0xaedc, 0xaedc, 0xaedc, 0xaedc, 0xaedc, 0xaedc, 0xaedc, 0xaedc, 0xaedc, 0xaedc, 0xaedc, 0xaedc, 0xaedc, 0xaedc, 0xaedc, 0xaedc, 
	0xaedc, 0xaedc, 0xaedc, 0xaedc, 0xaedc, 0xaedc, 0xaedc, 0xaedc, 0xaedc, 0xaedc, 0xaedc, 0xaedc, 0xaedc, 0xaedc, 0xaedc, 0xaedc, 
	0xaedc, 0xaedc, 0xaedc, 0xaedc, 0xaedc, 0xaedc, 0xaedc, 0xaedc, 0xaedc, 0xaedc, 0xaedc, 0xaedc, 0xaedc, 0xaedc, 0xaedc, 0xaedc, 
	0xaedc, 0xaedc, 0xaedc, 0xaedc, 0xaedc, 0xaedc, 0xaedc, 0xaedc, 0xaedc, 0xaedc, 0xaedc, 0xaedc, 0xaedc, 0xaedc, 0xaedc, 0xaedc, 
	0xaedc, 0xb6fd, 0xaedc, 0xaedd, 0xaedc, 0xb6dd, 0xb6dd, 0x9e1a, 0x3a6a, 0x0021, 0x0000, 0x0000, 0x0000, 0x1041, 0x8b8d, 0xf637, 
	0xfe78, 0xfe78, 0xfe78, 0xfe78, 0xfe78, 0xfe78, 0xfe77, 0xfe78, 0xfe78, 0xfe77, 0xfe98, 0xfe78, 0xfe57, 0xfe78, 0xf678, 0xe5d6, 
	0xcd13, 0xc4f2, 0xc4f2, 0xc4f2, 0xc4f2, 0xc4f2, 0xc4f2, 0xc4f2, 0xc4f2, 0xc4f2, 0xc4f2, 0xc4f2, 0xc4f2, 0xc4f2, 0xc4f2, 0xc4f2, 
	0xb4b1, 0xa450, 0x834c, 0x5207, 0x20c2, 0x0000, 0x0000, 0x0000, 0x0000, 0x0000, 0x0000, 0x0062, 0x2b11, 0x34fd, 0x355f, 0x34dc, 
	0x1a8e, 0x0042, 0x0000, 0x0000, 0x0000, 0x0000, 0x4165, 0xcd33, 0xfe77, 0xfe57, 0xfe78, 0xfe77, 0xfe77, 0xfe77, 0xfe98, 0xfe78, 
	0xfe57, 0xfe98, 0xfe77, 0xdd74, 0x51e7, 0x0000, 0x0000, 0x0000, 0x0000, 0x1905, 0x7d18, 0x8e5f, 0x8e5f, 0x8e3e, 0x8e7f, 0x865f, 
	0x965f, 0x65df, 0x353f, 0x351e, 0x2d5f, 0x2cdd, 0x0968, 0x0000, 0x0000, 0x0000, 0x0000, 0x3985, 0xcd32, 0xfe78, 0xfe78, 0xfe57, 
	0xfe78, 0xfe78, 0xfe78, 0xfe57, 0xfe78, 0xfe78, 0xfe77, 0xfe77, 0xdd94, 0x51e7, 0x0000, 0x0000, 0x0000, 0x0000, 0x0000, 0x1a0b, 
	0x34bb, 0x353f, 0x2d3e, 0x2353, 0x00a4, 0x0000, 0x0000, 0x0000, 0x0020, 0x0000, 0x0000, 0x1882, 0x49e6, 0x7b0b, 0x9c0f, 0xb4b2, 
	0xc4f2, 0xc4f2, 0xc4f2, 0xc4f2, 0xc4f2, 0xc4f2, 0xc4f2, 0xc4f2, 0xc4f2, 0xc4f2, 0xc4f2, 0xc4f2, 0xc4f2, 0xc4f2, 0xc4f2, 0xc512, 
	0xddb5, 0xf658, 0xfe98, 0xfe57, 0xfe77, 0xfe78, 0xfe77, 0xfe98, 0xfe57, 0xfdd5, 0xfd74, 0xfd94, 0xfd94, 0xfd74, 0xfd74, 0xfd94, 
	0xfd73, 0xa38c, 0x18a1, 0x0000, 0x0000, 0x0020, 0x0000, 0x29a7, 0x95b8, 0xb6dd, 0xaedc, 0xaedc, 0xaedc, 0xaedd, 0xaedd, 0xaebd, 
	0xaedc, 0xaedc, 0xaedc, 0xaedc, 0xaedc, 0xaedc, 0xaedc, 0xaedc, 0xaedc, 0xaedc, 0xaedc, 0xaedc, 0xaedc, 0xaedc, 0xaedc, 0xaedc, 
	0xaedc, 0xaedc, 0xaedc, 0xaedc, 0xaedc, 0xaedc, 0xaedc, 0xaedc, 0xaedc, 0xaedc, 0xaedc, 0xaedc, 0xaedc, 0xaedc, 0xaedc, 0xaedc, 
	0xaedc, 0xaedc, 0xaedc, 0xaedc, 0xaedc, 0xaedc, 0xaedc, 0xaedc, 0xaedc, 0xaedc, 0xaedc, 0xaedc, 0xaedc, 0xaedc, 0xaedc, 0xaedc, 
	0xaedc, 0xaedc, 0xaedc, 0xaedc, 0xaedc, 0xaedc, 0xaedc, 0xaedc, 0xaedc, 0xaedc, 0xaedc, 0xaedc, 0xaedc, 0xaedc, 0xaedc, 0xaedc, 
	0xaebc, 0xb6fd, 0xaedc, 0xaedc, 0xb6fd, 0xaedc, 0xb6dc, 0xb6bc, 0x6c51, 0x0862, 0x0000, 0x0000, 0x0000, 0x0000, 0x5207, 0xe5b5, 
	0xfe78, 0xfe77, 0xfe78, 0xfe78, 0xfe78, 0xfe77, 0xfe78, 0xfe78, 0xfe78, 0xfe57, 0xfe77, 0xfe98, 0xfe98, 0xfe78, 0xfe98, 0xfe98, 
	0xfe98, 0xfe77, 0xfe77, 0xfe77, 0xfe77, 0xfe77, 0xfe77, 0xfe77, 0xfe77, 0xfe77, 0xfe77, 0xfe77, 0xfe77, 0xfe77, 0xfe77, 0xfe77, 
	0xfe77, 0xfe78, 0xf637, 0xe5d5, 0xa450, 0x2924, 0x0020, 0x0000, 0x0000, 0x0000, 0x0000, 0x29c8, 0x5d1a, 0x457f, 0x353e, 0x355f, 
	0x2438, 0x0926, 0x0000, 0x0001, 0x0000, 0x0000, 0x0821, 0x836c, 0xf657, 0xfe77, 0xfe78, 0xfe77, 0xfe77, 0xfe77, 0xfe98, 0xfe58, 
	0xfe78, 0xfe78, 0xfe78, 0xedf6, 0x6268, 0x0020, 0x0000, 0x0000, 0x0000, 0x10e4, 0x6c75, 0x8e3e, 0x969f, 0x8e7f, 0x865f, 0x865f, 
	0x7e1f, 0x559f, 0x353f, 0x353f, 0x2d3f, 0x2c38, 0x0105, 0x0020, 0x0000, 0x0000, 0x0000, 0x41e6, 0xdd74, 0xfe78, 0xfe78, 0xfe78, 
	0xfe77, 0xfe78, 0xfe78, 0xfe78, 0xfe78, 0xfe78, 0xfe77, 0xfe77, 0xa42f, 0x1083, 0x0000, 0x0000, 0x0000, 0x0000, 0x10e5, 0x5456, 
	0x4d7f, 0x353e, 0x2d7f, 0x34bb, 0x11ec, 0x0021, 0x0000, 0x0000, 0x0000, 0x0000, 0x20c3, 0x93ae, 0xdd95, 0xf637, 0xfe98, 0xfe78, 
	0xfe77, 0xfe77, 0xfe77, 0xfe77, 0xfe77, 0xfe77, 0xfe77, 0xfe77, 0xfe77, 0xfe77, 0xfe77, 0xfe77, 0xfe77, 0xfe77, 0xfe77, 0xfe77, 
	0xfeb9, 0xfe98, 0xfe78, 0xfe77, 0xfe98, 0xfe98, 0xfe77, 0xfe78, 0xfe57, 0xfdb5, 0xfd73, 0xfd94, 0xfd94, 0xfd74, 0xfd74, 0xfd94, 
	0xf533, 0x6247, 0x0020, 0x0000, 0x0000, 0x0020, 0x0021, 0x5b8e, 0xae9c, 0xb6fd, 0xaedc, 0xaedc, 0xaedc, 0xb6fd, 0xb6fd, 0xaebc, 
	0xaedc, 0xaedc, 0xaedc, 0xaedc, 0xaedc, 0xaedc, 0xaedc, 0xaedc, 0xaedc, 0xaedc, 0xaedc, 0xaedc, 0xaedc, 0xaedc, 0xaedc, 0xaedc, 
	0xaedc, 0xaedc, 0xaedc, 0xaedc, 0xaedc, 0xaedc, 0xaedc, 0xaedc, 0xaedc, 0xaedc, 0xaedc, 0xaedc, 0xaedc, 0xaedc, 0xaedc, 0xaedc, 
	0xaedc, 0xaedc, 0xaedc, 0xaedc, 0xaedc, 0xaedc, 0xaedc, 0xaedc, 0xaedc, 0xaedc, 0xaedc, 0xaedc, 0xaedc, 0xaedc, 0xaedc, 0xaedc, 
	0xaedc, 0xaedc, 0xaedc, 0xaedc, 0xaedc, 0xaedc, 0xaedc, 0xaedc, 0xaedc, 0xaedc, 0xaedc, 0xaedc, 0xaedc, 0xaedc, 0xaedc, 0xaedc, 
	0xaedc, 0xaedc, 0xaedc, 0xaedc, 0xb6fd, 0xaedc, 0xaebc, 0xb6dc, 0x8db7, 0x2946, 0x0000, 0x0000, 0x0000, 0x0000, 0x2103, 0xccf2, 
	0xfe78, 0xfe78, 0xfe77, 0xfe98, 0xfe78, 0xfe77, 0xfe98, 0xfe77, 0xfe78, 0xfe78, 0xfe78, 0xfe77, 0xfe77, 0xfe77, 0xfe57, 0xfe57, 
	0xfe78, 0xfe78, 0xfe78, 0xfe98, 0xfe98, 0xfe78, 0xfe78, 0xfe98, 0xfe78, 0xfe78, 0xfe98, 0xfe98, 0xfe98, 0xfe78, 0xfe78, 0xfe78, 
	0xfe78, 0xfe77, 0xfe77, 0xfe78, 0xc513, 0x28e3, 0x0000, 0x0000, 0x0000, 0x0000, 0x0861, 0x53d2, 0x7e1f, 0x559f, 0x351e, 0x255f, 
	0x2d1e, 0x1a8f, 0x0820, 0x0000, 0x0000, 0x0000, 0x0021, 0x3985, 0xd574, 0xfe98, 0xfe57, 0xfe77, 0xfe98, 0xfe57, 0xfe98, 0xfe58, 
	0xfe78, 0xfe57, 0xfe78, 0xfe37, 0x730b, 0x0020, 0x0000, 0x0000, 0x0000, 0x0021, 0x4b0e, 0x8dfd, 0x8e5f, 0x8e3f, 0x965e, 0x9e7e, 
	0x7e5f, 0x4d7e, 0x353f, 0x2d5f, 0x351e, 0x22f1, 0x0082, 0x0000, 0x0000, 0x0000, 0x0000, 0x5a27, 0xedf5, 0xfe58, 0xfe58, 0xfe98, 
	0xfe78, 0xfe57, 0xfe77, 0xfe78, 0xfe98, 0xfe77, 0xfe98, 0xe5b5, 0x5227, 0x0021, 0x0000, 0x0000, 0x0000, 0x0000, 0x328d, 0x7dfe, 
	0x5ddf, 0x353e, 0x2d3f, 0x355f, 0x2395, 0x00a4, 0x0000, 0x0000, 0x0000, 0x0000, 0x18a2, 0xac50, 0xfe57, 0xfe97, 0xfe77, 0xfe57, 
	0xfe77, 0xfe78, 0xfe98, 0xfe98, 0xfe98, 0xfe78, 0xfe98, 0xfe98, 0xfe98, 0xfe78, 0xfe78, 0xfe78, 0xfe78, 0xfe78, 0xfe78, 0xfe78, 
	0xfe57, 0xfe57, 0xfe78, 0xfe77, 0xfe77, 0xfe78, 0xfe78, 0xfe78, 0xfe36, 0xfdb4, 0xfd73, 0xfd93, 0xfd94, 0xfd74, 0xfd74, 0xfd94, 
	0xdcb2, 0x3964, 0x0020, 0x0000, 0x0000, 0x0000, 0x18e4, 0x7d14, 0xaedc, 0xaedc, 0xaedc, 0xaedd, 0xaedc, 0xb6fd, 0xaedc, 0xaedc, 
	0xaedc, 0xaedc, 0xaedc, 0xaedc, 0xaedc, 0xaedc, 0xaedc, 0xaedc, 0xaedc, 0xaedc, 0xaedc, 0xaedc, 0xaedc, 0xaedc, 0xaedc, 0xaedc, 
	0xaedc, 0xaedc, 0xaedc, 0xaedc, 0xaedc, 0xaedc, 0xaedc, 0xaedc, 0xaedc, 0xaedc, 0xaedc, 0xaedc, 0xaedc, 0xaedc, 0xaedc, 0xaedc, 
	0xaedc, 0xaedc, 0xaedc, 0xaedc, 0xaedc, 0xaedc, 0xaedc, 0xaedc, 0xaedc, 0xaedc, 0xaedc, 0xaedc, 0xaedc, 0xaedc, 0xaedc, 0xaedc, 
	0xaedc, 0xaedc, 0xaedc, 0xaedc, 0xaedc, 0xaedc, 0xaedc, 0xaedc, 0xaedc, 0xaedc, 0xaedc, 0xaedc, 0xaedc, 0xaedc, 0xaedc, 0xaedc, 
	0xb6fd, 0xaebc, 0xaedc, 0xaedc, 0xaedc, 0xaedd, 0xaedc, 0xb6dd, 0x9e7a, 0x4a8b, 0x0021, 0x0000, 0x0000, 0x0000, 0x0881, 0xac0f, 
	0xfe77, 0xfe78, 0xfe77, 0xfe78, 0xfe78, 0xfe77, 0xfe98, 0xfe77, 0xfe57, 0xfe98, 0xfe78, 0xfe57, 0xfe77, 0xfe98, 0xfe98, 0xfe98, 
	0xfe78, 0xfe78, 0xfe78, 0xfe78, 0xfe78, 0xfe78, 0xfe78, 0xfe78, 0xfe78, 0xfe78, 0xfe78, 0xfe78, 0xfe78, 0xfe78, 0xfe78, 0xfe78, 
	0xfe58, 0xfe77, 0xfe78, 0xf637, 0x8b6d, 0x0840, 0x0000, 0x0000, 0x0000, 0x0000, 0x21c7, 0x7d7a, 0x865f, 0x6ddf, 0x3d5f, 0x2d5f, 
	0x355f, 0x2418, 0x0905, 0x0000, 0x0000, 0x0000, 0x0000, 0x1061, 0x93cd, 0xf678, 0xfe57, 0xfe57, 0xfe98, 0xfe78, 0xfe78, 0xfe78, 
	0xfe78, 0xfe78, 0xfe77, 0xfe37, 0x9bcd, 0x1881, 0x0000, 0x0000, 0x0000, 0x0000, 0x1926, 0x6c96, 0x8e5f, 0x8e7f, 0x8e3e, 0x8e5f, 
	0x6dde, 0x3d3e, 0x2d3f, 0x2d5f, 0x2439, 0x0969, 0x0000, 0x0000, 0x0000, 0x0000, 0x0840, 0x82ea, 0xf616, 0xfe78, 0xfe78, 0xfe77, 
	0xfe78, 0xfe77, 0xfe78, 0xfe77, 0xfe77, 0xfe77, 0xfe78, 0xb450, 0x18a2, 0x0000, 0x0000, 0x0000, 0x0000, 0x10e5, 0x6476, 0x8e5f, 
	0x763f, 0x457f, 0x2d3f, 0x2d5f, 0x34bc, 0x11cb, 0x0000, 0x0000, 0x0000, 0x0000, 0x0820, 0x72ca, 0xedd6, 0xfe78, 0xfe77, 0xfe57, 
	0xfe78, 0xfe78, 0xfe78, 0xfe78, 0xfe78, 0xfe78, 0xfe78, 0xfe78, 0xfe78, 0xfe78, 0xfe78, 0xfe78, 0xfe78, 0xfe78, 0xfe78, 0xfe78, 
	0xfe98, 0xfe78, 0xfe78, 0xfe77, 0xfe77, 0xfe78, 0xfe98, 0xfe77, 0xfe16, 0xfd94, 0xfd73, 0xfd93, 0xfd73, 0xfd74, 0xfd94, 0xfd93, 
	0xbc0f, 0x18c1, 0x0000, 0x0000, 0x0000, 0x0000, 0x39e9, 0x95f8, 0xaefd, 0xaedd, 0xaefd, 0xaebc, 0xaedc, 0xaedc, 0xaedc, 0xb6fd, 
	0xaedc, 0xaedc, 0xaedc, 0xaedc, 0xaedc, 0xaedc, 0xaedc, 0xaedc, 0xaedc, 0xaedc, 0xaedc, 0xaedc, 0xaedc, 0xaedc, 0xaedc, 0xaedc, 
	0xaedc, 0xaedc, 0xaedc, 0xaedc, 0xaedc, 0xaedc, 0xaedc, 0xaedc, 0xaedc, 0xaedc, 0xaedc, 0xaedc, 0xaedc, 0xaedc, 0xaedc, 0xaedc, 
	0xaedc, 0xaedc, 0xaedc, 0xaedc, 0xaedc, 0xaedc, 0xaedc, 0xaedc, 0xaedc, 0xaedc, 0xaedc, 0xaedc, 0xaedc, 0xaedc, 0xaedc, 0xaedc, 
	0xaedc, 0xaedc, 0xaedc, 0xaedc, 0xaedc, 0xaedc, 0xaedc, 0xaedc, 0xaedc, 0xaedc, 0xaedc, 0xaedc, 0xaedc, 0xaedc, 0xaedc, 0xaedc, 
	0xaedd, 0xaedc, 0xb6fd, 0xaedd, 0xaebc, 0xaedc, 0xb6fd, 0xaedc, 0xa6dc, 0x6bf0, 0x0862, 0x0000, 0x0000, 0x0000, 0x0020, 0x7b0b, 
	0xf616, 0xfe98, 0xfe78, 0xfe78, 0xfe78, 0xfe77, 0xfe98, 0xfe77, 0xfe78, 0xfe78, 0xfe77, 0xfe77, 0xfe98, 0xfe98, 0xfe77, 0xfe57, 
	0xfe77, 0xfe77, 0xfe78, 0xfe78, 0xfe77, 0xfe77, 0xfe77, 0xfe77, 0xfe77, 0xfe77, 0xfe77, 0xfe77, 0xfe77, 0xfe77, 0xfe77, 0xfe77, 
	0xfe78, 0xfe78, 0xfe98, 0xd594, 0x4165, 0x0000, 0x0000, 0x0000, 0x0000, 0x0841, 0x5391, 0x8e3e, 0x8e5f, 0x7e1f, 0x559f, 0x353e, 
	0x353f, 0x2d1e, 0x1a6e, 0x0020, 0x0000, 0x0000, 0x0000, 0x0000, 0x5207, 0xddd6, 0xfe98, 0xfe57, 0xfe78, 0xfe78, 0xfe78, 0xfe78, 
	0xfe78, 0xfeb8, 0xfe77, 0xfe36, 0xccd1, 0x4144, 0x0000, 0x0000, 0x0000, 0x0020, 0x0000, 0x21c9, 0x64b7, 0x85fd, 0x8e7f, 0x6e3f, 
	0x457f, 0x357f, 0x34fd, 0x2418, 0x09ec, 0x0020, 0x0000, 0x0000, 0x0000, 0x0000, 0x28c2, 0xbc2f, 0xfdf5, 0xfe98, 0xfe78, 0xfe78, 
	0xfe57, 0xfe98, 0xfe98, 0xfe57, 0xfe77, 0xfe98, 0xe617, 0x72aa, 0x0841, 0x0000, 0x0000, 0x0000, 0x0800, 0x326c, 0x7ddd, 0x8e5f, 
	0x865f, 0x5ddf, 0x3d5f, 0x2d3f, 0x2d1f, 0x2374, 0x0083, 0x0000, 0x0000, 0x0000, 0x0000, 0x3103, 0xc513, 0xfe78, 0xfe98, 0xfe78, 
	0xfe77, 0xfe77, 0xfe77, 0xfe77, 0xfe77, 0xfe77, 0xfe77, 0xfe78, 0xfe77, 0xfe77, 0xfe77, 0xfe77, 0xfe78, 0xfe78, 0xfe78, 0xfe77, 
	0xfe98, 0xfe57, 0xfe77, 0xfe98, 0xfe98, 0xfe98, 0xfe77, 0xfe77, 0xfdf5, 0xfd94, 0xfd73, 0xfd93, 0xfd73, 0xfd74, 0xfd94, 0xf573, 
	0x932c, 0x0860, 0x0000, 0x0000, 0x0000, 0x0000, 0x532d, 0xae9b, 0xaedd, 0xb6fd, 0xb6fd, 0xaebc, 0xb6fd, 0xaedd, 0xaedc, 0xaedd, 
	0xaedc, 0xaedc, 0xaedc, 0xaedc, 0xaedc, 0xaedc, 0xaedc, 0xaedc, 0xaedc, 0xaedc, 0xaedc, 0xaedc, 0xaedc, 0xaedc, 0xaedc, 0xaedc, 
	0xaedc, 0xaedc, 0xaedc, 0xaedc, 0xaedc, 0xaedc, 0xaedc, 0xaedc, 0xaedc, 0xaedc, 0xaedc, 0xaedc, 0xaedc, 0xaedc, 0xaedc, 0xaedc, 
	0xaedc, 0xaedc, 0xaedc, 0xaedc, 0xaedc, 0xaedc, 0xaedc, 0xaedc, 0xaedc, 0xaedc, 0xaedc, 0xaedc, 0xaedc, 0xaedc, 0xaedc, 0xaedc, 
	0xaedc, 0xaedc, 0xaedc, 0xaedc, 0xaedc, 0xaedc, 0xaedc, 0xaedc, 0xaedc, 0xaedc, 0xaedc, 0xaedc, 0xaedc, 0xaedc, 0xaedc, 0xaedc, 
	0xaedc, 0xaedc, 0xb6fd, 0xb6fd, 0xaedc, 0xaedc, 0xaedc, 0xaebc, 0xaefd, 0x84f5, 0x10e3, 0x0000, 0x0000, 0x0000, 0x0000, 0x49e7, 
	0xe5b4, 0xfe98, 0xfe98, 0xfe77, 0xfe78, 0xfe77, 0xfe98, 0xfe78, 0xfe77, 0xfe78, 0xfe78, 0xfe98, 0xfe77, 0xfe57, 0xfe77, 0xfe98, 
	0xfe77, 0xfe77, 0xfe77, 0xfe77, 0xfe77, 0xfe77, 0xfe77, 0xfe77, 0xfe77, 0xfe77, 0xfe77, 0xfe77, 0xfe77, 0xfe77, 0xfe77, 0xfe77, 
	0xfe98, 0xfe77, 0xf657, 0x9c2f, 0x1081, 0x0000, 0x0000, 0x0000, 0x0000, 0x21a8, 0x7539, 0x8e7f, 0x8e5f, 0x865f, 0x65ff, 0x3d3e, 
	0x353e, 0x355f, 0x2417, 0x0106, 0x0000, 0x0000, 0x0000, 0x0000, 0x20c3, 0xac70, 0xfe98, 0xfe78, 0xfe77, 0xfe78, 0xfe78, 0xfe77, 
	0xfe78, 0xfe77, 0xfe56, 0xfe16, 0xf554, 0x8aea, 0x1040, 0x0000, 0x0000, 0x0000, 0x0000, 0x0021, 0x1147, 0x432f, 0x74f7, 0x4cb9, 
	0x2c7a, 0x2c38, 0x22d0, 0x0989, 0x0000, 0x0800, 0x0000, 0x0000, 0x0000, 0x0840, 0x7248, 0xed12, 0xfdd4, 0xfe57, 0xfe58, 0xfe78, 
	0xfe57, 0xfe78, 0xfe98, 0xfe57, 0xfe77, 0xfe98, 0xbd13, 0x3944, 0x0000, 0x0000, 0x0000, 0x0000, 0x10c4, 0x5c14, 0x865f, 0x8e5e, 
	0x8e5e, 0x761f, 0x457f, 0x353e, 0x353f, 0x2c9b, 0x09ec, 0x0000, 0x0000, 0x0000, 0x0000, 0x0840, 0x8b8d, 0xf637, 0xfe78, 0xfe98, 
	0xfe77, 0xfe77, 0xfe77, 0xfe77, 0xfe77, 0xfe77, 0xfe77, 0xfe77, 0xfe77, 0xfe77, 0xfe77, 0xfe77, 0xfe77, 0xfe77, 0xfe77, 0xfe77, 
	0xfe98, 0xfe78, 0xfe77, 0xfe78, 0xfe78, 0xfe77, 0xfe57, 0xfe78, 0xfdd5, 0xfd74, 0xfd73, 0xfd93, 0xfd73, 0xfd74, 0xfd74, 0xed32, 
	0x6228, 0x0020, 0x0000, 0x0000, 0x0000, 0x0862, 0x6c72, 0xb6dd, 0xaedd, 0xaedd, 0xaedd, 0xaedc, 0xb6fd, 0xaedc, 0xaedd, 0xaedc, 
	0xaedc, 0xaedc, 0xaedc, 0xaedc, 0xaedc, 0xaedc, 0xaedc, 0xaedc, 0xaedc, 0xaedc, 0xaedc, 0xaedc, 0xaedc, 0xaedc, 0xaedc, 0xaedc, 
	0xaedc, 0xaedc, 0xaedc, 0xaedc, 0xaedc, 0xaedc, 0xaedc, 0xaedc, 0xaedc, 0xaedc, 0xaedc, 0xaedc, 0xaedc, 0xaedc, 0xaedc, 0xaedc, 
	0xaedc, 0xaedc, 0xaedc, 0xaedc, 0xaedc, 0xaedc, 0xaedc, 0xaedc, 0xaedc, 0xaedc, 0xaedc, 0xaedc, 0xaedc, 0xaedc, 0xaedc, 0xaedc, 
	0xaedc, 0xaedc, 0xaedc, 0xaedc, 0xaedc, 0xaedc, 0xaedc, 0xaedc, 0xaedc, 0xaedc, 0xaedc, 0xaedc, 0xaedc, 0xaedc, 0xaedc, 0xaedc, 
	0xaedc, 0xb6fd, 0xaebc, 0xaedc, 0xb6fd, 0xaedc, 0xaedc, 0xaedc, 0xaedd, 0x9dd8, 0x29a7, 0x0000, 0x0000, 0x0000, 0x0000, 0x2924, 
	0xdd73, 0xfe78, 0xfe98, 0xfe78, 0xfe78, 0xfe57, 0xfe78, 0xfe78, 0xfe98, 0xfe77, 0xfe77, 0xfe78, 0xfe78, 0xfe78, 0xfe78, 0xfe78, 
	0xfe78, 0xfe78, 0xfe78, 0xfe78, 0xfe78, 0xfe78, 0xfe78, 0xfe78, 0xfe78, 0xfe78, 0xfe78, 0xfe78, 0xfe78, 0xfe78, 0xfe78, 0xfe78, 
	0xfe77, 0xfe78, 0xf616, 0x6289, 0x0020, 0x0000, 0x0000, 0x0000, 0x0040, 0x4330, 0x85fe, 0x965f, 0x8e5f, 0x8e5e, 0x763f, 0x455f, 
	0x355f, 0x2d3f, 0x2cfc, 0x122c, 0x0000, 0x0000, 0x0000, 0x0001, 0x0821, 0x7b0b, 0xf637, 0xfe78, 0xfe78, 0xfe78, 0xfe98, 0xfe77, 
	0xfe78, 0xfe77, 0xfe57, 0xfdd5, 0xfd54, 0xd4b1, 0x41a5, 0x0000, 0x0000, 0x0000, 0x0000, 0x0000, 0x0000, 0x0861, 0x10a3, 0x0947, 
	0x0947, 0x00c5, 0x0041, 0x0000, 0x0000, 0x0000, 0x0000, 0x0000, 0x0000, 0x2944, 0xbc30, 0xfd74, 0xfdb4, 0xfe77, 0xfe78, 0xfe57, 
	0xfe97, 0xfe78, 0xfe78, 0xfe57, 0xfe77, 0xfe77, 0x93ce, 0x1041, 0x0000, 0x0020, 0x0000, 0x0000, 0x29e9, 0x859b, 0x8e7f, 0x8e5e, 
	0x965e, 0x865f, 0x4d9f, 0x355f, 0x3d5f, 0x2d1e, 0x1b54, 0x0820, 0x0000, 0x0000, 0x0020, 0x0000, 0x49c6, 0xedd6, 0xfe78, 0xfe77, 
	0xfe78, 0xfe78, 0xfe78, 0xfe78, 0xfe78, 0xfe78, 0xfe78, 0xfe78, 0xfe78, 0xfe78, 0xfe78, 0xfe78, 0xfe78, 0xfe78, 0xfe78, 0xfe78, 
	0xfe58, 0xfe78, 0xfe78, 0xfe78, 0xfe78, 0xfe98, 0xfe57, 0xfe37, 0xfdb5, 0xfd74, 0xfd93, 0xfd94, 0xfd73, 0xfd74, 0xfd74, 0xe511, 
	0x4185, 0x0000, 0x0000, 0x0000, 0x0000, 0x1925, 0x7d55, 0xb6bd, 0xb6dd, 0xaebc, 0xb6dd, 0xb6dd, 0xaedc, 0xaebc, 0xb71d, 0xaedc, 
	0xaedc, 0xaedc, 0xaedc, 0xaedc, 0xaedc, 0xaedc, 0xaedc, 0xaedc, 0xaedc, 0xaedc, 0xaedc, 0xaedc, 0xaedc, 0xaedc, 0xaedc, 0xaedc, 
	0xaedc, 0xaedc, 0xaedc, 0xaedc, 0xaedc, 0xaedc, 0xaedc, 0xaedc, 0xaedc, 0xaedc, 0xaedc, 0xaedc, 0xaedc, 0xaedc, 0xaedc, 0xaedc, 
	0xaedc, 0xaedc, 0xaedc, 0xaedc, 0xaedc, 0xaedc, 0xaedc, 0xaedc, 0xaedc, 0xaedc, 0xaedc, 0xaedc, 0xaedc, 0xaedc, 0xaedc, 0xaedc, 
	0xaedc, 0xaedc, 0xaedc, 0xaedc, 0xaedc, 0xaedc, 0xaedc, 0xaedc, 0xaedc, 0xaedc, 0xaedc, 0xaedc, 0xaedc, 0xaedc, 0xaedc, 0xaedc, 
	0xaedc, 0xaedc, 0xaedc, 0xaedc, 0xaedc, 0xaedc, 0xaedc, 0xaedc, 0xaedd, 0x9e39, 0x42cb, 0x0000, 0x0000, 0x0000, 0x0000, 0x18c3, 
	0xac91, 0xfe77, 0xfe57, 0xfe78, 0xfe99, 0xfe78, 0xfe77, 0xfe78, 0xfe78, 0xfe78, 0xfe78, 0xfe78, 0xfe78, 0xfe78, 0xfe78, 0xfe78, 
	0xfe78, 0xfe78, 0xfe78, 0xfe78, 0xfe78, 0xfe78, 0xfe78, 0xfe78, 0xfe78, 0xfe78, 0xfe78, 0xfe78, 0xfe78, 0xfe78, 0xfe78, 0xfe78, 
	0xfe57, 0xfe98, 0xcd53, 0x3985, 0x0000, 0x0000, 0x0000, 0x0000, 0x10e4, 0x6c96, 0x8e5f, 0x8e5f, 0x8e5f, 0x963e, 0x865f, 0x55bf, 
	0x353f, 0x353f, 0x253f, 0x1b74, 0x0083, 0x0000, 0x0000, 0x0000, 0x0000, 0x51c6, 0xdd95, 0xfe98, 0xfe77, 0xfe78, 0xfe78, 0xfe77, 
	0xfe77, 0xfe78, 0xfe17, 0xfd94, 0xfd93, 0xf573, 0xb40e, 0x30e3, 0x0000, 0x0000, 0x0020, 0x0000, 0x0000, 0x0020, 0x0000, 0x0000, 
	0x0000, 0x0020, 0x0020, 0x0000, 0x0000, 0x0000, 0x0020, 0x0000, 0x28a1, 0x9b4c, 0xfd94, 0xf573, 0xfdb4, 0xfe37, 0xfe77, 0xfe78, 
	0xfe78, 0xfe78, 0xfe58, 0xfe77, 0xfe98, 0xe5f6, 0x6289, 0x0000, 0x0000, 0x0000, 0x0000, 0x0862, 0x4b71, 0x8e5f, 0x8e5f, 0x8e5f, 
	0x8e5f, 0x8e5f, 0x65ff, 0x355f, 0x2d3e, 0x355e, 0x2c39, 0x0948, 0x0000, 0x0000, 0x0000, 0x0000, 0x2903, 0xbcd0, 0xfe77, 0xfe58, 
	0xfe78, 0xfe78, 0xfe78, 0xfe78, 0xfe78, 0xfe78, 0xfe78, 0xfe78, 0xfe78, 0xfe78, 0xfe78, 0xfe78, 0xfe78, 0xfe78, 0xfe78, 0xfe78, 
	0xfe78, 0xfe57, 0xfe78, 0xfe78, 0xfe78, 0xfe78, 0xfe77, 0xfe36, 0xfd74, 0xfd93, 0xfd93, 0xfd74, 0xfd94, 0xfd93, 0xfd73, 0xc470, 
	0x28e4, 0x0000, 0x0000, 0x0020, 0x0000, 0x29e8, 0x9dd8, 0xaedd, 0xaedc, 0xaedc, 0xaedc, 0xaedc, 0xaedc, 0xaedc, 0xaedc, 0xaedc, 
	0xaedc, 0xaedc, 0xaedc, 0xaedc, 0xaedc, 0xaedc, 0xaedc, 0xaedc, 0xaedc, 0xaedc, 0xaedc, 0xaedc, 0xaedc, 0xaedc, 0xaedc, 0xaedc, 
	0xaedc, 0xaedc, 0xaedc, 0xaedc, 0xaedc, 0xaedc, 0xaedc, 0xaedc, 0xaedc, 0xaedc, 0xaedc, 0xaedc, 0xaedc, 0xaedc, 0xaedc, 0xaedc, 
	0xaedc, 0xaedc, 0xaedc, 0xaedc, 0xaedc, 0xaedc, 0xaedc, 0xaedc, 0xaedc, 0xaedc, 0xaedc, 0xaedc, 0xaedc, 0xaedc, 0xaedc, 0xaedc, 
	0xaedc, 0xaedc, 0xaedc, 0xaedc, 0xaedc, 0xaedc, 0xaedc, 0xaedc, 0xaedc, 0xaedc, 0xaedc, 0xaedc, 0xaedc, 0xaedc, 0xaedc, 0xaedc, 
	0xaedc, 0xaedc, 0xaedc, 0xaedc, 0xaedc, 0xaedc, 0xaedc, 0xaedc, 0xb6dd, 0xaebb, 0x5b6e, 0x0021, 0x0000, 0x0000, 0x0000, 0x1061, 
	0x8b6d, 0xfe57, 0xfe77, 0xfe78, 0xfe78, 0xfe78, 0xfe78, 0xfe77, 0xfe78, 0xfe78, 0xfe78, 0xfe78, 0xfe78, 0xfe78, 0xfe78, 0xfe78, 
	0xfe78, 0xfe78, 0xfe78, 0xfe78, 0xfe78, 0xfe78, 0xfe78, 0xfe78, 0xfe78, 0xfe78, 0xfe78, 0xfe78, 0xfe78, 0xfe78, 0xfe78, 0xfe78, 
	0xfe78, 0xfe78, 0xac70, 0x18a2, 0x0000, 0x0000, 0x0000, 0x0000, 0x2a0a, 0x859b, 0x8e5f, 0x8e5f, 0x967f, 0x965e, 0x865f, 0x65df, 
	0x3d5f, 0x353f, 0x2d7f, 0x3459, 0x0947, 0x0000, 0x0000, 0x0000, 0x0000, 0x3124, 0xbcd1, 0xfe78, 0xfe78, 0xfe78, 0xfe77, 0xfe78, 
	0xfe77, 0xfe77, 0xfdf6, 0xfd94, 0xfd93, 0xfdb4, 0xe533, 0x9b8d, 0x3104, 0x0800, 0x0000, 0x0000, 0x0000, 0x0000, 0x0000, 0x0000, 
	0x0000, 0x0000, 0x0000, 0x0000, 0x0000, 0x0000, 0x0000, 0x20c2, 0x8b4b, 0xe4f2, 0xfd94, 0xfdd4, 0xfdd5, 0xfe37, 0xfe78, 0xfe77, 
	0xfe78, 0xfe77, 0xfe78, 0xfe78, 0xfe78, 0xcd53, 0x49a6, 0x0000, 0x0000, 0x0000, 0x0000, 0x1905, 0x6cb7, 0x8e5f, 0x8e5f, 0x8e5f, 
	0x965f, 0x8e3e, 0x7e3f, 0x3d7f, 0x355f, 0x355f, 0x34fd, 0x122d, 0x0021, 0x0000, 0x0000, 0x0000, 0x1041, 0x93cd, 0xfe77, 0xfe78, 
	0xfe78, 0xfe78, 0xfe78, 0xfe78, 0xfe78, 0xfe78, 0xfe78, 0xfe78, 0xfe78, 0xfe78, 0xfe78, 0xfe78, 0xfe78, 0xfe78, 0xfe78, 0xfe78, 
	0xfe78, 0xfe77, 0xfe78, 0xfe78, 0xfe77, 0xfe78, 0xfe57, 0xfe16, 0xfd74, 0xfd94, 0xfd93, 0xfd73, 0xfd94, 0xfd94, 0xfd73, 0xa3ad, 
	0x2082, 0x0000, 0x0000, 0x0000, 0x0000, 0x428a, 0xa67a, 0xaedd, 0xaedc, 0xaedc, 0xaedc, 0xaedc, 0xaedc, 0xaedc, 0xaedc, 0xaedc, 
	0xaedc, 0xaedc, 0xaedc, 0xaedc, 0xaedc, 0xaedc, 0xaedc, 0xaedc, 0xaedc, 0xaedc, 0xaedc, 0xaedc, 0xaedc, 0xaedc, 0xaedc, 0xaedc, 
	0xaedc, 0xaedc, 0xaedc, 0xaedc, 0xaedc, 0xaedc, 0xaedc, 0xaedc, 0xaedc, 0xaedc, 0xaedc, 0xaedc, 0xaedc, 0xaedc, 0xaedc, 0xaedc, 
	0xaedc, 0xaedc, 0xaedc, 0xaedc, 0xaedc, 0xaedc, 0xaedc, 0xaedc, 0xaedc, 0xaedc, 0xaedc, 0xaedc, 0xaedc, 0xaedc, 0xaedc, 0xaedc, 
	0xaedc, 0xaedc, 0xaedc, 0xaedc, 0xaedc, 0xaedc, 0xaedc, 0xaedc, 0xaedc, 0xaedc, 0xaedc, 0xaedc, 0xaedc, 0xaedc, 0xaedc, 0xaedc, 
	0xaedc, 0xaedc, 0xaedc, 0xaedc, 0xaedc, 0xaedc, 0xaedc, 0xaedc, 0xaedd, 0xb6fc, 0x6c52, 0x0882, 0x0000, 0x0000, 0x0000, 0x0000, 
	0x6a69, 0xf637, 0xfe98, 0xfe78, 0xfe78, 0xfe78, 0xfe78, 0xfe77, 0xfe78, 0xfe78, 0xfe78, 0xfe78, 0xfe78, 0xfe78, 0xfe78, 0xfe78, 
	0xfe78, 0xfe78, 0xfe78, 0xfe78, 0xfe78, 0xfe78, 0xfe78, 0xfe78, 0xfe78, 0xfe78, 0xfe78, 0xfe78, 0xfe78, 0xfe78, 0xfe78, 0xfe78, 
	0xfe78, 0xfe77, 0x93ad, 0x0800, 0x0000, 0x0000, 0x0000, 0x0861, 0x432f, 0x8e1d, 0x8e7f, 0x863f, 0x8e5f, 0x965f, 0x8e5f, 0x761f, 
	0x3d5e, 0x2d3f, 0x2d5f, 0x3cfd, 0x122c, 0x0000, 0x0000, 0x0000, 0x0000, 0x1881, 0xa42e, 0xfe78, 0xfe78, 0xfe78, 0xfe78, 0xfe77, 
	0xfe98, 0xfe57, 0xfdd5, 0xfd74, 0xfd53, 0xfd74, 0xfd94, 0xed53, 0x82eb, 0x1882, 0x0000, 0x0000, 0x0000, 0x0000, 0x0000, 0x0800, 
	0x0800, 0x0000, 0x0000, 0x0000, 0x0000, 0x0000, 0x1020, 0x6a69, 0xdd32, 0xfdb5, 0xfd53, 0xfdb4, 0xfdf5, 0xfe37, 0xfe78, 0xfe78, 
	0xfe78, 0xfe78, 0xfe78, 0xfe98, 0xfe78, 0xbcd1, 0x28e3, 0x0000, 0x0000, 0x0000, 0x0000, 0x21e9, 0x85fd, 0x8e5f, 0x8e5f, 0x8e5f, 
	0x8e5f, 0x8e3e, 0x863f, 0x455f, 0x3d5f, 0x2d3f, 0x355f, 0x2312, 0x0082, 0x0000, 0x0000, 0x0000, 0x0000, 0x72ea, 0xf657, 0xfe78, 
	0xfe78, 0xfe78, 0xfe78, 0xfe78, 0xfe78, 0xfe78, 0xfe78, 0xfe78, 0xfe78, 0xfe78, 0xfe78, 0xfe78, 0xfe78, 0xfe78, 0xfe78, 0xfe78, 
	0xfe78, 0xfe78, 0xfe78, 0xfe78, 0xfe77, 0xfe77, 0xfe57, 0xfdf5, 0xfd74, 0xfd93, 0xfd93, 0xfd74, 0xfd74, 0xfd94, 0xf574, 0x8aca, 
	0x0820, 0x0000, 0x0000, 0x0000, 0x0841, 0x5b6e, 0xb6dc, 0xaedd, 0xaedc, 0xaedc, 0xaedc, 0xaedc, 0xaedc, 0xaedc, 0xaedc, 0xaedc, 
	0xaedc, 0xaedc, 0xaedc, 0xaedc, 0xaedc, 0xaedc, 0xaedc, 0xaedc, 0xaedc, 0xaedc, 0xaedc, 0xaedc, 0xaedc, 0xaedc, 0xaedc, 0xaedc, 
	0xaedc, 0xaedc, 0xaedc, 0xaedc, 0xaedc, 0xaedc, 0xaedc, 0xaedc, 0xaedc, 0xaedc, 0xaedc, 0xaedc, 0xaedc, 0xaedc, 0xaedc, 0xaedc, 
	0xaedc, 0xaedc, 0xaedc, 0xaedc, 0xaedc, 0xaedc, 0xaedc, 0xaedc, 0xaedc, 0xaedc, 0xaedc, 0xaedc, 0xaedc, 0xaedc, 0xaedc, 0xaedc, 
	0xaedc, 0xaedc, 0xaedc, 0xaedc, 0xaedc, 0xaedc, 0xaedc, 0xaedc, 0xaedc, 0xaedc, 0xaedc, 0xaedc, 0xaedc, 0xaedc, 0xaedc, 0xaedc, 
	0xaedc, 0xaedc, 0xaedc, 0xaedc, 0xaedc, 0xaedc, 0xaedc, 0xaedc, 0xaedd, 0xaedc, 0x8535, 0x1925, 0x0000, 0x0000, 0x0000, 0x0000, 
	0x49c6, 0xe5d5, 0xfe77, 0xfe78, 0xfe78, 0xfe78, 0xfe78, 0xfe78, 0xfe78, 0xfe78, 0xfe78, 0xfe78, 0xfe78, 0xfe78, 0xfe78, 0xfe78, 
	0xfe78, 0xfe78, 0xfe78, 0xfe78, 0xfe78, 0xfe78, 0xfe78, 0xfe78, 0xfe78, 0xfe78, 0xfe78, 0xfe78, 0xfe78, 0xfe78, 0xfe78, 0xfe78, 
	0xfe78, 0xfe57, 0x8b8c, 0x0820, 0x0000, 0x0000, 0x0000, 0x0862, 0x53f3, 0x8e3e, 0x8e7f, 0x8e7f, 0x865f, 0x965f, 0x8e3e, 0x7e1f, 
	0x3d5f, 0x355f, 0x2d3f, 0x2d1e, 0x12b0, 0x0041, 0x0000, 0x0000, 0x0000, 0x1061, 0x940e, 0xfe78, 0xfe58, 0xfe78, 0xfe98, 0xfe77, 
	0xfe98, 0xfe36, 0xfd94, 0xfd74, 0xfd74, 0xfd74, 0xfd54, 0xfd93, 0x82eb, 0x1020, 0x0020, 0x0020, 0x0000, 0x0000, 0x0000, 0x0000, 
	0x0000, 0x0000, 0x0000, 0x0820, 0x0000, 0x0020, 0x0800, 0x6a69, 0xed73, 0xfd74, 0xfd73, 0xf593, 0xfe36, 0xfe58, 0xfe57, 0xfe78, 
	0xfe77, 0xfe78, 0xfe78, 0xfe77, 0xfe78, 0xbcb1, 0x20a2, 0x0000, 0x0000, 0x0000, 0x0000, 0x328c, 0x8e3e, 0x8e5f, 0x965f, 0x8e7f, 
	0x865f, 0x8e7f, 0x7e1f, 0x4d7f, 0x3d3f, 0x2d3f, 0x2d3f, 0x2bb5, 0x00a3, 0x0020, 0x0000, 0x0000, 0x0000, 0x6aca, 0xf637, 0xfe77, 
	0xfe78, 0xfe78, 0xfe78, 0xfe78, 0xfe78, 0xfe78, 0xfe78, 0xfe78, 0xfe78, 0xfe78, 0xfe78, 0xfe78, 0xfe78, 0xfe78, 0xfe78, 0xfe78, 
	0xfe77, 0xfe78, 0xfe78, 0xfe78, 0xfe78, 0xfe77, 0xfe36, 0xfdb4, 0xfd74, 0xfd93, 0xfd73, 0xfd94, 0xfd94, 0xfd73, 0xed33, 0x6a27, 
	0x0000, 0x0000, 0x0000, 0x0000, 0x10a3, 0x7472, 0xb6dc, 0xaefd, 0xaedc, 0xaedc, 0xaedc, 0xaedc, 0xaedc, 0xaedc, 0xaedc, 0xaedc, 
	0xaedc, 0xaedc, 0xaedc, 0xaedc, 0xaedc, 0xaedc, 0xaedc, 0xaedc, 0xaedc, 0xaedc, 0xaedc, 0xaedc, 0xaedc, 0xaedc, 0xaedc, 0xaedc, 
	0xaedc, 0xaedc, 0xaedc, 0xaedc, 0xaedc, 0xaedc, 0xaedc, 0xaedc, 0xaedc, 0xaedc, 0xaedc, 0xaedc, 0xaedc, 0xaedc, 0xaedc, 0xaedc, 
	0xaedc, 0xaedc, 0xaedc, 0xaedc, 0xaedc, 0xaedc, 0xaedc, 0xaedc, 0xaedc, 0xaedc, 0xaedc, 0xaedc, 0xaedc, 0xaedc, 0xaedc, 0xaedc, 
	0xaedc, 0xaedc, 0xaedc, 0xaedc, 0xaedc, 0xaedc, 0xaedc, 0xaedc, 0xaedc, 0xaedc, 0xaedc, 0xaedc, 0xaedc, 0xaedc, 0xaedc, 0xaedc, 
	0xaedc, 0xaedc, 0xaedc, 0xaedc, 0xaedc, 0xaedc, 0xaedc, 0xaedc, 0xb6fd, 0xaedd, 0x9df9, 0x29e8, 0x0000, 0x0000, 0x0000, 0x0000, 
	0x2924, 0xc533, 0xfe77, 0xfe77, 0xfe78, 0xfe77, 0xfe77, 0xfe78, 0xfe78, 0xfe78, 0xfe78, 0xfe78, 0xfe78, 0xfe78, 0xfe78, 0xfe78, 
	0xfe78, 0xfe78, 0xfe78, 0xfe78, 0xfe78, 0xfe78, 0xfe78, 0xfe78, 0xfe78, 0xfe78, 0xfe78, 0xfe78, 0xfe78, 0xfe78, 0xfe78, 0xfe78, 
	0xfe78, 0xfe77, 0x93ad, 0x0820, 0x0000, 0x0000, 0x0000, 0x0061, 0x4bb2, 0x8e1d, 0x863f, 0x8e7f, 0x8e7f, 0x8e5f, 0x863e, 0x75ff, 
	0x3d5f, 0x355f, 0x2d3f, 0x351e, 0x126f, 0x0021, 0x0021, 0x0000, 0x0000, 0x1061, 0x9c2e, 0xfe78, 0xfe58, 0xfe78, 0xfe78, 0xfe78, 
	0xfe77, 0xfdf6, 0xfd74, 0xfd93, 0xfdb4, 0xfd74, 0xfd53, 0xe511, 0x59e7, 0x0000, 0x0020, 0x0000, 0x0000, 0x0021, 0x2186, 0x21c7, 
	0x21c7, 0x2186, 0x0861, 0x0000, 0x0000, 0x0000, 0x0000, 0x3944, 0xd4b0, 0xfd53, 0xfd94, 0xfdd5, 0xfe57, 0xfe78, 0xfe77, 0xfe77, 
	0xfe77, 0xfe78, 0xfe78, 0xfe77, 0xfe78, 0xbcb1, 0x20c2, 0x0000, 0x0000, 0x0000, 0x0020, 0x2a4b, 0x85fd, 0x8e5f, 0x8e3e, 0x8e7f, 
	0x865f, 0x8e7f, 0x7e1f, 0x4d7f, 0x353e, 0x2d5f, 0x2d5f, 0x2373, 0x0083, 0x0020, 0x0000, 0x0000, 0x0000, 0x72eb, 0xf657, 0xfe77, 
	0xfe78, 0xfe78, 0xfe78, 0xfe78, 0xfe78, 0xfe78, 0xfe78, 0xfe78, 0xfe78, 0xfe78, 0xfe78, 0xfe78, 0xfe78, 0xfe78, 0xfe78, 0xfe78, 
	0xfe77, 0xfe78, 0xfe78, 0xfe78, 0xfe98, 0xfe57, 0xfdf5, 0xfd94, 0xfd94, 0xfd93, 0xfd73, 0xfd94, 0xfd94, 0xfd73, 0xd4b1, 0x4985, 
	0x0000, 0x0000, 0x0000, 0x0000, 0x1925, 0x9576, 0xaedc, 0xaefd, 0xaedc, 0xaedc, 0xaedc, 0xaedc, 0xaedc, 0xaedc, 0xaedc, 0xaedc, 
	0xaedc, 0xaedc, 0xaedc, 0xaedc, 0xaedc, 0xaedc, 0xaedc, 0xaedc, 0xaedc, 0xaedc, 0xaedc, 0xaedc, 0xaedc, 0xaedc, 0xaedc, 0xaedc, 
	0xaedc, 0xaedc, 0xaedc, 0xaedc, 0xaedc, 0xaedc, 0xaedc, 0xaedc, 0xaedc, 0xaedc, 0xaedc, 0xaedc, 0xaedc, 0xaedc, 0xaedc, 0xaedc, 
	0xaedc, 0xaedc, 0xaedc, 0xaedc, 0xaedc, 0xaedc, 0xaedc, 0xaedc, 0xaedc, 0xaedc, 0xaedc, 0xaedc, 0xaedc, 0xaedc, 0xaedc, 0xaedc, 
	0xaedc, 0xaedc, 0xaedc, 0xaedc, 0xaedc, 0xaedc, 0xaedc, 0xaedc, 0xaedc, 0xaedc, 0xaedc, 0xaedc, 0xaedc, 0xaedc, 0xaedc, 0xaedc, 
	0xaedc, 0xaedc, 0xaedc, 0xaedc, 0xaedc, 0xaedc, 0xaedc, 0xaedc, 0xaedc, 0xaefd, 0xa67b, 0x42ab, 0x0000, 0x0000, 0x0000, 0x0000, 
	0x1882, 0xa44f, 0xfe98, 0xfe98, 0xfe78, 0xfe78, 0xfe77, 0xfe78, 0xfe78, 0xfe78, 0xfe78, 0xfe78, 0xfe78, 0xfe78, 0xfe78, 0xfe78, 
	0xfe78, 0xfe78, 0xfe78, 0xfe78, 0xfe78, 0xfe78, 0xfe78, 0xfe78, 0xfe78, 0xfe78, 0xfe78, 0xfe78, 0xfe78, 0xfe78, 0xfe78, 0xfe78, 
	0xfe77, 0xfe98, 0x9bee, 0x1040, 0x0000, 0x0000, 0x0000, 0x0021, 0x326c, 0x8dfc, 0x8e5f, 0x8e5f, 0x8e5f, 0x8e5f, 0x8e5f, 0x65ff, 
	0x355f, 0x2d1e, 0x3d5f, 0x34bb, 0x09aa, 0x0000, 0x0021, 0x0000, 0x0000, 0x20c2, 0xac4f, 0xfe78, 0xfe78, 0xfe98, 0xfe78, 0xfe78, 
	0xfe57, 0xfdd5, 0xfd74, 0xfd73, 0xf593, 0xfd94, 0xfd74, 0xb42e, 0x2903, 0x0000, 0x0000, 0x0000, 0x0000, 0x2166, 0x8514, 0x9df8, 
	0x95f8, 0x9576, 0x31e8, 0x0000, 0x0000, 0x0000, 0x0000, 0x1881, 0xa36c, 0xfd94, 0xfd94, 0xfe36, 0xfe57, 0xfe78, 0xfe98, 0xfe77, 
	0xfe77, 0xfe77, 0xfe98, 0xfe98, 0xfe78, 0xc4f2, 0x3124, 0x0000, 0x0000, 0x0000, 0x0000, 0x1946, 0x7d59, 0x967f, 0x8e3e, 0x8e5f, 
	0x965e, 0x8e3e, 0x7e1f, 0x457f, 0x2d3f, 0x2d5f, 0x355f, 0x128f, 0x0021, 0x0000, 0x0000, 0x0000, 0x0800, 0x832b, 0xfe57, 0xfe77, 
	0xfe78, 0xfe78, 0xfe78, 0xfe78, 0xfe78, 0xfe78, 0xfe78, 0xfe78, 0xfe78, 0xfe78, 0xfe78, 0xfe78, 0xfe78, 0xfe78, 0xfe78, 0xfe78, 
	0xfe77, 0xfe78, 0xfe77, 0xfe78, 0xfe78, 0xfe36, 0xfdb4, 0xfd73, 0xfd74, 0xfd93, 0xfd94, 0xfd74, 0xfd94, 0xfdb4, 0xbc2f, 0x28e3, 
	0x0000, 0x0000, 0x0000, 0x0000, 0x29e8, 0xa63a, 0xaedc, 0xaedd, 0xaedc, 0xaedc, 0xaedc, 0xaedc, 0xaedc, 0xaedc, 0xaedc, 0xaedc, 
	0xaedc, 0xaedc, 0xaedc, 0xaedc, 0xaedc, 0xaedc, 0xaedc, 0xaedc, 0xaedc, 0xaedc, 0xaedc, 0xaedc, 0xaedc, 0xaedc, 0xaedc, 0xaedc, 
	0xaedc, 0xaedc, 0xaedc, 0xaedc, 0xaedc, 0xaedc, 0xaedc, 0xaedc, 0xaedc, 0xaedc, 0xaedc, 0xaedc, 0xaedc, 0xaedc, 0xaedc, 0xaedc, 
	0xaedc, 0xaedc, 0xaedc, 0xaedc, 0xaedc, 0xaedc, 0xaedc, 0xaedc, 0xaedc, 0xaedc, 0xaedc, 0xaedc, 0xaedc, 0xaedc, 0xaedc, 0xaedc, 
	0xaedc, 0xaedc, 0xaedc, 0xaedc, 0xaedc, 0xaedc, 0xaedc, 0xaedc, 0xaedc, 0xaedc, 0xaedc, 0xaedc, 0xaedc, 0xaedc, 0xaedc, 0xaedc, 
	0xaedc, 0xaedc, 0xaedc, 0xaedc, 0xaedc, 0xaedc, 0xaedc, 0xaedc, 0xaebc, 0xaefd, 0xaebc, 0x5b8f, 0x0861, 0x0000, 0x0000, 0x0000, 
	0x0821, 0x7b2b, 0xf657, 0xfe98, 0xfe78, 0xfe78, 0xfe57, 0xfe78, 0xfe78, 0xfe78, 0xfe78, 0xfe78, 0xfe78, 0xfe78, 0xfe78, 0xfe78, 
	0xfe78, 0xfe78, 0xfe78, 0xfe78, 0xfe78, 0xfe78, 0xfe78, 0xfe78, 0xfe78, 0xfe78, 0xfe78, 0xfe78, 0xfe78, 0xfe78, 0xfe78, 0xfe78, 
	0xfe78, 0xfe98, 0xbcd1, 0x2904, 0x0000, 0x0000, 0x0000, 0x0000, 0x1925, 0x6cb6, 0x8e3e, 0x8e5f, 0x8e5f, 0x8e5f, 0x7e5f, 0x4d9f, 
	0x355f, 0x353e, 0x34fd, 0x2b53, 0x08c4, 0x0000, 0x0020, 0x0000, 0x0000, 0x4165, 0xd4f2, 0xfe57, 0xfe98, 0xfe98, 0xfe57, 0xfe78, 
	0xfe16, 0xfdb5, 0xfd74, 0xfd93, 0xfdb3, 0xfd94, 0xf574, 0x8b2b, 0x0820, 0x0000, 0x0000, 0x0000, 0x0000, 0x3aaa, 0xa65a, 0xb6fd, 
	0xb6fd, 0xaebc, 0x536d, 0x0021, 0x0000, 0x0000, 0x0000, 0x0020, 0x7268, 0xed95, 0xfe16, 0xfe97, 0xfe77, 0xfe78, 0xfe98, 0xfe77, 
	0xfe78, 0xfe77, 0xfe98, 0xfe78, 0xfe77, 0xddb5, 0x5a28, 0x0000, 0x0000, 0x0020, 0x0000, 0x1082, 0x5391, 0x8dfd, 0x967f, 0x8e7f, 
	0x967f, 0x8e3e, 0x65df, 0x357f, 0x355f, 0x351e, 0x2c38, 0x0948, 0x0000, 0x0000, 0x0000, 0x0000, 0x2082, 0xabee, 0xfe57, 0xfe78, 
	0xfe78, 0xfe78, 0xfe78, 0xfe78, 0xfe78, 0xfe78, 0xfe78, 0xfe78, 0xfe78, 0xfe78, 0xfe78, 0xfe78, 0xfe78, 0xfe78, 0xfe78, 0xfe78, 
	0xfe77, 0xfe78, 0xfe78, 0xfe78, 0xfe57, 0xfdf5, 0xfd94, 0xfd74, 0xfd73, 0xfd93, 0xfd94, 0xfd73, 0xfd94, 0xfd93, 0x932b, 0x1061, 
	0x0000, 0x0000, 0x0000, 0x0020, 0x4aec, 0xa69b, 0xaedd, 0xb6dd, 0xaedc, 0xaedc, 0xaedc, 0xaedc, 0xaedc, 0xaedc, 0xaedc, 0xaedc, 
	0xaedc, 0xaedc, 0xaedc, 0xaedc, 0xaedc, 0xaedc, 0xaedc, 0xaedc, 0xaedc, 0xaedc, 0xaedc, 0xaedc, 0xaedc, 0xaedc, 0xaedc, 0xaedc, 
	0xaedc, 0xaedc, 0xaedc, 0xaedc, 0xaedc, 0xaedc, 0xaedc, 0xaedc, 0xaedc, 0xaedc, 0xaedc, 0xaedc, 0xaedc, 0xaedc, 0xaedc, 0xaedc, 
	0xaedc, 0xaedc, 0xaedc, 0xaedc, 0xaedc, 0xaedc, 0xaedc, 0xaedc, 0xaedc, 0xaedc, 0xaedc, 0xaedc, 0xaedc, 0xaedc, 0xaedc, 0xaedc, 
	0xaedc, 0xaedc, 0xaedc, 0xaedc, 0xaedc, 0xaedc, 0xaedc, 0xaedc, 0xaedc, 0xaedc, 0xaedc, 0xaedc, 0xaedc, 0xaedc, 0xaedc, 0xaedc, 
	0xaedc, 0xaedc, 0xaedc, 0xaedc, 0xaedc, 0xaedc, 0xaedc, 0xaedc, 0xaedc, 0xaefd, 0xaebc, 0x7c93, 0x18e3, 0x0000, 0x0000, 0x0000, 
	0x0000, 0x5a07, 0xe5b4, 0xfe57, 0xfe78, 0xfe78, 0xfe57, 0xfe98, 0xfe78, 0xfe78, 0xfe78, 0xfe78, 0xfe78, 0xfe78, 0xfe78, 0xfe78, 
	0xfe78, 0xfe78, 0xfe78, 0xfe78, 0xfe78, 0xfe78, 0xfe78, 0xfe78, 0xfe78, 0xfe78, 0xfe78, 0xfe78, 0xfe78, 0xfe78, 0xfe78, 0xfe78, 
	0xfe77, 0xfe98, 0xddd5, 0x4a08, 0x0000, 0x0000, 0x0000, 0x0000, 0x0020, 0x2a2c, 0x753a, 0x8e5f, 0x8e5f, 0x8e5f, 0x6dfe, 0x3d5f, 
	0x2d3f, 0x3d3e, 0x243a, 0x018a, 0x0000, 0x0000, 0x0000, 0x0000, 0x0000, 0x6228, 0xf595, 0xfe57, 0xfe77, 0xfe98, 0xfe77, 0xfe78, 
	0xfdf5, 0xfd94, 0xfd74, 0xfd93, 0xfd93, 0xfd52, 0xe4f2, 0x59c6, 0x0000, 0x0000, 0x0000, 0x0000, 0x0882, 0x6c31, 0xaedc, 0xaebd, 
	0xb6bd, 0xaedc, 0x7cf4, 0x1104, 0x0000, 0x0000, 0x0000, 0x0000, 0x4165, 0xcd13, 0xfe57, 0xfe77, 0xfe78, 0xfe78, 0xfe77, 0xfe98, 
	0xfe98, 0xfe78, 0xfe78, 0xfe57, 0xfe78, 0xf678, 0x7b2c, 0x0820, 0x0000, 0x0000, 0x0000, 0x0800, 0x1147, 0x64b8, 0x8e3e, 0x8e5e, 
	0x863f, 0x7e3f, 0x4d5e, 0x2d5f, 0x355f, 0x2c9a, 0x0a6f, 0x0820, 0x0000, 0x0000, 0x0000, 0x0000, 0x3944, 0xccd1, 0xfe57, 0xfe78, 
	0xfe78, 0xfe78, 0xfe78, 0xfe78, 0xfe78, 0xfe78, 0xfe78, 0xfe78, 0xfe78, 0xfe78, 0xfe78, 0xfe78, 0xfe78, 0xfe78, 0xfe78, 0xfe78, 
	0xfe78, 0xfe78, 0xfe78, 0xfe77, 0xfe36, 0xf5b4, 0xfd73, 0xfd94, 0xfd74, 0xfd93, 0xfd94, 0xfd74, 0xfd93, 0xed31, 0x7248, 0x0000, 
	0x0000, 0x0000, 0x0000, 0x0882, 0x63f0, 0xaebc, 0xaefd, 0xb6bd, 0xaedc, 0xaedc, 0xaedc, 0xaedc, 0xaedc, 0xaedc, 0xaedc, 0xaedc, 
	0xaedc, 0xaedc, 0xaedc, 0xaedc, 0xaedc, 0xaedc, 0xaedc, 0xaedc, 0xaedc, 0xaedc, 0xaedc, 0xaedc, 0xaedc, 0xaedc, 0xaedc, 0xaedc, 
	0xaedc, 0xaedc, 0xaedc, 0xaedc, 0xaedc, 0xaedc, 0xaedc, 0xaedc, 0xaedc, 0xaedc, 0xaedc, 0xaedc, 0xaedc, 0xaedc, 0xaedc, 0xaedc, 
	0xaedc, 0xaedc, 0xaedc, 0xaedc, 0xaedc, 0xaedc, 0xaedc, 0xaedc, 0xaedc, 0xaedc, 0xaedc, 0xaedc, 0xaedc, 0xaedc, 0xaedc, 0xaedc, 
	0xaedc, 0xaedc, 0xaedc, 0xaedc, 0xaedc, 0xaedc, 0xaedc, 0xaedc, 0xaedc, 0xaedc, 0xaedc, 0xaedc, 0xaedc, 0xaedc, 0xaedc, 0xaedc, 
	0xaedc, 0xaedc, 0xaedc, 0xaedc, 0xaedc, 0xaedc, 0xaedc, 0xaedc, 0xaedc, 0xaedd, 0xaedd, 0x95b8, 0x2166, 0x0000, 0x0000, 0x0000, 
	0x0000, 0x28c3, 0xb4b1, 0xfe57, 0xfeb9, 0xfe57, 0xfe57, 0xfeb8, 0xfe78, 0xfe78, 0xfe78, 0xfe78, 0xfe78, 0xfe78, 0xfe78, 0xfe78, 
	0xfe78, 0xfe78, 0xfe78, 0xfe78, 0xfe78, 0xfe78, 0xfe78, 0xfe78, 0xfe78, 0xfe78, 0xfe78, 0xfe78, 0xfe78, 0xfe78, 0xfe78, 0xfe78, 
	0xfe78, 0xfe77, 0xfe78, 0x93ad, 0x1040, 0x0020, 0x0000, 0x0000, 0x0000, 0x0042, 0x324b, 0x74d6, 0x861d, 0x6e1f, 0x4dbf, 0x351e, 
	0x2cdd, 0x2bb6, 0x116a, 0x0022, 0x0000, 0x0000, 0x0000, 0x0000, 0x10a1, 0xabae, 0xf594, 0xfe76, 0xfe98, 0xfe58, 0xfe57, 0xfe57, 
	0xfdb4, 0xfdb4, 0xf593, 0xfd94, 0xfd73, 0xfd93, 0xbc6f, 0x28c3, 0x0000, 0x0020, 0x0000, 0x0000, 0x1946, 0x8db7, 0xa6bc, 0xb6fd, 
	0xb6bd, 0xaedc, 0x9619, 0x29e8, 0x0000, 0x0000, 0x0000, 0x0000, 0x10a2, 0xa42f, 0xfe57, 0xfe98, 0xfe57, 0xfe98, 0xfe58, 0xfe78, 
	0xfe58, 0xfe77, 0xfe77, 0xfe97, 0xfe78, 0xfe38, 0xc513, 0x30e3, 0x0000, 0x0000, 0x0000, 0x0000, 0x0000, 0x2187, 0x5c33, 0x7ddb, 
	0x7e3f, 0x5dbf, 0x355f, 0x2d1e, 0x3419, 0x1a2d, 0x0063, 0x0000, 0x0000, 0x0000, 0x0000, 0x0800, 0x7a89, 0xf574, 0xfdf5, 0xfe98, 
	0xfe78, 0xfe78, 0xfe78, 0xfe78, 0xfe78, 0xfe78, 0xfe78, 0xfe78, 0xfe78, 0xfe78, 0xfe78, 0xfe78, 0xfe78, 0xfe78, 0xfe78, 0xfe98, 
	0xfeb8, 0xfe77, 0xfe57, 0xfe57, 0xfdb5, 0xfd74, 0xfd94, 0xfd94, 0xfd74, 0xfd74, 0xfd94, 0xfd93, 0xfd93, 0xcc6f, 0x3903, 0x0020, 
	0x0000, 0x0000, 0x0000, 0x10e3, 0x8d35, 0xaedc, 0xaefd, 0xb6bd, 0xaedc, 0xaedc, 0xaedc, 0xaedc, 0xaedc, 0xaedc, 0xaedc, 0xaedc, 
	0xaedc, 0xaedc, 0xaedc, 0xaedc, 0xaedc, 0xaedc, 0xaedc, 0xaedc, 0xaedc, 0xaedc, 0xaedc, 0xaedc, 0xaedc, 0xaedc, 0xaedc, 0xaedc, 
	0xaedc, 0xaedc, 0xaedc, 0xaedc, 0xaedc, 0xaedc, 0xaedc, 0xaedc, 0xaedc, 0xaedc, 0xaedc, 0xaedc, 0xaedc, 0xaedc, 0xaedc, 0xaedc, 
	0xaedc, 0xaedc, 0xaedc, 0xaedc, 0xaedc, 0xaedc, 0xaedc, 0xaedc, 0xaedc, 0xaedc, 0xaedc, 0xaedc, 0xaedc, 0xaedc, 0xaedc, 0xaedc, 
	0xaedc, 0xaedc, 0xaedc, 0xaedc, 0xaedc, 0xaedc, 0xaedc, 0xaedc, 0xaedc, 0xaedc, 0xaedc, 0xaedc, 0xaedc, 0xaedc, 0xaedc, 0xaedc, 
	0xaedc, 0xaedc, 0xaedc, 0xaedc, 0xaedc, 0xaedc, 0xaedc, 0xaedc, 0xb6dd, 0xaebc, 0xaedd, 0xae5a, 0x4acb, 0x0000, 0x0000, 0x0000, 
	0x0000, 0x0800, 0x72ca, 0xee16, 0xfe57, 0xfeb9, 0xfe78, 0xfe77, 0xfe78, 0xfe78, 0xfe78, 0xfe78, 0xfe78, 0xfe78, 0xfe78, 0xfe77, 
	0xfe78, 0xfe78, 0xfe78, 0xfe78, 0xfe78, 0xfe78, 0xfe78, 0xfe78, 0xfe78, 0xfe78, 0xfe78, 0xfe78, 0xfe78, 0xfe78, 0xfe78, 0xfe78, 
	0xfe78, 0xfe57, 0xfe98, 0xd574, 0x49e7, 0x0020, 0x0000, 0x0000, 0x0000, 0x0000, 0x0841, 0x1906, 0x3a8d, 0x3b72, 0x2353, 0x1b54, 
	0x1a0c, 0x00e5, 0x0040, 0x0000, 0x0000, 0x0020, 0x0000, 0x0000, 0x6247, 0xdcb1, 0xfd95, 0xfe36, 0xfe57, 0xfe58, 0xfe98, 0xfe36, 
	0xfd74, 0xfd73, 0xfd73, 0xfd94, 0xfd53, 0xf553, 0x8b2b, 0x1041, 0x0000, 0x0000, 0x0000, 0x0021, 0x428b, 0xa65a, 0xaedc, 0xb6bd, 
	0xb6bc, 0xaefd, 0xa69b, 0x534e, 0x0841, 0x0000, 0x0000, 0x0000, 0x0020, 0x7aeb, 0xf5f6, 0xfe77, 0xfe77, 0xfe78, 0xfe57, 0xfe77, 
	0xfe78, 0xfe98, 0xfe77, 0xfe57, 0xfe77, 0xfe78, 0xe5f6, 0x7b0b, 0x0840, 0x0000, 0x0000, 0x0040, 0x0000, 0x0000, 0x10c5, 0x3a4c, 
	0x3b32, 0x3393, 0x1b72, 0x0a8d, 0x0926, 0x0021, 0x0000, 0x0020, 0x0000, 0x0020, 0x0000, 0x3103, 0xc42f, 0xfd74, 0xfdf6, 0xfe77, 
	0xfe78, 0xfe78, 0xfe78, 0xfe78, 0xfe78, 0xfe78, 0xfe78, 0xfe78, 0xfe78, 0xfe78, 0xfe78, 0xfe78, 0xfe78, 0xfe78, 0xfe78, 0xfe78, 
	0xfe77, 0xfe78, 0xfe57, 0xfdf5, 0xfd94, 0xfd94, 0xfd94, 0xfd73, 0xfd94, 0xfd73, 0xfd73, 0xfd73, 0xf574, 0x8aea, 0x1020, 0x0000, 
	0x0020, 0x0000, 0x0000, 0x3208, 0x9df8, 0xaedc, 0xaefd, 0xb6bd, 0xaedc, 0xaedc, 0xaedc, 0xaedc, 0xaedc, 0xaedc, 0xaedc, 0xaedc, 
	0xaedc, 0xaedc, 0xaedc, 0xaedc, 0xaedc, 0xaedc, 0xaedc, 0xaedc, 0xaedc, 0xaedc, 0xaedc, 0xaedc, 0xaedc, 0xaedc, 0xaedc, 0xaedc, 
	0xaedc, 0xaedc, 0xaedc, 0xaedc, 0xaedc, 0xaedc, 0xaedc, 0xaedc, 0xaedc, 0xaedc, 0xaedc, 0xaedc, 0xaedc, 0xaedc, 0xaedc, 0xaedc, 
	0xaedc, 0xaedc, 0xaedc, 0xaedc, 0xaedc, 0xaedc, 0xaedc, 0xaedc, 0xaedc, 0xaedc, 0xaedc, 0xaedc, 0xaedc, 0xaedc, 0xaedc, 0xaedc, 
	0xaedc, 0xaedc, 0xaedc, 0xaedc, 0xaedc, 0xaedc, 0xaedc, 0xaedc, 0xaedc, 0xaedc, 0xaedc, 0xaedc, 0xaedc, 0xaedc, 0xaedc, 0xaedc, 
	0xaedc, 0xaedc, 0xaedc, 0xaedc, 0xaedc, 0xaedc, 0xaedc, 0xaedc, 0xb6dc, 0xaedc, 0xaefd, 0xaebc, 0x7472, 0x08a3, 0x0000, 0x0000, 
	0x0000, 0x0000, 0x2903, 0xac91, 0xf678, 0xfe57, 0xfe77, 0xfe77, 0xfe78, 0xfe78, 0xfe78, 0xfe78, 0xfe78, 0xfe78, 0xfe77, 0xfe77, 
	0xfe78, 0xfe78, 0xfe78, 0xfe78, 0xfe78, 0xfe78, 0xfe78, 0xfe78, 0xfe78, 0xfe78, 0xfe78, 0xfe78, 0xfe78, 0xfe78, 0xfe78, 0xfe78, 
	0xfe78, 0xfe78, 0xfe77, 0xf678, 0xa42f, 0x28e3, 0x0000, 0x0020, 0x0000, 0x0000, 0x0000, 0x0000, 0x0000, 0x0841, 0x0021, 0x0001, 
	0x0021, 0x0000, 0x0020, 0x0000, 0x0000, 0x0000, 0x0000, 0x2924, 0xb3ed, 0xfd54, 0xfd94, 0xfe36, 0xfe78, 0xfe78, 0xfe78, 0xf5f5, 
	0xfd94, 0xfd93, 0xfd94, 0xfd94, 0xfd74, 0xe512, 0x59c6, 0x0000, 0x0000, 0x0000, 0x0000, 0x0882, 0x6c11, 0xb6dc, 0xaefd, 0xaedd, 
	0xaedc, 0xaefd, 0xaedc, 0x84d4, 0x10c3, 0x0000, 0x0000, 0x0000, 0x0000, 0x4186, 0xdd74, 0xfe78, 0xfe98, 0xfe78, 0xfe78, 0xfe98, 
	0xfe78, 0xfe78, 0xfe98, 0xfe78, 0xfe78, 0xfe78, 0xfe98, 0xc512, 0x41c6, 0x0800, 0x0000, 0x0000, 0x0000, 0x0000, 0x0000, 0x0001, 
	0x0001, 0x0001, 0x0021, 0x0020, 0x0000, 0x0000, 0x0000, 0x0000, 0x0000, 0x0000, 0x1881, 0x932b, 0xf553, 0xfd94, 0xfe15, 0xfe57, 
	0xfe78, 0xfe78, 0xfe78, 0xfe78, 0xfe78, 0xfe78, 0xfe78, 0xfe78, 0xfe78, 0xfe78, 0xfe78, 0xfe78, 0xfe78, 0xfe78, 0xfe78, 0xfe78, 
	0xfe77, 0xfe37, 0xfdf5, 0xfdb4, 0xfd74, 0xfd94, 0xfd94, 0xfd94, 0xf573, 0xfdb4, 0xfd93, 0xfd74, 0xc450, 0x3924, 0x0000, 0x0000, 
	0x0000, 0x0000, 0x0861, 0x63cf, 0xae9b, 0xaedd, 0xb6dd, 0xaedc, 0xaedc, 0xaedc, 0xaedc, 0xaedc, 0xaedc, 0xaedc, 0xaedc, 0xaedc, 
	0xaedc, 0xaedc, 0xaedc, 0xaedc, 0xaedc, 0xaedc, 0xaedc, 0xaedc, 0xaedc, 0xaedc, 0xaedc, 0xaedc, 0xaedc, 0xaedc, 0xaedc, 0xaedc, 
	0xaedc, 0xaedc, 0xaedc, 0xaedc, 0xaedc, 0xaedc, 0xaedc, 0xaedc, 0xaedc, 0xaedc, 0xaedc, 0xaedc, 0xaedc, 0xaedc, 0xaedc, 0xaedc, 
	0xaedc, 0xaedc, 0xaedc, 0xaedc, 0xaedc, 0xaedc, 0xaedc, 0xaedc, 0xaedc, 0xaedc, 0xaedc, 0xaedc, 0xaedc, 0xaedc, 0xaedc, 0xaedc, 
	0xaedc, 0xaedc, 0xaedc, 0xaedc, 0xaedc, 0xaedc, 0xaedc, 0xaedc, 0xaedc, 0xaedc, 0xaedc, 0xaedc, 0xaedc, 0xaedc, 0xaedc, 0xaedc, 
	0xaedc, 0xaedc, 0xaedc, 0xaedc, 0xaedc, 0xaedc, 0xaedc, 0xaedc, 0xaedc, 0xb6fd, 0xaedc, 0xaebc, 0x9dd8, 0x3209, 0x0000, 0x0000, 
	0x0000, 0x0020, 0x0000, 0x5228, 0xd5b5, 0xfe77, 0xfe77, 0xfe78, 0xfe78, 0xfe77, 0xfe77, 0xfe78, 0xfe78, 0xfe78, 0xfe78, 0xfe78, 
	0xfe78, 0xfe78, 0xfe78, 0xfe78, 0xfe78, 0xfe78, 0xfe78, 0xfe78, 0xfe78, 0xfe78, 0xfe78, 0xfe78, 0xfe78, 0xfe78, 0xfe78, 0xfe78, 
	0xfe57, 0xfe78, 0xfe77, 0xfe98, 0xee17, 0x8b6c, 0x20c2, 0x0000, 0x0000, 0x0000, 0x0020, 0x0020, 0x0020, 0x0000, 0x0000, 0x0820, 
	0x0000, 0x0000, 0x0000, 0x0000, 0x0021, 0x0000, 0x28a2, 0x936d, 0xed52, 0xfd94, 0xfd73, 0xfe36, 0xfe77, 0xfe77, 0xfe57, 0xfdd4, 
	0xf593, 0xf593, 0xfd93, 0xfd73, 0xfdb4, 0xc470, 0x30c2, 0x0000, 0x0000, 0x0000, 0x0000, 0x2166, 0x8d56, 0xb6dc, 0xaedc, 0xaedc, 
	0xaedd, 0xaedc, 0xaefc, 0x9df8, 0x29c8, 0x0000, 0x0000, 0x0000, 0x0000, 0x20a2, 0xac70, 0xfe77, 0xfe78, 0xfe57, 0xfe78, 0xfe77, 
	0xfe78, 0xfe57, 0xfe77, 0xfe77, 0xfe78, 0xfe57, 0xfe98, 0xfe77, 0xac91, 0x3944, 0x0000, 0x0000, 0x0000, 0x0020, 0x0000, 0x0020, 
	0x0020, 0x0000, 0x0000, 0x0000, 0x0000, 0x0020, 0x0000, 0x0000, 0x0000, 0x1861, 0x7a89, 0xe512, 0xfd73, 0xf593, 0xfe15, 0xfe37, 
	0xfe78, 0xfe78, 0xfe78, 0xfe78, 0xfe78, 0xfe78, 0xfe78, 0xfe78, 0xfe78, 0xfe78, 0xfe77, 0xfe78, 0xfe98, 0xfe78, 0xfe78, 0xfe58, 
	0xfe36, 0xfdd5, 0xfd94, 0xfd94, 0xfd94, 0xfd74, 0xfd73, 0xfd93, 0xfd93, 0xfd93, 0xfd73, 0xe513, 0x7289, 0x0821, 0x0000, 0x0000, 
	0x0000, 0x0000, 0x2166, 0x8d77, 0xaedc, 0xb6dd, 0xaebc, 0xaedc, 0xaedc, 0xaedc, 0xaedc, 0xaedc, 0xaedc, 0xaedc, 0xaedc, 0xaedc, 
	0xaedc, 0xaedc, 0xaedc, 0xaedc, 0xaedc, 0xaedc, 0xaedc, 0xaedc, 0xaedc, 0xaedc, 0xaedc, 0xaedc, 0xaedc, 0xaedc, 0xaedc, 0xaedc, 
	0xaedc, 0xaedc, 0xaedc, 0xaedc, 0xaedc, 0xaedc, 0xaedc, 0xaedc, 0xaedc, 0xaedc, 0xaedc, 0xaedc, 0xaedc, 0xaedc, 0xaedc, 0xaedc, 
	0xaedc, 0xaedc, 0xaedc, 0xaedc, 0xaedc, 0xaedc, 0xaedc, 0xaedc, 0xaedc, 0xaedc, 0xaedc, 0xaedc, 0xaedc, 0xaedc, 0xaedc, 0xaedc, 
	0xaedc, 0xaedc, 0xaedc, 0xaedc, 0xaedc, 0xaedc, 0xaedc, 0xaedc, 0xaedc, 0xaedc, 0xaedc, 0xaedc, 0xaedc, 0xaedc, 0xaedc, 0xaedc, 
	0xaedc, 0xaedc, 0xaedc, 0xaedc, 0xaedc, 0xaedc, 0xaedc, 0xaedc, 0xaedc, 0xaedd, 0xaedc, 0xaefd, 0xaebc, 0x63f0, 0x08a2, 0x0000, 
	0x0000, 0x0000, 0x0000, 0x1061, 0x7b0b, 0xe5f6, 0xfe98, 0xfe57, 0xfe78, 0xfe78, 0xfe78, 0xfe78, 0xfe78, 0xfe78, 0xfe78, 0xfe78, 
	0xfe78, 0xfe78, 0xfe78, 0xfe78, 0xfe78, 0xfe78, 0xfe78, 0xfe78, 0xfe78, 0xfe78, 0xfe78, 0xfe78, 0xfe78, 0xfe78, 0xfe78, 0xfe78, 
	0xfe78, 0xfe77, 0xfe98, 0xfe77, 0xfe98, 0xedd6, 0x8b8d, 0x28e3, 0x0020, 0x0000, 0x0000, 0x0000, 0x0000, 0x0000, 0x0000, 0x0000, 
	0x0000, 0x0800, 0x0820, 0x0000, 0x0000, 0x3103, 0x930b, 0xf533, 0xfd93, 0xfd74, 0xf594, 0xfe36, 0xfe78, 0xfe78, 0xfe16, 0xfdd5, 
	0xfd94, 0xfd94, 0xfd73, 0xfd73, 0xf594, 0x9b6c, 0x1020, 0x0000, 0x0000, 0x0000, 0x0020, 0x42ab, 0xa65a, 0xaedd, 0xaedc, 0xaedc, 
	0xaedc, 0xaedc, 0xaedd, 0xae9b, 0x536e, 0x0041, 0x0000, 0x0000, 0x0000, 0x0820, 0x7b2b, 0xf657, 0xfe78, 0xfe78, 0xfe78, 0xfe57, 
	0xfe77, 0xfe77, 0xfe78, 0xfe58, 0xfe78, 0xfe58, 0xfe77, 0xfe98, 0xf657, 0xa40f, 0x41a5, 0x0040, 0x0020, 0x0020, 0x0000, 0x0000, 
	0x0000, 0x0000, 0x0000, 0x0000, 0x0000, 0x0000, 0x0000, 0x0020, 0x18a2, 0x7a89, 0xe4d2, 0xfd74, 0xfd93, 0xf593, 0xfe16, 0xfe78, 
	0xfe78, 0xfe78, 0xfe78, 0xfe78, 0xfe78, 0xfe78, 0xfe78, 0xfe78, 0xfe78, 0xfe77, 0xfe78, 0xfe98, 0xfe98, 0xfe77, 0xfe57, 0xfe37, 
	0xfd94, 0xfdb4, 0xfd94, 0xfd73, 0xfd94, 0xfd93, 0xfd73, 0xfd73, 0xfd73, 0xfd73, 0xf532, 0x932b, 0x1881, 0x0020, 0x0000, 0x0000, 
	0x0000, 0x0841, 0x532d, 0xa67b, 0xaefd, 0xaedd, 0xaebc, 0xaefd, 0xaedc, 0xaedc, 0xaedc, 0xaedc, 0xaedc, 0xaedc, 0xaedc, 0xaedc, 
	0xaedc, 0xaedc, 0xaedc, 0xaedc, 0xaedc, 0xaedc, 0xaedc, 0xaedc, 0xaedc, 0xaedc, 0xaedc, 0xaedc, 0xaedc, 0xaedc, 0xaedc, 0xaedc, 
	0xaedc, 0xaedc, 0xaedc, 0xaedc, 0xaedc, 0xaedc, 0xaedc, 0xaedc, 0xaedc, 0xaedc, 0xaedc, 0xaedc, 0xaedc, 0xaedc, 0xaedc, 0xaedc, 
	0xaedc, 0xaedc, 0xaedc, 0xaedc, 0xaedc, 0xaedc, 0xaedc, 0xaedc, 0xaedc, 0xaedc, 0xaedc, 0xaedc, 0xaedc, 0xaedc, 0xaedc, 0xaedc, 
	0xaedc, 0xaedc, 0xaedc, 0xaedc, 0xaedc, 0xaedc, 0xaedc, 0xaedc, 0xaedc, 0xaedc, 0xaedc, 0xaedc, 0xaedc, 0xaedc, 0xaedc, 0xaedc, 
	0xaedc, 0xaedc, 0xaedc, 0xaedc, 0xaedc, 0xaedc, 0xaedc, 0xaedc, 0xaefd, 0xaebc, 0xaedc, 0xaefd, 0xaedc, 0x9dd8, 0x3a6a, 0x0000, 
	0x0000, 0x0000, 0x0000, 0x0000, 0x2082, 0x834c, 0xe5f6, 0xfe98, 0xfe78, 0xfe78, 0xfe78, 0xfe78, 0xfe77, 0xfe77, 0xfe78, 0xfe78, 
	0xfe78, 0xfe78, 0xfe78, 0xfe78, 0xfe78, 0xfe78, 0xfe78, 0xfe78, 0xfe78, 0xfe78, 0xfe78, 0xfe78, 0xfe78, 0xfe78, 0xfe78, 0xfe78, 
	0xfe98, 0xfe77, 0xfe98, 0xfe77, 0xfe57, 0xfe78, 0xee17, 0xa42f, 0x41e7, 0x1082, 0x0000, 0x0000, 0x0000, 0x0000, 0x0820, 0x0000, 
	0x0020, 0x0000, 0x0000, 0x1881, 0x51c6, 0xabcd, 0xf573, 0xfd93, 0xfd74, 0xfd74, 0xfdd5, 0xfe37, 0xfe57, 0xfe78, 0xfdd5, 0xfd74, 
	0xfd74, 0xfd74, 0xfd74, 0xfd53, 0xed32, 0x6a48, 0x0820, 0x0020, 0x0000, 0x0000, 0x0862, 0x63f0, 0xaebb, 0xaedd, 0xaedd, 0xaefc, 
	0xaedc, 0xaedd, 0xaedd, 0xaedc, 0x7cb3, 0x08c3, 0x0000, 0x0000, 0x0000, 0x0020, 0x5206, 0xe5f6, 0xfe77, 0xfe78, 0xfe98, 0xfe78, 
	0xfe77, 0xfe78, 0xfe98, 0xfe57, 0xfe78, 0xfe78, 0xfe78, 0xfe58, 0xfe57, 0xfe78, 0xbd12, 0x6289, 0x18a2, 0x0000, 0x0000, 0x0000, 
	0x0000, 0x0800, 0x0000, 0x0000, 0x0000, 0x0000, 0x1061, 0x3125, 0x934c, 0xdcf2, 0xfdb4, 0xfd93, 0xfd73, 0xfdb4, 0xfe16, 0xf698, 
	0xfe78, 0xfe78, 0xfe78, 0xfe78, 0xfe78, 0xfe78, 0xfe78, 0xfe78, 0xfe78, 0xfe98, 0xfe78, 0xfe77, 0xfe57, 0xfe16, 0xfdf5, 0xfdb5, 
	0xfd74, 0xfd94, 0xfd94, 0xfd94, 0xfd73, 0xfd73, 0xfd94, 0xfdb4, 0xfd94, 0xf553, 0x9b4c, 0x28e2, 0x0000, 0x0000, 0x0000, 0x0000, 
	0x0000, 0x21a7, 0x8d76, 0xaebc, 0xb71d, 0xaedc, 0xb6fd, 0xaedc, 0xaedc, 0xaedc, 0xaedc, 0xaedc, 0xaedc, 0xaedc, 0xaedc, 0xaedc, 
	0xaedc, 0xaedc, 0xaedc, 0xaedc, 0xaedc, 0xaedc, 0xaedc, 0xaedc, 0xaedc, 0xaedc, 0xaedc, 0xaedc, 0xaedc, 0xaedc, 0xaedc, 0xaedc, 
	0xaedc, 0xaedc, 0xaedc, 0xaedc, 0xaedc, 0xaedc, 0xaedc, 0xaedc, 0xaedc, 0xaedc, 0xaedc, 0xaedc, 0xaedc, 0xaedc, 0xaedc, 0xaedc, 
	0xaedc, 0xaedc, 0xaedc, 0xaedc, 0xaedc, 0xaedc, 0xaedc, 0xaedc, 0xaedc, 0xaedc, 0xaedc, 0xaedc, 0xaedc, 0xaedc, 0xaedc, 0xaedc, 
	0xaedc, 0xaedc, 0xaedc, 0xaedc, 0xaedc, 0xaedc, 0xaedc, 0xaedc, 0xaedc, 0xaedc, 0xaedc, 0xaedc, 0xaedc, 0xaedc, 0xaedc, 0xaedc, 
	0xaedc, 0xaedc, 0xaedc, 0xaedc, 0xaedc, 0xaedc, 0xaedc, 0xaedc, 0xaefd, 0xaebc, 0xb6dc, 0xaedc, 0xaedc, 0xaedc, 0x7cd4, 0x1925, 
	0x0000, 0x0000, 0x0000, 0x0000, 0x0000, 0x18a2, 0x836c, 0xddb5, 0xfe57, 0xfe77, 0xfe78, 0xfe78, 0xfe78, 0xfe77, 0xfe77, 0xfe78, 
	0xfe78, 0xfe78, 0xfe78, 0xfe78, 0xfe78, 0xfe78, 0xfe78, 0xfe78, 0xfe78, 0xfe78, 0xfe78, 0xfe78, 0xfe78, 0xfe78, 0xfe78, 0xfe78, 
	0xfe57, 0xfe77, 0xfe78, 0xfe98, 0xfe78, 0xfe57, 0xfe98, 0xfe58, 0xd573, 0x93ad, 0x49c5, 0x18a1, 0x1081, 0x0841, 0x0020, 0x0841, 
	0x0861, 0x20e3, 0x51c6, 0x9b6d, 0xdcd2, 0xfd73, 0xfdb3, 0xf572, 0xfd73, 0xfd94, 0xfe16, 0xfe78, 0xfe78, 0xfe57, 0xe594, 0xdd13, 
	0xdcf2, 0xe513, 0xf574, 0xfdb4, 0xdcd1, 0x4965, 0x0000, 0x0000, 0x0000, 0x0000, 0x1925, 0x8515, 0xaedc, 0xaedd, 0xb6dd, 0xaedc, 
	0xaedc, 0xb6dd, 0xaedd, 0xaedc, 0x8db7, 0x29c7, 0x0000, 0x0000, 0x0000, 0x0000, 0x2903, 0xc513, 0xfe78, 0xfe77, 0xee37, 0xe5f6, 
	0xddf6, 0xe616, 0xf657, 0xfe98, 0xfe98, 0xfe78, 0xfe78, 0xfe77, 0xfe78, 0xfe57, 0xfe37, 0xedd6, 0xac30, 0x5a48, 0x3103, 0x1060, 
	0x0840, 0x0821, 0x0821, 0x1061, 0x18c2, 0x3964, 0x82c9, 0xcc6f, 0xf554, 0xfdd5, 0xf553, 0xfd94, 0xfd73, 0xfdf6, 0xfe57, 0xfe97, 
	0xfe78, 0xfe78, 0xfe78, 0xfe78, 0xfe78, 0xfe78, 0xfe78, 0xfe78, 0xfe98, 0xfe77, 0xfe57, 0xfe16, 0xfdf5, 0xfdb4, 0xfd94, 0xfd73, 
	0xfd94, 0xfd73, 0xfd73, 0xfd93, 0xfd73, 0xfd73, 0xfd94, 0xfd74, 0xdd33, 0x934b, 0x28c2, 0x0000, 0x0041, 0x0000, 0x0000, 0x0000, 
	0x10c4, 0x63f0, 0xaedc, 0xaedc, 0xb6dd, 0xaedc, 0xaefd, 0xaebc, 0xaedc, 0xaedc, 0xaedc, 0xaedc, 0xaedc, 0xaedc, 0xaedc, 0xaedc, 
	0xaedc, 0xaedc, 0xaedc, 0xaedc, 0xaedc, 0xaedc, 0xaedc, 0xaedc, 0xaedc, 0xaedc, 0xaedc, 0xaedc, 0xaedc, 0xaedc, 0xaedc, 0xaedc, 
	0xaedc, 0xaedc, 0xaedc, 0xaedc, 0xaedc, 0xaedc, 0xaedc, 0xaedc, 0xaedc, 0xaedc, 0xaedc, 0xaedc, 0xaedc, 0xaedc, 0xaedc, 0xaedc, 
	0xaedc, 0xaedc, 0xaedc, 0xaedc, 0xaedc, 0xaedc, 0xaedc, 0xaedc, 0xaedc, 0xaedc, 0xaedc, 0xaedc, 0xaedc, 0xaedc, 0xaedc, 0xaedc, 
	0xaedc, 0xaedc, 0xaedc, 0xaedc, 0xaedc, 0xaedc, 0xaedc, 0xaedc, 0xaedc, 0xaedc, 0xaedc, 0xaedc, 0xaedc, 0xaedc, 0xaedc, 0xaedc, 
	0xaedc, 0xaedc, 0xaedc, 0xaedc, 0xaedc, 0xaedc, 0xaedc, 0xaedc, 0xaedd, 0xaedc, 0xb6dc, 0xb6fd, 0xaefd, 0xaedc, 0xae7a, 0x5b8f, 
	0x0882, 0x0000, 0x0000, 0x0000, 0x0020, 0x0000, 0x1861, 0x8b6c, 0xfe37, 0xfe57, 0xfe78, 0xfe78, 0xfe78, 0xfe77, 0xfe78, 0xfe78, 
	0xfe78, 0xfe78, 0xfe78, 0xfe78, 0xfe78, 0xfe78, 0xfe78, 0xfe78, 0xfe78, 0xfe78, 0xfe78, 0xfe78, 0xfe78, 0xfe78, 0xfe78, 0xfe78, 
	0xfe77, 0xfe78, 0xfe58, 0xfe58, 0xfe98, 0xfe97, 0xfe57, 0xfe78, 0xfe78, 0xfe36, 0xe574, 0xc450, 0x9b4c, 0x82ca, 0x82c9, 0x82ea, 
	0xa38c, 0xc42f, 0xe4f1, 0xfd53, 0xfd93, 0xfd93, 0xfd74, 0xfd95, 0xfd93, 0xfdd4, 0xfe36, 0xfe98, 0xe5d5, 0xac4f, 0x6a89, 0x5185, 
	0x51a4, 0x6a68, 0xa3ad, 0xdcf1, 0xb42f, 0x30e4, 0x0000, 0x0000, 0x0000, 0x0000, 0x3208, 0x9e19, 0xaefd, 0xaedd, 0xaedd, 0xaedc, 
	0xaedc, 0xb6dd, 0xaedd, 0xaf1d, 0xa65a, 0x42cb, 0x0000, 0x0000, 0x0000, 0x0000, 0x18a2, 0xac50, 0xedd6, 0xb490, 0x7b0b, 0x51e7, 
	0x5207, 0x6a89, 0xa40e, 0xe5d5, 0xfe77, 0xfe77, 0xfe77, 0xfe98, 0xfe77, 0xfe98, 0xfe77, 0xfe77, 0xfe57, 0xedd5, 0xc4b1, 0xab8d, 
	0x8aea, 0x82c9, 0x82ca, 0x9b4c, 0xbbef, 0xdcb1, 0xf553, 0xfd93, 0xfd73, 0xfd73, 0xfd93, 0xfd74, 0xfd94, 0xfe16, 0xfe77, 0xfe78, 
	0xfe78, 0xfe78, 0xfe78, 0xfe78, 0xfe78, 0xfe78, 0xfe78, 0xfe78, 0xfe57, 0xfe37, 0xfdf6, 0xfdb5, 0xfd94, 0xfd73, 0xfd73, 0xfd93, 
	0xfd73, 0xfd73, 0xfd93, 0xfd73, 0xfd73, 0xfdb4, 0xf553, 0xd46f, 0x7a88, 0x1881, 0x0040, 0x0000, 0x0000, 0x0820, 0x0000, 0x0861, 
	0x4acc, 0x9e19, 0xaf1d, 0xaedd, 0xb6dd, 0xb6fc, 0xa6bc, 0xb6fd, 0xaedc, 0xaedc, 0xaedc, 0xaedc, 0xaedc, 0xaedc, 0xaedc, 0xaedc, 
	0xaedc, 0xaedc, 0xaedc, 0xaedc, 0xaedc, 0xaedc, 0xaedc, 0xaedc, 0xaedc, 0xaedc, 0xaedc, 0xaedc, 0xaedc, 0xaedc, 0xaedc, 0xaedc, 
	0xaedc, 0xaedc, 0xaedc, 0xaedc, 0xaedc, 0xaedc, 0xaedc, 0xaedc, 0xaedc, 0xaedc, 0xaedc, 0xaedc, 0xaedc, 0xaedc, 0xaedc, 0xaedc, 
	0xaedc, 0xaedc, 0xaedc, 0xaedc, 0xaedc, 0xaedc, 0xaedc, 0xaedc, 0xaedc, 0xaedc, 0xaedc, 0xaedc, 0xaedc, 0xaedc, 0xaedc, 0xaedc, 
	0xaedc, 0xaedc, 0xaedc, 0xaedc, 0xaedc, 0xaedc, 0xaedc, 0xaedc, 0xaedc, 0xaedc, 0xaedc, 0xaedc, 0xaedc, 0xaedc, 0xaedc, 0xaedc, 
	0xaedc, 0xaedc, 0xaedc, 0xaedc, 0xaedc, 0xaedc, 0xaedc, 0xaedc, 0xaedc, 0xaedd, 0xaedc, 0xaedc, 0xaedc, 0xb6fd, 0xaebc, 0x9e5a, 
	0x42cc, 0x0062, 0x0000, 0x0000, 0x0000, 0x0020, 0x0000, 0x4186, 0xd554, 0xfe78, 0xfe78, 0xfe98, 0xfe58, 0xfe58, 0xfe57, 0xfe77, 
	0xfeb8, 0xf657, 0xfe78, 0xfe99, 0xfe58, 0xfe78, 0xfe78, 0xfe77, 0xfe78, 0xfe78, 0xfe78, 0xfe78, 0xfe78, 0xfe78, 0xfe78, 0xfe78, 
	0xfe78, 0xfe78, 0xfe78, 0xfe78, 0xfe78, 0xfe78, 0xfe78, 0xfe78, 0xfe78, 0xfe78, 0xfe77, 0xfe16, 0xf5b4, 0xf553, 0xf533, 0xfd53, 
	0xfd73, 0xfd73, 0xfd94, 0xfd73, 0xfd53, 0xfd94, 0xfd94, 0xfd73, 0xf5b4, 0xfe16, 0xfe77, 0xd594, 0x6aea, 0x20a3, 0x1021, 0x0000, 
	0x0000, 0x0000, 0x2081, 0x6268, 0x72ea, 0x1861, 0x0000, 0x0000, 0x0000, 0x0021, 0x42ec, 0xae7b, 0xaedd, 0xaedc, 0xaedc, 0xb6dd, 
	0xaedc, 0xaedc, 0xaedc, 0xaedc, 0xb6bc, 0x5baf, 0x0062, 0x0000, 0x0000, 0x0000, 0x1041, 0x62ca, 0x7b0b, 0x28c2, 0x0040, 0x0000, 
	0x0000, 0x0020, 0x1862, 0x5a48, 0xc573, 0xfe37, 0xfe78, 0xfe78, 0xfe77, 0xfe77, 0xfe78, 0xfe98, 0xfe77, 0xfe57, 0xfe57, 0xf594, 
	0xf554, 0xf553, 0xf533, 0xfd53, 0xfd74, 0xfd94, 0xfd94, 0xfd94, 0xfd93, 0xfd73, 0xfd73, 0xfdb4, 0xfe16, 0xfe57, 0xfe78, 0xfe78, 
	0xfe78, 0xfe77, 0xfe77, 0xfe78, 0xfe98, 0xfe78, 0xfe57, 0xfe57, 0xfe16, 0xfdd5, 0xfd94, 0xfd73, 0xfd94, 0xfd73, 0xfd73, 0xfd94, 
	0xfd94, 0xfd93, 0xfd73, 0xfd73, 0xfd53, 0xd4b1, 0x8b2c, 0x4165, 0x0840, 0x0000, 0x0000, 0x0000, 0x0000, 0x0000, 0x0021, 0x4228, 
	0x8dd8, 0xaebc, 0xb6fd, 0xaedc, 0xaedd, 0xaedd, 0xaedc, 0xb6fd, 0xaedc, 0xaedc, 0xaedc, 0xaedc, 0xaedc, 0xaedc, 0xaedc, 0xaedc, 
	0xaedc, 0xaedc, 0xaedc, 0xaedc, 0xaedc, 0xaedc, 0xaedc, 0xaedc, 0xaedc, 0xaedc, 0xaedc, 0xaedc, 0xaedc, 0xaedc, 0xaedc, 0xaedc, 
	0xaedc, 0xaedc, 0xaedc, 0xaedc, 0xaedc, 0xaedc, 0xaedc, 0xaedc, 0xaedc, 0xaedc, 0xaedc, 0xaedc, 0xaedc, 0xaedc, 0xaedc, 0xaedc, 
	0xaedc, 0xaedc, 0xaedc, 0xaedc, 0xaedc, 0xaedc, 0xaedc, 0xaedc, 0xaedc, 0xaedc, 0xaedc, 0xaedc, 0xaedc, 0xaedc, 0xaedc, 0xaedc, 
	0xaedc, 0xaedc, 0xaedc, 0xaedc, 0xaedc, 0xaedc, 0xaedc, 0xaedc, 0xaedc, 0xaedc, 0xaedc, 0xaedc, 0xaedc, 0xaedc, 0xaedc, 0xaedc, 
	0xaedc, 0xaedc, 0xaedc, 0xaedc, 0xaedc, 0xaedc, 0xaedc, 0xaedc, 0xaedc, 0xaedd, 0xaedc, 0xaedc, 0xaedc, 0xb6fd, 0xaedd, 0xaebc, 
	0x9df8, 0x3a8a, 0x0862, 0x0000, 0x0000, 0x0000, 0x0000, 0x3165, 0xcd12, 0xfe78, 0xfe77, 0xfe77, 0xfe98, 0xfe98, 0xfe78, 0xfe97, 
	0xfe77, 0xfe98, 0xfe78, 0xfe57, 0xfe78, 0xfe78, 0xfe78, 0xfe98, 0xfe78, 0xfe78, 0xfe78, 0xfe78, 0xfe78, 0xfe78, 0xfe78, 0xfe78, 
	0xfe78, 0xfe78, 0xfe78, 0xfe78, 0xfe78, 0xfe78, 0xfe78, 0xfe78, 0xfe78, 0xfe78, 0xfe78, 0xfe57, 0xfe16, 0xfdb4, 0xfd94, 0xfd74, 
	0xfd94, 0xfd73, 0xfd94, 0xfd94, 0xfd94, 0xfd94, 0xfd94, 0xfdd5, 0xfe16, 0xfe57, 0xedf6, 0x72ea, 0x1061, 0x0000, 0x0000, 0x0000, 
	0x0020, 0x0000, 0x0000, 0x1861, 0x1882, 0x0800, 0x0000, 0x0000, 0x0000, 0x0882, 0x5b8f, 0xaebc, 0xaedc, 0xaedd, 0xaedc, 0xaedc, 
	0xaedc, 0xaedc, 0xaedd, 0xaedc, 0xb6dc, 0x6c52, 0x10c4, 0x0000, 0x0000, 0x0000, 0x0000, 0x18a2, 0x2082, 0x0000, 0x0000, 0x0000, 
	0x0000, 0x0000, 0x0000, 0x1020, 0x5a88, 0xd574, 0xfe78, 0xfe77, 0xfe98, 0xfe77, 0xfe57, 0xfe77, 0xfe78, 0xfe78, 0xfe57, 0xfe16, 
	0xfdd5, 0xfdb4, 0xfd94, 0xfd73, 0xfd74, 0xfd74, 0xfd74, 0xfd94, 0xfd73, 0xfd94, 0xfdb4, 0xfdf6, 0xfe37, 0xfe77, 0xfe78, 0xfe78, 
	0xfe77, 0xfe78, 0xfe78, 0xfe77, 0xfe78, 0xfe78, 0xfe37, 0xfdf6, 0xfd94, 0xfd94, 0xfd74, 0xfd74, 0xfd94, 0xfd94, 0xfd94, 0xfd93, 
	0xfd73, 0xfd74, 0xf553, 0xd4b1, 0x936c, 0x4985, 0x1040, 0x0000, 0x0000, 0x0000, 0x0000, 0x0000, 0x0000, 0x0000, 0x3229, 0x9576, 
	0xa69c, 0xb6fd, 0xb6fd, 0xaebc, 0xaedc, 0xaedd, 0xaedc, 0xaedd, 0xaedc, 0xaedc, 0xaedc, 0xaedc, 0xaedc, 0xaedc, 0xaedc, 0xaedc, 
	0xaedc, 0xaedc, 0xaedc, 0xaedc, 0xaedc, 0xaedc, 0xaedc, 0xaedc, 0xaedc, 0xaedc, 0xaedc, 0xaedc, 0xaedc, 0xaedc, 0xaedc, 0xaedc, 
	0xaedc, 0xaedc, 0xaedc, 0xaedc, 0xaedc, 0xaedc, 0xaedc, 0xaedc, 0xaedc, 0xaedc, 0xaedc, 0xaedc, 0xaedc, 0xaedc, 0xaedc, 0xaedc, 
	0xaedc, 0xaedc, 0xaedc, 0xaedc, 0xaedc, 0xaedc, 0xaedc, 0xaedc, 0xaedc, 0xaedc, 0xaedc, 0xaedc, 0xaedc, 0xaedc, 0xaedc, 0xaedc, 
	0xaedc, 0xaedc, 0xaedc, 0xaedc, 0xaedc, 0xaedc, 0xaedc, 0xaedc, 0xaedc, 0xaedc, 0xaedc, 0xaedc, 0xaedc, 0xaedc, 0xaedc, 0xaedc, 
	0xaedc, 0xaedc, 0xaedc, 0xaedc, 0xaedc, 0xaedc, 0xaedc, 0xaedc, 0xaedd, 0xaedd, 0xaedc, 0xaedc, 0xaedc, 0xaedd, 0xb6fd, 0xaedd, 
	0xaedc, 0x95b7, 0x42cb, 0x0842, 0x0000, 0x0000, 0x0040, 0x4aa9, 0xd5f6, 0xfe99, 0xfe57, 0xfe77, 0xfeb7, 0xfe77, 0xfe77, 0xfe78, 
	0xfe78, 0xfe57, 0xfe57, 0xfe77, 0xfe98, 0xfe77, 0xfe77, 0xfe78, 0xfe78, 0xfe78, 0xfe78, 0xfe78, 0xfe78, 0xfe78, 0xfe78, 0xfe78, 
	0xfe78, 0xfe78, 0xfe78, 0xfe78, 0xfe78, 0xfe78, 0xfe78, 0xfe78, 0xfe77, 0xfe77, 0xfe78, 0xfe77, 0xfe57, 0xfe36, 0xfdf5, 0xfdd5, 
	0xfd94, 0xfd74, 0xfd74, 0xfd94, 0xfd94, 0xfdb4, 0xfdd5, 0xfe36, 0xfe57, 0xf657, 0xa42f, 0x20c2, 0x0000, 0x0021, 0x0000, 0x0000, 
	0x0000, 0x0000, 0x0000, 0x0000, 0x0000, 0x0000, 0x0000, 0x0000, 0x0000, 0x10e3, 0x7493, 0xb6dc, 0xaedc, 0xaedc, 0xaedd, 0xaedc, 
	0xaedc, 0xaedc, 0xaedd, 0xaedc, 0xb6dc, 0x8515, 0x2145, 0x0000, 0x0000, 0x0000, 0x0000, 0x0000, 0x0000, 0x0000, 0x0000, 0x0000, 
	0x0000, 0x0000, 0x0020, 0x0000, 0x0861, 0x8b8d, 0xf637, 0xfe97, 0xfe78, 0xfe78, 0xfe78, 0xfe77, 0xfe78, 0xfe98, 0xfe77, 0xfe78, 
	0xfe16, 0xfdf5, 0xfdd4, 0xfdb4, 0xfd94, 0xfd73, 0xfd73, 0xfd94, 0xfdb5, 0xfdd5, 0xfe16, 0xfe57, 0xfe77, 0xfe78, 0xfe78, 0xfe78, 
	0xfe77, 0xfe78, 0xfe78, 0xfe77, 0xfe57, 0xfe37, 0xfdf5, 0xf594, 0xfd73, 0xfd73, 0xfd73, 0xfd74, 0xfd94, 0xfd73, 0xfd93, 0xfdb4, 
	0xf533, 0xdcd1, 0x9b6c, 0x4164, 0x1020, 0x0000, 0x0000, 0x0000, 0x0000, 0x0000, 0x0000, 0x0000, 0x0841, 0x3a09, 0x8d56, 0xaedd, 
	0xb6fd, 0xb6fd, 0xaedc, 0xaedc, 0xb6fd, 0xaedd, 0xaedc, 0xaedc, 0xaedc, 0xaedc, 0xaedc, 0xaedc, 0xaedc, 0xaedc, 0xaedc, 0xaedc, 
	0xaedc, 0xaedc, 0xaedc, 0xaedc, 0xaedc, 0xaedc, 0xaedc, 0xaedc, 0xaedc, 0xaedc, 0xaedc, 0xaedc, 0xaedc, 0xaedc, 0xaedc, 0xaedc, 
	0xaedc, 0xaedc, 0xaedc, 0xaedc, 0xaedc, 0xaedc, 0xaedc, 0xaedc, 0xaedc, 0xaedc, 0xaedc, 0xaedc, 0xaedc, 0xaedc, 0xaedc, 0xaedc, 
	0xaedc, 0xaedc, 0xaedc, 0xaedc, 0xaedc, 0xaedc, 0xaedc, 0xaedc, 0xaedc, 0xaedc, 0xaedc, 0xaedc, 0xaedc, 0xaedc, 0xaedc, 0xaedc, 
	0xaedc, 0xaedc, 0xaedc, 0xaedc, 0xaedc, 0xaedc, 0xaedc, 0xaedc, 0xaedc, 0xaedc, 0xaedc, 0xaedc, 0xaedc, 0xaedc, 0xaedc, 0xaedc, 
	0xaedc, 0xaedc, 0xaedc, 0xaedc, 0xaedc, 0xaedc, 0xaedc, 0xaedc, 0xaedd, 0xaedc, 0xaedc, 0xaedd, 0xaedc, 0xaedc, 0xaedc, 0xaedc, 
	0xa6dc, 0xb6fd, 0x9dd8, 0x63af, 0x29a8, 0x2146, 0x42ab, 0x8d34, 0xc6ba, 0xde9a, 0xf679, 0xfe98, 0xfe57, 0xfe58, 0xfe78, 0xfe58, 
	0xfe58, 0xfe78, 0xfe98, 0xfe98, 0xfe77, 0xfe98, 0xfe98, 0xfe57, 0xfe78, 0xfe78, 0xfe78, 0xfe78, 0xfe78, 0xfe78, 0xfe78, 0xfe78, 
	0xfe78, 0xfe78, 0xfe78, 0xfe78, 0xfe78, 0xfe78, 0xfe78, 0xfe78, 0xfe78, 0xfe77, 0xfe77, 0xfe77, 0xfe77, 0xfe57, 0xfe37, 0xfe36, 
	0xfdf6, 0xfdf6, 0xfdd5, 0xfdd5, 0xfdf6, 0xfe57, 0xfe57, 0xfe78, 0xfe78, 0xd5b4, 0x4a07, 0x0000, 0x0020, 0x0000, 0x0800, 0x0000, 
	0x0000, 0x0000, 0x0000, 0x0001, 0x0001, 0x0000, 0x0000, 0x0020, 0x0000, 0x1904, 0x8d56, 0xb6dc, 0xaebc, 0xaedc, 0xb6fd, 0xaedc, 
	0xaedc, 0xaedc, 0xaedc, 0xaedc, 0xb6dd, 0x9dd8, 0x29a7, 0x0000, 0x0000, 0x0000, 0x0000, 0x0000, 0x0020, 0x0000, 0x0000, 0x0000, 
	0x0000, 0x0000, 0x0000, 0x0020, 0x0000, 0x3964, 0xcd33, 0xfe77, 0xfe77, 0xfe77, 0xfe98, 0xfe78, 0xfe77, 0xfe78, 0xfe77, 0xfe78, 
	0xfe77, 0xfe57, 0xfe36, 0xfe16, 0xfdf5, 0xfdf5, 0xfdf5, 0xfdf6, 0xfe37, 0xfe57, 0xfe77, 0xfe78, 0xfe78, 0xfe77, 0xfe78, 0xfe78, 
	0xfe78, 0xfe78, 0xfe78, 0xfe77, 0xfe37, 0xfdd5, 0xfd94, 0xfd73, 0xfd73, 0xfd94, 0xfdb4, 0xfd94, 0xfd53, 0xfd74, 0xf574, 0xdcf1, 
	0x9b6c, 0x4964, 0x1040, 0x0040, 0x0000, 0x0000, 0x0000, 0x0000, 0x0000, 0x0000, 0x0000, 0x0882, 0x4aec, 0x95b7, 0xb6fd, 0xa6bc, 
	0xaedc, 0xaedc, 0xaedc, 0xb6fd, 0xaedd, 0xaedc, 0xaedc, 0xaedc, 0xaedc, 0xaedc, 0xaedc, 0xaedc, 0xaedc, 0xaedc, 0xaedc, 0xaedc, 
	0xaedc, 0xaedc, 0xaedc, 0xaedc, 0xaedc, 0xaedc, 0xaedc, 0xaedc, 0xaedc, 0xaedc, 0xaedc, 0xaedc, 0xaedc, 0xaedc, 0xaedc, 0xaedc, 
	0xaedc, 0xaedc, 0xaedc, 0xaedc, 0xaedc, 0xaedc, 0xaedc, 0xaedc, 0xaedc, 0xaedc, 0xaedc, 0xaedc, 0xaedc, 0xaedc, 0xaedc, 0xaedc, 
	0xaedc, 0xaedc, 0xaedc, 0xaedc, 0xaedc, 0xaedc, 0xaedc, 0xaedc, 0xaedc, 0xaedc, 0xaedc, 0xaedc, 0xaedc, 0xaedc, 0xaedc, 0xaedc, 
	0xaedc, 0xaedc, 0xaedc, 0xaedc, 0xaedc, 0xaedc, 0xaedc, 0xaedc, 0xaedc, 0xaedc, 0xaedc, 0xaedc, 0xaedc, 0xaedc, 0xaedc, 0xaedc, 
	0xaedc, 0xaedc, 0xaedc, 0xaedc, 0xaedc, 0xaedc, 0xaedc, 0xaedc, 0xaedc, 0xaedc, 0xaedc, 0xb6fd, 0xb6fd, 0xaedc, 0xaedc, 0xaedc, 
	0xb71e, 0xa6bc, 0xaedc, 0xae9b, 0x8d77, 0x9577, 0xa63a, 0xb6dc, 0xb6fc, 0xbebb, 0xce9a, 0xe6ba, 0xf679, 0xf617, 0xb471, 0x834c, 
	0x7b0b, 0xb4b1, 0xee16, 0xfe78, 0xfe77, 0xfe77, 0xfe77, 0xfe78, 0xfe78, 0xfe78, 0xfe78, 0xfe78, 0xfe78, 0xfe78, 0xfe78, 0xfe78, 
	0xfe78, 0xfe78, 0xfe78, 0xfe78, 0xfe78, 0xfe78, 0xfe78, 0xfe78, 0xfe78, 0xfe78, 0xfe77, 0xfe78, 0xfe78, 0xfe78, 0xfe78, 0xfe77, 
	0xfe57, 0xfe78, 0xfe77, 0xfe57, 0xfe77, 0xfe78, 0xfe78, 0xfe77, 0xf637, 0x93cd, 0x1081, 0x0000, 0x0000, 0x0000, 0x0800, 0x0021, 
	0x0041, 0x0000, 0x0000, 0x0000, 0x0000, 0x0000, 0x0000, 0x0000, 0x0000, 0x1945, 0x95b8, 0xb6fd, 0xaedc, 0xaedc, 0xb6fd, 0xaedd, 
	0xb6fd, 0xaedc, 0xb6dd, 0xaedd, 0xb6fd, 0xa639, 0x3208, 0x0000, 0x0000, 0x0000, 0x0000, 0x0000, 0x0000, 0x0000, 0x0000, 0x0021, 
	0x0042, 0x0000, 0x0000, 0x0000, 0x0021, 0x0800, 0x7aea, 0xee17, 0xfe78, 0xfe77, 0xfe78, 0xfe78, 0xfe57, 0xfe78, 0xfe78, 0xfe78, 
	0xfe78, 0xfe78, 0xfe78, 0xfe77, 0xfe77, 0xfe57, 0xfe57, 0xfe78, 0xfe78, 0xfe78, 0xfe78, 0xfe78, 0xfe77, 0xfe77, 0xfe78, 0xfe78, 
	0xfe78, 0xfe78, 0xfe77, 0xfe57, 0xfdf5, 0xfd94, 0xfd73, 0xfd73, 0xfd95, 0xf573, 0xfd93, 0xfd93, 0xfd73, 0xf574, 0xbc2f, 0x6207, 
	0x18a1, 0x0000, 0x0000, 0x0000, 0x0000, 0x0000, 0x0000, 0x0800, 0x0000, 0x0041, 0x2187, 0x63f0, 0x9e19, 0xaedc, 0xa6bc, 0xaefd, 
	0xaedc, 0xaedc, 0xb6fd, 0xaedd, 0xaebc, 0xaedc, 0xaedd, 0xb6fd, 0xaedc, 0xaedc, 0xaedc, 0xaedc, 0xaedc, 0xaedc, 0xaedc, 0xaedc, 
	0xaedc, 0xaedc, 0xaedc, 0xaedc, 0xaedc, 0xaedc, 0xaedc, 0xaedc, 0xaedc, 0xaedc, 0xaedc, 0xaedc, 0xaedc, 0xaedc, 0xaedc, 0xaedc, 
	0xaedc, 0xaedc, 0xaedc, 0xaedc, 0xaedc, 0xaedc, 0xaedc, 0xaedc, 0xaedc, 0xaedc, 0xaedc, 0xaedc, 0xaedc, 0xaedc, 0xaedc, 0xaedc, 
	0xaedc, 0xaedc, 0xaedc, 0xaedc, 0xaedc, 0xaedc, 0xaedc, 0xaedc, 0xaedc, 0xaedc, 0xaedc, 0xaedc, 0xaedc, 0xaedc, 0xaedc, 0xaedc, 
	0xaedc, 0xaedc, 0xaedc, 0xaedc, 0xaedc, 0xaedc, 0xaedc, 0xaedc, 0xaedc, 0xaedc, 0xaedc, 0xaedc, 0xaedc, 0xaedc, 0xaedc, 0xaedc, 
	0xaedc, 0xaedc, 0xaedc, 0xaedc, 0xaedc, 0xaedc, 0xaedc, 0xaedc, 0xaedd, 0xaedc, 0xaedc, 0xaedc, 0xaedd, 0xaedc, 0xaedc, 0xaedd, 
	0xae9c, 0xb6fd, 0xaefd, 0xaedd, 0xaedc, 0xb6fd, 0xaebc, 0xaebd, 0xaedd, 0xaedd, 0xb6dc, 0xbedb, 0xc699, 0x9471, 0x3124, 0x0000, 
	0x0020, 0x28e2, 0x8b8d, 0xe5f6, 0xfe78, 0xfe77, 0xfe98, 0xfe77, 0xfe78, 0xfe78, 0xfe78, 0xfe78, 0xfe78, 0xfe78, 0xfe78, 0xfe78, 
	0xfe78, 0xfe78, 0xfe78, 0xfe78, 0xfe78, 0xfe78, 0xfe78, 0xfe78, 0xfe78, 0xfe78, 0xfe78, 0xfe78, 0xfe78, 0xfe78, 0xfe78, 0xfe78, 
	0xfe77, 0xfe77, 0xfe77, 0xfe98, 0xfe78, 0xfe77, 0xfe98, 0xfe78, 0xcd54, 0x41a5, 0x0000, 0x0021, 0x0020, 0x0800, 0x0001, 0x09aa, 
	0x11aa, 0x0001, 0x0000, 0x0000, 0x0000, 0x0000, 0x0000, 0x0000, 0x0000, 0x21a6, 0x9df9, 0xaefd, 0xb6fd, 0xaebc, 0xaedc, 0xaefd, 
	0xaedd, 0xaedc, 0xb6dd, 0xaedd, 0xaefd, 0xae7a, 0x3a49, 0x0000, 0x0001, 0x0000, 0x0820, 0x0000, 0x0000, 0x0800, 0x0000, 0x0968, 
	0x09ab, 0x0042, 0x0000, 0x0000, 0x0021, 0x0000, 0x2903, 0xbcf3, 0xfe98, 0xfe78, 0xfe57, 0xfe78, 0xfe98, 0xfe77, 0xfe98, 0xfe78, 
	0xfe58, 0xfe78, 0xfe78, 0xfe78, 0xfe78, 0xfe78, 0xfe78, 0xfe78, 0xfe78, 0xfe78, 0xfe78, 0xfe77, 0xfe78, 0xfe78, 0xfe78, 0xfe78, 
	0xfe78, 0xfe78, 0xfe57, 0xfdf5, 0xfd94, 0xfd94, 0xfd93, 0xfd73, 0xfd54, 0xfdb4, 0xfd53, 0xfd73, 0xed73, 0x938c, 0x30e3, 0x0820, 
	0x0000, 0x0000, 0x0000, 0x0000, 0x0000, 0x0000, 0x0000, 0x0040, 0x2125, 0x532d, 0x8556, 0xa69b, 0xaebd, 0xb6bd, 0xb6fd, 0xa6bb, 
	0xaedd, 0xaedc, 0xaedc, 0xaedc, 0xaedc, 0xaedd, 0xb6fd, 0xaedc, 0xaedc, 0xaedc, 0xaedc, 0xaedc, 0xaedc, 0xaedc, 0xaedc, 0xaedc, 
	0xaedc, 0xaedc, 0xaedc, 0xaedc, 0xaedc, 0xaedc, 0xaedc, 0xaedc, 0xaedc, 0xaedc, 0xaedc, 0xaedc, 0xaedc, 0xaedc, 0xaedc, 0xaedc, 
	0xaedc, 0xaedc, 0xaedc, 0xaedc, 0xaedc, 0xaedc, 0xaedc, 0xaedc, 0xaedc, 0xaedc, 0xaedc, 0xaedc, 0xaedc, 0xaedc, 0xaedc, 0xaedc, 
	0xaedc, 0xaedc, 0xaedc, 0xaedc, 0xaedc, 0xaedc, 0xaedc, 0xaedc, 0xaedc, 0xaedc, 0xaedc, 0xaedc, 0xaedc, 0xaedc, 0xaedc, 0xaedc, 
	0xaedc, 0xaedc, 0xaedc, 0xaedc, 0xaedc, 0xaedc, 0xaedc, 0xaedc, 0xaedc, 0xaedc, 0xaedc, 0xaedc, 0xaedc, 0xaedc, 0xaedc, 0xaedc, 
	0xaedc, 0xaedc, 0xaedc, 0xaedc, 0xaedc, 0xaedc, 0xaedc, 0xaedc, 0xaedd, 0xaedd, 0xaedc, 0xaedc, 0xaedc, 0xaedc, 0xaedc, 0xaedc, 
	0xaedc, 0xaedc, 0xaedd, 0xaedd, 0xaefc, 0xaefc, 0xaedd, 0xb6dd, 0xaebc, 0xaedd, 0xaefd, 0xaefd, 0x9e18, 0x426a, 0x0000, 0x0000, 
	0x0000, 0x0000, 0x1882, 0x72ea, 0xdd95, 0xfe78, 0xfe57, 0xfe98, 0xfe78, 0xfe78, 0xfe78, 0xfe78, 0xfe78, 0xfe78, 0xfe78, 0xfe78, 
	0xfe78, 0xfe78, 0xfe78, 0xfe78, 0xfe78, 0xfe78, 0xfe78, 0xfe78, 0xfe77, 0xfe77, 0xfe78, 0xfe78, 0xfe78, 0xfe78, 0xfe78, 0xfe77, 
	0xfe98, 0xfe77, 0xfe77, 0xfe98, 0xfe77, 0xfe78, 0xfe98, 0xf637, 0x836d, 0x1081, 0x0000, 0x0000, 0x0000, 0x0000, 0x00c6, 0x2bd6, 
	0x2bb5, 0x0106, 0x0000, 0x0000, 0x0000, 0x0000, 0x0000, 0x0000, 0x0000, 0x29e8, 0x9e39, 0xaedc, 0xb6dd, 0xaebc, 0xaedc, 0xaedc, 
	0xaedc, 0xaedc, 0xb6dd, 0xaedd, 0xaedc, 0xae9b, 0x42ab, 0x0021, 0x0000, 0x0000, 0x0000, 0x0000, 0x0000, 0x0000, 0x00a5, 0x2353, 
	0x3418, 0x0948, 0x0000, 0x0000, 0x0000, 0x0000, 0x0820, 0x6aaa, 0xe5d5, 0xfe98, 0xfe78, 0xfe78, 0xfe98, 0xfe77, 0xfe78, 0xfe78, 
	0xfe78, 0xfe78, 0xfe78, 0xfe98, 0xfe98, 0xfe78, 0xfe78, 0xfe78, 0xfe78, 0xfe77, 0xfe77, 0xfe78, 0xfe78, 0xfe78, 0xfe78, 0xfe77, 
	0xfe78, 0xfe57, 0xfe16, 0xfd94, 0xfd73, 0xfd74, 0xfd93, 0xfd73, 0xfd94, 0xfd53, 0xfdb5, 0xe513, 0x82ea, 0x20a1, 0x0000, 0x0000, 
	0x0000, 0x0000, 0x0020, 0x0000, 0x0000, 0x0021, 0x1125, 0x432c, 0x84f5, 0xa65a, 0xaedc, 0xaefd, 0xb6fd, 0xb6bc, 0xaedc, 0xb71d, 
	0xaedc, 0xaedc, 0xaedc, 0xaedc, 0xb6fd, 0xb6fd, 0xaedc, 0xaedc, 0xaedc, 0xaedc, 0xaedc, 0xaedc, 0xaedc, 0xaedc, 0xaedc, 0xaedc, 
	0xaedc, 0xaedc, 0xaedc, 0xaedc, 0xaedc, 0xaedc, 0xaedc, 0xaedc, 0xaedc, 0xaedc, 0xaedc, 0xaedc, 0xaedc, 0xaedc, 0xaedc, 0xaedc, 
	0xaedc, 0xaedc, 0xaedc, 0xaedc, 0xaedc, 0xaedc, 0xaedc, 0xaedc, 0xaedc, 0xaedc, 0xaedc, 0xaedc, 0xaedc, 0xaedc, 0xaedc, 0xaedc, 
	0xaedc, 0xaedc, 0xaedc, 0xaedc, 0xaedc, 0xaedc, 0xaedc, 0xaedc, 0xaedc, 0xaedc, 0xaedc, 0xaedc, 0xaedc, 0xaedc, 0xaedc, 0xaedc, 
	0xaedc, 0xaedc, 0xaedc, 0xaedc, 0xaedc, 0xaedc, 0xaedc, 0xaedc, 0xaedc, 0xaedc, 0xaedc, 0xaedc, 0xaedc, 0xaedc, 0xaedc, 0xaedc, 
	0xaedc, 0xaedc, 0xaedc, 0xaedc, 0xaedc, 0xaedc, 0xaedc, 0xaedc, 0xaedc, 0xaedc, 0xb6fd, 0xaedd, 0xaedc, 0xaedd, 0xaedd, 0xaedc, 
	0xaefc, 0xaedc, 0xb6dd, 0xb6bc, 0xaedc, 0xaefc, 0xaedc, 0xb6dd, 0xaf1c, 0xaebc, 0xb6dd, 0xb6dd, 0xa619, 0x31e8, 0x0000, 0x0000, 
	0x0000, 0x0021, 0x0000, 0x1040, 0x72ca, 0xd594, 0xfe98, 0xfe57, 0xfe78, 0xfe78, 0xfe78, 0xfe78, 0xfe78, 0xfe78, 0xfe78, 0xfe78, 
	0xfe78, 0xfe78, 0xfe78, 0xfe78, 0xfe78, 0xfe78, 0xfe78, 0xfe78, 0xfe78, 0xfe78, 0xfe77, 0xfe77, 0xfe78, 0xfe78, 0xfe78, 0xfe78, 
	0xfe78, 0xfe78, 0xfe78, 0xfe78, 0xfe57, 0xfe78, 0xfe57, 0xd533, 0x3966, 0x0000, 0x0000, 0x0000, 0x0000, 0x0041, 0x126e, 0x34fd, 
	0x2cdd, 0x124e, 0x0021, 0x0000, 0x0000, 0x0000, 0x0000, 0x0000, 0x0000, 0x3209, 0xa639, 0xaedc, 0xb6dd, 0xb6bc, 0xaedc, 0xaefd, 
	0xaedc, 0xb6dd, 0xb6dd, 0xaedd, 0xaedc, 0xae9b, 0x4acc, 0x0021, 0x0000, 0x0020, 0x0000, 0x0000, 0x0020, 0x0020, 0x09ab, 0x2cbb, 
	0x34fe, 0x22af, 0x0061, 0x0000, 0x0000, 0x0000, 0x0000, 0x28e3, 0xbcb1, 0xfe78, 0xfe78, 0xfe57, 0xfe98, 0xfe57, 0xfe78, 0xfe78, 
	0xfe78, 0xfe77, 0xfe77, 0xfe77, 0xfe77, 0xfe77, 0xfe77, 0xfe78, 0xfe78, 0xfe78, 0xfe78, 0xfe78, 0xfe78, 0xfe78, 0xfe77, 0xfe77, 
	0xfe98, 0xfe36, 0xfdb5, 0xfd94, 0xfd74, 0xfd73, 0xfd93, 0xfd93, 0xf592, 0xfd94, 0xe4f2, 0x8aaa, 0x2061, 0x0000, 0x0021, 0x0000, 
	0x0000, 0x0000, 0x0000, 0x0020, 0x1924, 0x530d, 0x84d5, 0xae5b, 0xaefd, 0xaedc, 0xb6dd, 0xb6dc, 0xaebc, 0xaedc, 0xaedd, 0xaebc, 
	0xaedd, 0xaedd, 0xaedc, 0xaedc, 0xaedd, 0xaedc, 0xaedc, 0xb6fd, 0xaedc, 0xaedc, 0xaedc, 0xaedc, 0xaedc, 0xaedc, 0xaedc, 0xaedc, 
	0xaedc, 0xaedc, 0xaedc, 0xaedc, 0xaedc, 0xaedc, 0xaedc, 0xaedc, 0xaedc, 0xaedc, 0xaedc, 0xaedc, 0xaedc, 0xaedc, 0xaedc, 0xaedc, 
	0xaedc, 0xaedc, 0xaedc, 0xaedc, 0xaedc, 0xaedc, 0xaedc, 0xaedc, 0xaedc, 0xaedc, 0xaedc, 0xaedc, 0xaedc, 0xaedc, 0xaedc, 0xaedc, 
	0xaedc, 0xaedc, 0xaedc, 0xaedc, 0xaedc, 0xaedc, 0xaedc, 0xaedc, 0xaedc, 0xaedc, 0xaedc, 0xaedc, 0xaedc, 0xaedc, 0xaedc, 0xaedc, 
	0xaedc, 0xaedc, 0xaedc, 0xaedc, 0xaedc, 0xaedc, 0xaedc, 0xaedc, 0xaedc, 0xaedc, 0xaedc, 0xaedc, 0xaedc, 0xaedc, 0xaedc, 0xaedc, 
	0xaedc, 0xaedc, 0xaedc, 0xaedc, 0xaedc, 0xaedc, 0xaedc, 0xaedc, 0xaedc, 0xaedc, 0xaedc, 0xaedc, 0xaedc, 0xaedc, 0xaedc, 0xaedc, 
	0xaedc, 0xaedc, 0xaedc, 0xaedc, 0xaedc, 0xaedc, 0xaedc, 0xaedc, 0xaedc, 0xb6dd, 0xb6dd, 0xaedc, 0xa65a, 0x538e, 0x0021, 0x0000, 
	0x0020, 0x0000, 0x0020, 0x0000, 0x1042, 0x72ec, 0xe5f6, 0xfe76, 0xfe98, 0xfe78, 0xfe78, 0xfe78, 0xfe78, 0xfe77, 0xfe57, 0xfe78, 
	0xfe78, 0xfe78, 0xfe78, 0xfe78, 0xfe78, 0xfe78, 0xfe78, 0xfe78, 0xfe78, 0xfe78, 0xfe78, 0xfe78, 0xfe78, 0xfe78, 0xfe78, 0xfe78, 
	0xfe98, 0xfe58, 0xfe78, 0xfe98, 0xfe57, 0xfe98, 0xf637, 0x834c, 0x0841, 0x0000, 0x0000, 0x0000, 0x0000, 0x0927, 0x2c38, 0x2d3f, 
	0x2d3f, 0x2c18, 0x0906, 0x0000, 0x0000, 0x0800, 0x0000, 0x0000, 0x0000, 0x3249, 0x9e3a, 0xaebc, 0xb6dd, 0xaedc, 0xaefd, 0xaebd, 
	0xb6dd, 0xaedc, 0xaefc, 0xaedc, 0xaedd, 0xa69b, 0x4b0d, 0x0020, 0x0000, 0x0000, 0x0000, 0x0020, 0x0000, 0x0884, 0x23f6, 0x2d1f, 
	0x353f, 0x2c9b, 0x0148, 0x0000, 0x0000, 0x0000, 0x0000, 0x0020, 0x62c9, 0xee17, 0xfe58, 0xfe98, 0xfe77, 0xfe78, 0xfe78, 0xfe77, 
	0xfe78, 0xfe78, 0xfe78, 0xfe78, 0xfe78, 0xfe78, 0xfe78, 0xfe78, 0xfe78, 0xfe77, 0xfe78, 0xfe78, 0xfe77, 0xfe78, 0xfe78, 0xfe77, 
	0xfe57, 0xfdd5, 0xfd94, 0xfd93, 0xfdb4, 0xfd73, 0xfd73, 0xfd94, 0xfd93, 0xed13, 0x82cb, 0x1883, 0x0000, 0x0000, 0x0000, 0x0000, 
	0x0000, 0x0000, 0x1104, 0x430d, 0x7d15, 0xa65a, 0xb6dc, 0xaebc, 0xaedc, 0xaedc, 0xaedc, 0xaedc, 0xaedc, 0xaedc, 0xaedc, 0xaedc, 
	0xaedc, 0xaedc, 0xaedc, 0xaedc, 0xaedc, 0xaedc, 0xaedc, 0xaedc, 0xaedc, 0xaedc, 0xaedc, 0xaedc, 0xaedc, 0xaedc, 0xaedc, 0xaedc, 
	0xaedc, 0xaedc, 0xaedc, 0xaedc, 0xaedc, 0xaedc, 0xaedc, 0xaedc, 0xaedc, 0xaedc, 0xaedc, 0xaedc, 0xaedc, 0xaedc, 0xaedc, 0xaedc, 
	0xaedc, 0xaedc, 0xaedc, 0xaedc, 0xaedc, 0xaedc, 0xaedc, 0xaedc, 0xaedc, 0xaedc, 0xaedc, 0xaedc, 0xaedc, 0xaedc, 0xaedc, 0xaedc, 
	0xaedc, 0xaedc, 0xaedc, 0xaedc, 0xaedc, 0xaedc, 0xaedc, 0xaedc, 0xaedc, 0xaedc, 0xaedc, 0xaedc, 0xaedc, 0xaedc, 0xaedc, 0xaedc, 
	0xaedc, 0xaedc, 0xaedc, 0xaedc, 0xaedc, 0xaedc, 0xaedc, 0xaedc, 0xaedc, 0xaedc, 0xaedc, 0xaedc, 0xaedc, 0xaedc, 0xaedc, 0xaedc, 
	0xaedc, 0xaedc, 0xaedc, 0xaedc, 0xaedc, 0xaedc, 0xaedc, 0xaedc, 0xaedc, 0xaedc, 0xaedc, 0xaedc, 0xaedc, 0xaedc, 0xaedc, 0xaedc, 
	0xaedc, 0xaedc, 0xaedc, 0xaedc, 0xaedc, 0xaedc, 0xaedc, 0xaedc, 0xaedd, 0xaedc, 0xaedd, 0xb6fd, 0xaedc, 0x8d97, 0x4acb, 0x0041, 
	0x0000, 0x0000, 0x0000, 0x0000, 0x0000, 0x1881, 0x93ad, 0xf636, 0xfe98, 0xfe57, 0xfe98, 0xfe78, 0xfe77, 0xfe77, 0xfe78, 0xfe78, 
	0xfe78, 0xfe78, 0xfe78, 0xfe78, 0xfe78, 0xfe78, 0xfe78, 0xfe78, 0xfe78, 0xfe78, 0xfe78, 0xfe78, 0xfe78, 0xfe78, 0xfe78, 0xfe78, 
	0xfe77, 0xfe78, 0xfe58, 0xfe78, 0xfe97, 0xfe57, 0xcd33, 0x41a5, 0x0000, 0x0000, 0x0000, 0x0000, 0x0041, 0x3b30, 0x4d3c, 0x355f, 
	0x355f, 0x34db, 0x228f, 0x0042, 0x0000, 0x0000, 0x0000, 0x0000, 0x0000, 0x3249, 0xa63a, 0xb6dd, 0xaedd, 0xaedc, 0xaedc, 0xaedd, 
	0xb6dd, 0xaedc, 0xaedc, 0xb6fd, 0xb6dd, 0xae9b, 0x4b2d, 0x0020, 0x0000, 0x0000, 0x0000, 0x0000, 0x0021, 0x326c, 0x4cfa, 0x355f, 
	0x2d3f, 0x351d, 0x2312, 0x0063, 0x0000, 0x0000, 0x0000, 0x0000, 0x2923, 0xb4b1, 0xfe57, 0xfe98, 0xfe57, 0xfe78, 0xfe77, 0xfe78, 
	0xfe78, 0xfe78, 0xfe78, 0xfe78, 0xfe78, 0xfe78, 0xfe78, 0xfe78, 0xfe78, 0xfe77, 0xfe78, 0xfe78, 0xfe77, 0xfe78, 0xfe78, 0xfe77, 
	0xfe36, 0xfd94, 0xfd94, 0xfd94, 0xfd73, 0xfd94, 0xfd74, 0xfd73, 0xf593, 0x9b6c, 0x28a2, 0x0000, 0x0000, 0x0000, 0x0000, 0x0000, 
	0x0021, 0x3a49, 0x7472, 0xa619, 0xb6dc, 0xaedc, 0xaedc, 0xb6fd, 0xaedc, 0xaedc, 0xaedc, 0xaedc, 0xaedc, 0xaedc, 0xaedc, 0xaedc, 
	0xaedc, 0xaedc, 0xaedc, 0xaedc, 0xaedc, 0xaedc, 0xaedc, 0xaedc, 0xaedc, 0xaedc, 0xaedc, 0xaedc, 0xaedc, 0xaedc, 0xaedc, 0xaedc, 
	0xaedc, 0xaedc, 0xaedc, 0xaedc, 0xaedc, 0xaedc, 0xaedc, 0xaedc, 0xaedc, 0xaedc, 0xaedc, 0xaedc, 0xaedc, 0xaedc, 0xaedc, 0xaedc, 
	0xaedc, 0xaedc, 0xaedc, 0xaedc, 0xaedc, 0xaedc, 0xaedc, 0xaedc, 0xaedc, 0xaedc, 0xaedc, 0xaedc, 0xaedc, 0xaedc, 0xaedc, 0xaedc, 
	0xaedc, 0xaedc, 0xaedc, 0xaedc, 0xaedc, 0xaedc, 0xaedc, 0xaedc, 0xaedc, 0xaedc, 0xaedc, 0xaedc, 0xaedc, 0xaedc, 0xaedc, 0xaedc, 
	0xaedc, 0xaedc, 0xaedc, 0xaedc, 0xaedc, 0xaedc, 0xaedc, 0xaedc, 0xaedc, 0xaedc, 0xaedc, 0xaedc, 0xaedc, 0xaedc, 0xaedc, 0xaedc, 
	0xaedc, 0xaedc, 0xaedc, 0xaedc, 0xaedc, 0xaedc, 0xaedc, 0xaedc, 0xaedc, 0xaedc, 0xaedc, 0xaedc, 0xaedc, 0xaedc, 0xaedc, 0xaedc, 
	0xaedc, 0xaedc, 0xaedc, 0xaedc, 0xaedc, 0xaedc, 0xaedc, 0xaedc, 0xaefc, 0xaedc, 0xaedd, 0xb6fd, 0xaedc, 0xaedc, 0x95b7, 0x4b2d, 
	0x1083, 0x0000, 0x0000, 0x0840, 0x0000, 0x0000, 0x3124, 0xb491, 0xfe77, 0xfe77, 0xfe98, 0xfe78, 0xfe77, 0xfe77, 0xfe98, 0xfe57, 
	0xfe78, 0xfe78, 0xfe78, 0xfe78, 0xfe78, 0xfe78, 0xfe78, 0xfe78, 0xfe78, 0xfe78, 0xfe78, 0xfe78, 0xfe78, 0xfe78, 0xfe78, 0xfe78, 
	0xfe77, 0xfe98, 0xfe78, 0xfe77, 0xfe98, 0xf637, 0x8b8d, 0x1020, 0x0000, 0x0000, 0x0000, 0x0000, 0x1968, 0x7519, 0x6dff, 0x3d5f, 
	0x353f, 0x2d5f, 0x2c18, 0x0927, 0x0000, 0x0000, 0x0001, 0x0000, 0x0000, 0x3208, 0xa63a, 0xb6fd, 0xaedd, 0xaedc, 0xaedc, 0xb6dd, 
	0xb6dd, 0xaedc, 0xaedc, 0xaedd, 0xb6fd, 0xae9b, 0x4b0c, 0x0040, 0x0000, 0x0000, 0x0000, 0x0000, 0x1106, 0x6c95, 0x75fe, 0x3d9f, 
	0x2d3f, 0x355f, 0x2c9b, 0x0989, 0x0000, 0x0000, 0x0000, 0x0000, 0x0000, 0x72ca, 0xee16, 0xfe98, 0xfe77, 0xfe77, 0xfe57, 0xfe78, 
	0xfe78, 0xfe78, 0xfe78, 0xfe78, 0xfe78, 0xfe78, 0xfe78, 0xfe78, 0xfe78, 0xfe77, 0xfe78, 0xfe78, 0xfe77, 0xfe77, 0xfe77, 0xfe57, 
	0xfdf5, 0xfd74, 0xfd74, 0xfd94, 0xfd73, 0xfd94, 0xfd74, 0xfd73, 0xc450, 0x4144, 0x0000, 0x0020, 0x0000, 0x0020, 0x0000, 0x1062, 
	0x42ab, 0x8d36, 0xb6dc, 0xb6dd, 0xaefd, 0xaefd, 0xaefd, 0xaedd, 0xaedc, 0xaedc, 0xaedc, 0xaedc, 0xaedc, 0xaedc, 0xaedc, 0xaedc, 
	0xaedc, 0xaedc, 0xaedc, 0xaedc, 0xaedc, 0xaedc, 0xaedc, 0xaedc, 0xaedc, 0xaedc, 0xaedc, 0xaedc, 0xaedc, 0xaedc, 0xaedc, 0xaedc, 
	0xaedc, 0xaedc, 0xaedc, 0xaedc, 0xaedc, 0xaedc, 0xaedc, 0xaedc, 0xaedc, 0xaedc, 0xaedc, 0xaedc, 0xaedc, 0xaedc, 0xaedc, 0xaedc, 
	0xaedc, 0xaedc, 0xaedc, 0xaedc, 0xaedc, 0xaedc, 0xaedc, 0xaedc, 0xaedc, 0xaedc, 0xaedc, 0xaedc, 0xaedc, 0xaedc, 0xaedc, 0xaedc, 
	0xaedc, 0xaedc, 0xaedc, 0xaedc, 0xaedc, 0xaedc, 0xaedc, 0xaedc, 0xaedc, 0xaedc, 0xaedc, 0xaedc, 0xaedc, 0xaedc, 0xaedc, 0xaedc, 
	0xaedc, 0xaedc, 0xaedc, 0xaedc, 0xaedc, 0xaedc, 0xaedc, 0xaedc, 0xaedc, 0xaedc, 0xaedc, 0xaedc, 0xaedc, 0xaedc, 0xaedc, 0xaedc, 
	0xaedc, 0xaedc, 0xaedc, 0xaedc, 0xaedc, 0xaedc, 0xaedc, 0xaedc, 0xaedc, 0xaedc, 0xaedc, 0xaedc, 0xaedc, 0xaedc, 0xaedc, 0xaedc, 
	0xaedc, 0xaedc, 0xaedc, 0xaedc, 0xaedc, 0xaedc, 0xaedc, 0xaedc, 0xaedc, 0xaedd, 0xaebc, 0xb6dd, 0xaedc, 0xaedc, 0xb6fc, 0x9e39, 
	0x5b6e, 0x0882, 0x0000, 0x0000, 0x0000, 0x0020, 0x0820, 0x5208, 0xdd95, 0xfe98, 0xfe77, 0xfe77, 0xfe98, 0xfe77, 0xfe98, 0xfe57, 
	0xfe78, 0xfe78, 0xfe78, 0xfe78, 0xfe78, 0xfe78, 0xfe78, 0xfe78, 0xfe78, 0xfe78, 0xfe78, 0xfe78, 0xfe78, 0xfe78, 0xfe78, 0xfe78, 
	0xfe98, 0xfe77, 0xfe78, 0xfe77, 0xfe77, 0xd594, 0x49c6, 0x0000, 0x0000, 0x0000, 0x0000, 0x0042, 0x4330, 0x8dfd, 0x865f, 0x4d7f, 
	0x2d3e, 0x355f, 0x24fd, 0x1a8f, 0x0020, 0x0020, 0x0000, 0x0000, 0x0000, 0x2186, 0x9db8, 0xb6dc, 0xaebc, 0xaedc, 0xb6fd, 0xaebd, 
	0xaebd, 0xb6fd, 0xaedc, 0xaedc, 0xb6dd, 0xa619, 0x3a6a, 0x0020, 0x0000, 0x0000, 0x0000, 0x0001, 0x328d, 0x85dc, 0x8e3f, 0x55bf, 
	0x353f, 0x2d5f, 0x2d1f, 0x2312, 0x0082, 0x0000, 0x0000, 0x0020, 0x0000, 0x3945, 0xc512, 0xfe77, 0xfe98, 0xfe57, 0xfe78, 0xfe78, 
	0xfe78, 0xfe78, 0xfe78, 0xfe78, 0xfe78, 0xfe78, 0xfe78, 0xfe78, 0xfe78, 0xfe77, 0xfe78, 0xfe78, 0xfe78, 0xfe78, 0xfe57, 0xfe36, 
	0xfdb4, 0xfd94, 0xfd74, 0xfd94, 0xfd94, 0xfd73, 0xfd74, 0xed32, 0x6a49, 0x0820, 0x0040, 0x0000, 0x0000, 0x0000, 0x0062, 0x4acc, 
	0x95d8, 0xb6bc, 0xb6dd, 0xa6bc, 0xaedd, 0xaedc, 0xaebc, 0xaedc, 0xaedc, 0xaedc, 0xaedc, 0xaedc, 0xaedc, 0xaedc, 0xaedc, 0xaedc, 
	0xaedc, 0xaedc, 0xaedc, 0xaedc, 0xaedc, 0xaedc, 0xaedc, 0xaedc, 0xaedc, 0xaedc, 0xaedc, 0xaedc, 0xaedc, 0xaedc, 0xaedc, 0xaedc, 
	0xaedc, 0xaedc, 0xaedc, 0xaedc, 0xaedc, 0xaedc, 0xaedc, 0xaedc, 0xaedc, 0xaedc, 0xaedc, 0xaedc, 0xaedc, 0xaedc, 0xaedc, 0xaedc, 
	0xaedc, 0xaedc, 0xaedc, 0xaedc, 0xaedc, 0xaedc, 0xaedc, 0xaedc, 0xaedc, 0xaedc, 0xaedc, 0xaedc, 0xaedc, 0xaedc, 0xaedc, 0xaedc, 
	0xaedc, 0xaedc, 0xaedc, 0xaedc, 0xaedc, 0xaedc, 0xaedc, 0xaedc, 0xaedc, 0xaedc, 0xaedc, 0xaedc, 0xaedc, 0xaedc, 0xaedc, 0xaedc, 
	0xaedc, 0xaedc, 0xaedc, 0xaedc, 0xaedc, 0xaedc, 0xaedc, 0xaedc, 0xaedc, 0xaedc, 0xaedc, 0xaedc, 0xaedc, 0xaedc, 0xaedc, 0xaedc, 
	0xaedc, 0xaedc, 0xaedc, 0xaedc, 0xaedc, 0xaedc, 0xaedc, 0xaedc, 0xaedc, 0xaedc, 0xaedc, 0xaedc, 0xaedc, 0xaedc, 0xaedc, 0xaedc, 
	0xaedc, 0xaedc, 0xaedc, 0xaedc, 0xaedc, 0xaedc, 0xaedc, 0xaedc, 0xaedc, 0xb6fd, 0xaebc, 0xaebc, 0xb6dd, 0xaedd, 0xaedc, 0xaedc, 
	0x9e39, 0x4b2d, 0x0862, 0x0000, 0x0000, 0x0000, 0x0000, 0x1082, 0x9bae, 0xf658, 0xfe77, 0xfe77, 0xfe78, 0xfe78, 0xfe78, 0xfe78, 
	0xfe78, 0xfe78, 0xfe78, 0xfe78, 0xfe78, 0xfe78, 0xfe78, 0xfe78, 0xfe78, 0xfe78, 0xfe78, 0xfe78, 0xfe78, 0xfe78, 0xfe78, 0xfe78, 
	0xfe98, 0xfe57, 0xfe78, 0xfe78, 0xf657, 0x9c0f, 0x1881, 0x0000, 0x0000, 0x0000, 0x0000, 0x1126, 0x6cd8, 0x965f, 0x8e7f, 0x65df, 
	0x357f, 0x3d3f, 0x255f, 0x2418, 0x0906, 0x0000, 0x0000, 0x0000, 0x0000, 0x08c3, 0x7472, 0xaebc, 0xaedc, 0xaedc, 0xb6dd, 0xaedc, 
	0xaedc, 0xaedc, 0xaedd, 0xaedd, 0xb6dc, 0x8515, 0x1925, 0x0000, 0x0000, 0x0800, 0x0000, 0x10c4, 0x6456, 0x8e5e, 0x965f, 0x6dff, 
	0x3d7f, 0x355f, 0x353f, 0x2c7b, 0x0168, 0x0800, 0x0000, 0x0000, 0x0000, 0x0840, 0x834c, 0xf637, 0xfe97, 0xfe77, 0xfe98, 0xfe78, 
	0xfe78, 0xfe78, 0xfe78, 0xfe78, 0xfe78, 0xfe78, 0xfe78, 0xfe78, 0xfe78, 0xfe77, 0xfe78, 0xfe78, 0xfe78, 0xfe77, 0xfe57, 0xfdf6, 
	0xfd93, 0xfd94, 0xfd74, 0xfd74, 0xfd94, 0xfd74, 0xf574, 0xb3cd, 0x20a3, 0x0000, 0x0000, 0x0000, 0x0000, 0x0821, 0x42ab, 0x95d7, 
	0xaedc, 0xaedd, 0xaedc, 0xaefd, 0xaefd, 0xaedc, 0xaedc, 0xb6dc, 0xaedc, 0xaedc, 0xaedc, 0xaedc, 0xaedc, 0xaedc, 0xaedc, 0xaedc, 
	0xaedc, 0xaedc, 0xaedc, 0xaedc, 0xaedc, 0xaedc, 0xaedc, 0xaedc, 0xaedc, 0xaedc, 0xaedc, 0xaedc, 0xaedc, 0xaedc, 0xaedc, 0xaedc, 
	0xaedc, 0xaedc, 0xaedc, 0xaedc, 0xaedc, 0xaedc, 0xaedc, 0xaedc, 0xaedc, 0xaedc, 0xaedc, 0xaedc, 0xaedc, 0xaedc, 0xaedc, 0xaedc, 
	0xaedc, 0xaedc, 0xaedc, 0xaedc, 0xaedc, 0xaedc, 0xaedc, 0xaedc, 0xaedc, 0xaedc, 0xaedc, 0xaedc, 0xaedc, 0xaedc, 0xaedc, 0xaedc, 
	0xaedc, 0xaedc, 0xaedc, 0xaedc, 0xaedc, 0xaedc, 0xaedc, 0xaedc, 0xaedc, 0xaedc, 0xaedc, 0xaedc, 0xaedc, 0xaedc, 0xaedc, 0xaedc, 
	0xaedc, 0xaedc, 0xaedc, 0xaedc, 0xaedc, 0xaedc, 0xaedc, 0xaedc, 0xaedc, 0xaedc, 0xaedc, 0xaedc, 0xaedc, 0xaedc, 0xaedc, 0xaedc, 
	0xaedc, 0xaedc, 0xaedc, 0xaedc, 0xaedc, 0xaedc, 0xaedc, 0xaedc, 0xaedc, 0xaedc, 0xaedc, 0xaedc, 0xaedc, 0xaedc, 0xaedc, 0xaedc, 
	0xaedc, 0xaedc, 0xaedc, 0xaedc, 0xaedc, 0xaedc, 0xaedc, 0xaedc, 0xb6dd, 0xaedc, 0xb6dd, 0xaedc, 0xaedd, 0xb6dd, 0xaebc, 0xaedd, 
	0xaf1c, 0x95d8, 0x3229, 0x0821, 0x0000, 0x0000, 0x0000, 0x0000, 0x49c6, 0xd595, 0xfe98, 0xfe77, 0xfe78, 0xfe98, 0xfe77, 0xfe78, 
	0xfe78, 0xfe78, 0xfe78, 0xfe78, 0xfe78, 0xfe78, 0xfe78, 0xfe78, 0xfe78, 0xfe78, 0xfe78, 0xfe78, 0xfe78, 0xfe78, 0xfe78, 0xfe78, 
	0xfe78, 0xfe77, 0xfe78, 0xfe98, 0xee17, 0x5a68, 0x0000, 0x0000, 0x0000, 0x0000, 0x0020, 0x3ace, 0x8e1e, 0x965f, 0x8e3e, 0x7e3f, 
	0x459f, 0x3d1e, 0x2d5f, 0x2cfd, 0x1a4e, 0x0021, 0x0000, 0x0000, 0x0000, 0x0021, 0x42ab, 0xa65a, 0xaedc, 0xb6fd, 0xaebc, 0xaefc, 
	0xaefc, 0xaebc, 0xaedd, 0xb71d, 0xae7b, 0x5b6e, 0x0041, 0x0000, 0x0000, 0x0000, 0x0000, 0x2a2a, 0x85bc, 0x8e5f, 0x965f, 0x865f, 
	0x55bf, 0x353e, 0x351e, 0x353f, 0x12f1, 0x0021, 0x0000, 0x0000, 0x0000, 0x0000, 0x41c6, 0xddb5, 0xfe77, 0xfe98, 0xfe77, 0xfe78, 
	0xfe78, 0xfe78, 0xfe78, 0xfe78, 0xfe78, 0xfe78, 0xfe78, 0xfe78, 0xfe78, 0xfe77, 0xfe78, 0xfe78, 0xfe78, 0xfe77, 0xfe36, 0xfdd5, 
	0xfd93, 0xfd73, 0xfd94, 0xfd94, 0xfd73, 0xfd94, 0xdd13, 0x6206, 0x0020, 0x0000, 0x0000, 0x0000, 0x0000, 0x31a8, 0x8d56, 0xaefc, 
	0xaedc, 0xaedc, 0xaedc, 0xaedc, 0xaebc, 0xaedc, 0xb6fd, 0xb6dc, 0xaedc, 0xaedc, 0xaedc, 0xaedc, 0xaedc, 0xaedc, 0xaedc, 0xaedc, 
	0xaedc, 0xaedc, 0xaedc, 0xaedc, 0xaedc, 0xaedc, 0xaedc, 0xaedc, 0xaedc, 0xaedc, 0xaedc, 0xaedc, 0xaedc, 0xaedc, 0xaedc, 0xaedc, 
	0xaedc, 0xaedc, 0xaedc, 0xaedc, 0xaedc, 0xaedc, 0xaedc, 0xaedc, 0xaedc, 0xaedc, 0xaedc, 0xaedc, 0xaedc, 0xaedc, 0xaedc, 0xaedc, 
	0xaedc, 0xaedc, 0xaedc, 0xaedc, 0xaedc, 0xaedc, 0xaedc, 0xaedc, 0xaedc, 0xaedc, 0xaedc, 0xaedc, 0xaedc, 0xaedc, 0xaedc, 0xaedc, 
	0xaedc, 0xaedc, 0xaedc, 0xaedc, 0xaedc, 0xaedc, 0xaedc, 0xaedc, 0xaedc, 0xaedc, 0xaedc, 0xaedc, 0xaedc, 0xaedc, 0xaedc, 0xaedc, 
	0xaedc, 0xaedc, 0xaedc, 0xaedc, 0xaedc, 0xaedc, 0xaedc, 0xaedc, 0xaedc, 0xaedc, 0xaedc, 0xaedc, 0xaedc, 0xaedc, 0xaedc, 0xaedc, 
	0xaedc, 0xaedc, 0xaedc, 0xaedc, 0xaedc, 0xaedc, 0xaedc, 0xaedc, 0xaedc, 0xaedc, 0xaedc, 0xaedc, 0xaedc, 0xaedc, 0xaedc, 0xaedc, 
	0xaedc, 0xaedc, 0xaedc, 0xaedc, 0xaedc, 0xaedc, 0xaedc, 0xaedc, 0xb6dd, 0xaebc, 0xaefd, 0xaedd, 0xaebc, 0xaebc, 0xaedd, 0xb6fd, 
	0xaefc, 0xaebb, 0x7cb3, 0x1104, 0x0000, 0x0000, 0x0000, 0x0000, 0x1881, 0x9c0f, 0xfe57, 0xfe78, 0xfe78, 0xfe78, 0xfe77, 0xfe77, 
	0xfe78, 0xfe78, 0xfe78, 0xfe78, 0xfe78, 0xfe78, 0xfe78, 0xfe78, 0xfe78, 0xfe78, 0xfe78, 0xfe78, 0xfe78, 0xfe78, 0xfe78, 0xfe78, 
	0xfe78, 0xfe77, 0xfe98, 0xfe78, 0xc4f3, 0x3104, 0x0000, 0x0000, 0x0000, 0x0000, 0x1105, 0x64b7, 0x967f, 0x8e3e, 0x8e3e, 0x8e5f, 
	0x5dbf, 0x3d1e, 0x353f, 0x2d3f, 0x23b6, 0x00e5, 0x0000, 0x0000, 0x0000, 0x0000, 0x1945, 0x8555, 0xaedc, 0xb6fd, 0xaebc, 0xaefc, 
	0xaefc, 0xaedc, 0xaedd, 0xb6fd, 0x95b7, 0x31c8, 0x0000, 0x0000, 0x0000, 0x0000, 0x08a3, 0x53f3, 0x965f, 0x8e3f, 0x8e5f, 0x8e5f, 
	0x6dff, 0x353d, 0x2d1f, 0x355f, 0x2c59, 0x0127, 0x0000, 0x0000, 0x0000, 0x0000, 0x18a2, 0xac70, 0xfe57, 0xfe98, 0xfe77, 0xfe58, 
	0xfe78, 0xfe78, 0xfe78, 0xfe78, 0xfe78, 0xfe78, 0xfe78, 0xfe78, 0xfe98, 0xfe77, 0xfe78, 0xfe78, 0xfe78, 0xfe77, 0xfe16, 0xfd94, 
	0xfd93, 0xfd73, 0xfd94, 0xfd94, 0xfd73, 0xfd94, 0xabee, 0x20a2, 0x0020, 0x0000, 0x0800, 0x0000, 0x08a3, 0x6c11, 0xaebb, 0xaedc, 
	0xb71d, 0xaedc, 0xaebc, 0xb6fd, 0xaedd, 0xaebc, 0xaedd, 0xaedc, 0xaedc, 0xaedc, 0xaedc, 0xaedc, 0xaedc, 0xaedc, 0xaedc, 0xaedc, 
	0xaedc, 0xaedc, 0xaedc, 0xaedc, 0xaedc, 0xaedc, 0xaedc, 0xaedc, 0xaedc, 0xaedc, 0xaedc, 0xaedc, 0xaedc, 0xaedc, 0xaedc, 0xaedc, 
	0xaedc, 0xaedc, 0xaedc, 0xaedc, 0xaedc, 0xaedc, 0xaedc, 0xaedc, 0xaedc, 0xaedc, 0xaedc, 0xaedc, 0xaedc, 0xaedc, 0xaedc, 0xaedc, 
	0xaedc, 0xaedc, 0xaedc, 0xaedc, 0xaedc, 0xaedc, 0xaedc, 0xaedc, 0xaedc, 0xaedc, 0xaedc, 0xaedc, 0xaedc, 0xaedc, 0xaedc, 0xaedc, 
	0xaedc, 0xaedc, 0xaedc, 0xaedc, 0xaedc, 0xaedc, 0xaedc, 0xaedc, 0xaedc, 0xaedc, 0xaedc, 0xaedc, 0xaedc, 0xaedc, 0xaedc, 0xaedc, 
	0xaedc, 0xaedc, 0xaedc, 0xaedc, 0xaedc, 0xaedc, 0xaedc, 0xaedc, 0xaedc, 0xaedc, 0xaedc, 0xaedc, 0xaedc, 0xaedc, 0xaedc, 0xaedc, 
	0xaedc, 0xaedc, 0xaedc, 0xaedc, 0xaedc, 0xaedc, 0xaedc, 0xaedc, 0xaedc, 0xaedc, 0xaedc, 0xaedc, 0xaedc, 0xaedc, 0xaedc, 0xaedc, 
	0xaedc, 0xaedc, 0xaedc, 0xaedc, 0xaedc, 0xaedc, 0xaedc, 0xaedc, 0xaedd, 0xaedd, 0xaedc, 0xaedc, 0xaedc, 0xb6fc, 0xaedc, 0xaebc, 
	0xaedd, 0xb6fd, 0xa67a, 0x4b0c, 0x0041, 0x0000, 0x0000, 0x0000, 0x0000, 0x6289, 0xe5d5, 0xfe77, 0xfe78, 0xfe78, 0xfe57, 0xfe97, 
	0xfe78, 0xfe78, 0xfe78, 0xfe78, 0xfe78, 0xfe78, 0xfe78, 0xfe78, 0xfe78, 0xfe78, 0xfe78, 0xfe78, 0xfe78, 0xfe78, 0xfe78, 0xfe78, 
	0xfe78, 0xfe77, 0xfe98, 0xf637, 0x93ae, 0x1861, 0x0000, 0x0000, 0x0000, 0x0000, 0x324b, 0x7dbc, 0x8e5f, 0x8e3e, 0x8e7f, 0x8e5f, 
	0x761f, 0x3d9f, 0x353f, 0x353f, 0x2cbb, 0x11cb, 0x0000, 0x0000, 0x0000, 0x0000, 0x0882, 0x6411, 0xaedc, 0xaebc, 0xb6dd, 0xaedc, 
	0xa6db, 0xb6fd, 0xaebd, 0xaedc, 0x7cd4, 0x10c3, 0x0000, 0x0000, 0x0000, 0x0000, 0x1967, 0x757a, 0x8e7f, 0x8e3f, 0x867f, 0x965f, 
	0x763f, 0x457f, 0x2d5f, 0x351f, 0x34fc, 0x0a6f, 0x0000, 0x0000, 0x0000, 0x0000, 0x0820, 0x7aeb, 0xf637, 0xfe77, 0xfe78, 0xfe78, 
	0xfe78, 0xfe78, 0xfe78, 0xfe78, 0xfe78, 0xfe78, 0xfe78, 0xfe78, 0xfe77, 0xfe77, 0xfe78, 0xfe78, 0xfe78, 0xfe77, 0xfe16, 0xfd74, 
	0xfd73, 0xfd94, 0xfd73, 0xfd93, 0xfd73, 0xf553, 0x7aaa, 0x0820, 0x0000, 0x0020, 0x0000, 0x0000, 0x3a6a, 0x9e39, 0xaedc, 0xb6dd, 
	0xaebc, 0xb6fd, 0xaedd, 0xaedd, 0xaedd, 0xaebc, 0xaefd, 0xaedd, 0xaedc, 0xaedc, 0xaedc, 0xaedc, 0xaedc, 0xaedc, 0xaedc, 0xaedc, 
	0xaedc, 0xaedc, 0xaedc, 0xaedc, 0xaedc, 0xaedc, 0xaedc, 0xaedc, 0xaedc, 0xaedc, 0xaedc, 0xaedc, 0xaedc, 0xaedc, 0xaedc, 0xaedc, 
	0xaedc, 0xaedc, 0xaedc, 0xaedc, 0xaedc, 0xaedc, 0xaedc, 0xaedc, 0xaedc, 0xaedc, 0xaedc, 0xaedc, 0xaedc, 0xaedc, 0xaedc, 0xaedc, 
	0xaedc, 0xaedc, 0xaedc, 0xaedc, 0xaedc, 0xaedc, 0xaedc, 0xaedc, 0xaedc, 0xaedc, 0xaedc, 0xaedc, 0xaedc, 0xaedc, 0xaedc, 0xaedc, 
	0xaedc, 0xaedc, 0xaedc, 0xaedc, 0xaedc, 0xaedc, 0xaedc, 0xaedc, 0xaedc, 0xaedc, 0xaedc, 0xaedc, 0xaedc, 0xaedc, 0xaedc, 0xaedc, 
	0xaedc, 0xaedc, 0xaedc, 0xaedc, 0xaedc, 0xaedc, 0xaedc, 0xaedc, 0xaedc, 0xaedc, 0xaedc, 0xaedc, 0xaedc, 0xaedc, 0xaedc, 0xaedc, 
	0xaedc, 0xaedc, 0xaedc, 0xaedc, 0xaedc, 0xaedc, 0xaedc, 0xaedc, 0xaedc, 0xaedc, 0xaedc, 0xaedc, 0xaedc, 0xaedc, 0xaedc, 0xaedc, 
	0xaedc, 0xaedc, 0xaedc, 0xaedc, 0xaedc, 0xaedc, 0xaedc, 0xaedc, 0xaedc, 0xaedc, 0xaedc, 0xaedc, 0xaedc, 0xaedc, 0xaedc, 0xaedc, 
	0xaedc, 0xaedd, 0xaebd, 0x8535, 0x1104, 0x0000, 0x0000, 0x0020, 0x0000, 0x2904, 0xc533, 0xfe97, 0xfe77, 0xfe78, 0xfe78, 0xfe77, 
	0xfe78, 0xfe78, 0xfe78, 0xfe78, 0xfe78, 0xfe78, 0xfe78, 0xfe78, 0xfe78, 0xfe78, 0xfe78, 0xfe78, 0xfe78, 0xfe78, 0xfe78, 0xfe78, 
	0xfe78, 0xfe77, 0xfe77, 0xf637, 0x6269, 0x0000, 0x0020, 0x0000, 0x0000, 0x0063, 0x5392, 0x8e3e, 0x867f, 0x8e5f, 0x8e3f, 0x8e7f, 
	0x863f, 0x459e, 0x351f, 0x3d3e, 0x2d3e, 0x1b13, 0x0841, 0x0001, 0x0000, 0x0000, 0x0021, 0x42cb, 0xa67a, 0xaefd, 0xaedd, 0xb6dd, 
	0xaefd, 0xaebc, 0xaedc, 0xaebb, 0x5baf, 0x0021, 0x0000, 0x0000, 0x0000, 0x0841, 0x430f, 0x85fd, 0x8e5f, 0x8e7f, 0x8e5f, 0x965f, 
	0x865f, 0x5d7e, 0x355f, 0x353d, 0x2d5f, 0x1bb7, 0x0063, 0x0000, 0x0000, 0x0000, 0x0000, 0x49e6, 0xe5f6, 0xfe77, 0xfe97, 0xfe58, 
	0xfe78, 0xfe78, 0xfe78, 0xfe78, 0xfe78, 0xfe78, 0xfe78, 0xfe78, 0xfe78, 0xfe78, 0xfe78, 0xfe77, 0xfe98, 0xfe77, 0xfdd5, 0xfd93, 
	0xfd93, 0xfd74, 0xfd94, 0xfd93, 0xfd93, 0xdcf2, 0x3944, 0x0020, 0x0000, 0x0000, 0x0000, 0x0882, 0x7493, 0xaebc, 0xaedd, 0xaefd, 
	0xaedc, 0xaedc, 0xaedc, 0xaedc, 0xaedc, 0xaedc, 0xaedc, 0xaedc, 0xaedc, 0xaedc, 0xaedc, 0xaedc, 0xaedc, 0xaedc, 0xaedc, 0xaedc, 
	0xaedc, 0xaedc, 0xaedc, 0xaedc, 0xaedc, 0xaedc, 0xaedc, 0xaedc, 0xaedc, 0xaedc, 0xaedc, 0xaedc, 0xaedc, 0xaedc, 0xaedc, 0xaedc, 
	0xaedc, 0xaedc, 0xaedc, 0xaedc, 0xaedc, 0xaedc, 0xaedc, 0xaedc, 0xaedc, 0xaedc, 0xaedc, 0xaedc, 0xaedc, 0xaedc, 0xaedc, 0xaedc, 
	0xaedc, 0xaedc, 0xaedc, 0xaedc, 0xaedc, 0xaedc, 0xaedc, 0xaedc, 0xaedc, 0xaedc, 0xaedc, 0xaedc, 0xaedc, 0xaedc, 0xaedc, 0xaedc, 
	0xaedc, 0xaedc, 0xaedc, 0xaedc, 0xaedc, 0xaedc, 0xaedc, 0xaedc, 0xaedc, 0xaedc, 0xaedc, 0xaedc, 0xaedc, 0xaedc, 0xaedc, 0xaedc, 
	0xaedc, 0xaedc, 0xaedc, 0xaedc, 0xaedc, 0xaedc, 0xaedc, 0xaedc, 0xaedc, 0xaedc, 0xaedc, 0xaedc, 0xaedc, 0xaedc, 0xaedc, 0xaedc, 
	0xaedc, 0xaedc, 0xaedc, 0xaedc, 0xaedc, 0xaedc, 0xaedc, 0xaedc, 0xaedc, 0xaedc, 0xaedc, 0xaedc, 0xaedc, 0xaedc, 0xaedc, 0xaedc, 
	0xaedc, 0xaedc, 0xaedc, 0xaedc, 0xaedc, 0xaedc, 0xaedc, 0xaedc, 0xaedc, 0xaedc, 0xaedc, 0xaedc, 0xaedc, 0xaedc, 0xaedc, 0xaedc, 
	0xaedc, 0xaedd, 0xaedd, 0x9df9, 0x3a6a, 0x0000, 0x0000, 0x0020, 0x0000, 0x1882, 0xa42f, 0xfe57, 0xfe77, 0xfe78, 0xfe78, 0xfe77, 
	0xfe78, 0xfe78, 0xfe78, 0xfe78, 0xfe78, 0xfe78, 0xfe78, 0xfe78, 0xfe78, 0xfe78, 0xfe78, 0xfe78, 0xfe78, 0xfe78, 0xfe78, 0xfe78, 
	0xfe78, 0xfe77, 0xfe98, 0xe5b5, 0x51e7, 0x0000, 0x0000, 0x0000, 0x0000, 0x1926, 0x74d7, 0x965f, 0x8e7f, 0x8e5f, 0x8e5f, 0x865f, 
	0x8e5f, 0x55be, 0x353f, 0x353f, 0x2d3f, 0x2c18, 0x10c4, 0x0000, 0x0000, 0x0000, 0x0000, 0x3229, 0x9df8, 0xaedd, 0xaedd, 0xaedc, 
	0xaefd, 0xaedd, 0xaedc, 0xa65a, 0x42ec, 0x0000, 0x0000, 0x0000, 0x0000, 0x0882, 0x6c54, 0x8e5f, 0x8e7f, 0x8e3e, 0x8e5f, 0x8e5f, 
	0x8e5f, 0x65df, 0x355f, 0x353e, 0x355f, 0x247b, 0x1148, 0x0800, 0x0000, 0x0000, 0x0000, 0x3965, 0xd554, 0xfe78, 0xfe98, 0xfe58, 
	0xfe78, 0xfe78, 0xfe78, 0xfe78, 0xfe78, 0xfe78, 0xfe78, 0xfe78, 0xfe78, 0xfe78, 0xfe78, 0xfe77, 0xfe78, 0xfe57, 0xfdd5, 0xfd93, 
	0xfd94, 0xfd74, 0xfd94, 0xfd93, 0xfd73, 0xbc0f, 0x28c2, 0x0000, 0x0000, 0x0000, 0x0000, 0x29e8, 0x95b7, 0xaedc, 0xaedd, 0xaedd, 
	0xaedc, 0xaedc, 0xaedc, 0xaedc, 0xaedc, 0xaedc, 0xaedc, 0xaedc, 0xaedc, 0xaedc, 0xaedc, 0xaedc, 0xaedc, 0xaedc, 0xaedc, 0xaedc, 
	0xaedc, 0xaedc, 0xaedc, 0xaedc, 0xaedc, 0xaedc, 0xaedc, 0xaedc, 0xaedc, 0xaedc, 0xaedc, 0xaedc, 0xaedc, 0xaedc, 0xaedc, 0xaedc, 
	0xaedc, 0xaedc, 0xaedc, 0xaedc, 0xaedc, 0xaedc, 0xaedc, 0xaedc, 0xaedc, 0xaedc, 0xaedc, 0xaedc, 0xaedc, 0xaedc, 0xaedc, 0xaedc, 
	0xaedc, 0xaedc, 0xaedc, 0xaedc, 0xaedc, 0xaedc, 0xaedc, 0xaedc, 0xaedc, 0xaedc, 0xaedc, 0xaedc, 0xaedc, 0xaedc, 0xaedc, 0xaedc, 
	0xaedc, 0xaedc, 0xaedc, 0xaedc, 0xaedc, 0xaedc, 0xaedc, 0xaedc, 0xaedc, 0xaedc, 0xaedc, 0xaedc, 0xaedc, 0xaedc, 0xaedc, 0xaedc, 
	0xaedc, 0xaedc, 0xaedc, 0xaedc, 0xaedc, 0xaedc, 0xaedc, 0xaedc, 0xaedc, 0xaedc, 0xaedc, 0xaedc, 0xaedc, 0xaedc, 0xaedc, 0xaedc, 
	0xaedc, 0xaedc, 0xaedc, 0xaedc, 0xaedc, 0xaedc, 0xaedc, 0xaedc, 0xaedc, 0xaedc, 0xaedc, 0xaedc, 0xaedc, 0xaedc, 0xaedc, 0xaedc, 
	0xaedc, 0xaedc, 0xaedc, 0xaedc, 0xaedc, 0xaedc, 0xaedc, 0xaedc, 0xaedc, 0xaedc, 0xaedc, 0xaedc, 0xaedc, 0xaedc, 0xaedc, 0xaedc, 
	0xb6dc, 0xaebd, 0xaefd, 0xaebc, 0x6c10, 0x0841, 0x0000, 0x0000, 0x0000, 0x0820, 0x7b0b, 0xf636, 0xfe77, 0xfe78, 0xfe78, 0xfe77, 
	0xfe78, 0xfe78, 0xfe78, 0xfe78, 0xfe78, 0xfe78, 0xfe78, 0xfe78, 0xfe78, 0xfe78, 0xfe78, 0xfe78, 0xfe78, 0xfe78, 0xfe78, 0xfe78, 
	0xfe78, 0xfe77, 0xfe98, 0xd554, 0x4185, 0x0000, 0x0000, 0x0000, 0x0000, 0x21a9, 0x855a, 0x8e5e, 0x8e5e, 0x8e3e, 0x967f, 0x865f, 
	0x8e5f, 0x65bf, 0x2d5f, 0x355f, 0x353f, 0x2c7a, 0x1106, 0x0000, 0x0000, 0x0000, 0x0000, 0x29c7, 0x9597, 0xaedd, 0xaedd, 0xaedc, 
	0xaefd, 0xaedc, 0xb6dd, 0x9e19, 0x324a, 0x0000, 0x0000, 0x0000, 0x0021, 0x08a3, 0x7d18, 0x8e7f, 0x8e5f, 0x8e3e, 0x8e7f, 0x8e7f, 
	0x8e5f, 0x6dff, 0x2d5f, 0x355f, 0x3d3f, 0x2cdd, 0x09eb, 0x0800, 0x0000, 0x0000, 0x0000, 0x2903, 0xc4d2, 0xfe78, 0xfe78, 0xfe58, 
	0xfe78, 0xfe78, 0xfe78, 0xfe78, 0xfe78, 0xfe78, 0xfe78, 0xfe78, 0xfe78, 0xfe78, 0xfe78, 0xfe77, 0xfe78, 0xfe57, 0xfdd5, 0xfd93, 
	0xfd94, 0xfd74, 0xfd94, 0xfd93, 0xf553, 0x930b, 0x1041, 0x0000, 0x0000, 0x0000, 0x0000, 0x534d, 0xaebb, 0xaedd, 0xaedd, 0xaedd, 
	0xaedc, 0xaedc, 0xaedc, 0xaedc, 0xaedc, 0xaedc, 0xaedc, 0xaedc, 0xaedc, 0xaedc, 0xaedc, 0xaedc, 0xaedc, 0xaedc, 0xaedc, 0xaedc, 
	0xaedc, 0xaedc, 0xaedc, 0xaedc, 0xaedc, 0xaedc, 0xaedc, 0xaedc, 0xaedc, 0xaedc, 0xaedc, 0xaedc, 0xaedc, 0xaedc, 0xaedc, 0xaedc, 
	0xaedc, 0xaedc, 0xaedc, 0xaedc, 0xaedc, 0xaedc, 0xaedc, 0xaedc, 0xaedc, 0xaedc, 0xaedc, 0xaedc, 0xaedc, 0xaedc, 0xaedc, 0xaedc, 
	0xaedc, 0xaedc, 0xaedc, 0xaedc, 0xaedc, 0xaedc, 0xaedc, 0xaedc, 0xaedc, 0xaedc, 0xaedc, 0xaedc, 0xaedc, 0xaedc, 0xaedc, 0xaedc, 
	0xaedc, 0xaedc, 0xaedc, 0xaedc, 0xaedc, 0xaedc, 0xaedc, 0xaedc, 0xaedc, 0xaedc, 0xaedc, 0xaedc, 0xaedc, 0xaedc, 0xaedc, 0xaedc, 
	0xaedc, 0xaedc, 0xaedc, 0xaedc, 0xaedc, 0xaedc, 0xaedc, 0xaedc, 0xaedc, 0xaedc, 0xaedc, 0xaedc, 0xaedc, 0xaedc, 0xaedc, 0xaedc, 
	0xaedc, 0xaedc, 0xaedc, 0xaedc, 0xaedc, 0xaedc, 0xaedc, 0xaedc, 0xaedc, 0xaedc, 0xaedc, 0xaedc, 0xaedc, 0xaedc, 0xaedc, 0xaedc, 
	0xaedc, 0xaedc, 0xaedc, 0xaedc, 0xaedc, 0xaedc, 0xaedc, 0xaedc, 0xaedc, 0xaedc, 0xaedc, 0xaedc, 0xaedc, 0xaedc, 0xaedc, 0xaedc, 
	0xaebc, 0xaedd, 0xaedd, 0xaefd, 0x8514, 0x10c3, 0x0000, 0x0000, 0x0020, 0x0000, 0x5207, 0xee16, 0xfe77, 0xfe78, 0xfe78, 0xfe77, 
	0xfe78, 0xfe78, 0xfe78, 0xfe78, 0xfe78, 0xfe78, 0xfe78, 0xfe78, 0xfe78, 0xfe78, 0xfe78, 0xfe78, 0xfe78, 0xfe78, 0xfe78, 0xfe78, 
	0xfe78, 0xfe77, 0xfe98, 0xd594, 0x4185, 0x0020, 0x0000, 0x0000, 0x0020, 0x1988, 0x7d3a, 0x8e7f, 0x8e7f, 0x965f, 0x965f, 0x865f, 
	0x865f, 0x5dbf, 0x2d5f, 0x353f, 0x355f, 0x2c9a, 0x0907, 0x0000, 0x0000, 0x0000, 0x0000, 0x29e8, 0x9db8, 0xaedd, 0xaedc, 0xaedc, 
	0xaefc, 0xaedc, 0xb6dd, 0xa639, 0x3a6a, 0x0021, 0x0000, 0x0000, 0x0000, 0x08a3, 0x74f8, 0x8e7f, 0x8e5f, 0x965e, 0x8e7f, 0x8e5f, 
	0x8e5f, 0x661f, 0x2d5f, 0x353f, 0x3d3f, 0x2cbc, 0x09cb, 0x0000, 0x0000, 0x0000, 0x0000, 0x2903, 0xc513, 0xfe78, 0xfe78, 0xfe58, 
	0xfe78, 0xfe78, 0xfe78, 0xfe78, 0xfe78, 0xfe78, 0xfe78, 0xfe78, 0xfe78, 0xfe78, 0xfe78, 0xfe77, 0xfe78, 0xfe57, 0xfdd5, 0xfd73, 
	0xfd94, 0xfd74, 0xfd74, 0xfd93, 0xf553, 0x7248, 0x0820, 0x0000, 0x0000, 0x0000, 0x0862, 0x6c31, 0xaefc, 0xaedd, 0xb6dd, 0xaebc, 
	0xaedc, 0xaedc, 0xaedc, 0xaedc, 0xaedc, 0xaedc, 0xaedc, 0xaedc, 0xaedc, 0xaedc, 0xaedc, 0xaedc, 0xaedc, 0xaedc, 0xaedc, 0xaedc, 
	0xaedc, 0xaedc, 0xaedc, 0xaedc, 0xaedc, 0xaedc, 0xaedc, 0xaedc, 0xaedc, 0xaedc, 0xaedc, 0xaedc, 0xaedc, 0xaedc, 0xaedc, 0xaedc, 
	0xaedc, 0xaedc, 0xaedc, 0xaedc, 0xaedc, 0xaedc, 0xaedc, 0xaedc, 0xaedc, 0xaedc, 0xaedc, 0xaedc, 0xaedc, 0xaedc, 0xaedc, 0xaedc, 
	0xaedc, 0xaedc, 0xaedc, 0xaedc, 0xaedc, 0xaedc, 0xaedc, 0xaedc, 0xaedc, 0xaedc, 0xaedc, 0xaedc, 0xaedc, 0xaedc, 0xaedc, 0xaedc, 
	0xaedc, 0xaedc, 0xaedc, 0xaedc, 0xaedc, 0xaedc, 0xaedc, 0xaedc, 0xaedc, 0xaedc, 0xaedc, 0xaedc, 0xaedc, 0xaedc, 0xaedc, 0xaedc, 
	0xaedc, 0xaedc, 0xaedc, 0xaedc, 0xaedc, 0xaedc, 0xaedc, 0xaedc, 0xaedc, 0xaedc, 0xaedc, 0xaedc, 0xaedc, 0xaedc, 0xaedc, 0xaedc, 
	0xaedc, 0xaedc, 0xaedc, 0xaedc, 0xaedc, 0xaedc, 0xaedc, 0xaedc, 0xaedc, 0xaedc, 0xaedc, 0xaedc, 0xaedc, 0xaedc, 0xaedc, 0xaedc, 
	0xaedc, 0xaedc, 0xaedc, 0xaedc, 0xaedc, 0xaedc, 0xaedc, 0xaedc, 0xaedc, 0xaedc, 0xaedc, 0xaedc, 0xaedc, 0xaedc, 0xaedc, 0xaedc, 
	0xaedc, 0xb6dd, 0xaedd, 0xaefd, 0x8d97, 0x2186, 0x0000, 0x0000, 0x0000, 0x0000, 0x3985, 0xe5f6, 0xfe77, 0xfe78, 0xfe78, 0xfe78, 
	0xfe78, 0xfe78, 0xfe78, 0xfe78, 0xfe78, 0xfe78, 0xfe78, 0xfe78, 0xfe78, 0xfe78, 0xfe78, 0xfe78, 0xfe78, 0xfe78, 0xfe78, 0xfe78, 
	0xfe78, 0xfe78, 0xfe77, 0xe5f6, 0x51e6, 0x0000, 0x0000, 0x0000, 0x0000, 0x1106, 0x6476, 0x8e7f, 0x867f, 0x8e3e, 0x965f, 0x8e5f, 
	0x7e3f, 0x55be, 0x2d3f, 0x2d1f, 0x2d5f, 0x23f6, 0x08a5, 0x0000, 0x0000, 0x0020, 0x0000, 0x3a4a, 0xa619, 0xaedd, 0xaedc, 0xaedc, 
	0xaedc, 0xaedc, 0xb6dd, 0xa65a, 0x4b0d, 0x0000, 0x0000, 0x0000, 0x0000, 0x0882, 0x5c14, 0x865f, 0x865f, 0x8e5e, 0x8e5f, 0x8e3f, 
	0x863f, 0x55df, 0x355f, 0x2d1f, 0x2d5f, 0x2c38, 0x0947, 0x0001, 0x0000, 0x0000, 0x0000, 0x3144, 0xd574, 0xfe78, 0xfe98, 0xfe78, 
	0xfe78, 0xfe78, 0xfe78, 0xfe78, 0xfe78, 0xfe78, 0xfe78, 0xfe78, 0xfe78, 0xfe78, 0xfe78, 0xfe77, 0xfe78, 0xfe37, 0xfdd5, 0xfd73, 
	0xfd94, 0xfd74, 0xfd74, 0xfd93, 0xed53, 0x59c6, 0x0000, 0x0000, 0x0000, 0x0000, 0x10e4, 0x7cf4, 0xaedc, 0xaedd, 0xaedd, 0xaedc, 
	0xaedc, 0xaedc, 0xaedc, 0xaedc, 0xaedc, 0xaedc, 0xaedc, 0xaedc, 0xaedc, 0xaedc, 0xaedc, 0xaedc, 0xaedc, 0xaedc, 0xaedc, 0xaedc, 
	0xaedc, 0xaedc, 0xaedc, 0xaedc, 0xaedc, 0xaedc, 0xaedc, 0xaedc, 0xaedc, 0xaedc, 0xaedc, 0xaedc, 0xaedc, 0xaedc, 0xaedc, 0xaedc, 
	0xaedc, 0xaedc, 0xaedc, 0xaedc, 0xaedc, 0xaedc, 0xaedc, 0xaedc, 0xaedc, 0xaedc, 0xaedc, 0xaedc, 0xaedc, 0xaedc, 0xaedc, 0xaedc, 
	0xaedc, 0xaedc, 0xaedc, 0xaedc, 0xaedc, 0xaedc, 0xaedc, 0xaedc, 0xaedc, 0xaedc, 0xaedc, 0xaedc, 0xaedc, 0xaedc, 0xaedc, 0xaedc, 
	0xaedc, 0xaedc, 0xaedc, 0xaedc, 0xaedc, 0xaedc, 0xaedc, 0xaedc, 0xaedc, 0xaedc, 0xaedc, 0xaedc, 0xaedc, 0xaedc, 0xaedc, 0xaedc, 
	0xaedc, 0xaedc, 0xaedc, 0xaedc, 0xaedc, 0xaedc, 0xaedc, 0xaedc, 0xaedc, 0xaedc, 0xaedc, 0xaedc, 0xaedc, 0xaedc, 0xaedc, 0xaedc, 
	0xaedc, 0xaedc, 0xaedc, 0xaedc, 0xaedc, 0xaedc, 0xaedc, 0xaedc, 0xaedc, 0xaedc, 0xaedc, 0xaedc, 0xaedc, 0xaedc, 0xaedc, 0xaedc, 
	0xaedc, 0xaedc, 0xaedc, 0xaedc, 0xaedc, 0xaedc, 0xaedc, 0xaedc, 0xaedc, 0xaedc, 0xaedc, 0xaedc, 0xaedc, 0xaedc, 0xaedc, 0xaedc, 
	0xaedd, 0xaedc, 0xaedc, 0xaefd, 0x95d8, 0x3209, 0x0000, 0x0000, 0x0000, 0x0000, 0x3124, 0xddb5, 0xfe77, 0xfe78, 0xfe98, 0xfe77, 
	0xfe78, 0xfe78, 0xfe78, 0xfe78, 0xfe78, 0xfe78, 0xfe78, 0xfe78, 0xfe78, 0xfe78, 0xfe78, 0xfe78, 0xfe78, 0xfe78, 0xfe78, 0xfe78, 
	0xfe78, 0xfe98, 0xfe77, 0xf637, 0x6aaa, 0x0000, 0x0000, 0x0000, 0x0000, 0x0042, 0x42ef, 0x85fd, 0x8e9f, 0x8e5f, 0x8e3e, 0x967f, 
	0x75ff, 0x457d, 0x2d3f, 0x355f, 0x2cfd, 0x128f, 0x0001, 0x0000, 0x0000, 0x0000, 0x0000, 0x4b2d, 0xae7b, 0xaedd, 0xaedd, 0xb6dc, 
	0xaedc, 0xb6dd, 0xaedd, 0xae9b, 0x63f0, 0x0041, 0x0000, 0x0000, 0x0000, 0x0020, 0x2a4b, 0x7dbc, 0x967f, 0x965f, 0x8e3f, 0x967f, 
	0x7e3f, 0x457f, 0x355f, 0x355f, 0x2d3f, 0x2311, 0x0061, 0x0000, 0x0000, 0x0000, 0x0000, 0x51e6, 0xedb5, 0xfe77, 0xfeb8, 0xfe78, 
	0xfe78, 0xfe78, 0xfe78, 0xfe78, 0xfe78, 0xfe78, 0xfe78, 0xfe78, 0xfe78, 0xfe78, 0xfe78, 0xfe77, 0xfe78, 0xfe37, 0xfdb4, 0xfd73, 
	0xfd94, 0xfd74, 0xfd73, 0xfd93, 0xed33, 0x51a6, 0x0000, 0x0000, 0x0000, 0x0000, 0x2166, 0x8d76, 0xaedc, 0xaedd, 0xaebc, 0xaedc, 
	0xaedc, 0xaedc, 0xaedc, 0xaedc, 0xaedc, 0xaedc, 0xaedc, 0xaedc, 0xaedc, 0xaedc, 0xaedc, 0xaedc, 0xaedc, 0xaedc, 0xaedc, 0xaedc, 
	0xaedc, 0xaedc, 0xaedc, 0xaedc, 0xaedc, 0xaedc, 0xaedc, 0xaedc, 0xaedc, 0xaedc, 0xaedc, 0xaedc, 0xaedc, 0xaedc, 0xaedc, 0xaedc, 
	0xaedc, 0xaedc, 0xaedc, 0xaedc, 0xaedc, 0xaedc, 0xaedc, 0xaedc, 0xaedc, 0xaedc, 0xaedc, 0xaedc, 0xaedc, 0xaedc, 0xaedc, 0xaedc, 
	0xaedc, 0xaedc, 0xaedc, 0xaedc, 0xaedc, 0xaedc, 0xaedc, 0xaedc, 0xaedc, 0xaedc, 0xaedc, 0xaedc, 0xaedc, 0xaedc, 0xaedc, 0xaedc, 
	0xaedc, 0xaedc, 0xaedc, 0xaedc, 0xaedc, 0xaedc, 0xaedc, 0xaedc, 0xaedc, 0xaedc, 0xaedc, 0xaedc, 0xaedc, 0xaedc, 0xaedc, 0xaedc, 
	0xaedc, 0xaedc, 0xaedc, 0xaedc, 0xaedc, 0xaedc, 0xaedc, 0xaedc, 0xaedc, 0xaedc, 0xaedc, 0xaedc, 0xaedc, 0xaedc, 0xaedc, 0xaedc, 
	0xaedc, 0xaedc, 0xaedc, 0xaedc, 0xaedc, 0xaedc, 0xaedc, 0xaedc, 0xaedc, 0xaedc, 0xaedc, 0xaedc, 0xaedc, 0xaedc, 0xaedc, 0xaedc, 
	0xaedc, 0xaedc, 0xaedc, 0xaedc, 0xaedc, 0xaedc, 0xaedc, 0xaedc, 0xaedc, 0xaedc, 0xaedc, 0xaedc, 0xaedc, 0xaedc, 0xaedc, 0xaedc, 
	0xaedc, 0xaedc, 0xaedc, 0xaefd, 0x9e19, 0x3a4a, 0x0000, 0x0000, 0x0000, 0x0000, 0x2904, 0xd554, 0xfe78, 0xfe77, 0xfe98, 0xfe77, 
	0xfe78, 0xfe78, 0xfe78, 0xfe78, 0xfe78, 0xfe78, 0xfe78, 0xfe78, 0xfe78, 0xfe78, 0xfe78, 0xfe78, 0xfe78, 0xfe78, 0xfe78, 0xfe78, 
	0xfe78, 0xfe98, 0xfe57, 0xfe57, 0xa40f, 0x18a2, 0x0000, 0x0000, 0x0000, 0x0000, 0x2147, 0x6434, 0x8dfc, 0x967f, 0x8e5f, 0x863f, 
	0x5dbf, 0x355f, 0x353f, 0x34fd, 0x2373, 0x00e6, 0x0000, 0x0000, 0x0000, 0x0000, 0x10c3, 0x7472, 0xaedc, 0xaefd, 0xaedd, 0xb6dc, 
	0xaedc, 0xb6dd, 0xaedd, 0xaedc, 0x8515, 0x1925, 0x0000, 0x0000, 0x0000, 0x0000, 0x08c4, 0x53d2, 0x8ddc, 0x965e, 0x8e5f, 0x865f, 
	0x65ff, 0x3d3f, 0x355f, 0x351d, 0x23d6, 0x1168, 0x0000, 0x0000, 0x0000, 0x0000, 0x0860, 0x830b, 0xfdb5, 0xfe76, 0xf697, 0xfe58, 
	0xfe78, 0xfe78, 0xfe78, 0xfe78, 0xfe78, 0xfe78, 0xfe78, 0xfe78, 0xfe78, 0xfe77, 0xfe78, 0xfe78, 0xfe78, 0xfe37, 0xfdb4, 0xfd93, 
	0xfd94, 0xfd73, 0xfd93, 0xfd73, 0xe512, 0x4985, 0x0000, 0x0000, 0x0000, 0x0000, 0x29a7, 0x95b8, 0xaedc, 0xaedd, 0xaebc, 0xaedc, 
	0xaedc, 0xaedc, 0xaedc, 0xaedc, 0xaedc, 0xaedc, 0xaedc, 0xaedc, 0xaedc, 0xaedc, 0xaedc, 0xaedc, 0xaedc, 0xaedc, 0xaedc, 0xaedc, 
	0xaedc, 0xaedc, 0xaedc, 0xaedc, 0xaedc, 0xaedc, 0xaedc, 0xaedc, 0xaedc, 0xaedc, 0xaedc, 0xaedc, 0xaedc, 0xaedc, 0xaedc, 0xaedc, 
	0xaedc, 0xaedc, 0xaedc, 0xaedc, 0xaedc, 0xaedc, 0xaedc, 0xaedc, 0xaedc, 0xaedc, 0xaedc, 0xaedc, 0xaedc, 0xaedc, 0xaedc, 0xaedc, 
	0xaedc, 0xaedc, 0xaedc, 0xaedc, 0xaedc, 0xaedc, 0xaedc, 0xaedc, 0xaedc, 0xaedc, 0xaedc, 0xaedc, 0xaedc, 0xaedc, 0xaedc, 0xaedc, 
	0xaedc, 0xaedc, 0xaedc, 0xaedc, 0xaedc, 0xaedc, 0xaedc, 0xaedc, 0xaedc, 0xaedc, 0xaedc, 0xaedc, 0xaedc, 0xaedc, 0xaedc, 0xaedc, 
	0xaedc, 0xaedc, 0xaedc, 0xaedc, 0xaedc, 0xaedc, 0xaedc, 0xaedc, 0xaedc, 0xaedc, 0xaedc, 0xaedc, 0xaedc, 0xaedc, 0xaedc, 0xaedc, 
	0xaedc, 0xaedc, 0xaedc, 0xaedc, 0xaedc, 0xaedc, 0xaedc, 0xaedc, 0xaedc, 0xaedc, 0xaedc, 0xaedc, 0xaedc, 0xaedc, 0xaedc, 0xaedc, 
	0xaedc, 0xaedc, 0xaedc, 0xaedc, 0xaedc, 0xaedc, 0xaedc, 0xaedc, 0xaedc, 0xaedc, 0xaedc, 0xaedc, 0xaedc, 0xaedc, 0xaedc, 0xaedc, 
	0xaedc, 0xb6dc, 0xb6dd, 0xaedd, 0xa619, 0x426b, 0x0000, 0x0000, 0x0000, 0x0000, 0x28e3, 0xcd33, 0xfe97, 0xfe77, 0xfe98, 0xfe78, 
	0xfe78, 0xfe78, 0xfe78, 0xfe78, 0xfe78, 0xfe78, 0xfe78, 0xfe78, 0xfe78, 0xfe78, 0xfe78, 0xfe78, 0xfe78, 0xfe78, 0xfe78, 0xfe78, 
	0xfe78, 0xfe78, 0xfe77, 0xfe78, 0xd575, 0x3985, 0x0020, 0x0000, 0x0020, 0x0000, 0x0000, 0x1987, 0x5413, 0x85dd, 0x8e5f, 0x75de, 
	0x457f, 0x2d3f, 0x2cbd, 0x2394, 0x0947, 0x0000, 0x0021, 0x0000, 0x0000, 0x0000, 0x29a6, 0x9597, 0xaefd, 0xa6fd, 0xaedd, 0xb6dc, 
	0xaedc, 0xb6dd, 0xaedd, 0xaf1d, 0x9df8, 0x3a49, 0x0020, 0x0000, 0x0001, 0x0820, 0x0000, 0x0906, 0x53b2, 0x7d9b, 0x867f, 0x7dfe, 
	0x457f, 0x353f, 0x2cfe, 0x1bd6, 0x0989, 0x0000, 0x0000, 0x0000, 0x0000, 0x0000, 0x2103, 0xb40f, 0xfdb5, 0xfe76, 0xf677, 0xfe59, 
	0xfe78, 0xfe78, 0xfe78, 0xfe78, 0xfe78, 0xfe78, 0xfe78, 0xfe78, 0xfe78, 0xfe77, 0xfe78, 0xfe78, 0xfe78, 0xfe37, 0xfdb4, 0xfd94, 
	0xfd93, 0xfd73, 0xfd93, 0xfd73, 0xdcd2, 0x4165, 0x0000, 0x0000, 0x0000, 0x0000, 0x29c7, 0x95b8, 0xaedc, 0xb6dd, 0xb6fd, 0xaedc, 
	0xaedc, 0xaedc, 0xaedc, 0xaedc, 0xaedc, 0xaedc, 0xaedc, 0xaedc, 0xaedc, 0xaedc, 0xaedc, 0xaedc, 0xaedc, 0xaedc, 0xaedc, 0xaedc, 
	0xaedc, 0xaedc, 0xaedc, 0xaedc, 0xaedc, 0xaedc, 0xaedc, 0xaedc, 0xaedc, 0xaedc, 0xaedc, 0xaedc, 0xaedc, 0xaedc, 0xaedc, 0xaedc, 
	0xaedc, 0xaedc, 0xaedc, 0xaedc, 0xaedc, 0xaedc, 0xaedc, 0xaedc, 0xaedc, 0xaedc, 0xaedc, 0xaedc, 0xaedc, 0xaedc, 0xaedc, 0xaedc, 
	0xaedc, 0xaedc, 0xaedc, 0xaedc, 0xaedc, 0xaedc, 0xaedc, 0xaedc, 0xaedc, 0xaedc, 0xaedc, 0xaedc, 0xaedc, 0xaedc, 0xaedc, 0xaedc, 
	0xaedc, 0xaedc, 0xaedc, 0xaedc, 0xaedc, 0xaedc, 0xaedc, 0xaedc, 0xaedc, 0xaedc, 0xaedc, 0xaedc, 0xaedc, 0xaedc, 0xaedc, 0xaedc, 
	0xaedc, 0xaedc, 0xaedc, 0xaedc, 0xaedc, 0xaedc, 0xaedc, 0xaedc, 0xaedc, 0xaedc, 0xaedc, 0xaedc, 0xaedc, 0xaedc, 0xaedc, 0xaedc, 
	0xaedc, 0xaedc, 0xaedc, 0xaedc, 0xaedc, 0xaedc, 0xaedc, 0xaedc, 0xaedc, 0xaedc, 0xaedc, 0xaedc, 0xaedc, 0xaedc, 0xaedc, 0xaedc, 
	0xaedc, 0xaedc, 0xaedc, 0xaedc, 0xaedc, 0xaedc, 0xaedc, 0xaedc, 0xaedc, 0xaedc, 0xaedc, 0xaedc, 0xaedc, 0xaedc, 0xaedc, 0xaedc, 
	0xaedd, 0xaedc, 0xaedc, 0xaedd, 0x9e1a, 0x428a, 0x0000, 0x0000, 0x0000, 0x0000, 0x2903, 0xcd33, 0xfe77, 0xfe78, 0xfe78, 0xfe77, 
	0xfe78, 0xfe78, 0xfe78, 0xfe78, 0xfe78, 0xfe78, 0xfe78, 0xfe78, 0xfe78, 0xfe78, 0xfe78, 0xfe78, 0xfe78, 0xfe78, 0xfe78, 0xfe78, 
	0xfe77, 0xfe77, 0xfe78, 0xfe98, 0xf617, 0x93ad, 0x1041, 0x0020, 0x0000, 0x0000, 0x0000, 0x0000, 0x10c4, 0x3a8d, 0x4bd4, 0x3bd5, 
	0x23b6, 0x2333, 0x19cc, 0x00a5, 0x0020, 0x0020, 0x0000, 0x0000, 0x0000, 0x0882, 0x5bd0, 0xa69b, 0xb6dd, 0xb6dc, 0xaebc, 0xaefd, 
	0xaedd, 0xb6dc, 0xaedc, 0xaedc, 0xaebc, 0x7493, 0x08c3, 0x0000, 0x0000, 0x0000, 0x0000, 0x0000, 0x10c3, 0x322a, 0x4392, 0x3bf4, 
	0x1bf6, 0x2373, 0x1a4d, 0x08c6, 0x0001, 0x0000, 0x0000, 0x0000, 0x0020, 0x1020, 0x7a68, 0xed12, 0xfdd5, 0xfe57, 0xfe77, 0xfe78, 
	0xfe78, 0xfe78, 0xfe78, 0xfe78, 0xfe78, 0xfe78, 0xfe78, 0xfe78, 0xfe78, 0xfe78, 0xfe78, 0xfe77, 0xfe78, 0xfe37, 0xfdb4, 0xfd73, 
	0xfd73, 0xfd94, 0xfd93, 0xfdb3, 0xe4d1, 0x4145, 0x0000, 0x0000, 0x0000, 0x0000, 0x29c7, 0x95b8, 0xaedd, 0xaefc, 0xb6fd, 0xaedd, 
	0xaedc, 0xaedc, 0xaedc, 0xaedc, 0xaedc, 0xaedc, 0xaedc, 0xaedc, 0xaedc, 0xaedc, 0xaedc, 0xaedc, 0xaedc, 0xaedc, 0xaedc, 0xaedc, 
	0xaedc, 0xaedc, 0xaedc, 0xaedc, 0xaedc, 0xaedc, 0xaedc, 0xaedc, 0xaedc, 0xaedc, 0xaedc, 0xaedc, 0xaedc, 0xaedc, 0xaedc, 0xaedc, 
	0xaedc, 0xaedc, 0xaedc, 0xaedc, 0xaedc, 0xaedc, 0xaedc, 0xaedc, 0xaedc, 0xaedc, 0xaedc, 0xaedc, 0xaedc, 0xaedc, 0xaedc, 0xaedc, 
	0xaedc, 0xaedc, 0xaedc, 0xaedc, 0xaedc, 0xaedc, 0xaedc, 0xaedc, 0xaedc, 0xaedc, 0xaedc, 0xaedc, 0xaedc, 0xaedc, 0xaedc, 0xaedc, 
	0xaedc, 0xaedc, 0xaedc, 0xaedc, 0xaedc, 0xaedc, 0xaedc, 0xaedc, 0xaedc, 0xaedc, 0xaedc, 0xaedc, 0xaedc, 0xaedc, 0xaedc, 0xaedc, 
	0xaedc, 0xaedc, 0xaedc, 0xaedc, 0xaedc, 0xaedc, 0xaedc, 0xaedc, 0xaedc, 0xaedc, 0xaedc, 0xaedc, 0xaedc, 0xaedc, 0xaedc, 0xaedc, 
	0xaedc, 0xaedc, 0xaedc, 0xaedc, 0xaedc, 0xaedc, 0xaedc, 0xaedc, 0xaedc, 0xaedc, 0xaedc, 0xaedc, 0xaedc, 0xaedc, 0xaedc, 0xaedc, 
	0xaedc, 0xaedc, 0xaedc, 0xaedc, 0xaedc, 0xaedc, 0xaedc, 0xaedc, 0xaedc, 0xaedc, 0xaedc, 0xaedc, 0xaedc, 0xaedc, 0xaedc, 0xaedc, 
	0xaedd, 0xaedc, 0xaedc, 0xaedd, 0x9e1a, 0x428a, 0x0000, 0x0000, 0x0000, 0x0000, 0x2903, 0xcd33, 0xfe77, 0xfe78, 0xfe78, 0xfe77, 
	0xfe78, 0xfe78, 0xfe78, 0xfe78, 0xfe78, 0xfe78, 0xfe78, 0xfe78, 0xfe78, 0xfe78, 0xfe78, 0xfe78, 0xfe78, 0xfe78, 0xfe78, 0xfe78, 
	0xfe77, 0xfe77, 0xfe77, 0xfe78, 0xfe78, 0xd554, 0x5a48, 0x0000, 0x0000, 0x0000, 0x0000, 0x0020, 0x0020, 0x0020, 0x0062, 0x08c5, 
	0x00c4, 0x0062, 0x0000, 0x0000, 0x0000, 0x0000, 0x0000, 0x0000, 0x0000, 0x29a7, 0x8d77, 0xb6fd, 0xaebc, 0xaebc, 0xb6dc, 0xaedd, 
	0xaedd, 0xb6fd, 0xb6dc, 0xaedc, 0xaefd, 0x9df9, 0x3a49, 0x0020, 0x0000, 0x0000, 0x0000, 0x0000, 0x0000, 0x0001, 0x0064, 0x00c6, 
	0x08a5, 0x0042, 0x0021, 0x0000, 0x0000, 0x0000, 0x0000, 0x0000, 0x0000, 0x4124, 0xcc70, 0xfd94, 0xfdb4, 0xfe36, 0xfe78, 0xfe78, 
	0xfe78, 0xfe78, 0xfe78, 0xfe78, 0xfe78, 0xfe78, 0xfe78, 0xfe78, 0xfe78, 0xfe78, 0xfe78, 0xfe77, 0xfe78, 0xfe37, 0xfdb4, 0xfd73, 
	0xfd93, 0xfd74, 0xfd73, 0xf573, 0xdcb1, 0x4165, 0x0000, 0x0000, 0x0000, 0x0000, 0x29c7, 0x95b8, 0xaedd, 0xaebc, 0xaebc, 0xb6dd, 
	0xaedc, 0xaedc, 0xaedc, 0xaedc, 0xaedc, 0xaedc, 0xaedc, 0xaedc, 0xaedc, 0xaedc, 0xaedc, 0xaedc, 0xaedc, 0xaedc, 0xaedc, 0xaedc, 
	0xaedc, 0xaedc, 0xaedc, 0xaedc, 0xaedc, 0xaedc, 0xaedc, 0xaedc, 0xaedc, 0xaedc, 0xaedc, 0xaedc, 0xaedc, 0xaedc, 0xaedc, 0xaedc, 
	0xaedc, 0xaedc, 0xaedc, 0xaedc, 0xaedc, 0xaedc, 0xaedc, 0xaedc, 0xaedc, 0xaedc, 0xaedc, 0xaedc, 0xaedc, 0xaedc, 0xaedc, 0xaedc, 
	0xaedc, 0xaedc, 0xaedc, 0xaedc, 0xaedc, 0xaedc, 0xaedc, 0xaedc, 0xaedc, 0xaedc, 0xaedc, 0xaedc, 0xaedc, 0xaedc, 0xaedc, 0xaedc, 
	0xaedc, 0xaedc, 0xaedc, 0xaedc, 0xaedc, 0xaedc, 0xaedc, 0xaedc, 0xaedc, 0xaedc, 0xaedc, 0xaedc, 0xaedc, 0xaedc, 0xaedc, 0xaedc, 
	0xaedc, 0xaedc, 0xaedc, 0xaedc, 0xaedc, 0xaedc, 0xaedc, 0xaedc, 0xaedc, 0xaedc, 0xaedc, 0xaedc, 0xaedc, 0xaedc, 0xaedc, 0xaedc, 
	0xaedc, 0xaedc, 0xaedc, 0xaedc, 0xaedc, 0xaedc, 0xaedc, 0xaedc, 0xaedc, 0xaedc, 0xaedc, 0xaedc, 0xaedc, 0xaedc, 0xaedc, 0xaedc, 
	0xaedc, 0xaedc, 0xaedc, 0xaedc, 0xaedc, 0xaedc, 0xaedc, 0xaedc, 0xaedc, 0xaedc, 0xaedc, 0xaedc, 0xaedc, 0xaedc, 0xaedc, 0xaedc, 
	0xaedd, 0xaedc, 0xaedc, 0xaedd, 0x9e1a, 0x428a, 0x0000, 0x0000, 0x0000, 0x0000, 0x2903, 0xcd33, 0xfe77, 0xfe78, 0xfe78, 0xfe77, 
	0xfe78, 0xfe78, 0xfe78, 0xfe78, 0xfe78, 0xfe78, 0xfe78, 0xfe78, 0xfe78, 0xfe78, 0xfe78, 0xfe78, 0xfe78, 0xfe78, 0xfe78, 0xfe78, 
	0xfe77, 0xfe78, 0xfe78, 0xfe77, 0xfe98, 0xfe78, 0xb4d2, 0x41a5, 0x0020, 0x0000, 0x0000, 0x0000, 0x0000, 0x0000, 0x0000, 0x0000, 
	0x0020, 0x0000, 0x0000, 0x0020, 0x0000, 0x0000, 0x0000, 0x0000, 0x0000, 0x3a49, 0xa65a, 0xb6fd, 0xaedd, 0xaebc, 0xb6fd, 0xaedc, 
	0xaedd, 0xaebc, 0xaedc, 0xaedc, 0xaefd, 0xae9b, 0x4b0c, 0x0020, 0x0000, 0x0000, 0x0000, 0x0000, 0x0000, 0x0000, 0x0000, 0x0000, 
	0x0020, 0x0000, 0x0020, 0x0000, 0x0000, 0x0000, 0x0000, 0x0000, 0x3103, 0xa38d, 0xfd74, 0xfd94, 0xfdd4, 0xfe16, 0xfe78, 0xfe78, 
	0xfe78, 0xfe78, 0xfe78, 0xfe78, 0xfe78, 0xfe78, 0xfe78, 0xfe78, 0xfe78, 0xfe78, 0xfe78, 0xfe77, 0xfe78, 0xfe37, 0xfdb4, 0xfd73, 
	0xfd94, 0xfd73, 0xfd94, 0xfd93, 0xe4d2, 0x4165, 0x0000, 0x0000, 0x0000, 0x0000, 0x29c7, 0x95b8, 0xb6fd, 0xb6fc, 0xaebc, 0xb6fd, 
	0xaedc, 0xaedc, 0xaedc, 0xaedc, 0xaedc, 0xaedc, 0xaedc, 0xaedc, 0xaedc, 0xaedc, 0xaedc, 0xaedc, 0xaedc, 0xaedc, 0xaedc, 0xaedc, 
	0xaedc, 0xaedc, 0xaedc, 0xaedc, 0xaedc, 0xaedc, 0xaedc, 0xaedc, 0xaedc, 0xaedc, 0xaedc, 0xaedc, 0xaedc, 0xaedc, 0xaedc, 0xaedc, 
	0xaedc, 0xaedc, 0xaedc, 0xaedc, 0xaedc, 0xaedc, 0xaedc, 0xaedc, 0xaedc, 0xaedc, 0xaedc, 0xaedc, 0xaedc, 0xaedc, 0xaedc, 0xaedc, 
	0xaedc, 0xaedc, 0xaedc, 0xaedc, 0xaedc, 0xaedc, 0xaedc, 0xaedc, 0xaedc, 0xaedc, 0xaedc, 0xaedc, 0xaedc, 0xaedc, 0xaedc, 0xaedc, 
	0xaedc, 0xaedc, 0xaedc, 0xaedc, 0xaedc, 0xaedc, 0xaedc, 0xaedc, 0xaedc, 0xaedc, 0xaedc, 0xaedc, 0xaedc, 0xaedc, 0xaedc, 0xaedc, 
	0xaedc, 0xaedc, 0xaedc, 0xaedc, 0xaedc, 0xaedc, 0xaedc, 0xaedc, 0xaedc, 0xaedc, 0xaedc, 0xaedc, 0xaedc, 0xaedc, 0xaedc, 0xaedc, 
	0xaedc, 0xaedc, 0xaedc, 0xaedc, 0xaedc, 0xaedc, 0xaedc, 0xaedc, 0xaedc, 0xaedc, 0xaedc, 0xaedc, 0xaedc, 0xaedc, 0xaedc, 0xaedc, 
	0xaedc, 0xaedc, 0xaedc, 0xaedc, 0xaedc, 0xaedc, 0xaedc, 0xaedc, 0xaedc, 0xaedc, 0xaedc, 0xaedc, 0xaedc, 0xaedc, 0xaedc, 0xaedc, 
	0xaedd, 0xaedc, 0xaedc, 0xaedd, 0x9e1a, 0x428a, 0x0000, 0x0000, 0x0000, 0x0000, 0x2903, 0xcd33, 0xfe77, 0xfe78, 0xfe78, 0xfe77, 
	0xfe78, 0xfe78, 0xfe78, 0xfe78, 0xfe78, 0xfe78, 0xfe78, 0xfe78, 0xfe78, 0xfe78, 0xfe78, 0xfe78, 0xfe78, 0xfe78, 0xfe78, 0xfe78, 
	0xfe78, 0xfe78, 0xfe98, 0xfe77, 0xfe57, 0xfe98, 0xf657, 0xb491, 0x41a5, 0x0820, 0x0000, 0x0001, 0x0000, 0x0000, 0x0000, 0x0020, 
	0x0000, 0x0000, 0x0000, 0x0001, 0x0001, 0x0000, 0x0000, 0x0000, 0x0020, 0x3249, 0x9e19, 0xaedd, 0xb6fd, 0xaebc, 0xb6dd, 0xaedd, 
	0xb6fd, 0xaebc, 0xb6dd, 0xb6fd, 0xaedd, 0xae9b, 0x4b0d, 0x0041, 0x0000, 0x0000, 0x0000, 0x0000, 0x0000, 0x0020, 0x0000, 0x0000, 
	0x0000, 0x0000, 0x0000, 0x0000, 0x0041, 0x0000, 0x0000, 0x2904, 0x9b6c, 0xf574, 0xfd73, 0xfd53, 0xfdd5, 0xfe57, 0xfe78, 0xfe78, 
	0xfe78, 0xfe78, 0xfe78, 0xfe78, 0xfe78, 0xfe78, 0xfe78, 0xfe78, 0xfe78, 0xfe78, 0xfe78, 0xfe77, 0xfe78, 0xfe37, 0xfdb4, 0xfd73, 
	0xfd74, 0xfd74, 0xfd74, 0xfd93, 0xe4d2, 0x3944, 0x0000, 0x0000, 0x0000, 0x0000, 0x29a7, 0x95b8, 0xaefd, 0xaedc, 0xb6bc, 0xaebd, 
	0xaedc, 0xaedc, 0xaedc, 0xaedc, 0xaedc, 0xaedc, 0xaedc, 0xaedc, 0xaedc, 0xaedc, 0xaedc, 0xaedc, 0xaedc, 0xaedc, 0xaedc, 0xaedc, 
	0xaedc, 0xaedc, 0xaedc, 0xaedc, 0xaedc, 0xaedc, 0xaedc, 0xaedc, 0xaedc, 0xaedc, 0xaedc, 0xaedc, 0xaedc, 0xaedc, 0xaedc, 0xaedc, 
	0xaedc, 0xaedc, 0xaedc, 0xaedc, 0xaedc, 0xaedc, 0xaedc, 0xaedc, 0xaedc, 0xaedc, 0xaedc, 0xaedc, 0xaedc, 0xaedc, 0xaedc, 0xaedc, 
	0xaedc, 0xaedc, 0xaedc, 0xaedc, 0xaedc, 0xaedc, 0xaedc, 0xaedc, 0xaedc, 0xaedc, 0xaedc, 0xaedc, 0xaedc, 0xaedc, 0xaedc, 0xaedc, 
	0xaedc, 0xaedc, 0xaedc, 0xaedc, 0xaedc, 0xaedc, 0xaedc, 0xaedc, 0xaedc, 0xaedc, 0xaedc, 0xaedc, 0xaedc, 0xaedc, 0xaedc, 0xaedc, 
	0xaedc, 0xaedc, 0xaedc, 0xaedc, 0xaedc, 0xaedc, 0xaedc, 0xaedc, 0xaedc, 0xaedc, 0xaedc, 0xaedc, 0xaedc, 0xaedc, 0xaedc, 0xaedc, 
	0xaedc, 0xaedc, 0xaedc, 0xaedc, 0xaedc, 0xaedc, 0xaedc, 0xaedc, 0xaedc, 0xaedc, 0xaedc, 0xaedc, 0xaedc, 0xaedc, 0xaedc, 0xaedc, 
	0xaedc, 0xaedc, 0xaedc, 0xaedc, 0xaedc, 0xaedc, 0xaedc, 0xaedc, 0xaedc, 0xaedc, 0xaedc, 0xaedc, 0xaedc, 0xaedc, 0xaedc, 0xaedc, 
	0xaedd, 0xaedc, 0xaedc, 0xaedd, 0x9e1a, 0x428a, 0x0000, 0x0000, 0x0000, 0x0000, 0x2903, 0xcd33, 0xfe77, 0xfe78, 0xfe78, 0xfe77, 
	0xfe78, 0xfe78, 0xfe78, 0xfe78, 0xfe78, 0xfe78, 0xfe78, 0xfe78, 0xfe78, 0xfe78, 0xfe78, 0xfe78, 0xfe78, 0xfe78, 0xfe78, 0xfe78, 
	0xfe78, 0xfe58, 0xfe98, 0xfe78, 0xfe77, 0xfe77, 0xfe98, 0xf637, 0xc513, 0x5a49, 0x1882, 0x0001, 0x0000, 0x0021, 0x0000, 0x0000, 
	0x0001, 0x0000, 0x0000, 0x0000, 0x0000, 0x0000, 0x0000, 0x0000, 0x0000, 0x3a49, 0xa63a, 0xaedd, 0xaedd, 0xb6dd, 0xb6dd, 0xaedd, 
	0xaedd, 0xb6dd, 0xb6dd, 0xaedd, 0xaedd, 0xaebc, 0x4b0d, 0x0020, 0x0000, 0x0000, 0x0000, 0x0000, 0x0000, 0x0000, 0x0000, 0x0000, 
	0x0000, 0x0000, 0x0000, 0x0000, 0x0000, 0x1040, 0x59c6, 0xabee, 0xed53, 0xfd94, 0xfd94, 0xfd94, 0xfdd5, 0xfe77, 0xfe78, 0xfe78, 
	0xfe78, 0xfe78, 0xfe78, 0xfe78, 0xfe78, 0xfe78, 0xfe78, 0xfe78, 0xfe78, 0xfe78, 0xfe78, 0xfe77, 0xfe78, 0xfe37, 0xfdb4, 0xfd73, 
	0xfd73, 0xfdb4, 0xfd73, 0xfd73, 0xe4d2, 0x4165, 0x0020, 0x0000, 0x0000, 0x0000, 0x29a7, 0x95b8, 0xaefd, 0xaebc, 0xb6dc, 0xaedd, 
	0xaedc, 0xaedc, 0xaedc, 0xaedc, 0xaedc, 0xaedc, 0xaedc, 0xaedc, 0xaedc, 0xaedc, 0xaedc, 0xaedc, 0xaedc, 0xaedc, 0xaedc, 0xaedc, 
	0xaedc, 0xaedc, 0xaedc, 0xaedc, 0xaedc, 0xaedc, 0xaedc, 0xaedc, 0xaedc, 0xaedc, 0xaedc, 0xaedc, 0xaedc, 0xaedc, 0xaedc, 0xaedc, 
	0xaedc, 0xaedc, 0xaedc, 0xaedc, 0xaedc, 0xaedc, 0xaedc, 0xaedc, 0xaedc, 0xaedc, 0xaedc, 0xaedc, 0xaedc, 0xaedc, 0xaedc, 0xaedc, 
	0xaedc, 0xaedc, 0xaedc, 0xaedc, 0xaedc, 0xaedc, 0xaedc, 0xaedc, 0xaedc, 0xaedc, 0xaedc, 0xaedc, 0xaedc, 0xaedc, 0xaedc, 0xaedc, 
	0xaedc, 0xaedc, 0xaedc, 0xaedc, 0xaedc, 0xaedc, 0xaedc, 0xaedc, 0xaedc, 0xaedc, 0xaedc, 0xaedc, 0xaedc, 0xaedc, 0xaedc, 0xaedc, 
	0xaedc, 0xaedc, 0xaedc, 0xaedc, 0xaedc, 0xaedc, 0xaedc, 0xaedc, 0xaedc, 0xaedc, 0xaedc, 0xaedc, 0xaedc, 0xaedc, 0xaedc, 0xaedc, 
	0xaedc, 0xaedc, 0xaedc, 0xaedc, 0xaedc, 0xaedc, 0xaedc, 0xaedc, 0xaedc, 0xaedc, 0xaedc, 0xaedc, 0xaedc, 0xaedc, 0xaedc, 0xaedc, 
	0xaedc, 0xaedc, 0xaedc, 0xaedc, 0xaedc, 0xaedc, 0xaedc, 0xaedc, 0xaedc, 0xaedc, 0xaedc, 0xaedc, 0xaedc, 0xaedc, 0xaedc, 0xaedc, 
	0xaedd, 0xaedc, 0xaedc, 0xaedd, 0x9e1a, 0x428a, 0x0000, 0x0000, 0x0000, 0x0000, 0x2903, 0xcd33, 0xfe77, 0xfe78, 0xfe78, 0xfe77, 
	0xfe78, 0xfe78, 0xfe78, 0xfe78, 0xfe78, 0xfe78, 0xfe78, 0xfe78, 0xfe78, 0xfe78, 0xfe78, 0xfe78, 0xfe78, 0xfe78, 0xfe78, 0xfe78, 
	0xfe57, 0xfe78, 0xfe78, 0xfe77, 0xfe97, 0xfe77, 0xfe57, 0xfe78, 0xfe98, 0xdd94, 0x9c2f, 0x5228, 0x20e2, 0x1040, 0x0000, 0x0000, 
	0x0000, 0x0020, 0x1060, 0x18a1, 0x0820, 0x0000, 0x0000, 0x0020, 0x0000, 0x3a4a, 0xa65a, 0xaefd, 0xaedc, 0xaedc, 0xaedc, 0xaedd, 
	0xaebc, 0xb6dd, 0xaedc, 0xaedd, 0xaedd, 0xae9b, 0x4aec, 0x0021, 0x0021, 0x0000, 0x0000, 0x0000, 0x1881, 0x1861, 0x0800, 0x0000, 
	0x0000, 0x0020, 0x0861, 0x18a2, 0x49a5, 0x934b, 0xd4b0, 0xfd93, 0xfd74, 0xfd94, 0xfd93, 0xfd94, 0xfe36, 0xfe57, 0xfe98, 0xfe78, 
	0xfe78, 0xfe78, 0xfe78, 0xfe78, 0xfe78, 0xfe78, 0xfe78, 0xfe78, 0xfe78, 0xfe78, 0xfe78, 0xfe77, 0xfe78, 0xfe37, 0xfdb4, 0xfd73, 
	0xfd94, 0xfdb4, 0xfd73, 0xfd93, 0xe4d2, 0x3944, 0x0000, 0x0000, 0x0000, 0x0000, 0x21a7, 0x95d8, 0xaefd, 0xaedc, 0xb6fd, 0xaedd, 
	0xaedc, 0xaedc, 0xaedc, 0xaedc, 0xaedc, 0xaedc, 0xaedc, 0xaedc, 0xaedc, 0xaedc, 0xaedc, 0xaedc, 0xaedc, 0xaedc, 0xaedc, 0xaedc, 
	0xaedc, 0xaedc, 0xaedc, 0xaedc, 0xaedc, 0xaedc, 0xaedc, 0xaedc, 0xaedc, 0xaedc, 0xaedc, 0xaedc, 0xaedc, 0xaedc, 0xaedc, 0xaedc, 
	0xaedc, 0xaedc, 0xaedc, 0xaedc, 0xaedc, 0xaedc, 0xaedc, 0xaedc, 0xaedc, 0xaedc, 0xaedc, 0xaedc, 0xaedc, 0xaedc, 0xaedc, 0xaedc, 
	0xaedc, 0xaedc, 0xaedc, 0xaedc, 0xaedc, 0xaedc, 0xaedc, 0xaedc, 0xaedc, 0xaedc, 0xaedc, 0xaedc, 0xaedc, 0xaedc, 0xaedc, 0xaedc, 
	0xaedc, 0xaedc, 0xaedc, 0xaedc, 0xaedc, 0xaedc, 0xaedc, 0xaedc, 0xaedc, 0xaedc, 0xaedc, 0xaedc, 0xaedc, 0xaedc, 0xaedc, 0xaedc, 
	0xaedc, 0xaedc, 0xaedc, 0xaedc, 0xaedc, 0xaedc, 0xaedc, 0xaedc, 0xaedc, 0xaedc, 0xaedc, 0xaedc, 0xaedc, 0xaedc, 0xaedc, 0xaedc, 
	0xaedc, 0xaedc, 0xaedc, 0xaedc, 0xaedc, 0xaedc, 0xaedc, 0xaedc, 0xaedc, 0xaedc, 0xaedc, 0xaedc, 0xaedc, 0xaedc, 0xaedc, 0xaedc, 
	0xaedc, 0xaedc, 0xaedc, 0xaedc, 0xaedc, 0xaedc, 0xaedc, 0xaedc, 0xaedc, 0xaedc, 0xaedc, 0xaedc, 0xaedc, 0xaedc, 0xaedc, 0xaedc, 
	0xaedd, 0xaedc, 0xaedc, 0xaedd, 0x9e1a, 0x428a, 0x0000, 0x0000, 0x0000, 0x0000, 0x2903, 0xcd33, 0xfe77, 0xfe78, 0xfe78, 0xfe77, 
	0xfe78, 0xfe78, 0xfe78, 0xfe78, 0xfe78, 0xfe78, 0xfe78, 0xfe78, 0xfe78, 0xfe78, 0xfe78, 0xfe78, 0xfe78, 0xfe78, 0xfe78, 0xfe78, 
	0xfe77, 0xfe98, 0xfe78, 0xfe58, 0xfe77, 0xfe77, 0xfe77, 0xfe78, 0xfe76, 0xfe97, 0xfe77, 0xe594, 0xb44f, 0x8b0b, 0x6a68, 0x5a28, 
	0x5a28, 0x7289, 0x8b2b, 0x7aeb, 0x20c3, 0x0000, 0x0000, 0x0000, 0x0020, 0x3229, 0xa63a, 0xaefd, 0xaedd, 0xaedc, 0xaebc, 0xaedd, 
	0xaedd, 0xb6dd, 0xaedc, 0xb6fd, 0xaefd, 0xae9b, 0x4aec, 0x0841, 0x0800, 0x0000, 0x0000, 0x1882, 0x72ca, 0x8b4c, 0x7289, 0x6248, 
	0x6228, 0x6a08, 0x8acb, 0xb3ce, 0xdcb1, 0xf553, 0xfd93, 0xfd93, 0xfd53, 0xfdb4, 0xf573, 0xfdd5, 0xfe78, 0xfe57, 0xfe98, 0xfe78, 
	0xfe78, 0xfe78, 0xfe78, 0xfe78, 0xfe78, 0xfe78, 0xfe78, 0xfe78, 0xfe78, 0xfe78, 0xfe78, 0xfe77, 0xfe78, 0xfe37, 0xfdb4, 0xfd73, 
	0xfd73, 0xfd74, 0xfd73, 0xfd93, 0xecf2, 0x51e6, 0x0000, 0x0000, 0x0000, 0x0000, 0x3a49, 0x9e19, 0xaebc, 0xaedc, 0xaedc, 0xaebc, 
	0xaedc, 0xaedc, 0xaedc, 0xaedc, 0xaedc, 0xaedc, 0xaedc, 0xaedc, 0xaedc, 0xaedc, 0xaedc, 0xaedc, 0xaedc, 0xaedc, 0xaedc, 0xaedc, 
	0xaedc, 0xaedc, 0xaedc, 0xaedc, 0xaedc, 0xaedc, 0xaedc, 0xaedc, 0xaedc, 0xaedc, 0xaedc, 0xaedc, 0xaedc, 0xaedc, 0xaedc, 0xaedc, 
	0xaedc, 0xaedc, 0xaedc, 0xaedc, 0xaedc, 0xaedc, 0xaedc, 0xaedc, 0xaedc, 0xaedc, 0xaedc, 0xaedc, 0xaedc, 0xaedc, 0xaedc, 0xaedc, 
	0xaedc, 0xaedc, 0xaedc, 0xaedc, 0xaedc, 0xaedc, 0xaedc, 0xaedc, 0xaedc, 0xaedc, 0xaedc, 0xaedc, 0xaedc, 0xaedc, 0xaedc, 0xaedc, 
	0xaedc, 0xaedc, 0xaedc, 0xaedc, 0xaedc, 0xaedc, 0xaedc, 0xaedc, 0xaedc, 0xaedc, 0xaedc, 0xaedc, 0xaedc, 0xaedc, 0xaedc, 0xaedc, 
	0xaedc, 0xaedc, 0xaedc, 0xaedc, 0xaedc, 0xaedc, 0xaedc, 0xaedc, 0xaedc, 0xaedc, 0xaedc, 0xaedc, 0xaedc, 0xaedc, 0xaedc, 0xaedc, 
	0xaedc, 0xaedc, 0xaedc, 0xaedc, 0xaedc, 0xaedc, 0xaedc, 0xaedc, 0xaedc, 0xaedc, 0xaedc, 0xaedc, 0xaedc, 0xaedc, 0xaedc, 0xaedc, 
	0xaedc, 0xaedc, 0xaedc, 0xaedc, 0xaedc, 0xaedc, 0xaedc, 0xaedc, 0xaedc, 0xaedc, 0xaedc, 0xaedc, 0xaedc, 0xaedc, 0xaedc, 0xaedc, 
	0xaedd, 0xaedc, 0xaedc, 0xaedd, 0x9e1a, 0x428a, 0x0000, 0x0000, 0x0000, 0x0000, 0x2903, 0xcd33, 0xfe77, 0xfe78, 0xfe78, 0xfe77, 
	0xfe78, 0xfe78, 0xfe78, 0xfe78, 0xfe78, 0xfe78, 0xfe78, 0xfe78, 0xfe78, 0xfe78, 0xfe78, 0xfe78, 0xfe78, 0xfe78, 0xfe78, 0xfe78, 
	0xfe77, 0xfe78, 0xfe37, 0xfe98, 0xfe77, 0xfe77, 0xfe98, 0xfe78, 0xfe79, 0xfe58, 0xfe58, 0xfe98, 0xfe36, 0xfdb4, 0xfd74, 0xf533, 
	0xfd53, 0xfd53, 0xfd74, 0xc470, 0x28e3, 0x0000, 0x0020, 0x0000, 0x0020, 0x3229, 0xa63a, 0xaedd, 0xaedc, 0xaedc, 0xaedc, 0xaedc, 
	0xaedd, 0xaedc, 0xaebc, 0xaefd, 0xaedd, 0xaebc, 0x4aec, 0x0020, 0x0000, 0x0020, 0x0020, 0x1881, 0xb40f, 0xfdb5, 0xfd74, 0xf573, 
	0xf572, 0xfd73, 0xfd73, 0xfd73, 0xfd93, 0xfd94, 0xfd73, 0xfd94, 0xfd94, 0xfd74, 0xfdd5, 0xfe56, 0xfe57, 0xfe98, 0xfe58, 0xfe77, 
	0xfe78, 0xfe78, 0xfe78, 0xfe78, 0xfe78, 0xfe78, 0xfe78, 0xfe78, 0xfe78, 0xfe78, 0xfe78, 0xfe77, 0xfe78, 0xfe37, 0xfdb4, 0xfd73, 
	0xfd73, 0xfd94, 0xfd94, 0xfd73, 0xfd74, 0x834c, 0x10a2, 0x0000, 0x0000, 0x10a2, 0x63af, 0xb6bc, 0xa6bc, 0xaefd, 0xaedc, 0xaedd, 
	0xaedc, 0xaedc, 0xaedc, 0xaedc, 0xaedc, 0xaedc, 0xaedc, 0xaedc, 0xaedc, 0xaedc, 0xaedc, 0xaedc, 0xaedc, 0xaedc, 0xaedc, 0xaedc, 
	0xaedc, 0xaedc, 0xaedc, 0xaedc, 0xaedc, 0xaedc, 0xaedc, 0xaedc, 0xaedc, 0xaedc, 0xaedc, 0xaedc, 0xaedc, 0xaedc, 0xaedc, 0xaedc, 
	0xaedc, 0xaedc, 0xaedc, 0xaedc, 0xaedc, 0xaedc, 0xaedc, 0xaedc, 0xaedc, 0xaedc, 0xaedc, 0xaedc, 0xaedc, 0xaedc, 0xaedc, 0xaedc, 
	0xaedc, 0xaedc, 0xaedc, 0xaedc, 0xaedc, 0xaedc, 0xaedc, 0xaedc, 0xaedc, 0xaedc, 0xaedc, 0xaedc, 0xaedc, 0xaedc, 0xaedc, 0xaedc, 
	0xaedc, 0xaedc, 0xaedc, 0xaedc, 0xaedc, 0xaedc, 0xaedc, 0xaedc, 0xaedc, 0xaedc, 0xaedc, 0xaedc, 0xaedc, 0xaedc, 0xaedc, 0xaedc, 
	0xaedc, 0xaedc, 0xaedc, 0xaedc, 0xaedc, 0xaedc, 0xaedc, 0xaedc, 0xaedc, 0xaedc, 0xaedc, 0xaedc, 0xaedc, 0xaedc, 0xaedc, 0xaedc, 
	0xaedc, 0xaedc, 0xaedc, 0xaedc, 0xaedc, 0xaedc, 0xaedc, 0xaedc, 0xaedc, 0xaedc, 0xaedc, 0xaedc, 0xaedc, 0xaedc, 0xaedc, 0xaedc, 
	0xaedc, 0xaedc, 0xaedc, 0xaedc, 0xaedc, 0xaedc, 0xaedc, 0xaedc, 0xaedc, 0xaedc, 0xaedc, 0xaedc, 0xaedc, 0xaedc, 0xaedc, 0xaedc, 
	0xaedd, 0xaedc, 0xaedc, 0xaedd, 0x9e1a, 0x428a, 0x0000, 0x0000, 0x0000, 0x0000, 0x2903, 0xcd33, 0xfe77, 0xfe78, 0xfe78, 0xfe77, 
	0xfe78, 0xfe78, 0xfe78, 0xfe78, 0xfe78, 0xfe78, 0xfe78, 0xfe78, 0xfe78, 0xfe78, 0xfe78, 0xfe78, 0xfe78, 0xfe78, 0xfe78, 0xfe78, 
	0xfe78, 0xfe78, 0xfe78, 0xfe78, 0xfe78, 0xfe78, 0xfe78, 0xfe78, 0xfe78, 0xfe78, 0xfe78, 0xfe78, 0xfe57, 0xfdd5, 0xfd74, 0xfd94, 
	0xfd73, 0xfd74, 0xfd93, 0xc46f, 0x28e3, 0x0000, 0x0000, 0x0000, 0x0000, 0x3249, 0xa63a, 0xaefd, 0xaedd, 0xb6dc, 0xaedc, 0xaedc, 
	0xaedd, 0xaedc, 0xaedc, 0xb6dd, 0xaedd, 0xae9b, 0x4b0c, 0x0021, 0x0000, 0x0000, 0x0000, 0x18a2, 0xb44f, 0xfe37, 0xfdf5, 0xfd94, 
	0xfd73, 0xfd74, 0xfd74, 0xfd74, 0xfd74, 0xfd74, 0xfd74, 0xfd73, 0xfd74, 0xfdb5, 0xfe16, 0xfe57, 0xfe77, 0xfe77, 0xfe77, 0xfe78, 
	0xfe78, 0xfe78, 0xfe78, 0xfe78, 0xfe78, 0xfe78, 0xfe78, 0xfe78, 0xfe78, 0xfe78, 0xfe78, 0xfe77, 0xfe78, 0xfe37, 0xfdb4, 0xfd73, 
	0xfd94, 0xfd74, 0xfd73, 0xfd93, 0xfdb4, 0xe512, 0x934b, 0x4984, 0x31c7, 0x5c32, 0x9e1a, 0xb6dc, 0xaedd, 0xb6bd, 0xaedc, 0xaedd, 
	0xaedc, 0xaedc, 0xaedc, 0xaedc, 0xaedc, 0xaedc, 0xaedc, 0xaedc, 0xaedc, 0xaedc, 0xaedc, 0xaedc, 0xaedc, 0xaedc, 0xaedc, 0xaedc, 
	0xaedc, 0xaedc, 0xaedc, 0xaedc, 0xaedc, 0xaedc, 0xaedc, 0xaedc, 0xaedc, 0xaedc, 0xaedc, 0xaedc, 0xaedc, 0xaedc, 0xaedc, 0xaedc, 
	0xaedc, 0xaedc, 0xaedc, 0xaedc, 0xaedc, 0xaedc, 0xaedc, 0xaedc, 0xaedc, 0xaedc, 0xaedc, 0xaedc, 0xaedc, 0xaedc, 0xaedc, 0xaedc, 
	0xaedc, 0xaedc, 0xaedc, 0xaedc, 0xaedc, 0xaedc, 0xaedc, 0xaedc, 0xaedc, 0xaedc, 0xaedc, 0xaedc, 0xaedc, 0xaedc, 0xaedc, 0xaedc, 
	0xaedc, 0xaedc, 0xaedc, 0xaedc, 0xaedc, 0xaedc, 0xaedc, 0xaedc, 0xaedc, 0xaedc, 0xaedc, 0xaedc, 0xaedc, 0xaedc, 0xaedc, 0xaedc, 
	0xaedc, 0xaedc, 0xaedc, 0xaedc, 0xaedc, 0xaedc, 0xaedc, 0xaedc, 0xaedc, 0xaedc, 0xaedc, 0xaedc, 0xaedc, 0xaedc, 0xaedc, 0xaedc, 
	0xaedc, 0xaedc, 0xaedc, 0xaedc, 0xaedc, 0xaedc, 0xaedc, 0xaedc, 0xaedc, 0xaedc, 0xaedc, 0xaedc, 0xaedc, 0xaedc, 0xaedc, 0xaedc, 
	0xaedc, 0xaedc, 0xaedc, 0xaedc, 0xaedc, 0xaedc, 0xaedc, 0xaedc, 0xaedc, 0xaedc, 0xaedc, 0xaedc, 0xaedc, 0xaedc, 0xaedc, 0xaedc, 
	0xaedd, 0xaedc, 0xaedc, 0xaedd, 0x9e1a, 0x428a, 0x0000, 0x0000, 0x0000, 0x0000, 0x2903, 0xcd33, 0xfe77, 0xfe78, 0xfe78, 0xfe77, 
	0xfe78, 0xfe78, 0xfe78, 0xfe78, 0xfe78, 0xfe78, 0xfe78, 0xfe78, 0xfe78, 0xfe78, 0xfe78, 0xfe78, 0xfe78, 0xfe78, 0xfe78, 0xfe78, 
	0xfe78, 0xfe78, 0xfe78, 0xfe78, 0xfe78, 0xfe78, 0xfe78, 0xfe78, 0xfe78, 0xfe78, 0xfe78, 0xfe78, 0xfe57, 0xfdd5, 0xfd74, 0xfd94, 
	0xfd73, 0xfd74, 0xfd93, 0xc46f, 0x28e3, 0x0000, 0x0000, 0x0000, 0x0000, 0x3249, 0xa63a, 0xaefd, 0xaedd, 0xb6dc, 0xaedc, 0xaedc, 
	0xaedd, 0xaedc, 0xaedc, 0xb6dd, 0xaedd, 0xae9b, 0x4b0c, 0x0021, 0x0000, 0x0000, 0x0000, 0x18c2, 0xb450, 0xfe77, 0xfe36, 0xfdf6, 
	0xfdb4, 0xfd94, 0xfd94, 0xfd74, 0xfd74, 0xfd94, 0xfd94, 0xfdb4, 0xfdf5, 0xfe16, 0xfe57, 0xfe78, 0xfe78, 0xfe77, 0xfe78, 0xfe77, 
	0xfe78, 0xfe78, 0xfe78, 0xfe78, 0xfe78, 0xfe78, 0xfe78, 0xfe78, 0xfe78, 0xfe78, 0xfe78, 0xfe77, 0xfe78, 0xfe37, 0xfdb4, 0xfd73, 
	0xfd94, 0xfd74, 0xfd73, 0xfd73, 0xfd73, 0xfd74, 0xf554, 0xdd54, 0xbdf8, 0xae9b, 0xb6bd, 0xaedc, 0xaedc, 0xb6dd, 0xaedc, 0xaedd, 
	0xaedc, 0xaedc, 0xaedc, 0xaedc, 0xaedc, 0xaedc, 0xaedc, 0xaedc, 0xaedc, 0xaedc, 0xaedc, 0xaedc, 0xaedc, 0xaedc, 0xaedc, 0xaedc, 
	0xaedc, 0xaedc, 0xaedc, 0xaedc, 0xaedc, 0xaedc, 0xaedc, 0xaedc, 0xaedc, 0xaedc, 0xaedc, 0xaedc, 0xaedc, 0xaedc, 0xaedc, 0xaedc, 
	0xaedc, 0xaedc, 0xaedc, 0xaedc, 0xaedc, 0xaedc, 0xaedc, 0xaedc, 0xaedc, 0xaedc, 0xaedc, 0xaedc, 0xaedc, 0xaedc, 0xaedc, 0xaedc, 
	0xaedc, 0xaedc, 0xaedc, 0xaedc, 0xaedc, 0xaedc, 0xaedc, 0xaedc, 0xaedc, 0xaedc, 0xaedc, 0xaedc, 0xaedc, 0xaedc, 0xaedc, 0xaedc, 
	0xaedc, 0xaedc, 0xaedc, 0xaedc, 0xaedc, 0xaedc, 0xaedc, 0xaedc, 0xaedc, 0xaedc, 0xaedc, 0xaedc, 0xaedc, 0xaedc, 0xaedc, 0xaedc, 
	0xaedc, 0xaedc, 0xaedc, 0xaedc, 0xaedc, 0xaedc, 0xaedc, 0xaedc, 0xaedc, 0xaedc, 0xaedc, 0xaedc, 0xaedc, 0xaedc, 0xaedc, 0xaedc, 
	0xaedc, 0xaedc, 0xaedc, 0xaedc, 0xaedc, 0xaedc, 0xaedc, 0xaedc, 0xaedc, 0xaedc, 0xaedc, 0xaedc, 0xaedc, 0xaedc, 0xaedc, 0xaedc, 
	0xaedc, 0xaedc, 0xaedc, 0xaedc, 0xaedc, 0xaedc, 0xaedc, 0xaedc, 0xaedc, 0xaedc, 0xaedc, 0xaedc, 0xaedc, 0xaedc, 0xaedc, 0xaedc, 
	0xaedd, 0xaedc, 0xaedc, 0xaedd, 0x9e1a, 0x428a, 0x0000, 0x0000, 0x0000, 0x0000, 0x2903, 0xcd33, 0xfe77, 0xfe78, 0xfe78, 0xfe77, 
	0xfe78, 0xfe78, 0xfe78, 0xfe78, 0xfe78, 0xfe78, 0xfe78, 0xfe78, 0xfe78, 0xfe78, 0xfe78, 0xfe78, 0xfe78, 0xfe78, 0xfe78, 0xfe78, 
	0xfe78, 0xfe78, 0xfe78, 0xfe78, 0xfe78, 0xfe78, 0xfe78, 0xfe78, 0xfe78, 0xfe78, 0xfe78, 0xfe78, 0xfe57, 0xfdd5, 0xfd74, 0xfd94, 
	0xfd73, 0xfd74, 0xfd93, 0xc46f, 0x28e3, 0x0000, 0x0000, 0x0000, 0x0000, 0x3249, 0xa63a, 0xaefd, 0xaedd, 0xb6dc, 0xaedc, 0xaedc, 
	0xaedd, 0xaedc, 0xaedc, 0xb6dd, 0xaedd, 0xae9b, 0x4b0c, 0x0021, 0x0000, 0x0000, 0x0000, 0x18c2, 0xac70, 0xfe98, 0xfe77, 0xfe57, 
	0xfe16, 0xfe16, 0xfdf5, 0xfdd5, 0xfdd5, 0xfdf5, 0xfe16, 0xfe16, 0xfe77, 0xfe77, 0xfe78, 0xfe78, 0xfe78, 0xfe78, 0xfe78, 0xfe77, 
	0xfe78, 0xfe78, 0xfe78, 0xfe78, 0xfe78, 0xfe78, 0xfe78, 0xfe78, 0xfe78, 0xfe78, 0xfe78, 0xfe77, 0xfe78, 0xfe37, 0xfdb4, 0xfd73, 
	0xfd93, 0xfd73, 0xfd74, 0xfd94, 0xfd94, 0xfd74, 0xfd74, 0xf5b5, 0xc69a, 0xb6dd, 0xb6dd, 0xb6fc, 0xaefd, 0xb6dd, 0xaedc, 0xaedd, 
	0xaedc, 0xaedc, 0xaedc, 0xaedc, 0xaedc, 0xaedc, 0xaedc, 0xaedc, 0xaedc, 0xaedc, 0xaedc, 0xaedc, 0xaedc, 0xaedc, 0xaedc, 0xaedc, 
	0xaedc, 0xaedc, 0xaedc, 0xaedc, 0xaedc, 0xaedc, 0xaedc, 0xaedc, 0xaedc, 0xaedc, 0xaedc, 0xaedc, 0xaedc, 0xaedc, 0xaedc, 0xaedc, 
	0xaedc, 0xaedc, 0xaedc, 0xaedc, 0xaedc, 0xaedc, 0xaedc, 0xaedc, 0xaedc, 0xaedc, 0xaedc, 0xaedc, 0xaedc, 0xaedc, 0xaedc, 0xaedc, 
	0xaedc, 0xaedc, 0xaedc, 0xaedc, 0xaedc, 0xaedc, 0xaedc, 0xaedc, 0xaedc, 0xaedc, 0xaedc, 0xaedc, 0xaedc, 0xaedc, 0xaedc, 0xaedc, 
	0xaedc, 0xaedc, 0xaedc, 0xaedc, 0xaedc, 0xaedc, 0xaedc, 0xaedc, 0xaedc, 0xaedc, 0xaedc, 0xaedc, 0xaedc, 0xaedc, 0xaedc, 0xaedc, 
	0xaedc, 0xaedc, 0xaedc, 0xaedc, 0xaedc, 0xaedc, 0xaedc, 0xaedc, 0xaedc, 0xaedc, 0xaedc, 0xaedc, 0xaedc, 0xaedc, 0xaedc, 0xaedc, 
	0xaedc, 0xaedc, 0xaedc, 0xaedc, 0xaedc, 0xaedc, 0xaedc, 0xaedc, 0xaedc, 0xaedc, 0xaedc, 0xaedc, 0xaedc, 0xaedc, 0xaedc, 0xaedc, 
	0xaedc, 0xaedc, 0xaedc, 0xaedc, 0xaedc, 0xaedc, 0xaedc, 0xaedc, 0xaedc, 0xaedc, 0xaedc, 0xaedc, 0xaedc, 0xaedc, 0xaedc, 0xaedc, 
	0xaedd, 0xaedc, 0xaedc, 0xaedd, 0x9e1a, 0x428a, 0x0000, 0x0000, 0x0000, 0x0000, 0x2903, 0xcd33, 0xfe77, 0xfe78, 0xfe78, 0xfe77, 
	0xfe78, 0xfe78, 0xfe78, 0xfe78, 0xfe78, 0xfe78, 0xfe78, 0xfe78, 0xfe78, 0xfe78, 0xfe78, 0xfe78, 0xfe78, 0xfe78, 0xfe78, 0xfe78, 
	0xfe78, 0xfe78, 0xfe78, 0xfe78, 0xfe78, 0xfe78, 0xfe78, 0xfe78, 0xfe78, 0xfe78, 0xfe78, 0xfe78, 0xfe57, 0xfdd5, 0xfd74, 0xfd94, 
	0xfd73, 0xfd74, 0xfd93, 0xc46f, 0x28e3, 0x0000, 0x0000, 0x0000, 0x0000, 0x3249, 0xa63a, 0xaefd, 0xaedd, 0xb6dc, 0xaedc, 0xaedc, 
	0xaedd, 0xaedc, 0xaedc, 0xb6dd, 0xaedd, 0xae9b, 0x4b0c, 0x0021, 0x0000, 0x0000, 0x0000, 0x18c2, 0xac70, 0xfe98, 0xfe98, 0xfe78, 
	0xfe77, 0xfe77, 0xfe57, 0xfe57, 0xfe57, 0xfe57, 0xfe77, 0xfe77, 0xfe98, 0xfe98, 0xfe78, 0xfe78, 0xfe78, 0xfe78, 0xfe78, 0xfe78, 
	0xfe78, 0xfe78, 0xfe78, 0xfe78, 0xfe78, 0xfe78, 0xfe78, 0xfe78, 0xfe78, 0xfe78, 0xfe78, 0xfe77, 0xfe78, 0xfe37, 0xfdb4, 0xfd73, 
	0xfd73, 0xfd94, 0xfd94, 0xfd94, 0xfd73, 0xfd73, 0xfd94, 0xf5d4, 0xc67a, 0xaedd, 0xaedd, 0xaedc, 0xaedd, 0xb6dd, 0xaedc, 0xaedc, 
	0xaedc, 0xaedc, 0xaedc, 0xaedc, 0xaedc, 0xaedc, 0xaedc, 0xaedc, 0xaedc, 0xaedc, 0xaedc, 0xaedc, 0xaedc, 0xaedc, 0xaedc, 0xaedc, 
	0xaedc, 0xaedc, 0xaedc, 0xaedc, 0xaedc, 0xaedc, 0xaedc, 0xaedc, 0xaedc, 0xaedc, 0xaedc, 0xaedc, 0xaedc, 0xaedc, 0xaedc, 0xaedc, 
	0xaedc, 0xaedc, 0xaedc, 0xaedc, 0xaedc, 0xaedc, 0xaedc, 0xaedc, 0xaedc, 0xaedc, 0xaedc, 0xaedc, 0xaedc, 0xaedc, 0xaedc, 0xaedc, 
	0xaedc, 0xaedc, 0xaedc, 0xaedc, 0xaedc, 0xaedc, 0xaedc, 0xaedc, 0xaedc, 0xaedc, 0xaedc, 0xaedc, 0xaedc, 0xaedc, 0xaedc, 0xaedc, 
	0xaedc, 0xaedc, 0xaedc, 0xaedc, 0xaedc, 0xaedc, 0xaedc, 0xaedc, 0xaedc, 0xaedc, 0xaedc, 0xaedc, 0xaedc, 0xaedc, 0xaedc, 0xaedc, 
	0xaedc, 0xaedc, 0xaedc, 0xaedc, 0xaedc, 0xaedc, 0xaedc, 0xaedc, 0xaedc, 0xaedc, 0xaedc, 0xaedc, 0xaedc, 0xaedc, 0xaedc, 0xaedc, 
	0xaedc, 0xaedc, 0xaedc, 0xaedc, 0xaedc, 0xaedc, 0xaedc, 0xaedc, 0xaedc, 0xaedc, 0xaedc, 0xaedc, 0xaedc, 0xaedc, 0xaedc, 0xaedc, 
	0xaedc, 0xaedc, 0xaedc, 0xaedc, 0xaedc, 0xaedc, 0xaedc, 0xaedc, 0xaedc, 0xaedc, 0xaedc, 0xaedc, 0xaedc, 0xaedc, 0xaedc, 0xaedc, 
	0xaedd, 0xaedc, 0xaedc, 0xaedd, 0x9e1a, 0x428a, 0x0000, 0x0000, 0x0000, 0x0000, 0x2903, 0xcd33, 0xfe77, 0xfe78, 0xfe78, 0xfe77, 
	0xfe78, 0xfe78, 0xfe78, 0xfe78, 0xfe78, 0xfe78, 0xfe78, 0xfe78, 0xfe78, 0xfe78, 0xfe78, 0xfe78, 0xfe78, 0xfe78, 0xfe78, 0xfe78, 
	0xfe78, 0xfe78, 0xfe78, 0xfe78, 0xfe78, 0xfe78, 0xfe78, 0xfe78, 0xfe78, 0xfe78, 0xfe78, 0xfe78, 0xfe57, 0xfdd5, 0xfd74, 0xfd94, 
	0xfd73, 0xfd74, 0xfd93, 0xc46f, 0x28e3, 0x0000, 0x0000, 0x0000, 0x0000, 0x3249, 0xa63a, 0xaefd, 0xaedd, 0xb6dc, 0xaedc, 0xaedc, 
	0xaedd, 0xaedc, 0xaedc, 0xb6dd, 0xaedd, 0xae9b, 0x4b0c, 0x0021, 0x0000, 0x0000, 0x0000, 0x18a2, 0xac50, 0xfe78, 0xfe78, 0xfe78, 
	0xfe78, 0xfe78, 0xfe78, 0xfe78, 0xfe78, 0xfe78, 0xfe78, 0xfe78, 0xfe78, 0xfe78, 0xfe78, 0xfe78, 0xfe78, 0xfe78, 0xfe78, 0xfe78, 
	0xfe78, 0xfe78, 0xfe78, 0xfe78, 0xfe78, 0xfe78, 0xfe78, 0xfe78, 0xfe78, 0xfe78, 0xfe78, 0xfe77, 0xfe78, 0xfe37, 0xfdb4, 0xfd73, 
	0xfd93, 0xfd74, 0xfd94, 0xf594, 0xfd73, 0xfd73, 0xfdb4, 0xf5d4, 0xc69a, 0xaefd, 0xaedd, 0xaedc, 0xaedd, 0xb6dd, 0xaedc, 0xaedd, 
	0xaedc, 0xaedc, 0xaedc, 0xaedc, 0xaedc, 0xaedc, 0xaedc, 0xaedc, 0xaedc, 0xaedc, 0xaedc, 0xaedc, 0xaedc, 0xaedc, 0xaedc, 0xaedc, 
	0xaedc, 0xaedc, 0xaedc, 0xaedc, 0xaedc, 0xaedc, 0xaedc, 0xaedc, 0xaedc, 0xaedc, 0xaedc, 0xaedc, 0xaedc, 0xaedc, 0xaedc, 0xaedc, 
	0xaedc, 0xaedc, 0xaedc, 0xaedc, 0xaedc, 0xaedc, 0xaedc, 0xaedc, 0xaedc, 0xaedc, 0xaedc, 0xaedc, 0xaedc, 0xaedc, 0xaedc, 0xaedc, 
	0xaedc, 0xaedc, 0xaedc, 0xaedc, 0xaedc, 0xaedc, 0xaedc, 0xaedc, 0xaedc, 0xaedc, 0xaedc, 0xaedc, 0xaedc, 0xaedc, 0xaedc, 0xaedc, 
	0xaedc, 0xaedc, 0xaedc, 0xaedc, 0xaedc, 0xaedc, 0xaedc, 0xaedc, 0xaedc, 0xaedc, 0xaedc, 0xaedc, 0xaedc, 0xaedc, 0xaedc, 0xaedc, 
	0xaedc, 0xaedc, 0xaedc, 0xaedc, 0xaedc, 0xaedc, 0xaedc, 0xaedc, 0xaedc, 0xaedc, 0xaedc, 0xaedc, 0xaedc, 0xaedc, 0xaedc, 0xaedc, 
	0xaedc, 0xaedc, 0xaedc, 0xaedc, 0xaedc, 0xaedc, 0xaedc, 0xaedc, 0xaedc, 0xaedc, 0xaedc, 0xaedc, 0xaedc, 0xaedc, 0xaedc, 0xaedc, 
	0xaedc, 0xaedc, 0xaedc, 0xaedc, 0xaedc, 0xaedc, 0xaedc, 0xaedc, 0xaedc, 0xaedc, 0xaedc, 0xaedc, 0xaedc, 0xaedc, 0xaedc, 0xaedc, 
	0xaedd, 0xaedc, 0xaedc, 0xaedd, 0x9e1a, 0x428a, 0x0000, 0x0000, 0x0000, 0x0000, 0x2903, 0xcd33, 0xfe77, 0xfe78, 0xfe78, 0xfe77, 
	0xfe78, 0xfe78, 0xfe78, 0xfe78, 0xfe78, 0xfe78, 0xfe78, 0xfe78, 0xfe78, 0xfe78, 0xfe78, 0xfe78, 0xfe78, 0xfe78, 0xfe78, 0xfe78, 
	0xfe78, 0xfe78, 0xfe78, 0xfe78, 0xfe78, 0xfe78, 0xfe78, 0xfe78, 0xfe78, 0xfe78, 0xfe78, 0xfe78, 0xfe57, 0xfdd5, 0xfd74, 0xfd94, 
	0xfd73, 0xfd74, 0xfd93, 0xc46f, 0x28e3, 0x0000, 0x0000, 0x0000, 0x0000, 0x3249, 0xa63a, 0xaefd, 0xaedd, 0xb6dc, 0xaedc, 0xaedc, 
	0xaedd, 0xaedc, 0xaedc, 0xb6dd, 0xaedd, 0xae9b, 0x4b0c, 0x0021, 0x0000, 0x0000, 0x0000, 0x18a2, 0xac50, 0xfe78, 0xfe78, 0xfe78, 
	0xfe78, 0xfe78, 0xfe78, 0xfe78, 0xfe78, 0xfe78, 0xfe78, 0xfe78, 0xfe78, 0xfe78, 0xfe78, 0xfe78, 0xfe78, 0xfe78, 0xfe78, 0xfe78, 
	0xfe78, 0xfe78, 0xfe78, 0xfe78, 0xfe78, 0xfe78, 0xfe78, 0xfe78, 0xfe78, 0xfe78, 0xfe78, 0xfe77, 0xfe78, 0xfe37, 0xfdb4, 0xfd73, 
	0xfd93, 0xfd73, 0xfd74, 0xfd94, 0xfd73, 0xfd53, 0xfd54, 0xfd94, 0xc67a, 0xaedc, 0xaedd, 0xaedc, 0xaefd, 0xb6dd, 0xaedc, 0xaedd, 
	0xaedc, 0xaedc, 0xaedc, 0xaedc, 0xaedc, 0xaedc, 0xaedc, 0xaedc, 0xaedc, 0xaedc, 0xaedc, 0xaedc, 0xaedc, 0xaedc, 0xaedc, 0xaedc, 
	0xaedc, 0xaedc, 0xaedc, 0xaedc, 0xaedc, 0xaedc, 0xaedc, 0xaedc, 0xaedc, 0xaedc, 0xaedc, 0xaedc, 0xaedc, 0xaedc, 0xaedc, 0xaedc, 
	0xaedc, 0xaedc, 0xaedc, 0xaedc, 0xaedc, 0xaedc, 0xaedc, 0xaedc, 0xaedc, 0xaedc, 0xaedc, 0xaedc, 0xaedc, 0xaedc, 0xaedc, 0xaedc, 
	0xaedc, 0xaedc, 0xaedc, 0xaedc, 0xaedc, 0xaedc, 0xaedc, 0xaedc, 0xaedc, 0xaedc, 0xaedc, 0xaedc, 0xaedc, 0xaedc, 0xaedc, 0xaedc, 
	0xaedc, 0xaedc, 0xaedc, 0xaedc, 0xaedc, 0xaedc, 0xaedc, 0xaedc, 0xaedc, 0xaedc, 0xaedc, 0xaedc, 0xaedc, 0xaedc, 0xaedc, 0xaedc, 
	0xaedc, 0xaedc, 0xaedc, 0xaedc, 0xaedc, 0xaedc, 0xaedc, 0xaedc, 0xaedc, 0xaedc, 0xaedc, 0xaedc, 0xaedc, 0xaedc, 0xaedc, 0xaedc, 
	0xaedc, 0xaedc, 0xaedc, 0xaedc, 0xaedc, 0xaedc, 0xaedc, 0xaedc, 0xaedc, 0xaedc, 0xaedc, 0xaedc, 0xaedc, 0xaedc, 0xaedc, 0xaedc, 
	0xaedc, 0xaedc, 0xaedc, 0xaedc, 0xaedc, 0xaedc, 0xaedc, 0xaedc, 0xaedc, 0xaedc, 0xaedc, 0xaedc, 0xaedc, 0xaedc, 0xaedc, 0xaedc, 
	0xaedd, 0xaedc, 0xaedc, 0xaedd, 0x9e1a, 0x428a, 0x0000, 0x0000, 0x0000, 0x0000, 0x2903, 0xcd33, 0xfe77, 0xfe78, 0xfe78, 0xfe77, 
	0xfe78, 0xfe78, 0xfe78, 0xfe78, 0xfe78, 0xfe78, 0xfe78, 0xfe78, 0xfe78, 0xfe78, 0xfe78, 0xfe78, 0xfe78, 0xfe78, 0xfe78, 0xfe78, 
	0xfe78, 0xfe78, 0xfe78, 0xfe78, 0xfe78, 0xfe78, 0xfe78, 0xfe78, 0xfe78, 0xfe78, 0xfe78, 0xfe78, 0xfe57, 0xfdd5, 0xfd74, 0xfd94, 
	0xfd73, 0xfd74, 0xfd93, 0xc46f, 0x28e3, 0x0000, 0x0000, 0x0000, 0x0000, 0x3249, 0xa63a, 0xaefd, 0xaedd, 0xb6dc, 0xaedc, 0xaedc, 
	0xaedd, 0xaedc, 0xaedc, 0xb6dd, 0xaedd, 0xae9b, 0x4b0c, 0x0021, 0x0000, 0x0000, 0x0000, 0x18a2, 0xb450, 0xfe98, 0xfe78, 0xfe78, 
	0xfe78, 0xfe78, 0xfe78, 0xfe78, 0xfe78, 0xfe78, 0xfe78, 0xfe78, 0xfe78, 0xfe78, 0xfe78, 0xfe78, 0xfe78, 0xfe78, 0xfe78, 0xfe78, 
	0xfe78, 0xfe78, 0xfe78, 0xfe78, 0xfe78, 0xfe78, 0xfe78, 0xfe78, 0xfe78, 0xfe78, 0xfe78, 0xfe77, 0xfe78, 0xfe37, 0xfdb4, 0xfd73, 
	0xfd93, 0xfd94, 0xfd94, 0xfd93, 0xfd73, 0xfd74, 0xfd95, 0xf5b5, 0xc679, 0xaedc, 0xaedd, 0xaedc, 0xaedc, 0xb6dd, 0xaedc, 0xaedd, 
	0xaedc, 0xaedc, 0xaedc, 0xaedc, 0xaedc, 0xaedc, 0xaedc, 0xaedc, 0xaedc, 0xaedc, 0xaedc, 0xaedc, 0xaedc, 0xaedc, 0xaedc, 0xaedc, 
	0xaedc, 0xaedc, 0xaedc, 0xaedc, 0xaedc, 0xaedc, 0xaedc, 0xaedc, 0xaedc, 0xaedc, 0xaedc, 0xaedc, 0xaedc, 0xaedc, 0xaedc, 0xaedc, 
	0xaedc, 0xaedc, 0xaedc, 0xaedc, 0xaedc, 0xaedc, 0xaedc, 0xaedc, 0xaedc, 0xaedc, 0xaedc, 0xaedc, 0xaedc, 0xaedc, 0xaedc, 0xaedc, 
	0xaedc, 0xaedc, 0xaedc, 0xaedc, 0xaedc, 0xaedc, 0xaedc, 0xaedc, 0xaedc, 0xaedc, 0xaedc, 0xaedc, 0xaedc, 0xaedc, 0xaedc, 0xaedc, 
	0xaedc, 0xaedc, 0xaedc, 0xaedc, 0xaedc, 0xaedc, 0xaedc, 0xaedc, 0xaedc, 0xaedc, 0xaedc, 0xaedc, 0xaedc, 0xaedc, 0xaedc, 0xaedc, 
	0xaedc, 0xaedc, 0xaedc, 0xaedc, 0xaedc, 0xaedc, 0xaedc, 0xaedc, 0xaedc, 0xaedc, 0xaedc, 0xaedc, 0xaedc, 0xaedc, 0xaedc, 0xaedc, 
	0xaedc, 0xaedc, 0xaedc, 0xaedc, 0xaedc, 0xaedc, 0xaedc, 0xaedc, 0xaedc, 0xaedc, 0xaedc, 0xaedc, 0xaedc, 0xaedc, 0xaedc, 0xaedc, 
	0xaedc, 0xaedc, 0xaedc, 0xaedc, 0xaedc, 0xaedc, 0xaedc, 0xaedc, 0xaedc, 0xaedc, 0xaedc, 0xaedc, 0xaedc, 0xaedc, 0xaedc, 0xaedc, 
	0xaedd, 0xaedc, 0xaedc, 0xaedd, 0x9e1a, 0x428a, 0x0000, 0x0000, 0x0000, 0x0000, 0x2903, 0xcd33, 0xfe77, 0xfe78, 0xfe78, 0xfe77, 
	0xfe78, 0xfe78, 0xfe78, 0xfe78, 0xfe78, 0xfe78, 0xfe78, 0xfe78, 0xfe78, 0xfe78, 0xfe78, 0xfe78, 0xfe78, 0xfe78, 0xfe78, 0xfe78, 
	0xfe78, 0xfe78, 0xfe78, 0xfe78, 0xfe78, 0xfe78, 0xfe78, 0xfe78, 0xfe78, 0xfe78, 0xfe78, 0xfe78, 0xfe57, 0xfdd5, 0xfd74, 0xfd94, 
	0xfd73, 0xfd74, 0xfd93, 0xc46f, 0x28e3, 0x0000, 0x0000, 0x0000, 0x0000, 0x3249, 0xa63a, 0xaefd, 0xaedd, 0xb6dc, 0xaedc, 0xaedc, 
	0xaedd, 0xaedc, 0xaedc, 0xb6dd, 0xaedd, 0xae9b, 0x4b0c, 0x0021, 0x0000, 0x0000, 0x0000, 0x18a1, 0xac50, 0xfe98, 0xfe98, 0xfe77, 
	0xfe78, 0xfe78, 0xfe78, 0xfe78, 0xfe78, 0xfe78, 0xfe78, 0xfe78, 0xfe77, 0xfe77, 0xfe98, 0xfe77, 0xfe77, 0xfe77, 0xfe78, 0xfe78, 
	0xfe78, 0xfe78, 0xfe78, 0xfe78, 0xfe78, 0xfe78, 0xfe78, 0xfe78, 0xfe78, 0xfe78, 0xfe78, 0xfe77, 0xfe78, 0xfe37, 0xfdb4, 0xfd73, 
	0xfd94, 0xfd74, 0xfd73, 0xf593, 0xfdb4, 0xf573, 0xc470, 0x8b4b, 0x6bce, 0x8577, 0xae9c, 0xb6fc, 0xaedc, 0xb6bd, 0xaedc, 0xaedd, 
	0xaedc, 0xaedc, 0xaedc, 0xaedc, 0xaedc, 0xaedc, 0xaedc, 0xaedc, 0xaedc, 0xaedc, 0xaedc, 0xaedc, 0xaedc, 0xaedc, 0xaedc, 0xaedc, 
	0xaedc, 0xaedc, 0xaedc, 0xaedc, 0xaedc, 0xaedc, 0xaedc, 0xaedc, 0xaedc, 0xaedc, 0xaedc, 0xaedc, 0xaedc, 0xaedc, 0xaedc, 0xaedc, 
	0xaedc, 0xaedc, 0xaedc, 0xaedc, 0xaedc, 0xaedc, 0xaedc, 0xaedc, 0xaedc, 0xaedc, 0xaedc, 0xaedc, 0xaedc, 0xaedc, 0xaedc, 0xaedc, 
	0xaedc, 0xaedc, 0xaedc, 0xaedc, 0xaedc, 0xaedc, 0xaedc, 0xaedc, 0xaedc, 0xaedc, 0xaedc, 0xaedc, 0xaedc, 0xaedc, 0xaedc, 0xaedc, 
	0xaedc, 0xaedc, 0xaedc, 0xaedc, 0xaedc, 0xaedc, 0xaedc, 0xaedc, 0xaedc, 0xaedc, 0xaedc, 0xaedc, 0xaedc, 0xaedc, 0xaedc, 0xaedc, 
	0xaedc, 0xaedc, 0xaedc, 0xaedc, 0xaedc, 0xaedc, 0xaedc, 0xaedc, 0xaedc, 0xaedc, 0xaedc, 0xaedc, 0xaedc, 0xaedc, 0xaedc, 0xaedc, 
	0xaedc, 0xaedc, 0xaedc, 0xaedc, 0xaedc, 0xaedc, 0xaedc, 0xaedc, 0xaedc, 0xaedc, 0xaedc, 0xaedc, 0xaedc, 0xaedc, 0xaedc, 0xaedc, 
	0xaedc, 0xaedc, 0xaedc, 0xaedc, 0xaedc, 0xaedc, 0xaedc, 0xaedc, 0xaedc, 0xaedc, 0xaedc, 0xaedc, 0xaedc, 0xaedc, 0xaedc, 0xaedc, 
	0xaedd, 0xaedc, 0xaedc, 0xaedd, 0x9e1a, 0x428a, 0x0000, 0x0000, 0x0000, 0x0000, 0x2903, 0xcd33, 0xfe77, 0xfe78, 0xfe78, 0xfe77, 
	0xfe78, 0xfe78, 0xfe78, 0xfe78, 0xfe78, 0xfe78, 0xfe78, 0xfe78, 0xfe78, 0xfe78, 0xfe78, 0xfe78, 0xfe78, 0xfe78, 0xfe78, 0xfe78, 
	0xfe78, 0xfe78, 0xfe78, 0xfe78, 0xfe78, 0xfe78, 0xfe78, 0xfe78, 0xfe77, 0xfe78, 0xfe78, 0xfe78, 0xfe57, 0xfdd5, 0xfd73, 0xfd93, 
	0xfd73, 0xfd74, 0xfd93, 0xc46f, 0x28e3, 0x0000, 0x0000, 0x0000, 0x0000, 0x3249, 0xa63a, 0xaefd, 0xaedd, 0xb6dc, 0xaedc, 0xaedc, 
	0xaedd, 0xaedc, 0xaedc, 0xb6dd, 0xaedd, 0xae9b, 0x4b0c, 0x0021, 0x0000, 0x0000, 0x0000, 0x18a2, 0xac50, 0xfe78, 0xfe77, 0xfe78, 
	0xfe78, 0xfe78, 0xfe78, 0xfe78, 0xfe78, 0xfe78, 0xfe78, 0xfe78, 0xfe78, 0xfe78, 0xfe78, 0xfe78, 0xfe78, 0xfe78, 0xfe78, 0xfe78, 
	0xfe78, 0xfe78, 0xfe78, 0xfe78, 0xfe78, 0xfe78, 0xfe78, 0xfe78, 0xfe78, 0xfe78, 0xfe78, 0xfe77, 0xfe78, 0xfe37, 0xfdb4, 0xfd73, 
	0xfd73, 0xfd94, 0xfd73, 0xfd73, 0xfd74, 0xac2f, 0x3165, 0x1020, 0x0862, 0x2966, 0x8cf4, 0xb6dd, 0xaedd, 0xaedc, 0xb6dc, 0xaefd, 
	0xaedc, 0xaedc, 0xaedc, 0xaedc, 0xaedc, 0xaedc, 0xaedc, 0xaedc, 0xaedc, 0xaedc, 0xaedc, 0xaedc, 0xaedc, 0xaedc, 0xaedc, 0xaedc, 
	0xaedc, 0xaedc, 0xaedc, 0xaedc, 0xaedc, 0xaedc, 0xaedc, 0xaedc, 0xaedc, 0xaedc, 0xaedc, 0xaedc, 0xaedc, 0xaedc, 0xaedc, 0xaedc, 
	0xaedc, 0xaedc, 0xaedc, 0xaedc, 0xaedc, 0xaedc, 0xaedc, 0xaedc, 0xaedc, 0xaedc, 0xaedc, 0xaedc, 0xaedc, 0xaedc, 0xaedc, 0xaedc, 
	0xaedc, 0xaedc, 0xaedc, 0xaedc, 0xaedc, 0xaedc, 0xaedc, 0xaedc, 0xaedc, 0xaedc, 0xaedc, 0xaedc, 0xaedc, 0xaedc, 0xaedc, 0xaedc, 
	0xaedc, 0xaedc, 0xaedc, 0xaedc, 0xaedc, 0xaedc, 0xaedc, 0xaedc, 0xaedc, 0xaedc, 0xaedc, 0xaedc, 0xaedc, 0xaedc, 0xaedc, 0xaedc, 
	0xaedc, 0xaedc, 0xaedc, 0xaedc, 0xaedc, 0xaedc, 0xaedc, 0xaedc, 0xaedc, 0xaedc, 0xaedc, 0xaedc, 0xaedc, 0xaedc, 0xaedc, 0xaedc, 
	0xaedc, 0xaedc, 0xaedc, 0xaedc, 0xaedc, 0xaedc, 0xaedc, 0xaedc, 0xaedc, 0xaedc, 0xaedc, 0xaedc, 0xaedc, 0xaedc, 0xaedc, 0xaedc, 
	0xaedc, 0xaedc, 0xaedc, 0xaedc, 0xaedc, 0xaedc, 0xaedc, 0xaedc, 0xaedc, 0xaedc, 0xaedc, 0xaedc, 0xaedc, 0xaedc, 0xaedc, 0xaedc, 
	0xaedd, 0xaedc, 0xaedc, 0xaedd, 0x9e1a, 0x428a, 0x0000, 0x0000, 0x0000, 0x0000, 0x2903, 0xcd33, 0xfe77, 0xfe78, 0xfe78, 0xfe77, 
	0xfe78, 0xfe78, 0xfe78, 0xfe78, 0xfe78, 0xfe78, 0xfe78, 0xfe78, 0xfe78, 0xfe78, 0xfe78, 0xfe78, 0xfe78, 0xfe78, 0xfe78, 0xfe78, 
	0xfe78, 0xfe78, 0xfe78, 0xfe78, 0xfe78, 0xfe78, 0xfe78, 0xfe78, 0xfe77, 0xfe78, 0xfe78, 0xfe78, 0xfe57, 0xfdd5, 0xfd73, 0xfd93, 
	0xfd73, 0xfd74, 0xfd93, 0xc46f, 0x28e3, 0x0000, 0x0000, 0x0000, 0x0000, 0x3249, 0xa63a, 0xaefd, 0xaedd, 0xb6dc, 0xaedc, 0xaedc, 
	0xaedd, 0xaedc, 0xaedc, 0xb6dd, 0xaedd, 0xae9b, 0x4b0c, 0x0021, 0x0000, 0x0000, 0x0000, 0x18a2, 0xac50, 0xfe78, 0xfe77, 0xfe78, 
	0xfe78, 0xfe78, 0xfe78, 0xfe78, 0xfe78, 0xfe78, 0xfe78, 0xfe78, 0xfe78, 0xfe78, 0xfe78, 0xfe78, 0xfe78, 0xfe78, 0xfe78, 0xfe78, 
	0xfe78, 0xfe78, 0xfe78, 0xfe78, 0xfe78, 0xfe78, 0xfe78, 0xfe78, 0xfe78, 0xfe78, 0xfe78, 0xfe77, 0xfe78, 0xfe37, 0xfdb4, 0xfd73, 
	0xfd93, 0xfd94, 0xfd94, 0xfd94, 0xecf2, 0x6207, 0x0820, 0x0000, 0x0000, 0x0020, 0x42cb, 0x9e3a, 0xaedd, 0xb6dc, 0xaedc, 0xaefd, 
	0xaedc, 0xaedc, 0xaedc, 0xaedc, 0xaedc, 0xaedc, 0xaedc, 0xaedc, 0xaedc, 0xaedc, 0xaedc, 0xaedc, 0xaedc, 0xaedc, 0xaedc, 0xaedc, 
	0xaedc, 0xaedc, 0xaedc, 0xaedc, 0xaedc, 0xaedc, 0xaedc, 0xaedc, 0xaedc, 0xaedc, 0xaedc, 0xaedc, 0xaedc, 0xaedc, 0xaedc, 0xaedc, 
	0xaedc, 0xaedc, 0xaedc, 0xaedc, 0xaedc, 0xaedc, 0xaedc, 0xaedc, 0xaedc, 0xaedc, 0xaedc, 0xaedc, 0xaedc, 0xaedc, 0xaedc, 0xaedc, 
	0xaedc, 0xaedc, 0xaedc, 0xaedc, 0xaedc, 0xaedc, 0xaedc, 0xaedc, 0xaedc, 0xaedc, 0xaedc, 0xaedc, 0xaedc, 0xaedc, 0xaedc, 0xaedc, 
	0xaedc, 0xaedc, 0xaedc, 0xaedc, 0xaedc, 0xaedc, 0xaedc, 0xaedc, 0xaedc, 0xaedc, 0xaedc, 0xaedc, 0xaedc, 0xaedc, 0xaedc, 0xaedc, 
	0xaedc, 0xaedc, 0xaedc, 0xaedc, 0xaedc, 0xaedc, 0xaedc, 0xaedc, 0xaedc, 0xaedc, 0xaedc, 0xaedc, 0xaedc, 0xaedc, 0xaedc, 0xaedc, 
	0xaedc, 0xaedc, 0xaedc, 0xaedc, 0xaedc, 0xaedc, 0xaedc, 0xaedc, 0xaedc, 0xaedc, 0xaedc, 0xaedc, 0xaedc, 0xaedc, 0xaedc, 0xaedc, 
	0xaedc, 0xaedc, 0xaedc, 0xaedc, 0xaedc, 0xaedc, 0xaedc, 0xaedc, 0xaedc, 0xaedc, 0xaedc, 0xaedc, 0xaedc, 0xaedc, 0xaedc, 0xaedc, 
	0xaedd, 0xaedc, 0xaedc, 0xaedd, 0x9e1a, 0x428a, 0x0000, 0x0000, 0x0000, 0x0000, 0x2903, 0xcd33, 0xfe77, 0xfe78, 0xfe78, 0xfe77, 
	0xfe78, 0xfe78, 0xfe78, 0xfe78, 0xfe78, 0xfe78, 0xfe78, 0xfe78, 0xfe78, 0xfe78, 0xfe78, 0xfe78, 0xfe78, 0xfe78, 0xfe78, 0xfe78, 
	0xfe78, 0xfe78, 0xfe78, 0xfe78, 0xfe78, 0xfe78, 0xfe78, 0xfe78, 0xfe77, 0xfe78, 0xfe78, 0xfe78, 0xfe57, 0xfdd5, 0xfd73, 0xfd93, 
	0xfd73, 0xfd74, 0xfd93, 0xc46f, 0x28e3, 0x0000, 0x0000, 0x0000, 0x0000, 0x3249, 0xa63a, 0xaefd, 0xaedd, 0xb6dc, 0xaedc, 0xaedc, 
	0xaedd, 0xaedc, 0xaedc, 0xb6dd, 0xaedd, 0xae9b, 0x4b0c, 0x0021, 0x0000, 0x0000, 0x0000, 0x18a2, 0xac50, 0xfe78, 0xfe77, 0xfe78, 
	0xfe78, 0xfe78, 0xfe78, 0xfe78, 0xfe78, 0xfe78, 0xfe78, 0xfe78, 0xfe78, 0xfe78, 0xfe78, 0xfe78, 0xfe78, 0xfe78, 0xfe78, 0xfe78, 
	0xfe78, 0xfe78, 0xfe78, 0xfe78, 0xfe78, 0xfe78, 0xfe78, 0xfe78, 0xfe78, 0xfe78, 0xfe78, 0xfe77, 0xfe78, 0xfe37, 0xfdb4, 0xfd73, 
	0xfd73, 0xfd94, 0xfd94, 0xfd94, 0xe4d1, 0x4144, 0x0000, 0x0000, 0x0000, 0x0000, 0x29c7, 0x9df9, 0xaedd, 0xb6dc, 0xaedc, 0xaedc, 
	0xaedc, 0xaedc, 0xaedc, 0xaedc, 0xaedc, 0xaedc, 0xaedc, 0xaedc, 0xaedc, 0xaedc, 0xaedc, 0xaedc, 0xaedc, 0xaedc, 0xaedc, 0xaedc, 
	0xaedc, 0xaedc, 0xaedc, 0xaedc, 0xaedc, 0xaedc, 0xaedc, 0xaedc, 0xaedc, 0xaedc, 0xaedc, 0xaedc, 0xaedc, 0xaedc, 0xaedc, 0xaedc, 
	0xaedc, 0xaedc, 0xaedc, 0xaedc, 0xaedc, 0xaedc, 0xaedc, 0xaedc, 0xaedc, 0xaedc, 0xaedc, 0xaedc, 0xaedc, 0xaedc, 0xaedc, 0xaedc, 
	0xaedc, 0xaedc, 0xaedc, 0xaedc, 0xaedc, 0xaedc, 0xaedc, 0xaedc, 0xaedc, 0xaedc, 0xaedc, 0xaedc, 0xaedc, 0xaedc, 0xaedc, 0xaedc, 
	0xaedc, 0xaedc, 0xaedc, 0xaedc, 0xaedc, 0xaedc, 0xaedc, 0xaedc, 0xaedc, 0xaedc, 0xaedc, 0xaedc, 0xaedc, 0xaedc, 0xaedc, 0xaedc, 
	0xaedc, 0xaedc, 0xaedc, 0xaedc, 0xaedc, 0xaedc, 0xaedc, 0xaedc, 0xaedc, 0xaedc, 0xaedc, 0xaedc, 0xaedc, 0xaedc, 0xaedc, 0xaedc, 
	0xaedc, 0xaedc, 0xaedc, 0xaedc, 0xaedc, 0xaedc, 0xaedc, 0xaedc, 0xaedc, 0xaedc, 0xaedc, 0xaedc, 0xaedc, 0xaedc, 0xaedc, 0xaedc, 
	0xaedc, 0xaedc, 0xaedc, 0xaedc, 0xaedc, 0xaedc, 0xaedc, 0xaedc, 0xaedc, 0xaedc, 0xaedc, 0xaedc, 0xaedc, 0xaedc, 0xaedc, 0xaedc, 
	0xaedd, 0xaedc, 0xaedc, 0xaedd, 0x9e1a, 0x428a, 0x0000, 0x0000, 0x0000, 0x0000, 0x2903, 0xcd33, 0xfe77, 0xfe78, 0xfe78, 0xfe77, 
	0xfe78, 0xfe78, 0xfe78, 0xfe78, 0xfe78, 0xfe78, 0xfe78, 0xfe78, 0xfe78, 0xfe78, 0xfe78, 0xfe78, 0xfe78, 0xfe78, 0xfe78, 0xfe78, 
	0xfe78, 0xfe78, 0xfe78, 0xfe78, 0xfe78, 0xfe78, 0xfe78, 0xfe78, 0xfe77, 0xfe78, 0xfe78, 0xfe78, 0xfe57, 0xfdd5, 0xfd73, 0xfd93, 
	0xfd73, 0xfd74, 0xfd93, 0xc46f, 0x28e3, 0x0000, 0x0000, 0x0000, 0x0000, 0x3249, 0xa63a, 0xaefd, 0xaedd, 0xb6dc, 0xaedc, 0xaedc, 
	0xaedd, 0xaedc, 0xaedc, 0xb6dd, 0xaedd, 0xae9b, 0x4b0c, 0x0021, 0x0000, 0x0000, 0x0000, 0x18a2, 0xac50, 0xfe78, 0xfe77, 0xfe78, 
	0xfe78, 0xfe78, 0xfe78, 0xfe78, 0xfe78, 0xfe78, 0xfe78, 0xfe78, 0xfe78, 0xfe78, 0xfe78, 0xfe78, 0xfe78, 0xfe78, 0xfe78, 0xfe78, 
	0xfe78, 0xfe78, 0xfe78, 0xfe78, 0xfe78, 0xfe78, 0xfe78, 0xfe78, 0xfe78, 0xfe78, 0xfe78, 0xfe77, 0xfe78, 0xfe37, 0xfdb4, 0xfd73, 
	0xfd93, 0xfd94, 0xfd74, 0xfd73, 0xdcd1, 0x4164, 0x0040, 0x0000, 0x0000, 0x0000, 0x29c7, 0x9dd8, 0xaebc, 0xaedc, 0xb6dc, 0xaedd, 
	0xaedc, 0xaedc, 0xaedc, 0xaedc, 0xaedc, 0xaedc, 0xaedc, 0xaedc, 0xaedc, 0xaedc, 0xaedc, 0xaedc, 0xaedc, 0xaedc, 0xaedc, 0xaedc, 
	0xaedc, 0xaedc, 0xaedc, 0xaedc, 0xaedc, 0xaedc, 0xaedc, 0xaedc, 0xaedc, 0xaedc, 0xaedc, 0xaedc, 0xaedc, 0xaedc, 0xaedc, 0xaedc, 
	0xaedc, 0xaedc, 0xaedc, 0xaedc, 0xaedc, 0xaedc, 0xaedc, 0xaedc, 0xaedc, 0xaedc, 0xaedc, 0xaedc, 0xaedc, 0xaedc, 0xaedc, 0xaedc, 
	0xaedc, 0xaedc, 0xaedc, 0xaedc, 0xaedc, 0xaedc, 0xaedc, 0xaedc, 0xaedc, 0xaedc, 0xaedc, 0xaedc, 0xaedc, 0xaedc, 0xaedc, 0xaedc, 
	0xaedc, 0xaedc, 0xaedc, 0xaedc, 0xaedc, 0xaedc, 0xaedc, 0xaedc, 0xaedc, 0xaedc, 0xaedc, 0xaedc, 0xaedc, 0xaedc, 0xaedc, 0xaedc, 
	0xaedc, 0xaedc, 0xaedc, 0xaedc, 0xaedc, 0xaedc, 0xaedc, 0xaedc, 0xaedc, 0xaedc, 0xaedc, 0xaedc, 0xaedc, 0xaedc, 0xaedc, 0xaedc, 
	0xaedc, 0xaedc, 0xaedc, 0xaedc, 0xaedc, 0xaedc, 0xaedc, 0xaedc, 0xaedc, 0xaedc, 0xaedc, 0xaedc, 0xaedc, 0xaedc, 0xaedc, 0xaedc, 
	0xaedc, 0xaedc, 0xaedc, 0xaedc, 0xaedc, 0xaedc, 0xaedc, 0xaedc, 0xaedc, 0xaedc, 0xaedc, 0xaedc, 0xaedc, 0xaedc, 0xaedc, 0xaedc, 
	0xaedd, 0xaedc, 0xaedc, 0xaedd, 0x9e1a, 0x428a, 0x0000, 0x0000, 0x0000, 0x0000, 0x2903, 0xcd33, 0xfe77, 0xfe78, 0xfe78, 0xfe77, 
	0xfe78, 0xfe78, 0xfe78, 0xfe78, 0xfe78, 0xfe78, 0xfe78, 0xfe78, 0xfe78, 0xfe78, 0xfe78, 0xfe78, 0xfe78, 0xfe78, 0xfe78, 0xfe78, 
	0xfe78, 0xfe78, 0xfe78, 0xfe78, 0xfe78, 0xfe78, 0xfe78, 0xfe78, 0xfe77, 0xfe78, 0xfe78, 0xfe78, 0xfe57, 0xfdd5, 0xfd73, 0xfd93, 
	0xfd73, 0xfd74, 0xfd93, 0xc46f, 0x28e3, 0x0000, 0x0000, 0x0000, 0x0000, 0x3249, 0xa63a, 0xaefd, 0xaedd, 0xb6dc, 0xaedc, 0xaedc, 
	0xaedd, 0xaedc, 0xaedc, 0xb6dd, 0xaedd, 0xae9b, 0x4b0c, 0x0021, 0x0000, 0x0000, 0x0000, 0x18a2, 0xac50, 0xfe78, 0xfe77, 0xfe78, 
	0xfe78, 0xfe78, 0xfe78, 0xfe78, 0xfe78, 0xfe78, 0xfe78, 0xfe78, 0xfe78, 0xfe78, 0xfe78, 0xfe78, 0xfe78, 0xfe78, 0xfe78, 0xfe78, 
	0xfe78, 0xfe78, 0xfe78, 0xfe78, 0xfe78, 0xfe78, 0xfe78, 0xfe78, 0xfe78, 0xfe78, 0xfe78, 0xfe77, 0xfe78, 0xfe37, 0xfdb4, 0xfd73, 
	0xfd93, 0xfd74, 0xfd74, 0xfd73, 0xdcd1, 0x4164, 0x0000, 0x0000, 0x0000, 0x0000, 0x29a7, 0x95b8, 0xaedd, 0xaedc, 0xaedc, 0xaedd, 
	0xaedc, 0xaedc, 0xaedc, 0xaedc, 0xaedc, 0xaedc, 0xaedc, 0xaedc, 0xaedc, 0xaedc, 0xaedc, 0xaedc, 0xaedc, 0xaedc, 0xaedc, 0xaedc, 
	0xaedc, 0xaedc, 0xaedc, 0xaedc, 0xaedc, 0xaedc, 0xaedc, 0xaedc, 0xaedc, 0xaedc, 0xaedc, 0xaedc, 0xaedc, 0xaedc, 0xaedc, 0xaedc, 
	0xaedc, 0xaedc, 0xaedc, 0xaedc, 0xaedc, 0xaedc, 0xaedc, 0xaedc, 0xaedc, 0xaedc, 0xaedc, 0xaedc, 0xaedc, 0xaedc, 0xaedc, 0xaedc, 
	0xaedc, 0xaedc, 0xaedc, 0xaedc, 0xaedc, 0xaedc, 0xaedc, 0xaedc, 0xaedc, 0xaedc, 0xaedc, 0xaedc, 0xaedc, 0xaedc, 0xaedc, 0xaedc, 
	0xaedc, 0xaedc, 0xaedc, 0xaedc, 0xaedc, 0xaedc, 0xaedc, 0xaedc, 0xaedc, 0xaedc, 0xaedc, 0xaedc, 0xaedc, 0xaedc, 0xaedc, 0xaedc, 
	0xaedc, 0xaedc, 0xaedc, 0xaedc, 0xaedc, 0xaedc, 0xaedc, 0xaedc, 0xaedc, 0xaedc, 0xaedc, 0xaedc, 0xaedc, 0xaedc, 0xaedc, 0xaedc, 
	0xaedc, 0xaedc, 0xaedc, 0xaedc, 0xaedc, 0xaedc, 0xaedc, 0xaedc, 0xaedc, 0xaedc, 0xaedc, 0xaedc, 0xaedc, 0xaedc, 0xaedc, 0xaedc, 
	0xaedc, 0xaedc, 0xaedc, 0xaedc, 0xaedc, 0xaedc, 0xaedc, 0xaedc, 0xaedc, 0xaedc, 0xaedc, 0xaedc, 0xaedc, 0xaedc, 0xaedc, 0xaedc, 
	0xaedd, 0xaedc, 0xaedc, 0xaedd, 0x9e1a, 0x428a, 0x0000, 0x0000, 0x0000, 0x0000, 0x2903, 0xcd33, 0xfe77, 0xfe78, 0xfe78, 0xfe77, 
	0xfe78, 0xfe78, 0xfe78, 0xfe78, 0xfe78, 0xfe78, 0xfe78, 0xfe78, 0xfe78, 0xfe78, 0xfe78, 0xfe78, 0xfe78, 0xfe78, 0xfe78, 0xfe78, 
	0xfe78, 0xfe78, 0xfe78, 0xfe78, 0xfe78, 0xfe78, 0xfe78, 0xfe78, 0xfe77, 0xfe78, 0xfe78, 0xfe78, 0xfe57, 0xfdd5, 0xfd73, 0xfd93, 
	0xfd73, 0xfd74, 0xfd93, 0xc46f, 0x28e3, 0x0000, 0x0000, 0x0000, 0x0000, 0x3249, 0xa63a, 0xaefd, 0xaedd, 0xb6dc, 0xaedc, 0xaedc, 
	0xaedd, 0xaedc, 0xaedc, 0xb6dd, 0xaedd, 0xae9b, 0x4b0c, 0x0021, 0x0000, 0x0000, 0x0000, 0x18a2, 0xac50, 0xfe78, 0xfe77, 0xfe78, 
	0xfe78, 0xfe78, 0xfe78, 0xfe78, 0xfe78, 0xfe78, 0xfe78, 0xfe78, 0xfe78, 0xfe78, 0xfe78, 0xfe78, 0xfe78, 0xfe78, 0xfe78, 0xfe78, 
	0xfe78, 0xfe78, 0xfe78, 0xfe78, 0xfe78, 0xfe78, 0xfe78, 0xfe78, 0xfe78, 0xfe78, 0xfe78, 0xfe77, 0xfe78, 0xfe37, 0xfdb4, 0xfd73, 
	0xfd73, 0xfd74, 0xfd74, 0xfd94, 0xdcd1, 0x4185, 0x0000, 0x0801, 0x0020, 0x0000, 0x29c7, 0x95b8, 0xaefd, 0xaefc, 0xaebc, 0xaedd, 
	0xaedc, 0xaedc, 0xaedc, 0xaedc, 0xaedc, 0xaedc, 0xaedc, 0xaedc, 0xaedc, 0xaedc, 0xaedc, 0xaedc, 0xaedc, 0xaedc, 0xaedc, 0xaedc, 
	0xaedc, 0xaedc, 0xaedc, 0xaedc, 0xaedc, 0xaedc, 0xaedc, 0xaedc, 0xaedc, 0xaedc, 0xaedc, 0xaedc, 0xaedc, 0xaedc, 0xaedc, 0xaedc, 
	0xaedc, 0xaedc, 0xaedc, 0xaedc, 0xaedc, 0xaedc, 0xaedc, 0xaedc, 0xaedc, 0xaedc, 0xaedc, 0xaedc, 0xaedc, 0xaedc, 0xaedc, 0xaedc, 
	0xaedc, 0xaedc, 0xaedc, 0xaedc, 0xaedc, 0xaedc, 0xaedc, 0xaedc, 0xaedc, 0xaedc, 0xaedc, 0xaedc, 0xaedc, 0xaedc, 0xaedc, 0xaedc, 
	0xaedc, 0xaedc, 0xaedc, 0xaedc, 0xaedc, 0xaedc, 0xaedc, 0xaedc, 0xaedc, 0xaedc, 0xaedc, 0xaedc, 0xaedc, 0xaedc, 0xaedc, 0xaedc, 
	0xaedc, 0xaedc, 0xaedc, 0xaedc, 0xaedc, 0xaedc, 0xaedc, 0xaedc, 0xaedc, 0xaedc, 0xaedc, 0xaedc, 0xaedc, 0xaedc, 0xaedc, 0xaedc, 
	0xaedc, 0xaedc, 0xaedc, 0xaedc, 0xaedc, 0xaedc, 0xaedc, 0xaedc, 0xaedc, 0xaedc, 0xaedc, 0xaedc, 0xaedc, 0xaedc, 0xaedc, 0xaedc, 
	0xaedc, 0xaedc, 0xaedc, 0xaedc, 0xaedc, 0xaedc, 0xaedc, 0xaedc, 0xaedc, 0xaedc, 0xaedc, 0xaedc, 0xaedc, 0xaedc, 0xaedc, 0xaedc, 
	0xaedd, 0xaedc, 0xaedc, 0xaedd, 0x9e1a, 0x428a, 0x0000, 0x0000, 0x0000, 0x0000, 0x2903, 0xcd33, 0xfe77, 0xfe78, 0xfe78, 0xfe77, 
	0xfe78, 0xfe78, 0xfe78, 0xfe78, 0xfe78, 0xfe78, 0xfe78, 0xfe78, 0xfe78, 0xfe78, 0xfe78, 0xfe78, 0xfe78, 0xfe78, 0xfe78, 0xfe78, 
	0xfe78, 0xfe78, 0xfe78, 0xfe78, 0xfe78, 0xfe78, 0xfe78, 0xfe78, 0xfe77, 0xfe78, 0xfe78, 0xfe78, 0xfe57, 0xfdd5, 0xfd73, 0xfd93, 
	0xfd73, 0xfd74, 0xfd93, 0xc46f, 0x28e3, 0x0000, 0x0000, 0x0000, 0x0000, 0x3249, 0xa63a, 0xaefd, 0xaedd, 0xb6dc, 0xaedc, 0xaedc, 
	0xaedd, 0xaedc, 0xaedc, 0xb6dd, 0xaedd, 0xae9b, 0x4b0c, 0x0021, 0x0000, 0x0000, 0x0000, 0x18a2, 0xac50, 0xfe78, 0xfe77, 0xfe78, 
	0xfe78, 0xfe78, 0xfe78, 0xfe78, 0xfe78, 0xfe78, 0xfe78, 0xfe78, 0xfe78, 0xfe78, 0xfe78, 0xfe78, 0xfe78, 0xfe78, 0xfe78, 0xfe78, 
	0xfe78, 0xfe78, 0xfe78, 0xfe78, 0xfe78, 0xfe78, 0xfe78, 0xfe78, 0xfe78, 0xfe78, 0xfe78, 0xfe77, 0xfe78, 0xfe37, 0xfdb4, 0xfd73, 
	0xfd93, 0xfd94, 0xfd94, 0xfd73, 0xdcb1, 0x4185, 0x0000, 0x0000, 0x0000, 0x0000, 0x29c7, 0x95b8, 0xaedd, 0xaefc, 0xb6dc, 0xaedd, 
	0xaedc, 0xaedc, 0xaedc, 0xaedc, 0xaedc, 0xaedc, 0xaedc, 0xaedc, 0xaedc, 0xaedc, 0xaedc, 0xaedc, 0xaedc, 0xaedc, 0xaedc, 0xaedc, 
	0xaedc, 0xaedc, 0xaedc, 0xaedc, 0xaedc, 0xaedc, 0xaedc, 0xaedc, 0xaedc, 0xaedc, 0xaedc, 0xaedc, 0xaedc, 0xaedc, 0xaedc, 0xaedc, 
	0xaedc, 0xaedc, 0xaedc, 0xaedc, 0xaedc, 0xaedc, 0xaedc, 0xaedc, 0xaedc, 0xaedc, 0xaedc, 0xaedc, 0xaedc, 0xaedc, 0xaedc, 0xaedc, 
	0xaedc, 0xaedc, 0xaedc, 0xaedc, 0xaedc, 0xaedc, 0xaedc, 0xaedc, 0xaedc, 0xaedc, 0xaedc, 0xaedc, 0xaedc, 0xaedc, 0xaedc, 0xaedc, 
	0xaedc, 0xaedc, 0xaedc, 0xaedc, 0xaedc, 0xaedc, 0xaedc, 0xaedc, 0xaedc, 0xaedc, 0xaedc, 0xaedc, 0xaedc, 0xaedc, 0xaedc, 0xaedc, 
	0xaedc, 0xaedc, 0xaedc, 0xaedc, 0xaedc, 0xaedc, 0xaedc, 0xaedc, 0xaedc, 0xaedc, 0xaedc, 0xaedc, 0xaedc, 0xaedc, 0xaedc, 0xaedc, 
	0xaedc, 0xaedc, 0xaedc, 0xaedc, 0xaedc, 0xaedc, 0xaedc, 0xaedc, 0xaedc, 0xaedc, 0xaedc, 0xaedc, 0xaedc, 0xaedc, 0xaedc, 0xaedc, 
	0xaedc, 0xaedc, 0xaedc, 0xaedc, 0xaedc, 0xaedc, 0xaedc, 0xaedc, 0xaedc, 0xaedc, 0xaedc, 0xaedc, 0xaedc, 0xaedc, 0xaedc, 0xaedc, 
	0xaedd, 0xaedc, 0xaedc, 0xaedd, 0x9e1a, 0x428a, 0x0000, 0x0000, 0x0000, 0x0000, 0x2903, 0xcd33, 0xfe77, 0xfe78, 0xfe78, 0xfe77, 
	0xfe78, 0xfe78, 0xfe78, 0xfe78, 0xfe78, 0xfe78, 0xfe78, 0xfe78, 0xfe78, 0xfe78, 0xfe78, 0xfe78, 0xfe78, 0xfe78, 0xfe78, 0xfe78, 
	0xfe78, 0xfe78, 0xfe78, 0xfe78, 0xfe78, 0xfe78, 0xfe78, 0xfe78, 0xfe77, 0xfe78, 0xfe78, 0xfe78, 0xfe57, 0xfdd5, 0xfd73, 0xfd93, 
	0xfd73, 0xfd74, 0xfd93, 0xc46f, 0x28e3, 0x0000, 0x0000, 0x0000, 0x0000, 0x3249, 0xa63a, 0xaefd, 0xaedd, 0xb6dc, 0xaedc, 0xaedc, 
	0xaedd, 0xaedc, 0xaedc, 0xb6dd, 0xaedd, 0xae9b, 0x4b0c, 0x0021, 0x0000, 0x0000, 0x0000, 0x18a2, 0xac50, 0xfe78, 0xfe77, 0xfe78, 
	0xfe78, 0xfe78, 0xfe78, 0xfe78, 0xfe78, 0xfe78, 0xfe78, 0xfe78, 0xfe78, 0xfe78, 0xfe78, 0xfe78, 0xfe78, 0xfe78, 0xfe78, 0xfe78, 
	0xfe78, 0xfe78, 0xfe78, 0xfe78, 0xfe78, 0xfe78, 0xfe78, 0xfe78, 0xfe78, 0xfe78, 0xfe78, 0xfe77, 0xfe78, 0xfe37, 0xfdb4, 0xfd73, 
	0xfd93, 0xfd74, 0xfd74, 0xfd93, 0xdcf1, 0x4164, 0x0000, 0x0000, 0x0000, 0x0020, 0x2987, 0x9dd8, 0xaefd, 0xaedc, 0xaedc, 0xb6dd, 
	0xaedc, 0xaedc, 0xaedc, 0xaedc, 0xaedc, 0xaedc, 0xaedc, 0xaedc, 0xaedc, 0xaedc, 0xaedc, 0xaedc, 0xaedc, 0xaedc, 0xaedc, 0xaedc, 
	0xaedc, 0xaedc, 0xaedc, 0xaedc, 0xaedc, 0xaedc, 0xaedc, 0xaedc, 0xaedc, 0xaedc, 0xaedc, 0xaedc, 0xaedc, 0xaedc, 0xaedc, 0xaedc, 
	0xaedc, 0xaedc, 0xaedc, 0xaedc, 0xaedc, 0xaedc, 0xaedc, 0xaedc, 0xaedc, 0xaedc, 0xaedc, 0xaedc, 0xaedc, 0xaedc, 0xaedc, 0xaedc, 
	0xaedc, 0xaedc, 0xaedc, 0xaedc, 0xaedc, 0xaedc, 0xaedc, 0xaedc, 0xaedc, 0xaedc, 0xaedc, 0xaedc, 0xaedc, 0xaedc, 0xaedc, 0xaedc, 
	0xaedc, 0xaedc, 0xaedc, 0xaedc, 0xaedc, 0xaedc, 0xaedc, 0xaedc, 0xaedc, 0xaedc, 0xaedc, 0xaedc, 0xaedc, 0xaedc, 0xaedc, 0xaedc, 
	0xaedc, 0xaedc, 0xaedc, 0xaedc, 0xaedc, 0xaedc, 0xaedc, 0xaedc, 0xaedc, 0xaedc, 0xaedc, 0xaedc, 0xaedc, 0xaedc, 0xaedc, 0xaedc, 
	0xaedc, 0xaedc, 0xaedc, 0xaedc, 0xaedc, 0xaedc, 0xaedc, 0xaedc, 0xaedc, 0xaedc, 0xaedc, 0xaedc, 0xaedc, 0xaedc, 0xaedc, 0xaedc, 
	0xaedc, 0xaedc, 0xaedc, 0xaedc, 0xaedc, 0xaedc, 0xaedc, 0xaedc, 0xaedc, 0xaedc, 0xaedc, 0xaedc, 0xaedc, 0xaedc, 0xaedc, 0xaedc, 
	0xaefc, 0xaefc, 0xaedd, 0xaedc, 0xa61a, 0x424a, 0x0000, 0x0000, 0x0000, 0x0000, 0x2903, 0xcd13, 0xfe78, 0xfe77, 0xfe97, 0xfe57, 
	0xfe78, 0xfe78, 0xfe78, 0xfe78, 0xfe78, 0xfe78, 0xfe78, 0xfe78, 0xfe78, 0xfe78, 0xfe78, 0xfe78, 0xfe78, 0xfe78, 0xfe78, 0xfe78, 
	0xfe78, 0xfe78, 0xfe78, 0xfe78, 0xfe78, 0xfe78, 0xfe78, 0xfe78, 0xfe78, 0xfe78, 0xfe78, 0xfe78, 0xfe37, 0xfdd5, 0xfd93, 0xfd93, 
	0xfd74, 0xfd94, 0xf553, 0xc470, 0x30e2, 0x0000, 0x0020, 0x0000, 0x0000, 0x3249, 0xa639, 0xaefc, 0xaebc, 0xb6bc, 0xb6fd, 0xaedc, 
	0xaedd, 0xaedd, 0xb6dd, 0xaebc, 0xb6fd, 0xaebb, 0x42cc, 0x0842, 0x0000, 0x0000, 0x0000, 0x20c2, 0xac4f, 0xfe77, 0xfe78, 0xfe58, 
	0xfe78, 0xfe78, 0xfe78, 0xfe78, 0xfe78, 0xfe78, 0xfe78, 0xfe78, 0xfe78, 0xfe78, 0xfe78, 0xfe78, 0xfe78, 0xfe78, 0xfe78, 0xfe78, 
	0xfe78, 0xfe78, 0xfe78, 0xfe78, 0xfe78, 0xfe78, 0xfe78, 0xfe78, 0xfe57, 0xfe78, 0xfe78, 0xfe78, 0xfe77, 0xfe36, 0xfdd5, 0xfd73, 
	0xfd73, 0xfdb3, 0xfdb4, 0xfd54, 0xdcd2, 0x3944, 0x0020, 0x0000, 0x0000, 0x0000, 0x29a8, 0x95b8, 0xaedc, 0xaefd, 0xaefd, 0xaedc, 
	0xaedc, 0xaedc, 0xaedc, 0xaedc, 0xaedc, 0xaedc, 0xaedc, 0xaedc, 0xaedc, 0xaedc, 0xaedc, 0xaedc, 0xaedc, 0xaedc, 0xaedc, 0xaedc, 
	0xaedc, 0xaedc, 0xaedc, 0xaedc, 0xaedc, 0xaedc, 0xaedc, 0xaedc, 0xaedc, 0xaedc, 0xaedc, 0xaedc, 0xaedc, 0xaedc, 0xaedc, 0xaedc, 
	0xaedc, 0xaedc, 0xaedc, 0xaedc, 0xaedc, 0xaedc, 0xaedc, 0xaedc, 0xaedc, 0xaedc, 0xaedc, 0xaedc, 0xaedc, 0xaedc, 0xaedc, 0xaedc, 
	0xaedc, 0xaedc, 0xaedc, 0xaedc, 0xaedc, 0xaedc, 0xaedc, 0xaedc, 0xaedc, 0xaedc, 0xaedc, 0xaedc, 0xaedc, 0xaedc, 0xaedc, 0xaedc, 
	0xaedc, 0xaedc, 0xaedc, 0xaedc, 0xaedc, 0xaedc, 0xaedc, 0xaedc, 0xaedc, 0xaedc, 0xaedc, 0xaedc, 0xaedc, 0xaedc, 0xaedc, 0xaedc, 
	0xaedc, 0xaedc, 0xaedc, 0xaedc, 0xaedc, 0xaedc, 0xaedc, 0xaedc, 0xaedc, 0xaedc, 0xaedc, 0xaedc, 0xaedc, 0xaedc, 0xaedc, 0xaedc, 
	0xaedc, 0xaedc, 0xaedc, 0xaedc, 0xaedc, 0xaedc, 0xaedc, 0xaedc, 0xaedc, 0xaedc, 0xaedc, 0xaedc, 0xaedc, 0xaedc, 0xaedc, 0xaedc, 
	0xaedc, 0xaedc, 0xaedc, 0xaedc, 0xaedc, 0xaedc, 0xaedc, 0xaedc, 0xaedc, 0xaedc, 0xaedc, 0xaedc, 0xaedc, 0xaedc, 0xaedc, 0xaedc, 
	0xaedc, 0xaedc, 0xa6bc, 0xaefd, 0xa63a, 0x426a, 0x0000, 0x0020, 0x0000, 0x0000, 0x2904, 0xcd34, 0xfe78, 0xfe98, 0xfe77, 0xfe78, 
	0xfe78, 0xfe78, 0xfe78, 0xfe78, 0xfe78, 0xfe78, 0xfe78, 0xfe78, 0xfe78, 0xfe78, 0xfe78, 0xfe78, 0xfe78, 0xfe78, 0xfe78, 0xfe78, 
	0xfe78, 0xfe78, 0xfe78, 0xfe78, 0xfe78, 0xfe78, 0xfe78, 0xfe78, 0xfe78, 0xfe78, 0xfe78, 0xfe78, 0xfe57, 0xfdd5, 0xfd94, 0xfd74, 
	0xfd94, 0xfd94, 0xfd94, 0xcc70, 0x28c3, 0x0000, 0x0801, 0x0000, 0x0000, 0x3a6a, 0xa65a, 0xaefd, 0xb6fd, 0xaebc, 0xaedc, 0xa6bc, 
	0xaebc, 0xaedc, 0xaedd, 0xb6dd, 0xaedd, 0xaebb, 0x4b0c, 0x0021, 0x0000, 0x0020, 0x0000, 0x1881, 0xac70, 0xfeb8, 0xfe57, 0xfeb8, 
	0xfe78, 0xfe78, 0xfe78, 0xfe78, 0xfe78, 0xfe78, 0xfe78, 0xfe78, 0xfe78, 0xfe78, 0xfe78, 0xfe78, 0xfe78, 0xfe78, 0xfe78, 0xfe78, 
	0xfe78, 0xfe78, 0xfe78, 0xfe78, 0xfe78, 0xfe78, 0xfe78, 0xfe78, 0xfe78, 0xfe78, 0xfe78, 0xfe78, 0xfe78, 0xfe37, 0xfdd5, 0xfd74, 
	0xfd94, 0xfd93, 0xfd93, 0xfd74, 0xdcb2, 0x4145, 0x0000, 0x0001, 0x0000, 0x0000, 0x29a7, 0x9dd8, 0xaefd, 0xaedd, 0xaedd, 0xaedc, 
	0xaedc, 0xaedc, 0xaedc, 0xaedc, 0xaedc, 0xaedc, 0xaedc, 0xaedc, 0xaedc, 0xaedc, 0xaedc, 0xaedc, 0xaedc, 0xaedc, 0xaedc, 0xaedc, 
	0xaedc, 0xaedc, 0xaedc, 0xaedc, 0xaedc, 0xaedc, 0xaedc, 0xaedc, 0xaedc, 0xaedc, 0xaedc, 0xaedc, 0xaedc, 0xaedc, 0xaedc, 0xaedc, 
	0xaedc, 0xaedc, 0xaedc, 0xaedc, 0xaedc, 0xaedc, 0xaedc, 0xaedc, 0xaedc, 0xaedc, 0xaedc, 0xaedc, 0xaedc, 0xaedc, 0xaedc, 0xaedc, 
	0xaedc, 0xaedc, 0xaedc, 0xaedc, 0xaedc, 0xaedc, 0xaedc, 0xaedc, 0xaedc, 0xaedc, 0xaedc, 0xaedc, 0xaedc, 0xaedc, 0xaedc, 0xaedc, 
	0xaedc, 0xaedc, 0xaedc, 0xaedc, 0xaedc, 0xaedc, 0xaedc, 0xaedc, 0xaedc, 0xaedc, 0xaedc, 0xaedc, 0xaedc, 0xaedc, 0xaedc, 0xaedc, 
	0xaedc, 0xaedc, 0xaedc, 0xaedc, 0xaedc, 0xaedc, 0xaedc, 0xaedc, 0xaedc, 0xaedc, 0xaedc, 0xaedc, 0xaedc, 0xaedc, 0xaedc, 0xaedc, 
	0xaedc, 0xaedc, 0xaedc, 0xaedc, 0xaedc, 0xaedc, 0xaedc, 0xaedc, 0xaedc, 0xaedc, 0xaedc, 0xaedc, 0xaedc, 0xaedc, 0xaedc, 0xaedc, 
	0xaedc, 0xaedc, 0xaedc, 0xaedc, 0xaedc, 0xaedc, 0xaedc, 0xaedc, 0xaedc, 0xaedc, 0xaedc, 0xaedc, 0xaedc, 0xaedc, 0xaedc, 0xaedc, 
	0xaedc, 0xb6fd, 0xaebc, 0xaefd, 0x9e19, 0x3a6a, 0x0000, 0x0000, 0x0000, 0x0000, 0x2903, 0xcd33, 0xfe77, 0xfe77, 0xfe98, 0xfe58, 
	0xfe77, 0xfe77, 0xfe77, 0xfe77, 0xfe77, 0xfe77, 0xfe77, 0xfe77, 0xfe77, 0xfe77, 0xfe77, 0xfe77, 0xfe77, 0xfe77, 0xfe77, 0xfe77, 
	0xfe77, 0xfe77, 0xfe77, 0xfe77, 0xfe77, 0xfe77, 0xfe77, 0xfe77, 0xfe77, 0xfe77, 0xfe98, 0xfe78, 0xfe37, 0xfdd5, 0xfd94, 0xfd73, 
	0xfd93, 0xfd73, 0xfd94, 0xc44f, 0x2903, 0x0020, 0x0000, 0x0000, 0x0000, 0x3a29, 0xa619, 0xaedd, 0xaedd, 0xaebd, 0xaedc, 0xaefc, 
	0xb6dd, 0xaedc, 0xaefd, 0xaedd, 0xaedd, 0xa69b, 0x4b0c, 0x0821, 0x0000, 0x0000, 0x0000, 0x18a2, 0xb470, 0xfe78, 0xfe57, 0xfe78, 
	0xfe77, 0xfe77, 0xfe77, 0xfe77, 0xfe77, 0xfe77, 0xfe77, 0xfe77, 0xfe77, 0xfe77, 0xfe77, 0xfe77, 0xfe77, 0xfe77, 0xfe77, 0xfe77, 
	0xfe77, 0xfe77, 0xfe77, 0xfe77, 0xfe77, 0xfe77, 0xfe77, 0xfe77, 0xfe97, 0xfe97, 0xfe78, 0xfe98, 0xfe77, 0xfe36, 0xfdd5, 0xfd74, 
	0xfd74, 0xfd73, 0xfd72, 0xfd93, 0xd4d1, 0x4164, 0x0000, 0x0000, 0x0000, 0x0000, 0x21a7, 0x95d8, 0xaefc, 0xaedc, 0xb6dd, 0xaedc, 
	0xaedc, 0xaedc, 0xaedc, 0xaedc, 0xaedc, 0xaedc, 0xaedc, 0xaedc, 0xaedc, 0xaedc, 0xaedc, 0xaedc, 0xaedc, 0xaedc, 0xaedc, 0xaedc, 
	0xaedc, 0xaedc, 0xaedc, 0xaedc, 0xaedc, 0xaedc, 0xaedc, 0xaedc, 0xaedc, 0xaedc, 0xaedc, 0xaedc, 0xaedc, 0xaedc, 0xaedc, 0xaedc, 
	0xaedc, 0xaedc, 0xaedc, 0xaedc, 0xaedc, 0xaedc, 0xaedc, 0xaedc, 0xaedc, 0xaedc, 0xaedc, 0xaedc, 0xaedc, 0xaedc, 0xaedc, 0xaedc, 
	0xaedc, 0xaedc, 0xaedc, 0xaedc, 0xaedc, 0xaedc, 0xaedc, 0xaedc, 0xaedc, 0xaedc, 0xaedc, 0xaedc, 0xaedc, 0xaedc, 0xaedc, 0xaedc, 
	0xaedc, 0xaedc, 0xaedc, 0xaedc, 0xaedc, 0xaedc, 0xaedc, 0xaedc, 0xaedc, 0xaedc, 0xaedc, 0xaedc, 0xaedc, 0xaedc, 0xaedc, 0xaedc, 
	0xaedc, 0xaedc, 0xaedc, 0xaedc, 0xaedc, 0xaedc, 0xaedc, 0xaedc, 0xaedc, 0xaedc, 0xaedc, 0xaedc, 0xaedc, 0xaedc, 0xaedc, 0xaedc, 
	0xaedc, 0xaedc, 0xaedc, 0xaedc, 0xaedc, 0xaedc, 0xaedc, 0xaedc, 0xaedc, 0xaedc, 0xaedc, 0xaedc, 0xaedc, 0xaedc, 0xaedc, 0xaedc, 
	0xaedc, 0xaedc, 0xaedc, 0xaedc, 0xaedc, 0xaedc, 0xaedc, 0xaedc, 0xaedc, 0xaedc, 0xaedc, 0xaedc, 0xaedc, 0xaedc, 0xaedc, 0xaedc, 
	0xaebc, 0xb6dd, 0xaedd, 0xaf1d, 0x9e39, 0x428b, 0x0000, 0x0000, 0x0000, 0x0000, 0x20e2, 0xbd54, 0xee98, 0xee78, 0xf6b9, 0xee59, 
	0xee99, 0xee99, 0xee99, 0xee99, 0xee99, 0xee99, 0xee99, 0xee99, 0xee99, 0xee99, 0xee99, 0xee99, 0xee99, 0xee99, 0xee99, 0xee99, 
	0xee99, 0xee99, 0xee99, 0xee99, 0xee99, 0xee99, 0xee99, 0xee99, 0xf699, 0xf679, 0xf699, 0xf679, 0xf658, 0xf5f7, 0xf5d6, 0xf5b6, 
	0xfdb6, 0xf5b5, 0xfdd6, 0xbc71, 0x3123, 0x0000, 0x0000, 0x0000, 0x0840, 0x3229, 0xa65a, 0xaedd, 0xaedd, 0xb6dd, 0xaedc, 0xb6fc, 
	0xb6dc, 0xaebc, 0xaefd, 0xaebc, 0xb6fd, 0xae9b, 0x4b0c, 0x0841, 0x0800, 0x0000, 0x0000, 0x18c3, 0xa471, 0xee79, 0xf699, 0xee99, 
	0xee99, 0xee99, 0xee99, 0xee99, 0xee99, 0xee99, 0xee99, 0xee99, 0xee99, 0xee99, 0xee99, 0xee99, 0xee99, 0xee99, 0xee99, 0xee99, 
	0xee99, 0xee99, 0xee99, 0xee99, 0xee99, 0xee99, 0xee99, 0xee99, 0xee78, 0xee78, 0xee79, 0xf679, 0xf678, 0xf638, 0xf5f7, 0xf5d6, 
	0xf5b6, 0xf5d6, 0xf5d5, 0xf5d5, 0xd554, 0x3944, 0x0020, 0x0000, 0x0820, 0x0000, 0x29c7, 0x95f8, 0xaefc, 0xaedd, 0xb6dd, 0xaebc, 
	0xaedc, 0xaedc, 0xaedc, 0xaedc, 0xaedc, 0xaedc, 0xaedc, 0xaedc, 0xaedc, 0xaedc, 0xaedc, 0xaedc, 0xaedc, 0xaedc, 0xaedc, 0xaedc, 
	0xaedc, 0xaedc, 0xaedc, 0xaedc, 0xaedc, 0xaedc, 0xaedc, 0xaedc, 0xaedc, 0xaedc, 0xaedc, 0xaedc, 0xaedc, 0xaedc, 0xaedc, 0xaedc, 
	0xaedc, 0xaedc, 0xaedc, 0xaedc, 0xaedc, 0xaedc, 0xaedc, 0xaedc, 0xaedc, 0xaedc, 0xaedc, 0xaedc, 0xaedc, 0xaedc, 0xaedc, 0xaedc, 
	0xaedc, 0xaedc, 0xaedc, 0xaedc, 0xaedc, 0xaedc, 0xaedc, 0xaedc, 0xaedc, 0xaedc, 0xaedc, 0xaedc, 0xaedc, 0xaedc, 0xaedc, 0xaedc, 
	0xaedc, 0xaedc, 0xaedc, 0xaedc, 0xaedc, 0xaedc, 0xaedc, 0xaedc, 0xaedc, 0xaedc, 0xaedc, 0xaedc, 0xaedc, 0xaedc, 0xaedc, 0xaedc, 
	0xaedc, 0xaedc, 0xaedc, 0xaedc, 0xaedc, 0xaedc, 0xaedc, 0xaedc, 0xaedc, 0xaedc, 0xaedc, 0xaedc, 0xaedc, 0xaedc, 0xaedc, 0xaedc, 
	0xaedc, 0xaedc, 0xaedc, 0xaedc, 0xaedc, 0xaedc, 0xaedc, 0xaedc, 0xaedc, 0xaedc, 0xaedc, 0xaedc, 0xaedc, 0xaedc, 0xaedc, 0xaedc, 
	0xaedc, 0xaedc, 0xaedc, 0xaedc, 0xaedc, 0xaedc, 0xaedc, 0xaedc, 0xaedc, 0xaedc, 0xaedc, 0xaedc, 0xaedc, 0xaedc, 0xaedc, 0xaedc, 
	0xaedd, 0xb6dd, 0xaebc, 0xaefd, 0xa65a, 0x4aec, 0x0000, 0x0000, 0x0000, 0x0000, 0x2167, 0xa5d8, 0xbedc, 0xbebb, 0xc6dc, 0xbedc, 
	0xbebb, 0xbebb, 0xbebb, 0xbebb, 0xbebb, 0xbebb, 0xbebb, 0xbebb, 0xbebb, 0xbebb, 0xbebb, 0xbebb, 0xbebb, 0xbebb, 0xbebb, 0xbebb, 
	0xbebb, 0xbebb, 0xbebb, 0xbebb, 0xbebb, 0xbebb, 0xbebb, 0xbebb, 0xbedb, 0xbedb, 0xbedb, 0xbedc, 0xbedb, 0xbebb, 0xbe9b, 0xbe9b, 
	0xc69b, 0xbe9a, 0xcebb, 0xa576, 0x21a7, 0x0000, 0x0020, 0x0000, 0x0020, 0x4aec, 0xae7b, 0xaedd, 0xaedd, 0xaedd, 0xaedc, 0xaedc, 
	0xb6dc, 0xaedc, 0xaefd, 0xaedd, 0xb6fd, 0xae9b, 0x5baf, 0x0041, 0x0000, 0x0000, 0x0000, 0x1924, 0x8d14, 0xbedb, 0xbefb, 0xbedb, 
	0xbebb, 0xbebb, 0xbebb, 0xbebb, 0xbebb, 0xbebb, 0xbebb, 0xbebb, 0xbebb, 0xbebb, 0xbebb, 0xbebb, 0xbebb, 0xbebb, 0xbebb, 0xbebb, 
	0xbebb, 0xbebb, 0xbebb, 0xbebb, 0xbebb, 0xbebb, 0xbebb, 0xbebb, 0xbedb, 0xbedb, 0xbedb, 0xbedb, 0xbedc, 0xbedb, 0xbebb, 0xbe9a, 
	0xc6bb, 0xbe9a, 0xbebb, 0xc69b, 0xb619, 0x3229, 0x0000, 0x0000, 0x0000, 0x0000, 0x3a4a, 0x9e39, 0xaefd, 0xaedd, 0xaebc, 0xaedd, 
	0xaedc, 0xaedc, 0xaedc, 0xaedc, 0xaedc, 0xaedc, 0xaedc, 0xaedc, 0xaedc, 0xaedc, 0xaedc, 0xaedc, 0xaedc, 0xaedc, 0xaedc, 0xaedc, 
	0xaedc, 0xaedc, 0xaedc, 0xaedc, 0xaedc, 0xaedc, 0xaedc, 0xaedc, 0xaedc, 0xaedc, 0xaedc, 0xaedc, 0xaedc, 0xaedc, 0xaedc, 0xaedc, 
	0xaedc, 0xaedc, 0xaedc, 0xaedc, 0xaedc, 0xaedc, 0xaedc, 0xaedc, 0xaedc, 0xaedc, 0xaedc, 0xaedc, 0xaedc, 0xaedc, 0xaedc, 0xaedc, 
	0xaedc, 0xaedc, 0xaedc, 0xaedc, 0xaedc, 0xaedc, 0xaedc, 0xaedc, 0xaedc, 0xaedc, 0xaedc, 0xaedc, 0xaedc, 0xaedc, 0xaedc, 0xaedc, 
	0xaedc, 0xaedc, 0xaedc, 0xaedc, 0xaedc, 0xaedc, 0xaedc, 0xaedc, 0xaedc, 0xaedc, 0xaedc, 0xaedc, 0xaedc, 0xaedc, 0xaedc, 0xaedc, 
	0xaedc, 0xaedc, 0xaedc, 0xaedc, 0xaedc, 0xaedc, 0xaedc, 0xaedc, 0xaedc, 0xaedc, 0xaedc, 0xaedc, 0xaedc, 0xaedc, 0xaedc, 0xaedc, 
	0xaedc, 0xaedc, 0xaedc, 0xaedc, 0xaedc, 0xaedc, 0xaedc, 0xaedc, 0xaedc, 0xaedc, 0xaedc, 0xaedc, 0xaedc, 0xaedc, 0xaedc, 0xaedc, 
	0xaedc, 0xaedc, 0xaedc, 0xaedc, 0xaedc, 0xaedc, 0xaedc, 0xaedc, 0xaedc, 0xaedc, 0xaedc, 0xaedc, 0xaedc, 0xaedc, 0xaedc, 0xaedc, 
	0xaefc, 0xb6dd, 0xb6bd, 0xaedc, 0xaedc, 0x7c93, 0x1926, 0x0001, 0x0000, 0x10c3, 0x5bb0, 0xa69b, 0xaedd, 0xaefd, 0xaebc, 0xaefd, 
	0xaedd, 0xaedd, 0xaedd, 0xaedd, 0xaedd, 0xaedd, 0xaedd, 0xaedd, 0xaedd, 0xaedd, 0xaedd, 0xaedd, 0xaedd, 0xaedd, 0xaedd, 0xaedd, 
	0xaedd, 0xaedd, 0xaedd, 0xaedd, 0xaedd, 0xaedd, 0xaedd, 0xaedd, 0xaedd, 0xaedd, 0xaedd, 0xaedd, 0xaefd, 0xaedd, 0xaedc, 0xaedd, 
	0xaebd, 0xa6fd, 0xaedc, 0xae3a, 0x638f, 0x10a4, 0x0000, 0x0020, 0x1966, 0x7cb3, 0xae9c, 0xaebc, 0xaefd, 0xaedc, 0xb6fd, 0xaedc, 
	0xb6dd, 0xaefd, 0xaedc, 0xb6dd, 0xaebd, 0xaebc, 0x8d56, 0x21c8, 0x0020, 0x0000, 0x0882, 0x4aec, 0x9e39, 0xaefc, 0xaedd, 0xaebd, 
	0xaedd, 0xaedd, 0xaedd, 0xaedd, 0xaedd, 0xaedd, 0xaedd, 0xaedd, 0xaedd, 0xaedd, 0xaedd, 0xaedd, 0xaedd, 0xaedd, 0xaedd, 0xaedd, 
	0xaedd, 0xaedd, 0xaedd, 0xaedd, 0xaedd, 0xaedd, 0xaedd, 0xaedd, 0xaedd, 0xaedd, 0xaedd, 0xaedd, 0xaedd, 0xaedd, 0xaedc, 0xaedc, 
	0xaedd, 0xaebc, 0xaedd, 0xaebd, 0xae7c, 0x6c32, 0x1904, 0x0000, 0x0000, 0x18e5, 0x6c11, 0xae9b, 0xaedc, 0xb6dd, 0xb6dd, 0xaefd, 
	0xaedc, 0xaedc, 0xaedc, 0xaedc, 0xaedc, 0xaedc, 0xaedc, 0xaedc, 0xaedc, 0xaedc, 0xaedc, 0xaedc, 0xaedc, 0xaedc, 0xaedc, 0xaedc, 
	0xaedc, 0xaedc, 0xaedc, 0xaedc, 0xaedc, 0xaedc, 0xaedc, 0xaedc, 0xaedc, 0xaedc, 0xaedc, 0xaedc, 0xaedc, 0xaedc, 0xaedc, 0xaedc, 
	0xaedc, 0xaedc, 0xaedc, 0xaedc, 0xaedc, 0xaedc, 0xaedc, 0xaedc, 0xaedc, 0xaedc, 0xaedc, 0xaedc, 0xaedc, 0xaedc, 0xaedc, 0xaedc, 
	0xaedc, 0xaedc, 0xaedc, 0xaedc, 0xaedc, 0xaedc, 0xaedc, 0xaedc, 0xaedc, 0xaedc, 0xaedc, 0xaedc, 0xaedc, 0xaedc, 0xaedc, 0xaedc, 
	0xaedc, 0xaedc, 0xaedc, 0xaedc, 0xaedc, 0xaedc, 0xaedc, 0xaedc, 0xaedc, 0xaedc, 0xaedc, 0xaedc, 0xaedc, 0xaedc, 0xaedc, 0xaedc, 
	0xaedc, 0xaedc, 0xaedc, 0xaedc, 0xaedc, 0xaedc, 0xaedc, 0xaedc, 0xaedc, 0xaedc, 0xaedc, 0xaedc, 0xaedc, 0xaedc, 0xaedc, 0xaedc, 
	0xaedc, 0xaedc, 0xaedc, 0xaedc, 0xaedc, 0xaedc, 0xaedc, 0xaedc, 0xaedc, 0xaedc, 0xaedc, 0xaedc, 0xaedc, 0xaedc, 0xaedc, 0xaedc, 
	0xaedc, 0xaedc, 0xaedc, 0xaedc, 0xaedc, 0xaedc, 0xaedc, 0xaedc, 0xaedc, 0xaedc, 0xaedc, 0xaedc, 0xaedc, 0xaedc, 0xaedc, 0xaedc, 
	0xaedc, 0xb6dc, 0xb6dd, 0xaedd, 0xb71d, 0xae7b, 0x7472, 0x42cc, 0x3a8a, 0x63cf, 0x9df8, 0xaefc, 0xaedc, 0xb6dd, 0xb6bc, 0xb6dc, 
	0xaedc, 0xaedc, 0xaedc, 0xaedc, 0xaedc, 0xaedc, 0xaedc, 0xaedc, 0xaedc, 0xaedc, 0xaedc, 0xaedc, 0xaedc, 0xaedc, 0xaedc, 0xaedc, 
	0xaedc, 0xaedc, 0xaedc, 0xaedc, 0xaedc, 0xaedc, 0xaedc, 0xaedc, 0xb6dc, 0xb6dc, 0xaedc, 0xaedc, 0xaedc, 0xaedc, 0xaedc, 0xaedc, 
	0xb6dc, 0xaefc, 0xaedc, 0xb6dc, 0x9e39, 0x5bcf, 0x3a6a, 0x42eb, 0x7493, 0xae9b, 0xb6fd, 0xb6fd, 0xb6fd, 0xaedc, 0xb6fd, 0xaedd, 
	0xb6bd, 0xaedc, 0xa6bc, 0xaedc, 0xaedc, 0xaefd, 0xaedc, 0x7cd4, 0x42ec, 0x326a, 0x536e, 0x9597, 0xb6fd, 0xb6dd, 0xb6dd, 0xb6bd, 
	0xaedc, 0xaedc, 0xaedc, 0xaedc, 0xaedc, 0xaedc, 0xaedc, 0xaedc, 0xaedc, 0xaedc, 0xaedc, 0xaedc, 0xaedc, 0xaedc, 0xaedc, 0xaedc, 
	0xaedc, 0xaedc, 0xaedc, 0xaedc, 0xaedc, 0xaedc, 0xaedc, 0xaedc, 0xaedc, 0xaedc, 0xb6dc, 0xb6dc, 0xaedc, 0xaedc, 0xaedc, 0xb6dc, 
	0xaedc, 0xaedc, 0xb6fd, 0xaedc, 0xaefc, 0xa67a, 0x6430, 0x3aca, 0x42ab, 0x6c31, 0xa63a, 0xb6fd, 0xaedd, 0xb6bd, 0xb6dc, 0xaedc, 
	0xaedc, 0xaedc, 0xaedc, 0xaedc, 0xaedc, 0xaedc, 0xaedc, 0xaedc, 0xaedc, 0xaedc, 0xaedc, 0xaedc, 0xaedc, 0xaedc, 0xaedc, 0xaedc, 
	0xaedc, 0xaedc, 0xaedc, 0xaedc, 0xaedc, 0xaedc, 0xaedc, 0xaedc, 0xaedc, 0xaedc, 0xaedc, 0xaedc, 0xaedc, 0xaedc, 0xaedc, 0xaedc, 
	0xaedc, 0xaedc, 0xaedc, 0xaedc, 0xaedc, 0xaedc, 0xaedc, 0xaedc, 0xaedc, 0xaedc, 0xaedc, 0xaedc, 0xaedc, 0xaedc, 0xaedc, 0xaedc, 
	0xaedc, 0xaedc, 0xaedc, 0xaedc, 0xaedc, 0xaedc, 0xaedc, 0xaedc, 0xaedc, 0xaedc, 0xaedc, 0xaedc, 0xaedc, 0xaedc, 0xaedc, 0xaedc, 
	0xaedc, 0xaedc, 0xaedc, 0xaedc, 0xaedc, 0xaedc, 0xaedc, 0xaedc, 0xaedc, 0xaedc, 0xaedc, 0xaedc, 0xaedc, 0xaedc, 0xaedc, 0xaedc, 
	0xaedc, 0xaedc, 0xaedc, 0xaedc, 0xaedc, 0xaedc, 0xaedc, 0xaedc, 0xaedc, 0xaedc, 0xaedc, 0xaedc, 0xaedc, 0xaedc, 0xaedc, 0xaedc, 
	0xaedc, 0xaedc, 0xaedc, 0xaedc, 0xaedc, 0xaedc, 0xaedc, 0xaedc, 0xaedc, 0xaedc, 0xaedc, 0xaedc, 0xaedc, 0xaedc, 0xaedc, 0xaedc, 
	0xaedc, 0xaedc, 0xaedc, 0xaedc, 0xaedc, 0xaedc, 0xaedc, 0xaedc, 0xaedc, 0xaedc, 0xaedc, 0xaedc, 0xaedc, 0xaedc, 0xaedc, 0xaedc, 
	0xaefc, 0xb6bc, 0xb6dd, 0xaefd, 0xa6dc, 0xaefd, 0xb6dc, 0x9e39, 0x9e3a, 0xaebc, 0xb6dd, 0xaedd, 0xaefc, 0xaebc, 0xaedc, 0xa6fd, 
	0xaedc, 0xaedc, 0xaedc, 0xaedc, 0xaedc, 0xaedc, 0xaedc, 0xaedc, 0xaedc, 0xaedc, 0xaedc, 0xaedc, 0xaedc, 0xaedc, 0xaedc, 0xaedc, 
	0xaedc, 0xaedc, 0xaedc, 0xaedc, 0xaedc, 0xaedc, 0xaedc, 0xaedc, 0xaedd, 0xaedd, 0xaedd, 0xaedc, 0xaedd, 0xaedd, 0xaedd, 0xaebd, 
	0xb6dc, 0xaebc, 0xb6dd, 0xaebd, 0xa6dd, 0xa6bc, 0xa63a, 0x9e3a, 0xb6dc, 0xb6dc, 0xaebc, 0xb6dd, 0xaebc, 0xb6fd, 0xaedd, 0xaedd, 
	0xb6dd, 0xaedc, 0xb71d, 0xaebc, 0xb6dc, 0xaedc, 0xaedc, 0xb6dc, 0xa63a, 0xa63a, 0xae9b, 0xaedc, 0xaedc, 0xaedd, 0xaedc, 0xaefc, 
	0xaedc, 0xaedc, 0xaedc, 0xaedc, 0xaedc, 0xaedc, 0xaedc, 0xaedc, 0xaedc, 0xaedc, 0xaedc, 0xaedc, 0xaedc, 0xaedc, 0xaedc, 0xaedc, 
	0xaedc, 0xaedc, 0xaedc, 0xaedc, 0xaedc, 0xaedc, 0xaedc, 0xaedc, 0xaedd, 0xaedd, 0xaedd, 0xaedd, 0xaedd, 0xaedd, 0xaedd, 0xaedc, 
	0xaedd, 0xb6dd, 0xb6bc, 0xaedc, 0xaedd, 0xaebc, 0xb6dd, 0x9e19, 0x9e39, 0xaebb, 0xb6fc, 0xa6bc, 0xaefd, 0xb6bc, 0xb6bc, 0xaefc, 
	0xaedc, 0xaedc, 0xaedc, 0xaedc, 0xaedc, 0xaedc, 0xaedc, 0xaedc, 0xaedc, 0xaedc, 0xaedc, 0xaedc, 0xaedc, 0xaedc, 0xaedc, 0xaedc, 
	0xaedc, 0xaedc, 0xaedc, 0xaedc, 0xaedc, 0xaedc, 0xaedc, 0xaedc, 0xaedc, 0xaedc, 0xaedc, 0xaedc, 0xaedc, 0xaedc, 0xaedc, 0xaedc, 
	0xaedc, 0xaedc, 0xaedc, 0xaedc, 0xaedc, 0xaedc, 0xaedc, 0xaedc, 0xaedc, 0xaedc, 0xaedc, 0xaedc, 0xaedc, 0xaedc, 0xaedc, 0xaedc, 
	0xaedc, 0xaedc, 0xaedc, 0xaedc, 0xaedc, 0xaedc, 0xaedc, 0xaedc, 0xaedc, 0xaedc, 0xaedc, 0xaedc, 0xaedc, 0xaedc, 0xaedc, 0xaedc, 
	0xaedc, 0xaedc, 0xaedc, 0xaedc, 0xaedc, 0xaedc, 0xaedc, 0xaedc, 0xaedc, 0xaedc, 0xaedc, 0xaedc, 0xaedc, 0xaedc, 0xaedc, 0xaedc, 
	0xaedc, 0xaedc, 0xaedc, 0xaedc, 0xaedc, 0xaedc, 0xaedc, 0xaedc, 0xaedc, 0xaedc, 0xaedc, 0xaedc, 0xaedc, 0xaedc, 0xaedc, 0xaedc, 
	0xaedc, 0xaedc, 0xaedc, 0xaedc, 0xaedc, 0xaedc, 0xaedc, 0xaedc, 0xaedc, 0xaedc, 0xaedc, 0xaedc, 0xaedc, 0xaedc, 0xaedc, 0xaedc, 
	0xaedc, 0xaedc, 0xaedc, 0xaedc, 0xaedc, 0xaedc, 0xaedc, 0xaedc, 0xaedc, 0xaedc, 0xaedc, 0xaedc, 0xaedc, 0xaedc, 0xaedc, 0xaedc, 
	0xaedc, 0xaedc, 0xaedc, 0xaedc, 0xaedc, 0xaedc, 0xaedc, 0xaedc, 0xaedc, 0xaedc, 0xaedc, 0xaedc, 0xaedc, 0xaedc, 0xaedc, 0xaedc, 
	0xaedc, 0xaedc, 0xaedc, 0xaedc, 0xaedc, 0xaedc, 0xaedc, 0xaedc, 0xaedc, 0xaedc, 0xaedc, 0xaedc, 0xaedc, 0xaedc, 0xaedc, 0xaedc, 
	0xaedc, 0xaedc, 0xaedc, 0xaedc, 0xaedc, 0xaedc, 0xaedc, 0xaedc, 0xaedc, 0xaedc, 0xaedc, 0xaedc, 0xaedc, 0xaedc, 0xaedc, 0xaedc, 
	0xaedc, 0xaedc, 0xaedc, 0xaedc, 0xaedc, 0xaedc, 0xaedc, 0xaedc, 0xaedc, 0xaedc, 0xaedc, 0xaedc, 0xaedc, 0xaedc, 0xaedc, 0xaedc, 
	0xaedc, 0xaedc, 0xaedc, 0xaedc, 0xaedc, 0xaedc, 0xaedc, 0xaedc, 0xaedc, 0xaedc, 0xaedc, 0xaedc, 0xaedc, 0xaedc, 0xaedc, 0xaedc, 
	0xaedc, 0xaedc, 0xaedc, 0xaedc, 0xaedc, 0xaedc, 0xaedc, 0xaedc, 0xaedc, 0xaedc, 0xaedc, 0xaedc, 0xaedc, 0xaedc, 0xaedc, 0xaedc, 
	0xaedc, 0xaedc, 0xaedc, 0xaedc, 0xaedc, 0xaedc, 0xaedc, 0xaedc, 0xaedc, 0xaedc, 0xaedc, 0xaedc, 0xaedc, 0xaedc, 0xaedc, 0xaedc, 
	0xaedc, 0xaedc, 0xaedc, 0xaedc, 0xaedc, 0xaedc, 0xaedc, 0xaedc, 0xaedc, 0xaedc, 0xaedc, 0xaedc, 0xaedc, 0xaedc, 0xaedc, 0xaedc, 
	0xaedc, 0xaedc, 0xaedc, 0xaedc, 0xaedc, 0xaedc, 0xaedc, 0xaedc, 0xaedc, 0xaedc, 0xaedc, 0xaedc, 0xaedc, 0xaedc, 0xaedc, 0xaedc, 
	0xaedc, 0xaedc, 0xaedc, 0xaedc, 0xaedc, 0xaedc, 0xaedc, 0xaedc, 0xaedc, 0xaedc, 0xaedc, 0xaedc, 0xaedc, 0xaedc, 0xaedc, 0xaedc, 
	0xaedc, 0xaedc, 0xaedc, 0xaedc, 0xaedc, 0xaedc, 0xaedc, 0xaedc, 0xaedc, 0xaedc, 0xaedc, 0xaedc, 0xaedc, 0xaedc, 0xaedc, 0xaedc, 
	0xaedc, 0xaedc, 0xaedc, 0xaedc, 0xaedc, 0xaedc, 0xaedc, 0xaedc, 0xaedc, 0xaedc, 0xaedc, 0xaedc, 0xaedc, 0xaedc, 0xaedc, 0xaedc, 
	0xaedc, 0xaedc, 0xaedc, 0xaedc, 0xaedc, 0xaedc, 0xaedc, 0xaedc, 0xaedc, 0xaedc, 0xaedc, 0xaedc, 0xaedc, 0xaedc, 0xaedc, 0xaedc, 
	0xaedc, 0xaedc, 0xaedc, 0xaedc, 0xaedc, 0xaedc, 0xaedc, 0xaedc, 0xaedc, 0xaedc, 0xaedc, 0xaedc, 0xaedc, 0xaedc, 0xaedc, 0xaedc, 
	0xaedc, 0xaedc, 0xaedc, 0xaedc, 0xaedc, 0xaedc, 0xaedc, 0xaedc, 0xaedc, 0xaedc, 0xaedc, 0xaedc, 0xaedc, 0xaedc, 0xaedc, 0xaedc, 
	0xaedc, 0xaedc, 0xaedc, 0xaedc, 0xaedc, 0xaedc, 0xaedc, 0xaedc, 0xaedc, 0xaedc, 0xaedc, 0xaedc, 0xaedc, 0xaedc, 0xaedc, 0xaedc, 
	0xaedc, 0xaedc, 0xaedc, 0xaedc, 0xaedc, 0xaedc, 0xaedc, 0xaedc, 0xaedc, 0xaedc, 0xaedc, 0xaedc, 0xaedc, 0xaedc, 0xaedc, 0xaedc, 
	0xaedc, 0xaedc, 0xaedc, 0xaedc, 0xaedc, 0xaedc, 0xaedc, 0xaedc, 0xaedc, 0xaedc, 0xaedc, 0xaedc, 0xaedc, 0xaedc, 0xaedc, 0xaedc, 
	0xaedc, 0xaedc, 0xaedc, 0xaedc, 0xaedc, 0xaedc, 0xaedc, 0xaedc, 0xaedc, 0xaedc, 0xaedc, 0xaedc, 0xaedc, 0xaedc, 0xaedc, 0xaedc, 
	0xaedc, 0xaedc, 0xaedc, 0xaedc, 0xaedc, 0xaedc, 0xaedc, 0xaedc, 0xaedc, 0xaedc, 0xaedc, 0xaedc, 0xaedc, 0xaedc, 0xaedc, 0xaedc, 
	0xaedc, 0xaedc, 0xaedc, 0xaedc, 0xaedc, 0xaedc, 0xaedc, 0xaedc, 0xaedc, 0xaedc, 0xaedc, 0xaedc, 0xaedc, 0xaedc, 0xaedc, 0xaedc, 
	0xaedc, 0xaedc, 0xaedc, 0xaedc, 0xaedc, 0xaedc, 0xaedc, 0xaedc, 0xaedc, 0xaedc, 0xaedc, 0xaedc, 0xaedc, 0xaedc, 0xaedc, 0xaedc, 
	0xaedc, 0xaedc, 0xaedc, 0xaedc, 0xaedc, 0xaedc, 0xaedc, 0xaedc, 0xaedc, 0xaedc, 0xaedc, 0xaedc, 0xaedc, 0xaedc, 0xaedc, 0xaedc, 
	0xaedc, 0xaedc, 0xaedc, 0xaedc, 0xaedc, 0xaedc, 0xaedc, 0xaedc, 0xaedc, 0xaedc, 0xaedc, 0xaedc, 0xaedc, 0xaedc, 0xaedc, 0xaedc, 
	0xaedc, 0xaedc, 0xaedc, 0xaedc, 0xaedc, 0xaedc, 0xaedc, 0xaedc, 0xaedc, 0xaedc, 0xaedc, 0xaedc, 0xaedc, 0xaedc, 0xaedc, 0xaedc, 
	0xaedc, 0xaedc, 0xaedc, 0xaedc, 0xaedc, 0xaedc, 0xaedc, 0xaedc, 0xaedc, 0xaedc, 0xaedc, 0xaedc, 0xaedc, 0xaedc, 0xaedc, 0xaedc, 
	0xaedc, 0xaedc, 0xaedc, 0xaedc, 0xaedc, 0xaedc, 0xaedc, 0xaedc, 0xaedc, 0xaedc, 0xaedc, 0xaedc, 0xaedc, 0xaedc, 0xaedc, 0xaedc, 
	0xaedc, 0xaedc, 0xaedc, 0xaedc, 0xaedc, 0xaedc, 0xaedc, 0xaedc, 0xaedc, 0xaedc, 0xaedc, 0xaedc, 0xaedc, 0xaedc, 0xaedc, 0xaedc, 
	0xaedc, 0xaedc, 0xaedc, 0xaedc, 0xaedc, 0xaedc, 0xaedc, 0xaedc, 0xaedc, 0xaedc, 0xaedc, 0xaedc, 0xaedc, 0xaedc, 0xaedc, 0xaedc, 
	0xaedc, 0xaedc, 0xaedc, 0xaedc, 0xaedc, 0xaedc, 0xaedc, 0xaedc, 0xaedc, 0xaedc, 0xaedc, 0xaedc, 0xaedc, 0xaedc, 0xaedc, 0xaedc, 
	0xaedc, 0xaedc, 0xaedc, 0xaedc, 0xaedc, 0xaedc, 0xaedc, 0xaedc, 0xaedc, 0xaedc, 0xaedc, 0xaedc, 0xaedc, 0xaedc, 0xaedc, 0xaedc, 
	0xaedc, 0xaedc, 0xaedc, 0xaedc, 0xaedc, 0xaedc, 0xaedc, 0xaedc, 0xaedc, 0xaedc, 0xaedc, 0xaedc, 0xaedc, 0xaedc, 0xaedc, 0xaedc, 
	0xaedc, 0xaedc, 0xaedc, 0xaedc, 0xaedc, 0xaedc, 0xaedc, 0xaedc, 0xaedc, 0xaedc, 0xaedc, 0xaedc, 0xaedc, 0xaedc, 0xaedc, 0xaedc, 
	0xaedc, 0xaedc, 0xaedc, 0xaedc, 0xaedc, 0xaedc, 0xaedc, 0xaedc, 0xaedc, 0xaedc, 0xaedc, 0xaedc, 0xaedc, 0xaedc, 0xaedc, 0xaedc, 
	0xaedc, 0xaedc, 0xaedc, 0xaedc, 0xaedc, 0xaedc, 0xaedc, 0xaedc, 0xaedc, 0xaedc, 0xaedc, 0xaedc, 0xaedc, 0xaedc, 0xaedc, 0xaedc, 
	0xaedc, 0xaedc, 0xaedc, 0xaedc, 0xaedc, 0xaedc, 0xaedc, 0xaedc, 0xaedc, 0xaedc, 0xaedc, 0xaedc, 0xaedc, 0xaedc, 0xaedc, 0xaedc, 
	0xaedc, 0xaedc, 0xaedc, 0xaedc, 0xaedc, 0xaedc, 0xaedc, 0xaedc, 0xaedc, 0xaedc, 0xaedc, 0xaedc, 0xaedc, 0xaedc, 0xaedc, 0xaedc, 
	0xaedc, 0xaedc, 0xaedc, 0xaedc, 0xaedc, 0xaedc, 0xaedc, 0xaedc, 0xaedc, 0xaedc, 0xaedc, 0xaedc, 0xaedc, 0xaedc, 0xaedc, 0xaedc, 
	0xaedc, 0xaedc, 0xaedc, 0xaedc, 0xaedc, 0xaedc, 0xaedc, 0xaedc, 0xaedc, 0xaedc, 0xaedc, 0xaedc, 0xaedc, 0xaedc, 0xaedc, 0xaedc, 
	0xaedc, 0xaedc, 0xaedc, 0xaedc, 0xaedc, 0xaedc, 0xaedc, 0xaedc, 0xaedc, 0xaedc, 0xaedc, 0xaedc, 0xaedc, 0xaedc, 0xaedc, 0xaedc, 
	0xaedc, 0xaedc, 0xaedc, 0xaedc, 0xaedc, 0xaedc, 0xaedc, 0xaedc, 0xaedc, 0xaedc, 0xaedc, 0xaedc, 0xaedc, 0xaedc, 0xaedc, 0xaedc, 
	0xaedc, 0xaedc, 0xaedc, 0xaedc, 0xaedc, 0xaedc, 0xaedc, 0xaedc, 0xaedc, 0xaedc, 0xaedc, 0xaedc, 0xaedc, 0xaedc, 0xaedc, 0xaedc, 
	0xaedc, 0xaedc, 0xaedc, 0xaedc, 0xaedc, 0xaedc, 0xaedc, 0xaedc, 0xaedc, 0xaedc, 0xaedc, 0xaedc, 0xaedc, 0xaedc, 0xaedc, 0xaedc, 
	0xaedc, 0xaedc, 0xaedc, 0xaedc, 0xaedc, 0xaedc, 0xaedc, 0xaedc, 0xaedc, 0xaedc, 0xaedc, 0xaedc, 0xaedc, 0xaedc, 0xaedc, 0xaedc, 
	0xaedc, 0xaedc, 0xaedc, 0xaedc, 0xaedc, 0xaedc, 0xaedc, 0xaedc, 0xaedc, 0xaedc, 0xaedc, 0xaedc, 0xaedc, 0xaedc, 0xaedc, 0xaedc, 
	0xaedc, 0xaedc, 0xaedc, 0xaedc, 0xaedc, 0xaedc, 0xaedc, 0xaedc, 0xaedc, 0xaedc, 0xaedc, 0xaedc, 0xaedc, 0xaedc, 0xaedc, 0xaedc, 
	0xaedc, 0xaedc, 0xaedc, 0xaedc, 0xaedc, 0xaedc, 0xaedc, 0xaedc, 0xaedc, 0xaedc, 0xaedc, 0xaedc, 0xaedc, 0xaedc, 0xaedc, 0xaedc, 
	0xaedc, 0xaedc, 0xaedc, 0xaedc, 0xaedc, 0xaedc, 0xaedc, 0xaedc, 0xaedc, 0xaedc, 0xaedc, 0xaedc, 0xaedc, 0xaedc, 0xaedc, 0xaedc, 
	0xaedc, 0xaedc, 0xaedc, 0xaedc, 0xaedc, 0xaedc, 0xaedc, 0xaedc, 0xaedc, 0xaedc, 0xaedc, 0xaedc, 0xaedc, 0xaedc, 0xaedc, 0xaedc, 
	0xaedc, 0xaedc, 0xaedc, 0xaedc, 0xaedc, 0xaedc, 0xaedc, 0xaedc, 0xaedc, 0xaedc, 0xaedc, 0xaedc, 0xaedc, 0xaedc, 0xaedc, 0xaedc, 
	0xaedc, 0xaedc, 0xaedc, 0xaedc, 0xaedc, 0xaedc, 0xaedc, 0xaedc, 0xaedc, 0xaedc, 0xaedc, 0xaedc, 0xaedc, 0xaedc, 0xaedc, 0xaedc, 
	0xaedc, 0xaedc, 0xaedc, 0xaedc, 0xaedc, 0xaedc, 0xaedc, 0xaedc, 0xaedc, 0xaedc, 0xaedc, 0xaedc, 0xaedc, 0xaedc, 0xaedc, 0xaedc, 
	0xaedc, 0xaedc, 0xaedc, 0xaedc, 0xaedc, 0xaedc, 0xaedc, 0xaedc, 0xaedc, 0xaedc, 0xaedc, 0xaedc, 0xaedc, 0xaedc, 0xaedc, 0xaedc, 
	0xaedc, 0xaedc, 0xaedc, 0xaedc, 0xaedc, 0xaedc, 0xaedc, 0xaedc, 0xaedc, 0xaedc, 0xaedc, 0xaedc, 0xaedc, 0xaedc, 0xaedc, 0xaedc, 
	0xaedc, 0xaedc, 0xaedc, 0xaedc, 0xaedc, 0xaedc, 0xaedc, 0xaedc, 0xaedc, 0xaedc, 0xaedc, 0xaedc, 0xaedc, 0xaedc, 0xaedc, 0xaedc, 
	0xaedc, 0xaedc, 0xaedc, 0xaedc, 0xaedc, 0xaedc, 0xaedc, 0xaedc, 0xaedc, 0xaedc, 0xaedc, 0xaedc, 0xaedc, 0xaedc, 0xaedc, 0xaedc, 
	0xaedc, 0xaedc, 0xaedc, 0xaedc, 0xaedc, 0xaedc, 0xaedc, 0xaedc, 0xaedc, 0xaedc, 0xaedc, 0xaedc, 0xaedc, 0xaedc, 0xaedc, 0xaedc, 
	0xaedc, 0xaedc, 0xaedc, 0xaedc, 0xaedc, 0xaedc, 0xaedc, 0xaedc, 0xaedc, 0xaedc, 0xaedc, 0xaedc, 0xaedc, 0xaedc, 0xaedc, 0xaedc, 
	0xaedc, 0xaedc, 0xaedc, 0xaedc, 0xaedc, 0xaedc, 0xaedc, 0xaedc, 0xaedc, 0xaedc, 0xaedc, 0xaedc, 0xaedc, 0xaedc, 0xaedc, 0xaedc, 
	0xaedc, 0xaedc, 0xaedc, 0xaedc, 0xaedc, 0xaedc, 0xaedc, 0xaedc, 0xaedc, 0xaedc, 0xaedc, 0xaedc, 0xaedc, 0xaedc, 0xaedc, 0xaedc, 
	0xaedc, 0xaedc, 0xaedc, 0xaedc, 0xaedc, 0xaedc, 0xaedc, 0xaedc, 0xaedc, 0xaedc, 0xaedc, 0xaedc, 0xaedc, 0xaedc, 0xaedc, 0xaedc, 
	0xaedc, 0xaedc, 0xaedc, 0xaedc, 0xaedc, 0xaedc, 0xaedc, 0xaedc, 0xaedc, 0xaedc, 0xaedc, 0xaedc, 0xaedc, 0xaedc, 0xaedc, 0xaedc, 
	0xaedc, 0xaedc, 0xaedc, 0xaedc, 0xaedc, 0xaedc, 0xaedc, 0xaedc, 0xaedc, 0xaedc, 0xaedc, 0xaedc, 0xaedc, 0xaedc, 0xaedc, 0xaedc, 
	0xaedc, 0xaedc, 0xaedc, 0xaedc, 0xaedc, 0xaedc, 0xaedc, 0xaedc, 0xaedc, 0xaedc, 0xaedc, 0xaedc, 0xaedc, 0xaedc, 0xaedc, 0xaedc, 
	0xaedc, 0xaedc, 0xaedc, 0xaedc, 0xaedc, 0xaedc, 0xaedc, 0xaedc, 0xaedc, 0xaedc, 0xaedc, 0xaedc, 0xaedc, 0xaedc, 0xaedc, 0xaedc, 
	0xaedc, 0xaedc, 0xaedc, 0xaedc, 0xaedc, 0xaedc, 0xaedc, 0xaedc, 0xaedc, 0xaedc, 0xaedc, 0xaedc, 0xaedc, 0xaedc, 0xaedc, 0xaedc, 
	0xaedc, 0xaedc, 0xaedc, 0xaedc, 0xaedc, 0xaedc, 0xaedc, 0xaedc, 0xaedc, 0xaedc, 0xaedc, 0xaedc, 0xaedc, 0xaedc, 0xaedc, 0xaedc, 
	0xaedc, 0xaedc, 0xaedc, 0xaedc, 0xaedc, 0xaedc, 0xaedc, 0xaedc, 0xaedc, 0xaedc, 0xaedc, 0xaedc, 0xaedc, 0xaedc, 0xaedc, 0xaedc, 
	0xaedc, 0xaedc, 0xaedc, 0xaedc, 0xaedc, 0xaedc, 0xaedc, 0xaedc, 0xaedc, 0xaedc, 0xaedc, 0xaedc, 0xaedc, 0xaedc, 0xaedc, 0xaedc, 
	0xaedc, 0xaedc, 0xaedc, 0xaedc, 0xaedc, 0xaedc, 0xaedc, 0xaedc, 0xaedc, 0xaedc, 0xaedc, 0xaedc, 0xaedc, 0xaedc, 0xaedc, 0xaedc, 
	0xaedc, 0xaedc, 0xaedc, 0xaedc, 0xaedc, 0xaedc, 0xaedc, 0xaedc, 0xaedc, 0xaedc, 0xaedc, 0xaedc, 0xaedc, 0xaedc, 0xaedc, 0xaedc, 
	0xaedc, 0xaedc, 0xaedc, 0xaedc, 0xaedc, 0xaedc, 0xaedc, 0xaedc, 0xaedc, 0xaedc, 0xaedc, 0xaedc, 0xaedc, 0xaedc, 0xaedc, 0xaedc, 
	0xaedc, 0xaedc, 0xaedc, 0xaedc, 0xaedc, 0xaedc, 0xaedc, 0xaedc, 0xaedc, 0xaedc, 0xaedc, 0xaedc, 0xaedc, 0xaedc, 0xaedc, 0xaedc, 
	0xaedc, 0xaedc, 0xaedc, 0xaedc, 0xaedc, 0xaedc, 0xaedc, 0xaedc, 0xaedc, 0xaedc, 0xaedc, 0xaedc, 0xaedc, 0xaedc, 0xaedc, 0xaedc, 
	0xaedc, 0xaedc, 0xaedc, 0xaedc, 0xaedc, 0xaedc, 0xaedc, 0xaedc, 0xaedc, 0xaedc, 0xaedc, 0xaedc, 0xaedc, 0xaedc, 0xaedc, 0xaedc, 
	0xaedc, 0xaedc, 0xaedc, 0xaedc, 0xaedc, 0xaedc, 0xaedc, 0xaedc, 0xaedc, 0xaedc, 0xaedc, 0xaedc, 0xaedc, 0xaedc, 0xaedc, 0xaedc, 
	0xaedc, 0xaedc, 0xaedc, 0xaedc, 0xaedc, 0xaedc, 0xaedc, 0xaedc, 0xaedc, 0xaedc, 0xaedc, 0xaedc, 0xaedc, 0xaedc, 0xaedc, 0xaedc, 
	0xaedc, 0xaedc, 0xaedc, 0xaedc, 0xaedc, 0xaedc, 0xaedc, 0xaedc, 0xaedc, 0xaedc, 0xaedc, 0xaedc, 0xaedc, 0xaedc, 0xaedc, 0xaedc, 
	0xaedc, 0xaedc, 0xaedc, 0xaedc, 0xaedc, 0xaedc, 0xaedc, 0xaedc, 0xaedc, 0xaedc, 0xaedc, 0xaedc, 0xaedc, 0xaedc, 0xaedc, 0xaedc, 
	0xaedc, 0xaedc, 0xaedc, 0xaedc, 0xaedc, 0xaedc, 0xaedc, 0xaedc, 0xaedc, 0xaedc, 0xaedc, 0xaedc, 0xaedc, 0xaedc, 0xaedc, 0xaedc, 
	0xaedc, 0xaedc, 0xaedc, 0xaedc, 0xaedc, 0xaedc, 0xaedc, 0xaedc, 0xaedc, 0xaedc, 0xaedc, 0xaedc, 0xaedc, 0xaedc, 0xaedc, 0xaedc, 
	0xaedc, 0xaedc, 0xaedc, 0xaedc, 0xaedc, 0xaedc, 0xaedc, 0xaedc, 0xaedc, 0xaedc, 0xaedc, 0xaedc, 0xaedc, 0xaedc, 0xaedc, 0xaedc, 
	0xaedc, 0xaedc, 0xaedc, 0xaedc, 0xaedc, 0xaedc, 0xaedc, 0xaedc, 0xaedc, 0xaedc, 0xaedc, 0xaedc, 0xaedc, 0xaedc, 0xaedc, 0xaedc, 
	0xaedc, 0xaedc, 0xaedc, 0xaedc, 0xaedc, 0xaedc, 0xaedc, 0xaedc, 0xaedc, 0xaedc, 0xaedc, 0xaedc, 0xaedc, 0xaedc, 0xaedc, 0xaedc, 
	0xaedc, 0xaedc, 0xaedc, 0xaedc, 0xaedc, 0xaedc, 0xaedc, 0xaedc, 0xaedc, 0xaedc, 0xaedc, 0xaedc, 0xaedc, 0xaedc, 0xaedc, 0xaedc, 
	0xaedc, 0xaedc, 0xaedc, 0xaedc, 0xaedc, 0xaedc, 0xaedc, 0xaedc, 0xaedc, 0xaedc, 0xaedc, 0xaedc, 0xaedc, 0xaedc, 0xaedc, 0xaedc, 
	0xaedc, 0xaedc, 0xaedc, 0xaedc, 0xaedc, 0xaedc, 0xaedc, 0xaedc, 0xaedc, 0xaedc, 0xaedc, 0xaedc, 0xaedc, 0xaedc, 0xaedc, 0xaedc, 
	0xaedc, 0xaedc, 0xaedc, 0xaedc, 0xaedc, 0xaedc, 0xaedc, 0xaedc, 0xaedc, 0xaedc, 0xaedc, 0xaedc, 0xaedc, 0xaedc, 0xaedc, 0xaedc, 
	0xaedc, 0xaedc, 0xaedc, 0xaedc, 0xaedc, 0xaedc, 0xaedc, 0xaedc, 0xaedc, 0xaedc, 0xaedc, 0xaedc, 0xaedc, 0xaedc, 0xaedc, 0xaedc, 
	0xaedc, 0xaedc, 0xaedc, 0xaedc, 0xaedc, 0xaedc, 0xaedc, 0xaedc, 0xaedc, 0xaedc, 0xaedc, 0xaedc, 0xaedc, 0xaedc, 0xaedc, 0xaedc, 
	0xaedc, 0xaedc, 0xaedc, 0xaedc, 0xaedc, 0xaedc, 0xaedc, 0xaedc, 0xaedc, 0xaedc, 0xaedc, 0xaedc, 0xaedc, 0xaedc, 0xaedc, 0xaedc, 
	0xaedc, 0xaedc, 0xaedc, 0xaedc, 0xaedc, 0xaedc, 0xaedc, 0xaedc, 0xaedc, 0xaedc, 0xaedc, 0xaedc, 0xaedc, 0xaedc, 0xaedc, 0xaedc, 
	0xaedc, 0xaedc, 0xaedc, 0xaedc, 0xaedc, 0xaedc, 0xaedc, 0xaedc, 0xaedc, 0xaedc, 0xaedc, 0xaedc, 0xaedc, 0xaedc, 0xaedc, 0xaedc, 
	0xaedc, 0xaedc, 0xaedc, 0xaedc, 0xaedc, 0xaedc, 0xaedc, 0xaedc, 0xaedc, 0xaedc, 0xaedc, 0xaedc, 0xaedc, 0xaedc, 0xaedc, 0xaedc, 
	0xaedc, 0xaedc, 0xaedc, 0xaedc, 0xaedc, 0xaedc, 0xaedc, 0xaedc, 0xaedc, 0xaedc, 0xaedc, 0xaedc, 0xaedc, 0xaedc, 0xaedc, 0xaedc, 
	0xaedc, 0xaedc, 0xaedc, 0xaedc, 0xaedc, 0xaedc, 0xaedc, 0xaedc, 0xaedc, 0xaedc, 0xaedc, 0xaedc, 0xaedc, 0xaedc, 0xaedc, 0xaedc, 
	0xaedc, 0xaedc, 0xaedc, 0xaedc, 0xaedc, 0xaedc, 0xaedc, 0xaedc, 0xaedc, 0xaedc, 0xaedc, 0xaedc, 0xaedc, 0xaedc, 0xaedc, 0xaedc, 
	0xaedc, 0xaedc, 0xaedc, 0xaedc, 0xaedc, 0xaedc, 0xaedc, 0xaedc, 0xaedc, 0xaedc, 0xaedc, 0xaedc, 0xaedc, 0xaedc, 0xaedc, 0xaedc, 
	0xaedc, 0xaedc, 0xaedc, 0xaedc, 0xaedc, 0xaedc, 0xaedc, 0xaedc, 0xaedc, 0xaedc, 0xaedc, 0xaedc, 0xaedc, 0xaedc, 0xaedc, 0xaedc, 
	0xaedc, 0xaedc, 0xaedc, 0xaedc, 0xaedc, 0xaedc, 0xaedc, 0xaedc, 0xaedc, 0xaedc, 0xaedc, 0xaedc, 0xaedc, 0xaedc, 0xaedc, 0xaedc, 
	0xaedc, 0xaedc, 0xaedc, 0xaedc, 0xaedc, 0xaedc, 0xaedc, 0xaedc, 0xaedc, 0xaedc, 0xaedc, 0xaedc, 0xaedc, 0xaedc, 0xaedc, 0xaedc, 
	0xaedc, 0xaedc, 0xaedc, 0xaedc, 0xaedc, 0xaedc, 0xaedc, 0xaedc, 0xaedc, 0xaedc, 0xaedc, 0xaedc, 0xaedc, 0xaedc, 0xaedc, 0xaedc, 
	0xaedc, 0xaedc, 0xaedc, 0xaedc, 0xaedc, 0xaedc, 0xaedc, 0xaedc, 0xaedc, 0xaedc, 0xaedc, 0xaedc, 0xaedc, 0xaedc, 0xaedc, 0xaedc, 
	0xaedc, 0xaedc, 0xaedc, 0xaedc, 0xaedc, 0xaedc, 0xaedc, 0xaedc, 0xaedc, 0xaedc, 0xaedc, 0xaedc, 0xaedc, 0xaedc, 0xaedc, 0xaedc, 
	0xaedc, 0xaedc, 0xaedc, 0xaedc, 0xaedc, 0xaedc, 0xaedc, 0xaedc, 0xaedc, 0xaedc, 0xaedc, 0xaedc, 0xaedc, 0xaedc, 0xaedc, 0xaedc, 
	0xaedc, 0xaedc, 0xaedc, 0xaedc, 0xaedc, 0xaedc, 0xaedc, 0xaedc, 0xaedc, 0xaedc, 0xaedc, 0xaedc, 0xaedc, 0xaedc, 0xaedc, 0xaedc, 
	0xaedc, 0xaedc, 0xaedc, 0xaedc, 0xaedc, 0xaedc, 0xaedc, 0xaedc, 0xaedc, 0xaedc, 0xaedc, 0xaedc, 0xaedc, 0xaedc, 0xaedc, 0xaedc, 
	0xaedc, 0xaedc, 0xaedc, 0xaedc, 0xaedc, 0xaedc, 0xaedc, 0xaedc, 0xaedc, 0xaedc, 0xaedc, 0xaedc, 0xaedc, 0xaedc, 0xaedc, 0xaedc, 
	0xaedc, 0xaedc, 0xaedc, 0xaedc, 0xaedc, 0xaedc, 0xaedc, 0xaedc, 0xaedc, 0xaedc, 0xaedc, 0xaedc, 0xaedc, 0xaedc, 0xaedc, 0xaedc, 
	0xaedc, 0xaedc, 0xaedc, 0xaedc, 0xaedc, 0xaedc, 0xaedc, 0xaedc, 0xaedc, 0xaedc, 0xaedc, 0xaedc, 0xaedc, 0xaedc, 0xaedc, 0xaedc, 
	0xaedc, 0xaedc, 0xaedc, 0xaedc, 0xaedc, 0xaedc, 0xaedc, 0xaedc, 0xaedc, 0xaedc, 0xaedc, 0xaedc, 0xaedc, 0xaedc, 0xaedc, 0xaedc, 
	0xaedc, 0xaedc, 0xaedc, 0xaedc, 0xaedc, 0xaedc, 0xaedc, 0xaedc, 0xaedc, 0xaedc, 0xaedc, 0xaedc, 0xaedc, 0xaedc, 0xaedc, 0xaedc, 
	0xaedc, 0xaedc, 0xaedc, 0xaedc, 0xaedc, 0xaedc, 0xaedc, 0xaedc, 0xaedc, 0xaedc, 0xaedc, 0xaedc, 0xaedc, 0xaedc, 0xaedc, 0xaedc, 
	0xaedc, 0xaedc, 0xaedc, 0xaedc, 0xaedc, 0xaedc, 0xaedc, 0xaedc, 0xaedc, 0xaedc, 0xaedc, 0xaedc, 0xaedc, 0xaedc, 0xaedc, 0xaedc, 
	0xaedc, 0xaedc, 0xaedc, 0xaedc, 0xaedc, 0xaedc, 0xaedc, 0xaedc, 0xaedc, 0xaedc, 0xaedc, 0xaedc, 0xaedc, 0xaedc, 0xaedc, 0xaedc, 
	0xaedc, 0xaedc, 0xaedc, 0xaedc, 0xaedc, 0xaedc, 0xaedc, 0xaedc, 0xaedc, 0xaedc, 0xaedc, 0xaedc, 0xaedc, 0xaedc, 0xaedc, 0xaedc, 
	0xaedc, 0xaedc, 0xaedc, 0xaedc, 0xaedc, 0xaedc, 0xaedc, 0xaedc, 0xaedc, 0xaedc, 0xaedc, 0xaedc, 0xaedc, 0xaedc, 0xaedc, 0xaedc, 
	0xaedc, 0xaedc, 0xaedc, 0xaedc, 0xaedc, 0xaedc, 0xaedc, 0xaedc, 0xaedc, 0xaedc, 0xaedc, 0xaedc, 0xaedc, 0xaedc, 0xaedc, 0xaedc, 
	0xaedc, 0xaedc, 0xaedc, 0xaedc, 0xaedc, 0xaedc, 0xaedc, 0xaedc, 0xaedc, 0xaedc, 0xaedc, 0xaedc, 0xaedc, 0xaedc, 0xaedc, 0xaedc, 
	0xaedc, 0xaedc, 0xaedc, 0xaedc, 0xaedc, 0xaedc, 0xaedc, 0xaedc, 0xaedc, 0xaedc, 0xaedc, 0xaedc, 0xaedc, 0xaedc, 0xaedc, 0xaedc, 
	0xaedc, 0xaedc, 0xaedc, 0xaedc, 0xaedc, 0xaedc, 0xaedc, 0xaedc, 0xaedc, 0xaedc, 0xaedc, 0xaedc, 0xaedc, 0xaedc, 0xaedc, 0xaedc, 
	0xaedc, 0xaedc, 0xaedc, 0xaedc, 0xaedc, 0xaedc, 0xaedc, 0xaedc, 0xaedc, 0xaedc, 0xaedc, 0xaedc, 0xaedc, 0xaedc, 0xaedc, 0xaedc, 
	0xaedc, 0xaedc, 0xaedc, 0xaedc, 0xaedc, 0xaedc, 0xaedc, 0xaedc, 0xaedc, 0xaedc, 0xaedc, 0xaedc, 0xaedc, 0xaedc, 0xaedc, 0xaedc, 
	0xaedc, 0xaedc, 0xaedc, 0xaedc, 0xaedc, 0xaedc, 0xaedc, 0xaedc, 0xaedc, 0xaedc, 0xaedc, 0xaedc, 0xaedc, 0xaedc, 0xaedc, 0xaedc, 
	0xaedc, 0xaedc, 0xaedc, 0xaedc, 0xaedc, 0xaedc, 0xaedc, 0xaedc, 0xaedc, 0xaedc, 0xaedc, 0xaedc, 0xaedc, 0xaedc, 0xaedc, 0xaedc, 
	0xaedc, 0xaedc, 0xaedc, 0xaedc, 0xaedc, 0xaedc, 0xaedc, 0xaedc, 0xaedc, 0xaedc, 0xaedc, 0xaedc, 0xaedc, 0xaedc, 0xaedc, 0xaedc, 
	0xaedc, 0xaedc, 0xaedc, 0xaedc, 0xaedc, 0xaedc, 0xaedc, 0xaedc, 0xaedc, 0xaedc, 0xaedc, 0xaedc, 0xaedc, 0xaedc, 0xaedc, 0xaedc, 
	0xaedc, 0xaedc, 0xaedc, 0xaedc, 0xaedc, 0xaedc, 0xaedc, 0xaedc, 0xaedc, 0xaedc, 0xaedc, 0xaedc, 0xaedc, 0xaedc, 0xaedc, 0xaedc, 
	0xaedc, 0xaedc, 0xaedc, 0xaedc, 0xaedc, 0xaedc, 0xaedc, 0xaedc, 0xaedc, 0xaedc, 0xaedc, 0xaedc, 0xaedc, 0xaedc, 0xaedc, 0xaedc, 
	0xaedc, 0xaedc, 0xaedc, 0xaedc, 0xaedc, 0xaedc, 0xaedc, 0xaedc, 0xaedc, 0xaedc, 0xaedc, 0xaedc, 0xaedc, 0xaedc, 0xaedc, 0xaedc, 
	0xaedc, 0xaedc, 0xaedc, 0xaedc, 0xaedc, 0xaedc, 0xaedc, 0xaedc, 0xaedc, 0xaedc, 0xaedc, 0xaedc, 0xaedc, 0xaedc, 0xaedc, 0xaedc, 
	0xaedc, 0xaedc, 0xaedc, 0xaedc, 0xaedc, 0xaedc, 0xaedc, 0xaedc, 0xaedc, 0xaedc, 0xaedc, 0xaedc, 0xaedc, 0xaedc, 0xaedc, 0xaedc, 
	0xaedc, 0xaedc, 0xaedc, 0xaedc, 0xaedc, 0xaedc, 0xaedc, 0xaedc, 0xaedc, 0xaedc, 0xaedc, 0xaedc, 0xaedc, 0xaedc, 0xaedc, 0xaedc, 
	0xaedc, 0xaedc, 0xaedc, 0xaedc, 0xaedc, 0xaedc, 0xaedc, 0xaedc, 0xaedc, 0xaedc, 0xaedc, 0xaedc, 0xaedc, 0xaedc, 0xaedc, 0xaedc, 
	0xaedc, 0xaedc, 0xaedc, 0xaedc, 0xaedc, 0xaedc, 0xaedc, 0xaedc, 0xaedc, 0xaedc, 0xaedc, 0xaedc, 0xaedc, 0xaedc, 0xaedc, 0xaedc, 
	0xaedc, 0xaedc, 0xaedc, 0xaedc, 0xaedc, 0xaedc, 0xaedc, 0xaedc, 0xaedc, 0xaedc, 0xaedc, 0xaedc, 0xaedc, 0xaedc, 0xaedc, 0xaedc, 
	0xaedc, 0xaedc, 0xaedc, 0xaedc, 0xaedc, 0xaedc, 0xaedc, 0xaedc, 0xaedc, 0xaedc, 0xaedc, 0xaedc, 0xaedc, 0xaedc, 0xaedc, 0xaedc, 
	0xaedc, 0xaedc, 0xaedc, 0xaedc, 0xaedc, 0xaedc, 0xaedc, 0xaedc, 0xaedc, 0xaedc, 0xaedc, 0xaedc, 0xaedc, 0xaedc, 0xaedc, 0xaedc, 
	0xaedc, 0xaedc, 0xaedc, 0xaedc, 0xaedc, 0xaedc, 0xaedc, 0xaedc, 0xaedc, 0xaedc, 0xaedc, 0xaedc, 0xaedc, 0xaedc, 0xaedc, 0xaedc, 
	0xaedc, 0xaedc, 0xaedc, 0xaedc, 0xaedc, 0xaedc, 0xaedc, 0xaedc, 0xaedc, 0xaedc, 0xaedc, 0xaedc, 0xaedc, 0xaedc, 0xaedc, 0xaedc, 
	0xaedc, 0xaedc, 0xaedc, 0xaedc, 0xaedc, 0xaedc, 0xaedc, 0xaedc, 0xaedc, 0xaedc, 0xaedc, 0xaedc, 0xaedc, 0xaedc, 0xaedc, 0xaedc, 
	0xaedc, 0xaedc, 0xaedc, 0xaedc, 0xaedc, 0xaedc, 0xaedc, 0xaedc, 0xaedc, 0xaedc, 0xaedc, 0xaedc, 0xaedc, 0xaedc, 0xaedc, 0xaedc, 
	0xaedc, 0xaedc, 0xaedc, 0xaedc, 0xaedc, 0xaedc, 0xaedc, 0xaedc, 0xaedc, 0xaedc, 0xaedc, 0xaedc, 0xaedc, 0xaedc, 0xaedc, 0xaedc, 
	0xaedc, 0xaedc, 0xaedc, 0xaedc, 0xaedc, 0xaedc, 0xaedc, 0xaedc, 0xaedc, 0xaedc, 0xaedc, 0xaedc, 0xaedc, 0xaedc, 0xaedc, 0xaedc, 
	0xaedc, 0xaedc, 0xaedc, 0xaedc, 0xaedc, 0xaedc, 0xaedc, 0xaedc, 0xaedc, 0xaedc, 0xaedc, 0xaedc, 0xaedc, 0xaedc, 0xaedc, 0xaedc, 
	0xaedc, 0xaedc, 0xaedc, 0xaedc, 0xaedc, 0xaedc, 0xaedc, 0xaedc, 0xaedc, 0xaedc, 0xaedc, 0xaedc, 0xaedc, 0xaedc, 0xaedc, 0xaedc, 
	0xaedc, 0xaedc, 0xaedc, 0xaedc, 0xaedc, 0xaedc, 0xaedc, 0xaedc, 0xaedc, 0xaedc, 0xaedc, 0xaedc, 0xaedc, 0xaedc, 0xaedc, 0xaedc, 
	0xaedc, 0xaedc, 0xaedc, 0xaedc, 0xaedc, 0xaedc, 0xaedc, 0xaedc, 0xaedc, 0xaedc, 0xaedc, 0xaedc, 0xaedc, 0xaedc, 0xaedc, 0xaedc, 
	0xaedc, 0xaedc, 0xaedc, 0xaedc, 0xaedc, 0xaedc, 0xaedc, 0xaedc, 0xaedc, 0xaedc, 0xaedc, 0xaedc, 0xaedc, 0xaedc, 0xaedc, 0xaedc, 
	0xaedc, 0xaedc, 0xaedc, 0xaedc, 0xaedc, 0xaedc, 0xaedc, 0xaedc, 0xaedc, 0xaedc, 0xaedc, 0xaedc, 0xaedc, 0xaedc, 0xaedc, 0xaedc, 
	0xaedc, 0xaedc, 0xaedc, 0xaedc, 0xaedc, 0xaedc, 0xaedc, 0xaedc, 0xaedc, 0xaedc, 0xaedc, 0xaedc, 0xaedc, 0xaedc, 0xaedc, 0xaedc, 
	0xaedc, 0xaedc, 0xaedc, 0xaedc, 0xaedc, 0xaedc, 0xaedc, 0xaedc, 0xaedc, 0xaedc, 0xaedc, 0xaedc, 0xaedc, 0xaedc, 0xaedc, 0xaedc, 
	0xaedc, 0xaedc, 0xaedc, 0xaedc, 0xaedc, 0xaedc, 0xaedc, 0xaedc, 0xaedc, 0xaedc, 0xaedc, 0xaedc, 0xaedc, 0xaedc, 0xaedc, 0xaedc, 
	0xaedc, 0xaedc, 0xaedc, 0xaedc, 0xaedc, 0xaedc, 0xaedc, 0xaedc, 0xaedc, 0xaedc, 0xaedc, 0xaedc, 0xaedc, 0xaedc, 0xaedc, 0xaedc, 
	0xaedc, 0xaedc, 0xaedc, 0xaedc, 0xaedc, 0xaedc, 0xaedc, 0xaedc, 0xaedc, 0xaedc, 0xaedc, 0xaedc, 0xaedc, 0xaedc, 0xaedc, 0xaedc, 
	0xaedc, 0xaedc, 0xaedc, 0xaedc, 0xaedc, 0xaedc, 0xaedc, 0xaedc, 0xaedc, 0xaedc, 0xaedc, 0xaedc, 0xaedc, 0xaedc, 0xaedc, 0xaedc, 
	0xaedc, 0xaedc, 0xaedc, 0xaedc, 0xaedc, 0xaedc, 0xaedc, 0xaedc, 0xaedc, 0xaedc, 0xaedc, 0xaedc, 0xaedc, 0xaedc, 0xaedc, 0xaedc, 
	0xaedc, 0xaedc, 0xaedc, 0xaedc, 0xaedc, 0xaedc, 0xaedc, 0xaedc, 0xaedc, 0xaedc, 0xaedc, 0xaedc, 0xaedc, 0xaedc, 0xaedc, 0xaedc, 
	0xaedc, 0xaedc, 0xaedc, 0xaedc, 0xaedc, 0xaedc, 0xaedc, 0xaedc, 0xaedc, 0xaedc, 0xaedc, 0xaedc, 0xaedc, 0xaedc, 0xaedc, 0xaedc, 
	0xaedc, 0xaedc, 0xaedc, 0xaedc, 0xaedc, 0xaedc, 0xaedc, 0xaedc, 0xaedc, 0xaedc, 0xaedc, 0xaedc, 0xaedc, 0xaedc, 0xaedc, 0xaedc, 
	0xaedc, 0xaedc, 0xaedc, 0xaedc, 0xaedc, 0xaedc, 0xaedc, 0xaedc, 0xaedc, 0xaedc, 0xaedc, 0xaedc, 0xaedc, 0xaedc, 0xaedc, 0xaedc, 
	0xaedc, 0xaedc, 0xaedc, 0xaedc, 0xaedc, 0xaedc, 0xaedc, 0xaedc, 0xaedc, 0xaedc, 0xaedc, 0xaedc, 0xaedc, 0xaedc, 0xaedc, 0xaedc, 
	0xaedc, 0xaedc, 0xaedc, 0xaedc, 0xaedc, 0xaedc, 0xaedc, 0xaedc, 0xaedc, 0xaedc, 0xaedc, 0xaedc, 0xaedc, 0xaedc, 0xaedc, 0xaedc, 
	0xaedc, 0xaedc, 0xaedc, 0xaedc, 0xaedc, 0xaedc, 0xaedc, 0xaedc, 0xaedc, 0xaedc, 0xaedc, 0xaedc, 0xaedc, 0xaedc, 0xaedc, 0xaedc, 
	0xaedc, 0xaedc, 0xaedc, 0xaedc, 0xaedc, 0xaedc, 0xaedc, 0xaedc, 0xaedc, 0xaedc, 0xaedc, 0xaedc, 0xaedc, 0xaedc, 0xaedc, 0xaedc, 
	0xaedc, 0xaedc, 0xaedc, 0xaedc, 0xaedc, 0xaedc, 0xaedc, 0xaedc, 0xaedc, 0xaedc, 0xaedc, 0xaedc, 0xaedc, 0xaedc, 0xaedc, 0xaedc, 
	0xaedc, 0xaedc, 0xaedc, 0xaedc, 0xaedc, 0xaedc, 0xaedc, 0xaedc, 0xaedc, 0xaedc, 0xaedc, 0xaedc, 0xaedc, 0xaedc, 0xaedc, 0xaedc, 
	0xaedc, 0xaedc, 0xaedc, 0xaedc, 0xaedc, 0xaedc, 0xaedc, 0xaedc, 0xaedc, 0xaedc, 0xaedc, 0xaedc, 0xaedc, 0xaedc, 0xaedc, 0xaedc, 
	0xaedc, 0xaedc, 0xaedc, 0xaedc, 0xaedc, 0xaedc, 0xaedc, 0xaedc, 0xaedc, 0xaedc, 0xaedc, 0xaedc, 0xaedc, 0xaedc, 0xaedc, 0xaedc, 
	0xaedc, 0xaedc, 0xaedc, 0xaedc, 0xaedc, 0xaedc, 0xaedc, 0xaedc, 0xaedc, 0xaedc, 0xaedc, 0xaedc, 0xaedc, 0xaedc, 0xaedc, 0xaedc, 
	0xaedc, 0xaedc, 0xaedc, 0xaedc, 0xaedc, 0xaedc, 0xaedc, 0xaedc, 0xaedc, 0xaedc, 0xaedc, 0xaedc, 0xaedc, 0xaedc, 0xaedc, 0xaedc, 
	0xaedc, 0xaedc, 0xaedc, 0xaedc, 0xaedc, 0xaedc, 0xaedc, 0xaedc, 0xaedc, 0xaedc, 0xaedc, 0xaedc, 0xaedc, 0xaedc, 0xaedc, 0xaedc, 
	0xaedc, 0xaedc, 0xaedc, 0xaedc, 0xaedc, 0xaedc, 0xaedc, 0xaedc, 0xaedc, 0xaedc, 0xaedc, 0xaedc, 0xaedc, 0xaedc, 0xaedc, 0xaedc, 
	0xaedc, 0xaedc, 0xaedc, 0xaedc, 0xaedc, 0xaedc, 0xaedc, 0xaedc, 0xaedc, 0xaedc, 0xaedc, 0xaedc, 0xaedc, 0xaedc, 0xaedc, 0xaedc, 
	0xaedc, 0xaedc, 0xaedc, 0xaedc, 0xaedc, 0xaedc, 0xaedc, 0xaedc, 0xaedc, 0xaedc, 0xaedc, 0xaedc, 0xaedc, 0xaedc, 0xaedc, 0xaedc, 
	0xaedc, 0xaedc, 0xaedc, 0xaedc, 0xaedc, 0xaedc, 0xaedc, 0xaedc, 0xaedc, 0xaedc, 0xaedc, 0xaedc, 0xaedc, 0xaedc, 0xaedc, 0xaedc, 
	0xaedc, 0xaedc, 0xaedc, 0xaedc, 0xaedc, 0xaedc, 0xaedc, 0xaedc, 0xaedc, 0xaedc, 0xaedc, 0xaedc, 0xaedc, 0xaedc, 0xaedc, 0xaedc, 
	0xaedc, 0xaedc, 0xaedc, 0xaedc, 0xaedc, 0xaedc, 0xaedc, 0xaedc, 0xaedc, 0xaedc, 0xaedc, 0xaedc, 0xaedc, 0xaedc, 0xaedc, 0xaedc, 
	0xaedc, 0xaedc, 0xaedc, 0xaedc, 0xaedc, 0xaedc, 0xaedc, 0xaedc, 0xaedc, 0xaedc, 0xaedc, 0xaedc, 0xaedc, 0xaedc, 0xaedc, 0xaedc, 
	0xaedc, 0xaedc, 0xaedc, 0xaedc, 0xaedc, 0xaedc, 0xaedc, 0xaedc, 0xaedc, 0xaedc, 0xaedc, 0xaedc, 0xaedc, 0xaedc, 0xaedc, 0xaedc, 
	0xaedc, 0xaedc, 0xaedc, 0xaedc, 0xaedc, 0xaedc, 0xaedc, 0xaedc, 0xaedc, 0xaedc, 0xaedc, 0xaedc, 0xaedc, 0xaedc, 0xaedc, 0xaedc, 
	0xaedc, 0xaedc, 0xaedc, 0xaedc, 0xaedc, 0xaedc, 0xaedc, 0xaedc, 0xaedc, 0xaedc, 0xaedc, 0xaedc, 0xaedc, 0xaedc, 0xaedc, 0xaedc, 
	0xaedc, 0xaedc, 0xaedc, 0xaedc, 0xaedc, 0xaedc, 0xaedc, 0xaedc, 0xaedc, 0xaedc, 0xaedc, 0xaedc, 0xaedc, 0xaedc, 0xaedc, 0xaedc, 
	0xaedc, 0xaedc, 0xaedc, 0xaedc, 0xaedc, 0xaedc, 0xaedc, 0xaedc, 0xaedc, 0xaedc, 0xaedc, 0xaedc, 0xaedc, 0xaedc, 0xaedc, 0xaedc, 
	0xaedc, 0xaedc, 0xaedc, 0xaedc, 0xaedc, 0xaedc, 0xaedc, 0xaedc, 0xaedc, 0xaedc, 0xaedc, 0xaedc, 0xaedc, 0xaedc, 0xaedc, 0xaedc, 
	0xaedc, 0xaedc, 0xaedc, 0xaedc, 0xaedc, 0xaedc, 0xaedc, 0xaedc, 0xaedc, 0xaedc, 0xaedc, 0xaedc, 0xaedc, 0xaedc, 0xaedc, 0xaedc, 
	0xaedc, 0xaedc, 0xaedc, 0xaedc, 0xaedc, 0xaedc, 0xaedc, 0xaedc, 0xaedc, 0xaedc, 0xaedc, 0xaedc, 0xaedc, 0xaedc, 0xaedc, 0xaedc, 
	0xaedc, 0xaedc, 0xaedc, 0xaedc, 0xaedc, 0xaedc, 0xaedc, 0xaedc, 0xaedc, 0xaedc, 0xaedc, 0xaedc, 0xaedc, 0xaedc, 0xaedc, 0xaedc, 
	0xaedc, 0xaedc, 0xaedc, 0xaedc, 0xaedc, 0xaedc, 0xaedc, 0xaedc, 0xaedc, 0xaedc, 0xaedc, 0xaedc, 0xaedc, 0xaedc, 0xaedc, 0xaedc, 
	0xaedc, 0xaedc, 0xaedc, 0xaedc, 0xaedc, 0xaedc, 0xaedc, 0xaedc, 0xaedc, 0xaedc, 0xaedc, 0xaedc, 0xaedc, 0xaedc, 0xaedc, 0xaedc, 
	0xaedc, 0xaedc, 0xaedc, 0xaedc, 0xaedc, 0xaedc, 0xaedc, 0xaedc, 0xaedc, 0xaedc, 0xaedc, 0xaedc, 0xaedc, 0xaedc, 0xaedc, 0xaedc, 
	0xaedc, 0xaedc, 0xaedc, 0xaedc, 0xaedc, 0xaedc, 0xaedc, 0xaedc, 0xaedc, 0xaedc, 0xaedc, 0xaedc, 0xaedc, 0xaedc, 0xaedc, 0xaedc, 
	0xaedc, 0xaedc, 0xaedc, 0xaedc, 0xaedc, 0xaedc, 0xaedc, 0xaedc, 0xaedc, 0xaedc, 0xaedc, 0xaedc, 0xaedc, 0xaedc, 0xaedc, 0xaedc, 
	0xaedc, 0xaedc, 0xaedc, 0xaedc, 0xaedc, 0xaedc, 0xaedc, 0xaedc, 0xaedc, 0xaedc, 0xaedc, 0xaedc, 0xaedc, 0xaedc, 0xaedc, 0xaedc, 
	0xaedc, 0xaedc, 0xaedc, 0xaedc, 0xaedc, 0xaedc, 0xaedc, 0xaedc, 0xaedc, 0xaedc, 0xaedc, 0xaedc, 0xaedc, 0xaedc, 0xaedc, 0xaedc, 
	0xaedc, 0xaedc, 0xaedc, 0xaedc, 0xaedc, 0xaedc, 0xaedc, 0xaedc, 0xaedc, 0xaedc, 0xaedc, 0xaedc, 0xaedc, 0xaedc, 0xaedc, 0xaedc, 
	0xaedc, 0xaedc, 0xaedc, 0xaedc, 0xaedc, 0xaedc, 0xaedc, 0xaedc, 0xaedc, 0xaedc, 0xaedc, 0xaedc, 0xaedc, 0xaedc, 0xaedc, 0xaedc, 
	0xaedc, 0xaedc, 0xaedc, 0xaedc, 0xaedc, 0xaedc, 0xaedc, 0xaedc, 0xaedc, 0xaedc, 0xaedc, 0xaedc, 0xaedc, 0xaedc, 0xaedc, 0xaedc, 
	0xaedc, 0xaedc, 0xaedc, 0xaedc, 0xaedc, 0xaedc, 0xaedc, 0xaedc, 0xaedc, 0xaedc, 0xaedc, 0xaedc, 0xaedc, 0xaedc, 0xaedc, 0xaedc, 
	0xaedc, 0xaedc, 0xaedc, 0xaedc, 0xaedc, 0xaedc, 0xaedc, 0xaedc, 0xaedc, 0xaedc, 0xaedc, 0xaedc, 0xaedc, 0xaedc, 0xaedc, 0xaedc, 
	0xaedc, 0xaedc, 0xaedc, 0xaedc, 0xaedc, 0xaedc, 0xaedc, 0xaedc, 0xaedc, 0xaedc, 0xaedc, 0xaedc, 0xaedc, 0xaedc, 0xaedc, 0xaedc, 
	0xaedc, 0xaedc, 0xaedc, 0xaedc, 0xaedc, 0xaedc, 0xaedc, 0xaedc, 0xaedc, 0xaedc, 0xaedc, 0xaedc, 0xaedc, 0xaedc, 0xaedc, 0xaedc, 
	0xaedc, 0xaedc, 0xaedc, 0xaedc, 0xaedc, 0xaedc, 0xaedc, 0xaedc, 0xaedc, 0xaedc, 0xaedc, 0xaedc, 0xaedc, 0xaedc, 0xaedc, 0xaedc, 
	0xaedc, 0xaedc, 0xaedc, 0xaedc, 0xaedc, 0xaedc, 0xaedc, 0xaedc, 0xaedc, 0xaedc, 0xaedc, 0xaedc, 0xaedc, 0xaedc, 0xaedc, 0xaedc, 
	0xaedc, 0xaedc, 0xaedc, 0xaedc, 0xaedc, 0xaedc, 0xaedc, 0xaedc, 0xaedc, 0xaedc, 0xaedc, 0xaedc, 0xaedc, 0xaedc, 0xaedc, 0xaedc, 
	0xaedc, 0xaedc, 0xaedc, 0xaedc, 0xaedc, 0xaedc, 0xaedc, 0xaedc, 0xaedc, 0xaedc, 0xaedc, 0xaedc, 0xaedc, 0xaedc, 0xaedc, 0xaedc, 
	0xaedc, 0xaedc, 0xaedc, 0xaedc, 0xaedc, 0xaedc, 0xaedc, 0xaedc, 0xaedc, 0xaedc, 0xaedc, 0xaedc, 0xaedc, 0xaedc, 0xaedc, 0xaedc, 
	0xaedc, 0xaedc, 0xaedc, 0xaedc, 0xaedc, 0xaedc, 0xaedc, 0xaedc, 0xaedc, 0xaedc, 0xaedc, 0xaedc, 0xaedc, 0xaedc, 0xaedc, 0xaedc, 
	0xaedc, 0xaedc, 0xaedc, 0xaedc, 0xaedc, 0xaedc, 0xaedc, 0xaedc, 0xaedc, 0xaedc, 0xaedc, 0xaedc, 0xaedc, 0xaedc, 0xaedc, 0xaedc, 
	0xaedc, 0xaedc, 0xaedc, 0xaedc, 0xaedc, 0xaedc, 0xaedc, 0xaedc, 0xaedc, 0xaedc, 0xaedc, 0xaedc, 0xaedc, 0xaedc, 0xaedc, 0xaedc, 
	0xaedc, 0xaedc, 0xaedc, 0xaedc, 0xaedc, 0xaedc, 0xaedc, 0xaedc, 0xaedc, 0xaedc, 0xaedc, 0xaedc, 0xaedc, 0xaedc, 0xaedc, 0xaedc, 
	0xaedc, 0xaedc, 0xaedc, 0xaedc, 0xaedc, 0xaedc, 0xaedc, 0xaedc, 0xaedc, 0xaedc, 0xaedc, 0xaedc, 0xaedc, 0xaedc, 0xaedc, 0xaedc, 
	0xaedc, 0xaedc, 0xaedc, 0xaedc, 0xaedc, 0xaedc, 0xaedc, 0xaedc, 0xaedc, 0xaedc, 0xaedc, 0xaedc, 0xaedc, 0xaedc, 0xaedc, 0xaedc, 
	0xaedc, 0xaedc, 0xaedc, 0xaedc, 0xaedc, 0xaedc, 0xaedc, 0xaedc, 0xaedc, 0xaedc, 0xaedc, 0xaedc, 0xaedc, 0xaedc, 0xaedc, 0xaedc, 
	0xaedc, 0xaedc, 0xaedc, 0xaedc, 0xaedc, 0xaedc, 0xaedc, 0xaedc, 0xaedc, 0xaedc, 0xaedc, 0xaedc, 0xaedc, 0xaedc, 0xaedc, 0xaedc, 
	0xaedc, 0xaedc, 0xaedc, 0xaedc, 0xaedc, 0xaedc, 0xaedc, 0xaedc, 0xaedc, 0xaedc, 0xaedc, 0xaedc, 0xaedc, 0xaedc, 0xaedc, 0xaedc, 
	0xaedc, 0xaedc, 0xaedc, 0xaedc, 0xaedc, 0xaedc, 0xaedc, 0xaedc, 0xaedc, 0xaedc, 0xaedc, 0xaedc, 0xaedc, 0xaedc, 0xaedc, 0xaedc, 
	0xaedc, 0xaedc, 0xaedc, 0xaedc, 0xaedc, 0xaedc, 0xaedc, 0xaedc, 0xaedc, 0xaedc, 0xaedc, 0xaedc, 0xaedc, 0xaedc, 0xaedc, 0xaedc, 
	0xaedc, 0xaedc, 0xaedc, 0xaedc, 0xaedc, 0xaedc, 0xaedc, 0xaedc, 0xaedc, 0xaedc, 0xaedc, 0xaedc, 0xaedc, 0xaedc, 0xaedc, 0xaedc, 
	0xaedc, 0xaedc, 0xaedc, 0xaedc, 0xaedc, 0xaedc, 0xaedc, 0xaedc, 0xaedc, 0xaedc, 0xaedc, 0xaedc, 0xaedc, 0xaedc, 0xaedc, 0xaedc, 
	0xaedc, 0xaedc, 0xaedc, 0xaedc, 0xaedc, 0xaedc, 0xaedc, 0xaedc, 0xaedc, 0xaedc, 0xaedc, 0xaedc, 0xaedc, 0xaedc, 0xaedc, 0xaedc, 
	0xaedc, 0xaedc, 0xaedc, 0xaedc, 0xaedc, 0xaedc, 0xaedc, 0xaedc, 0xaedc, 0xaedc, 0xaedc, 0xaedc, 0xaedc, 0xaedc, 0xaedc, 0xaedc, 
	0xaedc, 0xaedc, 0xaedc, 0xaedc, 0xaedc, 0xaedc, 0xaedc, 0xaedc, 0xaedc, 0xaedc, 0xaedc, 0xaedc, 0xaedc, 0xaedc, 0xaedc, 0xaedc, 
	0xaedc, 0xaedc, 0xaedc, 0xaedc, 0xaedc, 0xaedc, 0xaedc, 0xaedc, 0xaedc, 0xaedc, 0xaedc, 0xaedc, 0xaedc, 0xaedc, 0xaedc, 0xaedc, 
	0xaedc, 0xaedc, 0xaedc, 0xaedc, 0xaedc, 0xaedc, 0xaedc, 0xaedc, 0xaedc, 0xaedc, 0xaedc, 0xaedc, 0xaedc, 0xaedc, 0xaedc, 0xaedc, 
	0xaedc, 0xaedc, 0xaedc, 0xaedc, 0xaedc, 0xaedc, 0xaedc, 0xaedc, 0xaedc, 0xaedc, 0xaedc, 0xaedc, 0xaedc, 0xaedc, 0xaedc, 0xaedc, 
	0xaedc, 0xaedc, 0xaedc, 0xaedc, 0xaedc, 0xaedc, 0xaedc, 0xaedc, 0xaedc, 0xaedc, 0xaedc, 0xaedc, 0xaedc, 0xaedc, 0xaedc, 0xaedc, 
	0xaedc, 0xaedc, 0xaedc, 0xaedc, 0xaedc, 0xaedc, 0xaedc, 0xaedc, 0xaedc, 0xaedc, 0xaedc, 0xaedc, 0xaedc, 0xaedc, 0xaedc, 0xaedc, 
	0xaedc, 0xaedc, 0xaedc, 0xaedc, 0xaedc, 0xaedc, 0xaedc, 0xaedc, 0xaedc, 0xaedc, 0xaedc, 0xaedc, 0xaedc, 0xaedc, 0xaedc, 0xaedc, 
	0xaedc, 0xaedc, 0xaedc, 0xaedc, 0xaedc, 0xaedc, 0xaedc, 0xaedc, 0xaedc, 0xaedc, 0xaedc, 0xaedc, 0xaedc, 0xaedc, 0xaedc, 0xaedc, 
	0xaedc, 0xaedc, 0xaedc, 0xaedc, 0xaedc, 0xaedc, 0xaedc, 0xaedc, 0xaedc, 0xaedc, 0xaedc, 0xaedc, 0xaedc, 0xaedc, 0xaedc, 0xaedc, 
	0xaedc, 0xaedc, 0xaedc, 0xaedc, 0xaedc, 0xaedc, 0xaedc, 0xaedc, 0xaedc, 0xaedc, 0xaedc, 0xaedc, 0xaedc, 0xaedc, 0xaedc, 0xaedc, 
	0xaedc, 0xaedc, 0xaedc, 0xaedc, 0xaedc, 0xaedc, 0xaedc, 0xaedc, 0xaedc, 0xaedc, 0xaedc, 0xaedc, 0xaedc, 0xaedc, 0xaedc, 0xaedc, 
	0xaedc, 0xaedc, 0xaedc, 0xaedc, 0xaedc, 0xaedc, 0xaedc, 0xaedc, 0xaedc, 0xaedc, 0xaedc, 0xaedc, 0xaedc, 0xaedc, 0xaedc, 0xaedc, 
	0xaedc, 0xaedc, 0xaedc, 0xaedc, 0xaedc, 0xaedc, 0xaedc, 0xaedc, 0xaedc, 0xaedc, 0xaedc, 0xaedc, 0xaedc, 0xaedc, 0xaedc, 0xaedc, 
	0xaedc, 0xaedc, 0xaedc, 0xaedc, 0xaedc, 0xaedc, 0xaedc, 0xaedc, 0xaedc, 0xaedc, 0xaedc, 0xaedc, 0xaedc, 0xaedc, 0xaedc, 0xaedc, 
	0xaedc, 0xaedc, 0xaedc, 0xaedc, 0xaedc, 0xaedc, 0xaedc, 0xaedc, 0xaedc, 0xaedc, 0xaedc, 0xaedc, 0xaedc, 0xaedc, 0xaedc, 0xaedc, 
	0xaedc, 0xaedc, 0xaedc, 0xaedc, 0xaedc, 0xaedc, 0xaedc, 0xaedc, 0xaedc, 0xaedc, 0xaedc, 0xaedc, 0xaedc, 0xaedc, 0xaedc, 0xaedc, 
	0xaedc, 0xaedc, 0xaedc, 0xaedc, 0xaedc, 0xaedc, 0xaedc, 0xaedc, 0xaedc, 0xaedc, 0xaedc, 0xaedc, 0xaedc, 0xaedc, 0xaedc, 0xaedc, 
	0xaedc, 0xaedc, 0xaedc, 0xaedc, 0xaedc, 0xaedc, 0xaedc, 0xaedc, 0xaedc, 0xaedc, 0xaedc, 0xaedc, 0xaedc, 0xaedc, 0xaedc, 0xaedc, 
	0xaedc, 0xaedc, 0xaedc, 0xaedc, 0xaedc, 0xaedc, 0xaedc, 0xaedc, 0xaedc, 0xaedc, 0xaedc, 0xaedc, 0xaedc, 0xaedc, 0xaedc, 0xaedc, 
	0xaedc, 0xaedc, 0xaedc, 0xaedc, 0xaedc, 0xaedc, 0xaedc, 0xaedc, 0xaedc, 0xaedc, 0xaedc, 0xaedc, 0xaedc, 0xaedc, 0xaedc, 0xaedc, 
	0xaedc, 0xaedc, 0xaedc, 0xaedc, 0xaedc, 0xaedc, 0xaedc, 0xaedc, 0xaedc, 0xaedc, 0xaedc, 0xaedc, 0xaedc, 0xaedc, 0xaedc, 0xaedc, 
	0xaedc, 0xaedc, 0xaedc, 0xaedc, 0xaedc, 0xaedc, 0xaedc, 0xaedc, 0xaedc, 0xaedc, 0xaedc, 0xaedc, 0xaedc, 0xaedc, 0xaedc, 0xaedc, 
	0xaedc, 0xaedc, 0xaedc, 0xaedc, 0xaedc, 0xaedc, 0xaedc, 0xaedc, 0xaedc, 0xaedc, 0xaedc, 0xaedc, 0xaedc, 0xaedc, 0xaedc, 0xaedc, 
	0xaedc, 0xaedc, 0xaedc, 0xaedc, 0xaedc, 0xaedc, 0xaedc, 0xaedc, 0xaedc, 0xaedc, 0xaedc, 0xaedc, 0xaedc, 0xaedc, 0xaedc, 0xaedc, 
	0xaedc, 0xaedc, 0xaedc, 0xaedc, 0xaedc, 0xaedc, 0xaedc, 0xaedc, 0xaedc, 0xaedc, 0xaedc, 0xaedc, 0xaedc, 0xaedc, 0xaedc, 0xaedc, 
	0xaedc, 0xaedc, 0xaedc, 0xaedc, 0xaedc, 0xaedc, 0xaedc, 0xaedc, 0xaedc, 0xaedc, 0xaedc, 0xaedc, 0xaedc, 0xaedc, 0xaedc, 0xaedc, 
	0xaedc, 0xaedc, 0xaedc, 0xaedc, 0xaedc, 0xaedc, 0xaedc, 0xaedc, 0xaedc, 0xaedc, 0xaedc, 0xaedc, 0xaedc, 0xaedc, 0xaedc, 0xaedc, 
	0xaedc, 0xaedc, 0xaedc, 0xaedc, 0xaedc, 0xaedc, 0xaedc, 0xaedc, 0xaedc, 0xaedc, 0xaedc, 0xaedc, 0xaedc, 0xaedc, 0xaedc, 0xaedc, 
	0xaedc, 0xaedc, 0xaedc, 0xaedc, 0xaedc, 0xaedc, 0xaedc, 0xaedc, 0xaedc, 0xaedc, 0xaedc, 0xaedc, 0xaedc, 0xaedc, 0xaedc, 0xaedc, 
	0xaedc, 0xaedc, 0xaedc, 0xaedc, 0xaedc, 0xaedc, 0xaedc, 0xaedc, 0xaedc, 0xaedc, 0xaedc, 0xaedc, 0xaedc, 0xaedc, 0xaedc, 0xaedc, 
	0xaedc, 0xaedc, 0xaedc, 0xaedc, 0xaedc, 0xaedc, 0xaedc, 0xaedc, 0xaedc, 0xaedc, 0xaedc, 0xaedc, 0xaedc, 0xaedc, 0xaedc, 0xaedc, 
	0xaedc, 0xaedc, 0xaedc, 0xaedc, 0xaedc, 0xaedc, 0xaedc, 0xaedc, 0xaedc, 0xaedc, 0xaedc, 0xaedc, 0xaedc, 0xaedc, 0xaedc, 0xaedc, 
	0xaedc, 0xaedc, 0xaedc, 0xaedc, 0xaedc, 0xaedc, 0xaedc, 0xaedc, 0xaedc, 0xaedc, 0xaedc, 0xaedc, 0xaedc, 0xaedc, 0xaedc, 0xaedc, 
	0xaedc, 0xaedc, 0xaedc, 0xaedc, 0xaedc, 0xaedc, 0xaedc, 0xaedc, 0xaedc, 0xaedc, 0xaedc, 0xaedc, 0xaedc, 0xaedc, 0xaedc, 0xaedc, 
	0xaedc, 0xaedc, 0xaedc, 0xaedc, 0xaedc, 0xaedc, 0xaedc, 0xaedc, 0xaedc, 0xaedc, 0xaedc, 0xaedc, 0xaedc, 0xaedc, 0xaedc, 0xaedc, 
	0xaedc, 0xaedc, 0xaedc, 0xaedc, 0xaedc, 0xaedc, 0xaedc, 0xaedc, 0xaedc, 0xaedc, 0xaedc, 0xaedc, 0xaedc, 0xaedc, 0xaedc, 0xaedc, 
	0xaedc, 0xaedc, 0xaedc, 0xaedc, 0xaedc, 0xaedc, 0xaedc, 0xaedc, 0xaedc, 0xaedc, 0xaedc, 0xaedc, 0xaedc, 0xaedc, 0xaedc, 0xaedc, 
	0xaedc, 0xaedc, 0xaedc, 0xaedc, 0xaedc, 0xaedc, 0xaedc, 0xaedc, 0xaedc, 0xaedc, 0xaedc, 0xaedc, 0xaedc, 0xaedc, 0xaedc, 0xaedc, 
	0xaedc, 0xaedc, 0xaedc, 0xaedc, 0xaedc, 0xaedc, 0xaedc, 0xaedc, 0xaedc, 0xaedc, 0xaedc, 0xaedc, 0xaedc, 0xaedc, 0xaedc, 0xaedc, 
	0xaedc, 0xaedc, 0xaedc, 0xaedc, 0xaedc, 0xaedc, 0xaedc, 0xaedc, 0xaedc, 0xaedc, 0xaedc, 0xaedc, 0xaedc, 0xaedc, 0xaedc, 0xaedc, 
	0xaedc, 0xaedc, 0xaedc, 0xaedc, 0xaedc, 0xaedc, 0xaedc, 0xaedc, 0xaedc, 0xaedc, 0xaedc, 0xaedc, 0xaedc, 0xaedc, 0xaedc, 0xaedc, 
	0xaedc, 0xaedc, 0xaedc, 0xaedc, 0xaedc, 0xaedc, 0xaedc, 0xaedc, 0xaedc, 0xaedc, 0xaedc, 0xaedc, 0xaedc, 0xaedc, 0xaedc, 0xaedc, 
	0xaedc, 0xaedc, 0xaedc, 0xaedc, 0xaedc, 0xaedc, 0xaedc, 0xaedc, 0xaedc, 0xaedc, 0xaedc, 0xaedc, 0xaedc, 0xaedc, 0xaedc, 0xaedc, 
	0xaedc, 0xaedc, 0xaedc, 0xaedc, 0xaedc, 0xaedc, 0xaedc, 0xaedc, 0xaedc, 0xaedc, 0xaedc, 0xaedc, 0xaedc, 0xaedc, 0xaedc, 0xaedc, 
	0xaedc, 0xaedc, 0xaedc, 0xaedc, 0xaedc, 0xaedc, 0xaedc, 0xaedc, 0xaedc, 0xaedc, 0xaedc, 0xaedc, 0xaedc, 0xaedc, 0xaedc, 0xaedc, 
	0xaedc, 0xaedc, 0xaedc, 0xaedc, 0xaedc, 0xaedc, 0xaedc, 0xaedc, 0xaedc, 0xaedc, 0xaedc, 0xaedc, 0xaedc, 0xaedc, 0xaedc, 0xaedc, 
	0xaedc, 0xaedc, 0xaedc, 0xaedc, 0xaedc, 0xaedc, 0xaedc, 0xaedc, 0xaedc, 0xaedc, 0xaedc, 0xaedc, 0xaedc, 0xaedc, 0xaedc, 0xaedc, 
	0xaedc, 0xaedc, 0xaedc, 0xaedc, 0xaedc, 0xaedc, 0xaedc, 0xaedc, 0xaedc, 0xaedc, 0xaedc, 0xaedc, 0xaedc, 0xaedc, 0xaedc, 0xaedc, 
	0xaedc, 0xaedc, 0xaedc, 0xaedc, 0xaedc, 0xaedc, 0xaedc, 0xaedc, 0xaedc, 0xaedc, 0xaedc, 0xaedc, 0xaedc, 0xaedc, 0xaedc, 0xaedc, 
	0xaedc, 0xaedc, 0xaedc, 0xaedc, 0xaedc, 0xaedc, 0xaedc, 0xaedc, 0xaedc, 0xaedc, 0xaedc, 0xaedc, 0xaedc, 0xaedc, 0xaedc, 0xaedc, 
	0xaedc, 0xaedc, 0xaedc, 0xaedc, 0xaedc, 0xaedc, 0xaedc, 0xaedc, 0xaedc, 0xaedc, 0xaedc, 0xaedc, 0xaedc, 0xaedc, 0xaedc, 0xaedc, 
	0xaedc, 0xaedc, 0xaedc, 0xaedc, 0xaedc, 0xaedc, 0xaedc, 0xaedc, 0xaedc, 0xaedc, 0xaedc, 0xaedc, 0xaedc, 0xaedc, 0xaedc, 0xaedc, 
	0xaedc, 0xaedc, 0xaedc, 0xaedc, 0xaedc, 0xaedc, 0xaedc, 0xaedc, 0xaedc, 0xaedc, 0xaedc, 0xaedc, 0xaedc, 0xaedc, 0xaedc, 0xaedc, 
	0xaedc, 0xaedc, 0xaedc, 0xaedc, 0xaedc, 0xaedc, 0xaedc, 0xaedc, 0xaedc, 0xaedc, 0xaedc, 0xaedc, 0xaedc, 0xaedc, 0xaedc, 0xaedc, 
	0xaedc, 0xaedc, 0xaedc, 0xaedc, 0xaedc, 0xaedc, 0xaedc, 0xaedc, 0xaedc, 0xaedc, 0xaedc, 0xaedc, 0xaedc, 0xaedc, 0xaedc, 0xaedc, 
	0xaedc, 0xaedc, 0xaedc, 0xaedc, 0xaedc, 0xaedc, 0xaedc, 0xaedc, 0xaedc, 0xaedc, 0xaedc, 0xaedc, 0xaedc, 0xaedc, 0xaedc, 0xaedc, 
	0xaedc, 0xaedc, 0xaedc, 0xaedc, 0xaedc, 0xaedc, 0xaedc, 0xaedc, 0xaedc, 0xaedc, 0xaedc, 0xaedc, 0xaedc, 0xaedc, 0xaedc, 0xaedc, 
	0xaedc, 0xaedc, 0xaedc, 0xaedc, 0xaedc, 0xaedc, 0xaedc, 0xaedc, 0xaedc, 0xaedc, 0xaedc, 0xaedc, 0xaedc, 0xaedc, 0xaedc, 0xaedc, 
	0xaedc, 0xaedc, 0xaedc, 0xaedc, 0xaedc, 0xaedc, 0xaedc, 0xaedc, 0xaedc, 0xaedc, 0xaedc, 0xaedc, 0xaedc, 0xaedc, 0xaedc, 0xaedc, 
	0xaedc, 0xaedc, 0xaedc, 0xaedc, 0xaedc, 0xaedc, 0xaedc, 0xaedc, 0xaedc, 0xaedc, 0xaedc, 0xaedc, 0xaedc, 0xaedc, 0xaedc, 0xaedc, 
	0xaedc, 0xaedc, 0xaedc, 0xaedc, 0xaedc, 0xaedc, 0xaedc, 0xaedc, 0xaedc, 0xaedc, 0xaedc, 0xaedc, 0xaedc, 0xaedc, 0xaedc, 0xaedc, 
	0xaedc, 0xaedc, 0xaedc, 0xaedc, 0xaedc, 0xaedc, 0xaedc, 0xaedc, 0xaedc, 0xaedc, 0xaedc, 0xaedc, 0xaedc, 0xaedc, 0xaedc, 0xaedc, 
	0xaedc, 0xaedc, 0xaedc, 0xaedc, 0xaedc, 0xaedc, 0xaedc, 0xaedc, 0xaedc, 0xaedc, 0xaedc, 0xaedc, 0xaedc, 0xaedc, 0xaedc, 0xaedc, 
	0xaedc, 0xaedc, 0xaedc, 0xaedc, 0xaedc, 0xaedc, 0xaedc, 0xaedc, 0xaedc, 0xaedc, 0xaedc, 0xaedc, 0xaedc, 0xaedc, 0xaedc, 0xaedc, 
	0xaedc, 0xaedc, 0xaedc, 0xaedc, 0xaedc, 0xaedc, 0xaedc, 0xaedc, 0xaedc, 0xaedc, 0xaedc, 0xaedc, 0xaedc, 0xaedc, 0xaedc, 0xaedc, 
	0xaedc, 0xaedc, 0xaedc, 0xaedc, 0xaedc, 0xaedc, 0xaedc, 0xaedc, 0xaedc, 0xaedc, 0xaedc, 0xaedc, 0xaedc, 0xaedc, 0xaedc, 0xaedc, 
	0xaedc, 0xaedc, 0xaedc, 0xaedc, 0xaedc, 0xaedc, 0xaedc, 0xaedc, 0xaedc, 0xaedc, 0xaedc, 0xaedc, 0xaedc, 0xaedc, 0xaedc, 0xaedc, 
	0xaedc, 0xaedc, 0xaedc, 0xaedc, 0xaedc, 0xaedc, 0xaedc, 0xaedc, 0xaedc, 0xaedc, 0xaedc, 0xaedc, 0xaedc, 0xaedc, 0xaedc, 0xaedc, 
	0xaedc, 0xaedc, 0xaedc, 0xaedc, 0xaedc, 0xaedc, 0xaedc, 0xaedc, 0xaedc, 0xaedc, 0xaedc, 0xaedc, 0xaedc, 0xaedc, 0xaedc, 0xaedc, 
	0xaedc, 0xaedc, 0xaedc, 0xaedc, 0xaedc, 0xaedc, 0xaedc, 0xaedc, 0xaedc, 0xaedc, 0xaedc, 0xaedc, 0xaedc, 0xaedc, 0xaedc, 0xaedc, 
	0xaedc, 0xaedc, 0xaedc, 0xaedc, 0xaedc, 0xaedc, 0xaedc, 0xaedc, 0xaedc, 0xaedc, 0xaedc, 0xaedc, 0xaedc, 0xaedc, 0xaedc, 0xaedc, 
	0xaedc, 0xaedc, 0xaedc, 0xaedc, 0xaedc, 0xaedc, 0xaedc, 0xaedc, 0xaedc, 0xaedc, 0xaedc, 0xaedc, 0xaedc, 0xaedc, 0xaedc, 0xaedc, 
	0xaedc, 0xaedc, 0xaedc, 0xaedc, 0xaedc, 0xaedc, 0xaedc, 0xaedc, 0xaedc, 0xaedc, 0xaedc, 0xaedc, 0xaedc, 0xaedc, 0xaedc, 0xaedc, 
	0xaedc, 0xaedc, 0xaedc, 0xaedc, 0xaedc, 0xaedc, 0xaedc, 0xaedc, 0xaedc, 0xaedc, 0xaedc, 0xaedc, 0xaedc, 0xaedc, 0xaedc, 0xaedc, 
	0xaedc, 0xaedc, 0xaedc, 0xaedc, 0xaedc, 0xaedc, 0xaedc, 0xaedc, 0xaedc, 0xaedc, 0xaedc, 0xaedc, 0xaedc, 0xaedc, 0xaedc, 0xaedc, 
	0xaedc, 0xaedc, 0xaedc, 0xaedc, 0xaedc, 0xaedc, 0xaedc, 0xaedc, 0xaedc, 0xaedc, 0xaedc, 0xaedc, 0xaedc, 0xaedc, 0xaedc, 0xaedc, 
	0xaedc, 0xaedc, 0xaedc, 0xaedc, 0xaedc, 0xaedc, 0xaedc, 0xaedc, 0xaedc, 0xaedc, 0xaedc, 0xaedc, 0xaedc, 0xaedc, 0xaedc, 0xaedc, 
	0xaedc, 0xaedc, 0xaedc, 0xaedc, 0xaedc, 0xaedc, 0xaedc, 0xaedc, 0xaedc, 0xaedc, 0xaedc, 0xaedc, 0xaedc, 0xaedc, 0xaedc, 0xaedc, 
	0xaedc, 0xaedc, 0xaedc, 0xaedc, 0xaedc, 0xaedc, 0xaedc, 0xaedc, 0xaedc, 0xaedc, 0xaedc, 0xaedc, 0xaedc, 0xaedc, 0xaedc, 0xaedc, 
	0xaedc, 0xaedc, 0xaedc, 0xaedc, 0xaedc, 0xaedc, 0xaedc, 0xaedc, 0xaedc, 0xaedc, 0xaedc, 0xaedc, 0xaedc, 0xaedc, 0xaedc, 0xaedc, 
	0xaedc, 0xaedc, 0xaedc, 0xaedc, 0xaedc, 0xaedc, 0xaedc, 0xaedc, 0xaedc, 0xaedc, 0xaedc, 0xaedc, 0xaedc, 0xaedc, 0xaedc, 0xaedc, 
	0xaedc, 0xaedc, 0xaedc, 0xaedc, 0xaedc, 0xaedc, 0xaedc, 0xaedc, 0xaedc, 0xaedc, 0xaedc, 0xaedc, 0xaedc, 0xaedc, 0xaedc, 0xaedc, 
	0xaedc, 0xaedc, 0xaedc, 0xaedc, 0xaedc, 0xaedc, 0xaedc, 0xaedc, 0xaedc, 0xaedc, 0xaedc, 0xaedc, 0xaedc, 0xaedc, 0xaedc, 0xaedc, 
	0xaedc, 0xaedc, 0xaedc, 0xaedc, 0xaedc, 0xaedc, 0xaedc, 0xaedc, 0xaedc, 0xaedc, 0xaedc, 0xaedc, 0xaedc, 0xaedc, 0xaedc, 0xaedc, 
	0xaedc, 0xaedc, 0xaedc, 0xaedc, 0xaedc, 0xaedc, 0xaedc, 0xaedc, 0xaedc, 0xaedc, 0xaedc, 0xaedc, 0xaedc, 0xaedc, 0xaedc, 0xaedc, 
	0xaedc, 0xaedc, 0xaedc, 0xaedc, 0xaedc, 0xaedc, 0xaedc, 0xaedc, 0xaedc, 0xaedc, 0xaedc, 0xaedc, 0xaedc, 0xaedc, 0xaedc, 0xaedc, 
	0xaedc, 0xaedc, 0xaedc, 0xaedc, 0xaedc, 0xaedc, 0xaedc, 0xaedc, 0xaedc, 0xaedc, 0xaedc, 0xaedc, 0xaedc, 0xaedc, 0xaedc, 0xaedc, 
	0xaedc, 0xaedc, 0xaedc, 0xaedc, 0xaedc, 0xaedc, 0xaedc, 0xaedc, 0xaedc, 0xaedc, 0xaedc, 0xaedc, 0xaedc, 0xaedc, 0xaedc, 0xaedc, 
	0xaedc, 0xaedc, 0xaedc, 0xaedc, 0xaedc, 0xaedc, 0xaedc, 0xaedc, 0xaedc, 0xaedc, 0xaedc, 0xaedc, 0xaedc, 0xaedc, 0xaedc, 0xaedc, 
	0xaedc, 0xaedc, 0xaedc, 0xaedc, 0xaedc, 0xaedc, 0xaedc, 0xaedc, 0xaedc, 0xaedc, 0xaedc, 0xaedc, 0xaedc, 0xaedc, 0xaedc, 0xaedc, 
	0xaedc, 0xaedc, 0xaedc, 0xaedc, 0xaedc, 0xaedc, 0xaedc, 0xaedc, 0xaedc, 0xaedc, 0xaedc, 0xaedc, 0xaedc, 0xaedc, 0xaedc, 0xaedc, 
	0xaedc, 0xaedc, 0xaedc, 0xaedc, 0xaedc, 0xaedc, 0xaedc, 0xaedc, 0xaedc, 0xaedc, 0xaedc, 0xaedc, 0xaedc, 0xaedc, 0xaedc, 0xaedc, 
	0xaedc, 0xaedc, 0xaedc, 0xaedc, 0xaedc, 0xaedc, 0xaedc, 0xaedc, 0xaedc, 0xaedc, 0xaedc, 0xaedc, 0xaedc, 0xaedc, 0xaedc, 0xaedc, 
	0xaedc, 0xaedc, 0xaedc, 0xaedc, 0xaedc, 0xaedc, 0xaedc, 0xaedc, 0xaedc, 0xaedc, 0xaedc, 0xaedc, 0xaedc, 0xaedc, 0xaedc, 0xaedc, 
	0xaedc, 0xaedc, 0xaedc, 0xaedc, 0xaedc, 0xaedc, 0xaedc, 0xaedc, 0xaedc, 0xaedc, 0xaedc, 0xaedc, 0xaedc, 0xaedc, 0xaedc, 0xaedc, 
	0xaedc, 0xaedc, 0xaedc, 0xaedc, 0xaedc, 0xaedc, 0xaedc, 0xaedc, 0xaedc, 0xaedc, 0xaedc, 0xaedc, 0xaedc, 0xaedc, 0xaedc, 0xaedc, 
	0xaedc, 0xaedc, 0xaedc, 0xaedc, 0xaedc, 0xaedc, 0xaedc, 0xaedc, 0xaedc, 0xaedc, 0xaedc, 0xaedc, 0xaedc, 0xaedc, 0xaedc, 0xaedc, 
	0xaedc, 0xaedc, 0xaedc, 0xaedc, 0xaedc, 0xaedc, 0xaedc, 0xaedc, 0xaedc, 0xaedc, 0xaedc, 0xaedc, 0xaedc, 0xaedc, 0xaedc, 0xaedc, 
	0xaedc, 0xaedc, 0xaedc, 0xaedc, 0xaedc, 0xaedc, 0xaedc, 0xaedc, 0xaedc, 0xaedc, 0xaedc, 0xaedc, 0xaedc, 0xaedc, 0xaedc, 0xaedc, 
	0xaedc, 0xaedc, 0xaedc, 0xaedc, 0xaedc, 0xaedc, 0xaedc, 0xaedc, 0xaedc, 0xaedc, 0xaedc, 0xaedc, 0xaedc, 0xaedc, 0xaedc, 0xaedc, 
	0xaedc, 0xaedc, 0xaedc, 0xaedc, 0xaedc, 0xaedc, 0xaedc, 0xaedc, 0xaedc, 0xaedc, 0xaedc, 0xaedc, 0xaedc, 0xaedc, 0xaedc, 0xaedc, 
	0xaedc, 0xaedc, 0xaedc, 0xaedc, 0xaedc, 0xaedc, 0xaedc, 0xaedc, 0xaedc, 0xaedc, 0xaedc, 0xaedc, 0xaedc, 0xaedc, 0xaedc, 0xaedc, 
	0xaedc, 0xaedc, 0xaedc, 0xaedc, 0xaedc, 0xaedc, 0xaedc, 0xaedc, 0xaedc, 0xaedc, 0xaedc, 0xaedc, 0xaedc, 0xaedc, 0xaedc, 0xaedc, 
	0xaedc, 0xaedc, 0xaedc, 0xaedc, 0xaedc, 0xaedc, 0xaedc, 0xaedc, 0xaedc, 0xaedc, 0xaedc, 0xaedc, 0xaedc, 0xaedc, 0xaedc, 0xaedc, 
	0xaedc, 0xaedc, 0xaedc, 0xaedc, 0xaedc, 0xaedc, 0xaedc, 0xaedc, 0xaedc, 0xaedc, 0xaedc, 0xaedc, 0xaedc, 0xaedc, 0xaedc, 0xaedc, 
	0xaedc, 0xaedc, 0xaedc, 0xaedc, 0xaedc, 0xaedc, 0xaedc, 0xaedc, 0xaedc, 0xaedc, 0xaedc, 0xaedc, 0xaedc, 0xaedc, 0xaedc, 0xaedc, 
	0xaedc, 0xaedc, 0xaedc, 0xaedc, 0xaedc, 0xaedc, 0xaedc, 0xaedc, 0xaedc, 0xaedc, 0xaedc, 0xaedc, 0xaedc, 0xaedc, 0xaedc, 0xaedc, 
	0xaedc, 0xaedc, 0xaedc, 0xaedc, 0xaedc, 0xaedc, 0xaedc, 0xaedc, 0xaedc, 0xaedc, 0xaedc, 0xaedc, 0xaedc, 0xaedc, 0xaedc, 0xaedc, 
	0xaedc, 0xaedc, 0xaedc, 0xaedc, 0xaedc, 0xaedc, 0xaedc, 0xaedc, 0xaedc, 0xaedc, 0xaedc, 0xaedc, 0xaedc, 0xaedc, 0xaedc, 0xaedc, 
	0xaedc, 0xaedc, 0xaedc, 0xaedc, 0xaedc, 0xaedc, 0xaedc, 0xaedc, 0xaedc, 0xaedc, 0xaedc, 0xaedc, 0xaedc, 0xaedc, 0xaedc, 0xaedc, 
	0xaedc, 0xaedc, 0xaedc, 0xaedc, 0xaedc, 0xaedc, 0xaedc, 0xaedc, 0xaedc, 0xaedc, 0xaedc, 0xaedc, 0xaedc, 0xaedc, 0xaedc, 0xaedc, 
	0xaedc, 0xaedc, 0xaedc, 0xaedc, 0xaedc, 0xaedc, 0xaedc, 0xaedc, 0xaedc, 0xaedc, 0xaedc, 0xaedc, 0xaedc, 0xaedc, 0xaedc, 0xaedc, 
	0xaedc, 0xaedc, 0xaedc, 0xaedc, 0xaedc, 0xaedc, 0xaedc, 0xaedc, 0xaedc, 0xaedc, 0xaedc, 0xaedc, 0xaedc, 0xaedc, 0xaedc, 0xaedc, 
	0xaedc, 0xaedc, 0xaedc, 0xaedc, 0xaedc, 0xaedc, 0xaedc, 0xaedc, 0xaedc, 0xaedc, 0xaedc, 0xaedc, 0xaedc, 0xaedc, 0xaedc, 0xaedc, 
	0xaedc, 0xaedc, 0xaedc, 0xaedc, 0xaedc, 0xaedc, 0xaedc, 0xaedc, 0xaedc, 0xaedc, 0xaedc, 0xaedc, 0xaedc, 0xaedc, 0xaedc, 0xaedc, 
	0xaedc, 0xaedc, 0xaedc, 0xaedc, 0xaedc, 0xaedc, 0xaedc, 0xaedc, 0xaedc, 0xaedc, 0xaedc, 0xaedc, 0xaedc, 0xaedc, 0xaedc, 0xaedc, 
	0xaedc, 0xaedc, 0xaedc, 0xaedc, 0xaedc, 0xaedc, 0xaedc, 0xaedc, 0xaedc, 0xaedc, 0xaedc, 0xaedc, 0xaedc, 0xaedc, 0xaedc, 0xaedc, 
	0xaedc, 0xaedc, 0xaedc, 0xaedc, 0xaedc, 0xaedc, 0xaedc, 0xaedc, 0xaedc, 0xaedc, 0xaedc, 0xaedc, 0xaedc, 0xaedc, 0xaedc, 0xaedc, 
	0xaedc, 0xaedc, 0xaedc, 0xaedc, 0xaedc, 0xaedc, 0xaedc, 0xaedc, 0xaedc, 0xaedc, 0xaedc, 0xaedc, 0xaedc, 0xaedc, 0xaedc, 0xaedc, 
	0xaedc, 0xaedc, 0xaedc, 0xaedc, 0xaedc, 0xaedc, 0xaedc, 0xaedc, 0xaedc, 0xaedc, 0xaedc, 0xaedc, 0xaedc, 0xaedc, 0xaedc, 0xaedc, 
	0xaedc, 0xaedc, 0xaedc, 0xaedc, 0xaedc, 0xaedc, 0xaedc, 0xaedc, 0xaedc, 0xaedc, 0xaedc, 0xaedc, 0xaedc, 0xaedc, 0xaedc, 0xaedc, 
	0xaedc, 0xaedc, 0xaedc, 0xaedc, 0xaedc, 0xaedc, 0xaedc, 0xaedc, 0xaedc, 0xaedc, 0xaedc, 0xaedc, 0xaedc, 0xaedc, 0xaedc, 0xaedc, 
	0xaedc, 0xaedc, 0xaedc, 0xaedc, 0xaedc, 0xaedc, 0xaedc, 0xaedc, 0xaedc, 0xaedc, 0xaedc, 0xaedc, 0xaedc, 0xaedc, 0xaedc, 0xaedc, 
	0xaedc, 0xaedc, 0xaedc, 0xaedc, 0xaedc, 0xaedc, 0xaedc, 0xaedc, 0xaedc, 0xaedc, 0xaedc, 0xaedc, 0xaedc, 0xaedc, 0xaedc, 0xaedc, 
	0xaedc, 0xaedc, 0xaedc, 0xaedc, 0xaedc, 0xaedc, 0xaedc, 0xaedc, 0xaedc, 0xaedc, 0xaedc, 0xaedc, 0xaedc, 0xaedc, 0xaedc, 0xaedc, 
	0xaedc, 0xaedc, 0xaedc, 0xaedc, 0xaedc, 0xaedc, 0xaedc, 0xaedc, 0xaedc, 0xaedc, 0xaedc, 0xaedc, 0xaedc, 0xaedc, 0xaedc, 0xaedc, 
	0xaedc, 0xaedc, 0xaedc, 0xaedc, 0xaedc, 0xaedc, 0xaedc, 0xaedc, 0xaedc, 0xaedc, 0xaedc, 0xaedc, 0xaedc, 0xaedc, 0xaedc, 0xaedc, 
	0xaedc, 0xaedc, 0xaedc, 0xaedc, 0xaedc, 0xaedc, 0xaedc, 0xaedc, 0xaedc, 0xaedc, 0xaedc, 0xaedc, 0xaedc, 0xaedc, 0xaedc, 0xaedc, 
	0xaedc, 0xaedc, 0xaedc, 0xaedc, 0xaedc, 0xaedc, 0xaedc, 0xaedc, 0xaedc, 0xaedc, 0xaedc, 0xaedc, 0xaedc, 0xaedc, 0xaedc, 0xaedc, 
	0xaedc, 0xaedc, 0xaedc, 0xaedc, 0xaedc, 0xaedc, 0xaedc, 0xaedc, 0xaedc, 0xaedc, 0xaedc, 0xaedc, 0xaedc, 0xaedc, 0xaedc, 0xaedc, 
	0xaedc, 0xaedc, 0xaedc, 0xaedc, 0xaedc, 0xaedc, 0xaedc, 0xaedc, 0xaedc, 0xaedc, 0xaedc, 0xaedc, 0xaedc, 0xaedc, 0xaedc, 0xaedc, 
	0xaedc, 0xaedc, 0xaedc, 0xaedc, 0xaedc, 0xaedc, 0xaedc, 0xaedc, 0xaedc, 0xaedc, 0xaedc, 0xaedc, 0xaedc, 0xaedc, 0xaedc, 0xaedc, 
	0xaedc, 0xaedc, 0xaedc, 0xaedc, 0xaedc, 0xaedc, 0xaedc, 0xaedc, 0xaedc, 0xaedc, 0xaedc, 0xaedc, 0xaedc, 0xaedc, 0xaedc, 0xaedc, 
	0xaedc, 0xaedc, 0xaedc, 0xaedc, 0xaedc, 0xaedc, 0xaedc, 0xaedc, 0xaedc, 0xaedc, 0xaedc, 0xaedc, 0xaedc, 0xaedc, 0xaedc, 0xaedc, 
	0xaedc, 0xaedc, 0xaedc, 0xaedc, 0xaedc, 0xaedc, 0xaedc, 0xaedc, 0xaedc, 0xaedc, 0xaedc, 0xaedc, 0xaedc, 0xaedc, 0xaedc, 0xaedc, 
	0xaedc, 0xaedc, 0xaedc, 0xaedc, 0xaedc, 0xaedc, 0xaedc, 0xaedc, 0xaedc, 0xaedc, 0xaedc, 0xaedc, 0xaedc, 0xaedc, 0xaedc, 0xaedc, 
	0xaedc, 0xaedc, 0xaedc, 0xaedc, 0xaedc, 0xaedc, 0xaedc, 0xaedc, 0xaedc, 0xaedc, 0xaedc, 0xaedc, 0xaedc, 0xaedc, 0xaedc, 0xaedc, 
	0xaedc, 0xaedc, 0xaedc, 0xaedc, 0xaedc, 0xaedc, 0xaedc, 0xaedc, 0xaedc, 0xaedc, 0xaedc, 0xaedc, 0xaedc, 0xaedc, 0xaedc, 0xaedc, 
	0xaedc, 0xaedc, 0xaedc, 0xaedc, 0xaedc, 0xaedc, 0xaedc, 0xaedc, 0xaedc, 0xaedc, 0xaedc, 0xaedc, 0xaedc, 0xaedc, 0xaedc, 0xaedc, 
	0xaedc, 0xaedc, 0xaedc, 0xaedc, 0xaedc, 0xaedc, 0xaedc, 0xaedc, 0xaedc, 0xaedc, 0xaedc, 0xaedc, 0xaedc, 0xaedc, 0xaedc, 0xaedc, 
	0xaedc, 0xaedc, 0xaedc, 0xaedc, 0xaedc, 0xaedc, 0xaedc, 0xaedc, 0xaedc, 0xaedc, 0xaedc, 0xaedc, 0xaedc, 0xaedc, 0xaedc, 0xaedc, 
	0xaedc, 0xaedc, 0xaedc, 0xaedc, 0xaedc, 0xaedc, 0xaedc, 0xaedc, 0xaedc, 0xaedc, 0xaedc, 0xaedc, 0xaedc, 0xaedc, 0xaedc, 0xaedc, 
	0xaedc, 0xaedc, 0xaedc, 0xaedc, 0xaedc, 0xaedc, 0xaedc, 0xaedc, 0xaedc, 0xaedc, 0xaedc, 0xaedc, 0xaedc, 0xaedc, 0xaedc, 0xaedc, 
	0xaedc, 0xaedc, 0xaedc, 0xaedc, 0xaedc, 0xaedc, 0xaedc, 0xaedc, 0xaedc, 0xaedc, 0xaedc, 0xaedc, 0xaedc, 0xaedc, 0xaedc, 0xaedc, 
	0xaedc, 0xaedc, 0xaedc, 0xaedc, 0xaedc, 0xaedc, 0xaedc, 0xaedc, 0xaedc, 0xaedc, 0xaedc, 0xaedc, 0xaedc, 0xaedc, 0xaedc, 0xaedc, 
	0xaedc, 0xaedc, 0xaedc, 0xaedc, 0xaedc, 0xaedc, 0xaedc, 0xaedc, 0xaedc, 0xaedc, 0xaedc, 0xaedc, 0xaedc, 0xaedc, 0xaedc, 0xaedc, 
	0xaedc, 0xaedc, 0xaedc, 0xaedc, 0xaedc, 0xaedc, 0xaedc, 0xaedc, 0xaedc, 0xaedc, 0xaedc, 0xaedc, 0xaedc, 0xaedc, 0xaedc, 0xaedc, 
	0xaedc, 0xaedc, 0xaedc, 0xaedc, 0xaedc, 0xaedc, 0xaedc, 0xaedc, 0xaedc, 0xaedc, 0xaedc, 0xaedc, 0xaedc, 0xaedc, 0xaedc, 0xaedc, 
	0xaedc, 0xaedc, 0xaedc, 0xaedc, 0xaedc, 0xaedc, 0xaedc, 0xaedc, 0xaedc, 0xaedc, 0xaedc, 0xaedc, 0xaedc, 0xaedc, 0xaedc, 0xaedc, 
	0xaedc, 0xaedc, 0xaedc, 0xaedc, 0xaedc, 0xaedc, 0xaedc, 0xaedc, 0xaedc, 0xaedc, 0xaedc, 0xaedc, 0xaedc, 0xaedc, 0xaedc, 0xaedc, 
	0xaedc, 0xaedc, 0xaedc, 0xaedc, 0xaedc, 0xaedc, 0xaedc, 0xaedc, 0xaedc, 0xaedc, 0xaedc, 0xaedc, 0xaedc, 0xaedc, 0xaedc, 0xaedc, 
	0xaedc, 0xaedc, 0xaedc, 0xaedc, 0xaedc, 0xaedc, 0xaedc, 0xaedc, 0xaedc, 0xaedc, 0xaedc, 0xaedc, 0xaedc, 0xaedc, 0xaedc, 0xaedc, 
	0xaedc, 0xaedc, 0xaedc, 0xaedc, 0xaedc, 0xaedc, 0xaedc, 0xaedc, 0xaedc, 0xaedc, 0xaedc, 0xaedc, 0xaedc, 0xaedc, 0xaedc, 0xaedc, 
	0xaedc, 0xaedc, 0xaedc, 0xaedc, 0xaedc, 0xaedc, 0xaedc, 0xaedc, 0xaedc, 0xaedc, 0xaedc, 0xaedc, 0xaedc, 0xaedc, 0xaedc, 0xaedc, 
	0xaedc, 0xaedc, 0xaedc, 0xaedc, 0xaedc, 0xaedc, 0xaedc, 0xaedc, 0xaedc, 0xaedc, 0xaedc, 0xaedc, 0xaedc, 0xaedc, 0xaedc, 0xaedc, 
	0xaedc, 0xaedc, 0xaedc, 0xaedc, 0xaedc, 0xaedc, 0xaedc, 0xaedc, 0xaedc, 0xaedc, 0xaedc, 0xaedc, 0xaedc, 0xaedc, 0xaedc, 0xaedc, 
	0xaedc, 0xaedc, 0xaedc, 0xaedc, 0xaedc, 0xaedc, 0xaedc, 0xaedc, 0xaedc, 0xaedc, 0xaedc, 0xaedc, 0xaedc, 0xaedc, 0xaedc, 0xaedc, 
	0xaedc, 0xaedc, 0xaedc, 0xaedc, 0xaedc, 0xaedc, 0xaedc, 0xaedc, 0xaedc, 0xaedc, 0xaedc, 0xaedc, 0xaedc, 0xaedc, 0xaedc, 0xaedc, 
	0xaedc, 0xaedc, 0xaedc, 0xaedc, 0xaedc, 0xaedc, 0xaedc, 0xaedc, 0xaedc, 0xaedc, 0xaedc, 0xaedc, 0xaedc, 0xaedc, 0xaedc, 0xaedc, 
	0xaedc, 0xaedc, 0xaedc, 0xaedc, 0xaedc, 0xaedc, 0xaedc, 0xaedc, 0xaedc, 0xaedc, 0xaedc, 0xaedc, 0xaedc, 0xaedc, 0xaedc, 0xaedc, 
	0xaedc, 0xaedc, 0xaedc, 0xaedc, 0xaedc, 0xaedc, 0xaedc, 0xaedc, 0xaedc, 0xaedc, 0xaedc, 0xaedc, 0xaedc, 0xaedc, 0xaedc, 0xaedc, 
	0xaedc, 0xaedc, 0xaedc, 0xaedc, 0xaedc, 0xaedc, 0xaedc, 0xaedc, 0xaedc, 0xaedc, 0xaedc, 0xaedc, 0xaedc, 0xaedc, 0xaedc, 0xaedc, 
	0xaedc, 0xaedc, 0xaedc, 0xaedc, 0xaedc, 0xaedc, 0xaedc, 0xaedc, 0xaedc, 0xaedc, 0xaedc, 0xaedc, 0xaedc, 0xaedc, 0xaedc, 0xaedc, 
	0xaedc, 0xaedc, 0xaedc, 0xaedc, 0xaedc, 0xaedc, 0xaedc, 0xaedc, 0xaedc, 0xaedc, 0xaedc, 0xaedc, 0xaedc, 0xaedc, 0xaedc, 0xaedc, 
	0xaedc, 0xaedc, 0xaedc, 0xaedc, 0xaedc, 0xaedc, 0xaedc, 0xaedc, 0xaedc, 0xaedc, 0xaedc, 0xaedc, 0xaedc, 0xaedc, 0xaedc, 0xaedc, 
	0xaedc, 0xaedc, 0xaedc, 0xaedc, 0xaedc, 0xaedc, 0xaedc, 0xaedc, 0xaedc, 0xaedc, 0xaedc, 0xaedc, 0xaedc, 0xaedc, 0xaedc, 0xaedc, 
	0xaedc, 0xaedc, 0xaedc, 0xaedc, 0xaedc, 0xaedc, 0xaedc, 0xaedc, 0xaedc, 0xaedc, 0xaedc, 0xaedc, 0xaedc, 0xaedc, 0xaedc, 0xaedc, 
	0xaedc, 0xaedc, 0xaedc, 0xaedc, 0xaedc, 0xaedc, 0xaedc, 0xaedc, 0xaedc, 0xaedc, 0xaedc, 0xaedc, 0xaedc, 0xaedc, 0xaedc, 0xaedc, 
	0xaedc, 0xaedc, 0xaedc, 0xaedc, 0xaedc, 0xaedc, 0xaedc, 0xaedc, 0xaedc, 0xaedc, 0xaedc, 0xaedc, 0xaedc, 0xaedc, 0xaedc, 0xaedc, 
	0xaedc, 0xaedc, 0xaedc, 0xaedc, 0xaedc, 0xaedc, 0xaedc, 0xaedc, 0xaedc, 0xaedc, 0xaedc, 0xaedc, 0xaedc, 0xaedc, 0xaedc, 0xaedc, 
	0xaedc, 0xaedc, 0xaedc, 0xaedc, 0xaedc, 0xaedc, 0xaedc, 0xaedc, 0xaedc, 0xaedc, 0xaedc, 0xaedc, 0xaedc, 0xaedc, 0xaedc, 0xaedc, 
	0xaedc, 0xaedc, 0xaedc, 0xaedc, 0xaedc, 0xaedc, 0xaedc, 0xaedc, 0xaedc, 0xaedc, 0xaedc, 0xaedc, 0xaedc, 0xaedc, 0xaedc, 0xaedc, 
	0xaedc, 0xaedc, 0xaedc, 0xaedc, 0xaedc, 0xaedc, 0xaedc, 0xaedc, 0xaedc, 0xaedc, 0xaedc, 0xaedc, 0xaedc, 0xaedc, 0xaedc, 0xaedc, 
	0xaedc, 0xaedc, 0xaedc, 0xaedc, 0xaedc, 0xaedc, 0xaedc, 0xaedc, 0xaedc, 0xaedc, 0xaedc, 0xaedc, 0xaedc, 0xaedc, 0xaedc, 0xaedc, 
	0xaedc, 0xaedc, 0xaedc, 0xaedc, 0xaedc, 0xaedc, 0xaedc, 0xaedc, 0xaedc, 0xaedc, 0xaedc, 0xaedc, 0xaedc, 0xaedc, 0xaedc, 0xaedc, 
	0xaedc, 0xaedc, 0xaedc, 0xaedc, 0xaedc, 0xaedc, 0xaedc, 0xaedc, 0xaedc, 0xaedc, 0xaedc, 0xaedc, 0xaedc, 0xaedc, 0xaedc, 0xaedc, 
	0xaedc, 0xaedc, 0xaedc, 0xaedc, 0xaedc, 0xaedc, 0xaedc, 0xaedc, 0xaedc, 0xaedc, 0xaedc, 0xaedc, 0xaedc, 0xaedc, 0xaedc, 0xaedc, 
	0xaedc, 0xaedc, 0xaedc, 0xaedc, 0xaedc, 0xaedc, 0xaedc, 0xaedc, 0xaedc, 0xaedc, 0xaedc, 0xaedc, 0xaedc, 0xaedc, 0xaedc, 0xaedc, 
	0xaedc, 0xaedc, 0xaedc, 0xaedc, 0xaedc, 0xaedc, 0xaedc, 0xaedc, 0xaedc, 0xaedc, 0xaedc, 0xaedc, 0xaedc, 0xaedc, 0xaedc, 0xaedc, 
	0xaedc, 0xaedc, 0xaedc, 0xaedc, 0xaedc, 0xaedc, 0xaedc, 0xaedc, 0xaedc, 0xaedc, 0xaedc, 0xaedc, 0xaedc, 0xaedc, 0xaedc, 0xaedc, 
	0xaedc, 0xaedc, 0xaedc, 0xaedc, 0xaedc, 0xaedc, 0xaedc, 0xaedc, 0xaedc, 0xaedc, 0xaedc, 0xaedc, 0xaedc, 0xaedc, 0xaedc, 0xaedc, 
	0xaedc, 0xaedc, 0xaedc, 0xaedc, 0xaedc, 0xaedc, 0xaedc, 0xaedc, 0xaedc, 0xaedc, 0xaedc, 0xaedc, 0xaedc, 0xaedc, 0xaedc, 0xaedc, 
	0xaedc, 0xaedc, 0xaedc, 0xaedc, 0xaedc, 0xaedc, 0xaedc, 0xaedc, 0xaedc, 0xaedc, 0xaedc, 0xaedc, 0xaedc, 0xaedc, 0xaedc, 0xaedc, 
	0xaedc, 0xaedc, 0xaedc, 0xaedc, 0xaedc, 0xaedc, 0xaedc, 0xaedc, 0xaedc, 0xaedc, 0xaedc, 0xaedc, 0xaedc, 0xaedc, 0xaedc, 0xaedc, 
	0xaedc, 0xaedc, 0xaedc, 0xaedc, 0xaedc, 0xaedc, 0xaedc, 0xaedc, 0xaedc, 0xaedc, 0xaedc, 0xaedc, 0xaedc, 0xaedc, 0xaedc, 0xaedc, 
	0xaedc, 0xaedc, 0xaedc, 0xaedc, 0xaedc, 0xaedc, 0xaedc, 0xaedc, 0xaedc, 0xaedc, 0xaedc, 0xaedc, 0xaedc, 0xaedc, 0xaedc, 0xaedc, 
	0xaedc, 0xaedc, 0xaedc, 0xaedc, 0xaedc, 0xaedc, 0xaedc, 0xaedc, 0xaedc, 0xaedc, 0xaedc, 0xaedc, 0xaedc, 0xaedc, 0xaedc, 0xaedc, 
	0xaedc, 0xaedc, 0xaedc, 0xaedc, 0xaedc, 0xaedc, 0xaedc, 0xaedc, 0xaedc, 0xaedc, 0xaedc, 0xaedc, 0xaedc, 0xaedc, 0xaedc, 0xaedc, 
	0xaedc, 0xaedc, 0xaedc, 0xaedc, 0xaedc, 0xaedc, 0xaedc, 0xaedc, 0xaedc, 0xaedc, 0xaedc, 0xaedc, 0xaedc, 0xaedc, 0xaedc, 0xaedc, 
	0xaedc, 0xaedc, 0xaedc, 0xaedc, 0xaedc, 0xaedc, 0xaedc, 0xaedc, 0xaedc, 0xaedc, 0xaedc, 0xaedc, 0xaedc, 0xaedc, 0xaedc, 0xaedc, 
	0xaedc, 0xaedc, 0xaedc, 0xaedc, 0xaedc, 0xaedc, 0xaedc, 0xaedc, 0xaedc, 0xaedc, 0xaedc, 0xaedc, 0xaedc, 0xaedc, 0xaedc, 0xaedc, 
	0xaedc, 0xaedc, 0xaedc, 0xaedc, 0xaedc, 0xaedc, 0xaedc, 0xaedc, 0xaedc, 0xaedc, 0xaedc, 0xaedc, 0xaedc, 0xaedc, 0xaedc, 0xaedc, 
	0xaedc, 0xaedc, 0xaedc, 0xaedc, 0xaedc, 0xaedc, 0xaedc, 0xaedc, 0xaedc, 0xaedc, 0xaedc, 0xaedc, 0xaedc, 0xaedc, 0xaedc, 0xaedc, 
	0xaedc, 0xaedc, 0xaedc, 0xaedc, 0xaedc, 0xaedc, 0xaedc, 0xaedc, 0xaedc, 0xaedc, 0xaedc, 0xaedc, 0xaedc, 0xaedc, 0xaedc, 0xaedc, 
	0xaedc, 0xaedc, 0xaedc, 0xaedc, 0xaedc, 0xaedc, 0xaedc, 0xaedc, 0xaedc, 0xaedc, 0xaedc, 0xaedc, 0xaedc, 0xaedc, 0xaedc, 0xaedc, 
	0xaedc, 0xaedc, 0xaedc, 0xaedc, 0xaedc, 0xaedc, 0xaedc, 0xaedc, 0xaedc, 0xaedc, 0xaedc, 0xaedc, 0xaedc, 0xaedc, 0xaedc, 0xaedc, 
	0xaedc, 0xaedc, 0xaedc, 0xaedc, 0xaedc, 0xaedc, 0xaedc, 0xaedc, 0xaedc, 0xaedc, 0xaedc, 0xaedc, 0xaedc, 0xaedc, 0xaedc, 0xaedc, 
	0xaedc, 0xaedc, 0xaedc, 0xaedc, 0xaedc, 0xaedc, 0xaedc, 0xaedc, 0xaedc, 0xaedc, 0xaedc, 0xaedc, 0xaedc, 0xaedc, 0xaedc, 0xaedc, 
	0xaedc, 0xaedc, 0xaedc, 0xaedc, 0xaedc, 0xaedc, 0xaedc, 0xaedc, 0xaedc, 0xaedc, 0xaedc, 0xaedc, 0xaedc, 0xaedc, 0xaedc, 0xaedc, 
	0xaedc, 0xaedc, 0xaedc, 0xaedc, 0xaedc, 0xaedc, 0xaedc, 0xaedc, 0xaedc, 0xaedc, 0xaedc, 0xaedc, 0xaedc, 0xaedc, 0xaedc, 0xaedc, 
	0xaedc, 0xaedc, 0xaedc, 0xaedc, 0xaedc, 0xaedc, 0xaedc, 0xaedc, 0xaedc, 0xaedc, 0xaedc, 0xaedc, 0xaedc, 0xaedc, 0xaedc, 0xaedc, 
	0xaedc, 0xaedc, 0xaedc, 0xaedc, 0xaedc, 0xaedc, 0xaedc, 0xaedc, 0xaedc, 0xaedc, 0xaedc, 0xaedc, 0xaedc, 0xaedc, 0xaedc, 0xaedc, 
	0xaedc, 0xaedc, 0xaedc, 0xaedc, 0xaedc, 0xaedc, 0xaedc, 0xaedc, 0xaedc, 0xaedc, 0xaedc, 0xaedc, 0xaedc, 0xaedc, 0xaedc, 0xaedc, 
	0xaedc, 0xaedc, 0xaedc, 0xaedc, 0xaedc, 0xaedc, 0xaedc, 0xaedc, 0xaedc, 0xaedc, 0xaedc, 0xaedc, 0xaedc, 0xaedc, 0xaedc, 0xaedc, 
	0xaedc, 0xaedc, 0xaedc, 0xaedc, 0xaedc, 0xaedc, 0xaedc, 0xaedc, 0xaedc, 0xaedc, 0xaedc, 0xaedc, 0xaedc, 0xaedc, 0xaedc, 0xaedc, 
	0xaedc, 0xaedc, 0xaedc, 0xaedc, 0xaedc, 0xaedc, 0xaedc, 0xaedc, 0xaedc, 0xaedc, 0xaedc, 0xaedc, 0xaedc, 0xaedc, 0xaedc, 0xaedc, 
	0xaedc, 0xaedc, 0xaedc, 0xaedc, 0xaedc, 0xaedc, 0xaedc, 0xaedc, 0xaedc, 0xaedc, 0xaedc, 0xaedc, 0xaedc, 0xaedc, 0xaedc, 0xaedc, 
	0xaedc, 0xaedc, 0xaedc, 0xaedc, 0xaedc, 0xaedc, 0xaedc, 0xaedc, 0xaedc, 0xaedc, 0xaedc, 0xaedc, 0xaedc, 0xaedc, 0xaedc, 0xaedc, 
	0xaedc, 0xaedc, 0xaedc, 0xaedc, 0xaedc, 0xaedc, 0xaedc, 0xaedc, 0xaedc, 0xaedc, 0xaedc, 0xaedc, 0xaedc, 0xaedc, 0xaedc, 0xaedc, 
	0xaedc, 0xaedc, 0xaedc, 0xaedc, 0xaedc, 0xaedc, 0xaedc, 0xaedc, 0xaedc, 0xaedc, 0xaedc, 0xaedc, 0xaedc, 0xaedc, 0xaedc, 0xaedc, 
	0xaedc, 0xaedc, 0xaedc, 0xaedc, 0xaedc, 0xaedc, 0xaedc, 0xaedc, 0xaedc, 0xaedc, 0xaedc, 0xaedc, 0xaedc, 0xaedc, 0xaedc, 0xaedc, 
	0xaedc, 0xaedc, 0xaedc, 0xaedc, 0xaedc, 0xaedc, 0xaedc, 0xaedc, 0xaedc, 0xaedc, 0xaedc, 0xaedc, 0xaedc, 0xaedc, 0xaedc, 0xaedc, 
	0xaedc, 0xaedc, 0xaedc, 0xaedc, 0xaedc, 0xaedc, 0xaedc, 0xaedc, 0xaedc, 0xaedc, 0xaedc, 0xaedc, 0xaedc, 0xaedc, 0xaedc, 0xaedc, 
	0xaedc, 0xaedc, 0xaedc, 0xaedc, 0xaedc, 0xaedc, 0xaedc, 0xaedc, 0xaedc, 0xaedc, 0xaedc, 0xaedc, 0xaedc, 0xaedc, 0xaedc, 0xaedc, 
	0xaedc, 0xaedc, 0xaedc, 0xaedc, 0xaedc, 0xaedc, 0xaedc, 0xaedc, 0xaedc, 0xaedc, 0xaedc, 0xaedc, 0xaedc, 0xaedc, 0xaedc, 0xaedc, 
	0xaedc, 0xaedc, 0xaedc, 0xaedc, 0xaedc, 0xaedc, 0xaedc, 0xaedc, 0xaedc, 0xaedc, 0xaedc, 0xaedc, 0xaedc, 0xaedc, 0xaedc, 0xaedc, 
	0xaedc, 0xaedc, 0xaedc, 0xaedc, 0xaedc, 0xaedc, 0xaedc, 0xaedc, 0xaedc, 0xaedc, 0xaedc, 0xaedc, 0xaedc, 0xaedc, 0xaedc, 0xaedc, 
	0xaedc, 0xaedc, 0xaedc, 0xaedc, 0xaedc, 0xaedc, 0xaedc, 0xaedc, 0xaedc, 0xaedc, 0xaedc, 0xaedc, 0xaedc, 0xaedc, 0xaedc, 0xaedc, 
	0xaedc, 0xaedc, 0xaedc, 0xaedc, 0xaedc, 0xaedc, 0xaedc, 0xaedc, 0xaedc, 0xaedc, 0xaedc, 0xaedc, 0xaedc, 0xaedc, 0xaedc, 0xaedc, 
	0xaedc, 0xaedc, 0xaedc, 0xaedc, 0xaedc, 0xaedc, 0xaedc, 0xaedc, 0xaedc, 0xaedc, 0xaedc, 0xaedc, 0xaedc, 0xaedc, 0xaedc, 0xaedc, 
	0xaedc, 0xaedc, 0xaedc, 0xaedc, 0xaedc, 0xaedc, 0xaedc, 0xaedc, 0xaedc, 0xaedc, 0xaedc, 0xaedc, 0xaedc, 0xaedc, 0xaedc, 0xaedc, 
	0xaedc, 0xaedc, 0xaedc, 0xaedc, 0xaedc, 0xaedc, 0xaedc, 0xaedc, 0xaedc, 0xaedc, 0xaedc, 0xaedc, 0xaedc, 0xaedc, 0xaedc, 0xaedc, 
	0xaedc, 0xaedc, 0xaedc, 0xaedc, 0xaedc, 0xaedc, 0xaedc, 0xaedc, 0xaedc, 0xaedc, 0xaedc, 0xaedc, 0xaedc, 0xaedc, 0xaedc, 0xaedc, 
	0xaedc, 0xaedc, 0xaedc, 0xaedc, 0xaedc, 0xaedc, 0xaedc, 0xaedc, 0xaedc, 0xaedc, 0xaedc, 0xaedc, 0xaedc, 0xaedc, 0xaedc, 0xaedc, 
	0xaedc, 0xaedc, 0xaedc, 0xaedc, 0xaedc, 0xaedc, 0xaedc, 0xaedc, 0xaedc, 0xaedc, 0xaedc, 0xaedc, 0xaedc, 0xaedc, 0xaedc, 0xaedc, 
	0xaedc, 0xaedc, 0xaedc, 0xaedc, 0xaedc, 0xaedc, 0xaedc, 0xaedc, 0xaedc, 0xaedc, 0xaedc, 0xaedc, 0xaedc, 0xaedc, 0xaedc, 0xaedc, 
	0xaedc, 0xaedc, 0xaedc, 0xaedc, 0xaedc, 0xaedc, 0xaedc, 0xaedc, 0xaedc, 0xaedc, 0xaedc, 0xaedc, 0xaedc, 0xaedc, 0xaedc, 0xaedc, 
	0xaedc, 0xaedc, 0xaedc, 0xaedc, 0xaedc, 0xaedc, 0xaedc, 0xaedc, 0xaedc, 0xaedc, 0xaedc, 0xaedc, 0xaedc, 0xaedc, 0xaedc, 0xaedc, 
	0xaedc, 0xaedc, 0xaedc, 0xaedc, 0xaedc, 0xaedc, 0xaedc, 0xaedc, 0xaedc, 0xaedc, 0xaedc, 0xaedc, 0xaedc, 0xaedc, 0xaedc, 0xaedc, 
	0xaedc, 0xaedc, 0xaedc, 0xaedc, 0xaedc, 0xaedc, 0xaedc, 0xaedc, 0xaedc, 0xaedc, 0xaedc, 0xaedc, 0xaedc, 0xaedc, 0xaedc, 0xaedc, 
	0xaedc, 0xaedc, 0xaedc, 0xaedc, 0xaedc, 0xaedc, 0xaedc, 0xaedc, 0xaedc, 0xaedc, 0xaedc, 0xaedc, 0xaedc, 0xaedc, 0xaedc, 0xaedc, 
	0xaedc, 0xaedc, 0xaedc, 0xaedc, 0xaedc, 0xaedc, 0xaedc, 0xaedc, 0xaedc, 0xaedc, 0xaedc, 0xaedc, 0xaedc, 0xaedc, 0xaedc, 0xaedc, 
	0xaedc, 0xaedc, 0xaedc, 0xaedc, 0xaedc, 0xaedc, 0xaedc, 0xaedc, 0xaedc, 0xaedc, 0xaedc, 0xaedc, 0xaedc, 0xaedc, 0xaedc, 0xaedc, 
	0xaedc, 0xaedc, 0xaedc, 0xaedc, 0xaedc, 0xaedc, 0xaedc, 0xaedc, 0xaedc, 0xaedc, 0xaedc, 0xaedc, 0xaedc, 0xaedc, 0xaedc, 0xaedc, 
	0xaedc, 0xaedc, 0xaedc, 0xaedc, 0xaedc, 0xaedc, 0xaedc, 0xaedc, 0xaedc, 0xaedc, 0xaedc, 0xaedc, 0xaedc, 0xaedc, 0xaedc, 0xaedc, 
	0xaedc, 0xaedc, 0xaedc, 0xaedc, 0xaedc, 0xaedc, 0xaedc, 0xaedc, 0xaedc, 0xaedc, 0xaedc, 0xaedc, 0xaedc, 0xaedc, 0xaedc, 0xaedc, 
	0xaedc, 0xaedc, 0xaedc, 0xaedc, 0xaedc, 0xaedc, 0xaedc, 0xaedc, 0xaedc, 0xaedc, 0xaedc, 0xaedc, 0xaedc, 0xaedc, 0xaedc, 0xaedc, 
	0xaedc, 0xaedc, 0xaedc, 0xaedc, 0xaedc, 0xaedc, 0xaedc, 0xaedc, 0xaedc, 0xaedc, 0xaedc, 0xaedc, 0xaedc, 0xaedc, 0xaedc, 0xaedc, 
	0xaedc, 0xaedc, 0xaedc, 0xaedc, 0xaedc, 0xaedc, 0xaedc, 0xaedc, 0xaedc, 0xaedc, 0xaedc, 0xaedc, 0xaedc, 0xaedc, 0xaedc, 0xaedc, 
	0xaedc, 0xaedc, 0xaedc, 0xaedc, 0xaedc, 0xaedc, 0xaedc, 0xaedc, 0xaedc, 0xaedc, 0xaedc, 0xaedc, 0xaedc, 0xaedc, 0xaedc, 0xaedc, 
	0xaedc, 0xaedc, 0xaedc, 0xaedc, 0xaedc, 0xaedc, 0xaedc, 0xaedc, 0xaedc, 0xaedc, 0xaedc, 0xaedc, 0xaedc, 0xaedc, 0xaedc, 0xaedc, 
	0xaedc, 0xaedc, 0xaedc, 0xaedc, 0xaedc, 0xaedc, 0xaedc, 0xaedc, 0xaedc, 0xaedc, 0xaedc, 0xaedc, 0xaedc, 0xaedc, 0xaedc, 0xaedc, 
	0xaedc, 0xaedc, 0xaedc, 0xaedc, 0xaedc, 0xaedc, 0xaedc, 0xaedc, 0xaedc, 0xaedc, 0xaedc, 0xaedc, 0xaedc, 0xaedc, 0xaedc, 0xaedc, 
	0xaedc, 0xaedc, 0xaedc, 0xaedc, 0xaedc, 0xaedc, 0xaedc, 0xaedc, 0xaedc, 0xaedc, 0xaedc, 0xaedc, 0xaedc, 0xaedc, 0xaedc, 0xaedc, 
	0xaedc, 0xaedc, 0xaedc, 0xaedc, 0xaedc, 0xaedc, 0xaedc, 0xaedc, 0xaedc, 0xaedc, 0xaedc, 0xaedc, 0xaedc, 0xaedc, 0xaedc, 0xaedc, 
	0xaedc, 0xaedc, 0xaedc, 0xaedc, 0xaedc, 0xaedc, 0xaedc, 0xaedc, 0xaedc, 0xaedc, 0xaedc, 0xaedc, 0xaedc, 0xaedc, 0xaedc, 0xaedc, 
	0xaedc, 0xaedc, 0xaedc, 0xaedc, 0xaedc, 0xaedc, 0xaedc, 0xaedc, 0xaedc, 0xaedc, 0xaedc, 0xaedc, 0xaedc, 0xaedc, 0xaedc, 0xaedc, 
	0xaedc, 0xaedc, 0xaedc, 0xaedc, 0xaedc, 0xaedc, 0xaedc, 0xaedc, 0xaedc, 0xaedc, 0xaedc, 0xaedc, 0xaedc, 0xaedc, 0xaedc, 0xaedc, 
	0xaedc, 0xaedc, 0xaedc, 0xaedc, 0xaedc, 0xaedc, 0xaedc, 0xaedc, 0xaedc, 0xaedc, 0xaedc, 0xaedc, 0xaedc, 0xaedc, 0xaedc, 0xaedc, 
	0xaedc, 0xaedc, 0xaedc, 0xaedc, 0xaedc, 0xaedc, 0xaedc, 0xaedc, 0xaedc, 0xaedc, 0xaedc, 0xaedc, 0xaedc, 0xaedc, 0xaedc, 0xaedc, 
	0xaedc, 0xaedc, 0xaedc, 0xaedc, 0xaedc, 0xaedc, 0xaedc, 0xaedc, 0xaedc, 0xaedc, 0xaedc, 0xaedc, 0xaedc, 0xaedc, 0xaedc, 0xaedc, 
	0xaedc, 0xaedc, 0xaedc, 0xaedc, 0xaedc, 0xaedc, 0xaedc, 0xaedc, 0xaedc, 0xaedc, 0xaedc, 0xaedc, 0xaedc, 0xaedc, 0xaedc, 0xaedc, 
	0xaedc, 0xaedc, 0xaedc, 0xaedc, 0xaedc, 0xaedc, 0xaedc, 0xaedc, 0xaedc, 0xaedc, 0xaedc, 0xaedc, 0xaedc, 0xaedc, 0xaedc, 0xaedc, 
	0xaedc, 0xaedc, 0xaedc, 0xaedc, 0xaedc, 0xaedc, 0xaedc, 0xaedc, 0xaedc, 0xaedc, 0xaedc, 0xaedc, 0xaedc, 0xaedc, 0xaedc, 0xaedc, 
	0xaedc, 0xaedc, 0xaedc, 0xaedc, 0xaedc, 0xaedc, 0xaedc, 0xaedc, 0xaedc, 0xaedc, 0xaedc, 0xaedc, 0xaedc, 0xaedc, 0xaedc, 0xaedc, 
	0xaedc, 0xaedc, 0xaedc, 0xaedc, 0xaedc, 0xaedc, 0xaedc, 0xaedc, 0xaedc, 0xaedc, 0xaedc, 0xaedc, 0xaedc, 0xaedc, 0xaedc, 0xaedc, 
	0xaedc, 0xaedc, 0xaedc, 0xaedc, 0xaedc, 0xaedc, 0xaedc, 0xaedc, 0xaedc, 0xaedc, 0xaedc, 0xaedc, 0xaedc, 0xaedc, 0xaedc, 0xaedc, 
	0xaedc, 0xaedc, 0xaedc, 0xaedc, 0xaedc, 0xaedc, 0xaedc, 0xaedc, 0xaedc, 0xaedc, 0xaedc, 0xaedc, 0xaedc, 0xaedc, 0xaedc, 0xaedc, 
	0xaedc, 0xaedc, 0xaedc, 0xaedc, 0xaedc, 0xaedc, 0xaedc, 0xaedc, 0xaedc, 0xaedc, 0xaedc, 0xaedc, 0xaedc, 0xaedc, 0xaedc, 0xaedc, 
	0xaedc, 0xaedc, 0xaedc, 0xaedc, 0xaedc, 0xaedc, 0xaedc, 0xaedc, 0xaedc, 0xaedc, 0xaedc, 0xaedc, 0xaedc, 0xaedc, 0xaedc, 0xaedc, 
	0xaedc, 0xaedc, 0xaedc, 0xaedc, 0xaedc, 0xaedc, 0xaedc, 0xaedc, 0xaedc, 0xaedc, 0xaedc, 0xaedc, 0xaedc, 0xaedc, 0xaedc, 0xaedc, 
	0xaedc, 0xaedc, 0xaedc, 0xaedc, 0xaedc, 0xaedc, 0xaedc, 0xaedc, 0xaedc, 0xaedc, 0xaedc, 0xaedc, 0xaedc, 0xaedc, 0xaedc, 0xaedc, 
	0xaedc, 0xaedc, 0xaedc, 0xaedc, 0xaedc, 0xaedc, 0xaedc, 0xaedc, 0xaedc, 0xaedc, 0xaedc, 0xaedc, 0xaedc, 0xaedc, 0xaedc, 0xaedc, 
	0xaedc, 0xaedc, 0xaedc, 0xaedc, 0xaedc, 0xaedc, 0xaedc, 0xaedc, 0xaedc, 0xaedc, 0xaedc, 0xaedc, 0xaedc, 0xaedc, 0xaedc, 0xaedc, 
	0xaedc, 0xaedc, 0xaedc, 0xaedc, 0xaedc, 0xaedc, 0xaedc, 0xaedc, 0xaedc, 0xaedc, 0xaedc, 0xaedc, 0xaedc, 0xaedc, 0xaedc, 0xaedc, 
	0xaedc, 0xaedc, 0xaedc, 0xaedc, 0xaedc, 0xaedc, 0xaedc, 0xaedc, 0xaedc, 0xaedc, 0xaedc, 0xaedc, 0xaedc, 0xaedc, 0xaedc, 0xaedc, 
	0xaedc, 0xaedc, 0xaedc, 0xaedc, 0xaedc, 0xaedc, 0xaedc, 0xaedc, 0xaedc, 0xaedc, 0xaedc, 0xaedc, 0xaedc, 0xaedc, 0xaedc, 0xaedc, 
	0xaedc, 0xaedc, 0xaedc, 0xaedc, 0xaedc, 0xaedc, 0xaedc, 0xaedc, 0xaedc, 0xaedc, 0xaedc, 0xaedc, 0xaedc, 0xaedc, 0xaedc, 0xaedc, 
	0xaedc, 0xaedc, 0xaedc, 0xaedc, 0xaedc, 0xaedc, 0xaedc, 0xaedc, 0xaedc, 0xaedc, 0xaedc, 0xaedc, 0xaedc, 0xaedc, 0xaedc, 0xaedc, 
	0xaedc, 0xaedc, 0xaedc, 0xaedc, 0xaedc, 0xaedc, 0xaedc, 0xaedc, 0xaedc, 0xaedc, 0xaedc, 0xaedc, 0xaedc, 0xaedc, 0xaedc, 0xaedc, 
	0xaedc, 0xaedc, 0xaedc, 0xaedc, 0xaedc, 0xaedc, 0xaedc, 0xaedc, 0xaedc, 0xaedc, 0xaedc, 0xaedc, 0xaedc, 0xaedc, 0xaedc, 0xaedc, 
	0xaedc, 0xaedc, 0xaedc, 0xaedc, 0xaedc, 0xaedc, 0xaedc, 0xaedc, 0xaedc, 0xaedc, 0xaedc, 0xaedc, 0xaedc, 0xaedc, 0xaedc, 0xaedc, 
	0xaedc, 0xaedc, 0xaedc, 0xaedc, 0xaedc, 0xaedc, 0xaedc, 0xaedc, 0xaedc, 0xaedc, 0xaedc, 0xaedc, 0xaedc, 0xaedc, 0xaedc, 0xaedc, 
	0xaedc, 0xaedc, 0xaedc, 0xaedc, 0xaedc, 0xaedc, 0xaedc, 0xaedc, 0xaedc, 0xaedc, 0xaedc, 0xaedc, 0xaedc, 0xaedc, 0xaedc, 0xaedc, 
	0xaedc, 0xaedc, 0xaedc, 0xaedc, 0xaedc, 0xaedc, 0xaedc, 0xaedc, 0xaedc, 0xaedc, 0xaedc, 0xaedc, 0xaedc, 0xaedc, 0xaedc, 0xaedc, 
	0xaedc, 0xaedc, 0xaedc, 0xaedc, 0xaedc, 0xaedc, 0xaedc, 0xaedc, 0xaedc, 0xaedc, 0xaedc, 0xaedc, 0xaedc, 0xaedc, 0xaedc, 0xaedc, 
	0xaedc, 0xaedc, 0xaedc, 0xaedc, 0xaedc, 0xaedc, 0xaedc, 0xaedc, 0xaedc, 0xaedc, 0xaedc, 0xaedc, 0xaedc, 0xaedc, 0xaedc, 0xaedc, 
	0xaedc, 0xaedc, 0xaedc, 0xaedc, 0xaedc, 0xaedc, 0xaedc, 0xaedc, 0xaedc, 0xaedc, 0xaedc, 0xaedc, 0xaedc, 0xaedc, 0xaedc, 0xaedc, 
	0xaedc, 0xaedc, 0xaedc, 0xaedc, 0xaedc, 0xaedc, 0xaedc, 0xaedc, 0xaedc, 0xaedc, 0xaedc, 0xaedc, 0xaedc, 0xaedc, 0xaedc, 0xaedc, 
	0xaedc, 0xaedc, 0xaedc, 0xaedc, 0xaedc, 0xaedc, 0xaedc, 0xaedc, 0xaedc, 0xaedc, 0xaedc, 0xaedc, 0xaedc, 0xaedc, 0xaedc, 0xaedc, 
	0xaedc, 0xaedc, 0xaedc, 0xaedc, 0xaedc, 0xaedc, 0xaedc, 0xaedc, 0xaedc, 0xaedc, 0xaedc, 0xaedc, 0xaedc, 0xaedc, 0xaedc, 0xaedc, 
	0xaedc, 0xaedc, 0xaedc, 0xaedc, 0xaedc, 0xaedc, 0xaedc, 0xaedc, 0xaedc, 0xaedc, 0xaedc, 0xaedc, 0xaedc, 0xaedc, 0xaedc, 0xaedc, 
	0xaedc, 0xaedc, 0xaedc, 0xaedc, 0xaedc, 0xaedc, 0xaedc, 0xaedc, 0xaedc, 0xaedc, 0xaedc, 0xaedc, 0xaedc, 0xaedc, 0xaedc, 0xaedc, 
	0xaedc, 0xaedc, 0xaedc, 0xaedc, 0xaedc, 0xaedc, 0xaedc, 0xaedc, 0xaedc, 0xaedc, 0xaedc, 0xaedc, 0xaedc, 0xaedc, 0xaedc, 0xaedc, 
	0xaedc, 0xaedc, 0xaedc, 0xaedc, 0xaedc, 0xaedc, 0xaedc, 0xaedc, 0xaedc, 0xaedc, 0xaedc, 0xaedc, 0xaedc, 0xaedc, 0xaedc, 0xaedc, 
	0xaedc, 0xaedc, 0xaedc, 0xaedc, 0xaedc, 0xaedc, 0xaedc, 0xaedc, 0xaedc, 0xaedc, 0xaedc, 0xaedc, 0xaedc, 0xaedc, 0xaedc, 0xaedc, 
	0xaedc, 0xaedc, 0xaedc, 0xaedc, 0xaedc, 0xaedc, 0xaedc, 0xaedc, 0xaedc, 0xaedc, 0xaedc, 0xaedc, 0xaedc, 0xaedc, 0xaedc, 0xaedc, 
	0xaedc, 0xaedc, 0xaedc, 0xaedc, 0xaedc, 0xaedc, 0xaedc, 0xaedc, 0xaedc, 0xaedc, 0xaedc, 0xaedc, 0xaedc, 0xaedc, 0xaedc, 0xaedc, 
	0xaedc, 0xaedc, 0xaedc, 0xaedc, 0xaedc, 0xaedc, 0xaedc, 0xaedc, 0xaedc, 0xaedc, 0xaedc, 0xaedc, 0xaedc, 0xaedc, 0xaedc, 0xaedc, 
	0xaedc, 0xaedc, 0xaedc, 0xaedc, 0xaedc, 0xaedc, 0xaedc, 0xaedc, 0xaedc, 0xaedc, 0xaedc, 0xaedc, 0xaedc, 0xaedc, 0xaedc, 0xaedc, 
	0xaedc, 0xaedc, 0xaedc, 0xaedc, 0xaedc, 0xaedc, 0xaedc, 0xaedc, 0xaedc, 0xaedc, 0xaedc, 0xaedc, 0xaedc, 0xaedc, 0xaedc, 0xaedc, 
	0xaedc, 0xaedc, 0xaedc, 0xaedc, 0xaedc, 0xaedc, 0xaedc, 0xaedc, 0xaedc, 0xaedc, 0xaedc, 0xaedc, 0xaedc, 0xaedc, 0xaedc, 0xaedc, 
	0xaedc, 0xaedc, 0xaedc, 0xaedc, 0xaedc, 0xaedc, 0xaedc, 0xaedc, 0xaedc, 0xaedc, 0xaedc, 0xaedc, 0xaedc, 0xaedc, 0xaedc, 0xaedc, 
	0xaedc, 0xaedc, 0xaedc, 0xaedc, 0xaedc, 0xaedc, 0xaedc, 0xaedc, 0xaedc, 0xaedc, 0xaedc, 0xaedc, 0xaedc, 0xaedc, 0xaedc, 0xaedc, 
	0xaedc, 0xaedc, 0xaedc, 0xaedc, 0xaedc, 0xaedc, 0xaedc, 0xaedc, 0xaedc, 0xaedc, 0xaedc, 0xaedc, 0xaedc, 0xaedc, 0xaedc, 0xaedc, 
	0xaedc, 0xaedc, 0xaedc, 0xaedc, 0xaedc, 0xaedc, 0xaedc, 0xaedc, 0xaedc, 0xaedc, 0xaedc, 0xaedc, 0xaedc, 0xaedc, 0xaedc, 0xaedc, 
	0xaedc, 0xaedc, 0xaedc, 0xaedc, 0xaedc, 0xaedc, 0xaedc, 0xaedc, 0xaedc, 0xaedc, 0xaedc, 0xaedc, 0xaedc, 0xaedc, 0xaedc, 0xaedc, 
	0xaedc, 0xaedc, 0xaedc, 0xaedc, 0xaedc, 0xaedc, 0xaedc, 0xaedc, 0xaedc, 0xaedc, 0xaedc, 0xaedc, 0xaedc, 0xaedc, 0xaedc, 0xaedc, 
	0xaedc, 0xaedc, 0xaedc, 0xaedc, 0xaedc, 0xaedc, 0xaedc, 0xaedc, 0xaedc, 0xaedc, 0xaedc, 0xaedc, 0xaedc, 0xaedc, 0xaedc, 0xaedc, 
	0xaedc, 0xaedc, 0xaedc, 0xaedc, 0xaedc, 0xaedc, 0xaedc, 0xaedc, 0xaedc, 0xaedc, 0xaedc, 0xaedc, 0xaedc, 0xaedc, 0xaedc, 0xaedc, 
	0xaedc, 0xaedc, 0xaedc, 0xaedc, 0xaedc, 0xaedc, 0xaedc, 0xaedc, 0xaedc, 0xaedc, 0xaedc, 0xaedc, 0xaedc, 0xaedc, 0xaedc, 0xaedc, 
	0xaedc, 0xaedc, 0xaedc, 0xaedc, 0xaedc, 0xaedc, 0xaedc, 0xaedc, 0xaedc, 0xaedc, 0xaedc, 0xaedc, 0xaedc, 0xaedc, 0xaedc, 0xaedc, 
	0xaedc, 0xaedc, 0xaedc, 0xaedc, 0xaedc, 0xaedc, 0xaedc, 0xaedc, 0xaedc, 0xaedc, 0xaedc, 0xaedc, 0xaedc, 0xaedc, 0xaedc, 0xaedc, 
	0xaedc, 0xaedc, 0xaedc, 0xaedc, 0xaedc, 0xaedc, 0xaedc, 0xaedc, 0xaedc, 0xaedc, 0xaedc, 0xaedc, 0xaedc, 0xaedc, 0xaedc, 0xaedc, 
	0xaedc, 0xaedc, 0xaedc, 0xaedc, 0xaedc, 0xaedc, 0xaedc, 0xaedc, 0xaedc, 0xaedc, 0xaedc, 0xaedc, 0xaedc, 0xaedc, 0xaedc, 0xaedc, 
	0xaedc, 0xaedc, 0xaedc, 0xaedc, 0xaedc, 0xaedc, 0xaedc, 0xaedc, 0xaedc, 0xaedc, 0xaedc, 0xaedc, 0xaedc, 0xaedc, 0xaedc, 0xaedc, 
	0xaedc, 0xaedc, 0xaedc, 0xaedc, 0xaedc, 0xaedc, 0xaedc, 0xaedc, 0xaedc, 0xaedc, 0xaedc, 0xaedc, 0xaedc, 0xaedc, 0xaedc, 0xaedc, 
	0xaedc, 0xaedc, 0xaedc, 0xaedc, 0xaedc, 0xaedc, 0xaedc, 0xaedc, 0xaedc, 0xaedc, 0xaedc, 0xaedc, 0xaedc, 0xaedc, 0xaedc, 0xaedc, 
	0xaedc, 0xaedc, 0xaedc, 0xaedc, 0xaedc, 0xaedc, 0xaedc, 0xaedc, 0xaedc, 0xaedc, 0xaedc, 0xaedc, 0xaedc, 0xaedc, 0xaedc, 0xaedc, 
	0xaedc, 0xaedc, 0xaedc, 0xaedc, 0xaedc, 0xaedc, 0xaedc, 0xaedc, 0xaedc, 0xaedc, 0xaedc, 0xaedc, 0xaedc, 0xaedc, 0xaedc, 0xaedc, 
	0xaedc, 0xaedc, 0xaedc, 0xaedc, 0xaedc, 0xaedc, 0xaedc, 0xaedc, 0xaedc, 0xaedc, 0xaedc, 0xaedc, 0xaedc, 0xaedc, 0xaedc, 0xaedc, 
	0xaedc, 0xaedc, 0xaedc, 0xaedc, 0xaedc, 0xaedc, 0xaedc, 0xaedc, 0xaedc, 0xaedc, 0xaedc, 0xaedc, 0xaedc, 0xaedc, 0xaedc, 0xaedc, 
	0xaedc, 0xaedc, 0xaedc, 0xaedc, 0xaedc, 0xaedc, 0xaedc, 0xaedc, 0xaedc, 0xaedc, 0xaedc, 0xaedc, 0xaedc, 0xaedc, 0xaedc, 0xaedc, 
	0xaedc, 0xaedc, 0xaedc, 0xaedc, 0xaedc, 0xaedc, 0xaedc, 0xaedc, 0xaedc, 0xaedc, 0xaedc, 0xaedc, 0xaedc, 0xaedc, 0xaedc, 0xaedc, 
	0xaedc, 0xaedc, 0xaedc, 0xaedc, 0xaedc, 0xaedc, 0xaedc, 0xaedc, 0xaedc, 0xaedc, 0xaedc, 0xaedc, 0xaedc, 0xaedc, 0xaedc, 0xaedc, 
	0xaedc, 0xaedc, 0xaedc, 0xaedc, 0xaedc, 0xaedc, 0xaedc, 0xaedc, 0xaedc, 0xaedc, 0xaedc, 0xaedc, 0xaedc, 0xaedc, 0xaedc, 0xaedc, 
	0xaedc, 0xaedc, 0xaedc, 0xaedc, 0xaedc, 0xaedc, 0xaedc, 0xaedc, 0xaedc, 0xaedc, 0xaedc, 0xaedc, 0xaedc, 0xaedc, 0xaedc, 0xaedc, 
	0xaedc, 0xaedc, 0xaedc, 0xaedc, 0xaedc, 0xaedc, 0xaedc, 0xaedc, 0xaedc, 0xaedc, 0xaedc, 0xaedc, 0xaedc, 0xaedc, 0xaedc, 0xaedc, 
	0xaedc, 0xaedc, 0xaedc, 0xaedc, 0xaedc, 0xaedc, 0xaedc, 0xaedc, 0xaedc, 0xaedc, 0xaedc, 0xaedc, 0xaedc, 0xaedc, 0xaedc, 0xaedc, 
	0xaedc, 0xaedc, 0xaedc, 0xaedc, 0xaedc, 0xaedc, 0xaedc, 0xaedc, 0xaedc, 0xaedc, 0xaedc, 0xaedc, 0xaedc, 0xaedc, 0xaedc, 0xaedc, 
	0xaedc, 0xaedc, 0xaedc, 0xaedc, 0xaedc, 0xaedc, 0xaedc, 0xaedc, 0xaedc, 0xaedc, 0xaedc, 0xaedc, 0xaedc, 0xaedc, 0xaedc, 0xaedc, 
	0xaedc, 0xaedc, 0xaedc, 0xaedc, 0xaedc, 0xaedc, 0xaedc, 0xaedc, 0xaedc, 0xaedc, 0xaedc, 0xaedc, 0xaedc, 0xaedc, 0xaedc, 0xaedc, 
	0xaedc, 0xaedc, 0xaedc, 0xaedc, 0xaedc, 0xaedc, 0xaedc, 0xaedc, 0xaedc, 0xaedc, 0xaedc, 0xaedc, 0xaedc, 0xaedc, 0xaedc, 0xaedc, 
	0xaedc, 0xaedc, 0xaedc, 0xaedc, 0xaedc, 0xaedc, 0xaedc, 0xaedc, 0xaedc, 0xaedc, 0xaedc, 0xaedc, 0xaedc, 0xaedc, 0xaedc, 0xaedc, 
	0xaedc, 0xaedc, 0xaedc, 0xaedc, 0xaedc, 0xaedc, 0xaedc, 0xaedc, 0xaedc, 0xaedc, 0xaedc, 0xaedc, 0xaedc, 0xaedc, 0xaedc, 0xaedc, 
	0xaedc, 0xaedc, 0xaedc, 0xaedc, 0xaedc, 0xaedc, 0xaedc, 0xaedc, 0xaedc, 0xaedc, 0xaedc, 0xaedc, 0xaedc, 0xaedc, 0xaedc, 0xaedc, 
	0xaedc, 0xaedc, 0xaedc, 0xaedc, 0xaedc, 0xaedc, 0xaedc, 0xaedc, 0xaedc, 0xaedc, 0xaedc, 0xaedc, 0xaedc, 0xaedc, 0xaedc, 0xaedc, 
	0xaedc, 0xaedc, 0xaedc, 0xaedc, 0xaedc, 0xaedc, 0xaedc, 0xaedc, 0xaedc, 0xaedc, 0xaedc, 0xaedc, 0xaedc, 0xaedc, 0xaedc, 0xaedc, 
	0xaedc, 0xaedc, 0xaedc, 0xaedc, 0xaedc, 0xaedc, 0xaedc, 0xaedc, 0xaedc, 0xaedc, 0xaedc, 0xaedc, 0xaedc, 0xaedc, 0xaedc, 0xaedc, 
	0xaedc, 0xaedc, 0xaedc, 0xaedc, 0xaedc, 0xaedc, 0xaedc, 0xaedc, 0xaedc, 0xaedc, 0xaedc, 0xaedc, 0xaedc, 0xaedc, 0xaedc, 0xaedc, 
	0xaedc, 0xaedc, 0xaedc, 0xaedc, 0xaedc, 0xaedc, 0xaedc, 0xaedc, 0xaedc, 0xaedc, 0xaedc, 0xaedc, 0xaedc, 0xaedc, 0xaedc, 0xaedc, 
	0xaedc, 0xaedc, 0xaedc, 0xaedc, 0xaedc, 0xaedc, 0xaedc, 0xaedc, 0xaedc, 0xaedc, 0xaedc, 0xaedc, 0xaedc, 0xaedc, 0xaedc, 0xaedc, 
	0xaedc, 0xaedc, 0xaedc, 0xaedc, 0xaedc, 0xaedc, 0xaedc, 0xaedc, 0xaedc, 0xaedc, 0xaedc, 0xaedc, 0xaedc, 0xaedc, 0xaedc, 0xaedc, 
	0xaedc, 0xaedc, 0xaedc, 0xaedc, 0xaedc, 0xaedc, 0xaedc, 0xaedc, 0xaedc, 0xaedc, 0xaedc, 0xaedc, 0xaedc, 0xaedc, 0xaedc, 0xaedc, 
	0xaedc, 0xaedc, 0xaedc, 0xaedc, 0xaedc, 0xaedc, 0xaedc, 0xaedc, 0xaedc, 0xaedc, 0xaedc, 0xaedc, 0xaedc, 0xaedc, 0xaedc, 0xaedc, 
	0xaedc, 0xaedc, 0xaedc, 0xaedc, 0xaedc, 0xaedc, 0xaedc, 0xaedc, 0xaedc, 0xaedc, 0xaedc, 0xaedc, 0xaedc, 0xaedc, 0xaedc, 0xaedc, 
	0xaedc, 0xaedc, 0xaedc, 0xaedc, 0xaedc, 0xaedc, 0xaedc, 0xaedc, 0xaedc, 0xaedc, 0xaedc, 0xaedc, 0xaedc, 0xaedc, 0xaedc, 0xaedc, 
	0xaedc, 0xaedc, 0xaedc, 0xaedc, 0xaedc, 0xaedc, 0xaedc, 0xaedc, 0xaedc, 0xaedc, 0xaedc, 0xaedc, 0xaedc, 0xaedc, 0xaedc, 0xaedc, 
	0xaedc, 0xaedc, 0xaedc, 0xaedc, 0xaedc, 0xaedc, 0xaedc, 0xaedc, 0xaedc, 0xaedc, 0xaedc, 0xaedc, 0xaedc, 0xaedc, 0xaedc, 0xaedc, 
	0xaedc, 0xaedc, 0xaedc, 0xaedc, 0xaedc, 0xaedc, 0xaedc, 0xaedc, 0xaedc, 0xaedc, 0xaedc, 0xaedc, 0xaedc, 0xaedc, 0xaedc, 0xaedc, 
	0xaedc, 0xaedc, 0xaedc, 0xaedc, 0xaedc, 0xaedc, 0xaedc, 0xaedc, 0xaedc, 0xaedc, 0xaedc, 0xaedc, 0xaedc, 0xaedc, 0xaedc, 0xaedc, 
	0xaedc, 0xaedc, 0xaedc, 0xaedc, 0xaedc, 0xaedc, 0xaedc, 0xaedc, 0xaedc, 0xaedc, 0xaedc, 0xaedc, 0xaedc, 0xaedc, 0xaedc, 0xaedc, 
	0xaedc, 0xaedc, 0xaedc, 0xaedc, 0xaedc, 0xaedc, 0xaedc, 0xaedc, 0xaedc, 0xaedc, 0xaedc, 0xaedc, 0xaedc, 0xaedc, 0xaedc, 0xaedc, 
	0xaedc, 0xaedc, 0xaedc, 0xaedc, 0xaedc, 0xaedc, 0xaedc, 0xaedc, 0xaedc, 0xaedc, 0xaedc, 0xaedc, 0xaedc, 0xaedc, 0xaedc, 0xaedc, 
	0xaedc, 0xaedc, 0xaedc, 0xaedc, 0xaedc, 0xaedc, 0xaedc, 0xaedc, 0xaedc, 0xaedc, 0xaedc, 0xaedc, 0xaedc, 0xaedc, 0xaedc, 0xaedc, 
	0xaedc, 0xaedc, 0xaedc, 0xaedc, 0xaedc, 0xaedc, 0xaedc, 0xaedc, 0xaedc, 0xaedc, 0xaedc, 0xaedc, 0xaedc, 0xaedc, 0xaedc, 0xaedc, 
	0xaedc, 0xaedc, 0xaedc, 0xaedc, 0xaedc, 0xaedc, 0xaedc, 0xaedc, 0xaedc, 0xaedc, 0xaedc, 0xaedc, 0xaedc, 0xaedc, 0xaedc, 0xaedc, 
	0xaedc, 0xaedc, 0xaedc, 0xaedc, 0xaedc, 0xaedc, 0xaedc, 0xaedc, 0xaedc, 0xaedc, 0xaedc, 0xaedc, 0xaedc, 0xaedc, 0xaedc, 0xaedc, 
	0xaedc, 0xaedc, 0xaedc, 0xaedc, 0xaedc, 0xaedc, 0xaedc, 0xaedc, 0xaedc, 0xaedc, 0xaedc, 0xaedc, 0xaedc, 0xaedc, 0xaedc, 0xaedc, 
	0xaedc, 0xaedc, 0xaedc, 0xaedc, 0xaedc, 0xaedc, 0xaedc, 0xaedc, 0xaedc, 0xaedc, 0xaedc, 0xaedc, 0xaedc, 0xaedc, 0xaedc, 0xaedc, 
	0xaedc, 0xaedc, 0xaedc, 0xaedc, 0xaedc, 0xaedc, 0xaedc, 0xaedc, 0xaedc, 0xaedc, 0xaedc, 0xaedc, 0xaedc, 0xaedc, 0xaedc, 0xaedc, 
	0xaedc, 0xaedc, 0xaedc, 0xaedc, 0xaedc, 0xaedc, 0xaedc, 0xaedc, 0xaedc, 0xaedc, 0xaedc, 0xaedc, 0xaedc, 0xaedc, 0xaedc, 0xaedc, 
	0xaedc, 0xaedc, 0xaedc, 0xaedc, 0xaedc, 0xaedc, 0xaedc, 0xaedc, 0xaedc, 0xaedc, 0xaedc, 0xaedc, 0xaedc, 0xaedc, 0xaedc, 0xaedc, 
	0xaedc, 0xaedc, 0xaedc, 0xaedc, 0xaedc, 0xaedc, 0xaedc, 0xaedc, 0xaedc, 0xaedc, 0xaedc, 0xaedc, 0xaedc, 0xaedc, 0xaedc, 0xaedc, 
	0xaedc, 0xaedc, 0xaedc, 0xaedc, 0xaedc, 0xaedc, 0xaedc, 0xaedc, 0xaedc, 0xaedc, 0xaedc, 0xaedc, 0xaedc, 0xaedc, 0xaedc, 0xaedc, 
	0xaedc, 0xaedc, 0xaedc, 0xaedc, 0xaedc, 0xaedc, 0xaedc, 0xaedc, 0xaedc, 0xaedc, 0xaedc, 0xaedc, 0xaedc, 0xaedc, 0xaedc, 0xaedc, 
	0xaedc, 0xaedc, 0xaedc, 0xaedc, 0xaedc, 0xaedc, 0xaedc, 0xaedc, 0xaedc, 0xaedc, 0xaedc, 0xaedc, 0xaedc, 0xaedc, 0xaedc, 0xaedc, 
	0xaedc, 0xaedc, 0xaedc, 0xaedc, 0xaedc, 0xaedc, 0xaedc, 0xaedc, 0xaedc, 0xaedc, 0xaedc, 0xaedc, 0xaedc, 0xaedc, 0xaedc, 0xaedc, 
	0xaedc, 0xaedc, 0xaedc, 0xaedc, 0xaedc, 0xaedc, 0xaedc, 0xaedc, 0xaedc, 0xaedc, 0xaedc, 0xaedc, 0xaedc, 0xaedc, 0xaedc, 0xaedc, 
	0xaedc, 0xaedc, 0xaedc, 0xaedc, 0xaedc, 0xaedc, 0xaedc, 0xaedc, 0xaedc, 0xaedc, 0xaedc, 0xaedc, 0xaedc, 0xaedc, 0xaedc, 0xaedc, 
	0xaedc, 0xaedc, 0xaedc, 0xaedc, 0xaedc, 0xaedc, 0xaedc, 0xaedc, 0xaedc, 0xaedc, 0xaedc, 0xaedc, 0xaedc, 0xaedc, 0xaedc, 0xaedc, 
	0xaedc, 0xaedc, 0xaedc, 0xaedc, 0xaedc, 0xaedc, 0xaedc, 0xaedc, 0xaedc, 0xaedc, 0xaedc, 0xaedc, 0xaedc, 0xaedc, 0xaedc, 0xaedc, 
	0xaedc, 0xaedc, 0xaedc, 0xaedc, 0xaedc, 0xaedc, 0xaedc, 0xaedc, 0xaedc, 0xaedc, 0xaedc, 0xaedc, 0xaedc, 0xaedc, 0xaedc, 0xaedc, 
	0xaedc, 0xaedc, 0xaedc, 0xaedc, 0xaedc, 0xaedc, 0xaedc, 0xaedc, 0xaedc, 0xaedc, 0xaedc, 0xaedc, 0xaedc, 0xaedc, 0xaedc, 0xaedc, 
	0xaedc, 0xaedc, 0xaedc, 0xaedc, 0xaedc, 0xaedc, 0xaedc, 0xaedc, 0xaedc, 0xaedc, 0xaedc, 0xaedc, 0xaedc, 0xaedc, 0xaedc, 0xaedc, 
	0xaedc, 0xaedc, 0xaedc, 0xaedc, 0xaedc, 0xaedc, 0xaedc, 0xaedc, 0xaedc, 0xaedc, 0xaedc, 0xaedc, 0xaedc, 0xaedc, 0xaedc, 0xaedc, 
	0xaedc, 0xaedc, 0xaedc, 0xaedc, 0xaedc, 0xaedc, 0xaedc, 0xaedc, 0xaedc, 0xaedc, 0xaedc, 0xaedc, 0xaedc, 0xaedc, 0xaedc, 0xaedc, 
	0xaedc, 0xaedc, 0xaedc, 0xaedc, 0xaedc, 0xaedc, 0xaedc, 0xaedc, 0xaedc, 0xaedc, 0xaedc, 0xaedc, 0xaedc, 0xaedc, 0xaedc, 0xaedc, 
	0xaedc, 0xaedc, 0xaedc, 0xaedc, 0xaedc, 0xaedc, 0xaedc, 0xaedc, 0xaedc, 0xaedc, 0xaedc, 0xaedc, 0xaedc, 0xaedc, 0xaedc, 0xaedc, 
	0xaedc, 0xaedc, 0xaedc, 0xaedc, 0xaedc, 0xaedc, 0xaedc, 0xaedc, 0xaedc, 0xaedc, 0xaedc, 0xaedc, 0xaedc, 0xaedc, 0xaedc, 0xaedc, 
	0xaedc, 0xaedc, 0xaedc, 0xaedc, 0xaedc, 0xaedc, 0xaedc, 0xaedc, 0xaedc, 0xaedc, 0xaedc, 0xaedc, 0xaedc, 0xaedc, 0xaedc, 0xaedc, 
	0xaedc, 0xaedc, 0xaedc, 0xaedc, 0xaedc, 0xaedc, 0xaedc, 0xaedc, 0xaedc, 0xaedc, 0xaedc, 0xaedc, 0xaedc, 0xaedc, 0xaedc, 0xaedc, 
	0xaedc, 0xaedc, 0xaedc, 0xaedc, 0xaedc, 0xaedc, 0xaedc, 0xaedc, 0xaedc, 0xaedc, 0xaedc, 0xaedc, 0xaedc, 0xaedc, 0xaedc, 0xaedc, 
	0xaedc, 0xaedc, 0xaedc, 0xaedc, 0xaedc, 0xaedc, 0xaedc, 0xaedc, 0xaedc, 0xaedc, 0xaedc, 0xaedc, 0xaedc, 0xaedc, 0xaedc, 0xaedc, 
	0xaedc, 0xaedc, 0xaedc, 0xaedc, 0xaedc, 0xaedc, 0xaedc, 0xaedc, 0xaedc, 0xaedc, 0xaedc, 0xaedc, 0xaedc, 0xaedc, 0xaedc, 0xaedc, 
	0xaedc, 0xaedc, 0xaedc, 0xaedc, 0xaedc, 0xaedc, 0xaedc, 0xaedc, 0xaedc, 0xaedc, 0xaedc, 0xaedc, 0xaedc, 0xaedc, 0xaedc, 0xaedc, 
	0xaedc, 0xaedc, 0xaedc, 0xaedc, 0xaedc, 0xaedc, 0xaedc, 0xaedc, 0xaedc, 0xaedc, 0xaedc, 0xaedc, 0xaedc, 0xaedc, 0xaedc, 0xaedc, 
	0xaedc, 0xaedc, 0xaedc, 0xaedc, 0xaedc, 0xaedc, 0xaedc, 0xaedc, 0xaedc, 0xaedc, 0xaedc, 0xaedc, 0xaedc, 0xaedc, 0xaedc, 0xaedc, 
	0xaedc, 0xaedc, 0xaedc, 0xaedc, 0xaedc, 0xaedc, 0xaedc, 0xaedc, 0xaedc, 0xaedc, 0xaedc, 0xaedc, 0xaedc, 0xaedc, 0xaedc, 0xaedc, 
	0xaedc, 0xaedc, 0xaedc, 0xaedc, 0xaedc, 0xaedc, 0xaedc, 0xaedc, 0xaedc, 0xaedc, 0xaedc, 0xaedc, 0xaedc, 0xaedc, 0xaedc, 0xaedc, 
	0xaedc, 0xaedc, 0xaedc, 0xaedc, 0xaedc, 0xaedc, 0xaedc, 0xaedc, 0xaedc, 0xaedc, 0xaedc, 0xaedc, 0xaedc, 0xaedc, 0xaedc, 0xaedc, 
	0xaedc, 0xaedc, 0xaedc, 0xaedc, 0xaedc, 0xaedc, 0xaedc, 0xaedc, 0xaedc, 0xaedc, 0xaedc, 0xaedc, 0xaedc, 0xaedc, 0xaedc, 0xaedc, 
	0xaedc, 0xaedc, 0xaedc, 0xaedc, 0xaedc, 0xaedc, 0xaedc, 0xaedc, 0xaedc, 0xaedc, 0xaedc, 0xaedc, 0xaedc, 0xaedc, 0xaedc, 0xaedc, 
	0xaedc, 0xaedc, 0xaedc, 0xaedc, 0xaedc, 0xaedc, 0xaedc, 0xaedc, 0xaedc, 0xaedc, 0xaedc, 0xaedc, 0xaedc, 0xaedc, 0xaedc, 0xaedc, 
	0xaedc, 0xaedc, 0xaedc, 0xaedc, 0xaedc, 0xaedc, 0xaedc, 0xaedc, 0xaedc, 0xaedc, 0xaedc, 0xaedc, 0xaedc, 0xaedc, 0xaedc, 0xaedc, 
	0xaedc, 0xaedc, 0xaedc, 0xaedc, 0xaedc, 0xaedc, 0xaedc, 0xaedc, 0xaedc, 0xaedc, 0xaedc, 0xaedc, 0xaedc, 0xaedc, 0xaedc, 0xaedc, 
	0xaedc, 0xaedc, 0xaedc, 0xaedc, 0xaedc, 0xaedc, 0xaedc, 0xaedc, 0xaedc, 0xaedc, 0xaedc, 0xaedc, 0xaedc, 0xaedc, 0xaedc, 0xaedc, 
	0xaedc, 0xaedc, 0xaedc, 0xaedc, 0xaedc, 0xaedc, 0xaedc, 0xaedc, 0xaedc, 0xaedc, 0xaedc, 0xaedc, 0xaedc, 0xaedc, 0xaedc, 0xaedc, 
	0xaedc, 0xaedc, 0xaedc, 0xaedc, 0xaedc, 0xaedc, 0xaedc, 0xaedc, 0xaedc, 0xaedc, 0xaedc, 0xaedc, 0xaedc, 0xaedc, 0xaedc, 0xaedc, 
	0xaedc, 0xaedc, 0xaedc, 0xaedc, 0xaedc, 0xaedc, 0xaedc, 0xaedc, 0xaedc, 0xaedc, 0xaedc, 0xaedc, 0xaedc, 0xaedc, 0xaedc, 0xaedc, 
	0xaedc, 0xaedc, 0xaedc, 0xaedc, 0xaedc, 0xaedc, 0xaedc, 0xaedc, 0xaedc, 0xaedc, 0xaedc, 0xaedc, 0xaedc, 0xaedc, 0xaedc, 0xaedc, 
	0xaedc, 0xaedc, 0xaedc, 0xaedc, 0xaedc, 0xaedc, 0xaedc, 0xaedc, 0xaedc, 0xaedc, 0xaedc, 0xaedc, 0xaedc, 0xaedc, 0xaedc, 0xaedc, 
	0xaedc, 0xaedc, 0xaedc, 0xaedc, 0xaedc, 0xaedc, 0xaedc, 0xaedc, 0xaedc, 0xaedc, 0xaedc, 0xaedc, 0xaedc, 0xaedc, 0xaedc, 0xaedc, 
	0xaedc, 0xaedc, 0xaedc, 0xaedc, 0xaedc, 0xaedc, 0xaedc, 0xaedc, 0xaedc, 0xaedc, 0xaedc, 0xaedc, 0xaedc, 0xaedc, 0xaedc, 0xaedc, 
	0xaedc, 0xaedc, 0xaedc, 0xaedc, 0xaedc, 0xaedc, 0xaedc, 0xaedc, 0xaedc, 0xaedc, 0xaedc, 0xaedc, 0xaedc, 0xaedc, 0xaedc, 0xaedc, 
	0xaedc, 0xaedc, 0xaedc, 0xaedc, 0xaedc, 0xaedc, 0xaedc, 0xaedc, 0xaedc, 0xaedc, 0xaedc, 0xaedc, 0xaedc, 0xaedc, 0xaedc, 0xaedc, 
	0xaedc, 0xaedc, 0xaedc, 0xaedc, 0xaedc, 0xaedc, 0xaedc, 0xaedc, 0xaedc, 0xaedc, 0xaedc, 0xaedc, 0xaedc, 0xaedc, 0xaedc, 0xaedc, 
	0xaedc, 0xaedc, 0xaedc, 0xaedc, 0xaedc, 0xaedc, 0xaedc, 0xaedc, 0xaedc, 0xaedc, 0xaedc, 0xaedc, 0xaedc, 0xaedc, 0xaedc, 0xaedc, 
	0xaedc, 0xaedc, 0xaedc, 0xaedc, 0xaedc, 0xaedc, 0xaedc, 0xaedc, 0xaedc, 0xaedc, 0xaedc, 0xaedc, 0xaedc, 0xaedc, 0xaedc, 0xaedc, 
	0xaedc, 0xaedc, 0xaedc, 0xaedc, 0xaedc, 0xaedc, 0xaedc, 0xaedc, 0xaedc, 0xaedc, 0xaedc, 0xaedc, 0xaedc, 0xaedc, 0xaedc, 0xaedc, 
	0xaedc, 0xaedc, 0xaedc, 0xaedc, 0xaedc, 0xaedc, 0xaedc, 0xaedc, 0xaedc, 0xaedc, 0xaedc, 0xaedc, 0xaedc, 0xaedc, 0xaedc, 0xaedc, 
	0xaedc, 0xaedc, 0xaedc, 0xaedc, 0xaedc, 0xaedc, 0xaedc, 0xaedc, 0xaedc, 0xaedc, 0xaedc, 0xaedc, 0xaedc, 0xaedc, 0xaedc, 0xaedc, 
	0xaedc, 0xaedc, 0xaedc, 0xaedc, 0xaedc, 0xaedc, 0xaedc, 0xaedc, 0xaedc, 0xaedc, 0xaedc, 0xaedc, 0xaedc, 0xaedc, 0xaedc, 0xaedc, 
	0xaedc, 0xaedc, 0xaedc, 0xaedc, 0xaedc, 0xaedc, 0xaedc, 0xaedc, 0xaedc, 0xaedc, 0xaedc, 0xaedc, 0xaedc, 0xaedc, 0xaedc, 0xaedc, 
	0xaedc, 0xaedc, 0xaedc, 0xaedc, 0xaedc, 0xaedc, 0xaedc, 0xaedc, 0xaedc, 0xaedc, 0xaedc, 0xaedc, 0xaedc, 0xaedc, 0xaedc, 0xaedc, 
	0xaedc, 0xaedc, 0xaedc, 0xaedc, 0xaedc, 0xaedc, 0xaedc, 0xaedc, 0xaedc, 0xaedc, 0xaedc, 0xaedc, 0xaedc, 0xaedc, 0xaedc, 0xaedc, 
	0xaedc, 0xaedc, 0xaedc, 0xaedc, 0xaedc, 0xaedc, 0xaedc, 0xaedc, 0xaedc, 0xaedc, 0xaedc, 0xaedc, 0xaedc, 0xaedc, 0xaedc, 0xaedc, 
	0xaedc, 0xaedc, 0xaedc, 0xaedc, 0xaedc, 0xaedc, 0xaedc, 0xaedc, 0xaedc, 0xaedc, 0xaedc, 0xaedc, 0xaedc, 0xaedc, 0xaedc, 0xaedc, 
	0xaedc, 0xaedc, 0xaedc, 0xaedc, 0xaedc, 0xaedc, 0xaedc, 0xaedc, 0xaedc, 0xaedc, 0xaedc, 0xaedc, 0xaedc, 0xaedc, 0xaedc, 0xaedc, 
	0xaedc, 0xaedc, 0xaedc, 0xaedc, 0xaedc, 0xaedc, 0xaedc, 0xaedc, 0xaedc, 0xaedc, 0xaedc, 0xaedc, 0xaedc, 0xaedc, 0xaedc, 0xaedc, 
	0xaedc, 0xaedc, 0xaedc, 0xaedc, 0xaedc, 0xaedc, 0xaedc, 0xaedc, 0xaedc, 0xaedc, 0xaedc, 0xaedc, 0xaedc, 0xaedc, 0xaedc, 0xaedc, 
	0xaedc, 0xaedc, 0xaedc, 0xaedc, 0xaedc, 0xaedc, 0xaedc, 0xaedc, 0xaedc, 0xaedc, 0xaedc, 0xaedc, 0xaedc, 0xaedc, 0xaedc, 0xaedc, 
	0xaedc, 0xaedc, 0xaedc, 0xaedc, 0xaedc, 0xaedc, 0xaedc, 0xaedc, 0xaedc, 0xaedc, 0xaedc, 0xaedc, 0xaedc, 0xaedc, 0xaedc, 0xaedc, 
	0xaedc, 0xaedc, 0xaedc, 0xaedc, 0xaedc, 0xaedc, 0xaedc, 0xaedc, 0xaedc, 0xaedc, 0xaedc, 0xaedc, 0xaedc, 0xaedc, 0xaedc, 0xaedc, 
	0xaedc, 0xaedc, 0xaedc, 0xaedc, 0xaedc, 0xaedc, 0xaedc, 0xaedc, 0xaedc, 0xaedc, 0xaedc, 0xaedc, 0xaedc, 0xaedc, 0xaedc, 0xaedc, 
	0xaedc, 0xaedc, 0xaedc, 0xaedc, 0xaedc, 0xaedc, 0xaedc, 0xaedc, 0xaedc, 0xaedc, 0xaedc, 0xaedc, 0xaedc, 0xaedc, 0xaedc, 0xaedc, 
	0xaedc, 0xaedc, 0xaedc, 0xaedc, 0xaedc, 0xaedc, 0xaedc, 0xaedc, 0xaedc, 0xaedc, 0xaedc, 0xaedc, 0xaedc, 0xaedc, 0xaedc, 0xaedc, 
	0xaedc, 0xaedc, 0xaedc, 0xaedc, 0xaedc, 0xaedc, 0xaedc, 0xaedc, 0xaedc, 0xaedc, 0xaedc, 0xaedc, 0xaedc, 0xaedc, 0xaedc, 0xaedc, 
	0xaedc, 0xaedc, 0xaedc, 0xaedc, 0xaedc, 0xaedc, 0xaedc, 0xaedc, 0xaedc, 0xaedc, 0xaedc, 0xaedc, 0xaedc, 0xaedc, 0xaedc, 0xaedc, 
	0xaedc, 0xaedc, 0xaedc, 0xaedc, 0xaedc, 0xaedc, 0xaedc, 0xaedc, 0xaedc, 0xaedc, 0xaedc, 0xaedc, 0xaedc, 0xaedc, 0xaedc, 0xaedc, 
	0xaedc, 0xaedc, 0xaedc, 0xaedc, 0xaedc, 0xaedc, 0xaedc, 0xaedc, 0xaedc, 0xaedc, 0xaedc, 0xaedc, 0xaedc, 0xaedc, 0xaedc, 0xaedc, 
	0xaedc, 0xaedc, 0xaedc, 0xaedc, 0xaedc, 0xaedc, 0xaedc, 0xaedc, 0xaedc, 0xaedc, 0xaedc, 0xaedc, 0xaedc, 0xaedc, 0xaedc, 0xaedc, 
	0xaedc, 0xaedc, 0xaedc, 0xaedc, 0xaedc, 0xaedc, 0xaedc, 0xaedc, 0xaedc, 0xaedc, 0xaedc, 0xaedc, 0xaedc, 0xaedc, 0xaedc, 0xaedc, 
	0xaedc, 0xaedc, 0xaedc, 0xaedc, 0xaedc, 0xaedc, 0xaedc, 0xaedc, 0xaedc, 0xaedc, 0xaedc, 0xaedc, 0xaedc, 0xaedc, 0xaedc, 0xaedc, 
	0xaedc, 0xaedc, 0xaedc, 0xaedc, 0xaedc, 0xaedc, 0xaedc, 0xaedc, 0xaedc, 0xaedc, 0xaedc, 0xaedc, 0xaedc, 0xaedc, 0xaedc, 0xaedc, 
	0xaedc, 0xaedc, 0xaedc, 0xaedc, 0xaedc, 0xaedc, 0xaedc, 0xaedc, 0xaedc, 0xaedc, 0xaedc, 0xaedc, 0xaedc, 0xaedc, 0xaedc, 0xaedc, 
	0xaedc, 0xaedc, 0xaedc, 0xaedc, 0xaedc, 0xaedc, 0xaedc, 0xaedc, 0xaedc, 0xaedc, 0xaedc, 0xaedc, 0xaedc, 0xaedc, 0xaedc, 0xaedc, 
	0xaedc, 0xaedc, 0xaedc, 0xaedc, 0xaedc, 0xaedc, 0xaedc, 0xaedc, 0xaedc, 0xaedc, 0xaedc, 0xaedc, 0xaedc, 0xaedc, 0xaedc, 0xaedc, 
	0xaedc, 0xaedc, 0xaedc, 0xaedc, 0xaedc, 0xaedc, 0xaedc, 0xaedc, 0xaedc, 0xaedc, 0xaedc, 0xaedc, 0xaedc, 0xaedc, 0xaedc, 0xaedc, 
	0xaedc, 0xaedc, 0xaedc, 0xaedc, 0xaedc, 0xaedc, 0xaedc, 0xaedc, 0xaedc, 0xaedc, 0xaedc, 0xaedc, 0xaedc, 0xaedc, 0xaedc, 0xaedc, 
	0xaedc, 0xaedc, 0xaedc, 0xaedc, 0xaedc, 0xaedc, 0xaedc, 0xaedc, 0xaedc, 0xaedc, 0xaedc, 0xaedc, 0xaedc, 0xaedc, 0xaedc, 0xaedc, 
	0xaedc, 0xaedc, 0xaedc, 0xaedc, 0xaedc, 0xaedc, 0xaedc, 0xaedc, 0xaedc, 0xaedc, 0xaedc, 0xaedc, 0xaedc, 0xaedc, 0xaedc, 0xaedc, 
	0xaedc, 0xaedc, 0xaedc, 0xaedc, 0xaedc, 0xaedc, 0xaedc, 0xaedc, 0xaedc, 0xaedc, 0xaedc, 0xaedc, 0xaedc, 0xaedc, 0xaedc, 0xaedc, 
	0xaedc, 0xaedc, 0xaedc, 0xaedc, 0xaedc, 0xaedc, 0xaedc, 0xaedc, 0xaedc, 0xaedc, 0xaedc, 0xaedc, 0xaedc, 0xaedc, 0xaedc, 0xaedc, 
	0xaedc, 0xaedc, 0xaedc, 0xaedc, 0xaedc, 0xaedc, 0xaedc, 0xaedc, 0xaedc, 0xaedc, 0xaedc, 0xaedc, 0xaedc, 0xaedc, 0xaedc, 0xaedc, 
	0xaedc, 0xaedc, 0xaedc, 0xaedc, 0xaedc, 0xaedc, 0xaedc, 0xaedc, 0xaedc, 0xaedc, 0xaedc, 0xaedc, 0xaedc, 0xaedc, 0xaedc, 0xaedc, 
	0xaedc, 0xaedc, 0xaedc, 0xaedc, 0xaedc, 0xaedc, 0xaedc, 0xaedc, 0xaedc, 0xaedc, 0xaedc, 0xaedc, 0xaedc, 0xaedc, 0xaedc, 0xaedc, 
	0xaedc, 0xaedc, 0xaedc, 0xaedc, 0xaedc, 0xaedc, 0xaedc, 0xaedc, 0xaedc, 0xaedc, 0xaedc, 0xaedc, 0xaedc, 0xaedc, 0xaedc, 0xaedc, 
	0xaedc, 0xaedc, 0xaedc, 0xaedc, 0xaedc, 0xaedc, 0xaedc, 0xaedc, 0xaedc, 0xaedc, 0xaedc, 0xaedc, 0xaedc, 0xaedc, 0xaedc, 0xaedc, 
	0xaedc, 0xaedc, 0xaedc, 0xaedc, 0xaedc, 0xaedc, 0xaedc, 0xaedc, 0xaedc, 0xaedc, 0xaedc, 0xaedc, 0xaedc, 0xaedc, 0xaedc, 0xaedc, 
	0xaedc, 0xaedc, 0xaedc, 0xaedc, 0xaedc, 0xaedc, 0xaedc, 0xaedc, 0xaedc, 0xaedc, 0xaedc, 0xaedc, 0xaedc, 0xaedc, 0xaedc, 0xaedc, 
	0xaedc, 0xaedc, 0xaedc, 0xaedc, 0xaedc, 0xaedc, 0xaedc, 0xaedc, 0xaedc, 0xaedc, 0xaedc, 0xaedc, 0xaedc, 0xaedc, 0xaedc, 0xaedc, 
	0xaedc, 0xaedc, 0xaedc, 0xaedc, 0xaedc, 0xaedc, 0xaedc, 0xaedc, 0xaedc, 0xaedc, 0xaedc, 0xaedc, 0xaedc, 0xaedc, 0xaedc, 0xaedc, 
	0xaedc, 0xaedc, 0xaedc, 0xaedc, 0xaedc, 0xaedc, 0xaedc, 0xaedc, 0xaedc, 0xaedc, 0xaedc, 0xaedc, 0xaedc, 0xaedc, 0xaedc, 0xaedc, 
	0xaedc, 0xaedc, 0xaedc, 0xaedc, 0xaedc, 0xaedc, 0xaedc, 0xaedc, 0xaedc, 0xaedc, 0xaedc, 0xaedc, 0xaedc, 0xaedc, 0xaedc, 0xaedc, 
	0xaedc, 0xaedc, 0xaedc, 0xaedc, 0xaedc, 0xaedc, 0xaedc, 0xaedc, 0xaedc, 0xaedc, 0xaedc, 0xaedc, 0xaedc, 0xaedc, 0xaedc, 0xaedc, 
	0xaedc, 0xaedc, 0xaedc, 0xaedc, 0xaedc, 0xaedc, 0xaedc, 0xaedc, 0xaedc, 0xaedc, 0xaedc, 0xaedc, 0xaedc, 0xaedc, 0xaedc, 0xaedc, 
	0xaedc, 0xaedc, 0xaedc, 0xaedc, 0xaedc, 0xaedc, 0xaedc, 0xaedc, 0xaedc, 0xaedc, 0xaedc, 0xaedc, 0xaedc, 0xaedc, 0xaedc, 0xaedc, 
	0xaedc, 0xaedc, 0xaedc, 0xaedc, 0xaedc, 0xaedc, 0xaedc, 0xaedc, 0xaedc, 0xaedc, 0xaedc, 0xaedc, 0xaedc, 0xaedc, 0xaedc, 0xaedc, 
	0xaedc, 0xaedc, 0xaedc, 0xaedc, 0xaedc, 0xaedc, 0xaedc, 0xaedc, 0xaedc, 0xaedc, 0xaedc, 0xaedc, 0xaedc, 0xaedc, 0xaedc, 0xaedc, 
	0xaedc, 0xaedc, 0xaedc, 0xaedc, 0xaedc, 0xaedc, 0xaedc, 0xaedc, 0xaedc, 0xaedc, 0xaedc, 0xaedc, 0xaedc, 0xaedc, 0xaedc, 0xaedc, 
	0xaedc, 0xaedc, 0xaedc, 0xaedc, 0xaedc, 0xaedc, 0xaedc, 0xaedc, 0xaedc, 0xaedc, 0xaedc, 0xaedc, 0xaedc, 0xaedc, 0xaedc, 0xaedc, 
	0xaedc, 0xaedc, 0xaedc, 0xaedc, 0xaedc, 0xaedc, 0xaedc, 0xaedc, 0xaedc, 0xaedc, 0xaedc, 0xaedc, 0xaedc, 0xaedc, 0xaedc, 0xaedc, 
	0xaedc, 0xaedc, 0xaedc, 0xaedc, 0xaedc, 0xaedc, 0xaedc, 0xaedc, 0xaedc, 0xaedc, 0xaedc, 0xaedc, 0xaedc, 0xaedc, 0xaedc, 0xaedc, 
	0xaedc, 0xaedc, 0xaedc, 0xaedc, 0xaedc, 0xaedc, 0xaedc, 0xaedc, 0xaedc, 0xaedc, 0xaedc, 0xaedc, 0xaedc, 0xaedc, 0xaedc, 0xaedc, 
	0xaedc, 0xaedc, 0xaedc, 0xaedc, 0xaedc, 0xaedc, 0xaedc, 0xaedc, 0xaedc, 0xaedc, 0xaedc, 0xaedc, 0xaedc, 0xaedc, 0xaedc, 0xaedc, 
	0xaedc, 0xaedc, 0xaedc, 0xaedc, 0xaedc, 0xaedc, 0xaedc, 0xaedc, 0xaedc, 0xaedc, 0xaedc, 0xaedc, 0xaedc, 0xaedc, 0xaedc, 0xaedc, 
	0xaedc, 0xaedc, 0xaedc, 0xaedc, 0xaedc, 0xaedc, 0xaedc, 0xaedc, 0xaedc, 0xaedc, 0xaedc, 0xaedc, 0xaedc, 0xaedc, 0xaedc, 0xaedc, 
	0xaedc, 0xaedc, 0xaedc, 0xaedc, 0xaedc, 0xaedc, 0xaedc, 0xaedc, 0xaedc, 0xaedc, 0xaedc, 0xaedc, 0xaedc, 0xaedc, 0xaedc, 0xaedc, 
	0xaedc, 0xaedc, 0xaedc, 0xaedc, 0xaedc, 0xaedc, 0xaedc, 0xaedc, 0xaedc, 0xaedc, 0xaedc, 0xaedc, 0xaedc, 0xaedc, 0xaedc, 0xaedc, 
	0xaedc, 0xaedc, 0xaedc, 0xaedc, 0xaedc, 0xaedc, 0xaedc, 0xaedc, 0xaedc, 0xaedc, 0xaedc, 0xaedc, 0xaedc, 0xaedc, 0xaedc, 0xaedc, 
	0xaedc, 0xaedc, 0xaedc, 0xaedc, 0xaedc, 0xaedc, 0xaedc, 0xaedc, 0xaedc, 0xaedc, 0xaedc, 0xaedc, 0xaedc, 0xaedc, 0xaedc, 0xaedc, 
	0xaedc, 0xaedc, 0xaedc, 0xaedc, 0xaedc, 0xaedc, 0xaedc, 0xaedc, 0xaedc, 0xaedc, 0xaedc, 0xaedc, 0xaedc, 0xaedc, 0xaedc, 0xaedc, 
	0xaedc, 0xaedc, 0xaedc, 0xaedc, 0xaedc, 0xaedc, 0xaedc, 0xaedc, 0xaedc, 0xaedc, 0xaedc, 0xaedc, 0xaedc, 0xaedc, 0xaedc, 0xaedc, 
	0xaedc, 0xaedc, 0xaedc, 0xaedc, 0xaedc, 0xaedc, 0xaedc, 0xaedc, 0xaedc, 0xaedc, 0xaedc, 0xaedc, 0xaedc, 0xaedc, 0xaedc, 0xaedc, 
	0xaedc, 0xaedc, 0xaedc, 0xaedc, 0xaedc, 0xaedc, 0xaedc, 0xaedc, 0xaedc, 0xaedc, 0xaedc, 0xaedc, 0xaedc, 0xaedc, 0xaedc, 0xaedc, 
	0xaedc, 0xaedc, 0xaedc, 0xaedc, 0xaedc, 0xaedc, 0xaedc, 0xaedc, 0xaedc, 0xaedc, 0xaedc, 0xaedc, 0xaedc, 0xaedc, 0xaedc, 0xaedc, 
	0xaedc, 0xaedc, 0xaedc, 0xaedc, 0xaedc, 0xaedc, 0xaedc, 0xaedc, 0xaedc, 0xaedc, 0xaedc, 0xaedc, 0xaedc, 0xaedc, 0xaedc, 0xaedc, 
	0xaedc, 0xaedc, 0xaedc, 0xaedc, 0xaedc, 0xaedc, 0xaedc, 0xaedc, 0xaedc, 0xaedc, 0xaedc, 0xaedc, 0xaedc, 0xaedc, 0xaedc, 0xaedc, 
	0xaedc, 0xaedc, 0xaedc, 0xaedc, 0xaedc, 0xaedc, 0xaedc, 0xaedc, 0xaedc, 0xaedc, 0xaedc, 0xaedc, 0xaedc, 0xaedc, 0xaedc, 0xaedc, 
	0xaedc, 0xaedc, 0xaedc, 0xaedc, 0xaedc, 0xaedc, 0xaedc, 0xaedc, 0xaedc, 0xaedc, 0xaedc, 0xaedc, 0xaedc, 0xaedc, 0xaedc, 0xaedc, 
	0xaedc, 0xaedc, 0xaedc, 0xaedc, 0xaedc, 0xaedc, 0xaedc, 0xaedc, 0xaedc, 0xaedc, 0xaedc, 0xaedc, 0xaedc, 0xaedc, 0xaedc, 0xaedc, 
	0xaedc, 0xaedc, 0xaedc, 0xaedc, 0xaedc, 0xaedc, 0xaedc, 0xaedc, 0xaedc, 0xaedc, 0xaedc, 0xaedc, 0xaedc, 0xaedc, 0xaedc, 0xaedc, 
	0xaedc, 0xaedc, 0xaedc, 0xaedc, 0xaedc, 0xaedc, 0xaedc, 0xaedc, 0xaedc, 0xaedc, 0xaedc, 0xaedc, 0xaedc, 0xaedc, 0xaedc, 0xaedc, 
	0xaedc, 0xaedc, 0xaedc, 0xaedc, 0xaedc, 0xaedc, 0xaedc, 0xaedc, 0xaedc, 0xaedc, 0xaedc, 0xaedc, 0xaedc, 0xaedc, 0xaedc, 0xaedc, 
	0xaedc, 0xaedc, 0xaedc, 0xaedc, 0xaedc, 0xaedc, 0xaedc, 0xaedc, 0xaedc, 0xaedc, 0xaedc, 0xaedc, 0xaedc, 0xaedc, 0xaedc, 0xaedc, 
	0xaedc, 0xaedc, 0xaedc, 0xaedc, 0xaedc, 0xaedc, 0xaedc, 0xaedc, 0xaedc, 0xaedc, 0xaedc, 0xaedc, 0xaedc, 0xaedc, 0xaedc, 0xaedc, 
	0xaedc, 0xaedc, 0xaedc, 0xaedc, 0xaedc, 0xaedc, 0xaedc, 0xaedc, 0xaedc, 0xaedc, 0xaedc, 0xaedc, 0xaedc, 0xaedc, 0xaedc, 0xaedc, 
	0xaedc, 0xaedc, 0xaedc, 0xaedc, 0xaedc, 0xaedc, 0xaedc, 0xaedc, 0xaedc, 0xaedc, 0xaedc, 0xaedc, 0xaedc, 0xaedc, 0xaedc, 0xaedc, 
	0xaedc, 0xaedc, 0xaedc, 0xaedc, 0xaedc, 0xaedc, 0xaedc, 0xaedc, 0xaedc, 0xaedc, 0xaedc, 0xaedc, 0xaedc, 0xaedc, 0xaedc, 0xaedc, 
	0xaedc, 0xaedc, 0xaedc, 0xaedc, 0xaedc, 0xaedc, 0xaedc, 0xaedc, 0xaedc, 0xaedc, 0xaedc, 0xaedc, 0xaedc, 0xaedc, 0xaedc, 0xaedc, 
	0xaedc, 0xaedc, 0xaedc, 0xaedc, 0xaedc, 0xaedc, 0xaedc, 0xaedc, 0xaedc, 0xaedc, 0xaedc, 0xaedc, 0xaedc, 0xaedc, 0xaedc, 0xaedc, 
	0xaedc, 0xaedc, 0xaedc, 0xaedc, 0xaedc, 0xaedc, 0xaedc, 0xaedc, 0xaedc, 0xaedc, 0xaedc, 0xaedc, 0xaedc, 0xaedc, 0xaedc, 0xaedc, 
	0xaedc, 0xaedc, 0xaedc, 0xaedc, 0xaedc, 0xaedc, 0xaedc, 0xaedc, 0xaedc, 0xaedc, 0xaedc, 0xaedc, 0xaedc, 0xaedc, 0xaedc, 0xaedc, 
	0xaedc, 0xaedc, 0xaedc, 0xaedc, 0xaedc, 0xaedc, 0xaedc, 0xaedc, 0xaedc, 0xaedc, 0xaedc, 0xaedc, 0xaedc, 0xaedc, 0xaedc, 0xaedc, 
	0xaedc, 0xaedc, 0xaedc, 0xaedc, 0xaedc, 0xaedc, 0xaedc, 0xaedc, 0xaedc, 0xaedc, 0xaedc, 0xaedc, 0xaedc, 0xaedc, 0xaedc, 0xaedc, 
	0xaedc, 0xaedc, 0xaedc, 0xaedc, 0xaedc, 0xaedc, 0xaedc, 0xaedc, 0xaedc, 0xaedc, 0xaedc, 0xaedc, 0xaedc, 0xaedc, 0xaedc, 0xaedc, 
	0xaedc, 0xaedc, 0xaedc, 0xaedc, 0xaedc, 0xaedc, 0xaedc, 0xaedc, 0xaedc, 0xaedc, 0xaedc, 0xaedc, 0xaedc, 0xaedc, 0xaedc, 0xaedc, 
	0xaedc, 0xaedc, 0xaedc, 0xaedc, 0xaedc, 0xaedc, 0xaedc, 0xaedc, 0xaedc, 0xaedc, 0xaedc, 0xaedc, 0xaedc, 0xaedc, 0xaedc, 0xaedc, 
	0xaedc, 0xaedc, 0xaedc, 0xaedc, 0xaedc, 0xaedc, 0xaedc, 0xaedc, 0xaedc, 0xaedc, 0xaedc, 0xaedc, 0xaedc, 0xaedc, 0xaedc, 0xaedc, 
	0xaedc, 0xaedc, 0xaedc, 0xaedc, 0xaedc, 0xaedc, 0xaedc, 0xaedc, 0xaedc, 0xaedc, 0xaedc, 0xaedc, 0xaedc, 0xaedc, 0xaedc, 0xaedc, 
	0xaedc, 0xaedc, 0xaedc, 0xaedc, 0xaedc, 0xaedc, 0xaedc, 0xaedc, 0xaedc, 0xaedc, 0xaedc, 0xaedc, 0xaedc, 0xaedc, 0xaedc, 0xaedc, 
	0xaedc, 0xaedc, 0xaedc, 0xaedc, 0xaedc, 0xaedc, 0xaedc, 0xaedc, 0xaedc, 0xaedc, 0xaedc, 0xaedc, 0xaedc, 0xaedc, 0xaedc, 0xaedc, 
	0xaedc, 0xaedc, 0xaedc, 0xaedc, 0xaedc, 0xaedc, 0xaedc, 0xaedc, 0xaedc, 0xaedc, 0xaedc, 0xaedc, 0xaedc, 0xaedc, 0xaedc, 0xaedc, 
	0xaedc, 0xaedc, 0xaedc, 0xaedc, 0xaedc, 0xaedc, 0xaedc, 0xaedc, 0xaedc, 0xaedc, 0xaedc, 0xaedc, 0xaedc, 0xaedc, 0xaedc, 0xaedc, 
	0xaedc, 0xaedc, 0xaedc, 0xaedc, 0xaedc, 0xaedc, 0xaedc, 0xaedc, 0xaedc, 0xaedc, 0xaedc, 0xaedc, 0xaedc, 0xaedc, 0xaedc, 0xaedc, 
	0xaedc, 0xaedc, 0xaedc, 0xaedc, 0xaedc, 0xaedc, 0xaedc, 0xaedc, 0xaedc, 0xaedc, 0xaedc, 0xaedc, 0xaedc, 0xaedc, 0xaedc, 0xaedc, 
	0xaedc, 0xaedc, 0xaedc, 0xaedc, 0xaedc, 0xaedc, 0xaedc, 0xaedc, 0xaedc, 0xaedc, 0xaedc, 0xaedc, 0xaedc, 0xaedc, 0xaedc, 0xaedc, 
	0xaedc, 0xaedc, 0xaedc, 0xaedc, 0xaedc, 0xaedc, 0xaedc, 0xaedc, 0xaedc, 0xaedc, 0xaedc, 0xaedc, 0xaedc, 0xaedc, 0xaedc, 0xaedc, 
	0xaedc, 0xaedc, 0xaedc, 0xaedc, 0xaedc, 0xaedc, 0xaedc, 0xaedc, 0xaedc, 0xaedc, 0xaedc, 0xaedc, 0xaedc, 0xaedc, 0xaedc, 0xaedc, 
	0xaedc, 0xaedc, 0xaedc, 0xaedc, 0xaedc, 0xaedc, 0xaedc, 0xaedc, 0xaedc, 0xaedc, 0xaedc, 0xaedc, 0xaedc, 0xaedc, 0xaedc, 0xaedc, 
	0xaedc, 0xaedc, 0xaedc, 0xaedc, 0xaedc, 0xaedc, 0xaedc, 0xaedc, 0xaedc, 0xaedc, 0xaedc, 0xaedc, 0xaedc, 0xaedc, 0xaedc, 0xaedc, 
	0xaedc, 0xaedc, 0xaedc, 0xaedc, 0xaedc, 0xaedc, 0xaedc, 0xaedc, 0xaedc, 0xaedc, 0xaedc, 0xaedc, 0xaedc, 0xaedc, 0xaedc, 0xaedc, 
	0xaedc, 0xaedc, 0xaedc, 0xaedc, 0xaedc, 0xaedc, 0xaedc, 0xaedc, 0xaedc, 0xaedc, 0xaedc, 0xaedc, 0xaedc, 0xaedc, 0xaedc, 0xaedc, 
	0xaedc, 0xaedc, 0xaedc, 0xaedc, 0xaedc, 0xaedc, 0xaedc, 0xaedc, 0xaedc, 0xaedc, 0xaedc, 0xaedc, 0xaedc, 0xaedc, 0xaedc, 0xaedc, 
	0xaedc, 0xaedc, 0xaedc, 0xaedc, 0xaedc, 0xaedc, 0xaedc, 0xaedc, 0xaedc, 0xaedc, 0xaedc, 0xaedc, 0xaedc, 0xaedc, 0xaedc, 0xaedc, 
	0xaedc, 0xaedc, 0xaedc, 0xaedc, 0xaedc, 0xaedc, 0xaedc, 0xaedc, 0xaedc, 0xaedc, 0xaedc, 0xaedc, 0xaedc, 0xaedc, 0xaedc, 0xaedc, 
	0xaedc, 0xaedc, 0xaedc, 0xaedc, 0xaedc, 0xaedc, 0xaedc, 0xaedc, 0xaedc, 0xaedc, 0xaedc, 0xaedc, 0xaedc, 0xaedc, 0xaedc, 0xaedc, 
	0xaedc, 0xaedc, 0xaedc, 0xaedc, 0xaedc, 0xaedc, 0xaedc, 0xaedc, 0xaedc, 0xaedc, 0xaedc, 0xaedc, 0xaedc, 0xaedc, 0xaedc, 0xaedc, 
	0xaedc, 0xaedc, 0xaedc, 0xaedc, 0xaedc, 0xaedc, 0xaedc, 0xaedc, 0xaedc, 0xaedc, 0xaedc, 0xaedc, 0xaedc, 0xaedc, 0xaedc, 0xaedc, 
	0xaedc, 0xaedc, 0xaedc, 0xaedc, 0xaedc, 0xaedc, 0xaedc, 0xaedc, 0xaedc, 0xaedc, 0xaedc, 0xaedc, 0xaedc, 0xaedc, 0xaedc, 0xaedc, 
	0xaedc, 0xaedc, 0xaedc, 0xaedc, 0xaedc, 0xaedc, 0xaedc, 0xaedc, 0xaedc, 0xaedc, 0xaedc, 0xaedc, 0xaedc, 0xaedc, 0xaedc, 0xaedc, 
	0xaedc, 0xaedc, 0xaedc, 0xaedc, 0xaedc, 0xaedc, 0xaedc, 0xaedc, 0xaedc, 0xaedc, 0xaedc, 0xaedc, 0xaedc, 0xaedc, 0xaedc, 0xaedc, 
	0xaedc, 0xaedc, 0xaedc, 0xaedc, 0xaedc, 0xaedc, 0xaedc, 0xaedc, 0xaedc, 0xaedc, 0xaedc, 0xaedc, 0xaedc, 0xaedc, 0xaedc, 0xaedc, 
	0xaedc, 0xaedc, 0xaedc, 0xaedc, 0xaedc, 0xaedc, 0xaedc, 0xaedc, 0xaedc, 0xaedc, 0xaedc, 0xaedc, 0xaedc, 0xaedc, 0xaedc, 0xaedc, 
	0xaedc, 0xaedc, 0xaedc, 0xaedc, 0xaedc, 0xaedc, 0xaedc, 0xaedc, 0xaedc, 0xaedc, 0xaedc, 0xaedc, 0xaedc, 0xaedc, 0xaedc, 0xaedc, 
	0xaedc, 0xaedc, 0xaedc, 0xaedc, 0xaedc, 0xaedc, 0xaedc, 0xaedc, 0xaedc, 0xaedc, 0xaedc, 0xaedc, 0xaedc, 0xaedc, 0xaedc, 0xaedc, 
	0xaedc, 0xaedc, 0xaedc, 0xaedc, 0xaedc, 0xaedc, 0xaedc, 0xaedc, 0xaedc, 0xaedc, 0xaedc, 0xaedc, 0xaedc, 0xaedc, 0xaedc, 0xaedc, 
	0xaedc, 0xaedc, 0xaedc, 0xaedc, 0xaedc, 0xaedc, 0xaedc, 0xaedc, 0xaedc, 0xaedc, 0xaedc, 0xaedc, 0xaedc, 0xaedc, 0xaedc, 0xaedc, 
	0xaedc, 0xaedc, 0xaedc, 0xaedc, 0xaedc, 0xaedc, 0xaedc, 0xaedc, 0xaedc, 0xaedc, 0xaedc, 0xaedc, 0xaedc, 0xaedc, 0xaedc, 0xaedc, 
	0xaedc, 0xaedc, 0xaedc, 0xaedc, 0xaedc, 0xaedc, 0xaedc, 0xaedc, 0xaedc, 0xaedc, 0xaedc, 0xaedc, 0xaedc, 0xaedc, 0xaedc, 0xaedc, 
	0xaedc, 0xaedc, 0xaedc, 0xaedc, 0xaedc, 0xaedc, 0xaedc, 0xaedc, 0xaedc, 0xaedc, 0xaedc, 0xaedc, 0xaedc, 0xaedc, 0xaedc, 0xaedc, 
	0xaedc, 0xaedc, 0xaedc, 0xaedc, 0xaedc, 0xaedc, 0xaedc, 0xaedc, 0xaedc, 0xaedc, 0xaedc, 0xaedc, 0xaedc, 0xaedc, 0xaedc, 0xaedc, 
	0xaedc, 0xaedc, 0xaedc, 0xaedc, 0xaedc, 0xaedc, 0xaedc, 0xaedc, 0xaedc, 0xaedc, 0xaedc, 0xaedc, 0xaedc, 0xaedc, 0xaedc, 0xaedc, 
	0xaedc, 0xaedc, 0xaedc, 0xaedc, 0xaedc, 0xaedc, 0xaedc, 0xaedc, 0xaedc, 0xaedc, 0xaedc, 0xaedc, 0xaedc, 0xaedc, 0xaedc, 0xaedc, 
	0xaedc, 0xaedc, 0xaedc, 0xaedc, 0xaedc, 0xaedc, 0xaedc, 0xaedc, 0xaedc, 0xaedc, 0xaedc, 0xaedc, 0xaedc, 0xaedc, 0xaedc, 0xaedc, 
	0xaedc, 0xaedc, 0xaedc, 0xaedc, 0xaedc, 0xaedc, 0xaedc, 0xaedc, 0xaedc, 0xaedc, 0xaedc, 0xaedc, 0xaedc, 0xaedc, 0xaedc, 0xaedc, 
	0xaedc, 0xaedc, 0xaedc, 0xaedc, 0xaedc, 0xaedc, 0xaedc, 0xaedc, 0xaedc, 0xaedc, 0xaedc, 0xaedc, 0xaedc, 0xaedc, 0xaedc, 0xaedc, 
	0xaedc, 0xaedc, 0xaedc, 0xaedc, 0xaedc, 0xaedc, 0xaedc, 0xaedc, 0xaedc, 0xaedc, 0xaedc, 0xaedc, 0xaedc, 0xaedc, 0xaedc, 0xaedc, 
	0xaedc, 0xaedc, 0xaedc, 0xaedc, 0xaedc, 0xaedc, 0xaedc, 0xaedc, 0xaedc, 0xaedc, 0xaedc, 0xaedc, 0xaedc, 0xaedc, 0xaedc, 0xaedc, 
	0xaedc, 0xaedc, 0xaedc, 0xaedc, 0xaedc, 0xaedc, 0xaedc, 0xaedc, 0xaedc, 0xaedc, 0xaedc, 0xaedc, 0xaedc, 0xaedc, 0xaedc, 0xaedc, 
	0xaedc, 0xaedc, 0xaedc, 0xaedc, 0xaedc, 0xaedc, 0xaedc, 0xaedc, 0xaedc, 0xaedc, 0xaedc, 0xaedc, 0xaedc, 0xaedc, 0xaedc, 0xaedc, 
	0xaedc, 0xaedc, 0xaedc, 0xaedc, 0xaedc, 0xaedc, 0xaedc, 0xaedc, 0xaedc, 0xaedc, 0xaedc, 0xaedc, 0xaedc, 0xaedc, 0xaedc, 0xaedc, 
	0xaedc, 0xaedc, 0xaedc, 0xaedc, 0xaedc, 0xaedc, 0xaedc, 0xaedc, 0xaedc, 0xaedc, 0xaedc, 0xaedc, 0xaedc, 0xaedc, 0xaedc, 0xaedc, 
	0xaedc, 0xaedc, 0xaedc, 0xaedc, 0xaedc, 0xaedc, 0xaedc, 0xaedc, 0xaedc, 0xaedc, 0xaedc, 0xaedc, 0xaedc, 0xaedc, 0xaedc, 0xaedc, 
	0xaedc, 0xaedc, 0xaedc, 0xaedc, 0xaedc, 0xaedc, 0xaedc, 0xaedc, 0xaedc, 0xaedc, 0xaedc, 0xaedc, 0xaedc, 0xaedc, 0xaedc, 0xaedc, 
	0xaedc, 0xaedc, 0xaedc, 0xaedc, 0xaedc, 0xaedc, 0xaedc, 0xaedc, 0xaedc, 0xaedc, 0xaedc, 0xaedc, 0xaedc, 0xaedc, 0xaedc, 0xaedc, 
	0xaedc, 0xaedc, 0xaedc, 0xaedc, 0xaedc, 0xaedc, 0xaedc, 0xaedc, 0xaedc, 0xaedc, 0xaedc, 0xaedc, 0xaedc, 0xaedc, 0xaedc, 0xaedc, 
	0xaedc, 0xaedc, 0xaedc, 0xaedc, 0xaedc, 0xaedc, 0xaedc, 0xaedc, 0xaedc, 0xaedc, 0xaedc, 0xaedc, 0xaedc, 0xaedc, 0xaedc, 0xaedc, 
	0xaedc, 0xaedc, 0xaedc, 0xaedc, 0xaedc, 0xaedc, 0xaedc, 0xaedc, 0xaedc, 0xaedc, 0xaedc, 0xaedc, 0xaedc, 0xaedc, 0xaedc, 0xaedc, 
	0xaedc, 0xaedc, 0xaedc, 0xaedc, 0xaedc, 0xaedc, 0xaedc, 0xaedc, 0xaedc, 0xaedc, 0xaedc, 0xaedc, 0xaedc, 0xaedc, 0xaedc, 0xaedc, 
	0xaedc, 0xaedc, 0xaedc, 0xaedc, 0xaedc, 0xaedc, 0xaedc, 0xaedc, 0xaedc, 0xaedc, 0xaedc, 0xaedc, 0xaedc, 0xaedc, 0xaedc, 0xaedc
};


#endif